thread,student,domain_name,domain_value,item_count,raw_score,max_points,true_theta,theta,se,scale_score,scale_score_se,performance_level
1,1,Overall,Overall,28,4,28,-1.5,-2.10255,0.446916,-2,0,
1,2,Overall,Overall,23,17,23,1.5,1.554862,0.43965,2,0,
1,3,Overall,Overall,18,8,18,-1.0,-0.181816,0.442386,0,0,
1,4,Overall,Overall,18,9,18,0.0,0.012984,0.440826,0,0,
1,5,Overall,Overall,19,7,19,-1.0,-0.789499,0.44326,-1,0,
1,6,Overall,Overall,23,18,23,2.0,1.752297,0.44943,2,0,
1,7,Overall,Overall,20,13,20,1.5,1.055237,0.440995,1,0,
1,8,Overall,Overall,20,6,20,-1.5,-1.125987,0.449573,-1,0,
1,9,Overall,Overall,22,16,22,1.5,1.585727,0.439431,2,0,
1,10,Overall,Overall,18,10,18,0.5,0.334364,0.440808,0,0,
1,11,Overall,Overall,23,17,23,1.5,1.506346,0.437253,2,0,
1,12,Overall,Overall,23,17,23,1.0,1.554862,0.43965,2,0,
1,13,Overall,Overall,18,9,18,0.0,-0.038128,0.440121,0,0,
1,14,Overall,Overall,20,6,20,-1.0,-1.136639,0.448609,-1,0,
1,15,Overall,Overall,20,6,20,-1.0,-1.125987,0.449573,-1,0,
1,16,Overall,Overall,18,10,18,0.5,0.222866,0.441813,0,0,
1,17,Overall,Overall,18,9,18,0.0,-0.038128,0.440121,0,0,
1,18,Overall,Overall,23,6,23,-1.5,-1.2869,0.439267,-1,0,
1,19,Overall,Overall,18,9,18,0.0,0.319122,0.444452,0,0,
1,20,Overall,Overall,18,7,18,-0.5,-0.640154,0.447187,-1,0,
1,21,Overall,Overall,22,6,22,-2.0,-1.209891,0.445682,-1,0,
1,22,Overall,Overall,19,13,19,1.0,0.923416,0.44677,1,0,
1,23,Overall,Overall,21,6,21,-1.5,-1.167408,0.444378,-1,0,
1,24,Overall,Overall,18,9,18,0.0,-0.167841,0.440855,0,0,
1,25,Overall,Overall,18,11,18,0.5,0.572321,0.445523,1,0,
1,26,Overall,Overall,18,7,18,-2.0,-0.640154,0.447187,-1,0,
1,27,Overall,Overall,18,10,18,0.0,0.222866,0.441813,0,0,
1,28,Overall,Overall,19,7,19,-1.0,-0.589929,0.443448,-1,0,
1,29,Overall,Overall,19,12,19,0.0,0.912775,0.4451,1,0,
1,30,Overall,Overall,22,6,22,-2.0,-1.209891,0.445682,-1,0,
1,31,Overall,Overall,28,5,28,-1.5,-1.909339,0.432651,-2,0,
1,32,Overall,Overall,18,8,18,-0.5,-0.427375,0.44452,0,0,
1,33,Overall,Overall,25,5,25,-1.5,-1.782765,0.44566,-2,0,
1,34,Overall,Overall,28,4,28,-2.0,-2.10255,0.446916,-2,0,
1,35,Overall,Overall,25,5,25,-2.0,-1.782765,0.44566,-2,0,
1,36,Overall,Overall,27,4,27,-2.0,-1.694612,0.456886,-2,0,
1,37,Overall,Overall,19,12,19,1.5,0.932596,0.447885,1,0,
1,38,Overall,Overall,28,4,28,-2.0,-2.10255,0.446916,-2,0,
1,39,Overall,Overall,28,4,28,-2.0,-2.10255,0.446916,-2,0,
1,40,Overall,Overall,20,7,20,-1.0,-0.927682,0.441492,-1,0,
1,41,Overall,Overall,28,4,28,-1.5,-2.10255,0.446916,-2,0,
1,42,Overall,Overall,18,11,18,1.0,0.419775,0.446187,0,0,
1,43,Overall,Overall,20,14,20,0.5,1.164925,0.446179,1,0,
1,44,Overall,Overall,18,9,18,0.0,0.028487,0.440445,0,0,
1,45,Overall,Overall,18,8,18,-0.5,-0.306477,0.442676,0,0,
1,46,Overall,Overall,26,22,26,2.0,2.105648,0.447764,2,0,
1,47,Overall,Overall,19,12,19,0.5,0.822524,0.441093,1,0,
1,48,Overall,Overall,18,9,18,0.0,-0.167841,0.440855,0,0,
1,49,Overall,Overall,19,13,19,0.5,0.758844,0.448021,1,0,
1,50,Overall,Overall,18,11,18,0.5,0.468885,0.445686,0,0,
1,51,Overall,Overall,18,11,18,0.5,0.758655,0.448823,1,0,
1,52,Overall,Overall,28,4,28,-2.0,-2.10255,0.446916,-2,0,
1,53,Overall,Overall,19,6,19,-1.0,-0.8827,0.448556,-1,0,
1,54,Overall,Overall,18,8,18,-1.0,-0.038836,0.444772,0,0,
1,55,Overall,Overall,18,11,18,0.5,0.572321,0.445523,1,0,
1,56,Overall,Overall,19,13,19,1.0,0.923416,0.44677,1,0,
1,57,Overall,Overall,18,7,18,-0.5,-0.559084,0.445705,-1,0,
1,58,Overall,Overall,18,8,18,-0.5,-0.120331,0.442118,0,0,
1,59,Overall,Overall,18,8,18,-1.5,-0.362393,0.441794,0,0,
1,60,Overall,Overall,20,7,20,-1.5,-0.927682,0.441492,-1,0,
1,61,Overall,Overall,18,10,18,0.0,0.558968,0.445391,1,0,
1,62,Overall,Overall,19,7,19,-1.0,-0.636512,0.442843,-1,0,
1,63,Overall,Overall,23,6,23,-1.5,-1.233492,0.436103,-1,0,
1,64,Overall,Overall,21,14,21,1.5,1.166245,0.438148,1,0,
1,65,Overall,Overall,26,21,26,2.0,1.911443,0.434078,2,0,
1,66,Overall,Overall,19,7,19,-0.5,-0.789499,0.44326,-1,0,
1,67,Overall,Overall,18,10,18,1.0,0.516784,0.445216,1,0,
1,68,Overall,Overall,19,12,19,0.5,0.80442,0.442305,1,0,
1,69,Overall,Overall,20,14,20,1.5,1.332571,0.449386,1,0,
1,70,Overall,Overall,23,18,23,2.0,1.701797,0.447364,2,0,
1,71,Overall,Overall,18,7,18,-1.0,-0.504046,0.446801,-1,0,
1,72,Overall,Overall,26,22,26,2.0,2.105648,0.447764,2,0,
1,73,Overall,Overall,18,8,18,-0.5,-0.251671,0.443986,0,0,
1,74,Overall,Overall,30,2,30,-2.0,-2.573055,0.481923,-3,0,
1,75,Overall,Overall,18,7,18,-1.5,-0.450495,0.448309,0,0,
1,76,Overall,Overall,18,8,18,0.0,-0.038836,0.444772,0,0,
1,77,Overall,Overall,23,6,23,-1.5,-1.2869,0.439267,-1,0,
1,78,Overall,Overall,20,6,20,-2.0,-1.125987,0.449573,-1,0,
1,79,Overall,Overall,21,6,21,-2.0,-1.153638,0.445639,-1,0,
1,80,Overall,Overall,18,9,18,0.5,0.057749,0.441212,0,0,
1,81,Overall,Overall,20,6,20,-1.5,-1.125987,0.449573,-1,0,
1,82,Overall,Overall,19,12,19,1.0,0.932596,0.447885,1,0,
1,83,Overall,Overall,25,5,25,-1.5,-1.782765,0.44566,-2,0,
1,84,Overall,Overall,24,6,24,-2.0,-1.523924,0.441228,-2,0,
1,85,Overall,Overall,22,7,22,-1.0,-0.974561,0.435352,-1,0,
1,86,Overall,Overall,18,11,18,0.5,0.572321,0.445523,1,0,
1,87,Overall,Overall,19,13,19,1.0,0.837783,0.445639,1,0,
1,88,Overall,Overall,18,11,18,1.0,0.572321,0.445523,1,0,
1,89,Overall,Overall,20,14,20,1.0,0.987765,0.444875,1,0,
1,90,Overall,Overall,18,11,18,0.0,0.291875,0.446519,0,0,
1,91,Overall,Overall,20,6,20,-1.5,-1.125987,0.449573,-1,0,
1,92,Overall,Overall,23,18,23,2.0,1.752297,0.44943,2,0,
1,93,Overall,Overall,29,4,29,-2.0,-2.126069,0.44426,-2,0,
1,94,Overall,Overall,22,6,22,-2.0,-1.209891,0.445682,-1,0,
1,95,Overall,Overall,19,12,19,1.0,0.80442,0.442305,1,0,
1,96,Overall,Overall,18,8,18,-1.0,-0.362393,0.441794,0,0,
1,97,Overall,Overall,18,10,18,1.0,0.462176,0.443323,0,0,
1,98,Overall,Overall,18,8,18,0.0,-0.292955,0.441014,0,0,
1,99,Overall,Overall,24,6,24,-1.5,-1.523924,0.441228,-2,0,
1,100,Overall,Overall,19,7,19,-1.5,-0.789499,0.44326,-1,0,
1,101,Overall,Overall,23,17,23,1.5,1.607734,0.436144,2,0,
1,102,Overall,Overall,19,12,19,0.5,0.972595,0.449343,1,0,
1,103,Overall,Overall,19,7,19,-2.0,-0.789499,0.44326,-1,0,
1,104,Overall,Overall,19,12,19,1.5,0.932596,0.447885,1,0,
1,105,Overall,Overall,18,7,18,-0.5,-0.626395,0.448206,-1,0,
1,106,Overall,Overall,18,8,18,-0.5,-0.038836,0.444772,0,0,
1,107,Overall,Overall,18,8,18,-0.5,-0.236856,0.441482,0,0,
1,108,Overall,Overall,18,8,18,-0.5,-0.292955,0.441014,0,0,
1,109,Overall,Overall,30,29,30,2.0,2.850052,0.505649,3,1,
1,110,Overall,Overall,20,14,20,1.0,1.164925,0.446179,1,0,
1,111,Overall,Overall,19,12,19,1.0,0.80442,0.442305,1,0,
1,112,Overall,Overall,19,12,19,1.5,0.912775,0.4451,1,0,
1,113,Overall,Overall,20,7,20,-1.0,-0.927682,0.441492,-1,0,
1,114,Overall,Overall,19,7,19,-0.5,-0.789499,0.44326,-1,0,
1,115,Overall,Overall,20,7,20,-1.0,-0.927682,0.441492,-1,0,
1,116,Overall,Overall,18,7,18,-0.5,-0.626395,0.448206,-1,0,
1,117,Overall,Overall,18,8,18,-1.0,-0.292955,0.441014,0,0,
1,118,Overall,Overall,23,6,23,-1.5,-1.394898,0.445005,-1,0,
1,119,Overall,Overall,23,17,23,2.0,1.554862,0.43965,2,0,
1,120,Overall,Overall,23,18,23,1.5,1.431409,0.448513,1,0,
1,121,Overall,Overall,19,13,19,1.0,0.923416,0.44677,1,0,
1,122,Overall,Overall,21,15,21,1.5,1.275567,0.447362,1,0,
1,123,Overall,Overall,19,12,19,1.0,0.752351,0.444799,1,0,
1,124,Overall,Overall,18,9,18,0.5,0.319122,0.444452,0,0,
1,125,Overall,Overall,21,15,21,1.0,1.238038,0.446325,1,0,
1,126,Overall,Overall,24,6,24,-2.0,-1.411623,0.436105,-1,0,
1,127,Overall,Overall,17,9,17,0.0,0.211029,0.449949,0,0,
1,128,Overall,Overall,18,7,18,-0.5,-0.640154,0.447187,-1,0,
1,129,Overall,Overall,20,14,20,2.0,1.332571,0.449386,1,0,
1,130,Overall,Overall,18,11,18,1.0,0.660081,0.446903,1,0,
1,131,Overall,Overall,22,6,22,-2.0,-1.209891,0.445682,-1,0,
1,132,Overall,Overall,18,7,18,-0.5,-0.640154,0.447187,-1,0,
1,133,Overall,Overall,22,6,22,-1.5,-1.209891,0.445682,-1,0,
1,134,Overall,Overall,18,8,18,0.0,-0.362393,0.441794,0,0,
1,135,Overall,Overall,18,9,18,-1.0,-0.167841,0.440855,0,0,
1,136,Overall,Overall,19,13,19,1.5,1.020148,0.44849,1,0,
1,137,Overall,Overall,19,13,19,1.0,1.020148,0.44849,1,0,
1,138,Overall,Overall,26,22,26,2.0,2.105648,0.447764,2,0,
1,139,Overall,Overall,19,12,19,1.0,0.642887,0.437814,1,0,
1,140,Overall,Overall,20,13,20,1.5,1.055237,0.440995,1,0,
1,141,Overall,Overall,18,9,18,1.0,0.319122,0.444452,0,0,
1,142,Overall,Overall,22,6,22,-1.0,-1.167477,0.443502,-1,0,
1,143,Overall,Overall,19,12,19,1.0,0.727416,0.439167,1,0,
1,144,Overall,Overall,18,9,18,-0.5,-0.099181,0.439871,0,0,
1,145,Overall,Overall,19,13,19,1.5,0.923416,0.44677,1,0,
1,146,Overall,Overall,22,6,22,-1.5,-1.167477,0.443502,-1,0,
1,147,Overall,Overall,18,10,18,1.0,0.334364,0.440808,0,0,
1,148,Overall,Overall,20,7,20,-1.0,-0.927682,0.441492,-1,0,
1,149,Overall,Overall,18,11,18,1.5,0.572321,0.445523,1,0,
1,150,Overall,Overall,18,9,18,0.0,0.074132,0.440332,0,0,
1,151,Overall,Overall,19,12,19,1.0,0.642887,0.437814,1,0,
1,152,Overall,Overall,20,14,20,1.5,1.130174,0.44883,1,0,
1,153,Overall,Overall,20,14,20,2.0,1.252541,0.447809,1,0,
1,154,Overall,Overall,21,7,21,-1.5,-0.748696,0.435446,-1,0,
1,155,Overall,Overall,18,7,18,0.5,-0.379319,0.446948,0,0,
1,156,Overall,Overall,22,6,22,-1.0,-1.167477,0.443502,-1,0,
1,157,Overall,Overall,23,6,23,-1.0,-1.394898,0.445005,-1,0,
1,158,Overall,Overall,25,5,25,-2.0,-1.782765,0.44566,-2,0,
1,159,Overall,Overall,20,6,20,-0.5,-1.136639,0.448609,-1,0,
1,160,Overall,Overall,23,18,23,2.0,1.752297,0.44943,2,0,
1,161,Overall,Overall,23,18,23,1.5,1.752297,0.44943,2,0,
1,162,Overall,Overall,18,9,18,0.5,-0.099181,0.439871,0,0,
1,163,Overall,Overall,23,18,23,2.0,1.752297,0.44943,2,0,
1,164,Overall,Overall,18,11,18,2.0,0.758655,0.448823,1,0,
1,165,Overall,Overall,18,8,18,-1.5,-0.442049,0.443487,0,0,
1,166,Overall,Overall,20,13,20,0.5,1.055237,0.440995,1,0,
1,167,Overall,Overall,20,14,20,1.0,1.29261,0.448612,1,0,
1,168,Overall,Overall,18,7,18,-0.5,-0.524838,0.447943,-1,0,
1,169,Overall,Overall,18,9,18,0.5,0.074132,0.440332,0,0,
1,170,Overall,Overall,18,7,18,0.0,-0.559084,0.445705,-1,0,
1,171,Overall,Overall,18,7,18,-1.0,-0.559084,0.445705,-1,0,
1,172,Overall,Overall,26,21,26,2.0,1.911443,0.434078,2,0,
1,173,Overall,Overall,19,13,19,1.0,0.923416,0.44677,1,0,
1,174,Overall,Overall,24,6,24,-2.0,-1.411623,0.436105,-1,0,
1,175,Overall,Overall,19,7,19,0.0,-0.274785,0.446468,0,0,
1,176,Overall,Overall,23,6,23,-2.0,-1.394898,0.445005,-1,0,
1,177,Overall,Overall,20,13,20,1.5,1.055237,0.440995,1,0,
1,178,Overall,Overall,18,11,18,0.0,0.660081,0.446903,1,0,
1,179,Overall,Overall,23,18,23,2.0,1.752297,0.44943,2,0,
1,180,Overall,Overall,19,13,19,1.0,0.837783,0.445639,1,0,
1,181,Overall,Overall,20,6,20,-0.5,-1.125987,0.449573,-1,0,
1,182,Overall,Overall,20,14,20,0.5,1.070897,0.445271,1,0,
1,183,Overall,Overall,18,9,18,0.0,0.319122,0.444452,0,0,
1,184,Overall,Overall,22,6,22,-1.5,-1.167477,0.443502,-1,0,
1,185,Overall,Overall,19,13,19,1.0,1.020148,0.44849,1,0,
1,186,Overall,Overall,23,17,23,2.0,1.554862,0.43965,2,0,
1,187,Overall,Overall,20,13,20,2.0,1.133589,0.443176,1,0,
1,188,Overall,Overall,19,11,19,1.0,0.610996,0.437743,1,0,
1,189,Overall,Overall,21,15,21,2.0,1.306431,0.449779,1,0,
1,190,Overall,Overall,18,7,18,-1.0,-0.640154,0.447187,-1,0,
1,191,Overall,Overall,19,7,19,-0.5,-0.685161,0.440848,-1,0,
1,192,Overall,Overall,30,27,30,2.0,2.390491,0.456133,2,0,
1,193,Overall,Overall,18,11,18,1.0,0.758655,0.448823,1,0,
1,194,Overall,Overall,27,3,27,-2.0,-1.912351,0.476964,-2,0,
1,195,Overall,Overall,20,13,20,1.0,0.925501,0.445179,1,0,
1,196,Overall,Overall,18,11,18,0.5,0.571541,0.445582,1,0,
1,197,Overall,Overall,25,5,25,-2.0,-1.782765,0.44566,-2,0,
1,198,Overall,Overall,18,9,18,0.5,0.028487,0.440445,0,0,
1,199,Overall,Overall,18,10,18,0.0,0.558968,0.445391,1,0,
1,200,Overall,Overall,21,6,21,-2.0,-1.135502,0.44598,-1,0,
1,201,Overall,Overall,17,9,17,1.5,0.211029,0.449949,0,0,
1,202,Overall,Overall,21,15,21,2.0,1.275567,0.447362,1,0,
1,203,Overall,Overall,19,11,19,0.5,0.679642,0.442853,1,0,
1,204,Overall,Overall,18,9,18,0.0,0.361045,0.444859,0,0,
1,205,Overall,Overall,17,9,17,0.0,0.211029,0.449949,0,0,
1,206,Overall,Overall,18,10,18,1.0,0.094883,0.441676,0,0,
1,207,Overall,Overall,28,4,28,-2.0,-2.10255,0.446916,-2,0,
1,208,Overall,Overall,19,13,19,0.0,1.020148,0.44849,1,0,
1,209,Overall,Overall,23,18,23,2.0,1.752297,0.44943,2,0,
1,210,Overall,Overall,19,6,19,-1.5,-0.866102,0.449869,-1,0,
1,211,Overall,Overall,23,18,23,2.0,1.752297,0.44943,2,0,
1,212,Overall,Overall,18,9,18,0.0,0.124597,0.440838,0,0,
1,213,Overall,Overall,17,9,17,0.0,0.211029,0.449949,0,0,
1,214,Overall,Overall,18,9,18,-1.5,-0.099181,0.439871,0,0,
1,215,Overall,Overall,18,10,18,0.5,0.222866,0.441813,0,0,
1,216,Overall,Overall,18,8,18,-0.5,-0.442049,0.443487,0,0,
1,217,Overall,Overall,23,18,23,1.0,1.752297,0.44943,2,0,
1,218,Overall,Overall,22,16,22,1.5,1.585727,0.439431,2,0,
1,219,Overall,Overall,19,7,19,-1.5,-0.776887,0.444273,-1,0,
1,220,Overall,Overall,19,13,19,1.5,1.020148,0.44849,1,0,
1,221,Overall,Overall,23,6,23,-2.0,-1.394898,0.445005,-1,0,
1,222,Overall,Overall,18,8,18,-0.5,0.028967,0.444,0,0,
1,223,Overall,Overall,21,15,21,1.0,1.275567,0.447362,1,0,
1,224,Overall,Overall,20,13,20,1.5,0.997542,0.440198,1,0,
1,225,Overall,Overall,21,15,21,2.0,1.29946,0.448372,1,0,
1,226,Overall,Overall,18,10,18,0.0,0.535037,0.446836,1,0,
1,227,Overall,Overall,23,5,23,-2.0,-1.428952,0.448555,-1,0,
1,228,Overall,Overall,28,5,28,-2.0,-1.909339,0.432651,-2,0,
1,229,Overall,Overall,19,12,19,1.5,0.80442,0.442305,1,0,
1,230,Overall,Overall,19,13,19,0.5,1.003122,0.449699,1,0,
1,231,Overall,Overall,20,7,20,-0.5,-0.906112,0.443313,-1,0,
1,232,Overall,Overall,18,8,18,0.0,0.028967,0.444,0,0,
1,233,Overall,Overall,19,12,19,1.5,0.80442,0.442305,1,0,
1,234,Overall,Overall,18,8,18,0.0,-0.236856,0.441482,0,0,
1,235,Overall,Overall,23,18,23,2.0,1.752297,0.44943,2,0,
1,236,Overall,Overall,18,9,18,0.0,-0.099181,0.439871,0,0,
1,237,Overall,Overall,18,11,18,1.0,0.758655,0.448823,1,0,
1,238,Overall,Overall,23,5,23,-1.0,-1.428952,0.448555,-1,0,
1,239,Overall,Overall,26,5,26,-2.0,-1.836454,0.44049,-2,0,
1,240,Overall,Overall,17,9,17,0.5,0.211029,0.449949,0,0,
1,241,Overall,Overall,19,12,19,1.0,0.629649,0.438754,1,0,
1,242,Overall,Overall,20,14,20,1.0,1.29261,0.448612,1,0,
1,243,Overall,Overall,19,13,19,2.0,1.020148,0.44849,1,0,
1,244,Overall,Overall,18,10,18,0.5,0.247138,0.442365,0,0,
1,245,Overall,Overall,24,6,24,-1.5,-1.523924,0.441228,-2,0,
1,246,Overall,Overall,18,8,18,-0.5,-0.442049,0.443487,0,0,
1,247,Overall,Overall,28,4,28,-1.5,-2.10255,0.446916,-2,0,
1,248,Overall,Overall,20,6,20,-0.5,-1.125987,0.449573,-1,0,
1,249,Overall,Overall,26,21,26,1.5,1.911443,0.434078,2,0,
1,250,Overall,Overall,19,6,19,-1.0,-0.8827,0.448556,-1,0,
1,251,Overall,Overall,23,5,23,-1.5,-1.428952,0.448555,-1,0,
1,252,Overall,Overall,23,18,23,2.0,1.431409,0.448513,1,0,
1,253,Overall,Overall,21,15,21,1.5,1.29946,0.448372,1,0,
1,254,Overall,Overall,18,9,18,0.5,-0.099181,0.439871,0,0,
1,255,Overall,Overall,19,13,19,1.0,0.923416,0.44677,1,0,
1,256,Overall,Overall,19,7,19,-0.5,-0.685161,0.440848,-1,0,
1,257,Overall,Overall,23,5,23,-1.0,-1.428952,0.448555,-1,0,
1,258,Overall,Overall,21,15,21,1.5,1.29946,0.448372,1,0,
1,259,Overall,Overall,20,13,20,1.0,1.055237,0.440995,1,0,
1,260,Overall,Overall,18,7,18,0.0,-0.450495,0.448309,0,0,
1,261,Overall,Overall,18,11,18,1.0,0.530196,0.444757,1,0,
1,262,Overall,Overall,23,5,23,-1.5,-1.428952,0.448555,-1,0,
1,263,Overall,Overall,18,8,18,-0.5,-0.442049,0.443487,0,0,
1,264,Overall,Overall,18,11,18,0.5,0.530196,0.444757,1,0,
1,265,Overall,Overall,19,13,19,1.0,0.734887,0.447923,1,0,
1,266,Overall,Overall,25,5,25,-2.0,-1.782765,0.44566,-2,0,
1,267,Overall,Overall,19,6,19,-1.5,-0.8827,0.448556,-1,0,
1,268,Overall,Overall,25,6,25,-2.0,-1.588992,0.435126,-2,0,
1,269,Overall,Overall,22,16,22,2.0,1.428211,0.443817,1,0,
1,270,Overall,Overall,23,17,23,1.0,1.506346,0.437253,2,0,
1,271,Overall,Overall,18,8,18,-1.0,-0.442049,0.443487,0,0,
1,272,Overall,Overall,20,14,20,1.5,1.040803,0.444682,1,0,
1,273,Overall,Overall,18,11,18,1.0,0.660081,0.446903,1,0,
1,274,Overall,Overall,22,16,22,1.5,1.384949,0.441502,1,0,
1,275,Overall,Overall,21,6,21,-0.5,-0.992918,0.445777,-1,0,
1,276,Overall,Overall,23,18,23,2.0,1.701797,0.447364,2,0,
1,277,Overall,Overall,18,11,18,0.0,0.572321,0.445523,1,0,
1,278,Overall,Overall,23,18,23,1.5,1.752297,0.44943,2,0,
1,279,Overall,Overall,18,10,18,1.0,0.48127,0.449098,0,0,
1,280,Overall,Overall,18,10,18,0.0,0.334364,0.440808,0,0,
1,281,Overall,Overall,18,10,18,0.0,0.535037,0.446836,1,0,
1,282,Overall,Overall,18,7,18,-1.0,-0.551064,0.446288,-1,0,
1,283,Overall,Overall,19,6,19,-1.5,-0.8827,0.448556,-1,0,
1,284,Overall,Overall,23,6,23,-2.0,-1.2869,0.439267,-1,0,
1,285,Overall,Overall,22,16,22,1.5,1.428211,0.443817,1,0,
1,286,Overall,Overall,18,8,18,0.0,-0.313892,0.442965,0,0,
1,287,Overall,Overall,21,6,21,-2.0,-1.02461,0.444883,-1,0,
1,288,Overall,Overall,18,9,18,1.0,0.224953,0.441899,0,0,
1,289,Overall,Overall,18,10,18,0.5,0.558968,0.445391,1,0,
1,290,Overall,Overall,25,5,25,-2.0,-1.782765,0.44566,-2,0,
1,291,Overall,Overall,30,27,30,2.0,2.390491,0.456133,2,0,
1,292,Overall,Overall,18,8,18,0.0,-0.442049,0.443487,0,0,
1,293,Overall,Overall,18,7,18,-0.5,-0.504046,0.446801,-1,0,
1,294,Overall,Overall,18,9,18,-0.5,-0.00365,0.441606,0,0,
1,295,Overall,Overall,19,7,19,-1.0,-0.713939,0.446915,-1,0,
1,296,Overall,Overall,18,10,18,0.5,0.420382,0.442737,0,0,
1,297,Overall,Overall,18,8,18,0.0,-0.362393,0.441794,0,0,
1,298,Overall,Overall,24,6,24,-1.5,-1.523924,0.441228,-2,0,
1,299,Overall,Overall,18,10,18,0.5,0.156061,0.441708,0,0,
1,300,Overall,Overall,22,6,22,-1.0,-1.202287,0.439981,-1,0,
1,301,Overall,Overall,26,21,26,1.5,1.911443,0.434078,2,0,
1,302,Overall,Overall,18,9,18,0.0,-0.020107,0.44176,0,0,
1,303,Overall,Overall,28,4,28,-1.0,-2.10255,0.446916,-2,0,
1,304,Overall,Overall,20,13,20,1.5,1.055237,0.440995,1,0,
1,305,Overall,Overall,21,15,21,1.5,1.275567,0.447362,1,0,
1,306,Overall,Overall,18,11,18,1.0,0.758655,0.448823,1,0,
1,307,Overall,Overall,20,14,20,1.0,1.070897,0.445271,1,0,
1,308,Overall,Overall,17,9,17,0.5,0.211029,0.449949,0,0,
1,309,Overall,Overall,19,7,19,-1.0,-0.789499,0.44326,-1,0,
1,310,Overall,Overall,18,8,18,0.0,-0.292955,0.441014,0,0,
1,311,Overall,Overall,22,6,22,-2.0,-1.167477,0.443502,-1,0,
1,312,Overall,Overall,19,7,19,-1.0,-0.685161,0.440848,-1,0,
1,313,Overall,Overall,23,6,23,-2.0,-1.2869,0.439267,-1,0,
1,314,Overall,Overall,25,5,25,-2.0,-1.782765,0.44566,-2,0,
1,315,Overall,Overall,18,8,18,0.5,-0.442049,0.443487,0,0,
1,316,Overall,Overall,22,15,22,1.5,1.266897,0.439063,1,0,
1,317,Overall,Overall,18,8,18,-0.5,-0.292955,0.441014,0,0,
1,318,Overall,Overall,27,4,27,-1.5,-1.694612,0.456886,-2,0,
1,319,Overall,Overall,25,6,25,-1.5,-1.588992,0.435126,-2,0,
1,320,Overall,Overall,18,8,18,-0.5,-0.292955,0.441014,0,0,
1,321,Overall,Overall,24,5,24,-1.5,-1.415281,0.447945,-1,0,
1,322,Overall,Overall,21,7,21,-1.0,-0.798003,0.437656,-1,0,
1,323,Overall,Overall,20,6,20,-1.5,-1.125987,0.449573,-1,0,
1,324,Overall,Overall,18,9,18,0.0,0.074132,0.440332,0,0,
1,325,Overall,Overall,18,10,18,0.5,0.222866,0.441813,0,0,
1,326,Overall,Overall,25,20,25,2.0,1.867099,0.438555,2,0,
1,327,Overall,Overall,20,14,20,1.5,1.149311,0.447399,1,0,
1,328,Overall,Overall,17,9,17,0.0,0.211029,0.449949,0,0,
1,329,Overall,Overall,19,13,19,1.5,0.758844,0.448021,1,0,
1,330,Overall,Overall,21,15,21,1.5,1.29946,0.448372,1,0,
1,331,Overall,Overall,19,13,19,1.0,0.780794,0.446984,1,0,
1,332,Overall,Overall,20,7,20,-1.0,-0.939208,0.440492,-1,0,
1,333,Overall,Overall,25,20,25,2.0,1.867099,0.438555,2,0,
1,334,Overall,Overall,23,18,23,1.5,1.752297,0.44943,2,0,
1,335,Overall,Overall,23,5,23,-1.5,-1.423029,0.449125,-1,0,
1,336,Overall,Overall,23,17,23,2.0,1.506346,0.437253,2,0,
1,337,Overall,Overall,18,10,18,0.0,0.516784,0.445216,1,0,
1,338,Overall,Overall,20,14,20,0.5,1.252541,0.447809,1,0,
1,339,Overall,Overall,18,11,18,1.0,0.758655,0.448823,1,0,
1,340,Overall,Overall,24,6,24,-1.0,-1.523924,0.441228,-2,0,
1,341,Overall,Overall,18,8,18,-0.5,-0.442049,0.443487,0,0,
1,342,Overall,Overall,24,6,24,-2.0,-1.411623,0.436105,-1,0,
1,343,Overall,Overall,24,19,24,2.0,1.880432,0.438296,2,0,
1,344,Overall,Overall,19,12,19,1.0,0.912775,0.4451,1,0,
1,345,Overall,Overall,23,18,23,2.0,1.752297,0.44943,2,0,
1,346,Overall,Overall,17,9,17,-0.5,0.211029,0.449949,0,0,
1,347,Overall,Overall,18,8,18,-1.5,-0.292955,0.441014,0,0,
1,348,Overall,Overall,18,8,18,0.5,0.028967,0.444,0,0,
1,349,Overall,Overall,20,14,20,1.5,1.29261,0.448612,1,0,
1,350,Overall,Overall,28,4,28,-2.0,-2.10255,0.446916,-2,0,
1,351,Overall,Overall,20,6,20,-2.0,-1.125987,0.449573,-1,0,
1,352,Overall,Overall,19,7,19,-0.5,-0.685161,0.440848,-1,0,
1,353,Overall,Overall,22,16,22,2.0,1.384949,0.441502,1,0,
1,354,Overall,Overall,20,13,20,1.5,1.094457,0.442095,1,0,
1,355,Overall,Overall,18,8,18,0.0,0.120844,0.44661,0,0,
1,356,Overall,Overall,19,12,19,1.0,0.782352,0.44369,1,0,
1,357,Overall,Overall,17,9,17,0.5,0.211029,0.449949,0,0,
1,358,Overall,Overall,18,8,18,-0.5,-0.442049,0.443487,0,0,
1,359,Overall,Overall,21,15,21,2.0,1.306431,0.449779,1,0,
1,360,Overall,Overall,22,16,22,2.0,1.428211,0.443817,1,0,
1,361,Overall,Overall,18,8,18,-1.0,-0.362393,0.441794,0,0,
1,362,Overall,Overall,18,11,18,1.0,0.758655,0.448823,1,0,
1,363,Overall,Overall,19,13,19,2.0,1.003122,0.449699,1,0,
1,364,Overall,Overall,18,8,18,-1.0,-0.353852,0.442387,0,0,
1,365,Overall,Overall,21,15,21,2.0,1.238319,0.446345,1,0,
1,366,Overall,Overall,18,8,18,0.0,0.120844,0.44661,0,0,
1,367,Overall,Overall,18,9,18,0.5,0.074132,0.440332,0,0,
1,368,Overall,Overall,25,20,25,1.5,1.867099,0.438555,2,0,
1,369,Overall,Overall,18,8,18,-0.5,0.028967,0.444,0,0,
1,370,Overall,Overall,28,4,28,-1.5,-2.10255,0.446916,-2,0,
1,371,Overall,Overall,30,2,30,-2.0,-2.573055,0.481923,-3,0,
1,372,Overall,Overall,18,8,18,0.0,-0.362393,0.441794,0,0,
1,373,Overall,Overall,18,8,18,0.0,-0.120331,0.442118,0,0,
1,374,Overall,Overall,19,12,19,1.0,0.80442,0.442305,1,0,
1,375,Overall,Overall,18,10,18,-0.5,0.333523,0.440864,0,0,
1,376,Overall,Overall,18,7,18,-0.5,-0.640154,0.447187,-1,0,
1,377,Overall,Overall,22,17,22,1.5,1.658129,0.446007,2,0,
1,378,Overall,Overall,18,8,18,0.5,-0.442049,0.443487,0,0,
1,379,Overall,Overall,18,7,18,-1.0,-0.559084,0.445705,-1,0,
1,380,Overall,Overall,18,10,18,0.5,0.094883,0.441676,0,0,
1,381,Overall,Overall,18,9,18,0.0,-0.167841,0.440855,0,0,
1,382,Overall,Overall,18,11,18,0.5,0.660081,0.446903,1,0,
1,383,Overall,Overall,18,11,18,1.5,0.758655,0.448823,1,0,
1,384,Overall,Overall,24,5,24,-2.0,-1.60644,0.447084,-2,0,
1,385,Overall,Overall,23,5,23,-2.0,-1.428952,0.448555,-1,0,
1,386,Overall,Overall,19,13,19,1.0,0.923416,0.44677,1,0,
1,387,Overall,Overall,18,7,18,-1.0,-0.559084,0.445705,-1,0,
1,388,Overall,Overall,26,22,26,2.0,2.105648,0.447764,2,0,
1,389,Overall,Overall,18,11,18,1.5,0.468885,0.445686,0,0,
1,390,Overall,Overall,20,6,20,0.0,-1.136639,0.448609,-1,0,
1,391,Overall,Overall,18,7,18,-2.0,-0.640154,0.447187,-1,0,
1,392,Overall,Overall,25,5,25,-2.0,-1.782765,0.44566,-2,0,
1,393,Overall,Overall,23,5,23,-2.0,-1.428952,0.448555,-1,0,
1,394,Overall,Overall,18,11,18,0.5,0.660081,0.446903,1,0,
1,395,Overall,Overall,19,7,19,-0.5,-0.738024,0.445139,-1,0,
1,396,Overall,Overall,18,8,18,-0.5,-0.362393,0.441794,0,0,
1,397,Overall,Overall,18,7,18,-0.5,-0.626395,0.448206,-1,0,
1,398,Overall,Overall,26,22,26,2.0,2.105648,0.447764,2,0,
1,399,Overall,Overall,18,10,18,0.5,0.496092,0.446443,0,0,
1,400,Overall,Overall,19,7,19,-1.0,-0.754657,0.446033,-1,0,
1,401,Overall,Overall,20,6,20,-1.5,-1.136639,0.448609,-1,0,
1,402,Overall,Overall,18,8,18,-0.5,-0.362393,0.441794,0,0,
1,403,Overall,Overall,18,8,18,-1.0,-0.442049,0.443487,0,0,
1,404,Overall,Overall,22,16,22,2.0,1.428211,0.443817,1,0,
1,405,Overall,Overall,19,7,19,-0.5,-0.789499,0.44326,-1,0,
1,406,Overall,Overall,19,7,19,-1.5,-0.789499,0.44326,-1,0,
1,407,Overall,Overall,23,5,23,-2.0,-1.428952,0.448555,-1,0,
1,408,Overall,Overall,24,6,24,-2.0,-1.466441,0.43859,-1,0,
1,409,Overall,Overall,18,10,18,0.5,0.156061,0.441708,0,0,
1,410,Overall,Overall,19,6,19,-1.5,-0.8827,0.448556,-1,0,
1,411,Overall,Overall,18,9,18,0.5,0.224953,0.441899,0,0,
1,412,Overall,Overall,18,9,18,0.0,0.074132,0.440332,0,0,
1,413,Overall,Overall,18,7,18,-0.5,-0.511703,0.447055,-1,0,
1,414,Overall,Overall,19,13,19,1.0,0.837783,0.445639,1,0,
1,415,Overall,Overall,23,6,23,-2.0,-1.394898,0.445005,-1,0,
1,416,Overall,Overall,20,7,20,-1.5,-0.927682,0.441492,-1,0,
1,417,Overall,Overall,30,27,30,2.0,2.390491,0.456133,2,0,
1,418,Overall,Overall,19,7,19,-1.0,-0.873473,0.448371,-1,0,
1,419,Overall,Overall,25,5,25,-2.0,-1.782765,0.44566,-2,0,
1,420,Overall,Overall,23,5,23,-2.0,-1.427859,0.448661,-1,0,
1,421,Overall,Overall,24,5,24,-1.5,-1.433761,0.447613,-1,0,
1,422,Overall,Overall,18,10,18,1.5,0.558968,0.445391,1,0,
1,423,Overall,Overall,21,6,21,-1.0,-1.040965,0.447658,-1,0,
1,424,Overall,Overall,30,3,30,-2.0,-2.351666,0.459797,-2,0,
1,425,Overall,Overall,18,10,18,0.0,0.222866,0.441813,0,0,
1,426,Overall,Overall,20,14,20,1.0,1.040803,0.444682,1,0,
1,427,Overall,Overall,20,14,20,1.0,1.149311,0.447399,1,0,
1,428,Overall,Overall,18,11,18,0.0,0.758655,0.448823,1,0,
1,429,Overall,Overall,17,9,17,1.0,0.211029,0.449949,0,0,
1,430,Overall,Overall,21,6,21,-1.0,-0.992918,0.445777,-1,0,
1,431,Overall,Overall,24,5,24,-1.5,-1.60644,0.447084,-2,0,
1,432,Overall,Overall,30,27,30,2.0,2.390491,0.456133,2,0,
1,433,Overall,Overall,20,6,20,-1.5,-1.136639,0.448609,-1,0,
1,434,Overall,Overall,20,13,20,1.0,0.876526,0.436937,1,0,
1,435,Overall,Overall,20,13,20,1.5,1.055237,0.440995,1,0,
1,436,Overall,Overall,18,7,18,-1.0,-0.626395,0.448206,-1,0,
1,437,Overall,Overall,18,11,18,0.5,0.530196,0.444757,1,0,
1,438,Overall,Overall,18,11,18,0.5,0.47488,0.445254,0,0,
1,439,Overall,Overall,20,6,20,-1.5,-1.125987,0.449573,-1,0,
1,440,Overall,Overall,23,17,23,1.5,1.449617,0.435308,1,0,
1,441,Overall,Overall,18,8,18,0.5,-0.362393,0.441794,0,0,
1,442,Overall,Overall,18,10,18,0.5,0.462176,0.443323,0,0,
1,443,Overall,Overall,21,14,21,1.5,1.078867,0.440047,1,0,
1,444,Overall,Overall,18,8,18,0.0,-0.120331,0.442118,0,0,
1,445,Overall,Overall,18,9,18,1.0,-0.038128,0.440121,0,0,
1,446,Overall,Overall,19,7,19,-1.0,-0.873473,0.448371,-1,0,
1,447,Overall,Overall,20,14,20,1.5,1.252541,0.447809,1,0,
1,448,Overall,Overall,24,6,24,-1.5,-1.411623,0.436105,-1,0,
1,449,Overall,Overall,18,7,18,-0.5,-0.559084,0.445705,-1,0,
1,450,Overall,Overall,23,6,23,-2.0,-1.447971,0.447977,-1,0,
1,451,Overall,Overall,20,14,20,1.0,1.164925,0.446179,1,0,
1,452,Overall,Overall,18,9,18,-0.5,-0.038128,0.440121,0,0,
1,453,Overall,Overall,20,6,20,-1.5,-1.125987,0.449573,-1,0,
1,454,Overall,Overall,18,7,18,-1.0,-0.640154,0.447187,-1,0,
1,455,Overall,Overall,18,8,18,-1.0,-0.362393,0.441794,0,0,
1,456,Overall,Overall,23,17,23,2.0,1.554862,0.43965,2,0,
1,457,Overall,Overall,18,10,18,0.5,0.31914,0.441792,0,0,
1,458,Overall,Overall,24,5,24,-1.5,-1.60644,0.447084,-2,0,
1,459,Overall,Overall,18,11,18,0.5,0.530196,0.444757,1,0,
1,460,Overall,Overall,24,6,24,-1.5,-1.411623,0.436105,-1,0,
1,461,Overall,Overall,20,14,20,1.5,1.164925,0.446179,1,0,
1,462,Overall,Overall,20,6,20,-1.5,-1.125987,0.449573,-1,0,
1,463,Overall,Overall,19,7,19,-0.5,-0.589929,0.443448,-1,0,
1,464,Overall,Overall,18,8,18,0.5,-0.10126,0.445507,0,0,
1,465,Overall,Overall,18,9,18,0.0,-0.042763,0.440127,0,0,
1,466,Overall,Overall,18,11,18,0.5,0.530196,0.444757,1,0,
1,467,Overall,Overall,19,13,19,0.5,0.813241,0.44711,1,0,
1,468,Overall,Overall,18,11,18,1.5,0.530196,0.444757,1,0,
1,469,Overall,Overall,24,6,24,-2.0,-1.523924,0.441228,-2,0,
1,470,Overall,Overall,18,9,18,0.0,0.319122,0.444452,0,0,
1,471,Overall,Overall,23,18,23,2.0,1.752297,0.44943,2,0,
1,472,Overall,Overall,18,9,18,0.5,0.224953,0.441899,0,0,
1,473,Overall,Overall,19,6,19,0.0,-0.8827,0.448556,-1,0,
1,474,Overall,Overall,20,6,20,-1.0,-1.136639,0.448609,-1,0,
1,475,Overall,Overall,23,5,23,-2.0,-1.427859,0.448661,-1,0,
1,476,Overall,Overall,18,8,18,0.0,0.028967,0.444,0,0,
1,477,Overall,Overall,20,7,20,-1.0,-0.939208,0.440492,-1,0,
1,478,Overall,Overall,19,13,19,1.5,1.003122,0.449699,1,0,
1,479,Overall,Overall,22,6,22,-1.5,-1.167477,0.443502,-1,0,
1,480,Overall,Overall,28,24,28,2.0,2.154679,0.442215,2,0,
1,481,Overall,Overall,23,5,23,-1.5,-1.427859,0.448661,-1,0,
1,482,Overall,Overall,18,10,18,-0.5,0.272324,0.441528,0,0,
1,483,Overall,Overall,20,7,20,-0.5,-0.927682,0.441492,-1,0,
1,484,Overall,Overall,20,6,20,-1.5,-1.136639,0.448609,-1,0,
1,485,Overall,Overall,18,11,18,0.5,0.419775,0.446187,0,0,
1,486,Overall,Overall,17,9,17,0.0,0.211029,0.449949,0,0,
1,487,Overall,Overall,18,8,18,-0.5,0.028967,0.444,0,0,
1,488,Overall,Overall,18,11,18,1.5,0.660081,0.446903,1,0,
1,489,Overall,Overall,27,23,27,1.5,2.132749,0.444722,2,0,
1,490,Overall,Overall,18,8,18,0.0,-0.10126,0.445507,0,0,
1,491,Overall,Overall,22,6,22,-1.0,-1.205636,0.439673,-1,0,
1,492,Overall,Overall,18,7,18,-1.0,-0.451501,0.44834,0,0,
1,493,Overall,Overall,23,18,23,2.0,1.701797,0.447364,2,0,
1,494,Overall,Overall,23,6,23,-1.0,-1.2869,0.439267,-1,0,
1,495,Overall,Overall,18,8,18,0.0,-0.442049,0.443487,0,0,
1,496,Overall,Overall,18,8,18,-1.0,-0.362393,0.441794,0,0,
1,497,Overall,Overall,23,5,23,-1.5,-1.428952,0.448555,-1,0,
1,498,Overall,Overall,20,14,20,1.5,1.164925,0.446179,1,0,
1,499,Overall,Overall,23,18,23,2.0,1.752297,0.44943,2,0,
1,500,Overall,Overall,30,3,30,-2.0,-2.351666,0.459797,-2,0,
1,501,Overall,Overall,19,7,19,-0.5,-0.518666,0.447266,-1,0,
1,502,Overall,Overall,25,5,25,-2.0,-1.782765,0.44566,-2,0,
1,503,Overall,Overall,19,12,19,1.5,0.972595,0.449343,1,0,
1,504,Overall,Overall,21,6,21,-2.0,-1.167408,0.444378,-1,0,
1,505,Overall,Overall,19,7,19,-1.0,-0.789499,0.44326,-1,0,
1,506,Overall,Overall,18,7,18,-0.5,-0.640154,0.447187,-1,0,
1,507,Overall,Overall,20,7,20,-0.5,-0.890761,0.442664,-1,0,
1,508,Overall,Overall,17,9,17,1.0,0.152793,0.449939,0,0,
1,509,Overall,Overall,26,22,26,2.0,2.105648,0.447764,2,0,
1,510,Overall,Overall,23,18,23,2.0,1.701797,0.447364,2,0,
1,511,Overall,Overall,23,6,23,-0.5,-1.2869,0.439267,-1,0,
1,512,Overall,Overall,20,6,20,-1.5,-1.125987,0.449573,-1,0,
1,513,Overall,Overall,18,8,18,0.0,-0.181816,0.442386,0,0,
1,514,Overall,Overall,24,6,24,-1.5,-1.411623,0.436105,-1,0,
1,515,Overall,Overall,24,6,24,-1.5,-1.411623,0.436105,-1,0,
1,516,Overall,Overall,18,7,18,-0.5,-0.559084,0.445705,-1,0,
1,517,Overall,Overall,18,11,18,0.5,0.419775,0.446187,0,0,
1,518,Overall,Overall,20,14,20,1.5,1.130174,0.44883,1,0,
1,519,Overall,Overall,19,13,19,1.5,1.003122,0.449699,1,0,
1,520,Overall,Overall,19,12,19,0.5,0.727416,0.439167,1,0,
1,521,Overall,Overall,18,11,18,0.0,0.571541,0.445582,1,0,
1,522,Overall,Overall,22,6,22,-1.5,-1.209891,0.445682,-1,0,
1,523,Overall,Overall,18,10,18,0.5,0.334364,0.440808,0,0,
1,524,Overall,Overall,22,7,22,-1.0,-1.014958,0.437741,-1,0,
1,525,Overall,Overall,23,6,23,-2.0,-1.2869,0.439267,-1,0,
1,526,Overall,Overall,21,15,21,1.5,1.460342,0.444143,1,0,
1,527,Overall,Overall,19,6,19,-2.0,-0.8827,0.448556,-1,0,
1,528,Overall,Overall,19,12,19,1.0,0.727416,0.439167,1,0,
1,529,Overall,Overall,28,4,28,-2.0,-2.10255,0.446916,-2,0,
1,530,Overall,Overall,19,13,19,1.5,0.923416,0.44677,1,0,
1,531,Overall,Overall,20,6,20,-1.0,-1.125987,0.449573,-1,0,
1,532,Overall,Overall,18,8,18,-0.5,-0.362393,0.441794,0,0,
1,533,Overall,Overall,18,11,18,0.5,0.597216,0.447667,1,0,
1,534,Overall,Overall,22,6,22,0.0,-1.167477,0.443502,-1,0,
1,535,Overall,Overall,21,6,21,-0.5,-1.040965,0.447658,-1,0,
1,536,Overall,Overall,25,5,25,-2.0,-1.782765,0.44566,-2,0,
1,537,Overall,Overall,20,14,20,2.0,1.29261,0.448612,1,0,
1,538,Overall,Overall,25,5,25,-1.5,-1.782765,0.44566,-2,0,
1,539,Overall,Overall,23,5,23,-1.0,-1.428952,0.448555,-1,0,
1,540,Overall,Overall,20,14,20,1.0,1.164925,0.446179,1,0,
1,541,Overall,Overall,20,7,20,-1.5,-0.927682,0.441492,-1,0,
1,542,Overall,Overall,25,5,25,-2.0,-1.782765,0.44566,-2,0,
1,543,Overall,Overall,18,9,18,-0.5,0.028487,0.440445,0,0,
1,544,Overall,Overall,18,9,18,0.5,0.078105,0.44037,0,0,
1,545,Overall,Overall,18,11,18,1.0,0.758655,0.448823,1,0,
1,546,Overall,Overall,19,8,19,-0.5,-0.595304,0.43854,-1,0,
1,547,Overall,Overall,18,10,18,0.5,0.334364,0.440808,0,0,
1,548,Overall,Overall,22,6,22,-2.0,-1.202287,0.439981,-1,0,
1,549,Overall,Overall,18,9,18,0.5,-0.099181,0.439871,0,0,
1,550,Overall,Overall,18,7,18,-0.5,-0.640154,0.447187,-1,0,
1,551,Overall,Overall,18,7,18,-0.5,-0.626395,0.448206,-1,0,
1,552,Overall,Overall,18,7,18,-1.0,-0.640154,0.447187,-1,0,
1,553,Overall,Overall,18,9,18,0.0,0.012984,0.440826,0,0,
1,554,Overall,Overall,25,21,25,2.0,2.106344,0.448137,2,0,
1,555,Overall,Overall,25,6,25,-1.5,-1.588992,0.435126,-2,0,
1,556,Overall,Overall,17,9,17,1.0,0.211029,0.449949,0,0,
1,557,Overall,Overall,20,6,20,-1.0,-0.884114,0.447043,-1,0,
1,558,Overall,Overall,19,6,19,-1.0,-0.8827,0.448556,-1,0,
1,559,Overall,Overall,18,11,18,1.0,0.572321,0.445523,1,0,
1,560,Overall,Overall,19,7,19,-2.0,-0.873473,0.448371,-1,0,
1,561,Overall,Overall,25,20,25,2.0,1.867099,0.438555,2,0,
1,562,Overall,Overall,28,4,28,-2.0,-2.10255,0.446916,-2,0,
1,563,Overall,Overall,20,13,20,2.0,1.133589,0.443176,1,0,
1,564,Overall,Overall,23,5,23,-1.5,-1.428952,0.448555,-1,0,
1,565,Overall,Overall,26,22,26,2.0,2.105648,0.447764,2,0,
1,566,Overall,Overall,23,6,23,-2.0,-1.232303,0.436215,-1,0,
1,567,Overall,Overall,30,3,30,-1.5,-2.351666,0.459797,-2,0,
1,568,Overall,Overall,20,6,20,-1.5,-1.136639,0.448609,-1,0,
1,569,Overall,Overall,18,8,18,0.0,-0.292955,0.441014,0,0,
1,570,Overall,Overall,21,6,21,-2.0,-1.153638,0.445639,-1,0,
1,571,Overall,Overall,18,9,18,0.0,0.018315,0.440003,0,0,
1,572,Overall,Overall,21,6,21,-0.5,-0.992918,0.445777,-1,0,
1,573,Overall,Overall,18,10,18,0.5,0.156061,0.441708,0,0,
1,574,Overall,Overall,18,9,18,-0.5,-0.099181,0.439871,0,0,
1,575,Overall,Overall,19,12,19,1.0,0.642887,0.437814,1,0,
1,576,Overall,Overall,22,17,22,2.0,1.324674,0.449978,1,0,
1,577,Overall,Overall,20,7,20,-2.0,-0.939208,0.440492,-1,0,
1,578,Overall,Overall,24,5,24,-2.0,-1.408708,0.448031,-1,0,
1,579,Overall,Overall,20,13,20,1.5,1.094457,0.442095,1,0,
1,580,Overall,Overall,18,7,18,-1.0,-0.477295,0.448355,0,0,
1,581,Overall,Overall,18,9,18,-0.5,-0.042763,0.440127,0,0,
1,582,Overall,Overall,18,11,18,0.5,0.758655,0.448823,1,0,
1,583,Overall,Overall,18,7,18,-1.5,-0.640154,0.447187,-1,0,
1,584,Overall,Overall,19,7,19,-0.5,-0.789499,0.44326,-1,0,
1,585,Overall,Overall,23,6,23,-1.5,-1.394898,0.445005,-1,0,
1,586,Overall,Overall,19,12,19,2.0,0.932596,0.447885,1,0,
1,587,Overall,Overall,22,17,22,2.0,1.718335,0.44729,2,0,
1,588,Overall,Overall,18,8,18,-1.0,-0.292955,0.441014,0,0,
1,589,Overall,Overall,18,10,18,0.0,0.156061,0.441708,0,0,
1,590,Overall,Overall,18,11,18,1.0,0.529405,0.444813,1,0,
1,591,Overall,Overall,23,6,23,-1.5,-1.2869,0.439267,-1,0,
1,592,Overall,Overall,21,15,21,2.0,1.275567,0.447362,1,0,
1,593,Overall,Overall,18,8,18,-0.5,-0.236856,0.441482,0,0,
1,594,Overall,Overall,19,12,19,1.0,0.752351,0.444799,1,0,
1,595,Overall,Overall,19,12,19,0.5,0.932596,0.447885,1,0,
1,596,Overall,Overall,18,11,18,0.5,0.47488,0.445254,0,0,
1,597,Overall,Overall,18,7,18,-1.0,-0.379319,0.446948,0,0,
1,598,Overall,Overall,23,17,23,2.0,1.506346,0.437253,2,0,
1,599,Overall,Overall,30,28,30,2.0,2.608449,0.47827,3,0,
1,600,Overall,Overall,25,5,25,-2.0,-1.782765,0.44566,-2,0,
1,601,Overall,Overall,18,9,18,0.0,0.028487,0.440445,0,0,
1,602,Overall,Overall,24,6,24,-2.0,-1.523924,0.441228,-2,0,
1,603,Overall,Overall,18,10,18,1.5,0.558968,0.445391,1,0,
1,604,Overall,Overall,18,10,18,0.5,0.48127,0.449098,0,0,
1,605,Overall,Overall,18,9,18,0.0,-0.042763,0.440127,0,0,
1,606,Overall,Overall,21,15,21,2.0,1.361097,0.445084,1,0,
1,607,Overall,Overall,20,13,20,1.0,1.133589,0.443176,1,0,
1,608,Overall,Overall,18,8,18,0.0,-0.181816,0.442386,0,0,
1,609,Overall,Overall,26,22,26,2.0,2.105648,0.447764,2,0,
1,610,Overall,Overall,19,7,19,-1.0,-0.789499,0.44326,-1,0,
1,611,Overall,Overall,18,11,18,0.5,0.530196,0.444757,1,0,
1,612,Overall,Overall,25,5,25,-2.0,-1.782765,0.44566,-2,0,
1,613,Overall,Overall,26,5,26,-1.5,-1.836454,0.44049,-2,0,
1,614,Overall,Overall,18,7,18,-1.0,-0.640154,0.447187,-1,0,
1,615,Overall,Overall,18,8,18,-0.5,-0.353852,0.442387,0,0,
1,616,Overall,Overall,18,9,18,0.5,-0.038128,0.440121,0,0,
1,617,Overall,Overall,20,7,20,-1.0,-0.783419,0.439927,-1,0,
1,618,Overall,Overall,20,14,20,2.0,1.252541,0.447809,1,0,
1,619,Overall,Overall,23,5,23,-2.0,-1.428952,0.448555,-1,0,
1,620,Overall,Overall,26,5,26,-1.5,-1.836454,0.44049,-2,0,
1,621,Overall,Overall,18,11,18,0.0,0.530196,0.444757,1,0,
1,622,Overall,Overall,18,7,18,-1.0,-0.626395,0.448206,-1,0,
1,623,Overall,Overall,20,14,20,1.5,0.938443,0.446214,1,0,
1,624,Overall,Overall,18,8,18,-0.5,-0.427375,0.44452,0,0,
1,625,Overall,Overall,26,22,26,2.0,1.413187,0.463651,1,0,
1,626,Overall,Overall,18,7,18,-0.5,-0.450495,0.448309,0,0,
1,627,Overall,Overall,26,21,26,2.0,1.911443,0.434078,2,0,
1,628,Overall,Overall,27,4,27,-2.0,-1.694612,0.456886,-2,0,
1,629,Overall,Overall,24,19,24,2.0,1.818284,0.443533,2,0,
1,630,Overall,Overall,26,22,26,2.0,2.105648,0.447764,2,0,
1,631,Overall,Overall,18,8,18,0.5,-0.181816,0.442386,0,0,
1,632,Overall,Overall,18,7,18,-1.5,-0.559084,0.445705,-1,0,
1,633,Overall,Overall,20,14,20,1.5,1.040803,0.444682,1,0,
1,634,Overall,Overall,18,7,18,-1.0,-0.640154,0.447187,-1,0,
1,635,Overall,Overall,18,11,18,0.5,0.758655,0.448823,1,0,
1,636,Overall,Overall,18,11,18,2.0,0.758655,0.448823,1,0,
1,637,Overall,Overall,27,5,27,-2.0,-1.875432,0.43631,-2,0,
1,638,Overall,Overall,18,7,18,-1.0,-0.640154,0.447187,-1,0,
1,639,Overall,Overall,22,16,22,1.5,1.585727,0.439431,2,0,
1,640,Overall,Overall,20,14,20,2.0,1.164925,0.446179,1,0,
1,641,Overall,Overall,18,9,18,1.0,0.361045,0.444859,0,0,
1,642,Overall,Overall,18,7,18,-1.0,-0.559084,0.445705,-1,0,
1,643,Overall,Overall,18,11,18,0.5,0.572321,0.445523,1,0,
1,644,Overall,Overall,18,8,18,0.5,-0.442049,0.443487,0,0,
1,645,Overall,Overall,18,11,18,0.0,0.468885,0.445686,0,0,
1,646,Overall,Overall,19,12,19,1.0,0.972595,0.449343,1,0,
1,647,Overall,Overall,21,15,21,1.5,1.238319,0.446345,1,0,
1,648,Overall,Overall,18,10,18,0.5,0.222866,0.441813,0,0,
1,649,Overall,Overall,19,12,19,1.5,0.80442,0.442305,1,0,
1,650,Overall,Overall,18,9,18,-0.5,-0.042763,0.440127,0,0,
1,651,Overall,Overall,23,18,23,2.0,1.752297,0.44943,2,0,
1,652,Overall,Overall,21,15,21,1.5,1.275567,0.447362,1,0,
1,653,Overall,Overall,21,6,21,-1.5,-0.992918,0.445777,-1,0,
1,654,Overall,Overall,23,6,23,-0.5,-1.2869,0.439267,-1,0,
1,655,Overall,Overall,19,13,19,1.5,1.003122,0.449699,1,0,
1,656,Overall,Overall,24,6,24,-2.0,-1.523924,0.441228,-2,0,
1,657,Overall,Overall,25,5,25,-2.0,-1.782765,0.44566,-2,0,
1,658,Overall,Overall,18,8,18,-0.5,-0.362393,0.441794,0,0,
1,659,Overall,Overall,18,10,18,1.5,0.420382,0.442737,0,0,
1,660,Overall,Overall,28,4,28,-2.0,-2.10255,0.446916,-2,0,
1,661,Overall,Overall,18,9,18,-0.5,-0.099181,0.439871,0,0,
1,662,Overall,Overall,20,14,20,0.5,1.040803,0.444682,1,0,
1,663,Overall,Overall,17,9,17,0.5,0.211029,0.449949,0,0,
1,664,Overall,Overall,20,14,20,2.0,1.332571,0.449386,1,0,
1,665,Overall,Overall,25,5,25,-2.0,-1.782765,0.44566,-2,0,
1,666,Overall,Overall,18,11,18,1.0,0.660081,0.446903,1,0,
1,667,Overall,Overall,26,22,26,2.0,2.105648,0.447764,2,0,
1,668,Overall,Overall,18,8,18,0.0,-0.251671,0.443986,0,0,
1,669,Overall,Overall,19,13,19,1.5,0.837783,0.445639,1,0,
1,670,Overall,Overall,18,9,18,0.0,0.028487,0.440445,0,0,
1,671,Overall,Overall,19,12,19,1.5,0.932596,0.447885,1,0,
1,672,Overall,Overall,18,7,18,-1.0,-0.559084,0.445705,-1,0,
1,673,Overall,Overall,18,8,18,-1.0,-0.353852,0.442387,0,0,
1,674,Overall,Overall,19,7,19,-1.5,-0.789499,0.44326,-1,0,
1,675,Overall,Overall,18,9,18,0.5,0.319122,0.444452,0,0,
1,676,Overall,Overall,22,17,22,1.5,1.78274,0.44872,2,0,
1,677,Overall,Overall,21,6,21,-1.5,-1.121807,0.448912,-1,0,
1,678,Overall,Overall,25,5,25,-2.0,-1.782765,0.44566,-2,0,
1,679,Overall,Overall,24,6,24,-1.5,-1.523924,0.441228,-2,0,
1,680,Overall,Overall,19,7,19,-1.0,-0.789499,0.44326,-1,0,
1,681,Overall,Overall,18,10,18,0.5,0.558968,0.445391,1,0,
1,682,Overall,Overall,20,6,20,-1.5,-1.125987,0.449573,-1,0,
1,683,Overall,Overall,22,6,22,-1.0,-1.202287,0.439981,-1,0,
1,684,Overall,Overall,19,11,19,1.0,0.679642,0.442853,1,0,
1,685,Overall,Overall,20,14,20,1.5,1.164925,0.446179,1,0,
1,686,Overall,Overall,23,18,23,2.0,1.752297,0.44943,2,0,
1,687,Overall,Overall,21,6,21,-1.5,-1.040965,0.447658,-1,0,
1,688,Overall,Overall,27,23,27,2.0,2.132749,0.444722,2,0,
1,689,Overall,Overall,21,15,21,2.0,1.29946,0.448372,1,0,
1,690,Overall,Overall,18,9,18,-1.0,-0.099181,0.439871,0,0,
1,691,Overall,Overall,20,6,20,-1.5,-1.125987,0.449573,-1,0,
1,692,Overall,Overall,18,10,18,0.0,0.156061,0.441708,0,0,
1,693,Overall,Overall,19,13,19,1.0,1.020148,0.44849,1,0,
1,694,Overall,Overall,19,8,19,0.0,-0.467471,0.437711,0,0,
1,695,Overall,Overall,18,9,18,-0.5,0.012984,0.440826,0,0,
1,696,Overall,Overall,18,8,18,0.0,-0.362393,0.441794,0,0,
1,697,Overall,Overall,18,9,18,0.5,0.124597,0.440838,0,0,
1,698,Overall,Overall,21,15,21,2.0,1.460342,0.444143,1,0,
1,699,Overall,Overall,17,9,17,0.0,0.211029,0.449949,0,0,
1,700,Overall,Overall,22,6,22,-1.5,-1.209891,0.445682,-1,0,
1,701,Overall,Overall,18,8,18,0.0,-0.362393,0.441794,0,0,
1,702,Overall,Overall,19,8,19,-1.5,-0.595304,0.43854,-1,0,
1,703,Overall,Overall,23,18,23,1.5,1.701797,0.447364,2,0,
1,704,Overall,Overall,19,12,19,1.5,0.80442,0.442305,1,0,
1,705,Overall,Overall,18,7,18,-1.0,-0.379319,0.446948,0,0,
1,706,Overall,Overall,18,10,18,1.0,0.462176,0.443323,0,0,
1,707,Overall,Overall,20,14,20,1.5,1.332571,0.449386,1,0,
1,708,Overall,Overall,18,9,18,-0.5,0.224953,0.441899,0,0,
1,709,Overall,Overall,18,7,18,-1.0,-0.640154,0.447187,-1,0,
1,710,Overall,Overall,30,1,30,-2.0,-2.818244,0.509261,-3,1,
1,711,Overall,Overall,18,10,18,0.5,0.558968,0.445391,1,0,
1,712,Overall,Overall,18,7,18,-1.0,-0.559084,0.445705,-1,0,
1,713,Overall,Overall,19,13,19,0.5,0.837783,0.445639,1,0,
1,714,Overall,Overall,21,14,21,1.5,1.078867,0.440047,1,0,
1,715,Overall,Overall,18,8,18,0.0,-0.353852,0.442387,0,0,
1,716,Overall,Overall,18,10,18,0.0,0.504316,0.44844,1,0,
1,717,Overall,Overall,18,9,18,0.0,0.012984,0.440826,0,0,
1,718,Overall,Overall,18,10,18,1.0,0.558968,0.445391,1,0,
1,719,Overall,Overall,18,10,18,0.0,0.212306,0.441376,0,0,
1,720,Overall,Overall,19,13,19,1.0,0.734887,0.447923,1,0,
1,721,Overall,Overall,30,27,30,2.0,2.390491,0.456133,2,0,
1,722,Overall,Overall,18,7,18,-1.0,-0.640154,0.447187,-1,0,
1,723,Overall,Overall,19,13,19,1.5,1.020148,0.44849,1,0,
1,724,Overall,Overall,19,13,19,0.5,0.791566,0.448213,1,0,
1,725,Overall,Overall,18,8,18,-0.5,-0.442049,0.443487,0,0,
1,726,Overall,Overall,20,14,20,1.0,1.252541,0.447809,1,0,
1,727,Overall,Overall,22,6,22,-0.5,-1.167477,0.443502,-1,0,
1,728,Overall,Overall,23,6,23,-1.0,-1.2869,0.439267,-1,0,
1,729,Overall,Overall,18,8,18,-0.5,-0.292955,0.441014,0,0,
1,730,Overall,Overall,22,6,22,-1.0,-1.193461,0.440808,-1,0,
1,731,Overall,Overall,24,6,24,-1.0,-1.411623,0.436105,-1,0,
1,732,Overall,Overall,25,5,25,-1.5,-1.782765,0.44566,-2,0,
1,733,Overall,Overall,18,7,18,-1.0,-0.640154,0.447187,-1,0,
1,734,Overall,Overall,20,7,20,-2.0,-0.939208,0.440492,-1,0,
1,735,Overall,Overall,18,11,18,1.5,0.758655,0.448823,1,0,
1,736,Overall,Overall,19,7,19,-1.0,-0.873473,0.448371,-1,0,
1,737,Overall,Overall,23,17,23,1.5,1.554862,0.43965,2,0,
1,738,Overall,Overall,22,6,22,-1.5,-1.209891,0.445682,-1,0,
1,739,Overall,Overall,24,19,24,2.0,1.818284,0.443533,2,0,
1,740,Overall,Overall,20,6,20,-2.0,-1.125987,0.449573,-1,0,
1,741,Overall,Overall,30,27,30,2.0,2.390491,0.456133,2,0,
1,742,Overall,Overall,18,8,18,-0.5,-0.181816,0.442386,0,0,
1,743,Overall,Overall,19,7,19,-1.0,-0.789499,0.44326,-1,0,
1,744,Overall,Overall,22,6,22,-1.0,-1.209891,0.445682,-1,0,
1,745,Overall,Overall,18,9,18,-0.5,-0.038128,0.440121,0,0,
1,746,Overall,Overall,18,8,18,0.0,-0.292955,0.441014,0,0,
1,747,Overall,Overall,18,7,18,-2.0,-0.640154,0.447187,-1,0,
1,748,Overall,Overall,18,10,18,-0.5,0.558968,0.445391,1,0,
1,749,Overall,Overall,28,4,28,-2.0,-2.10255,0.446916,-2,0,
1,750,Overall,Overall,17,9,17,-0.5,0.211029,0.449949,0,0,
1,751,Overall,Overall,18,7,18,-1.0,-0.593404,0.448925,-1,0,
1,752,Overall,Overall,18,9,18,-0.5,-0.099181,0.439871,0,0,
1,753,Overall,Overall,26,22,26,2.0,2.105648,0.447764,2,0,
1,754,Overall,Overall,17,9,17,0.0,0.211029,0.449949,0,0,
1,755,Overall,Overall,23,6,23,-1.0,-1.2869,0.439267,-1,0,
1,756,Overall,Overall,18,10,18,-0.5,0.156061,0.441708,0,0,
1,757,Overall,Overall,23,18,23,1.5,1.701797,0.447364,2,0,
1,758,Overall,Overall,23,5,23,-2.0,-1.428952,0.448555,-1,0,
1,759,Overall,Overall,25,6,25,-1.5,-1.588992,0.435126,-2,0,
1,760,Overall,Overall,18,9,18,-0.5,0.224953,0.441899,0,0,
1,761,Overall,Overall,23,17,23,1.5,1.506346,0.437253,2,0,
1,762,Overall,Overall,20,13,20,0.5,0.969603,0.438169,1,0,
1,763,Overall,Overall,19,7,19,-1.0,-0.873473,0.448371,-1,0,
1,764,Overall,Overall,22,7,22,-1.0,-0.974561,0.435352,-1,0,
1,765,Overall,Overall,18,8,18,-2.0,-0.362393,0.441794,0,0,
1,766,Overall,Overall,20,14,20,2.0,1.194312,0.447409,1,0,
1,767,Overall,Overall,19,7,19,-1.5,-0.789499,0.44326,-1,0,
1,768,Overall,Overall,18,7,18,0.0,-0.585679,0.448743,-1,0,
1,769,Overall,Overall,23,18,23,1.5,1.431409,0.448513,1,0,
1,770,Overall,Overall,20,13,20,1.0,1.055237,0.440995,1,0,
1,771,Overall,Overall,18,9,18,-0.5,-0.099181,0.439871,0,0,
1,772,Overall,Overall,22,6,22,-1.5,-1.167477,0.443502,-1,0,
1,773,Overall,Overall,22,6,22,-1.0,-1.209891,0.445682,-1,0,
1,774,Overall,Overall,19,13,19,1.0,1.003122,0.449699,1,0,
1,775,Overall,Overall,18,7,18,0.0,-0.559084,0.445705,-1,0,
1,776,Overall,Overall,19,12,19,1.0,0.932596,0.447885,1,0,
1,777,Overall,Overall,18,9,18,1.0,0.319122,0.444452,0,0,
1,778,Overall,Overall,22,16,22,1.5,1.428211,0.443817,1,0,
1,779,Overall,Overall,20,6,20,-1.5,-1.125987,0.449573,-1,0,
1,780,Overall,Overall,18,9,18,0.5,0.224953,0.441899,0,0,
1,781,Overall,Overall,18,8,18,-0.5,-0.120331,0.442118,0,0,
1,782,Overall,Overall,23,18,23,2.0,1.752297,0.44943,2,0,
1,783,Overall,Overall,20,6,20,-1.5,-1.125987,0.449573,-1,0,
1,784,Overall,Overall,18,9,18,1.5,0.224953,0.441899,0,0,
1,785,Overall,Overall,23,17,23,1.5,1.506346,0.437253,2,0,
1,786,Overall,Overall,30,27,30,2.0,2.390491,0.456133,2,0,
1,787,Overall,Overall,21,15,21,2.0,1.275567,0.447362,1,0,
1,788,Overall,Overall,18,9,18,0.0,-0.099181,0.439871,0,0,
1,789,Overall,Overall,20,13,20,2.0,0.846883,0.436502,1,0,
1,790,Overall,Overall,22,6,22,-1.5,-1.167477,0.443502,-1,0,
1,791,Overall,Overall,18,8,18,-0.5,-0.353852,0.442387,0,0,
1,792,Overall,Overall,18,10,18,0.5,0.462176,0.443323,0,0,
1,793,Overall,Overall,18,8,18,-1.0,-0.442049,0.443487,0,0,
1,794,Overall,Overall,18,9,18,0.0,0.074132,0.440332,0,0,
1,795,Overall,Overall,21,6,21,-1.5,-1.040965,0.447658,-1,0,
1,796,Overall,Overall,23,6,23,-0.5,-1.233492,0.436103,-1,0,
1,797,Overall,Overall,18,9,18,-0.5,0.028487,0.440445,0,0,
1,798,Overall,Overall,22,16,22,1.5,1.384949,0.441502,1,0,
1,799,Overall,Overall,20,13,20,0.5,1.055237,0.440995,1,0,
1,800,Overall,Overall,21,14,21,1.5,1.166245,0.438148,1,0,
1,801,Overall,Overall,18,9,18,0.5,0.361045,0.444859,0,0,
1,802,Overall,Overall,26,22,26,2.0,2.105648,0.447764,2,0,
1,803,Overall,Overall,20,14,20,1.5,1.164925,0.446179,1,0,
1,804,Overall,Overall,20,14,20,1.0,0.987765,0.444875,1,0,
1,805,Overall,Overall,18,9,18,0.0,-0.099181,0.439871,0,0,
1,806,Overall,Overall,18,9,18,0.0,0.074132,0.440332,0,0,
1,807,Overall,Overall,18,10,18,0.5,0.334364,0.440808,0,0,
1,808,Overall,Overall,18,7,18,-0.5,-0.640154,0.447187,-1,0,
1,809,Overall,Overall,21,6,21,-1.5,-0.941766,0.443808,-1,0,
1,810,Overall,Overall,27,5,27,-2.0,-1.875432,0.43631,-2,0,
1,811,Overall,Overall,18,10,18,0.0,0.156061,0.441708,0,0,
1,812,Overall,Overall,18,8,18,-1.0,-0.120331,0.442118,0,0,
1,813,Overall,Overall,19,13,19,0.5,0.923416,0.44677,1,0,
1,814,Overall,Overall,23,6,23,-2.0,-1.394898,0.445005,-1,0,
1,815,Overall,Overall,24,6,24,-1.5,-1.411623,0.436105,-1,0,
1,816,Overall,Overall,18,7,18,0.0,-0.640154,0.447187,-1,0,
1,817,Overall,Overall,18,8,18,-0.5,-0.362393,0.441794,0,0,
1,818,Overall,Overall,18,11,18,0.5,0.419775,0.446187,0,0,
1,819,Overall,Overall,20,14,20,1.0,1.252541,0.447809,1,0,
1,820,Overall,Overall,18,7,18,-2.0,-0.626395,0.448206,-1,0,
1,821,Overall,Overall,24,6,24,-1.5,-1.523924,0.441228,-2,0,
1,822,Overall,Overall,25,5,25,-2.0,-1.782765,0.44566,-2,0,
1,823,Overall,Overall,23,18,23,2.0,1.752297,0.44943,2,0,
1,824,Overall,Overall,19,12,19,1.0,0.80442,0.442305,1,0,
1,825,Overall,Overall,18,10,18,1.0,0.222866,0.441813,0,0,
1,826,Overall,Overall,18,8,18,0.0,-0.181816,0.442386,0,0,
1,827,Overall,Overall,18,7,18,-0.5,-0.640154,0.447187,-1,0,
1,828,Overall,Overall,18,10,18,1.0,0.535037,0.446836,1,0,
1,829,Overall,Overall,19,11,19,1.0,0.610996,0.437743,1,0,
1,830,Overall,Overall,19,12,19,1.0,0.932596,0.447885,1,0,
1,831,Overall,Overall,19,8,19,-0.5,-0.595304,0.43854,-1,0,
1,832,Overall,Overall,19,13,19,1.0,0.837783,0.445639,1,0,
1,833,Overall,Overall,20,7,20,-1.5,-0.738916,0.44091,-1,0,
1,834,Overall,Overall,26,22,26,1.5,2.105648,0.447764,2,0,
1,835,Overall,Overall,19,7,19,-1.0,-0.890431,0.446938,-1,0,
1,836,Overall,Overall,19,12,19,1.0,0.972595,0.449343,1,0,
1,837,Overall,Overall,18,8,18,-0.5,-0.442049,0.443487,0,0,
1,838,Overall,Overall,19,13,19,1.0,0.837783,0.445639,1,0,
1,839,Overall,Overall,23,18,23,1.5,1.701797,0.447364,2,0,
1,840,Overall,Overall,24,6,24,-2.0,-1.523924,0.441228,-2,0,
1,841,Overall,Overall,23,6,23,-0.5,-1.394898,0.445005,-1,0,
1,842,Overall,Overall,25,5,25,-1.5,-1.782765,0.44566,-2,0,
1,843,Overall,Overall,19,11,19,1.0,0.679642,0.442853,1,0,
1,844,Overall,Overall,22,17,22,2.0,1.78274,0.44872,2,0,
1,845,Overall,Overall,19,13,19,1.5,1.003122,0.449699,1,0,
1,846,Overall,Overall,24,5,24,-1.5,-1.60644,0.447084,-2,0,
1,847,Overall,Overall,18,9,18,0.5,0.224953,0.441899,0,0,
1,848,Overall,Overall,18,7,18,0.0,-0.626395,0.448206,-1,0,
1,849,Overall,Overall,18,8,18,0.0,-0.427375,0.44452,0,0,
1,850,Overall,Overall,29,4,29,-2.0,-2.126069,0.44426,-2,0,
1,851,Overall,Overall,19,12,19,2.0,0.932596,0.447885,1,0,
1,852,Overall,Overall,18,10,18,0.0,0.420382,0.442737,0,0,
1,853,Overall,Overall,23,18,23,2.0,1.752297,0.44943,2,0,
1,854,Overall,Overall,18,11,18,0.5,0.660081,0.446903,1,0,
1,855,Overall,Overall,18,9,18,0.0,-0.167841,0.440855,0,0,
1,856,Overall,Overall,18,8,18,0.0,-0.120331,0.442118,0,0,
1,857,Overall,Overall,23,6,23,-2.0,-1.2869,0.439267,-1,0,
1,858,Overall,Overall,20,13,20,1.0,1.055237,0.440995,1,0,
1,859,Overall,Overall,18,11,18,0.5,0.572321,0.445523,1,0,
1,860,Overall,Overall,27,23,27,2.0,1.683896,0.458157,2,0,
1,861,Overall,Overall,17,9,17,1.0,0.152793,0.449939,0,0,
1,862,Overall,Overall,21,15,21,2.0,1.306431,0.449779,1,0,
1,863,Overall,Overall,22,16,22,1.5,1.428211,0.443817,1,0,
1,864,Overall,Overall,20,6,20,-2.0,-1.125987,0.449573,-1,0,
1,865,Overall,Overall,18,11,18,0.0,0.517173,0.446288,1,0,
1,866,Overall,Overall,26,5,26,-1.0,-1.491193,0.440873,-1,0,
1,867,Overall,Overall,30,27,30,2.0,2.390491,0.456133,2,0,
1,868,Overall,Overall,19,7,19,-1.0,-0.789499,0.44326,-1,0,
1,869,Overall,Overall,18,8,18,-0.5,-0.362393,0.441794,0,0,
1,870,Overall,Overall,18,9,18,0.5,0.26614,0.442681,0,0,
1,871,Overall,Overall,25,5,25,-1.5,-1.782765,0.44566,-2,0,
1,872,Overall,Overall,19,7,19,-0.5,-0.789499,0.44326,-1,0,
1,873,Overall,Overall,18,10,18,1.5,0.462176,0.443323,0,0,
1,874,Overall,Overall,19,12,19,0.5,0.877393,0.446957,1,0,
1,875,Overall,Overall,18,10,18,1.0,0.420382,0.442737,0,0,
1,876,Overall,Overall,25,5,25,-2.0,-1.782765,0.44566,-2,0,
1,877,Overall,Overall,18,11,18,1.0,0.758655,0.448823,1,0,
1,878,Overall,Overall,19,13,19,1.5,1.020148,0.44849,1,0,
1,879,Overall,Overall,20,7,20,-0.5,-0.939208,0.440492,-1,0,
1,880,Overall,Overall,22,16,22,2.0,1.585727,0.439431,2,0,
1,881,Overall,Overall,26,22,26,2.0,2.105648,0.447764,2,0,
1,882,Overall,Overall,19,12,19,1.5,0.877393,0.446957,1,0,
1,883,Overall,Overall,19,12,19,0.5,0.877393,0.446957,1,0,
1,884,Overall,Overall,22,16,22,1.5,1.384949,0.441502,1,0,
1,885,Overall,Overall,18,10,18,1.0,0.558968,0.445391,1,0,
1,886,Overall,Overall,19,12,19,0.5,0.822524,0.441093,1,0,
1,887,Overall,Overall,24,5,24,-1.5,-1.433761,0.447613,-1,0,
1,888,Overall,Overall,24,6,24,-1.0,-1.523924,0.441228,-2,0,
1,889,Overall,Overall,23,5,23,-2.0,-1.428952,0.448555,-1,0,
1,890,Overall,Overall,18,7,18,-1.0,-0.640154,0.447187,-1,0,
1,891,Overall,Overall,23,5,23,-1.5,-1.423029,0.449125,-1,0,
1,892,Overall,Overall,24,5,24,-2.0,-1.60644,0.447084,-2,0,
1,893,Overall,Overall,19,13,19,1.0,0.923416,0.44677,1,0,
1,894,Overall,Overall,18,11,18,0.5,0.572321,0.445523,1,0,
1,895,Overall,Overall,23,6,23,-2.0,-1.394898,0.445005,-1,0,
1,896,Overall,Overall,21,14,21,0.5,1.078867,0.440047,1,0,
1,897,Overall,Overall,26,22,26,2.0,2.105648,0.447764,2,0,
1,898,Overall,Overall,23,17,23,2.0,1.554862,0.43965,2,0,
1,899,Overall,Overall,19,6,19,-1.0,-0.8827,0.448556,-1,0,
1,900,Overall,Overall,18,11,18,0.0,0.660081,0.446903,1,0,
2,1,Overall,Overall,20,13,20,0.0,1.133589,0.443176,1,0,
2,2,Overall,Overall,21,15,21,1.5,1.275567,0.447362,1,0,
2,3,Overall,Overall,25,5,25,-2.0,-1.782765,0.44566,-2,0,
2,4,Overall,Overall,18,7,18,0.5,-0.451501,0.44834,0,0,
2,5,Overall,Overall,18,10,18,0.0,0.247138,0.442365,0,0,
2,6,Overall,Overall,25,5,25,-2.0,-1.782765,0.44566,-2,0,
2,7,Overall,Overall,18,8,18,0.0,-0.353852,0.442387,0,0,
2,8,Overall,Overall,18,11,18,0.5,0.758655,0.448823,1,0,
2,9,Overall,Overall,18,10,18,0.0,0.094883,0.441676,0,0,
2,10,Overall,Overall,18,8,18,0.0,-0.362393,0.441794,0,0,
2,11,Overall,Overall,21,15,21,1.5,1.275567,0.447362,1,0,
2,12,Overall,Overall,18,8,18,0.0,-0.120331,0.442118,0,0,
2,13,Overall,Overall,28,4,28,-2.0,-2.10255,0.446916,-2,0,
2,14,Overall,Overall,18,8,18,0.0,0.120844,0.44661,0,0,
2,15,Overall,Overall,20,14,20,2.0,1.252541,0.447809,1,0,
2,16,Overall,Overall,18,8,18,-0.5,-0.292955,0.441014,0,0,
2,17,Overall,Overall,18,7,18,-0.5,-0.559084,0.445705,-1,0,
2,18,Overall,Overall,18,7,18,-1.5,-0.379319,0.446948,0,0,
2,19,Overall,Overall,18,8,18,-0.5,-0.292955,0.441014,0,0,
2,20,Overall,Overall,18,7,18,-1.5,-0.640154,0.447187,-1,0,
2,21,Overall,Overall,19,13,19,1.5,0.837783,0.445639,1,0,
2,22,Overall,Overall,18,7,18,0.0,-0.379319,0.446948,0,0,
2,23,Overall,Overall,22,6,22,-1.5,-1.167477,0.443502,-1,0,
2,24,Overall,Overall,20,6,20,-1.0,-1.125987,0.449573,-1,0,
2,25,Overall,Overall,24,6,24,-2.0,-1.411623,0.436105,-1,0,
2,26,Overall,Overall,18,8,18,-0.5,-0.362393,0.441794,0,0,
2,27,Overall,Overall,24,19,24,2.0,1.818284,0.443533,2,0,
2,28,Overall,Overall,18,10,18,0.5,0.334364,0.440808,0,0,
2,29,Overall,Overall,20,6,20,-1.5,-1.136639,0.448609,-1,0,
2,30,Overall,Overall,18,7,18,-1.0,-0.640154,0.447187,-1,0,
2,31,Overall,Overall,26,22,26,2.0,1.660724,0.460868,2,0,
2,32,Overall,Overall,18,8,18,-0.5,-0.251671,0.443986,0,0,
2,33,Overall,Overall,18,7,18,-1.5,-0.640154,0.447187,-1,0,
2,34,Overall,Overall,21,6,21,-2.0,-1.040965,0.447658,-1,0,
2,35,Overall,Overall,18,9,18,1.5,-0.099181,0.439871,0,0,
2,36,Overall,Overall,19,13,19,1.5,1.020148,0.44849,1,0,
2,37,Overall,Overall,18,8,18,0.0,-0.362393,0.441794,0,0,
2,38,Overall,Overall,20,7,20,-1.5,-0.738916,0.44091,-1,0,
2,39,Overall,Overall,19,13,19,1.0,0.837783,0.445639,1,0,
2,40,Overall,Overall,27,23,27,2.0,2.132749,0.444722,2,0,
2,41,Overall,Overall,24,5,24,-1.5,-1.60644,0.447084,-2,0,
2,42,Overall,Overall,20,14,20,2.0,1.252541,0.447809,1,0,
2,43,Overall,Overall,19,7,19,-1.5,-0.688281,0.447375,-1,0,
2,44,Overall,Overall,18,9,18,0.5,0.074132,0.440332,0,0,
2,45,Overall,Overall,18,9,18,0.0,0.074132,0.440332,0,0,
2,46,Overall,Overall,23,5,23,-1.5,-1.428952,0.448555,-1,0,
2,47,Overall,Overall,18,8,18,-1.0,-0.362393,0.441794,0,0,
2,48,Overall,Overall,19,13,19,1.5,1.020148,0.44849,1,0,
2,49,Overall,Overall,27,5,27,-1.5,-1.875432,0.43631,-2,0,
2,50,Overall,Overall,18,9,18,0.0,-0.099181,0.439871,0,0,
2,51,Overall,Overall,19,13,19,0.5,1.003122,0.449699,1,0,
2,52,Overall,Overall,22,16,22,2.0,1.384949,0.441502,1,0,
2,53,Overall,Overall,21,6,21,-0.5,-1.040965,0.447658,-1,0,
2,54,Overall,Overall,21,15,21,2.0,1.275567,0.447362,1,0,
2,55,Overall,Overall,18,10,18,0.0,0.094883,0.441676,0,0,
2,56,Overall,Overall,18,7,18,-0.5,-0.640154,0.447187,-1,0,
2,57,Overall,Overall,18,10,18,0.5,0.462176,0.443323,0,0,
2,58,Overall,Overall,18,8,18,-1.5,-0.442049,0.443487,0,0,
2,59,Overall,Overall,19,13,19,0.5,0.813241,0.44711,1,0,
2,60,Overall,Overall,18,9,18,-0.5,0.028487,0.440445,0,0,
2,61,Overall,Overall,22,6,22,-1.5,-1.209891,0.445682,-1,0,
2,62,Overall,Overall,18,9,18,0.5,0.224953,0.441899,0,0,
2,63,Overall,Overall,18,7,18,0.0,-0.559084,0.445705,-1,0,
2,64,Overall,Overall,18,8,18,-0.5,-0.292955,0.441014,0,0,
2,65,Overall,Overall,26,5,26,-2.0,-1.836454,0.44049,-2,0,
2,66,Overall,Overall,19,13,19,0.5,1.003122,0.449699,1,0,
2,67,Overall,Overall,20,14,20,0.5,1.252541,0.447809,1,0,
2,68,Overall,Overall,29,4,29,-2.0,-2.126069,0.44426,-2,0,
2,69,Overall,Overall,21,6,21,-1.5,-1.040965,0.447658,-1,0,
2,70,Overall,Overall,21,6,21,-1.5,-1.040965,0.447658,-1,0,
2,71,Overall,Overall,19,13,19,0.5,1.020148,0.44849,1,0,
2,72,Overall,Overall,20,7,20,-1.0,-0.939208,0.440492,-1,0,
2,73,Overall,Overall,19,12,19,0.5,0.727416,0.439167,1,0,
2,74,Overall,Overall,18,8,18,-1.0,-0.362393,0.441794,0,0,
2,75,Overall,Overall,26,22,26,2.0,2.105648,0.447764,2,0,
2,76,Overall,Overall,30,1,30,-2.0,-2.818244,0.509261,-3,1,
2,77,Overall,Overall,22,16,22,0.5,1.384949,0.441502,1,0,
2,78,Overall,Overall,23,6,23,-1.5,-1.2869,0.439267,-1,0,
2,79,Overall,Overall,24,6,24,-1.5,-1.411623,0.436105,-1,0,
2,80,Overall,Overall,18,11,18,1.0,0.660081,0.446903,1,0,
2,81,Overall,Overall,20,13,20,2.0,1.055237,0.440995,1,0,
2,82,Overall,Overall,20,13,20,0.5,1.055237,0.440995,1,0,
2,83,Overall,Overall,26,22,26,2.0,2.105648,0.447764,2,0,
2,84,Overall,Overall,18,9,18,0.5,0.319122,0.444452,0,0,
2,85,Overall,Overall,19,13,19,1.0,1.020148,0.44849,1,0,
2,86,Overall,Overall,20,13,20,1.5,0.969603,0.438169,1,0,
2,87,Overall,Overall,21,15,21,1.5,1.29946,0.448372,1,0,
2,88,Overall,Overall,18,9,18,0.0,0.028487,0.440445,0,0,
2,89,Overall,Overall,18,8,18,0.5,0.062478,0.447146,0,0,
2,90,Overall,Overall,25,5,25,-1.5,-1.782765,0.44566,-2,0,
2,91,Overall,Overall,25,20,25,2.0,1.867099,0.438555,2,0,
2,92,Overall,Overall,19,13,19,2.0,1.020148,0.44849,1,0,
2,93,Overall,Overall,19,7,19,-0.5,-0.518666,0.447266,-1,0,
2,94,Overall,Overall,19,6,19,-1.5,-0.8827,0.448556,-1,0,
2,95,Overall,Overall,28,4,28,-2.0,-2.10255,0.446916,-2,0,
2,96,Overall,Overall,17,9,17,0.0,0.152793,0.449939,0,0,
2,97,Overall,Overall,26,5,26,-2.0,-1.836454,0.44049,-2,0,
2,98,Overall,Overall,23,17,23,1.0,1.506346,0.437253,2,0,
2,99,Overall,Overall,20,7,20,-1.0,-0.939208,0.440492,-1,0,
2,100,Overall,Overall,23,17,23,1.0,1.506346,0.437253,2,0,
2,101,Overall,Overall,22,16,22,1.5,1.585727,0.439431,2,0,
2,102,Overall,Overall,22,17,22,2.0,1.425776,0.449693,1,0,
2,103,Overall,Overall,18,11,18,-0.5,0.419775,0.446187,0,0,
2,104,Overall,Overall,22,6,22,-2.0,-1.202287,0.439981,-1,0,
2,105,Overall,Overall,19,7,19,-1.0,-0.789499,0.44326,-1,0,
2,106,Overall,Overall,18,7,18,-0.5,-0.626395,0.448206,-1,0,
2,107,Overall,Overall,23,17,23,1.5,1.506346,0.437253,2,0,
2,108,Overall,Overall,23,17,23,1.5,1.554862,0.43965,2,0,
2,109,Overall,Overall,23,17,23,1.5,1.506346,0.437253,2,0,
2,110,Overall,Overall,18,7,18,-0.5,-0.626395,0.448206,-1,0,
2,111,Overall,Overall,19,13,19,1.0,0.923416,0.44677,1,0,
2,112,Overall,Overall,18,11,18,1.0,0.660081,0.446903,1,0,
2,113,Overall,Overall,28,4,28,-2.0,-2.10255,0.446916,-2,0,
2,114,Overall,Overall,18,8,18,-1.0,-0.292955,0.441014,0,0,
2,115,Overall,Overall,18,7,18,-0.5,-0.640154,0.447187,-1,0,
2,116,Overall,Overall,18,11,18,1.0,0.444481,0.44661,0,0,
2,117,Overall,Overall,20,7,20,-1.5,-0.927682,0.441492,-1,0,
2,118,Overall,Overall,18,7,18,0.0,-0.379319,0.446948,0,0,
2,119,Overall,Overall,18,9,18,0.5,0.012984,0.440826,0,0,
2,120,Overall,Overall,26,21,26,2.0,1.911443,0.434078,2,0,
2,121,Overall,Overall,21,15,21,1.0,1.29946,0.448372,1,0,
2,122,Overall,Overall,23,17,23,2.0,1.554862,0.43965,2,0,
2,123,Overall,Overall,17,9,17,0.0,0.211029,0.449949,0,0,
2,124,Overall,Overall,18,11,18,1.5,0.530196,0.444757,1,0,
2,125,Overall,Overall,21,15,21,1.5,1.460342,0.444143,1,0,
2,126,Overall,Overall,18,10,18,1.0,0.459847,0.446278,0,0,
2,127,Overall,Overall,18,11,18,0.5,0.419775,0.446187,0,0,
2,128,Overall,Overall,19,12,19,1.0,0.642887,0.437814,1,0,
2,129,Overall,Overall,18,10,18,0.5,0.420382,0.442737,0,0,
2,130,Overall,Overall,18,11,18,0.0,0.758655,0.448823,1,0,
2,131,Overall,Overall,23,18,23,2.0,1.701797,0.447364,2,0,
2,132,Overall,Overall,18,11,18,0.5,0.758655,0.448823,1,0,
2,133,Overall,Overall,30,27,30,2.0,2.390491,0.456133,2,0,
2,134,Overall,Overall,25,6,25,-1.5,-1.588992,0.435126,-2,0,
2,135,Overall,Overall,18,11,18,1.0,0.530196,0.444757,1,0,
2,136,Overall,Overall,20,7,20,0.0,-0.783419,0.439927,-1,0,
2,137,Overall,Overall,19,11,19,1.0,0.610996,0.437743,1,0,
2,138,Overall,Overall,24,6,24,-1.5,-1.523924,0.441228,-2,0,
2,139,Overall,Overall,18,10,18,1.0,0.222866,0.441813,0,0,
2,140,Overall,Overall,23,7,23,-1.5,-1.2005,0.437164,-1,0,
2,141,Overall,Overall,22,16,22,0.5,1.428211,0.443817,1,0,
2,142,Overall,Overall,21,15,21,1.0,1.100234,0.441293,1,0,
2,143,Overall,Overall,18,7,18,-0.5,-0.551064,0.446288,-1,0,
2,144,Overall,Overall,22,6,22,-2.0,-1.167477,0.443502,-1,0,
2,145,Overall,Overall,20,13,20,1.5,1.133589,0.443176,1,0,
2,146,Overall,Overall,18,7,18,0.0,-0.626395,0.448206,-1,0,
2,147,Overall,Overall,20,6,20,-1.0,-1.136639,0.448609,-1,0,
2,148,Overall,Overall,18,11,18,1.0,0.758655,0.448823,1,0,
2,149,Overall,Overall,23,18,23,2.0,1.752297,0.44943,2,0,
2,150,Overall,Overall,20,7,20,-0.5,-0.927682,0.441492,-1,0,
2,151,Overall,Overall,25,6,25,-1.5,-1.588992,0.435126,-2,0,
2,152,Overall,Overall,18,11,18,1.0,0.419775,0.446187,0,0,
2,153,Overall,Overall,23,6,23,-1.5,-1.447971,0.447977,-1,0,
2,154,Overall,Overall,22,17,22,1.5,1.324674,0.449978,1,0,
2,155,Overall,Overall,27,3,27,-2.0,-1.912351,0.476964,-2,0,
2,156,Overall,Overall,18,7,18,-0.5,-0.585679,0.448743,-1,0,
2,157,Overall,Overall,18,8,18,-0.5,-0.362393,0.441794,0,0,
2,158,Overall,Overall,27,24,27,2.0,1.808369,0.478934,2,0,
2,159,Overall,Overall,20,7,20,-1.0,-0.669673,0.442782,-1,0,
2,160,Overall,Overall,23,17,23,2.0,1.506346,0.437253,2,0,
2,161,Overall,Overall,20,14,20,1.5,1.130174,0.44883,1,0,
2,162,Overall,Overall,19,6,19,-1.5,-0.8827,0.448556,-1,0,
2,163,Overall,Overall,18,8,18,-0.5,-0.181816,0.442386,0,0,
2,164,Overall,Overall,21,6,21,-1.5,-1.040965,0.447658,-1,0,
2,165,Overall,Overall,18,8,18,0.0,-0.182778,0.442429,0,0,
2,166,Overall,Overall,19,12,19,1.0,0.80442,0.442305,1,0,
2,167,Overall,Overall,20,13,20,1.0,1.055237,0.440995,1,0,
2,168,Overall,Overall,18,7,18,-0.5,-0.640154,0.447187,-1,0,
2,169,Overall,Overall,23,5,23,-2.0,-1.427859,0.448661,-1,0,
2,170,Overall,Overall,22,6,22,-1.5,-1.209891,0.445682,-1,0,
2,171,Overall,Overall,18,9,18,0.5,0.224953,0.441899,0,0,
2,172,Overall,Overall,22,6,22,-1.0,-1.202287,0.439981,-1,0,
2,173,Overall,Overall,19,12,19,1.0,0.782352,0.44369,1,0,
2,174,Overall,Overall,18,7,18,-1.0,-0.559084,0.445705,-1,0,
2,175,Overall,Overall,20,14,20,1.0,1.130174,0.44883,1,0,
2,176,Overall,Overall,19,11,19,0.0,0.587721,0.439097,1,0,
2,177,Overall,Overall,18,7,18,-1.0,-0.626395,0.448206,-1,0,
2,178,Overall,Overall,18,7,18,-0.5,-0.559084,0.445705,-1,0,
2,179,Overall,Overall,18,8,18,0.5,-0.292955,0.441014,0,0,
2,180,Overall,Overall,20,7,20,-1.5,-0.939208,0.440492,-1,0,
2,181,Overall,Overall,20,6,20,-2.0,-1.125987,0.449573,-1,0,
2,182,Overall,Overall,20,6,20,-1.0,-1.125987,0.449573,-1,0,
2,183,Overall,Overall,20,14,20,2.0,1.29261,0.448612,1,0,
2,184,Overall,Overall,18,9,18,-0.5,-0.111241,0.44152,0,0,
2,185,Overall,Overall,18,7,18,-1.5,-0.626395,0.448206,-1,0,
2,186,Overall,Overall,18,7,18,-1.0,-0.559084,0.445705,-1,0,
2,187,Overall,Overall,29,25,29,1.5,2.17586,0.439851,2,0,
2,188,Overall,Overall,18,10,18,-1.0,0.334364,0.440808,0,0,
2,189,Overall,Overall,18,10,18,1.0,0.558968,0.445391,1,0,
2,190,Overall,Overall,21,6,21,0.0,-1.167408,0.444378,-1,0,
2,191,Overall,Overall,28,4,28,-2.0,-2.10255,0.446916,-2,0,
2,192,Overall,Overall,18,8,18,0.5,-0.292955,0.441014,0,0,
2,193,Overall,Overall,20,14,20,1.0,0.987765,0.444875,1,0,
2,194,Overall,Overall,18,11,18,0.5,0.572321,0.445523,1,0,
2,195,Overall,Overall,21,6,21,-1.5,-1.040965,0.447658,-1,0,
2,196,Overall,Overall,24,5,24,-2.0,-1.60644,0.447084,-2,0,
2,197,Overall,Overall,19,7,19,-0.5,-0.685161,0.440848,-1,0,
2,198,Overall,Overall,20,6,20,-1.5,-1.125987,0.449573,-1,0,
2,199,Overall,Overall,18,8,18,-0.5,-0.181816,0.442386,0,0,
2,200,Overall,Overall,17,9,17,0.0,0.211029,0.449949,0,0,
2,201,Overall,Overall,19,12,19,1.0,0.932596,0.447885,1,0,
2,202,Overall,Overall,21,6,21,-2.0,-1.040965,0.447658,-1,0,
2,203,Overall,Overall,18,10,18,0.0,0.222866,0.441813,0,0,
2,204,Overall,Overall,18,10,18,1.5,0.094883,0.441676,0,0,
2,205,Overall,Overall,23,18,23,2.0,1.701797,0.447364,2,0,
2,206,Overall,Overall,18,9,18,-0.5,-0.167841,0.440855,0,0,
2,207,Overall,Overall,18,8,18,0.0,-0.137475,0.442959,0,0,
2,208,Overall,Overall,19,7,19,-1.0,-0.789499,0.44326,-1,0,
2,209,Overall,Overall,19,7,19,-1.0,-0.873473,0.448371,-1,0,
2,210,Overall,Overall,19,11,19,2.0,0.679642,0.442853,1,0,
2,211,Overall,Overall,20,7,20,-1.5,-0.672622,0.444893,-1,0,
2,212,Overall,Overall,20,7,20,-1.0,-0.927682,0.441492,-1,0,
2,213,Overall,Overall,18,10,18,1.0,0.462176,0.443323,0,0,
2,214,Overall,Overall,18,7,18,-0.5,-0.640154,0.447187,-1,0,
2,215,Overall,Overall,21,15,21,1.5,1.460342,0.444143,1,0,
2,216,Overall,Overall,19,13,19,0.5,1.020148,0.44849,1,0,
2,217,Overall,Overall,19,7,19,-1.0,-0.688281,0.447375,-1,0,
2,218,Overall,Overall,18,9,18,0.0,0.074132,0.440332,0,0,
2,219,Overall,Overall,20,14,20,1.5,1.070897,0.445271,1,0,
2,220,Overall,Overall,18,9,18,1.5,0.224953,0.441899,0,0,
2,221,Overall,Overall,21,6,21,-1.5,-1.051121,0.448645,-1,0,
2,222,Overall,Overall,23,18,23,2.0,1.752297,0.44943,2,0,
2,223,Overall,Overall,19,12,19,1.0,0.80442,0.442305,1,0,
2,224,Overall,Overall,24,6,24,-1.5,-1.411623,0.436105,-1,0,
2,225,Overall,Overall,22,17,22,2.0,1.244942,0.449779,1,0,
2,226,Overall,Overall,23,17,23,1.5,1.554862,0.43965,2,0,
2,227,Overall,Overall,18,8,18,-0.5,-0.362393,0.441794,0,0,
2,228,Overall,Overall,18,9,18,0.0,-0.167841,0.440855,0,0,
2,229,Overall,Overall,18,7,18,-1.0,-0.640154,0.447187,-1,0,
2,230,Overall,Overall,20,13,20,2.0,1.133589,0.443176,1,0,
2,231,Overall,Overall,19,12,19,1.0,0.932596,0.447885,1,0,
2,232,Overall,Overall,23,18,23,2.0,1.752297,0.44943,2,0,
2,233,Overall,Overall,18,10,18,1.0,0.375727,0.441759,0,0,
2,234,Overall,Overall,21,15,21,1.5,1.275567,0.447362,1,0,
2,235,Overall,Overall,27,4,27,-2.0,-1.694612,0.456886,-2,0,
2,236,Overall,Overall,26,5,26,-2.0,-1.836454,0.44049,-2,0,
2,237,Overall,Overall,18,8,18,0.5,-0.362393,0.441794,0,0,
2,238,Overall,Overall,18,7,18,-0.5,-0.626395,0.448206,-1,0,
2,239,Overall,Overall,22,6,22,-1.5,-1.209891,0.445682,-1,0,
2,240,Overall,Overall,30,27,30,2.0,2.390491,0.456133,2,0,
2,241,Overall,Overall,22,6,22,-1.5,-1.209891,0.445682,-1,0,
2,242,Overall,Overall,22,6,22,-2.0,-1.167477,0.443502,-1,0,
2,243,Overall,Overall,22,17,22,2.0,1.658129,0.446007,2,0,
2,244,Overall,Overall,18,11,18,1.5,0.572321,0.445523,1,0,
2,245,Overall,Overall,18,10,18,1.0,0.462176,0.443323,0,0,
2,246,Overall,Overall,27,3,27,-1.5,-1.912351,0.476964,-2,0,
2,247,Overall,Overall,19,7,19,-1.5,-0.789499,0.44326,-1,0,
2,248,Overall,Overall,18,7,18,-1.5,-0.551064,0.446288,-1,0,
2,249,Overall,Overall,18,10,18,1.0,0.48127,0.449098,0,0,
2,250,Overall,Overall,21,6,21,-1.5,-1.040965,0.447658,-1,0,
2,251,Overall,Overall,23,18,23,2.0,1.752297,0.44943,2,0,
2,252,Overall,Overall,19,12,19,1.0,0.822524,0.441093,1,0,
2,253,Overall,Overall,25,5,25,-2.0,-1.782765,0.44566,-2,0,
2,254,Overall,Overall,26,22,26,2.0,2.105648,0.447764,2,0,
2,255,Overall,Overall,18,9,18,0.5,0.012984,0.440826,0,0,
2,256,Overall,Overall,30,3,30,-2.0,-2.351666,0.459797,-2,0,
2,257,Overall,Overall,18,11,18,0.5,0.758655,0.448823,1,0,
2,258,Overall,Overall,18,8,18,0.5,-0.038836,0.444772,0,0,
2,259,Overall,Overall,18,11,18,1.5,0.758655,0.448823,1,0,
2,260,Overall,Overall,18,8,18,-1.0,-0.292955,0.441014,0,0,
2,261,Overall,Overall,18,8,18,-0.5,-0.292955,0.441014,0,0,
2,262,Overall,Overall,18,8,18,-1.5,-0.362393,0.441794,0,0,
2,263,Overall,Overall,23,6,23,-1.5,-1.394898,0.445005,-1,0,
2,264,Overall,Overall,20,7,20,-0.5,-0.939208,0.440492,-1,0,
2,265,Overall,Overall,18,9,18,-0.5,0.140688,0.439857,0,0,
2,266,Overall,Overall,22,15,22,2.0,1.234631,0.436502,1,0,
2,267,Overall,Overall,19,12,19,0.0,0.642887,0.437814,1,0,
2,268,Overall,Overall,18,8,18,-0.5,-0.362393,0.441794,0,0,
2,269,Overall,Overall,23,6,23,-2.0,-1.2869,0.439267,-1,0,
2,270,Overall,Overall,18,8,18,0.0,0.028967,0.444,0,0,
2,271,Overall,Overall,20,14,20,0.5,1.070897,0.445271,1,0,
2,272,Overall,Overall,18,10,18,0.5,0.535037,0.446836,1,0,
2,273,Overall,Overall,27,5,27,-2.0,-1.875432,0.43631,-2,0,
2,274,Overall,Overall,19,6,19,-2.0,-0.8827,0.448556,-1,0,
2,275,Overall,Overall,18,11,18,1.5,0.758655,0.448823,1,0,
2,276,Overall,Overall,22,16,22,2.0,1.463497,0.446287,1,0,
2,277,Overall,Overall,24,6,24,-2.0,-1.523924,0.441228,-2,0,
2,278,Overall,Overall,18,9,18,0.5,0.223445,0.442006,0,0,
2,279,Overall,Overall,18,9,18,0.0,-0.042763,0.440127,0,0,
2,280,Overall,Overall,18,9,18,-0.5,0.012984,0.440826,0,0,
2,281,Overall,Overall,20,13,20,1.0,1.133589,0.443176,1,0,
2,282,Overall,Overall,20,6,20,-1.5,-1.125987,0.449573,-1,0,
2,283,Overall,Overall,19,11,19,-0.5,0.679642,0.442853,1,0,
2,284,Overall,Overall,20,7,20,-0.5,-0.738916,0.44091,-1,0,
2,285,Overall,Overall,18,8,18,1.0,-0.181816,0.442386,0,0,
2,286,Overall,Overall,21,6,21,-2.0,-1.040965,0.447658,-1,0,
2,287,Overall,Overall,23,17,23,2.0,1.554862,0.43965,2,0,
2,288,Overall,Overall,25,20,25,2.0,1.867099,0.438555,2,0,
2,289,Overall,Overall,22,16,22,1.5,1.463497,0.446287,1,0,
2,290,Overall,Overall,23,17,23,2.0,1.506346,0.437253,2,0,
2,291,Overall,Overall,19,12,19,1.0,0.912775,0.4451,1,0,
2,292,Overall,Overall,19,7,19,-1.5,-0.789499,0.44326,-1,0,
2,293,Overall,Overall,18,8,18,-0.5,-0.236856,0.441482,0,0,
2,294,Overall,Overall,18,8,18,-0.5,-0.120331,0.442118,0,0,
2,295,Overall,Overall,17,9,17,0.0,0.211029,0.449949,0,0,
2,296,Overall,Overall,19,7,19,-1.5,-0.789499,0.44326,-1,0,
2,297,Overall,Overall,30,27,30,2.0,2.390491,0.456133,2,0,
2,298,Overall,Overall,20,7,20,-1.0,-0.927682,0.441492,-1,0,
2,299,Overall,Overall,21,15,21,2.0,1.182552,0.44294,1,0,
2,300,Overall,Overall,19,12,19,1.0,0.932596,0.447885,1,0,
2,301,Overall,Overall,30,28,30,2.0,2.608449,0.47827,3,0,
2,302,Overall,Overall,20,14,20,2.0,1.29261,0.448612,1,0,
2,303,Overall,Overall,29,25,29,2.0,2.17586,0.439851,2,0,
2,304,Overall,Overall,18,9,18,-0.5,0.224953,0.441899,0,0,
2,305,Overall,Overall,19,6,19,-1.0,-0.8827,0.448556,-1,0,
2,306,Overall,Overall,20,7,20,-1.5,-0.927682,0.441492,-1,0,
2,307,Overall,Overall,18,9,18,0.0,0.028487,0.440445,0,0,
2,308,Overall,Overall,19,12,19,0.0,0.877393,0.446957,1,0,
2,309,Overall,Overall,23,6,23,-2.0,-1.394898,0.445005,-1,0,
2,310,Overall,Overall,18,7,18,0.0,-0.504046,0.446801,-1,0,
2,311,Overall,Overall,25,6,25,-1.5,-1.588992,0.435126,-2,0,
2,312,Overall,Overall,18,11,18,1.5,0.758655,0.448823,1,0,
2,313,Overall,Overall,19,8,19,0.5,-0.07821,0.44075,0,0,
2,314,Overall,Overall,23,5,23,-2.0,-1.428952,0.448555,-1,0,
2,315,Overall,Overall,18,10,18,0.5,0.222866,0.441813,0,0,
2,316,Overall,Overall,18,7,18,-1.0,-0.559084,0.445705,-1,0,
2,317,Overall,Overall,19,13,19,1.0,1.020148,0.44849,1,0,
2,318,Overall,Overall,18,8,18,0.0,-0.181816,0.442386,0,0,
2,319,Overall,Overall,20,14,20,1.5,1.070897,0.445271,1,0,
2,320,Overall,Overall,20,13,20,2.0,1.133589,0.443176,1,0,
2,321,Overall,Overall,21,15,21,1.5,1.29946,0.448372,1,0,
2,322,Overall,Overall,20,14,20,1.0,1.164925,0.446179,1,0,
2,323,Overall,Overall,19,12,19,1.0,0.932596,0.447885,1,0,
2,324,Overall,Overall,21,14,21,1.5,1.085742,0.440526,1,0,
2,325,Overall,Overall,18,8,18,-1.0,-0.362393,0.441794,0,0,
2,326,Overall,Overall,20,13,20,1.5,1.055237,0.440995,1,0,
2,327,Overall,Overall,24,5,24,-1.5,-1.451881,0.445697,-1,0,
2,328,Overall,Overall,23,17,23,1.5,1.554862,0.43965,2,0,
2,329,Overall,Overall,19,11,19,1.5,0.679642,0.442853,1,0,
2,330,Overall,Overall,20,13,20,2.0,1.133589,0.443176,1,0,
2,331,Overall,Overall,18,10,18,1.0,0.558968,0.445391,1,0,
2,332,Overall,Overall,18,10,18,1.0,0.094883,0.441676,0,0,
2,333,Overall,Overall,19,13,19,1.0,1.020148,0.44849,1,0,
2,334,Overall,Overall,18,10,18,1.0,0.462176,0.443323,0,0,
2,335,Overall,Overall,24,19,24,2.0,1.818284,0.443533,2,0,
2,336,Overall,Overall,17,9,17,0.0,0.211029,0.449949,0,0,
2,337,Overall,Overall,18,11,18,0.5,0.530196,0.444757,1,0,
2,338,Overall,Overall,18,10,18,1.0,0.272324,0.441528,0,0,
2,339,Overall,Overall,25,5,25,-2.0,-1.782765,0.44566,-2,0,
2,340,Overall,Overall,19,8,19,-0.5,-0.595304,0.43854,-1,0,
2,341,Overall,Overall,20,6,20,-2.0,-1.125987,0.449573,-1,0,
2,342,Overall,Overall,18,11,18,0.0,0.468885,0.445686,0,0,
2,343,Overall,Overall,18,7,18,-1.5,-0.559084,0.445705,-1,0,
2,344,Overall,Overall,19,6,19,-1.0,-0.8827,0.448556,-1,0,
2,345,Overall,Overall,18,10,18,0.5,0.558968,0.445391,1,0,
2,346,Overall,Overall,18,8,18,-1.0,-0.362393,0.441794,0,0,
2,347,Overall,Overall,23,6,23,-1.0,-1.394898,0.445005,-1,0,
2,348,Overall,Overall,18,8,18,0.0,-0.292955,0.441014,0,0,
2,349,Overall,Overall,18,9,18,0.0,0.224953,0.441899,0,0,
2,350,Overall,Overall,19,12,19,1.5,0.822524,0.441093,1,0,
2,351,Overall,Overall,18,10,18,0.5,0.535037,0.446836,1,0,
2,352,Overall,Overall,19,7,19,0.0,-0.667376,0.4422,-1,0,
2,353,Overall,Overall,20,6,20,-2.0,-1.125987,0.449573,-1,0,
2,354,Overall,Overall,21,6,21,-1.0,-1.121807,0.448912,-1,0,
2,355,Overall,Overall,19,13,19,0.5,0.837783,0.445639,1,0,
2,356,Overall,Overall,20,6,20,0.0,-1.125987,0.449573,-1,0,
2,357,Overall,Overall,19,7,19,-0.5,-0.789499,0.44326,-1,0,
2,358,Overall,Overall,26,22,26,2.0,2.105648,0.447764,2,0,
2,359,Overall,Overall,22,16,22,1.5,1.428211,0.443817,1,0,
2,360,Overall,Overall,18,10,18,0.0,0.558968,0.445391,1,0,
2,361,Overall,Overall,18,10,18,0.5,0.462176,0.443323,0,0,
2,362,Overall,Overall,18,7,18,0.5,-0.379319,0.446948,0,0,
2,363,Overall,Overall,19,13,19,1.0,0.837783,0.445639,1,0,
2,364,Overall,Overall,19,12,19,2.0,0.877393,0.446957,1,0,
2,365,Overall,Overall,24,6,24,-1.5,-1.411623,0.436105,-1,0,
2,366,Overall,Overall,27,23,27,2.0,1.683896,0.458157,2,0,
2,367,Overall,Overall,18,9,18,1.0,0.074132,0.440332,0,0,
2,368,Overall,Overall,18,7,18,-1.5,-0.559084,0.445705,-1,0,
2,369,Overall,Overall,18,9,18,0.5,-0.038128,0.440121,0,0,
2,370,Overall,Overall,18,10,18,-0.5,0.222866,0.441813,0,0,
2,371,Overall,Overall,30,28,30,2.0,2.608449,0.47827,3,0,
2,372,Overall,Overall,26,5,26,-2.0,-1.836454,0.44049,-2,0,
2,373,Overall,Overall,18,8,18,-1.0,-0.326157,0.444029,0,0,
2,374,Overall,Overall,18,9,18,0.0,-0.099181,0.439871,0,0,
2,375,Overall,Overall,23,18,23,2.0,1.701797,0.447364,2,0,
2,376,Overall,Overall,21,15,21,2.0,1.29946,0.448372,1,0,
2,377,Overall,Overall,18,7,18,-0.5,-0.626395,0.448206,-1,0,
2,378,Overall,Overall,26,5,26,-2.0,-1.836454,0.44049,-2,0,
2,379,Overall,Overall,21,15,21,1.0,1.238038,0.446325,1,0,
2,380,Overall,Overall,20,14,20,1.0,1.130174,0.44883,1,0,
2,381,Overall,Overall,18,8,18,-0.5,-0.181816,0.442386,0,0,
2,382,Overall,Overall,23,17,23,1.5,1.554862,0.43965,2,0,
2,383,Overall,Overall,18,11,18,1.0,0.660081,0.446903,1,0,
2,384,Overall,Overall,19,12,19,1.5,0.972595,0.449343,1,0,
2,385,Overall,Overall,19,12,19,1.0,0.972595,0.449343,1,0,
2,386,Overall,Overall,18,7,18,-1.0,-0.433465,0.445842,0,0,
2,387,Overall,Overall,23,18,23,1.5,1.752297,0.44943,2,0,
2,388,Overall,Overall,22,16,22,1.5,1.428211,0.443817,1,0,
2,389,Overall,Overall,21,6,21,-1.5,-0.992918,0.445777,-1,0,
2,390,Overall,Overall,21,15,21,1.5,1.29946,0.448372,1,0,
2,391,Overall,Overall,18,9,18,-0.5,-0.099181,0.439871,0,0,
2,392,Overall,Overall,26,22,26,1.5,2.105648,0.447764,2,0,
2,393,Overall,Overall,23,18,23,1.5,1.442984,0.44731,1,0,
2,394,Overall,Overall,20,7,20,-0.5,-0.927682,0.441492,-1,0,
2,395,Overall,Overall,18,8,18,-1.0,-0.362393,0.441794,0,0,
2,396,Overall,Overall,17,9,17,0.0,0.152793,0.449939,0,0,
2,397,Overall,Overall,23,18,23,1.5,1.752297,0.44943,2,0,
2,398,Overall,Overall,18,9,18,0.5,-0.042763,0.440127,0,0,
2,399,Overall,Overall,18,10,18,1.5,0.535037,0.446836,1,0,
2,400,Overall,Overall,20,13,20,2.0,1.055237,0.440995,1,0,
2,401,Overall,Overall,18,8,18,0.0,-0.362393,0.441794,0,0,
2,402,Overall,Overall,26,22,26,2.0,2.105648,0.447764,2,0,
2,403,Overall,Overall,20,14,20,1.5,1.29261,0.448612,1,0,
2,404,Overall,Overall,23,5,23,-1.5,-1.428952,0.448555,-1,0,
2,405,Overall,Overall,18,7,18,0.0,-0.238608,0.449662,0,0,
2,406,Overall,Overall,18,10,18,0.5,0.334364,0.440808,0,0,
2,407,Overall,Overall,17,9,17,0.0,0.211029,0.449949,0,0,
2,408,Overall,Overall,18,9,18,0.5,0.224953,0.441899,0,0,
2,409,Overall,Overall,26,22,26,2.0,2.105648,0.447764,2,0,
2,410,Overall,Overall,18,7,18,-1.5,-0.640154,0.447187,-1,0,
2,411,Overall,Overall,19,12,19,1.0,0.822524,0.441093,1,0,
2,412,Overall,Overall,19,13,19,1.5,0.837783,0.445639,1,0,
2,413,Overall,Overall,18,8,18,0.5,-0.292955,0.441014,0,0,
2,414,Overall,Overall,18,7,18,-0.5,-0.559084,0.445705,-1,0,
2,415,Overall,Overall,23,18,23,1.5,1.752297,0.44943,2,0,
2,416,Overall,Overall,20,7,20,-2.0,-0.939208,0.440492,-1,0,
2,417,Overall,Overall,25,5,25,-2.0,-1.782765,0.44566,-2,0,
2,418,Overall,Overall,18,9,18,0.5,0.361045,0.444859,0,0,
2,419,Overall,Overall,26,22,26,2.0,2.105648,0.447764,2,0,
2,420,Overall,Overall,18,8,18,-1.0,-0.362393,0.441794,0,0,
2,421,Overall,Overall,20,14,20,1.5,1.332571,0.449386,1,0,
2,422,Overall,Overall,20,6,20,-0.5,-0.884114,0.447043,-1,0,
2,423,Overall,Overall,19,13,19,2.0,0.923416,0.44677,1,0,
2,424,Overall,Overall,18,10,18,0.5,0.156061,0.441708,0,0,
2,425,Overall,Overall,19,7,19,-1.0,-0.789499,0.44326,-1,0,
2,426,Overall,Overall,18,9,18,-1.0,-0.099181,0.439871,0,0,
2,427,Overall,Overall,20,7,20,-1.0,-0.927682,0.441492,-1,0,
2,428,Overall,Overall,23,18,23,2.0,1.442984,0.44731,1,0,
2,429,Overall,Overall,23,6,23,-1.0,-1.394898,0.445005,-1,0,
2,430,Overall,Overall,18,11,18,0.5,0.530196,0.444757,1,0,
2,431,Overall,Overall,19,7,19,-1.0,-0.776887,0.444273,-1,0,
2,432,Overall,Overall,21,6,21,-2.0,-1.040965,0.447658,-1,0,
2,433,Overall,Overall,18,10,18,0.5,0.420382,0.442737,0,0,
2,434,Overall,Overall,23,6,23,-1.5,-1.394898,0.445005,-1,0,
2,435,Overall,Overall,18,10,18,1.0,0.535037,0.446836,1,0,
2,436,Overall,Overall,30,2,30,-2.0,-2.573055,0.481923,-3,0,
2,437,Overall,Overall,24,6,24,-2.0,-1.523924,0.441228,-2,0,
2,438,Overall,Overall,18,8,18,-0.5,-0.362393,0.441794,0,0,
2,439,Overall,Overall,19,7,19,0.0,-0.789499,0.44326,-1,0,
2,440,Overall,Overall,19,13,19,0.5,0.813241,0.44711,1,0,
2,441,Overall,Overall,20,14,20,2.0,1.332571,0.449386,1,0,
2,442,Overall,Overall,21,6,21,-2.0,-1.040965,0.447658,-1,0,
2,443,Overall,Overall,20,6,20,-2.0,-1.125987,0.449573,-1,0,
2,444,Overall,Overall,18,8,18,0.0,-0.181816,0.442386,0,0,
2,445,Overall,Overall,19,7,19,-1.0,-0.789499,0.44326,-1,0,
2,446,Overall,Overall,20,7,20,-1.0,-0.927682,0.441492,-1,0,
2,447,Overall,Overall,24,5,24,-2.0,-1.433761,0.447613,-1,0,
2,448,Overall,Overall,24,5,24,-1.5,-1.60644,0.447084,-2,0,
2,449,Overall,Overall,18,9,18,0.0,-0.099181,0.439871,0,0,
2,450,Overall,Overall,18,8,18,-1.0,-0.362393,0.441794,0,0,
2,451,Overall,Overall,20,7,20,-0.5,-0.927682,0.441492,-1,0,
2,452,Overall,Overall,24,6,24,-2.0,-1.411623,0.436105,-1,0,
2,453,Overall,Overall,18,10,18,0.0,0.420382,0.442737,0,0,
2,454,Overall,Overall,18,10,18,0.0,0.462176,0.443323,0,0,
2,455,Overall,Overall,19,13,19,1.5,1.020148,0.44849,1,0,
2,456,Overall,Overall,22,16,22,1.5,1.223949,0.438246,1,0,
2,457,Overall,Overall,19,12,19,1.5,0.877393,0.446957,1,0,
2,458,Overall,Overall,18,10,18,1.0,0.535037,0.446836,1,0,
2,459,Overall,Overall,20,6,20,-1.5,-1.125987,0.449573,-1,0,
2,460,Overall,Overall,20,14,20,1.5,1.164925,0.446179,1,0,
2,461,Overall,Overall,26,22,26,2.0,2.105648,0.447764,2,0,
2,462,Overall,Overall,30,3,30,-2.0,-2.351666,0.459797,-2,0,
2,463,Overall,Overall,23,6,23,-1.5,-1.2869,0.439267,-1,0,
2,464,Overall,Overall,18,9,18,0.5,0.224953,0.441899,0,0,
2,465,Overall,Overall,19,13,19,1.5,1.020148,0.44849,1,0,
2,466,Overall,Overall,20,13,20,1.5,1.094457,0.442095,1,0,
2,467,Overall,Overall,23,18,23,2.0,1.752297,0.44943,2,0,
2,468,Overall,Overall,19,6,19,-1.5,-0.8827,0.448556,-1,0,
2,469,Overall,Overall,22,6,22,-1.0,-1.167477,0.443502,-1,0,
2,470,Overall,Overall,22,6,22,-2.0,-1.209891,0.445682,-1,0,
2,471,Overall,Overall,23,5,23,-2.0,-1.428952,0.448555,-1,0,
2,472,Overall,Overall,23,5,23,-1.0,-1.428952,0.448555,-1,0,
2,473,Overall,Overall,19,12,19,0.5,0.642887,0.437814,1,0,
2,474,Overall,Overall,23,18,23,1.0,1.752297,0.44943,2,0,
2,475,Overall,Overall,25,6,25,-1.0,-1.588992,0.435126,-2,0,
2,476,Overall,Overall,21,6,21,-2.0,-1.121807,0.448912,-1,0,
2,477,Overall,Overall,19,13,19,2.0,0.837783,0.445639,1,0,
2,478,Overall,Overall,18,9,18,0.5,0.224953,0.441899,0,0,
2,479,Overall,Overall,19,6,19,-1.0,-0.8827,0.448556,-1,0,
2,480,Overall,Overall,20,14,20,1.5,1.149311,0.447399,1,0,
2,481,Overall,Overall,24,6,24,-1.5,-1.411623,0.436105,-1,0,
2,482,Overall,Overall,20,14,20,1.5,1.29261,0.448612,1,0,
2,483,Overall,Overall,23,5,23,-2.0,-1.428952,0.448555,-1,0,
2,484,Overall,Overall,19,7,19,-2.0,-0.873473,0.448371,-1,0,
2,485,Overall,Overall,20,13,20,1.5,1.094457,0.442095,1,0,
2,486,Overall,Overall,17,9,17,0.0,0.211029,0.449949,0,0,
2,487,Overall,Overall,21,15,21,1.5,1.29946,0.448372,1,0,
2,488,Overall,Overall,18,9,18,0.0,-0.099181,0.439871,0,0,
2,489,Overall,Overall,26,5,26,-2.0,-1.836454,0.44049,-2,0,
2,490,Overall,Overall,19,7,19,-1.0,-0.685161,0.440848,-1,0,
2,491,Overall,Overall,18,7,18,-0.5,-0.450495,0.448309,0,0,
2,492,Overall,Overall,18,7,18,-0.5,-0.559084,0.445705,-1,0,
2,493,Overall,Overall,18,10,18,0.0,0.334364,0.440808,0,0,
2,494,Overall,Overall,25,5,25,-2.0,-1.782765,0.44566,-2,0,
2,495,Overall,Overall,23,17,23,2.0,1.506346,0.437253,2,0,
2,496,Overall,Overall,22,6,22,-1.0,-1.209891,0.445682,-1,0,
2,497,Overall,Overall,22,16,22,2.0,1.485371,0.440388,1,0,
2,498,Overall,Overall,23,18,23,1.5,1.752297,0.44943,2,0,
2,499,Overall,Overall,18,10,18,0.5,0.156463,0.44287,0,0,
2,500,Overall,Overall,25,6,25,-2.0,-1.588992,0.435126,-2,0,
2,501,Overall,Overall,28,5,28,-2.0,-1.909339,0.432651,-2,0,
2,502,Overall,Overall,18,8,18,-1.0,-0.292955,0.441014,0,0,
2,503,Overall,Overall,18,9,18,-0.5,-0.099181,0.439871,0,0,
2,504,Overall,Overall,19,12,19,1.0,0.822524,0.441093,1,0,
2,505,Overall,Overall,27,5,27,-1.5,-1.875432,0.43631,-2,0,
2,506,Overall,Overall,17,9,17,0.0,0.211029,0.449949,0,0,
2,507,Overall,Overall,20,14,20,1.5,1.164925,0.446179,1,0,
2,508,Overall,Overall,18,8,18,-1.5,-0.292955,0.441014,0,0,
2,509,Overall,Overall,21,15,21,2.0,1.29946,0.448372,1,0,
2,510,Overall,Overall,18,10,18,0.5,0.558968,0.445391,1,0,
2,511,Overall,Overall,22,6,22,-1.0,-1.167477,0.443502,-1,0,
2,512,Overall,Overall,18,8,18,-1.0,-0.353852,0.442387,0,0,
2,513,Overall,Overall,18,9,18,0.5,0.012984,0.440826,0,0,
2,514,Overall,Overall,18,9,18,0.5,-0.167841,0.440855,0,0,
2,515,Overall,Overall,18,7,18,-0.5,-0.585679,0.448743,-1,0,
2,516,Overall,Overall,25,5,25,-1.5,-1.782765,0.44566,-2,0,
2,517,Overall,Overall,23,6,23,-2.0,-1.394898,0.445005,-1,0,
2,518,Overall,Overall,18,11,18,0.5,0.758655,0.448823,1,0,
2,519,Overall,Overall,22,17,22,2.0,1.78274,0.44872,2,0,
2,520,Overall,Overall,19,12,19,0.5,0.932596,0.447885,1,0,
2,521,Overall,Overall,19,11,19,0.5,0.556828,0.440004,1,0,
2,522,Overall,Overall,21,15,21,2.0,1.29946,0.448372,1,0,
2,523,Overall,Overall,18,8,18,-0.5,-0.362393,0.441794,0,0,
2,524,Overall,Overall,23,18,23,1.5,1.752297,0.44943,2,0,
2,525,Overall,Overall,24,5,24,-1.5,-1.60644,0.447084,-2,0,
2,526,Overall,Overall,25,5,25,-1.5,-1.782765,0.44566,-2,0,
2,527,Overall,Overall,18,11,18,0.5,0.572321,0.445523,1,0,
2,528,Overall,Overall,19,13,19,1.0,0.837783,0.445639,1,0,
2,529,Overall,Overall,30,28,30,2.0,2.608449,0.47827,3,0,
2,530,Overall,Overall,20,13,20,1.0,1.055237,0.440995,1,0,
2,531,Overall,Overall,18,9,18,-0.5,-0.099181,0.439871,0,0,
2,532,Overall,Overall,18,9,18,1.0,0.224953,0.441899,0,0,
2,533,Overall,Overall,21,6,21,-1.5,-1.167408,0.444378,-1,0,
2,534,Overall,Overall,18,8,18,-1.0,-0.362393,0.441794,0,0,
2,535,Overall,Overall,23,5,23,-1.0,-1.428952,0.448555,-1,0,
2,536,Overall,Overall,17,9,17,0.5,0.211029,0.449949,0,0,
2,537,Overall,Overall,24,5,24,-2.0,-1.60644,0.447084,-2,0,
2,538,Overall,Overall,19,12,19,1.0,0.80442,0.442305,1,0,
2,539,Overall,Overall,18,7,18,-1.0,-0.640154,0.447187,-1,0,
2,540,Overall,Overall,23,18,23,2.0,1.752297,0.44943,2,0,
2,541,Overall,Overall,19,12,19,1.0,0.80442,0.442305,1,0,
2,542,Overall,Overall,19,11,19,1.0,0.679642,0.442853,1,0,
2,543,Overall,Overall,25,6,25,-2.0,-1.588992,0.435126,-2,0,
2,544,Overall,Overall,23,17,23,1.5,1.554862,0.43965,2,0,
2,545,Overall,Overall,17,9,17,-0.5,0.211029,0.449949,0,0,
2,546,Overall,Overall,30,3,30,-1.5,-2.351666,0.459797,-2,0,
2,547,Overall,Overall,18,9,18,0.0,-0.099181,0.439871,0,0,
2,548,Overall,Overall,20,13,20,2.0,1.094457,0.442095,1,0,
2,549,Overall,Overall,20,7,20,-1.5,-0.927682,0.441492,-1,0,
2,550,Overall,Overall,28,4,28,-2.0,-2.10255,0.446916,-2,0,
2,551,Overall,Overall,18,7,18,0.0,-0.626395,0.448206,-1,0,
2,552,Overall,Overall,19,12,19,1.5,0.877393,0.446957,1,0,
2,553,Overall,Overall,18,8,18,0.0,-0.292955,0.441014,0,0,
2,554,Overall,Overall,18,11,18,0.0,0.572321,0.445523,1,0,
2,555,Overall,Overall,24,5,24,-2.0,-1.433761,0.447613,-1,0,
2,556,Overall,Overall,18,9,18,-1.0,-0.099181,0.439871,0,0,
2,557,Overall,Overall,24,19,24,2.0,1.818284,0.443533,2,0,
2,558,Overall,Overall,18,7,18,-1.5,-0.551064,0.446288,-1,0,
2,559,Overall,Overall,18,9,18,0.0,0.224953,0.441899,0,0,
2,560,Overall,Overall,18,9,18,0.0,0.018315,0.440003,0,0,
2,561,Overall,Overall,20,6,20,-1.5,-1.136639,0.448609,-1,0,
2,562,Overall,Overall,23,5,23,-2.0,-1.428952,0.448555,-1,0,
2,563,Overall,Overall,18,11,18,0.5,0.530196,0.444757,1,0,
2,564,Overall,Overall,23,17,23,1.5,1.506346,0.437253,2,0,
2,565,Overall,Overall,28,4,28,-2.0,-2.10255,0.446916,-2,0,
2,566,Overall,Overall,20,6,20,-1.0,-1.125987,0.449573,-1,0,
2,567,Overall,Overall,22,15,22,1.5,1.234631,0.436502,1,0,
2,568,Overall,Overall,18,10,18,0.5,0.156061,0.441708,0,0,
2,569,Overall,Overall,21,6,21,-1.0,-0.992918,0.445777,-1,0,
2,570,Overall,Overall,18,7,18,0.0,-0.559084,0.445705,-1,0,
2,571,Overall,Overall,20,14,20,1.5,1.040803,0.444682,1,0,
2,572,Overall,Overall,18,8,18,0.0,-0.292955,0.441014,0,0,
2,573,Overall,Overall,18,10,18,0.5,0.558968,0.445391,1,0,
2,574,Overall,Overall,18,8,18,-0.5,-0.362393,0.441794,0,0,
2,575,Overall,Overall,18,7,18,-0.5,-0.450495,0.448309,0,0,
2,576,Overall,Overall,18,10,18,0.5,0.558968,0.445391,1,0,
2,577,Overall,Overall,24,5,24,-2.0,-1.663296,0.449188,-2,0,
2,578,Overall,Overall,18,8,18,0.5,-0.236856,0.441482,0,0,
2,579,Overall,Overall,18,8,18,0.0,-0.181816,0.442386,0,0,
2,580,Overall,Overall,18,10,18,0.5,0.558968,0.445391,1,0,
2,581,Overall,Overall,28,4,28,-2.0,-2.10255,0.446916,-2,0,
2,582,Overall,Overall,20,13,20,1.0,0.846883,0.436502,1,0,
2,583,Overall,Overall,19,12,19,1.0,0.877393,0.446957,1,0,
2,584,Overall,Overall,18,10,18,0.0,0.28018,0.443163,0,0,
2,585,Overall,Overall,23,7,23,-2.0,-1.2005,0.437164,-1,0,
2,586,Overall,Overall,21,7,21,-1.0,-0.798003,0.437656,-1,0,
2,587,Overall,Overall,23,6,23,-2.0,-1.394898,0.445005,-1,0,
2,588,Overall,Overall,30,4,30,-1.5,-2.148708,0.441763,-2,0,
2,589,Overall,Overall,18,10,18,0.5,0.278705,0.441087,0,0,
2,590,Overall,Overall,19,13,19,1.5,1.003122,0.449699,1,0,
2,591,Overall,Overall,18,7,18,-1.0,-0.626395,0.448206,-1,0,
2,592,Overall,Overall,19,13,19,1.5,1.020148,0.44849,1,0,
2,593,Overall,Overall,18,7,18,-0.5,-0.640154,0.447187,-1,0,
2,594,Overall,Overall,19,13,19,1.0,1.020148,0.44849,1,0,
2,595,Overall,Overall,18,10,18,0.5,0.420382,0.442737,0,0,
2,596,Overall,Overall,25,5,25,-2.0,-1.782765,0.44566,-2,0,
2,597,Overall,Overall,19,7,19,0.0,-0.789499,0.44326,-1,0,
2,598,Overall,Overall,21,6,21,-1.5,-1.040965,0.447658,-1,0,
2,599,Overall,Overall,18,7,18,0.0,-0.450495,0.448309,0,0,
2,600,Overall,Overall,26,22,26,2.0,2.105648,0.447764,2,0,
2,601,Overall,Overall,18,8,18,-0.5,-0.442049,0.443487,0,0,
2,602,Overall,Overall,28,4,28,-2.0,-2.10255,0.446916,-2,0,
2,603,Overall,Overall,18,7,18,-0.5,-0.640154,0.447187,-1,0,
2,604,Overall,Overall,18,10,18,0.5,0.496092,0.446443,0,0,
2,605,Overall,Overall,30,2,30,-2.0,-2.573055,0.481923,-3,0,
2,606,Overall,Overall,20,14,20,1.5,1.070897,0.445271,1,0,
2,607,Overall,Overall,18,8,18,-0.5,-0.362393,0.441794,0,0,
2,608,Overall,Overall,18,7,18,-1.0,-0.626395,0.448206,-1,0,
2,609,Overall,Overall,21,6,21,-1.0,-0.941766,0.443808,-1,0,
2,610,Overall,Overall,18,8,18,-0.5,-0.362393,0.441794,0,0,
2,611,Overall,Overall,19,12,19,1.0,0.912775,0.4451,1,0,
2,612,Overall,Overall,18,7,18,-0.5,-0.559084,0.445705,-1,0,
2,613,Overall,Overall,19,12,19,1.5,0.782352,0.44369,1,0,
2,614,Overall,Overall,19,6,19,-0.5,-0.8827,0.448556,-1,0,
2,615,Overall,Overall,20,6,20,-1.5,-1.125987,0.449573,-1,0,
2,616,Overall,Overall,25,5,25,-2.0,-1.782765,0.44566,-2,0,
2,617,Overall,Overall,18,10,18,0.5,0.334364,0.440808,0,0,
2,618,Overall,Overall,19,7,19,-0.5,-0.589929,0.443448,-1,0,
2,619,Overall,Overall,25,5,25,-2.0,-1.782765,0.44566,-2,0,
2,620,Overall,Overall,18,11,18,1.0,0.530196,0.444757,1,0,
2,621,Overall,Overall,23,18,23,2.0,1.752297,0.44943,2,0,
2,622,Overall,Overall,27,4,27,-2.0,-1.694612,0.456886,-2,0,
2,623,Overall,Overall,18,9,18,0.0,0.224953,0.441899,0,0,
2,624,Overall,Overall,19,7,19,-1.5,-0.789499,0.44326,-1,0,
2,625,Overall,Overall,18,9,18,0.0,-0.245922,0.442719,0,0,
2,626,Overall,Overall,19,7,19,-1.0,-0.789499,0.44326,-1,0,
2,627,Overall,Overall,19,13,19,0.0,0.837783,0.445639,1,0,
2,628,Overall,Overall,20,6,20,-2.0,-1.125987,0.449573,-1,0,
2,629,Overall,Overall,19,8,19,0.0,-0.239526,0.43912,0,0,
2,630,Overall,Overall,26,4,26,-2.0,-1.674334,0.459263,-2,0,
2,631,Overall,Overall,21,15,21,1.5,1.275567,0.447362,1,0,
2,632,Overall,Overall,23,6,23,-1.0,-1.233492,0.436103,-1,0,
2,633,Overall,Overall,21,6,21,-1.0,-1.040965,0.447658,-1,0,
2,634,Overall,Overall,18,8,18,-1.0,-0.362393,0.441794,0,0,
2,635,Overall,Overall,26,22,26,2.0,2.105648,0.447764,2,0,
2,636,Overall,Overall,18,7,18,-1.0,-0.626395,0.448206,-1,0,
2,637,Overall,Overall,22,17,22,2.0,1.78274,0.44872,2,0,
2,638,Overall,Overall,18,7,18,0.5,-0.640154,0.447187,-1,0,
2,639,Overall,Overall,25,6,25,-2.0,-1.588992,0.435126,-2,0,
2,640,Overall,Overall,24,6,24,-1.5,-1.411623,0.436105,-1,0,
2,641,Overall,Overall,18,9,18,0.5,-0.167841,0.440855,0,0,
2,642,Overall,Overall,18,10,18,-0.5,0.094883,0.441676,0,0,
2,643,Overall,Overall,21,15,21,2.0,1.460342,0.444143,1,0,
2,644,Overall,Overall,20,14,20,1.5,0.987765,0.444875,1,0,
2,645,Overall,Overall,22,6,22,-1.5,-1.167477,0.443502,-1,0,
2,646,Overall,Overall,18,9,18,0.0,0.224953,0.441899,0,0,
2,647,Overall,Overall,18,8,18,0.5,-0.10126,0.445507,0,0,
2,648,Overall,Overall,18,9,18,0.0,0.078105,0.44037,0,0,
2,649,Overall,Overall,22,6,22,-2.0,-1.209891,0.445682,-1,0,
2,650,Overall,Overall,21,15,21,1.5,1.275567,0.447362,1,0,
2,651,Overall,Overall,18,10,18,0.0,0.156061,0.441708,0,0,
2,652,Overall,Overall,21,6,21,-0.5,-1.040965,0.447658,-1,0,
2,653,Overall,Overall,18,10,18,1.5,0.420382,0.442737,0,0,
2,654,Overall,Overall,18,9,18,1.0,0.224953,0.441899,0,0,
2,655,Overall,Overall,19,12,19,1.0,0.794687,0.447457,1,0,
2,656,Overall,Overall,18,7,18,-1.0,-0.640154,0.447187,-1,0,
2,657,Overall,Overall,21,7,21,-0.5,-0.748696,0.435446,-1,0,
2,658,Overall,Overall,18,9,18,-0.5,-0.038128,0.440121,0,0,
2,659,Overall,Overall,18,9,18,0.5,0.074132,0.440332,0,0,
2,660,Overall,Overall,21,7,21,-1.0,-0.798003,0.437656,-1,0,
2,661,Overall,Overall,27,23,27,1.5,1.683896,0.458157,2,0,
2,662,Overall,Overall,19,13,19,1.5,1.020148,0.44849,1,0,
2,663,Overall,Overall,22,6,22,-2.0,-1.209891,0.445682,-1,0,
2,664,Overall,Overall,24,19,24,1.5,1.818284,0.443533,2,0,
2,665,Overall,Overall,18,9,18,0.5,0.319122,0.444452,0,0,
2,666,Overall,Overall,23,18,23,2.0,1.701797,0.447364,2,0,
2,667,Overall,Overall,18,10,18,0.0,0.094883,0.441676,0,0,
2,668,Overall,Overall,25,6,25,-1.5,-1.588992,0.435126,-2,0,
2,669,Overall,Overall,23,6,23,-1.5,-1.2869,0.439267,-1,0,
2,670,Overall,Overall,19,12,19,0.5,0.727416,0.439167,1,0,
2,671,Overall,Overall,19,7,19,-0.5,-0.789499,0.44326,-1,0,
2,672,Overall,Overall,18,9,18,-0.5,-0.099181,0.439871,0,0,
2,673,Overall,Overall,19,7,19,-1.0,-0.789499,0.44326,-1,0,
2,674,Overall,Overall,17,9,17,1.0,0.211029,0.449949,0,0,
2,675,Overall,Overall,21,6,21,-1.0,-1.153638,0.445639,-1,0,
2,676,Overall,Overall,18,7,18,-0.5,-0.379319,0.446948,0,0,
2,677,Overall,Overall,30,3,30,-2.0,-2.351666,0.459797,-2,0,
2,678,Overall,Overall,20,13,20,1.5,0.920757,0.444788,1,0,
2,679,Overall,Overall,22,16,22,1.5,1.428211,0.443817,1,0,
2,680,Overall,Overall,18,8,18,0.0,-0.236856,0.441482,0,0,
2,681,Overall,Overall,20,13,20,1.5,1.094457,0.442095,1,0,
2,682,Overall,Overall,18,7,18,-1.0,-0.626395,0.448206,-1,0,
2,683,Overall,Overall,18,7,18,-1.0,-0.626395,0.448206,-1,0,
2,684,Overall,Overall,18,10,18,0.0,0.462176,0.443323,0,0,
2,685,Overall,Overall,18,8,18,0.0,-0.181816,0.442386,0,0,
2,686,Overall,Overall,18,7,18,-1.0,-0.450495,0.448309,0,0,
2,687,Overall,Overall,25,6,25,-2.0,-1.588992,0.435126,-2,0,
2,688,Overall,Overall,19,6,19,-0.5,-0.8827,0.448556,-1,0,
2,689,Overall,Overall,18,7,18,-0.5,-0.450495,0.448309,0,0,
2,690,Overall,Overall,19,12,19,1.5,0.932596,0.447885,1,0,
2,691,Overall,Overall,23,18,23,2.0,1.752297,0.44943,2,0,
2,692,Overall,Overall,18,7,18,-1.0,-0.450495,0.448309,0,0,
2,693,Overall,Overall,20,7,20,-1.0,-0.738916,0.44091,-1,0,
2,694,Overall,Overall,25,20,25,2.0,1.867099,0.438555,2,0,
2,695,Overall,Overall,18,8,18,0.5,-0.120331,0.442118,0,0,
2,696,Overall,Overall,21,15,21,2.0,1.282853,0.447806,1,0,
2,697,Overall,Overall,18,10,18,0.0,0.462176,0.443323,0,0,
2,698,Overall,Overall,19,6,19,-1.0,-0.8827,0.448556,-1,0,
2,699,Overall,Overall,24,19,24,1.0,1.818284,0.443533,2,0,
2,700,Overall,Overall,19,13,19,1.0,1.020148,0.44849,1,0,
2,701,Overall,Overall,20,7,20,-1.0,-0.927682,0.441492,-1,0,
2,702,Overall,Overall,23,18,23,1.5,1.431409,0.448513,1,0,
2,703,Overall,Overall,18,10,18,0.5,0.268317,0.441488,0,0,
2,704,Overall,Overall,18,8,18,0.0,-0.306477,0.442676,0,0,
2,705,Overall,Overall,28,5,28,-2.0,-1.909339,0.432651,-2,0,
2,706,Overall,Overall,19,12,19,1.0,0.932596,0.447885,1,0,
2,707,Overall,Overall,21,15,21,2.0,1.460342,0.444143,1,0,
2,708,Overall,Overall,18,7,18,-1.0,-0.551064,0.446288,-1,0,
2,709,Overall,Overall,18,7,18,-1.0,-0.640154,0.447187,-1,0,
2,710,Overall,Overall,18,7,18,-0.5,-0.626395,0.448206,-1,0,
2,711,Overall,Overall,20,7,20,-1.5,-0.939208,0.440492,-1,0,
2,712,Overall,Overall,22,16,22,1.5,1.585727,0.439431,2,0,
2,713,Overall,Overall,18,10,18,0.5,0.558968,0.445391,1,0,
2,714,Overall,Overall,18,11,18,1.0,0.572321,0.445523,1,0,
2,715,Overall,Overall,22,16,22,1.5,1.463497,0.446287,1,0,
2,716,Overall,Overall,19,12,19,0.0,0.822524,0.441093,1,0,
2,717,Overall,Overall,21,6,21,-1.5,-1.040965,0.447658,-1,0,
2,718,Overall,Overall,19,7,19,-1.0,-0.789499,0.44326,-1,0,
2,719,Overall,Overall,21,7,21,-1.0,-0.798003,0.437656,-1,0,
2,720,Overall,Overall,18,8,18,-1.0,-0.292955,0.441014,0,0,
2,721,Overall,Overall,17,9,17,0.5,0.211029,0.449949,0,0,
2,722,Overall,Overall,19,12,19,1.0,0.932596,0.447885,1,0,
2,723,Overall,Overall,20,7,20,-1.5,-0.927682,0.441492,-1,0,
2,724,Overall,Overall,23,18,23,2.0,1.752297,0.44943,2,0,
2,725,Overall,Overall,18,7,18,-0.5,-0.559084,0.445705,-1,0,
2,726,Overall,Overall,18,11,18,1.0,0.660081,0.446903,1,0,
2,727,Overall,Overall,18,8,18,-1.0,-0.362393,0.441794,0,0,
2,728,Overall,Overall,20,14,20,1.5,1.29261,0.448612,1,0,
2,729,Overall,Overall,20,7,20,-1.0,-0.939208,0.440492,-1,0,
2,730,Overall,Overall,22,7,22,-1.5,-0.974561,0.435352,-1,0,
2,731,Overall,Overall,18,8,18,-0.5,-0.353852,0.442387,0,0,
2,732,Overall,Overall,20,14,20,1.0,1.070897,0.445271,1,0,
2,733,Overall,Overall,20,13,20,1.0,1.055237,0.440995,1,0,
2,734,Overall,Overall,23,18,23,2.0,1.752297,0.44943,2,0,
2,735,Overall,Overall,18,7,18,-0.5,-0.559084,0.445705,-1,0,
2,736,Overall,Overall,19,13,19,0.5,0.923416,0.44677,1,0,
2,737,Overall,Overall,24,6,24,-1.5,-1.523924,0.441228,-2,0,
2,738,Overall,Overall,18,9,18,-0.5,0.26614,0.442681,0,0,
2,739,Overall,Overall,21,6,21,-1.5,-1.040965,0.447658,-1,0,
2,740,Overall,Overall,28,5,28,-2.0,-1.909339,0.432651,-2,0,
2,741,Overall,Overall,18,8,18,0.5,-0.292955,0.441014,0,0,
2,742,Overall,Overall,18,8,18,-0.5,-0.182778,0.442429,0,0,
2,743,Overall,Overall,19,13,19,1.5,1.020148,0.44849,1,0,
2,744,Overall,Overall,18,7,18,0.0,-0.551064,0.446288,-1,0,
2,745,Overall,Overall,26,22,26,2.0,2.105648,0.447764,2,0,
2,746,Overall,Overall,18,9,18,1.0,0.224953,0.441899,0,0,
2,747,Overall,Overall,21,7,21,-1.5,-0.798003,0.437656,-1,0,
2,748,Overall,Overall,18,11,18,1.0,0.530196,0.444757,1,0,
2,749,Overall,Overall,18,8,18,-1.0,-0.427375,0.44452,0,0,
2,750,Overall,Overall,22,16,22,2.0,1.127914,0.437653,1,0,
2,751,Overall,Overall,20,6,20,-1.0,-1.136639,0.448609,-1,0,
2,752,Overall,Overall,18,8,18,0.0,-0.362393,0.441794,0,0,
2,753,Overall,Overall,22,6,22,-1.5,-1.209891,0.445682,-1,0,
2,754,Overall,Overall,18,10,18,0.5,0.222866,0.441813,0,0,
2,755,Overall,Overall,22,6,22,-1.5,-1.167477,0.443502,-1,0,
2,756,Overall,Overall,18,11,18,1.0,0.758655,0.448823,1,0,
2,757,Overall,Overall,19,8,19,-0.5,-0.595304,0.43854,-1,0,
2,758,Overall,Overall,18,8,18,0.0,-0.292955,0.441014,0,0,
2,759,Overall,Overall,23,5,23,-2.0,-1.423029,0.449125,-1,0,
2,760,Overall,Overall,22,6,22,-1.5,-1.209891,0.445682,-1,0,
2,761,Overall,Overall,22,16,22,0.5,1.485371,0.440388,1,0,
2,762,Overall,Overall,18,10,18,0.0,0.247138,0.442365,0,0,
2,763,Overall,Overall,30,3,30,-2.0,-2.351666,0.459797,-2,0,
2,764,Overall,Overall,22,16,22,1.0,1.462691,0.446261,1,0,
2,765,Overall,Overall,18,11,18,1.0,0.758655,0.448823,1,0,
2,766,Overall,Overall,21,6,21,-2.0,-1.129277,0.447238,-1,0,
2,767,Overall,Overall,18,8,18,-1.0,-0.442049,0.443487,0,0,
2,768,Overall,Overall,20,6,20,-1.0,-0.936962,0.44959,-1,0,
2,769,Overall,Overall,18,8,18,0.0,-0.442049,0.443487,0,0,
2,770,Overall,Overall,24,5,24,-2.0,-1.60644,0.447084,-2,0,
2,771,Overall,Overall,20,7,20,-1.0,-0.927682,0.441492,-1,0,
2,772,Overall,Overall,18,9,18,0.5,0.074132,0.440332,0,0,
2,773,Overall,Overall,18,8,18,-0.5,-0.362393,0.441794,0,0,
2,774,Overall,Overall,24,6,24,-1.5,-1.523924,0.441228,-2,0,
2,775,Overall,Overall,24,6,24,-1.5,-1.239223,0.434951,-1,0,
2,776,Overall,Overall,24,5,24,-1.0,-1.433761,0.447613,-1,0,
2,777,Overall,Overall,18,7,18,0.0,-0.626395,0.448206,-1,0,
2,778,Overall,Overall,20,14,20,1.5,1.332571,0.449386,1,0,
2,779,Overall,Overall,18,10,18,0.5,0.334364,0.440808,0,0,
2,780,Overall,Overall,18,8,18,0.0,-0.292955,0.441014,0,0,
2,781,Overall,Overall,26,22,26,2.0,2.105648,0.447764,2,0,
2,782,Overall,Overall,30,3,30,-2.0,-2.351666,0.459797,-2,0,
2,783,Overall,Overall,25,20,25,2.0,1.911743,0.434612,2,0,
2,784,Overall,Overall,22,16,22,1.5,1.463497,0.446287,1,0,
2,785,Overall,Overall,18,9,18,-0.5,0.012984,0.440826,0,0,
2,786,Overall,Overall,26,22,26,1.0,2.105648,0.447764,2,0,
2,787,Overall,Overall,20,7,20,-1.0,-0.738916,0.44091,-1,0,
2,788,Overall,Overall,18,9,18,0.5,-0.167841,0.440855,0,0,
2,789,Overall,Overall,18,11,18,1.0,0.572321,0.445523,1,0,
2,790,Overall,Overall,18,7,18,-0.5,-0.626395,0.448206,-1,0,
2,791,Overall,Overall,22,17,22,1.5,1.78274,0.44872,2,0,
2,792,Overall,Overall,23,5,23,-1.5,-1.427859,0.448661,-1,0,
2,793,Overall,Overall,19,13,19,2.0,0.923416,0.44677,1,0,
2,794,Overall,Overall,18,9,18,0.5,-0.167841,0.440855,0,0,
2,795,Overall,Overall,17,9,17,0.0,0.211029,0.449949,0,0,
2,796,Overall,Overall,21,6,21,-2.0,-1.040965,0.447658,-1,0,
2,797,Overall,Overall,18,10,18,1.0,0.558968,0.445391,1,0,
2,798,Overall,Overall,19,12,19,1.0,0.932596,0.447885,1,0,
2,799,Overall,Overall,20,7,20,-1.5,-0.939208,0.440492,-1,0,
2,800,Overall,Overall,18,7,18,-0.5,-0.500233,0.448786,-1,0,
2,801,Overall,Overall,24,5,24,-2.0,-1.60644,0.447084,-2,0,
2,802,Overall,Overall,18,9,18,0.0,0.224953,0.441899,0,0,
2,803,Overall,Overall,20,6,20,-2.0,-1.125987,0.449573,-1,0,
2,804,Overall,Overall,18,10,18,-1.0,0.278705,0.441087,0,0,
2,805,Overall,Overall,23,6,23,-2.0,-1.447971,0.447977,-1,0,
2,806,Overall,Overall,18,11,18,1.5,0.758655,0.448823,1,0,
2,807,Overall,Overall,18,9,18,-0.5,0.012984,0.440826,0,0,
2,808,Overall,Overall,22,6,22,-1.5,-1.167477,0.443502,-1,0,
2,809,Overall,Overall,18,11,18,1.5,0.530196,0.444757,1,0,
2,810,Overall,Overall,23,6,23,-1.5,-1.394898,0.445005,-1,0,
2,811,Overall,Overall,25,20,25,2.0,1.867099,0.438555,2,0,
2,812,Overall,Overall,19,12,19,1.0,0.642887,0.437814,1,0,
2,813,Overall,Overall,18,9,18,0.5,0.012984,0.440826,0,0,
2,814,Overall,Overall,20,7,20,-0.5,-0.939208,0.440492,-1,0,
2,815,Overall,Overall,18,10,18,1.0,0.558968,0.445391,1,0,
2,816,Overall,Overall,20,6,20,-1.0,-1.125987,0.449573,-1,0,
2,817,Overall,Overall,20,6,20,-1.0,-1.125987,0.449573,-1,0,
2,818,Overall,Overall,18,9,18,-0.5,-0.099181,0.439871,0,0,
2,819,Overall,Overall,18,8,18,-0.5,-0.120331,0.442118,0,0,
2,820,Overall,Overall,22,17,22,2.0,1.78274,0.44872,2,0,
2,821,Overall,Overall,18,10,18,1.5,0.222866,0.441813,0,0,
2,822,Overall,Overall,19,6,19,0.0,-0.8827,0.448556,-1,0,
2,823,Overall,Overall,23,18,23,2.0,1.752297,0.44943,2,0,
2,824,Overall,Overall,20,13,20,0.5,1.055237,0.440995,1,0,
2,825,Overall,Overall,19,12,19,1.0,0.932596,0.447885,1,0,
2,826,Overall,Overall,18,9,18,-1.0,-0.038128,0.440121,0,0,
2,827,Overall,Overall,17,9,17,0.0,0.211029,0.449949,0,0,
2,828,Overall,Overall,19,12,19,1.0,0.80442,0.442305,1,0,
2,829,Overall,Overall,18,7,18,-1.0,-0.559084,0.445705,-1,0,
2,830,Overall,Overall,18,11,18,1.0,0.572321,0.445523,1,0,
2,831,Overall,Overall,18,9,18,0.5,-0.099181,0.439871,0,0,
2,832,Overall,Overall,19,12,19,1.5,0.932596,0.447885,1,0,
2,833,Overall,Overall,18,11,18,1.0,0.660081,0.446903,1,0,
2,834,Overall,Overall,19,8,19,0.0,-0.07821,0.44075,0,0,
2,835,Overall,Overall,19,7,19,0.0,-0.274785,0.446468,0,0,
2,836,Overall,Overall,18,10,18,1.0,0.535037,0.446836,1,0,
2,837,Overall,Overall,18,8,18,0.5,-0.292955,0.441014,0,0,
2,838,Overall,Overall,22,16,22,1.5,1.048555,0.437028,1,0,
2,839,Overall,Overall,18,11,18,0.5,0.572321,0.445523,1,0,
2,840,Overall,Overall,18,7,18,-0.5,-0.585679,0.448743,-1,0,
2,841,Overall,Overall,23,18,23,2.0,1.752297,0.44943,2,0,
2,842,Overall,Overall,24,6,24,-2.0,-1.411623,0.436105,-1,0,
2,843,Overall,Overall,18,8,18,-0.5,-0.181816,0.442386,0,0,
2,844,Overall,Overall,18,8,18,-1.5,-0.362393,0.441794,0,0,
2,845,Overall,Overall,20,13,20,2.0,1.055237,0.440995,1,0,
2,846,Overall,Overall,18,9,18,0.5,-0.038128,0.440121,0,0,
2,847,Overall,Overall,19,13,19,1.0,1.003122,0.449699,1,0,
2,848,Overall,Overall,28,4,28,-2.0,-2.10255,0.446916,-2,0,
2,849,Overall,Overall,18,7,18,-1.5,-0.626395,0.448206,-1,0,
2,850,Overall,Overall,19,6,19,-1.0,-0.8827,0.448556,-1,0,
2,851,Overall,Overall,18,10,18,0.0,0.212306,0.441376,0,0,
2,852,Overall,Overall,23,17,23,2.0,1.554862,0.43965,2,0,
2,853,Overall,Overall,18,8,18,-0.5,-0.287533,0.441371,0,0,
2,854,Overall,Overall,20,6,20,-1.5,-1.136639,0.448609,-1,0,
2,855,Overall,Overall,18,9,18,1.0,0.319122,0.444452,0,0,
2,856,Overall,Overall,18,10,18,0.5,0.462176,0.443323,0,0,
2,857,Overall,Overall,25,20,25,2.0,1.867099,0.438555,2,0,
2,858,Overall,Overall,20,7,20,-1.0,-0.939208,0.440492,-1,0,
2,859,Overall,Overall,18,7,18,-0.5,-0.602158,0.449968,-1,0,
2,860,Overall,Overall,18,8,18,-0.5,-0.175764,0.441577,0,0,
2,861,Overall,Overall,26,22,26,2.0,2.105648,0.447764,2,0,
2,862,Overall,Overall,18,8,18,-0.5,-0.362393,0.441794,0,0,
2,863,Overall,Overall,18,9,18,1.0,0.224953,0.441899,0,0,
2,864,Overall,Overall,23,6,23,-2.0,-1.394898,0.445005,-1,0,
2,865,Overall,Overall,19,7,19,-2.0,-0.789499,0.44326,-1,0,
2,866,Overall,Overall,18,8,18,-1.0,-0.181816,0.442386,0,0,
2,867,Overall,Overall,18,10,18,0.5,0.535037,0.446836,1,0,
2,868,Overall,Overall,18,8,18,-0.5,-0.362393,0.441794,0,0,
2,869,Overall,Overall,25,21,25,1.5,2.093052,0.449441,2,0,
2,870,Overall,Overall,20,14,20,2.0,1.252541,0.447809,1,0,
2,871,Overall,Overall,22,17,22,1.0,1.324674,0.449978,1,0,
2,872,Overall,Overall,19,7,19,-0.5,-0.776887,0.444273,-1,0,
2,873,Overall,Overall,18,10,18,0.5,0.420382,0.442737,0,0,
2,874,Overall,Overall,18,9,18,1.5,0.361045,0.444859,0,0,
2,875,Overall,Overall,26,22,26,2.0,2.105648,0.447764,2,0,
2,876,Overall,Overall,22,16,22,1.5,1.218008,0.43882,1,0,
2,877,Overall,Overall,19,12,19,1.0,0.877393,0.446957,1,0,
2,878,Overall,Overall,30,3,30,-2.0,-2.351666,0.459797,-2,0,
2,879,Overall,Overall,17,9,17,0.0,0.211029,0.449949,0,0,
2,880,Overall,Overall,17,9,17,1.0,0.211029,0.449949,0,0,
2,881,Overall,Overall,19,12,19,1.0,0.865098,0.448135,1,0,
2,882,Overall,Overall,18,8,18,-0.5,-0.120331,0.442118,0,0,
2,883,Overall,Overall,26,22,26,2.0,1.572404,0.460487,2,0,
2,884,Overall,Overall,22,17,22,2.0,1.658129,0.446007,2,0,
2,885,Overall,Overall,18,7,18,-2.0,-0.626395,0.448206,-1,0,
2,886,Overall,Overall,20,6,20,-2.0,-1.125987,0.449573,-1,0,
2,887,Overall,Overall,18,9,18,-1.0,-0.167841,0.440855,0,0,
2,888,Overall,Overall,25,5,25,-2.0,-1.782765,0.44566,-2,0,
2,889,Overall,Overall,19,6,19,-1.5,-0.8827,0.448556,-1,0,
2,890,Overall,Overall,18,9,18,-0.5,0.074132,0.440332,0,0,
2,891,Overall,Overall,26,22,26,2.0,2.105648,0.447764,2,0,
2,892,Overall,Overall,20,7,20,-2.0,-0.927682,0.441492,-1,0,
2,893,Overall,Overall,25,6,25,-1.5,-1.588992,0.435126,-2,0,
2,894,Overall,Overall,21,6,21,-1.5,-1.040965,0.447658,-1,0,
2,895,Overall,Overall,18,8,18,0.0,-0.362393,0.441794,0,0,
2,896,Overall,Overall,24,6,24,-2.0,-1.523924,0.441228,-2,0,
2,897,Overall,Overall,21,15,21,1.0,1.100234,0.441293,1,0,
2,898,Overall,Overall,18,10,18,1.5,0.222866,0.441813,0,0,
2,899,Overall,Overall,26,22,26,2.0,2.105648,0.447764,2,0,
2,900,Overall,Overall,18,10,18,0.0,0.462176,0.443323,0,0,
3,1,Overall,Overall,18,10,18,1.0,0.334364,0.440808,0,0,
3,2,Overall,Overall,22,16,22,2.0,1.585727,0.439431,2,0,
3,3,Overall,Overall,18,8,18,-1.5,-0.362393,0.441794,0,0,
3,4,Overall,Overall,28,4,28,-2.0,-2.10255,0.446916,-2,0,
3,5,Overall,Overall,18,8,18,0.0,-0.10126,0.445507,0,0,
3,6,Overall,Overall,20,7,20,-2.0,-0.927682,0.441492,-1,0,
3,7,Overall,Overall,18,10,18,-0.5,0.374895,0.441819,0,0,
3,8,Overall,Overall,25,5,25,-2.0,-1.782765,0.44566,-2,0,
3,9,Overall,Overall,26,21,26,2.0,1.911443,0.434078,2,0,
3,10,Overall,Overall,20,14,20,2.0,1.29261,0.448612,1,0,
3,11,Overall,Overall,20,14,20,1.5,1.252541,0.447809,1,0,
3,12,Overall,Overall,18,7,18,0.0,-0.551064,0.446288,-1,0,
3,13,Overall,Overall,24,19,24,2.0,1.818284,0.443533,2,0,
3,14,Overall,Overall,20,7,20,-1.5,-0.927682,0.441492,-1,0,
3,15,Overall,Overall,18,10,18,0.5,0.222866,0.441813,0,0,
3,16,Overall,Overall,18,7,18,-1.5,-0.551064,0.446288,-1,0,
3,17,Overall,Overall,19,13,19,0.5,1.020148,0.44849,1,0,
3,18,Overall,Overall,18,8,18,0.0,-0.181816,0.442386,0,0,
3,19,Overall,Overall,23,6,23,-2.0,-1.394898,0.445005,-1,0,
3,20,Overall,Overall,28,4,28,-2.0,-2.10255,0.446916,-2,0,
3,21,Overall,Overall,25,5,25,-2.0,-1.782765,0.44566,-2,0,
3,22,Overall,Overall,19,13,19,1.5,0.780794,0.446984,1,0,
3,23,Overall,Overall,18,7,18,-1.0,-0.640154,0.447187,-1,0,
3,24,Overall,Overall,21,6,21,-1.5,-1.040965,0.447658,-1,0,
3,25,Overall,Overall,18,7,18,-1.0,-0.640154,0.447187,-1,0,
3,26,Overall,Overall,27,4,27,-2.0,-1.694612,0.456886,-2,0,
3,27,Overall,Overall,20,14,20,1.5,1.252541,0.447809,1,0,
3,28,Overall,Overall,26,22,26,2.0,1.660724,0.460868,2,0,
3,29,Overall,Overall,21,15,21,1.0,1.182552,0.44294,1,0,
3,30,Overall,Overall,19,7,19,-1.0,-0.873473,0.448371,-1,0,
3,31,Overall,Overall,26,22,26,2.0,2.105648,0.447764,2,0,
3,32,Overall,Overall,24,19,24,1.5,1.818284,0.443533,2,0,
3,33,Overall,Overall,22,6,22,-2.0,-1.262787,0.448952,-1,0,
3,34,Overall,Overall,20,14,20,1.5,1.130174,0.44883,1,0,
3,35,Overall,Overall,20,6,20,-1.5,-1.125987,0.449573,-1,0,
3,36,Overall,Overall,20,14,20,2.0,1.164925,0.446179,1,0,
3,37,Overall,Overall,25,5,25,-2.0,-1.782765,0.44566,-2,0,
3,38,Overall,Overall,22,16,22,2.0,1.522778,0.437584,2,0,
3,39,Overall,Overall,18,7,18,-1.5,-0.559084,0.445705,-1,0,
3,40,Overall,Overall,25,6,25,-1.5,-1.588992,0.435126,-2,0,
3,41,Overall,Overall,18,8,18,0.0,-0.181816,0.442386,0,0,
3,42,Overall,Overall,18,9,18,0.0,0.074132,0.440332,0,0,
3,43,Overall,Overall,18,9,18,0.5,0.012984,0.440826,0,0,
3,44,Overall,Overall,18,11,18,0.0,0.660081,0.446903,1,0,
3,45,Overall,Overall,23,5,23,-2.0,-1.427859,0.448661,-1,0,
3,46,Overall,Overall,19,13,19,1.0,1.003122,0.449699,1,0,
3,47,Overall,Overall,18,10,18,1.0,0.334364,0.440808,0,0,
3,48,Overall,Overall,21,15,21,1.5,1.460342,0.444143,1,0,
3,49,Overall,Overall,22,16,22,2.0,1.585727,0.439431,2,0,
3,50,Overall,Overall,17,9,17,0.5,0.211029,0.449949,0,0,
3,51,Overall,Overall,18,10,18,0.5,0.516784,0.445216,1,0,
3,52,Overall,Overall,19,12,19,0.5,0.642887,0.437814,1,0,
3,53,Overall,Overall,18,8,18,-0.5,-0.362393,0.441794,0,0,
3,54,Overall,Overall,18,10,18,1.0,0.383661,0.444899,0,0,
3,55,Overall,Overall,19,12,19,2.0,0.877393,0.446957,1,0,
3,56,Overall,Overall,20,14,20,1.0,1.164925,0.446179,1,0,
3,57,Overall,Overall,19,7,19,-0.5,-0.776887,0.444273,-1,0,
3,58,Overall,Overall,24,6,24,-1.0,-1.411623,0.436105,-1,0,
3,59,Overall,Overall,18,10,18,1.0,0.558968,0.445391,1,0,
3,60,Overall,Overall,18,10,18,0.5,0.156061,0.441708,0,0,
3,61,Overall,Overall,20,14,20,1.5,1.070897,0.445271,1,0,
3,62,Overall,Overall,20,6,20,-1.5,-1.125987,0.449573,-1,0,
3,63,Overall,Overall,18,11,18,1.0,0.572321,0.445523,1,0,
3,64,Overall,Overall,18,11,18,1.0,0.47488,0.445254,0,0,
3,65,Overall,Overall,18,8,18,0.0,-0.287533,0.441371,0,0,
3,66,Overall,Overall,18,9,18,0.0,0.26614,0.442681,0,0,
3,67,Overall,Overall,18,10,18,1.0,0.334364,0.440808,0,0,
3,68,Overall,Overall,29,4,29,-2.0,-2.126069,0.44426,-2,0,
3,69,Overall,Overall,18,8,18,0.0,-0.120331,0.442118,0,0,
3,70,Overall,Overall,19,12,19,1.5,0.727416,0.439167,1,0,
3,71,Overall,Overall,24,6,24,-2.0,-1.523924,0.441228,-2,0,
3,72,Overall,Overall,19,12,19,1.0,0.80442,0.442305,1,0,
3,73,Overall,Overall,19,13,19,1.0,1.003122,0.449699,1,0,
3,74,Overall,Overall,22,17,22,1.0,1.425776,0.449693,1,0,
3,75,Overall,Overall,18,7,18,-1.0,-0.626395,0.448206,-1,0,
3,76,Overall,Overall,18,7,18,-1.5,-0.559084,0.445705,-1,0,
3,77,Overall,Overall,19,7,19,-1.0,-0.776887,0.444273,-1,0,
3,78,Overall,Overall,17,9,17,0.5,0.211029,0.449949,0,0,
3,79,Overall,Overall,22,17,22,2.0,1.324674,0.449978,1,0,
3,80,Overall,Overall,18,8,18,-1.0,-0.181816,0.442386,0,0,
3,81,Overall,Overall,18,11,18,0.5,0.660081,0.446903,1,0,
3,82,Overall,Overall,18,9,18,0.0,0.361045,0.444859,0,0,
3,83,Overall,Overall,21,14,21,1.0,1.085742,0.440526,1,0,
3,84,Overall,Overall,20,14,20,1.5,1.040803,0.444682,1,0,
3,85,Overall,Overall,18,10,18,0.0,0.094883,0.441676,0,0,
3,86,Overall,Overall,18,9,18,-0.5,-0.038128,0.440121,0,0,
3,87,Overall,Overall,21,15,21,1.5,1.275567,0.447362,1,0,
3,88,Overall,Overall,17,9,17,0.5,0.152793,0.449939,0,0,
3,89,Overall,Overall,20,14,20,1.5,1.332571,0.449386,1,0,
3,90,Overall,Overall,18,10,18,0.5,0.278705,0.441087,0,0,
3,91,Overall,Overall,28,24,28,2.0,2.154679,0.442215,2,0,
3,92,Overall,Overall,17,9,17,0.5,0.211029,0.449949,0,0,
3,93,Overall,Overall,18,8,18,-0.5,-0.181816,0.442386,0,0,
3,94,Overall,Overall,18,11,18,1.5,0.758655,0.448823,1,0,
3,95,Overall,Overall,18,11,18,0.5,0.660081,0.446903,1,0,
3,96,Overall,Overall,18,11,18,0.5,0.530196,0.444757,1,0,
3,97,Overall,Overall,18,9,18,0.5,0.018315,0.440003,0,0,
3,98,Overall,Overall,23,18,23,2.0,1.431409,0.448513,1,0,
3,99,Overall,Overall,19,7,19,-1.0,-0.890431,0.446938,-1,0,
3,100,Overall,Overall,21,15,21,1.5,1.29946,0.448372,1,0,
3,101,Overall,Overall,18,11,18,0.0,0.660081,0.446903,1,0,
3,102,Overall,Overall,20,7,20,-1.0,-0.907359,0.443236,-1,0,
3,103,Overall,Overall,18,8,18,-0.5,-0.362393,0.441794,0,0,
3,104,Overall,Overall,19,13,19,1.0,0.923416,0.44677,1,0,
3,105,Overall,Overall,18,7,18,0.0,-0.626395,0.448206,-1,0,
3,106,Overall,Overall,24,5,24,-1.0,-1.60644,0.447084,-2,0,
3,107,Overall,Overall,18,9,18,-0.5,-0.099181,0.439871,0,0,
3,108,Overall,Overall,20,13,20,1.0,0.952902,0.439402,1,0,
3,109,Overall,Overall,18,9,18,0.5,-0.042763,0.440127,0,0,
3,110,Overall,Overall,20,14,20,0.5,1.070897,0.445271,1,0,
3,111,Overall,Overall,18,9,18,0.0,0.012984,0.440826,0,0,
3,112,Overall,Overall,18,8,18,1.0,0.120844,0.44661,0,0,
3,113,Overall,Overall,17,9,17,0.0,0.211029,0.449949,0,0,
3,114,Overall,Overall,18,8,18,-1.0,-0.442049,0.443487,0,0,
3,115,Overall,Overall,24,19,24,2.0,1.818284,0.443533,2,0,
3,116,Overall,Overall,23,5,23,-1.5,-1.423029,0.449125,-1,0,
3,117,Overall,Overall,23,17,23,2.0,1.554862,0.43965,2,0,
3,118,Overall,Overall,20,6,20,-1.0,-1.125987,0.449573,-1,0,
3,119,Overall,Overall,18,9,18,0.0,-0.042763,0.440127,0,0,
3,120,Overall,Overall,18,7,18,-1.0,-0.559084,0.445705,-1,0,
3,121,Overall,Overall,21,6,21,-1.5,-1.040965,0.447658,-1,0,
3,122,Overall,Overall,19,7,19,-0.5,-0.685161,0.440848,-1,0,
3,123,Overall,Overall,17,9,17,1.0,0.152793,0.449939,0,0,
3,124,Overall,Overall,18,8,18,-0.5,-0.362393,0.441794,0,0,
3,125,Overall,Overall,18,11,18,1.5,0.752072,0.449369,1,0,
3,126,Overall,Overall,25,6,25,-2.0,-1.588992,0.435126,-2,0,
3,127,Overall,Overall,19,12,19,1.0,0.972595,0.449343,1,0,
3,128,Overall,Overall,19,6,19,-0.5,-0.8827,0.448556,-1,0,
3,129,Overall,Overall,19,7,19,-1.5,-0.590911,0.443468,-1,0,
3,130,Overall,Overall,22,16,22,1.5,1.522778,0.437584,2,0,
3,131,Overall,Overall,20,6,20,-1.5,-1.125987,0.449573,-1,0,
3,132,Overall,Overall,18,7,18,-0.5,-0.559084,0.445705,-1,0,
3,133,Overall,Overall,20,7,20,-0.5,-0.927682,0.441492,-1,0,
3,134,Overall,Overall,22,6,22,-1.0,-1.209891,0.445682,-1,0,
3,135,Overall,Overall,23,6,23,-2.0,-1.394898,0.445005,-1,0,
3,136,Overall,Overall,18,11,18,1.5,0.660081,0.446903,1,0,
3,137,Overall,Overall,24,6,24,-2.0,-1.411623,0.436105,-1,0,
3,138,Overall,Overall,18,8,18,-0.5,-0.362393,0.441794,0,0,
3,139,Overall,Overall,18,8,18,0.0,-0.292955,0.441014,0,0,
3,140,Overall,Overall,22,17,22,1.5,1.425776,0.449693,1,0,
3,141,Overall,Overall,23,6,23,-1.0,-1.394898,0.445005,-1,0,
3,142,Overall,Overall,19,12,19,1.0,0.80442,0.442305,1,0,
3,143,Overall,Overall,23,17,23,2.0,1.248564,0.434998,1,0,
3,144,Overall,Overall,18,8,18,0.0,-0.181816,0.442386,0,0,
3,145,Overall,Overall,19,12,19,1.5,0.932596,0.447885,1,0,
3,146,Overall,Overall,23,18,23,2.0,1.752297,0.44943,2,0,
3,147,Overall,Overall,23,17,23,2.0,1.607734,0.436144,2,0,
3,148,Overall,Overall,23,17,23,2.0,1.554862,0.43965,2,0,
3,149,Overall,Overall,24,6,24,-2.0,-1.523924,0.441228,-2,0,
3,150,Overall,Overall,19,13,19,0.5,0.734887,0.447923,1,0,
3,151,Overall,Overall,18,8,18,0.5,0.120844,0.44661,0,0,
3,152,Overall,Overall,20,14,20,1.0,1.252541,0.447809,1,0,
3,153,Overall,Overall,20,14,20,1.5,1.040803,0.444682,1,0,
3,154,Overall,Overall,26,5,26,-1.5,-1.836454,0.44049,-2,0,
3,155,Overall,Overall,18,8,18,-1.0,-0.362393,0.441794,0,0,
3,156,Overall,Overall,18,7,18,-1.0,-0.559084,0.445705,-1,0,
3,157,Overall,Overall,18,8,18,-0.5,-0.292955,0.441014,0,0,
3,158,Overall,Overall,18,10,18,0.5,0.156061,0.441708,0,0,
3,159,Overall,Overall,25,5,25,-2.0,-1.782765,0.44566,-2,0,
3,160,Overall,Overall,19,7,19,0.0,-0.434542,0.44456,0,0,
3,161,Overall,Overall,23,6,23,-1.0,-1.233492,0.436103,-1,0,
3,162,Overall,Overall,25,6,25,-2.0,-1.588992,0.435126,-2,0,
3,163,Overall,Overall,24,19,24,2.0,1.818284,0.443533,2,0,
3,164,Overall,Overall,23,18,23,1.5,1.752297,0.44943,2,0,
3,165,Overall,Overall,18,10,18,0.5,0.420382,0.442737,0,0,
3,166,Overall,Overall,20,7,20,-1.0,-0.939208,0.440492,-1,0,
3,167,Overall,Overall,24,6,24,-2.0,-1.523924,0.441228,-2,0,
3,168,Overall,Overall,19,13,19,0.5,0.837783,0.445639,1,0,
3,169,Overall,Overall,20,14,20,2.0,1.332571,0.449386,1,0,
3,170,Overall,Overall,18,10,18,0.5,0.334364,0.440808,0,0,
3,171,Overall,Overall,18,9,18,0.0,0.018315,0.440003,0,0,
3,172,Overall,Overall,18,7,18,-1.0,-0.640154,0.447187,-1,0,
3,173,Overall,Overall,18,11,18,0.5,0.572321,0.445523,1,0,
3,174,Overall,Overall,24,6,24,-1.5,-1.523924,0.441228,-2,0,
3,175,Overall,Overall,20,14,20,2.0,1.164925,0.446179,1,0,
3,176,Overall,Overall,20,14,20,1.5,1.29261,0.448612,1,0,
3,177,Overall,Overall,18,10,18,0.5,0.222866,0.441813,0,0,
3,178,Overall,Overall,21,6,21,-2.0,-1.040965,0.447658,-1,0,
3,179,Overall,Overall,26,5,26,-2.0,-1.836454,0.44049,-2,0,
3,180,Overall,Overall,18,8,18,0.0,-0.362393,0.441794,0,0,
3,181,Overall,Overall,21,6,21,-1.0,-0.992918,0.445777,-1,0,
3,182,Overall,Overall,20,13,20,1.0,1.094457,0.442095,1,0,
3,183,Overall,Overall,20,13,20,1.0,0.969603,0.438169,1,0,
3,184,Overall,Overall,20,7,20,-1.0,-0.939208,0.440492,-1,0,
3,185,Overall,Overall,19,12,19,1.5,0.932596,0.447885,1,0,
3,186,Overall,Overall,29,3,29,-2.0,-1.935263,0.474187,-2,0,
3,187,Overall,Overall,23,17,23,2.0,1.554862,0.43965,2,0,
3,188,Overall,Overall,20,13,20,1.0,0.846883,0.436502,1,0,
3,189,Overall,Overall,22,6,22,-1.5,-1.202287,0.439981,-1,0,
3,190,Overall,Overall,18,7,18,-1.5,-0.559084,0.445705,-1,0,
3,191,Overall,Overall,18,9,18,0.0,0.224953,0.441899,0,0,
3,192,Overall,Overall,18,10,18,0.0,0.278705,0.441087,0,0,
3,193,Overall,Overall,22,6,22,-1.5,-1.262787,0.448952,-1,0,
3,194,Overall,Overall,18,7,18,-0.5,-0.504046,0.446801,-1,0,
3,195,Overall,Overall,24,5,24,-2.0,-1.663296,0.449188,-2,0,
3,196,Overall,Overall,24,6,24,-1.5,-1.523924,0.441228,-2,0,
3,197,Overall,Overall,18,9,18,0.5,0.303737,0.447752,0,0,
3,198,Overall,Overall,18,9,18,0.0,-0.167841,0.440855,0,0,
3,199,Overall,Overall,22,6,22,-1.0,-1.167477,0.443502,-1,0,
3,200,Overall,Overall,23,6,23,-2.0,-1.233492,0.436103,-1,0,
3,201,Overall,Overall,23,18,23,2.0,1.834005,0.443215,2,0,
3,202,Overall,Overall,18,8,18,-0.5,-0.362393,0.441794,0,0,
3,203,Overall,Overall,18,8,18,-0.5,-0.362393,0.441794,0,0,
3,204,Overall,Overall,18,7,18,-0.5,-0.640154,0.447187,-1,0,
3,205,Overall,Overall,18,8,18,-1.5,-0.362393,0.441794,0,0,
3,206,Overall,Overall,18,7,18,-1.0,-0.640154,0.447187,-1,0,
3,207,Overall,Overall,18,7,18,-1.0,-0.640154,0.447187,-1,0,
3,208,Overall,Overall,24,6,24,-2.0,-1.411623,0.436105,-1,0,
3,209,Overall,Overall,23,17,23,2.0,1.554862,0.43965,2,0,
3,210,Overall,Overall,18,9,18,0.5,0.028487,0.440445,0,0,
3,211,Overall,Overall,19,13,19,1.5,0.837783,0.445639,1,0,
3,212,Overall,Overall,23,18,23,2.0,1.752297,0.44943,2,0,
3,213,Overall,Overall,18,10,18,0.5,0.156061,0.441708,0,0,
3,214,Overall,Overall,18,9,18,0.0,0.012984,0.440826,0,0,
3,215,Overall,Overall,18,10,18,0.5,0.222866,0.441813,0,0,
3,216,Overall,Overall,18,7,18,-0.5,-0.626395,0.448206,-1,0,
3,217,Overall,Overall,19,13,19,0.5,0.734887,0.447923,1,0,
3,218,Overall,Overall,24,6,24,-2.0,-1.411623,0.436105,-1,0,
3,219,Overall,Overall,22,17,22,1.5,1.244942,0.449779,1,0,
3,220,Overall,Overall,19,12,19,0.5,0.80442,0.442305,1,0,
3,221,Overall,Overall,17,9,17,-0.5,0.211029,0.449949,0,0,
3,222,Overall,Overall,18,9,18,0.5,-0.038128,0.440121,0,0,
3,223,Overall,Overall,18,11,18,1.0,0.530196,0.444757,1,0,
3,224,Overall,Overall,17,9,17,0.5,0.211029,0.449949,0,0,
3,225,Overall,Overall,22,16,22,1.0,1.463497,0.446287,1,0,
3,226,Overall,Overall,22,6,22,-1.0,-1.167477,0.443502,-1,0,
3,227,Overall,Overall,20,6,20,-0.5,-1.125987,0.449573,-1,0,
3,228,Overall,Overall,18,8,18,-1.5,-0.442049,0.443487,0,0,
3,229,Overall,Overall,18,11,18,0.0,0.511262,0.446742,1,0,
3,230,Overall,Overall,20,13,20,1.0,1.094457,0.442095,1,0,
3,231,Overall,Overall,18,10,18,1.0,0.334364,0.440808,0,0,
3,232,Overall,Overall,20,7,20,-0.5,-0.939208,0.440492,-1,0,
3,233,Overall,Overall,18,8,18,0.5,0.028967,0.444,0,0,
3,234,Overall,Overall,18,11,18,0.5,0.758655,0.448823,1,0,
3,235,Overall,Overall,17,9,17,0.5,0.211029,0.449949,0,0,
3,236,Overall,Overall,18,9,18,0.0,0.224953,0.441899,0,0,
3,237,Overall,Overall,20,14,20,1.5,1.252541,0.447809,1,0,
3,238,Overall,Overall,20,13,20,1.5,1.055237,0.440995,1,0,
3,239,Overall,Overall,17,9,17,-0.5,0.211029,0.449949,0,0,
3,240,Overall,Overall,20,6,20,-1.5,-1.125987,0.449573,-1,0,
3,241,Overall,Overall,18,7,18,-1.0,-0.640154,0.447187,-1,0,
3,242,Overall,Overall,20,14,20,1.5,1.164925,0.446179,1,0,
3,243,Overall,Overall,20,6,20,-1.5,-1.125987,0.449573,-1,0,
3,244,Overall,Overall,18,8,18,-1.0,-0.362393,0.441794,0,0,
3,245,Overall,Overall,20,6,20,-1.5,-1.125987,0.449573,-1,0,
3,246,Overall,Overall,18,10,18,0.5,0.354362,0.443968,0,0,
3,247,Overall,Overall,26,21,26,2.0,1.911443,0.434078,2,0,
3,248,Overall,Overall,24,5,24,-1.5,-1.60644,0.447084,-2,0,
3,249,Overall,Overall,20,6,20,-2.0,-1.008953,0.447315,-1,0,
3,250,Overall,Overall,19,12,19,2.0,0.932596,0.447885,1,0,
3,251,Overall,Overall,18,10,18,0.0,0.222866,0.441813,0,0,
3,252,Overall,Overall,21,15,21,2.0,1.282853,0.447806,1,0,
3,253,Overall,Overall,26,21,26,1.5,1.911443,0.434078,2,0,
3,254,Overall,Overall,18,11,18,1.5,0.758655,0.448823,1,0,
3,255,Overall,Overall,19,12,19,1.5,0.912775,0.4451,1,0,
3,256,Overall,Overall,18,10,18,0.5,0.428148,0.445564,0,0,
3,257,Overall,Overall,23,17,23,1.5,1.607734,0.436144,2,0,
3,258,Overall,Overall,19,6,19,-0.5,-0.866102,0.449869,-1,0,
3,259,Overall,Overall,18,8,18,0.0,-0.252647,0.444022,0,0,
3,260,Overall,Overall,25,5,25,-2.0,-1.782765,0.44566,-2,0,
3,261,Overall,Overall,20,13,20,1.5,0.969603,0.438169,1,0,
3,262,Overall,Overall,23,18,23,2.0,1.254502,0.447609,1,0,
3,263,Overall,Overall,18,11,18,0.0,0.530196,0.444757,1,0,
3,264,Overall,Overall,18,11,18,1.0,0.758655,0.448823,1,0,
3,265,Overall,Overall,25,5,25,-2.0,-1.782765,0.44566,-2,0,
3,266,Overall,Overall,19,7,19,-0.5,-0.754657,0.446033,-1,0,
3,267,Overall,Overall,18,8,18,-0.5,-0.362393,0.441794,0,0,
3,268,Overall,Overall,20,14,20,2.0,1.070897,0.445271,1,0,
3,269,Overall,Overall,18,8,18,-0.5,-0.292955,0.441014,0,0,
3,270,Overall,Overall,18,7,18,-1.0,-0.477295,0.448355,0,0,
3,271,Overall,Overall,18,7,18,-0.5,-0.640154,0.447187,-1,0,
3,272,Overall,Overall,19,13,19,0.5,0.785946,0.446584,1,0,
3,273,Overall,Overall,20,7,20,-2.0,-0.939208,0.440492,-1,0,
3,274,Overall,Overall,20,14,20,1.0,1.332571,0.449386,1,0,
3,275,Overall,Overall,24,6,24,-2.0,-1.411623,0.436105,-1,0,
3,276,Overall,Overall,18,9,18,-0.5,-0.099181,0.439871,0,0,
3,277,Overall,Overall,22,16,22,2.0,1.428211,0.443817,1,0,
3,278,Overall,Overall,18,7,18,-0.5,-0.559084,0.445705,-1,0,
3,279,Overall,Overall,18,9,18,-0.5,-0.042763,0.440127,0,0,
3,280,Overall,Overall,18,9,18,-0.5,0.028487,0.440445,0,0,
3,281,Overall,Overall,21,6,21,-2.0,-1.167408,0.444378,-1,0,
3,282,Overall,Overall,17,9,17,0.5,0.211029,0.449949,0,0,
3,283,Overall,Overall,30,28,30,2.0,2.608449,0.47827,3,0,
3,284,Overall,Overall,19,7,19,0.0,-0.789499,0.44326,-1,0,
3,285,Overall,Overall,18,9,18,0.0,0.297355,0.445635,0,0,
3,286,Overall,Overall,18,7,18,-0.5,-0.640154,0.447187,-1,0,
3,287,Overall,Overall,28,4,28,-2.0,-2.10255,0.446916,-2,0,
3,288,Overall,Overall,24,19,24,2.0,1.818284,0.443533,2,0,
3,289,Overall,Overall,22,6,22,-1.0,-1.209891,0.445682,-1,0,
3,290,Overall,Overall,18,8,18,0.0,0.028967,0.444,0,0,
3,291,Overall,Overall,20,14,20,2.0,1.29261,0.448612,1,0,
3,292,Overall,Overall,19,13,19,1.0,0.923416,0.44677,1,0,
3,293,Overall,Overall,30,3,30,-2.0,-2.351666,0.459797,-2,0,
3,294,Overall,Overall,19,13,19,1.5,0.837783,0.445639,1,0,
3,295,Overall,Overall,29,25,29,2.0,2.17586,0.439851,2,0,
3,296,Overall,Overall,19,6,19,-1.5,-0.866102,0.449869,-1,0,
3,297,Overall,Overall,22,16,22,2.0,1.428211,0.443817,1,0,
3,298,Overall,Overall,18,11,18,0.5,0.660081,0.446903,1,0,
3,299,Overall,Overall,18,9,18,-0.5,0.139797,0.439914,0,0,
3,300,Overall,Overall,23,18,23,1.5,1.752297,0.44943,2,0,
3,301,Overall,Overall,19,13,19,1.0,0.837783,0.445639,1,0,
3,302,Overall,Overall,20,7,20,-0.5,-0.939208,0.440492,-1,0,
3,303,Overall,Overall,19,13,19,1.0,1.020148,0.44849,1,0,
3,304,Overall,Overall,20,7,20,-1.0,-0.927682,0.441492,-1,0,
3,305,Overall,Overall,26,22,26,2.0,2.105648,0.447764,2,0,
3,306,Overall,Overall,18,7,18,-1.5,-0.559084,0.445705,-1,0,
3,307,Overall,Overall,20,14,20,1.0,1.252541,0.447809,1,0,
3,308,Overall,Overall,18,10,18,1.0,0.334364,0.440808,0,0,
3,309,Overall,Overall,18,9,18,0.5,0.361045,0.444859,0,0,
3,310,Overall,Overall,18,8,18,0.5,-0.362393,0.441794,0,0,
3,311,Overall,Overall,23,5,23,-2.0,-1.428952,0.448555,-1,0,
3,312,Overall,Overall,22,16,22,1.0,1.463497,0.446287,1,0,
3,313,Overall,Overall,23,5,23,-2.0,-1.423029,0.449125,-1,0,
3,314,Overall,Overall,22,17,22,2.0,1.718335,0.44729,2,0,
3,315,Overall,Overall,25,6,25,-2.0,-1.588992,0.435126,-2,0,
3,316,Overall,Overall,19,7,19,-1.0,-0.789499,0.44326,-1,0,
3,317,Overall,Overall,19,7,19,0.0,-0.636512,0.442843,-1,0,
3,318,Overall,Overall,18,8,18,-1.0,-0.292955,0.441014,0,0,
3,319,Overall,Overall,26,22,26,2.0,2.105648,0.447764,2,0,
3,320,Overall,Overall,25,6,25,-2.0,-1.588992,0.435126,-2,0,
3,321,Overall,Overall,18,7,18,0.0,-0.559084,0.445705,-1,0,
3,322,Overall,Overall,19,12,19,2.0,0.932596,0.447885,1,0,
3,323,Overall,Overall,18,10,18,0.5,0.462176,0.443323,0,0,
3,324,Overall,Overall,21,6,21,-1.5,-1.08684,0.448444,-1,0,
3,325,Overall,Overall,18,11,18,0.5,0.660081,0.446903,1,0,
3,326,Overall,Overall,20,6,20,-1.0,-1.136639,0.448609,-1,0,
3,327,Overall,Overall,18,7,18,-1.5,-0.559084,0.445705,-1,0,
3,328,Overall,Overall,18,11,18,0.5,0.758655,0.448823,1,0,
3,329,Overall,Overall,23,5,23,-1.5,-1.428952,0.448555,-1,0,
3,330,Overall,Overall,21,15,21,1.5,1.275567,0.447362,1,0,
3,331,Overall,Overall,21,7,21,-0.5,-0.748696,0.435446,-1,0,
3,332,Overall,Overall,18,9,18,0.0,0.224953,0.441899,0,0,
3,333,Overall,Overall,26,21,26,2.0,1.911443,0.434078,2,0,
3,334,Overall,Overall,19,7,19,-0.5,-0.789499,0.44326,-1,0,
3,335,Overall,Overall,19,12,19,1.0,0.877393,0.446957,1,0,
3,336,Overall,Overall,18,11,18,0.0,0.47488,0.445254,0,0,
3,337,Overall,Overall,24,6,24,-2.0,-1.523924,0.441228,-2,0,
3,338,Overall,Overall,24,19,24,1.5,1.818284,0.443533,2,0,
3,339,Overall,Overall,18,9,18,0.0,0.224953,0.441899,0,0,
3,340,Overall,Overall,18,10,18,0.0,0.156061,0.441708,0,0,
3,341,Overall,Overall,21,6,21,-1.0,-1.167408,0.444378,-1,0,
3,342,Overall,Overall,18,8,18,0.0,-0.120331,0.442118,0,0,
3,343,Overall,Overall,20,14,20,1.0,1.149311,0.447399,1,0,
3,344,Overall,Overall,19,7,19,-1.5,-0.789499,0.44326,-1,0,
3,345,Overall,Overall,20,13,20,1.0,0.846883,0.436502,1,0,
3,346,Overall,Overall,23,6,23,-1.5,-1.394898,0.445005,-1,0,
3,347,Overall,Overall,24,5,24,-1.5,-1.60644,0.447084,-2,0,
3,348,Overall,Overall,18,8,18,-0.5,-0.181816,0.442386,0,0,
3,349,Overall,Overall,17,9,17,0.5,0.152793,0.449939,0,0,
3,350,Overall,Overall,20,7,20,-0.5,-0.939208,0.440492,-1,0,
3,351,Overall,Overall,17,9,17,0.0,0.211029,0.449949,0,0,
3,352,Overall,Overall,27,5,27,-2.0,-1.875432,0.43631,-2,0,
3,353,Overall,Overall,24,6,24,-1.5,-1.411623,0.436105,-1,0,
3,354,Overall,Overall,19,13,19,1.0,0.837783,0.445639,1,0,
3,355,Overall,Overall,18,9,18,0.0,0.074132,0.440332,0,0,
3,356,Overall,Overall,23,18,23,2.0,1.752297,0.44943,2,0,
3,357,Overall,Overall,18,9,18,0.0,0.224953,0.441899,0,0,
3,358,Overall,Overall,17,9,17,0.0,0.211029,0.449949,0,0,
3,359,Overall,Overall,19,12,19,2.0,0.972595,0.449343,1,0,
3,360,Overall,Overall,18,8,18,-1.0,-0.427375,0.44452,0,0,
3,361,Overall,Overall,18,10,18,-0.5,0.094883,0.441676,0,0,
3,362,Overall,Overall,24,5,24,-2.0,-1.60644,0.447084,-2,0,
3,363,Overall,Overall,20,6,20,-1.0,-1.125987,0.449573,-1,0,
3,364,Overall,Overall,20,7,20,-1.5,-0.939208,0.440492,-1,0,
3,365,Overall,Overall,18,9,18,1.0,-0.099181,0.439871,0,0,
3,366,Overall,Overall,19,11,19,1.5,0.596669,0.442959,1,0,
3,367,Overall,Overall,18,10,18,0.0,0.094883,0.441676,0,0,
3,368,Overall,Overall,18,9,18,0.0,0.028487,0.440445,0,0,
3,369,Overall,Overall,18,10,18,1.0,0.535037,0.446836,1,0,
3,370,Overall,Overall,18,10,18,1.0,0.516784,0.445216,1,0,
3,371,Overall,Overall,19,13,19,2.0,1.020148,0.44849,1,0,
3,372,Overall,Overall,23,6,23,-1.5,-1.394898,0.445005,-1,0,
3,373,Overall,Overall,20,14,20,1.5,1.29261,0.448612,1,0,
3,374,Overall,Overall,19,13,19,0.5,0.923416,0.44677,1,0,
3,375,Overall,Overall,18,11,18,1.0,0.758655,0.448823,1,0,
3,376,Overall,Overall,19,7,19,-0.5,-0.789499,0.44326,-1,0,
3,377,Overall,Overall,18,10,18,0.0,0.094883,0.441676,0,0,
3,378,Overall,Overall,24,5,24,-1.0,-1.663296,0.449188,-2,0,
3,379,Overall,Overall,18,7,18,-1.0,-0.626395,0.448206,-1,0,
3,380,Overall,Overall,20,7,20,0.0,-0.939208,0.440492,-1,0,
3,381,Overall,Overall,18,9,18,1.0,-0.038128,0.440121,0,0,
3,382,Overall,Overall,18,8,18,-0.5,-0.362393,0.441794,0,0,
3,383,Overall,Overall,30,28,30,2.0,2.608449,0.47827,3,0,
3,384,Overall,Overall,20,7,20,-1.0,-0.927682,0.441492,-1,0,
3,385,Overall,Overall,18,7,18,-0.5,-0.640154,0.447187,-1,0,
3,386,Overall,Overall,20,14,20,1.5,0.987765,0.444875,1,0,
3,387,Overall,Overall,22,16,22,2.0,1.428211,0.443817,1,0,
3,388,Overall,Overall,22,16,22,1.5,1.463497,0.446287,1,0,
3,389,Overall,Overall,18,10,18,1.0,0.334364,0.440808,0,0,
3,390,Overall,Overall,18,11,18,0.5,0.419775,0.446187,0,0,
3,391,Overall,Overall,19,13,19,1.5,0.837783,0.445639,1,0,
3,392,Overall,Overall,18,9,18,0.5,0.012984,0.440826,0,0,
3,393,Overall,Overall,25,5,25,-2.0,-1.782765,0.44566,-2,0,
3,394,Overall,Overall,30,3,30,-2.0,-2.351666,0.459797,-2,0,
3,395,Overall,Overall,20,14,20,2.0,1.29261,0.448612,1,0,
3,396,Overall,Overall,18,10,18,0.5,0.516784,0.445216,1,0,
3,397,Overall,Overall,19,13,19,2.0,1.020148,0.44849,1,0,
3,398,Overall,Overall,18,9,18,0.0,-0.099181,0.439871,0,0,
3,399,Overall,Overall,18,7,18,-0.5,-0.559084,0.445705,-1,0,
3,400,Overall,Overall,19,7,19,-1.0,-0.685161,0.440848,-1,0,
3,401,Overall,Overall,18,9,18,-0.5,-0.099181,0.439871,0,0,
3,402,Overall,Overall,23,18,23,1.5,1.254502,0.447609,1,0,
3,403,Overall,Overall,18,7,18,-1.0,-0.640154,0.447187,-1,0,
3,404,Overall,Overall,18,11,18,1.0,0.572321,0.445523,1,0,
3,405,Overall,Overall,19,13,19,1.0,1.003122,0.449699,1,0,
3,406,Overall,Overall,19,13,19,1.0,1.020148,0.44849,1,0,
3,407,Overall,Overall,18,8,18,-0.5,-0.236856,0.441482,0,0,
3,408,Overall,Overall,23,18,23,2.0,1.752297,0.44943,2,0,
3,409,Overall,Overall,26,21,26,2.0,1.911443,0.434078,2,0,
3,410,Overall,Overall,20,7,20,-1.5,-0.939208,0.440492,-1,0,
3,411,Overall,Overall,18,9,18,-0.5,-0.099181,0.439871,0,0,
3,412,Overall,Overall,25,5,25,-2.0,-1.782765,0.44566,-2,0,
3,413,Overall,Overall,18,8,18,0.0,-0.236856,0.441482,0,0,
3,414,Overall,Overall,20,6,20,-1.5,-1.136639,0.448609,-1,0,
3,415,Overall,Overall,20,14,20,1.5,1.252541,0.447809,1,0,
3,416,Overall,Overall,19,11,19,0.5,0.679642,0.442853,1,0,
3,417,Overall,Overall,18,10,18,0.5,0.398749,0.443824,0,0,
3,418,Overall,Overall,18,7,18,0.0,-0.450495,0.448309,0,0,
3,419,Overall,Overall,18,8,18,0.0,0.120844,0.44661,0,0,
3,420,Overall,Overall,20,7,20,-1.0,-0.939208,0.440492,-1,0,
3,421,Overall,Overall,23,18,23,2.0,1.752297,0.44943,2,0,
3,422,Overall,Overall,21,15,21,2.0,1.192215,0.442342,1,0,
3,423,Overall,Overall,18,8,18,0.0,-0.362393,0.441794,0,0,
3,424,Overall,Overall,18,10,18,1.5,0.420382,0.442737,0,0,
3,425,Overall,Overall,21,15,21,1.5,1.238319,0.446345,1,0,
3,426,Overall,Overall,22,6,22,-1.5,-1.209891,0.445682,-1,0,
3,427,Overall,Overall,25,6,25,-2.0,-1.588992,0.435126,-2,0,
3,428,Overall,Overall,22,6,22,-0.5,-1.209891,0.445682,-1,0,
3,429,Overall,Overall,18,9,18,0.5,0.028487,0.440445,0,0,
3,430,Overall,Overall,18,10,18,1.0,0.278705,0.441087,0,0,
3,431,Overall,Overall,23,18,23,1.5,1.752297,0.44943,2,0,
3,432,Overall,Overall,20,7,20,-1.5,-0.927682,0.441492,-1,0,
3,433,Overall,Overall,22,6,22,-2.0,-1.167477,0.443502,-1,0,
3,434,Overall,Overall,18,8,18,-0.5,-0.362393,0.441794,0,0,
3,435,Overall,Overall,18,9,18,-0.5,0.319122,0.444452,0,0,
3,436,Overall,Overall,21,15,21,1.5,1.275567,0.447362,1,0,
3,437,Overall,Overall,20,13,20,1.0,1.055237,0.440995,1,0,
3,438,Overall,Overall,20,13,20,1.0,1.055237,0.440995,1,0,
3,439,Overall,Overall,18,8,18,0.5,0.028967,0.444,0,0,
3,440,Overall,Overall,24,6,24,-2.0,-1.466441,0.43859,-1,0,
3,441,Overall,Overall,20,14,20,1.0,1.149311,0.447399,1,0,
3,442,Overall,Overall,23,17,23,1.0,1.554862,0.43965,2,0,
3,443,Overall,Overall,18,7,18,0.0,-0.379319,0.446948,0,0,
3,444,Overall,Overall,18,8,18,-0.5,-0.181816,0.442386,0,0,
3,445,Overall,Overall,25,6,25,-2.0,-1.588992,0.435126,-2,0,
3,446,Overall,Overall,18,9,18,-0.5,-0.167841,0.440855,0,0,
3,447,Overall,Overall,23,6,23,-2.0,-1.394898,0.445005,-1,0,
3,448,Overall,Overall,22,16,22,2.0,1.463497,0.446287,1,0,
3,449,Overall,Overall,18,9,18,-0.5,-0.038128,0.440121,0,0,
3,450,Overall,Overall,20,14,20,1.5,1.164925,0.446179,1,0,
3,451,Overall,Overall,18,7,18,-2.0,-0.626395,0.448206,-1,0,
3,452,Overall,Overall,23,17,23,1.5,1.554862,0.43965,2,0,
3,453,Overall,Overall,19,7,19,-2.0,-0.789499,0.44326,-1,0,
3,454,Overall,Overall,18,7,18,-1.0,-0.626395,0.448206,-1,0,
3,455,Overall,Overall,25,6,25,-2.0,-1.588992,0.435126,-2,0,
3,456,Overall,Overall,22,6,22,-1.0,-1.167477,0.443502,-1,0,
3,457,Overall,Overall,23,18,23,1.0,1.431409,0.448513,1,0,
3,458,Overall,Overall,18,9,18,1.0,0.188718,0.443954,0,0,
3,459,Overall,Overall,23,18,23,1.5,1.431409,0.448513,1,0,
3,460,Overall,Overall,18,10,18,0.5,0.333523,0.440864,0,0,
3,461,Overall,Overall,18,7,18,0.5,-0.551064,0.446288,-1,0,
3,462,Overall,Overall,18,9,18,0.0,0.074132,0.440332,0,0,
3,463,Overall,Overall,18,7,18,0.0,-0.379319,0.446948,0,0,
3,464,Overall,Overall,27,23,27,1.5,1.683896,0.458157,2,0,
3,465,Overall,Overall,30,27,30,2.0,2.390491,0.456133,2,0,
3,466,Overall,Overall,20,7,20,-1.0,-0.927682,0.441492,-1,0,
3,467,Overall,Overall,27,4,27,-2.0,-1.694612,0.456886,-2,0,
3,468,Overall,Overall,18,10,18,1.5,0.31914,0.441792,0,0,
3,469,Overall,Overall,20,13,20,1.5,1.055237,0.440995,1,0,
3,470,Overall,Overall,18,8,18,0.0,0.120844,0.44661,0,0,
3,471,Overall,Overall,21,6,21,-1.0,-1.167408,0.444378,-1,0,
3,472,Overall,Overall,24,6,24,-2.0,-1.523924,0.441228,-2,0,
3,473,Overall,Overall,25,6,25,-2.0,-1.588992,0.435126,-2,0,
3,474,Overall,Overall,23,17,23,2.0,1.554862,0.43965,2,0,
3,475,Overall,Overall,26,22,26,2.0,2.105648,0.447764,2,0,
3,476,Overall,Overall,24,5,24,-2.0,-1.410832,0.448882,-1,0,
3,477,Overall,Overall,18,9,18,0.5,0.012984,0.440826,0,0,
3,478,Overall,Overall,18,9,18,-0.5,-0.099181,0.439871,0,0,
3,479,Overall,Overall,25,5,25,-2.0,-1.782765,0.44566,-2,0,
3,480,Overall,Overall,18,9,18,0.0,-0.038128,0.440121,0,0,
3,481,Overall,Overall,18,8,18,0.0,0.028967,0.444,0,0,
3,482,Overall,Overall,28,4,28,-2.0,-2.10255,0.446916,-2,0,
3,483,Overall,Overall,18,8,18,0.0,0.028967,0.444,0,0,
3,484,Overall,Overall,17,9,17,-0.5,0.211029,0.449949,0,0,
3,485,Overall,Overall,28,4,28,-1.5,-2.10255,0.446916,-2,0,
3,486,Overall,Overall,24,5,24,-1.5,-1.60644,0.447084,-2,0,
3,487,Overall,Overall,19,12,19,1.5,0.912775,0.4451,1,0,
3,488,Overall,Overall,17,9,17,0.0,0.211029,0.449949,0,0,
3,489,Overall,Overall,21,6,21,0.0,-1.040965,0.447658,-1,0,
3,490,Overall,Overall,19,7,19,-1.0,-0.789499,0.44326,-1,0,
3,491,Overall,Overall,18,7,18,-1.0,-0.640154,0.447187,-1,0,
3,492,Overall,Overall,20,6,20,-0.5,-1.125987,0.449573,-1,0,
3,493,Overall,Overall,18,10,18,1.0,0.334364,0.440808,0,0,
3,494,Overall,Overall,19,7,19,-2.0,-0.789499,0.44326,-1,0,
3,495,Overall,Overall,18,8,18,-1.0,-0.292955,0.441014,0,0,
3,496,Overall,Overall,18,10,18,0.5,0.156061,0.441708,0,0,
3,497,Overall,Overall,18,9,18,-0.5,-0.099181,0.439871,0,0,
3,498,Overall,Overall,18,7,18,-1.0,-0.640154,0.447187,-1,0,
3,499,Overall,Overall,18,11,18,1.5,0.419775,0.446187,0,0,
3,500,Overall,Overall,20,7,20,-0.5,-0.939208,0.440492,-1,0,
3,501,Overall,Overall,20,13,20,1.0,1.055237,0.440995,1,0,
3,502,Overall,Overall,18,10,18,0.5,0.558968,0.445391,1,0,
3,503,Overall,Overall,20,14,20,1.0,1.252541,0.447809,1,0,
3,504,Overall,Overall,18,8,18,0.0,-0.181816,0.442386,0,0,
3,505,Overall,Overall,21,6,21,-2.0,-1.040965,0.447658,-1,0,
3,506,Overall,Overall,20,14,20,1.0,0.987765,0.444875,1,0,
3,507,Overall,Overall,19,7,19,-0.5,-0.685161,0.440848,-1,0,
3,508,Overall,Overall,18,11,18,0.5,0.530196,0.444757,1,0,
3,509,Overall,Overall,18,9,18,-0.5,-0.038128,0.440121,0,0,
3,510,Overall,Overall,22,6,22,-1.5,-1.167477,0.443502,-1,0,
3,511,Overall,Overall,18,9,18,-1.0,-0.167841,0.440855,0,0,
3,512,Overall,Overall,18,9,18,0.0,0.012984,0.440826,0,0,
3,513,Overall,Overall,25,5,25,-2.0,-1.782765,0.44566,-2,0,
3,514,Overall,Overall,18,9,18,-0.5,-0.167841,0.440855,0,0,
3,515,Overall,Overall,18,9,18,0.0,0.319122,0.444452,0,0,
3,516,Overall,Overall,19,7,19,-0.5,-0.589929,0.443448,-1,0,
3,517,Overall,Overall,20,14,20,1.5,1.149311,0.447399,1,0,
3,518,Overall,Overall,18,8,18,-0.5,-0.120331,0.442118,0,0,
3,519,Overall,Overall,25,5,25,-1.5,-1.782765,0.44566,-2,0,
3,520,Overall,Overall,21,7,21,-1.5,-0.798003,0.437656,-1,0,
3,521,Overall,Overall,20,14,20,2.0,1.332571,0.449386,1,0,
3,522,Overall,Overall,24,5,24,-2.0,-1.60644,0.447084,-2,0,
3,523,Overall,Overall,18,7,18,-1.0,-0.585679,0.448743,-1,0,
3,524,Overall,Overall,18,10,18,1.0,0.462176,0.443323,0,0,
3,525,Overall,Overall,18,11,18,0.5,0.572321,0.445523,1,0,
3,526,Overall,Overall,27,4,27,-1.5,-1.694612,0.456886,-2,0,
3,527,Overall,Overall,23,6,23,-1.5,-1.394898,0.445005,-1,0,
3,528,Overall,Overall,18,9,18,0.0,-0.167841,0.440855,0,0,
3,529,Overall,Overall,18,7,18,0.0,-0.640154,0.447187,-1,0,
3,530,Overall,Overall,23,18,23,2.0,1.431409,0.448513,1,0,
3,531,Overall,Overall,25,5,25,-2.0,-1.782765,0.44566,-2,0,
3,532,Overall,Overall,20,13,20,1.5,1.055237,0.440995,1,0,
3,533,Overall,Overall,26,22,26,2.0,2.105648,0.447764,2,0,
3,534,Overall,Overall,22,17,22,1.5,1.718335,0.44729,2,0,
3,535,Overall,Overall,20,14,20,2.0,1.040803,0.444682,1,0,
3,536,Overall,Overall,23,6,23,-1.5,-1.394898,0.445005,-1,0,
3,537,Overall,Overall,19,12,19,1.5,0.80442,0.442305,1,0,
3,538,Overall,Overall,18,7,18,-1.0,-0.640154,0.447187,-1,0,
3,539,Overall,Overall,18,11,18,0.5,0.660081,0.446903,1,0,
3,540,Overall,Overall,18,10,18,0.0,0.027175,0.442851,0,0,
3,541,Overall,Overall,25,5,25,-1.5,-1.782765,0.44566,-2,0,
3,542,Overall,Overall,18,9,18,0.5,0.124597,0.440838,0,0,
3,543,Overall,Overall,20,14,20,1.5,1.252541,0.447809,1,0,
3,544,Overall,Overall,25,5,25,-1.5,-1.782765,0.44566,-2,0,
3,545,Overall,Overall,24,6,24,-1.5,-1.523924,0.441228,-2,0,
3,546,Overall,Overall,20,6,20,-1.0,-1.125987,0.449573,-1,0,
3,547,Overall,Overall,22,6,22,-1.5,-1.167477,0.443502,-1,0,
3,548,Overall,Overall,20,14,20,1.5,1.164925,0.446179,1,0,
3,549,Overall,Overall,18,7,18,-1.5,-0.640154,0.447187,-1,0,
3,550,Overall,Overall,28,4,28,-1.5,-2.10255,0.446916,-2,0,
3,551,Overall,Overall,25,6,25,-2.0,-1.588992,0.435126,-2,0,
3,552,Overall,Overall,21,6,21,-1.5,-1.040965,0.447658,-1,0,
3,553,Overall,Overall,18,10,18,1.0,0.375727,0.441759,0,0,
3,554,Overall,Overall,17,9,17,1.0,0.211029,0.449949,0,0,
3,555,Overall,Overall,18,10,18,0.5,0.222866,0.441813,0,0,
3,556,Overall,Overall,22,6,22,-2.0,-1.209891,0.445682,-1,0,
3,557,Overall,Overall,18,11,18,0.5,0.758655,0.448823,1,0,
3,558,Overall,Overall,23,17,23,1.5,1.554862,0.43965,2,0,
3,559,Overall,Overall,23,17,23,2.0,1.554862,0.43965,2,0,
3,560,Overall,Overall,18,9,18,0.0,-0.038128,0.440121,0,0,
3,561,Overall,Overall,19,12,19,1.0,0.877393,0.446957,1,0,
3,562,Overall,Overall,20,6,20,-1.5,-0.884114,0.447043,-1,0,
3,563,Overall,Overall,27,23,27,2.0,2.132749,0.444722,2,0,
3,564,Overall,Overall,18,9,18,-0.5,0.012984,0.440826,0,0,
3,565,Overall,Overall,21,7,21,-0.5,-0.798003,0.437656,-1,0,
3,566,Overall,Overall,18,10,18,0.5,0.31914,0.441792,0,0,
3,567,Overall,Overall,21,6,21,-1.0,-1.040965,0.447658,-1,0,
3,568,Overall,Overall,18,7,18,-1.5,-0.559084,0.445705,-1,0,
3,569,Overall,Overall,19,13,19,1.0,0.734887,0.447923,1,0,
3,570,Overall,Overall,18,9,18,0.0,-0.111241,0.44152,0,0,
3,571,Overall,Overall,18,8,18,0.0,-0.208347,0.442806,0,0,
3,572,Overall,Overall,23,5,23,-1.5,-1.428952,0.448555,-1,0,
3,573,Overall,Overall,23,5,23,-1.5,-1.427859,0.448661,-1,0,
3,574,Overall,Overall,18,7,18,1.0,-0.626395,0.448206,-1,0,
3,575,Overall,Overall,20,14,20,0.5,1.070897,0.445271,1,0,
3,576,Overall,Overall,19,6,19,-0.5,-0.8827,0.448556,-1,0,
3,577,Overall,Overall,24,19,24,2.0,1.818284,0.443533,2,0,
3,578,Overall,Overall,22,6,22,-0.5,-1.262787,0.448952,-1,0,
3,579,Overall,Overall,18,10,18,1.0,0.462176,0.443323,0,0,
3,580,Overall,Overall,18,8,18,-1.0,-0.292955,0.441014,0,0,
3,581,Overall,Overall,21,6,21,-1.5,-0.992918,0.445777,-1,0,
3,582,Overall,Overall,20,7,20,-0.5,-0.669673,0.442782,-1,0,
3,583,Overall,Overall,19,13,19,1.5,1.003122,0.449699,1,0,
3,584,Overall,Overall,28,4,28,-2.0,-2.10255,0.446916,-2,0,
3,585,Overall,Overall,20,13,20,1.0,0.846883,0.436502,1,0,
3,586,Overall,Overall,19,13,19,1.5,1.020148,0.44849,1,0,
3,587,Overall,Overall,20,7,20,-0.5,-0.738916,0.44091,-1,0,
3,588,Overall,Overall,18,8,18,-0.5,-0.362393,0.441794,0,0,
3,589,Overall,Overall,22,16,22,2.0,1.585727,0.439431,2,0,
3,590,Overall,Overall,20,14,20,2.0,0.890104,0.447909,1,0,
3,591,Overall,Overall,18,10,18,0.5,0.094883,0.441676,0,0,
3,592,Overall,Overall,19,13,19,1.0,1.020148,0.44849,1,0,
3,593,Overall,Overall,23,6,23,-1.5,-1.394898,0.445005,-1,0,
3,594,Overall,Overall,18,11,18,0.5,0.530196,0.444757,1,0,
3,595,Overall,Overall,18,9,18,-1.0,-0.167841,0.440855,0,0,
3,596,Overall,Overall,18,10,18,1.0,0.558968,0.445391,1,0,
3,597,Overall,Overall,18,7,18,-0.5,-0.559084,0.445705,-1,0,
3,598,Overall,Overall,18,7,18,-1.5,-0.626395,0.448206,-1,0,
3,599,Overall,Overall,18,9,18,0.5,0.319122,0.444452,0,0,
3,600,Overall,Overall,25,5,25,-2.0,-1.782765,0.44566,-2,0,
3,601,Overall,Overall,18,11,18,1.0,0.660081,0.446903,1,0,
3,602,Overall,Overall,19,7,19,-1.5,-0.789499,0.44326,-1,0,
3,603,Overall,Overall,23,18,23,1.5,1.752297,0.44943,2,0,
3,604,Overall,Overall,23,6,23,-1.5,-1.394898,0.445005,-1,0,
3,605,Overall,Overall,18,8,18,-0.5,-0.362393,0.441794,0,0,
3,606,Overall,Overall,21,15,21,1.5,1.29946,0.448372,1,0,
3,607,Overall,Overall,18,9,18,-0.5,-0.042763,0.440127,0,0,
3,608,Overall,Overall,18,11,18,0.5,0.660081,0.446903,1,0,
3,609,Overall,Overall,28,4,28,-2.0,-2.10255,0.446916,-2,0,
3,610,Overall,Overall,18,9,18,0.0,0.012984,0.440826,0,0,
3,611,Overall,Overall,21,6,21,-1.5,-1.040965,0.447658,-1,0,
3,612,Overall,Overall,22,6,22,-1.5,-1.167477,0.443502,-1,0,
3,613,Overall,Overall,18,8,18,-0.5,-0.038836,0.444772,0,0,
3,614,Overall,Overall,18,11,18,1.0,0.660081,0.446903,1,0,
3,615,Overall,Overall,18,8,18,-1.0,-0.362393,0.441794,0,0,
3,616,Overall,Overall,28,4,28,-2.0,-2.10255,0.446916,-2,0,
3,617,Overall,Overall,18,10,18,0.0,0.268317,0.441488,0,0,
3,618,Overall,Overall,21,15,21,1.5,1.29946,0.448372,1,0,
3,619,Overall,Overall,18,9,18,0.5,0.224953,0.441899,0,0,
3,620,Overall,Overall,26,5,26,-2.0,-1.836454,0.44049,-2,0,
3,621,Overall,Overall,18,9,18,0.5,0.224953,0.441899,0,0,
3,622,Overall,Overall,18,9,18,0.0,0.319122,0.444452,0,0,
3,623,Overall,Overall,19,12,19,1.5,0.932596,0.447885,1,0,
3,624,Overall,Overall,18,9,18,0.0,0.074132,0.440332,0,0,
3,625,Overall,Overall,21,6,21,-1.5,-1.167408,0.444378,-1,0,
3,626,Overall,Overall,18,10,18,1.0,0.420382,0.442737,0,0,
3,627,Overall,Overall,20,6,20,-1.5,-1.125987,0.449573,-1,0,
3,628,Overall,Overall,18,10,18,0.0,0.535037,0.446836,1,0,
3,629,Overall,Overall,18,9,18,1.0,-0.038128,0.440121,0,0,
3,630,Overall,Overall,18,8,18,0.0,0.120844,0.44661,0,0,
3,631,Overall,Overall,19,7,19,-1.5,-0.789499,0.44326,-1,0,
3,632,Overall,Overall,18,9,18,1.0,0.012984,0.440826,0,0,
3,633,Overall,Overall,21,15,21,1.0,1.401756,0.442266,1,0,
3,634,Overall,Overall,18,11,18,1.5,0.758655,0.448823,1,0,
3,635,Overall,Overall,18,9,18,0.5,-0.038128,0.440121,0,0,
3,636,Overall,Overall,27,5,27,-2.0,-1.875432,0.43631,-2,0,
3,637,Overall,Overall,20,14,20,1.5,1.070897,0.445271,1,0,
3,638,Overall,Overall,26,22,26,1.5,2.105648,0.447764,2,0,
3,639,Overall,Overall,18,11,18,1.0,0.530196,0.444757,1,0,
3,640,Overall,Overall,20,6,20,-2.0,-1.125987,0.449573,-1,0,
3,641,Overall,Overall,18,8,18,-1.0,-0.442049,0.443487,0,0,
3,642,Overall,Overall,18,7,18,-1.0,-0.626395,0.448206,-1,0,
3,643,Overall,Overall,23,18,23,2.0,1.752297,0.44943,2,0,
3,644,Overall,Overall,18,8,18,0.0,-0.362393,0.441794,0,0,
3,645,Overall,Overall,23,5,23,-1.0,-1.428952,0.448555,-1,0,
3,646,Overall,Overall,25,5,25,-2.0,-1.782765,0.44566,-2,0,
3,647,Overall,Overall,18,11,18,1.0,0.660081,0.446903,1,0,
3,648,Overall,Overall,18,8,18,-0.5,-0.427375,0.44452,0,0,
3,649,Overall,Overall,27,4,27,-1.0,-1.694612,0.456886,-2,0,
3,650,Overall,Overall,24,6,24,-1.5,-1.523924,0.441228,-2,0,
3,651,Overall,Overall,30,27,30,2.0,2.390491,0.456133,2,0,
3,652,Overall,Overall,19,6,19,-1.5,-0.8827,0.448556,-1,0,
3,653,Overall,Overall,18,8,18,-0.5,-0.362393,0.441794,0,0,
3,654,Overall,Overall,24,6,24,-1.0,-1.523924,0.441228,-2,0,
3,655,Overall,Overall,23,6,23,-1.0,-1.394898,0.445005,-1,0,
3,656,Overall,Overall,19,13,19,0.5,1.020148,0.44849,1,0,
3,657,Overall,Overall,19,12,19,0.5,0.932596,0.447885,1,0,
3,658,Overall,Overall,21,14,21,2.0,1.078867,0.440047,1,0,
3,659,Overall,Overall,25,5,25,-2.0,-1.782765,0.44566,-2,0,
3,660,Overall,Overall,18,10,18,0.0,0.156061,0.441708,0,0,
3,661,Overall,Overall,20,7,20,-1.0,-0.939208,0.440492,-1,0,
3,662,Overall,Overall,22,16,22,2.0,1.384949,0.441502,1,0,
3,663,Overall,Overall,18,9,18,0.0,-0.038128,0.440121,0,0,
3,664,Overall,Overall,18,10,18,0.0,0.334364,0.440808,0,0,
3,665,Overall,Overall,23,17,23,1.5,1.506346,0.437253,2,0,
3,666,Overall,Overall,20,14,20,1.5,1.164925,0.446179,1,0,
3,667,Overall,Overall,18,10,18,0.5,0.222866,0.441813,0,0,
3,668,Overall,Overall,19,12,19,0.5,0.538146,0.439701,1,0,
3,669,Overall,Overall,17,9,17,0.0,0.152793,0.449939,0,0,
3,670,Overall,Overall,18,9,18,0.0,-0.038128,0.440121,0,0,
3,671,Overall,Overall,19,13,19,1.5,1.020148,0.44849,1,0,
3,672,Overall,Overall,19,13,19,2.0,0.923416,0.44677,1,0,
3,673,Overall,Overall,18,10,18,1.0,0.558968,0.445391,1,0,
3,674,Overall,Overall,19,13,19,2.0,1.020148,0.44849,1,0,
3,675,Overall,Overall,18,10,18,1.5,0.334364,0.440808,0,0,
3,676,Overall,Overall,22,6,22,-2.0,-1.167477,0.443502,-1,0,
3,677,Overall,Overall,20,14,20,0.5,1.070897,0.445271,1,0,
3,678,Overall,Overall,19,12,19,0.5,0.642887,0.437814,1,0,
3,679,Overall,Overall,18,9,18,0.0,0.074132,0.440332,0,0,
3,680,Overall,Overall,22,16,22,1.5,1.428211,0.443817,1,0,
3,681,Overall,Overall,18,9,18,-0.5,0.361045,0.444859,0,0,
3,682,Overall,Overall,25,5,25,-1.5,-1.782765,0.44566,-2,0,
3,683,Overall,Overall,21,6,21,-1.0,-1.040965,0.447658,-1,0,
3,684,Overall,Overall,20,7,20,-0.5,-0.927682,0.441492,-1,0,
3,685,Overall,Overall,22,16,22,2.0,1.485371,0.440388,1,0,
3,686,Overall,Overall,21,6,21,-0.5,-0.992918,0.445777,-1,0,
3,687,Overall,Overall,19,6,19,-0.5,-0.8827,0.448556,-1,0,
3,688,Overall,Overall,18,9,18,-0.5,0.124597,0.440838,0,0,
3,689,Overall,Overall,20,13,20,1.5,1.055237,0.440995,1,0,
3,690,Overall,Overall,27,5,27,-1.5,-1.493535,0.44044,-1,0,
3,691,Overall,Overall,18,9,18,-0.5,-0.093445,0.440227,0,0,
3,692,Overall,Overall,17,9,17,0.5,0.211029,0.449949,0,0,
3,693,Overall,Overall,18,11,18,1.0,0.758655,0.448823,1,0,
3,694,Overall,Overall,22,6,22,-1.5,-1.167477,0.443502,-1,0,
3,695,Overall,Overall,20,13,20,1.5,1.055237,0.440995,1,0,
3,696,Overall,Overall,23,6,23,-1.5,-1.206279,0.438899,-1,0,
3,697,Overall,Overall,19,6,19,-1.0,-0.8827,0.448556,-1,0,
3,698,Overall,Overall,29,4,29,-1.5,-1.720245,0.453804,-2,0,
3,699,Overall,Overall,18,10,18,1.0,0.535037,0.446836,1,0,
3,700,Overall,Overall,22,17,22,2.0,1.78274,0.44872,2,0,
3,701,Overall,Overall,19,13,19,1.0,0.923416,0.44677,1,0,
3,702,Overall,Overall,22,16,22,2.0,1.463497,0.446287,1,0,
3,703,Overall,Overall,22,7,22,-1.5,-0.974561,0.435352,-1,0,
3,704,Overall,Overall,17,9,17,0.5,0.211029,0.449949,0,0,
3,705,Overall,Overall,18,10,18,0.5,0.516784,0.445216,1,0,
3,706,Overall,Overall,17,9,17,0.5,0.211029,0.449949,0,0,
3,707,Overall,Overall,22,6,22,-2.0,-1.209891,0.445682,-1,0,
3,708,Overall,Overall,22,6,22,-2.0,-1.202287,0.439981,-1,0,
3,709,Overall,Overall,23,17,23,2.0,1.554862,0.43965,2,0,
3,710,Overall,Overall,20,13,20,2.0,0.925501,0.445179,1,0,
3,711,Overall,Overall,19,7,19,-1.0,-0.789499,0.44326,-1,0,
3,712,Overall,Overall,18,10,18,-0.5,0.244628,0.442203,0,0,
3,713,Overall,Overall,22,6,22,-1.5,-1.209891,0.445682,-1,0,
3,714,Overall,Overall,18,8,18,-0.5,-0.362393,0.441794,0,0,
3,715,Overall,Overall,20,14,20,1.0,0.987141,0.444926,1,0,
3,716,Overall,Overall,24,6,24,-1.5,-1.523924,0.441228,-2,0,
3,717,Overall,Overall,18,10,18,0.0,0.094883,0.441676,0,0,
3,718,Overall,Overall,24,6,24,-2.0,-1.523924,0.441228,-2,0,
3,719,Overall,Overall,18,7,18,-1.0,-0.626395,0.448206,-1,0,
3,720,Overall,Overall,21,6,21,-1.0,-1.040965,0.447658,-1,0,
3,721,Overall,Overall,20,14,20,1.5,1.164925,0.446179,1,0,
3,722,Overall,Overall,20,7,20,0.0,-0.939208,0.440492,-1,0,
3,723,Overall,Overall,21,6,21,-1.5,-0.992918,0.445777,-1,0,
3,724,Overall,Overall,18,10,18,1.5,0.334364,0.440808,0,0,
3,725,Overall,Overall,24,19,24,2.0,1.818284,0.443533,2,0,
3,726,Overall,Overall,18,7,18,-0.5,-0.640154,0.447187,-1,0,
3,727,Overall,Overall,18,8,18,1.0,0.120844,0.44661,0,0,
3,728,Overall,Overall,30,3,30,-2.0,-2.351666,0.459797,-2,0,
3,729,Overall,Overall,18,7,18,-0.5,-0.504046,0.446801,-1,0,
3,730,Overall,Overall,18,7,18,-0.5,-0.551064,0.446288,-1,0,
3,731,Overall,Overall,22,16,22,1.5,1.463497,0.446287,1,0,
3,732,Overall,Overall,28,5,28,-2.0,-1.909339,0.432651,-2,0,
3,733,Overall,Overall,17,9,17,0.5,0.211029,0.449949,0,0,
3,734,Overall,Overall,20,7,20,-1.5,-0.927682,0.441492,-1,0,
3,735,Overall,Overall,27,23,27,2.0,1.683896,0.458157,2,0,
3,736,Overall,Overall,20,7,20,-1.5,-0.927682,0.441492,-1,0,
3,737,Overall,Overall,18,7,18,-1.0,-0.640154,0.447187,-1,0,
3,738,Overall,Overall,20,14,20,1.0,1.164925,0.446179,1,0,
3,739,Overall,Overall,19,13,19,1.5,1.003122,0.449699,1,0,
3,740,Overall,Overall,18,11,18,1.0,0.530196,0.444757,1,0,
3,741,Overall,Overall,18,8,18,0.0,-0.362393,0.441794,0,0,
3,742,Overall,Overall,20,7,20,-0.5,-0.927682,0.441492,-1,0,
3,743,Overall,Overall,22,6,22,-1.0,-1.193461,0.440808,-1,0,
3,744,Overall,Overall,26,22,26,2.0,2.105648,0.447764,2,0,
3,745,Overall,Overall,30,3,30,-2.0,-2.351666,0.459797,-2,0,
3,746,Overall,Overall,25,5,25,-1.5,-1.782765,0.44566,-2,0,
3,747,Overall,Overall,18,10,18,0.5,0.420382,0.442737,0,0,
3,748,Overall,Overall,18,8,18,0.5,-0.292955,0.441014,0,0,
3,749,Overall,Overall,20,13,20,1.5,1.133589,0.443176,1,0,
3,750,Overall,Overall,18,11,18,1.0,0.572321,0.445523,1,0,
3,751,Overall,Overall,18,8,18,-1.0,-0.353852,0.442387,0,0,
3,752,Overall,Overall,18,8,18,-0.5,-0.442049,0.443487,0,0,
3,753,Overall,Overall,24,6,24,-1.5,-1.411623,0.436105,-1,0,
3,754,Overall,Overall,28,4,28,-2.0,-2.10255,0.446916,-2,0,
3,755,Overall,Overall,20,14,20,2.0,1.149311,0.447399,1,0,
3,756,Overall,Overall,23,18,23,1.5,1.834005,0.443215,2,0,
3,757,Overall,Overall,20,6,20,-1.0,-1.125987,0.449573,-1,0,
3,758,Overall,Overall,18,11,18,0.5,0.572321,0.445523,1,0,
3,759,Overall,Overall,18,10,18,0.0,0.278705,0.441087,0,0,
3,760,Overall,Overall,23,6,23,-1.5,-1.2869,0.439267,-1,0,
3,761,Overall,Overall,23,18,23,2.0,1.834005,0.443215,2,0,
3,762,Overall,Overall,25,5,25,-2.0,-1.782765,0.44566,-2,0,
3,763,Overall,Overall,19,7,19,-1.0,-0.685161,0.440848,-1,0,
3,764,Overall,Overall,18,11,18,1.0,0.419775,0.446187,0,0,
3,765,Overall,Overall,24,6,24,-1.5,-1.411623,0.436105,-1,0,
3,766,Overall,Overall,19,7,19,-1.0,-0.685161,0.440848,-1,0,
3,767,Overall,Overall,19,12,19,1.5,0.877393,0.446957,1,0,
3,768,Overall,Overall,20,14,20,1.5,1.29261,0.448612,1,0,
3,769,Overall,Overall,22,16,22,1.0,1.428211,0.443817,1,0,
3,770,Overall,Overall,20,14,20,1.0,1.130174,0.44883,1,0,
3,771,Overall,Overall,19,12,19,0.5,0.877393,0.446957,1,0,
3,772,Overall,Overall,19,7,19,-1.0,-0.873473,0.448371,-1,0,
3,773,Overall,Overall,21,6,21,-1.0,-0.992918,0.445777,-1,0,
3,774,Overall,Overall,18,8,18,-1.0,-0.442049,0.443487,0,0,
3,775,Overall,Overall,18,11,18,1.5,0.660081,0.446903,1,0,
3,776,Overall,Overall,19,12,19,1.0,0.932596,0.447885,1,0,
3,777,Overall,Overall,22,6,22,-2.0,-1.209891,0.445682,-1,0,
3,778,Overall,Overall,18,11,18,1.5,0.758655,0.448823,1,0,
3,779,Overall,Overall,22,17,22,2.0,1.78274,0.44872,2,0,
3,780,Overall,Overall,18,9,18,-1.0,-0.038128,0.440121,0,0,
3,781,Overall,Overall,19,13,19,1.0,0.837783,0.445639,1,0,
3,782,Overall,Overall,22,6,22,-1.5,-1.209891,0.445682,-1,0,
3,783,Overall,Overall,18,10,18,0.0,0.375727,0.441759,0,0,
3,784,Overall,Overall,18,7,18,-0.5,-0.626395,0.448206,-1,0,
3,785,Overall,Overall,18,11,18,1.0,0.660081,0.446903,1,0,
3,786,Overall,Overall,17,9,17,0.0,0.211029,0.449949,0,0,
3,787,Overall,Overall,20,6,20,-1.5,-0.884114,0.447043,-1,0,
3,788,Overall,Overall,18,7,18,-1.5,-0.640154,0.447187,-1,0,
3,789,Overall,Overall,18,10,18,0.5,0.222866,0.441813,0,0,
3,790,Overall,Overall,25,20,25,2.0,1.867099,0.438555,2,0,
3,791,Overall,Overall,19,13,19,1.0,1.020148,0.44849,1,0,
3,792,Overall,Overall,20,14,20,1.0,1.332571,0.449386,1,0,
3,793,Overall,Overall,20,13,20,1.0,1.094457,0.442095,1,0,
3,794,Overall,Overall,20,7,20,-1.5,-0.939208,0.440492,-1,0,
3,795,Overall,Overall,22,15,22,1.5,1.234631,0.436502,1,0,
3,796,Overall,Overall,19,12,19,2.0,0.932596,0.447885,1,0,
3,797,Overall,Overall,19,13,19,2.0,1.020148,0.44849,1,0,
3,798,Overall,Overall,20,14,20,2.0,1.29261,0.448612,1,0,
3,799,Overall,Overall,18,7,18,-1.0,-0.626395,0.448206,-1,0,
3,800,Overall,Overall,18,7,18,-1.5,-0.559084,0.445705,-1,0,
3,801,Overall,Overall,22,6,22,-2.0,-1.262787,0.448952,-1,0,
3,802,Overall,Overall,20,7,20,-1.5,-0.927682,0.441492,-1,0,
3,803,Overall,Overall,20,14,20,1.5,1.040803,0.444682,1,0,
3,804,Overall,Overall,21,6,21,-1.5,-1.167408,0.444378,-1,0,
3,805,Overall,Overall,18,8,18,-0.5,-0.181816,0.442386,0,0,
3,806,Overall,Overall,26,22,26,2.0,1.572404,0.460487,2,0,
3,807,Overall,Overall,18,8,18,-0.5,-0.362393,0.441794,0,0,
3,808,Overall,Overall,19,7,19,-1.0,-0.776887,0.444273,-1,0,
3,809,Overall,Overall,19,13,19,2.0,1.020148,0.44849,1,0,
3,810,Overall,Overall,23,6,23,-2.0,-1.394898,0.445005,-1,0,
3,811,Overall,Overall,20,7,20,-0.5,-0.738916,0.44091,-1,0,
3,812,Overall,Overall,18,7,18,-1.0,-0.640154,0.447187,-1,0,
3,813,Overall,Overall,22,17,22,2.0,1.78274,0.44872,2,0,
3,814,Overall,Overall,18,10,18,0.5,0.278705,0.441087,0,0,
3,815,Overall,Overall,19,6,19,-1.0,-0.8827,0.448556,-1,0,
3,816,Overall,Overall,19,7,19,-0.5,-0.434542,0.44456,0,0,
3,817,Overall,Overall,17,9,17,0.5,0.211029,0.449949,0,0,
3,818,Overall,Overall,19,13,19,0.5,1.003122,0.449699,1,0,
3,819,Overall,Overall,18,7,18,-1.0,-0.559084,0.445705,-1,0,
3,820,Overall,Overall,18,8,18,-1.0,-0.292955,0.441014,0,0,
3,821,Overall,Overall,24,6,24,-1.5,-1.523924,0.441228,-2,0,
3,822,Overall,Overall,21,6,21,-2.0,-1.167408,0.444378,-1,0,
3,823,Overall,Overall,18,8,18,-1.0,-0.362393,0.441794,0,0,
3,824,Overall,Overall,23,6,23,-1.0,-1.233492,0.436103,-1,0,
3,825,Overall,Overall,18,7,18,-0.5,-0.585679,0.448743,-1,0,
3,826,Overall,Overall,20,7,20,-1.5,-0.927682,0.441492,-1,0,
3,827,Overall,Overall,19,13,19,0.0,0.780794,0.446984,1,0,
3,828,Overall,Overall,23,18,23,1.5,1.442984,0.44731,1,0,
3,829,Overall,Overall,20,13,20,1.5,1.094457,0.442095,1,0,
3,830,Overall,Overall,18,7,18,-1.5,-0.559084,0.445705,-1,0,
3,831,Overall,Overall,18,9,18,0.0,0.074132,0.440332,0,0,
3,832,Overall,Overall,22,6,22,-2.0,-1.167477,0.443502,-1,0,
3,833,Overall,Overall,22,6,22,-1.0,-1.209891,0.445682,-1,0,
3,834,Overall,Overall,19,6,19,-1.0,-0.8827,0.448556,-1,0,
3,835,Overall,Overall,21,15,21,1.5,1.460342,0.444143,1,0,
3,836,Overall,Overall,20,13,20,2.0,1.055237,0.440995,1,0,
3,837,Overall,Overall,30,3,30,-2.0,-2.351666,0.459797,-2,0,
3,838,Overall,Overall,23,6,23,-1.0,-1.2869,0.439267,-1,0,
3,839,Overall,Overall,18,8,18,0.0,-0.362393,0.441794,0,0,
3,840,Overall,Overall,18,11,18,0.5,0.462262,0.447487,0,0,
3,841,Overall,Overall,20,7,20,-1.0,-0.927682,0.441492,-1,0,
3,842,Overall,Overall,19,7,19,-2.0,-0.890431,0.446938,-1,0,
3,843,Overall,Overall,18,10,18,1.0,0.535037,0.446836,1,0,
3,844,Overall,Overall,20,6,20,-1.0,-1.125987,0.449573,-1,0,
3,845,Overall,Overall,22,17,22,2.0,1.78274,0.44872,2,0,
3,846,Overall,Overall,30,1,30,-2.0,-2.818244,0.509261,-3,1,
3,847,Overall,Overall,21,15,21,1.5,1.29946,0.448372,1,0,
3,848,Overall,Overall,24,6,24,-1.5,-1.523924,0.441228,-2,0,
3,849,Overall,Overall,18,7,18,-1.0,-0.626395,0.448206,-1,0,
3,850,Overall,Overall,26,22,26,2.0,2.105648,0.447764,2,0,
3,851,Overall,Overall,24,6,24,-2.0,-1.411623,0.436105,-1,0,
3,852,Overall,Overall,22,6,22,-1.5,-1.209891,0.445682,-1,0,
3,853,Overall,Overall,18,8,18,-1.0,-0.292955,0.441014,0,0,
3,854,Overall,Overall,18,10,18,0.5,0.375727,0.441759,0,0,
3,855,Overall,Overall,18,7,18,-0.5,-0.626395,0.448206,-1,0,
3,856,Overall,Overall,21,6,21,-1.0,-0.992918,0.445777,-1,0,
3,857,Overall,Overall,23,18,23,1.5,1.431409,0.448513,1,0,
3,858,Overall,Overall,18,7,18,0.0,-0.379319,0.446948,0,0,
3,859,Overall,Overall,18,11,18,1.0,0.758655,0.448823,1,0,
3,860,Overall,Overall,21,14,21,1.5,1.166245,0.438148,1,0,
3,861,Overall,Overall,20,12,20,1.5,0.778418,0.437348,1,0,
3,862,Overall,Overall,22,6,22,-1.5,-1.167477,0.443502,-1,0,
3,863,Overall,Overall,18,8,18,-0.5,-0.181816,0.442386,0,0,
3,864,Overall,Overall,18,10,18,1.0,0.334364,0.440808,0,0,
3,865,Overall,Overall,26,22,26,2.0,2.105648,0.447764,2,0,
3,866,Overall,Overall,18,7,18,-0.5,-0.511703,0.447055,-1,0,
3,867,Overall,Overall,28,4,28,-2.0,-2.10255,0.446916,-2,0,
3,868,Overall,Overall,18,10,18,1.0,0.558968,0.445391,1,0,
3,869,Overall,Overall,23,6,23,-2.0,-1.394898,0.445005,-1,0,
3,870,Overall,Overall,18,7,18,-1.0,-0.626395,0.448206,-1,0,
3,871,Overall,Overall,26,21,26,2.0,1.911443,0.434078,2,0,
3,872,Overall,Overall,18,9,18,0.0,0.028487,0.440445,0,0,
3,873,Overall,Overall,19,12,19,1.5,0.972595,0.449343,1,0,
3,874,Overall,Overall,19,13,19,0.5,0.905244,0.447901,1,0,
3,875,Overall,Overall,24,6,24,-2.0,-1.523924,0.441228,-2,0,
3,876,Overall,Overall,18,10,18,0.5,0.334364,0.440808,0,0,
3,877,Overall,Overall,22,16,22,2.0,1.585727,0.439431,2,0,
3,878,Overall,Overall,23,18,23,2.0,1.752297,0.44943,2,0,
3,879,Overall,Overall,22,16,22,2.0,1.428211,0.443817,1,0,
3,880,Overall,Overall,18,7,18,0.0,-0.379319,0.446948,0,0,
3,881,Overall,Overall,17,9,17,0.0,0.211029,0.449949,0,0,
3,882,Overall,Overall,18,11,18,0.5,0.660081,0.446903,1,0,
3,883,Overall,Overall,18,9,18,0.5,0.319122,0.444452,0,0,
3,884,Overall,Overall,18,10,18,0.0,0.272324,0.441528,0,0,
3,885,Overall,Overall,30,2,30,-2.0,-2.573055,0.481923,-3,0,
3,886,Overall,Overall,18,8,18,-1.0,-0.292955,0.441014,0,0,
3,887,Overall,Overall,18,8,18,-0.5,-0.362393,0.441794,0,0,
3,888,Overall,Overall,25,5,25,-2.0,-1.782765,0.44566,-2,0,
3,889,Overall,Overall,25,5,25,-1.5,-1.782765,0.44566,-2,0,
3,890,Overall,Overall,30,1,30,-2.0,-2.818244,0.509261,-3,1,
3,891,Overall,Overall,18,9,18,1.5,0.224953,0.441899,0,0,
3,892,Overall,Overall,18,11,18,0.0,0.530196,0.444757,1,0,
3,893,Overall,Overall,23,18,23,1.5,1.752297,0.44943,2,0,
3,894,Overall,Overall,27,5,27,-2.0,-1.875432,0.43631,-2,0,
3,895,Overall,Overall,18,8,18,-0.5,-0.362393,0.441794,0,0,
3,896,Overall,Overall,20,14,20,2.0,1.332571,0.449386,1,0,
3,897,Overall,Overall,18,7,18,-1.0,-0.504046,0.446801,-1,0,
3,898,Overall,Overall,26,22,26,2.0,2.105648,0.447764,2,0,
3,899,Overall,Overall,18,7,18,0.0,-0.640154,0.447187,-1,0,
3,900,Overall,Overall,23,5,23,-2.0,-1.428952,0.448555,-1,0,
4,1,Overall,Overall,23,6,23,-1.5,-1.2869,0.439267,-1,0,
4,2,Overall,Overall,20,7,20,-0.5,-0.927682,0.441492,-1,0,
4,3,Overall,Overall,19,7,19,-0.5,-0.434542,0.44456,0,0,
4,4,Overall,Overall,28,4,28,-2.0,-2.10255,0.446916,-2,0,
4,5,Overall,Overall,19,13,19,1.0,1.020148,0.44849,1,0,
4,6,Overall,Overall,19,13,19,1.0,1.020148,0.44849,1,0,
4,7,Overall,Overall,23,18,23,1.5,1.752297,0.44943,2,0,
4,8,Overall,Overall,23,6,23,-2.0,-1.2869,0.439267,-1,0,
4,9,Overall,Overall,23,17,23,1.0,1.554862,0.43965,2,0,
4,10,Overall,Overall,23,17,23,2.0,1.554862,0.43965,2,0,
4,11,Overall,Overall,20,13,20,1.0,0.969603,0.438169,1,0,
4,12,Overall,Overall,20,7,20,-2.0,-0.939208,0.440492,-1,0,
4,13,Overall,Overall,18,7,18,-1.5,-0.531697,0.447659,-1,0,
4,14,Overall,Overall,21,15,21,1.5,1.197964,0.441772,1,0,
4,15,Overall,Overall,20,14,20,1.5,1.332571,0.449386,1,0,
4,16,Overall,Overall,18,9,18,0.0,0.012984,0.440826,0,0,
4,17,Overall,Overall,18,9,18,0.0,-0.167841,0.440855,0,0,
4,18,Overall,Overall,23,6,23,-1.0,-1.2869,0.439267,-1,0,
4,19,Overall,Overall,18,10,18,1.5,0.558968,0.445391,1,0,
4,20,Overall,Overall,19,7,19,-1.0,-0.873473,0.448371,-1,0,
4,21,Overall,Overall,17,9,17,0.5,0.211029,0.449949,0,0,
4,22,Overall,Overall,23,5,23,-2.0,-1.428952,0.448555,-1,0,
4,23,Overall,Overall,18,8,18,0.0,-0.362393,0.441794,0,0,
4,24,Overall,Overall,18,8,18,0.5,0.120844,0.44661,0,0,
4,25,Overall,Overall,26,22,26,1.0,1.660724,0.460868,2,0,
4,26,Overall,Overall,18,10,18,0.5,0.558968,0.445391,1,0,
4,27,Overall,Overall,23,5,23,-2.0,-1.428952,0.448555,-1,0,
4,28,Overall,Overall,18,10,18,1.0,0.334364,0.440808,0,0,
4,29,Overall,Overall,23,18,23,1.0,1.752297,0.44943,2,0,
4,30,Overall,Overall,22,6,22,0.0,-1.202287,0.439981,-1,0,
4,31,Overall,Overall,19,12,19,0.5,0.80442,0.442305,1,0,
4,32,Overall,Overall,18,8,18,-1.0,-0.292955,0.441014,0,0,
4,33,Overall,Overall,19,13,19,1.5,1.003122,0.449699,1,0,
4,34,Overall,Overall,22,16,22,0.5,1.585727,0.439431,2,0,
4,35,Overall,Overall,20,6,20,-1.5,-1.125987,0.449573,-1,0,
4,36,Overall,Overall,18,8,18,-0.5,-0.292955,0.441014,0,0,
4,37,Overall,Overall,18,9,18,0.0,-0.099181,0.439871,0,0,
4,38,Overall,Overall,19,7,19,-0.5,-0.873473,0.448371,-1,0,
4,39,Overall,Overall,18,7,18,-0.5,-0.379319,0.446948,0,0,
4,40,Overall,Overall,17,9,17,0.0,0.152793,0.449939,0,0,
4,41,Overall,Overall,18,8,18,0.0,-0.244166,0.441825,0,0,
4,42,Overall,Overall,21,15,21,2.0,1.306431,0.449779,1,0,
4,43,Overall,Overall,30,28,30,2.0,2.608449,0.47827,3,0,
4,44,Overall,Overall,18,9,18,-0.5,-0.099181,0.439871,0,0,
4,45,Overall,Overall,18,7,18,0.0,-0.559084,0.445705,-1,0,
4,46,Overall,Overall,18,8,18,-0.5,-0.362393,0.441794,0,0,
4,47,Overall,Overall,20,7,20,-1.5,-0.812743,0.439054,-1,0,
4,48,Overall,Overall,19,13,19,1.0,1.020148,0.44849,1,0,
4,49,Overall,Overall,18,9,18,0.0,0.140688,0.439857,0,0,
4,50,Overall,Overall,19,6,19,-1.0,-0.8827,0.448556,-1,0,
4,51,Overall,Overall,20,14,20,2.0,1.252541,0.447809,1,0,
4,52,Overall,Overall,22,6,22,-1.0,-1.209891,0.445682,-1,0,
4,53,Overall,Overall,19,12,19,1.0,0.80442,0.442305,1,0,
4,54,Overall,Overall,18,9,18,0.5,-0.038128,0.440121,0,0,
4,55,Overall,Overall,20,7,20,-2.0,-0.939208,0.440492,-1,0,
4,56,Overall,Overall,18,7,18,-1.5,-0.626395,0.448206,-1,0,
4,57,Overall,Overall,18,10,18,0.0,0.334364,0.440808,0,0,
4,58,Overall,Overall,20,7,20,-1.0,-0.927682,0.441492,-1,0,
4,59,Overall,Overall,18,10,18,1.0,0.156061,0.441708,0,0,
4,60,Overall,Overall,22,6,22,-1.5,-1.209891,0.445682,-1,0,
4,61,Overall,Overall,18,7,18,-1.5,-0.626395,0.448206,-1,0,
4,62,Overall,Overall,20,14,20,1.5,1.070897,0.445271,1,0,
4,63,Overall,Overall,17,9,17,0.0,0.211029,0.449949,0,0,
4,64,Overall,Overall,25,6,25,-1.5,-1.588992,0.435126,-2,0,
4,65,Overall,Overall,18,7,18,0.0,-0.559084,0.445705,-1,0,
4,66,Overall,Overall,27,23,27,2.0,1.683896,0.458157,2,0,
4,67,Overall,Overall,19,12,19,1.5,0.80442,0.442305,1,0,
4,68,Overall,Overall,19,13,19,1.0,0.923416,0.44677,1,0,
4,69,Overall,Overall,18,9,18,0.0,-0.038128,0.440121,0,0,
4,70,Overall,Overall,22,6,22,-2.0,-1.167477,0.443502,-1,0,
4,71,Overall,Overall,18,9,18,-0.5,-0.099181,0.439871,0,0,
4,72,Overall,Overall,20,6,20,-1.5,-1.125987,0.449573,-1,0,
4,73,Overall,Overall,18,10,18,1.0,0.175493,0.44326,0,0,
4,74,Overall,Overall,18,8,18,0.0,-0.181816,0.442386,0,0,
4,75,Overall,Overall,19,7,19,-1.0,-0.789499,0.44326,-1,0,
4,76,Overall,Overall,18,9,18,0.5,0.012984,0.440826,0,0,
4,77,Overall,Overall,18,7,18,0.0,-0.640154,0.447187,-1,0,
4,78,Overall,Overall,18,8,18,-1.0,-0.292955,0.441014,0,0,
4,79,Overall,Overall,18,8,18,0.0,-0.306477,0.442676,0,0,
4,80,Overall,Overall,25,5,25,-2.0,-1.782765,0.44566,-2,0,
4,81,Overall,Overall,18,8,18,-0.5,-0.362393,0.441794,0,0,
4,82,Overall,Overall,18,9,18,0.0,-0.167841,0.440855,0,0,
4,83,Overall,Overall,21,15,21,2.0,1.275567,0.447362,1,0,
4,84,Overall,Overall,23,6,23,-1.0,-1.233492,0.436103,-1,0,
4,85,Overall,Overall,24,6,24,-2.0,-1.411623,0.436105,-1,0,
4,86,Overall,Overall,19,13,19,2.0,1.003122,0.449699,1,0,
4,87,Overall,Overall,20,13,20,1.0,1.055237,0.440995,1,0,
4,88,Overall,Overall,18,8,18,-1.0,-0.442049,0.443487,0,0,
4,89,Overall,Overall,18,8,18,0.5,-0.181816,0.442386,0,0,
4,90,Overall,Overall,18,9,18,-0.5,-0.013117,0.441377,0,0,
4,91,Overall,Overall,19,11,19,1.0,0.679642,0.442853,1,0,
4,92,Overall,Overall,21,7,21,-1.5,-0.844266,0.439793,-1,0,
4,93,Overall,Overall,18,7,18,-1.5,-0.559084,0.445705,-1,0,
4,94,Overall,Overall,21,14,21,1.5,1.078867,0.440047,1,0,
4,95,Overall,Overall,23,18,23,2.0,1.752297,0.44943,2,0,
4,96,Overall,Overall,22,17,22,2.0,1.718335,0.44729,2,0,
4,97,Overall,Overall,24,6,24,-2.0,-1.523924,0.441228,-2,0,
4,98,Overall,Overall,20,14,20,2.0,1.252541,0.447809,1,0,
4,99,Overall,Overall,18,9,18,0.5,0.319122,0.444452,0,0,
4,100,Overall,Overall,24,6,24,-2.0,-1.411623,0.436105,-1,0,
4,101,Overall,Overall,18,11,18,0.0,0.530196,0.444757,1,0,
4,102,Overall,Overall,18,7,18,-0.5,-0.559084,0.445705,-1,0,
4,103,Overall,Overall,19,13,19,0.5,1.003122,0.449699,1,0,
4,104,Overall,Overall,18,7,18,0.0,-0.640154,0.447187,-1,0,
4,105,Overall,Overall,25,5,25,-1.5,-1.782765,0.44566,-2,0,
4,106,Overall,Overall,28,4,28,-2.0,-2.10255,0.446916,-2,0,
4,107,Overall,Overall,22,17,22,2.0,1.78274,0.44872,2,0,
4,108,Overall,Overall,18,8,18,-0.5,-0.292955,0.441014,0,0,
4,109,Overall,Overall,23,17,23,2.0,1.554862,0.43965,2,0,
4,110,Overall,Overall,18,11,18,0.5,0.572321,0.445523,1,0,
4,111,Overall,Overall,19,13,19,1.0,1.020148,0.44849,1,0,
4,112,Overall,Overall,19,12,19,1.5,0.80442,0.442305,1,0,
4,113,Overall,Overall,21,14,21,2.0,1.078867,0.440047,1,0,
4,114,Overall,Overall,22,6,22,-1.0,-1.209891,0.445682,-1,0,
4,115,Overall,Overall,19,7,19,-1.0,-0.685161,0.440848,-1,0,
4,116,Overall,Overall,23,5,23,-2.0,-1.428952,0.448555,-1,0,
4,117,Overall,Overall,25,5,25,-2.0,-1.782765,0.44566,-2,0,
4,118,Overall,Overall,19,12,19,0.0,0.727416,0.439167,1,0,
4,119,Overall,Overall,27,4,27,-2.0,-1.694612,0.456886,-2,0,
4,120,Overall,Overall,18,8,18,-0.5,-0.285795,0.444506,0,0,
4,121,Overall,Overall,18,11,18,1.0,0.660081,0.446903,1,0,
4,122,Overall,Overall,23,17,23,2.0,1.506346,0.437253,2,0,
4,123,Overall,Overall,18,8,18,-1.5,-0.292955,0.441014,0,0,
4,124,Overall,Overall,18,11,18,0.5,0.530196,0.444757,1,0,
4,125,Overall,Overall,19,7,19,-0.5,-0.776887,0.444273,-1,0,
4,126,Overall,Overall,21,6,21,-1.0,-1.040965,0.447658,-1,0,
4,127,Overall,Overall,17,9,17,0.0,0.211029,0.449949,0,0,
4,128,Overall,Overall,20,6,20,-1.0,-1.125987,0.449573,-1,0,
4,129,Overall,Overall,20,14,20,1.5,1.164925,0.446179,1,0,
4,130,Overall,Overall,22,7,22,-1.5,-1.014958,0.437741,-1,0,
4,131,Overall,Overall,18,11,18,0.5,0.419775,0.446187,0,0,
4,132,Overall,Overall,21,7,21,-0.5,-0.900324,0.441232,-1,0,
4,133,Overall,Overall,20,13,20,1.5,0.952902,0.439402,1,0,
4,134,Overall,Overall,23,5,23,-2.0,-1.428952,0.448555,-1,0,
4,135,Overall,Overall,18,10,18,0.5,0.516784,0.445216,1,0,
4,136,Overall,Overall,22,6,22,-1.5,-1.209891,0.445682,-1,0,
4,137,Overall,Overall,20,6,20,-1.0,-1.125987,0.449573,-1,0,
4,138,Overall,Overall,25,6,25,-1.5,-1.588992,0.435126,-2,0,
4,139,Overall,Overall,19,7,19,-0.5,-0.789499,0.44326,-1,0,
4,140,Overall,Overall,20,13,20,1.0,0.925501,0.445179,1,0,
4,141,Overall,Overall,19,12,19,0.5,0.642887,0.437814,1,0,
4,142,Overall,Overall,18,10,18,1.0,0.558968,0.445391,1,0,
4,143,Overall,Overall,23,17,23,2.0,1.554862,0.43965,2,0,
4,144,Overall,Overall,23,5,23,-2.0,-1.428952,0.448555,-1,0,
4,145,Overall,Overall,23,17,23,2.0,1.554862,0.43965,2,0,
4,146,Overall,Overall,20,6,20,-2.0,-1.136639,0.448609,-1,0,
4,147,Overall,Overall,18,9,18,0.0,-0.038128,0.440121,0,0,
4,148,Overall,Overall,20,14,20,1.0,1.164925,0.446179,1,0,
4,149,Overall,Overall,18,11,18,0.5,0.419775,0.446187,0,0,
4,150,Overall,Overall,18,8,18,0.0,-0.353852,0.442387,0,0,
4,151,Overall,Overall,18,8,18,0.0,-0.362393,0.441794,0,0,
4,152,Overall,Overall,18,7,18,-1.0,-0.640154,0.447187,-1,0,
4,153,Overall,Overall,23,5,23,-2.0,-1.428952,0.448555,-1,0,
4,154,Overall,Overall,18,9,18,-0.5,-0.099181,0.439871,0,0,
4,155,Overall,Overall,23,6,23,-1.5,-1.394898,0.445005,-1,0,
4,156,Overall,Overall,18,9,18,0.0,-0.099181,0.439871,0,0,
4,157,Overall,Overall,25,6,25,-1.0,-1.588992,0.435126,-2,0,
4,158,Overall,Overall,18,9,18,0.5,0.074132,0.440332,0,0,
4,159,Overall,Overall,21,6,21,-0.5,-1.02461,0.444883,-1,0,
4,160,Overall,Overall,18,10,18,0.5,0.222866,0.441813,0,0,
4,161,Overall,Overall,26,5,26,-2.0,-1.836454,0.44049,-2,0,
4,162,Overall,Overall,21,15,21,1.0,1.275567,0.447362,1,0,
4,163,Overall,Overall,19,11,19,1.5,0.679642,0.442853,1,0,
4,164,Overall,Overall,18,9,18,0.5,0.361045,0.444859,0,0,
4,165,Overall,Overall,20,14,20,2.0,1.332571,0.449386,1,0,
4,166,Overall,Overall,24,6,24,-2.0,-1.411623,0.436105,-1,0,
4,167,Overall,Overall,20,14,20,1.5,1.194312,0.447409,1,0,
4,168,Overall,Overall,18,9,18,0.0,0.018315,0.440003,0,0,
4,169,Overall,Overall,24,6,24,-1.0,-1.523924,0.441228,-2,0,
4,170,Overall,Overall,18,11,18,0.5,0.758655,0.448823,1,0,
4,171,Overall,Overall,19,13,19,1.5,0.923416,0.44677,1,0,
4,172,Overall,Overall,28,5,28,-2.0,-1.909339,0.432651,-2,0,
4,173,Overall,Overall,18,8,18,0.5,0.120844,0.44661,0,0,
4,174,Overall,Overall,23,18,23,2.0,1.752297,0.44943,2,0,
4,175,Overall,Overall,23,18,23,1.5,1.752297,0.44943,2,0,
4,176,Overall,Overall,24,6,24,-1.5,-1.523924,0.441228,-2,0,
4,177,Overall,Overall,20,7,20,-1.0,-0.939208,0.440492,-1,0,
4,178,Overall,Overall,19,7,19,-1.0,-0.776887,0.444273,-1,0,
4,179,Overall,Overall,20,6,20,-1.5,-1.125987,0.449573,-1,0,
4,180,Overall,Overall,18,7,18,-0.5,-0.559084,0.445705,-1,0,
4,181,Overall,Overall,28,4,28,-2.0,-2.10255,0.446916,-2,0,
4,182,Overall,Overall,18,10,18,0.5,0.535037,0.446836,1,0,
4,183,Overall,Overall,18,9,18,-1.5,0.26614,0.442681,0,0,
4,184,Overall,Overall,17,9,17,0.5,0.152793,0.449939,0,0,
4,185,Overall,Overall,18,8,18,-1.0,-0.292955,0.441014,0,0,
4,186,Overall,Overall,19,13,19,0.5,1.003122,0.449699,1,0,
4,187,Overall,Overall,19,13,19,1.0,0.837783,0.445639,1,0,
4,188,Overall,Overall,20,14,20,2.0,1.170028,0.44928,1,0,
4,189,Overall,Overall,18,11,18,1.5,0.758655,0.448823,1,0,
4,190,Overall,Overall,28,4,28,-2.0,-2.10255,0.446916,-2,0,
4,191,Overall,Overall,18,11,18,0.5,0.419775,0.446187,0,0,
4,192,Overall,Overall,23,18,23,1.5,1.752297,0.44943,2,0,
4,193,Overall,Overall,19,7,19,-0.5,-0.789499,0.44326,-1,0,
4,194,Overall,Overall,22,16,22,1.5,1.428211,0.443817,1,0,
4,195,Overall,Overall,28,4,28,-2.0,-2.10255,0.446916,-2,0,
4,196,Overall,Overall,20,7,20,-1.5,-0.927682,0.441492,-1,0,
4,197,Overall,Overall,18,8,18,-0.5,-0.37427,0.446544,0,0,
4,198,Overall,Overall,21,6,21,-1.5,-1.02461,0.444883,-1,0,
4,199,Overall,Overall,18,10,18,0.5,0.516784,0.445216,1,0,
4,200,Overall,Overall,20,6,20,-1.5,-1.125987,0.449573,-1,0,
4,201,Overall,Overall,21,6,21,-1.0,-1.167408,0.444378,-1,0,
4,202,Overall,Overall,23,18,23,2.0,1.442984,0.44731,1,0,
4,203,Overall,Overall,25,5,25,-1.5,-1.782765,0.44566,-2,0,
4,204,Overall,Overall,20,14,20,1.0,1.164925,0.446179,1,0,
4,205,Overall,Overall,24,5,24,-2.0,-1.663296,0.449188,-2,0,
4,206,Overall,Overall,19,7,19,-1.0,-0.789499,0.44326,-1,0,
4,207,Overall,Overall,25,6,25,-1.5,-1.588992,0.435126,-2,0,
4,208,Overall,Overall,18,10,18,0.5,0.462176,0.443323,0,0,
4,209,Overall,Overall,18,9,18,0.0,0.224953,0.441899,0,0,
4,210,Overall,Overall,18,9,18,-0.5,0.078105,0.44037,0,0,
4,211,Overall,Overall,28,4,28,-2.0,-2.10255,0.446916,-2,0,
4,212,Overall,Overall,23,5,23,-1.5,-1.428952,0.448555,-1,0,
4,213,Overall,Overall,18,7,18,0.0,-0.559084,0.445705,-1,0,
4,214,Overall,Overall,18,9,18,0.0,-0.167841,0.440855,0,0,
4,215,Overall,Overall,25,20,25,2.0,1.867099,0.438555,2,0,
4,216,Overall,Overall,20,7,20,-0.5,-0.927682,0.441492,-1,0,
4,217,Overall,Overall,25,5,25,-2.0,-1.782765,0.44566,-2,0,
4,218,Overall,Overall,23,6,23,-1.5,-1.394898,0.445005,-1,0,
4,219,Overall,Overall,18,9,18,0.5,0.224953,0.441899,0,0,
4,220,Overall,Overall,23,18,23,1.5,1.701797,0.447364,2,0,
4,221,Overall,Overall,18,10,18,1.0,0.558968,0.445391,1,0,
4,222,Overall,Overall,18,8,18,-0.5,-0.362393,0.441794,0,0,
4,223,Overall,Overall,26,22,26,1.5,1.572404,0.460487,2,0,
4,224,Overall,Overall,18,7,18,-0.5,-0.640154,0.447187,-1,0,
4,225,Overall,Overall,18,11,18,1.5,0.660081,0.446903,1,0,
4,226,Overall,Overall,18,9,18,0.5,0.012984,0.440826,0,0,
4,227,Overall,Overall,19,6,19,-1.0,-0.8827,0.448556,-1,0,
4,228,Overall,Overall,19,12,19,0.5,0.877393,0.446957,1,0,
4,229,Overall,Overall,25,6,25,-1.5,-1.588992,0.435126,-2,0,
4,230,Overall,Overall,20,7,20,-1.5,-0.927682,0.441492,-1,0,
4,231,Overall,Overall,19,13,19,0.5,1.003122,0.449699,1,0,
4,232,Overall,Overall,20,14,20,1.0,1.29261,0.448612,1,0,
4,233,Overall,Overall,21,15,21,2.0,1.460342,0.444143,1,0,
4,234,Overall,Overall,18,10,18,1.0,0.334364,0.440808,0,0,
4,235,Overall,Overall,19,13,19,0.0,0.791566,0.448213,1,0,
4,236,Overall,Overall,24,6,24,-1.0,-1.523924,0.441228,-2,0,
4,237,Overall,Overall,23,17,23,2.0,1.506346,0.437253,2,0,
4,238,Overall,Overall,19,7,19,-0.5,-0.789499,0.44326,-1,0,
4,239,Overall,Overall,19,13,19,1.5,0.837783,0.445639,1,0,
4,240,Overall,Overall,18,7,18,-1.0,-0.379319,0.446948,0,0,
4,241,Overall,Overall,18,9,18,-0.5,-0.167841,0.440855,0,0,
4,242,Overall,Overall,21,15,21,1.5,1.361003,0.44166,1,0,
4,243,Overall,Overall,22,17,22,2.0,1.78274,0.44872,2,0,
4,244,Overall,Overall,17,9,17,0.0,0.211029,0.449949,0,0,
4,245,Overall,Overall,19,13,19,1.0,0.837783,0.445639,1,0,
4,246,Overall,Overall,21,15,21,2.0,1.29946,0.448372,1,0,
4,247,Overall,Overall,27,4,27,-1.5,-1.694612,0.456886,-2,0,
4,248,Overall,Overall,18,9,18,0.5,0.074132,0.440332,0,0,
4,249,Overall,Overall,25,6,25,-2.0,-1.588992,0.435126,-2,0,
4,250,Overall,Overall,20,7,20,-1.5,-0.927682,0.441492,-1,0,
4,251,Overall,Overall,18,11,18,0.5,0.572321,0.445523,1,0,
4,252,Overall,Overall,18,7,18,-0.5,-0.379319,0.446948,0,0,
4,253,Overall,Overall,19,13,19,0.0,0.837783,0.445639,1,0,
4,254,Overall,Overall,20,7,20,-0.5,-0.939208,0.440492,-1,0,
4,255,Overall,Overall,18,9,18,0.0,-0.093445,0.440227,0,0,
4,256,Overall,Overall,19,6,19,-1.0,-0.8827,0.448556,-1,0,
4,257,Overall,Overall,18,7,18,-0.5,-0.626395,0.448206,-1,0,
4,258,Overall,Overall,21,6,21,-1.0,-0.992918,0.445777,-1,0,
4,259,Overall,Overall,18,10,18,1.0,0.558968,0.445391,1,0,
4,260,Overall,Overall,20,6,20,-2.0,-1.125987,0.449573,-1,0,
4,261,Overall,Overall,18,10,18,0.0,0.334364,0.440808,0,0,
4,262,Overall,Overall,18,9,18,-0.5,-0.167841,0.440855,0,0,
4,263,Overall,Overall,28,4,28,-1.5,-2.10255,0.446916,-2,0,
4,264,Overall,Overall,20,7,20,-1.0,-0.890761,0.442664,-1,0,
4,265,Overall,Overall,25,5,25,-1.5,-1.782765,0.44566,-2,0,
4,266,Overall,Overall,18,7,18,-0.5,-0.379319,0.446948,0,0,
4,267,Overall,Overall,23,17,23,2.0,1.506346,0.437253,2,0,
4,268,Overall,Overall,18,8,18,0.0,-0.292955,0.441014,0,0,
4,269,Overall,Overall,27,5,27,-1.5,-1.875432,0.43631,-2,0,
4,270,Overall,Overall,18,8,18,0.0,-0.292955,0.441014,0,0,
4,271,Overall,Overall,18,8,18,-0.5,-0.362393,0.441794,0,0,
4,272,Overall,Overall,24,6,24,-2.0,-1.411623,0.436105,-1,0,
4,273,Overall,Overall,19,6,19,-1.5,-0.8827,0.448556,-1,0,
4,274,Overall,Overall,22,6,22,-1.5,-1.167477,0.443502,-1,0,
4,275,Overall,Overall,24,6,24,-2.0,-1.411623,0.436105,-1,0,
4,276,Overall,Overall,18,7,18,-1.5,-0.640154,0.447187,-1,0,
4,277,Overall,Overall,18,11,18,1.0,0.419775,0.446187,0,0,
4,278,Overall,Overall,19,7,19,-1.0,-0.789499,0.44326,-1,0,
4,279,Overall,Overall,30,2,30,-2.0,-2.573055,0.481923,-3,0,
4,280,Overall,Overall,24,6,24,-1.5,-1.523924,0.441228,-2,0,
4,281,Overall,Overall,20,14,20,1.0,0.987765,0.444875,1,0,
4,282,Overall,Overall,18,8,18,0.0,-0.181816,0.442386,0,0,
4,283,Overall,Overall,18,10,18,0.5,0.535037,0.446836,1,0,
4,284,Overall,Overall,20,6,20,-1.5,-1.125987,0.449573,-1,0,
4,285,Overall,Overall,20,6,20,-1.5,-1.136639,0.448609,-1,0,
4,286,Overall,Overall,18,7,18,-1.0,-0.559084,0.445705,-1,0,
4,287,Overall,Overall,18,7,18,-1.0,-0.626395,0.448206,-1,0,
4,288,Overall,Overall,19,6,19,-0.5,-0.8827,0.448556,-1,0,
4,289,Overall,Overall,20,6,20,-2.0,-1.125987,0.449573,-1,0,
4,290,Overall,Overall,22,6,22,-1.5,-1.209891,0.445682,-1,0,
4,291,Overall,Overall,28,24,28,1.0,1.70603,0.455624,2,0,
4,292,Overall,Overall,18,11,18,1.0,0.530196,0.444757,1,0,
4,293,Overall,Overall,18,10,18,2.0,0.516784,0.445216,1,0,
4,294,Overall,Overall,18,8,18,0.0,-0.362393,0.441794,0,0,
4,295,Overall,Overall,25,5,25,-2.0,-1.782765,0.44566,-2,0,
4,296,Overall,Overall,20,14,20,1.5,1.29261,0.448612,1,0,
4,297,Overall,Overall,21,7,21,-0.5,-0.798003,0.437656,-1,0,
4,298,Overall,Overall,18,7,18,-1.0,-0.640154,0.447187,-1,0,
4,299,Overall,Overall,18,7,18,-1.0,-0.559084,0.445705,-1,0,
4,300,Overall,Overall,18,7,18,-1.0,-0.640154,0.447187,-1,0,
4,301,Overall,Overall,20,6,20,-1.0,-1.125987,0.449573,-1,0,
4,302,Overall,Overall,26,5,26,-2.0,-1.836454,0.44049,-2,0,
4,303,Overall,Overall,18,7,18,-0.5,-0.640154,0.447187,-1,0,
4,304,Overall,Overall,21,6,21,-0.5,-1.040965,0.447658,-1,0,
4,305,Overall,Overall,19,8,19,-1.0,-0.395784,0.438247,0,0,
4,306,Overall,Overall,27,23,27,2.0,2.132749,0.444722,2,0,
4,307,Overall,Overall,19,12,19,1.5,0.80442,0.442305,1,0,
4,308,Overall,Overall,18,11,18,1.0,0.758655,0.448823,1,0,
4,309,Overall,Overall,19,7,19,-1.0,-0.873473,0.448371,-1,0,
4,310,Overall,Overall,18,8,18,-0.5,0.120844,0.44661,0,0,
4,311,Overall,Overall,23,18,23,2.0,1.80205,0.445898,2,0,
4,312,Overall,Overall,18,11,18,1.5,0.530196,0.444757,1,0,
4,313,Overall,Overall,18,10,18,0.0,0.222866,0.441813,0,0,
4,314,Overall,Overall,18,11,18,0.5,0.752072,0.449369,1,0,
4,315,Overall,Overall,18,11,18,0.5,0.419775,0.446187,0,0,
4,316,Overall,Overall,18,9,18,0.5,0.074132,0.440332,0,0,
4,317,Overall,Overall,21,6,21,-1.5,-0.941766,0.443808,-1,0,
4,318,Overall,Overall,21,15,21,1.5,1.460342,0.444143,1,0,
4,319,Overall,Overall,18,9,18,-0.5,0.012984,0.440826,0,0,
4,320,Overall,Overall,18,8,18,-1.0,-0.181816,0.442386,0,0,
4,321,Overall,Overall,18,11,18,1.0,0.530196,0.444757,1,0,
4,322,Overall,Overall,25,5,25,-2.0,-1.782765,0.44566,-2,0,
4,323,Overall,Overall,24,5,24,-2.0,-1.60644,0.447084,-2,0,
4,324,Overall,Overall,18,11,18,1.0,0.758655,0.448823,1,0,
4,325,Overall,Overall,18,7,18,-1.0,-0.640154,0.447187,-1,0,
4,326,Overall,Overall,18,10,18,1.0,0.558968,0.445391,1,0,
4,327,Overall,Overall,19,13,19,1.5,1.003122,0.449699,1,0,
4,328,Overall,Overall,18,10,18,0.0,0.334364,0.440808,0,0,
4,329,Overall,Overall,18,10,18,0.5,0.222866,0.441813,0,0,
4,330,Overall,Overall,20,14,20,1.5,1.332571,0.449386,1,0,
4,331,Overall,Overall,20,6,20,-1.5,-1.136639,0.448609,-1,0,
4,332,Overall,Overall,18,9,18,0.0,-0.00365,0.441606,0,0,
4,333,Overall,Overall,23,17,23,1.5,1.506346,0.437253,2,0,
4,334,Overall,Overall,26,22,26,2.0,2.105648,0.447764,2,0,
4,335,Overall,Overall,18,10,18,0.5,0.156061,0.441708,0,0,
4,336,Overall,Overall,30,3,30,-1.5,-2.351666,0.459797,-2,0,
4,337,Overall,Overall,20,6,20,-1.5,-0.884114,0.447043,-1,0,
4,338,Overall,Overall,18,9,18,1.0,0.361045,0.444859,0,0,
4,339,Overall,Overall,25,6,25,-1.5,-1.588992,0.435126,-2,0,
4,340,Overall,Overall,18,9,18,-0.5,-0.099181,0.439871,0,0,
4,341,Overall,Overall,22,17,22,2.0,1.78274,0.44872,2,0,
4,342,Overall,Overall,21,15,21,1.0,1.401756,0.442266,1,0,
4,343,Overall,Overall,19,12,19,1.0,0.782352,0.44369,1,0,
4,344,Overall,Overall,30,3,30,-1.5,-2.351666,0.459797,-2,0,
4,345,Overall,Overall,19,13,19,1.5,0.923416,0.44677,1,0,
4,346,Overall,Overall,21,14,21,0.5,1.078867,0.440047,1,0,
4,347,Overall,Overall,19,12,19,1.0,0.80442,0.442305,1,0,
4,348,Overall,Overall,19,12,19,1.5,0.80442,0.442305,1,0,
4,349,Overall,Overall,23,18,23,2.0,1.752297,0.44943,2,0,
4,350,Overall,Overall,23,6,23,-2.0,-1.394898,0.445005,-1,0,
4,351,Overall,Overall,23,5,23,-1.5,-1.428952,0.448555,-1,0,
4,352,Overall,Overall,18,11,18,1.0,0.572321,0.445523,1,0,
4,353,Overall,Overall,26,5,26,-2.0,-1.836454,0.44049,-2,0,
4,354,Overall,Overall,18,11,18,1.5,0.758655,0.448823,1,0,
4,355,Overall,Overall,18,7,18,-0.5,-0.640154,0.447187,-1,0,
4,356,Overall,Overall,17,9,17,0.0,0.211029,0.449949,0,0,
4,357,Overall,Overall,20,14,20,2.0,1.164925,0.446179,1,0,
4,358,Overall,Overall,20,14,20,0.5,1.332571,0.449386,1,0,
4,359,Overall,Overall,18,8,18,-1.0,-0.181816,0.442386,0,0,
4,360,Overall,Overall,19,7,19,0.0,-0.660968,0.44251,-1,0,
4,361,Overall,Overall,18,9,18,0.0,-0.099181,0.439871,0,0,
4,362,Overall,Overall,22,6,22,-1.5,-1.167477,0.443502,-1,0,
4,363,Overall,Overall,19,12,19,1.5,0.877393,0.446957,1,0,
4,364,Overall,Overall,19,12,19,1.5,0.877393,0.446957,1,0,
4,365,Overall,Overall,23,6,23,-1.5,-1.2869,0.439267,-1,0,
4,366,Overall,Overall,23,17,23,2.0,1.506346,0.437253,2,0,
4,367,Overall,Overall,22,16,22,2.0,1.384949,0.441502,1,0,
4,368,Overall,Overall,25,5,25,-2.0,-1.782765,0.44566,-2,0,
4,369,Overall,Overall,21,15,21,1.0,1.306431,0.449779,1,0,
4,370,Overall,Overall,26,5,26,-2.0,-1.836454,0.44049,-2,0,
4,371,Overall,Overall,18,9,18,-0.5,0.140688,0.439857,0,0,
4,372,Overall,Overall,19,8,19,-1.5,-0.396746,0.438273,0,0,
4,373,Overall,Overall,19,7,19,-0.5,-0.789499,0.44326,-1,0,
4,374,Overall,Overall,28,4,28,-2.0,-2.10255,0.446916,-2,0,
4,375,Overall,Overall,18,9,18,1.0,0.224953,0.441899,0,0,
4,376,Overall,Overall,22,16,22,2.0,1.384949,0.441502,1,0,
4,377,Overall,Overall,18,9,18,0.0,-0.099181,0.439871,0,0,
4,378,Overall,Overall,18,10,18,0.0,0.420382,0.442737,0,0,
4,379,Overall,Overall,17,9,17,0.5,0.211029,0.449949,0,0,
4,380,Overall,Overall,19,13,19,1.5,1.020148,0.44849,1,0,
4,381,Overall,Overall,19,12,19,2.0,0.972595,0.449343,1,0,
4,382,Overall,Overall,17,9,17,-0.5,0.152793,0.449939,0,0,
4,383,Overall,Overall,17,9,17,1.0,0.211029,0.449949,0,0,
4,384,Overall,Overall,18,10,18,0.0,0.385991,0.444835,0,0,
4,385,Overall,Overall,21,7,21,-0.5,-0.748696,0.435446,-1,0,
4,386,Overall,Overall,18,8,18,-1.0,-0.362393,0.441794,0,0,
4,387,Overall,Overall,25,5,25,-2.0,-1.782765,0.44566,-2,0,
4,388,Overall,Overall,23,17,23,0.5,1.554862,0.43965,2,0,
4,389,Overall,Overall,19,6,19,-0.5,-0.8827,0.448556,-1,0,
4,390,Overall,Overall,25,5,25,-2.0,-1.782765,0.44566,-2,0,
4,391,Overall,Overall,19,12,19,1.0,0.538146,0.439701,1,0,
4,392,Overall,Overall,18,10,18,0.5,0.222866,0.441813,0,0,
4,393,Overall,Overall,21,15,21,2.0,1.460342,0.444143,1,0,
4,394,Overall,Overall,18,9,18,0.0,-0.099181,0.439871,0,0,
4,395,Overall,Overall,21,15,21,1.5,1.29946,0.448372,1,0,
4,396,Overall,Overall,20,14,20,2.0,0.987765,0.444875,1,0,
4,397,Overall,Overall,18,9,18,0.5,0.012984,0.440826,0,0,
4,398,Overall,Overall,23,18,23,2.0,1.752297,0.44943,2,0,
4,399,Overall,Overall,18,7,18,-1.0,-0.379319,0.446948,0,0,
4,400,Overall,Overall,18,10,18,0.5,0.420382,0.442737,0,0,
4,401,Overall,Overall,24,6,24,-2.0,-1.523924,0.441228,-2,0,
4,402,Overall,Overall,19,13,19,1.5,0.923416,0.44677,1,0,
4,403,Overall,Overall,18,10,18,1.0,0.420382,0.442737,0,0,
4,404,Overall,Overall,18,7,18,-1.0,-0.626395,0.448206,-1,0,
4,405,Overall,Overall,21,6,21,-2.0,-1.153638,0.445639,-1,0,
4,406,Overall,Overall,20,7,20,-1.0,-0.890761,0.442664,-1,0,
4,407,Overall,Overall,20,6,20,-1.5,-1.125987,0.449573,-1,0,
4,408,Overall,Overall,23,5,23,-1.5,-1.428952,0.448555,-1,0,
4,409,Overall,Overall,23,18,23,2.0,1.752297,0.44943,2,0,
4,410,Overall,Overall,23,18,23,2.0,1.752297,0.44943,2,0,
4,411,Overall,Overall,18,7,18,-1.0,-0.626395,0.448206,-1,0,
4,412,Overall,Overall,21,15,21,1.5,1.361097,0.445084,1,0,
4,413,Overall,Overall,18,9,18,0.5,-0.099181,0.439871,0,0,
4,414,Overall,Overall,19,7,19,-0.5,-0.713939,0.446915,-1,0,
4,415,Overall,Overall,20,6,20,-1.5,-1.125987,0.449573,-1,0,
4,416,Overall,Overall,21,6,21,-1.0,-1.040965,0.447658,-1,0,
4,417,Overall,Overall,21,14,21,0.5,1.078867,0.440047,1,0,
4,418,Overall,Overall,23,18,23,1.5,1.701797,0.447364,2,0,
4,419,Overall,Overall,20,7,20,-1.5,-0.844216,0.445149,-1,0,
4,420,Overall,Overall,18,8,18,-0.5,-0.292955,0.441014,0,0,
4,421,Overall,Overall,18,8,18,0.0,-0.362393,0.441794,0,0,
4,422,Overall,Overall,20,13,20,2.0,1.055237,0.440995,1,0,
4,423,Overall,Overall,18,8,18,-0.5,-0.362393,0.441794,0,0,
4,424,Overall,Overall,23,18,23,1.0,1.752297,0.44943,2,0,
4,425,Overall,Overall,21,14,21,1.0,1.078867,0.440047,1,0,
4,426,Overall,Overall,23,18,23,2.0,1.834005,0.443215,2,0,
4,427,Overall,Overall,21,14,21,1.5,1.085742,0.440526,1,0,
4,428,Overall,Overall,18,8,18,-0.5,-0.353852,0.442387,0,0,
4,429,Overall,Overall,20,14,20,1.5,1.252541,0.447809,1,0,
4,430,Overall,Overall,18,10,18,0.0,0.504316,0.44844,1,0,
4,431,Overall,Overall,20,14,20,1.5,1.332571,0.449386,1,0,
4,432,Overall,Overall,26,5,26,-2.0,-1.836454,0.44049,-2,0,
4,433,Overall,Overall,20,14,20,1.5,1.332571,0.449386,1,0,
4,434,Overall,Overall,25,5,25,-2.0,-1.782765,0.44566,-2,0,
4,435,Overall,Overall,28,5,28,-2.0,-1.909339,0.432651,-2,0,
4,436,Overall,Overall,19,7,19,-0.5,-0.685161,0.440848,-1,0,
4,437,Overall,Overall,19,13,19,1.5,1.003122,0.449699,1,0,
4,438,Overall,Overall,18,10,18,0.5,0.334364,0.440808,0,0,
4,439,Overall,Overall,18,11,18,0.5,0.419775,0.446187,0,0,
4,440,Overall,Overall,18,10,18,-0.5,0.462176,0.443323,0,0,
4,441,Overall,Overall,18,9,18,0.0,-0.167841,0.440855,0,0,
4,442,Overall,Overall,18,10,18,1.5,0.462176,0.443323,0,0,
4,443,Overall,Overall,18,11,18,1.0,0.758655,0.448823,1,0,
4,444,Overall,Overall,24,6,24,-2.0,-1.411623,0.436105,-1,0,
4,445,Overall,Overall,18,8,18,0.0,-0.181816,0.442386,0,0,
4,446,Overall,Overall,22,17,22,1.0,1.324674,0.449978,1,0,
4,447,Overall,Overall,22,6,22,-2.0,-1.262787,0.448952,-1,0,
4,448,Overall,Overall,19,11,19,1.0,0.610996,0.437743,1,0,
4,449,Overall,Overall,18,7,18,0.0,-0.559084,0.445705,-1,0,
4,450,Overall,Overall,18,11,18,0.5,0.572321,0.445523,1,0,
4,451,Overall,Overall,23,18,23,1.5,1.431409,0.448513,1,0,
4,452,Overall,Overall,23,6,23,-2.0,-1.2869,0.439267,-1,0,
4,453,Overall,Overall,26,22,26,2.0,2.105648,0.447764,2,0,
4,454,Overall,Overall,21,15,21,2.0,1.460342,0.444143,1,0,
4,455,Overall,Overall,22,16,22,2.0,1.229091,0.437751,1,0,
4,456,Overall,Overall,22,17,22,1.0,1.78274,0.44872,2,0,
4,457,Overall,Overall,22,6,22,-1.5,-1.167477,0.443502,-1,0,
4,458,Overall,Overall,25,6,25,-2.0,-1.588992,0.435126,-2,0,
4,459,Overall,Overall,19,7,19,-0.5,-0.518666,0.447266,-1,0,
4,460,Overall,Overall,24,19,24,2.0,1.818284,0.443533,2,0,
4,461,Overall,Overall,21,15,21,2.0,1.29946,0.448372,1,0,
4,462,Overall,Overall,18,7,18,-0.5,-0.640154,0.447187,-1,0,
4,463,Overall,Overall,21,15,21,1.5,1.361097,0.445084,1,0,
4,464,Overall,Overall,23,6,23,-2.0,-1.2869,0.439267,-1,0,
4,465,Overall,Overall,18,7,18,-1.0,-0.640154,0.447187,-1,0,
4,466,Overall,Overall,20,14,20,2.0,1.252541,0.447809,1,0,
4,467,Overall,Overall,19,11,19,0.5,0.679642,0.442853,1,0,
4,468,Overall,Overall,18,11,18,1.5,0.572321,0.445523,1,0,
4,469,Overall,Overall,19,12,19,0.5,0.727416,0.439167,1,0,
4,470,Overall,Overall,18,11,18,1.0,0.530196,0.444757,1,0,
4,471,Overall,Overall,18,11,18,0.5,0.419775,0.446187,0,0,
4,472,Overall,Overall,24,19,24,1.5,1.818284,0.443533,2,0,
4,473,Overall,Overall,18,10,18,1.0,0.420382,0.442737,0,0,
4,474,Overall,Overall,23,18,23,1.5,1.431409,0.448513,1,0,
4,475,Overall,Overall,18,9,18,0.5,0.028487,0.440445,0,0,
4,476,Overall,Overall,19,12,19,1.0,0.932596,0.447885,1,0,
4,477,Overall,Overall,18,11,18,1.5,0.660081,0.446903,1,0,
4,478,Overall,Overall,19,13,19,0.5,1.020148,0.44849,1,0,
4,479,Overall,Overall,21,6,21,-1.5,-1.148402,0.446006,-1,0,
4,480,Overall,Overall,19,7,19,-2.0,-0.890431,0.446938,-1,0,
4,481,Overall,Overall,18,8,18,-1.0,-0.442049,0.443487,0,0,
4,482,Overall,Overall,21,15,21,1.5,1.182552,0.44294,1,0,
4,483,Overall,Overall,30,3,30,-2.0,-2.351666,0.459797,-2,0,
4,484,Overall,Overall,18,7,18,-0.5,-0.626395,0.448206,-1,0,
4,485,Overall,Overall,22,6,22,-1.0,-1.209891,0.445682,-1,0,
4,486,Overall,Overall,23,18,23,2.0,1.752297,0.44943,2,0,
4,487,Overall,Overall,23,18,23,1.5,1.80205,0.445898,2,0,
4,488,Overall,Overall,24,5,24,-2.0,-1.60644,0.447084,-2,0,
4,489,Overall,Overall,26,21,26,2.0,1.911443,0.434078,2,0,
4,490,Overall,Overall,30,27,30,2.0,2.390491,0.456133,2,0,
4,491,Overall,Overall,19,7,19,-1.0,-0.789499,0.44326,-1,0,
4,492,Overall,Overall,21,14,21,1.0,1.107548,0.442528,1,0,
4,493,Overall,Overall,23,6,23,-1.0,-1.394898,0.445005,-1,0,
4,494,Overall,Overall,25,5,25,-1.5,-1.782765,0.44566,-2,0,
4,495,Overall,Overall,21,6,21,-2.0,-1.040965,0.447658,-1,0,
4,496,Overall,Overall,18,7,18,-1.5,-0.640154,0.447187,-1,0,
4,497,Overall,Overall,27,5,27,-2.0,-1.875432,0.43631,-2,0,
4,498,Overall,Overall,25,5,25,-2.0,-1.782765,0.44566,-2,0,
4,499,Overall,Overall,26,22,26,2.0,2.105648,0.447764,2,0,
4,500,Overall,Overall,18,9,18,0.5,0.26614,0.442681,0,0,
4,501,Overall,Overall,26,22,26,2.0,2.105648,0.447764,2,0,
4,502,Overall,Overall,18,9,18,0.5,-0.042763,0.440127,0,0,
4,503,Overall,Overall,20,14,20,1.5,1.29261,0.448612,1,0,
4,504,Overall,Overall,25,5,25,-1.5,-1.782765,0.44566,-2,0,
4,505,Overall,Overall,23,6,23,-0.5,-1.394898,0.445005,-1,0,
4,506,Overall,Overall,20,7,20,-1.5,-0.927682,0.441492,-1,0,
4,507,Overall,Overall,18,8,18,0.5,0.028967,0.444,0,0,
4,508,Overall,Overall,18,9,18,-1.0,-0.099181,0.439871,0,0,
4,509,Overall,Overall,18,9,18,0.5,0.028487,0.440445,0,0,
4,510,Overall,Overall,21,6,21,-1.5,-1.040965,0.447658,-1,0,
4,511,Overall,Overall,18,11,18,1.0,0.51584,0.445732,1,0,
4,512,Overall,Overall,18,8,18,0.0,-0.362393,0.441794,0,0,
4,513,Overall,Overall,23,6,23,-2.0,-1.394898,0.445005,-1,0,
4,514,Overall,Overall,23,18,23,2.0,1.752297,0.44943,2,0,
4,515,Overall,Overall,21,15,21,1.5,1.460342,0.444143,1,0,
4,516,Overall,Overall,20,7,20,-1.0,-0.876095,0.444479,-1,0,
4,517,Overall,Overall,18,9,18,0.5,0.224953,0.441899,0,0,
4,518,Overall,Overall,20,6,20,-1.0,-1.125987,0.449573,-1,0,
4,519,Overall,Overall,18,9,18,0.0,0.028487,0.440445,0,0,
4,520,Overall,Overall,18,7,18,-0.5,-0.640154,0.447187,-1,0,
4,521,Overall,Overall,24,6,24,-2.0,-1.523924,0.441228,-2,0,
4,522,Overall,Overall,18,8,18,-0.5,-0.292955,0.441014,0,0,
4,523,Overall,Overall,18,11,18,0.5,0.530196,0.444757,1,0,
4,524,Overall,Overall,22,17,22,2.0,1.78274,0.44872,2,0,
4,525,Overall,Overall,20,6,20,-1.0,-1.136639,0.448609,-1,0,
4,526,Overall,Overall,17,9,17,0.0,0.211029,0.449949,0,0,
4,527,Overall,Overall,18,9,18,0.5,-0.038128,0.440121,0,0,
4,528,Overall,Overall,18,7,18,-0.5,-0.640154,0.447187,-1,0,
4,529,Overall,Overall,18,7,18,-0.5,-0.551064,0.446288,-1,0,
4,530,Overall,Overall,18,8,18,-0.5,-0.120331,0.442118,0,0,
4,531,Overall,Overall,28,5,28,-2.0,-1.909339,0.432651,-2,0,
4,532,Overall,Overall,25,5,25,-2.0,-1.782765,0.44566,-2,0,
4,533,Overall,Overall,19,7,19,0.0,-0.789499,0.44326,-1,0,
4,534,Overall,Overall,18,11,18,1.0,0.758655,0.448823,1,0,
4,535,Overall,Overall,18,9,18,0.0,-0.099181,0.439871,0,0,
4,536,Overall,Overall,23,5,23,-1.5,-1.412654,0.449934,-1,0,
4,537,Overall,Overall,23,6,23,-1.5,-1.2869,0.439267,-1,0,
4,538,Overall,Overall,23,5,23,-1.5,-1.423029,0.449125,-1,0,
4,539,Overall,Overall,21,15,21,1.5,1.238319,0.446345,1,0,
4,540,Overall,Overall,20,6,20,-0.5,-1.125987,0.449573,-1,0,
4,541,Overall,Overall,23,6,23,-2.0,-1.394898,0.445005,-1,0,
4,542,Overall,Overall,18,11,18,0.5,0.572321,0.445523,1,0,
4,543,Overall,Overall,18,10,18,1.0,0.558968,0.445391,1,0,
4,544,Overall,Overall,19,7,19,-1.5,-0.776887,0.444273,-1,0,
4,545,Overall,Overall,20,14,20,1.5,1.070897,0.445271,1,0,
4,546,Overall,Overall,18,9,18,-0.5,-0.020107,0.44176,0,0,
4,547,Overall,Overall,23,5,23,-1.5,-1.428952,0.448555,-1,0,
4,548,Overall,Overall,18,9,18,0.0,0.303737,0.447752,0,0,
4,549,Overall,Overall,21,6,21,-0.5,-0.992918,0.445777,-1,0,
4,550,Overall,Overall,18,7,18,-0.5,-0.379319,0.446948,0,0,
4,551,Overall,Overall,21,6,21,-2.0,-1.040965,0.447658,-1,0,
4,552,Overall,Overall,20,14,20,1.5,1.164925,0.446179,1,0,
4,553,Overall,Overall,19,12,19,0.5,0.80442,0.442305,1,0,
4,554,Overall,Overall,20,6,20,-1.0,-1.125987,0.449573,-1,0,
4,555,Overall,Overall,22,6,22,-1.0,-1.167477,0.443502,-1,0,
4,556,Overall,Overall,23,6,23,-1.0,-1.394898,0.445005,-1,0,
4,557,Overall,Overall,19,12,19,2.0,0.912775,0.4451,1,0,
4,558,Overall,Overall,24,6,24,-1.5,-1.523924,0.441228,-2,0,
4,559,Overall,Overall,18,10,18,1.0,0.558968,0.445391,1,0,
4,560,Overall,Overall,18,7,18,-1.5,-0.640154,0.447187,-1,0,
4,561,Overall,Overall,18,9,18,-1.0,-0.099181,0.439871,0,0,
4,562,Overall,Overall,23,6,23,-2.0,-1.2869,0.439267,-1,0,
4,563,Overall,Overall,18,8,18,-0.5,-0.292955,0.441014,0,0,
4,564,Overall,Overall,20,6,20,-1.5,-1.136639,0.448609,-1,0,
4,565,Overall,Overall,18,10,18,0.5,0.516784,0.445216,1,0,
4,566,Overall,Overall,21,15,21,1.5,1.460342,0.444143,1,0,
4,567,Overall,Overall,18,7,18,-1.0,-0.640154,0.447187,-1,0,
4,568,Overall,Overall,18,9,18,0.5,0.361045,0.444859,0,0,
4,569,Overall,Overall,18,11,18,0.5,0.530196,0.444757,1,0,
4,570,Overall,Overall,18,9,18,0.0,-0.042763,0.440127,0,0,
4,571,Overall,Overall,18,7,18,-1.0,-0.551064,0.446288,-1,0,
4,572,Overall,Overall,19,8,19,-0.5,-0.595304,0.43854,-1,0,
4,573,Overall,Overall,18,9,18,0.5,0.319122,0.444452,0,0,
4,574,Overall,Overall,18,7,18,-0.5,-0.640154,0.447187,-1,0,
4,575,Overall,Overall,18,8,18,-0.5,-0.427375,0.44452,0,0,
4,576,Overall,Overall,19,13,19,1.5,0.837783,0.445639,1,0,
4,577,Overall,Overall,18,10,18,0.0,0.094883,0.441676,0,0,
4,578,Overall,Overall,25,5,25,-2.0,-1.782765,0.44566,-2,0,
4,579,Overall,Overall,18,8,18,-0.5,-0.292955,0.441014,0,0,
4,580,Overall,Overall,20,13,20,0.0,0.925501,0.445179,1,0,
4,581,Overall,Overall,19,12,19,2.0,0.727416,0.439167,1,0,
4,582,Overall,Overall,18,11,18,0.0,0.572321,0.445523,1,0,
4,583,Overall,Overall,19,13,19,0.5,0.923416,0.44677,1,0,
4,584,Overall,Overall,27,5,27,-1.0,-1.875432,0.43631,-2,0,
4,585,Overall,Overall,18,11,18,0.5,0.419775,0.446187,0,0,
4,586,Overall,Overall,18,9,18,-0.5,-0.099181,0.439871,0,0,
4,587,Overall,Overall,18,11,18,0.5,0.758655,0.448823,1,0,
4,588,Overall,Overall,26,5,26,-1.0,-1.48812,0.441178,-1,0,
4,589,Overall,Overall,18,9,18,-1.0,-0.099181,0.439871,0,0,
4,590,Overall,Overall,18,10,18,-0.5,0.375727,0.441759,0,0,
4,591,Overall,Overall,19,7,19,-1.0,-0.789499,0.44326,-1,0,
4,592,Overall,Overall,19,12,19,0.0,0.822524,0.441093,1,0,
4,593,Overall,Overall,18,11,18,1.0,0.530196,0.444757,1,0,
4,594,Overall,Overall,22,16,22,1.5,1.384949,0.441502,1,0,
4,595,Overall,Overall,19,13,19,1.0,1.003122,0.449699,1,0,
4,596,Overall,Overall,18,8,18,-1.0,-0.362393,0.441794,0,0,
4,597,Overall,Overall,17,9,17,0.0,0.211029,0.449949,0,0,
4,598,Overall,Overall,23,18,23,1.5,1.752297,0.44943,2,0,
4,599,Overall,Overall,18,11,18,1.0,0.419775,0.446187,0,0,
4,600,Overall,Overall,24,19,24,2.0,1.818284,0.443533,2,0,
4,601,Overall,Overall,22,6,22,-1.0,-1.209891,0.445682,-1,0,
4,602,Overall,Overall,18,11,18,1.5,0.758655,0.448823,1,0,
4,603,Overall,Overall,22,16,22,1.0,1.463497,0.446287,1,0,
4,604,Overall,Overall,18,10,18,1.0,0.375727,0.441759,0,0,
4,605,Overall,Overall,23,17,23,1.5,1.554862,0.43965,2,0,
4,606,Overall,Overall,18,8,18,0.0,-0.442049,0.443487,0,0,
4,607,Overall,Overall,18,9,18,0.0,-0.038128,0.440121,0,0,
4,608,Overall,Overall,18,8,18,-1.0,-0.353852,0.442387,0,0,
4,609,Overall,Overall,25,5,25,-2.0,-1.782765,0.44566,-2,0,
4,610,Overall,Overall,22,15,22,1.0,1.234631,0.436502,1,0,
4,611,Overall,Overall,26,22,26,2.0,2.105648,0.447764,2,0,
4,612,Overall,Overall,18,10,18,-0.5,0.334364,0.440808,0,0,
4,613,Overall,Overall,18,8,18,-0.5,-0.292955,0.441014,0,0,
4,614,Overall,Overall,20,14,20,1.0,1.149311,0.447399,1,0,
4,615,Overall,Overall,18,11,18,1.5,0.758655,0.448823,1,0,
4,616,Overall,Overall,18,11,18,0.5,0.419775,0.446187,0,0,
4,617,Overall,Overall,21,14,21,1.5,1.078867,0.440047,1,0,
4,618,Overall,Overall,20,7,20,-1.5,-0.939208,0.440492,-1,0,
4,619,Overall,Overall,18,8,18,0.0,-0.181816,0.442386,0,0,
4,620,Overall,Overall,19,12,19,1.5,0.932596,0.447885,1,0,
4,621,Overall,Overall,19,12,19,1.5,0.877393,0.446957,1,0,
4,622,Overall,Overall,20,7,20,-1.0,-0.939208,0.440492,-1,0,
4,623,Overall,Overall,18,7,18,-1.0,-0.640154,0.447187,-1,0,
4,624,Overall,Overall,18,7,18,-0.5,-0.626395,0.448206,-1,0,
4,625,Overall,Overall,24,6,24,-1.5,-1.411623,0.436105,-1,0,
4,626,Overall,Overall,25,21,25,2.0,2.106344,0.448137,2,0,
4,627,Overall,Overall,24,6,24,-2.0,-1.411623,0.436105,-1,0,
4,628,Overall,Overall,20,13,20,1.0,1.133589,0.443176,1,0,
4,629,Overall,Overall,20,7,20,-2.0,-0.669673,0.442782,-1,0,
4,630,Overall,Overall,19,7,19,-0.5,-0.776887,0.444273,-1,0,
4,631,Overall,Overall,18,8,18,-1.0,-0.442049,0.443487,0,0,
4,632,Overall,Overall,19,7,19,-1.0,-0.685161,0.440848,-1,0,
4,633,Overall,Overall,18,10,18,1.0,0.222866,0.441813,0,0,
4,634,Overall,Overall,20,7,20,-1.0,-0.783419,0.439927,-1,0,
4,635,Overall,Overall,19,12,19,1.0,0.642887,0.437814,1,0,
4,636,Overall,Overall,18,8,18,0.5,-0.292955,0.441014,0,0,
4,637,Overall,Overall,19,6,19,-1.5,-0.8827,0.448556,-1,0,
4,638,Overall,Overall,24,6,24,-1.5,-1.411623,0.436105,-1,0,
4,639,Overall,Overall,20,7,20,-1.5,-0.927682,0.441492,-1,0,
4,640,Overall,Overall,18,11,18,0.5,0.530196,0.444757,1,0,
4,641,Overall,Overall,18,11,18,1.0,0.530196,0.444757,1,0,
4,642,Overall,Overall,20,6,20,-1.0,-1.125987,0.449573,-1,0,
4,643,Overall,Overall,22,17,22,1.5,1.244942,0.449779,1,0,
4,644,Overall,Overall,18,8,18,-0.5,-0.181816,0.442386,0,0,
4,645,Overall,Overall,20,13,20,0.5,0.920757,0.444788,1,0,
4,646,Overall,Overall,27,4,27,-1.5,-1.694612,0.456886,-2,0,
4,647,Overall,Overall,18,7,18,-1.0,-0.559084,0.445705,-1,0,
4,648,Overall,Overall,20,6,20,-1.5,-1.136639,0.448609,-1,0,
4,649,Overall,Overall,18,10,18,0.0,0.462176,0.443323,0,0,
4,650,Overall,Overall,18,7,18,-1.0,-0.640154,0.447187,-1,0,
4,651,Overall,Overall,22,17,22,1.0,1.425776,0.449693,1,0,
4,652,Overall,Overall,26,5,26,-2.0,-1.836454,0.44049,-2,0,
4,653,Overall,Overall,22,6,22,-1.5,-1.209891,0.445682,-1,0,
4,654,Overall,Overall,19,7,19,-1.0,-0.789499,0.44326,-1,0,
4,655,Overall,Overall,18,7,18,-0.5,-0.559084,0.445705,-1,0,
4,656,Overall,Overall,21,15,21,1.5,1.29946,0.448372,1,0,
4,657,Overall,Overall,18,11,18,1.0,0.660081,0.446903,1,0,
4,658,Overall,Overall,28,4,28,-2.0,-2.10255,0.446916,-2,0,
4,659,Overall,Overall,18,8,18,-0.5,-0.120331,0.442118,0,0,
4,660,Overall,Overall,30,27,30,2.0,2.390491,0.456133,2,0,
4,661,Overall,Overall,20,6,20,-1.5,-1.136639,0.448609,-1,0,
4,662,Overall,Overall,23,17,23,1.0,1.506346,0.437253,2,0,
4,663,Overall,Overall,28,4,28,-2.0,-2.10255,0.446916,-2,0,
4,664,Overall,Overall,18,9,18,1.0,0.361045,0.444859,0,0,
4,665,Overall,Overall,18,8,18,-0.5,-0.442049,0.443487,0,0,
4,666,Overall,Overall,23,6,23,-1.0,-1.394898,0.445005,-1,0,
4,667,Overall,Overall,17,9,17,0.5,0.211029,0.449949,0,0,
4,668,Overall,Overall,22,6,22,-2.0,-1.209891,0.445682,-1,0,
4,669,Overall,Overall,19,13,19,0.5,0.923416,0.44677,1,0,
4,670,Overall,Overall,19,13,19,2.0,1.003122,0.449699,1,0,
4,671,Overall,Overall,20,7,20,-0.5,-0.927682,0.441492,-1,0,
4,672,Overall,Overall,22,6,22,-1.0,-1.167477,0.443502,-1,0,
4,673,Overall,Overall,18,9,18,0.0,0.074132,0.440332,0,0,
4,674,Overall,Overall,18,7,18,-1.5,-0.626395,0.448206,-1,0,
4,675,Overall,Overall,18,7,18,0.0,-0.640154,0.447187,-1,0,
4,676,Overall,Overall,18,7,18,-1.5,-0.626395,0.448206,-1,0,
4,677,Overall,Overall,30,27,30,2.0,2.390491,0.456133,2,0,
4,678,Overall,Overall,18,8,18,0.0,-0.181816,0.442386,0,0,
4,679,Overall,Overall,23,18,23,2.0,1.752297,0.44943,2,0,
4,680,Overall,Overall,18,11,18,1.0,0.572321,0.445523,1,0,
4,681,Overall,Overall,21,15,21,1.5,1.100234,0.441293,1,0,
4,682,Overall,Overall,20,14,20,1.5,1.29261,0.448612,1,0,
4,683,Overall,Overall,18,10,18,1.5,0.558968,0.445391,1,0,
4,684,Overall,Overall,19,13,19,1.0,0.837783,0.445639,1,0,
4,685,Overall,Overall,21,14,21,1.0,1.042651,0.438741,1,0,
4,686,Overall,Overall,18,8,18,-0.5,-0.292955,0.441014,0,0,
4,687,Overall,Overall,30,28,30,1.5,2.608449,0.47827,3,0,
4,688,Overall,Overall,18,10,18,0.0,0.420382,0.442737,0,0,
4,689,Overall,Overall,19,13,19,1.0,0.923416,0.44677,1,0,
4,690,Overall,Overall,24,19,24,2.0,1.818284,0.443533,2,0,
4,691,Overall,Overall,19,7,19,-1.0,-0.873473,0.448371,-1,0,
4,692,Overall,Overall,18,10,18,1.0,0.462176,0.443323,0,0,
4,693,Overall,Overall,24,6,24,-2.0,-1.411623,0.436105,-1,0,
4,694,Overall,Overall,18,9,18,0.0,-0.167841,0.440855,0,0,
4,695,Overall,Overall,23,6,23,-1.0,-1.2869,0.439267,-1,0,
4,696,Overall,Overall,18,7,18,0.5,-0.511703,0.447055,-1,0,
4,697,Overall,Overall,30,2,30,-1.5,-2.573055,0.481923,-3,0,
4,698,Overall,Overall,19,13,19,1.0,0.923416,0.44677,1,0,
4,699,Overall,Overall,20,14,20,1.5,1.332571,0.449386,1,0,
4,700,Overall,Overall,23,17,23,2.0,1.607734,0.436144,2,0,
4,701,Overall,Overall,18,9,18,-0.5,-0.099181,0.439871,0,0,
4,702,Overall,Overall,23,18,23,1.5,1.752297,0.44943,2,0,
4,703,Overall,Overall,23,6,23,-2.0,-1.394898,0.445005,-1,0,
4,704,Overall,Overall,24,19,24,2.0,1.818284,0.443533,2,0,
4,705,Overall,Overall,23,6,23,-1.5,-1.447971,0.447977,-1,0,
4,706,Overall,Overall,28,4,28,-2.0,-2.10255,0.446916,-2,0,
4,707,Overall,Overall,17,9,17,-1.0,0.211029,0.449949,0,0,
4,708,Overall,Overall,18,9,18,0.5,0.028487,0.440445,0,0,
4,709,Overall,Overall,25,5,25,-2.0,-1.782765,0.44566,-2,0,
4,710,Overall,Overall,21,15,21,2.0,1.460342,0.444143,1,0,
4,711,Overall,Overall,20,14,20,2.0,0.987765,0.444875,1,0,
4,712,Overall,Overall,18,10,18,0.5,0.278705,0.441087,0,0,
4,713,Overall,Overall,21,6,21,-1.5,-1.040965,0.447658,-1,0,
4,714,Overall,Overall,18,8,18,0.5,0.028967,0.444,0,0,
4,715,Overall,Overall,24,5,24,-2.0,-1.60644,0.447084,-2,0,
4,716,Overall,Overall,19,11,19,1.0,0.679642,0.442853,1,0,
4,717,Overall,Overall,18,9,18,0.0,-0.042763,0.440127,0,0,
4,718,Overall,Overall,23,18,23,2.0,1.752297,0.44943,2,0,
4,719,Overall,Overall,18,9,18,-1.5,-0.099181,0.439871,0,0,
4,720,Overall,Overall,18,10,18,0.5,0.222866,0.441813,0,0,
4,721,Overall,Overall,28,4,28,-2.0,-2.10255,0.446916,-2,0,
4,722,Overall,Overall,20,13,20,1.5,1.055237,0.440995,1,0,
4,723,Overall,Overall,19,12,19,1.0,0.877393,0.446957,1,0,
4,724,Overall,Overall,18,7,18,0.0,-0.626395,0.448206,-1,0,
4,725,Overall,Overall,23,17,23,2.0,1.506346,0.437253,2,0,
4,726,Overall,Overall,23,17,23,1.5,1.554862,0.43965,2,0,
4,727,Overall,Overall,22,16,22,1.5,1.428211,0.443817,1,0,
4,728,Overall,Overall,18,10,18,1.0,0.558968,0.445391,1,0,
4,729,Overall,Overall,21,7,21,-1.5,-0.95909,0.436927,-1,0,
4,730,Overall,Overall,23,18,23,1.5,1.752297,0.44943,2,0,
4,731,Overall,Overall,18,9,18,0.0,0.011421,0.440406,0,0,
4,732,Overall,Overall,18,9,18,-1.0,-0.042763,0.440127,0,0,
4,733,Overall,Overall,18,7,18,-0.5,-0.559084,0.445705,-1,0,
4,734,Overall,Overall,18,11,18,1.0,0.758655,0.448823,1,0,
4,735,Overall,Overall,18,8,18,-0.5,-0.287533,0.441371,0,0,
4,736,Overall,Overall,20,7,20,-1.0,-0.806763,0.439391,-1,0,
4,737,Overall,Overall,23,6,23,-2.0,-1.2869,0.439267,-1,0,
4,738,Overall,Overall,17,9,17,1.0,0.152793,0.449939,0,0,
4,739,Overall,Overall,18,10,18,1.0,0.462176,0.443323,0,0,
4,740,Overall,Overall,18,9,18,0.0,0.074132,0.440332,0,0,
4,741,Overall,Overall,18,7,18,-1.0,-0.559084,0.445705,-1,0,
4,742,Overall,Overall,18,10,18,0.5,0.334364,0.440808,0,0,
4,743,Overall,Overall,18,11,18,1.5,0.530196,0.444757,1,0,
4,744,Overall,Overall,20,14,20,0.5,1.164925,0.446179,1,0,
4,745,Overall,Overall,25,5,25,-2.0,-1.782765,0.44566,-2,0,
4,746,Overall,Overall,19,13,19,1.5,1.020148,0.44849,1,0,
4,747,Overall,Overall,22,16,22,2.0,1.428211,0.443817,1,0,
4,748,Overall,Overall,18,9,18,0.5,0.224953,0.441899,0,0,
4,749,Overall,Overall,24,6,24,-2.0,-1.523924,0.441228,-2,0,
4,750,Overall,Overall,21,6,21,-1.0,-1.040965,0.447658,-1,0,
4,751,Overall,Overall,19,13,19,1.5,0.837783,0.445639,1,0,
4,752,Overall,Overall,22,16,22,2.0,1.585727,0.439431,2,0,
4,753,Overall,Overall,17,9,17,0.0,0.152793,0.449939,0,0,
4,754,Overall,Overall,20,7,20,-1.0,-0.927682,0.441492,-1,0,
4,755,Overall,Overall,19,11,19,0.5,0.679642,0.442853,1,0,
4,756,Overall,Overall,18,11,18,0.0,0.530196,0.444757,1,0,
4,757,Overall,Overall,18,10,18,1.0,0.558968,0.445391,1,0,
4,758,Overall,Overall,21,15,21,2.0,1.361097,0.445084,1,0,
4,759,Overall,Overall,18,11,18,0.0,0.530196,0.444757,1,0,
4,760,Overall,Overall,25,6,25,-2.0,-1.588992,0.435126,-2,0,
4,761,Overall,Overall,19,7,19,0.0,-0.434542,0.44456,0,0,
4,762,Overall,Overall,23,6,23,-1.5,-1.394898,0.445005,-1,0,
4,763,Overall,Overall,18,7,18,-1.0,-0.640154,0.447187,-1,0,
4,764,Overall,Overall,22,16,22,1.5,1.585727,0.439431,2,0,
4,765,Overall,Overall,26,22,26,2.0,2.105648,0.447764,2,0,
4,766,Overall,Overall,18,9,18,-0.5,-0.099181,0.439871,0,0,
4,767,Overall,Overall,22,17,22,1.5,1.718335,0.44729,2,0,
4,768,Overall,Overall,18,10,18,0.0,0.156061,0.441708,0,0,
4,769,Overall,Overall,20,14,20,2.0,1.149311,0.447399,1,0,
4,770,Overall,Overall,18,7,18,-1.0,-0.640154,0.447187,-1,0,
4,771,Overall,Overall,21,7,21,-0.5,-0.798003,0.437656,-1,0,
4,772,Overall,Overall,22,17,22,2.0,1.78274,0.44872,2,0,
4,773,Overall,Overall,18,7,18,0.0,-0.640154,0.447187,-1,0,
4,774,Overall,Overall,22,6,22,-2.0,-1.209891,0.445682,-1,0,
4,775,Overall,Overall,20,14,20,1.0,1.29261,0.448612,1,0,
4,776,Overall,Overall,24,19,24,2.0,1.818284,0.443533,2,0,
4,777,Overall,Overall,24,5,24,-2.0,-1.663296,0.449188,-2,0,
4,778,Overall,Overall,22,16,22,2.0,1.463497,0.446287,1,0,
4,779,Overall,Overall,25,5,25,-1.5,-1.782765,0.44566,-2,0,
4,780,Overall,Overall,19,13,19,1.5,0.923416,0.44677,1,0,
4,781,Overall,Overall,23,6,23,-2.0,-1.394898,0.445005,-1,0,
4,782,Overall,Overall,23,17,23,2.0,1.554862,0.43965,2,0,
4,783,Overall,Overall,18,11,18,1.0,0.660081,0.446903,1,0,
4,784,Overall,Overall,19,7,19,-1.5,-0.789499,0.44326,-1,0,
4,785,Overall,Overall,19,13,19,1.0,1.003122,0.449699,1,0,
4,786,Overall,Overall,18,7,18,0.0,-0.626395,0.448206,-1,0,
4,787,Overall,Overall,24,5,24,-1.5,-1.663296,0.449188,-2,0,
4,788,Overall,Overall,26,22,26,2.0,1.660724,0.460868,2,0,
4,789,Overall,Overall,22,6,22,-1.5,-1.167477,0.443502,-1,0,
4,790,Overall,Overall,18,11,18,1.5,0.758655,0.448823,1,0,
4,791,Overall,Overall,18,11,18,0.5,0.660081,0.446903,1,0,
4,792,Overall,Overall,20,7,20,-1.0,-0.927682,0.441492,-1,0,
4,793,Overall,Overall,17,9,17,0.0,0.211029,0.449949,0,0,
4,794,Overall,Overall,18,11,18,0.0,0.758655,0.448823,1,0,
4,795,Overall,Overall,20,14,20,1.5,1.130174,0.44883,1,0,
4,796,Overall,Overall,17,9,17,0.0,0.211029,0.449949,0,0,
4,797,Overall,Overall,21,15,21,2.0,1.460342,0.444143,1,0,
4,798,Overall,Overall,18,9,18,0.0,-0.038128,0.440121,0,0,
4,799,Overall,Overall,18,11,18,0.5,0.530196,0.444757,1,0,
4,800,Overall,Overall,19,6,19,-2.0,-0.8827,0.448556,-1,0,
4,801,Overall,Overall,21,7,21,-1.0,-0.798003,0.437656,-1,0,
4,802,Overall,Overall,18,8,18,0.0,0.162305,0.447236,0,0,
4,803,Overall,Overall,18,9,18,-0.5,0.028487,0.440445,0,0,
4,804,Overall,Overall,21,15,21,2.0,1.29946,0.448372,1,0,
4,805,Overall,Overall,18,10,18,0.5,0.094883,0.441676,0,0,
4,806,Overall,Overall,17,9,17,0.0,0.152793,0.449939,0,0,
4,807,Overall,Overall,21,15,21,2.0,1.238319,0.446345,1,0,
4,808,Overall,Overall,23,18,23,1.5,1.752297,0.44943,2,0,
4,809,Overall,Overall,18,9,18,0.0,0.224953,0.441899,0,0,
4,810,Overall,Overall,24,6,24,-2.0,-1.523924,0.441228,-2,0,
4,811,Overall,Overall,18,8,18,-1.0,-0.353852,0.442387,0,0,
4,812,Overall,Overall,21,6,21,-1.5,-1.040965,0.447658,-1,0,
4,813,Overall,Overall,20,13,20,1.5,1.133589,0.443176,1,0,
4,814,Overall,Overall,19,12,19,1.0,0.822524,0.441093,1,0,
4,815,Overall,Overall,19,7,19,0.0,-0.789499,0.44326,-1,0,
4,816,Overall,Overall,18,7,18,0.0,-0.379319,0.446948,0,0,
4,817,Overall,Overall,22,16,22,2.0,1.384949,0.441502,1,0,
4,818,Overall,Overall,20,7,20,-1.5,-0.669673,0.442782,-1,0,
4,819,Overall,Overall,20,13,20,1.0,0.846883,0.436502,1,0,
4,820,Overall,Overall,20,7,20,-1.0,-0.927682,0.441492,-1,0,
4,821,Overall,Overall,27,4,27,-2.0,-1.694612,0.456886,-2,0,
4,822,Overall,Overall,26,22,26,2.0,2.105648,0.447764,2,0,
4,823,Overall,Overall,20,14,20,1.5,1.070897,0.445271,1,0,
4,824,Overall,Overall,23,18,23,2.0,1.431409,0.448513,1,0,
4,825,Overall,Overall,18,8,18,0.0,-0.362393,0.441794,0,0,
4,826,Overall,Overall,18,11,18,0.5,0.419775,0.446187,0,0,
4,827,Overall,Overall,19,7,19,-0.5,-0.589929,0.443448,-1,0,
4,828,Overall,Overall,23,18,23,2.0,1.752297,0.44943,2,0,
4,829,Overall,Overall,19,6,19,-1.0,-0.8827,0.448556,-1,0,
4,830,Overall,Overall,17,9,17,0.5,0.211029,0.449949,0,0,
4,831,Overall,Overall,23,17,23,2.0,1.554862,0.43965,2,0,
4,832,Overall,Overall,18,8,18,0.0,-0.181816,0.442386,0,0,
4,833,Overall,Overall,20,14,20,1.5,1.040803,0.444682,1,0,
4,834,Overall,Overall,18,10,18,0.5,0.420382,0.442737,0,0,
4,835,Overall,Overall,23,17,23,1.5,1.554862,0.43965,2,0,
4,836,Overall,Overall,21,15,21,2.0,1.460342,0.444143,1,0,
4,837,Overall,Overall,18,8,18,-0.5,-0.292955,0.441014,0,0,
4,838,Overall,Overall,27,3,27,-2.0,-1.912351,0.476964,-2,0,
4,839,Overall,Overall,23,5,23,-1.5,-1.423029,0.449125,-1,0,
4,840,Overall,Overall,19,7,19,-0.5,-0.738024,0.445139,-1,0,
4,841,Overall,Overall,25,20,25,2.0,1.867099,0.438555,2,0,
4,842,Overall,Overall,18,7,18,0.0,-0.559084,0.445705,-1,0,
4,843,Overall,Overall,18,8,18,-0.5,-0.358572,0.446558,0,0,
4,844,Overall,Overall,19,13,19,1.0,0.893139,0.448875,1,0,
4,845,Overall,Overall,19,13,19,1.0,0.734887,0.447923,1,0,
4,846,Overall,Overall,20,7,20,-1.5,-0.927682,0.441492,-1,0,
4,847,Overall,Overall,18,7,18,-1.0,-0.640154,0.447187,-1,0,
4,848,Overall,Overall,18,8,18,-0.5,-0.362393,0.441794,0,0,
4,849,Overall,Overall,21,15,21,1.5,1.29946,0.448372,1,0,
4,850,Overall,Overall,18,7,18,-0.5,-0.640154,0.447187,-1,0,
4,851,Overall,Overall,18,9,18,0.5,0.319122,0.444452,0,0,
4,852,Overall,Overall,30,1,30,-2.0,-2.818244,0.509261,-3,1,
4,853,Overall,Overall,18,11,18,1.5,0.758655,0.448823,1,0,
4,854,Overall,Overall,25,20,25,1.5,1.867099,0.438555,2,0,
4,855,Overall,Overall,22,6,22,-2.0,-1.167477,0.443502,-1,0,
4,856,Overall,Overall,22,6,22,-0.5,-1.209891,0.445682,-1,0,
4,857,Overall,Overall,30,2,30,-2.0,-2.573055,0.481923,-3,0,
4,858,Overall,Overall,18,7,18,-1.0,-0.640154,0.447187,-1,0,
4,859,Overall,Overall,18,10,18,1.0,0.420382,0.442737,0,0,
4,860,Overall,Overall,22,6,22,-0.5,-1.209891,0.445682,-1,0,
4,861,Overall,Overall,20,6,20,-2.0,-1.136639,0.448609,-1,0,
4,862,Overall,Overall,18,7,18,0.0,-0.559084,0.445705,-1,0,
4,863,Overall,Overall,18,11,18,0.5,0.530196,0.444757,1,0,
4,864,Overall,Overall,19,13,19,1.0,0.923416,0.44677,1,0,
4,865,Overall,Overall,21,15,21,2.0,1.275567,0.447362,1,0,
4,866,Overall,Overall,18,8,18,0.0,-0.292955,0.441014,0,0,
4,867,Overall,Overall,18,7,18,-0.5,-0.559084,0.445705,-1,0,
4,868,Overall,Overall,25,6,25,-2.0,-1.588992,0.435126,-2,0,
4,869,Overall,Overall,21,6,21,-1.5,-0.941766,0.443808,-1,0,
4,870,Overall,Overall,18,7,18,-1.0,-0.640154,0.447187,-1,0,
4,871,Overall,Overall,20,14,20,1.5,1.130174,0.44883,1,0,
4,872,Overall,Overall,18,11,18,1.0,0.419775,0.446187,0,0,
4,873,Overall,Overall,20,6,20,-1.5,-1.125987,0.449573,-1,0,
4,874,Overall,Overall,27,4,27,-2.0,-1.694612,0.456886,-2,0,
4,875,Overall,Overall,18,11,18,1.0,0.530196,0.444757,1,0,
4,876,Overall,Overall,17,9,17,0.5,0.211029,0.449949,0,0,
4,877,Overall,Overall,19,12,19,0.5,0.782352,0.44369,1,0,
4,878,Overall,Overall,18,9,18,1.0,0.319122,0.444452,0,0,
4,879,Overall,Overall,23,17,23,1.5,1.554862,0.43965,2,0,
4,880,Overall,Overall,18,10,18,0.5,0.462176,0.443323,0,0,
4,881,Overall,Overall,24,6,24,-2.0,-1.523924,0.441228,-2,0,
4,882,Overall,Overall,18,7,18,-0.5,-0.504046,0.446801,-1,0,
4,883,Overall,Overall,23,18,23,2.0,1.701797,0.447364,2,0,
4,884,Overall,Overall,26,22,26,2.0,2.105648,0.447764,2,0,
4,885,Overall,Overall,19,13,19,2.0,0.837783,0.445639,1,0,
4,886,Overall,Overall,22,6,22,-1.5,-1.167477,0.443502,-1,0,
4,887,Overall,Overall,19,7,19,-1.5,-0.789499,0.44326,-1,0,
4,888,Overall,Overall,19,12,19,0.5,0.932596,0.447885,1,0,
4,889,Overall,Overall,21,6,21,-1.5,-0.992918,0.445777,-1,0,
4,890,Overall,Overall,18,7,18,-1.0,-0.640154,0.447187,-1,0,
4,891,Overall,Overall,20,13,20,2.0,1.055237,0.440995,1,0,
4,892,Overall,Overall,18,8,18,-0.5,-0.427375,0.44452,0,0,
4,893,Overall,Overall,20,14,20,1.0,1.29261,0.448612,1,0,
4,894,Overall,Overall,18,8,18,-0.5,-0.292955,0.441014,0,0,
4,895,Overall,Overall,18,8,18,-1.0,-0.442049,0.443487,0,0,
4,896,Overall,Overall,18,7,18,0.0,-0.559084,0.445705,-1,0,
4,897,Overall,Overall,18,10,18,0.5,0.462176,0.443323,0,0,
4,898,Overall,Overall,23,18,23,1.5,1.752297,0.44943,2,0,
4,899,Overall,Overall,23,17,23,2.0,1.554862,0.43965,2,0,
4,900,Overall,Overall,19,13,19,2.0,0.785946,0.446584,1,0,
