entry,parameter,v1,v2,v3,v4,v5,v6,v7,v8,v9,v10,v11,v12,v13,v14,v15,v16,v17,v18,v19,v20,v21,v22,v23,v24,v25,v26,v27,v28,v29,v30,v31,v32,v33,v34,v35,v36,v37,v38,v39,v40,v41,v42,v43,v44,v45,v46,v47,v48,v49,v50,v51,v52,v53,v54,v55,v56,v57,v58,v59,v60,v61,v62,v63,v64,v65,v66,v67,v68,v69,v70,v71,v72,v73,v74,v75,v76,v77,v78,v79,v80,v81,v82,v83,v84,v85,v86,v87,v88,v89,v90,v91,v92,v93,v94,v95,v96,v97,v98,v99,v100,v101,v102,v103,v104,v105,v106,v107,v108,v109,v110,v111,v112,v113,v114,v115,v116,v117,v118,v119,v120,v121,v122,v123,v124,v125,v126,v127,v128,v129,v130,v131,v132,v133,v134,v135,v136,v137,v138,v139,v140,v141,v142,v143,v144,v145,v146,v147,v148,v149,v150,v151,v152,v153,v154,v155,v156,v157,v158,v159,v160,v161,v162,v163,v164,v165,v166,v167,v168,v169,v170,v171,v172,v173,v174,v175,v176,v177,v178,v179,v180,v181,v182,v183,v184,v185,v186,v187,v188,v189,v190,v191,v192,v193,v194,v195,v196,v197,v198,v199,v200,v201,v202,v203,v204,v205,v206,v207,v208,v209,v210,v211,v212,v213,v214,v215,v216,v217,v218,v219,v220,v221,v222,v223,v224,v225,v226,v227,v228,v229,v230,v231,v232,v233,v234,v235,v236,v237,v238,v239,v240,v241,v242,v243,v244,v245,v246,v247,v248,v249,v250,v251,v252,v253,v254,v255,v256,v257,v258,v259,v260,v261,v262,v263,v264,v265,v266,v267,v268,v269,v270,v271,v272,v273,v274,v275,v276,v277,v278,v279,v280,v281,v282,v283,v284,v285,v286,v287,v288,v289,v290,v291,v292,v293,v294,v295,v296,v297,v298,v299,v300,v301,v302,v303,v304,v305,v306,v307,v308,v309,v310,v311,v312,v313,v314,v315,v316,v317,v318,v319,v320,v321,v322,v323,v324,v325,v326,v327,v328,v329,v330,v331,v332,v333,v334,v335,v336,v337,v338,v339,v340,v341,v342,v343,v344,v345,v346,v347,v348,v349,v350,v351,v352,v353,v354,v355,v356,v357,v358,v359,v360,v361,v362,v363,v364,v365,v366,v367,v368,v369,v370,v371,v372,v373,v374,v375,v376,v377,v378,v379,v380,v381,v382,v383,v384,v385,v386,v387,v388,v389,v390,v391,v392,v393,v394,v395,v396,v397,v398,v399,v400,v401,v402,v403,v404,v405,v406,v407,v408,v409,v410,v411,v412,v413,v414,v415,v416,v417,v418,v419,v420,v421,v422,v423,v424,v425,v426,v427,v428,v429,v430,v431,v432,v433,v434,v435,v436,v437,v438,v439,v440,v441,v442,v443,v444,v445,v446,v447,v448,v449,v450,v451,v452,v453,v454,v455,v456,v457,v458,v459,v460,v461,v462,v463,v464,v465,v466,v467,v468,v469,v470,v471,v472,v473,v474,v475,v476,v477,v478,v479,v480,v481,v482,v483,v484,v485,v486,v487,v488,v489,v490,v491,v492,v493,v494,v495,v496,v497,v498,v499,v500
STUDENT,THETA,0.008,3.886,2.806,-1.924,-2.653,-0.053,1.741,1.421,-0.535,1.696,1.789,2.083,-0.695,1.795,0.941,-1.279,-0.392,3.241,4.403,-4.081,-5.018,-0.07,3.849,-1.145,-3.644,-1.38,2.974,-3.531,5.054,-2.21,-1.212,3.234,2.733,-0.172,2.406,-4.526,1.461,-0.898,2.343,5.058,-0.664,5.679,0.675,-1.914,0.326,-4.554,0.917,1.964,1.614,-2.718,-1.304,-0.629,0.24,0.862,4.979,-3.659,2.677,6.963,2.253,-3.721,-1.664,-1.32,3.974,-0.142,-2.825,2.912,-4.246,-3.784,0.31,1.686,-1.642,5.319,-4.069,-0.372,4.397,-1.508,-1.427,-0.046,-2.191,-0.779,-4.296,-2.707,0.804,1.323,1.63,-4.616,-1.521,-1.137,2.47,5.162,0.598,1.104,0.635,-1.036,-3.135,-4.069,3.17,0.516,3.182,3.148,2.74,3.008,-0.109,0.678,3.659,0.575,-0.066,7.729,3.049,-5.675,5.154,-1.795,-3.947,-1.32,-1.338,0.599,2.485,-3.905,1.644,3.392,-0.51,0.779,0.748,0.324,-7.357,4.553,-2.585,-4.838,-1.01,-2.277,2.012,-2.66,0.796,-0.017,5.66,1.383,-1.396,7.173,-2.694,-1.149,-5.679,-2.105,-3.918,-6.304,1.115,6.834,2.552,2.57,0.439,-0.503,-1.995,-4.598,-0.126,1.271,8.051,1.799,6.543,-1.038,-3.78,0.418,-3.453,0.937,0.093,4.34,-1.446,4.909,-0.612,-5.95,7.042,1.022,5.707,5.882,0.885,-1.596,2.398,-1.215,-3.884,-1.654,0.308,-4.805,1.265,2.918,-4.312,1.365,-1.963,2.716,-5.862,-1.14,-4.224,1.039,-1.371,0.973,-0.357,1.723,0.076,-0.435,5.151,0.908,-3.494,1.056,2.313,-0.065,3.777,-0.563,7.913,-1.979,-1.439,2.045,4.875,-1.478,-0.285,-5.727,-1.005,-1.076,-1.542,1.363,0.855,3.646,-6.094,-4.433,-3.227,-0.122,-4.03,2.486,4.239,3.461,-0.927,3.886,1.248,-0.779,1.881,0.164,0.968,1.996,1.485,2.573,5.976,-1.12,-7.942,0.747,-2.038,-0.879,-1.788,2.287,-5.973,1.243,-1.461,-0.053,0.382,-0.29,0.809,1.164,0.98,-2.413,2.795,-0.588,-0.795,4.312,1.553,1.796,-1.162,-5.624,1.047,6.345,0.224,1.547,-0.601,-4.434,2.389,5.615,3.814,-3.905,-0.663,0.079,-3.484,-2.205,-3.648,-3.012,-1.677,-4.613,2.2,2.263,1.37,-3.005,-5.231,-3.912,-3.546,-2.501,-3.895,4.036,-0.713,5.962,4.893,2.451,-5.299,-4.272,-0.499,2.109,3.53,-4.255,-1.208,0.039,3.974,1.287,-2.468,-2.896,2.568,-2.679,-4.41,0.324,-3.898,3.381,-0.306,0.874,2.531,-0.39,1.771,-2.809,1.786,-4.307,-3.197,5.215,0.032,-3.689,-1.177,-1.222,3.862,0.437,-3.577,-6.366,2.645,-2.215,-3.305,3.605,4.922,1.869,-1.268,2.04,2.681,0.18,2.788,4.698,-1.603,-2.512,2.005,-7.186,3.146,4.147,-2.594,-2.571,1.106,1.715,-2.03,1.496,-2.487,-1.381,-1.909,0.143,0.253,5.361,8.337,-2.726,1.966,-4.685,3.029,-5.708,-2.969,1.437,-2.446,3.68,-0.464,2.599,-1.155,2.16,1.784,-4.445,1.544,-3.937,-5.685,1.782,-1.201,-4.268,-2.578,0.552,2.623,0.997,4.601,-5.381,-4.145,-2.177,1.514,3.596,2.761,-1.422,2.448,-1.08,-2.526,3.05,-0.268,-3.032,-0.641,-2.227,-3.064,1.316,-2.094,1.714,-1.239,-2.561,0.812,4.827,2.325,-1.257,2.244,1.703,-3.346,2.135,-2.515,-3.99,-3.87,-4.659,2.428,1.812,6.52,-2.794,3.064,0.209,-0.478,2.114,-1.943,0.837,-1.453,3.421,-2.342,11.137,2.177,0.657,-2.281,-4.117,0.096,-0.592,-0.99,3.952,5.517,-3.83,5.703,-4.874,-1.727,-4.457,5.257,0.567,-3.094,4.765,3.215,3.397,2.271,-2.519,0.396,-2.498,1.824,-3.433,3.114,0.395,-2.961,1.712,0.844,0.91,3.135,8.395,0.415,-0.445,-2.248,-2.463,2.329,-1.611,2.997,-1.148,-0.744,-3.182,3.233,-1.343,7.655,-1.902,-5.135,-4.136,-4.039,-2.348,3.195,-3.33,1.645,-1.271,-1.923,-2.717,5.677,4.019,4.096,0.997,0.931,0.023,-1.378,1.305
A1,B,-1.192,-1.856,-1.201,-3.613,-3.306,-1.444,-1.104,-0.92,-0.874,-0.93,0.622,-2.951,-0.91,-1.839,-2.986,-3.263,-2.007,-0.705,-1.247,-2.511,-2.68,-3.008,-0.198,-3.065,-1.85,-3.849,-1.751,-1.179,-1.933,-0.322,-2.63,-1.036,-1.398,-3.928,-2.867,-1.443,-1.312,-1.267,-0.609,-1.471,-2.652,-0.91,-1.101,-1.939,-0.166,-2.205,-1.34,-2.46,-1.717,-0.938,-3.729,-0.517,-2.765,-4.737,-2.501,-2.81,-3.962,-1.492,-1.376,-3.9,-0.897,-3.315,-1.772,-3.74,-2.01,-1.724,-2.014,-3.903,-1.834,-1.849,-2.653,-1.268,-1.866,-1.429,-0.978,-3.172,-2.249,0.288,-0.739,-1.893,-0.523,-1.585,-2.236,-1.135,-1.688,-3.112,-2.647,-3.227,-2.094,-0.985,-3.201,-2.236,-1.06,-3.376,-2.503,-2.481,-2.657,-1.322,-0.916,0.174,-2.608,-2.227,-1.303,-1.396,-2.654,-1.693,-2.167,-1.171,-2.639,-2.835,-1.218,-1.727,-2.19,-1.943,-1.941,-2.341,-2.031,-2.446,-1.648,-1.643,-2.398,-1.12,-2.399,-1.257,-0.711,-2.278,0.155,-3.401,-0.586,-1.67,0.262,-1.85,-1.351,-2.372,-0.368,-1.558,-0.817,-1.648,-0.469,-2.153,-3.14,-3.321,-1.084,0.078,-2.383,-2.658,-0.333,-1.523,-0.894,-2.225,-2.621,-1.739,-1.545,-1.002,-0.895,-2.773,-2.538,-1.303,-1.324,-2.141,-0.989,-1.675,1.244,-2.227,-1.716,-0.632,-0.127,-0.676,-4.303,-1.355,0.328,-1.752,-3.032,-1.644,-2.896,-2.561,-1.197,-1.823,-1.047,-0.463,-2.374,-2.015,-0.11,-1.237,-0.931,-2.133,-3.144,-2.436,-1.071,-2.858,-1.375,-0.927,-1.336,-1.932,-1.706,-1.027,-0.811,-0.492,-0.713,-1.339,-2.071,-1.055,0.889,-3.106,-0.307,-3.438,-3.38,-0.523,-3.472,-1.795,-3.181,-1.648,-1.179,-1.458,-2.412,-1.677,-2.338,-2.083,-0.114,-2.124,-1.941,-0.708,-0.355,-1.409,-2.237,-2.646,-3.031,-2.842,-0.974,-0.94,-1.913,-1.3,-1.625,-1.752,-2.497,-1.966,-1.846,-2.013,-0.816,-2.201,-2.01,-2.258,-1.251,-3.689,-3.808,-0.105,-1.772,-2.209,-1.631,-1.181,-2.194,-3.006,-2.4,-1.132,-1.462,-2.763,-1.426,-1.311,-1.433,-0.581,-1.193,-2.623,-2.735,-1.275,-1.566,-1.227,-2.637,-1.447,-1.635,-1.41,-1.492,0.03,-0.025,-0.889,-2.912,-1.96,-2.325,-1.967,-1.554,-3.831,-2.201,-0.679,-1.254,-0.184,-2.486,-1.56,-0.654,-3.461,-2.606,-1.928,-0.18,-1.755,-4.697,-1.72,-2.37,-2.512,-0.814,-0.695,-0.756,-2.737,-3.894,0.643,-2.302,-2.422,-1.577,-0.413,-2.814,-1.59,-2.556,-1.209,-2.182,-2.235,-1.994,-3.09,-1.161,-1.19,-0.203,-0.629,0.127,-1.54,-2.337,-2.22,-1.384,-2.893,-2.531,-2.928,-3.247,-2.296,-1.366,-0.112,-1.91,-2.285,-2.552,-1.508,-1.947,-0.713,-1.006,-1.21,-2.177,-2.198,-2.018,-0.394,-3.235,-1.783,-2.007,-3.213,0.096,-0.799,-1.869,-0.907,-1.458,-0.008,-1.688,-2.645,-1.037,-1.712,-1.449,-2.444,-0.546,-2.195,-1.835,-1.261,-0.475,-1.109,-2.981,-1.767,-2.23,-0.893,0.07,-2.977,-2.85,-3.492,-0.74,-1.335,-2.604,-2.159,-1.532,-2.573,-1.785,-0.811,-1.399,-1.308,-1.799,-2.528,-2.932,-1.162,0.17,-1.705,-2.512,-2.446,-2.083,-2.2,-1.85,-2.966,-0.814,-1.429,-2.246,-1.957,-2.307,-0.555,-0.499,-1.336,-1.877,-2.141,-3.252,-0.457,-3.469,-2.167,-0.524,-3.6,-2.252,-0.419,-1.579,-1.372,-4.867,-1.312,-0.912,-1.044,-1.384,-2.434,-1.009,-1.162,-0.634,-2.33,-2.019,-3.607,-2.634,-4.457,-1.474,-2.944,-1.768,-3.103,-2.13,-2.169,0.104,-2.531,-2.84,-3.017,-3.212,-2.211,-1.215,-2.134,-1.517,-1.356,-1.935,-3.095,-1.626,-3.198,-4.258,-1.939,-1.557,-1.279,-1.873,-1.577,-2.174,0.308,-2.073,-2.397,-1.113,-1.336,-2.162,-2.428,-2.062,-1.41,-2.814,-2.111,-1.303,-1.729,-0.546,-1.64,-3.329,-2.267,-1.988,-3.515,-1.651,-3.216,-1.428,-1.162,-1.704,-1.823,-0.428,-1.602,-1.393,-2.283,-2.161,-2.671,-3.036,-1.076,-2.16,-3.494,-1.453,-1.143,-3.245,-1.403,-1.928,-2.187,-0.979,0.218,-0.818,-0.868
A2,A,0.765,0.757,0.303,0.413,0.365,0.308,0.471,0.012,0.293,0.497,0.587,0.23,0.24,0.555,0.636,0.463,0.204,0.629,0.242,0.468,0.617,0.323,0.888,0.896,0.559,0.615,0.579,0.262,0.262,0.1,0.284,0.54,0.054,0.454,0.58,0.265,0.102,0.611,0.205,0.262,0.509,0.479,0.192,0.383,0.326,0.417,0.255,0.2,0.332,0.59,0.347,0.601,0.375,0.21,0.302,0.593,0.449,0.482,0.727,0.608,0.612,0.782,0.144,0.339,0.491,0.421,0.751,0.542,0.594,0.482,0.591,0.391,0.543,0.367,0.672,0.285,0.625,0.721,0.646,0.378,0.387,0.449,0.389,0.536,0.182,0.377,0.468,0.18,0.456,0.182,0.436,0.376,0.402,0.339,0.546,0.436,0.442,0.243,0.679,0.262,0.614,0.332,0.083,0.252,0.104,0.728,0.453,0.367,0.36,0.417,0.624,0.282,0.253,0.173,0.558,0.25,0.387,0.106,0.744,0.528,0.524,0.944,0.443,0.389,0.652,0.425,0.34,0.454,0.565,0.107,0.237,0.143,0.698,0.628,0.047,0.284,0.223,0.241,0.585,0.452,0.609,0.245,0.756,0.551,0.698,0.251,0.508,0.16,0.398,0.376,0.31,0.796,0.473,0.17,0.37,0.594,0.632,0.631,0.63,0.366,0.319,0.621,0.476,0.603,0.439,0.25,0.471,0.511,0.188,0.459,0.481,0.296,0.275,0.198,0.09,0.691,0.485,0.259,0.337,0.247,0.719,0.519,0.737,0.332,0.58,0.701,0.535,0.111,0.511,0.802,0.573,0.541,0.61,0.185,0.408,0.567,0.035,0.481,0.616,0.626,0.042,0.138,0.256,0.272,0.308,0.092,0.715,0.771,0.739,0.404,0.571,0.31,0.337,0.843,0.384,0.568,0.538,0.637,0.424,0.611,0.416,0.693,0.094,0.415,0.632,0.136,0.332,0.51,0.12,0.275,0.482,0.385,0.342,0.48,0.75,0.238,0.574,0.466,0.635,0.389,0.372,0.02,0.323,0.387,0.388,0.009,0.685,0.399,0.111,0.182,0.454,0.352,0.628,0.563,0.387,0.648,0.799,0.224,0.845,0.542,0.339,0.461,0.451,0.539,0.278,0.768,0.702,0.121,0.782,0.267,0.374,0.493,0.172,0.13,0.287,0.702,0.717,0.589,0.129,0.523,0.529,0.097,0.817,0.077,0.487,0.505,0.376,0.13,0.307,0.218,0.681,0.716,0.617,0.867,0.615,0.644,0.459,0.863,0.484,0.635,0.681,0.172,0.319,0.484,0.322,0.398,0.491,0.425,0.643,0.531,0.318,0.212,0.416,0.557,0.524,0.08,0.574,0.587,0.547,0.562,0.426,0.698,0.054,0.605,0.282,0.243,0.156,0.377,0.451,0.836,0.72,0.385,0.346,0.769,0.53,0.229,0.564,0.809,0.422,0.096,0.406,0.515,0.516,0.142,0.625,0.498,0.485,0.494,0.375,0.446,0.459,0.604,0.346,0.374,0.492,0.66,0.612,0.821,0.412,0.503,0.578,0.391,0.704,0.68,0.38,0.487,0.61,0.319,0.459,0.569,0.299,0.918,0.633,0.259,0.657,0.285,0.5,0.806,0.639,0.66,0.117,0.656,0.386,0.418,0.286,0.423,0.369,0.721,0.449,0.751,0.553,0.28,0.256,0.503,0.588,0.476,0.416,0.436,0.514,0.487,0.266,0.175,0.74,0.283,0.259,0.589,0.432,0.55,0.463,0.631,0.097,0.373,0.192,0.486,0.485,0.534,0.192,0.475,0.4,0.319,0.662,0.397,0.632,0.436,0.83,0.109,0.384,0.715,0.873,0.258,0.676,0.297,0.441,0.412,0.313,0.46,0.678,0.541,0.465,0.366,0.558,0.427,0.395,0.65,0.654,0.26,0.484,0.252,0.574,0.472,0.779,0.398,0.039,0.848,0.643,0.579,0.735,0.658,0.901,0.292,0.766,0.062,0.522,0.301,0.623,0.444,0.77,0.327,0.246,0.738,0.63,0.398,0.254,0.605,0.54,0.332,0.26,0.168,0.516,0.299,0.499,0.26,0.515,0.478,0.293,0.229,0.455,0.212,0.16,0.507,0.491,0.574,0.221,0.459,0.325,0.579,0.303,0.468,0.337,0.496
A2,B,-2.028,-0.055,-2.328,-0.8,-1.656,1.04,-1.989,-2.847,-2.197,-1.437,-2.896,-3.113,-2.025,-3.666,-1.273,-1.062,0.617,0.049,-1.505,-1.945,-2.662,-3.073,-0.795,-2.273,-0.297,-1.119,-0.441,-3.84,-0.6,-0.803,-2.484,-0.835,-0.707,-1.542,-1.518,-1.09,-0.169,-1.28,-1.66,0.917,-1.813,0.015,-0.993,-0.548,-1.161,-2.553,-0.304,-2.185,-0.836,-0.948,-2.134,-2.072,-2.096,-2.518,-0.274,-1.908,-1.364,-1.402,-1.077,-0.967,-2.757,-1.242,-2.414,-1.136,-1.533,-2.186,-0.121,-1.758,-3.266,-1.274,-0.804,-1.975,-2.83,-1.527,-2.747,-0.921,-1.011,-1.561,-0.451,-1.688,-0.654,-1.585,-0.187,-0.162,-2.67,-1.996,-1.292,-0.785,-1.09,-1.14,-2.632,-0.182,-3.221,-0.778,-0.511,-0.839,-1.557,-0.494,-1.437,-1.633,-2.294,-2.415,-3.038,-2.037,-1.453,-0.371,-1.071,-2.115,-0.58,-0.285,-1.181,-0.553,-0.323,-1.147,-1.127,-0.513,-2.046,-1.146,-0.429,-0.797,-1.683,-1.962,-2.014,-0.584,-0.722,-2.069,-2.784,-2.45,-1.29,-0.117,-1.976,-1.005,-2.144,-3.009,-0.713,-1.165,-3.165,-1.563,-2.338,-1.964,-2.233,-0.914,-1.263,-2.852,-1.384,-2.567,-2.343,-2.127,-2.562,-0.8,-1.59,-1.972,-2.404,-1.197,-1.646,0.083,-2.387,-0.504,-0.606,-1.846,-1.296,-2.346,-0.473,-2.579,-1.326,-1.292,-0.807,-1.617,-3.494,-1.224,-0.75,-2.486,-1.674,-1.135,-0.9,-0.108,-1.99,-1.191,-1.272,-2.242,-0.667,-0.031,-1.193,-1.105,-2.339,-0.541,-1.681,-0.912,-0.677,-2.262,-0.399,-2.033,-2.383,-1.17,-0.628,-0.967,0.145,-3.046,-1.629,-1.729,-2.422,-1.198,-1.77,-1.156,-0.872,-2.341,-1.628,-0.362,-2.417,-2,-0.806,-1.316,-3.169,-2.323,-0.073,-1.728,-0.698,-0.8,0.845,-1.746,-2.879,0.326,-2.13,-2.161,0.052,-0.945,-2.12,-1.326,-1.243,-1.044,-2.494,-2.804,-2.824,-2.53,-2.539,-0.235,-1.569,-2.319,-2.129,-1.073,-1.266,-2.344,-2.447,-1.463,-2.469,-0.235,-0.937,-3.5,-2.765,-3.563,0.155,-1.906,-1.191,-0.844,-1.344,-1.752,-3.283,-3.5,-1.728,-2.131,0.215,-0.856,0.036,-1.274,-3.034,0.089,-1.579,-0.493,-2.319,-2.675,-2.738,-1.031,-0.174,-3.201,-2.693,-0.012,-1.007,-0.432,-1.621,-1.72,-0.568,0.387,-0.079,-2.325,-1.447,-2.562,-2.04,-0.255,-1.283,-2.539,-1.216,-2.385,-0.208,-2.767,-0.375,-1.931,-1.268,-0.894,-0.522,-1.443,-2.166,-1.545,0.65,-1.144,-1.145,-2.309,-3.437,-1.229,-1.661,-1.386,-2.808,0.338,-1.954,-2.408,-1.183,-3.196,-0.901,-2.794,-0.125,-0.986,-2.619,-0.293,-0.529,-0.519,-2.368,-0.503,-0.684,-1.402,-1.549,-0.939,-1.053,-1.986,0.08,0.241,-1.592,-0.962,-1.955,-1.598,-0.694,-1.572,-1.974,-0.58,-1.268,-1.193,-0.934,-0.099,-3.066,-2.112,-2.936,-2.192,-0.539,-2.286,-3.751,-1.425,-1.079,-2.19,-2.123,-1.679,-1.474,-1.378,-1.924,-2.092,-0.803,-2.382,-2.324,-1.796,-1.918,-0.328,0.283,-2.674,-2.619,-0.689,-1.698,-1.105,-1.766,-2.837,-2.758,-2.315,-1.378,-2.862,-1.137,-0.034,-1.93,-1.166,-1.327,-1.508,-2.862,-1.042,-1.9,-0.167,-2.48,-0.728,-2.469,-2.394,-1.972,-1.917,-0.908,-0.776,-0.471,-2.12,-1.349,-1.634,-1.134,-1.472,-2.265,-1.298,-3.913,-1.45,-0.789,-1.576,-1.725,0.433,-0.104,-0.081,-2.09,-1.301,-0.426,-0.784,-0.742,-0.907,-1.859,-2.105,-2.861,-1.434,-0.957,-0.819,-1.624,-0.047,-1.362,-2.82,-2.313,-0.896,-1.313,-1.916,0.319,-2.115,-1.723,0.302,-1.53,-1.485,-0.475,-3.129,-0.606,-0.921,-1.264,-1.348,-0.48,-2.251,-0.834,-1.332,-2.222,-2.008,-2.063,-0.309,-1.216,-1.405,-0.523,-0.777,-1.822,-0.927,-1.168,-2.13,-1.427,-0.739,-2.032,-0.971,-0.049,-0.955,-1.494,-0.804,-2.876,-0.741,-0.408,-2.022,-0.412,0.246,-1.247,-0.514,-0.254,-1.222,-2.62,-3.224,-0.778,-2.88,-2.802,0.566,-1.697,-1.804,-1.846,-1.255,0.038,-1.286,-1.575,-1.614,-2.047,-1.006,0.827,-0.796,-3.109,-1.635
A3,A,1.174,0.747,0.593,0.722,1.02,0.952,1.117,0.803,0.684,1.088,0.715,1.213,0.948,0.741,0.972,0.718,0.796,1.147,0.754,1.033,1.321,0.694,1.353,0.921,0.655,0.814,0.811,1.081,0.847,0.864,1.079,0.652,0.694,0.876,1.324,0.943,0.702,0.846,0.875,0.794,0.954,1.182,1.023,1.014,1.126,1.054,1.251,0.686,0.819,0.701,1.028,0.495,0.775,0.946,1.148,0.89,0.594,1.022,0.819,0.982,1.076,1.037,0.79,0.774,1.058,0.769,0.969,0.629,0.806,0.833,1.075,0.79,0.924,1.167,0.988,0.871,0.852,0.793,0.711,0.74,1.244,0.833,0.881,1.086,0.737,0.848,0.867,0.955,0.732,0.809,1.109,1.262,0.885,0.61,0.597,1.261,1.21,1.244,1.292,1.028,1.053,1.324,0.873,0.752,0.842,1.013,0.971,0.977,1.075,0.863,0.835,0.915,0.807,1.237,0.75,1.047,0.848,0.75,0.619,0.806,1.233,1.033,0.519,0.958,0.946,0.969,1.078,1.254,1.027,0.801,0.917,0.803,0.702,1.184,1.119,0.775,0.979,1.325,0.946,0.795,0.82,0.807,0.632,1.047,0.968,0.879,1.069,0.724,0.616,0.67,0.88,0.925,0.936,0.999,0.894,0.634,0.571,1.163,0.928,0.846,0.689,0.852,0.81,0.916,0.81,0.879,1.162,0.645,0.824,0.629,1.113,1.158,0.892,0.918,0.85,0.635,0.696,1.014,0.835,0.864,1.078,0.639,0.78,1.147,0.638,0.566,0.769,0.822,0.85,0.451,0.866,0.918,1.052,0.734,0.94,0.507,0.745,1.151,0.853,1.09,0.726,1.03,0.801,0.953,0.806,0.774,0.717,0.563,0.718,0.981,0.875,0.829,0.788,1.022,0.967,0.67,0.574,0.268,0.605,1.107,0.958,0.673,0.407,0.684,1.025,0.881,0.95,0.937,0.833,0.765,1.099,0.902,0.731,1.038,1.02,1.039,0.938,0.847,1.098,0.638,0.87,0.915,0.73,1.223,1.269,0.973,0.801,0.908,0.923,0.781,1.106,1.169,1.016,0.99,0.824,0.649,0.577,0.731,0.715,0.818,1.026,0.964,0.558,0.9,0.996,0.989,1.001,1.042,0.8,0.758,0.846,1.024,1.028,0.666,0.861,1.259,0.654,0.901,0.673,0.655,0.461,0.628,1.075,1.057,0.772,0.924,1.026,1.091,0.998,0.623,1.047,1.097,0.598,1.13,1.128,0.994,1.152,1.017,0.752,1.116,0.669,0.646,0.62,1.125,0.731,0.891,1.011,0.901,0.847,0.918,1.136,0.938,0.472,0.912,0.901,0.705,0.902,0.605,0.572,1.118,1.251,0.735,0.861,0.96,0.907,0.837,1.122,0.839,1.134,0.882,0.86,0.976,1.011,0.894,1,0.804,0.705,0.661,0.624,0.723,0.877,1.078,0.849,0.5,1.224,0.579,1.069,1.092,0.831,1.106,0.835,0.66,0.685,0.548,1.15,0.794,0.862,0.922,0.638,0.859,0.435,1.087,0.827,0.833,0.951,0.78,1.132,1.134,0.723,1.162,0.999,0.773,1.129,0.757,0.832,0.978,1.042,0.784,0.718,0.91,0.881,0.765,1.058,0.748,0.738,0.946,0.883,0.886,1.194,1.266,0.91,1.205,0.501,0.927,0.856,0.569,0.85,0.783,1.11,0.76,0.704,0.793,0.943,1.068,0.804,0.626,1.138,1.148,1.187,1.035,0.924,0.814,0.969,0.513,0.837,1.074,1.311,0.72,0.829,0.968,0.849,1.051,1.289,0.799,0.811,1.182,1.014,1.049,0.992,0.818,0.732,1.208,1.073,0.71,1.021,1.058,0.805,0.839,1.175,0.927,0.805,0.842,0.861,0.96,1.273,1.069,1.059,0.585,0.685,0.966,1.119,0.813,0.878,1.058,0.754,0.731,1.133,0.901,0.593,0.877,1.323,1.008,0.95,1.164,1.144,0.903,0.725,1.032,1.051,1.222,0.606,1.26,0.914,0.808,0.981,0.573,0.618,1.288,0.957,0.983,0.903,0.997,1.147,0.818,0.929,0.787,1.172,0.885,1.057,0.9,1.112,0.725,0.852,0.766,1.025,1.031,0.922,1.108,1.097,1.058
A3,B,-0.243,-1.967,-2.548,-2.401,-1.031,-0.415,-1.191,-1.531,-2.157,-2.069,-2.049,-0.407,-1.166,-2.518,-1.542,-1.002,-2.187,-0.856,-1.72,-1.926,-2.489,-0.36,-1.564,0.728,-3.197,0.044,-2.972,-2.73,-1.299,-0.997,0.156,0.397,-1.026,-1.97,-2.105,-1.316,-1.452,-2.06,-2.906,-1.317,0.441,-2.603,-1.725,-0.89,-0.26,-0.792,-2.19,-2.458,-1.143,-0.522,-0.819,-1.323,-1.388,-1.65,-0.423,-1.834,-1.422,-0.576,-3.156,-0.521,-0.751,-1.099,-2.033,-1.784,-1.321,-1.944,-1.335,-1.556,-1.153,-1.597,-2.335,-0.237,-1.252,-1.316,-1.645,-0.501,-0.924,-1.587,-0.23,-0.902,-1.108,-0.61,-1.725,-0.932,-2.759,0.359,-1.411,-0.764,-1.205,-0.243,-3.028,-0.963,-1.981,-2.41,-1.738,-2.355,-1.798,-0.529,-2.333,-1.873,0.481,-2.254,-2.337,-0.8,-1.03,-1.362,-0.28,-0.902,-1.199,-2.649,-1.578,-1.446,-1.258,-2.152,-0.481,-3.086,-1.038,-2.704,-0.755,-0.259,0.798,-2.838,-3.515,-0.408,-0.855,-1.537,-2.879,-3.708,-1.973,-1.375,-0.881,-3.548,-1.776,-1.282,-0.115,0.695,-1.533,-2.954,0.05,0.351,-2.173,-1.271,-0.688,-0.004,-1.303,-1.317,-2.676,-2.314,-0.787,-2.336,-1.266,-0.96,0.302,-3.271,-0.162,-2.702,-1.731,-3.496,-0.939,-2.743,-1.317,-1.417,-1.786,-2.053,-3.512,0.123,-2.022,-0.794,-1.412,-0.707,-1.544,-2.06,-1.439,-0.565,-0.802,-0.056,0.241,-0.971,-0.786,-0.915,0.02,-0.748,-1.626,-1.416,-0.515,-1.773,-2.165,0.349,-0.353,-1.089,-1.223,-1.116,-1.649,-1.496,-1.366,-1.864,-1.876,-1.321,-2.255,-1.168,-0.861,-1.124,-1.174,-2.241,-2.258,-2.552,-0.696,-0.449,-1.349,-1.4,-1.294,-0.007,-1.471,-1.288,-3.3,-3.899,-1.95,-1.157,-1.348,-0.96,-0.153,0.481,-2.353,-1.699,-0.502,-1.528,-0.945,-1.343,-2.321,-1.543,-2.154,-1.299,0.775,-2.863,0.417,-0.02,1.553,-1.887,-1.227,-0.443,-1.236,-2.354,-1.727,-1.832,0.024,-1.609,-0.607,-1.005,-2.028,-0.763,-3.478,-1.879,-0.273,-2.732,-2.405,-0.873,-2.649,-0.175,-0.967,-1.658,-0.674,-1.966,-1.776,-2.336,-0.594,-1.824,-1.087,-1.893,-1.594,0.062,-2.94,-1.392,-1.805,-1.551,-1.066,-2.049,-1.99,-1.521,-0.183,-2.729,-3.184,0.366,0.575,-1.491,-0.413,-0.541,-2.457,-0.252,-0.551,-1.531,-1.285,-1.651,-0.576,-1.97,-0.368,-1.745,-1.415,-2.66,-1.414,-0.863,0.307,-0.626,-0.614,-1.557,-1.269,-0.722,-0.4,0.138,-1.295,-0.933,-2.138,-1.677,-1.839,0.482,-2.381,-2.23,-0.032,-0.98,0.138,-0.786,-0.543,-0.452,-3.296,-1.949,-2.746,-1.621,-1.245,-1.565,-0.85,-1.548,-2.398,-3.004,-0.677,-0.244,0.716,0.664,-2.356,0.263,-1.871,-1.17,-1.777,0.123,-1.111,-2.101,-0.843,-2.683,-1.925,-0.555,-1.13,-2.43,-0.597,-0.747,-1.606,-0.901,-1.68,-1.193,-1.878,-3.193,-1.341,-1.87,-1.307,-0.62,-2.178,-1.892,-0.303,-2.301,-1.072,-1.366,-3.353,-2.44,-2.36,-2.408,-0.021,-1.654,-1.975,0.223,-0.341,-0.937,-1.666,-1.002,-2.1,-2.419,-0.573,-1.32,-1.494,-2.094,-2.149,-0.498,0.329,-2.482,-0.242,-1.5,-2.009,0.588,-3.021,-3.093,-0.832,-0.199,-0.649,-2.233,-1.017,-1.89,-1.782,-2.432,-0.353,-0.909,-1.404,-0.397,-4.53,-1.349,-2.445,-1.546,-1.106,-1.04,0.295,-2.324,-1.071,-0.511,-1.332,-1.405,-2.139,-1.714,-1.356,-3.259,-1.082,-1.669,-1.08,-1.002,-2.126,-1.313,-0.853,-0.03,-0.953,-2.06,0.052,-3.159,-4.485,-0.018,-2.647,-1.124,-0.622,-0.021,-0.857,-0.901,-2.191,-0.133,-2.459,0.215,-2.889,-0.465,0.222,-0.782,-3.133,-1.31,-1.448,-4.138,-3.046,-1.661,-2.152,-0.46,-0.187,-0.972,-0.046,-2.12,-2.99,-2.165,-1.699,-2.459,-1.712,-0.932,-1.395,-1.565,-1.282,-1.302,-2.453,-1.568,-0.627,-1.07,-1.875,-0.923,-1.71,-2.83,-1.939,-0.469,-1.234,-1.559,-1.491,-0.209,-0.994,-1.924,-0.823,-0.568,-1.518,-1.931,-3.022,-0.468,-1.508,-1.407,-0.257,0.468
A3,C,0.256,0.256,0.259,0.227,0.213,0.256,0.288,0.237,0.253,0.309,0.241,0.254,0.244,0.256,0.252,0.196,0.223,0.238,0.226,0.246,0.2,0.224,0.223,0.287,0.214,0.242,0.218,0.227,0.226,0.246,0.244,0.256,0.262,0.247,0.256,0.248,0.223,0.265,0.259,0.238,0.257,0.217,0.283,0.275,0.254,0.229,0.283,0.22,0.285,0.277,0.206,0.224,0.257,0.256,0.199,0.207,0.208,0.228,0.257,0.25,0.283,0.246,0.207,0.199,0.243,0.27,0.29,0.255,0.246,0.24,0.279,0.28,0.28,0.25,0.333,0.258,0.218,0.238,0.228,0.275,0.261,0.265,0.255,0.251,0.236,0.236,0.237,0.217,0.29,0.235,0.235,0.223,0.215,0.187,0.259,0.208,0.251,0.206,0.266,0.241,0.271,0.249,0.214,0.217,0.234,0.261,0.236,0.231,0.197,0.284,0.18,0.211,0.221,0.257,0.216,0.24,0.278,0.283,0.243,0.25,0.253,0.252,0.223,0.239,0.218,0.26,0.273,0.271,0.228,0.264,0.269,0.217,0.255,0.247,0.204,0.206,0.268,0.252,0.27,0.165,0.224,0.238,0.257,0.212,0.241,0.211,0.254,0.247,0.267,0.187,0.289,0.25,0.202,0.256,0.246,0.273,0.235,0.26,0.247,0.239,0.224,0.2,0.256,0.28,0.27,0.272,0.244,0.231,0.253,0.223,0.193,0.299,0.22,0.255,0.264,0.244,0.255,0.219,0.242,0.28,0.23,0.308,0.174,0.281,0.275,0.308,0.209,0.22,0.233,0.237,0.24,0.23,0.227,0.282,0.204,0.242,0.229,0.269,0.31,0.239,0.332,0.252,0.226,0.222,0.26,0.256,0.207,0.229,0.239,0.281,0.288,0.266,0.28,0.211,0.276,0.262,0.22,0.252,0.207,0.241,0.26,0.158,0.218,0.222,0.264,0.219,0.219,0.293,0.228,0.248,0.26,0.223,0.278,0.243,0.202,0.258,0.248,0.244,0.229,0.226,0.244,0.305,0.279,0.259,0.247,0.215,0.239,0.23,0.257,0.243,0.222,0.283,0.246,0.244,0.223,0.261,0.235,0.266,0.268,0.207,0.257,0.269,0.254,0.259,0.271,0.253,0.277,0.185,0.243,0.204,0.199,0.209,0.23,0.291,0.233,0.261,0.23,0.226,0.21,0.301,0.236,0.21,0.232,0.223,0.25,0.236,0.302,0.255,0.239,0.306,0.21,0.27,0.221,0.259,0.221,0.193,0.244,0.255,0.242,0.269,0.251,0.271,0.218,0.181,0.312,0.239,0.271,0.251,0.233,0.252,0.26,0.293,0.241,0.217,0.278,0.266,0.303,0.23,0.187,0.206,0.251,0.223,0.243,0.283,0.254,0.309,0.227,0.212,0.257,0.252,0.238,0.268,0.241,0.283,0.236,0.269,0.253,0.278,0.228,0.249,0.233,0.243,0.249,0.25,0.248,0.266,0.23,0.231,0.194,0.269,0.229,0.219,0.24,0.233,0.297,0.247,0.302,0.246,0.276,0.247,0.219,0.259,0.248,0.216,0.16,0.25,0.203,0.221,0.21,0.267,0.207,0.3,0.258,0.254,0.217,0.266,0.274,0.266,0.279,0.271,0.266,0.303,0.268,0.24,0.2,0.196,0.212,0.277,0.254,0.259,0.213,0.255,0.219,0.285,0.248,0.214,0.254,0.273,0.233,0.275,0.309,0.236,0.233,0.25,0.249,0.226,0.237,0.195,0.241,0.278,0.241,0.244,0.255,0.265,0.289,0.211,0.264,0.229,0.266,0.256,0.24,0.268,0.285,0.256,0.271,0.274,0.335,0.224,0.228,0.248,0.286,0.245,0.206,0.275,0.246,0.257,0.248,0.239,0.278,0.261,0.184,0.226,0.253,0.238,0.244,0.276,0.265,0.279,0.299,0.256,0.275,0.213,0.236,0.305,0.245,0.31,0.22,0.3,0.246,0.212,0.268,0.266,0.268,0.207,0.228,0.246,0.239,0.236,0.251,0.263,0.273,0.244,0.257,0.256,0.292,0.219,0.261,0.265,0.215,0.226,0.242,0.167,0.271,0.252,0.212,0.28,0.253,0.232,0.218,0.291,0.261,0.251,0.251,0.226,0.228,0.265,0.255,0.256,0.213,0.246
A4,A,1.129,1.324,1.427,1.255,1.438,1.115,1.241,1.157,1.188,0.958,1.287,1.321,1.133,1.21,1.104,1.159,1.627,1.421,1.102,1.416,1.272,1.239,0.951,1.534,1.142,1.196,1.718,0.957,1.575,1.073,1.071,1.386,1.498,1.222,1.288,1.175,1.518,1.015,1.133,1.274,1.288,1.101,1.321,1.295,1.067,1.316,1.389,1.07,1.486,1.324,1.213,1.309,1.45,1.512,1.494,1.427,1.088,1.628,1.218,1.473,1.243,1.509,1.344,1.645,1.183,1.24,1.064,1.258,1.22,1.298,1.344,1.344,1.334,1.403,1.394,0.982,1.264,1.172,1.187,1.502,0.922,1.3,1.057,1.034,1.287,1.358,1.249,1.718,1.197,1.177,1.161,0.974,1.319,0.922,0.875,1.134,1.466,1.385,1.628,1.652,1.289,1.157,1.276,1.04,0.853,1.321,1.208,1.363,1.448,1.211,1.676,1.023,1.505,1.229,1.282,1.557,1.449,1.28,1.546,1.2,1.145,1.455,1.249,1.5,1.399,1.23,1.117,0.767,1.021,1.415,1.035,0.756,1.235,0.968,1.392,0.88,1.352,0.979,1.209,1.419,1.19,1.035,0.986,0.887,1.258,1.201,1.097,1.114,1.414,1.656,0.959,1.212,1.466,1.415,1.415,1.211,1.242,1.448,1.136,1.3,1.447,1.463,1.294,1.485,1.457,1.804,1.196,1.08,1.227,1.191,1.272,1.106,1.08,1.351,1.123,1.017,1.324,1.241,1.214,1.236,1.541,1.094,1.214,1.273,1.198,0.9,1.25,1.438,1.523,1.311,1.107,1.127,1.706,1.405,1.473,1.144,1.419,1.449,1.406,1.005,1.496,1.417,1.023,1.269,1.292,1.373,1.025,1.283,1.489,1.187,1.461,1.053,0.876,1.151,1.269,1.432,1.036,0.791,1.228,1.036,1.135,1.337,1.351,1.288,1.343,1.537,1.13,1.414,1.091,1.514,1.54,1.508,1.45,1.537,1.088,1.521,1.508,1.464,1.206,1.155,1.339,1.312,1.214,1.459,1.494,1.227,1.171,0.895,1.125,1.096,0.989,1.807,1.274,1.089,1.232,1.289,0.953,1.239,1.226,1.147,1.117,1.156,1.216,1.661,1.231,1.158,0.806,1.137,1.166,1.31,1.386,1.371,1.552,1.187,1.001,1.372,1.391,1.244,1.143,1.117,1.244,1.337,1.241,1.15,0.95,1.241,1.345,1.73,1.346,0.493,1.413,1.293,1.234,1.17,1.225,1.382,1.474,1.059,1.259,1.556,1.397,0.969,1.18,1.125,1.066,1.189,1.42,1.203,0.797,1.438,0.934,1.311,1.432,1.558,1.371,0.799,1.229,1.235,1.356,1.323,1.35,1.392,1.108,1.43,1.306,1.051,1.198,1.3,1.265,1.265,0.981,1.643,1.223,1.431,1.282,1.136,1.011,1.477,1.371,1.175,1.806,1.025,1.386,1.193,1.137,0.991,1.267,1.301,1.438,0.751,1.246,1.567,1.248,1.179,1.033,1.112,1.134,1.297,1.124,1.283,1.253,1.009,0.812,1.209,1.619,1.328,1.086,1.227,1.271,0.907,1.225,1.017,1.371,1.003,1.011,1.228,1.576,1.293,1.452,1.317,1.249,1.563,1.046,1.439,1.507,1.236,1.053,1.559,1.358,1.567,1.234,1.206,0.995,1.544,1.468,1.279,1.323,1.274,1.213,1.072,1.473,1.583,1.451,1.214,1.213,1.398,1.332,0.922,1.194,1.515,1.382,1.265,1.161,1.517,1.291,1.26,1.062,1.342,1.526,1.4,1.093,1.197,1.353,1.027,1.547,1.436,1.244,1.188,1.049,1.443,1.004,1.505,1.077,0.927,1.64,1.217,1.491,1.607,1.696,0.987,1.408,1.131,1.354,1.156,0.937,0.91,1.368,1.414,1.375,1.218,1.397,1.596,1.181,1.089,1.606,1.354,0.939,1.153,1.163,1.321,1.092,1.217,1.251,0.79,1.56,1.093,0.86,1.104,1.298,1.184,1.242,1.183,1.276,1.393,1.007,1.463,1.118,1.507,1.237,1.247,1.235,1.22,1.243,0.905,1.298,1.021,1.165,1.305,1.098,1.15,1.904,0.997,1.568,1.313,1.375,1.342,1.75,1.157,0.855,1.295
A4,B,-0.05,-0.856,-0.147,0.358,-0.729,-0.964,-1.825,-1.021,-2.076,-0.615,-2.298,0.387,0.251,0.075,0.392,0.457,-1.499,0.282,0.595,-0.34,-1.298,0.169,-0.889,-0.305,-0.178,-0.361,-0.558,-1.253,-1.963,-1.684,-0.472,-0.275,0.272,0.045,-0.517,-0.7,-0.629,-0.476,-0.608,-1.925,0.42,-3.76,-0.588,-0.454,0.667,0.146,1.132,-2.419,-0.156,-0.371,0.304,-0.724,-0.487,-0.584,-0.965,0.787,-1,-0.77,-1.121,-1.679,-2.685,-1.785,-1.431,0.394,-1.443,-0.394,-1.053,-2.829,-1.269,-2.269,-1.53,-1.684,-0.945,-0.422,-0.755,-0.242,-1.047,-1.479,-1.035,-1.624,0.771,0.161,0.154,-2.52,-2.854,-0.608,0.137,-2.055,-0.044,-0.215,-0.742,-1.747,-2.04,-2.208,-1.001,-1.745,-2.046,-0.696,-1.176,-2.685,-1.821,0.078,-1.712,-0.111,-1.836,-1.843,1.443,-0.859,-0.971,-1.712,-1.302,-0.478,-0.656,-2.665,-1.28,-1.451,0.497,-2.1,-1.076,0.744,0.092,-0.217,-2.141,-2.632,0.741,-1.65,-0.347,-1.151,-0.326,-0.994,-0.804,-1.468,-0.307,0.37,-1.309,-2.805,-1.213,-1.55,0.417,-0.241,-2.63,0.738,-1.093,0.227,-2.133,-1.116,-1.534,-1.824,-1.433,0.725,-0.608,-0.665,1.236,-0.863,-3.113,-3.189,-1.295,-0.318,-1.081,-1.243,-0.077,0.621,-0.685,-0.728,-0.15,-0.686,-0.284,-0.501,-0.919,0.292,-0.304,0.85,-1.076,0.253,-2.322,-1.489,-0.634,-0.473,-0.724,-1.737,0.766,-1.38,2.263,-0.894,-1.455,-1.05,-0.618,-0.9,-0.359,-2.021,-0.284,-1.623,-2.819,-0.392,-0.322,-0.334,0.663,-2.836,0.797,-0.739,-1.206,-2.156,-1.721,-0.262,-1.441,0.148,0.454,0.041,-1.605,-2.371,-1.46,-2.032,-0.256,-1.055,-1.415,-1.032,-1.524,-1.723,-1.434,-0.636,0.764,-0.266,0.953,-1.794,0.403,-0.956,-0.315,-0.731,-1.451,-1.472,-1.603,-2.809,-1.146,-2.068,-1.631,-0.56,-1.065,0.818,-0.356,1.014,-1.125,-1.225,0.17,-0.258,-1.325,-0.041,0.205,-2.77,0.054,1.336,-2.468,-0.509,-1.251,-1.45,-1.393,-3.418,1.028,-0.405,-1.313,-0.496,-2.79,-0.582,-2.305,-0.811,-1.135,0.843,-0.783,-1.058,-1.305,-0.361,0.729,-0.553,-1.235,-0.577,-2.493,-0.949,0.164,-1.085,-2.059,-0.565,-0.924,-0.926,-0.649,0.144,-3.497,-0.767,-1.604,1.62,-1.304,-2.274,-1.184,-0.718,-2.347,-0.316,-1.091,-1.77,-0.584,-2.252,-0.854,-0.437,-1.048,-0.787,-1.696,-0.03,-0.249,-0.363,0.24,-0.265,0.544,-2.965,-1.763,-1.314,-1.373,-1.904,0.514,-1.374,0.209,-1.171,-1.568,0.115,-0.648,-0.754,1.009,-2.085,-2.958,-0.552,-1.699,0.447,0.681,-2.099,-0.276,-2.349,-2.887,-1.12,0.545,-0.928,-2.725,-0.983,-2.282,-0.137,1.697,-0.414,-0.901,-1.386,-2.333,-1.748,-1.189,-0.735,-1.061,-0.027,-1.887,-0.76,-0.871,-1.503,-0.219,-1.833,-0.837,-1.151,-2.614,-0.553,-1.121,-0.747,-1.757,0.956,-1.042,-0.191,-0.717,0.128,-2.613,-0.39,-0.434,-0.967,-0.322,-0.608,-1.849,-0.454,-0.604,-0.249,-1.097,-1.253,-0.136,-1.085,-0.501,-1.427,-0.242,1.283,0.051,-0.539,-1.325,-1.162,0.627,-1.131,-0.988,-1.262,0.056,-0.694,-0.947,1.598,-1.626,-1.496,-2.199,-2.978,-0.734,-1.696,-1.944,-2.806,0.049,-1.369,-1.796,-0.455,-1.879,0.292,-0.338,-1.428,-0.105,-2.391,-1.538,-0.041,-1.392,0.545,-1.189,0.118,-0.389,0.134,-0.33,-0.355,-1.471,-2.772,0.002,0.722,-1.147,-0.404,-1.918,-0.735,-0.677,-0.947,-1.233,0.187,-0.828,-2.861,-0.517,-0.887,-0.103,-1.953,-2.204,-1.059,-1.518,-0.319,-0.603,0.322,-0.944,-0.556,-0.37,-2.13,-0.796,-0.288,-2.234,-1.094,-2.064,-2.345,-0.312,-1.201,-1.141,-1.208,-1.195,-0.15,-1.349,-0.38,-1.096,-2.002,-1.157,-2.94,0.77,-1.18,-0.056,0.868,-1.289,-1.294,-1.013,-1.162,-2.274,-0.413,0.165,0.928,-1.933,-0.859,-0.598,-1.874,-0.388,0.313,-1.174,-0.362,-0.69,-0.431,-1.385,-2.998,-0.547,-2.212,-1.373,-0.119
A4,D1,0.781,0.635,0.519,0.431,0.522,0.581,0.553,0.587,0.453,0.65,0.753,0.533,0.615,0.762,0.682,0.586,0.54,0.597,0.598,0.556,0.695,0.593,0.637,0.537,0.751,0.589,0.566,0.549,0.604,0.762,0.65,0.591,0.65,0.694,0.531,0.683,0.795,0.675,0.567,0.512,0.618,0.687,0.413,0.662,0.61,0.466,0.687,0.555,0.613,0.45,0.53,0.619,0.52,0.613,0.829,0.584,0.718,0.767,0.426,0.611,0.662,0.368,0.697,0.554,0.669,0.576,0.547,0.551,0.555,0.4,0.485,0.539,0.647,0.526,0.798,0.682,0.625,0.542,0.46,0.581,0.674,0.629,0.658,0.686,0.5,0.656,0.501,0.569,0.49,0.534,0.524,0.722,0.814,0.394,0.541,0.663,0.512,0.644,0.504,0.53,0.602,0.644,0.904,0.588,0.568,0.578,0.676,0.464,0.559,0.687,0.552,0.498,0.556,0.589,0.722,0.552,0.552,0.543,0.625,0.689,0.447,0.6,0.601,0.795,0.543,0.602,0.649,0.685,0.518,0.798,0.652,0.701,0.653,0.568,0.648,0.537,0.65,0.54,0.815,0.73,0.612,0.54,0.734,0.588,0.525,0.56,0.54,0.604,0.622,0.514,0.394,0.678,0.738,0.617,0.639,0.578,0.702,0.645,0.522,0.646,0.767,0.506,0.564,0.513,0.381,0.463,0.732,0.65,0.562,0.55,0.6,0.889,0.707,0.671,0.584,0.523,0.557,0.606,0.646,0.625,0.613,0.65,0.561,0.496,0.602,0.667,0.551,0.773,0.513,0.44,0.554,0.741,0.512,0.753,0.507,0.756,0.601,0.679,0.498,0.6,0.682,0.571,0.549,0.391,0.669,0.572,0.769,0.558,0.662,0.545,0.447,0.54,0.707,0.784,0.858,0.545,0.547,0.545,0.693,0.643,0.61,0.599,0.574,0.769,0.532,0.55,0.736,0.42,0.619,0.509,0.685,0.493,0.71,0.63,0.63,0.686,0.755,0.612,0.718,0.598,0.359,0.822,0.55,0.704,0.599,0.491,0.66,0.844,0.62,0.582,0.673,0.679,0.483,0.621,0.665,0.677,0.733,0.673,0.536,0.564,0.672,0.826,0.569,0.693,0.573,0.56,0.62,0.486,0.462,0.659,0.702,0.612,0.579,0.562,0.616,0.667,0.52,0.632,0.591,0.617,0.531,0.663,0.311,0.669,0.532,0.772,0.578,0.544,0.52,0.494,0.465,0.546,0.65,0.597,0.401,0.392,0.65,0.588,0.643,0.785,0.47,0.515,0.691,0.787,0.677,0.625,0.672,0.541,0.491,0.505,0.505,0.701,0.598,0.809,0.52,0.608,0.635,0.652,0.754,0.587,0.474,0.414,0.586,0.647,0.697,0.663,0.683,0.718,0.455,0.473,0.621,0.54,0.529,0.51,0.637,0.785,0.512,0.586,0.769,0.488,0.631,0.611,0.762,0.541,0.399,0.796,0.649,0.523,0.587,0.441,0.65,0.65,0.447,0.521,0.469,0.553,0.629,0.621,0.599,0.555,0.707,0.751,0.723,0.694,0.475,0.518,0.803,0.559,0.589,0.588,0.605,0.532,0.705,0.626,0.655,0.526,0.508,0.559,0.645,0.521,0.502,0.474,0.493,0.705,0.628,0.651,0.629,0.611,0.622,0.622,0.579,0.659,0.564,0.534,0.56,0.525,0.599,0.822,0.588,0.616,0.581,0.566,0.626,0.665,0.493,0.847,0.522,0.671,0.499,0.643,0.66,0.518,0.455,0.635,0.551,0.656,0.753,0.607,0.389,0.407,0.581,0.678,0.517,0.639,0.487,0.602,0.564,0.503,0.561,0.597,0.699,0.596,0.678,0.36,0.669,0.673,0.478,0.388,0.661,0.725,0.734,0.543,0.622,0.59,0.604,0.666,0.575,0.581,0.451,0.39,0.375,0.717,0.628,0.505,0.434,0.517,0.749,0.637,0.676,0.586,0.465,0.645,0.623,0.6,0.48,0.548,0.509,0.503,0.731,0.56,0.519,0.529,0.664,0.499,0.627,0.649,0.565,0.466,0.708,0.748,0.699,0.492,0.557,0.752,0.75,0.361,0.717,0.583,0.608,0.694,0.681,0.707,0.626,0.663,0.692,0.653,0.5,0.412,0.45,0.462
A4,D2,0.207,0.241,0.317,0.21,0.264,0.321,0.344,0.264,0.296,0.233,0.253,0.241,0.08,0.183,-0.038,0.161,0.377,0.165,0.425,0.304,0.208,0.186,0.168,0.167,0.08,0.273,0.134,0.069,0.352,0.242,0.284,0.212,0.299,0.246,0.192,0.245,0.134,0.132,0.184,0.209,0.24,0.433,0.209,0.495,0.24,0.146,0.383,0.211,0.298,0.166,0.164,0.234,0.361,0.26,0.038,0.085,0.149,0.392,0.116,0.196,0.166,0.407,0.262,0.215,0.126,0.192,0.179,0.236,0.269,0.217,0.459,0.242,0.277,0.292,0.226,0.433,0.122,0.224,0.034,0.381,0.338,0.186,0.061,0.155,0.133,0.371,0.252,0.242,0.239,0.224,0.221,0.208,0.321,0.282,0.246,0.182,0.195,0.181,0.138,0.238,0.205,0.343,0.179,0.185,0.207,0.268,0.152,0.397,0.299,0.358,0.23,0.252,0.219,0.306,0.147,0.22,0.305,0.292,0.253,0.374,0.178,0.325,0.394,-0.137,0.268,0.478,0.474,0.246,0.153,0.315,0.285,0.238,-0.047,0.162,0.238,0.237,0.297,0.244,0.028,0.196,0.229,0.158,0.155,0.159,0.276,0.2,0.207,0.355,0.127,0.131,0.305,0.197,0.336,0.065,0.319,0.294,0.333,0.323,0.181,0.059,0.161,0.521,0.18,0.241,0.375,0.133,0.118,0.176,0.244,0.23,0.323,0.275,0.134,0.184,0.051,0.268,0.112,0.35,0.093,0.204,0.27,0.146,0.176,0.263,0.207,0.057,0.269,0.132,0.335,0.126,0.115,0.212,0.299,0.327,0.296,0.344,0.244,0.137,0.246,0.172,0.363,0.177,0.223,0.179,0.263,0.182,0.336,0.124,0.134,0.067,0.32,0.284,0.244,0.105,0.299,0.155,0.345,0.352,0.341,0.229,0.127,0.224,0.17,0.283,0.043,0.177,0.287,0.28,0.306,0.32,0.367,0.269,0.229,0.229,0.198,0.14,0.301,0.357,0.349,0.105,0.146,0.283,0.012,0.276,0.43,0.397,0.24,-0.008,0.31,0.139,0.581,0.18,-0.006,0.315,0.08,0.385,0.274,0.246,0.15,0.138,0.191,0.347,0.221,0.17,0.45,0.216,0.184,0.187,0.185,0.179,0.398,0.244,0.255,0.359,0.261,0.327,0.224,0.061,0.224,0.188,0.273,0.199,0.141,0.221,0.313,0.262,0.343,0.256,0.152,0.24,0.16,0.08,0.147,0.265,0.244,0.234,0.149,0.204,0.375,0.295,0.249,0.227,0.277,0.249,0.236,0.242,0.162,0.299,0.084,0.166,0.357,0.119,0.109,0.173,0.112,0.251,0.321,0.261,0.274,0.228,0.254,0.123,0.165,0.05,0.113,0.255,0.155,0.33,0.074,0.003,0.39,0.226,0.135,0.341,-0.041,0.347,0.141,0.216,0.11,0.223,0.27,0.249,0.327,0.216,0.17,0.273,0.278,0.196,0.266,0.14,0.203,-0.033,0.075,0.275,0.299,0.278,0.153,0.323,0.113,0.23,0.146,0.284,0.16,0.165,0.159,0.251,0.149,0.232,0.235,0.334,0.119,0.215,0.174,0.359,0.282,0.178,0.32,0.311,0.104,0.223,0.09,0.244,0.212,0.06,0.195,0.353,0.067,0.3,0.126,0.26,0.184,0.175,0.175,0.275,0.103,0.261,0.19,0.048,0.017,0.216,0.222,0.191,0.233,0.201,0.34,0.508,0.349,0.268,0.079,0.068,0.183,0.339,0.18,0.292,0.437,0.125,0.159,0.309,0.005,0.259,0.406,0.292,0.287,0.101,0.262,0.107,0.23,0.204,0.361,0.179,0.31,0.216,0.17,0.177,0.184,0.345,0.04,-0.04,0.134,0.021,0.283,0.207,0.044,-0.008,0.415,0.281,0.404,0.216,0.264,0.125,0.115,0.194,0.222,0.423,0.061,0.14,0.269,0.188,0.401,0.285,0.226,0.349,0.117,0.114,0.206,0.342,0.228,0.305,0.306,0.216,0.35,0.274,0.2,0.206,0.257,0.077,0.137,0.32,0.053,0.312,0.287,0.125,0.311,0.342,0.074,0.089,0.128,0.178,0.384,0.301,0.103,0.165,0.299,0.219,0.206,0.289,0.337,0.352,0.081,0.255
A4,D3,-0.37,-0.236,-0.221,-0.338,-0.425,-0.286,-0.274,-0.243,-0.333,-0.373,-0.295,-0.281,-0.214,-0.483,-0.276,-0.156,-0.222,-0.27,-0.214,-0.363,-0.311,-0.192,-0.291,-0.229,-0.42,-0.398,-0.393,-0.542,-0.324,-0.499,-0.105,-0.214,-0.257,-0.18,-0.142,-0.131,-0.394,-0.324,-0.269,-0.163,-0.191,-0.412,-0.327,-0.443,-0.31,-0.295,-0.282,-0.28,-0.158,-0.28,-0.079,-0.339,-0.093,-0.328,-0.236,-0.352,-0.257,-0.169,-0.193,-0.434,-0.288,-0.352,-0.418,-0.284,-0.28,-0.361,-0.129,-0.168,-0.094,-0.402,-0.393,-0.264,-0.353,-0.187,-0.156,-0.391,-0.05,-0.374,-0.214,-0.134,-0.285,-0.129,-0.386,-0.227,-0.446,-0.53,-0.273,-0.218,-0.381,-0.194,-0.28,-0.238,-0.318,-0.408,-0.229,-0.147,-0.137,-0.194,-0.409,-0.159,-0.357,-0.364,-0.169,-0.447,-0.328,-0.273,-0.334,-0.148,-0.397,-0.205,0.002,-0.039,-0.241,-0.062,-0.337,-0.23,-0.243,-0.268,-0.418,-0.53,-0.518,-0.036,-0.341,-0.433,-0.264,-0.23,-0.393,-0.133,-0.295,-0.12,-0.521,-0.268,-0.194,-0.37,-0.349,-0.375,-0.271,-0.38,-0.374,-0.34,-0.387,0.058,-0.383,-0.256,-0.422,-0.199,-0.275,-0.158,-0.201,-0.486,-0.208,-0.276,-0.181,-0.52,-0.361,-0.36,-0.223,-0.245,-0.262,-0.053,-0.34,-0.295,-0.291,-0.216,-0.298,-0.213,-0.379,-0.245,-0.151,-0.221,-0.206,-0.2,-0.353,-0.449,-0.282,-0.446,-0.257,-0.414,-0.141,-0.076,-0.386,-0.159,-0.133,-0.249,-0.48,-0.393,-0.371,-0.27,-0.253,-0.321,-0.195,-0.236,-0.379,-0.19,-0.305,-0.284,-0.238,-0.356,-0.33,-0.322,-0.231,-0.357,-0.446,-0.223,-0.515,-0.149,-0.273,-0.311,-0.326,-0.134,-0.181,-0.079,-0.199,-0.376,-0.232,-0.308,-0.33,-0.339,-0.302,-0.306,-0.198,-0.354,-0.303,-0.355,-0.243,-0.213,-0.291,-0.218,-0.393,-0.227,-0.294,-0.397,-0.28,-0.308,-0.343,-0.263,-0.235,-0.211,-0.299,-0.252,-0.072,-0.191,-0.176,-0.308,-0.233,-0.165,-0.227,-0.029,-0.285,-0.312,-0.391,-0.37,-0.247,-0.256,-0.408,-0.349,-0.168,-0.307,-0.337,-0.282,-0.277,-0.217,-0.355,-0.228,-0.387,-0.232,-0.143,-0.309,-0.254,-0.228,-0.377,-0.336,-0.398,-0.312,-0.287,-0.36,-0.437,-0.426,-0.133,-0.406,-0.318,-0.172,-0.343,-0.395,-0.287,-0.322,-0.286,-0.419,-0.203,-0.245,-0.451,-0.357,-0.292,-0.345,-0.151,-0.279,-0.275,-0.389,-0.262,-0.453,-0.532,-0.32,-0.329,-0.28,-0.246,-0.297,-0.4,-0.262,-0.21,-0.308,-0.164,-0.139,-0.376,-0.235,-0.327,-0.216,-0.245,-0.36,-0.094,-0.22,-0.19,-0.294,-0.356,-0.256,-0.201,-0.201,-0.261,-0.359,-0.266,-0.197,-0.39,-0.357,-0.449,-0.312,-0.436,-0.309,-0.237,-0.35,-0.367,-0.274,-0.273,-0.307,-0.441,-0.304,-0.089,-0.161,-0.229,-0.111,-0.361,-0.42,-0.354,-0.291,-0.428,-0.333,-0.423,-0.245,-0.233,-0.191,-0.36,-0.264,-0.272,-0.384,-0.086,-0.282,-0.16,-0.512,-0.172,-0.165,-0.455,-0.316,-0.323,-0.461,-0.412,-0.188,-0.273,-0.507,-0.193,-0.286,-0.306,-0.235,-0.3,-0.348,-0.248,-0.232,-0.399,-0.11,-0.102,-0.247,-0.238,-0.361,-0.342,-0.17,-0.29,-0.189,-0.203,-0.335,-0.268,-0.43,-0.38,-0.28,-0.318,-0.37,-0.34,-0.39,-0.4,-0.302,-0.324,-0.265,-0.35,-0.142,-0.245,-0.33,-0.292,-0.385,-0.514,-0.227,-0.371,-0.262,-0.176,-0.143,-0.232,-0.369,-0.397,-0.095,-0.406,-0.033,-0.26,-0.251,-0.368,-0.339,-0.165,-0.18,-0.353,-0.238,-0.23,-0.427,-0.441,-0.226,-0.318,-0.283,-0.354,-0.537,-0.216,-0.287,-0.434,-0.295,-0.195,-0.288,-0.265,-0.247,-0.437,-0.229,-0.259,-0.418,-0.229,-0.123,-0.2,-0.106,-0.114,-0.137,-0.189,-0.233,-0.375,-0.454,-0.219,-0.268,-0.381,-0.42,-0.223,-0.431,-0.385,-0.299,-0.356,-0.373,-0.277,-0.277,-0.146,-0.301,-0.382,-0.296,-0.175,-0.398,-0.389,-0.322,-0.119,-0.129,-0.35,-0.232,-0.287,-0.334,-0.269,-0.363,-0.333,-0.269,-0.303,-0.302,-0.351,-0.291,-0.226,-0.357
A4,D4,-0.533,-0.523,-0.378,-0.527,-0.591,-0.611,-0.624,-0.518,-0.358,-0.356,-0.425,-0.557,-0.605,-0.776,-0.512,-0.406,-0.591,-0.692,-0.557,-0.408,-0.339,-0.538,-0.476,-0.567,-0.385,-0.691,-0.502,-0.46,-0.52,-0.562,-0.427,-0.658,-0.656,-0.611,-0.605,-0.49,-0.453,-0.674,-0.577,-0.702,-0.562,-0.702,-0.489,-0.556,-0.517,-0.555,-0.737,-0.535,-0.444,-0.683,-0.556,-0.475,-0.547,-0.578,-0.368,-0.617,-0.422,-0.496,-0.649,-0.489,-0.501,-0.68,-0.675,-0.471,-0.548,-0.493,-0.612,-0.476,-0.566,-0.732,-0.66,-0.51,-0.646,-0.497,-0.521,-0.647,-0.478,-0.484,-0.677,-0.476,-0.622,-0.488,-0.437,-0.557,-0.52,-0.673,-0.447,-0.413,-0.698,-0.363,-0.581,-0.576,-0.475,-0.412,-0.559,-0.635,-0.661,-0.475,-0.547,-0.687,-0.669,-0.723,-0.546,-0.48,-0.578,-0.584,-0.624,-0.649,-0.569,-0.475,-0.602,-0.531,-0.504,-0.666,-0.562,-0.741,-0.495,-0.616,-0.532,-0.631,-0.473,-0.532,-0.452,-0.528,-0.501,-0.619,-0.421,-0.548,-0.725,-0.657,-0.535,-0.511,-0.383,-0.676,-0.516,-0.461,-0.436,-0.405,-0.568,-0.525,-0.431,-0.44,-0.533,-0.67,-0.563,-0.552,-0.501,-0.656,-0.59,-0.532,-0.551,-0.506,-0.677,-0.511,-0.351,-0.439,-0.456,-0.596,-0.677,-0.46,-0.489,-0.43,-0.601,-0.458,-0.533,-0.639,-0.59,-0.536,-0.562,-0.7,-0.603,-0.506,-0.374,-0.472,-0.401,-0.479,-0.549,-0.551,-0.584,-0.432,-0.461,-0.598,-0.466,-0.548,-0.471,-0.669,-0.569,-0.534,-0.67,-0.483,-0.592,-0.588,-0.591,-0.617,-0.652,-0.719,-0.598,-0.454,-0.567,-0.427,-0.671,-0.442,-0.667,-0.551,-0.463,-0.666,-0.63,-0.678,-0.511,-0.37,-0.671,-0.603,-0.653,-0.671,-0.615,-0.591,-0.252,-0.606,-0.543,-0.416,-0.672,-0.438,-0.644,-0.584,-0.484,-0.656,-0.576,-0.767,-0.471,-0.611,-0.729,-0.431,-0.512,-0.752,-0.551,-0.294,-0.578,-0.519,-0.616,-0.68,-0.498,-0.432,-0.753,-0.566,-0.533,-0.71,-0.626,-0.491,-0.493,-0.549,-0.568,-0.513,-0.662,-0.664,-0.481,-0.481,-0.544,-0.739,-0.423,-0.674,-0.552,-0.627,-0.701,-0.545,-0.574,-0.674,-0.499,-0.464,-0.608,-0.45,-0.585,-0.59,-0.642,-0.617,-0.532,-0.636,-0.392,-0.636,-0.644,-0.602,-0.566,-0.458,-0.496,-0.495,-0.548,-0.496,-0.446,-0.58,-0.505,-0.606,-0.525,-0.534,-0.749,-0.454,-0.624,-0.67,-0.397,-0.559,-0.603,-0.562,-0.517,-0.59,-0.577,-0.592,-0.604,-0.67,-0.65,-0.492,-0.44,-0.606,-0.615,-0.555,-0.72,-0.662,-0.489,-0.406,-0.608,-0.632,-0.428,-0.766,-0.478,-0.514,-0.566,-0.613,-0.579,-0.606,-0.381,-0.597,-0.531,-0.499,-0.565,-0.459,-0.587,-0.565,-0.406,-0.655,-0.45,-0.545,-0.447,-0.565,-0.634,-0.611,-0.446,-0.301,-0.553,-0.545,-0.532,-0.729,-0.537,-0.505,-0.453,-0.608,-0.467,-0.593,-0.7,-0.485,-0.549,-0.452,-0.742,-0.514,-0.573,-0.582,-0.403,-0.416,-0.47,-0.532,-0.451,-0.607,-0.564,-0.531,-0.586,-0.604,-0.4,-0.693,-0.466,-0.518,-0.395,-0.374,-0.41,-0.635,-0.456,-0.648,-0.686,-0.666,-0.531,-0.686,-0.631,-0.548,-0.55,-0.641,-0.679,-0.743,-0.659,-0.534,-0.644,-0.632,-0.552,-0.483,-0.438,-0.377,-0.499,-0.689,-0.384,-0.439,-0.665,-0.833,-0.606,-0.655,-0.649,-0.504,-0.636,-0.593,-0.684,-0.406,-0.457,-0.449,-0.607,-0.498,-0.629,-0.518,-0.387,-0.566,-0.647,-0.584,-0.414,-0.523,-0.564,-0.538,-0.388,-0.629,-0.5,-0.35,-0.655,-0.58,-0.514,-0.779,-0.629,-0.506,-0.709,-0.531,-0.54,-0.67,-0.632,-0.6,-0.83,-0.688,-0.458,-0.562,-0.551,-0.545,-0.588,-0.638,-0.628,-0.488,-0.597,-0.446,-0.696,-0.549,-0.508,-0.575,-0.601,-0.415,-0.47,-0.501,-0.37,-0.624,-0.665,-0.5,-0.609,-0.582,-0.568,-0.59,-0.48,-0.598,-0.584,-0.546,-0.579,-0.623,-0.481,-0.681,-0.32,-0.536,-0.549,-0.577,-0.606,-0.619,-0.581,-0.575,-0.762,-0.593,-0.498,-0.681,-0.602,-0.571,-0.651,-0.405,-0.702,-0.639,-0.487,-0.498
A5,A,0.255,0.562,0.453,0.365,0.572,1.066,0.605,0.245,0.552,0.301,0.269,0.564,0.663,0.255,0.355,0.623,0.273,0.778,0.608,0.429,0.235,0.686,0.147,0.606,0.487,0.535,0.305,0.065,0.512,0.505,0.504,0.4,0.435,0.436,0.195,0.476,0.245,0.791,0.284,0.813,0.454,0.608,0.275,0.24,0.53,0.638,0.433,0.179,0.455,0.576,0.583,0.431,0.686,0.552,0.547,0.287,0.689,0.394,0.187,0.215,0.705,0.078,0.377,0.603,0.761,0.162,0.306,0.252,0.624,0.597,0.605,0.274,0.154,0.312,0.249,0.401,0.403,0.349,0.462,0.632,0.717,0.57,0.579,0.413,0.431,0.311,0.363,0.687,0.288,0.177,0.591,0.432,0.235,0.45,0.363,0.49,0.377,0.682,0.431,0.756,0.581,0.153,0.507,0.694,0.531,0.444,0.29,0.588,0.404,0.094,0.424,0.701,0.59,0.017,0.314,0.603,0.099,0.501,0.29,0.745,0.703,0.316,0.366,0.238,0.076,0.564,0.557,0.282,0.274,0.346,0.735,0.199,0.675,0.787,0.14,0.29,0.573,0.476,0.435,0.365,0.728,0.676,0.641,0.619,0.288,0.684,0.317,0.474,0.476,0.208,0.699,0.692,0.319,0.22,0.482,0.721,0.297,0.196,0.141,0.136,0.214,0.185,0.551,0.191,0.228,0.588,0.604,0.505,0.202,0.438,0.587,0.509,0.761,0.54,0.339,0.648,0.25,0.241,0.612,0.746,0.487,0.228,0.054,0.831,0.458,0.066,0.59,0.438,0.242,0.478,0.251,0.673,0.521,0.667,0.533,0.342,0.531,0.181,0.328,0.089,0.178,0.267,0.457,0.364,0.138,0.341,0.333,0.307,0.367,0.369,0.322,0.347,0.216,0.337,0.402,0.251,0.442,0.564,0.673,0.712,0.502,0.245,0.818,0.127,0.432,0.057,0.533,0.311,0.155,0.405,0.453,0.68,0.728,0.526,0.153,0.613,0.139,0.764,0.447,0.503,0.569,0.37,0.535,0.551,0.532,0.481,0.591,0.492,0.335,0.661,0.655,0.274,0.469,0.295,0.321,0.791,0.664,0.432,0.708,0.365,0.414,0.31,0.489,0.574,0.293,0.547,0.348,0.812,0.427,0.721,0.516,0.371,0.355,0.637,0.358,0.54,0.628,0.414,0.531,0.64,0.506,0.499,0.363,0.668,0.425,0.291,0.277,0.244,0.724,0.45,0.642,0.074,0.472,0.541,0.247,0.471,0.531,0.505,0.937,0.398,0.475,0.525,0.489,0.384,0.612,0.19,0.2,0.248,0.478,0.221,0.747,0.538,0.626,0.192,0.609,0.504,0.569,0.088,0.345,0.693,0.355,0.573,0.45,0.494,0.498,0.569,0.427,0.765,0.124,0.086,0.318,0.255,0.462,0.587,0.364,0.432,0.486,0.378,0.315,0.533,0.309,0.462,0.426,0.506,0.467,0.414,0.437,0.728,0.377,0.505,0.461,0.483,0.71,0.502,0.247,0.216,0.621,0.107,0.096,0.131,0.653,0.435,0.18,0.586,0.258,0.823,0.513,0.177,0.423,0.304,0.276,0.199,0.491,0.38,0.349,0.07,0.229,0.29,0.426,0.436,0.574,0.693,0.775,0.425,0.405,0.322,0.487,0.55,0.431,0.332,0.335,0.412,0.32,0.425,0.548,0.27,0.334,0.322,0.564,0.545,0.491,0.378,0.34,0.639,0.508,0.108,0.267,0.742,0.095,0.533,0.468,0.78,0.439,0.182,0.538,0.318,0.157,0.168,0.359,0.517,0.439,0.431,0.348,0.4,0.445,0.168,0.622,0.416,0.418,0.553,0.691,0.682,0.621,0.459,0.738,0.142,0.159,0.628,0.446,0.51,0.618,0.667,0.19,0.333,0.519,0.416,0.382,0.78,0.251,0.22,0.536,0.628,0.647,0.488,0.496,0.816,0.166,0.622,0.831,0.24,0.51,0.414,0.119,0.395,0.482,0.354,0.136,0.599,0.714,0.17,0.638,0.633,0.535,0.611,0.299,0.433,0.488,0.61,0.382,0.296,0.45,0.516,0.381,0.676,0.825,0.324,0.631,0.524,0.583,0.362,0.378,0.458,0.704,0.731,0.223,0.47,0.31,0.451,0.644,0.01
A5,B,-0.403,-2.567,-1.259,0.716,1.22,-1.516,-0.906,0.269,-0.594,-1.373,-1.956,-1.929,-1.13,-0.45,-1.012,-1.769,-1.244,-0.825,0.354,-1.366,-1.659,-1.786,-0.936,0.213,-0.72,-0.389,-1.756,-1.278,-2.078,-1.528,-0.737,-2.362,-1.311,-1.289,-1.664,-0.814,0.231,-2.306,0.183,-1.717,-1.224,-2.038,-1.852,-0.35,-0.24,-0.935,-0.837,0.132,1.566,0.024,-0.922,-1.099,-0.381,-1.642,-2.027,-0.314,-2.695,-0.335,-0.156,-0.216,-0.855,-2.466,0.428,0.197,0.689,-1.837,-1.281,-0.115,0.256,-1.276,0.771,-0.137,0.393,-2.095,-0.786,-0.657,-1.502,1.154,-1.367,-0.283,-0.013,-0.721,-1.503,-1.99,-1.606,0.032,-1.948,1.536,-1.327,-0.545,0.083,-0.633,0.112,-0.722,-0.484,-0.034,-1.33,0.737,1.107,-1.027,1.153,-0.97,0.634,0.742,-0.251,-0.958,-1.805,-0.521,-1.492,-1.524,0.612,0.771,-0.069,-1.189,-1.597,-0.518,-0.477,0.25,-0.666,-2.202,-1.365,1.748,-0.146,-0.737,-2.443,-3.388,-1.731,-2.645,-0.382,-0.124,-0.498,-0.98,-0.514,-1.616,0.068,-0.64,-2.506,0.305,0.238,-1.484,-0.324,-0.22,-0.807,0.636,-0.358,0.499,-2.003,0.93,-0.388,0.832,0.276,0.13,-0.175,-0.584,-0.354,0.007,2.022,-1.105,-1.223,-2.132,-0.97,-0.877,-1.514,0.532,0.156,-1.425,-1.844,-0.096,-1.397,-0.615,-0.47,-0.287,0.151,1.493,0.04,0.04,0.029,-1.367,-1.408,-0.048,-1.444,0.147,-2.093,-1.205,-0.607,-1.97,0.926,-0.916,0.658,-2.03,0.174,0.294,0.55,-0.759,-0.941,1.046,-1.992,0.432,-1.989,-1.305,-1.518,0.645,0.663,-0.562,0.802,-1.651,0.324,-0.836,-1.581,-1.84,0.487,-1.364,-0.611,-2.581,0.091,-1.184,0.222,0.46,-0.761,0.162,-0.651,-1.754,0.365,0.625,1.706,0.56,-0.916,1,-3.278,1.03,-1.513,1.452,-0.968,-1.106,0.557,-1.079,-2.213,0.051,-0.702,0.516,-0.741,-2.148,-1.529,-0.549,-0.539,-0.342,-1.092,-0.396,-0.718,-0.528,-0.287,-1.095,0.242,-0.466,-0.837,-0.274,-1.308,-1.806,-1.432,-0.04,-0.23,-0.366,0.97,-0.763,-1.866,-2.194,0.196,1.847,-0.568,-1.152,-0.064,-1.178,-0.091,-0.861,-0.832,1.647,-1.447,-2.376,-0.728,-1.312,-1.19,-2.122,-0.867,-1.053,0.134,-1.806,-0.725,-2.645,-0.635,-1.207,-0.343,0.772,-2.053,0.702,-1.521,-0.206,0.531,-1.584,-0.117,-1.137,-0.438,-1.109,-0.471,-0.562,0.525,0.105,1.824,-0.687,-0.108,-2.917,-0.498,-1.711,-0.615,-0.031,-2.205,0.428,-0.976,-2.409,-0.533,0.27,-0.775,-1.892,-0.455,-2.886,-0.882,-1.241,1.05,-1.02,-0.545,-0.683,-0.039,-0.458,-0.484,-2.278,-1.119,0.295,-2.097,-1.829,0.873,-0.455,-1.454,-0.622,0.181,0.258,-1.623,-2.383,-2.146,-2.781,-0.47,0.114,-0.692,-2.2,-1.179,0.434,0.885,-0.872,-0.898,-0.911,0.11,-1.569,0.57,0.011,0.193,-1.014,-0.774,-0.572,-2.415,-1.795,-1.918,-0.216,-0.867,0.123,-1.341,-1.017,-0.835,-2.254,-0.329,-2.29,-1.615,0.189,0.193,0.51,-0.451,-0.486,0.319,0.993,-0.716,-1.362,1.043,-2.093,-1.226,1.357,-1.092,-0.696,-1.43,-1.132,-3.022,-0.127,-1.945,-0.073,-0.228,-1.759,-0.744,-0.969,-2.873,-0.264,0.99,1.507,-1.865,-0.975,2.035,-0.145,0.089,-1.353,-0.295,1.651,-1.138,-1.267,1.639,-0.648,-0.582,0.485,-1.284,0.727,1.925,-0.114,-0.123,-1.24,-2.408,-0.754,-1.841,0.343,-0.816,0.776,0.002,1.404,-1.95,-1.507,-2.812,-0.219,-0.511,-2.081,-1.013,-1.118,-1.268,-0.547,-0.577,-1.78,-1.324,-0.526,-0.452,-0.456,0.219,0.153,-2.732,-2.557,-0.522,-1.426,-1.107,0.202,-2.459,-1.35,-0.687,-1.47,0.136,-0.568,0.986,-1.38,-0.665,-0.208,-0.696,-0.486,2.003,0.224,0.079,-0.607,0.095,-1.276,0.158,-1.751,0.208,0.503,-1.745,-0.002,-1.307,0.057,0.087,0.116,-0.521,-1.284,-0.096,-0.448,-2.285,-1.304,-0.054,-0.152,1.052,0.931,-0.37,-0.112
A5,D1,0.552,0.924,0.744,0.835,0.653,0.868,0.744,0.799,0.78,0.86,0.922,0.743,0.645,0.76,0.595,0.732,0.856,0.887,0.809,0.591,0.742,0.816,0.823,0.757,0.899,0.776,0.814,0.759,0.895,0.814,0.679,0.438,0.704,0.854,0.744,0.909,0.582,0.736,0.837,0.969,0.722,0.738,0.653,0.842,0.693,0.655,0.703,0.78,0.713,0.726,0.87,0.742,0.679,0.925,0.827,1.051,0.746,0.578,1.012,0.858,0.891,0.712,0.752,0.781,0.784,0.843,0.844,0.786,0.706,0.997,0.818,0.684,0.783,0.679,0.9,0.708,0.721,0.612,0.816,0.818,0.695,0.8,0.848,0.778,0.807,0.765,0.813,0.719,0.662,0.669,1.007,0.826,0.62,0.879,0.751,0.727,0.821,0.502,0.826,0.866,0.692,0.814,0.649,0.871,0.824,0.72,0.827,0.999,0.817,0.813,0.638,0.915,0.88,0.534,0.665,0.837,0.611,0.719,0.668,0.755,0.692,0.796,0.704,0.699,0.939,0.667,0.716,0.778,0.798,0.655,0.719,0.651,0.842,0.809,0.847,0.895,0.805,0.787,0.791,0.878,0.649,0.925,0.74,0.724,0.782,0.689,0.769,0.693,0.628,0.558,0.767,0.717,0.686,0.782,0.835,0.715,0.792,0.784,0.61,0.806,0.828,0.767,0.783,0.716,0.821,0.759,1.007,0.775,0.74,0.747,0.639,0.745,0.784,0.761,0.918,0.746,0.769,0.766,0.819,0.667,0.751,0.856,0.795,0.652,0.85,0.64,0.839,0.749,0.826,0.716,0.776,0.829,0.596,0.562,0.722,0.55,0.705,0.867,0.698,0.776,0.764,0.893,0.742,0.935,0.747,0.773,0.825,0.653,0.73,0.892,0.683,0.805,0.734,0.772,0.68,0.829,0.975,0.619,0.932,0.783,0.659,0.584,0.83,0.889,0.824,0.722,0.732,0.785,0.787,0.748,0.729,0.714,0.593,0.815,0.622,0.876,0.696,0.812,0.836,0.726,0.854,0.806,0.997,0.741,0.802,0.81,0.834,0.84,0.659,0.975,0.752,0.773,0.681,0.848,0.7,0.702,0.682,0.893,0.847,0.841,0.836,0.699,0.903,0.727,0.838,0.669,0.764,0.79,0.625,0.832,0.879,0.776,0.625,0.827,0.851,0.766,0.77,0.81,0.715,0.947,0.785,0.908,0.755,0.812,0.973,0.791,0.799,0.791,0.895,0.785,0.662,0.788,0.766,0.793,0.76,0.775,0.859,0.75,0.891,0.662,0.658,0.772,0.957,0.819,0.809,0.71,0.665,0.875,0.66,0.727,0.794,0.719,0.775,0.825,0.837,0.831,0.748,0.707,0.896,0.807,0.722,0.835,0.651,0.797,0.816,0.65,0.891,0.929,0.771,0.744,0.693,0.913,0.786,0.815,0.867,0.689,0.739,0.846,0.786,0.783,0.752,0.786,0.76,0.872,0.737,0.871,0.85,0.722,0.795,0.734,0.84,0.837,0.939,0.856,0.796,0.661,0.803,0.926,0.883,0.653,0.777,0.844,0.843,0.807,0.898,0.658,0.622,0.812,0.751,0.853,0.643,0.616,0.782,0.622,0.882,0.898,0.741,0.749,0.788,0.669,0.681,0.852,0.642,0.708,0.759,0.771,0.923,0.778,0.872,0.693,0.764,0.595,0.938,0.824,0.582,0.753,0.816,0.613,0.875,0.83,0.915,0.833,0.69,0.791,0.688,0.839,0.805,0.824,0.798,0.761,0.929,0.645,0.712,0.886,0.711,0.662,0.721,0.608,0.704,0.824,0.662,0.776,0.65,0.66,0.676,0.858,0.777,0.871,0.761,0.831,0.911,0.999,0.878,0.761,0.714,0.758,0.781,0.993,0.706,0.651,0.752,0.739,0.622,0.745,0.86,0.816,0.77,0.923,0.772,0.865,0.736,0.892,0.879,0.776,0.843,0.867,0.806,0.911,0.781,0.629,0.885,0.733,0.632,0.836,0.782,0.803,0.785,0.717,0.548,0.723,0.71,0.637,0.856,0.845,0.666,0.727,0.865,0.762,0.805,0.831,0.727,0.713,0.937,0.723,0.687,0.753,0.874,0.66,0.58,0.725,0.844,0.874,0.744,0.778,0.949,0.814,0.775,0.714,0.707,0.931
A5,D2,0.345,0.469,0.293,0.252,0.511,0.495,0.422,0.199,0.282,0.263,0.378,0.408,0.288,0.474,0.438,0.504,0.377,0.399,0.391,0.499,0.497,0.489,0.374,0.559,0.248,0.369,0.365,0.323,0.422,0.44,0.328,0.361,0.355,0.36,0.519,0.581,0.305,0.625,0.327,0.559,0.262,0.389,0.384,0.454,0.439,0.392,0.359,0.365,0.241,0.299,0.398,0.303,0.21,0.428,0.432,0.37,0.395,0.372,0.313,0.457,0.495,0.303,0.431,0.184,0.376,0.268,0.343,0.434,0.368,0.52,0.324,0.375,0.262,0.405,0.527,0.443,0.528,0.351,0.166,0.39,0.226,0.629,0.418,0.321,0.298,0.32,0.222,0.41,0.461,0.256,0.398,0.441,0.492,0.395,0.342,0.256,0.408,0.328,0.168,0.47,0.384,0.408,0.318,0.361,0.265,0.353,0.342,0.532,0.519,0.275,0.355,0.545,0.48,0.449,0.469,0.39,0.374,0.302,0.304,0.437,0.442,0.384,0.528,0.267,0.316,0.248,0.332,0.346,0.429,0.497,0.237,0.328,0.302,0.36,0.364,0.371,0.402,0.244,0.479,0.343,0.25,0.266,0.137,0.253,0.308,0.439,0.438,0.301,0.443,0.259,0.284,0.397,0.464,0.514,0.285,0.498,0.143,0.476,0.242,0.488,0.353,0.388,0.293,0.457,0.374,0.285,0.086,0.581,0.387,0.322,0.253,0.409,0.422,0.399,0.339,0.486,0.52,0.353,0.447,0.313,0.498,0.455,0.431,0.468,0.487,0.391,0.287,0.242,0.312,0.315,0.552,0.359,0.474,0.357,0.299,0.537,0.294,0.344,0.293,0.31,0.437,0.423,0.322,0.456,0.262,0.291,0.289,0.301,0.348,0.342,0.296,0.391,0.566,0.525,0.412,0.294,0.326,0.528,0.272,0.296,0.266,0.457,0.254,0.362,0.381,0.438,0.333,0.307,0.454,0.362,0.392,0.366,0.34,0.292,0.314,0.418,0.286,0.265,0.387,0.324,0.412,0.214,0.38,0.43,0.492,0.347,0.418,0.537,0.461,0.507,0.399,0.273,0.518,0.32,0.416,0.555,0.549,0.25,0.33,0.407,0.6,0.426,0.494,0.365,0.312,0.561,0.386,0.34,0.52,0.431,0.308,0.421,0.351,0.369,0.413,0.294,0.549,0.44,0.407,0.491,0.359,0.201,0.417,0.38,0.438,0.355,0.469,0.55,0.333,0.393,0.456,0.503,0.286,0.39,0.545,0.58,0.374,0.465,0.415,0.284,0.426,0.56,0.386,0.309,0.378,0.204,0.41,0.524,0.324,0.3,0.336,0.237,0.413,0.38,0.448,0.247,0.395,0.384,0.497,0.376,0.277,0.191,0.277,0.295,0.44,0.348,0.464,0.178,0.273,0.315,0.418,0.307,0.315,0.557,0.425,0.37,0.271,0.476,0.343,0.314,0.453,0.232,0.403,0.377,0.5,0.291,0.47,0.462,0.318,0.391,0.198,0.299,0.391,0.393,0.45,0.279,0.23,0.263,0.413,0.242,0.421,0.187,0.442,0.223,0.402,0.377,0.421,0.389,0.395,0.453,0.426,0.335,0.29,0.549,0.417,0.322,0.5,0.462,0.349,0.638,0.396,0.275,0.406,0.381,0.238,0.51,0.48,0.376,0.454,0.396,0.362,0.267,0.326,0.544,0.534,0.158,0.25,0.297,0.346,0.54,0.382,0.478,0.358,0.251,0.555,0.292,0.396,0.423,0.217,0.394,0.217,0.42,0.339,0.253,0.478,0.37,0.409,0.268,0.304,0.334,0.429,0.363,0.331,0.399,0.237,0.419,0.353,0.365,0.292,0.5,0.622,0.167,0.275,0.217,0.288,0.483,0.34,0.301,0.33,0.44,0.4,0.352,0.363,0.213,0.488,0.629,0.366,0.401,0.364,0.304,0.094,0.477,0.383,0.458,0.189,0.357,0.442,0.454,0.426,0.303,0.356,0.49,0.201,0.331,0.504,0.475,0.225,0.406,0.164,0.173,0.47,0.342,0.458,0.375,0.57,0.518,0.396,0.231,0.209,0.295,0.351,0.37,0.504,0.267,0.397,0.266,0.567,0.382,0.126,0.325,0.371,0.375,0.288,0.255,0.342,0.6,0.296,0.451,0.431,0.369
A5,D3,-0.382,-0.433,-0.404,-0.341,-0.572,-0.523,-0.423,-0.613,-0.514,-0.497,-0.438,-0.409,-0.697,-0.501,-0.591,-0.433,-0.485,-0.38,-0.544,-0.586,-0.45,-0.465,-0.552,-0.473,-0.386,-0.513,-0.64,-0.532,-0.627,-0.489,-0.468,-0.334,-0.622,-0.374,-0.436,-0.492,-0.317,-0.259,-0.382,-0.485,-0.306,-0.472,-0.512,-0.469,-0.54,-0.265,-0.514,-0.389,-0.419,-0.543,-0.376,-0.624,-0.455,-0.379,-0.573,-0.491,-0.427,-0.512,-0.578,-0.347,-0.349,-0.459,-0.375,-0.577,-0.363,-0.51,-0.468,-0.547,-0.424,-0.513,-0.578,-0.644,-0.565,-0.455,-0.581,-0.455,-0.614,-0.414,-0.305,-0.653,-0.484,-0.423,-0.525,-0.42,-0.546,-0.573,-0.297,-0.526,-0.487,-0.425,-0.585,-0.447,-0.483,-0.645,-0.511,-0.383,-0.46,-0.604,-0.515,-0.458,-0.455,-0.566,-0.548,-0.41,-0.621,-0.434,-0.455,-0.406,-0.532,-0.303,-0.372,-0.48,-0.326,-0.489,-0.406,-0.404,-0.496,-0.485,-0.513,-0.406,-0.467,-0.444,-0.505,-0.395,-0.345,-0.402,-0.27,-0.367,-0.474,-0.433,-0.451,-0.548,-0.468,-0.533,-0.404,-0.533,-0.456,-0.436,-0.508,-0.504,-0.372,-0.387,-0.541,-0.594,-0.441,-0.631,-0.692,-0.525,-0.354,-0.495,-0.498,-0.485,-0.507,-0.524,-0.386,-0.458,-0.523,-0.449,-0.46,-0.49,-0.565,-0.586,-0.385,-0.468,-0.407,-0.507,-0.526,-0.359,-0.542,-0.354,-0.417,-0.449,-0.282,-0.551,-0.257,-0.283,-0.354,-0.429,-0.367,-0.407,-0.529,-0.495,-0.486,-0.481,-0.438,-0.355,-0.533,-0.448,-0.458,-0.396,-0.451,-0.398,-0.452,-0.451,-0.643,-0.326,-0.574,-0.404,-0.415,-0.476,-0.392,-0.48,-0.457,-0.579,-0.52,-0.508,-0.669,-0.563,-0.523,-0.493,-0.682,-0.398,-0.605,-0.592,-0.442,-0.446,-0.524,-0.46,-0.426,-0.469,-0.433,-0.428,-0.574,-0.474,-0.38,-0.378,-0.392,-0.339,-0.219,-0.322,-0.607,-0.411,-0.665,-0.478,-0.528,-0.44,-0.493,-0.599,-0.504,-0.431,-0.486,-0.474,-0.408,-0.431,-0.789,-0.475,-0.54,-0.467,-0.541,-0.375,-0.332,-0.407,-0.335,-0.322,-0.44,-0.529,-0.427,-0.441,-0.258,-0.403,-0.46,-0.562,-0.349,-0.39,-0.663,-0.531,-0.521,-0.537,-0.478,-0.548,-0.565,-0.264,-0.513,-0.487,-0.352,-0.419,-0.435,-0.536,-0.423,-0.243,-0.492,-0.41,-0.525,-0.53,-0.423,-0.351,-0.396,-0.54,-0.444,-0.561,-0.308,-0.468,-0.425,-0.606,-0.473,-0.514,-0.331,-0.538,-0.36,-0.439,-0.406,-0.554,-0.485,-0.382,-0.38,-0.419,-0.538,-0.525,-0.484,-0.464,-0.482,-0.624,-0.406,-0.418,-0.366,-0.746,-0.323,-0.492,-0.553,-0.565,-0.268,-0.328,-0.629,-0.315,-0.417,-0.27,-0.352,-0.613,-0.627,-0.613,-0.639,-0.612,-0.471,-0.566,-0.608,-0.297,-0.504,-0.443,-0.38,-0.474,-0.471,-0.647,-0.413,-0.416,-0.411,-0.463,-0.314,-0.595,-0.507,-0.439,-0.385,-0.339,-0.368,-0.425,-0.554,-0.42,-0.502,-0.578,-0.375,-0.396,-0.428,-0.486,-0.562,-0.469,-0.401,-0.353,-0.317,-0.42,-0.454,-0.351,-0.423,-0.497,-0.506,-0.359,-0.462,-0.22,-0.461,-0.546,-0.328,-0.541,-0.29,-0.224,-0.287,-0.431,-0.408,-0.472,-0.505,-0.36,-0.441,-0.494,-0.5,-0.428,-0.535,-0.378,-0.572,-0.518,-0.495,-0.536,-0.643,-0.486,-0.591,-0.371,-0.289,-0.37,-0.401,-0.521,-0.494,-0.481,-0.618,-0.329,-0.481,-0.335,-0.48,-0.427,-0.709,-0.668,-0.486,-0.367,-0.471,-0.469,-0.506,-0.421,-0.387,-0.392,-0.386,-0.4,-0.473,-0.552,-0.482,-0.348,-0.459,-0.318,-0.548,-0.337,-0.485,-0.674,-0.566,-0.541,-0.678,-0.481,-0.523,-0.683,-0.497,-0.739,-0.384,-0.465,-0.395,-0.499,-0.597,-0.518,-0.372,-0.454,-0.497,-0.537,-0.468,-0.534,-0.611,-0.576,-0.547,-0.568,-0.396,-0.391,-0.307,-0.46,-0.384,-0.599,-0.623,-0.496,-0.463,-0.44,-0.508,-0.627,-0.548,-0.508,-0.543,-0.495,-0.473,-0.357,-0.382,-0.475,-0.41,-0.476,-0.394,-0.449,-0.624,-0.552,-0.498,-0.394,-0.458,-0.43,-0.484,-0.525,-0.513,-0.452,-0.58,-0.478,-0.303,-0.521,-0.506,-0.413
A5,D4,-0.447,-0.826,-0.757,-0.858,-0.933,-0.818,-0.674,-0.611,-0.565,-0.827,-0.511,-0.677,-0.607,-0.645,-0.78,-0.723,-0.638,-0.632,-0.787,-0.595,-0.659,-0.633,-0.645,-0.633,-0.769,-0.704,-0.627,-0.58,-0.592,-0.831,-0.292,-0.721,-0.646,-0.751,-0.618,-0.717,-0.684,-0.756,-0.713,-0.462,-0.545,-0.713,-0.794,-0.687,-0.637,-0.665,-0.848,-0.736,-0.567,-0.593,-0.885,-0.609,-0.716,-0.695,-0.63,-0.662,-0.73,-0.817,-0.683,-0.703,-0.75,-0.887,-0.793,-0.704,-0.811,-0.77,-0.731,-0.536,-0.723,-0.59,-0.654,-0.624,-0.711,-0.727,-0.823,-0.491,-0.656,-0.463,-0.745,-0.707,-0.746,-0.51,-0.694,-0.744,-0.812,-0.518,-0.668,-0.548,-0.737,-0.744,-0.629,-0.596,-0.753,-0.808,-0.779,-0.82,-0.682,-0.65,-0.777,-0.711,-0.352,-0.724,-0.683,-0.79,-0.497,-0.771,-0.594,-0.612,-0.625,-0.725,-0.419,-0.641,-0.82,-0.838,-0.77,-0.786,-0.466,-0.908,-0.772,-0.832,-0.607,-0.686,-0.73,-0.713,-0.71,-0.55,-0.767,-0.427,-0.575,-0.767,-0.952,-0.784,-0.554,-0.723,-0.612,-0.657,-0.675,-0.706,-0.515,-0.689,-0.794,-0.759,-0.777,-0.585,-0.546,-0.651,-0.76,-0.695,-0.754,-0.768,-0.699,-0.781,-0.659,-0.691,-0.704,-0.708,-0.768,-0.714,-0.667,-0.558,-0.734,-0.738,-0.6,-0.628,-0.691,-0.687,-0.848,-0.495,-0.643,-0.734,-0.693,-0.528,-0.683,-0.682,-0.681,-0.785,-0.51,-0.676,-0.586,-0.804,-0.647,-0.728,-0.703,-0.724,-0.644,-0.859,-0.707,-0.743,-0.661,-0.669,-0.725,-0.716,-0.724,-0.715,-0.867,-0.609,-0.683,-0.719,-0.623,-0.675,-0.599,-0.523,-0.683,-0.667,-0.715,-0.769,-0.834,-0.787,-0.648,-0.785,-0.627,-0.606,-0.794,-0.634,-0.811,-0.674,-0.631,-0.822,-0.579,-0.33,-0.645,-0.756,-0.497,-0.827,-0.61,-0.724,-0.731,-0.685,-0.632,-0.597,-0.844,-0.576,-0.581,-0.62,-0.605,-0.586,-0.681,-0.644,-0.556,-0.696,-0.787,-0.668,-0.578,-0.686,-0.779,-0.831,-0.691,-0.779,-0.676,-0.664,-0.68,-0.71,-0.725,-0.787,-0.831,-0.681,-0.787,-0.754,-0.701,-0.556,-0.584,-0.795,-0.674,-0.723,-0.775,-0.651,-0.662,-0.494,-0.649,-0.517,-0.678,-0.59,-0.655,-0.874,-0.743,-0.553,-0.775,-0.611,-0.779,-0.72,-0.55,-0.768,-0.665,-0.721,-0.836,-0.571,-0.554,-0.65,-0.529,-0.711,-0.813,-0.667,-0.462,-0.6,-0.71,-0.365,-0.538,-0.738,-0.638,-0.629,-0.749,-0.602,-0.713,-0.755,-0.556,-0.596,-0.694,-0.744,-0.62,-0.731,-0.837,-0.722,-0.72,-0.726,-0.542,-0.74,-0.813,-0.617,-0.707,-0.729,-0.685,-0.707,-0.766,-0.506,-0.713,-0.698,-0.84,-0.738,-0.662,-0.756,-0.606,-0.677,-0.59,-0.568,-0.737,-0.629,-0.772,-0.72,-0.721,-0.623,-0.725,-0.543,-0.85,-0.706,-0.59,-0.589,-0.782,-0.677,-0.699,-0.811,-0.887,-0.728,-0.642,-0.747,-0.672,-0.693,-0.684,-0.616,-0.67,-0.598,-0.707,-0.748,-0.803,-0.614,-0.643,-0.465,-0.8,-0.821,-0.569,-0.619,-0.762,-0.644,-0.638,-0.749,-0.598,-0.733,-0.633,-0.608,-0.643,-0.691,-0.622,-0.672,-0.576,-0.681,-0.813,-0.69,-0.641,-0.562,-0.667,-0.544,-0.795,-0.625,-0.682,-0.639,-0.639,-0.638,-0.777,-0.634,-0.768,-0.558,-0.755,-0.612,-0.843,-0.778,-0.902,-0.683,-0.436,-0.617,-0.735,-0.535,-0.73,-0.713,-0.715,-0.643,-0.757,-0.611,-0.565,-0.735,-0.592,-0.753,-0.634,-0.73,-0.702,-0.704,-0.479,-0.663,-0.759,-0.814,-0.683,-0.745,-0.701,-0.712,-0.681,-0.43,-0.714,-0.96,-0.882,-0.638,-0.639,-0.691,-0.663,-0.657,-0.79,-0.728,-0.56,-0.679,-0.819,-0.787,-0.595,-0.604,-0.705,-0.766,-0.6,-0.68,-0.836,-0.595,-0.657,-0.624,-0.655,-0.761,-0.709,-0.736,-0.771,-0.631,-0.618,-0.881,-0.677,-0.636,-0.747,-0.59,-0.721,-0.47,-0.73,-0.677,-0.703,-0.75,-0.87,-0.711,-0.625,-0.664,-0.613,-0.786,-0.785,-0.685,-0.728,-0.78,-0.663,-0.635,-0.629,-0.702,-0.773,-0.551,-0.597,-0.634,-0.731,-0.837,-0.718,-0.671,-0.766,-0.73
I1,A,0.947,0.659,0.907,1.361,1.285,0.931,0.81,1.377,1.335,1.242,1.315,1.2,1.066,0.928,1.218,1.091,1.16,1.312,0.939,1.325,1.144,0.596,1.423,1.288,1.251,1.251,1.153,0.752,1.138,1.249,1.109,0.796,1.368,1.421,0.726,1.241,0.955,0.681,1.146,1.131,1.179,1.024,1.057,1.315,1.463,1.041,1.021,0.668,1.194,1.168,1.474,1.116,1.293,1.078,1.362,0.876,1.351,1.264,1.487,0.924,0.856,1.127,1.031,0.523,1.253,1.038,0.904,0.851,1.346,1.095,1.46,1.178,1.103,1.183,1.16,1.308,1.202,0.667,1.299,1.385,1.355,0.852,0.9,1.174,0.759,1.291,0.566,0.809,0.866,1.123,0.927,0.91,1.268,1.293,1.065,1.179,1.361,1.064,1.34,0.835,1.222,1.169,1.247,1.053,1.376,1.253,1.237,1.034,0.983,1.3,1.621,1.076,1.217,1.333,1.378,1.553,1.209,1.302,1.222,1.537,0.876,1.37,1.306,1,1.406,1.287,1.123,1.029,1.272,1.174,1.227,1.174,1.221,1.297,1.261,0.988,1.266,1.077,0.982,1.355,1.223,0.785,1.117,0.982,1.306,1.174,0.963,1.199,0.992,1.043,1.04,0.869,0.872,1.151,1.031,1.182,1.216,1.062,0.782,0.91,1.022,1.307,0.854,1.27,1.313,1.107,1.048,0.777,1.091,1.004,1.253,1.233,1.176,0.706,1.327,1.369,0.991,1.119,0.604,0.759,1.254,1.169,0.826,1.308,1.178,1.218,1.351,0.992,1.134,1.195,1.156,1.143,1.416,1.088,1.18,0.918,1.216,1.195,0.848,1.273,1.145,1.496,1.289,1.198,1.386,1.07,1.07,1.233,1.104,1.005,1.234,1.078,1.205,1.186,1.182,0.795,1.262,1.019,1.189,0.934,1.346,1.289,1.492,1.192,0.895,1.071,1.284,1.277,1.718,1.101,1.337,1.01,1.288,1.121,1.386,1.081,1.067,1.135,1.43,1.179,0.897,0.966,0.993,0.744,1.129,0.942,1.179,1.051,0.85,1.002,1.287,1.004,0.608,0.48,0.809,1.081,0.976,0.814,1.256,1.129,1.01,0.985,1.037,0.694,1.515,1.099,1.383,1.287,0.939,1.33,1.271,0.959,1.015,0.858,1.014,0.846,0.788,1.024,1.226,1.046,0.983,1.234,1.185,1.166,0.985,1.29,1.172,1.06,1.076,1.273,0.965,0.931,1.091,0.988,1.386,1.008,0.945,1.132,0.876,1.339,0.834,1.181,0.56,1.384,1.242,0.718,0.943,1.757,1.436,0.58,0.913,1.209,0.993,1.002,1.034,0.947,0.833,1.379,0.935,0.896,0.883,0.95,1.462,0.857,1.257,1.183,0.853,0.752,1.252,1.177,1.524,0.947,1.157,1.291,0.824,1.109,1.021,1.418,0.966,1.204,1.15,0.896,1.157,1.136,1.103,0.847,1.121,1.336,1.054,1.52,0.877,0.889,0.951,1.224,1.166,0.855,1.002,0.969,1.071,1.1,0.997,1.22,0.944,1.135,1.027,1.018,1.036,1.09,1.149,1.331,1.205,0.94,0.919,1.409,1.098,1.277,1.237,1.034,1.029,1.149,0.798,1.104,0.958,1.198,1.11,1.201,1.305,1.254,1.192,1.27,1.489,1.211,0.974,0.879,0.884,1.024,0.791,0.97,1.209,0.911,1.2,1.393,1.203,0.984,1.12,1.3,1.2,1.276,1.264,1.615,1.044,1.17,1.299,1.356,1.074,1.117,0.691,0.983,1.3,1.225,0.9,0.813,1.108,0.813,1.054,1.1,1.167,0.489,1.51,1.129,1.017,1.231,1.054,0.349,1.007,1.115,1.034,1.024,1.251,1.382,1.179,1.115,1.432,0.919,1.082,1.034,1.12,1.277,0.839,1.265,0.894,1.164,1.249,1.226,1.032,0.87,1.071,1.064,1.219,0.814,0.883,1.26,0.917,1.407,1.273,1.265,1.205,1.024,1.178,1.712,0.986,1.2,1.139,1.109,1.349,1.116,1.286,0.848,0.674,1.191,1.111,0.904,0.969,1.178,0.93,1.181,1.288,1.476,1.264,1.405,0.923,1.229,1.064,1.141,1.187,1.195,1.156,1.217,1.014,1.105
I1,B,1.318,3.857,0.654,0.336,1.66,0.681,1.55,0.991,1.329,-0.169,0.41,2.686,0.751,0.637,0.876,1.53,-0.203,-0.865,0.843,1.933,0.454,1.549,0.478,1.932,1.481,1.145,2.389,1.155,0.43,0.766,1.241,0.437,4.035,0.041,3.281,0.089,1.153,2.162,-0.138,1.286,1.01,1.838,0.168,0.083,1.558,0.429,0.707,1.447,-0.77,0.36,1.72,-0.239,1.415,-0.358,0.468,1.027,0.551,0.784,1.383,1.685,0.596,0.066,-0.756,2.674,-0.187,-0.242,1.154,1.401,0.658,-0.441,-0.976,1.106,0.268,2.635,0.906,1.347,2.07,1.079,1.336,0.625,3.142,1.423,2.293,1.18,0.185,-2.046,1.067,2.553,1.715,-0.509,0.918,2.932,-0.553,1.841,2.133,0.941,0.135,-0.646,0.895,1.475,0.353,0.422,1.682,1.092,-0.066,0.496,2.057,0.228,2.37,1.159,0.819,0.313,0.366,2.494,1.175,-0.268,1.643,0.911,2.553,0.372,0.819,0.151,1.336,-1.159,2.129,0.25,1.355,2.63,-0.723,1.893,2.181,0.523,2.986,1.654,0.762,2.048,1.423,1.395,1.489,0.391,0.377,0.601,0.015,2.206,0.452,0.334,-1.035,1.656,1.313,2.01,1.027,1.431,-0.738,2.335,0.982,1.143,0.755,0.51,1.131,0.33,0.773,1.951,0.819,2.439,0.364,-0.249,1.095,0.491,1.1,0.783,0.681,0.369,-0.015,2.248,1.128,2.127,0.416,0.995,0.073,0.805,0.238,0.757,0.735,0.72,-0.333,1.683,-0.267,0.213,1.126,1.86,2.076,1.531,0.173,0.784,1.981,0.909,-0.338,0.876,-0.704,0.507,-0.28,2.922,1.799,-0.436,-0.074,0.161,-0.039,-0.483,0.855,-0.213,-2.082,0.932,2.165,0.451,0.327,2.222,1.577,0.822,1.039,0.625,2.013,0.837,2.493,0.625,1.348,1.373,0.707,0.591,0.486,0.658,1.638,2.483,1.359,0.388,-0.406,2.932,0.683,0.921,1.413,1.005,1.742,1.654,1.371,0.863,1.074,2.563,1.202,0.669,2.087,0.367,-0.783,1.232,1.057,0.315,1.193,1.51,0.352,0.472,0.168,0.643,1.737,1.139,0.342,-0.248,-0.004,-0.462,0.763,1.505,1.751,-0.414,1.147,2.902,1.22,1.804,1.674,0.898,-0.46,2.048,1.868,1.055,0.74,1.67,-0.717,1.871,0.65,1.69,1.013,4.437,0.405,1.132,1.628,2.082,0.68,0.013,1.082,1.913,0.302,2.791,1.317,0.604,1.791,0.754,2.241,1.303,1.972,0.371,1.141,1.438,1.906,2.399,1.739,-0.034,0.123,1.812,0.024,2.136,2.06,1.963,1.202,1.176,0.264,1.032,0.961,0.767,1.392,-0.692,2.536,0.895,1.164,1.927,1.363,1.114,1.916,2.038,1.008,3.509,0.307,-0.63,-1.253,2.587,1.306,0.653,2.396,0.432,0.383,1.995,3.335,0.194,1.467,2.005,1.856,1.831,3.741,0.241,0.128,2.879,1.181,2.071,2.934,1.236,0.645,1.153,1.306,0.615,0.553,2.193,1.998,2.169,1.353,-0.317,3.421,1.597,-0.34,0.565,1.498,-0.525,0.347,2.747,1.652,-0.208,2.365,1.093,1.945,1.247,0.196,1.655,0.959,2.57,2.692,0.802,0.867,0.83,2.823,1.114,-0.897,-1.273,0.493,2.559,1.353,1.822,0.445,0.75,0.172,3.464,1.939,-0.888,0.735,1.154,1.268,1.828,1.082,0.466,0.463,-0.181,1.024,1.087,0.184,0.27,0.686,1.052,2.213,0.669,2.139,0.796,-0.62,-0.329,-0.503,0.44,0.82,0.679,-0.299,-0.409,1.06,2.077,0.678,0.483,1.398,0.644,-0.29,0.138,0.87,1.949,0.988,0.915,0.042,-0.919,2.81,1.304,0.611,-0.574,0.229,2.494,3.842,1.607,3.194,-0.689,1.386,0.721,1.935,1.66,0.794,-0.722,2.395,0.863,4.11,0.821,2.113,0.539,0.592,0.73,0.408,1.961,0.494,1.567,2.05,-0.093,0.343,0.258,-0.085,-0.308,0.554,0.015,2.081,0.645,-0.963,0.15,-0.051,1.764,1.808,0.779,-0.056,0.204,1.232,0.3,1.437,1.115,1.136,2.023,1.089,1.484
I1,C,0.303,0.272,0.233,0.281,0.22,0.261,0.259,0.243,0.248,0.217,0.276,0.246,0.225,0.315,0.22,0.256,0.279,0.261,0.267,0.225,0.236,0.299,0.258,0.235,0.23,0.263,0.265,0.306,0.3,0.279,0.26,0.273,0.263,0.22,0.293,0.224,0.241,0.237,0.244,0.235,0.258,0.226,0.251,0.204,0.24,0.255,0.261,0.268,0.24,0.286,0.29,0.255,0.169,0.236,0.22,0.272,0.191,0.267,0.237,0.274,0.272,0.25,0.257,0.242,0.275,0.243,0.212,0.217,0.245,0.259,0.224,0.235,0.283,0.23,0.259,0.258,0.274,0.237,0.23,0.265,0.291,0.266,0.269,0.246,0.2,0.277,0.276,0.274,0.283,0.219,0.289,0.258,0.272,0.181,0.23,0.239,0.268,0.215,0.263,0.268,0.203,0.32,0.281,0.22,0.216,0.249,0.253,0.23,0.273,0.201,0.269,0.245,0.305,0.24,0.245,0.286,0.265,0.223,0.251,0.259,0.267,0.186,0.245,0.186,0.213,0.266,0.275,0.278,0.285,0.247,0.233,0.223,0.293,0.285,0.269,0.324,0.255,0.274,0.281,0.248,0.27,0.257,0.261,0.261,0.234,0.213,0.288,0.253,0.255,0.291,0.25,0.3,0.235,0.273,0.288,0.185,0.219,0.214,0.212,0.258,0.279,0.213,0.293,0.253,0.276,0.252,0.245,0.264,0.222,0.251,0.217,0.243,0.277,0.281,0.233,0.258,0.307,0.244,0.214,0.224,0.265,0.318,0.208,0.225,0.265,0.301,0.272,0.272,0.245,0.29,0.248,0.238,0.281,0.27,0.235,0.228,0.284,0.206,0.324,0.25,0.267,0.27,0.271,0.232,0.208,0.293,0.277,0.256,0.261,0.204,0.258,0.247,0.294,0.292,0.262,0.259,0.207,0.265,0.253,0.312,0.25,0.215,0.228,0.259,0.251,0.27,0.212,0.213,0.235,0.232,0.262,0.221,0.254,0.277,0.25,0.239,0.243,0.274,0.272,0.254,0.228,0.243,0.222,0.246,0.306,0.23,0.239,0.257,0.252,0.279,0.225,0.257,0.292,0.248,0.257,0.234,0.281,0.269,0.251,0.209,0.259,0.274,0.267,0.312,0.262,0.273,0.216,0.207,0.26,0.269,0.265,0.225,0.212,0.249,0.243,0.224,0.197,0.248,0.232,0.203,0.284,0.217,0.288,0.195,0.244,0.261,0.313,0.269,0.257,0.249,0.262,0.219,0.316,0.281,0.213,0.199,0.243,0.236,0.204,0.261,0.251,0.254,0.285,0.272,0.299,0.232,0.283,0.242,0.275,0.235,0.31,0.245,0.278,0.245,0.219,0.282,0.239,0.251,0.23,0.241,0.271,0.248,0.288,0.279,0.229,0.269,0.273,0.244,0.306,0.258,0.263,0.226,0.29,0.228,0.241,0.216,0.213,0.267,0.278,0.284,0.253,0.237,0.224,0.271,0.255,0.28,0.269,0.239,0.277,0.298,0.269,0.247,0.235,0.212,0.232,0.221,0.281,0.261,0.259,0.27,0.259,0.321,0.271,0.21,0.288,0.243,0.23,0.223,0.251,0.263,0.219,0.273,0.241,0.264,0.227,0.227,0.24,0.217,0.227,0.231,0.304,0.279,0.192,0.258,0.242,0.274,0.252,0.196,0.243,0.247,0.224,0.257,0.299,0.25,0.261,0.235,0.228,0.229,0.189,0.25,0.23,0.243,0.275,0.233,0.254,0.216,0.272,0.247,0.249,0.257,0.29,0.267,0.301,0.252,0.258,0.301,0.262,0.232,0.272,0.283,0.231,0.248,0.26,0.258,0.285,0.275,0.225,0.25,0.277,0.275,0.265,0.243,0.19,0.287,0.258,0.234,0.271,0.255,0.238,0.191,0.259,0.234,0.256,0.175,0.255,0.229,0.315,0.231,0.286,0.213,0.28,0.227,0.319,0.35,0.283,0.232,0.271,0.241,0.203,0.209,0.218,0.251,0.248,0.3,0.275,0.258,0.221,0.209,0.295,0.275,0.248,0.255,0.253,0.263,0.318,0.235,0.296,0.331,0.237,0.256,0.207,0.288,0.291,0.274,0.257,0.247,0.268,0.233,0.236,0.275,0.255,0.259,0.238,0.22,0.284,0.243,0.226,0.278,0.21,0.253
I2,A,1.204,1.08,1.034,1.092,1.368,1.098,1.289,1.515,1.111,0.949,1.011,1.052,1.575,1.379,1.03,1.162,1.31,1.561,1.281,1.119,1.501,1.38,0.979,1.294,1.44,1.007,1.408,1.047,1.246,1.158,1.101,1.368,0.888,1.084,0.782,1.237,0.819,1.272,1.241,1.144,1.002,1.029,1.054,1.398,1.137,1.53,1.229,0.912,0.954,1.132,1.278,1.177,1.142,1.294,1.324,1.104,1.109,1.515,1.2,1.528,1.079,1.524,1.298,1.374,1.116,1.443,1.049,1.066,1.23,1.318,1.457,0.884,1.2,1.132,1.259,1.267,1.102,1.55,0.958,1.099,0.8,0.822,1.414,1.031,1.537,1.181,1.07,1.026,1.323,1.1,0.786,1.076,0.879,1.267,0.995,1.046,1.346,1.066,1.202,1.161,1.173,1.2,0.763,1.28,1.145,1.096,0.775,1.172,1.314,0.948,1.068,1.034,0.915,1.261,1.234,1.082,1.015,1.367,1.235,1.28,1.571,1.377,1.211,1.214,1.266,0.856,1.397,1.033,1.21,1.1,1.504,1.147,1.12,0.965,1.121,1.21,0.961,0.945,1.234,0.915,1.028,1.098,1.138,1.113,1.039,0.906,0.914,1.29,1.208,0.987,1.11,1.036,1.113,1.011,1.202,1.213,1.099,1.285,1.018,0.864,1.271,1.335,1.301,0.586,1.324,1.388,1.188,1.136,1.343,1.04,0.854,1.111,0.92,1.31,1.458,1.04,0.937,1.029,0.804,1.041,1.162,1.264,1.309,1.129,1.264,1.316,1.295,1.302,0.972,1.328,0.948,1.139,0.943,1.368,0.91,1.273,0.722,0.907,0.991,1.456,1.29,1.152,1.509,1.185,1.071,1.151,1.095,1.467,1.157,1.151,0.974,1.14,1.294,1.141,1.27,1.311,1.467,1.131,0.947,1.239,1.131,1.13,1.184,0.993,1.114,1.083,1.208,0.9,0.895,1.283,1.113,1.212,1.104,0.928,1.097,0.84,1.253,1.039,1.194,1.139,1.092,0.719,1.341,1.241,0.92,1.168,1.32,0.986,1.017,0.805,1.315,1.293,1.247,1.686,1.32,1.104,1.232,1.238,1.051,1.414,1.444,1.093,1.027,1.18,0.768,0.86,0.994,1.241,1.483,1.288,1.203,1.043,1.242,0.889,1.253,1.27,1.171,0.77,0.907,1.448,1.165,1.207,0.72,1.018,1.158,1.157,0.825,0.697,1.042,1.135,0.792,1.011,1,1.717,1.392,1.004,1.143,1.191,1.512,1.252,1.183,1.276,0.858,1.311,1.447,1.225,1.27,1.484,1.345,1.594,0.997,1.396,1.141,1.26,1.2,1.435,0.86,1.308,1.147,1.13,1.011,1.485,0.853,1.411,0.788,1.197,1.266,1.385,1.345,1.245,1.04,0.922,1.133,1.005,0.985,1.164,1.232,0.995,1.321,0.926,1.088,0.899,1.345,0.941,0.956,1.034,1.219,0.989,1.006,1.229,0.829,1.162,1.461,1.338,1.005,1.092,1.227,1.203,1.053,1.024,1.234,1.205,1.018,1.36,1.011,1.413,1.007,0.86,1.038,1.027,0.738,0.901,0.973,0.884,1.181,0.989,1.188,1.181,1.068,1.164,1.091,1.297,1.312,1.109,1.281,1.015,1.306,1.272,1.173,1.022,0.93,1.244,1.101,1.241,1.314,1.115,1.534,1.157,0.966,0.973,1.465,0.777,0.829,1.205,1.262,1.172,1.009,1.29,1.263,1.518,1.587,1.363,1.223,1.122,1.353,1.278,1.205,1.103,1.327,1.514,1.385,1.054,1.008,1.227,1.217,1.383,1.224,1.146,1.098,1.095,1.098,0.95,1.133,1.223,1.214,1.119,1.251,1.1,0.749,1.259,1.184,0.933,1.268,1.233,1.296,1.404,1.291,1.193,1.077,1.439,1.268,1.156,0.927,1.037,0.963,1.391,1.408,1.37,0.808,1.022,1.325,0.722,0.955,1.507,1.072,1.126,1.295,1.151,1.495,1.332,1.139,1.271,1.16,1.337,1.338,0.909,0.957,1.403,0.99,1.322,1.289,1.227,0.92,1.491,1.329,1.188,1.252,1.125,1.384,1.135,1.196,1.338,1.441,1.124,0.807,1.477,1.339,0.824,1.02,1.335
I2,B,2.193,2.252,2.897,0.899,1.436,4.072,0.462,0.323,1.053,3.11,2.315,2.527,0.637,0.898,0.584,2.026,1.824,-0.443,4.041,2.552,1.292,1.219,0.693,1.803,3.226,0.681,3.578,1.758,2.372,2.554,1.274,3.895,3.546,3.822,-0.432,1.79,1.196,2.69,1.628,1.007,1.192,2.341,1.563,1.23,0.654,3.4,3.761,2.16,2.572,1.207,1.271,1.907,4.458,4.684,2.219,1.689,3.479,3.511,3.562,3.137,4.189,0.947,2.409,2.971,2.012,2.233,3.274,2.992,2.355,1.256,2.971,0.722,1.141,1.555,2.968,0.354,1.795,-0.907,4.143,3.087,2.4,2.24,1.593,1.269,3.352,0.578,3.216,2.892,1.654,1.673,4.43,0.605,1.029,2.62,1.296,2.246,1.123,1.714,3.776,1.889,1.313,2.905,1.073,1.117,1.199,1.612,2.525,2.29,2.626,3.584,4.047,3.475,1.604,3.48,2.882,2.369,2.844,1.141,1.72,1.397,3.005,2.583,0.447,3.385,1.022,3.333,0.979,2.272,1.489,2.902,1.062,1.841,1.302,0.818,2.892,2.662,-0.965,2.324,1.655,2.616,2.488,3.159,1.144,1.091,0.814,3.005,3.71,2.441,0.739,1.571,1.568,2.221,3.15,1.235,2.68,-0.221,1.044,1.446,2.721,2.257,2.63,0.472,1.349,0.992,2.309,2.072,3.301,1.153,-0.598,2.45,0.685,2.543,1.224,2.636,0.961,2.193,3.016,0.938,2.487,2.621,3.73,2.379,-0.186,1.484,2.761,1.966,0.637,1.411,1.634,2.464,2.242,1.304,2.72,1.57,1.61,1.053,1.68,1.854,1.17,2.039,2.341,1.12,1.32,1.665,0.42,2.786,2.737,4.348,2.891,1.805,3.279,0.961,3.861,1.126,2.516,1.587,3.181,2.895,2.646,3.062,1.038,2.736,3.214,1.271,2.858,1.129,2.631,0.299,1.363,2.33,1.98,1.576,3.266,1.962,1.646,1.724,1.677,2.686,2.875,2.797,0.263,0.046,1.981,1.043,3.753,1.908,5.311,2.501,1.343,0.801,1.784,2.828,3.02,1.953,1.596,1.801,0.739,0.626,1.87,3.995,2.808,2.25,2.285,1.242,3.73,3.673,2.165,3.912,2.242,3.963,3.952,2.46,1.155,1.36,2.07,2.414,3.088,2.286,1.81,1.314,2.589,2.039,2.034,1.65,2.911,0.872,-0.236,2.548,1.039,1.811,0.768,2.519,1.872,1.469,3.627,1.823,3.184,1.501,1.465,1.909,2.982,1.273,4.524,1.497,1.713,3.189,1.343,2.54,0.663,1.959,2.766,3.004,1.848,3.057,4.068,1.644,3.809,2.655,2.406,1.482,0.597,1.415,1.628,1.864,0.995,1.94,2.337,1.83,1.441,3.402,4.106,0.784,2.79,0.93,2.591,3.121,2.344,0.898,0.454,3.118,2.826,1.84,2.676,2.724,2.205,3.143,1.583,0.367,1.755,3.892,2.035,2.942,1.643,2.343,3.341,3.557,3.374,2.197,1.475,1.468,1.525,1.477,3.805,0.467,2.812,-0.036,3.168,2.576,1.491,1.259,3.847,2.425,3.824,2.348,2.199,1.609,1.708,1.955,0.914,2.847,0.615,3.868,0.732,1.381,2.196,3.793,2.552,1.385,-0.107,0.7,2.585,2.653,1.88,1.08,2.633,4.204,2.145,2.714,2.835,2.305,2.265,-0.542,1.212,1.89,2.07,2.986,2.165,3.101,1.085,0.659,2.858,2.115,2.412,3.434,2.651,3.259,1.123,3.198,4.075,0.479,2.304,0.903,2.564,3.005,1.985,1.295,1.291,2.067,3.861,4.31,2.248,1.56,2.141,2.527,3.951,1.442,2.382,2.224,2.054,1.992,1.709,2.707,0.947,3.144,3.159,3.042,1.542,1.282,1.448,1.269,2.661,1.699,3.834,0.807,3.464,0.914,2.217,4.922,1.055,3.705,2.22,2.951,1.861,1.788,2.382,3.536,0.615,4.578,1.758,1.617,2.878,1.521,3.699,1.976,2.135,2.495,2.818,3.201,2.858,2.487,2.688,2.671,2.816,3.079,3.473,2.54,-0.142,2.586,2.257,0.731,2.652,-0.186,2.965,3.248,-0.396,1.035,3.165,1.853,2.611,1.94
I2,C,0.163,0.224,0.231,0.194,0.243,0.192,0.225,0.226,0.178,0.2,0.189,0.223,0.187,0.208,0.202,0.169,0.175,0.2,0.212,0.151,0.177,0.202,0.193,0.228,0.224,0.211,0.19,0.187,0.125,0.193,0.208,0.226,0.218,0.207,0.193,0.187,0.214,0.246,0.231,0.23,0.233,0.25,0.263,0.203,0.163,0.226,0.25,0.212,0.158,0.182,0.206,0.233,0.253,0.224,0.217,0.19,0.218,0.219,0.21,0.259,0.215,0.221,0.213,0.234,0.223,0.204,0.196,0.236,0.215,0.218,0.262,0.187,0.235,0.179,0.183,0.204,0.184,0.194,0.22,0.206,0.274,0.236,0.165,0.228,0.138,0.219,0.173,0.209,0.159,0.21,0.224,0.168,0.191,0.244,0.222,0.242,0.236,0.205,0.174,0.194,0.201,0.199,0.224,0.189,0.214,0.246,0.198,0.206,0.178,0.159,0.229,0.183,0.227,0.173,0.238,0.255,0.205,0.206,0.163,0.214,0.158,0.208,0.231,0.212,0.203,0.232,0.182,0.176,0.175,0.19,0.155,0.16,0.221,0.179,0.229,0.172,0.212,0.177,0.202,0.21,0.193,0.194,0.203,0.206,0.227,0.185,0.179,0.197,0.243,0.226,0.215,0.167,0.208,0.148,0.209,0.212,0.185,0.204,0.183,0.232,0.216,0.264,0.181,0.22,0.246,0.214,0.174,0.275,0.212,0.223,0.228,0.205,0.199,0.2,0.219,0.257,0.233,0.167,0.211,0.243,0.192,0.218,0.219,0.252,0.186,0.213,0.241,0.217,0.234,0.231,0.221,0.226,0.227,0.195,0.257,0.209,0.229,0.234,0.262,0.258,0.214,0.215,0.193,0.21,0.207,0.246,0.182,0.164,0.202,0.196,0.183,0.191,0.249,0.139,0.173,0.219,0.183,0.201,0.195,0.238,0.196,0.173,0.193,0.205,0.213,0.158,0.161,0.236,0.18,0.195,0.2,0.164,0.185,0.22,0.252,0.159,0.203,0.214,0.179,0.279,0.164,0.23,0.195,0.233,0.18,0.213,0.197,0.207,0.23,0.183,0.135,0.204,0.212,0.211,0.193,0.235,0.203,0.252,0.148,0.206,0.237,0.215,0.189,0.151,0.208,0.239,0.25,0.201,0.201,0.237,0.173,0.175,0.178,0.22,0.143,0.207,0.16,0.245,0.245,0.213,0.204,0.253,0.171,0.156,0.207,0.265,0.181,0.219,0.191,0.153,0.219,0.176,0.206,0.215,0.208,0.201,0.174,0.212,0.215,0.239,0.277,0.214,0.241,0.194,0.194,0.237,0.142,0.165,0.22,0.188,0.23,0.196,0.261,0.256,0.211,0.2,0.21,0.183,0.181,0.253,0.227,0.23,0.177,0.236,0.225,0.196,0.209,0.256,0.178,0.209,0.203,0.17,0.189,0.213,0.175,0.2,0.242,0.229,0.231,0.176,0.172,0.191,0.198,0.12,0.17,0.208,0.183,0.17,0.168,0.224,0.247,0.163,0.205,0.219,0.203,0.192,0.241,0.184,0.235,0.279,0.227,0.239,0.22,0.163,0.201,0.231,0.194,0.161,0.21,0.219,0.153,0.2,0.192,0.235,0.215,0.178,0.203,0.171,0.185,0.209,0.215,0.199,0.201,0.221,0.239,0.188,0.251,0.211,0.173,0.165,0.228,0.233,0.21,0.197,0.227,0.222,0.218,0.165,0.218,0.133,0.203,0.2,0.167,0.157,0.217,0.195,0.273,0.21,0.222,0.202,0.244,0.198,0.196,0.204,0.231,0.166,0.216,0.176,0.122,0.216,0.234,0.201,0.178,0.14,0.176,0.217,0.213,0.265,0.194,0.192,0.213,0.215,0.189,0.215,0.175,0.203,0.224,0.19,0.245,0.11,0.173,0.182,0.199,0.19,0.161,0.171,0.183,0.201,0.243,0.211,0.193,0.227,0.178,0.237,0.233,0.138,0.279,0.181,0.213,0.175,0.198,0.215,0.176,0.214,0.277,0.234,0.215,0.14,0.181,0.208,0.204,0.171,0.186,0.193,0.21,0.19,0.212,0.277,0.17,0.251,0.177,0.218,0.179,0.163,0.22,0.234,0.211,0.204,0.188,0.217,0.209,0.211,0.179,0.19,0.237,0.213,0.206,0.183,0.257,0.241
I3,A,1.322,1.478,1.079,1.129,1.379,1.321,1.306,1.342,1.042,1.812,1.151,1.186,1.159,1.187,1.21,1.511,1.021,1.11,0.921,1.01,1.303,1.197,1.445,1.339,1.14,1.248,1.582,1.352,1.485,1.269,1.516,1.107,1.617,1.039,1.418,1.195,1.355,1.146,1.172,1.286,1.203,1.392,1.225,1.396,1.105,1.519,1.307,0.997,1.043,1.142,1.309,0.802,1.54,1.605,1.495,0.893,1.379,1.107,1.123,1.153,1.161,1.257,1.181,1.221,1.06,1.348,0.94,1.434,1.111,1.499,1.138,1.225,1.14,1.115,1.391,1.199,1.446,1.545,1.089,1.328,1.114,1.22,1.344,1.299,1.304,1.197,1.372,1.498,0.969,1.457,1.078,1.461,1.641,1.054,1.267,1.206,1.152,1,0.9,1.345,1.135,1.289,1.492,1.047,1.086,1.345,1.523,1.576,1.205,1.209,1.148,1.279,1.221,1.6,1.162,1.68,1.226,1.281,1.525,1.447,1.114,1.036,1.304,1.392,1.157,1.433,1.308,1.35,1.35,1.259,1.15,1.09,1.225,1.542,1.353,0.873,1.501,1.071,1.055,1.46,1.342,1.411,1.387,1.312,1.394,1.073,1.128,1.575,1.408,1.616,1.043,1.571,1.345,1.544,1.372,1.234,1.218,1.071,1.089,1.194,1.154,1.119,1.305,1.004,1.137,1.245,1.213,1.521,1.619,0.795,1.364,1.1,1.225,1.539,1.062,1.158,1.225,1.61,0.836,1.599,1.395,1.531,1.345,1.179,1.361,1.126,1.524,1.426,1.167,1.386,1.135,1.428,0.841,1.124,1.377,1.223,1.307,1.23,1.099,1.428,1.587,1.284,1.38,1.158,1.093,0.914,1.413,1.122,1.137,1.686,1.151,0.942,1.224,1.093,1.215,0.908,1.437,1.327,1.006,1.388,1.03,1.402,1.037,1.02,0.856,1.438,1.481,1.468,1.37,1.208,1.448,1.094,1.395,0.811,1.051,1.33,1.42,1.392,1.165,1.434,1.507,1.103,1.061,1.472,1.568,1.174,1.106,1.152,1.164,1.474,1.187,1.04,0.861,1.27,1.328,1.156,1.225,1.473,1.15,1.705,1.795,1.536,1.353,1.172,0.964,1.158,1.371,1.139,1.066,1.218,1.173,1.038,1.057,1.439,1.314,1.514,1.35,1.366,0.958,1.275,1.588,1.283,1.183,1.329,1.232,1.059,1.071,1.397,1.271,1.622,0.933,1.623,1.253,1.048,1.212,1.306,0.904,1.083,1.273,0.967,1.327,1.328,1.218,1.375,1.236,1.447,1.187,1.247,1.692,1.655,1.132,1.361,1.136,1.038,1.216,1.299,1.181,1.193,0.878,1.336,1.121,1.137,1.407,1.437,1.006,0.95,1.337,1.147,1.297,0.994,1.494,1.38,1.716,1.171,1.44,1.022,1.525,1.321,1.393,1.725,1.173,1.234,1.006,0.972,1.419,1.3,1.712,1.34,1.236,0.735,1.055,1.23,1.282,1.419,1.265,1.192,0.749,1.234,1.321,1.391,0.866,0.977,0.936,1.309,1.191,1.419,1.125,1.552,1.302,1.458,0.884,1.092,0.909,1.309,1.198,1.363,1.229,1.019,1.392,1.135,1.554,0.906,1.252,1.234,1.2,1.021,1.716,1.315,1.638,1.209,1.293,1.345,1.093,1.588,1.503,0.961,1.26,1.231,1.219,1.178,1.03,1.319,1.393,1.116,1.166,1.292,1.023,1.201,1.447,1.339,1.43,1.574,1.132,1.449,1.201,1.172,1.225,0.989,1.423,1.352,1.293,1.588,1.424,1.553,1.436,0.944,1.419,1.007,1.488,1.182,1.319,1.153,1.394,1.415,1.339,1.449,1.419,1.326,1.291,1.386,1.01,1.292,1.442,1.192,1.116,0.838,1.015,1.218,1.121,1.088,1.225,1.038,1.175,1.267,1.254,1.133,1.368,1.266,1.385,1.256,1.509,0.979,1.415,1.226,1.363,1.511,1.188,1.314,1.481,1.576,0.984,1.238,1.078,1.121,1.243,1.32,1.248,1.3,1.191,1.506,1.167,1.267,0.976,1.09,1.477,1.07,0.836,1.323,1.469,0.84,1.245,1.605,1.199,1.23,1.16,1.558,1.615,1.415,1.316,1.259
I3,B,1.194,1.933,1.002,2.573,0.26,1.805,2.082,1.472,0.177,0.424,0.436,0.637,1.429,2.735,1.388,2.421,1.395,0.709,1.696,2.213,-0.942,0.398,0.082,-0.105,1.821,1.612,-0.293,1.737,0.261,0.913,0.844,1.571,0.62,1.214,1.591,1.363,1.822,2.063,1.594,0.879,1.126,-0.251,2.491,0.603,-0.241,3.121,0.739,1.801,2.237,1.51,1.073,1.766,2.94,0.575,1.041,0.249,0.196,2.879,1.258,1.583,1.29,2.65,1.596,1.705,1.735,-0.347,0.7,2.146,1.838,1.182,1.33,0.626,1.602,0.705,0.985,0.445,2.28,-0.012,0.077,1.335,2.377,-0.143,-0.395,3.109,1.669,-0.257,0.552,0.542,2.201,2.414,-0.58,1.847,1.69,0.976,2.523,3.199,1.756,1.785,3.009,1.781,0.55,1.122,1.95,1.934,1.951,1.04,1.166,0.47,2.085,1.53,1.448,2.614,1.796,1.632,1.68,2.214,1.409,1.305,0.308,1.309,1.473,0.998,1.485,1.406,-0.872,2.767,1.78,0.903,1.065,0.966,1.857,0.68,0.48,0.344,2.053,1.529,1.725,0.903,-0.198,2.605,0.858,-0.137,1.156,1.224,0.15,0.792,0.591,0.773,0.344,-0.76,-0.122,0.385,2.125,1.247,-0.557,1.039,1.293,1.561,2.507,2.178,2.191,0.689,1.804,0.824,3.483,0.435,-0.09,1.119,-1.347,2.041,0.767,0.013,1.645,0.681,1.225,0.821,-0.025,1.447,1.13,0.494,1.376,0.75,0.683,1.068,0.633,1.482,-0.304,1.535,0.486,0.325,0.864,3.039,1.309,1.726,0.464,0.794,0.142,1.872,1.015,0.485,1.227,1.616,0.294,0.364,0.797,1.425,2.464,0.175,0.748,0.033,0.974,1.836,0.66,0.306,0.141,-0.471,1.025,1.289,0.903,1.323,1.005,1.522,2.744,2.002,1.422,2.553,0.812,0.498,1.973,1.14,2.035,2.312,3.356,1.401,2.251,1.784,0.498,0.403,1.635,2.361,1.065,-0.378,1.584,2.295,1.309,0.873,0.763,-0.126,2.94,0.422,0.772,-0.065,0.522,1.039,0.179,2.528,2.532,1.932,4.088,1.045,2.302,0.4,2.056,1.742,2.276,2.06,0.721,1.228,2.483,0.025,2.248,-0.002,1.084,1.678,1.511,1.297,1.724,2.192,2.483,0.737,0.689,0.964,2.54,1.042,1.804,1.493,0.813,1.736,2.352,0.73,0.889,2.845,3.104,1.668,1.807,0.586,-0.621,1.204,-0.012,1.373,0.515,1.046,2.316,1.541,1.037,1.284,0.641,2.46,0.974,3.014,1.239,0.674,2.568,0.674,0.734,2.893,0.285,-0.858,0.817,1.77,2.107,0.381,1.073,0.82,1.181,-0.122,0.35,-0.314,0.059,1.469,0.51,1.609,0.616,1.995,1.171,-0.214,0.381,0.723,2.28,0.005,2.14,1.519,2.175,1.189,2.146,0.151,3.407,0.162,0.464,1.789,-0.459,-0.736,0.807,0.396,1.708,1.688,0.929,2.188,-0.246,1.163,0.99,1.025,1.829,2.07,1.117,1.794,1.024,1.124,1.227,0.128,1.712,0.994,0.093,1.033,-0.156,0.648,1.235,1.554,2.421,0.477,3.429,-0.555,-0.286,-0.117,1.269,1.002,2.22,1.35,1.297,1.29,1.163,2.046,3.143,0.029,2.79,0.529,0.792,0.572,0.14,2.312,2.202,2.344,2.837,-1.492,1.48,-0.353,1.747,1.854,1.538,1.61,1.362,2.154,0.577,1.053,-0.467,1.79,1.02,1.808,2.349,-0.041,2.904,-1.02,1.648,2.102,-0.248,1.359,0.454,0.077,0.548,0.407,3.793,1.16,3.429,1.445,1.72,2.001,0.006,1.643,3.354,0.242,1.459,0.892,0.469,1.11,1.406,0.578,2.775,1.608,1.72,0.896,1.251,-0.395,1.161,0.609,2.266,0.747,1.031,1.65,1.553,1.949,1.834,3.274,-0.478,0.324,1.979,0.887,-0.364,0.383,1.416,-0.264,1.98,1.929,0.671,0.532,0.712,0.901,-0.799,-1.184,0.735,3.418,0.52,2.102,1.364,0.132,0.995,1.642,1.131,3.04,1.141,0.176,1.609,1.987,-0.345,0.854,1.219,-0.437,-0.897,-1.207,1.304,2.229
I3,C,0.17,0.174,0.158,0.183,0.171,0.167,0.189,0.121,0.219,0.148,0.184,0.177,0.161,0.153,0.23,0.142,0.154,0.238,0.217,0.17,0.198,0.222,0.16,0.185,0.122,0.242,0.144,0.166,0.157,0.157,0.172,0.192,0.16,0.108,0.199,0.212,0.152,0.181,0.192,0.131,0.164,0.21,0.162,0.244,0.199,0.181,0.217,0.165,0.187,0.127,0.19,0.221,0.164,0.185,0.165,0.182,0.154,0.186,0.168,0.184,0.165,0.24,0.184,0.193,0.198,0.157,0.133,0.175,0.191,0.201,0.154,0.17,0.154,0.121,0.181,0.213,0.145,0.188,0.1,0.183,0.211,0.159,0.147,0.189,0.165,0.135,0.154,0.172,0.174,0.203,0.193,0.202,0.206,0.164,0.121,0.182,0.142,0.231,0.152,0.169,0.167,0.207,0.213,0.148,0.195,0.202,0.124,0.213,0.179,0.141,0.205,0.171,0.199,0.202,0.191,0.196,0.202,0.162,0.235,0.136,0.148,0.208,0.19,0.156,0.18,0.178,0.172,0.193,0.207,0.17,0.205,0.197,0.229,0.137,0.161,0.214,0.154,0.181,0.162,0.205,0.178,0.156,0.143,0.198,0.163,0.149,0.202,0.158,0.123,0.196,0.181,0.201,0.146,0.182,0.206,0.187,0.201,0.165,0.209,0.109,0.124,0.193,0.171,0.225,0.151,0.124,0.119,0.211,0.21,0.189,0.234,0.15,0.169,0.199,0.169,0.196,0.204,0.158,0.152,0.185,0.172,0.162,0.177,0.115,0.203,0.173,0.228,0.158,0.183,0.188,0.178,0.195,0.213,0.166,0.167,0.232,0.229,0.175,0.154,0.124,0.229,0.137,0.16,0.185,0.185,0.196,0.165,0.198,0.18,0.138,0.201,0.2,0.178,0.199,0.101,0.201,0.165,0.183,0.184,0.171,0.167,0.178,0.241,0.136,0.223,0.228,0.199,0.129,0.16,0.147,0.187,0.186,0.195,0.192,0.141,0.231,0.18,0.174,0.18,0.16,0.155,0.188,0.159,0.187,0.142,0.224,0.199,0.141,0.166,0.173,0.197,0.186,0.149,0.164,0.255,0.172,0.2,0.215,0.158,0.186,0.211,0.167,0.17,0.168,0.199,0.165,0.23,0.216,0.132,0.162,0.193,0.177,0.178,0.197,0.182,0.149,0.157,0.189,0.199,0.148,0.153,0.134,0.17,0.172,0.221,0.171,0.185,0.225,0.149,0.159,0.183,0.151,0.19,0.153,0.183,0.157,0.185,0.21,0.154,0.104,0.208,0.16,0.114,0.197,0.17,0.15,0.195,0.186,0.201,0.22,0.155,0.166,0.216,0.17,0.182,0.228,0.191,0.126,0.155,0.181,0.194,0.14,0.214,0.163,0.177,0.18,0.221,0.143,0.177,0.198,0.181,0.17,0.172,0.176,0.174,0.141,0.148,0.176,0.204,0.152,0.178,0.157,0.161,0.194,0.179,0.186,0.173,0.182,0.17,0.187,0.192,0.201,0.168,0.182,0.21,0.211,0.175,0.186,0.144,0.197,0.166,0.172,0.157,0.155,0.119,0.194,0.206,0.14,0.157,0.138,0.188,0.174,0.14,0.207,0.152,0.186,0.175,0.121,0.18,0.147,0.133,0.207,0.191,0.222,0.218,0.178,0.16,0.151,0.152,0.163,0.148,0.158,0.167,0.203,0.186,0.177,0.128,0.172,0.183,0.146,0.174,0.173,0.216,0.176,0.149,0.11,0.137,0.24,0.16,0.218,0.185,0.194,0.156,0.146,0.131,0.133,0.211,0.15,0.199,0.134,0.185,0.12,0.207,0.17,0.187,0.195,0.179,0.193,0.202,0.124,0.192,0.179,0.145,0.162,0.199,0.172,0.196,0.178,0.158,0.166,0.197,0.167,0.183,0.148,0.104,0.196,0.174,0.191,0.149,0.18,0.157,0.215,0.213,0.117,0.203,0.17,0.199,0.159,0.172,0.194,0.197,0.16,0.187,0.164,0.189,0.217,0.215,0.163,0.18,0.215,0.165,0.213,0.154,0.137,0.163,0.171,0.15,0.191,0.103,0.163,0.202,0.186,0.185,0.154,0.129,0.232,0.152,0.183,0.158,0.16,0.218,0.164,0.169,0.166,0.139,0.199,0.181,0.162,0.18,0.207
I4,A,0.594,0.413,0.683,0.699,0.893,0.846,0.959,0.339,0.632,0.702,0.383,0.895,0.919,0.773,0.415,0.715,0.923,0.746,0.958,0.558,0.391,0.747,0.904,0.632,0.458,0.578,0.988,0.618,0.856,0.69,0.8,0.822,0.9,0.609,0.8,1.125,0.497,0.756,0.738,0.589,0.596,1.206,0.762,0.473,0.7,0.915,0.679,0.668,0.723,0.164,0.387,0.476,0.939,0.739,0.863,0.699,0.802,0.666,0.619,0.722,0.739,0.704,0.971,0.681,0.733,0.593,0.986,0.662,0.798,0.589,0.789,0.739,0.551,0.535,0.599,0.954,0.769,0.855,0.693,0.758,0.965,0.498,0.675,0.561,0.96,0.253,0.457,0.71,0.633,0.801,0.772,0.592,0.88,0.57,0.329,0.505,0.67,0.668,0.516,0.549,1.002,0.857,0.616,1.016,1.206,1.076,0.894,0.727,1.071,0.631,0.779,0.45,0.814,0.765,1.073,0.848,0.641,0.554,1.087,0.934,0.705,0.868,0.825,0.648,1.135,0.964,0.584,0.854,1.176,1.067,0.795,0.528,0.639,0.621,1.12,0.572,0.539,0.645,0.312,0.762,0.777,1.045,0.562,0.573,0.768,0.842,0.662,0.68,0.916,1.005,0.504,0.872,0.642,1.018,0.805,0.869,0.651,0.851,0.957,0.726,0.763,0.729,0.479,0.555,1.236,1.093,0.285,0.595,0.845,0.5,0.372,0.888,1.282,0.871,0.848,0.755,0.633,0.508,0.697,0.52,1.075,0.711,1.445,0.932,0.398,0.675,0.859,0.777,0.587,0.824,0.504,1.106,0.811,1.16,0.78,0.712,0.64,0.64,0.755,0.92,0.93,0.765,0.5,0.931,0.68,1.047,0.432,0.536,0.227,0.438,0.546,0.541,0.924,1.076,0.561,0.609,1.139,0.77,0.658,0.768,0.756,0.649,0.468,0.621,0.957,0.449,1.014,0.781,0.699,0.527,1.131,0.72,0.604,0.563,0.844,0.733,0.501,0.876,1.159,0.879,0.752,1.292,0.956,0.611,0.809,0.519,0.881,0.589,0.713,0.897,0.724,0.717,1.007,0.961,0.926,0.797,0.814,0.27,0.719,1.12,0.601,0.816,0.906,0.764,0.409,0.898,1.022,0.736,0.555,0.572,0.835,0.642,0.663,0.835,0.631,0.907,0.508,1.06,0.744,0.471,0.65,0.951,0.93,0.905,0.797,0.498,0.579,0.724,1.11,0.932,0.556,0.526,0.969,0.425,0.769,0.944,0.827,0.913,0.924,0.529,0.704,0.666,0.572,0.595,0.847,0.593,0.793,0.462,1.027,0.667,0.766,0.748,0.642,1.079,0.759,0.815,0.597,0.71,1.127,1.159,0.734,0.574,0.587,0.402,0.651,0.685,0.609,1.03,0.694,0.537,0.77,1.006,0.573,0.757,0.996,0.91,0.76,0.882,0.58,0.598,1.087,0.886,0.823,1.05,0.935,0.812,0.755,0.591,0.83,0.685,0.629,0.912,0.499,1.186,0.74,1.036,0.65,0.588,0.623,0.793,0.626,0.642,0.665,0.862,0.557,1.14,1.187,0.618,0.469,1.075,0.376,0.815,0.881,0.631,0.874,0.574,0.958,0.817,0.812,0.825,0.706,0.823,0.87,0.546,0.678,0.877,0.586,0.722,0.755,0.875,0.657,0.696,0.506,0.843,0.693,0.578,0.285,0.692,0.396,0.931,0.782,1.089,1.224,0.689,0.705,0.529,0.714,0.527,0.493,0.737,0.792,0.774,0.78,0.813,0.811,0.986,0.782,0.537,0.634,1.045,0.837,0.898,1.2,0.667,0.771,0.598,1.012,0.913,0.711,0.886,0.576,0.87,0.605,1.128,1.006,0.651,0.696,0.569,0.998,0.75,0.618,0.465,1.126,0.667,0.813,0.386,0.7,0.872,0.612,0.728,0.673,0.522,0.793,1.021,0.495,1.065,0.864,0.892,0.272,1.048,0.675,0.842,0.999,0.862,0.291,0.57,0.846,0.438,0.7,0.934,0.719,1.093,0.847,0.939,0.649,0.544,0.615,0.739,0.889,1.037,0.768,0.504,0.942,0.582,1.07,0.781,1.026,0.681,0.531,0.972,0.629,0.989,0.719,1.06,0.772,0.508,0.576,0.57,0.675,0.709
I4,B,2.588,1.236,0.342,-1.482,0.317,-1.116,-0.379,1.452,3.156,0.62,-0.005,0.292,-1.087,0.526,0.677,0.496,0.616,1.423,0.715,3.027,2.763,-1.503,2.08,2.189,2.705,1.799,1.872,2.291,2.771,2.258,2.186,2.476,1.773,1.475,0.968,0.386,1.816,0.732,1.541,0.618,0.136,0.348,3.707,1.812,1.136,2.535,1.395,-1.361,0.334,-0.444,1.742,1.892,-0.278,0.059,0.277,0.207,1.31,1.106,0.2,1.469,0.664,2.751,1.392,0.451,2.767,1.14,1.213,1.701,1.798,1.646,1.905,-0.114,1.189,1.033,-0.763,0.937,0.654,-0.321,2.2,0.489,0.485,2.246,0.582,1.771,1.818,-0.108,2.607,1.033,1.528,-0.328,2.29,-0.787,-0.856,-0.498,-0.471,1.231,0.342,1.568,1.541,0.215,3.76,1.539,0.467,2.387,0.954,0.712,0.105,0.358,0.099,2.401,2.369,0.437,0.672,1.401,-0.934,-0.031,1.959,2.155,0.838,0.938,0.655,1.778,1.542,0.849,0.452,0.334,0.324,1.933,1.344,0.531,1.739,1.239,0.945,0.517,1.115,-0.814,0.418,1.209,3.147,0.969,-0.49,0.011,0.746,0.332,0.273,0.371,0.27,0.185,0.907,0.616,0.611,0.102,0.826,0.553,1.592,2.734,1.005,1.155,1.466,1.257,0.567,1.765,0.524,1.289,1.484,2.061,1.077,2.051,1.156,1.394,1.408,2.95,0.694,1.026,1.08,0.712,1.863,-0.933,1.063,1.467,-0.134,0.837,1.884,1.682,0.09,0.488,0.648,0.616,1.433,-0.231,0.433,0.451,0.165,-0.894,2.532,0.343,1.978,0.395,2.39,1.202,2.388,0.479,1.435,0.285,1.103,1.349,-0.471,1.497,-0.171,0.254,0.654,2.384,0.949,-0.223,2.292,1.312,0.719,1.259,1.397,-0.293,-0.261,1.31,2.504,-0.585,0.856,2.004,0.403,0.085,1.092,0.463,0.762,1.684,1.569,1.295,-0.256,0.749,1.162,0.356,0.136,2.106,0.482,1.629,0.904,2.066,-1.197,1.646,-0.1,1.152,1.258,0.304,0.391,1.141,2.888,0.366,-0.264,1.007,1.022,1.036,0.24,2.195,0.508,-0.374,-0.436,1.827,3.118,-0.506,2.855,2.154,-0.281,0.328,1.108,2.115,1.456,1.782,-0.142,0.945,-0.11,0.433,-0.531,1.573,-0.1,0.981,1.315,0.738,0.535,2.03,1.954,0.76,0.859,1.796,-1.464,2.58,2.708,1.234,0.302,-0.377,-0.144,0.902,-0.116,-0.44,1.117,0.721,0.985,0.436,0.991,1.919,2.271,-1.044,0.454,1.981,1.73,0.861,0.988,-0.643,-1.035,-0.18,1.967,0.114,0.605,-0.335,0.27,2.15,3.65,1.72,1.226,1.106,4.278,-0.485,0.121,-0.786,1.647,1.178,2.538,2.024,1.886,1.41,1.039,-0.579,1.849,2.87,2.159,0.228,0.608,1.393,0.52,1.468,0.044,3.243,0.98,2.186,1.674,1.883,-0.144,3.015,0.455,1.819,1.193,3.054,1.973,3.087,2.15,-0.936,0.825,1.156,1.097,0.016,0.642,1.808,1.703,3.25,1.351,1.418,1.55,0.542,2.07,2.107,2.176,0.919,-1.127,0.832,1.823,2.272,2.418,3.963,0.415,1.123,0.914,1.363,-0.961,-0.127,0.058,2.275,-0.047,1.434,1.503,0.962,-0.308,1.344,1.91,2.623,2.886,0.122,1.539,1.109,1.262,2.803,0.612,1.22,0.126,0.37,-0.431,0.94,1.896,2.211,2.73,1.21,-0.445,1.873,2.672,2.341,0.986,1.954,2.275,1.586,0.58,0.903,0.734,1.393,2.246,2.266,-2.089,-0.079,0.605,1.839,2.269,1.464,0.837,0.943,1.192,0.379,0.88,1.781,1.112,0.239,4.153,1.107,-0.171,-1.379,1.416,0.802,-0.299,1.963,0.052,2.162,1.405,3.187,1.195,1.069,1.287,2.732,1.31,1.481,1.144,0.909,-0.421,0.49,0.727,2.413,-0.837,2.759,0.554,-0.23,3.574,0.847,1.039,1.635,0.645,1.412,0.028,1.196,1.643,0.221,-0.022,0.084,1.128,3.276,0.137,1.486,0.297,0.961,1.686,-0.405,1.82,0.553,3.214,0.561,1.185,0.387,-0.279,0.045
I4,C,0.216,0.231,0.138,0.229,0.192,0.212,0.19,0.127,0.189,0.202,0.226,0.185,0.147,0.21,0.203,0.201,0.151,0.222,0.223,0.203,0.164,0.158,0.17,0.231,0.205,0.195,0.193,0.231,0.182,0.254,0.23,0.169,0.135,0.165,0.165,0.149,0.196,0.21,0.244,0.214,0.162,0.121,0.175,0.238,0.19,0.203,0.153,0.224,0.216,0.224,0.194,0.22,0.174,0.164,0.243,0.203,0.221,0.2,0.183,0.193,0.187,0.151,0.196,0.201,0.201,0.203,0.195,0.166,0.16,0.233,0.185,0.204,0.183,0.216,0.198,0.175,0.205,0.175,0.211,0.198,0.241,0.203,0.153,0.153,0.153,0.171,0.224,0.189,0.161,0.197,0.209,0.193,0.178,0.207,0.176,0.162,0.207,0.147,0.185,0.209,0.226,0.214,0.162,0.168,0.18,0.237,0.17,0.206,0.197,0.233,0.159,0.163,0.184,0.213,0.217,0.141,0.158,0.191,0.246,0.135,0.159,0.191,0.231,0.172,0.177,0.188,0.194,0.204,0.167,0.158,0.174,0.179,0.167,0.169,0.218,0.174,0.193,0.176,0.19,0.215,0.216,0.176,0.194,0.192,0.205,0.186,0.186,0.212,0.154,0.171,0.198,0.205,0.138,0.167,0.193,0.209,0.171,0.177,0.179,0.176,0.2,0.14,0.172,0.226,0.179,0.182,0.173,0.195,0.17,0.219,0.204,0.206,0.146,0.153,0.178,0.217,0.196,0.164,0.187,0.169,0.194,0.188,0.178,0.233,0.246,0.253,0.129,0.185,0.174,0.252,0.162,0.148,0.242,0.218,0.221,0.171,0.176,0.214,0.16,0.141,0.189,0.191,0.17,0.21,0.224,0.243,0.243,0.173,0.216,0.202,0.16,0.243,0.137,0.174,0.195,0.185,0.201,0.184,0.253,0.221,0.126,0.175,0.172,0.177,0.164,0.205,0.242,0.147,0.207,0.159,0.228,0.21,0.199,0.217,0.143,0.143,0.222,0.214,0.222,0.183,0.216,0.198,0.219,0.193,0.221,0.188,0.194,0.181,0.197,0.194,0.158,0.186,0.203,0.159,0.173,0.171,0.198,0.207,0.202,0.189,0.168,0.184,0.24,0.14,0.176,0.233,0.171,0.253,0.161,0.197,0.185,0.193,0.206,0.181,0.224,0.24,0.227,0.187,0.199,0.166,0.118,0.157,0.175,0.192,0.208,0.195,0.13,0.175,0.22,0.156,0.125,0.2,0.171,0.188,0.147,0.164,0.153,0.235,0.173,0.2,0.177,0.174,0.18,0.162,0.187,0.277,0.203,0.192,0.154,0.137,0.204,0.208,0.213,0.253,0.219,0.179,0.203,0.254,0.209,0.232,0.206,0.132,0.175,0.186,0.121,0.21,0.187,0.199,0.163,0.211,0.198,0.162,0.159,0.149,0.232,0.164,0.189,0.208,0.21,0.213,0.228,0.202,0.176,0.126,0.169,0.166,0.157,0.156,0.28,0.187,0.208,0.178,0.194,0.163,0.188,0.171,0.205,0.176,0.187,0.231,0.149,0.199,0.217,0.169,0.197,0.198,0.15,0.209,0.16,0.192,0.21,0.14,0.197,0.161,0.204,0.165,0.222,0.15,0.102,0.208,0.211,0.194,0.257,0.195,0.208,0.175,0.205,0.163,0.227,0.224,0.194,0.176,0.158,0.198,0.175,0.191,0.165,0.173,0.189,0.184,0.175,0.233,0.182,0.187,0.22,0.188,0.218,0.212,0.2,0.187,0.236,0.218,0.183,0.168,0.18,0.175,0.147,0.174,0.18,0.196,0.191,0.21,0.176,0.217,0.17,0.191,0.179,0.171,0.18,0.156,0.159,0.195,0.152,0.18,0.167,0.195,0.231,0.176,0.172,0.215,0.168,0.198,0.207,0.135,0.169,0.205,0.214,0.197,0.163,0.152,0.202,0.193,0.153,0.191,0.19,0.131,0.168,0.197,0.202,0.142,0.191,0.223,0.143,0.224,0.173,0.174,0.166,0.191,0.158,0.193,0.158,0.178,0.206,0.184,0.212,0.183,0.237,0.175,0.199,0.159,0.182,0.201,0.194,0.206,0.158,0.167,0.161,0.154,0.194,0.239,0.195,0.172,0.217,0.211,0.181,0.224,0.174,0.17,0.158,0.215
I5,A,1.09,0.636,0.542,1.071,1.077,1.088,0.682,0.672,0.913,0.78,1.004,1.291,1.053,1.185,0.936,1.296,1.261,0.877,0.864,1.086,0.997,1.147,1.066,1.047,1.193,0.97,1.222,0.938,1,1.19,1.21,0.689,0.672,0.64,0.771,1.063,0.986,0.776,1.091,1.048,0.922,0.528,0.716,1.082,1.115,1.097,0.986,0.833,0.867,0.834,0.884,1.233,0.864,0.811,1.049,1.118,1.306,0.933,0.859,1.113,1.35,1.225,1.012,0.965,0.939,1.275,1.536,0.834,1.017,1.188,1.089,1.064,0.932,1.068,0.775,0.904,0.995,0.674,1.217,0.855,1.537,1.173,1.054,0.942,0.962,1.006,0.954,0.915,1.003,0.83,0.988,0.789,0.752,0.982,1.136,0.673,0.936,1.095,1.099,1.406,1.339,0.924,0.548,0.897,0.935,1.106,0.773,0.853,0.896,0.795,0.563,1.15,0.847,0.876,0.889,0.782,1.368,1.144,1.398,0.941,1.141,0.888,1.025,0.951,0.889,0.691,0.901,0.84,1.119,0.881,1.14,0.916,0.962,0.757,1.211,1.527,0.583,0.782,1.152,0.679,0.989,0.702,1.345,1.582,1.038,1.025,0.742,1.032,0.787,0.883,0.591,0.787,0.898,1.087,0.325,0.666,1.164,0.843,1.185,0.76,0.909,1.113,0.877,0.819,0.994,0.847,1,1.162,1.049,1.126,1.038,0.886,1.098,0.665,1.535,1.028,1.136,1.349,0.73,0.967,0.889,0.837,0.914,1.107,0.843,0.977,1.165,1.129,0.901,1.17,1.016,1.101,0.864,0.814,0.972,0.917,0.823,0.874,1.05,1.089,1.215,0.917,0.676,0.912,0.816,0.898,0.976,0.994,1.033,0.756,1.171,0.908,0.855,1.061,0.987,0.911,0.98,0.651,0.981,0.794,0.834,1.184,1.108,0.986,1.018,0.971,0.949,1.046,1.307,0.972,1.016,0.57,0.932,0.839,1.474,0.899,0.728,1.28,1.172,1.053,0.637,0.975,0.937,1.297,1.089,0.963,0.869,1.344,0.627,0.791,1.315,1.013,1.228,0.798,1.028,0.838,0.6,1.254,1.487,1.183,0.829,1.186,1.324,1.194,1.043,1.046,0.762,0.936,1.096,1.275,1.224,1.211,1.053,0.915,0.907,0.519,0.922,0.947,0.952,0.977,1.232,1.193,0.747,1.113,0.889,0.668,0.986,0.929,1.061,1.202,0.782,1.177,1.33,1.183,1.246,1.002,1.239,0.829,0.897,0.993,1.079,1.001,1.359,0.696,1.309,1.123,1.216,1.344,1.009,1.094,0.702,1.088,0.726,0.648,1.155,1.107,1.01,0.685,0.748,0.615,0.7,0.997,0.889,1.027,1.246,0.968,0.866,0.937,1.108,0.904,0.664,0.979,0.806,0.803,1.356,0.696,0.796,0.853,0.263,1.02,0.674,1.058,1.072,0.707,1.158,0.876,1.188,0.993,1.131,0.829,1.021,1.137,0.776,1.368,0.914,0.955,0.98,1.081,0.759,0.842,0.999,0.689,1.471,1.096,1.214,1.287,1.176,1.142,1.134,1.226,0.999,1.031,1.04,1.371,1.031,1.035,0.771,0.929,0.838,1.18,0.948,1.396,1.116,1.281,0.875,1.106,1.449,0.953,1.13,0.961,1.006,0.971,0.856,1.157,0.845,1.042,1.393,1.553,1.089,0.937,1.32,1.171,1.103,1.044,0.771,0.973,1.116,0.863,1.07,0.995,1.131,0.847,1.292,1.351,1.07,0.911,0.913,1.007,0.99,0.656,0.705,1.076,0.912,0.974,1.246,0.974,0.803,0.862,0.901,0.837,1.173,0.693,1.045,0.977,0.978,1.302,1.162,0.89,1.25,0.887,1.067,1.213,1.046,0.892,0.861,1.065,1.309,1.206,1.027,0.893,0.64,0.881,0.77,0.98,0.907,0.979,0.681,1.022,1.216,1.002,0.985,1.194,1.184,0.798,0.589,1.034,0.92,1.174,0.827,1.073,1.374,1.12,1.276,1.048,0.848,1.021,1.044,0.952,0.901,1.15,1.121,0.878,1.259,0.968,1.038,1.06,0.8,0.905,0.897,1.23,0.614,0.983,0.781,1.194,1.038,0.63,1.062,1.044,0.989,1.031
I5,B,1.127,-1.647,-1.029,0.116,0.665,0.805,-2.072,-0.021,1.277,1.643,1.433,-0.212,1.466,0.394,-0.398,1.037,-0.062,2.156,-0.257,0.981,1.409,0.374,-0.695,1.215,0.549,0.32,-0.542,0.826,-1.589,0.655,1.403,1.896,1.57,2.23,-0.155,-0.424,-0.55,0.436,-0.337,2.227,0.071,-1.63,0.148,-0.288,0.41,-0.51,0.241,-0.859,1.125,1.038,1.014,-1.451,0.982,0.109,-0.389,1.214,-0.221,-0.835,1.447,-1.209,-0.968,0.072,-0.639,1.635,-0.285,-2.228,0.246,-0.859,0.999,0.004,1.042,0.482,-0.629,-0.283,1.149,1.119,1.381,0.036,0.818,1.074,-0.822,1.199,-0.515,0.051,0.922,1.773,0.708,0.532,0.612,0.116,-0.073,-0.057,1.264,1.963,0.569,-0.033,-0.574,-0.591,0.322,-0.515,2.018,0.954,1.398,0.818,-0.19,0.099,0.186,3.085,-1.305,-1.677,-1.378,0.779,0.118,-0.41,2.406,1.811,1.464,-0.195,2.451,1.626,-0.461,-1.983,1.905,0.523,-0.823,0.753,0.243,0.061,1.45,-0.518,0.826,1.9,1.106,0.847,0.448,1.712,-0.685,0.899,1.49,-0.138,-0.855,-2.237,1.263,1.801,0.657,-2.089,1.689,-0.611,0.39,-0.764,-0.392,-0.152,-0.366,-0.097,1.625,-1.631,1.913,0.072,1.511,-0.497,1.679,0.686,-0.204,0.407,0.298,-0.172,1.28,0.402,0.487,2.474,1.821,0.489,1.42,-0.166,1.144,0.797,1.522,0.865,0.214,-0.282,0.823,0.441,2.015,-0.749,0.911,0.91,0.259,0.952,0.959,0.814,0.839,0.663,0.002,0.796,0.695,1.639,-0.152,-0.278,0.64,2.388,0.68,0.285,2.551,-0.922,0.549,-0.431,0.981,1.883,0.145,-1.162,0.471,0.359,1.628,0.668,0.863,1.134,0.707,-0.933,0.464,2.122,0.621,-0.618,1.01,0.663,-0.174,-1.888,0.504,1.786,-1.329,1.767,2.105,0.735,0.382,1.444,0.566,0.484,2.251,1.086,0.6,1.062,0.259,0.879,1.428,-0.811,1.037,1.016,-0.528,-1.418,0.502,0.841,1.376,1.728,0.656,1.625,1.455,-1.397,0.013,-0.233,-1.371,0.289,0.32,1.033,-0.426,-0.291,1.406,2.689,-1.308,-0.156,2.939,-0.08,2.917,0.541,-0.363,-0.085,0.476,0.949,0.716,-0.061,1.089,1.422,0.422,1.975,1.575,-0.139,-0.128,0.487,1.738,-0.083,1.449,2.444,0.545,0.057,-0.122,-2.155,-1.696,0.797,1.609,1.43,0.031,-0.805,0.813,2.748,-0.16,1.081,-0.424,0.428,-0.428,1.421,-0.486,2.384,0.602,1.422,0.632,1.484,-0.087,1.498,-1,2.182,0.081,0.201,-0.356,1.76,-0.659,-0.702,-0.087,1.597,1.73,-1.218,-0.763,1.216,-1.281,-0.912,-1.16,1.66,0.037,0.723,1.916,2.334,1.17,0.393,-0.778,1.902,0.621,2.501,-0.353,1.083,-0.763,2.143,0.219,-0.75,0.33,2.689,-0.671,0.64,0.378,0.152,-0.232,0.526,-0.472,-0.357,3.058,-0.843,-0.596,-0.048,0.107,0.589,-0.458,0.563,1.203,-0.231,0.388,-0.071,0.689,0.214,0.788,1.493,-0.51,0.603,-0.674,1.43,1.02,2.029,0.339,0.446,0.094,2.233,0.773,-0.121,1.374,0.184,1.288,1.644,-1.224,1.101,-0.962,0.63,0.915,1.199,1.828,1.27,0.402,-0.773,0.188,-0.818,1.072,0.5,0.689,0.901,0.134,0.703,0.513,1.048,-0.227,1.718,0.721,0.422,0.399,0.111,-0.93,1.383,1.217,2.127,0.609,-0.191,-0.36,1.255,0.99,0.812,0.813,0.788,1.733,0.615,0.363,1.522,0.55,-0.743,-0.885,0.389,1.032,2.313,0.823,0.932,2.268,-1.329,1.237,-0.743,2.572,1.077,0.487,1.382,-2.549,1.135,-0.497,0.275,0.104,2.387,0.675,1.419,1.409,1.496,0.695,0.477,1.305,1.631,-0.325,0.617,0.259,-0.456,-1.267,-1.499,2.135,0.745,-1.472,2.207,1.275,-0.04,0.092,3.296,-1.913,0.358,0.167,1.652,1.231,1.255,2.095,1.162,0.705,-1.573,0.533,1.13,1.252,0.926,0.507,1.616,0.528,0.431,1.325,-0.793,0.555,0.619
I5,C,0.152,0.144,0.153,0.168,0.191,0.191,0.202,0.14,0.145,0.192,0.152,0.155,0.168,0.154,0.14,0.175,0.147,0.148,0.154,0.145,0.208,0.179,0.178,0.148,0.178,0.192,0.173,0.185,0.181,0.18,0.19,0.207,0.194,0.141,0.13,0.195,0.172,0.149,0.163,0.209,0.201,0.248,0.18,0.228,0.151,0.155,0.157,0.226,0.251,0.181,0.099,0.162,0.146,0.191,0.144,0.126,0.159,0.216,0.136,0.168,0.146,0.155,0.129,0.174,0.173,0.151,0.181,0.196,0.158,0.181,0.144,0.166,0.149,0.127,0.192,0.222,0.175,0.193,0.126,0.142,0.111,0.162,0.168,0.171,0.134,0.182,0.225,0.181,0.134,0.093,0.211,0.167,0.18,0.203,0.18,0.198,0.168,0.183,0.199,0.192,0.139,0.137,0.168,0.108,0.184,0.146,0.155,0.164,0.183,0.138,0.188,0.19,0.178,0.202,0.162,0.2,0.173,0.155,0.128,0.172,0.209,0.156,0.157,0.157,0.133,0.141,0.177,0.185,0.135,0.143,0.177,0.178,0.175,0.156,0.174,0.175,0.111,0.193,0.195,0.133,0.139,0.174,0.143,0.163,0.174,0.2,0.158,0.2,0.172,0.124,0.179,0.099,0.155,0.155,0.133,0.159,0.17,0.187,0.192,0.164,0.15,0.225,0.204,0.196,0.194,0.16,0.198,0.12,0.129,0.135,0.122,0.174,0.21,0.213,0.172,0.195,0.164,0.252,0.182,0.139,0.183,0.222,0.179,0.169,0.136,0.207,0.157,0.184,0.162,0.215,0.161,0.186,0.195,0.23,0.146,0.2,0.167,0.147,0.172,0.16,0.118,0.121,0.111,0.166,0.144,0.157,0.175,0.168,0.198,0.221,0.14,0.152,0.206,0.207,0.158,0.132,0.203,0.146,0.164,0.148,0.153,0.171,0.155,0.178,0.152,0.142,0.191,0.168,0.21,0.123,0.145,0.13,0.212,0.225,0.173,0.218,0.166,0.167,0.2,0.198,0.204,0.186,0.163,0.164,0.179,0.206,0.157,0.195,0.132,0.218,0.165,0.172,0.182,0.152,0.141,0.158,0.192,0.16,0.206,0.187,0.144,0.177,0.169,0.192,0.128,0.154,0.167,0.203,0.178,0.162,0.161,0.206,0.175,0.216,0.173,0.139,0.213,0.162,0.161,0.143,0.192,0.159,0.19,0.16,0.171,0.113,0.15,0.151,0.13,0.152,0.21,0.177,0.162,0.179,0.159,0.169,0.205,0.13,0.171,0.138,0.2,0.179,0.138,0.166,0.17,0.178,0.176,0.195,0.163,0.243,0.12,0.18,0.201,0.167,0.15,0.155,0.192,0.138,0.176,0.173,0.206,0.187,0.203,0.169,0.137,0.15,0.149,0.212,0.15,0.199,0.134,0.146,0.152,0.102,0.167,0.174,0.152,0.232,0.185,0.198,0.188,0.185,0.143,0.173,0.147,0.12,0.182,0.1,0.134,0.158,0.184,0.19,0.144,0.187,0.206,0.184,0.189,0.176,0.124,0.178,0.188,0.163,0.185,0.174,0.128,0.194,0.162,0.154,0.182,0.168,0.113,0.198,0.201,0.141,0.161,0.166,0.155,0.19,0.165,0.209,0.14,0.179,0.189,0.188,0.124,0.114,0.198,0.146,0.166,0.164,0.169,0.158,0.108,0.211,0.157,0.145,0.196,0.128,0.116,0.193,0.143,0.137,0.135,0.177,0.214,0.173,0.194,0.121,0.168,0.192,0.148,0.19,0.207,0.156,0.189,0.19,0.174,0.187,0.171,0.22,0.125,0.191,0.19,0.171,0.165,0.153,0.172,0.147,0.226,0.193,0.142,0.145,0.238,0.143,0.208,0.171,0.133,0.169,0.197,0.216,0.161,0.159,0.169,0.203,0.178,0.183,0.133,0.144,0.189,0.18,0.178,0.137,0.179,0.18,0.149,0.137,0.174,0.188,0.14,0.17,0.203,0.15,0.126,0.187,0.186,0.182,0.139,0.222,0.163,0.136,0.211,0.196,0.166,0.214,0.138,0.152,0.16,0.182,0.152,0.16,0.168,0.134,0.165,0.198,0.198,0.187,0.175,0.162,0.182,0.18,0.141,0.19,0.18,0.225,0.18,0.174,0.189,0.17,0.195,0.158
I6,A,1.12,0.88,1.182,1.157,0.661,1.334,1.227,1.414,1.092,1.02,0.88,0.764,1.121,0.988,1.032,0.952,0.799,0.878,0.937,1.199,1.061,0.932,1.158,0.735,0.925,1.311,1.098,1.381,1.013,0.718,1.083,0.981,1.284,1.046,1.037,0.947,1.234,0.569,1.196,1.355,0.816,0.964,1.167,0.883,1.276,0.876,1.368,0.921,1.292,0.827,1.155,0.848,0.839,1.221,1.14,1.049,1.292,1.087,1.127,1.028,1.008,1.032,1.288,1.19,1.278,1.066,1.008,1.248,0.833,0.996,1.172,1.366,1.176,1.087,1.336,1.277,1.211,1.421,1.228,1.07,1.304,1.093,1.271,1.148,0.71,1.217,0.994,1.312,0.734,0.947,1.441,1.185,0.875,1.275,1.105,1.511,1.174,0.871,0.944,0.943,0.964,0.803,1.117,1.053,1.069,1.109,0.799,1.096,1.073,1.039,0.938,1.203,1.274,0.883,0.793,1.046,1.442,1.398,0.984,1.584,0.965,0.724,1.293,0.726,0.851,1.195,1.051,1.333,1.336,0.91,1.024,0.997,1.142,1.316,1.192,0.924,0.811,1.136,1.241,0.639,1.239,0.997,1.044,1.048,0.967,0.673,1.13,1.394,1.045,0.97,0.915,1.361,1.156,0.886,1.087,1.15,1.146,0.877,0.944,1.144,0.928,1.397,1.06,0.808,0.989,1.08,1.113,1.467,1.408,0.714,0.902,1.033,1.059,1.186,0.903,1.363,0.786,1.069,1.014,0.752,0.721,1.407,1.35,0.917,1.01,1.026,1.134,1.155,0.732,1.207,1.181,1.504,0.743,1.367,0.95,1.077,1.056,1.047,0.976,1.14,1.196,1.421,0.771,1.097,0.891,1.254,1.202,0.778,0.853,1.198,1.214,1.157,1.265,0.566,1.231,0.999,0.985,0.74,0.996,0.967,1.207,0.982,1.055,1.045,0.795,1.229,1.45,0.897,1.423,1.27,0.806,0.528,1.296,1.31,1.075,1.373,1.312,1.154,1.133,1.16,1.458,1.205,1.29,0.683,1.169,1.303,1.199,0.806,1.063,1.268,0.986,0.971,1.197,1.074,0.922,0.966,1.186,1.197,1.244,1.196,0.809,1.396,1.164,0.833,1.128,1.471,0.867,1.105,1.105,1.191,0.951,1.114,0.806,1.242,1.202,0.849,1.099,0.995,1.302,1.235,1.483,1.108,1.197,0.96,1.358,0.85,1.013,1.038,1.367,1.154,1.057,1.395,1.095,1.119,0.604,1.117,1.364,1.512,1.391,1.058,1.127,1.307,0.981,1.173,0.92,1.141,1.063,1.125,1.103,1.444,1.361,0.786,1.008,1.142,0.855,1.111,1.123,0.941,1.189,0.931,1.405,0.914,0.959,1.216,1.047,1.203,1.063,0.944,0.917,1.362,1.149,0.895,1.096,1.302,0.997,0.949,1.417,1.348,1.036,1.004,1.56,1.106,0.378,1.27,0.962,0.945,1.136,0.87,1.165,0.961,0.663,1.109,1.237,0.881,0.779,1.196,1.091,1.12,1.155,1.06,0.643,0.925,1.01,1.262,1.025,0.911,1.083,0.964,1.242,0.86,1.013,1.01,0.939,1.207,1.001,1.378,1.323,1.428,1.162,0.928,1.181,1.295,1.362,0.659,0.683,1.207,1.08,1.151,0.996,1.449,1.169,0.99,1.025,1.003,0.974,1.251,0.963,1.196,1.002,0.758,0.933,1.438,1.208,1.191,1.041,1.246,1.096,0.797,1.214,1.012,1.133,0.799,1.054,1.105,1.238,1.291,1.027,1.184,1.309,0.893,0.735,0.992,0.831,1.127,1.253,1.285,1.268,1.195,1.288,1.251,0.93,1.333,1.628,1.032,0.864,1.613,1.283,1.117,1.301,1.015,1.062,1.229,0.461,1.209,1.204,1.302,1.38,0.974,0.878,1.447,1.05,0.708,0.794,0.921,1.174,0.772,1.015,0.813,1.329,0.987,1.251,0.945,1.031,1.221,1.306,0.723,0.991,1.332,1.161,1.16,0.822,1.151,0.789,1.053,1.233,1.047,0.919,0.947,1.002,0.992,1.36,1.17,1.315,1.08,0.874,1.183,1.181,1.014,1.122,0.968,0.961,1.463,0.897,1.189,1.067,1.24,0.929,0.949,1.386,1.061
I6,B,0.777,0.177,0.745,0.56,0.76,0.972,0.839,-0.16,1.568,0.67,-0.873,2.912,1.778,0.067,-0.086,1.575,1.454,0.58,1.088,2.151,-0.123,0.108,1.989,-1.431,0.164,1.612,0.711,0.909,1.242,2.671,0.804,0.298,0.413,-0.316,-0.155,0.607,1.637,1.377,-0.772,1.123,1.552,1.768,-1.431,1.11,-0.308,0.775,-0.602,0.178,1.213,1.101,0.812,-0.239,1.139,0.505,0.47,1.257,0.967,-0.851,2.148,0.705,-0.743,0.884,2.6,0.922,0.787,0.182,0.349,1.552,0.419,1.329,1.131,1.463,2.373,1.52,-2.233,1.127,1.962,1.329,1.694,1.715,1.031,0.336,1.598,-0.214,-0.797,2.151,0.113,1.152,0.236,-0.372,0.966,1.777,-0.02,3.753,0.043,1.121,2.37,0.678,2.396,1.362,1.354,1.041,1.784,-0.237,1.047,0.646,-0.557,0.254,2.001,-0.622,0.849,1.664,1.522,-0.122,0.656,0.062,0.499,-1.33,-1.099,0.513,3.349,1.398,-1.966,1.473,1.311,-0.682,2.266,1.745,-0.769,1.42,1.015,1.472,1.363,2.68,1.631,0.367,-0.036,0.447,-0.288,0.798,3.06,-0.027,3.347,0.864,1.11,-0.167,-0.36,1.136,2.765,2.473,0.234,2.38,2.472,-0.473,1.533,1.375,1.222,0.762,1.109,-0.059,1.505,0.927,1.25,2.134,0.114,-0.092,-1.174,-0.297,0.357,1.306,0.604,0.536,-0.54,1.259,-0.432,1.183,1.416,-1.052,-0.383,-0.014,2.547,0.827,-0.414,-0.804,0.802,0.775,1.617,0.49,1.194,-0.353,0.992,2.296,-0.129,0.498,1.738,3.381,-0.807,-1.421,1.983,2.323,0.796,2.644,0.381,0.002,1.276,1.911,0.586,1.515,1.787,1.519,-0.173,0.356,1.38,0.785,-1.498,0.134,0.328,2.078,0.578,1.236,1.251,1.912,0.596,1.005,2.893,1.576,0.71,1.708,0.8,-0.453,0.624,-2.352,-0.603,1.878,0.092,1.102,0.841,-1.856,2.332,0.147,1.015,2.224,-0.317,1.513,2.304,-0.108,-1.086,1.248,2.682,1.581,-0.179,0.673,0.982,1.228,0.383,2.639,-0.347,2.082,1.184,1.945,2.425,-0.766,2.231,-0.902,1.116,1.68,-0.656,-0.415,1.08,1.93,1.853,0.448,-1.292,2.162,0.002,1.027,0.525,-0.23,2.315,0.348,-0.015,0.589,0.586,0.58,-0.246,0.205,0.64,0.208,1.029,1.824,1.945,-0.66,0.193,1.05,0.11,1.705,2.191,0.718,1.394,0.682,0.278,-0.86,2.552,-0.325,3.074,0.72,-0.128,1.898,2.731,2.458,0.501,1.078,1.951,-0.58,2.396,0.681,0.657,0.655,1.564,1.182,0.165,2.603,0.246,2.712,1.314,0.114,0.043,-0.072,-1.241,0.802,0.527,1.263,0.379,0.273,0.04,-1.594,2.535,-1.337,-0.162,1.277,0.101,0.841,1.028,1.744,-0.762,1.949,0.53,-1.102,0.635,1.255,-0.059,1.747,1.067,0.459,2.381,1.795,2.036,-0.887,0.2,0.392,0.498,1.428,0.225,1.343,1.03,1.876,1.774,0.1,1.407,-1.358,0.959,0.595,0.719,0.756,0.672,-0.094,-1.726,0.537,-0.207,0.088,0.466,0.838,1.114,1.633,1.369,1.907,2.213,1.089,2.311,0.105,1.332,1.559,0.526,0.513,1.071,0.576,1.664,0.325,2.077,0.088,0.547,1.201,0.502,0.83,1.457,0.256,0.009,2.494,1.228,0.467,1.192,0.694,1.172,0.916,1.281,1.971,0.553,0.993,0.782,2.985,-0.058,-0.331,0.207,-0.268,0.656,1.026,1.026,1.731,1.749,-0.007,0.129,-0.444,-0.368,2.797,1.429,1.777,1.826,1.28,-0.245,0.245,1.131,1.865,0.61,1.336,-0.558,1.848,1.345,-1.345,0.839,0.584,-1.217,2.084,0.125,1.52,0.278,0.849,0.765,1.983,0.22,-0.317,0.027,0.935,2.767,0.446,0.321,0.27,2.066,0.632,1.448,2.317,-0.062,0.345,0.859,0.872,0.858,2.614,0.41,0.569,1.322,0.676,0.421,-0.74,2.427,2.031,1.672,0.333,1.786,1.298,1.129,1.437,-0.237,1.348,0.171,0.094,0.237,1.59,0.979,0.92,-0.527,0.634
I6,C,0.256,0.228,0.241,0.211,0.211,0.241,0.25,0.261,0.212,0.26,0.197,0.241,0.204,0.246,0.235,0.204,0.221,0.219,0.28,0.193,0.217,0.258,0.196,0.245,0.204,0.181,0.189,0.218,0.162,0.228,0.202,0.195,0.236,0.199,0.225,0.285,0.235,0.196,0.214,0.222,0.241,0.171,0.227,0.213,0.259,0.251,0.263,0.244,0.261,0.192,0.193,0.152,0.234,0.232,0.227,0.232,0.223,0.219,0.165,0.185,0.205,0.214,0.216,0.239,0.216,0.205,0.203,0.212,0.249,0.258,0.25,0.255,0.225,0.242,0.239,0.201,0.232,0.219,0.248,0.225,0.234,0.238,0.229,0.207,0.254,0.241,0.212,0.208,0.232,0.216,0.269,0.186,0.226,0.276,0.204,0.165,0.237,0.226,0.263,0.233,0.267,0.236,0.246,0.211,0.23,0.233,0.215,0.216,0.234,0.269,0.263,0.229,0.229,0.191,0.199,0.186,0.207,0.33,0.204,0.219,0.233,0.234,0.198,0.196,0.235,0.182,0.245,0.232,0.206,0.269,0.205,0.246,0.268,0.209,0.238,0.162,0.261,0.208,0.182,0.232,0.268,0.193,0.165,0.25,0.257,0.247,0.215,0.21,0.202,0.221,0.299,0.191,0.197,0.217,0.22,0.207,0.217,0.169,0.267,0.195,0.209,0.191,0.181,0.252,0.218,0.198,0.219,0.232,0.194,0.261,0.17,0.191,0.246,0.27,0.241,0.251,0.201,0.236,0.18,0.194,0.256,0.22,0.163,0.2,0.259,0.22,0.251,0.254,0.192,0.235,0.287,0.205,0.193,0.22,0.151,0.223,0.199,0.285,0.253,0.265,0.196,0.205,0.259,0.219,0.205,0.199,0.242,0.212,0.193,0.195,0.258,0.217,0.28,0.187,0.186,0.256,0.208,0.191,0.172,0.189,0.163,0.214,0.266,0.243,0.221,0.23,0.214,0.262,0.234,0.247,0.254,0.219,0.206,0.198,0.25,0.273,0.274,0.202,0.282,0.268,0.219,0.23,0.173,0.198,0.209,0.259,0.245,0.247,0.231,0.212,0.236,0.27,0.289,0.166,0.223,0.153,0.256,0.224,0.227,0.194,0.183,0.219,0.208,0.205,0.228,0.221,0.224,0.261,0.261,0.219,0.179,0.192,0.219,0.235,0.185,0.232,0.238,0.233,0.208,0.202,0.287,0.186,0.24,0.254,0.172,0.212,0.193,0.201,0.229,0.169,0.205,0.213,0.21,0.259,0.208,0.19,0.214,0.229,0.273,0.243,0.205,0.119,0.22,0.2,0.209,0.199,0.233,0.237,0.189,0.241,0.248,0.201,0.283,0.188,0.242,0.174,0.25,0.194,0.236,0.221,0.212,0.195,0.2,0.219,0.24,0.225,0.261,0.289,0.241,0.222,0.234,0.203,0.234,0.232,0.246,0.193,0.186,0.173,0.173,0.227,0.233,0.229,0.228,0.207,0.242,0.231,0.225,0.247,0.201,0.172,0.162,0.237,0.183,0.257,0.218,0.261,0.219,0.197,0.176,0.23,0.191,0.216,0.187,0.205,0.203,0.26,0.231,0.209,0.19,0.195,0.231,0.273,0.247,0.203,0.194,0.224,0.211,0.238,0.262,0.253,0.208,0.153,0.254,0.259,0.236,0.211,0.237,0.19,0.237,0.199,0.256,0.168,0.215,0.241,0.262,0.213,0.236,0.255,0.196,0.19,0.216,0.259,0.246,0.218,0.233,0.239,0.265,0.238,0.232,0.288,0.226,0.214,0.164,0.276,0.248,0.203,0.236,0.232,0.207,0.235,0.147,0.226,0.215,0.241,0.243,0.275,0.209,0.21,0.202,0.28,0.15,0.226,0.228,0.201,0.166,0.238,0.21,0.217,0.219,0.225,0.268,0.251,0.239,0.24,0.237,0.215,0.271,0.241,0.206,0.223,0.25,0.186,0.23,0.222,0.315,0.225,0.206,0.253,0.28,0.237,0.204,0.237,0.209,0.235,0.178,0.155,0.28,0.22,0.252,0.274,0.221,0.234,0.218,0.207,0.295,0.202,0.251,0.286,0.263,0.165,0.234,0.213,0.203,0.204,0.261,0.226,0.17,0.166,0.223,0.219,0.16,0.193,0.193,0.213,0.176,0.177,0.222,0.202,0.249,0.255
I7,A,1.119,0.915,1.304,1.25,1.064,0.944,1.154,1.22,1.072,1.459,0.838,1.039,0.887,0.925,1.261,0.974,1.386,0.951,0.816,1.268,1.264,0.993,0.987,0.994,1.085,1.159,1.032,1.065,1.309,0.935,0.905,1.259,1.235,1.46,1.174,1.024,1.108,1.008,1.393,1.38,0.958,1.44,0.757,0.967,1.077,1.1,1.048,1.357,0.86,1.275,1.202,0.908,1.118,0.925,1.378,1.153,1.245,1.062,0.924,0.964,1.348,1.041,1.101,0.935,0.984,1.024,0.786,1.331,1.18,1.092,0.978,1.034,1.339,1.41,1.207,0.958,1.261,1.093,1.246,1.336,0.872,1.197,0.963,0.844,0.809,1.222,1.206,1.241,1.26,1.17,1.075,0.85,0.978,0.994,1.177,1.443,1.176,0.902,0.933,1.3,1.19,0.824,1.125,1.311,0.945,1.066,0.779,1.239,1.052,0.935,1.241,0.924,1.262,0.883,1.304,0.935,0.937,1.228,0.897,0.845,0.818,1.26,1.051,1.403,0.987,1.118,0.775,1.284,0.901,0.972,0.853,1.444,1.122,0.84,0.929,1.29,0.838,1.146,1.183,1.036,0.712,1.099,0.731,0.846,0.988,0.982,1.268,1.325,0.9,0.935,1.207,1.129,0.903,0.956,1.12,1.37,0.879,1.177,1.147,0.706,0.901,1.07,1.3,1.151,0.868,1.529,1.151,1.096,0.838,1.122,1.249,1.283,1.071,1.584,0.78,0.971,1.002,1.015,0.934,1.283,1.062,1.23,0.762,0.97,1.291,1.038,0.859,1.198,1.14,1.158,1.087,1.188,1.157,1.267,1.353,0.993,1.079,1.081,0.817,1.012,0.909,1.059,1.108,1.31,1.232,1.453,1.118,1.235,0.777,0.874,1.16,1.596,1.023,1.26,1.305,1.116,1.061,1.12,1.049,1.15,0.987,0.977,1.298,0.931,0.934,0.889,0.768,1.283,1.129,1.633,1.022,1.417,1.311,1.31,1.025,0.922,0.785,1.099,0.954,1.17,0.879,1.309,1.153,0.906,0.953,0.732,1.042,0.617,1.477,1.364,1.201,1.032,1.382,0.811,1.054,1.112,1.097,1.347,0.911,1.182,1.104,1.019,1.201,0.964,1.458,1.031,1.302,1.045,1.175,1.087,1.161,1.065,1.152,0.89,0.973,0.915,1.085,1.316,0.778,1.012,1.282,1.491,1.063,0.768,1.169,0.891,0.864,1.1,0.904,1.277,0.61,0.937,1.159,1.459,1.133,1.014,1.008,1.084,1.191,1.337,1.354,1.124,1.158,0.529,0.868,0.958,1.383,1.198,0.958,1.027,1.019,0.878,1.184,1.081,0.92,1.215,1.081,1.042,0.808,0.795,0.844,0.706,1.201,1.18,1.219,1.202,0.982,1.14,1.036,0.918,0.548,1.515,1.225,0.953,1.211,0.892,0.852,1.147,1.078,1.087,0.773,1.041,1.324,0.534,1.33,0.792,1.211,1.51,0.867,1.284,1.173,0.913,1.559,0.919,1.552,1.473,1.143,1.089,1.395,0.803,1.313,0.988,1.087,0.983,1.025,1.156,0.887,1.139,0.867,0.733,0.923,0.965,0.814,1.14,1.077,0.909,0.997,0.832,1.045,1.078,1.062,1.231,1.16,1.147,0.897,1.202,1.201,0.966,1.325,0.744,0.793,1.136,1.262,0.939,1.513,1.335,0.971,1.063,1.138,1.049,1.057,1.071,1.418,1.137,0.997,1.199,0.688,0.814,1.013,1.247,1.27,1.214,0.722,0.844,0.9,0.854,0.941,0.86,0.906,1.276,1.345,1.014,1.032,1.116,1.132,0.604,0.813,1.092,1.174,1.207,1.238,0.954,1.235,1.578,1.312,0.905,1.163,1.172,1.19,1.166,1.058,0.802,1.039,1.212,1.162,1.106,1.017,1.141,1.708,1.291,0.906,0.734,1.059,1.116,1.281,0.7,1.361,0.801,1.094,1.078,1.223,0.992,1.331,1.031,1.273,1.211,0.88,0.776,0.893,1.133,1.015,1.184,0.879,0.935,1.159,0.984,1.516,0.766,0.901,1.591,1.44,0.929,0.847,1.17,0.545,1.12,0.899,1.319,0.782,1.275,1.069,1.288,0.831,1.155,0.722,1.233,1.142,0.902,0.838,1.129
I7,B,2.082,1.385,0.639,1.4,0.301,0.914,-0.623,1.094,0.163,1.252,1.844,1.034,-0.057,-0.705,1.179,-0.254,1.604,1.363,1.837,0.575,1.371,0.623,-0.779,-0.631,0.972,-0.142,1.348,-0.563,1.339,0.608,0.815,-0.1,2.472,1.133,-0.047,-0.241,0.154,2.236,0.762,-2.881,1.008,0.043,0.619,0.394,1.123,2.697,-0.068,1.463,-0.762,1.105,0.413,0.229,1.435,0.523,0.059,-0.814,0.162,0.529,2.104,0.376,-0.952,1.386,0.845,2.09,-0.236,0.186,1.018,0.905,1.809,1.176,0.967,1.085,1.063,0.318,-0.014,-0.327,0.94,-0.192,1.26,0.304,1.356,2.966,0.902,-0.666,1.255,0.498,0.772,1.389,1.025,0.863,1.825,1.723,0.667,-1.771,0.579,1.227,-0.374,-0.06,0.712,0.825,0.289,1.27,0.913,1.544,1.518,-0.271,-1.851,-0.288,0.982,0.576,-0.094,-0.366,1.806,0.34,1.823,1.006,-0.292,0.924,-0.104,-0.176,0.239,1.251,0.047,1.934,0.599,1.692,0.016,0.923,1.463,0.329,2.103,0.864,2.513,0.501,0.562,-0.643,0.04,0.988,0.637,2.372,1.112,0.16,0.626,1.577,-2.212,-0.044,0.949,0.028,0.241,1.832,1.462,0.595,-0.35,-0.966,-1.369,-0.047,0.057,1.756,-0.061,1.158,1.217,-0.3,1.032,1.397,0.142,-1.362,0.247,1.585,-0.174,0.92,1.699,0.721,0.137,0.612,1.829,0.966,0.544,-1.286,1.008,0.085,-0.248,1.639,1.614,1.065,0.173,1.011,1.686,1.794,3.372,0.545,0.89,0.837,1.788,1.789,1.547,0.138,0.577,0.262,1.3,1.289,-0.555,1.045,3.086,0.306,-0.161,0.86,-1.01,0.475,0.959,1.421,0.752,2.289,0.554,1.204,-1.207,-1.156,0.467,0.776,0.442,-0.174,0.442,1.07,-0.486,0.97,-0.948,0.251,-0.611,0.438,0.652,1.977,0.594,1.684,0.856,-0.529,0.533,1.235,1.269,0.51,0.427,1.845,1.39,1.449,1.181,1.56,0.215,0.967,0.506,-1.538,-0.972,1.985,0.118,1.667,1.817,1.523,0.571,0.549,1.446,2.542,1.478,-0.215,0.811,0.343,1.655,0.314,2.02,0.442,0.935,0.3,-0.452,0.21,1.073,3.034,1.242,1.184,2.233,1.852,0.704,0.564,1.582,2.214,0.502,0.759,2.59,2.359,0.696,0.171,1.985,1.38,0.913,0.501,0.928,0.713,-0.242,1.33,0.992,-0.087,1.055,0.658,0.486,0.561,1.87,0.828,0.662,1.702,0.445,2.04,0.6,-0.17,-0.696,1.099,0.488,1.112,2.359,0.336,-0.265,2.874,-0.392,-0.2,0.829,0.529,0.907,0.737,0.586,1.424,0.491,1.203,1.674,-0.271,0.131,1.614,2.275,2.411,-0.817,0.819,1.528,0.845,1.439,-0.579,1.282,0.952,1.027,1.34,-0.313,2.313,0.903,1.649,-0.124,0.232,0.021,1.873,1.519,0.919,0.454,0.961,0.271,0.771,-0.779,-0.81,2.962,1.447,1.647,0.817,0.212,1.319,-0.454,1.313,-0.319,2.394,-0.396,0.585,1.822,-0.922,-0.721,0.308,0.317,0.907,0.865,-0.326,2.058,-0.811,-0.346,3.986,2.315,0.038,1.839,-0.157,-0.338,0.7,1.96,0.78,0.557,2.091,1.315,0.684,1.937,-0.23,1.197,0.943,-0.322,1.324,0.415,3.03,0.742,1.212,1.239,2.28,-0.262,0.958,1.012,-0.176,1.795,-0.41,0.254,0.55,1,-0.055,1.675,1.535,2.418,1.453,-0.351,0.132,2.063,0.791,0.195,1.344,0.892,1.702,-0.209,2.321,3.238,1.957,1.591,0.111,0.16,3.182,0.704,-0.868,-0.59,1.761,0.399,1.492,-0.68,2.225,-0.462,-1.213,0.404,-0.865,0.882,0.983,0.748,-0.354,0.701,1.028,0.903,-0.362,1.928,0.815,-0.833,0.781,0.209,2.539,0.086,1.262,-0.018,2.303,3.152,0.518,0.193,1.168,0.741,1.537,-1.358,-0.218,-0.682,1.285,0.597,0.597,1.841,0.386,1.183,-0.012,1.289,1.478,1.511,0.861,0.886,2.696,1.43,0.014,0.735,1.549,1.482,1.921,2.689,2.844,-0.487,1.022,-0.704,-0.612
I7,C,0.166,0.261,0.208,0.216,0.24,0.208,0.18,0.217,0.189,0.153,0.211,0.145,0.254,0.239,0.187,0.157,0.21,0.197,0.226,0.143,0.181,0.17,0.199,0.254,0.19,0.217,0.215,0.175,0.209,0.187,0.253,0.189,0.193,0.152,0.228,0.249,0.199,0.227,0.205,0.209,0.178,0.187,0.151,0.229,0.183,0.185,0.194,0.235,0.244,0.212,0.215,0.132,0.168,0.246,0.183,0.18,0.246,0.215,0.203,0.108,0.226,0.164,0.184,0.22,0.201,0.235,0.173,0.229,0.174,0.24,0.216,0.187,0.193,0.195,0.156,0.213,0.157,0.136,0.173,0.209,0.194,0.233,0.182,0.182,0.215,0.133,0.192,0.13,0.175,0.185,0.137,0.188,0.193,0.157,0.196,0.138,0.158,0.219,0.237,0.151,0.239,0.23,0.217,0.184,0.236,0.183,0.188,0.179,0.165,0.174,0.229,0.17,0.156,0.252,0.239,0.23,0.168,0.187,0.176,0.184,0.221,0.203,0.191,0.257,0.217,0.207,0.19,0.145,0.176,0.181,0.207,0.192,0.243,0.181,0.183,0.173,0.208,0.25,0.205,0.16,0.203,0.21,0.232,0.218,0.275,0.19,0.148,0.169,0.183,0.248,0.146,0.217,0.224,0.162,0.215,0.196,0.206,0.259,0.204,0.221,0.207,0.167,0.179,0.215,0.26,0.221,0.221,0.22,0.294,0.249,0.144,0.18,0.173,0.209,0.192,0.156,0.17,0.174,0.201,0.225,0.158,0.282,0.23,0.144,0.189,0.217,0.188,0.17,0.212,0.166,0.156,0.196,0.227,0.22,0.288,0.209,0.118,0.194,0.125,0.242,0.236,0.162,0.234,0.181,0.252,0.237,0.194,0.235,0.202,0.21,0.173,0.173,0.203,0.184,0.183,0.214,0.12,0.172,0.221,0.225,0.226,0.215,0.195,0.172,0.243,0.195,0.247,0.184,0.244,0.133,0.17,0.217,0.183,0.176,0.248,0.175,0.187,0.194,0.198,0.201,0.203,0.225,0.202,0.205,0.198,0.186,0.173,0.216,0.194,0.193,0.196,0.175,0.179,0.208,0.22,0.19,0.194,0.154,0.105,0.163,0.187,0.196,0.224,0.215,0.213,0.21,0.211,0.242,0.191,0.194,0.181,0.145,0.253,0.198,0.162,0.156,0.249,0.206,0.183,0.222,0.267,0.143,0.28,0.188,0.187,0.21,0.191,0.234,0.153,0.177,0.191,0.176,0.24,0.235,0.196,0.238,0.176,0.164,0.198,0.178,0.137,0.199,0.201,0.221,0.184,0.201,0.133,0.209,0.185,0.181,0.184,0.19,0.174,0.176,0.189,0.215,0.24,0.174,0.216,0.192,0.183,0.191,0.195,0.213,0.242,0.211,0.189,0.249,0.194,0.237,0.2,0.247,0.228,0.215,0.216,0.196,0.19,0.214,0.234,0.146,0.142,0.236,0.203,0.131,0.2,0.145,0.187,0.213,0.207,0.252,0.195,0.191,0.251,0.219,0.166,0.226,0.16,0.242,0.179,0.193,0.123,0.185,0.16,0.226,0.191,0.21,0.208,0.209,0.148,0.177,0.171,0.175,0.232,0.23,0.186,0.149,0.161,0.158,0.195,0.18,0.215,0.173,0.18,0.217,0.167,0.206,0.254,0.159,0.16,0.182,0.234,0.161,0.152,0.289,0.245,0.253,0.21,0.205,0.204,0.186,0.14,0.226,0.165,0.207,0.183,0.185,0.269,0.195,0.146,0.18,0.131,0.162,0.184,0.186,0.178,0.231,0.206,0.234,0.193,0.197,0.194,0.245,0.2,0.221,0.213,0.194,0.206,0.204,0.171,0.219,0.236,0.172,0.155,0.192,0.216,0.21,0.192,0.206,0.249,0.209,0.191,0.205,0.172,0.211,0.201,0.176,0.164,0.26,0.178,0.252,0.163,0.202,0.209,0.194,0.181,0.149,0.205,0.179,0.17,0.184,0.193,0.186,0.226,0.263,0.163,0.214,0.195,0.221,0.18,0.218,0.215,0.212,0.232,0.19,0.22,0.213,0.194,0.237,0.207,0.236,0.195,0.211,0.219,0.246,0.207,0.171,0.193,0.265,0.18,0.206,0.192,0.226,0.174,0.185,0.244,0.163,0.208,0.213,0.153,0.171
I8,A,0.318,0.586,0.333,0.435,0.654,0.298,0.295,0.638,0.228,0.227,0.462,0.476,0.229,0.347,0.489,0.426,0.364,0.474,0.329,0.612,0.683,0.441,0.376,0.407,0.89,0.664,0.458,0.416,0.646,0.367,0.254,0.086,0.224,0.393,0.835,0.406,0.75,0.724,0.33,0.383,0.706,0.395,0.528,0.847,0.575,0.79,0.469,0.541,0.516,0.619,0.438,0.163,0.572,0.538,0.308,0.219,0.24,0.247,0.645,0.266,0.417,0.838,0.31,0.195,0.569,0.516,0.414,0.382,0.45,0.337,0.887,0.466,0.522,0.617,0.294,0.434,0.263,0.366,0.636,0.239,0.299,0.523,0.405,0.737,0.264,0.417,0.922,0.739,0.581,0.379,0.559,0.584,0.449,0.457,0.722,0.474,0.544,0.577,0.707,0.258,0.211,0.283,0.703,0.437,0.72,0.727,0.386,0.584,0.487,0.522,0.379,0.818,0.215,0.36,0.564,0.318,0.457,0.663,0.305,0.492,0.578,0.488,0.543,0.203,0.463,0.158,0.587,0.471,0.408,0.488,0.096,0.454,0.526,0.541,0.638,0.515,0.245,0.263,0.623,0.308,0.692,0.173,0.799,0.359,0.514,0.732,0.446,0.419,0.196,0.671,0.338,0.303,0.297,0.167,0.386,0.635,0.473,0.64,0.401,0.423,0.372,0.244,0.459,0.283,0.446,0.459,0.714,0.585,0.453,0.188,0.837,0.487,0.771,0.206,0.165,0.498,0.689,0.421,0.731,0.496,0.411,0.312,0.083,0.488,0.652,0.688,0.45,0.527,0.307,0.158,0.603,0.137,0.308,0.334,0.291,0.183,0.032,0.6,0.201,0.197,0.107,0.96,0.487,0.31,0.2,0.41,0.383,0.582,0.381,0.695,0.371,0.17,0.349,0.29,0.139,0.586,0.671,0.432,0.455,0.532,0.494,0.596,0.148,0.589,0.464,0.386,0.387,0.523,0.472,0.435,0.63,0.742,0.389,0.29,0.567,0.348,0.763,0.528,0.415,0.202,0.676,0.324,0.428,0.39,0.815,0.397,0.538,0.553,0.353,0.724,0.45,0.206,0.408,0.423,0.025,0.237,0.506,0.343,0.344,0.47,0.537,0.261,0.527,0.344,0.342,0.426,0.44,0.764,0.122,0.758,0.458,0.709,0.383,0.519,0.462,0.379,0.209,0.417,0.4,0.352,0.598,0.596,0.103,0.383,0.427,0.676,0.77,0.01,0.52,0.422,0.076,0.38,0.267,0.314,0.571,0.104,0.562,0.278,0.38,0.583,0.255,0.239,0.545,0.439,0.222,0.47,0.38,0.644,0.36,0.371,0.592,0.447,0.479,0.473,0.473,0.567,0.791,0.448,0.32,0.619,0.404,0.821,0.183,0.396,0.695,0.114,0.147,0.286,0.193,0.6,0.095,0.282,0.195,0.468,0.315,0.467,0.332,0.481,0.271,0.463,0.34,0.117,0.575,0.179,0.68,0.364,0.543,0.586,0.709,0.288,0.388,0.587,0.496,0.755,0.395,0.152,0.386,0.433,0.64,0.515,0.339,0.544,0.471,0.4,0.366,0.31,0.79,0.34,0.331,0.062,0.537,0.412,0.697,0.748,0.633,0.545,0.396,0.679,0.555,0.242,0.381,0.407,0.304,0.444,0.485,0.748,0.033,0.499,0.483,0.461,0.823,0.449,0.251,0.699,0.331,0.551,0.447,0.43,0.567,0.458,0.61,0.287,0.064,0.135,0.458,0.488,0.624,0.58,0.47,0.245,0.467,0.444,0.343,0.419,0.718,0.592,0.316,0.142,0.109,0.482,0.696,0.674,0.381,0.575,0.377,0.29,0.465,0.556,0.851,0.63,0.496,0.329,0.547,0.308,0.517,0.489,0.36,0.294,0.166,0.488,0.772,0.335,0.516,0.641,0.251,0.564,0.284,0.583,0.199,0.269,0.395,0.699,0.706,0.344,0.32,0.383,0.378,0.238,0.292,0.231,0.691,0.734,0.543,0.09,0.604,0.148,0.424,0.591,0.41,0.53,0.553,0.635,0.3,0.568,0.69,0.589,0.282,0.77,0.728,0.308,0.398,0.991,0.729,0.635,0.38,0.423,0.465,0.564,0.416,0.509,0.303,0.598,0.67,0.138,0.625,0.874,0.131,0.486,0.629,0.291
I8,B,2.865,0.932,2.436,0.319,0.13,1.928,1.624,1.713,4.593,2.69,0.86,2.138,2.701,2.528,2.394,2.572,-0.344,2.029,1.804,1.039,1.754,1.63,2.614,0.73,0.662,2.276,0.626,1.826,1.971,0.552,2.659,2.557,0.507,2.662,3.669,0.999,0.541,0.412,2.013,1.766,2.863,1.47,-0.317,1.493,3.518,2.467,2.384,1.159,2.083,1.99,0.747,0.004,1.127,3.273,1.105,1.907,1.833,0.972,1.988,1.796,2.367,1.789,1.627,3.508,1.251,2.318,0.561,1.013,1.844,2.398,1.995,2.885,1.713,0.973,1.669,-0.3,0.71,2.302,2.035,2.134,2.048,1.81,1.405,2.91,1.713,0.633,-0.254,2.214,2.274,1.565,1.773,2.203,2.121,1.504,2.33,0.258,0.022,-0.369,0.915,2.246,2.342,0.4,0.559,3.186,1.768,2.528,1.157,0.044,1.024,0.508,1.08,2.221,1.474,2.924,2.982,1.915,1.523,1.687,2.263,1.124,0.88,0.879,1.889,1.243,0.178,1.563,1.503,2.056,2.002,0.964,2.501,1.697,-0.574,1.261,1.491,0.058,2.837,1.81,1.733,0.076,1.594,3.186,0.595,1.743,1.694,2.462,1.09,-0.231,1.87,1.548,1.415,0.743,0.833,2.097,-0.155,2.577,2.31,1.43,2.121,2.714,1.755,1.824,3.185,1.061,2.857,2.126,2.743,0.972,3.036,2.476,2.244,1.275,0.231,-0.715,1.314,1.201,1.717,1.606,1.249,0.836,1.31,3.337,2.175,1.388,0.906,1.087,2.016,2.776,1.579,3.195,2.737,2.179,1.774,2.945,2.595,3.012,1.457,2.45,0.674,0.409,0.581,0.25,0.993,0.449,3.299,1.695,1.952,0.98,3.376,1.199,1.404,1.314,0.694,1.663,2.336,2.525,3.08,2.515,2.07,2.566,2.307,0.771,0.442,0.717,1.932,2.032,1.289,1.245,0.527,2.042,2.825,3.283,1.226,0.58,-1.216,2.859,2.203,0.787,2.262,0.358,2.289,1.833,3.897,2.606,1.742,2.323,-0.253,1.62,-1.078,0.66,0.677,0.323,0.185,1.329,1.61,2.259,0.957,2.659,3.462,1.163,2.239,2.519,1.605,2.448,0.063,3.079,1.356,0.813,2.124,1.432,1.77,-0.022,1.462,1.809,2.403,1.885,2.965,1.137,2.226,3.408,1.673,2.086,0.927,0.287,1.708,1.77,1.486,2.645,1.985,2.404,0.91,1.594,2.95,1.826,1.925,4.168,2.198,1.008,1.825,3.754,2.567,2.053,2.175,2.424,1.318,3.084,0.371,0.602,2.229,-0.196,2.048,2.698,1.102,1.398,2.887,2.387,2.387,1.526,0.584,2.219,1.779,2.262,0.706,1.567,1.694,2.02,1.124,2.843,0.599,1.841,3.148,-0.122,0.922,3.687,-0.425,0.54,0.677,0.038,2.903,1.25,2.581,3.343,2.807,0.172,1.972,1.939,0.517,3.975,3.179,1.476,2.485,1.044,1.694,1.129,2.05,-0.356,3.203,1.642,2.248,2.213,2.48,1.105,1.824,-0.052,1.28,1.417,2.143,1.298,-0.377,-0.544,2.265,0.915,1.976,2.739,1.742,1.059,2.096,3.28,2.995,1.347,1.725,1.259,3.088,-0.664,2.852,0.052,2.726,0.925,1.712,0.605,1.999,1.158,2.458,0.62,1.802,1.5,0.632,3.365,1.637,2.477,0.831,0.644,3.072,0.743,2.404,1.153,0.771,1.121,2.864,-0.438,0.87,2.245,1.976,1.74,1.072,1.885,1.913,0.312,-0.12,2.219,1.419,0.145,-0.568,1.952,2.329,0.516,1.202,1.815,2.413,0.358,2.47,2.409,1.087,0.376,0.092,1.867,1.799,2.439,2.758,1.366,0.437,0.327,1.362,1.551,3.033,2.192,0.92,3.568,0.125,1.641,0.966,2.143,3.195,2.402,0.973,0.487,1.138,-0.091,2.404,0.503,1.158,1.387,2.823,-0.196,2.68,0.486,2.995,1.86,1.538,1.515,1.072,1.735,3.421,-0.822,2.09,1.874,2.526,1.654,1.619,2.206,2.643,0.154,2.675,3.275,1.331,1.186,2.353,1.266,0.381,1.455,1.431,1.137,2.171,2.969,2.053,2.223,0.945,1.277,-0.436,2.892
I8,C,0.214,0.222,0.165,0.195,0.226,0.226,0.17,0.162,0.204,0.21,0.24,0.181,0.262,0.21,0.224,0.218,0.207,0.214,0.213,0.159,0.193,0.143,0.189,0.186,0.162,0.198,0.15,0.227,0.231,0.214,0.233,0.231,0.229,0.219,0.164,0.236,0.144,0.257,0.237,0.212,0.178,0.206,0.221,0.173,0.149,0.213,0.161,0.156,0.191,0.178,0.201,0.191,0.199,0.206,0.21,0.177,0.22,0.256,0.229,0.164,0.207,0.23,0.202,0.259,0.215,0.211,0.208,0.183,0.207,0.253,0.24,0.189,0.151,0.184,0.204,0.191,0.198,0.173,0.224,0.212,0.161,0.194,0.185,0.211,0.188,0.209,0.159,0.179,0.191,0.225,0.178,0.248,0.198,0.207,0.151,0.149,0.191,0.207,0.227,0.231,0.272,0.163,0.191,0.166,0.208,0.19,0.21,0.212,0.184,0.235,0.202,0.242,0.183,0.199,0.189,0.197,0.188,0.218,0.156,0.179,0.19,0.197,0.223,0.227,0.171,0.214,0.191,0.24,0.179,0.223,0.203,0.184,0.182,0.174,0.191,0.19,0.151,0.169,0.184,0.162,0.157,0.186,0.163,0.171,0.205,0.143,0.194,0.248,0.224,0.185,0.233,0.225,0.187,0.254,0.221,0.187,0.179,0.207,0.18,0.214,0.225,0.24,0.181,0.15,0.224,0.153,0.196,0.172,0.187,0.19,0.193,0.204,0.209,0.225,0.171,0.21,0.197,0.205,0.203,0.137,0.255,0.163,0.265,0.197,0.22,0.252,0.186,0.159,0.2,0.144,0.208,0.186,0.2,0.096,0.198,0.204,0.142,0.234,0.21,0.204,0.218,0.224,0.189,0.17,0.195,0.191,0.173,0.207,0.259,0.197,0.243,0.211,0.219,0.227,0.15,0.159,0.158,0.175,0.247,0.232,0.168,0.238,0.167,0.227,0.219,0.209,0.22,0.219,0.253,0.221,0.181,0.143,0.201,0.165,0.217,0.212,0.181,0.198,0.205,0.189,0.219,0.191,0.208,0.195,0.155,0.171,0.185,0.216,0.278,0.159,0.217,0.208,0.162,0.179,0.169,0.176,0.213,0.186,0.238,0.236,0.195,0.221,0.187,0.207,0.211,0.251,0.213,0.21,0.171,0.222,0.153,0.175,0.184,0.193,0.213,0.198,0.157,0.124,0.224,0.154,0.181,0.198,0.242,0.235,0.199,0.151,0.179,0.243,0.181,0.159,0.177,0.168,0.213,0.208,0.158,0.175,0.185,0.205,0.18,0.246,0.126,0.231,0.183,0.21,0.19,0.265,0.19,0.212,0.218,0.164,0.152,0.191,0.162,0.186,0.165,0.188,0.222,0.166,0.189,0.203,0.209,0.194,0.185,0.202,0.147,0.195,0.282,0.228,0.209,0.227,0.202,0.184,0.157,0.219,0.214,0.202,0.231,0.236,0.217,0.133,0.203,0.21,0.165,0.244,0.153,0.205,0.194,0.192,0.224,0.234,0.246,0.155,0.223,0.215,0.242,0.218,0.218,0.222,0.181,0.199,0.163,0.216,0.187,0.195,0.193,0.172,0.226,0.221,0.195,0.192,0.167,0.213,0.19,0.188,0.221,0.182,0.176,0.171,0.199,0.21,0.228,0.193,0.228,0.238,0.205,0.159,0.289,0.204,0.229,0.263,0.212,0.276,0.184,0.18,0.216,0.211,0.215,0.173,0.178,0.211,0.22,0.152,0.149,0.193,0.154,0.144,0.183,0.232,0.179,0.201,0.239,0.228,0.163,0.207,0.226,0.198,0.137,0.155,0.163,0.214,0.186,0.213,0.209,0.215,0.193,0.198,0.197,0.179,0.204,0.208,0.181,0.22,0.234,0.234,0.222,0.218,0.218,0.247,0.251,0.212,0.204,0.188,0.155,0.198,0.193,0.21,0.207,0.196,0.195,0.148,0.162,0.179,0.2,0.189,0.19,0.224,0.192,0.22,0.178,0.239,0.181,0.213,0.166,0.223,0.233,0.196,0.263,0.264,0.234,0.129,0.154,0.192,0.176,0.207,0.209,0.182,0.205,0.209,0.17,0.193,0.196,0.195,0.136,0.155,0.179,0.173,0.206,0.253,0.209,0.234,0.186,0.181,0.151,0.184,0.224,0.203,0.278,0.274,0.204,0.167
I9,A,0.232,0.198,0.294,0.698,0.702,0.317,0.641,0.264,0.28,0.339,0.317,0.384,0.32,0.282,0.322,0.156,0.107,0.017,0.053,0.732,0.166,0.318,0.427,0.265,0.538,0.561,0.798,0.528,0.049,0.451,0.189,0.437,0.159,0.517,0.597,0.61,0.38,0.019,0.357,0.438,0.251,0.43,0.641,0.428,0.241,0.501,0.618,0.482,0.191,0.257,0.329,0.569,0.396,0.231,0.532,0.195,0.103,0.337,0.26,0.123,0.268,0.291,0.232,0.845,0.133,0.63,0.427,0.142,0.057,0.003,0.367,0.224,0.221,0.569,0.547,0.619,0.635,0.627,0.606,0.298,0.144,0.376,0.682,0.405,0.45,0.337,0.111,0.419,0.03,0.249,0.089,0.691,0.269,0.263,0.585,0.592,0.265,0.275,0.243,0.311,0.106,0.346,0.45,0.367,0.206,0.527,0.22,0.471,0.347,0.407,0.018,0.426,0.573,0.468,0.445,0.208,0.531,0.246,0.306,0.355,0.316,0.576,0.386,0.57,0.515,0.183,0.162,0.484,0.507,0.666,0.284,0.393,0.619,0.019,0.313,0.177,0.243,0.319,0.392,0.249,0.66,0.298,0.457,0.325,0.559,0.228,0.158,0.403,0.505,0.244,0.26,0.118,0.196,0.173,0.197,0.008,0.215,0.59,0.421,0.283,0.435,0.304,0.451,0.489,0.429,0.473,0.637,0.479,0.641,0.546,0.202,0.276,0.319,0.575,0.789,0.109,0.222,0.189,0.212,0.208,0.314,0.2,0.192,0.455,0.326,0.218,0.217,0.395,0.022,0.462,0.447,0.453,0.256,0.51,0.62,0.42,0.695,0.258,0.606,0.462,0.349,0.078,0.466,0.349,0.103,0.395,0.118,0.346,0.14,0.219,0.464,0.621,0.419,0.573,0.237,0.433,0.194,0.042,0.632,0.04,0.504,0.183,0.166,0.249,0.331,0.036,0.426,0.382,0.291,0.104,0.369,0.383,0.064,0.637,0.225,0.359,0.497,0.358,0.266,0.498,0.356,0.618,0.853,0.577,0.1,0.642,0.263,0.57,0.39,0.379,0.306,0.163,0.258,0.253,0.603,0.526,0.301,0.184,0.129,0.505,0.298,0.146,0.486,0.566,0.534,0.255,0.014,0.37,0.543,0.124,0.441,0.245,0.299,0.288,0.314,0.144,0.375,0.561,0.303,0.304,0.737,0.146,0.527,0.405,0.138,0.157,0.381,0.282,0.375,0.26,0.036,0.312,0.096,0.477,0.304,0.393,0.226,0.594,0.243,0.246,0.164,0.506,0.615,0.801,0.369,0.588,0.463,0.306,0.611,0.132,0.014,0.045,0.504,0.276,0.187,0.353,0.018,0.358,0.577,0.713,0.142,0.34,0.143,0.374,0.347,0.361,0.479,0.505,0.104,0.479,0.182,0.348,0.231,0.127,0.329,0.322,0.425,0.436,0.211,0.527,0.337,0.048,0.422,0.072,0.473,0.476,0.307,0.184,0.382,0.005,0.154,0.235,0.319,0.537,0.302,0.063,0.564,0.383,0.834,0.254,0.574,0.21,0.279,0.198,0.25,0.413,0.421,0.225,0.327,0.474,0.245,0.216,0.313,0.506,0.248,0.453,0.064,0.231,0.326,0.185,0.288,0.557,0.362,0.489,0.345,0.484,0.34,0.291,0.06,0.484,0.213,0.647,0.233,0.397,0.306,0.413,0.685,0.6,0.452,0.572,0.284,0.159,0.095,0.058,0.44,0.402,0.353,0.031,0.161,0.409,0.496,0.578,0.107,0.351,0.355,0.678,0.248,0.049,0.227,0.362,0.472,0.188,0.177,0.472,0.139,0.291,0.152,0.618,0.493,0.14,0.523,0.231,0.3,0.604,0.424,0.34,0.237,0.296,0.338,0.078,0.443,0.024,0.197,0.287,0.422,0.14,0.184,0.44,0.885,0.449,0.678,0.127,0.445,0.34,0.487,0.653,0.223,0.724,0.231,0.502,0.054,0.417,0.143,0.091,0.275,0.064,0.747,0.33,0.638,0.458,0.44,0.222,0.433,0.142,0.357,0.314,0.137,0.476,0.709,0.267,0.655,0.139,0.205,0.394,0.426,0.41,0.325,0.606,0.67,0.325,0.178,0.425,0.695,0.255,0.385,0.57,0.45,0.282,0.294,0.245
I9,B,0.871,2.115,2.715,1.977,1.418,-1.291,1.136,2.041,2.824,1.626,1.988,-0.153,0.955,2.321,2.225,1.039,-0.52,2.905,1.496,4.314,2.593,2.179,2.629,0.94,0.582,1.139,0.189,-0.211,1.495,1.787,3.272,0.299,1.425,1.505,1.201,-0.104,3.783,1.915,1.203,1.742,0.649,-0.852,1.337,1.216,-0.154,1.831,1.333,1.385,1.101,0.887,1.273,0.855,-0.174,2.793,2.358,0.493,-0.454,2.066,2.816,2.251,0.804,0.579,2.152,1.433,0.856,1.777,1.869,2.338,0.999,0.106,1.064,0.101,1.811,2.975,2.885,1.557,3.897,0.97,1.884,1.276,0.023,1.161,1.436,0.172,1.027,3.544,0.737,1.089,3.205,0.171,0.653,2.275,1.709,1.021,1.9,2.225,2.935,3.124,-0.039,1.878,0.955,2.053,1.256,2.391,1.533,-0.762,0.1,1.222,0.557,0.914,0.751,1.736,-0.065,2.165,0.689,0.961,0.007,3.472,0.867,2.034,2.262,1.393,2.381,0.559,2.886,2.244,0.598,1.758,0.65,2.81,2.291,3.645,0.797,2.388,2.014,1.234,3.352,0.842,0.55,1.259,1.561,1.593,1.832,1.384,0.998,2.121,2.858,1.54,2.025,2.209,2.279,1.579,0.66,1.043,-0.015,-0.201,-0.947,1.108,1.041,1.412,1.102,0.278,0.923,3.308,0.284,1.921,3.372,1.905,3.37,0.866,1.974,1.452,1.584,0.354,0.658,3.651,0.211,3.089,1.513,1.605,1.514,0.604,0.675,3.493,2.504,-0.343,2.891,3.801,1.992,1.465,0.759,1.245,2.408,2.536,0.501,0.19,0.417,1.301,2.473,2.67,0.857,1.158,2.085,1.586,2.81,0.523,1.24,0.255,1.742,2.863,1.45,2.597,2.611,0.842,1.54,1.373,-0.484,0.555,0.646,1.373,0.563,1.671,2.348,1.71,2.573,1.518,1.163,1.834,1.556,1.162,0.613,2.644,0.659,1.457,2.142,1.804,2.935,1.537,1.676,1.446,2.108,-0.308,0.276,0.191,1.768,0.134,1.549,0.59,1.499,1.513,1.916,1.38,1.039,2.56,2.061,1.26,0.522,0.814,1.405,2.617,1.159,0.633,0.384,2.816,1.235,2.198,1.166,2.077,2.4,0.256,1.401,0.925,4.836,1.984,0.434,2.896,1.985,0.821,0.999,2.984,1.713,1.619,2.498,1.025,0.813,1.606,2.4,0.708,1.454,2.144,0.92,3.85,0.938,0.843,1.353,0.84,1.353,2.099,-0.798,1.276,1.052,2.158,1.664,0.96,1.959,2.084,1.411,0.069,1.003,1.552,3.217,1.418,1.983,0.607,1.314,1.719,1.989,0.607,0.381,2.16,0.021,1.75,5.762,0.912,0.042,1.706,0.587,0.43,3.352,1.92,1.64,1.211,1.649,1.779,1.469,1.285,0.522,3.409,2.48,0.865,3.523,2.716,1.281,0.991,1.907,0.993,2.181,1.241,1.114,2.932,0.654,1.046,1.293,2.386,2.65,1.841,0.148,1.882,2.164,1.387,1.929,0.543,0.876,4.032,1.92,0.863,2.049,3.566,1.773,2.313,2.869,1.715,0.998,2.96,1.358,3.167,1.198,1.404,1.64,1.53,1.621,2.453,2.236,1.765,2.61,1.84,1.779,-0.898,0.929,1.177,2.569,2.18,1.327,1.208,1.039,1.525,2.144,1.798,-0.001,3.042,0.267,1.623,0.102,-0.309,1.358,2.129,3.182,2.484,2.367,1.417,0.58,2.491,0.652,2.24,1.532,2.682,0.305,1.796,3.473,1.563,1.446,1.047,0.694,-0.064,1.976,2.673,1.329,0.935,4.285,2.343,1.184,2.464,1.694,2.875,3.251,2.3,2.175,2.389,1.746,1.113,2.559,-1.153,1.057,0.364,0.908,1.557,1.873,2.196,3.898,0.764,0.792,3.346,1.099,0.808,1.769,2.286,0.403,2.531,2.017,0.888,1.323,-0.472,1.972,1.256,-0.122,1.452,3.475,1.938,1.104,0.7,2.003,2.959,1.656,0.166,1.655,1.347,2.149,1.629,2.591,1.659,2.436,0.658,2.249,0.373,3.576,0.807,0.65,2.263,2.108,-0.03,-0.027,2.119,1.703,0.171,1.134,2.136,0.997,-0.76,2.285,2.09
I9,C,0.233,0.234,0.276,0.238,0.283,0.199,0.241,0.247,0.188,0.206,0.274,0.239,0.216,0.212,0.234,0.215,0.179,0.246,0.216,0.219,0.266,0.21,0.308,0.225,0.198,0.243,0.16,0.274,0.238,0.21,0.234,0.243,0.178,0.197,0.217,0.2,0.253,0.268,0.207,0.166,0.266,0.206,0.196,0.211,0.193,0.23,0.234,0.231,0.26,0.286,0.221,0.227,0.2,0.215,0.208,0.221,0.251,0.225,0.192,0.21,0.22,0.166,0.207,0.208,0.224,0.174,0.218,0.25,0.21,0.226,0.214,0.231,0.223,0.185,0.172,0.191,0.214,0.191,0.262,0.146,0.258,0.205,0.175,0.221,0.201,0.225,0.215,0.272,0.233,0.218,0.219,0.184,0.259,0.186,0.227,0.229,0.198,0.248,0.182,0.19,0.199,0.245,0.279,0.207,0.219,0.232,0.2,0.211,0.173,0.237,0.258,0.263,0.217,0.249,0.209,0.239,0.237,0.197,0.238,0.194,0.288,0.225,0.267,0.226,0.205,0.19,0.21,0.23,0.251,0.22,0.257,0.246,0.228,0.235,0.163,0.181,0.231,0.217,0.224,0.254,0.208,0.217,0.23,0.242,0.228,0.279,0.234,0.23,0.275,0.223,0.223,0.223,0.203,0.276,0.299,0.227,0.255,0.251,0.219,0.207,0.184,0.171,0.25,0.195,0.164,0.198,0.212,0.229,0.203,0.193,0.202,0.192,0.196,0.194,0.179,0.201,0.287,0.189,0.183,0.24,0.26,0.244,0.223,0.211,0.182,0.195,0.222,0.254,0.215,0.198,0.226,0.214,0.208,0.216,0.184,0.191,0.208,0.232,0.2,0.219,0.2,0.184,0.203,0.183,0.205,0.2,0.223,0.236,0.194,0.22,0.198,0.245,0.168,0.289,0.215,0.272,0.238,0.202,0.253,0.228,0.205,0.215,0.235,0.185,0.213,0.164,0.214,0.206,0.213,0.19,0.16,0.207,0.271,0.265,0.226,0.188,0.205,0.195,0.264,0.219,0.219,0.21,0.3,0.218,0.186,0.233,0.24,0.243,0.216,0.233,0.147,0.219,0.187,0.224,0.212,0.243,0.229,0.226,0.263,0.189,0.215,0.255,0.253,0.185,0.176,0.182,0.133,0.224,0.196,0.242,0.248,0.232,0.226,0.264,0.223,0.246,0.194,0.191,0.181,0.222,0.245,0.237,0.168,0.211,0.246,0.224,0.184,0.233,0.243,0.253,0.223,0.205,0.196,0.229,0.176,0.186,0.222,0.226,0.23,0.258,0.185,0.228,0.251,0.21,0.207,0.288,0.266,0.253,0.268,0.244,0.236,0.224,0.218,0.224,0.201,0.207,0.248,0.203,0.228,0.249,0.163,0.207,0.256,0.157,0.192,0.263,0.251,0.205,0.188,0.207,0.215,0.209,0.221,0.203,0.226,0.238,0.161,0.188,0.242,0.21,0.205,0.259,0.256,0.208,0.221,0.24,0.223,0.214,0.22,0.166,0.241,0.216,0.175,0.169,0.27,0.207,0.136,0.173,0.234,0.27,0.187,0.232,0.185,0.181,0.206,0.218,0.162,0.216,0.231,0.241,0.233,0.234,0.237,0.261,0.208,0.24,0.199,0.227,0.202,0.208,0.195,0.196,0.198,0.195,0.246,0.193,0.2,0.231,0.223,0.264,0.207,0.245,0.289,0.21,0.298,0.228,0.218,0.25,0.209,0.197,0.224,0.242,0.23,0.252,0.233,0.258,0.249,0.258,0.181,0.188,0.228,0.171,0.212,0.252,0.236,0.195,0.242,0.266,0.231,0.237,0.23,0.244,0.194,0.252,0.258,0.267,0.247,0.212,0.205,0.201,0.19,0.258,0.193,0.258,0.179,0.215,0.231,0.237,0.239,0.191,0.242,0.278,0.254,0.168,0.204,0.226,0.19,0.196,0.177,0.286,0.208,0.217,0.237,0.24,0.248,0.246,0.266,0.214,0.243,0.205,0.233,0.175,0.218,0.202,0.217,0.228,0.197,0.181,0.192,0.186,0.236,0.238,0.21,0.231,0.184,0.203,0.219,0.226,0.208,0.231,0.2,0.181,0.192,0.201,0.203,0.23,0.195,0.171,0.209,0.222,0.233,0.211,0.263,0.249,0.202,0.203,0.246,0.244,0.279,0.276
I10,A,0.166,0.321,0.333,0.263,0.426,0.22,0.428,0.169,0.116,0.39,0.532,0.576,0.545,0.541,0.59,0.618,0.396,0.276,0.014,0.292,0.379,0.17,0.238,0.158,0.137,0.134,0.365,0.079,0.379,0.111,0.486,0.644,0.341,0.082,0.447,0.174,0.476,0.15,0.401,0.213,0.311,0.058,0.278,0.296,0.554,0.239,0.346,0.212,0.053,0.279,0.225,0.071,0.232,0.248,0.32,0.135,0.402,0.175,0.576,0.041,0.26,0.106,0.22,0.323,0.153,0.055,0.258,0.347,0.58,0.176,0.291,0.4,0.327,0.342,0.416,0.091,0.224,0.36,0.044,0.105,0.185,0.14,0.486,0.363,0.486,0.455,0.416,0.187,0.208,0.152,0.138,0.207,0.21,0.398,0.348,0.648,0.265,0.548,0.585,0.134,0.007,0.201,0.384,0.056,0.483,0.282,0.373,0.026,0.307,0.461,0.53,0.259,0.641,0.476,0.246,0.029,0.301,0.431,0.115,0.436,0.475,0.278,0.226,0.084,0.126,0.119,0.483,0.411,0.107,0.382,0.416,0.17,0.385,0.285,0.292,0.301,0.125,0.648,0.019,0.059,0.272,0.092,0.454,0.261,0.209,0.366,0.699,0.223,0.29,0.074,0.251,0.102,0.274,0.007,0.372,0.341,0.153,0.276,0.362,0.374,0.21,0.626,0.008,0.392,0.404,0.436,0.052,0.073,0.43,0.236,0.355,0.26,0.646,0.376,0.122,0.482,0.105,0.359,0.333,0.375,0.457,0.167,0.414,0.049,0.084,0.032,0.343,0.214,0.305,0.138,0.096,0.464,0.376,0.384,0.384,0.24,0.201,0.34,0.503,0.432,0.18,0.278,0.112,0.364,0.221,0.663,0.172,0.26,0.209,0.169,0.486,0.237,0.487,0.262,0.431,0.501,0.357,0.339,0.275,0.091,0.371,0.264,0.118,0.072,0.069,0.203,0.116,0.256,0.161,0.303,0.095,0.192,0.165,0.101,0.219,0.213,0.148,0.345,0.277,0.526,0.091,0.26,0.128,0.217,0.548,0.482,0.592,0.18,0.354,0.249,0.53,0.453,0.443,0.268,0.27,0.075,0.08,0.109,0.318,0.108,0.721,0.091,0.34,0.264,0.479,0.333,0.246,0.307,0.13,0.102,0.297,0.438,0.264,0.209,0.258,0.333,0.494,0.362,0.23,0.162,0.057,0.421,0.232,0.019,0,0.473,0.188,0.16,0.195,0.048,0.417,0.456,0.343,0.169,0.47,0.206,0.238,0.271,0.417,0.075,0.379,0.056,0.455,0.091,0.385,0.388,0.166,0.527,0.221,0.273,0.287,0.117,0.574,0.556,0.101,0.115,0.148,0.509,0.327,0.488,0.059,0.479,0.184,0.356,0.512,0.502,0.197,0.069,0.425,0.285,0.212,0.235,0.186,0.143,0.494,0.312,0.604,0.145,0.018,0.296,0.299,0.555,0.441,0.454,0.073,0.287,0.087,0.536,0.483,0.279,0.37,0.28,0.417,0.072,0.555,0.264,0.267,0.476,0.185,0.353,0.301,0.611,0.141,0.186,0.274,0.1,0.435,0.313,0.337,0.234,0.267,0.384,0.011,0.248,0.551,0.073,0.387,0.093,0.021,0.503,0.278,0.558,0.214,0.628,0.098,0.514,0.181,0.156,0.218,0.591,0.029,0.143,0.017,0.28,0.255,0.261,0.514,0.062,0.605,0.036,0.246,0.202,0.146,0.314,0.51,0.369,0.118,0.454,0.396,0.038,0.221,0.364,0.246,0.052,0.244,0.484,0.258,0.207,0.354,0.503,0.381,0.253,0.38,0.163,0.067,0.303,0.374,0.455,0.55,0.228,0.44,0.102,0.266,0.539,0.122,0.108,0.172,0.11,0.169,0.447,0.367,0.028,0.18,0.392,0.146,0.143,0.131,0.548,0.157,0.259,0.201,0.4,0.133,0.111,0.101,0.257,0.205,0.157,0.06,0.026,0.325,0.272,0.23,0.002,0.481,0.086,0.238,0.537,0.067,0.435,0.127,0.167,0.405,0.41,0.024,0.226,0.262,0.258,0.188,0.43,0.313,0.075,0.292,0.162,0.457,0.448,0.468,0.052,0.234,0.474,0.349,0.141,0.72,0.463,0.085,0.142,0.418,0.191,0.273,0.199
I10,B,3.377,3.62,2.97,2.627,3.534,1.197,3.263,3.722,4.742,3.245,4.43,4.246,2.735,0.883,0.331,1.986,3.881,4.315,1.955,1.536,2.473,2.158,3.496,3.543,2.511,1.653,2.402,2.881,2.147,1.421,2.273,3.786,4.37,3.939,3.515,2.079,3.995,2.054,4.25,4.153,1.993,2.857,1.739,3.021,1.396,2.254,2.228,1.955,2.185,1.025,3.983,2.347,1.951,2.738,3.637,2.452,4.099,3.155,2.734,1.566,3.563,2.321,2.222,2.218,2.473,3.494,1.811,4.395,1.243,1.537,1.007,1.625,2.079,1.875,4.011,2.134,1.446,1.206,3.523,4.44,3.284,3.317,2.213,2.653,2.969,3.06,4.342,1.386,0.544,3.748,2.453,1.068,1.284,2.617,3.012,3.021,2.985,2.167,2.946,1.015,2.28,4.898,2.246,0.317,3.955,4.236,2.747,3.222,4.651,4.362,2.949,2.77,2.194,2.552,1.396,3.228,2.34,3.352,0.602,1.861,2.285,2.613,2.061,1.31,1.874,3.301,3.572,1.526,0.608,1.888,1.854,3.758,2.764,3.636,3.134,2.851,2.989,4.085,2.036,1.751,2.527,4.392,3.747,4.451,1.696,0.807,1.376,3.453,3.022,1.693,2.564,3.959,2.318,1.857,3.045,2.197,3.911,2.696,1.343,1.289,2.125,2.769,4.15,2.284,2.597,1.19,3.126,1.89,2.895,2.431,2.189,4.663,2.516,4.803,3.154,4.278,1.546,2.63,2.402,2.46,2.363,2.914,0.472,2.878,1.996,2.588,0.801,3.56,2.837,1.73,1.985,1.055,1.993,1.625,2.353,3.012,3.321,2.537,3.075,3.032,3.395,2.542,2.395,2.686,2.037,1.426,1.31,3.737,2.622,3.031,1.046,3.088,3.101,1.606,3.302,3.13,2.813,3.334,1.399,3.971,2.162,2.138,2.662,4.244,3.382,1.929,2.205,2.937,3.541,1.563,2.864,4.594,2.322,3.822,2.369,2.09,1.669,3.29,3.043,3.495,1.561,3.882,3.746,3.448,2.662,0.788,2.568,4.376,3.402,1.585,1.924,3.81,1.53,2.934,1.815,2.413,0.541,3.859,1.442,1.705,1.144,1.813,3.231,3.039,3.507,2.079,2.605,3.018,2.19,2.744,3.432,3.514,3.578,2.607,5.052,2.756,2.753,1.439,3.276,1.095,2.767,3.315,4.102,2.573,3.181,1.968,3.418,2.227,1.667,2.654,4.461,4.196,2.48,0.873,2.672,2.176,2.131,3.097,2.845,1.946,2.272,3.296,2.338,3.097,3.828,2.595,2.148,2.081,3.911,1.68,3.309,2.885,1.321,3.19,3.069,2.562,2.3,2.075,4.397,2.539,4.082,4.131,1.063,2.983,2.623,3.085,4.004,1.873,2.22,1.212,2.102,1.49,2.034,3.41,2.219,3.872,3.377,2.081,3.692,0.796,2.808,1.255,2.543,3.355,2.808,2.981,2.867,1.618,2.799,2.772,2.796,4.544,2.619,4.154,3.528,2.996,1.961,1.972,1.439,2.262,4.685,3.59,1.882,1.965,3.43,1.69,2.186,2.27,2.549,1.488,3.041,2.23,3.69,3.634,1.055,2.428,4.217,1.972,1.958,2.613,2.797,1.675,2.071,4.519,1.606,3.883,1.869,2.41,2.158,1.708,-0.505,2.78,4.363,0.77,0.674,3.656,2.808,3.362,1.558,2.195,2.399,4.184,0.743,1.142,2.729,1.601,2.813,1.443,2.109,3.856,1.508,3.408,2.524,3.098,1.48,2.503,2.637,2.554,1.925,2.065,1.97,2.733,2.848,2.315,4.549,3.967,2.916,4.534,2.714,3.511,2.308,1.693,2.241,1.159,0.809,2.634,4.961,3.003,2.627,3.233,1.414,3.241,5.026,3.714,2.841,2.899,2.025,0.946,3.812,2.932,3.64,2.852,3.053,2.084,3.455,0.758,2.142,3.49,3.568,1.76,2.255,2.307,2.584,3.967,3.711,2.118,0.919,1.38,1.777,2.717,1.694,2.238,3.041,3.087,4.614,2.259,2.847,2.811,1.413,4.397,2.501,2.456,3.05,1.645,2.691,1.545,2.363,4.207,3.107,2.715,2.674,2.465,2.003,3.111,2.872,3.093,3.96,1.825,1.986,4.475
I10,D1,-5.849,-5.902,-5.954,-5.865,-5.977,-5.893,-6.077,-6.001,-5.893,-5.899,-5.943,-6.066,-5.731,-5.834,-6.12,-5.956,-5.813,-5.807,-5.9,-5.89,-5.845,-5.933,-5.817,-5.805,-5.806,-5.894,-5.96,-5.978,-5.782,-5.858,-5.951,-5.813,-5.989,-5.881,-5.91,-5.88,-5.741,-5.829,-5.824,-6.072,-5.84,-5.818,-5.82,-5.761,-5.703,-6.006,-5.951,-5.892,-5.974,-6.014,-5.946,-5.773,-5.935,-5.946,-6.065,-5.83,-5.819,-5.873,-5.917,-5.887,-5.799,-5.949,-5.829,-5.767,-5.952,-5.889,-5.917,-5.875,-5.707,-5.964,-5.961,-5.81,-5.955,-5.796,-6.047,-6.028,-5.817,-5.932,-5.769,-5.944,-5.862,-5.843,-5.671,-6.103,-5.825,-5.991,-5.861,-5.942,-5.664,-5.923,-5.745,-5.825,-5.934,-5.977,-6.037,-5.936,-5.958,-5.932,-5.925,-5.884,-5.892,-5.691,-6.166,-5.873,-5.9,-6.015,-6.037,-5.944,-5.755,-5.999,-5.82,-5.917,-5.914,-6.025,-5.828,-5.69,-6.099,-6.036,-5.848,-5.928,-6.088,-5.741,-5.831,-5.774,-5.818,-5.921,-5.832,-5.959,-6.186,-5.873,-5.976,-5.796,-5.909,-5.946,-5.726,-5.918,-6.047,-5.927,-5.989,-5.959,-6.007,-5.79,-6.018,-5.981,-5.999,-6.001,-5.914,-5.935,-5.692,-5.904,-5.773,-5.978,-5.984,-5.805,-5.782,-5.783,-5.96,-5.753,-5.963,-5.762,-5.848,-5.825,-5.752,-5.918,-5.904,-5.895,-6.003,-5.883,-5.805,-6.066,-5.847,-5.913,-5.985,-5.856,-5.844,-5.884,-6.096,-5.978,-5.753,-5.603,-5.955,-5.872,-6.109,-6.07,-5.95,-5.976,-6.075,-6.044,-6.101,-5.843,-5.841,-5.76,-6.02,-5.988,-5.629,-5.783,-5.646,-6.038,-5.69,-6.035,-5.934,-5.808,-6.035,-5.943,-6.029,-5.98,-5.713,-5.9,-5.976,-6.014,-6.058,-5.945,-5.852,-5.861,-5.913,-5.907,-5.923,-5.836,-5.867,-5.989,-5.97,-5.731,-6.096,-5.883,-5.88,-6.031,-5.868,-5.762,-5.885,-5.914,-6.053,-5.813,-5.897,-5.88,-5.831,-5.776,-6.086,-5.779,-5.947,-5.886,-5.935,-5.88,-5.725,-5.942,-5.91,-5.646,-5.964,-5.878,-5.956,-5.894,-5.963,-5.873,-5.633,-5.887,-5.965,-5.888,-5.999,-5.787,-5.898,-5.848,-5.88,-5.969,-5.853,-5.867,-5.947,-5.705,-5.824,-5.979,-5.792,-5.806,-5.852,-5.76,-5.954,-6.085,-6.088,-6.014,-5.946,-5.972,-5.876,-6.029,-5.898,-5.954,-5.852,-6.182,-5.947,-5.925,-5.857,-5.792,-5.776,-5.712,-6.02,-5.776,-6.084,-5.89,-5.994,-5.882,-5.932,-5.754,-5.677,-5.886,-5.863,-5.915,-6.024,-5.71,-5.993,-5.88,-5.865,-6.145,-5.779,-6,-5.908,-5.939,-5.858,-5.822,-5.806,-5.829,-5.886,-5.853,-5.905,-5.827,-5.925,-5.896,-5.905,-5.781,-5.786,-5.875,-5.934,-5.857,-5.889,-5.882,-5.803,-5.984,-5.811,-5.923,-5.917,-5.878,-5.854,-5.901,-5.996,-5.847,-6.073,-5.837,-5.853,-6.032,-6.001,-5.972,-5.823,-5.674,-5.909,-5.928,-5.944,-5.789,-5.783,-5.78,-5.926,-5.993,-6.019,-5.738,-5.744,-5.968,-5.764,-5.904,-5.842,-5.908,-5.915,-5.915,-5.891,-5.919,-5.829,-5.953,-5.671,-5.815,-5.89,-5.933,-5.744,-5.742,-5.746,-5.989,-5.97,-5.772,-5.887,-5.853,-5.947,-5.783,-5.807,-6.009,-5.949,-5.921,-5.977,-5.936,-5.819,-5.823,-5.755,-5.706,-5.96,-5.944,-5.803,-5.917,-6.1,-5.898,-5.929,-5.778,-5.94,-6.005,-6.196,-5.976,-5.872,-6.064,-5.889,-6.024,-6.059,-5.986,-5.897,-5.829,-5.996,-5.981,-6.084,-5.786,-5.934,-6.002,-5.808,-5.87,-5.996,-5.901,-6.036,-5.737,-5.829,-6.012,-5.907,-6.105,-5.979,-5.796,-5.896,-5.73,-5.728,-5.95,-5.847,-5.806,-5.665,-5.803,-5.968,-5.867,-6.015,-6.013,-5.894,-5.762,-6.097,-5.755,-5.692,-5.993,-6.165,-5.853,-5.789,-5.926,-5.709,-5.839,-5.941,-6.095,-5.991,-5.871,-5.845,-6.042,-5.999,-5.922,-5.862,-5.842,-5.878,-5.899,-5.819,-5.965,-5.738,-5.801,-5.854,-5.819,-5.931,-5.883,-5.969,-5.978,-5.861,-5.717,-5.926,-5.763,-5.953,-6.087,-5.88,-5.945,-5.902,-5.963,-6.154,-6.03,-5.856,-5.766,-5.794,-5.691,-5.871,-6.023,-5.931,-5.786,-5.863,-6.021
I10,D2,4.279,4.283,4.197,4.243,4.184,4.081,4.344,4.273,4.388,4.195,4.268,4.139,4.205,4.158,4.191,4.139,4.138,4.281,4.077,4.18,4.122,4.214,4.377,4.331,4.121,4.215,4.14,4.283,4.448,4.29,4.314,4.22,4.19,4.056,4.353,4.241,4.22,4.11,4.225,4.162,4.271,4.13,4.156,4.202,4.127,4.226,4.306,4.23,4.342,4.215,4.079,4.197,4.228,4.19,4.394,4.355,4.196,4.401,4.234,4.314,4.22,4.154,4.166,4.169,4.04,4.47,4.379,4.15,4.266,4.237,4.37,4.332,4.114,4.131,4.28,4.21,4.225,4.3,4.294,4.141,4.165,4.181,4.312,4.264,4.287,4.392,4.411,4.303,4.355,4.128,4.205,4.235,4.291,4.264,4.232,4.211,4.22,4.2,4.335,4.079,4.226,4.165,4.195,3.979,4.168,4.053,4.133,4.222,4.107,4.402,4.19,4.17,4.253,4.295,4.293,4.125,4.349,4.29,4.121,4.343,4.206,4.337,4.051,4.101,4.171,4.091,4.283,4.088,4.389,4.094,4.177,4.328,4.236,4.315,4.07,4.142,4.246,4.301,4.354,4.288,4.311,4.248,4.335,4.309,4.292,4.057,4.36,4.186,4.138,4.244,4.284,4.222,4.271,4.255,4.086,4.288,4.408,4.037,4.281,4.2,4.152,4.176,4.101,4.315,4.237,4.182,4.173,4.185,4.086,4.361,4.354,4.283,4.202,4.337,4.207,4.198,4.004,4.137,4.47,4.128,4.213,4.399,4.25,4.372,4.426,4.344,4.093,4.181,4.164,4.177,4.263,4.244,4.537,4.339,4.285,4.219,4.276,4.173,4.114,4.279,4.211,4.28,4.242,4.217,4.159,4.29,4.214,4.271,4.102,4.3,4.253,4.309,4.201,4.291,4.301,4.345,4.179,4.251,4.251,4.224,4.219,4.097,4.122,4.247,4.129,4.327,4.163,4.263,4.17,4.229,4.237,4.349,4.254,4.257,4.167,4.017,4.142,4.144,4.268,4.445,4.286,4.306,4.332,4.304,3.994,4.254,4.275,4.297,4.129,4.249,4.204,4.092,4.319,4.142,4.215,4.058,4.282,4.407,4.154,4.299,4.269,4.266,4.265,4.466,4.08,4.109,4.317,4.146,4.157,4.336,4.089,4.325,4.244,4.25,4.103,4.169,4.103,4.323,4.112,4.448,4.001,4.365,4.261,4.251,4.122,4.398,4.134,4.214,4.239,4.288,4.282,4.151,4.156,4.296,4.385,4.12,4.23,4.157,4.287,4.187,4.233,4.172,4.226,4.355,4.187,4.213,4.082,4.245,4.256,4.266,3.991,4.317,4.263,4.367,4.403,4.295,4.304,4.167,4.179,4.266,4.179,4.161,4.179,4.179,4.085,4.321,4.142,4.203,4.062,4.306,4.193,4.136,4.273,4.392,4.378,4.133,4.265,4.275,4.369,4.372,4.309,4.276,4.097,4.291,4.222,4.025,4.281,4.277,4.2,4.384,4.284,4.458,4.318,4.343,4.034,4.168,4.021,4.162,4.122,4.113,4.437,4.234,4.364,4.072,4.186,4.356,4.165,4.355,4.337,4.177,4.385,4.305,4.229,4.298,4.308,4.173,4.272,4.292,4.248,4.271,4.089,4.409,4.33,4.222,4.263,4.085,4.151,4.075,4.128,4.215,4.11,4.297,4.104,4.159,4.401,4.278,4.238,4.329,4.279,4.227,4.182,4.37,4.324,4.173,4.12,4.313,4.263,4.274,4.145,4.306,4.228,4.427,4.094,4.263,4.127,4.277,4.307,4.166,3.955,4.123,4.122,4.393,4.145,4.188,4.394,4.286,4.472,4.13,4.317,4.176,4.263,4.134,4.41,4.287,4.406,4.387,4.265,4.287,4.102,4.323,4.109,4.209,4.108,4.163,4.237,4.074,4.27,4.217,4.323,4.188,4.279,4.375,4.303,4.237,4.207,4.271,4.411,4.26,4.154,4.182,4.224,4.245,4.24,4.31,4.15,4.197,4.229,4.332,4.158,4.323,4.156,4.315,4.388,4.17,4.312,4.205,4.361,4.323,4.379,4.375,4.371,4.102,4.253,4.159,4.263,4.161,4.24,4.359,4.288,4.239,4.302,4.429,4.168,4.258,4.315,4.177,4.235,4.24,3.988,4.145
I10,D3,1.708,1.601,1.642,1.744,1.612,1.703,1.662,1.725,1.583,1.569,1.547,1.613,1.572,1.598,1.731,1.681,1.625,1.632,1.517,1.44,1.624,1.738,1.624,1.512,1.745,1.697,1.756,1.534,1.837,1.596,1.752,1.606,1.771,1.706,1.739,1.481,1.513,1.455,1.56,1.648,1.615,1.517,1.812,1.625,1.835,1.673,1.713,1.704,1.837,1.802,1.527,1.712,1.753,1.523,1.773,1.692,1.696,1.827,1.786,1.845,1.582,1.493,1.602,1.44,1.615,1.572,1.679,1.502,1.737,1.735,1.619,1.72,1.642,1.834,1.674,1.918,1.742,1.76,1.618,1.853,1.673,1.589,1.528,1.643,1.765,1.503,1.582,1.732,1.644,1.729,1.543,1.7,1.64,1.705,1.592,1.714,1.677,1.766,1.798,1.708,1.61,1.535,1.709,1.64,1.682,1.716,1.782,1.853,1.599,1.599,1.65,1.806,1.716,1.869,1.721,1.634,1.848,1.553,1.741,1.537,1.502,1.604,1.798,1.547,1.519,1.595,1.738,1.765,1.708,1.872,1.645,1.565,1.7,1.633,1.724,1.643,1.689,1.661,1.809,1.62,1.726,1.674,1.596,1.847,1.747,1.566,1.67,1.624,1.709,1.718,1.43,1.754,1.772,1.683,1.7,1.673,1.773,1.746,1.748,1.786,1.661,1.676,1.83,1.542,1.458,1.623,1.82,1.806,1.792,1.682,1.483,1.62,1.705,1.241,1.705,1.792,1.654,1.699,1.537,1.676,1.703,1.658,1.677,1.621,1.684,1.827,1.682,1.83,1.6,1.674,1.416,1.581,1.671,1.676,1.822,1.502,1.742,1.68,1.639,1.589,1.58,1.643,1.696,1.617,1.817,1.735,1.54,1.547,1.593,1.412,1.44,1.512,1.637,1.554,1.658,1.629,1.675,1.849,1.714,1.681,1.875,1.786,1.792,1.689,1.479,1.64,1.708,1.74,1.769,1.422,1.695,1.65,1.82,1.52,1.699,1.692,1.593,1.745,1.949,1.616,1.607,1.75,1.645,1.443,1.902,1.72,1.587,1.77,1.721,1.602,1.873,1.649,1.545,1.76,1.591,1.489,1.587,1.685,1.794,1.702,1.944,1.556,1.639,1.634,1.665,1.527,1.654,1.638,1.612,1.735,1.575,1.787,1.73,1.771,1.664,1.519,1.666,1.55,1.754,1.637,1.644,1.601,1.789,1.816,1.878,1.79,1.513,1.531,1.675,1.589,1.64,1.829,1.525,1.748,1.642,1.601,1.675,1.631,1.578,1.616,1.67,1.76,1.662,1.637,1.74,1.578,1.721,1.513,1.455,1.609,1.503,1.725,1.597,1.627,1.732,1.657,1.796,1.613,1.713,1.715,1.658,1.692,1.51,1.686,1.546,1.488,1.741,1.598,1.429,1.613,1.57,1.675,1.61,1.726,1.827,1.68,1.692,1.534,1.599,1.685,1.743,1.634,1.612,1.854,1.658,1.669,1.974,1.663,1.57,1.687,1.719,1.586,1.77,1.743,1.638,1.624,1.65,1.725,1.757,1.856,1.668,1.537,1.67,1.596,1.77,1.515,1.472,1.642,1.692,1.736,1.868,1.392,1.552,1.761,1.686,1.714,1.619,1.507,1.823,1.63,1.461,1.42,1.738,1.7,1.747,1.556,1.641,1.713,1.844,1.456,1.58,1.589,1.89,1.683,1.754,1.577,1.697,1.625,1.68,1.783,1.644,1.617,1.539,1.88,1.51,1.665,1.679,1.614,1.609,1.522,1.586,1.874,1.573,1.577,1.616,1.702,1.768,1.674,1.844,1.821,1.658,1.809,1.568,1.684,1.631,1.639,1.596,1.882,1.531,1.757,1.634,1.936,1.756,1.606,1.697,1.469,1.854,1.634,1.855,1.561,1.776,1.647,1.699,1.675,1.342,1.747,1.559,1.668,1.577,1.614,1.605,1.716,1.676,1.587,1.618,1.729,1.829,1.689,1.706,1.611,1.689,1.707,1.583,1.554,1.644,1.701,1.701,1.75,1.649,1.768,1.719,1.877,1.513,1.428,1.684,1.464,1.826,1.668,1.634,1.79,1.623,1.629,1.616,1.472,1.706,1.674,1.628,1.534,1.625,1.505,1.555,1.526,1.716,1.736,1.657,1.734,1.587,1.767,1.369,1.545
I11,A,0.398,0.538,0.342,0.63,0.651,0.931,0.843,0.733,0.69,0.719,0.716,0.745,0.336,0.533,0.505,0.851,0.436,0.464,0.585,0.715,0.409,0.512,0.858,0.459,0.494,0.48,0.845,0.573,0.743,0.879,0.779,0.408,0.544,0.251,0.657,0.712,0.908,0.967,0.932,0.801,0.847,0.269,0.501,0.756,0.419,0.554,0.822,0.477,0.952,0.806,0.413,0.46,0.713,0.454,0.723,0.681,0.733,0.796,0.273,0.471,0.668,0.602,0.649,0.866,0.768,0.674,0.701,0.463,0.443,1.125,0.541,0.692,0.659,0.273,0.406,0.897,0.697,0.588,0.878,0.654,0.296,0.545,0.683,0.477,0.799,0.861,0.613,0.56,0.697,0.542,0.629,0.469,0.597,0.049,1.25,0.328,0.732,0.657,0.652,0.825,0.702,0.897,0.892,0.54,1.133,0.555,0.825,0.179,0.848,0.909,0.881,0.598,0.54,0.574,0.505,0.532,0.654,0.61,0.498,0.715,0.536,0.954,0.564,0.93,1.079,0.846,0.643,0.54,0.784,0.29,0.628,0.462,0.828,0.421,0.739,0.584,0.421,0.842,0.422,0.332,0.649,0.712,0.615,0.596,0.805,0.614,0.82,0.952,0.484,0.591,0.766,0.41,0.497,0.635,0.546,0.738,0.549,0.642,0.802,0.492,0.847,0.729,0.641,0.526,0.373,1.082,0.978,0.605,0.547,0.454,0.785,0.677,0.948,0.896,0.664,0.508,0.598,0.535,0.976,0.668,0.938,0.982,0.83,0.52,1.025,0.741,0.9,0.757,0.631,0.401,0.631,0.514,0.677,0.697,0.943,0.59,0.508,0.366,0.662,0.491,0.706,0.709,0.678,0.319,0.738,0.809,0.748,0.479,0.919,1.024,0.476,0.829,0.421,0.856,0.818,1.046,0.324,0.542,0.729,0.714,0.724,0.559,0.302,0.597,0.735,0.586,0.344,0.697,0.438,0.804,0.815,0.624,0.934,0.673,0.276,0.789,0.482,0.63,0.79,0.527,0.707,0.98,0.854,0.894,0.572,0.488,0.362,0.772,0.465,1.039,0.332,0.554,0.681,0.706,1.054,0.87,0.831,0.395,0.61,0.546,0.468,0.812,0.577,0.645,0.502,0.482,0.725,0.377,0.404,0.785,0.861,0.106,0.795,0.768,0.976,0.383,0.413,0.554,0.596,0.87,0.858,0.574,0.172,0.563,0.741,0.877,0.732,0.673,0.814,1.048,0.907,0.542,0.461,0.7,0.399,0.454,0.425,0.56,0.709,0.662,0.863,0.68,0.496,0.612,0.425,0.995,0.753,0.562,0.334,0.585,0.321,0.689,0.781,0.545,0.573,0.555,0.708,0.555,0.574,1.15,0.598,0.69,0.609,0.502,0.643,0.468,0.341,1.054,0.776,0.911,0.404,0.927,0.619,0.645,0.944,0.371,0.409,0.727,0.54,0.741,0.646,0.91,0.255,0.685,0.903,0.96,0.891,0.727,0.446,0.97,0.727,0.803,0.727,0.686,0.432,0.872,0.716,0.324,0.446,0.422,0.543,0.901,0.594,0.83,0.444,0.598,0.845,0.36,0.814,0.664,0.729,0.559,0.683,1.183,0.551,0.608,0.823,0.687,0.425,0.553,1.002,1.076,1.335,0.801,0.806,0.7,0.584,0.634,0.545,0.675,0.749,1.041,0.501,0.16,0.809,0.699,0.87,0.774,0.216,0.364,0.746,0.772,0.393,0.564,1.023,0.518,0.404,0.916,0.84,0.266,0.784,0.433,0.278,0.42,0.776,0.568,0.459,0.772,0.759,0.463,0.407,0.809,0.681,0.729,1.04,0.454,0.532,0.677,0.526,0.854,0.791,0.755,0.758,0.536,0.976,0.491,0.662,0.551,0.542,0.227,0.443,0.864,0.436,0.615,0.383,0.566,0.683,0.894,0.557,0.727,0.258,0.622,0.528,0.582,0.531,0.761,0.592,0.779,0.415,0.839,0.449,0.677,0.6,0.742,0.516,0.541,0.717,0.562,0.877,0.881,0.676,0.691,0.981,0.609,0.615,0.461,0.626,0.728,1.004,0.571,0.804,0.898,0.445,0.351,0.422,0.704,0.251,0.469,0.703,0.834,0.472,0.513,0.552,0.569,0.629,0.901,0.643,0.605,0.698,0.52
I11,B,0.566,0.154,0.832,-0.322,-1.574,2.373,-0.919,1.509,0.683,-0.348,-0.904,-0.442,-0.797,-0.042,-0.706,0.2,-0.975,0.762,0.638,0.132,-0.162,0.151,0.795,1.883,-1.185,-0.513,2.041,0.257,-0.459,-0.173,0.804,-0.506,-1.506,0.029,1.165,-1.253,0.158,-1.012,0.737,0.431,-0.664,1.495,1.807,-0.772,-1.214,2.298,-0.095,-2.164,-0.205,0.696,1.068,0.929,-1.015,-0.13,0.029,-0.613,-0.122,-1.139,-1.258,0.464,1.763,0.637,0.286,-0.713,-0.306,0.517,-0.621,0.53,-0.872,-1.496,-0.753,-0.763,-1.257,0.156,-0.427,-3.195,0.119,-0.018,0.626,0.544,-2.389,0.305,0.836,-3.495,-0.019,0.626,0.067,1.464,-0.714,0.779,-0.75,0.722,0.853,-1.037,1.214,-0.705,-0.044,-0.251,0.476,1.925,-1.035,-0.697,-0.28,-0.978,-0.184,-0.133,1.528,0.141,1.037,-0.495,-1.487,-0.31,-1.013,-1.122,0.521,-0.195,-0.54,1.363,1.861,-1.021,0.776,-0.199,0.485,-0.021,1.281,0.547,-1.069,0.784,0.744,-0.21,0.981,-1.228,0,-1.545,-2.414,0.137,1.466,0.977,1.14,-0.512,0.386,1.333,1.106,-1.603,0.138,-0.185,-2.781,2.272,1.273,1.139,0.103,0.033,-1.343,0.616,0.639,-0.932,-0.02,-0.421,-0.762,-0.594,0.081,-0.802,-0.219,0.183,0.004,-0.784,-1.992,-0.801,-0.602,0.768,-0.495,0.782,-0.572,-0.283,-0.132,-1.03,-1.049,0.724,-1.682,1.363,-0.079,0.709,1.477,-0.287,1.681,-0.694,1.478,-0.635,-1.381,1.089,0.301,-2.174,-0.086,-2.065,1.376,0.219,-1.336,-1.324,0.883,1.549,0.226,2.133,1.119,0.381,0.938,0.122,-1.541,-0.448,-1.248,-0.428,-0.735,2.359,-0.309,-0.983,-0.271,0.562,-1.189,-0.465,-0.126,0.428,-0.743,-0.937,0.892,-0.784,-1.164,-1.548,-0.28,0.941,-0.942,-0.46,0.216,0.536,-0.507,-0.632,0.697,1.687,1.252,-0.645,1.853,-0.433,-0.553,0.224,0.428,0.669,-0.589,0.202,-0.599,-1.011,0.712,-0.389,-0.794,1.721,1.5,1.081,-0.047,1.607,0.807,0.492,-0.327,-0.697,0.283,1.315,-1.582,-0.13,-2.28,-0.259,0.823,0.945,-1.342,0.235,0.061,-0.851,-0.585,-1.391,1.57,1.171,-1.54,0.852,-0.086,-1.273,-1.601,0.285,0.484,-0.267,-1.644,2.197,-0.384,1.822,1.617,-0.644,0.1,-0.052,-0.118,2.699,-0.727,-0.506,1.196,-0.536,0.733,-1.068,-0.458,-0.434,0.85,-0.778,0.509,0.254,-0.909,-0.327,0.164,-0.072,0.331,-0.628,0.581,1.574,1.559,0.1,-0.835,0.015,1.644,-0.718,2.049,1.036,-0.128,0.041,-0.395,-0.344,-1.144,-1.573,0.606,-1.063,0.367,1.235,-0.264,1.209,-1.78,0.173,-0.731,-0.646,0.836,0.642,-0.21,-0.92,-2.016,0.787,-0.424,0.138,1.006,-0.264,1.874,1.606,-0.798,-1.228,0.774,-0.669,0.405,-0.715,-0.11,-0.57,-1.466,0.06,-0.035,0.576,-2.633,-1.035,-0.106,-0.09,-0.005,1.48,-1.267,0.047,-0.3,0.825,0.219,-0.58,-0.65,-1.068,-0.77,0.66,-0.132,-0.222,-0.609,2.107,-0.201,0.35,1.028,-1.21,-1.324,0.308,-0.444,-0.647,-1.062,-0.176,-0.874,-1.34,0.764,-2.104,0.405,0.124,0.171,-0.949,-1.641,0.013,-0.784,0.497,-1.372,-0.936,1.206,-1.466,0.353,2.179,1.103,-1.311,1.047,-1.137,-0.794,-0.473,0.293,1,-1.638,0.12,0.073,0.639,0.506,-0.833,-2.275,-0.401,0.356,1.06,-1.551,1.192,0.667,-0.192,-0.512,0.707,-1.412,1.941,1.579,-0.357,-0.784,-1.653,0.348,-1.13,-0.166,0.253,-1.495,0.226,-0.913,1.479,-1.246,0.135,0.849,2.373,0.463,-0.863,-0.44,-1.526,0.019,-0.509,-0.34,0.401,1.203,-0.203,1.287,-0.773,0.585,0.16,0.343,0.751,0.265,-0.081,-0.297,-0.096,0.897,0.343,0.754,-0.689,-0.773,-0.064,-0.787,0.174,-1.1,0.112,-1.849,-1.479,-2.517,-0.357,-0.527,-0.488,0.742,-1.299,0.254,-2.783,-0.669,0.479,-0.856,-0.262,-0.636,-0.198,0.227,-1.836
I11,D1,0.489,0.49,0.763,0.602,0.407,0.72,0.422,0.67,0.609,0.684,0.625,0.551,0.496,0.585,0.652,0.458,0.528,0.637,0.552,0.452,0.382,0.624,0.695,0.711,0.686,0.664,0.82,0.585,0.794,0.459,0.498,0.688,0.807,0.567,0.592,0.485,0.484,0.528,0.747,0.621,0.58,0.631,0.697,0.623,0.616,0.522,0.588,0.572,0.528,0.376,0.638,0.602,0.45,0.578,0.599,0.585,0.764,0.535,0.566,0.56,0.581,0.564,0.61,0.565,0.44,0.69,0.506,0.577,0.644,0.728,0.673,0.593,0.58,0.619,0.425,0.661,0.695,0.618,0.541,0.566,0.593,0.705,0.718,0.502,0.788,0.575,0.502,0.585,0.528,0.693,0.693,0.508,0.717,0.704,0.693,0.589,0.603,0.64,0.511,0.709,0.735,0.734,0.612,0.755,0.68,0.595,0.511,0.601,0.505,0.694,0.642,0.468,0.689,0.741,0.723,0.687,0.853,0.729,0.601,0.621,0.829,0.736,0.576,0.522,0.635,0.432,0.502,0.651,0.54,0.701,0.706,0.592,0.753,0.479,0.421,0.578,0.526,0.702,0.777,0.601,0.721,0.529,0.704,0.554,0.728,0.716,0.699,0.62,0.715,0.596,0.692,0.557,0.619,0.532,0.549,0.577,0.623,0.476,0.645,0.869,0.551,0.403,0.452,0.664,0.461,0.618,0.56,0.608,0.662,0.762,0.595,0.55,0.487,0.577,0.653,0.562,0.581,0.516,0.475,0.574,0.702,0.627,0.73,0.622,0.614,0.508,0.553,0.478,0.68,0.629,0.621,0.497,0.566,0.545,0.585,0.519,0.549,0.569,0.609,0.634,0.686,0.479,0.85,0.67,0.409,0.622,0.475,0.476,0.721,0.664,0.688,0.561,0.624,0.483,0.622,0.672,0.545,0.633,0.703,0.772,0.567,0.687,0.657,0.625,0.886,0.446,0.595,0.636,0.673,0.752,0.506,0.64,0.564,0.662,0.572,0.514,0.8,0.61,0.749,0.557,0.613,0.528,0.648,0.553,0.715,0.62,0.463,0.687,0.72,0.731,0.696,0.711,0.591,0.616,0.582,0.599,0.571,0.742,0.691,0.646,0.606,0.481,0.402,0.443,0.627,0.632,0.672,0.685,0.615,0.441,0.402,0.734,0.626,0.622,0.598,0.707,0.597,0.512,0.676,0.578,0.614,0.609,0.516,0.661,0.407,0.706,0.687,0.555,0.652,0.471,0.759,0.614,0.672,0.481,0.757,0.688,0.688,0.578,0.532,0.793,0.579,0.824,0.617,0.728,0.594,0.651,0.714,0.573,0.48,0.593,0.697,0.677,0.684,0.522,0.596,0.513,0.637,0.878,0.735,0.652,0.675,0.767,0.517,0.723,0.468,0.628,0.779,0.552,0.626,0.442,0.621,0.45,0.565,0.711,0.711,0.57,0.591,0.583,0.602,0.49,0.642,0.619,0.639,0.619,0.521,0.568,0.567,0.646,0.454,0.551,0.562,0.524,0.642,0.661,0.599,0.559,0.636,0.569,0.686,0.627,0.422,0.49,0.667,0.642,0.716,0.847,0.56,0.639,0.582,0.546,0.697,0.614,0.349,0.628,0.732,0.771,0.756,0.739,0.348,0.484,0.526,0.696,0.466,0.633,0.606,0.857,0.484,0.564,0.584,0.537,0.669,0.594,0.568,0.646,0.8,0.57,0.615,0.704,0.65,0.698,0.767,0.61,0.494,0.585,0.569,0.56,0.495,0.621,0.49,0.512,0.461,0.571,0.498,0.648,0.587,0.555,0.595,0.7,0.66,0.611,0.654,0.68,0.659,0.525,0.598,0.517,0.727,0.572,0.476,0.465,0.571,0.79,0.699,0.686,0.664,0.644,0.677,0.567,0.62,0.542,0.543,0.693,0.575,0.73,0.769,0.684,0.68,0.469,0.659,0.787,0.549,0.507,0.415,0.809,0.692,0.714,0.59,0.628,0.665,0.403,0.34,0.736,0.614,0.665,0.731,0.758,0.322,0.615,0.447,0.499,0.79,0.71,0.739,0.462,0.795,0.695,0.63,0.625,0.557,0.74,0.526,0.696,0.676,0.675,0.597,0.681,0.466,0.716,0.514,0.623,0.688,0.669,0.718,0.692,0.717,0.542,0.532,0.668,0.714,0.792
I11,D2,0.229,0.108,0.015,0.138,0.133,0.074,0.193,0.193,0.208,0.239,0.185,0.264,0.141,0.155,0.208,0.191,0.211,0.4,0.16,0.142,0.149,0.112,0.254,0.259,0.231,0.05,0.19,0.302,0.033,0.255,0.192,0.248,0.272,0.25,0.218,0.358,0.068,0.108,0.41,0.182,0.259,0.248,0.091,0.309,0.19,0.202,0.21,0.184,0.275,0.249,0.251,0.173,0.112,0.188,0.188,0.218,0.321,0.241,0.193,0.305,0.157,0.179,0.185,0.237,0.254,0.389,0.154,0.031,0.073,0.105,0.455,0.254,0.338,0.202,0.219,0.076,-0.087,0.163,0.097,0.247,0.137,0.123,0.135,0.189,0.153,0.304,0.332,0.144,0.172,0.179,0.337,0.211,0.313,0.231,0.214,0.115,0.366,0.241,0.261,0.152,0.323,0.255,0.43,0.367,0.152,0.042,0.146,0.208,0.321,0.189,0.187,0.267,0.277,0.34,0.061,0.244,0.403,0.171,0.293,0.122,0.261,0.137,0.378,0.182,0.175,0.164,0.162,0.225,0.334,0.15,0.154,0.158,0.172,0.325,0.369,0.208,0.102,0.321,0.111,0.126,0.177,0.128,0.242,0.082,0.118,0.051,0.187,0.421,0.042,0.129,0.488,0.171,0.134,0.066,0.131,0.378,0.244,0.202,0.375,0.262,0.108,0.333,0.331,0.372,0.08,0.215,0.1,0.209,0.138,0.308,0.045,0.363,0.278,0.242,0.112,0.106,0.203,0.261,0.177,0.145,0.212,0.196,0.252,0.163,0.167,0.18,0.069,0.155,0.379,0.144,0.254,0.353,0.275,0.196,0.067,-0.015,0.334,0.134,0.106,0.168,0.081,0.012,0.209,0.129,0.22,0.116,0.319,0.262,0.094,0.292,0.089,0.287,0.013,0.215,0.362,0.282,0.023,0.368,0.311,0.113,0.178,0.104,0.215,0.189,-0.021,0.283,0.171,0.074,0.28,0.243,0.253,0.219,0.22,0.123,0.207,0.208,0.088,0.066,0.291,0.334,0.182,0.421,0.139,0.308,0.056,0.187,0.297,0.063,0.223,0.091,0.45,0.203,0.128,0.23,0.033,0.11,0.291,0.309,0.23,0.361,0.394,0.201,0.062,0.282,0.123,0.003,0.358,0.398,0.346,0.141,0.218,0.339,0.136,0.193,0.228,0.279,0.27,0.214,0.264,0.218,0.148,0.166,0.07,0.023,0.269,-0.102,0.154,0.382,0.323,0.132,0.106,0.164,0.173,0.182,0.143,0.092,-0.012,0,0.12,0.279,0.305,0.353,0.05,0.438,0.086,0.279,0.081,0.319,0.208,0.141,0.211,0.061,0.166,-0.087,0.251,0.338,0.117,0.132,0.115,0.23,0.185,0.277,0.296,0.194,0.13,0.255,0.148,0.234,0.268,0.235,0.344,0.14,0.301,0.192,0.319,0.186,0.145,0.306,0.271,0.157,0.267,0.337,0.292,0.265,0.257,0.03,0.305,0.322,0.044,0.285,0.42,0.149,0.333,0.213,0.139,0.197,0.228,0.261,0.051,0.048,0.291,0.274,0.119,0.05,-0.017,0.133,0.11,0.192,-0.011,0.192,0.168,0.222,0.16,0.145,0.109,0.118,0.211,0.314,0.299,0.19,0.343,0.086,0.221,0.052,0.179,0.245,0.191,0.168,0.185,0.083,0.365,0.097,0.109,0.262,0.182,0.134,0.173,0.242,0.242,0.228,0.385,0.191,0.468,0.165,0.041,0.316,0.255,0.19,0.305,0.116,0.008,0.342,0.405,0.263,0.073,0.131,0.21,0.074,0.063,0.176,0.039,0.347,0.131,0.297,0.141,0.241,0.268,0.212,0.216,0.083,0.214,0.217,-0.03,0.223,0.316,0.188,0.19,0.176,0.254,0.393,0.401,0.105,0.341,0.369,0.036,0.249,0.216,0.296,0.313,0.251,0.266,0.101,0.272,0.34,0.153,0.23,0.285,0.078,0.413,0.273,0.367,0.114,0.118,0.379,0.318,0.182,0.334,0.224,0.107,0.22,0.054,-0.055,0.08,0.224,0.169,0.284,0.37,0.16,0.148,0.147,0.176,0.222,0.247,0.198,0.181,0.135,0.031,0.27,0.341,0.29,0.397,0.311,0.092,0.313,0.19,0.164,0.37,0.274,0.14,0.368
I11,D3,-0.892,-0.95,-0.755,-0.908,-0.867,-0.78,-0.891,-0.949,-0.677,-0.915,-0.902,-0.89,-0.691,-0.695,-0.627,-0.773,-0.716,-0.918,-0.584,-0.866,-0.791,-0.734,-0.756,-0.779,-0.712,-0.829,-0.731,-0.898,-0.941,-0.944,-0.848,-0.765,-0.703,-0.579,-0.768,-0.905,-0.945,-0.742,-0.656,-0.712,-0.727,-0.819,-0.791,-0.771,-0.676,-1.012,-0.853,-0.877,-0.73,-0.726,-1.112,-0.95,-0.789,-0.725,-0.776,-0.753,-0.837,-0.704,-0.669,-0.808,-0.882,-0.913,-0.698,-0.978,-0.814,-0.825,-0.71,-0.706,-0.712,-0.91,-0.848,-0.829,-0.666,-1.006,-0.897,-0.712,-0.964,-0.891,-0.759,-0.816,-0.818,-0.945,-0.864,-0.775,-0.562,-0.943,-1.001,-0.815,-0.765,-0.819,-0.925,-0.832,-0.645,-0.705,-0.867,-0.633,-0.704,-0.795,-0.696,-0.752,-0.782,-0.62,-0.862,-0.943,-0.739,-0.914,-0.865,-0.647,-0.795,-0.789,-0.724,-0.872,-0.722,-0.798,-0.726,-0.738,-0.873,-0.829,-0.877,-0.806,-0.668,-0.86,-0.959,-0.78,-0.822,-0.755,-0.766,-0.879,-0.844,-0.667,-0.847,-0.702,-0.893,-0.733,-0.812,-0.789,-0.779,-0.701,-0.869,-0.745,-0.689,-0.785,-0.679,-0.963,-0.776,-0.746,-0.629,-0.714,-0.962,-0.827,-0.676,-0.709,-0.889,-0.863,-1.048,-0.765,-0.686,-0.759,-0.819,-0.734,-0.85,-0.896,-0.762,-0.743,-0.823,-0.755,-0.746,-0.852,-0.783,-0.939,-0.786,-0.843,-0.765,-0.769,-0.869,-0.856,-0.893,-0.909,-0.852,-0.854,-0.72,-0.743,-0.848,-0.837,-0.915,-0.814,-0.924,-0.928,-0.737,-0.88,-0.872,-0.749,-0.63,-0.775,-0.876,-0.826,-0.687,-0.831,-0.812,-0.962,-0.681,-0.788,-0.893,-0.828,-0.818,-0.836,-0.67,-0.835,-0.778,-0.722,-0.733,-0.839,-0.784,-0.666,-0.819,-0.939,-0.603,-0.728,-0.777,-0.84,-0.818,-0.65,-0.947,-0.787,-0.714,-0.79,-0.98,-0.968,-0.887,-0.691,-0.812,-0.686,-0.8,-0.994,-0.901,-0.714,-0.727,-0.94,-0.958,-0.603,-0.821,-0.645,-0.799,-0.763,-0.922,-0.793,-0.957,-0.893,-0.968,-0.821,-0.857,-0.833,-0.89,-0.811,-0.726,-0.63,-0.806,-0.714,-0.82,-0.814,-0.775,-1.085,-0.79,-0.855,-0.759,-0.695,-0.709,-0.674,-0.843,-0.759,-0.8,-0.637,-0.781,-0.702,-0.654,-0.8,-0.869,-0.885,-0.959,-0.858,-0.97,-0.852,-0.756,-0.837,-0.726,-0.745,-0.993,-0.757,-0.869,-0.815,-0.928,-0.691,-0.881,-0.93,-0.781,-0.804,-0.747,-0.764,-0.806,-0.914,-0.937,-1.042,-0.753,-0.807,-0.626,-0.639,-0.9,-0.795,-0.586,-0.845,-0.843,-0.824,-0.753,-0.771,-0.937,-0.879,-0.981,-0.796,-0.864,-0.664,-0.63,-0.831,-0.871,-0.827,-0.784,-1.135,-0.757,-0.804,-0.736,-0.858,-0.731,-0.66,-0.927,-0.843,-0.893,-0.678,-0.84,-0.727,-0.848,-0.763,-0.723,-0.817,-0.791,-0.965,-0.721,-0.747,-0.92,-0.695,-0.877,-1.041,-0.806,-0.804,-0.758,-0.83,-0.929,-0.782,-0.733,-0.857,-0.911,-0.831,-0.709,-0.911,-0.645,-0.898,-1.153,-0.858,-0.977,-0.872,-0.847,-0.698,-0.773,-0.749,-0.73,-0.879,-0.87,-0.709,-0.734,-0.869,-0.848,-0.813,-0.863,-0.845,-0.734,-0.764,-0.814,-0.932,-0.986,-0.999,-0.754,-0.675,-0.788,-0.746,-0.825,-0.98,-0.636,-0.823,-0.902,-0.684,-0.99,-0.929,-0.961,-0.842,-0.792,-0.734,-0.691,-0.832,-0.913,-0.947,-0.613,-0.901,-0.739,-1.015,-0.821,-0.98,-0.831,-0.881,-0.581,-0.845,-0.772,-0.957,-0.665,-0.722,-0.944,-0.885,-0.836,-0.894,-0.817,-0.736,-0.588,-0.901,-0.926,-0.99,-0.745,-0.903,-0.718,-0.953,-0.759,-0.715,-0.672,-0.93,-0.8,-0.808,-0.744,-0.814,-0.866,-0.987,-0.834,-0.83,-0.757,-0.842,-0.788,-0.763,-0.903,-0.751,-0.899,-0.809,-0.831,-0.83,-0.732,-0.831,-0.798,-0.883,-0.821,-0.544,-0.903,-0.848,-0.776,-0.722,-0.985,-0.862,-0.891,-0.734,-0.853,-0.856,-0.813,-0.672,-0.675,-0.828,-0.577,-0.862,-0.766,-0.684,-0.766,-0.987,-0.966,-0.792,-0.764,-0.687,-0.726,-0.739,-0.692,-0.942,-0.939,-0.786,-0.86,-0.808,-0.909,-0.798,-0.708,-0.83
I12,A,0.603,0.458,0.403,0.909,0.474,0.374,0.414,0.845,0.757,0.949,0.974,0.631,0.645,0.538,1.017,0.689,0.784,0.612,0.662,0.684,1.169,0.757,0.581,0.788,0.91,0.5,0.802,0.876,0.756,0.996,0.863,0.895,0.641,0.755,0.5,0.727,0.925,0.808,0.882,0.673,0.459,1.033,0.431,0.627,0.557,0.683,0.769,0.778,0.487,0.335,0.876,0.867,0.259,0.776,0.469,0.488,0.683,0.74,1.007,0.888,0.902,0.82,0.712,0.702,0.792,0.678,1.002,0.696,0.621,0.872,0.546,0.975,0.695,0.363,0.599,0.926,0.515,0.641,0.462,0.74,0.802,0.639,0.775,0.598,0.718,0.702,0.865,0.778,0.395,0.74,0.485,0.802,0.782,0.348,0.461,0.694,0.888,0.496,0.666,0.697,0.586,0.617,0.934,0.487,0.819,0.85,0.689,0.883,0.795,0.983,0.76,0.69,0.712,0.823,0.696,0.851,0.487,0.976,0.443,0.807,0.629,0.583,0.719,0.781,0.953,0.68,0.743,0.865,0.54,0.682,0.456,0.619,0.625,0.477,0.494,0.769,0.54,0.805,0.761,0.618,0.724,0.802,0.505,0.439,0.378,0.737,0.791,0.475,0.616,0.815,0.602,0.616,0.66,0.718,0.473,0.648,0.37,0.616,0.392,0.869,0.943,0.58,0.767,0.997,0.784,0.798,0.543,0.615,0.495,0.87,0.871,1.035,0.319,0.67,0.514,0.59,0.963,0.592,0.567,0.865,0.89,0.893,0.417,0.955,0.643,0.579,0.6,0.637,0.77,0.88,0.249,0.565,0.492,0.669,0.582,0.995,1.052,0.591,0.4,0.851,0.353,0.361,0.465,0.577,0.7,0.692,0.695,0.587,0.574,0.551,1.35,1.059,0.564,0.789,0.695,0.625,0.595,0.82,0.949,0.875,0.617,0.475,0.431,0.697,0.852,0.477,0.931,0.353,0.834,0.316,0.735,0.426,0.541,0.691,0.838,0.822,0.801,0.576,0.744,0.491,0.736,0.604,0.572,0.881,0.773,0.79,0.582,0.704,0.678,0.998,0.951,0.616,0.592,0.837,0.999,0.568,1.019,0.284,0.595,1.008,0.476,0.659,0.644,0.623,0.843,0.707,0.86,0.339,0.686,0.827,0.638,0.556,0.973,0.789,0.519,0.86,0.841,0.852,0.802,0.499,0.478,0.774,0.727,0.87,0.74,0.667,0.618,0.492,0.841,0.699,0.772,0.744,0.615,0.129,1.061,0.861,0.382,0.412,0.452,0.726,0.517,0.69,0.775,0.624,0.504,0.427,0.667,0.511,0.782,0.534,0.883,1.421,0.75,0.515,0.453,0.536,0.938,0.58,0.58,0.55,0.622,1.376,0.632,0.604,0.411,0.489,0.626,0.81,0.726,0.676,0.151,0.668,0.563,0.565,0.938,0.694,0.744,0.678,0.629,0.87,0.882,0.705,0.54,0.577,0.456,0.998,0.578,0.659,0.902,0.575,0.59,0.622,0.69,0.843,0.688,0.678,0.47,0.559,0.78,0.726,0.524,0.562,0.653,0.64,0.532,0.863,0.889,0.542,0.671,0.746,0.986,0.871,0.648,0.457,0.814,1.022,1.035,0.487,0.619,0.325,0.629,0.825,0.619,1.097,0.58,0.38,0.741,0.578,0.442,0.644,0.576,0.721,0.751,0.618,0.835,1.013,0.717,0.428,0.964,0.551,0.696,0.475,0.774,0.909,0.689,0.839,0.517,0.821,0.864,0.78,0.917,0.653,0.74,1.089,1.021,0.57,0.612,0.647,1.075,0.525,0.668,0.595,0.803,0.471,0.622,0.603,0.546,0.518,0.73,0.532,0.744,0.613,0.646,0.932,0.904,1.05,1.029,0.44,0.978,1.019,0.493,1.025,0.918,0.625,0.786,0.507,0.427,0.973,0.486,0.876,1.031,0.566,0.8,0.517,0.719,0.817,0.68,0.891,0.608,0.986,0.692,0.519,0.656,0.671,0.867,0.389,0.693,0.669,0.42,0.996,0.508,0.552,0.622,0.65,0.744,0.639,0.43,0.826,0.641,0.587,0.435,0.704,0.915,0.334,1.292,0.773,0.568,0.612,1.043,0.651,0.518,0.517,0.854,0.776,0.572,0.727,0.88,0.623,1.075,0.888
I12,B,-1.693,-1.342,-0.833,-1.787,-0.721,0.031,-3.974,-0.261,-0.141,-0.205,-0.043,0.078,0.084,-0.882,0.087,-0.678,-1.556,-0.081,-1.353,-0.416,-0.641,-0.009,-0.776,-0.557,0.381,-0.366,-0.891,-1.509,-1.302,0.052,-0.629,-0.968,-1.35,-2.706,-1.262,-1.281,-0.59,-1.871,-0.612,-1.479,-0.982,1.353,-2.354,0.953,-0.896,0.069,-0.724,-1.051,-1.832,-0.758,-0.102,-0.968,-2.33,0.438,0.624,-0.638,0.019,-0.451,-0.822,-1.197,-2.237,-2.253,0.096,-1.179,-1.348,0.417,-0.98,-0.006,-2.969,0.476,1.046,-0.686,-1.441,-1.973,-2.068,0.312,-1.573,-2.02,-0.673,0.847,-0.149,-0.304,-0.404,0.713,-0.957,0.154,-2.173,-0.696,-1.812,-0.26,-0.846,-2.451,-0.196,-1.278,-0.933,-0.445,-0.467,0.638,-0.12,-0.47,0.914,-0.657,-1.096,-1.408,-0.817,-0.476,-1.569,-0.904,-0.211,-0.16,-0.115,-1.68,-1.889,-1.624,-3.234,-1.148,-1.392,-2.917,-0.818,-1.473,-0.683,-0.745,-1.772,-0.319,-1.231,-0.692,0.597,-0.67,0.446,0.634,1.619,-2.069,-1.227,-1.777,-0.66,-2.085,-0.422,-1.636,-1.346,1.791,0.435,-0.902,0.329,-1.809,-0.445,-1.336,-1.183,-2.182,-0.746,-0.493,1.036,-0.756,-0.587,-0.262,-0.331,-0.74,0.849,-0.038,0.458,0.011,0.472,0.786,-1.774,0.768,-0.127,-2.271,-0.2,0.132,-1.331,-1.134,-1.322,-0.409,-0.996,-2.83,-1.047,-2.143,-0.283,-0.386,0.308,-0.403,-0.256,0.583,0.8,-0.128,-1.144,-1.842,-1.033,0.148,-0.336,-0.599,-1.65,-2.133,-0.657,-1.13,-1.994,-1.163,-0.46,0.249,-0.894,0.69,-0.331,-1.22,-0.357,-0.832,-0.412,-0.281,-0.856,-1.215,-1.25,-1.516,1.186,-0.169,-1.602,0.994,-1.757,-1.61,-1.646,-2.265,-1.933,0.612,-0.901,-1.064,-1.403,1.04,-0.866,-0.839,-1.637,-1.971,-0.205,-1.216,-0.988,-1.665,0.464,0.796,0.509,-0.887,-0.661,-1.779,-1.419,-0.72,-0.162,-0.88,-0.695,-1.34,-0.621,-0.46,0.496,-0.974,-0.464,-0.872,0.154,-0.87,-2.655,0.833,-1.629,1.313,0.756,-2.657,-1.242,-0.947,0.964,-0.115,-1.057,-0.877,-0.893,-0.207,-1.232,0.15,-1.883,-2.173,-2.396,-1.43,1.32,-1.478,-1.209,-2.219,0.06,-0.036,-1.014,-1.583,-0.981,-1.247,-0.387,-2.255,-0.473,0.792,-0.187,-1.283,-1.744,-1.283,-0.55,-1.558,-0.013,-0.54,-0.527,-0.889,-0.894,2.065,-1.293,-0.454,-0.272,-1.232,-0.964,-0.506,-0.425,-0.58,0.014,0.832,-0.695,0.272,-0.579,0.117,-1.75,-3.291,0.662,1.702,-0.743,0.355,-0.984,-0.925,-2.086,-1.982,-0.781,-0.18,-0.691,0.682,-2.333,-0.694,-1.964,0.048,1.536,-0.134,-1.839,-0.229,1.478,0.803,-1.594,-0.249,-2.933,-2.4,-0.178,0.44,0.862,-1.589,-0.524,-1.682,-0.156,-0.283,-0.737,-0.914,-0.734,-0.895,0.037,-2.193,-0.947,-0.588,0.387,0.457,-0.003,-0.403,-0.158,-0.129,0.201,-1.812,-1.098,-1.272,-0.198,-1.475,-2.977,-1.713,-1.785,-1.429,0.206,-0.162,1.265,-0.548,-0.629,1.441,-0.948,-0.973,-0.626,0.704,-1.644,-0.015,-0.513,-0.739,-1.599,-0.499,-1.046,-0.482,-0.755,-1.032,0.628,-0.775,-1.625,-1.514,-1.247,-0.619,-1.767,-0.063,-2.361,-2.005,-0.961,0.231,-1.782,-1,-0.837,-1.615,-0.485,0.334,-0.54,-0.369,-0.489,-2.375,-0.528,-1.274,-2.411,-0.705,0.016,-1.55,0.013,0.056,0.134,-1.753,-0.264,-0.61,-1.042,-0.971,-2.536,-0.708,-0.819,-0.313,-1.804,-0.471,0.807,-1.171,-0.752,-2.382,-2.032,1.295,0.725,1.709,-0.481,-0.817,0.906,-2.448,-0.956,-0.537,2.196,-0.772,0.011,-0.868,-2.287,-0.494,-1.302,-1.77,0.325,-0.255,-1.968,-0.512,-2.564,-1.313,-2.272,1.312,0.609,0.01,-2.729,-0.352,-1.846,-1.099,0.857,-0.788,-0.874,1.152,-0.828,0.354,0.96,-2.109,-3.319,-0.6,-1.026,-0.765,-2.557,-2.179,0.982,0.398,-1.137,1.813,-0.464,-1.664,-0.186,-1.435,-1.463,-1.083,-1.336,-1.076,-0.022,-3.018,-0.628,1.707
I12,C,0.18,0.191,0.222,0.188,0.218,0.226,0.204,0.194,0.156,0.217,0.293,0.216,0.163,0.267,0.191,0.154,0.214,0.146,0.223,0.212,0.147,0.25,0.176,0.17,0.179,0.153,0.195,0.205,0.207,0.196,0.168,0.215,0.214,0.187,0.211,0.237,0.229,0.194,0.243,0.195,0.144,0.212,0.185,0.212,0.226,0.208,0.15,0.211,0.232,0.219,0.199,0.204,0.185,0.209,0.172,0.221,0.194,0.204,0.226,0.217,0.135,0.213,0.159,0.156,0.216,0.215,0.248,0.161,0.214,0.218,0.234,0.21,0.242,0.168,0.193,0.173,0.248,0.307,0.204,0.238,0.23,0.161,0.204,0.319,0.222,0.238,0.17,0.174,0.187,0.202,0.217,0.187,0.192,0.17,0.207,0.196,0.191,0.197,0.194,0.201,0.188,0.188,0.198,0.232,0.223,0.187,0.151,0.25,0.131,0.165,0.2,0.185,0.184,0.186,0.258,0.189,0.163,0.169,0.167,0.21,0.153,0.19,0.212,0.176,0.182,0.194,0.171,0.168,0.195,0.231,0.218,0.248,0.168,0.206,0.222,0.222,0.211,0.224,0.216,0.143,0.193,0.194,0.182,0.145,0.25,0.195,0.189,0.208,0.266,0.207,0.17,0.162,0.193,0.244,0.186,0.195,0.153,0.167,0.224,0.205,0.236,0.166,0.177,0.16,0.193,0.195,0.201,0.163,0.205,0.169,0.176,0.129,0.235,0.183,0.215,0.234,0.213,0.2,0.16,0.194,0.207,0.192,0.189,0.211,0.182,0.242,0.192,0.173,0.209,0.2,0.229,0.19,0.18,0.235,0.198,0.211,0.14,0.177,0.182,0.176,0.16,0.229,0.195,0.216,0.193,0.203,0.183,0.213,0.227,0.167,0.204,0.203,0.212,0.202,0.204,0.177,0.181,0.229,0.132,0.271,0.22,0.187,0.26,0.215,0.184,0.184,0.173,0.153,0.161,0.203,0.202,0.191,0.25,0.207,0.178,0.227,0.226,0.123,0.212,0.175,0.185,0.172,0.213,0.214,0.183,0.205,0.229,0.182,0.246,0.17,0.223,0.216,0.189,0.202,0.256,0.214,0.263,0.154,0.123,0.251,0.2,0.212,0.207,0.161,0.178,0.213,0.184,0.238,0.217,0.232,0.188,0.15,0.211,0.161,0.166,0.169,0.197,0.247,0.209,0.183,0.241,0.181,0.195,0.197,0.253,0.241,0.214,0.197,0.12,0.222,0.195,0.201,0.186,0.206,0.171,0.222,0.172,0.248,0.197,0.215,0.239,0.252,0.166,0.259,0.218,0.232,0.167,0.225,0.259,0.202,0.228,0.208,0.249,0.203,0.168,0.221,0.247,0.158,0.245,0.217,0.171,0.172,0.178,0.221,0.227,0.125,0.206,0.199,0.211,0.173,0.257,0.185,0.227,0.198,0.182,0.207,0.215,0.186,0.195,0.209,0.209,0.226,0.183,0.219,0.202,0.19,0.14,0.224,0.231,0.208,0.183,0.16,0.258,0.221,0.175,0.166,0.178,0.216,0.206,0.205,0.219,0.16,0.183,0.184,0.205,0.179,0.207,0.166,0.202,0.188,0.232,0.198,0.175,0.183,0.177,0.216,0.171,0.106,0.243,0.19,0.238,0.17,0.221,0.189,0.157,0.247,0.176,0.204,0.285,0.233,0.228,0.151,0.241,0.217,0.227,0.173,0.186,0.215,0.177,0.215,0.203,0.161,0.152,0.263,0.179,0.179,0.223,0.226,0.154,0.258,0.218,0.204,0.159,0.192,0.185,0.167,0.147,0.178,0.215,0.222,0.213,0.219,0.158,0.197,0.18,0.144,0.164,0.156,0.22,0.194,0.124,0.19,0.18,0.148,0.197,0.167,0.163,0.182,0.221,0.237,0.223,0.202,0.158,0.217,0.233,0.239,0.201,0.174,0.161,0.194,0.216,0.23,0.171,0.252,0.183,0.199,0.145,0.221,0.195,0.237,0.237,0.178,0.194,0.212,0.202,0.271,0.194,0.135,0.168,0.163,0.168,0.216,0.235,0.275,0.148,0.206,0.162,0.199,0.238,0.231,0.241,0.168,0.166,0.176,0.219,0.204,0.21,0.185,0.29,0.222,0.162,0.161,0.207,0.183,0.254,0.166,0.184,0.2,0.208,0.193
I13,A,0.75,0.12,0.295,0.75,0.621,0.969,0.053,0.334,0.798,0.405,0.349,0.571,0.684,0.491,0.547,0.609,0.809,0.43,0.583,0.497,0.647,0.745,0.503,0.705,0.838,0.273,0.51,0.764,0.551,0.723,0.573,0.554,0.58,0.508,0.785,0.778,0.578,0.824,0.482,0.728,0.567,0.409,0.512,0.496,0.874,0.352,0.352,0.913,0.966,0.677,0.858,0.676,0.642,0.573,0.988,0.507,0.513,0.66,0.593,0.526,0.602,0.487,0.628,1.049,0.744,0.822,0.28,0.465,0.691,0.85,0.884,0.279,0.764,0.926,0.417,0.715,0.905,0.659,0.645,0.779,0.716,0.586,0.745,0.48,1.098,0.954,0.492,0.85,0.646,0.628,0.325,0.846,0.639,0.417,0.459,0.596,0.314,0.359,0.736,0.704,0.55,0.244,0.666,0.26,0.576,0.866,0.46,0.635,0.643,0.537,0.608,0.58,0.67,0.393,0.261,0.524,0.32,0.584,0.526,0.576,0.635,0.262,0.828,0.761,0.765,0.712,0.732,0.489,0.704,0.758,0.526,0.396,0.824,0.302,0.27,0.764,0.517,0.559,0.81,0.879,0.524,0.628,0.423,0.541,0.745,0.778,0.695,0.903,0.6,0.646,0.876,0.42,0.334,0.569,0.556,0.485,0.965,0.461,0.788,0.799,0.855,0.632,0.668,0.68,0.659,0.607,1.093,0.581,0.146,0.828,0.959,0.389,0.76,0.596,0.547,0.44,0.543,0.392,0.472,0.197,0.531,0.497,0.691,0.419,0.293,0.548,0.445,0.359,0.591,0.016,0.311,0.472,0.475,0.929,0.734,0.28,0.871,0.826,0.801,1.064,0.345,0.566,0.261,0.366,0.718,0.75,0.776,0.843,0.084,0.709,1.009,0.571,0.575,0.381,0.674,0.819,0.648,0.799,0.58,0.54,0.383,0.756,0.38,0.515,0.389,0.418,0.805,0.816,0.856,0.426,0.762,0.368,0.706,0.729,0.813,0.826,0.582,0.121,0.273,0.755,0.584,0.421,0.784,0.705,0.611,0.485,0.715,0.78,0.767,0.625,1.061,0.792,0.762,0.838,0.935,0.852,0.363,0.698,0.596,0.651,0.41,0.786,0.742,0.759,0.521,0.525,0.61,0.64,0.497,0.278,0.723,0.415,0.512,0.848,0.397,0.436,0.486,0.557,0.63,0.573,0.603,0.36,0.372,0.921,0.357,0.406,0.661,0.274,0.63,0.594,0.464,0.882,0.443,0.565,0.674,0.431,0.682,0.576,0.526,0.455,0.398,0.631,0.584,0.668,0.344,0.629,0.759,0.636,0.459,1.334,0.667,0.808,0.382,0.81,0.809,0.963,0.878,0.816,0.361,0.439,0.651,0.516,0.523,0.368,0.768,0.379,0.342,0.723,0.745,0.721,0.554,0.69,0.703,0.798,0.484,0.466,0.839,0.445,0.512,0.495,0.511,0.612,0.894,1.108,0.726,0.496,0.896,0.814,0.664,0.419,0.58,0.12,0.805,0.835,0.807,0.343,0.47,0.614,0.687,0.423,0.458,0.427,0.353,0.79,0.572,0.386,0.566,0.757,0.545,0.398,0.631,0.513,0.783,0.708,0.41,0.889,0.782,0.383,0.69,0.827,0.842,0.541,0.954,0.349,0.391,0.542,0.704,0.436,0.939,0.41,0.336,0.822,0.487,0.834,0.34,0.723,0.991,0.919,0.328,0.536,0.612,0.506,0.436,0.749,0.825,0.528,0.662,0.35,0.475,0.549,0.479,0.75,0.485,0.774,0.531,0.757,0.493,0.825,0.445,0.602,0.58,0.554,0.577,0.392,0.457,0.705,0.984,0.4,0.645,0.822,0.781,0.483,0.479,0.637,1.008,0.418,0.523,0.42,0.339,0.55,0.519,0.4,0.84,0.682,0.758,0.67,0.156,0.775,0.844,0.233,0.793,0.657,0.605,0.585,0.694,0.66,0.514,0.669,0.511,0.409,0.309,0.155,1.109,0.618,0.617,0.806,0.779,0.579,0.628,0.733,0.225,0.831,0.392,0.392,0.565,0.736,0.517,0.826,0.656,1.06,0.78,0.685,0.644,0.527,0.546,0.703,0.608,0.408,0.439,0.745,0.724,0.35,0.824,0.781,0.625,0.645,0.376,0.642,0.73,0.634
I13,B,1.459,2.527,0.618,0.963,0.3,1.159,0.349,0.339,0.808,1.854,1.26,-0.856,0.77,0.474,0.653,-0.674,-0.052,-0.536,1.763,0.879,-0.265,0.397,-1.405,-0.558,0.213,1.527,1.469,1.811,1.178,1.493,1.24,0.153,1.502,0.665,0.266,-0.129,-0.037,-0.533,-0.55,-0.074,0.036,1.736,3.242,1.065,1.15,1.927,0.592,0.432,2.53,0.265,0.677,2.058,0.283,0.447,0.926,1.608,-0.156,0.511,0.938,2.148,2.331,1.366,1.317,2.358,-0.384,1.28,0.337,1.189,-0.692,2.833,1.423,0.362,1.791,-0.596,1.452,2.012,-0.398,1.352,1.064,-0.572,1.806,-0.101,2.522,0.251,2.061,0.564,1.687,1.433,1.697,-0.476,0.045,1.691,0.285,0.356,0.474,1.912,0.14,0.847,-0.013,0.073,2.91,-1.983,0.454,1.636,2.469,-0.005,1.638,0.514,0.384,0.391,-0.195,-0.024,0.848,0.804,0.991,1.867,0.629,0.7,0.461,1.922,1.878,1.575,0.807,1.544,1.07,1.386,0.042,0.259,1.386,0.602,1.373,1.214,0.189,1.043,2.985,1.125,-1.214,0.62,1.285,0.557,0.39,0.466,2.634,-0.34,0.33,0.538,2.069,0.923,1.963,-0.309,0.489,1.407,-2.456,0.868,-0.548,0.561,0.43,1.269,-0.043,0.086,0.939,1.061,-0.12,2.298,1.767,0.296,0.38,1.113,0.856,-0.264,1.268,1.562,0.663,0.48,1.206,-0.043,-0.085,2.328,-1.185,1.237,0.833,-0.874,0.971,2.185,0.182,0.296,1.22,-0.692,1.039,1.559,1.077,2.309,0.132,-0.218,1.012,1.922,0.856,2.119,1.17,2.524,1.685,1.405,0.319,2.029,3.277,-0.765,2.94,0.771,0.928,0.774,0.134,1.007,3.415,0.01,-0.05,0.351,1.954,1.027,0.717,0.847,0.835,1.805,0.55,0.126,0.842,2.211,3.644,1.168,2.015,0.044,-0.402,0.19,-0.175,0.419,0.086,-0.25,0.433,0.239,0.613,1.082,2.297,1.388,1.819,-0.709,0.356,0.763,3.102,1.157,1.357,1.307,0.02,0.516,0.708,0.845,0.281,0.004,-1.123,4.085,0.712,0.142,1.571,1.072,1.186,-0.561,0.661,0.849,0.192,-0.444,1.354,1.11,2.205,-0.105,0.979,0.334,1.436,-0.314,-0.436,0.323,-0.524,-0.096,1.488,0.284,-0.018,0.105,2.725,0.349,1.285,0.204,0.909,2.009,0.355,1.103,1.57,1.723,1.379,0.476,2.001,0.341,0.039,-1.169,0.583,2.318,1.543,1.607,0.11,1.078,1.818,1.997,-1.006,0.649,-0.152,2.3,0.147,-0.114,0.517,-0.089,1.607,0.44,0.167,1.613,-0.071,1.317,0.53,0.935,0.689,1.514,2.769,1.18,2.082,0.515,0.672,0.291,1.103,0.833,0.715,1.842,-0.752,2.288,0.266,0.934,1.76,1.004,0.451,2.648,-0.221,1.421,2.318,1.474,1.62,-0.343,1.24,-0.274,-0.401,0.711,-0.198,0.246,0.947,0.969,0.171,-1.961,0.147,1.647,2.665,2.068,0.32,-0.55,1.259,0.19,0.685,1.172,1.673,0.518,2.309,0.704,-0.077,1.333,1.551,-0.408,1.689,-0.798,1.777,2.216,0.226,1.15,2.037,1.941,-0.174,2.287,1.459,0.805,1.512,-1.516,-0.756,-0.731,0.254,-0.416,-0.478,0.279,-1.154,1.23,2.397,-0.248,1.012,1.653,1.558,-0.504,1.16,0.28,1.64,0.88,0.284,1.5,0.636,0.329,1.129,-0.553,0.067,0.904,0.471,0.709,1.488,0.864,0.763,2.202,1.597,-0.218,0.611,-1.162,1.211,1.411,2.17,1.66,-1.473,0.474,0.862,0.409,1.346,2.109,0.244,2.447,2.114,0.129,0.1,0.958,1.666,0.176,0.15,2.583,0.666,0.641,0.641,2.612,0.403,1.978,0.725,0.89,1.486,0.013,2.387,1.776,0.819,-0.907,0.843,-0.181,0.736,1.565,-0.261,0.098,1.761,2.294,1.488,-0.022,-0.661,0.159,1.635,1.459,2.291,1.837,-0.214,2.258,3.309,0.477,1.583,1.144,3,1.466,1.032,0.78,-0.141,0.876,1.665,0.094,1.108,-0.254,0.916,-0.27,1.111,0.905,1.922,-1.251
I13,D1,0.753,0.767,0.726,0.76,0.624,0.75,0.819,0.74,0.794,0.791,0.965,0.714,0.557,0.802,0.694,0.777,0.685,0.697,0.721,0.511,0.693,0.822,0.672,0.552,0.714,0.871,0.878,0.768,0.751,0.836,0.448,0.718,0.675,0.627,0.686,0.64,0.732,0.668,0.636,0.763,0.766,0.891,0.709,0.787,0.622,0.865,0.582,0.79,0.83,0.612,0.685,0.637,0.692,0.87,0.787,0.822,0.703,0.946,0.691,0.681,0.714,0.848,0.837,0.726,0.789,0.681,0.801,0.795,0.641,0.826,0.591,0.738,0.634,0.768,0.924,0.858,0.708,0.623,0.931,0.775,0.462,0.607,0.734,0.74,0.713,0.662,0.765,0.438,0.877,0.974,0.762,0.748,0.671,0.661,0.746,0.773,0.889,0.888,0.717,0.681,0.803,0.721,0.574,0.847,0.669,0.782,0.824,0.668,0.89,0.816,0.771,0.792,0.786,0.645,0.581,0.819,0.829,0.746,0.678,0.792,0.696,0.79,0.766,0.772,0.777,0.604,0.712,0.729,0.816,0.73,0.751,0.789,0.698,0.809,0.653,0.701,0.604,0.868,0.726,0.761,0.737,0.779,0.899,0.729,0.732,0.719,0.645,0.616,0.83,0.726,0.882,0.641,0.685,0.634,0.942,0.918,0.821,0.929,0.864,0.71,0.779,0.565,0.848,0.803,0.599,0.656,0.718,0.798,0.686,0.675,0.86,0.847,0.727,0.776,0.791,0.647,0.888,0.772,0.563,0.61,0.522,0.847,0.802,0.676,0.999,0.846,0.881,0.507,0.874,0.783,0.65,0.702,0.785,0.639,0.943,0.679,0.644,0.661,0.878,0.547,0.697,1.064,0.9,0.747,0.706,0.845,0.8,0.707,0.796,0.667,0.686,0.692,0.839,0.626,0.706,0.552,0.624,0.691,0.771,0.901,0.952,0.663,0.793,0.537,0.819,0.83,0.776,0.764,0.679,0.753,0.847,0.824,0.614,0.761,0.701,0.651,0.736,0.689,0.709,0.717,0.739,0.755,0.734,0.726,0.912,0.773,0.754,0.639,0.717,0.71,0.764,0.76,0.911,0.779,0.76,0.799,0.675,0.753,0.741,0.729,0.88,0.743,0.735,0.639,0.865,0.697,0.687,0.764,0.573,0.735,0.671,0.755,1.003,0.764,0.642,0.666,0.882,0.67,0.684,0.623,0.861,0.478,0.775,0.764,0.675,0.73,0.677,0.599,0.597,0.978,0.892,0.736,0.759,0.771,0.773,0.687,0.595,0.762,0.739,0.746,0.773,0.91,0.789,0.852,0.79,0.892,0.791,0.585,0.751,0.674,0.609,0.751,0.713,0.789,0.724,0.655,0.65,0.707,0.821,0.668,0.664,0.817,0.994,0.578,0.863,0.817,0.896,0.878,0.757,0.962,0.898,0.835,0.861,0.703,0.818,0.633,0.901,0.697,0.698,0.679,0.614,0.699,0.726,0.743,0.649,0.724,0.9,0.852,0.869,0.664,0.751,0.775,0.712,0.806,0.737,0.767,0.758,0.703,0.935,0.893,0.907,0.712,0.643,0.739,0.7,0.8,0.721,0.694,0.665,0.786,0.649,0.776,0.778,0.85,0.597,0.776,0.707,0.554,0.642,0.77,0.79,0.728,0.709,0.73,0.773,0.667,0.673,0.741,0.779,0.593,0.734,0.597,0.717,0.683,0.777,0.566,0.653,0.73,0.777,0.846,0.705,0.725,0.645,0.929,0.627,0.965,0.853,0.761,0.737,0.874,0.879,0.815,0.746,0.801,0.611,0.854,0.8,0.873,0.66,0.762,0.628,0.714,0.962,0.783,0.822,0.907,0.716,0.728,0.574,0.844,0.801,0.834,0.642,0.845,0.849,0.515,0.625,0.646,0.698,0.673,0.763,0.877,0.728,0.722,0.635,0.824,0.751,0.831,0.714,0.759,0.785,0.758,0.953,0.846,0.664,0.99,0.78,0.751,0.883,0.738,0.747,0.635,0.66,0.703,0.688,0.818,0.791,0.759,0.846,0.944,0.665,0.637,0.598,0.622,0.874,0.845,0.73,0.803,0.768,0.844,0.794,0.738,0.926,0.751,0.888,0.753,0.765,0.762,0.685,0.751,0.781,0.868,0.706,0.872,0.545,0.689,0.802,0.604,0.726,0.73
I13,D2,-0.323,-0.616,-0.541,-0.506,-0.418,-0.411,-0.553,-0.463,-0.344,-0.354,-0.238,-0.403,-0.507,-0.572,-0.431,-0.592,-0.568,-0.592,-0.403,-0.363,-0.489,-0.536,-0.468,-0.55,-0.442,-0.641,-0.515,-0.412,-0.423,-0.458,-0.303,-0.316,-0.384,-0.454,-0.322,-0.444,-0.587,-0.505,-0.482,-0.236,-0.538,-0.301,-0.328,-0.329,-0.453,-0.498,-0.633,-0.414,-0.425,-0.39,-0.419,-0.174,-0.47,-0.546,-0.48,-0.343,-0.365,-0.406,-0.354,-0.52,-0.597,-0.304,-0.509,-0.405,-0.483,-0.422,-0.373,-0.503,-0.435,-0.542,-0.454,-0.266,-0.48,-0.332,-0.533,-0.334,-0.379,-0.499,-0.464,-0.556,-0.659,-0.361,-0.397,-0.444,-0.598,-0.494,-0.309,-0.421,-0.404,-0.449,-0.499,-0.359,-0.479,-0.239,-0.379,-0.424,-0.45,-0.429,-0.504,-0.514,-0.429,-0.395,-0.355,-0.348,-0.474,-0.538,-0.442,-0.347,-0.51,-0.51,-0.471,-0.215,-0.585,-0.542,-0.575,-0.312,-0.453,-0.327,-0.339,-0.223,-0.427,-0.37,-0.511,-0.459,-0.543,-0.513,-0.383,-0.365,-0.321,-0.478,-0.417,-0.487,-0.318,-0.498,-0.458,-0.442,-0.361,-0.424,-0.398,-0.459,-0.452,-0.42,-0.572,-0.453,-0.376,-0.433,-0.375,-0.439,-0.524,-0.539,-0.411,-0.399,-0.513,-0.453,-0.439,-0.623,-0.32,-0.505,-0.428,-0.518,-0.248,-0.632,-0.417,-0.507,-0.363,-0.41,-0.583,-0.556,-0.461,-0.527,-0.493,-0.294,-0.418,-0.534,-0.456,-0.435,-0.508,-0.449,-0.68,-0.311,-0.484,-0.325,-0.502,-0.321,-0.481,-0.499,-0.489,-0.284,-0.336,-0.213,-0.451,-0.325,-0.433,-0.464,-0.513,-0.291,-0.36,-0.476,-0.363,-0.483,-0.52,-0.395,-0.533,-0.442,-0.408,-0.487,-0.339,-0.588,-0.308,-0.449,-0.514,-0.486,-0.535,-0.392,-0.506,-0.461,-0.385,-0.478,-0.224,-0.569,-0.353,-0.325,-0.265,-0.522,-0.328,-0.271,-0.531,-0.207,-0.596,-0.624,-0.544,-0.473,-0.457,-0.34,-0.383,-0.545,-0.445,-0.509,-0.499,-0.295,-0.464,-0.366,-0.564,-0.338,-0.388,-0.483,-0.626,-0.435,-0.364,-0.442,-0.319,-0.315,-0.492,-0.392,-0.499,-0.525,-0.46,-0.456,-0.628,-0.465,-0.345,-0.305,-0.412,-0.447,-0.547,-0.317,-0.398,-0.213,-0.501,-0.319,-0.408,-0.426,-0.408,-0.674,-0.464,-0.267,-0.536,-0.567,-0.414,-0.455,-0.598,-0.402,-0.384,-0.464,-0.483,-0.673,-0.541,-0.441,-0.326,-0.51,-0.481,-0.464,-0.244,-0.409,-0.324,-0.495,-0.539,-0.564,-0.571,-0.672,-0.567,-0.319,-0.369,-0.31,-0.565,-0.271,-0.465,-0.479,-0.487,-0.622,-0.512,-0.493,-0.489,-0.693,-0.625,-0.148,-0.516,-0.429,-0.45,-0.344,-0.42,-0.407,-0.481,-0.418,-0.41,-0.27,-0.684,-0.348,-0.563,-0.558,-0.33,-0.416,-0.442,-0.414,-0.254,-0.392,-0.366,-0.495,-0.416,-0.328,-0.492,-0.404,-0.436,-0.404,-0.405,-0.478,-0.289,-0.349,-0.265,-0.26,-0.328,-0.456,-0.66,-0.556,-0.393,-0.339,-0.334,-0.42,-0.424,-0.529,-0.41,-0.35,-0.422,-0.381,-0.231,-0.422,-0.566,-0.617,-0.331,-0.508,-0.465,-0.405,-0.493,-0.423,-0.534,-0.434,-0.408,-0.431,-0.498,-0.444,-0.423,-0.358,-0.56,-0.404,-0.394,-0.48,-0.374,-0.337,-0.459,-0.275,-0.455,-0.308,-0.278,-0.45,-0.399,-0.472,-0.499,-0.235,-0.471,-0.31,-0.566,-0.433,-0.544,-0.351,-0.509,-0.174,-0.669,-0.602,-0.397,-0.364,-0.621,-0.25,-0.423,-0.48,-0.347,-0.639,-0.352,-0.48,-0.421,-0.29,-0.531,-0.337,-0.422,-0.51,-0.373,-0.442,-0.423,-0.388,-0.263,-0.489,-0.419,-0.41,-0.415,-0.549,-0.447,-0.329,-0.424,-0.486,-0.416,-0.403,-0.316,-0.37,-0.32,-0.343,-0.483,-0.296,-0.489,-0.458,-0.371,-0.332,-0.159,-0.403,-0.4,-0.549,-0.309,-0.595,-0.367,-0.196,-0.515,-0.406,-0.484,-0.592,-0.49,-0.311,-0.54,-0.479,-0.308,-0.51,-0.493,-0.524,-0.404,-0.474,-0.29,-0.375,-0.284,-0.424,-0.498,-0.354,-0.231,-0.3,-0.316,-0.491,-0.37,-0.497,-0.422,-0.33,-0.402,-0.254,-0.496,-0.645,-0.384,-0.407,-0.54,-0.407,-0.325,-0.36,-0.517,-0.499,-0.547,-0.587
I13,D3,-0.341,-0.249,-0.125,-0.243,-0.428,-0.278,-0.24,-0.243,-0.26,-0.405,-0.337,-0.478,-0.146,-0.397,-0.209,-0.284,-0.336,-0.239,-0.396,-0.608,-0.264,-0.153,-0.356,-0.375,-0.371,-0.332,-0.325,-0.494,-0.325,-0.284,-0.483,-0.273,-0.16,-0.105,-0.368,-0.281,-0.349,-0.294,-0.306,-0.333,-0.474,-0.148,-0.359,-0.361,-0.3,-0.269,-0.234,-0.258,-0.326,-0.31,-0.353,-0.237,-0.338,-0.26,-0.387,-0.185,-0.165,-0.118,-0.358,-0.34,-0.224,-0.18,-0.431,-0.306,-0.289,-0.24,-0.185,-0.34,-0.231,-0.363,-0.307,-0.288,-0.395,-0.172,-0.426,-0.276,-0.198,-0.206,-0.405,-0.415,-0.226,-0.407,-0.176,-0.143,-0.319,-0.381,-0.27,-0.177,-0.178,-0.232,-0.267,-0.341,-0.392,-0.296,-0.093,-0.385,-0.293,-0.271,-0.255,-0.37,-0.341,-0.253,-0.329,-0.262,-0.413,-0.274,-0.295,-0.313,-0.084,-0.253,-0.346,-0.276,-0.237,-0.314,-0.344,-0.331,-0.183,-0.334,-0.21,-0.324,-0.382,-0.144,-0.202,-0.307,-0.221,-0.426,-0.147,-0.497,-0.344,-0.178,-0.351,-0.39,-0.223,-0.34,-0.397,-0.154,-0.404,-0.282,-0.429,-0.318,-0.363,-0.226,-0.195,-0.295,-0.344,-0.233,-0.324,-0.435,-0.373,-0.312,-0.288,-0.289,-0.225,-0.403,-0.25,-0.317,-0.309,-0.319,-0.311,-0.266,-0.116,-0.348,-0.402,-0.279,-0.295,-0.187,-0.314,-0.434,-0.341,-0.3,-0.486,-0.372,-0.357,-0.363,-0.268,-0.282,-0.171,-0.259,-0.246,-0.223,-0.368,-0.365,-0.234,-0.175,-0.352,-0.139,-0.312,-0.316,-0.271,-0.266,-0.432,-0.319,-0.33,-0.3,-0.207,-0.397,-0.391,-0.423,-0.182,-0.214,-0.17,-0.385,-0.39,-0.33,-0.361,-0.327,-0.264,-0.311,-0.464,-0.407,-0.338,-0.41,-0.262,-0.268,-0.37,-0.311,-0.461,-0.287,-0.225,-0.236,-0.283,-0.289,-0.396,-0.292,-0.443,-0.226,-0.194,-0.299,-0.208,-0.23,-0.341,-0.276,-0.237,-0.341,-0.361,-0.333,-0.236,-0.318,-0.376,-0.342,-0.316,-0.278,-0.25,-0.278,-0.453,-0.204,-0.348,-0.186,-0.325,-0.331,-0.24,-0.157,-0.336,-0.184,-0.36,-0.348,-0.183,-0.278,-0.421,-0.16,-0.429,-0.49,-0.298,-0.198,-0.311,-0.126,-0.403,-0.382,-0.391,-0.44,-0.434,-0.42,-0.519,-0.395,-0.362,-0.298,-0.324,-0.335,-0.36,-0.401,-0.237,-0.165,-0.204,-0.322,-0.359,-0.428,-0.426,-0.324,-0.299,-0.335,-0.413,-0.324,-0.394,-0.423,-0.342,-0.336,-0.295,-0.271,-0.207,-0.391,-0.47,-0.337,-0.554,-0.241,-0.24,-0.114,-0.304,-0.5,-0.328,-0.402,-0.176,-0.318,-0.275,-0.271,-0.311,-0.291,-0.154,-0.399,-0.185,-0.308,-0.262,-0.167,-0.379,-0.228,-0.364,-0.254,-0.225,-0.278,-0.508,-0.417,-0.255,-0.329,-0.34,-0.345,-0.364,-0.333,-0.215,-0.276,-0.168,-0.356,-0.264,-0.337,-0.368,-0.038,-0.345,-0.293,-0.206,-0.19,-0.425,-0.366,-0.166,-0.452,-0.279,-0.39,-0.231,-0.31,-0.477,-0.278,-0.406,-0.349,-0.359,-0.53,-0.185,-0.285,-0.293,-0.489,-0.274,-0.187,-0.376,-0.34,-0.228,-0.334,-0.289,-0.043,-0.294,-0.409,-0.224,-0.354,-0.388,-0.35,-0.276,-0.416,-0.306,-0.453,-0.294,-0.106,-0.369,-0.433,-0.439,-0.375,-0.579,-0.465,-0.426,-0.373,-0.334,-0.226,-0.418,-0.38,-0.273,-0.419,-0.373,-0.215,-0.383,-0.377,-0.176,-0.298,-0.371,-0.291,-0.23,-0.396,-0.343,-0.294,-0.358,-0.324,-0.338,-0.327,-0.327,-0.292,-0.282,-0.25,-0.457,-0.403,-0.201,-0.275,-0.402,-0.475,-0.253,-0.323,-0.237,-0.439,-0.397,-0.281,-0.181,-0.374,-0.235,-0.171,-0.39,-0.433,-0.306,-0.214,-0.392,-0.625,-0.301,-0.317,-0.368,-0.281,-0.231,-0.25,-0.327,-0.314,-0.351,-0.368,-0.361,-0.414,-0.353,-0.384,-0.216,-0.325,-0.179,-0.285,-0.215,-0.324,-0.349,-0.332,-0.191,-0.293,-0.419,-0.315,-0.462,-0.428,-0.381,-0.356,-0.22,-0.26,-0.302,-0.449,-0.233,-0.395,-0.176,-0.218,-0.348,-0.279,-0.373,-0.205,-0.45,-0.357,-0.198,-0.429,-0.372,-0.221,-0.258,-0.321,-0.4,-0.328,-0.21,-0.392,-0.307,-0.338,-0.391,-0.37
I14,A,0.647,0.442,0.863,0.884,0.891,0.646,0.533,0.705,0.509,0.516,0.727,0.46,0.87,0.81,0.78,0.598,0.708,0.816,0.682,0.582,0.835,0.659,1.185,0.889,0.731,0.806,0.619,0.405,0.719,0.637,0.465,0.719,1.158,0.477,0.688,0.603,0.749,0.859,0.762,0.734,0.94,0.803,0.586,0.706,0.897,1.013,0.832,0.812,0.959,1.178,0.979,0.977,0.874,0.429,0.661,0.576,0.787,0.91,0.873,0.854,0.584,0.539,0.779,1.115,0.86,0.641,0.797,0.741,0.865,0.892,0.447,0.786,0.788,0.654,0.956,0.639,1.021,0.452,0.88,1.079,1.039,0.945,0.668,0.834,0.707,0.761,0.589,0.997,0.641,0.933,1.157,0.371,0.669,0.76,0.932,0.746,0.915,0.978,0.963,0.885,1.048,0.796,0.92,1.088,0.632,0.707,0.959,0.405,0.751,1.075,0.684,0.558,0.686,0.982,0.995,0.905,0.962,0.876,1.01,0.862,0.819,1.156,0.802,0.895,0.924,1.172,1.04,1.014,0.999,1.021,0.665,0.624,0.863,0.829,0.448,0.865,0.897,0.943,0.851,0.792,1.269,1.147,0.707,0.72,0.944,0.854,0.658,1.288,1.175,0.891,0.579,0.789,0.362,0.651,0.598,0.822,0.538,0.87,0.484,0.669,0.745,0.604,0.899,0.784,1.237,0.839,0.877,0.971,0.964,0.971,0.924,1.184,0.775,0.776,1.112,0.518,0.687,0.404,1.105,0.554,0.575,0.722,0.525,0.897,0.85,0.96,0.603,0.804,0.676,0.863,1.007,1.019,0.656,0.869,0.627,0.753,0.893,0.606,0.983,1.072,0.655,0.896,0.853,0.782,0.931,1.017,0.796,1.224,0.806,0.935,0.535,0.797,0.539,0.354,1.07,1.03,0.993,0.802,0.661,0.812,0.685,0.759,0.637,0.648,0.3,0.918,0.877,0.662,0.732,0.628,0.762,0.644,1.058,0.789,0.657,0.647,0.644,0.655,0.699,0.713,0.526,0.898,0.852,0.847,0.494,0.756,0.496,0.853,0.771,0.511,1.038,0.928,0.955,0.91,0.627,0.793,0.94,0.865,1.1,0.887,0.896,1.017,1.167,0.767,0.673,0.851,0.828,0.468,0.956,0.867,0.942,0.568,0.831,0.695,0.445,0.862,1.047,0.498,0.843,0.862,0.627,1.125,1.064,0.919,0.952,0.963,0.896,0.594,0.92,0.88,0.674,0.817,0.635,0.806,0.963,0.523,0.929,0.771,0.852,1.098,1.009,0.599,0.818,0.518,0.815,0.858,1.016,0.645,0.799,0.911,0.867,0.828,1.242,0.772,1.02,0.717,0.876,0.699,0.848,0.569,0.677,0.713,1.037,0.912,0.578,0.594,0.91,0.768,0.383,0.822,0.832,0.863,0.56,0.779,0.674,1.149,0.598,0.89,0.741,0.971,0.822,0.698,0.775,0.911,0.758,0.952,1.11,0.683,0.833,0.659,0.887,1.075,0.543,0.516,1.026,0.61,1.058,0.716,0.791,1.194,0.864,0.456,0.591,0.823,1.16,0.794,0.783,0.778,1.243,0.841,0.633,0.774,0.539,0.303,0.858,0.927,0.703,0.266,0.783,0.874,0.498,0.652,0.507,0.523,0.715,0.761,0.449,0.525,0.728,0.648,0.969,0.885,0.706,0.515,0.643,0.815,0.774,0.437,0.602,0.836,0.539,0.707,1.106,0.814,0.792,0.898,0.66,0.65,0.908,0.747,0.649,0.612,0.95,0.988,0.819,1.13,0.985,1.016,0.759,0.882,0.729,0.752,1.047,0.971,1.02,0.603,0.7,0.793,0.88,1.042,0.853,1.054,0.974,1.096,0.536,1.063,0.805,1.177,0.952,0.858,0.917,0.903,0.756,0.923,0.633,0.84,0.45,0.789,1.179,1.135,0.812,0.819,0.634,0.971,0.564,0.612,0.731,0.803,0.919,0.745,0.797,0.581,1.145,0.561,0.708,0.387,1.068,0.596,0.656,0.907,0.756,0.754,1.145,1.373,0.736,0.904,0.632,0.723,0.64,0.97,0.843,0.682,1.081,0.782,0.744,0.697,0.634,0.578,0.838,0.595,0.915,0.778,0.676,0.701,0.644,0.391,0.988,0.74,0.774,0.675
I14,B,-0.425,-1.213,1.067,1.709,0.1,0.144,0.437,-1.581,0.79,0.327,-0.254,-0.617,-1.102,-1.907,-1.125,1.1,0.972,-1.535,0.148,0.48,1.032,0.945,1.869,-0.648,-0.832,-0.307,-0.593,0.693,-1.158,-0.163,-1.128,1.346,-0.288,0.821,0.147,-0.185,0.372,-0.244,1.006,-0.853,2.563,-1.282,-0.773,-1.272,-0.558,0.947,-0.487,-0.356,1.309,-2.487,1.321,-0.317,0.322,1.789,0.761,0.626,-0.238,-0.264,-0.18,1.705,0.65,-0.222,-0.901,-0.116,0.609,-0.513,-1.25,0.669,1.1,0.875,0.695,-0.482,2.174,1.121,-0.202,-1.563,0.178,-0.123,0.47,-0.775,0.726,0.064,0.408,-0.222,-0.437,-0.995,-0.609,1.258,-0.216,0.095,-2.917,-0.931,0.343,-2.228,-0.229,0.709,0.458,1.102,-1.494,0.224,-0.052,0.138,-1.323,0.953,0.666,0.154,-0.87,-1.107,1.153,-2.14,-0.966,0.144,-1.043,0.565,-0.497,-0.336,-2.208,0.467,0.123,0.372,-0.379,-0.726,0.608,-0.732,0.592,1.236,0.492,0.665,2.833,-1.121,-0.305,-0.339,-0.499,0.357,1.539,-0.997,-0.489,-0.732,-0.901,0.326,1.144,1.949,-1.106,2.093,0.942,1.398,-0.489,-0.432,-1.154,-0.147,-0.917,-0.068,1.384,0.767,-1.454,-0.202,2.405,-1.434,-0.639,-2.219,-1.208,-0.509,-0.558,-0.284,-0.68,-1.993,-2.068,0.367,-0.537,-1.529,-0.847,1.21,0.822,1.632,2.397,-0.076,0.629,-0.127,-0.844,-2.443,-0.447,0.814,-0.502,-0.804,-1.663,-0.323,1.531,-1.358,-1.208,0.192,0.819,1.699,-1.08,-1.009,-0.624,0.156,0.469,1.989,-0.079,1.211,0.382,0.605,-0.891,2.63,-0.015,-0.171,1.31,-1.016,0.401,-1.233,-0.561,1.113,-0.818,1.759,-0.851,-1.339,0.041,-1.132,-1.003,1.627,1.27,0.541,1.122,-0.719,0.163,0.659,0.474,0.427,-1.258,1.566,-0.304,-0.115,0.203,-0.08,0.063,1.438,0.688,0.256,0.999,0.828,1.349,0.455,1.189,0.754,-1.685,-0.226,-0.311,1.562,0.302,0.471,0.952,0.087,0.181,-0.03,-1.015,-0.205,-0.542,-0.887,-0.264,0.435,-0.172,-0.535,-0.284,-1.988,0.116,-0.427,-0.54,0.113,-0.945,-0.079,-1.322,0.606,-0.533,-1.289,-0.472,-2.288,-0.897,0.679,0.437,-1.64,-1.157,-0.953,-0.421,-1.686,1.543,-1.182,-0.339,0.405,1.331,1.317,-0.469,0.116,-0.672,0.739,-0.49,-0.384,0.959,1.904,1.299,-0.063,-0.071,-0.806,0.364,-0.771,1.443,1.175,-0.81,-0.988,-0.41,0.158,-0.848,-0.938,0.267,-1.008,1.274,-1.196,0.593,0.28,-2.041,0.098,-0.615,-0.137,-0.675,-0.279,-1.685,0.322,-0.767,0.572,-1.087,-1.054,0.733,-0.966,-0.708,-0.732,1.141,-0.098,-1.714,-0.225,-0.161,0.752,0.63,-0.328,0.306,1.661,0.149,0.405,-0.953,-0.505,-1.363,-1.494,1.911,0.621,0.861,-0.83,-1.262,-0.817,0.126,1.465,1.449,0.195,2.146,-2.219,-0.122,-1.388,-1.129,-0.356,-0.3,1.069,-0.808,-0.681,0.19,-1.25,1.809,1.258,-1.3,-0.491,-1.214,-0.863,0.802,-0.497,-0.187,0.155,-0.357,-0.461,-0.045,-1.465,2.152,0.882,0.4,1.255,0.601,-0.55,2.158,1.058,0.223,0.092,0.838,1.349,-1.341,0.432,-0.017,1.935,-0.339,0.177,-1.866,0.683,1.569,0.37,-0.812,-0.648,0.67,0.63,-0.03,-0.445,-0.469,0.654,-1.175,0.406,0.228,2.694,0.816,-0.215,0.169,0.322,0.211,-1.014,0.819,-0.049,0.013,-0.967,-0.048,0.598,0.947,0.244,0.698,-0.302,0.612,0.695,1.094,0.617,-2.35,0.831,-0.752,-0.389,0.499,0.145,0.968,-0.127,0.452,-1.475,0.437,0.866,-0.689,1.333,0.181,1.362,-0.559,1.654,-0.542,0.075,0.666,-0.907,0.62,-1.497,0.746,0.041,-1.251,0.195,0.78,0.125,-1.386,1.183,-0.806,-1.081,1.744,-0.082,-0.136,0.425,-1.908,1.16,-0.762,1.38,-1.636,0.709,1.125,0.581,0.807,0.31,0.836,2.33,-0.449,-0.363,-0.319,0.015,-0.619,0.935,-0.49,0.127,0.733,-1.285
I14,D1,0.132,0.169,0.167,0.228,0.197,0.153,0.079,0.243,0.062,0.245,0.162,0.307,0.241,0.292,0.21,0.223,0.244,0.27,0.165,0.134,0.38,0.074,0.03,0.283,0.159,0.275,0.169,0.146,0.311,0.203,0.088,0.323,0.204,-0.029,0.152,0.213,0.039,0.188,0.11,0.128,-0.007,0.288,0.008,0.315,0.14,0.284,0.093,0.21,0.183,0.12,0.12,0.01,0.205,0.257,0.204,0.141,0.417,0.039,0.175,0.137,0.099,0.09,0.201,0.249,0.306,0.155,0.289,0.147,0.332,0.138,0.203,0.294,0.025,0.157,0.113,0.313,0.139,0.133,0.111,-0.042,0.066,0.217,0.2,0.175,0.27,0.271,0.221,0.256,-0.04,0.135,0.278,0.106,0.179,0.237,0.033,0.201,0.429,0.089,0.067,0.239,0.353,0.164,0.123,0.017,0.112,0.167,-0.046,0.005,0.168,0.121,0.11,0.189,0.197,0.331,0.036,0.097,0.015,0.184,0.15,0.19,0.173,0.241,0.122,0.209,0.263,0.183,0.161,0.093,0.251,0.129,0.102,0.131,0.012,0.227,0.031,0.291,0.067,0.202,0.155,0.161,0.214,0.103,0.061,-0.023,0.049,0.247,0.189,0.302,0.049,0.135,0.156,0.272,0.321,0.221,0.24,0.251,0.307,0.177,0.044,0.236,0.194,-0.021,0.195,0.114,0.094,0.143,0.195,0.258,0.208,0.104,0.055,0.14,0.136,0.089,0.145,0.334,0.075,0.052,0.249,0.01,0.055,0.234,0.262,0.22,0.037,0.07,0.175,-0.012,0.186,0.173,0.177,0.131,0.145,-0.019,0.163,0.071,0.2,0.215,0.402,0.093,0.062,0.214,0.194,0.253,0.101,0.183,0.069,0.091,0.146,0.364,0.01,0.236,0.118,0.205,0.148,0.062,0.14,0.178,0.129,0.046,0.254,0.057,0.239,0.236,0.225,0.242,0.183,0.114,0.113,0.207,0.266,0.191,0.269,0.012,0.178,0.193,0.183,0.182,0,0.296,0.187,0.159,0.256,0.341,0.142,0.161,0.237,0.373,0.184,0.261,0.033,0.113,0.241,0.164,0.136,0.285,0.21,0.165,0.1,0.273,0.203,0.122,0.244,0.079,0.179,0.254,0.307,0.159,0.22,0.118,0.241,0.166,0.252,-0.058,0.312,0.104,0.313,0.137,0.257,0.19,0.104,0.348,0.147,0.119,0.17,-0.029,0.333,0.184,0.144,0.183,0.263,0.206,0.293,0.287,0.012,0.193,0.12,0.119,0.293,0.152,0.138,0.261,0.115,0.194,0.273,-0.008,0.264,0.12,0.357,0.237,0.083,0.138,0.021,0.103,0.252,0.201,0.027,0.178,0.153,0.041,0.246,0.164,0.087,0.077,0.017,0.125,0.275,0.059,0.021,0.059,0.297,0.257,0.053,0.196,0.223,0.076,-0.009,0.187,-0.071,0.095,-0.052,0.053,0.056,0.109,0.077,0.044,-0.016,0.08,-0.032,0.043,0.139,0.24,0.214,0.132,0.103,0.078,0.112,0.113,0.115,0.24,0.224,0.301,0.128,0.162,0.197,0.187,0.121,0.147,0.182,0.249,0.278,0.224,0.142,0.041,0.138,0.002,0.443,0.119,0.164,0.115,0.297,0.097,0.229,0.195,0.21,0.316,0.144,0.199,0.013,0.076,-0.05,0.237,0.215,0.088,0.188,0.345,0.067,0.245,0.161,0.225,0.218,0.215,0.122,0.221,0.221,0.098,0.16,0.217,0.272,0.094,0.027,0.25,0.168,0.179,0.224,0.163,0.321,0.095,0.157,0.177,0.063,0.179,0.194,0.211,0.115,0.174,0.168,0.056,0.286,0.17,0.02,0.154,0.077,0.223,0.166,0.188,-0.044,0.205,0.04,0.046,0.18,0.111,0.295,0.205,0.154,0.206,0.25,0.072,0.138,0.081,0.221,0.075,-0.092,0.093,0.186,0.215,0.199,0.02,0.113,0.082,0.194,0.034,0.194,0.163,-0.015,0.091,0.342,0.328,-0.011,0.163,0.242,0.076,0.252,-0.176,0.049,0.226,0.262,0.183,0.229,0.047,0.081,0.214,0.046,0.2,0.178,0.154,0.108,0.115,0.386,0.059,0.02,0.12,0.071,0.211,0.139,0.033,0.143,0.14,0.342,0.157
I14,D2,-0.051,-0.054,-0.04,-0.029,0.101,-0.119,-0.002,-0.149,0.086,-0.068,0.142,-0.169,-0.183,-0.093,-0.057,0.105,0.011,0.023,-0.101,-0.165,-0.017,-0.009,-0.051,-0.023,-0.119,-0.085,-0.141,-0.2,-0.206,0.001,-0.107,0.029,-0.113,-0.075,0.051,-0.063,-0.102,0.055,-0.199,-0.012,-0.003,-0.098,-0.164,-0.073,-0.151,-0.012,-0.078,-0.078,-0.165,-0.079,0.015,0.09,-0.164,-0.241,-0.148,-0.004,0.072,0.051,-0.13,-0.144,0.097,0.041,-0.06,0.156,-0.169,0.009,-0.155,0.024,-0.082,-0.074,-0.033,-0.06,-0.092,-0.074,-0.052,-0.059,-0.112,-0.064,-0.161,-0.057,-0.044,-0.115,-0.117,-0.162,-0.157,0.071,0.056,-0.078,0.06,0.067,-0.113,-0.082,-0.01,0.144,-0.239,0.003,-0.27,-0.128,0.003,0.102,-0.031,-0.125,-0.223,-0.122,-0.016,-0.078,-0.012,0.026,-0.082,-0.041,-0.055,-0.078,0.022,0.014,0.059,0.006,0.018,-0.045,-0.148,0.037,0.027,-0.041,0.018,-0.075,-0.082,-0.198,-0.086,0.066,-0.124,-0.033,-0.058,-0.249,-0.12,0.017,0.074,-0.119,-0.192,-0.149,-0.054,0.089,-0.003,-0.014,-0.049,0.023,0.023,0.12,-0.068,-0.055,-0.104,0.092,-0.031,-0.176,-0.157,-0.185,-0.035,-0.066,0.1,-0.074,-0.171,0.003,-0.153,-0.014,0.002,-0.139,-0.344,0.001,-0.163,-0.2,-0.223,-0.015,-0.135,0.03,-0.114,-0.218,0.019,-0.091,-0.132,-0.175,0.05,0.063,0.03,0.071,-0.075,-0.156,-0.058,-0.017,-0.066,-0.305,-0.136,-0.287,-0.145,-0.103,-0.097,-0.224,0.076,-0.159,-0.264,0.001,-0.129,0.056,0.011,-0.119,-0.159,-0.034,0.006,-0.154,-0.077,-0.058,-0.126,-0.261,-0.028,0.033,-0.133,-0.114,-0.095,0.16,-0.177,-0.053,-0.014,-0.046,-0.082,-0.195,0.068,0.067,-0.089,-0.055,-0.004,-0.138,-0.009,-0.024,0.051,-0.112,-0.033,-0.09,-0.107,-0.196,0.169,0.015,-0.222,-0.025,-0.203,0.05,-0.002,-0.148,0.076,-0.028,-0.053,-0.205,0.078,-0.085,-0.057,0.122,-0.171,-0.069,-0.068,-0.092,0.02,-0.04,0.082,-0.096,-0.2,-0.148,-0.174,0.029,-0.1,0.037,-0.001,-0.104,-0.127,-0.009,0.032,-0.137,0.049,-0.034,-0.027,-0.151,-0.31,-0.068,-0.177,0.109,-0.021,-0.232,-0.257,-0.034,0.04,-0.268,-0.062,-0.114,0.113,-0.025,0.059,-0.115,0.051,-0.019,-0.031,-0.11,-0.013,-0.085,-0.118,0.003,-0.114,-0.034,0.035,-0.362,-0.009,0.05,-0.149,-0.107,-0.152,0.063,-0.199,0.028,-0.093,-0.025,-0.035,-0.158,0.014,0.008,0.127,0.005,-0.077,-0.309,0.028,-0.019,0.075,-0.033,0.145,-0.012,-0.115,-0.104,-0.086,0.003,-0.002,-0.107,-0.206,-0.267,-0.006,-0.109,-0.081,-0.18,-0.183,0.078,-0.312,0.062,-0.081,0.022,-0.102,-0.163,0.125,-0.14,-0.223,-0.101,-0.12,0.039,0.011,-0.026,0.019,-0.165,-0.191,-0.157,-0.017,-0.149,-0.161,-0.176,-0.168,-0.104,-0.061,-0.059,-0.086,-0.112,-0.076,-0.142,0.048,0.086,-0.047,-0.269,-0.265,-0.096,-0.126,0.056,0.15,-0.054,0,-0.291,-0.034,0.08,-0.223,-0.129,-0.156,-0.079,-0.136,-0.07,-0.129,0.027,-0.14,-0.229,-0.153,0.149,-0.016,-0.162,0.055,0.01,-0.012,-0.107,0.06,0.003,-0.1,0.053,0.049,-0.166,-0.236,-0.008,-0.037,-0.064,-0.008,0.041,-0.2,-0.119,0.063,-0.13,-0.007,-0.229,0.043,-0.131,-0.049,-0.043,0.005,-0.234,0.006,-0.149,0.033,0.028,-0.148,-0.34,-0.103,0.103,0.022,-0.073,0.04,-0.076,-0.066,-0.089,-0.081,-0.061,-0.045,-0.02,-0.075,-0.191,-0.11,-0.056,-0.227,-0.145,-0.137,-0.122,-0.098,0.006,0.004,-0.243,-0.013,-0.161,0.012,0.012,-0.038,-0.078,0.024,-0.169,-0.119,-0.02,-0.121,-0.216,-0.057,-0.299,-0.033,-0.027,0.023,-0.219,0.041,0.007,0.006,0.142,-0.145,0.047,-0.234,-0.026,-0.129,-0.026,-0.032,-0.12,0.054,-0.207,0.008,-0.123,0.033,-0.075,-0.003,-0.066,-0.018,0.052,0.024,-0.094
I14,D3,-0.106,0.054,-0.207,-0.186,-0.126,-0.119,-0.118,-0.249,-0.221,0.018,-0.123,0.148,-0.182,0.134,-0.141,-0.048,-0.221,-0.026,-0.098,0.016,0.132,-0.221,-0.011,0.012,-0.168,-0.11,-0.117,-0.195,-0.323,0.019,-0.335,-0.233,0.019,-0.12,-0.15,-0.191,-0.163,-0.163,-0.231,-0.002,-0.066,-0.18,-0.112,-0.11,-0.179,-0.086,-0.246,-0.099,-0.152,-0.134,-0.194,0.035,-0.07,0.013,-0.024,-0.133,-0.185,-0.187,-0.105,-0.06,-0.175,-0.108,-0.094,-0.051,0.028,-0.017,-0.132,0.071,-0.141,-0.172,-0.07,-0.135,0.013,-0.179,-0.142,-0.152,-0.025,-0.213,0.019,0.04,-0.129,-0.025,0.005,0.005,-0.108,-0.183,-0.112,0.066,0.06,-0.148,-0.151,-0.182,-0.096,-0.157,0.081,-0.125,0.054,0.047,-0.106,-0.235,-0.206,0.045,-0.032,-0.042,-0.101,-0.148,-0.229,-0.123,-0.205,-0.062,-0.098,0.148,-0.033,0.105,0.045,-0.207,-0.191,0.042,-0.082,-0.156,-0.158,-0.117,-0.031,-0.156,-0.123,-0.067,-0.099,-0.14,-0.245,-0.064,-0.004,-0.102,-0.168,-0.253,0.113,-0.09,0.078,-0.105,-0.033,-0.206,-0.171,-0.176,0.106,-0.078,-0.094,-0.105,-0.271,-0.048,-0.055,-0.21,0.113,-0.019,-0.055,0.056,0.04,-0.095,0.05,-0.02,-0.007,-0.264,-0.133,-0.044,-0.074,-0.056,-0.089,0.132,-0.216,-0.202,-0.118,-0.12,-0.109,-0.092,-0.126,0.005,-0.293,0.075,-0.115,-0.38,0.038,-0.196,-0.216,0.008,0.002,-0.194,-0.044,0.032,-0.138,-0.28,-0.023,-0.075,0.113,-0.127,-0.293,-0.249,-0.028,-0.051,-0.099,-0.125,-0.226,-0.065,-0.044,-0.212,0.067,-0.132,-0.059,-0.181,0.064,-0.145,-0.087,-0.108,-0.117,0.042,-0.234,-0.149,-0.267,-0.178,0.015,-0.111,-0.076,0.03,-0.139,0.011,-0.148,-0.003,-0.016,0.161,-0.117,-0.245,-0.003,-0.104,-0.108,-0.046,-0.054,-0.002,-0.077,0.041,-0.154,-0.208,0.003,-0.181,-0.027,-0.184,-0.017,0.022,-0.327,-0.107,-0.098,-0.129,-0.146,-0.157,-0.01,-0.044,0.025,-0.097,-0.03,-0.164,-0.09,0.035,-0.042,-0.177,-0.016,-0.08,-0.074,-0.104,-0.146,-0.179,-0.109,-0.147,-0.088,-0.164,-0.07,-0.063,-0.16,-0.092,-0.149,0.021,-0.01,0.021,-0.01,-0.126,0.12,-0.136,-0.216,-0.121,-0.133,-0.041,0.037,-0.124,0.226,-0.057,-0.233,-0.052,-0.159,-0.077,-0.016,0.011,0.092,0.086,-0.159,-0.023,-0.046,0.127,0.055,0.061,-0.083,-0.18,0.02,-0.268,-0.046,-0.033,0.054,-0.152,0.035,-0.165,-0.144,-0.224,-0.132,-0.029,0.207,-0.168,0.005,-0.114,-0.047,-0.153,-0.017,-0.24,-0.445,0.015,-0.125,-0.157,-0.242,-0.13,-0.039,-0.104,0.086,-0.159,-0.035,-0.056,-0.163,0.051,-0.089,-0.188,-0.074,-0.137,-0.178,-0.034,-0.12,0.012,0.039,-0.145,-0.007,-0.046,-0.066,-0.155,-0.068,-0.051,-0.237,-0.165,-0.129,-0.177,-0.17,-0.195,-0.068,0.081,-0.041,-0.121,-0.165,-0.238,-0.17,-0.045,-0.174,-0.187,-0.185,-0.081,-0.199,-0.035,-0.08,-0.231,-0.148,-0.301,-0.104,-0.28,-0.199,-0.011,-0.03,-0.071,-0.001,-0.022,-0.041,0.121,-0.085,-0.108,0.006,-0.213,-0.005,-0.359,-0.038,-0.184,-0.183,-0.265,-0.068,-0.11,-0.073,-0.087,-0.071,-0.002,-0.072,-0.28,0.041,-0.261,-0.113,-0.217,-0.165,-0.112,-0.057,-0.007,-0.183,-0.064,0.016,-0.064,-0.233,-0.099,-0.057,-0.009,-0.128,-0.07,-0.151,-0.226,-0.088,-0.098,-0.08,-0.108,-0.111,-0.071,-0.193,-0.055,-0.233,-0.004,0.198,-0.205,-0.271,0.022,-0.135,-0.299,-0.077,-0.13,-0.077,-0.118,-0.065,-0.024,-0.103,-0.174,-0.041,0.031,-0.176,-0.24,-0.048,-0.09,-0.164,-0.024,0.026,-0.166,-0.111,-0.099,-0.101,0.049,0.058,0.046,-0.11,0.009,-0.137,-0.112,-0.126,0.056,-0.12,-0.105,-0.17,-0.128,-0.151,-0.136,-0.18,-0.117,-0.03,0.038,-0.209,-0.007,0.143,-0.204,-0.138,-0.039,-0.061,-0.009,-0.077,-0.157,0,-0.207,-0.062,-0.145,0.015,-0.1
I15,A,0.639,0.47,0.285,0.225,0.092,0.313,0.434,0.419,0.589,0.615,0.495,0.777,0.319,0.481,0.488,0.084,0.308,0.611,0.638,0.65,0.153,0.434,0.295,0.461,0.313,0.551,0.101,0.329,0.562,0.284,0.221,0.415,0.378,0.161,0.3,0.234,0.387,0.427,0.298,0.549,0.453,0.208,0.32,0.404,0.14,0.194,0.417,0.443,0.671,0.029,0.375,0.518,0.339,0.39,0.215,0.546,0.436,0.528,0.773,0.207,0.31,0.236,0.422,0.356,0.427,0.457,0.232,0.52,0.289,0.474,0.002,0.163,0.75,0.61,0.928,0.615,0.501,0.317,0.128,0.233,0.052,0.522,0.622,0.49,0.431,0.504,0.057,0.249,0.762,0.504,0.062,0.28,0.664,0.31,0.666,0.688,0.667,0.358,0.691,0.063,0.379,0.505,0.63,0.73,0.317,0.598,0.295,0.161,0.367,0.545,0.096,0.594,0.542,0.516,0.14,0.653,0.68,0.808,0.931,0.923,0.53,0.294,0.283,0.034,0.411,0.111,0.245,0.167,0.666,0.438,0.129,0.491,0.112,0.389,0.28,0.498,0.562,0.563,0.049,0.046,0.343,0.405,0.212,0.461,0.258,0.373,0.562,0.742,0.222,0.414,0.249,0.182,0.35,0.199,0.421,0.358,0.549,0.145,0.466,0.526,0.027,0.578,0.534,0.544,0.246,0.064,0.338,0.184,0.109,0.267,0.381,0.567,0.395,0.529,0.338,0.289,0.417,0.554,0.643,0.581,0.593,0.574,0.543,0.289,0.016,0.446,0.534,0.305,0.397,0.249,0.051,0.362,0.649,0.136,0.139,0.112,0.31,0.227,0.409,0.107,0.286,0.639,0.139,0.183,0.373,0.268,0.484,0.132,0.165,0.671,0.282,0.395,0.279,0.391,0.742,0.389,0.295,0.361,0.236,0.281,0.223,0.588,0.378,0.394,0.262,0.063,0.526,0.549,0.621,0.466,0.414,0.572,0.528,0.567,0.573,0.834,0.735,0.154,0.386,0.509,0.476,0.551,0.145,0.17,0.439,0.24,0.499,0.469,0.391,0.677,0.286,0.131,0.482,0.63,0.459,0.547,0.701,0.311,0.238,0.369,0.516,0.561,0.257,0.205,0.306,0.484,0.664,0.593,0.392,0.33,0.206,0.81,0.164,0.236,0.185,0.12,0.885,0.547,0.278,0.424,0.389,0.513,0.395,0.447,0.348,0.426,0.451,0.323,0.615,0.445,0.127,0.217,0.298,0.242,0.077,0.503,0.395,0.484,0.272,0.561,0.503,0.538,0.646,0.529,0.722,0.468,0.287,0.606,0.159,0.434,0.134,0.38,0.752,0.302,0.479,0.331,0.678,0.734,0.293,0.098,0.315,0.201,0.55,0.331,0.174,0.61,0.383,0.552,0.554,0.309,0.226,0.098,1.044,0.273,0.351,0.355,0.257,0.314,0.313,0.29,0.264,0.46,0.542,0.547,0.544,0.605,0.706,0.189,0.904,0.176,0.605,0.384,0.328,0.071,0.116,0.803,0.351,0.311,0.306,0.517,0.261,0.449,0.102,0.323,0.389,0.292,0.503,0.191,0.263,0.67,0.197,0.646,0.103,0.382,0.353,0.17,0.528,0.298,0.243,0.32,0.633,0.287,0.269,0.32,0.501,0.291,0.561,0.325,0.344,0.199,0.509,0.24,0.48,0.417,0.541,0.404,0.676,0.632,0.236,0.197,0.179,0.158,0.788,0.596,0.355,0.431,0.273,0.612,0.427,0.712,0.374,0.2,0.37,0.901,0.419,0.384,0.284,0.376,0.285,0.313,0.09,0.028,0.463,0.658,0.466,0.398,0.494,0.39,0.408,0.46,0.389,0.231,0.398,0.296,0.274,0.556,0.325,0.063,0.225,0.187,0.546,0.712,0.537,0.301,0.267,0.363,0.176,0.336,0.354,0.467,0.206,0.737,0.397,0.042,0.231,0.281,0.312,0.124,0.446,0.467,0.435,0.497,0.432,0.36,0.077,0.377,0.061,0.609,0.39,0.315,0.366,0.621,0.623,0.706,0.341,0.553,0.465,0.228,0.242,0.239,0.222,0.325,0.473,0.361,0.955,0.771,0.246,0.012,0.658,0.697,0.325,0.814,0.444,0.404,0.279,0.422,0.406,0.087,0.433,0.552
I15,B,2.479,2.558,3.817,2.938,2.507,3.849,4.062,1.282,2.422,3.764,0.652,3.348,4.254,3.819,4.417,4.495,3.357,3.648,2.983,2.622,3.25,3.013,1.675,2.019,3.643,3.482,2.784,4.01,2.567,3.806,3.251,3.529,0.537,3.461,2.027,4.176,2.667,4.012,1.895,3.921,2.779,2.728,-0.144,2.616,3.327,2.124,2.282,3.418,2.944,3.847,3.998,2.483,1.759,3.936,2.099,3.278,2.444,3.317,3.757,2.253,3.894,3.684,3.024,3.311,2.24,1.644,2.642,4.456,2.051,2.662,1.39,2.013,5.006,0.097,3.719,3.342,2.909,1.799,3.006,3.611,3.1,2.955,3.44,2.82,4.066,0.22,3.287,3.175,4.205,4.412,4.211,3.851,2.528,2.546,3.765,1.537,2.338,3.359,3.484,3.134,3.413,2.006,2.887,1.751,3.507,3.288,3.662,2.076,2.371,2.401,3.586,2.045,4.061,3.932,3.171,1.258,2.589,3.611,2.228,3.099,3.629,1.763,3.883,1.941,2.814,4.158,2.689,2.203,3.663,2.884,3.139,4.154,4.575,1.663,3.752,3.803,4.987,2.497,3.744,2.434,3.338,2.209,3.836,4.484,4.138,1.079,1.426,2.984,3.004,2.818,2.743,2.341,2.65,1.91,3.065,1.038,3.07,3.642,1.777,3.792,1.968,2.078,3.588,5.143,2.696,2.628,4.532,2.239,3.863,0.965,4.517,4.128,4.837,2.483,3.608,3.07,3.83,2.129,3.435,2.641,2.641,4.847,3.932,3.181,4.535,2.992,2.813,3,1.939,1.303,2.661,2.862,3.174,2.427,3.793,4.407,4.048,4.303,-0.409,3.538,2.831,3.038,1.929,2.586,1.323,4.217,3.401,4.078,2.721,2.88,3.807,3.926,2.632,3.621,2.606,3.796,3.718,2.434,1.596,4.576,4.419,2.93,2.134,1.98,1.593,2.597,3.04,4.584,3.76,2.105,2.927,4.386,2.542,5.038,4.917,1.973,4.39,4.989,4.257,2.87,0.695,1.924,3.748,4.705,3.319,3.214,0.98,3.581,3.592,4.133,5.527,1.821,1.986,3.726,2.981,3.097,4.909,3.624,3.967,4.067,5.641,2.95,3.899,1.344,2.482,3.677,2.046,2.81,4.274,2.01,2.303,1.927,3.25,4.862,2.984,3.936,4.714,3.707,4.404,2.867,4.016,2.861,2.958,2.168,2.789,2.673,2.016,3.075,4.886,2.43,1.707,2.835,1.952,3.555,4.336,3.18,3.941,2.823,3.755,4.655,3.689,1.051,2.227,1.803,3.422,3.371,3.797,2.167,3.673,3.197,0.998,4.125,3.946,0.129,2.879,2.392,3.99,1.696,3.434,3.841,3.844,3.108,3.084,2.967,4.733,2.106,3.352,2.639,4.845,4.771,2.152,4.131,3.568,3.348,1.651,3.689,2.893,2.877,3.99,3.317,4.025,3.633,2.928,2.993,3.844,3.611,3.826,3.225,4.436,2.293,0.748,3.989,2.951,3.141,3.348,3.276,1.756,3.209,0.207,3.833,2.896,3.652,3.479,4.189,3.779,4.746,2.216,2.328,1.504,2.617,3.025,4.691,2.251,4.327,1.349,2.119,2.879,2.396,3.049,2.988,3.325,2.191,3.296,2.813,3.398,2.554,1.053,3.224,2.628,4.203,1.786,2.709,2.611,3.955,3.745,4.071,2.503,1.476,4.145,3.744,2.85,4.365,2.356,3.728,3.188,2.389,4.894,3.455,3.364,4.687,2.962,3.879,3.744,3.802,3.192,1.859,2.875,2.783,1.818,3.861,2.228,3.532,2.853,3.298,4.602,1.736,2.683,4.36,3.672,1.769,2.592,2.836,1.184,1.849,3.818,5.412,2.887,2.728,4.43,4.627,2.67,3.9,2.787,2.278,2.624,2.852,2.611,2.145,3.2,1.223,4.115,2.718,2.617,2.562,2.382,2.559,2.26,2.692,3.823,3.426,3.066,4.317,4.407,1.643,4.207,3.003,3.03,1.778,2.284,2.66,5.763,4.761,3.568,3.581,4.812,1.864,2.411,4.056,2.283,2.992,2.194,2.596,1.123,5.022,2.431,2.725,2.745,2.227,3.734,3.638,2.569,2.437,5.536,2.625,3.315,2.153,2.954,2.765,2.431,2.509
I15,C,0.165,0.255,0.212,0.207,0.239,0.158,0.118,0.222,0.142,0.192,0.209,0.229,0.16,0.223,0.2,0.2,0.194,0.193,0.142,0.226,0.179,0.178,0.167,0.176,0.173,0.18,0.19,0.195,0.185,0.211,0.242,0.188,0.172,0.183,0.207,0.228,0.194,0.155,0.206,0.137,0.184,0.184,0.189,0.243,0.137,0.226,0.188,0.195,0.106,0.194,0.219,0.229,0.159,0.208,0.177,0.195,0.21,0.186,0.195,0.151,0.203,0.188,0.164,0.25,0.169,0.184,0.213,0.242,0.217,0.146,0.221,0.127,0.178,0.181,0.149,0.186,0.191,0.198,0.226,0.159,0.184,0.145,0.144,0.238,0.228,0.233,0.224,0.24,0.228,0.168,0.213,0.237,0.209,0.221,0.13,0.189,0.178,0.167,0.2,0.167,0.224,0.206,0.227,0.193,0.288,0.16,0.2,0.179,0.171,0.144,0.201,0.195,0.21,0.22,0.152,0.16,0.199,0.204,0.194,0.177,0.241,0.182,0.223,0.195,0.181,0.216,0.147,0.242,0.194,0.201,0.21,0.212,0.178,0.254,0.222,0.17,0.216,0.214,0.181,0.25,0.177,0.237,0.162,0.194,0.173,0.222,0.208,0.192,0.206,0.15,0.165,0.196,0.149,0.184,0.2,0.233,0.23,0.218,0.163,0.209,0.162,0.18,0.193,0.193,0.212,0.194,0.195,0.199,0.209,0.251,0.226,0.18,0.172,0.25,0.216,0.149,0.221,0.168,0.172,0.22,0.171,0.225,0.234,0.191,0.164,0.146,0.152,0.237,0.189,0.157,0.234,0.235,0.185,0.178,0.178,0.218,0.234,0.209,0.205,0.198,0.189,0.233,0.192,0.164,0.24,0.199,0.147,0.198,0.163,0.19,0.248,0.212,0.192,0.191,0.236,0.163,0.165,0.183,0.206,0.223,0.195,0.203,0.179,0.217,0.214,0.193,0.24,0.162,0.187,0.236,0.189,0.254,0.23,0.24,0.202,0.19,0.203,0.248,0.226,0.22,0.253,0.22,0.175,0.221,0.183,0.228,0.217,0.216,0.164,0.161,0.225,0.234,0.203,0.215,0.207,0.201,0.162,0.186,0.197,0.166,0.144,0.272,0.2,0.201,0.189,0.149,0.189,0.227,0.174,0.2,0.268,0.199,0.209,0.14,0.235,0.149,0.206,0.17,0.181,0.162,0.204,0.166,0.189,0.236,0.23,0.191,0.264,0.191,0.234,0.188,0.138,0.192,0.206,0.177,0.166,0.191,0.207,0.213,0.17,0.242,0.184,0.165,0.202,0.169,0.194,0.194,0.222,0.21,0.188,0.188,0.218,0.191,0.205,0.196,0.144,0.24,0.178,0.233,0.206,0.253,0.195,0.166,0.186,0.213,0.124,0.211,0.175,0.147,0.217,0.239,0.23,0.165,0.137,0.198,0.125,0.26,0.146,0.202,0.187,0.221,0.2,0.196,0.183,0.211,0.21,0.249,0.214,0.19,0.154,0.251,0.222,0.164,0.211,0.218,0.185,0.233,0.201,0.204,0.243,0.189,0.159,0.192,0.184,0.169,0.178,0.214,0.192,0.234,0.192,0.2,0.231,0.214,0.194,0.139,0.159,0.198,0.205,0.213,0.228,0.216,0.193,0.17,0.206,0.195,0.243,0.175,0.191,0.14,0.219,0.179,0.172,0.201,0.214,0.243,0.198,0.178,0.189,0.194,0.171,0.205,0.232,0.209,0.18,0.184,0.229,0.206,0.194,0.225,0.23,0.176,0.189,0.178,0.181,0.176,0.175,0.17,0.171,0.203,0.238,0.189,0.166,0.23,0.216,0.226,0.173,0.244,0.21,0.166,0.183,0.144,0.229,0.18,0.175,0.198,0.228,0.191,0.219,0.222,0.154,0.197,0.203,0.171,0.202,0.202,0.201,0.218,0.185,0.212,0.152,0.19,0.189,0.222,0.151,0.161,0.185,0.141,0.186,0.197,0.166,0.179,0.23,0.189,0.179,0.162,0.203,0.199,0.194,0.184,0.19,0.256,0.224,0.22,0.142,0.203,0.188,0.154,0.158,0.157,0.196,0.178,0.166,0.16,0.192,0.198,0.181,0.169,0.224,0.193,0.205,0.174,0.19,0.239,0.197,0.193,0.215,0.214,0.191,0.152,0.216,0.176
I16,A,0.503,0.548,0.281,0.638,0.642,0.439,0.447,0.188,0.455,0.622,0.285,0.495,0.685,0.276,0.572,0.499,0.586,0.17,0.506,0.395,0.435,0.537,0.107,0.32,0.353,0.754,0.321,0.427,0.33,0.369,0.629,0.445,0.378,0.461,0.401,0.131,0.375,0.171,0.077,0.194,0.411,0.414,0.355,0.423,0.215,0.296,0.125,0.68,0.539,0.769,0.569,0.587,0.298,0.392,0.265,0.614,0.413,0.109,0.319,0.16,0.639,0.332,0.364,0.693,0.348,0.487,0.453,0.431,0.215,0.407,0.403,0.052,0.501,0.611,0.566,0.455,0.477,0.578,0.402,0.799,0.56,0.292,0.229,0.443,0.68,0.346,0.277,0.302,0.819,0.574,0.372,0.534,0.628,0.311,0.647,0.312,0.72,0.444,0.022,0.465,0.392,0.148,0.398,0.53,0.549,0.534,0.257,0.31,0.413,0.329,0.215,0.395,0.277,0.289,0.595,0.285,0.399,0.8,0.031,0.332,0.332,0.4,0.539,0.334,0.354,0.518,0.171,0.491,0.798,0.567,0.341,0.51,0.454,0.453,0.595,0.347,0.388,0.502,0.486,0.284,0.383,0.414,0.234,0.296,0.121,0.161,0.209,0.385,0.162,0.188,0.507,0.663,0.513,0.466,0.652,0.185,0.541,0.651,0.2,0.156,0.513,0.297,0.593,0.459,0.706,0.136,0.369,0.339,0.472,0.236,0.277,0.493,0.362,0.65,0.1,0.228,0.303,0.013,0.613,0.203,0.189,0.628,0.108,0.36,0.48,0.56,0.462,0.567,0.49,0.507,0.041,0.673,0.344,0.168,0.66,0.623,0.755,0.339,0.297,0.161,0.625,0.422,0.286,0.494,0.05,0.375,0.439,0.608,0.327,0.143,0.62,0.191,0.632,0.519,0.636,0.549,0.33,0.53,0.26,0.543,0.441,0.643,0.741,0.61,0.122,0.593,0.505,0.6,0.241,0.235,0.331,0.34,0.435,0.32,0.056,0.095,0.643,0.073,0.227,0.435,0.052,0.323,0.409,0.446,0.547,0.276,0.315,0.36,0.642,0.717,0.606,0.504,0.3,0.294,0.411,0.334,0.164,0.799,0.295,0.453,0.355,0.513,0.415,0.498,0.741,0.377,0.436,0.724,0.491,0.329,0.445,0.514,0.564,0.25,0.507,0.652,0.238,0.171,0.303,0.511,0.52,0.515,0.757,0.129,0.355,0.287,0.264,0.508,0.474,0.371,0.33,0.444,0.326,0.305,0.368,0.65,0.666,0.221,0.346,0.075,0.543,0.32,0.322,0.385,0.507,0.354,0.28,0.478,0.46,0.661,0.345,0.328,0.101,0.245,0.381,0.199,0.308,0.485,0.335,0.489,0.125,0.248,0.15,0.322,0.323,0.443,0.607,0.302,0.509,0.554,0.426,0.41,0.423,0.303,0.454,0.348,0.065,0.607,0.479,0.415,0.093,0.218,0.242,0.276,0.311,0.184,0.092,0.174,0.374,0.263,0.439,0.028,0.211,0.016,0.332,0.81,0.139,0.551,0.555,0.137,0.191,0.424,0.788,0.315,0.42,0.095,0.584,0.307,0.495,0.399,0.315,0.435,0.54,0.167,0.448,0.283,0.44,0.313,0.588,0.22,0.155,0.704,0.308,0.37,0.295,0.314,0.238,0.622,0.521,0.227,0.473,0.267,0.698,0.647,0.124,0.465,0.322,0.32,0.058,0.466,0.271,0.335,0.308,0.236,0.532,0.402,0.209,0.826,0.105,0.473,0.491,0.636,0.585,0.708,0.663,0.319,0.702,0.43,0.465,0.655,0.792,0.599,0.091,0.218,0.803,0.391,0.315,0.089,0.313,0.344,0.511,0.664,0.472,0.488,0.135,0.12,0.252,0.38,0.568,0.031,0.406,0.175,0.171,0.413,0.193,0.544,0.315,0.451,0.842,0.442,0.281,0.364,0.263,0.561,0.67,0.433,0.807,0.239,0.389,0.49,0.322,0.611,0.558,0.294,0.229,0.436,0.353,0.009,0.214,0.171,0.387,0.515,0.505,0.68,0.366,0.853,0.185,0.599,0.517,0.16,0.384,0.038,0.452,0.38,0.707,0.491,0.293,0.605,0.549,0.451,0.296,0.725,0.21,0.166,0.705,0.464,0.259,0.144,0.478,0.702
I16,B,0.537,2.667,-1.398,2.124,0.453,1.129,1.999,1.378,2.593,1.775,1.231,2.176,1.235,2.304,0.122,0.926,0.774,2.312,1.333,1.303,1.472,1.58,1.988,1.834,1.236,1.051,1.129,1.187,1.618,0.447,1.35,1.447,0.206,3.344,-0.208,1.266,1.226,1.084,1.577,1.83,1.721,1.258,1.316,-0.354,2.356,2.198,1.72,1.768,0.222,1.546,0.999,1.095,1.847,1.403,0.377,2.608,1.001,1.391,1.15,-0.356,1.332,2.213,2.032,2.48,1.106,-0.637,1.58,1.427,1.493,-0.343,0.911,1.527,2.087,1.102,1.3,2.068,2.516,0.707,2.563,2.137,-0.378,0.034,1.457,0.134,0.861,2.232,3.045,1.542,-0.07,-0.154,2.668,1.617,1.758,1.199,1.955,0.526,0.431,2.707,1.355,0.954,0.14,1.32,0.54,3.092,0.248,1.465,0.467,2.106,0.119,1.446,2.732,-0.367,0.404,1.603,1.535,0.384,2.761,0.845,2.989,1.348,0.435,0.123,-0.638,3.563,2.757,2.64,1.104,2.272,3.173,0.587,2.051,1.232,2.417,-0.517,1.339,-0.201,0.99,3.809,0.587,1.861,0.534,-0.845,1.689,-0.157,3.334,2.777,-1.118,0.397,2.045,0.978,-0.014,2.068,3.21,2.101,0.58,1.427,1.841,-0.019,0.264,0.141,3.179,-0.09,1.38,0.078,2.295,1.573,1.289,1.996,2.968,1.45,1.17,0.976,0.614,1.687,-0.023,1.68,0.795,1.254,2.716,-0.154,1.102,0.798,0.976,1.492,0.506,1.87,4.238,1.551,1.518,1.94,0.198,1.298,2.261,3.188,2.209,1.338,2.227,-0.096,0.779,0.954,0.631,0.319,-0.315,1.886,2.41,1.613,0.989,-1.994,-0.047,-0.239,2.795,1.001,2.266,0.132,0.253,2.079,0.435,1.079,0.429,2.207,0.959,-0.18,3.09,0.647,-0.121,2.522,1.482,0.108,0.882,2.376,0.722,1.469,2.119,-0.013,2.245,2.013,0.731,1.921,1.164,1.478,1.014,0.419,3.739,0.729,1.506,-1.155,0.69,1.167,1.785,2.078,1.697,0.737,2.416,1.697,1.103,0.887,1.825,1.724,1.661,1.884,0.77,0.126,3.21,2.461,-0.56,1.808,0.041,0.839,0.137,1.333,0.947,2.42,2.108,2.585,1.877,-0.139,0.41,1.806,0.423,1.483,2.311,2.043,0.736,0.484,2.166,2.676,3.139,1.067,1.282,1.5,0.252,2.095,1.574,1.125,0.47,0.314,1.371,-0.798,1.485,1.463,1.687,2.467,2.723,2.403,0.926,0.328,0.611,1.75,0.933,-0.063,1.915,1.099,1.288,1.998,0.403,1.964,-1.904,0.263,0.36,1.228,-0.13,-0.31,2.15,2.409,1.311,0.598,0.347,2.107,0.423,1.071,1.074,1.439,1.871,2.188,-1.594,1.067,1.472,0.946,-1.066,1.361,1.963,1.665,2.083,1.353,0.676,1.21,0.532,-0.341,-0.437,2.484,1.951,2.438,-0.943,0.621,1.301,4.082,3.281,1.906,0.388,1.221,1.62,1.405,2.103,3.417,1.919,0.961,3.553,1.617,0.126,2.486,2.182,1.999,-0.198,-1.885,2.051,2.009,1.494,1.439,0.234,1.029,1.677,2.157,2.023,0.099,-0.129,1.89,0.278,0.545,2.181,0.716,2.796,1.735,1.526,2.678,1.392,0.523,1.754,1.394,1.615,-1.328,1.867,1.77,1.777,0.876,1.959,0.2,0.539,0.881,2.698,2.018,0.973,2.05,-0.328,-1.401,0.074,1.02,1.634,2.189,1.936,1.631,-1.081,0.97,-0.685,1.819,0.713,-0.128,2.724,1.765,2.092,1.73,1,1.788,1.18,1.12,0.186,0.227,3.458,0.34,2.209,0.382,-0.889,2.495,1.482,0.495,1.119,1.264,1.538,-0.331,0.883,1.689,-0.363,0.612,0.493,1.068,2.286,-0.398,1.733,0.357,1.322,0.331,1.855,-0.071,1.574,2.576,1.291,1.215,1.837,2.028,0.559,-0.783,3.258,1.211,0.527,-0.548,1.624,1.464,0.865,1.13,1.575,0.432,2.312,3.076,0.733,0.694,0.303,2.301,1.959,2.356,2.622,1.072,0.522,-0.141,2.365,-0.484,0.307,2.899,2.396,1.175,2.594,2.868
I16,C,0.318,0.322,0.258,0.239,0.272,0.299,0.227,0.277,0.214,0.264,0.259,0.24,0.253,0.257,0.218,0.26,0.286,0.268,0.276,0.245,0.239,0.281,0.256,0.264,0.198,0.284,0.269,0.293,0.245,0.256,0.322,0.222,0.248,0.257,0.254,0.271,0.306,0.241,0.23,0.294,0.253,0.203,0.291,0.274,0.27,0.238,0.251,0.197,0.231,0.241,0.289,0.227,0.27,0.263,0.23,0.233,0.33,0.219,0.203,0.284,0.264,0.26,0.287,0.278,0.249,0.281,0.237,0.286,0.232,0.282,0.278,0.236,0.258,0.266,0.268,0.274,0.225,0.296,0.28,0.257,0.256,0.252,0.25,0.244,0.233,0.28,0.235,0.24,0.242,0.198,0.256,0.253,0.237,0.19,0.236,0.316,0.28,0.281,0.241,0.287,0.252,0.259,0.246,0.225,0.232,0.296,0.232,0.221,0.208,0.258,0.217,0.254,0.302,0.273,0.233,0.243,0.26,0.275,0.265,0.299,0.224,0.205,0.291,0.297,0.3,0.279,0.268,0.231,0.259,0.232,0.269,0.222,0.281,0.311,0.258,0.196,0.258,0.241,0.24,0.201,0.262,0.283,0.279,0.308,0.179,0.243,0.224,0.261,0.314,0.273,0.3,0.294,0.276,0.286,0.246,0.24,0.215,0.255,0.204,0.199,0.209,0.279,0.25,0.26,0.268,0.235,0.273,0.227,0.281,0.273,0.298,0.331,0.231,0.258,0.231,0.218,0.203,0.289,0.299,0.251,0.252,0.289,0.315,0.168,0.318,0.248,0.251,0.291,0.253,0.283,0.272,0.272,0.238,0.237,0.282,0.237,0.209,0.268,0.292,0.193,0.223,0.242,0.255,0.267,0.248,0.262,0.268,0.278,0.265,0.308,0.254,0.239,0.272,0.257,0.233,0.259,0.229,0.275,0.292,0.208,0.304,0.232,0.3,0.261,0.259,0.258,0.295,0.28,0.28,0.254,0.238,0.226,0.246,0.222,0.236,0.297,0.229,0.225,0.293,0.321,0.22,0.208,0.286,0.296,0.226,0.297,0.308,0.265,0.241,0.262,0.252,0.247,0.24,0.271,0.271,0.212,0.256,0.22,0.263,0.287,0.254,0.28,0.252,0.28,0.267,0.223,0.314,0.22,0.312,0.262,0.231,0.308,0.248,0.24,0.316,0.281,0.26,0.304,0.242,0.289,0.273,0.334,0.226,0.281,0.288,0.258,0.273,0.278,0.251,0.287,0.291,0.269,0.275,0.232,0.317,0.256,0.299,0.276,0.29,0.188,0.269,0.226,0.26,0.235,0.241,0.237,0.247,0.272,0.221,0.238,0.259,0.275,0.226,0.252,0.259,0.267,0.202,0.313,0.212,0.288,0.258,0.265,0.259,0.273,0.326,0.221,0.248,0.197,0.288,0.235,0.278,0.35,0.326,0.28,0.263,0.207,0.25,0.218,0.263,0.296,0.205,0.22,0.249,0.269,0.3,0.197,0.273,0.293,0.21,0.273,0.25,0.312,0.27,0.285,0.272,0.253,0.231,0.277,0.272,0.28,0.229,0.314,0.285,0.272,0.295,0.303,0.278,0.262,0.237,0.273,0.262,0.296,0.239,0.253,0.255,0.24,0.317,0.257,0.268,0.223,0.265,0.24,0.272,0.21,0.204,0.279,0.28,0.24,0.267,0.27,0.247,0.221,0.243,0.249,0.305,0.272,0.286,0.268,0.273,0.286,0.298,0.226,0.301,0.271,0.229,0.207,0.25,0.305,0.235,0.248,0.262,0.204,0.219,0.281,0.277,0.24,0.244,0.256,0.237,0.265,0.247,0.186,0.217,0.282,0.268,0.294,0.216,0.238,0.211,0.256,0.238,0.286,0.247,0.215,0.25,0.257,0.271,0.248,0.269,0.23,0.231,0.288,0.289,0.252,0.252,0.229,0.31,0.192,0.243,0.211,0.229,0.28,0.287,0.247,0.263,0.248,0.262,0.293,0.272,0.265,0.292,0.301,0.274,0.272,0.213,0.293,0.271,0.271,0.276,0.224,0.25,0.218,0.236,0.206,0.211,0.252,0.284,0.248,0.244,0.239,0.307,0.231,0.275,0.354,0.242,0.201,0.213,0.227,0.231,0.305,0.242,0.268,0.248,0.195,0.251,0.241,0.201,0.257,0.326,0.229
I17,A,0.506,0.904,0.713,0.967,0.82,0.449,0.838,0.47,0.616,0.847,0.714,0.878,0.528,0.849,0.662,0.72,0.599,0.744,0.833,0.345,0.96,0.734,1.25,0.821,0.97,0.386,0.86,0.857,0.575,0.632,0.854,0.847,0.641,0.706,0.835,0.419,0.563,0.861,0.642,0.579,0.644,0.441,0.754,0.749,0.742,0.628,0.598,0.666,0.333,0.708,1.09,0.607,1.007,0.976,0.986,0.695,0.799,0.967,0.822,0.61,0.783,0.767,0.529,0.629,0.773,0.806,0.889,0.544,0.795,0.477,0.815,0.825,0.281,0.451,0.885,0.493,0.903,0.684,0.769,0.736,0.717,1.242,0.24,0.777,1.089,0.967,0.695,0.68,0.654,1.022,0.953,0.958,0.601,0.634,0.551,0.931,0.745,0.935,0.835,0.579,0.565,0.425,0.669,0.842,0.611,0.905,0.679,0.452,1.087,1.037,0.719,0.868,0.939,0.499,0.701,1.057,0.769,0.71,0.618,0.564,0.854,0.577,0.932,0.679,0.695,0.506,0.915,0.578,0.814,0.99,0.308,0.992,0.778,0.909,0.739,0.907,0.891,1.036,0.695,0.37,0.823,0.696,0.827,1.139,0.364,0.81,0.745,0.825,0.894,0.626,0.701,0.946,1.232,0.877,0.698,0.44,0.438,0.659,0.743,0.814,0.705,0.501,0.443,0.902,0.77,0.752,0.75,0.708,0.872,0.607,0.738,0.743,0.946,0.958,0.758,0.698,0.45,0.714,0.51,0.56,0.772,0.895,0.683,0.521,0.924,0.916,0.784,0.928,0.539,0.933,0.806,0.736,0.91,1.091,1.091,0.776,0.875,0.985,0.844,0.808,0.882,0.735,0.558,1.05,0.616,0.965,0.874,0.716,0.857,0.364,0.72,1.134,0.694,1.147,0.893,0.67,0.353,0.701,0.461,0.842,0.75,0.829,0.637,0.483,0.693,0.874,0.888,0.758,0.621,0.839,1.002,0.846,0.916,0.489,1.054,0.694,1.317,0.789,0.246,0.802,0.851,0.663,0.896,0.569,0.943,0.799,1.105,0.992,0.379,0.779,0.675,1.016,0.397,0.776,0.962,0.589,0.772,0.556,0.817,0.42,0.92,0.963,0.403,0.702,0.484,0.577,0.333,0.393,0.532,0.706,0.562,0.659,0.471,0.945,0.557,0.874,0.329,0.761,1.015,0.553,0.823,0.601,1.11,0.732,0.728,0.524,0.949,0.792,0.707,0.772,0.795,0.485,1.008,0.733,0.823,0.759,0.619,1.028,0.25,0.851,0.442,0.62,0.526,1.045,0.72,0.526,0.963,0.611,1.247,0.562,0.953,0.879,0.533,0.841,0.68,0.558,1,0.674,1.081,0.632,0.692,0.413,0.831,1.396,0.732,0.646,0.495,0.72,0.625,0.169,1.088,0.893,1.162,0.854,0.857,0.772,0.892,0.868,0.237,0.715,0.975,0.818,0.926,0.573,0.618,0.934,1.032,0.736,0.852,0.821,0.613,0.802,0.61,0.751,0.533,1.056,0.505,0.815,0.527,1.033,0.77,0.729,0.738,0.801,1.152,0.559,0.877,0.764,0.622,0.39,0.796,0.784,0.538,0.857,0.772,0.643,0.835,0.719,0.477,0.622,0.891,0.757,0.683,0.308,0.877,1.138,0.413,0.988,1.029,0.622,0.853,0.763,0.654,0.626,0.803,0.65,0.994,0.946,1.025,0.904,0.879,0.681,0.676,0.616,0.771,0.529,0.885,0.791,0.45,0.7,0.796,0.875,0.99,0.585,0.519,0.739,0.755,0.474,0.525,0.539,0.821,1.105,0.99,0.428,0.653,0.398,0.695,0.855,0.629,0.917,0.658,0.776,0.98,0.394,0.815,1.107,0.368,1.052,0.677,0.465,0.805,0.897,0.913,0.846,0.578,0.796,0.986,1.046,0.843,0.347,0.719,0.674,0.37,0.846,0.91,0.564,0.81,0.477,0.32,0.491,0.71,0.743,0.682,0.876,1.031,0.937,0.963,0.766,0.856,0.705,0.379,0.67,0.676,0.852,0.398,0.845,0.722,0.872,0.877,0.932,0.502,0.811,1.004,0.878,0.431,0.775,0.512,0.747,1.057,0.842,1.16,1.039,0.412,0.917,1.069,0.414,0.491,0.923,1.128,0.718
I17,B,2.013,1.106,2.135,3.724,2.548,3.546,3.292,1.831,1.618,1.189,2.057,0.477,1.58,1.471,2.558,1.591,2.183,2.061,1.834,1.395,0.734,1.838,2.249,2.107,2.889,0.056,1.043,1.285,1.879,1.42,1.386,2.201,1.106,0.186,1.222,1.575,1.3,1.42,2.402,0.615,0.571,0.427,0.654,1.75,0.777,2.583,1.506,0.623,3.689,1.958,0.437,2.323,0.783,0.115,0.822,3.398,2.763,1.952,2.282,-0.139,0.808,-0.204,1.319,2.862,2.128,2.058,2.972,0.77,0.73,2.616,0.766,1.056,2.634,1.118,0.232,3.894,1.687,2.101,1.963,2.276,2.316,-0.049,3.291,1.566,1.641,0.993,1.142,2.599,1.214,0.687,2.281,0.588,1.295,2.392,2.899,1.878,1.995,2.024,0.812,2.775,2.738,2.982,2.564,1.903,2.275,1.376,2.428,0.738,2.994,0.499,2.669,1.536,0.589,1.181,1.516,3.058,1.012,2.867,2.44,1.121,0.265,1.695,2.851,0.565,2.952,2.383,2.889,0.718,1.223,0.522,2.397,2.604,2.099,0.639,2.068,1.511,2.471,2.31,3.347,2.293,1.233,2.803,0.497,1.883,1.188,3.849,1.28,1.832,1.235,0.146,1.642,1.472,1.784,1.179,0.778,2.388,0.937,1.659,3.442,0.25,-0.151,2.405,2.79,1.918,0.95,1.321,1.153,1.254,1.881,2.594,2.28,1.449,2.308,3.191,-0.11,0.044,0.928,1.177,1.951,4.242,1.974,1.112,0.446,0.896,1.63,1.839,1.703,1.936,1.447,2.611,2.079,2.435,1.457,2.151,1.161,0.927,1.97,1.852,2.97,3.645,0.875,0.91,2.814,1.247,2.054,1.59,1.833,1.395,0.401,1.296,2.712,2.187,0.812,1.396,2.21,1.878,3.458,0.552,2.699,0.315,1.339,1.342,2.427,2.038,2.026,1.861,-0.695,-0.708,3.342,3.068,1.853,1.131,0.988,0.358,1.63,2.852,0.914,1.084,2.074,-0.081,2.228,3.325,2.105,2.332,2.542,1.837,2.342,1.708,3.566,2.759,0.823,1.094,2.007,1.622,2.563,1.211,2.642,1.742,1.391,1.496,1.291,1.625,1.63,0.961,2.754,1.904,3.916,2.287,0.832,1.326,1.45,1.536,1.319,0.478,3.016,0.555,3.416,0.299,2.816,3.185,2.323,1.903,2.066,2.321,1.165,1.816,2.472,0.768,2.658,1.691,2.873,1.269,0.585,3.558,-0.279,3.525,0.904,1.672,2.049,0.982,-0.122,2.661,0.739,1.392,1.837,0.936,0.724,2.63,1.341,1.34,2.787,0.476,2.055,1.439,2.646,1.732,2.014,0.257,1.584,2.513,0.389,1.103,1.65,3.669,-0.384,1.973,1.645,0.789,3.579,-0.109,4.536,2.127,2.7,1.08,1.61,0.841,0.986,2.11,1.366,2.465,1.735,2.435,0.739,0.646,0.415,1.83,3.854,2.291,1.543,0.598,1.502,0.68,1.135,3.111,0.987,2.278,1.995,2.699,1.534,2.646,1.003,2.858,1.545,1.502,2.147,0.694,1.456,0.767,1.734,1.6,0.298,2.643,1.482,3.35,2.577,1.405,0.883,0.849,2.094,0.088,-0.613,1.837,3.174,1.043,1.297,1.336,0.505,1.256,1.795,1.928,2.929,0.057,1.395,1.248,2.894,-0.672,1.828,0.617,-0.181,2.048,1.045,1.748,0.295,2.261,2.56,0.952,2.091,1.769,1.493,3.239,2.388,2.637,1.119,1.233,1.191,2.503,2.382,1.705,1.698,-0.326,1.824,4.363,1.573,1.948,1.793,1.954,2.259,-0.067,3.528,0.834,0.188,2.378,1.486,2.098,0.833,2.896,1.809,1.545,3.573,1.852,1.716,1.401,1.581,1.677,1.621,1.761,2.768,0.658,1.657,1.909,1.476,1.575,1.177,1.895,1.161,2.997,-0.072,-1.033,3.212,1.595,1.019,1.51,0.665,3.926,3.489,1.591,0.561,1.006,1.838,0.269,0.712,1.415,0.093,1.125,1.252,1.863,-2.325,2.584,2.37,2.656,1.187,1.873,1.391,0.756,0.247,2.117,2.277,1.95,1.475,1.49,2.238,0.714,1.44,2.371,1.712,2.123,2.332,3.872,1.956,0.905
I17,C,0.165,0.167,0.208,0.189,0.179,0.207,0.19,0.151,0.182,0.202,0.18,0.108,0.207,0.204,0.143,0.171,0.186,0.188,0.221,0.147,0.146,0.118,0.201,0.201,0.154,0.201,0.154,0.092,0.13,0.167,0.179,0.201,0.165,0.135,0.149,0.198,0.174,0.183,0.124,0.207,0.139,0.157,0.205,0.2,0.149,0.229,0.176,0.171,0.156,0.185,0.13,0.155,0.12,0.184,0.198,0.165,0.146,0.135,0.177,0.17,0.171,0.216,0.151,0.185,0.148,0.158,0.17,0.166,0.118,0.166,0.188,0.192,0.219,0.177,0.161,0.177,0.153,0.204,0.204,0.164,0.177,0.156,0.183,0.165,0.13,0.19,0.139,0.185,0.213,0.176,0.18,0.172,0.178,0.141,0.201,0.197,0.175,0.178,0.16,0.191,0.228,0.184,0.08,0.174,0.175,0.153,0.194,0.19,0.179,0.178,0.197,0.164,0.166,0.183,0.162,0.242,0.2,0.195,0.175,0.177,0.166,0.14,0.177,0.228,0.224,0.174,0.13,0.167,0.204,0.195,0.183,0.236,0.175,0.224,0.207,0.198,0.161,0.112,0.167,0.205,0.137,0.139,0.185,0.228,0.163,0.118,0.222,0.206,0.178,0.185,0.204,0.171,0.186,0.192,0.217,0.228,0.223,0.189,0.2,0.227,0.193,0.167,0.206,0.146,0.144,0.163,0.202,0.205,0.207,0.202,0.177,0.226,0.147,0.2,0.122,0.151,0.156,0.145,0.181,0.15,0.157,0.185,0.166,0.213,0.176,0.172,0.123,0.171,0.177,0.204,0.184,0.182,0.176,0.134,0.238,0.171,0.155,0.152,0.141,0.268,0.207,0.195,0.182,0.206,0.141,0.117,0.115,0.196,0.179,0.179,0.121,0.123,0.211,0.142,0.199,0.168,0.145,0.177,0.15,0.161,0.19,0.167,0.184,0.151,0.17,0.19,0.24,0.132,0.195,0.203,0.179,0.172,0.158,0.198,0.181,0.163,0.194,0.198,0.167,0.185,0.161,0.191,0.228,0.193,0.154,0.202,0.107,0.138,0.204,0.146,0.155,0.156,0.197,0.193,0.233,0.179,0.181,0.168,0.164,0.176,0.186,0.154,0.155,0.192,0.157,0.208,0.127,0.179,0.162,0.191,0.187,0.164,0.175,0.2,0.116,0.206,0.143,0.179,0.223,0.192,0.213,0.183,0.171,0.143,0.144,0.167,0.173,0.183,0.223,0.146,0.104,0.157,0.129,0.187,0.148,0.154,0.161,0.139,0.171,0.16,0.162,0.143,0.204,0.134,0.135,0.171,0.183,0.209,0.177,0.17,0.176,0.194,0.176,0.161,0.187,0.164,0.154,0.195,0.182,0.107,0.161,0.163,0.188,0.163,0.165,0.178,0.26,0.171,0.185,0.18,0.165,0.185,0.226,0.179,0.184,0.142,0.143,0.175,0.191,0.161,0.166,0.195,0.187,0.198,0.188,0.192,0.219,0.154,0.169,0.186,0.171,0.175,0.169,0.179,0.168,0.172,0.159,0.127,0.169,0.181,0.181,0.139,0.216,0.135,0.144,0.238,0.157,0.2,0.161,0.166,0.164,0.209,0.158,0.19,0.153,0.141,0.168,0.216,0.134,0.194,0.136,0.145,0.156,0.154,0.191,0.177,0.146,0.169,0.112,0.175,0.122,0.173,0.202,0.197,0.145,0.154,0.191,0.177,0.219,0.174,0.209,0.139,0.182,0.187,0.158,0.194,0.158,0.159,0.157,0.17,0.137,0.211,0.195,0.152,0.186,0.188,0.196,0.192,0.136,0.237,0.193,0.189,0.209,0.19,0.208,0.227,0.15,0.156,0.198,0.14,0.208,0.133,0.223,0.168,0.202,0.195,0.183,0.164,0.173,0.189,0.159,0.182,0.205,0.174,0.177,0.186,0.134,0.184,0.196,0.172,0.195,0.199,0.164,0.138,0.14,0.178,0.213,0.222,0.153,0.156,0.223,0.219,0.218,0.134,0.202,0.165,0.155,0.192,0.153,0.145,0.162,0.198,0.176,0.155,0.2,0.148,0.166,0.191,0.147,0.231,0.147,0.129,0.144,0.17,0.144,0.161,0.166,0.169,0.18,0.151,0.198,0.152,0.109,0.246,0.147,0.102,0.181,0.199,0.142,0.142
I18,A,0.457,1.023,0.929,0.604,0.603,0.658,0.656,0.799,0.924,0.892,0.771,0.473,1.062,0.959,1.083,0.644,0.72,0.594,0.938,0.798,0.447,0.552,0.637,0.697,1.098,0.514,0.88,0.871,0.5,0.792,0.724,0.692,0.674,0.843,0.72,0.804,1.058,0.792,0.773,0.47,0.3,0.789,1.077,0.856,0.632,0.684,0.482,0.895,0.543,0.41,0.649,1.255,0.877,0.917,0.655,0.685,0.657,0.823,0.639,0.964,0.621,0.995,0.645,0.865,0.366,0.75,0.571,1.107,0.634,0.709,0.427,0.64,0.93,0.836,0.846,0.752,0.633,0.557,0.592,0.766,0.596,0.749,0.661,0.886,0.964,0.932,0.531,0.993,0.517,0.456,0.723,0.881,0.35,0.809,0.203,0.724,0.909,1.019,0.487,0.981,0.87,1.009,1.237,0.686,1.15,0.713,0.678,0.729,0.534,1.118,0.769,0.738,0.714,1.238,0.373,1.06,0.891,0.91,0.827,0.797,0.451,0.843,0.806,1.143,0.561,0.642,0.904,0.36,0.507,0.57,0.669,0.629,0.874,0.807,0.984,0.319,0.901,0.553,0.421,0.822,0.951,0.444,0.969,1.026,0.878,0.783,0.753,0.409,0.748,0.482,0.918,0.653,0.735,0.5,0.602,0.585,0.494,0.878,0.734,0.662,0.47,0.988,0.869,0.734,0.585,0.51,0.738,0.951,0.506,0.914,0.777,0.72,0.715,0.794,0.689,0.844,0.665,0.871,0.932,0.503,0.627,0.51,0.642,0.567,0.857,0.616,0.766,1.092,0.74,0.541,0.562,0.899,0.652,0.768,0.789,0.595,0.757,0.509,0.635,0.82,0.925,0.581,0.678,0.79,0.519,0.919,0.402,0.835,0.843,0.443,1.361,1.003,0.785,0.997,0.791,0.624,0.912,0.869,0.495,0.297,0.73,0.67,0.54,0.556,0.755,0.877,0.905,1.178,0.982,1.054,0.882,0.598,0.81,0.928,0.907,0.476,0.607,0.775,0.582,0.817,0.676,0.856,0.672,0.513,0.167,0.611,0.977,0.492,0.428,1.011,0.967,0.932,0.571,0.713,0.736,0.832,0.657,0.749,0.707,0.8,0.362,0.716,0.574,0.909,0.933,1.032,0.57,0.65,0.881,0.662,0.642,0.883,1.144,0.478,0.771,0.749,0.716,0.703,0.804,0.486,0.379,0.644,0.332,0.598,1.077,0.696,0.58,0.534,0.52,0.913,1.015,0.906,0.982,0.623,0.557,1.1,0.775,0.724,0.677,0.62,0.944,0.77,0.447,0.874,0.721,0.574,0.806,0.819,0.51,0.608,0.796,0.659,0.836,0.998,0.668,0.913,1.016,1.161,0.469,0.415,0.786,0.957,0.669,0.782,1.105,0.553,0.686,0.315,0.723,0.802,0.649,0.867,0.89,0.855,0.352,0.964,1.072,0.521,0.702,0.672,1.271,0.961,0.511,1.018,0.576,0.734,0.602,0.833,0.504,0.601,0.806,0.785,0.598,0.824,0.446,1.203,1.232,1.002,0.673,0.693,0.849,0.529,0.872,0.537,0.717,0.966,0.582,0.871,0.905,0.579,0.428,0.832,0.425,0.494,0.951,0.724,0.717,0.654,0.764,0.732,1.116,0.665,0.76,0.398,0.824,0.483,0.713,0.92,0.813,0.688,0.645,0.761,0.705,0.921,0.987,0.752,0.741,1.197,0.788,0.633,0.909,0.652,0.705,0.855,0.73,1.109,0.77,0.8,1.242,0.87,0.462,0.788,0.843,0.678,0.971,0.608,0.657,1.028,0.965,0.702,0.658,0.974,0.654,0.728,0.955,0.959,0.665,1.011,0.812,0.823,0.484,0.95,0.937,0.698,0.805,0.886,0.439,1.065,0.817,0.625,0.688,0.462,0.911,0.919,0.459,0.925,0.909,1.085,0.526,0.808,0.973,0.636,0.969,0.56,0.5,0.91,0.875,0.983,0.752,0.475,1,0.745,0.667,0.699,0.794,0.664,1.1,0.706,0.963,0.761,0.761,0.06,0.65,0.633,0.379,0.83,0.672,0.038,0.812,0.611,0.848,0.722,0.676,0.928,0.954,1.412,0.635,0.774,0.772,0.794,0.835,0.817,0.353,0.709,1.031,0.487,0.723,0.631,0.865,0.685
I18,B,0.956,0.622,0.543,3.453,0.998,2.017,0.209,0.921,1.515,1.568,1.054,1.601,-0.209,2.597,2.296,1.591,2.895,1.9,-0.001,3.02,0.902,3.87,0.791,0.935,2.617,2.958,1.361,3.526,1.844,3.288,-1.283,1.555,0.266,0.696,1.482,2.678,2.394,4.108,1.275,1.227,2.232,2.082,1.052,0.25,3.132,2.868,2.465,0.339,1.603,2.889,1.254,3.162,2.036,0.945,1.664,1.693,2.216,2.746,1.943,0.962,0.565,3.686,2.096,2.794,3.422,3.726,2.178,3.014,3.569,0.912,3.793,1.032,2.417,1.687,2.364,1.919,1.725,1.863,2.078,2.517,0.605,2.524,2.021,2.322,2.799,0.639,1.464,2.416,0.752,0.892,1.342,3.849,1.893,2.148,4.663,1.596,1.939,1.704,1.097,2.827,3.282,1.193,0.405,1.919,2.594,1.235,2.767,1.258,1.153,1.875,1.857,0.746,0.074,3.443,2.089,1.252,3.004,1.91,2.617,3.007,4.072,1.026,2.32,2.445,2.811,1.716,0.518,1.047,3.375,1.957,1.455,1.981,1.571,1.967,1.619,2.222,2.096,1.581,2.469,2.047,0.654,-0.586,1.38,1.112,2.855,1.65,0.799,2.518,2.725,2.467,2.618,3.013,2.484,2.031,1.736,1.966,3.169,2.309,0.837,0.982,2.447,1.418,1.522,2.118,3.484,1.202,2.14,0.72,1.628,3.183,1.342,3.538,2.45,2.488,4.304,1.337,0.871,0.889,-0.01,1.501,1.736,2.222,1.24,1.629,3.629,0.916,4.519,3.444,1.579,1.755,1.821,0.633,2.34,1.785,2.481,-0.08,1.774,1.535,0.898,2.788,2.156,2.127,2.141,2.427,0.754,1.199,1.37,2.578,2.333,1.955,2.427,1.224,0.463,2.115,2.502,3.574,3.919,0.583,2.241,3.002,2.686,0.857,1.495,3.886,1.16,0.697,1.884,1.293,2.294,1.75,2.534,2.427,3.37,2.356,1.879,2.662,1.244,1.81,2.962,1.014,0.993,3.532,2.205,3.154,1.444,1.025,0.56,0.803,2.29,1.869,3.485,2.142,2.616,2.5,1.893,1.738,2.016,3.908,1.789,1.627,2.285,0.841,2.194,2.82,2.298,2.023,2.84,3.23,3.102,2.277,2.107,2.868,0.527,1.692,3.414,1.472,2.199,2.301,1.448,3.392,4.149,2.599,0.624,-0.381,2.676,2.921,2.871,1.805,1.905,3.393,0.771,1.377,2.352,0.912,2.986,3.389,0.12,0.636,2.078,4.195,2.652,2.601,3.664,1.32,1.889,2.786,2.234,1.614,2.031,1.477,1.822,0.585,2.526,0.829,1.401,2.141,1.958,2.169,1.647,0.723,2.299,2.782,3.291,3.916,3.308,1.068,4.188,0.471,-0.226,2.657,2.007,1.565,3.347,4.279,3.328,3.361,2.399,2.182,2.439,0.49,4.169,1.917,2.126,1.391,1.415,1.827,1.399,1.351,4.741,2.835,2.537,1.451,2.364,3.053,0.194,1.187,2.033,1.565,1.086,0.812,0.636,2.67,2.903,0.733,1.63,3.226,2.749,2.729,2.243,1.212,3.277,3.417,3.325,1.48,4.339,3.681,2.434,4.084,2.414,1.28,1.896,2.893,1.324,1.916,2.679,-0.68,2.033,3.068,3.379,1.811,2.801,3.179,1.833,2.974,3.159,1.025,4.047,2.474,1.946,2.613,0.809,2.737,0.582,0.508,2.262,3.542,4.034,3.013,1.52,1.228,1.552,2.427,3.036,1.148,0.493,3.043,2.081,1.727,0.956,1.267,-0.665,0.795,3.082,1.521,-0.142,3.309,2.401,0.607,0.79,1.487,2.941,2.265,0.614,0.325,1.884,1.594,3.272,2.706,0.475,1.363,1.378,2.342,2.522,1.08,1.683,2.363,-0.678,2.493,3.058,2.84,2.674,1.549,1.908,4.297,0.599,0.674,1.871,2.247,2.178,0.717,0.975,1.481,1.662,2.299,2.174,2.214,0.488,2.707,0.927,2.694,0.788,4.37,1.61,1.684,1.338,0.404,2.33,3.194,2.67,2.412,2.007,2.937,1.874,2.306,2.205,3.121,1.874,2.677,1.622,2.787,1.165,1.987,2.481,3.474,2.671,3.104,2.945,2.235,2.961,1.808
I18,C,0.252,0.216,0.231,0.222,0.244,0.219,0.246,0.265,0.241,0.214,0.262,0.305,0.227,0.261,0.255,0.273,0.211,0.216,0.283,0.267,0.279,0.161,0.221,0.259,0.16,0.194,0.28,0.298,0.265,0.233,0.281,0.234,0.223,0.218,0.223,0.272,0.252,0.248,0.274,0.22,0.205,0.249,0.209,0.251,0.216,0.244,0.266,0.251,0.227,0.24,0.25,0.232,0.248,0.223,0.238,0.249,0.241,0.18,0.295,0.209,0.198,0.212,0.269,0.313,0.268,0.239,0.215,0.232,0.217,0.25,0.254,0.243,0.248,0.291,0.225,0.229,0.255,0.235,0.274,0.189,0.267,0.286,0.267,0.249,0.273,0.246,0.256,0.264,0.176,0.203,0.266,0.254,0.252,0.252,0.244,0.285,0.237,0.244,0.204,0.255,0.233,0.278,0.192,0.252,0.233,0.212,0.24,0.245,0.297,0.227,0.311,0.25,0.302,0.189,0.228,0.249,0.234,0.25,0.245,0.231,0.269,0.225,0.238,0.191,0.273,0.255,0.207,0.262,0.181,0.273,0.228,0.3,0.209,0.257,0.226,0.21,0.24,0.258,0.261,0.171,0.265,0.199,0.231,0.299,0.22,0.251,0.289,0.263,0.195,0.251,0.244,0.204,0.262,0.249,0.192,0.213,0.239,0.177,0.231,0.282,0.276,0.256,0.228,0.224,0.247,0.247,0.194,0.308,0.295,0.222,0.214,0.282,0.215,0.221,0.23,0.224,0.187,0.205,0.26,0.261,0.219,0.295,0.26,0.212,0.231,0.281,0.281,0.259,0.225,0.262,0.24,0.231,0.257,0.276,0.268,0.329,0.227,0.226,0.235,0.232,0.29,0.218,0.22,0.227,0.276,0.301,0.298,0.234,0.216,0.239,0.276,0.248,0.244,0.277,0.232,0.272,0.249,0.258,0.224,0.207,0.266,0.177,0.228,0.221,0.297,0.237,0.223,0.227,0.28,0.257,0.193,0.253,0.241,0.233,0.246,0.234,0.24,0.262,0.321,0.222,0.258,0.263,0.23,0.227,0.255,0.271,0.24,0.227,0.264,0.217,0.243,0.211,0.279,0.214,0.28,0.253,0.254,0.276,0.259,0.269,0.236,0.23,0.247,0.296,0.294,0.2,0.223,0.26,0.226,0.197,0.238,0.291,0.19,0.261,0.257,0.207,0.294,0.28,0.23,0.256,0.181,0.248,0.312,0.253,0.256,0.2,0.26,0.271,0.247,0.261,0.291,0.211,0.279,0.229,0.246,0.25,0.252,0.229,0.234,0.305,0.245,0.27,0.242,0.25,0.253,0.238,0.245,0.235,0.202,0.212,0.327,0.21,0.215,0.204,0.243,0.275,0.238,0.255,0.25,0.287,0.248,0.216,0.231,0.212,0.212,0.253,0.201,0.276,0.276,0.226,0.298,0.279,0.199,0.253,0.25,0.206,0.255,0.211,0.219,0.208,0.217,0.243,0.219,0.239,0.196,0.262,0.222,0.239,0.242,0.235,0.204,0.238,0.3,0.21,0.266,0.252,0.291,0.232,0.228,0.25,0.226,0.216,0.188,0.276,0.212,0.24,0.265,0.224,0.274,0.211,0.246,0.257,0.237,0.257,0.24,0.272,0.282,0.221,0.28,0.235,0.229,0.241,0.259,0.208,0.257,0.187,0.207,0.192,0.221,0.263,0.281,0.229,0.256,0.283,0.275,0.203,0.264,0.265,0.251,0.229,0.255,0.208,0.249,0.235,0.283,0.278,0.259,0.286,0.29,0.274,0.229,0.258,0.24,0.267,0.212,0.231,0.189,0.274,0.198,0.223,0.253,0.264,0.265,0.264,0.248,0.273,0.213,0.269,0.249,0.22,0.202,0.204,0.233,0.3,0.189,0.244,0.218,0.215,0.261,0.253,0.268,0.227,0.269,0.2,0.224,0.223,0.214,0.315,0.201,0.242,0.294,0.232,0.196,0.253,0.29,0.221,0.22,0.234,0.208,0.276,0.252,0.246,0.257,0.235,0.262,0.252,0.214,0.229,0.234,0.293,0.209,0.239,0.252,0.257,0.252,0.213,0.253,0.229,0.251,0.232,0.225,0.184,0.221,0.261,0.23,0.22,0.257,0.264,0.246,0.204,0.25,0.222,0.274,0.193,0.229,0.228,0.213,0.247,0.21,0.265
I19,A,0.786,0.663,0.876,0.572,0.942,0.518,0.702,0.576,0.625,1.087,0.451,0.462,0.594,0.602,0.957,0.725,0.819,0.64,0.819,0.471,0.878,0.847,0.991,0.448,0.578,1.165,0.643,0.852,0.724,0.419,0.745,0.779,0.816,0.692,0.935,0.878,0.845,0.639,0.802,0.684,0.989,1.123,0.617,0.626,1.056,0.714,0.557,0.606,0.826,0.284,0.403,0.864,0.637,0.622,1.07,0.528,0.565,0.683,0.772,0.943,0.644,0.566,0.52,0.978,0.714,0.572,1.12,0.748,0.735,1.023,0.929,0.972,0.704,0.787,0.802,0.881,0.632,0.835,1.098,0.637,0.637,0.65,1.04,0.783,0.883,0.794,0.667,0.742,0.645,0.504,0.246,0.758,0.998,0.645,0.849,0.552,0.791,0.562,0.573,0.776,0.539,0.867,0.668,0.985,0.66,0.864,0.901,1,0.994,0.54,0.309,0.578,0.473,0.946,0.942,0.876,0.914,0.427,0.586,0.732,0.372,1.181,0.613,1.059,0.713,1.037,0.671,0.551,0.95,0.761,0.756,1.025,0.472,0.603,0.701,0.721,0.816,1.07,0.722,0.73,0.915,0.503,0.785,0.636,0.974,0.868,0.661,0.758,0.824,0.892,0.442,0.678,0.53,0.79,1.022,1.237,0.796,0.615,1.037,0.74,0.434,0.179,0.83,0.683,0.712,0.818,0.628,0.532,0.714,1.322,0.792,0.46,0.727,0.63,0.895,0.964,0.457,0.876,0.728,0.757,0.925,0.55,0.623,0.881,0.719,0.415,0.812,0.556,0.423,0.868,0.661,0.909,0.92,1.044,1.07,0.78,0.812,0.599,0.831,1.048,1.051,1.135,0.607,0.785,0.769,0.617,0.973,0.722,0.378,0.549,0.919,0.665,0.999,0.827,0.629,0.796,0.769,0.77,0.609,0.636,0.652,0.821,0.883,1.014,0.39,0.879,0.902,0.769,0.831,0.985,0.529,0.849,0.935,0.429,0.68,0.859,0.492,0.302,1.212,0.658,0.871,0.557,0.615,0.838,0.936,0.207,0.896,0.695,0.886,0.712,0.729,0.554,0.408,0.651,0.559,0.58,0.826,0.434,0.627,0.854,0.474,0.586,0.809,0.515,0.895,0.869,0.575,0.851,0.78,0.821,0.781,0.531,0.771,0.677,0.711,0.281,0.903,1.093,1.183,1.088,0.96,0.585,0.461,0.781,0.502,1.075,0.747,0.932,0.618,0.959,0.829,1.023,0.628,0.603,0.848,0.808,0.791,0.694,1.047,0.734,0.577,0.793,0.623,0.729,0.528,0.679,0.769,0.895,0.46,0.623,0.866,0.823,0.388,0.582,0.957,0.93,0.999,0.5,0.987,0.807,1.283,0.656,0.609,0.996,0.572,0.538,0.7,0.602,0.546,0.741,0.822,0.411,0.439,0.844,0.504,0.684,0.569,1.002,0.714,0.891,0.934,0.926,0.573,0.552,0.925,0.457,0.809,0.641,0.632,0.798,1.037,0.76,0.617,0.822,0.661,0.742,0.639,0.761,1.003,0.595,0.964,1.108,1.026,0.92,0.805,1.045,1.057,0.466,0.572,0.656,0.736,0.439,0.852,1.058,0.75,0.947,0.973,0.634,0.412,0.751,0.844,0.797,0.839,0.403,0.607,0.741,0.587,0.924,0.623,0.593,0.933,0.395,0.812,0.892,0.418,0.633,0.793,0.971,0.636,0.671,0.801,0.967,1.086,0.648,0.961,0.728,0.803,0.909,0.698,0.7,0.876,0.545,0.722,1.103,0.856,0.543,0.738,0.96,0.436,0.413,0.873,0.791,0.467,1.028,1.039,0.742,1.083,0.822,0.85,0.811,0.566,0.849,0.763,0.516,0.885,0.801,0.904,0.946,0.828,0.43,0.753,0.791,0.821,0.692,0.864,0.653,0.655,0.756,0.612,0.907,0.987,0.509,0.874,0.865,0.891,0.443,1.013,0.889,0.576,0.914,0.56,0.724,0.448,1.142,0.605,0.856,0.455,0.827,1.076,0.621,0.521,0.682,0.61,1.099,0.799,0.711,0.716,0.666,0.692,1.102,1.072,0.918,0.598,0.778,0.637,0.908,0.357,0.626,0.524,0.817,0.881,0.702,0.6,0.625,0.984,0.405,0.647,0.819,0.771,0.624
I19,B,1.614,1.746,1.592,1.173,0.871,0.909,1.634,2.675,0.023,2.727,1.734,2.249,0.924,-0.514,2.288,1.626,0.14,1.807,0.952,2.008,1.455,0.213,1.163,1.824,1.994,0.161,0.763,-0.187,1.972,2.18,0.655,3.121,2.793,1.585,1.703,2.188,0.948,1.212,1.506,0.962,0.143,1.446,-0.432,0.682,-0.83,3.78,0.651,1.848,1.327,2.458,-1.226,2.542,2.745,1.19,1.096,0.057,0.207,0.962,-0.309,1.052,1.618,1.241,0.191,2.228,2.493,1.868,0.673,-0.201,1.995,1.506,0.649,2.21,1.235,1.577,2.391,3.068,1.404,2.482,2.184,2.116,0.191,2.734,2.051,1.9,1.563,1.55,0.978,0.948,3.201,3.148,2.656,2.398,2.134,0.593,1.131,1.843,1.726,4.12,0.772,2.286,1.69,0.474,1.223,1.037,1.002,2.701,-0.232,0.442,1.112,1.585,2.062,2.076,0.472,0.382,2.94,1.741,2.481,1.473,1.319,1.316,1.4,1.222,1.708,-0.825,2.496,0.95,1.566,-1.086,1.787,1.438,2.229,0.205,0.982,3.786,1.927,2.072,0.261,1.619,3.36,0.997,0.432,1.539,0.043,1.544,0.137,1.474,1.499,0.381,0.024,3.986,3.394,0.516,2.98,2.793,3.626,-0.822,2.433,0.409,1.492,1.131,0.533,2.758,0.506,1.456,0.052,1.481,2.747,1.19,2.451,0.756,1.393,0.758,1.305,1.666,-0.256,1.449,0.826,2.246,1.396,1.202,1.004,3.164,2.56,2.195,0.776,0.094,2.767,1.472,0.032,1.429,0.741,0.647,2.85,2.211,0.881,1.502,2.378,1.347,1.458,2.152,1.789,2.317,0.444,1.971,2.79,1.563,1.041,2.294,2.377,0.905,1.97,1.186,2.456,1.654,1.904,2.647,1.197,3.259,0.677,1.731,1.208,1.242,1.411,0.75,0.14,-0.421,0.141,2.676,0.12,0.304,1.438,2.306,2.847,0.02,-0.001,-0.996,1.375,0.175,1.799,2.363,-2.689,1.006,0.601,1.765,0.72,2.261,1.881,1.863,2.679,0.109,1.822,2.037,2.249,0.86,3.255,3.181,1.237,1.597,-0.005,1.137,2.847,2.727,1.132,1.913,0.374,0.248,1.457,1.27,2.545,-0.141,2.041,0.95,0.789,0.416,1.819,2.379,3.407,-0.475,2.015,0.64,2.567,1.487,1.88,0.567,0.306,2.532,2.353,1.008,-0.187,1.184,0.511,0.356,0.048,0.377,1.224,-0.068,2.449,1.853,0.963,2.262,1.368,0.139,1.1,2.764,0.624,-0.678,1.375,0.827,2.194,0.883,1.968,2.458,2.279,1.769,1.084,2.082,1.338,0.339,1.029,1.146,0.923,0.909,-0.043,1.627,1.58,1.027,0.624,1.132,1.669,2.24,-0.551,1.781,0.98,2.168,0.998,2.283,0.869,1.906,0.924,2.337,0.23,2.101,1.329,0.441,1.724,1.592,1.833,2.209,1.19,0.185,1.36,2.912,0.237,1.562,1.25,-0.699,1.797,0.398,1.671,1.287,1.331,1.52,1.122,1.042,0.225,1.814,1.152,0.369,0.242,0.901,0.541,1.525,2.793,0.524,2.252,-1.7,-0.039,2.189,-0.068,-0.679,2.139,3.862,0.993,-0.168,2.777,-1.408,0.322,1.211,1.442,4.079,1.671,-0.296,1.437,2.762,2.427,0.854,3.373,2.213,2.808,0.361,0.124,1.62,2.617,0.568,1.259,0.315,0.559,1.684,0.881,1.631,0.955,0.921,2.241,2.679,0.454,2.011,-0.289,1.798,-0.666,3.092,2.198,3.49,1.978,0.625,0.634,0.674,0.308,1.414,1.491,1.958,2.489,1.982,2.122,2.352,0.883,1.655,1.723,0.223,3.225,1.83,1.935,0.741,2.085,2.1,1.95,1.194,1.7,0.101,1.644,1.242,0.893,4.114,-0.44,1.642,2.104,-0.753,2.873,2.511,2.189,3,0.679,2.098,1.11,1.442,1.265,1.405,2.941,0.942,2.634,2.463,2.514,0.648,0.622,1.382,3.067,2.793,0.122,1.268,2.621,1.683,1.169,2.106,1.45,0.311,3.709,1.77,-0.318,0.819,0.891,1.215,0.253,0.241,-0.512,1.645,0.034,0.779,2.041,0.234,2.961,2.263
I19,C,0.177,0.243,0.2,0.211,0.17,0.181,0.14,0.231,0.18,0.2,0.259,0.222,0.178,0.156,0.165,0.198,0.171,0.166,0.196,0.188,0.176,0.219,0.169,0.179,0.232,0.168,0.186,0.216,0.15,0.205,0.211,0.171,0.138,0.17,0.223,0.152,0.167,0.174,0.219,0.17,0.152,0.202,0.239,0.15,0.174,0.213,0.169,0.191,0.241,0.233,0.204,0.162,0.145,0.164,0.197,0.192,0.165,0.242,0.168,0.242,0.255,0.2,0.216,0.234,0.156,0.182,0.179,0.18,0.222,0.198,0.229,0.199,0.212,0.177,0.212,0.215,0.209,0.207,0.207,0.187,0.15,0.199,0.233,0.219,0.16,0.151,0.201,0.161,0.175,0.214,0.15,0.175,0.224,0.127,0.259,0.201,0.177,0.213,0.206,0.223,0.226,0.218,0.156,0.201,0.213,0.187,0.224,0.175,0.148,0.184,0.244,0.162,0.176,0.243,0.23,0.175,0.211,0.174,0.182,0.178,0.268,0.184,0.22,0.128,0.214,0.172,0.201,0.21,0.182,0.213,0.171,0.245,0.173,0.186,0.188,0.166,0.241,0.203,0.188,0.204,0.182,0.146,0.183,0.204,0.173,0.167,0.137,0.199,0.219,0.22,0.178,0.198,0.177,0.184,0.271,0.166,0.198,0.208,0.206,0.193,0.239,0.191,0.177,0.22,0.231,0.22,0.173,0.235,0.17,0.212,0.165,0.21,0.254,0.173,0.151,0.171,0.206,0.203,0.161,0.161,0.168,0.19,0.206,0.195,0.171,0.128,0.185,0.193,0.148,0.225,0.184,0.185,0.195,0.193,0.167,0.186,0.17,0.184,0.178,0.166,0.163,0.225,0.182,0.228,0.206,0.181,0.174,0.201,0.172,0.185,0.185,0.208,0.218,0.201,0.192,0.238,0.173,0.18,0.197,0.197,0.165,0.226,0.214,0.17,0.202,0.194,0.196,0.181,0.231,0.247,0.17,0.176,0.156,0.237,0.251,0.202,0.127,0.153,0.182,0.192,0.205,0.165,0.139,0.176,0.166,0.199,0.164,0.234,0.207,0.213,0.236,0.192,0.257,0.211,0.168,0.17,0.174,0.247,0.19,0.13,0.186,0.186,0.225,0.222,0.158,0.244,0.176,0.223,0.178,0.266,0.234,0.188,0.217,0.147,0.166,0.213,0.182,0.21,0.181,0.227,0.14,0.151,0.174,0.206,0.185,0.183,0.19,0.218,0.185,0.183,0.18,0.184,0.212,0.197,0.185,0.195,0.186,0.136,0.185,0.214,0.134,0.19,0.174,0.226,0.186,0.183,0.176,0.221,0.173,0.23,0.188,0.167,0.232,0.179,0.166,0.185,0.283,0.209,0.175,0.203,0.169,0.155,0.198,0.233,0.198,0.136,0.224,0.214,0.198,0.16,0.205,0.156,0.181,0.189,0.218,0.158,0.227,0.194,0.199,0.191,0.183,0.205,0.148,0.143,0.259,0.191,0.166,0.239,0.124,0.143,0.178,0.154,0.175,0.182,0.148,0.154,0.194,0.224,0.196,0.236,0.204,0.162,0.145,0.181,0.218,0.192,0.262,0.168,0.206,0.223,0.166,0.192,0.178,0.222,0.257,0.183,0.174,0.216,0.136,0.164,0.209,0.125,0.096,0.189,0.19,0.21,0.16,0.188,0.208,0.243,0.224,0.2,0.155,0.18,0.156,0.173,0.172,0.203,0.141,0.155,0.213,0.225,0.127,0.161,0.163,0.217,0.163,0.187,0.219,0.183,0.197,0.224,0.165,0.229,0.199,0.277,0.232,0.181,0.168,0.197,0.183,0.195,0.214,0.18,0.221,0.154,0.191,0.22,0.209,0.199,0.189,0.194,0.162,0.235,0.16,0.174,0.159,0.193,0.217,0.192,0.162,0.161,0.177,0.159,0.25,0.207,0.203,0.185,0.146,0.225,0.19,0.214,0.184,0.199,0.178,0.248,0.19,0.209,0.167,0.204,0.195,0.21,0.175,0.166,0.178,0.181,0.206,0.213,0.175,0.169,0.164,0.199,0.174,0.206,0.229,0.198,0.211,0.173,0.155,0.223,0.252,0.234,0.194,0.176,0.199,0.172,0.165,0.211,0.205,0.177,0.195,0.166,0.199,0.149,0.133,0.185,0.211,0.202,0.185,0.209
I20,A,1.018,1.66,1.204,0.956,1.28,0.955,1.303,1.303,1.416,1.161,0.964,1.033,0.931,1.29,0.932,1.015,1.05,0.908,1.514,1.467,1.344,1.718,1.476,1.293,1.026,1.084,0.898,1.155,1.638,0.792,1.316,1.335,1.292,1.186,0.827,1.103,1.074,1.419,1.488,1.523,1.281,0.7,1.106,1.045,0.931,1.136,1.068,1.308,1.253,1.345,1.17,1.251,1.014,1.094,0.774,0.855,1.405,0.877,0.895,1.044,1.347,0.777,1.189,1.141,0.904,1.468,1.264,1.346,1.233,1.395,1.428,1.057,1.034,1.05,0.995,1.153,1.297,0.958,1.108,1.038,0.991,1.114,0.815,1.499,1.307,1.309,1.226,1.017,1.186,0.921,1.197,1.122,1.377,1.169,1.178,1.151,0.926,1.115,1.237,0.66,0.938,1.053,1.285,1.368,1.03,1.069,0.912,1.343,1.161,1.549,0.961,1.058,1.255,0.959,1.157,1.464,1.514,1.32,1.347,0.925,1.222,1.184,0.886,1.156,1.217,1.265,0.99,0.883,1.295,1.116,1.243,0.752,1.162,0.966,1.262,1.282,1.432,1.043,1.542,1.075,1.058,1.483,0.849,1.099,1.224,1.373,1.215,1.153,1.098,1.169,1.243,1.037,1.412,1.409,1.253,1.214,1.175,1.069,0.708,0.997,1.016,1.079,0.985,1.264,1.075,1.016,1.06,1.512,0.972,1.094,1.212,1.092,1.192,1.36,1.607,1.175,1.107,0.881,1.239,1.291,0.939,1.203,1.328,1.094,1.13,1.475,1.321,1.385,1.193,0.783,0.923,0.78,1.095,1.297,1.034,1.356,0.995,1.254,1.085,1.091,1.259,1.269,1.425,1.348,1.256,0.856,1.232,0.938,1.315,1.092,1.019,1.127,1.27,1.267,1.052,1.148,1.107,0.977,1.123,1.121,0.946,1.049,0.961,1.265,0.951,1.343,1.211,1.257,1.19,1.283,1.049,1.395,1.294,1.395,1.164,1.079,1.196,1.156,1.147,1.373,1.372,1.27,1.027,0.939,1.507,1.605,1.267,1.055,1.063,0.891,1.351,0.976,1.467,1.33,1.131,1.065,0.926,0.762,1.346,1.075,1.49,1.265,1.184,0.665,1.353,1.111,1.287,1.264,1.04,0.833,1.009,1.072,0.84,1.432,1.145,1.114,1.463,1.224,1.121,1.061,1.198,1.235,1.532,1.221,0.973,1.134,1.311,1.392,1.343,0.972,1.114,0.9,1.072,1.196,1.379,1.166,1.143,0.965,1.209,1.011,1.241,1.443,1.057,0.791,1.016,1.247,1.312,1.26,1.104,1.355,1.41,1.06,1.054,1.004,1.14,1.11,1.266,1.085,1.041,1.18,1.085,1.267,1.115,0.924,1.193,1.037,1.527,1.1,1.254,1.185,1.358,0.953,1.208,1.139,1.227,0.984,1.198,1.057,1.126,1.2,1.285,1.268,1.271,1.314,1.05,1.171,1.026,1.11,1.522,0.974,1.289,1.074,1.136,1.575,1.348,1.054,1.163,0.951,1.248,1.272,1.346,0.785,1.176,1.206,0.918,1.174,1.079,0.988,1.404,1.118,1.321,1.365,1.234,1.351,0.808,1.527,0.752,1.261,1.003,1.16,1.242,0.937,1.121,0.692,1.126,1.051,1.209,1.255,0.862,1.38,1.403,0.771,1.104,1.274,0.983,1.113,1.226,0.824,0.975,1.396,1.236,0.991,1.166,1.451,1.12,0.81,1.102,1.222,1.495,1.634,1.097,1.446,1.046,1.342,1.299,0.932,0.941,1.136,1.234,1.083,1.479,1.066,1.172,0.97,1.369,0.967,1.272,1.285,1.281,1.17,1.02,1.16,1.341,1.084,1.016,1.104,1.136,1.188,1.217,1.286,0.889,1.049,1.184,1.176,0.681,1.016,1.15,1.298,1.113,1.498,1.187,1.227,1.205,1.18,1.292,1.305,1.313,1.366,1.133,0.982,1.246,1.198,0.922,1.092,0.964,1.317,1.444,1.045,1.197,1.558,0.955,1.322,0.76,1.215,1.271,1.257,0.995,1.081,1.001,1.178,1.448,0.914,1.548,1.363,1.365,1.21,0.743,1.392,1.447,1.214,1.47,1.127,1.11,1.368,0.976,1.297,1.149,1.236,1.345,1.755
I20,B,-0.004,-0.875,-0.138,-1.601,-1.872,-1.089,0.394,-0.429,-3.157,-0.159,-0.561,-1.74,-0.349,-1.493,-1.208,-0.832,1.229,-1.158,0.95,0.542,0.55,-0.87,0.336,1.101,1.614,-1.155,-1.942,-0.526,-0.104,-0.888,-1.412,0.226,-0.906,1.166,3.327,-0.576,-2.004,-0.578,0.025,-0.399,-0.982,0.97,0.166,0.95,-1.186,-1.998,0.026,-0.456,-1.303,0.169,-2.816,-0.297,-1.037,0.781,-0.097,0.831,-0.641,-1.677,-1.157,1.024,-1.004,0.501,-1.521,-0.255,-0.748,-0.945,-0.343,-1.563,-1.104,0.537,-1.513,-0.017,-0.501,-0.777,-0.518,-1.139,-1.499,-0.567,-0.162,0.502,-0.349,-0.32,0.706,0.884,1.33,-0.955,-1.789,0.057,-1.56,-1.082,-0.304,-0.56,-0.532,0.237,-0.501,-0.431,0.382,1.3,-1.304,-0.927,-1.626,-1.784,0.121,0.653,0.732,0.239,0.717,-2.057,-1.114,-2.397,-1.279,-0.602,0.066,-0.606,-1.497,-0.955,-0.724,-0.849,0.272,0.194,-0.119,-1.257,-0.333,-1.852,-1.551,0.328,1.129,-0.85,-0.263,-1.747,-1.452,-1.464,-1.189,-0.162,-0.127,-2.222,-1.062,-1.297,-0.791,-0.584,0.044,-1.984,-1.911,-0.141,-0.608,0.341,1.106,0.299,-0.301,-1.79,-1.845,-0.78,-3.458,-0.275,-0.131,-2.974,-0.812,0.362,-0.593,1.219,-1.047,-1.121,-2.1,-0.82,0.106,-0.343,-0.832,-0.469,-0.364,-0.13,-0.047,0.838,0.816,-2.049,-1.512,0.199,-0.095,-1.242,-1.3,-0.952,0.214,-1.239,0.226,1.534,-1.612,1.309,0.249,-1.37,-1.87,-0.109,0.652,-1.101,-0.655,-1.56,-0.333,-0.535,-0.879,-1.139,0.117,-0.594,0.634,-1.269,-1.571,-1.399,-1.006,-0.523,0.875,-0.687,0.622,-0.73,0.201,-0.813,0.568,-0.746,0.971,-0.966,-0.52,-1.24,0.049,0.533,-0.513,0.151,-0.813,-1.029,-0.665,-0.233,-0.679,-0.173,-0.863,-1.606,-2.45,-2.31,-1.317,-0.938,-0.037,-1.501,-1.322,-1.713,-1.655,0.866,-1.742,0.24,0.607,-2.202,0.363,-1.207,-0.5,-2.041,1.395,0.048,0.48,0.113,-1.311,1.437,-1.526,-0.701,0.175,-1.365,-1.104,-1.29,1.46,0.987,1.414,-0.284,-1.741,-0.991,-0.434,0.081,-0.283,0.743,-0.622,0.239,-0.359,0.771,-1.538,-0.982,-1.241,-0.702,-0.48,0.539,-0.314,0.273,-1.101,-0.371,-0.378,0.326,-1.415,-1.078,-0.267,-1.461,-0.325,1.191,-2.08,0.857,-0.208,0.765,-0.46,0.432,0.259,0.26,-0.565,-0.484,-1.023,0.649,-2.096,-0.552,0.068,-1.042,0.283,-0.707,-1.625,0.027,0.028,-1.674,-0.851,1.446,-2.437,0.425,-0.391,-2.037,-0.055,-0.767,0.014,-0.599,-1.764,-1.835,-0.667,-0.206,-0.718,-1.596,0.501,-2.173,0.227,0.517,-0.365,-0.268,0.501,-1.383,-0.055,2.041,-0.098,-0.649,0.063,-1.601,0.461,-1.995,-0.623,-0.077,-1.772,0.092,-0.184,0.367,-0.275,1.109,0.373,0.276,-0.431,-0.349,0.739,-0.196,-1.061,-0.438,0.311,1.395,-0.391,-0.587,0.936,-1.281,-0.208,1.09,1.094,2.302,-2.58,0.596,0.078,-0.344,0.934,-0.65,-1.116,-1.263,-0.322,-1.355,-1.858,1.34,1.566,1.095,-1.315,-0.005,-1.563,0.934,0.554,-0.677,0.859,0.81,-1.997,0.634,-0.716,-0.293,1.153,-0.521,0.872,-0.745,-0.538,1.052,-2.439,-1.455,-1.078,0.81,-1.981,0.024,-0.465,-1.009,-2.267,-1.18,-0.788,-0.663,-0.117,0.491,-0.366,1.855,-1.67,0.183,-0.699,-0.268,-1.954,-1.869,-1.015,-0.768,0.422,-2.074,0.737,-1.253,-0.939,0.522,-0.866,-0.716,0.227,-0.804,-1.412,-0.557,-0.026,-0.927,-1.258,-3.076,0.77,-0.894,0.828,0.809,-0.648,-2.182,-0.64,-1.142,-1.356,-2.773,0.227,-0.137,-0.452,-0.501,-1.282,-2.078,-1.92,-0.484,-0.88,-0.82,-0.504,-1.349,-1.091,-1.572,-1.616,-0.815,-1.468,-2.384,0.264,0.376,0.995,-1.21,0.536,0.718,-0.178,2.255,-1.084,0.17,0.616,-0.708,-0.281,0.644,-1.689,0.786,-0.601,-0.36,-0.616,-0.315,-0.534,0.502,-0.075,-0.808,-0.159,-2.613,-0.819,-0.799
I20,C,0.246,0.253,0.223,0.278,0.289,0.2,0.236,0.284,0.215,0.258,0.279,0.258,0.233,0.256,0.23,0.237,0.204,0.221,0.261,0.241,0.252,0.176,0.238,0.223,0.24,0.304,0.252,0.259,0.225,0.335,0.289,0.256,0.254,0.238,0.273,0.276,0.232,0.268,0.229,0.24,0.24,0.203,0.254,0.265,0.237,0.295,0.234,0.232,0.251,0.276,0.249,0.27,0.29,0.279,0.255,0.291,0.222,0.228,0.252,0.228,0.264,0.272,0.257,0.241,0.238,0.219,0.249,0.282,0.232,0.279,0.188,0.21,0.197,0.301,0.337,0.208,0.264,0.23,0.272,0.224,0.214,0.251,0.241,0.214,0.249,0.248,0.235,0.251,0.268,0.204,0.236,0.239,0.281,0.223,0.222,0.221,0.192,0.253,0.199,0.277,0.268,0.203,0.27,0.245,0.279,0.235,0.295,0.26,0.209,0.259,0.228,0.232,0.22,0.249,0.23,0.252,0.249,0.241,0.294,0.234,0.245,0.231,0.284,0.25,0.242,0.295,0.192,0.289,0.222,0.184,0.244,0.218,0.248,0.232,0.287,0.287,0.231,0.268,0.232,0.26,0.24,0.293,0.251,0.246,0.217,0.335,0.266,0.329,0.279,0.259,0.211,0.253,0.235,0.295,0.262,0.247,0.285,0.284,0.203,0.214,0.235,0.258,0.283,0.238,0.248,0.23,0.215,0.253,0.262,0.291,0.241,0.295,0.238,0.268,0.246,0.237,0.221,0.222,0.255,0.266,0.251,0.221,0.226,0.243,0.261,0.26,0.239,0.231,0.312,0.267,0.197,0.229,0.255,0.258,0.192,0.225,0.221,0.283,0.285,0.285,0.215,0.265,0.297,0.277,0.227,0.283,0.285,0.224,0.233,0.234,0.266,0.229,0.27,0.272,0.21,0.228,0.25,0.241,0.214,0.273,0.259,0.248,0.233,0.299,0.279,0.24,0.296,0.205,0.268,0.158,0.175,0.257,0.288,0.214,0.25,0.262,0.271,0.269,0.263,0.243,0.252,0.261,0.275,0.27,0.255,0.238,0.229,0.218,0.176,0.24,0.248,0.22,0.255,0.237,0.273,0.268,0.215,0.243,0.235,0.214,0.241,0.231,0.244,0.259,0.286,0.242,0.229,0.167,0.271,0.288,0.203,0.356,0.275,0.243,0.323,0.257,0.263,0.238,0.248,0.272,0.21,0.248,0.271,0.236,0.22,0.266,0.273,0.239,0.29,0.286,0.232,0.286,0.222,0.263,0.243,0.299,0.293,0.232,0.258,0.235,0.201,0.261,0.263,0.219,0.284,0.281,0.326,0.243,0.24,0.209,0.245,0.258,0.262,0.233,0.262,0.227,0.204,0.253,0.282,0.266,0.235,0.252,0.324,0.323,0.218,0.241,0.27,0.21,0.232,0.199,0.253,0.25,0.256,0.26,0.258,0.213,0.328,0.205,0.266,0.231,0.2,0.214,0.223,0.259,0.259,0.293,0.254,0.276,0.24,0.319,0.231,0.316,0.252,0.242,0.268,0.235,0.256,0.246,0.237,0.277,0.245,0.238,0.229,0.206,0.259,0.247,0.244,0.248,0.223,0.247,0.226,0.246,0.277,0.237,0.246,0.241,0.268,0.229,0.258,0.25,0.271,0.188,0.189,0.271,0.217,0.193,0.244,0.255,0.24,0.229,0.269,0.214,0.235,0.236,0.228,0.297,0.236,0.242,0.212,0.159,0.249,0.253,0.242,0.232,0.27,0.233,0.251,0.275,0.236,0.216,0.292,0.297,0.3,0.207,0.251,0.282,0.29,0.239,0.244,0.296,0.256,0.244,0.265,0.278,0.276,0.259,0.253,0.293,0.247,0.297,0.226,0.263,0.249,0.246,0.256,0.27,0.258,0.246,0.26,0.27,0.247,0.29,0.287,0.27,0.217,0.226,0.298,0.258,0.222,0.282,0.232,0.268,0.29,0.212,0.295,0.242,0.252,0.231,0.258,0.244,0.241,0.216,0.227,0.289,0.31,0.233,0.255,0.258,0.206,0.251,0.257,0.283,0.291,0.283,0.235,0.313,0.203,0.239,0.188,0.229,0.199,0.261,0.241,0.236,0.242,0.247,0.273,0.284,0.275,0.262,0.258,0.247,0.216,0.242,0.219,0.243,0.23,0.254,0.273,0.254
I21,A,0.702,0.551,0.952,1.071,1.081,0.997,1.08,0.825,0.641,1.067,1.142,1.323,0.786,0.344,0.994,0.876,0.817,0.978,0.88,0.916,1.006,0.672,0.753,0.708,0.454,0.799,1.2,0.91,0.901,0.999,0.785,0.679,0.918,0.985,0.601,0.975,0.476,0.62,0.778,0.927,0.787,0.473,0.979,1.244,0.847,1.277,0.619,0.981,0.919,1.295,1.077,1.007,0.574,0.933,0.819,0.486,0.698,1.067,0.698,0.643,1.15,0.875,0.848,1.141,0.823,0.687,0.939,0.855,0.83,0.806,0.585,0.972,0.753,0.807,1.298,1.152,0.855,0.736,0.955,0.958,0.87,0.655,1.161,0.753,1.059,0.773,1.079,0.839,1.118,0.669,0.98,0.979,0.643,1.201,1.01,0.725,0.954,0.897,0.606,0.995,1.125,0.901,0.682,0.839,0.995,0.771,0.693,0.833,0.861,0.828,0.735,0.797,0.715,1.013,0.817,0.396,1.003,0.817,0.63,0.791,0.834,0.709,0.937,0.877,0.843,0.982,0.923,1.116,1.193,0.79,1.04,0.838,0.842,0.036,0.798,1.119,0.99,1.584,0.643,0.837,1.555,0.856,1.079,0.621,1.029,0.957,0.747,0.942,1.18,0.917,0.717,0.703,1.297,0.976,0.963,1.037,1.096,0.86,0.93,0.897,0.794,0.858,1.054,0.803,1.178,0.582,0.718,0.672,1.006,0.749,0.71,1.175,0.667,0.896,0.805,0.847,0.708,1.075,1.015,0.647,1.013,0.781,0.909,0.96,0.801,0.602,0.63,1.029,0.921,0.727,0.918,0.832,1.131,0.448,1.111,1.06,1.004,0.874,1.116,0.761,1.089,1.245,0.997,1.077,0.613,0.71,0.68,1.302,1.07,1.093,0.545,1.361,0.929,0.876,0.913,1.088,0.903,0.987,1.143,0.97,0.906,0.983,0.955,1.11,0.57,0.874,0.995,0.818,0.936,0.841,0.634,1.322,1.005,0.989,0.665,0.789,0.831,0.778,0.392,1.033,0.574,0.974,0.768,0.992,0.976,0.937,1.076,0.81,0.699,0.876,1.053,0.731,0.842,0.687,0.942,0.804,0.753,0.581,0.63,0.517,0.984,0.841,1.029,0.64,0.614,0.784,0.807,0.816,1.066,1.055,0.541,0.584,0.913,0.796,0.842,1.011,0.634,0.837,0.804,0.79,0.835,0.486,0.59,0.442,0.624,0.698,0.904,0.44,1.012,1.002,0.676,0.973,1.031,1.067,0.715,1.314,1.087,0.864,1.059,1.25,0.752,0.92,0.787,0.771,0.929,1.279,0.746,1.194,0.878,0.905,0.799,0.884,1.179,0.711,0.973,0.921,1.089,0.779,0.732,0.851,0.631,1.22,1.196,0.987,0.89,0.978,0.831,0.658,1.011,0.879,1.256,0.608,0.981,0.81,0.842,1.038,1.22,0.865,0.979,1.003,0.73,0.779,1.03,0.956,1.035,1.017,0.687,0.982,0.911,0.54,1.065,0.931,0.999,0.475,0.842,0.673,0.832,0.853,0.827,0.827,1.13,0.858,1.046,0.868,0.952,0.92,0.677,0.703,1.091,0.935,0.742,0.968,0.521,0.838,0.832,0.57,0.682,1.316,0.667,0.928,0.521,1.1,0.544,0.754,1.044,0.987,0.906,0.803,0.935,1.085,1.244,1.035,0.792,1.079,1.319,1.133,0.835,0.912,1.042,1.054,0.879,0.879,1.292,1.016,0.636,0.778,0.857,0.902,0.949,0.87,0.824,0.536,0.91,1.177,0.843,1.181,1.131,1.019,0.714,1.077,0.43,1.11,1.07,1.23,0.836,0.732,1.035,1.088,1.073,0.793,1.075,0.987,1.039,0.844,0.577,1.256,1.075,1.097,0.978,0.71,1.155,0.986,0.433,1.067,0.547,0.685,1.054,1.229,0.828,0.555,0.689,1.028,0.955,0.93,1.071,1.065,0.882,0.876,1.012,0.916,0.716,0.586,0.806,0.753,0.942,0.933,1.024,0.535,0.926,0.795,0.944,0.713,0.694,0.939,0.852,0.547,1.07,0.843,0.802,0.829,0.681,1.219,0.649,0.686,1.169,1.038,1.242,0.856,1.035,0.65,0.362,0.995,0.939,0.877,1.315,1.04,0.775,0.713,0.79,0.679
I21,B,0.377,0.351,1.803,0.604,1.687,-0.203,-0.092,0.22,1.496,-0.387,1.533,0.069,-0.149,0.756,1.014,0.898,0.805,-0.349,0.273,0.278,1.597,0.194,0.185,1.877,-0.933,0.175,-0.665,1.519,1.575,1.975,0.935,0.263,2.522,1.474,0.724,-0.643,3.55,0.163,1.028,3.325,0.712,0.172,-0.125,1.127,1.788,1.483,3.301,0.091,0.399,-0.143,-0.225,3.56,-0.871,0.319,-0.362,-0.647,0.065,-0.125,1.359,-0.283,-0.458,0.374,0.665,0.913,0.796,0.877,0.922,2.032,-0.129,0.374,0.803,-0.282,-0.497,-1.821,-0.917,0.318,1.185,0.438,0.792,-1.301,-0.233,0.037,-0.058,0.476,2.691,1.478,1.393,1.199,0.524,0.986,0.751,0.485,1.097,-0.314,0.114,0.291,0.432,-0.154,1.095,-0.078,2.668,2.249,0.528,0.773,1.897,-0.377,1.096,1.65,1.091,-0.325,1.021,1.341,0.008,-0.509,-0.897,0.885,0.176,0.361,1.261,0.53,0.643,1.83,2.439,-0.443,0.526,2.561,1.946,1.956,-1.038,-0.325,0.362,-0.359,1.575,1.989,-1.911,1.796,-0.047,0.529,0.253,-0.146,-0.488,-0.402,1.145,1.498,2.9,1.997,0.665,-0.403,-0.352,1.745,1.504,-0.303,-0.894,1.868,-1.672,0.102,1.622,1.333,0.87,-0.2,1.048,1.329,0.436,0.721,1.612,-0.891,1.151,2.006,1.553,2.347,0.764,1.905,-1.044,-0.202,1.047,0.958,0.922,0.665,-0.017,0.795,1.971,1.017,-0.02,1.713,1.807,1.956,-0.633,2.369,-0.05,1.028,0.341,2.211,1.552,1.215,-0.102,0.924,2.019,-0.453,1.615,0.866,1.003,-1.242,0.596,1.03,-1.393,1.054,2.409,2.144,0.9,2.145,0.088,1.337,0.993,0.253,-0.167,3.32,1.161,0.409,2.62,-0.359,1.113,1.175,-1.165,0.633,-0.196,1.907,0.391,1.119,0.743,0.188,0.452,1.742,0.919,-0.543,-0.777,1.754,1.827,-0.27,-0.569,1.615,0.801,1.999,1.352,0.252,-0.705,0.688,-0.244,-0.253,0.216,0.143,1.257,0.115,2.267,0.541,1.04,-0.043,0.193,0.051,1.179,1.11,0.365,-0.347,0.71,-0.444,0.056,0.67,0.371,0.231,1.055,0.546,0.258,1.388,0.31,1.62,1.654,1.614,-0.495,1.32,-1.278,-0.37,1.784,-0.83,0.742,1.027,0.891,-1.555,2.356,0.708,0.371,0.395,0.5,1.872,2.47,-0.105,1.282,-0.596,2.174,0.305,1.109,0.034,0.724,-0.298,1.285,0.132,0.857,0.515,1.38,-0.021,0.745,1.87,1.764,1.8,-0.248,0.305,0.505,0.709,0.685,1.185,1.576,2.004,0.446,-1.013,2.206,0.749,-0.268,2.135,0.934,1.839,1.576,0.857,0.811,-1.467,-0.988,0.719,-0.397,0.222,1.48,1.675,0.108,1.666,2.091,1.039,0.105,0,1.695,1.994,0.484,0.894,-0.649,1.278,0.689,0.279,1.511,0.777,0.969,0.017,1.835,0.607,1.607,0.222,1.261,1.891,0.49,-0.628,2.278,1.17,0.468,0.914,0.716,1.134,0.779,1.097,-0.153,0.004,2.381,0.523,2.721,0.914,1.176,1.648,-0.315,1.431,1.208,0.037,1.288,0.677,-1.186,1.854,1.38,1.501,0.932,2.239,1.436,1.17,-0.072,-1.086,0.565,0.935,0.856,0.023,0.478,1.198,2.05,3.482,1.608,-0.128,0.389,0.438,0.243,-1.021,0.589,1.278,0.678,0.869,0,1.549,-0.283,1.212,2.028,-0.33,-0.448,3.094,0.318,-1.08,1.7,0.104,-0.127,2.01,1.128,0.703,0.357,0.198,1.215,0.719,1.363,0.731,0.196,1.516,1.403,1.712,0.471,0.827,1.482,-0.142,-0.087,0.375,0.045,1.474,1.446,1.49,-0.858,0.759,-0.058,0.047,0.678,0.42,0.444,0.259,2.404,1.327,-0.064,2.571,-1.548,-0.068,0.508,1.966,0.76,2.413,-0.171,-0.16,-1.529,1.662,-0.308,0.354,1.494,-0.29,1.631,2.593,0.983,0.077,0.562,2.452,1.243,1.697,-0.464,1.143,1.529,0.194,0.306,1.212,3.035,-0.765,-0.239,1.907,1.335,1.429,2.743,0.338,-1.39,0.388
I21,C,0.24,0.219,0.25,0.221,0.271,0.208,0.271,0.215,0.275,0.219,0.219,0.258,0.253,0.195,0.262,0.249,0.216,0.236,0.205,0.214,0.284,0.178,0.259,0.203,0.194,0.201,0.266,0.238,0.21,0.207,0.225,0.256,0.204,0.217,0.244,0.206,0.265,0.281,0.197,0.242,0.242,0.227,0.171,0.197,0.195,0.179,0.245,0.288,0.212,0.188,0.22,0.247,0.279,0.197,0.258,0.265,0.263,0.251,0.265,0.201,0.228,0.245,0.205,0.21,0.29,0.202,0.235,0.252,0.232,0.231,0.221,0.284,0.167,0.224,0.228,0.244,0.235,0.264,0.3,0.222,0.243,0.212,0.279,0.285,0.25,0.254,0.21,0.224,0.231,0.19,0.204,0.232,0.207,0.266,0.244,0.264,0.217,0.143,0.273,0.251,0.279,0.223,0.206,0.196,0.239,0.152,0.191,0.24,0.256,0.23,0.223,0.216,0.182,0.223,0.189,0.237,0.256,0.206,0.268,0.187,0.215,0.197,0.207,0.225,0.234,0.184,0.26,0.198,0.206,0.19,0.204,0.204,0.243,0.23,0.252,0.237,0.205,0.2,0.197,0.187,0.205,0.256,0.241,0.209,0.243,0.247,0.258,0.24,0.215,0.236,0.247,0.225,0.173,0.251,0.245,0.243,0.232,0.22,0.196,0.227,0.191,0.241,0.23,0.249,0.26,0.285,0.219,0.24,0.22,0.19,0.189,0.271,0.301,0.266,0.266,0.208,0.193,0.208,0.26,0.175,0.247,0.204,0.227,0.24,0.224,0.164,0.295,0.218,0.232,0.265,0.252,0.208,0.214,0.201,0.312,0.223,0.243,0.218,0.202,0.236,0.249,0.228,0.25,0.254,0.234,0.253,0.214,0.268,0.239,0.207,0.258,0.208,0.225,0.315,0.197,0.251,0.233,0.22,0.247,0.258,0.174,0.256,0.267,0.228,0.269,0.264,0.253,0.177,0.231,0.208,0.229,0.242,0.243,0.207,0.218,0.21,0.213,0.245,0.24,0.221,0.269,0.186,0.26,0.175,0.235,0.256,0.201,0.263,0.205,0.197,0.24,0.23,0.224,0.188,0.268,0.218,0.231,0.221,0.209,0.28,0.297,0.215,0.212,0.252,0.204,0.245,0.213,0.235,0.217,0.216,0.237,0.233,0.224,0.25,0.215,0.261,0.242,0.23,0.244,0.182,0.183,0.237,0.237,0.237,0.245,0.208,0.196,0.236,0.256,0.277,0.23,0.305,0.207,0.196,0.21,0.192,0.26,0.231,0.224,0.197,0.193,0.277,0.173,0.255,0.272,0.248,0.255,0.235,0.258,0.186,0.191,0.238,0.235,0.294,0.235,0.23,0.201,0.197,0.292,0.277,0.233,0.258,0.234,0.233,0.22,0.213,0.236,0.237,0.233,0.204,0.21,0.196,0.182,0.215,0.245,0.226,0.245,0.233,0.222,0.242,0.242,0.2,0.215,0.205,0.252,0.203,0.301,0.177,0.191,0.273,0.222,0.162,0.28,0.269,0.25,0.26,0.235,0.27,0.239,0.235,0.221,0.288,0.237,0.235,0.208,0.229,0.217,0.244,0.259,0.25,0.226,0.157,0.165,0.234,0.249,0.262,0.21,0.184,0.2,0.271,0.211,0.23,0.23,0.183,0.242,0.213,0.221,0.245,0.219,0.249,0.229,0.238,0.22,0.208,0.246,0.209,0.182,0.26,0.216,0.241,0.183,0.232,0.212,0.214,0.256,0.247,0.269,0.248,0.215,0.239,0.283,0.243,0.224,0.188,0.194,0.209,0.195,0.281,0.303,0.205,0.238,0.223,0.17,0.226,0.273,0.255,0.273,0.215,0.244,0.189,0.215,0.253,0.176,0.18,0.246,0.215,0.267,0.236,0.227,0.302,0.218,0.241,0.237,0.232,0.224,0.199,0.207,0.196,0.255,0.216,0.217,0.249,0.216,0.239,0.211,0.232,0.254,0.26,0.182,0.244,0.22,0.273,0.22,0.229,0.264,0.27,0.254,0.236,0.255,0.214,0.254,0.236,0.269,0.275,0.25,0.245,0.221,0.251,0.209,0.253,0.242,0.236,0.235,0.173,0.285,0.176,0.254,0.208,0.193,0.231,0.302,0.272,0.209,0.27,0.247,0.222,0.235,0.178,0.192,0.226
I22,A,0.938,1.04,0.771,0.867,0.654,0.721,0.881,1.045,0.333,0.605,0.711,0.642,0.733,0.771,0.906,0.612,0.757,0.581,0.589,0.798,0.926,0.637,0.944,0.56,0.649,0.535,0.571,0.892,0.771,0.453,0.887,0.747,0.518,0.649,0.652,1.021,1.132,0.827,0.682,0.749,0.517,0.812,0.511,0.898,0.902,0.689,0.733,0.639,0.529,0.913,0.672,0.867,0.712,0.552,0.915,0.813,0.709,0.866,0.826,0.891,1.082,0.639,0.709,0.969,0.902,1.064,0.78,0.769,0.306,0.997,0.882,0.652,1.019,0.694,0.692,0.372,0.775,1.203,0.576,1.135,0.907,0.94,0.873,0.855,0.54,0.57,0.689,0.919,0.633,0.984,0.976,0.578,1.083,0.441,0.951,0.733,0.831,0.518,0.282,1.273,0.561,0.432,0.478,0.483,0.386,1.025,0.428,0.614,0.439,0.844,0.756,0.65,0.805,0.181,0.992,1.378,0.775,0.697,0.406,0.821,0.686,0.748,0.756,0.664,0.678,0.838,1.119,0.67,0.743,0.382,0.813,0.606,0.904,0.835,0.865,1.01,0.581,0.875,0.507,0.861,0.774,0.71,0.675,0.753,0.71,0.7,1.023,0.875,0.369,0.765,0.716,0.961,0.697,1.004,1.087,0.091,0.516,0.557,0.895,0.716,0.357,1.184,0.592,0.866,0.393,0.576,0.639,0.99,0.765,0.849,1.207,1.027,0.645,1.013,0.911,0.871,0.528,0.496,0.84,0.732,0.592,0.827,0.525,0.846,0.739,1.043,0.699,0.891,0.476,0.962,0.663,0.825,0.633,0.596,0.454,0.72,0.579,0.755,0.393,1.027,0.737,0.461,0.523,0.981,0.791,0.528,0.727,0.582,0.748,0.844,0.607,0.933,1.167,0.958,0.951,0.955,0.653,0.507,0.884,0.801,0.451,0.351,0.555,0.429,0.772,0.888,0.438,0.731,0.742,0.898,0.587,1.051,0.745,0.927,0.993,0.645,0.883,0.425,0.7,0.919,0.984,0.879,1.059,0.654,0.686,0.606,0.942,0.809,0.697,0.687,0.575,1.008,0.916,0.856,0.927,0.882,0.697,0.756,0.73,0.657,0.787,0.696,0.707,0.673,0.662,0.764,0.931,0.884,0.862,0.63,0.894,0.488,0.848,0.994,0.578,0.788,0.469,0.737,0.259,0.463,0.508,0.77,0.957,0.91,0.481,0.905,0.82,0.425,0.762,0.764,0.442,1.005,0.586,0.724,0.982,0.745,0.796,0.505,0.551,0.958,0.356,0.286,0.56,0.723,0.856,0.705,0.96,0.937,0.861,0.852,0.576,0.3,0.564,0.832,0.753,0.674,0.728,0.463,0.704,0.541,0.556,0.647,0.982,0.721,0.784,0.894,1.15,0.428,0.796,0.58,0.852,0.59,1.083,0.646,0.849,0.72,1.024,0.269,0.732,0.606,1.021,0.826,0.786,0.212,0.475,0.791,0.855,0.578,0.573,0.713,0.784,0.852,0.896,0.828,0.829,0.652,0.681,0.878,0.942,0.562,0.948,0.426,0.887,0.554,0.837,0.948,0.85,0.527,0.613,0.859,0.824,0.938,0.861,0.753,0.778,0.523,0.391,0.734,1.017,0.69,0.773,0.686,0.773,0.594,0.93,0.723,0.8,1.038,0.787,0.866,0.581,0.538,0.872,0.618,0.765,0.611,0.659,1.213,0.892,1.184,0.623,0.412,0.754,0.767,0.509,0.708,0.781,0.771,0.802,0.909,1.024,0.552,0.512,0.344,0.423,0.66,0.604,0.797,0.8,0.852,0.662,0.832,0.603,0.66,0.413,0.82,0.633,0.717,0.634,0.894,0.87,0.575,0.829,0.908,0.737,0.724,0.523,0.561,0.696,0.271,0.847,0.691,0.764,0.641,0.698,0.945,0.729,0.825,0.703,0.52,0.645,0.533,0.387,0.611,0.531,0.891,0.428,0.823,0.701,0.626,0.619,0.542,0.457,0.63,0.908,0.514,0.923,0.507,0.69,1.036,0.427,0.523,1.142,0.798,0.82,0.868,0.782,0.536,0.865,0.718,0.929,0.568,1.209,0.588,0.731,0.732,0.991,0.726,0.66,0.609,0.452,0.729,0.584,0.562,0.714,1.02,0.787,0.9,0.676,0.476
I22,B,1.85,1.987,0.648,1.906,1.004,1.037,1.977,4.258,2.376,4.643,1.335,2.475,4.196,1.148,2.757,0.654,0.535,2.141,2.699,-0.137,1.44,2.714,2.811,1.204,2.97,0.885,1.217,1.944,2.35,0.315,3.493,1.121,1.636,1.428,1.414,2.274,2.97,3.305,-0.082,3.356,2.467,3.796,2.13,2.846,2.518,2.763,3.352,1.656,2.606,0.769,4.09,2.656,1.294,1.974,1.754,3.18,4.966,2.179,0.779,0.225,2.143,0.767,3.461,2.478,1.313,1.361,1.187,1.702,2.124,1.753,1.26,2.66,1.29,-0.552,1.419,0.646,2.478,0.055,2.073,1.993,0.967,3.115,1.92,1.59,1.783,0.042,0.86,2.23,1.93,3.374,1.445,2.584,3.761,1.97,1.28,1.816,1.536,0.322,1.174,0.599,0.509,1.618,0.076,1.995,-0.112,0.157,0.315,1.368,2.185,3.475,3.067,1.349,3.665,1.805,-0.102,2.386,3.126,2.193,3.585,2.602,2.155,2.508,2.072,-0.959,2.441,3.279,2.363,3.263,-0.908,1.462,2.032,1.992,0.196,3.938,1.967,1.281,1.735,1.725,2.148,3.224,0.872,1.67,1.924,1.122,1.585,3.264,0.155,1.81,3.978,1.062,3.038,2.789,1.412,2.246,2.809,1.716,2.814,1.564,0.979,1.954,1.972,3.111,3.102,0.137,2.313,1.566,1.434,-0.136,1.938,3.13,1.411,3.033,1.674,3.858,2.302,2.821,2.134,1.853,1.272,3.349,1.533,2.5,2.157,1.047,1.983,2.061,1.975,2.215,0.286,3.239,2.193,1.664,0.262,1.76,1.27,1.873,1.98,1.747,1.849,2.692,2.382,0.99,-0.005,0.519,2.296,2.635,2.084,2.467,0.763,2.809,3.878,-0.404,1.451,1.967,2.591,1.007,2.769,3.04,1.15,3.051,0.785,1.864,1.359,1.163,1.971,0.384,0.455,0.669,1.821,2.989,0.827,0.528,2.225,2.339,2.651,1.34,1.354,1.287,1.514,2.288,2.423,2.834,2.936,2.372,3.127,2.824,2.609,0.934,3.113,3.386,2.463,1.462,2.76,1.828,2.171,3.829,1.495,1.246,3.062,1.556,0.623,1.773,3.479,1.475,2.709,0.182,2.542,1.61,1.437,1.582,0.882,0.671,2.94,0.493,2.889,1.603,1.858,0.687,3.547,-0.81,0.95,1.625,2.669,-0.431,3.027,2.17,3.46,2.717,1.501,0.242,2.657,0.136,0.702,0.645,1.459,2.142,1.517,1.184,-0.379,1.232,1.583,2.344,4.207,2.429,0.327,1.901,3.067,2.867,1.996,2.989,0.879,1.525,2.166,1.734,2.354,0.994,3.412,2.542,3.075,2.577,1.76,1.406,1.757,0.866,2.929,1.856,0.73,3.31,2.192,2.701,2.575,2.727,2.224,0.421,2.582,1.318,1.269,0.4,2.971,1.732,1.797,0.545,3.069,1.814,4.092,1.858,2.101,2.08,1.208,1.957,1.692,1.014,1.686,3.411,2.596,2.793,1.559,3.189,1.562,2.052,2.94,2.413,0.947,4.952,1.156,2.162,2.195,3.003,1.316,1.798,1.065,2.563,0.824,1.394,0.532,1.085,1.108,0.398,1.682,1.44,2.082,2.375,3.209,3.508,2.321,1.106,2.113,0.89,1.605,2.615,2.706,3.152,2.251,2.38,1.142,2.629,1.238,-0.301,3.217,1.615,1.632,2.03,4.197,3.043,3.118,1.69,3.596,1.131,1.393,2.985,1.88,2.985,3.494,3.369,2.723,1.032,2.878,0.509,1.38,1.158,3.737,2.22,1.44,1.878,1.272,1.474,1.005,2.775,1.347,3.42,3.143,1.327,4.113,0.543,3.602,0.717,1.795,0.795,3.272,0.565,1.853,3.106,0.372,1.983,1.322,1.653,0.788,2.913,2.018,2.844,0.957,2.141,1.739,3.548,1.763,-0.232,1.957,3.021,-0.558,1.985,2.497,2.319,1.278,0.774,2.473,0.575,3.393,2.821,0.927,3.428,2.63,1.697,2.282,1.729,1.344,3.465,2.037,2.38,0.738,3.775,3.866,1.773,0.858,1.818,2.923,1.552,1.887,-0.347,2.684,1.701,1.842,0.227,1.729,0.823,1.919,1.288,-0.846,2.146,2.739,3.143
I22,C,0.199,0.2,0.191,0.205,0.209,0.205,0.146,0.185,0.208,0.191,0.1,0.162,0.222,0.202,0.258,0.203,0.21,0.189,0.17,0.166,0.212,0.133,0.17,0.18,0.221,0.177,0.239,0.194,0.143,0.207,0.136,0.149,0.12,0.247,0.141,0.162,0.221,0.208,0.245,0.263,0.224,0.202,0.227,0.184,0.203,0.178,0.172,0.194,0.167,0.151,0.236,0.229,0.17,0.217,0.171,0.219,0.157,0.191,0.231,0.14,0.172,0.161,0.183,0.206,0.227,0.226,0.192,0.172,0.174,0.247,0.197,0.17,0.137,0.22,0.183,0.167,0.17,0.254,0.193,0.166,0.19,0.192,0.252,0.239,0.202,0.195,0.181,0.239,0.187,0.181,0.132,0.152,0.223,0.18,0.17,0.189,0.235,0.236,0.167,0.205,0.215,0.18,0.169,0.192,0.206,0.182,0.184,0.184,0.243,0.193,0.19,0.218,0.183,0.158,0.216,0.18,0.169,0.167,0.186,0.175,0.196,0.207,0.217,0.144,0.15,0.16,0.217,0.184,0.239,0.232,0.154,0.202,0.216,0.112,0.134,0.161,0.21,0.166,0.21,0.184,0.201,0.216,0.18,0.174,0.122,0.186,0.189,0.155,0.219,0.221,0.187,0.177,0.195,0.234,0.18,0.26,0.161,0.189,0.176,0.159,0.212,0.228,0.208,0.197,0.179,0.18,0.159,0.192,0.189,0.221,0.193,0.173,0.222,0.153,0.209,0.204,0.098,0.204,0.198,0.17,0.206,0.25,0.193,0.201,0.183,0.155,0.183,0.216,0.207,0.179,0.127,0.183,0.156,0.216,0.147,0.163,0.156,0.174,0.128,0.21,0.142,0.184,0.169,0.206,0.208,0.181,0.207,0.216,0.2,0.188,0.165,0.221,0.219,0.165,0.179,0.208,0.198,0.187,0.196,0.251,0.186,0.246,0.202,0.223,0.182,0.174,0.21,0.228,0.169,0.195,0.171,0.172,0.216,0.152,0.193,0.184,0.222,0.193,0.198,0.219,0.201,0.211,0.167,0.195,0.201,0.228,0.205,0.162,0.169,0.204,0.197,0.216,0.174,0.157,0.246,0.206,0.183,0.182,0.169,0.218,0.195,0.176,0.202,0.215,0.196,0.188,0.178,0.193,0.143,0.142,0.202,0.123,0.232,0.234,0.21,0.175,0.205,0.245,0.174,0.165,0.173,0.176,0.173,0.165,0.178,0.266,0.156,0.186,0.156,0.225,0.225,0.175,0.159,0.212,0.22,0.185,0.263,0.152,0.201,0.174,0.143,0.196,0.212,0.202,0.217,0.265,0.216,0.191,0.204,0.254,0.198,0.209,0.156,0.156,0.131,0.178,0.216,0.149,0.2,0.185,0.185,0.168,0.118,0.201,0.135,0.225,0.221,0.194,0.166,0.216,0.169,0.197,0.138,0.218,0.209,0.243,0.216,0.176,0.224,0.198,0.164,0.169,0.203,0.194,0.194,0.169,0.182,0.188,0.177,0.18,0.209,0.217,0.177,0.274,0.187,0.233,0.187,0.227,0.209,0.22,0.2,0.182,0.153,0.225,0.208,0.221,0.179,0.143,0.197,0.153,0.205,0.203,0.17,0.227,0.191,0.179,0.16,0.141,0.221,0.21,0.232,0.204,0.181,0.184,0.194,0.177,0.23,0.222,0.193,0.154,0.192,0.145,0.139,0.189,0.158,0.178,0.161,0.18,0.184,0.196,0.229,0.145,0.158,0.162,0.199,0.158,0.234,0.235,0.241,0.219,0.173,0.194,0.207,0.162,0.202,0.166,0.171,0.221,0.231,0.203,0.155,0.21,0.151,0.154,0.26,0.198,0.181,0.155,0.203,0.176,0.211,0.264,0.158,0.186,0.168,0.152,0.171,0.181,0.157,0.246,0.208,0.226,0.187,0.212,0.195,0.223,0.204,0.158,0.217,0.147,0.188,0.157,0.193,0.2,0.157,0.173,0.21,0.176,0.173,0.209,0.124,0.165,0.148,0.194,0.136,0.216,0.126,0.154,0.216,0.155,0.287,0.204,0.18,0.178,0.2,0.189,0.201,0.193,0.2,0.217,0.134,0.167,0.247,0.178,0.189,0.205,0.166,0.187,0.127,0.238,0.191,0.229,0.192,0.212,0.162,0.196,0.189,0.184,0.216,0.232
I23,A,0.389,0.752,0.075,0.217,0.209,0.003,0.474,0.543,0.234,0.398,0.185,0.201,0.213,0.274,0.592,0.511,0.496,0.532,0.078,0.387,0.196,0.336,0.184,0.043,0.187,0.651,0.6,0.612,0.355,0.395,0.083,0.441,0.356,0.205,0.522,0.431,0.43,0.463,0.638,0.124,0.522,0.759,0.588,0.58,0.352,0.649,0.397,0.068,0.368,0.499,0.3,0.499,0.342,0.029,0.392,0.702,0.181,0.09,0.038,0.315,0.627,0.504,0.214,0.297,0.2,0.393,0.026,0.139,0.301,0.535,0.121,0.514,0.352,0.369,0.348,0.3,0.237,0.363,0.129,0.431,0.323,0.054,0.26,0.483,0.675,0.331,0.309,0.344,0.243,0.34,0.437,0.261,0.354,0.104,0.299,0.364,0.503,0.334,0.082,0.307,0.436,0.415,0.432,0.15,0.24,0.193,0.246,0.045,0.51,0.244,0.219,0.202,0.774,0.127,0.367,0.641,0.251,0.382,0.103,0.421,0.41,0.714,0.052,0.193,0.359,0.483,0.341,0.217,0.343,0.124,0.349,0.458,0.094,0.249,0.173,0.204,0.578,0.051,0.291,0.024,0.21,0.694,0.203,0.187,0.117,0.39,0.202,0.4,0.106,0.132,0.199,0.146,0.186,0.377,0.211,0.163,0.275,0.217,0.342,0.352,0.232,0.231,0.167,0.264,0.346,0.402,0.121,0.238,0.218,0.297,0.337,0.487,0.313,0.254,0.4,0.502,0.312,0.72,0.269,0.419,0.31,0.373,0.43,0.275,0.628,0.022,0.358,0.271,0.606,0.693,0.237,0.473,0.502,0.26,0.574,0.265,0.135,0.468,0.25,0.544,0.185,0.317,0.371,0.593,0.402,0.438,0.198,0.47,0.327,0.426,0.245,0.542,0.511,0.043,0.345,0.33,0.179,0.518,0.657,0.363,0.285,0.441,0.376,0.283,0.219,0.317,0.588,0.644,0.156,0.378,0.383,0.494,0.048,0.5,0.503,0.988,0.29,0.389,0.261,0.537,0.505,0.322,0.193,0.358,0.251,0.176,0.26,0.381,0.203,0.172,0.385,0.414,0.179,0.448,0.37,0.126,0.517,0.656,0.119,0.215,0.339,0.151,0.468,0.351,0.428,0.483,0.367,0.256,0.199,0.292,0.338,0.087,0.17,0.497,0.181,0.26,0.318,0.254,0.102,0.543,0.307,0.383,0.391,0.262,0.441,0.485,0.098,0.042,0.529,0.068,0.55,0.747,0.102,0.413,0.21,0.41,0.294,0.517,0.083,0.15,0.39,0.446,0.504,0.328,0.27,0.159,0.347,0.504,0.417,0.162,0.213,0.173,0.355,0.261,0.49,0.315,0.008,0.443,0.536,0.362,0.292,0.435,0.178,0.147,0.121,0.674,0.145,0.17,0.26,0.19,0.325,0.245,0.062,0.366,0.014,0.4,0.234,0.29,0.289,0.417,0.068,0.114,0.096,0.015,0.486,0.281,0.05,0.428,0.669,0.194,0.352,0.341,0.601,0.562,0.242,0.406,0.066,0.189,0.24,0.384,0.196,0.269,0.306,0.229,0.334,0.654,0.016,0.651,0.355,0.348,0.206,0.332,0.081,0.197,0.464,0.495,0.251,0.562,0.091,0.193,0.212,0.526,0.02,0.565,0.471,0.274,0.608,0.742,0.263,0.101,0.22,0.178,0.392,0.243,0.341,0.097,0.336,0.379,0.378,0.487,0.064,0.223,0.594,0.223,0.353,0.361,0.444,0.405,0.157,0.289,0.442,0.222,0.081,0.411,0.583,0.249,0.258,0.265,0.215,0.219,0.296,0.056,0.048,0.242,0.092,0.643,0.527,0.031,0.411,0.371,0.247,0.163,0.363,0,0.138,0.513,0.475,0.6,0.451,0.239,0.368,0.166,0.596,0.253,0.501,0.292,0.249,0.052,0.509,0.337,0.141,0.759,0.628,0.578,0.411,0.118,0.296,0.557,0.401,0.197,0.102,0.358,0.001,0.618,0.251,0.543,0.521,0.392,0.462,0.377,0.152,0.412,0.213,0.331,0.317,0.208,0.155,0.137,0.696,0.429,0.498,0.629,0.196,0.216,0.706,0.356,0.257,0.088,0.169,0.397,0.217,0.395,0.521,0.551,0.289,0.072,0.543,0.392,0.16,0.612
I23,B,1.351,0.463,0.379,1.185,0.876,3.58,0.844,1.415,1.661,0.754,-0.596,2.27,1.522,1.346,1.271,-0.807,2.157,0.435,-1.169,0.307,1.716,-0.517,0.4,3.066,1.748,0.772,2.137,0.093,1.379,1.734,1.087,2.487,1.732,2.782,1.049,1.912,1.366,1.565,0.699,1.083,1.671,0.858,2.261,1.614,0.416,0.891,1.382,0.116,0.907,0.646,0.759,2.03,2.708,2.256,1.59,2.176,1.078,0.546,2.027,1.877,2.107,0.831,3.377,0.557,1.821,0.276,-0.46,2.141,1.818,-0.435,1.611,1.28,0.656,1.357,1.588,0.889,2.814,-0.17,1.376,1.245,1.424,2.991,1.941,1.364,0.569,0.306,2.813,1.388,0.404,0.372,-0.031,1.23,0.398,-1.108,1.393,1.478,2.477,0.177,1.881,1.018,3.968,1.989,1.602,0.967,0.505,-0.501,1.755,2.754,1.356,1.244,1.406,0.508,0.853,1.153,1.275,1.87,0.468,0.092,1.95,2.685,1.49,0.871,2.135,2.261,3.16,0.531,-0.517,1.89,0.434,0.534,2.005,1.34,2.067,1.607,0.887,0.303,-0.859,0.872,1.392,0.975,0.308,0.292,0.738,0.746,1.207,1.195,1.738,1.323,1.437,1.139,0.667,0.83,1.472,0.689,1.88,3.591,1.265,-0.036,1.415,1.327,0.552,0.556,0.673,0.16,0.259,2.932,1.116,0.966,-0.141,2.056,2.125,0.531,-0.191,0.903,2.1,0.966,0.805,1.826,1.881,-0.292,2.377,1.046,0.994,0.112,0.867,2.241,0.938,2.171,1.603,3.311,0.248,1.88,-0.112,0.825,2.04,2.306,2.614,1.696,0.423,0.746,2.922,0.053,1.138,1.313,1.134,1.723,0.913,1.496,1.624,1.74,0.183,1.494,2.037,1.335,0.622,0.564,0.768,0.702,-0.232,0.529,3.397,0.961,1.484,2.715,0.66,-0.357,2.995,0.722,2.042,1.029,0.987,1.427,0.856,1.394,2.539,0.791,1.402,1.23,1.901,1.504,-0.64,0.451,0.763,3.236,0.934,1.474,1.008,0.672,1.806,1.387,0.113,1.95,-1.245,0.679,0.987,0.927,1.529,2.048,0.479,1.118,0.674,0.565,0.609,1.518,0.897,-0.108,1.151,1.216,2.133,0.962,-0.62,0.924,0.469,0.781,2.115,0.66,2.981,-0.027,2.075,0.114,0.972,0.434,0.795,1.122,0.964,1.983,2.06,1.948,-0.207,0.978,2.216,2.266,2.355,0.505,0.602,1.395,1.536,2.968,1.851,3.436,1.72,1.294,2.541,1.766,0.909,0.462,1.897,-0.516,0.329,2.407,0.411,1.671,1.939,-0.003,1.181,2.052,-0.185,0.229,-0.685,-0.361,1.191,1.64,0.498,1.489,1.946,1.768,0.415,1.104,1.897,0.865,1.191,3.399,1.924,1.626,0.754,1.469,1.25,0.564,0.912,-0.66,2.497,2.074,1.541,1.103,0.792,1.425,2.091,1.73,0.677,1.107,1.251,-0.443,1.308,3.379,-0.102,2.058,0.801,-0.457,1.454,-0.031,1.756,1.474,3.194,0.166,0.498,1.29,0.638,3.067,1.932,-0.921,2.058,-1.718,1.125,1.53,-0.811,1.188,2.33,1.562,-0.594,1.229,1.042,1.549,0.776,-0.466,3.104,1.224,1.609,-0.107,2.777,0.614,2.59,-0.152,1.02,0.263,1.015,3.143,0.515,1.383,0.658,2.387,3.086,0.944,3.053,-2.121,0.272,1.292,2.091,1.079,0.65,0.375,2.053,0.678,2.227,0.9,3.305,-0.066,2.183,1.793,1.299,-0.468,1.931,1.411,1.691,0.189,-0.813,2.532,2.254,1.971,1.468,0.32,0.064,-1.098,1.42,1.272,2.835,1.577,2.604,0.259,1.272,1.289,1.298,2.814,2.257,1.819,0.991,0.555,0.91,1.146,1.551,1.143,1.639,3.003,0.656,0.518,0.698,1.06,-0.048,0.502,-0.199,1.327,1.292,0.425,0.995,2.219,1.684,1.746,2.041,0.836,0.123,1.08,0.33,0.496,0.966,1.259,-1.344,0.429,1.593,2.997,0.85,1.627,1.49,0.829,1.96,0.598,1.113,3.525,1.315,-0.518,1.067,3.164,-0.442,-0.373,2.414,1.185,3.029,1.516,1.433,1.209,-0.016,2.279
I23,C,0.157,0.107,0.199,0.189,0.105,0.174,0.149,0.194,0.17,0.163,0.213,0.155,0.163,0.203,0.15,0.181,0.226,0.259,0.158,0.229,0.159,0.206,0.193,0.192,0.225,0.2,0.207,0.186,0.239,0.183,0.215,0.203,0.172,0.233,0.193,0.162,0.199,0.128,0.188,0.163,0.216,0.186,0.239,0.17,0.207,0.201,0.169,0.218,0.17,0.201,0.152,0.201,0.186,0.21,0.148,0.22,0.175,0.237,0.153,0.161,0.186,0.231,0.207,0.127,0.18,0.192,0.187,0.177,0.157,0.212,0.188,0.14,0.197,0.236,0.181,0.157,0.235,0.103,0.201,0.178,0.211,0.147,0.19,0.208,0.169,0.25,0.162,0.231,0.148,0.198,0.207,0.212,0.189,0.171,0.23,0.192,0.134,0.18,0.261,0.204,0.184,0.16,0.175,0.182,0.179,0.203,0.173,0.186,0.208,0.219,0.195,0.174,0.212,0.189,0.213,0.188,0.187,0.169,0.154,0.232,0.17,0.195,0.156,0.253,0.173,0.244,0.148,0.217,0.203,0.205,0.173,0.201,0.158,0.156,0.169,0.172,0.126,0.16,0.184,0.191,0.15,0.201,0.157,0.197,0.112,0.155,0.21,0.21,0.2,0.233,0.224,0.21,0.126,0.181,0.211,0.198,0.233,0.198,0.168,0.135,0.157,0.124,0.222,0.178,0.201,0.221,0.233,0.191,0.204,0.19,0.152,0.214,0.158,0.152,0.148,0.157,0.205,0.196,0.217,0.2,0.241,0.201,0.219,0.179,0.226,0.162,0.199,0.192,0.235,0.197,0.247,0.136,0.156,0.237,0.187,0.194,0.214,0.168,0.22,0.186,0.247,0.171,0.172,0.213,0.191,0.157,0.2,0.155,0.166,0.116,0.173,0.181,0.199,0.206,0.262,0.188,0.216,0.163,0.178,0.114,0.142,0.197,0.166,0.206,0.26,0.197,0.154,0.156,0.174,0.161,0.227,0.192,0.182,0.187,0.135,0.169,0.194,0.138,0.214,0.166,0.195,0.203,0.19,0.172,0.185,0.149,0.239,0.164,0.196,0.165,0.209,0.193,0.165,0.188,0.137,0.194,0.159,0.162,0.168,0.222,0.195,0.216,0.186,0.181,0.194,0.15,0.247,0.152,0.185,0.171,0.209,0.227,0.167,0.245,0.152,0.205,0.172,0.175,0.188,0.205,0.22,0.143,0.18,0.237,0.222,0.18,0.19,0.209,0.162,0.164,0.172,0.122,0.179,0.242,0.188,0.204,0.151,0.209,0.158,0.15,0.162,0.191,0.187,0.189,0.182,0.214,0.229,0.188,0.161,0.215,0.186,0.215,0.165,0.199,0.179,0.213,0.192,0.169,0.17,0.171,0.196,0.203,0.21,0.181,0.134,0.281,0.201,0.2,0.241,0.194,0.209,0.21,0.134,0.194,0.174,0.179,0.167,0.203,0.19,0.141,0.189,0.167,0.26,0.163,0.14,0.185,0.143,0.137,0.14,0.179,0.207,0.181,0.185,0.164,0.187,0.144,0.176,0.199,0.165,0.13,0.195,0.183,0.142,0.189,0.187,0.191,0.187,0.232,0.17,0.209,0.172,0.177,0.195,0.184,0.162,0.215,0.19,0.228,0.181,0.165,0.168,0.183,0.177,0.197,0.206,0.219,0.171,0.182,0.193,0.188,0.222,0.245,0.225,0.178,0.169,0.162,0.136,0.2,0.188,0.191,0.212,0.137,0.121,0.177,0.146,0.199,0.172,0.153,0.172,0.144,0.206,0.187,0.193,0.185,0.172,0.232,0.188,0.167,0.209,0.253,0.14,0.191,0.159,0.202,0.161,0.22,0.161,0.141,0.214,0.186,0.18,0.168,0.181,0.164,0.197,0.18,0.186,0.193,0.152,0.197,0.203,0.164,0.137,0.187,0.172,0.143,0.192,0.222,0.124,0.166,0.142,0.22,0.177,0.154,0.163,0.218,0.212,0.229,0.217,0.188,0.185,0.239,0.236,0.222,0.209,0.18,0.179,0.185,0.221,0.161,0.162,0.153,0.182,0.161,0.152,0.22,0.174,0.197,0.172,0.191,0.161,0.242,0.17,0.194,0.164,0.159,0.195,0.178,0.16,0.188,0.154,0.15,0.139,0.256,0.177,0.153,0.225,0.125,0.178,0.169
I24,A,0.527,0.758,0.563,0.489,0.785,0.539,1.042,0.575,0.354,0.499,0.73,0.337,0.648,0.408,0.817,0.669,0.593,0.687,0.439,0.695,1.057,0.656,0.86,0.56,0.733,0.71,0.728,0.53,0.674,0.462,0.634,0.54,0.847,0.739,0.265,0.769,0.816,0.339,1.182,0.702,0.792,0.576,0.446,0.514,0.626,0.34,0.87,0.56,0.849,0.74,0.732,0.412,0.752,0.463,0.719,0.754,0.536,0.631,0.741,0.755,0.616,0.383,0.805,0.333,0.4,0.98,0.591,0.892,0.722,1.077,0.624,0.498,0.335,0.559,0.779,0.761,0.971,0.659,1.057,0.636,0.933,0.24,0.782,0.085,0.571,0.518,0.901,0.76,0.546,0.634,0.484,0.857,0.365,0.69,0.669,0.543,0.631,0.542,0.659,0.543,0.672,0.615,0.328,0.783,0.62,0.473,0.479,0.818,0.703,0.582,0.825,0.897,0.73,0.502,0.667,0.725,0.791,0.43,0.781,0.455,0.636,0.601,0.44,0.778,0.368,0.358,0.321,0.441,0.559,0.441,0.374,0.572,0.755,0.746,0.292,0.778,0.891,0.618,0.796,0.563,0.568,0.429,0.862,0.547,0.599,0.346,0.511,0.376,0.535,0.638,0.798,0.463,0.633,0.861,0.814,0.173,0.769,0.575,0.845,0.701,0.264,0.482,0.555,0.408,1.094,0.49,0.403,0.349,0.443,1.079,0.324,0.716,0.463,0.609,0.877,0.533,0.539,0.849,0.621,0.37,0.578,0.57,0.239,0.576,0.695,0.29,0.375,0.769,0.385,0.644,0.541,0.735,0.689,0.699,0.565,0.552,0.565,0.733,0.669,0.279,0.593,0.734,0.618,0.576,0.578,0.365,0.654,0.651,0.528,0.937,0.935,0.345,0.104,0.676,0.906,0.802,0.633,0.734,0.307,0.482,0.845,0.561,0.786,0.408,0.515,0.739,0.303,0.877,0.456,0.33,0.554,0.641,0.512,0.53,0.422,1.019,0.821,0.569,0.608,0.438,0.541,0.713,0.842,0.685,0.475,0.484,0.367,0.576,0.563,0.468,0.354,0.364,0.394,0.775,1.022,0.621,0.488,0.613,0.38,0.796,0.539,0.193,0.795,0.473,0.5,0.613,0.212,0.545,0.632,0.318,0.589,0.616,0.629,0.4,0.757,0.811,0.523,0.588,0.491,0.68,0.364,0.631,0.881,0.404,0.641,0.255,0.798,0.426,0.398,0.754,0.371,1.155,0.725,0.334,0.715,1.087,0.481,0.74,0.328,0.769,0.456,0.851,0.271,0.5,0.47,0.973,0.993,0.636,0.482,0.401,0.399,0.477,0.976,0.542,0.56,0.391,0.36,0.31,0.951,0.551,0.677,0.535,0.492,0.444,0.648,0.666,0.818,0.573,0.717,0.727,0.486,0.225,0.752,0.526,0.432,0.496,0.446,0.587,0.536,0.777,0.584,0.42,0.99,0.68,0.869,0.769,0.511,0.583,0.723,0.519,0.63,0.816,0.435,0.281,0.299,0.721,0.746,0.479,0.681,0.633,0.772,0.522,0.424,0.712,0.697,0.8,0.436,0.723,0.716,0.463,0.416,0.536,0.642,0.373,0.673,0.651,0.887,0.61,0.685,0.77,0.396,0.744,0.537,0.516,0.843,0.619,0.455,0.322,0.649,0.422,0.67,0.495,0.784,0.866,0.495,0.742,0.331,0.782,0.703,0.548,0.481,0.534,0.558,0.757,0.678,0.37,0.442,0.804,0.559,0.54,0.66,0.597,0.913,0.349,0.664,0.51,0.838,0.472,0.936,0.515,0.817,0.836,0.44,0.336,0.622,0.728,0.609,0.024,0.924,0.413,0.742,0.34,0.254,0.878,0.44,0.571,0.555,0.712,0.669,0.825,0.808,0.975,0.612,0.601,0.352,0.509,0.457,0.453,0.533,0.785,0.849,0.664,0.702,0.858,0.626,0.361,0.348,0.297,0.723,0.438,0.454,0.484,0.736,0.655,0.675,0.79,0.742,0.654,0.549,0.485,0.707,0.685,0.624,0.434,0.493,0.596,0.584,0.786,0.457,0.321,0.849,0.214,0.929,0.698,0.476,0.357,0.752,0.805,0.119,0.533,0.542,0.539,0.348,0.754,0.471,0.271,0.622,0.778,1.052,0.747
I24,B,2.281,1.608,0.016,0.857,-0.401,0.779,-0.067,1.772,1.797,1.039,1.676,0.218,0.48,-0.599,0.823,0.859,-0.25,1.593,1.116,1.558,1.647,0.925,0.857,1.942,-0.571,-0.206,0.099,0.574,1.016,-0.585,1.801,-1.637,0.43,-0.105,1.7,-0.832,1.628,0.83,2.047,1.586,1.131,1.741,0.104,-1.225,1.01,1.54,1.5,1.969,0.106,0.3,1.984,1.44,1.592,1.303,1.159,1.141,0.233,-0.989,2.167,1.244,-0.001,1.987,1.501,0.306,0.94,2.512,0.314,1.107,1.751,0.213,1.662,0.452,1.887,1.75,1.829,1.506,-0.658,0.518,1.86,0.458,0.891,1.749,1.732,0.249,0.361,-0.483,1.6,0.789,-0.357,0.34,1.086,1.79,1.559,1.785,1.4,1.9,0.59,1.281,-1.723,0.5,2.039,0.596,1.289,0.954,1.227,1.719,1.241,0.531,-0.835,0.224,1.242,0.353,-1.536,1.462,0.648,0.835,0.935,1.64,0.587,2.953,2.116,1.975,1.061,0.713,0.63,1.48,0.653,0.736,1.065,1.02,-0.3,1.79,-1.364,2.585,0.059,1.652,1.097,-1.019,0.544,1.44,-0.2,1.022,0.592,1.147,-0.26,0.916,1.47,0.331,0.219,2.99,-0.397,1.42,-1.264,1.29,0.779,0.827,1.117,-0.73,1.551,0.605,-0.534,4.05,1.519,-1.156,0.221,1.37,1.119,0.932,-0.278,1.767,0.706,0.711,-0.942,0.552,0.589,1.328,2.67,1.567,0.158,0.894,0.82,0.617,0.966,0.704,3.78,0.915,-0.91,0.749,1.51,0.338,0.296,0.209,0.494,1.073,0.927,1.036,1.83,1.735,0.908,0.513,0.022,1.47,-0.266,1.123,-0.477,-0.345,1.971,1.455,0.941,2.167,-0.807,0.958,1.02,1.793,-0.862,1.951,1.934,2.554,1.523,0.018,1.24,2.058,1.127,0.064,2.084,1.185,-0.295,1.442,1.667,1.312,2.236,1.516,0.633,0.695,0.124,0.882,-1.031,-0.019,1.304,1.45,0.939,1.731,-0.11,0.047,0.947,2.044,0.368,0.52,1.155,1.559,0.938,2.775,1.464,1.013,1.626,-0.668,1.064,-0.58,1.732,1.056,0.588,0.67,0.728,1.304,-0.278,1.675,0.779,1.049,2.204,1.699,1.237,0.47,2.046,2.104,1.619,0.25,2.091,1.738,1.574,0.617,-0.347,0.997,1.228,1.71,2.489,0.569,0.053,0.378,1.107,1.991,0.988,0.548,1.75,0.86,1.522,-0.152,1.103,1.606,2.467,0.996,2.925,-0.13,0.921,-0.222,0.751,0.751,1.642,-0.239,-0.927,-0.824,1.945,-0.886,0.138,1.544,-0.025,-0.798,0.775,0.793,0.24,1.191,0.968,1.829,3.155,3.292,1.41,-1.24,1.157,1.91,0.808,0.249,-0.835,-1.481,0.783,3.096,-3.059,0.656,4.495,0.745,0.419,-0.357,0.772,2.006,1.272,1.755,1.176,0.671,1.387,0.415,3.026,0.047,-0.496,1.421,1.243,0.233,1.052,1.975,0.974,0.831,0.266,1.105,1.96,0.699,2.646,1.106,2.137,2.211,1.277,1.357,1.079,0.836,0.204,1.453,0.508,2.962,-0.128,-0.401,1.849,1.75,-1.112,-0.898,-0.655,2.283,0.311,0.423,0.667,1.771,3.646,0.324,1.331,0.754,0.909,1.632,0.847,0.257,1.019,-0.747,0.892,1.64,-0.661,2.06,-1.073,0.198,0.612,-0.07,1.187,1.416,0.738,1.161,-0.768,2.062,2.837,0.937,0.121,-1.23,1.855,-0.39,0.634,0.578,0.102,1.34,0.05,-0.974,-0.212,0.226,0.819,-1.287,-0.862,1.579,0.937,-1.986,-0.385,1.267,-0.103,-0.825,0.8,1.113,-0.19,1.568,1.944,0.562,-1.254,1.611,1.098,1.947,2.271,1.254,1.205,0.759,1.307,-0.175,0.206,0.126,-0.949,0.283,2.924,4.102,1.223,2.13,1.907,0.316,0.441,1.875,1.026,1.252,0.417,0.884,1.842,0.895,1.113,-0.275,-1.079,1.441,1.637,1.342,1.861,-0.505,0.857,1.908,-0.62,-0.121,0.222,-0.039,1.601,1.466,-0.097,-1.052,0.602,0.411,-1.276,0.795,2.545,0.745,0.642,1.094,0.361,0.423,0.284,0.881,0.877,2.177
I24,C,0.215,0.138,0.227,0.248,0.215,0.208,0.226,0.214,0.197,0.228,0.209,0.193,0.208,0.236,0.21,0.273,0.186,0.193,0.256,0.167,0.173,0.165,0.275,0.229,0.232,0.175,0.244,0.269,0.241,0.141,0.163,0.183,0.163,0.211,0.221,0.196,0.18,0.21,0.208,0.141,0.201,0.208,0.197,0.197,0.177,0.229,0.258,0.2,0.206,0.168,0.224,0.227,0.249,0.241,0.187,0.221,0.248,0.225,0.18,0.153,0.192,0.187,0.222,0.243,0.226,0.177,0.214,0.199,0.212,0.173,0.238,0.197,0.208,0.19,0.222,0.217,0.243,0.152,0.202,0.194,0.199,0.152,0.222,0.177,0.236,0.209,0.194,0.186,0.189,0.201,0.192,0.203,0.245,0.186,0.177,0.241,0.191,0.195,0.152,0.217,0.227,0.222,0.225,0.236,0.199,0.252,0.179,0.208,0.199,0.203,0.197,0.196,0.164,0.201,0.187,0.204,0.185,0.19,0.193,0.19,0.192,0.186,0.168,0.111,0.172,0.209,0.2,0.149,0.201,0.242,0.214,0.246,0.158,0.19,0.225,0.201,0.241,0.203,0.245,0.235,0.241,0.161,0.225,0.19,0.218,0.235,0.212,0.213,0.211,0.202,0.191,0.223,0.167,0.173,0.207,0.217,0.241,0.218,0.195,0.212,0.152,0.26,0.184,0.229,0.217,0.183,0.211,0.219,0.199,0.213,0.156,0.198,0.194,0.204,0.228,0.216,0.21,0.18,0.208,0.211,0.174,0.239,0.173,0.229,0.251,0.178,0.226,0.202,0.204,0.188,0.198,0.203,0.207,0.139,0.191,0.233,0.239,0.171,0.229,0.279,0.209,0.237,0.176,0.217,0.179,0.198,0.177,0.133,0.216,0.172,0.179,0.205,0.228,0.256,0.224,0.17,0.226,0.172,0.258,0.211,0.277,0.191,0.211,0.212,0.223,0.163,0.245,0.22,0.179,0.255,0.176,0.214,0.175,0.246,0.175,0.214,0.175,0.218,0.181,0.197,0.17,0.244,0.213,0.186,0.242,0.236,0.211,0.222,0.179,0.171,0.204,0.195,0.25,0.204,0.219,0.207,0.15,0.154,0.199,0.174,0.192,0.213,0.188,0.169,0.19,0.202,0.214,0.156,0.177,0.168,0.2,0.235,0.218,0.206,0.223,0.199,0.185,0.163,0.212,0.197,0.122,0.226,0.152,0.171,0.192,0.225,0.132,0.222,0.176,0.224,0.205,0.219,0.234,0.234,0.198,0.2,0.22,0.213,0.189,0.2,0.194,0.197,0.211,0.21,0.2,0.262,0.227,0.156,0.217,0.23,0.183,0.165,0.2,0.217,0.169,0.163,0.218,0.15,0.193,0.213,0.187,0.287,0.208,0.207,0.205,0.236,0.217,0.231,0.234,0.237,0.184,0.174,0.212,0.182,0.186,0.185,0.241,0.234,0.245,0.195,0.217,0.205,0.227,0.166,0.193,0.158,0.165,0.225,0.19,0.175,0.225,0.189,0.157,0.169,0.157,0.249,0.164,0.181,0.181,0.175,0.192,0.135,0.184,0.257,0.176,0.186,0.208,0.219,0.166,0.223,0.158,0.183,0.232,0.257,0.156,0.209,0.225,0.221,0.251,0.227,0.235,0.238,0.153,0.199,0.252,0.197,0.213,0.247,0.21,0.224,0.179,0.208,0.232,0.214,0.24,0.158,0.179,0.208,0.197,0.282,0.216,0.201,0.271,0.193,0.202,0.261,0.186,0.243,0.224,0.126,0.206,0.205,0.234,0.175,0.235,0.132,0.209,0.198,0.21,0.222,0.213,0.207,0.189,0.228,0.187,0.172,0.203,0.182,0.208,0.202,0.209,0.178,0.213,0.256,0.247,0.195,0.156,0.168,0.215,0.234,0.215,0.181,0.214,0.217,0.179,0.215,0.124,0.156,0.172,0.212,0.212,0.216,0.187,0.231,0.187,0.202,0.18,0.214,0.182,0.13,0.199,0.194,0.217,0.187,0.192,0.244,0.217,0.154,0.216,0.198,0.21,0.228,0.241,0.25,0.16,0.222,0.218,0.224,0.187,0.205,0.232,0.158,0.164,0.215,0.145,0.233,0.158,0.185,0.192,0.238,0.208,0.234,0.205,0.215,0.163,0.215,0.231,0.193,0.184,0.225
I25,A,0.801,0.385,0.326,0.661,0.416,0.445,0.678,0.321,0.767,0.402,0.401,0.256,0.024,0.648,0.561,0.586,0.24,0.397,0.58,0.398,0.531,0.351,0.474,0.261,0.345,0.763,0.294,0.477,0.497,0.326,0.186,0.347,0.601,0.881,0.491,0.254,0.054,0.269,0.225,0.43,0.37,0.641,0.542,0.641,0.211,0.516,0.66,0.334,0.148,0.271,0.421,0.526,0.014,0.217,0.545,0.639,0.204,0.466,0.579,0.302,0.67,0.624,0.826,0.669,0.569,0.484,0.239,0.351,0.053,0.399,0.398,0.498,0.291,0.561,0.645,0.749,0.488,0.436,0.544,0.587,0.557,0.594,0.207,0.431,0.619,0.206,0.555,0.646,0.202,0.088,0.514,0.541,0.744,0.58,0.392,0.351,0.45,0.561,0.055,0.595,0.225,0.519,0.397,0.417,0.218,0.156,0.432,0.624,0.657,0.371,0.508,0.559,0.52,0.38,0.53,0.328,0.449,0.655,0.457,1.038,0.387,0.233,0.382,0.642,0.712,0.538,0.468,0.599,0.344,0.434,0.583,0.564,0.335,0.399,0.473,0.411,0.598,0.318,0.548,0.71,0.71,0.383,0.184,0.683,0.674,0.243,0.76,0.192,0.212,0.26,0.452,0.399,0.311,0.375,0.887,0.529,0.295,0.479,0.135,0.702,0.406,0.145,0.434,0.111,0.493,0.471,0.571,0.641,0.48,0.485,0.603,0.53,0.632,0.366,0.452,0.511,0.601,0.199,0.538,0.379,0.124,0.575,0.195,0.236,0.584,0.382,0.439,0.373,0.285,0.762,0.636,0.389,0.262,0.878,0.365,0.144,0.6,0.704,0.458,0.07,0.203,0.509,0.62,1.027,0.503,0.617,0.493,0.401,0.413,0.52,0.263,0.186,0.56,0.347,0.129,0.658,0.07,0.376,0.589,0.694,0.155,0.399,0.693,0.474,0.616,0.881,0.206,0.394,0.383,0.14,0.097,0.114,0.318,0.287,0.354,0.418,0.557,0.9,0.485,0.208,0.764,0.717,0.366,0.328,0.759,0.606,0.322,0.007,0.512,0.496,0.569,0.517,0.617,0.488,0.736,0.659,0.331,0.396,0.744,0.461,0.474,0.656,0.392,0.745,0.456,0.595,0.445,0.305,0.363,0.277,0.67,0.525,0.331,0.497,0.421,0.508,0.655,0.769,0.219,0.687,0.268,0.394,0.227,0.372,0.402,0.406,0.552,0.201,0.435,0.287,0.602,0.244,0.506,0.301,0.289,0.401,0.174,0.222,0.418,0.274,0.402,0.441,0.496,0.329,0.329,0.636,0.396,0.469,0.575,0.494,0.551,0.362,0.267,0.179,0.471,0.361,0.64,0.03,0.489,0.497,0.478,0.567,0.434,0.227,0.635,0.565,0.113,0.727,0.621,0.65,0.349,0.231,0.294,0.23,0.603,0.44,0.517,0.659,0.389,0.45,0.401,0.193,0.17,0.437,0.745,0.481,0.472,0.321,0.381,0.581,0.737,0.274,0.484,0.262,0.477,0.736,0.463,0.406,0.576,0.39,0.679,0.527,0.571,0.3,0.875,0.43,0.743,0.246,0.15,0.604,0.275,0.651,0.537,0.174,0.584,0.336,0.557,0.469,0.318,0.481,0.445,0.537,0.389,0.301,0.146,0.516,0.515,0.635,0.515,0.153,0.05,0.45,0.158,0.25,0.263,0.719,0.408,0.685,0.73,0.437,0.538,0.259,0.268,1.042,0.4,0.785,0.426,0.598,0.275,0.514,0.876,0.303,0.895,0.26,0.513,0.332,0.341,0.593,0.514,0.45,0.407,0.801,0.239,0.443,0.398,0.256,0.146,0.289,0.559,0.31,0.272,0.442,0.39,0.576,0.434,0.567,0.373,0.482,0.546,0.656,0.3,0.229,0.246,0.765,0.223,0.453,0.783,0.19,0.316,0.443,0.26,0.395,0.328,0.487,0.4,0.657,0.526,0.642,0.901,0.682,0.318,0.244,0.763,0.347,0.624,0.33,0.617,0.456,0.438,0.341,0.334,0.221,0.397,0.405,0.25,0.48,0.35,0.511,0.696,0.719,0.17,0.893,0.351,0.238,0.645,0.629,0.631,0.724,0.798,0.883,0.464,0.338,0.605,0.456,0.083,0.809,0.61,0.522,0.105,0.571
I25,B,2.514,3.328,3.504,2.488,2.34,1.549,2.562,3.166,3.4,2.9,2.032,3.621,2.392,3.229,2.783,4.128,1.719,2.972,3.255,1.292,1.293,2.763,2.54,3.489,1.952,3.801,1.973,3.41,2.824,2.471,2.757,4.356,3.802,3.008,3.674,5.286,2.264,1.848,3.755,3.009,3.522,3.21,3.748,1.472,3.19,4.107,1.734,3.333,4.042,2.026,2.537,3.255,3.215,3.616,0.537,2.282,2.824,1.909,5.185,2.02,2.941,1.101,3.982,0.976,2.19,1.543,3.199,3.2,4.35,2.418,3.773,1.516,3.744,0.357,2.296,1.089,1.385,3.36,1.368,5.365,2.384,4.373,2.357,1.436,2.103,1.534,3.234,1.735,4.175,3.325,3.087,3.426,2.961,3.511,3.278,3.314,2.262,3.84,1.707,3.615,2.832,3.268,2.609,1.235,2.768,1.106,2.391,4.673,2.417,3.839,4.231,1.293,1.401,2.934,2.504,2.419,2.082,1.932,1.25,5.821,1.76,2.97,0.966,1.645,4.267,3.011,3.422,3.803,2.706,4.781,3.873,2.193,3.666,5.387,2.67,3.244,2.955,2.798,2.768,2.045,3.988,2.501,4.158,3.35,1.856,3.564,4.739,3.673,1.692,4.81,3.289,1.476,3.51,2.812,2.604,2.842,2.509,2.117,4.263,4.081,2.857,1.71,5.412,2.382,2.774,1.806,2.732,2.535,2.492,1.887,0.482,2.088,3.7,4.434,1.999,1.905,3.165,3.754,2.418,2.761,2.417,2.865,3.17,1.954,3.017,2.899,2.907,3.565,3.271,2.587,2.393,3.389,3.45,1.14,1.606,2.588,2.302,4.094,2.754,3.066,0.558,2.931,2.563,4.505,2.122,2.616,3.416,3.127,3.923,3.512,2.554,3.08,2.659,2.084,3.023,2.44,1.534,1.368,4.525,1.814,3.227,2.507,3.84,4.416,0.365,2.596,3.039,1.601,2.307,3.492,3.718,2.162,2.456,2.618,4.617,1.753,2.446,4.39,3.261,3.897,4.315,3.624,1.813,3.081,4.24,3.046,2.616,2.252,3.292,2.254,5.145,1.096,3.457,4.639,2.282,2.201,2.257,3.939,2.393,4.736,1.628,3.475,2.908,3.003,2.841,4.271,1.843,2.002,3.416,1.728,3.265,3.406,2.41,1.494,3.385,2.28,3.102,2.275,2.559,2.79,2.907,1.329,3.077,3.935,3.748,2.398,4.05,2.32,3.027,2.816,2.48,2.772,0.08,1.891,3.861,2.839,4.058,2.912,2.487,3.234,3.134,2.427,5.5,3.116,2.822,2.868,3.655,1.963,3.68,2.986,2.455,3.033,1.709,2.597,2.361,2.559,3.543,3.303,2.95,3.632,2.644,4.666,3.787,2.691,3.355,2.848,3.016,4.018,2.497,2.289,2.916,4.238,2.333,2.805,2.526,1.59,4.542,1.631,2.969,3.049,4.503,2.845,3.694,3.473,3.005,1.677,2.758,2.177,2.479,3.705,1.961,4.284,2.75,2.279,0.422,1.832,2.402,2.764,3.21,0.809,4.412,2.662,3.327,3.786,4.283,3.418,2.931,1.101,3.596,2.282,3.364,1.863,2.889,3.404,1.52,2.314,4.304,2.737,2.659,3.116,3.601,2.565,1.451,1.377,2.441,0.632,0.404,1.931,2.174,2.444,1.972,1.145,2.611,3.39,3.166,3.533,2.512,2.536,1.855,2.382,0.903,2.826,1.829,2.114,4.261,2.762,1.651,0.705,2.9,2.436,2.455,3.033,2.641,2.321,3.613,1.729,4.156,2.544,3.584,3.057,2.019,3.237,1.669,2.296,1.948,3.799,3.585,4.506,1.776,4.522,2.81,3.052,4.809,3.215,2.942,4.596,2.657,4.231,4.658,2.012,3.333,1.08,3.879,3.078,1.432,2.649,4.343,2.094,1.078,2.045,2.549,3.535,2.038,3.187,4.48,4.775,1.835,1.719,1.363,3.162,0.938,3.065,2.867,2.509,3.199,4.21,4.272,2.882,2.666,3.327,1.502,1.383,2.056,1.886,3.351,3.761,5.232,2.277,1.471,2.844,2.498,3.515,2.339,3.515,1.975,1.351,2.691,1.952,2.961,2.987,2.733,3.368,1.271,2.198,4.189,2.513,2.898,0.889,2.898,2.62
I25,C,0.21,0.15,0.249,0.204,0.198,0.18,0.242,0.23,0.216,0.214,0.242,0.228,0.217,0.162,0.211,0.227,0.212,0.248,0.184,0.243,0.156,0.205,0.206,0.247,0.191,0.222,0.198,0.222,0.261,0.256,0.243,0.244,0.248,0.225,0.195,0.178,0.227,0.216,0.187,0.23,0.25,0.214,0.27,0.251,0.212,0.189,0.238,0.221,0.21,0.246,0.243,0.189,0.248,0.304,0.196,0.235,0.227,0.186,0.192,0.262,0.202,0.203,0.25,0.298,0.205,0.251,0.241,0.213,0.18,0.198,0.268,0.177,0.217,0.212,0.201,0.182,0.214,0.228,0.217,0.215,0.169,0.216,0.198,0.21,0.225,0.21,0.226,0.163,0.208,0.246,0.244,0.219,0.205,0.242,0.198,0.249,0.197,0.171,0.207,0.185,0.214,0.196,0.223,0.228,0.287,0.244,0.224,0.251,0.198,0.203,0.219,0.248,0.233,0.222,0.207,0.243,0.235,0.244,0.202,0.239,0.228,0.228,0.232,0.208,0.205,0.232,0.183,0.163,0.228,0.182,0.176,0.242,0.253,0.214,0.199,0.2,0.227,0.248,0.215,0.201,0.192,0.282,0.227,0.214,0.209,0.24,0.272,0.243,0.213,0.208,0.204,0.199,0.233,0.231,0.18,0.247,0.245,0.241,0.188,0.225,0.238,0.238,0.237,0.174,0.217,0.273,0.25,0.21,0.18,0.196,0.236,0.253,0.231,0.243,0.202,0.197,0.242,0.207,0.236,0.18,0.189,0.21,0.201,0.255,0.218,0.299,0.205,0.245,0.189,0.198,0.234,0.26,0.224,0.254,0.255,0.195,0.26,0.244,0.242,0.264,0.225,0.245,0.233,0.221,0.251,0.225,0.192,0.234,0.184,0.241,0.17,0.246,0.201,0.222,0.213,0.218,0.277,0.193,0.205,0.227,0.183,0.186,0.278,0.288,0.256,0.258,0.22,0.251,0.242,0.237,0.219,0.257,0.158,0.222,0.164,0.253,0.225,0.269,0.198,0.248,0.179,0.203,0.2,0.254,0.219,0.208,0.19,0.195,0.215,0.214,0.278,0.254,0.163,0.246,0.243,0.216,0.207,0.194,0.259,0.182,0.187,0.213,0.264,0.279,0.247,0.208,0.231,0.218,0.241,0.226,0.251,0.221,0.25,0.243,0.216,0.294,0.268,0.195,0.261,0.247,0.205,0.213,0.244,0.198,0.228,0.261,0.24,0.219,0.179,0.268,0.23,0.222,0.188,0.229,0.174,0.191,0.264,0.248,0.24,0.244,0.192,0.287,0.234,0.241,0.151,0.196,0.203,0.193,0.217,0.22,0.24,0.216,0.151,0.209,0.248,0.224,0.213,0.222,0.183,0.235,0.207,0.233,0.229,0.125,0.237,0.235,0.182,0.271,0.21,0.255,0.27,0.158,0.204,0.19,0.193,0.242,0.17,0.191,0.224,0.204,0.219,0.235,0.231,0.195,0.199,0.203,0.241,0.256,0.218,0.232,0.281,0.234,0.194,0.255,0.206,0.208,0.238,0.158,0.234,0.221,0.19,0.223,0.188,0.229,0.206,0.256,0.201,0.217,0.212,0.205,0.244,0.256,0.237,0.193,0.245,0.272,0.249,0.192,0.237,0.233,0.247,0.241,0.189,0.19,0.187,0.222,0.22,0.198,0.212,0.207,0.264,0.197,0.184,0.27,0.185,0.22,0.211,0.256,0.25,0.22,0.195,0.218,0.187,0.196,0.235,0.263,0.231,0.262,0.208,0.262,0.249,0.25,0.253,0.266,0.25,0.192,0.201,0.219,0.253,0.203,0.19,0.168,0.161,0.174,0.215,0.24,0.199,0.201,0.191,0.197,0.216,0.191,0.242,0.218,0.23,0.234,0.192,0.285,0.192,0.207,0.255,0.247,0.176,0.204,0.271,0.185,0.184,0.263,0.219,0.248,0.24,0.246,0.231,0.214,0.276,0.273,0.165,0.227,0.217,0.209,0.246,0.219,0.218,0.227,0.196,0.261,0.173,0.218,0.256,0.268,0.272,0.171,0.195,0.166,0.271,0.209,0.197,0.184,0.244,0.219,0.222,0.177,0.151,0.214,0.236,0.212,0.201,0.255,0.233,0.176,0.236,0.184,0.244,0.219,0.196,0.268,0.244,0.259,0.224,0.219
