thread,student,slot,section,position,item,stimulus,score,true_theta,test_theta,test_se,section_theta,section_se,bayesian_mean,bayesian_sd,bayesian_draws
1,1,0,,,,,,-1.5,0.0,0.0,0.0,0.0,-0.0615,1.7566,0.142;-2.259;-2.199;-2.283;-0.231;2.501;1.402;-0.712;0.658;-1.654;0.313;2.098;-2.08;-1.201;-2.894;-1.679;-0.623;1.926;1.9;1.569;-0.838;-2.826;-0.364;2.65;-0.257;0.96;2.409;-2.549;1.668;-2.728;-0.652;-0.279;0.049;2.639;0.052;-1.555;2.94;-0.421;0.741;-2.824;0.811;-2.353;0.636;-1.899;0.067;1.585;-2.62;-2.75;2.141;-1.464;2.237;-2.602;-1.13;-1.956;0.06;2.757;-0.847;-2.017;-1.198;-2.82;-0.962;-0.948;2.134;0.324;0.9;1.968;2.986;-0.441;-1.06;-0.661;-0.64;-1.064;0.697;-2.073;-2.361;0.415;1.55;0.49;2.868;2.031;-2.446;0.254;0.577;-0.929;-1.366;0.305;-2.613;1.68;-1.42;-2.783;0.916;0.478;-1.834;-1.781;1.534;-2.921;-1.243;-0.275;-0.774;2.912;2.58;-0.948;-2.887;2.398;-0.289;-0.99;2.482;-1.503;1.123;-1.728;-1.391;2.668;2.744;-1.838;-0.031;2.547;2.29;-2.302;-0.148;-2.137;-0.448;-0.842;-2.348;0.115;2.373;-1.842;2.358;-1.369;0.563;0.321;-0.408;0.057;-0.984;2.462;-0.959;0.643;-1.513;0.858;-2.568;1.707;0.898;0.131;-2.78;-1.338;1.203;2.163;2.436;1.044;0.547;-1.376;2.81;1.892;-0.468;-1.072;-1.707;-0.207;-0.833;2.036;1.171;2.58;-1.025;0.388;0.307;-1.744;2.046;1.465;-1.159;-1.753;0.565;-2.515;-1.755;-1.088;1.057;0.278;1.263;-1.885;-2.599;-1.447;-2.962;-1.914;-2.707;0.842;-1.927;-1.582;-0.493;1.451;1.869;1.676;0.785;2.331;1.909;-2.163;0.647;1.316;-1.548;2.675;-0.671;1.832;-1.988;2.965;0.405;0.39;-1.578;-1.944;0.461;1.187;1.283;-1.235;-0.499;2.12;-1.735;0.659;0.35;-0.272;-2.326;-1.606;-0.709;-2.769;-0.36;-1.251;-1.001;0.198;-2.127;0.751;-1.09;-1.386;-0.296;2.575;-0.663;2.466;2.676;2.426;-2.22;-2.474;-1.002;2.764;0.109;1.562;-2.512;1.874;2.531;-1.891;-2.992;0.501;-2.105;1.211;-2.047;1.193;2.225;2.155;-2.164;-0.584;0.578;-2.566;0.276;-2.659;1.407;1.058;-0.069;-0.681;1.58;2.39;-1.216;2.409;0.236;1.474;0.056;2.411;0.768;-0.688;-1.892;-2.542;-0.146;2.016;-2.576;-0.938;-2.135;0.026;1.569;-1.069;2.511;0.159;-0.172;1.811;2.149;2.784;-1.968;-0.68;0.858;2.789;-1.944;-2.768;0.087;1.6;0.04;1.599;2.84;1.261;-1.192;1.441;-1.128;-1.567;-0.201;-2.24;2.871;0.135;-0.976;-0.649;-2.736;0.902;2.862;-0.453;-0.046;-1.962;0.403;-2.898;1.29;0.734;0.952;-1.662;1.299;0.678;-2.58;0.418;1.819;0.391;0.836;-0.365;1.098;-0.103;-2.421;2.884;0.862;1.492;-2.011;-0.353;1.655;-1.439;-2.827;0.058;0.358;-1.017;-1.161;-0.32;-2.53;-2.176;2.587;2.202;-0.316;-1.223;1.668;1.829;0.805;-2.537;-2.991;1.075;2.972;-1.49;-0.714;1.909;-0.048;2.643;1.782;-1.305;-2.997;-1.55;-2.532;-0.797;0.116;-1.076;-2.646;2.504;-2.729;1.433;1.617;2.681;-1.281;-1.073;0.01;2.685;-1.373;1.456;1.928;1.677;2.277;-2.744;-1.628;-1.416;-0.683;-0.858;-0.314;-2.819;-2.721;2.946;2.309;-1.608;1.018;-1.014;1.824;0.298;2.254;-0.289;-2.228;0.429;-0.094;-2.781;1.582;-2.488;1.807;0.65;0.754;2.533;-0.378;0.682;2.861;-0.354;-1.366;-1.37;1.364;0.463;1.887;1.047;0.947;2.576;-2.663;2.831;-2.374;-1.389;-2.877;2.413;-1.537;-2.976;2.285;-2.646;-1.997;-0.481;2.822;0.641;-2.48;-0.849;1.945;-1.837;-2.531;-2.443;-1.984;0.085;-2.804;0.682;-0.511;0.202;-0.125;1.705;0.329;-2.432;0.517;2.784;2.282;-1.743;-0.155;-2.553;1.823;-1.842;0.845;1.634;-1.268;2.226;1.778;1.522;2.673;-1.197;-2.816;-0.62;-2.8;1.935;-0.454;1.633;-1.761;2.377;2.894;-2.779;1.73;1.787;-0.242;-0.612;-2.91;-2.22;1.183;0.616;-1.375;2.759;-0.381;2.284;-2.173;2.978;-0.842;-0.229;0.283;-1.4;2.722;-1.846;
1,1,1,A,1,I351,,-1,-1.5,0.0,0.0,0.0,0.0,-0.0615,1.7566,0.142;-2.259;-2.199;-2.283;-0.231;2.501;1.402;-0.712;0.658;-1.654;0.313;2.098;-2.08;-1.201;-2.894;-1.679;-0.623;1.926;1.9;1.569;-0.838;-2.826;-0.364;2.65;-0.257;0.96;2.409;-2.549;1.668;-2.728;-0.652;-0.279;0.049;2.639;0.052;-1.555;2.94;-0.421;0.741;-2.824;0.811;-2.353;0.636;-1.899;0.067;1.585;-2.62;-2.75;2.141;-1.464;2.237;-2.602;-1.13;-1.956;0.06;2.757;-0.847;-2.017;-1.198;-2.82;-0.962;-0.948;2.134;0.324;0.9;1.968;2.986;-0.441;-1.06;-0.661;-0.64;-1.064;0.697;-2.073;-2.361;0.415;1.55;0.49;2.868;2.031;-2.446;0.254;0.577;-0.929;-1.366;0.305;-2.613;1.68;-1.42;-2.783;0.916;0.478;-1.834;-1.781;1.534;-2.921;-1.243;-0.275;-0.774;2.912;2.58;-0.948;-2.887;2.398;-0.289;-0.99;2.482;-1.503;1.123;-1.728;-1.391;2.668;2.744;-1.838;-0.031;2.547;2.29;-2.302;-0.148;-2.137;-0.448;-0.842;-2.348;0.115;2.373;-1.842;2.358;-1.369;0.563;0.321;-0.408;0.057;-0.984;2.462;-0.959;0.643;-1.513;0.858;-2.568;1.707;0.898;0.131;-2.78;-1.338;1.203;2.163;2.436;1.044;0.547;-1.376;2.81;1.892;-0.468;-1.072;-1.707;-0.207;-0.833;2.036;1.171;2.58;-1.025;0.388;0.307;-1.744;2.046;1.465;-1.159;-1.753;0.565;-2.515;-1.755;-1.088;1.057;0.278;1.263;-1.885;-2.599;-1.447;-2.962;-1.914;-2.707;0.842;-1.927;-1.582;-0.493;1.451;1.869;1.676;0.785;2.331;1.909;-2.163;0.647;1.316;-1.548;2.675;-0.671;1.832;-1.988;2.965;0.405;0.39;-1.578;-1.944;0.461;1.187;1.283;-1.235;-0.499;2.12;-1.735;0.659;0.35;-0.272;-2.326;-1.606;-0.709;-2.769;-0.36;-1.251;-1.001;0.198;-2.127;0.751;-1.09;-1.386;-0.296;2.575;-0.663;2.466;2.676;2.426;-2.22;-2.474;-1.002;2.764;0.109;1.562;-2.512;1.874;2.531;-1.891;-2.992;0.501;-2.105;1.211;-2.047;1.193;2.225;2.155;-2.164;-0.584;0.578;-2.566;0.276;-2.659;1.407;1.058;-0.069;-0.681;1.58;2.39;-1.216;2.409;0.236;1.474;0.056;2.411;0.768;-0.688;-1.892;-2.542;-0.146;2.016;-2.576;-0.938;-2.135;0.026;1.569;-1.069;2.511;0.159;-0.172;1.811;2.149;2.784;-1.968;-0.68;0.858;2.789;-1.944;-2.768;0.087;1.6;0.04;1.599;2.84;1.261;-1.192;1.441;-1.128;-1.567;-0.201;-2.24;2.871;0.135;-0.976;-0.649;-2.736;0.902;2.862;-0.453;-0.046;-1.962;0.403;-2.898;1.29;0.734;0.952;-1.662;1.299;0.678;-2.58;0.418;1.819;0.391;0.836;-0.365;1.098;-0.103;-2.421;2.884;0.862;1.492;-2.011;-0.353;1.655;-1.439;-2.827;0.058;0.358;-1.017;-1.161;-0.32;-2.53;-2.176;2.587;2.202;-0.316;-1.223;1.668;1.829;0.805;-2.537;-2.991;1.075;2.972;-1.49;-0.714;1.909;-0.048;2.643;1.782;-1.305;-2.997;-1.55;-2.532;-0.797;0.116;-1.076;-2.646;2.504;-2.729;1.433;1.617;2.681;-1.281;-1.073;0.01;2.685;-1.373;1.456;1.928;1.677;2.277;-2.744;-1.628;-1.416;-0.683;-0.858;-0.314;-2.819;-2.721;2.946;2.309;-1.608;1.018;-1.014;1.824;0.298;2.254;-0.289;-2.228;0.429;-0.094;-2.781;1.582;-2.488;1.807;0.65;0.754;2.533;-0.378;0.682;2.861;-0.354;-1.366;-1.37;1.364;0.463;1.887;1.047;0.947;2.576;-2.663;2.831;-2.374;-1.389;-2.877;2.413;-1.537;-2.976;2.285;-2.646;-1.997;-0.481;2.822;0.641;-2.48;-0.849;1.945;-1.837;-2.531;-2.443;-1.984;0.085;-2.804;0.682;-0.511;0.202;-0.125;1.705;0.329;-2.432;0.517;2.784;2.282;-1.743;-0.155;-2.553;1.823;-1.842;0.845;1.634;-1.268;2.226;1.778;1.522;2.673;-1.197;-2.816;-0.62;-2.8;1.935;-0.454;1.633;-1.761;2.377;2.894;-2.779;1.73;1.787;-0.242;-0.612;-2.91;-2.22;1.183;0.616;-1.375;2.759;-0.381;2.284;-2.173;2.978;-0.842;-0.229;0.283;-1.4;2.722;-1.846;
1,1,2,A,2,I145,,0,-1.5,0.0,0.0,0.0,0.0,-1.178727,1.327693,-0.045;0.083;0.596;0.172;-0.985;-2.811;-0.079;-2.539;-4.364;-0.108;-0.138;-3.047;-1.591;-0.537;-2.384;-3.388;0.012;-0.232;-2.607;-0.697;0.113;-1.267;0.212;-2.595;0.281;-1.598;-1.582;-0.567;-0.713;-1.976;-0.693;0.006;-0.703;-2.949;-0.129;0.094;-1.453;-1.776;-0.065;-1.162;-1.276;-0.227;-1.639;-0.533;0.182;-0.404;-3.837;-0.183;-1.49;-2.416;1.3;-2.342;-1.427;-1.529;-2.513;-1.48;-0.756;-0.685;0.779;-2.399;-1.217;-1.835;-0.401;-0.617;-0.192;-3.131;-0.049;0.237;-1.33;-0.869;-1.96;0.853;0.867;0.867;-3.437;0.43;-0.769;-1.424;0.36;-4.628;-2.264;-2.264;-1.719;-4.153;-1.166;-1.226;-0.472;-0.81;-4.592;-1.447;-2.094;0.253;-0.94;2.131;-1.099;-1.258;-1.326;-3.354;-0.539;-1.769;0.914;-0.905;-2.901;-2.664;-3.092;-2.258;-1.044;-2.924;-0.677;-2.138;-0.64;-2.233;1.477;-0.965;-0.263;0.2;-2.522;-1.37;-1.093;-2.531;-2.624;0.028;-0.903;-0.325;-0.884;-0.701;-1.469;-1.445;0.117;-0.101;-1.369;-3.056;-1.51;-0.644;-1.645;-3.649;-4.03;-0.047;0.533;-2.501;-1.447;-1.209;0.507;-1.663;-0.299;-0.209;-2.059;-1.9;-0.328;0.344;-1.958;-0.252;0.895;-4.636;-0.214;0.155;-0.022;-1.859;-1.039;-3.33;-0.204;-2.724;-1.205;-1.74;-0.59;-0.533;-1.779;-1.826;-0.857;-2.553;-1.617;-1.099;-2.538;-0.707;0.887;-0.204;-0.114;-4.08;0.354;-1.227;-3.029;-0.26;1.24;-1.925;-0.592;0.831;0.077;0.069;-0.224;-0.084;-2.227;-0.66;-0.002;1.278;-5.498;-0.115;-0.634;-1.706;-1.395;-0.303;-0.299;1.434;-0.287;-0.82;-1.009;-1.753;0.033;-4.094;-1.659;-1.854;-1.225;-1.692;-1.611;-0.622;-1.282;-0.494;0.293;-0.376;-2.722;-4.702;0.912;-2.472;-1.257;0.083;1.467;-0.556;-0.817;-2.515;-1.063;-0.409;-2.971;-1.351;-3.848;-0.327;-0.96;-0.52;-0.887;-1.494;-3.009;-1.542;-1.338;-0.186;0.065;-1.98;0.365;-1.968;-2.057;-2.525;-4.043;-1.514;-0.097;0.369;-0.089;1.315;0.317;-1.981;-1.339;-4.153;-3.318;-1.914;-0.376;-0.623;-2.193;-1.828;-1.345;-3.492;-0.752;-0.644;-0.841;-1.51;-2.429;-3.696;-2.142;-2.324;-0.068;-1.404;-3.121;0.336;-1.496;-1.496;-0.523;-0.365;-3.503;-0.843;-3.231;-0.662;-0.076;-3.588;-1.753;-0.429;-2.117;0.624;-1.417;-2.205;0.121;-0.86;-5.524;-0.934;-1.619;-4.025;0.591;-2.343;-1.409;-4.052;-3.235;0.918;-0.774;-0.082;-1.456;-1.814;-1.006;-0.154;-0.342;-1.988;-2.838;0.225;-1.582;-0.456;-2.315;-1.543;-1.784;-0.778;1.825;0.122;0.122;-1.013;-1.327;1.297;-1.173;-0.194;0.029;-2.072;-0.349;0.645;-1.611;-2.624;-2.529;-0.964;0.847;0.847;-2.101;-0.266;-2.383;-1.413;-2.131;0.102;-1.152;-0.656;-1.127;0.725;-1.069;-0.616;-1.531;-3.146;-2.315;-1.5;-1.012;-0.349;-1.33;-1.117;-1.84;1.0;-2.485;-1.141;-0.025;-0.657;-0.765;-3.787;-1.953;-1.273;-1.089;-0.64;-0.491;-2.008;-2.296;1.26;-0.723;-1.618;-0.675;-1.596;-2.026;-2.993;0.108;-2.149;-1.295;-1.891;-1.575;-0.44;-0.004;-0.371;-3.01;-1.343;-0.534;-0.688;0.707;-1.477;-1.133;-0.565;0.095;-2.288;-0.183;-1.017;0.6;-2.758;-0.623;-1.272;-2.834;-1.662;-1.974;-2.303;-1.38;-2.323;-1.214;-2.397;-2.89;-0.38;-1.574;-0.453;-1.602;-1.602;-3.091;0.121;-0.167;-1.796;-2.055;-3.687;-0.486;-0.956;-2.966;-0.701;-1.194;-0.31;-0.819;-2.664;-4.205;-0.906;-0.434;-3.61;-1.267;-3.817;0.844;-1.23;-2.115;-1.311;1.6;-1.491;-0.507;0.52;-0.287;-1.038;-1.552;-1.277;-0.141;-0.387;-1.88;-4.702;-2.069;-4.897;-1.253;-2.643;-0.464;0.097;-0.207;-2.259;-3.28;-3.463;-1.048;2.318;-0.229;-0.354;-0.075;0.343;-0.146;0.875;-1.598;-3.404;-0.096;-4.694;0.883;-0.101;-1.719;0.272;-0.506;0.159;-2.009;0.033;0.385;-0.652;-0.187;0.271;-0.373;-0.373;0.872;-1.082;-1.023;-0.898;-0.057;0.728;-1.0;-1.178;
1,1,3,A,3,I121,,0,-1.5,0.0,0.0,0.0,0.0,-1.661631,1.192797,-1.107;-0.409;-0.021;0.48;-0.393;-1.44;0.657;-2.289;-3.667;-0.453;-2.255;-0.772;-2.763;-3.844;-2.049;-4.424;-1.178;-1.362;-2.2;-2.072;-3.442;-2.161;-1.045;-3.164;-0.992;-2.07;-2.059;-1.292;-1.402;-3.514;-1.128;-0.618;-1.153;-2.849;-0.72;-0.551;-1.72;-1.963;-1.47;-2.298;-1.147;-0.65;-3.067;-1.686;-1.146;-3.772;-3.827;-1.069;-2.056;-2.858;-0.74;-1.813;-1.122;-2.956;-1.115;-1.921;-1.374;-1.321;-0.216;-2.615;-1.159;-1.8;-2.886;-0.627;-2.166;-2.624;-0.901;-0.686;-1.869;-0.455;-1.669;0.455;0.465;-1.809;-2.869;0.052;-1.734;-2.228;-0.881;-3.941;-2.156;-2.156;-1.744;-3.582;-1.326;-1.372;-1.627;-0.323;-2.563;-1.646;-2.702;-0.93;-1.092;1.227;-0.993;-1.114;-1.203;-2.734;-2.06;-1.947;-1.427;-1.153;-2.659;0.02;-2.774;-2.276;-1.702;-4.903;-1.071;-2.174;-1.044;-3.262;-1.434;-1.736;-1.206;-0.856;-2.912;-2.041;-1.833;-2.919;-2.989;-0.986;-1.689;-0.103;-0.526;-1.301;-1.149;-1.889;-0.71;-0.874;-1.832;-3.106;-1.939;-0.145;-1.534;-3.809;-3.224;-0.131;-0.183;-2.275;-1.479;-1.299;-2.326;-2.501;-1.21;-0.289;-1.592;-3.243;-2.055;-1.175;-2.324;-1.035;0.213;-4.668;-1.329;-1.05;0.526;-1.352;-0.733;-2.925;-1.697;-2.617;-2.678;-2.078;-1.21;-1.68;0.373;-1.026;-1.813;-1.449;-1.875;-2.921;-2.414;-1.032;0.172;-0.652;-2.271;-4.166;-0.817;-2.011;-3.372;-0.164;-1.297;-3.255;-1.369;-2.892;0.517;-0.782;-3.113;-1.54;-3.158;-1.122;-1.327;-0.361;-3.343;-0.185;-1.704;-0.864;-1.833;-1.009;-1.006;0.981;-0.725;-0.399;-3.066;-0.843;-1.21;-3.88;0.032;-2.154;-1.679;-2.032;-3.742;-1.389;0.228;0.281;-0.806;0.023;-3.556;-3.215;-0.193;-2.749;-1.832;-0.192;-1.864;-1.864;-2.061;-3.344;-0.836;-1.508;-3.442;-1.032;-2.972;-0.313;-2.689;-2.121;-2.398;-0.375;-1.518;-1.969;-1.815;-0.945;-0.755;-2.299;-0.528;-3.799;-1.805;-2.158;-3.304;-2.311;-1.241;-0.889;-1.235;0.523;-0.257;-1.898;-4.251;-3.114;-5.162;-0.811;-0.167;-0.324;-2.617;-1.198;-2.134;-0.702;-0.731;0.428;-1.329;-3.18;-1.803;-2.759;-2.712;-0.295;1.108;-2.626;-3.268;-2.45;-0.862;-2.378;-1.643;-1.524;-2.98;-0.971;-1.938;-1.1;-0.657;-3.309;-2.185;-1.185;0.198;-0.238;-1.779;-0.639;-0.385;-2.791;-6.313;-2.323;-2.155;-3.434;-0.497;0.757;-2.186;-4.182;-3.565;-0.429;-1.707;-1.184;-2.222;-2.173;-1.94;-0.796;-0.938;-2.181;-2.822;-1.993;-1.499;-2.642;-1.837;-3.922;-2.188;-1.428;0.538;-0.749;0.425;-0.432;-1.828;-1.586;-1.918;-1.178;-1.009;-1.3;-1.461;-0.71;-1.324;-2.895;-2.823;-1.092;-2.169;0.184;-2.041;-0.978;-1.605;-4.981;-0.129;-1.444;-2.391;-1.445;-1.8;-0.402;-1.486;-1.144;-3.182;-3.751;-3.124;-2.439;-2.966;-1.913;-1.913;1.045;-1.899;0.246;-2.386;-1.371;-0.528;-1.005;-2.716;-4.997;-2.686;-2.061;-1.325;-0.986;-0.43;-1.575;-1.792;0.686;-0.78;-1.456;-2.014;-1.193;-2.188;-2.366;-2.388;-2.416;-1.772;-2.221;-1.983;-0.419;-1.635;-0.03;-1.003;-1.897;-1.286;-1.402;-0.93;-1.397;-3.387;-1.401;-0.902;-3.191;-1.602;-1.727;-0.506;-3.042;-2.565;-0.895;-5.152;-2.167;-2.402;-2.65;-0.36;-2.194;-1.357;-2.25;-2.622;-1.721;-2.622;-1.61;-2.791;-2.791;-0.282;-2.901;-1.24;-0.977;-2.875;-4.108;-3.312;-2.004;-0.887;-1.422;-1.794;-1.127;-1.511;-2.905;-4.068;-0.303;-4.34;-2.847;-1.078;-3.003;-1.767;-3.333;-1.088;-2.261;-1.419;-1.637;-1.33;0.243;-1.271;-0.918;-1.712;-1.504;-0.646;-0.805;-1.656;-3.787;-2.304;-4.439;0.019;-3.098;-1.453;-1.029;-0.814;-2.025;-3.376;-3.414;-0.66;-0.525;-1.007;1.132;-1.37;-1.054;-0.433;-3.739;-1.967;-3.331;-1.979;-0.828;1.988;1.246;-1.397;-0.221;-0.809;-0.307;-2.89;-0.297;-0.031;-0.814;-0.048;0.105;-1.057;-1.881;-1.74;-2.1;-0.776;-1.572;-0.936;-0.22;-1.524;0.011;
1,1,4,A,4,I040,,1,-1.5,0.0,0.0,0.0,0.0,-0.868762,1.061793,-0.113;-1.453;0.387;0.099;-0.685;-1.924;0.873;-1.774;-3.013;-0.125;-0.145;-2.118;-2.173;0.448;-1.825;-2.507;0.41;-0.653;-0.653;-2.925;0.026;-0.91;-1.109;-3.013;-1.062;-0.685;-0.674;0.014;0.327;-1.43;0.246;-0.718;-0.001;-1.525;-0.268;-0.117;-0.503;-2.159;-0.847;-1.343;-0.264;-0.748;-1.705;-0.465;0.02;-0.377;-2.903;1.171;-0.745;-2.249;0.882;-1.589;0.567;-1.155;-1.823;-1.122;-0.631;-0.583;0.41;-1.746;-0.438;0.569;-1.244;-0.443;-0.155;-2.148;-0.058;0.136;-0.927;-1.063;-0.814;-0.523;1.066;-0.978;-1.93;0.694;-0.91;-1.354;-0.144;-3.637;-1.299;-1.299;-0.929;-2.581;-0.554;-0.595;-0.926;0.245;-1.767;-0.943;-1.892;1.56;-2.002;1.89;-0.105;-1.388;-0.423;-1.798;-1.193;-1.091;-0.624;-0.378;-1.731;0.676;-1.834;-1.317;-0.866;-3.742;-0.3;0.382;-1.482;-2.562;-0.92;-1.191;-1.777;-0.06;-1.906;-1.124;-0.937;-1.912;-1.976;-1.18;-0.988;0.437;0.058;-0.639;-1.077;-1.061;-0.001;-0.149;-1.01;-2.154;-1.105;0.506;-0.501;-2.544;-2.019;0.392;0.344;-1.535;-0.82;-0.658;-1.58;-1.738;-0.578;-0.517;-3.296;-0.845;-0.703;-0.247;-1.186;-0.508;0.614;-3.139;-0.139;0.112;-0.008;-1.254;-0.698;-2.253;-1.149;-1.976;-0.946;-1.785;-0.039;-0.461;-1.307;-0.429;-1.136;0.085;-0.991;-1.93;-2.14;1.223;0.706;-0.034;0.027;-3.274;-0.266;-1.338;-2.561;0.322;0.402;-0.514;-1.513;-0.548;1.138;-0.028;-2.123;0.785;-1.184;-0.872;-1.184;-0.316;-2.245;-2.248;-0.757;-1.484;-1.388;-0.648;-0.645;1.14;-0.393;-1.053;-1.181;0.817;-0.547;-2.946;0.569;-1.395;-0.968;-1.477;-2.973;-0.859;-1.307;-0.245;-1.221;-0.945;-1.711;-3.054;-0.339;-1.691;-0.867;0.606;-0.896;-0.896;-1.074;-2.226;0.027;-0.773;-2.511;-0.346;-2.068;0.321;-1.814;-1.303;-1.552;0.266;-0.762;-1.166;-1.028;-0.247;-0.076;-1.464;0.128;-2.811;-1.019;-1.337;-2.366;-1.474;-0.513;-0.196;-0.507;1.072;0.379;-1.096;-3.21;-2.188;-4.028;-0.119;0.186;0.046;-1.019;-1.619;-1.291;-0.005;-0.412;0.629;-0.949;-1.403;-2.027;-2.886;-0.651;-1.17;0.507;-1.648;-2.225;-1.49;0.55;-2.355;-0.528;-0.42;-2.55;-0.745;-2.365;-1.996;0.164;-2.218;-1.208;-0.31;-1.455;0.404;-0.98;0.044;1.461;-2.069;-5.233;-1.648;-1.498;-2.647;-0.008;1.118;-1.526;0.087;-2.325;0.492;-0.656;-1.168;-0.72;-0.765;-0.901;-0.323;-0.451;-1.568;-2.144;-0.066;-0.428;-1.455;-1.043;-2.916;-1.358;-0.675;1.091;-0.065;0.989;0.22;-1.034;0.746;-0.93;-2.161;-0.311;-0.841;-0.985;-0.311;-0.863;-2.274;-1.081;-0.869;0.673;0.585;-1.415;-0.42;-0.982;-4.016;0.343;-0.838;-1.689;-0.838;-1.158;2.229;-0.982;-0.675;-1.295;-2.391;-1.827;-1.98;-0.122;-0.878;-0.878;-0.734;-1.224;0.703;-1.897;-1.958;-0.096;-0.525;-0.599;-2.648;-1.404;-0.943;-0.818;-0.514;-0.014;-1.042;-1.238;0.989;-0.329;-0.936;-1.437;-0.699;-0.364;-2.33;-1.884;-1.909;-1.33;-1.734;0.693;0.215;-0.878;0.564;-0.31;-1.477;-0.928;0.711;-0.539;-0.959;-1.292;-0.991;-0.146;-1.763;-0.335;-0.901;-0.337;-0.082;-1.423;-0.946;-2.625;-0.96;-1.171;-1.394;-0.768;-0.196;-0.239;-1.042;-1.376;-1.052;-1.862;-0.559;-1.339;-1.447;0.807;-0.157;-1.18;-0.944;-2.649;-3.756;-1.786;-0.61;0.031;-0.449;-0.783;-0.184;-0.529;-1.781;-2.826;-0.588;-0.686;0.218;-0.676;-2.406;-0.808;-2.215;-0.198;-1.668;0.997;-1.371;-0.704;0.71;-0.65;-1.1;-1.448;0.565;-0.371;-0.537;-1.328;-3.242;-0.843;-3.636;0.369;-0.098;0.337;-1.781;-0.173;-1.26;-2.474;-2.508;-0.034;0.087;-0.346;1.576;-0.671;-0.388;0.822;-1.742;-0.459;-2.394;-1.179;-0.144;-0.117;1.395;-0.97;1.411;-0.235;0.216;-2.105;0.225;0.464;-0.24;1.318;1.455;0.411;-0.329;-1.96;-0.72;-0.68;-0.761;-0.19;0.454;-0.718;0.66;
1,1,5,A,5,I006,,0,-1.5,0.0,0.0,0.0,0.0,-1.148793,0.976089,-0.588;0.445;0.04;-0.217;-0.915;-2.018;0.472;-1.884;-2.987;-0.416;-0.434;-2.191;-2.239;0.094;-1.93;-2.536;0.06;-0.887;-1.557;-1.455;-2.549;-1.526;-0.633;-2.328;-0.591;-1.453;-1.045;-0.432;-0.403;-2.091;-0.6;0.423;-0.669;-2.025;-0.322;-0.188;-0.531;-2.005;-0.972;-1.635;-0.714;-0.316;-2.249;-1.145;-0.714;-2.813;-2.858;0.768;-0.938;-2.276;-0.582;-2.092;-2.176;-1.688;-2.283;-1.659;-1.222;-1.007;-0.123;-2.042;-0.877;-1.39;-2.258;-0.452;-1.683;-2.049;-0.671;-0.077;-1.023;-1.144;-0.37;0.074;-0.246;0.197;-2.403;-0.067;-1.495;-1.89;-0.813;-3.26;-1.832;-1.158;-1.836;-3.306;-0.016;-1.199;-1.402;-0.36;-2.151;0.445;-1.486;-0.069;-1.815;0.629;0.731;-0.412;-1.441;-2.666;-2.305;-1.959;-0.338;-0.526;-1.731;0.412;-1.823;-1.006;-1.02;-3.581;-0.516;-2.138;-1.234;-2.195;0.045;-1.43;-0.191;-0.674;-2.073;-1.332;-1.165;-2.033;-2.089;-1.381;-1.21;0.059;-0.279;-2.531;-1.538;-0.197;-1.048;0.333;-1.449;-2.724;-1.675;-0.097;-2.014;-1.997;-2.228;0.246;0.204;-1.469;-0.832;-0.688;0.012;-1.298;-0.474;-0.42;-1.462;-1.366;-1.239;-0.833;-1.752;-0.722;0.277;-3.68;-1.009;-0.786;0.475;-1.028;-0.532;-2.285;-1.303;-2.04;-2.088;-1.609;-0.308;-0.934;-1.686;-1.224;-1.853;-1.331;-1.135;-1.971;-2.756;-1.26;0.555;-0.928;-0.873;-3.268;-0.59;-1.545;-2.633;-0.067;-0.973;-2.539;-1.031;-0.172;0.879;-0.16;-0.336;-1.511;-1.276;-0.998;-1.276;-0.503;-2.22;0.305;-0.91;-1.557;-1.472;-0.813;-0.81;0.778;-0.586;-0.908;-1.022;-1.471;-0.393;-2.885;0.244;-1.505;-1.124;-1.578;-2.909;-1.027;0.266;0.308;-0.561;0.102;-2.76;-2.488;-0.071;-2.115;-0.952;-1.225;-1.858;-1.203;-1.361;-2.387;-0.381;-1.093;-2.641;-0.713;-2.785;-0.659;-1.041;-1.027;-1.249;-1.615;-0.983;-1.343;-1.22;-0.524;-0.372;-1.608;-0.191;-2.807;-1.212;-1.495;-2.411;-1.617;-0.761;-0.48;-0.756;0.65;0.032;-1.281;-3.162;-2.253;-3.891;-0.411;-0.139;-0.264;-2.098;-0.964;-1.712;-0.567;-0.423;0.503;-0.901;-2.382;-2.937;-2.464;-1.525;0.408;0.262;-1.985;-2.499;-1.845;-0.575;-1.787;0.059;0.154;-1.741;-1.023;-2.465;-2.137;-0.213;-2.334;-1.435;-0.636;-1.004;-0.221;-1.454;-0.542;0.719;-0.688;-3.964;-1.193;-1.606;-2.629;-0.279;0.723;-1.63;-0.195;-2.342;0.166;-0.857;-0.439;-1.268;-1.484;-1.299;-0.784;-0.71;-1.704;-2.217;-1.554;-1.159;-2.073;-1.43;-3.097;-1.71;-1.102;0.47;-0.115;0.823;0.138;-0.159;-1.036;-1.301;-0.709;-1.648;-0.828;-1.501;-0.901;-1.392;-2.244;-2.186;-0.802;-1.663;0.219;-1.561;-0.711;-1.212;-3.912;-0.032;-1.083;-1.841;-1.084;-1.368;1.057;-1.801;-1.4;-1.953;-2.928;-3.967;-1.911;-2.333;-0.894;-1.801;-0.48;-1.73;-0.014;-1.594;-0.782;-1.816;-0.467;-1.835;-3.659;-1.811;-1.4;-1.289;-0.738;-0.292;-1.208;-1.382;0.6;-0.573;-1.113;-1.56;-0.903;-0.604;-2.355;-0.536;-1.899;-1.384;-1.743;-1.378;-0.127;-1.1;0.184;-0.595;-1.31;-0.821;-0.914;-0.536;-0.91;-2.502;-0.913;-0.514;-2.345;-1.074;-1.028;-0.526;-0.299;-1.493;-1.069;-2.563;-1.08;-1.269;-1.467;-0.91;-0.401;-1.315;-2.029;-1.437;-0.663;-1.384;-1.372;-2.316;0.105;-1.207;-0.55;-1.461;-1.25;-2.768;-3.754;-2.605;-2.38;-0.584;-1.011;-1.309;-0.775;0.363;-2.196;-3.127;-0.115;-3.344;-2.15;-0.735;-2.275;-1.287;-2.539;-0.744;-1.681;0.691;-1.418;-0.823;0.435;-0.776;-1.176;-1.486;-1.269;-0.583;-0.731;-1.435;-3.139;-1.004;-3.134;0.431;-1.144;-0.735;-0.396;-0.224;-1.192;-2.273;-2.383;-0.181;-0.073;-0.807;0.903;-1.097;-0.845;0.233;-2.412;-1.269;-2.36;-1.279;-0.358;1.894;1.3;-0.814;0.127;-0.343;0.059;-2.007;-0.774;-0.922;0.264;-0.971;0.557;-0.373;-1.032;-0.28;-1.474;-0.415;-1.051;-0.543;0.03;-1.013;0.214;
1,1,6,A,6,I178,,0,-1.5,0.0,0.0,0.0,0.0,-1.285841,0.926355,-0.941;-0.428;-0.143;-0.379;-1.021;-1.886;0.465;-1.701;-2.714;-0.351;-1.676;-0.586;-2.049;-2.844;-1.768;0.653;-1.786;-1.099;0.62;-1.325;-2.631;-1.69;-0.869;-2.427;-0.831;-1.623;-1.248;-0.684;-0.658;-2.21;-0.839;0.101;-0.903;-2.149;-1.121;-0.421;-0.737;-2.092;-1.142;-1.751;-0.905;-0.54;-2.317;-1.301;-0.905;-2.835;-3.454;-0.294;-1.654;-2.243;-0.686;-2.074;-0.881;-2.23;-0.876;-1.469;-1.067;-1.028;-0.215;-1.979;-0.908;-0.085;-1.569;-0.913;-0.677;-2.308;-0.598;-0.485;-1.355;-0.315;-1.208;0.354;-1.664;-0.751;-1.682;-1.395;-1.565;-1.928;-0.938;-3.187;-1.875;-1.875;-1.572;-2.923;0.101;-0.986;-1.173;-1.361;-3.189;-0.221;-1.996;0.829;-2.086;0.16;0.254;-0.796;-0.862;-1.988;-1.512;-2.371;0.711;-0.716;-1.824;0.146;-1.908;-1.157;-1.171;-3.524;-0.707;-2.198;-1.367;-2.251;-0.192;-1.547;-0.409;-0.852;-2.138;-1.457;-1.303;-2.102;-2.154;-1.502;-1.345;-0.179;-0.489;-2.559;-1.647;-2.417;-1.549;-0.554;-1.258;-2.195;-1.337;-0.018;-2.239;-2.224;-2.436;-0.162;-0.2;-1.738;-1.153;-1.021;-0.377;-1.581;-0.824;-0.774;-1.732;-1.644;-1.527;-1.154;-1.999;-1.051;0.388;-3.547;-1.092;-0.887;0.272;-1.109;-0.654;-2.265;-1.362;-2.039;-2.084;-1.643;-0.448;-1.4;0.11;-0.919;-1.498;-1.23;-1.278;-2.046;-2.768;-1.393;0.276;-1.087;-1.037;-3.239;-0.777;-1.655;-1.161;-0.746;-0.812;-2.642;-1.256;-0.466;0.386;-0.569;-2.283;0.096;-1.514;-1.259;-1.515;-0.804;-2.383;-0.061;-1.178;-1.773;-1.695;-1.089;-1.087;0.374;-0.88;-1.176;-1.281;-1.694;-0.703;-2.994;-0.117;-1.725;-1.375;-0.736;-3.131;-0.722;0.466;-0.32;-1.12;-0.893;-2.195;-3.295;-1.073;-2.179;-1.505;-0.3;-1.529;-1.529;-1.674;-2.617;-0.773;-0.41;-1.832;0.251;-3.208;-1.253;-1.605;-1.187;-1.724;-0.236;-1.077;-1.792;-1.678;0.601;-0.282;-1.686;-0.384;-2.789;-1.323;-1.582;-2.425;-1.695;-0.908;-0.649;-0.904;0.389;-1.063;-1.445;-3.174;-2.338;-3.844;-0.645;-0.395;-0.51;-2.196;-1.153;-1.841;-0.788;-0.656;0.195;-1.096;-2.457;-2.967;-2.532;-1.669;0.107;0.16;-2.287;-2.759;-2.157;-0.806;-1.92;-0.223;-0.135;-2.613;-1.136;-2.462;-2.16;-0.392;-2.746;-1.538;-0.803;-0.534;0.398;-3.383;-0.835;0.325;-0.968;-3.981;-1.433;-1.813;-2.753;-0.593;0.328;-1.835;-0.516;-2.49;-0.184;-1.124;-0.74;-1.502;-1.701;-1.53;-1.057;-0.989;-1.903;-2.375;-0.201;-1.204;-2.045;-1.453;-2.986;-1.711;-1.152;0.293;-0.653;0.21;-0.42;-0.693;-1.207;-1.451;-0.907;-1.769;-1.016;-1.634;-1.082;-1.534;-2.317;-1.341;-1.168;-1.96;0.586;-1.05;-1.474;-1.577;-4.059;-0.236;-1.202;-1.899;-1.203;-1.464;0.765;-1.862;-1.494;-2.002;-2.898;-3.638;-1.749;-1.478;-1.11;-1.944;-0.729;-1.878;-0.301;-1.753;-1.007;-1.957;-0.717;-1.975;-3.652;-1.953;-0.045;-2.564;-0.957;-0.548;-2.164;-2.324;0.127;-0.952;-1.448;-1.859;-1.255;-0.98;-0.688;-2.068;-2.089;-1.615;-0.946;0.007;-0.384;-1.278;-0.098;-0.814;-1.768;-1.319;0.022;-1.001;-1.344;-2.808;-0.708;-1.532;-1.464;-0.036;-1.274;-0.813;-0.604;-1.702;-0.474;-3.552;-1.358;-1.531;-1.714;-1.201;-0.733;-1.573;-2.23;-1.686;-0.974;-1.637;-1.626;-2.494;-0.268;-0.005;-1.931;-1.994;-1.801;-1.945;-2.851;-2.266;-1.304;-0.779;-1.172;-1.446;-0.955;0.091;-2.262;-3.117;-0.349;-3.317;-2.219;-0.919;-2.334;-1.425;-2.576;-0.926;-2.129;-0.93;-0.333;-1.508;0.657;-0.457;-1.655;-1.142;-0.989;-1.093;-1.229;-1.876;-3.442;-1.48;-3.438;-0.161;-2.452;-1.243;0.394;-0.565;-1.455;-2.448;-2.476;-0.451;-0.352;-0.706;0.866;-0.973;-0.741;-1.23;-0.664;-0.926;-1.929;-0.935;-0.089;-1.02;0.89;-1.053;-0.189;-0.62;-0.251;-2.151;-2.434;-0.959;0.131;-1.004;0.4;-0.454;-1.06;-0.369;-1.454;-0.48;-1.066;-0.598;-1.256;-1.726;-0.77;
1,1,7,A,7,I058,,0,-1.5,0.0,0.0,0.0,0.0,-1.440469,0.886778,-1.347;-0.86;-0.36;-0.583;-1.192;-2.014;0.218;-1.838;-2.799;-0.557;-1.814;-0.779;-2.169;-2.923;-1.902;-3.559;-1.294;-1.423;0.209;-1.637;-0.583;-1.31;-1.465;-2.943;-1.428;-2.308;-1.952;-1.414;-1.491;-1.157;-0.482;-1.23;-0.674;-1.857;-0.881;-0.764;-1.063;-2.236;-1.335;-1.913;-1.109;-0.763;-2.449;-1.346;-0.97;-1.278;-3.054;0.109;-1.379;-2.546;-1.068;-2.386;-2.459;-2.034;-2.552;-2.008;-1.627;-0.945;-0.173;-1.848;-0.831;-1.626;-2.384;-0.808;-1.881;-2.201;-0.999;-0.849;-1.674;-0.687;-1.535;-0.052;-0.045;0.049;-2.218;-0.18;-1.426;-1.771;-0.831;-3.544;-1.728;-1.251;-1.843;-3.126;-0.255;-1.287;-1.465;-0.555;-2.118;0.263;-1.422;-0.185;-1.542;0.077;0.166;-0.178;-1.076;-2.144;-1.693;-2.508;0.477;-0.878;-1.93;-0.06;-2.009;-1.297;-1.309;-3.543;-0.87;-2.284;-1.496;-2.335;-0.38;-1.667;-2.121;-0.788;-2.222;-1.575;-1.43;-2.187;-2.237;-1.619;-1.469;-0.363;-0.298;-2.263;-1.396;-1.384;-0.727;-0.842;-1.51;-2.399;-1.584;-0.333;-2.441;-2.427;-2.628;-0.469;-0.461;-1.92;-1.365;-1.239;-0.628;-1.771;-1.053;-1.005;-3.163;-1.26;-1.149;-0.795;-2.008;-1.109;-0.238;-2.042;-1.067;-0.872;0.228;-1.082;-0.573;-3.064;-1.417;-2.059;-2.102;-1.683;-1.078;-1.406;0.027;-1.217;-1.766;-1.511;-1.557;-2.286;-2.971;-1.666;-0.082;-0.998;-0.95;-3.04;-0.703;-1.536;-1.067;-0.674;-0.736;-2.694;-1.378;-2.442;-0.063;-0.969;-0.241;-0.151;-1.68;-1.437;-1.68;-1.006;-2.316;-2.318;-1.788;-1.202;-2.025;-1.45;-1.448;-0.062;-0.283;-1.294;-1.394;-1.786;-0.845;-3.019;-0.289;-1.815;-1.483;-1.879;-3.041;-1.398;-0.27;-0.233;-0.992;-0.413;-2.911;-2.673;-0.565;-2.348;-1.333;-1.571;-2.123;-1.552;-1.69;-2.585;-0.835;-0.49;-1.84;0.137;-3.146;-1.291;-1.624;-1.448;-1.641;-0.229;-1.027;-1.705;-1.598;0.565;-0.861;-1.939;-0.703;-2.985;-1.594;-1.84;-2.64;-1.308;-1.743;-1.398;-0.929;0.298;-1.08;-1.442;-3.084;-2.29;-3.719;-0.683;-0.446;-0.555;-2.156;-1.157;-1.81;-0.811;-0.686;0.123;-1.103;-2.395;-2.879;-2.466;-2.433;-0.747;0.232;-2.09;-2.538;-1.967;-0.86;-1.917;-1.46;-1.377;-2.373;-0.972;-2.23;-3.334;-3.49;-2.86;-1.714;-1.016;-0.762;0.123;-3.465;-1.476;-0.251;-1.478;-3.935;-1.517;-1.878;-2.77;-0.72;0.154;-1.899;-0.647;-2.52;-0.332;-1.224;-0.859;-1.441;-1.476;-1.523;-1.074;-1.173;-2.041;-2.488;-0.425;-1.377;-2.175;-1.613;-3.068;-1.858;-1.328;0.044;-0.854;-0.035;-0.633;-0.892;-1.38;-1.611;-1.095;-1.913;-1.198;-1.785;-1.262;-1.69;-2.433;-1.507;-1.342;-2.094;0.322;-1.23;-1.633;-1.731;-4.087;-0.458;-1.375;-2.036;-1.376;-1.624;0.492;-2.001;-1.652;-2.134;-2.985;-3.891;-2.098;-2.466;-1.731;-2.006;-0.853;-1.944;-0.447;-1.825;-1.117;-2.019;-0.842;-2.035;-3.627;-2.014;-0.204;-2.595;-1.069;-0.681;-1.48;-1.632;0.098;-0.926;-1.397;-1.787;-1.213;-1.908;-2.14;-2.156;-2.175;-1.726;-2.039;-0.155;-0.527;-1.375;-0.255;-0.934;-2.338;-1.912;-0.639;-1.018;-1.344;-2.733;-1.346;-1.821;-1.746;-0.911;-1.346;-0.908;-0.71;-1.752;-0.587;-3.508;-0.324;-2.124;-2.298;-0.699;-1.979;-1.395;-2.018;-2.278;-1.649;-2.278;-1.572;-2.396;-0.283;-1.428;-0.854;-1.649;-1.466;-2.79;-3.65;-2.119;-1.206;-0.708;-1.081;-1.341;-0.876;-1.34;-2.313;-3.124;-0.497;-3.314;-2.272;-1.038;-2.382;-1.519;-2.612;-1.045;-2.187;-1.049;-0.482;-1.597;0.457;-0.6;-1.737;-2.008;-0.589;-1.456;-1.586;-2.2;-3.687;-1.275;-3.444;-0.333;-2.508;-1.36;0.193;-0.717;-1.561;-2.504;-2.531;-0.609;-0.515;-0.851;0.641;-1.104;-0.884;-1.348;-0.811;-1.06;-2.012;-1.068;-0.265;-1.149;0.664;-1.18;-0.36;-0.77;-0.419;-2.222;-1.146;-0.96;-0.421;-1.499;-0.166;-0.977;-1.552;-1.454;-1.705;-0.781;-1.336;-0.893;-0.393;-2.505;-0.433;
1,1,8,A,8,I025,,0,-1.5,0.0,0.0,0.0,0.0,-1.613221,0.871075,-1.86;-1.394;-0.618;-0.832;-1.416;-2.336;0.478;-2.271;-3.192;-1.045;-2.249;-1.258;-2.588;-0.639;-1.361;-3.505;-1.337;-1.46;0.102;-1.665;-2.852;-1.997;-1.169;-2.584;-1.134;-1.854;-1.846;-1.334;-1.613;-3.023;-0.831;-1.547;-1.015;-2.147;-1.213;-1.101;-1.387;-1.702;-1.372;-1.925;0.888;-1.345;-2.96;-1.904;-1.543;-2.663;-3.869;-0.998;-2.233;-2.273;-0.859;-1.575;-1.114;-2.395;-2.891;-0.124;-1.914;-1.262;-0.523;-2.126;-1.153;-1.914;-2.639;-0.426;-2.134;-2.44;-1.289;-1.145;-0.618;-1.076;-1.627;-0.208;-0.201;-1.72;-2.428;-0.477;-1.67;-2.0;-1.1;-3.697;-1.959;-1.502;-2.069;-3.297;-0.549;-1.537;-1.707;-0.836;-2.332;-0.053;-1.666;-0.482;-1.78;-0.231;-0.146;-1.1;-1.96;-2.983;-2.682;-2.392;-1.039;-1.196;-2.202;-0.413;-2.279;-1.895;-0.894;-3.096;-0.537;-2.171;-1.416;-2.897;0.212;-1.47;-0.869;-1.272;-2.441;-1.821;-1.682;-2.407;-2.454;-1.863;-1.72;-0.66;-0.942;-2.823;-1.994;-2.693;-1.905;-1.001;-1.641;-2.492;-1.712;-0.514;-2.532;-2.518;-2.711;-0.645;-0.68;-2.077;-1.545;-1.425;-0.84;-1.934;-1.246;-1.201;-2.071;-1.804;-1.698;-1.359;-2.126;-1.266;-0.432;-2.115;-1.181;-0.994;0.059;-0.876;-1.372;-2.527;-1.707;-2.186;-2.227;-1.826;-1.246;-1.56;-2.189;-1.802;-2.328;-1.892;-1.728;-2.426;-3.082;-1.833;-0.317;-1.193;-1.147;-3.147;-0.911;-1.708;-1.259;-0.883;-0.943;-2.817;-1.557;-2.575;-0.298;-1.165;-0.469;-0.382;-1.846;-1.614;-1.846;-1.2;-2.635;-0.525;-1.54;-2.08;-2.01;-1.459;-1.457;-0.13;-1.269;-1.538;-1.634;-2.009;-1.108;-3.189;-0.576;-2.037;-1.719;-1.138;-3.315;-1.126;-0.046;-0.761;-1.487;-1.281;-2.464;-3.463;-1.445;-2.45;-1.837;-0.742;-1.859;-1.859;-1.991;-2.847;-1.172;-0.842;-2.134;-0.241;-3.384;-1.609;-1.928;-1.548;-2.036;-0.684;-1.448;-2.097;-1.995;0.077;-0.726;-2.002;-0.819;-3.003;-1.671;-1.907;-2.673;-2.009;-1.295;-1.06;-1.291;-0.116;-1.436;-1.782;-3.353;-2.594;-3.962;-1.056;-0.626;-0.73;-2.262;-1.306;-1.931;-3.014;-1.632;-0.858;-0.957;-2.194;-2.657;-2.262;-2.459;-0.844;0.093;-2.13;-3.038;-2.491;-1.264;-2.276;-0.734;-0.654;-2.237;-0.896;-2.675;-2.401;-0.795;-2.933;-1.835;-1.168;-0.924;-0.077;-3.512;-1.196;-0.143;-1.318;-3.714;-1.399;-0.849;-2.875;-0.913;-0.076;-2.042;-0.843;-2.636;-0.542;-1.395;-1.046;-1.603;-1.637;-1.682;-1.252;-1.347;-2.177;-2.605;-0.63;-1.542;-2.306;-1.999;-3.391;-2.233;-1.726;-0.413;-0.901;-0.117;-0.69;-0.938;-1.671;-1.892;-1.398;-2.181;-1.497;-2.059;-1.557;-1.968;-2.679;-2.438;-1.282;-2.001;-0.429;-1.916;-1.206;-1.624;-3.879;-0.639;-1.517;-2.149;-1.517;-1.755;0.763;-1.624;-1.396;-2.756;-3.137;-4.004;-2.288;-2.64;-1.438;-2.196;-1.092;-2.136;-0.703;-2.022;-1.345;-2.208;-1.081;-2.224;-3.747;-2.203;-0.47;-2.759;-1.299;-0.927;-2.396;-2.541;-0.314;-1.294;-1.745;-2.118;-1.569;-1.32;-2.782;-1.218;-2.356;-1.926;-2.226;-0.422;-0.778;-1.59;-0.518;-1.168;-2.512;-0.864;-0.942;-1.304;-1.616;-2.946;-1.618;-2.073;-2.001;-1.202;-1.618;-1.198;-1.009;-2.007;-0.891;-3.687;-1.694;-1.851;-2.017;-1.551;-1.126;-1.158;-1.755;-2.004;-1.357;-1.96;-0.36;-3.107;-1.085;-1.836;-1.287;-2.538;-2.362;-1.498;-3.417;-2.886;-2.418;-0.917;-1.274;-1.523;-1.078;-1.522;-2.453;-3.23;-0.715;-3.412;-2.415;-1.233;-2.519;-1.693;-2.739;-1.24;-2.333;-1.243;-0.701;-1.769;0.198;-0.813;-1.902;-2.161;-0.665;-1.453;-1.577;-2.164;-3.588;-1.804;-3.584;-0.606;-2.688;-1.589;-0.102;-0.973;-1.782;-2.684;-2.71;-0.87;-0.78;-1.102;0.327;-1.344;-1.133;-1.578;-1.063;-1.302;-2.213;-1.31;-0.541;1.34;0.844;-1.753;-0.749;-1.141;-0.806;-2.531;-0.799;-0.622;-1.145;-0.633;-0.531;-1.307;-1.495;-0.867;-1.864;-0.98;-1.511;-1.087;-0.608;-2.63;-0.647;
1,1,9,A,9,I150,,1,-1.5,0.0,0.0,0.0,0.0,-1.245948,0.845291,-0.641;-2.399;-0.177;0.152;-0.421;-1.108;0.119;-1.814;-2.718;-0.61;-1.792;-0.819;-2.125;-2.834;-1.657;-3.215;-1.085;-1.206;0.328;-1.407;-0.417;-1.1;-1.245;-2.636;-1.211;-1.098;-1.09;-0.771;-1.142;-2.527;-0.374;-1.078;-0.555;-1.667;-0.75;-0.639;-0.921;-2.024;-1.176;-1.72;-0.964;-1.318;-2.017;-1.111;-0.757;-1.047;-2.717;0.257;-1.142;-2.24;-0.85;-2.089;-2.158;-1.758;-2.245;-1.734;-1.375;-2.521;-0.955;-1.813;-0.857;-0.122;-1.447;-0.861;-0.651;-2.107;-0.977;0.093;-0.683;-1.36;-0.724;-0.36;0.002;0.091;-2.042;-0.125;-1.297;-1.621;-0.737;-3.288;-1.581;-1.132;-1.689;-2.895;-0.196;-1.166;-1.333;-0.478;-1.947;0.291;-1.293;-0.13;-1.405;0.116;0.2;-0.123;-0.968;-1.972;-1.58;-1.999;-0.67;-0.824;-1.812;-0.054;-1.888;-1.217;-1.229;-3.33;-0.816;-2.146;-1.404;-2.193;-0.356;-1.565;-0.549;-0.945;-2.093;-1.485;-1.348;-2.06;-2.106;-1.525;-1.385;-0.344;-0.621;-2.469;-1.654;-2.341;-1.567;-0.679;-1.307;-2.143;-1.377;-0.201;-2.183;-2.169;-2.358;-0.329;-0.363;-1.735;-1.213;-1.095;-0.521;-1.595;-0.92;-0.875;-1.73;-1.651;-1.547;-0.969;-1.723;-2.774;-0.022;-1.675;-0.758;-0.575;0.459;-0.458;-0.946;-2.081;-1.275;-1.879;-1.919;-1.525;-0.956;-1.264;0.083;-1.086;-1.603;-0.711;-1.292;-1.978;-2.623;-1.395;0.094;-1.123;-1.078;-3.043;-0.846;-1.629;-2.522;-0.417;-1.16;-2.445;-1.207;-0.502;0.729;-0.875;-0.191;-0.106;-0.994;-0.766;-0.9;-0.266;-2.223;-0.151;-1.147;-1.678;-1.609;-1.068;-1.066;0.238;-0.882;-1.146;-1.239;-1.608;-0.723;-2.768;-0.201;-1.635;-1.323;-1.695;-2.817;-1.273;-1.6;-0.825;-0.713;-0.169;-2.517;-2.294;-0.311;-1.988;-1.386;-0.31;-1.407;-1.407;-1.537;-2.378;-0.733;-0.409;-1.678;0.182;-2.906;-1.161;-1.475;-1.102;-1.581;-0.254;-1.004;-1.642;-1.541;0.494;-0.295;-1.548;-0.386;-2.532;-1.223;-1.455;-2.207;-1.175;-1.584;-1.26;-1.189;0.23;-0.277;-1.354;-2.897;-2.151;-3.495;-0.64;-0.417;-0.52;-2.024;-1.005;-1.619;-2.683;-1.325;-0.565;-0.662;-1.877;-2.332;-1.944;-2.137;-0.551;0.369;-1.814;-2.235;-1.699;-1.042;-1.877;-0.363;-0.284;-1.839;-1.403;-1.316;-3.077;-3.224;-2.271;-1.193;-0.959;-0.052;-0.338;-1.349;-0.601;-0.913;-1.398;-3.709;-1.435;0.323;-2.796;-0.509;0.313;-1.617;-0.44;-2.201;-0.144;-0.982;-1.356;-1.029;-1.907;0.097;-0.845;-0.938;-1.754;-2.174;-0.234;-1.13;-1.88;-1.579;-2.947;-1.809;-1.31;-0.021;-0.5;0.27;-0.293;-0.537;-1.256;-1.473;-0.988;-0.878;-1.068;-1.62;-1.128;-1.531;-2.23;-1.359;-1.204;-0.078;-0.142;-1.602;-0.905;-1.316;-3.531;-0.348;-1.211;-1.832;-1.211;-1.444;0.546;-1.799;-1.47;-1.924;-2.724;-3.576;-1.89;-2.236;-1.545;-1.804;-0.719;-1.745;-0.338;-1.633;-0.968;-1.815;-0.709;-1.831;-3.328;-1.811;-0.109;-2.357;-0.923;-0.558;-2.0;-2.143;0.044;-0.918;-1.361;-1.727;-1.189;-0.944;-2.38;-2.053;-2.072;-1.649;-1.052;-0.201;-0.55;-1.348;-0.295;-0.845;-1.697;-1.296;-0.099;-1.012;-1.319;-2.625;-0.751;-1.486;-1.425;-0.151;-1.376;-0.964;-0.778;-1.758;-0.662;-3.455;-1.496;-1.651;-1.814;-0.311;-1.514;-1.254;-1.84;-2.084;-1.493;-2.084;-1.133;-1.277;-0.456;-0.222;-1.94;-0.851;-0.678;-1.923;-2.732;-2.21;-1.351;-0.883;-1.234;-1.478;-1.04;-0.106;-2.206;-2.969;-0.028;-1.283;-2.193;-1.033;-2.296;-1.485;-2.512;-1.039;-1.809;0.137;-1.592;-1.105;-0.072;-1.066;-1.394;-1.649;-0.178;-0.953;-1.074;-1.651;-3.05;-1.298;-3.045;-0.121;-1.413;-1.077;0.384;-1.245;-1.986;-2.492;-2.517;-0.71;0.173;-0.803;0.6;-1.041;-0.833;-1.076;-0.57;-0.805;-1.632;-0.744;-3.022;-0.26;0.845;-1.618;0.335;-0.867;-0.537;-2.266;-0.565;-0.39;-0.904;0.233;0.334;-0.429;-0.969;-0.353;-1.32;-0.452;-1.362;-0.946;-0.475;-1.331;-0.324;
1,1,10,A,10,I181,,0,-1.5,0.0,0.0,0.0,0.0,-1.370851,0.850077,-1.103;-0.658;-0.981;-1.185;-1.587;-1.307;0.729;-1.891;-2.769;-0.722;-1.87;-0.925;-2.193;-2.881;-1.738;0.358;-1.753;-1.159;-0.344;-2.945;-2.374;-1.559;-1.7;-3.05;-1.667;-1.4;-1.392;-0.904;-0.881;-2.226;-1.038;-0.224;-0.153;-2.661;-1.306;-0.7;-0.973;-2.147;-1.324;-1.852;-1.119;-0.802;-2.341;-1.335;-0.991;-1.273;-2.893;-0.007;-1.364;-2.43;-1.081;-1.215;-0.428;-1.649;-2.122;-0.155;-0.548;-1.323;-0.62;-2.147;-1.22;-1.628;-2.32;-0.882;-1.861;-2.153;-1.056;-0.919;-1.672;-0.772;-1.545;-0.193;-0.186;-0.1;-2.169;-0.309;-1.446;-1.761;-0.903;-3.378;-1.722;-1.286;-1.827;-2.997;-0.378;-1.319;-1.481;-0.651;-2.077;0.095;-1.442;-0.314;-1.551;-0.075;0.006;-0.903;-1.723;-2.697;-2.411;-2.472;0.252;-0.985;-1.944;-0.238;-2.017;-1.367;-1.378;-3.417;-0.977;-2.268;-1.548;-2.314;-0.531;-1.704;-0.719;-1.102;-2.216;-1.626;-1.493;-2.185;-2.229;-1.666;-1.529;-0.519;-0.788;-2.581;-1.791;-0.723;-1.401;-0.301;-1.72;-2.734;0.144;-0.253;-2.176;-2.163;-2.347;-0.377;-0.411;-1.742;-1.236;-1.121;-0.563;-1.606;-0.951;-0.907;-1.737;-1.661;-1.559;-1.236;-1.968;-1.148;0.099;-1.996;-1.106;-0.928;0.076;-1.12;-0.656;-2.929;-1.426;-2.012;-2.051;-1.669;-1.116;-1.415;-0.108;-1.243;-1.744;-0.878;-1.443;-2.109;-2.733;-1.543;-0.097;-1.278;-1.235;-3.141;-1.009;-1.769;-1.341;-0.982;-1.039;-0.489;-1.051;-1.121;0.074;-0.753;-2.237;-0.177;-1.572;-1.351;-1.572;-0.957;-2.324;-0.313;-1.28;-1.796;-1.728;-1.203;-1.201;0.064;-1.022;-1.279;-1.37;-1.727;-0.869;-2.853;-0.362;-1.754;-1.451;-1.812;-2.901;-1.402;-0.373;-0.339;-1.031;-0.503;-2.782;-2.565;-0.641;-2.268;-1.343;-0.299;0.24;-1.068;-1.193;-2.01;-1.311;-0.997;-2.229;0.217;-2.779;-1.086;-0.739;-1.688;-1.865;-0.577;-1.305;-0.577;-1.319;-0.369;-0.785;-1.768;-0.641;-2.723;-1.453;-1.678;-2.408;-1.775;-1.094;-0.87;-1.09;0.029;-1.229;-1.559;-3.057;-2.333;-3.637;-0.866;-0.457;-0.556;-2.017;-1.105;-1.701;-2.733;-1.416;-0.678;-0.773;-1.952;-2.393;-2.017;-2.204;-0.665;0.228;-1.891;-2.756;-2.235;-1.065;-2.03;-0.56;-0.484;-1.993;-0.714;-2.645;-2.383;-0.852;-2.541;-1.494;-0.858;-0.626;0.182;-3.093;-0.886;0.118;-1.001;-5.13;-0.639;-0.205;-2.137;-0.863;-0.065;-1.938;-0.795;-2.505;-0.508;-1.322;-0.989;-1.65;-1.619;-1.661;-1.251;-1.193;-1.984;-2.393;-0.51;-1.379;-2.107;-1.594;-2.922;-1.818;-1.334;-0.082;-0.901;-0.154;-0.7;-0.937;-1.381;-1.592;-1.121;-1.868;-1.216;-1.751;-1.274;-1.665;-2.343;-1.498;-1.347;-2.033;0.172;-1.245;-1.613;-1.702;-3.851;-0.54;-1.377;-1.98;-1.378;-1.604;0.327;-1.949;-1.63;-2.07;-2.846;-3.673;-2.037;-2.372;-1.702;-1.953;-0.901;-1.896;-0.208;-2.051;-2.094;-0.775;-1.078;-1.176;-2.628;-1.746;-0.632;-2.377;-0.985;-2.065;-1.528;-1.666;-0.089;-1.022;-1.452;-1.808;-1.285;-1.047;-2.441;-0.993;-2.078;-1.668;-1.954;-0.235;-0.573;-1.348;-0.326;-0.945;-2.227;-0.656;-0.73;-1.075;-1.372;-2.64;-1.375;-1.808;-1.739;-0.978;-1.374;-0.974;-0.794;-1.745;-0.682;-3.347;-0.442;-2.085;-2.243;-0.784;-1.952;-1.419;-1.988;-2.225;-1.651;-1.365;-1.356;-1.496;-1.573;-1.247;-2.18;-1.123;-0.955;-2.164;-2.948;-2.442;-1.609;-1.044;-1.385;-1.622;-1.197;-0.291;-2.328;-3.069;-0.215;-1.433;-0.149;-3.658;-2.376;-1.589;-2.586;-1.157;-2.198;-1.159;-0.643;-1.66;0.405;-0.56;-1.597;-1.845;-0.418;-1.169;-1.287;-1.847;-3.204;-1.504;-3.2;-0.362;-1.616;-1.343;0.075;-0.756;-1.526;-2.387;-2.411;-0.657;-0.572;-0.878;0.483;-1.109;-0.908;-1.332;-0.841;-1.069;-1.269;-1.224;-0.491;1.302;0.829;-1.646;0.249;-0.917;-0.597;-2.242;-0.591;-0.422;-0.92;-0.433;-0.335;-1.075;-1.051;-2.207;-1.328;0.68;-2.396;-0.654;-1.788;-1.827;-0.166;
1,1,11,A,11,I303,,-1,-1.5,0.0,0.0,0.0,0.0,-1.370851,0.850077,-1.103;-0.658;-0.981;-1.185;-1.587;-1.307;0.729;-1.891;-2.769;-0.722;-1.87;-0.925;-2.193;-2.881;-1.738;0.358;-1.753;-1.159;-0.344;-2.945;-2.374;-1.559;-1.7;-3.05;-1.667;-1.4;-1.392;-0.904;-0.881;-2.226;-1.038;-0.224;-0.153;-2.661;-1.306;-0.7;-0.973;-2.147;-1.324;-1.852;-1.119;-0.802;-2.341;-1.335;-0.991;-1.273;-2.893;-0.007;-1.364;-2.43;-1.081;-1.215;-0.428;-1.649;-2.122;-0.155;-0.548;-1.323;-0.62;-2.147;-1.22;-1.628;-2.32;-0.882;-1.861;-2.153;-1.056;-0.919;-1.672;-0.772;-1.545;-0.193;-0.186;-0.1;-2.169;-0.309;-1.446;-1.761;-0.903;-3.378;-1.722;-1.286;-1.827;-2.997;-0.378;-1.319;-1.481;-0.651;-2.077;0.095;-1.442;-0.314;-1.551;-0.075;0.006;-0.903;-1.723;-2.697;-2.411;-2.472;0.252;-0.985;-1.944;-0.238;-2.017;-1.367;-1.378;-3.417;-0.977;-2.268;-1.548;-2.314;-0.531;-1.704;-0.719;-1.102;-2.216;-1.626;-1.493;-2.185;-2.229;-1.666;-1.529;-0.519;-0.788;-2.581;-1.791;-0.723;-1.401;-0.301;-1.72;-2.734;0.144;-0.253;-2.176;-2.163;-2.347;-0.377;-0.411;-1.742;-1.236;-1.121;-0.563;-1.606;-0.951;-0.907;-1.737;-1.661;-1.559;-1.236;-1.968;-1.148;0.099;-1.996;-1.106;-0.928;0.076;-1.12;-0.656;-2.929;-1.426;-2.012;-2.051;-1.669;-1.116;-1.415;-0.108;-1.243;-1.744;-0.878;-1.443;-2.109;-2.733;-1.543;-0.097;-1.278;-1.235;-3.141;-1.009;-1.769;-1.341;-0.982;-1.039;-0.489;-1.051;-1.121;0.074;-0.753;-2.237;-0.177;-1.572;-1.351;-1.572;-0.957;-2.324;-0.313;-1.28;-1.796;-1.728;-1.203;-1.201;0.064;-1.022;-1.279;-1.37;-1.727;-0.869;-2.853;-0.362;-1.754;-1.451;-1.812;-2.901;-1.402;-0.373;-0.339;-1.031;-0.503;-2.782;-2.565;-0.641;-2.268;-1.343;-0.299;0.24;-1.068;-1.193;-2.01;-1.311;-0.997;-2.229;0.217;-2.779;-1.086;-0.739;-1.688;-1.865;-0.577;-1.305;-0.577;-1.319;-0.369;-0.785;-1.768;-0.641;-2.723;-1.453;-1.678;-2.408;-1.775;-1.094;-0.87;-1.09;0.029;-1.229;-1.559;-3.057;-2.333;-3.637;-0.866;-0.457;-0.556;-2.017;-1.105;-1.701;-2.733;-1.416;-0.678;-0.773;-1.952;-2.393;-2.017;-2.204;-0.665;0.228;-1.891;-2.756;-2.235;-1.065;-2.03;-0.56;-0.484;-1.993;-0.714;-2.645;-2.383;-0.852;-2.541;-1.494;-0.858;-0.626;0.182;-3.093;-0.886;0.118;-1.001;-5.13;-0.639;-0.205;-2.137;-0.863;-0.065;-1.938;-0.795;-2.505;-0.508;-1.322;-0.989;-1.65;-1.619;-1.661;-1.251;-1.193;-1.984;-2.393;-0.51;-1.379;-2.107;-1.594;-2.922;-1.818;-1.334;-0.082;-0.901;-0.154;-0.7;-0.937;-1.381;-1.592;-1.121;-1.868;-1.216;-1.751;-1.274;-1.665;-2.343;-1.498;-1.347;-2.033;0.172;-1.245;-1.613;-1.702;-3.851;-0.54;-1.377;-1.98;-1.378;-1.604;0.327;-1.949;-1.63;-2.07;-2.846;-3.673;-2.037;-2.372;-1.702;-1.953;-0.901;-1.896;-0.208;-2.051;-2.094;-0.775;-1.078;-1.176;-2.628;-1.746;-0.632;-2.377;-0.985;-2.065;-1.528;-1.666;-0.089;-1.022;-1.452;-1.808;-1.285;-1.047;-2.441;-0.993;-2.078;-1.668;-1.954;-0.235;-0.573;-1.348;-0.326;-0.945;-2.227;-0.656;-0.73;-1.075;-1.372;-2.64;-1.375;-1.808;-1.739;-0.978;-1.374;-0.974;-0.794;-1.745;-0.682;-3.347;-0.442;-2.085;-2.243;-0.784;-1.952;-1.419;-1.988;-2.225;-1.651;-1.365;-1.356;-1.496;-1.573;-1.247;-2.18;-1.123;-0.955;-2.164;-2.948;-2.442;-1.609;-1.044;-1.385;-1.622;-1.197;-0.291;-2.328;-3.069;-0.215;-1.433;-0.149;-3.658;-2.376;-1.589;-2.586;-1.157;-2.198;-1.159;-0.643;-1.66;0.405;-0.56;-1.597;-1.845;-0.418;-1.169;-1.287;-1.847;-3.204;-1.504;-3.2;-0.362;-1.616;-1.343;0.075;-0.756;-1.526;-2.387;-2.411;-0.657;-0.572;-0.878;0.483;-1.109;-0.908;-1.332;-0.841;-1.069;-1.269;-1.224;-0.491;1.302;0.829;-1.646;0.249;-0.917;-0.597;-2.242;-0.591;-0.422;-0.92;-0.433;-0.335;-1.075;-1.051;-2.207;-1.328;0.68;-2.396;-0.654;-1.788;-1.827;-0.166;
1,1,12,A,12,I374,,-1,-1.5,0.0,0.0,0.0,0.0,-1.370851,0.850077,-1.103;-0.658;-0.981;-1.185;-1.587;-1.307;0.729;-1.891;-2.769;-0.722;-1.87;-0.925;-2.193;-2.881;-1.738;0.358;-1.753;-1.159;-0.344;-2.945;-2.374;-1.559;-1.7;-3.05;-1.667;-1.4;-1.392;-0.904;-0.881;-2.226;-1.038;-0.224;-0.153;-2.661;-1.306;-0.7;-0.973;-2.147;-1.324;-1.852;-1.119;-0.802;-2.341;-1.335;-0.991;-1.273;-2.893;-0.007;-1.364;-2.43;-1.081;-1.215;-0.428;-1.649;-2.122;-0.155;-0.548;-1.323;-0.62;-2.147;-1.22;-1.628;-2.32;-0.882;-1.861;-2.153;-1.056;-0.919;-1.672;-0.772;-1.545;-0.193;-0.186;-0.1;-2.169;-0.309;-1.446;-1.761;-0.903;-3.378;-1.722;-1.286;-1.827;-2.997;-0.378;-1.319;-1.481;-0.651;-2.077;0.095;-1.442;-0.314;-1.551;-0.075;0.006;-0.903;-1.723;-2.697;-2.411;-2.472;0.252;-0.985;-1.944;-0.238;-2.017;-1.367;-1.378;-3.417;-0.977;-2.268;-1.548;-2.314;-0.531;-1.704;-0.719;-1.102;-2.216;-1.626;-1.493;-2.185;-2.229;-1.666;-1.529;-0.519;-0.788;-2.581;-1.791;-0.723;-1.401;-0.301;-1.72;-2.734;0.144;-0.253;-2.176;-2.163;-2.347;-0.377;-0.411;-1.742;-1.236;-1.121;-0.563;-1.606;-0.951;-0.907;-1.737;-1.661;-1.559;-1.236;-1.968;-1.148;0.099;-1.996;-1.106;-0.928;0.076;-1.12;-0.656;-2.929;-1.426;-2.012;-2.051;-1.669;-1.116;-1.415;-0.108;-1.243;-1.744;-0.878;-1.443;-2.109;-2.733;-1.543;-0.097;-1.278;-1.235;-3.141;-1.009;-1.769;-1.341;-0.982;-1.039;-0.489;-1.051;-1.121;0.074;-0.753;-2.237;-0.177;-1.572;-1.351;-1.572;-0.957;-2.324;-0.313;-1.28;-1.796;-1.728;-1.203;-1.201;0.064;-1.022;-1.279;-1.37;-1.727;-0.869;-2.853;-0.362;-1.754;-1.451;-1.812;-2.901;-1.402;-0.373;-0.339;-1.031;-0.503;-2.782;-2.565;-0.641;-2.268;-1.343;-0.299;0.24;-1.068;-1.193;-2.01;-1.311;-0.997;-2.229;0.217;-2.779;-1.086;-0.739;-1.688;-1.865;-0.577;-1.305;-0.577;-1.319;-0.369;-0.785;-1.768;-0.641;-2.723;-1.453;-1.678;-2.408;-1.775;-1.094;-0.87;-1.09;0.029;-1.229;-1.559;-3.057;-2.333;-3.637;-0.866;-0.457;-0.556;-2.017;-1.105;-1.701;-2.733;-1.416;-0.678;-0.773;-1.952;-2.393;-2.017;-2.204;-0.665;0.228;-1.891;-2.756;-2.235;-1.065;-2.03;-0.56;-0.484;-1.993;-0.714;-2.645;-2.383;-0.852;-2.541;-1.494;-0.858;-0.626;0.182;-3.093;-0.886;0.118;-1.001;-5.13;-0.639;-0.205;-2.137;-0.863;-0.065;-1.938;-0.795;-2.505;-0.508;-1.322;-0.989;-1.65;-1.619;-1.661;-1.251;-1.193;-1.984;-2.393;-0.51;-1.379;-2.107;-1.594;-2.922;-1.818;-1.334;-0.082;-0.901;-0.154;-0.7;-0.937;-1.381;-1.592;-1.121;-1.868;-1.216;-1.751;-1.274;-1.665;-2.343;-1.498;-1.347;-2.033;0.172;-1.245;-1.613;-1.702;-3.851;-0.54;-1.377;-1.98;-1.378;-1.604;0.327;-1.949;-1.63;-2.07;-2.846;-3.673;-2.037;-2.372;-1.702;-1.953;-0.901;-1.896;-0.208;-2.051;-2.094;-0.775;-1.078;-1.176;-2.628;-1.746;-0.632;-2.377;-0.985;-2.065;-1.528;-1.666;-0.089;-1.022;-1.452;-1.808;-1.285;-1.047;-2.441;-0.993;-2.078;-1.668;-1.954;-0.235;-0.573;-1.348;-0.326;-0.945;-2.227;-0.656;-0.73;-1.075;-1.372;-2.64;-1.375;-1.808;-1.739;-0.978;-1.374;-0.974;-0.794;-1.745;-0.682;-3.347;-0.442;-2.085;-2.243;-0.784;-1.952;-1.419;-1.988;-2.225;-1.651;-1.365;-1.356;-1.496;-1.573;-1.247;-2.18;-1.123;-0.955;-2.164;-2.948;-2.442;-1.609;-1.044;-1.385;-1.622;-1.197;-0.291;-2.328;-3.069;-0.215;-1.433;-0.149;-3.658;-2.376;-1.589;-2.586;-1.157;-2.198;-1.159;-0.643;-1.66;0.405;-0.56;-1.597;-1.845;-0.418;-1.169;-1.287;-1.847;-3.204;-1.504;-3.2;-0.362;-1.616;-1.343;0.075;-0.756;-1.526;-2.387;-2.411;-0.657;-0.572;-0.878;0.483;-1.109;-0.908;-1.332;-0.841;-1.069;-1.269;-1.224;-0.491;1.302;0.829;-1.646;0.249;-0.917;-0.597;-2.242;-0.591;-0.422;-0.92;-0.433;-0.335;-1.075;-1.051;-2.207;-1.328;0.68;-2.396;-0.654;-1.788;-1.827;-0.166;
1,1,13,A,13,I243,,-1,-1.5,0.0,0.0,0.0,0.0,-1.370851,0.850077,-1.103;-0.658;-0.981;-1.185;-1.587;-1.307;0.729;-1.891;-2.769;-0.722;-1.87;-0.925;-2.193;-2.881;-1.738;0.358;-1.753;-1.159;-0.344;-2.945;-2.374;-1.559;-1.7;-3.05;-1.667;-1.4;-1.392;-0.904;-0.881;-2.226;-1.038;-0.224;-0.153;-2.661;-1.306;-0.7;-0.973;-2.147;-1.324;-1.852;-1.119;-0.802;-2.341;-1.335;-0.991;-1.273;-2.893;-0.007;-1.364;-2.43;-1.081;-1.215;-0.428;-1.649;-2.122;-0.155;-0.548;-1.323;-0.62;-2.147;-1.22;-1.628;-2.32;-0.882;-1.861;-2.153;-1.056;-0.919;-1.672;-0.772;-1.545;-0.193;-0.186;-0.1;-2.169;-0.309;-1.446;-1.761;-0.903;-3.378;-1.722;-1.286;-1.827;-2.997;-0.378;-1.319;-1.481;-0.651;-2.077;0.095;-1.442;-0.314;-1.551;-0.075;0.006;-0.903;-1.723;-2.697;-2.411;-2.472;0.252;-0.985;-1.944;-0.238;-2.017;-1.367;-1.378;-3.417;-0.977;-2.268;-1.548;-2.314;-0.531;-1.704;-0.719;-1.102;-2.216;-1.626;-1.493;-2.185;-2.229;-1.666;-1.529;-0.519;-0.788;-2.581;-1.791;-0.723;-1.401;-0.301;-1.72;-2.734;0.144;-0.253;-2.176;-2.163;-2.347;-0.377;-0.411;-1.742;-1.236;-1.121;-0.563;-1.606;-0.951;-0.907;-1.737;-1.661;-1.559;-1.236;-1.968;-1.148;0.099;-1.996;-1.106;-0.928;0.076;-1.12;-0.656;-2.929;-1.426;-2.012;-2.051;-1.669;-1.116;-1.415;-0.108;-1.243;-1.744;-0.878;-1.443;-2.109;-2.733;-1.543;-0.097;-1.278;-1.235;-3.141;-1.009;-1.769;-1.341;-0.982;-1.039;-0.489;-1.051;-1.121;0.074;-0.753;-2.237;-0.177;-1.572;-1.351;-1.572;-0.957;-2.324;-0.313;-1.28;-1.796;-1.728;-1.203;-1.201;0.064;-1.022;-1.279;-1.37;-1.727;-0.869;-2.853;-0.362;-1.754;-1.451;-1.812;-2.901;-1.402;-0.373;-0.339;-1.031;-0.503;-2.782;-2.565;-0.641;-2.268;-1.343;-0.299;0.24;-1.068;-1.193;-2.01;-1.311;-0.997;-2.229;0.217;-2.779;-1.086;-0.739;-1.688;-1.865;-0.577;-1.305;-0.577;-1.319;-0.369;-0.785;-1.768;-0.641;-2.723;-1.453;-1.678;-2.408;-1.775;-1.094;-0.87;-1.09;0.029;-1.229;-1.559;-3.057;-2.333;-3.637;-0.866;-0.457;-0.556;-2.017;-1.105;-1.701;-2.733;-1.416;-0.678;-0.773;-1.952;-2.393;-2.017;-2.204;-0.665;0.228;-1.891;-2.756;-2.235;-1.065;-2.03;-0.56;-0.484;-1.993;-0.714;-2.645;-2.383;-0.852;-2.541;-1.494;-0.858;-0.626;0.182;-3.093;-0.886;0.118;-1.001;-5.13;-0.639;-0.205;-2.137;-0.863;-0.065;-1.938;-0.795;-2.505;-0.508;-1.322;-0.989;-1.65;-1.619;-1.661;-1.251;-1.193;-1.984;-2.393;-0.51;-1.379;-2.107;-1.594;-2.922;-1.818;-1.334;-0.082;-0.901;-0.154;-0.7;-0.937;-1.381;-1.592;-1.121;-1.868;-1.216;-1.751;-1.274;-1.665;-2.343;-1.498;-1.347;-2.033;0.172;-1.245;-1.613;-1.702;-3.851;-0.54;-1.377;-1.98;-1.378;-1.604;0.327;-1.949;-1.63;-2.07;-2.846;-3.673;-2.037;-2.372;-1.702;-1.953;-0.901;-1.896;-0.208;-2.051;-2.094;-0.775;-1.078;-1.176;-2.628;-1.746;-0.632;-2.377;-0.985;-2.065;-1.528;-1.666;-0.089;-1.022;-1.452;-1.808;-1.285;-1.047;-2.441;-0.993;-2.078;-1.668;-1.954;-0.235;-0.573;-1.348;-0.326;-0.945;-2.227;-0.656;-0.73;-1.075;-1.372;-2.64;-1.375;-1.808;-1.739;-0.978;-1.374;-0.974;-0.794;-1.745;-0.682;-3.347;-0.442;-2.085;-2.243;-0.784;-1.952;-1.419;-1.988;-2.225;-1.651;-1.365;-1.356;-1.496;-1.573;-1.247;-2.18;-1.123;-0.955;-2.164;-2.948;-2.442;-1.609;-1.044;-1.385;-1.622;-1.197;-0.291;-2.328;-3.069;-0.215;-1.433;-0.149;-3.658;-2.376;-1.589;-2.586;-1.157;-2.198;-1.159;-0.643;-1.66;0.405;-0.56;-1.597;-1.845;-0.418;-1.169;-1.287;-1.847;-3.204;-1.504;-3.2;-0.362;-1.616;-1.343;0.075;-0.756;-1.526;-2.387;-2.411;-0.657;-0.572;-0.878;0.483;-1.109;-0.908;-1.332;-0.841;-1.069;-1.269;-1.224;-0.491;1.302;0.829;-1.646;0.249;-0.917;-0.597;-2.242;-0.591;-0.422;-0.92;-0.433;-0.335;-1.075;-1.051;-2.207;-1.328;0.68;-2.396;-0.654;-1.788;-1.827;-0.166;
1,1,14,A,14,I091,,1,-1.5,0.0,0.0,0.0,0.0,-0.788162,0.774919,-1.035;-0.634;0.109;-0.096;-0.655;-1.538;1.16;-1.768;-1.492;0.282;-0.714;0.014;-1.261;-0.751;-1.443;-1.929;0.15;-0.608;-0.608;-2.227;-0.124;-0.791;-0.932;-2.29;-0.899;-0.63;-0.623;-0.132;0.008;-1.244;-0.05;-0.737;-0.226;-1.312;-0.416;-0.309;-0.583;-0.885;-0.569;-1.099;-0.33;-0.675;-1.357;-0.473;-0.829;-0.438;-2.571;0.181;-1.185;-0.277;-0.258;-1.737;-1.804;-1.414;-1.889;-1.39;-0.042;-0.368;0.34;-1.197;-0.264;-0.327;-1.619;-0.173;-1.158;-1.451;-0.349;-0.211;-0.968;-0.745;-0.124;0.231;-0.025;0.329;-1.752;0.118;-1.025;-1.342;-0.479;-2.438;-1.295;-1.295;-1.032;-2.209;0.425;-0.521;-0.757;0.078;-3.041;-0.543;-1.219;-0.085;-1.483;0.474;-1.088;0.447;-0.811;-1.791;-1.127;-1.536;-0.239;-0.389;-1.354;0.362;-1.427;-1.108;-0.741;-2.79;-0.337;-1.635;-0.912;-1.681;0.112;-1.068;-0.077;-0.463;-0.866;-1.432;-1.047;-1.742;-1.424;-0.857;-0.72;0.295;0.306;-1.497;-0.761;-0.749;-0.594;-0.412;-1.025;-2.045;-0.993;0.155;-0.735;-2.191;-1.918;0.062;0.07;-1.269;-0.76;-0.645;-1.302;-1.414;-0.587;-0.544;-2.524;-0.778;-0.676;-0.351;-1.087;-0.604;0.65;-2.777;-0.639;-0.461;0.549;-0.654;-0.258;-1.661;-0.875;-1.464;-1.503;-1.119;-0.563;-0.864;0.451;-0.691;-1.195;-0.777;-0.819;-1.488;-1.637;0.76;0.391;-0.137;-1.173;-2.387;-0.243;-1.007;-1.878;-0.278;-0.336;-1.93;-0.722;-0.034;0.807;-0.025;-0.166;-1.107;-0.737;-0.515;-0.646;-0.027;-1.402;-1.404;-0.684;-1.202;-1.052;-0.524;-0.522;0.75;-0.342;-0.6;-0.692;-1.051;0.199;-1.65;0.094;-1.306;-1.002;-0.308;-2.394;-0.296;0.38;0.414;-0.282;0.248;-1.12;-2.077;-0.142;-1.106;-0.662;-0.88;-1.386;-0.862;-0.989;-1.81;-0.204;-0.774;-2.013;-0.47;-2.129;-0.426;-0.732;-0.519;-0.987;-1.281;-0.774;-1.063;-0.964;1.021;-0.288;-1.277;-0.143;-2.237;-0.96;-1.187;-1.92;-1.284;-0.599;-0.374;-0.595;0.53;0.03;-1.021;-0.71;-2.071;-1.667;-0.988;-0.072;-0.172;-0.931;-0.626;-1.225;-2.263;-0.939;-0.197;-0.292;-1.477;-1.921;-1.542;-1.512;0.035;0.934;-1.457;-1.868;-1.345;-0.328;-1.143;-0.724;-0.647;-1.579;-0.293;-0.912;-2.631;0.259;-2.404;-1.185;-0.545;0.16;-0.12;-1.106;-0.376;0.633;-0.493;-3.117;-0.897;-1.228;-2.047;-0.166;0.636;-1.248;-2.526;-2.131;-0.123;-0.941;-0.607;-1.271;-1.239;-1.091;-0.358;-0.449;-1.245;-1.655;0.238;-0.636;-1.368;-1.074;-0.701;-0.818;-0.563;0.696;-0.128;0.624;0.075;-0.163;-0.611;-0.823;-0.349;-1.1;-0.444;-0.983;-0.502;-0.895;-1.577;-1.531;-0.423;-1.113;0.394;-1.031;-0.35;-0.751;-2.913;0.193;-0.648;-1.255;-0.649;-0.876;0.019;-0.676;-0.457;-1.761;-2.126;-1.724;-1.147;-0.911;-0.591;-1.065;0.829;-1.056;0.317;-1.535;-1.579;-0.252;-0.557;-0.655;-2.116;-1.229;0.432;-1.762;-0.362;-0.006;-0.739;-0.878;0.709;-0.23;-1.89;-0.736;-1.181;-0.245;-1.647;-1.372;-1.39;-0.977;-1.265;0.325;-0.016;-0.883;0.145;-0.392;-1.223;-0.832;0.336;-0.555;-0.854;-2.128;-0.3;-1.047;-0.987;0.22;-0.618;-0.216;-1.84;-0.808;-0.332;-3.058;-1.147;-1.297;-1.456;0.01;-1.164;-0.628;-1.2;-1.438;-0.861;-1.438;-0.79;-0.931;-1.008;-1.728;-1.632;-0.569;-0.4;-1.616;-2.405;-1.895;-1.058;-0.343;-0.685;-0.923;-0.496;-0.742;-1.634;-2.379;0.491;-0.734;-0.09;-0.727;-1.893;0.361;-0.642;-1.07;-1.82;0.584;-1.104;-0.628;0.38;-0.59;-0.91;-1.159;-0.985;-0.436;-0.555;-1.118;-2.482;-0.773;-2.763;0.091;-0.241;-0.692;0.733;-0.856;-1.58;-2.074;-0.019;-0.172;-0.086;-0.394;0.975;-0.626;-0.424;-0.661;-0.981;-0.586;-1.46;-0.594;0.143;-0.668;0.995;-0.697;0.056;-0.32;0.002;-1.653;0.008;0.178;-0.323;0.787;0.885;0.141;-0.387;-1.55;-0.666;-0.637;-0.695;-0.288;0.171;-0.665;0.318;
1,1,15,A,15,I166,,0,-1.5,0.0,0.0,0.0,0.0,-0.973942,0.729747,-0.584;0.17;-0.126;-0.313;-0.823;-1.628;0.832;-1.837;-2.642;-0.353;-1.405;-0.539;-1.701;-2.332;-1.284;0.638;-1.298;-0.753;-0.006;-2.39;-1.867;-1.12;-1.249;-2.486;-1.219;-0.974;-0.967;-0.519;-0.849;-2.082;-0.166;-0.792;-0.327;-1.317;-0.5;-0.402;-0.653;-1.729;-0.975;-1.297;-0.625;-0.335;-1.745;-0.939;-0.624;-2.157;-2.648;-0.14;-1.384;-1.564;-0.328;-0.954;-0.551;-1.621;-2.054;-1.599;-0.37;-0.668;-0.023;-1.423;-0.573;-1.238;-1.872;-0.553;-0.366;-1.661;-0.656;-0.222;-0.913;-1.001;-0.436;-0.112;-0.345;-0.022;-1.688;0.017;-1.025;-1.314;-0.528;-2.313;-1.271;-0.872;-1.367;-2.44;-0.039;-0.902;-1.051;-0.29;-1.597;-1.062;-1.348;-0.313;-1.588;0.196;-1.228;-0.296;-1.047;-1.941;-1.336;-1.708;-0.526;-0.663;-1.542;0.022;-1.609;-1.318;-0.983;-2.852;-0.615;-1.799;-1.139;-1.841;-0.206;-1.282;-0.378;-0.174;-1.374;-1.287;-1.165;-1.799;-1.84;-0.662;-1.072;-0.199;-0.446;-0.898;-0.809;-0.799;-0.249;-0.345;-0.905;-1.648;-0.967;0.08;-1.683;-1.671;-1.839;-0.034;-0.065;-1.285;-0.821;-0.716;-0.205;-1.161;-0.56;-0.52;-1.281;-1.21;-1.118;-0.822;-1.492;-0.74;-0.011;-2.899;-0.691;-0.528;0.392;-0.705;-0.343;-1.623;-0.906;-1.443;-1.479;-1.129;-0.622;-0.896;-1.445;-1.108;-1.567;-1.186;-1.043;-1.653;-2.226;-1.134;0.191;-0.892;-0.969;-2.717;0.308;-1.222;-0.83;-0.501;-0.553;-2.006;-0.905;-0.278;0.488;-0.269;-0.398;-1.256;-0.919;-0.716;-0.836;-0.272;-2.012;-0.169;-1.056;-0.565;-1.254;-0.773;-0.771;0.388;-0.607;-0.842;-0.926;-1.253;-0.466;-2.285;-0.001;-1.278;-1.0;-0.493;-2.394;-0.482;0.462;-0.163;-0.797;-0.618;-1.651;-2.524;-0.76;-1.639;-1.103;-0.146;-1.122;-1.122;-1.237;-1.986;-0.522;-0.234;-1.363;0.291;-2.455;-0.904;-1.182;-0.851;-1.277;-0.096;-0.763;-1.331;-1.241;0.569;-0.132;-1.247;-0.213;-2.123;-0.958;-1.165;-1.834;-1.254;-0.629;-0.424;-0.626;0.4;-0.753;-1.055;-2.428;-1.765;-2.96;-0.42;-0.222;-0.313;-1.652;-0.824;-1.37;-0.534;-0.43;0.247;-0.778;-1.859;-2.264;-1.918;-1.234;0.177;0.071;-1.632;-2.006;-1.529;-0.602;-1.487;-0.14;-0.07;-1.453;-0.929;-1.982;-1.742;-0.338;-1.886;-1.23;-0.647;0.161;-0.094;-0.993;-0.328;-0.605;-1.037;-3.093;-1.07;-1.372;-2.118;-0.403;0.328;-1.389;-0.342;-1.909;-0.079;-0.825;-0.52;-1.125;-1.283;-1.147;-0.772;-0.718;-1.444;-1.818;-0.092;-0.889;-1.556;-1.086;-2.303;-1.291;-0.847;0.3;-0.451;0.234;-0.266;-0.483;-0.891;-1.084;-0.652;-1.337;-0.739;-1.23;-0.792;-1.15;-1.772;-1.73;-0.72;-1.348;0.025;-1.274;-0.654;-1.019;-2.99;-0.158;-0.925;-1.478;-0.926;-1.133;0.637;-1.449;-1.156;-1.56;-2.271;-3.029;-1.53;-1.837;-0.787;-1.449;-0.485;-1.397;-0.145;-1.297;-0.706;-1.46;-0.475;-1.474;-2.805;-1.456;0.058;-1.941;-0.666;-0.341;-1.009;-1.136;0.311;-0.545;-0.94;-1.266;-0.786;-1.367;-1.561;-1.311;-1.327;-0.951;-1.213;-1.074;-0.055;-0.846;0.091;-0.477;-1.651;-1.295;-0.23;-1.042;-1.315;-2.109;-0.441;-1.123;0.181;-0.397;-0.761;-0.394;-1.875;-0.934;-0.5;-2.985;-1.243;-1.38;-1.525;-0.188;-1.259;-0.77;-1.291;-1.509;-0.662;-1.189;-1.18;-1.869;-0.101;-1.059;-0.579;-1.244;-1.091;-2.199;-2.918;-2.079;-1.915;-0.604;-0.916;-1.134;-0.744;0.087;-1.781;-2.46;0.156;-0.96;-1.77;-0.737;-1.861;-1.139;-2.053;-0.743;-1.428;0.304;-1.235;-0.801;0.117;-0.767;-1.059;-1.285;0.023;-0.585;-0.693;-1.207;-2.451;-0.892;-2.707;-0.105;-1.924;-0.964;0.336;-0.426;-1.132;-1.921;-1.943;-0.335;-0.257;-0.538;0.71;-0.75;-0.565;-0.954;-1.246;-0.886;-1.683;-0.893;-0.221;-0.961;0.556;-0.981;-0.295;-0.637;-0.344;-1.882;-0.369;-0.213;-0.67;0.341;0.431;-0.248;-0.729;-0.18;-1.041;-0.268;-0.733;-0.362;-0.884;-1.257;-0.498;
1,1,16,A,16,I185,,0,-1.5,0.0,0.0,0.0,0.0,-1.143254,0.703837,-1.322;-0.938;-0.3;-0.476;-0.956;-1.603;0.155;-1.464;-2.222;-0.456;-1.446;-0.631;-1.725;-2.319;-1.333;0.477;-1.345;-0.832;-0.129;-2.374;-1.882;-1.178;-1.3;-2.465;-1.271;-1.04;-1.034;-0.612;-0.593;-1.753;-0.728;-0.025;-0.776;-1.708;-0.939;-0.846;-0.825;-1.749;-1.039;-1.494;-0.861;-0.588;-1.917;-1.158;-0.861;-1.782;-2.775;-0.413;-1.429;-1.87;-0.706;-1.744;-1.989;-1.654;-2.062;-1.634;-0.476;-0.757;-0.149;-1.468;-0.667;-0.721;-1.83;-0.589;-1.435;-1.686;-0.74;-0.621;-1.271;-0.494;-1.162;0.006;0.012;-1.239;-1.821;-0.216;-1.197;-1.469;-0.728;-2.865;-1.435;-1.059;-1.525;-2.536;-0.275;-1.087;-1.227;-0.511;-1.742;0.134;-1.194;-0.22;-1.288;-0.013;0.057;-0.728;-1.436;-2.277;-2.03;-1.792;-0.678;-0.807;-1.635;-0.162;-1.698;-1.624;-0.475;-2.288;-0.628;-1.742;-1.121;-1.782;-0.242;-1.256;-0.761;-0.569;-1.699;-1.617;-1.287;-1.884;-1.922;-0.813;-1.199;-0.327;-0.56;-2.107;-1.425;-2.001;-1.352;-0.608;-1.134;-1.834;-1.193;-0.207;-1.868;-1.856;-2.015;-0.314;-0.343;-1.493;-1.056;-0.957;-0.475;-1.376;-0.81;-0.772;-1.489;-1.423;-1.335;-1.056;-1.307;-0.892;0.184;-1.625;-0.856;-0.703;0.164;-0.869;-0.467;-2.43;-1.132;-1.638;-1.672;-1.342;-0.865;-1.123;0.005;-0.974;-1.407;-0.66;-1.147;-1.722;-2.261;-1.233;0.015;-1.005;-1.078;-2.724;0.125;-1.316;-0.946;-0.636;-0.686;-2.054;-1.018;-1.855;0.019;-0.695;-1.976;-1.112;-1.255;-1.064;-1.255;-0.724;-1.904;-1.905;-0.993;-1.438;-1.38;-0.927;-0.925;0.167;-0.771;-0.992;-1.07;-1.379;-0.638;-2.351;-0.2;-1.402;-1.141;-1.452;-2.392;-1.099;-0.21;-0.181;-0.778;-0.323;-2.29;-2.103;-0.442;-1.846;-1.342;-0.441;0.329;-0.8;-0.908;-1.613;-1.01;-0.739;-1.802;0.309;-2.277;-0.816;-0.516;-1.336;-1.488;-0.376;-1.005;-1.539;-1.454;0.25;-0.41;-1.46;-0.487;-2.284;-1.188;-1.382;-2.012;-1.466;-0.878;-0.685;-0.875;0.091;-0.994;-1.279;-2.572;-1.947;-3.073;-0.681;-0.328;-0.414;-1.674;-0.888;-1.402;-2.293;-1.156;-0.519;-0.601;-1.618;-2.0;-1.674;-1.836;-0.508;0.264;-1.566;-2.312;-1.863;-0.853;-1.686;-0.417;-0.351;-1.654;-0.55;-2.014;-1.788;-0.467;-2.226;-1.323;-0.774;-0.573;0.124;-2.703;-0.797;0.069;-0.897;-3.15;-1.245;-1.529;-2.231;-0.617;0.072;-1.545;-0.559;-2.035;-0.311;-1.014;-0.726;-1.296;-1.445;-1.317;-0.964;-0.913;-1.596;-1.949;-0.323;-1.074;-1.702;-1.45;-2.596;-1.643;-1.225;-0.145;-0.546;0.099;-0.372;-0.577;-1.18;-1.362;-0.955;-1.6;-1.037;-1.499;-1.086;-1.424;-2.01;-1.121;-0.991;-1.583;0.32;-0.903;-1.22;-1.297;-3.153;-0.295;-1.017;-1.538;-2.317;-1.727;0.764;-1.2;-1.012;-2.132;-2.445;-3.159;-1.746;-2.036;-1.091;-1.091;-1.009;-1.567;-0.388;-1.473;-0.916;-1.626;-0.699;-1.639;-2.893;-1.622;-0.196;-2.079;-0.878;-0.572;-1.78;-1.9;-0.068;-0.874;-1.245;-1.552;-1.101;-0.895;-2.098;-0.811;-1.748;-1.394;-1.641;-0.156;-0.449;-1.118;-0.235;-0.77;-1.484;-1.148;-0.145;-0.91;-1.167;-2.261;-0.691;-1.333;-1.281;-0.624;-1.344;-0.446;-1.84;-1.578;-0.66;-3.0;-1.359;-1.488;-1.625;-0.366;-1.374;-1.156;-1.647;-1.852;-0.739;-1.235;-1.226;-1.875;-0.211;-1.113;-1.912;-0.999;-0.854;-1.898;-2.575;-2.138;-1.983;-0.749;-1.043;-1.247;-0.881;-1.091;-1.858;-2.497;-0.033;-1.084;-0.531;-1.078;-2.136;-0.202;-1.063;-0.177;-2.054;0.01;-1.439;-1.03;-0.165;-0.998;-1.273;-1.486;-0.254;-0.903;-1.005;-1.488;-2.66;-1.192;-2.656;-0.206;-1.289;-0.4;-0.824;-0.706;-1.371;-2.114;-2.134;-0.621;0.119;-0.698;0.477;-0.898;-0.724;-1.09;-0.666;-0.863;-1.613;-0.869;-0.237;-0.933;0.495;-0.958;-0.311;-0.634;-0.358;-1.778;-0.93;-0.784;-0.36;-1.208;-0.159;-0.797;-1.25;-1.173;-1.371;-0.643;-1.08;-0.731;-0.337;-2.001;-0.369;
1,1,17,A,17,I134,,0,-1.5,0.0,0.0,0.0,0.0,-1.254621,0.69086,-1.326;-0.956;-0.576;-0.746;-1.209;-1.94;0.294;-2.13;-2.861;-0.782;-1.738;-0.951;-2.007;-0.46;-1.033;-2.735;-1.014;-1.112;-1.556;-1.488;-2.214;-1.535;-0.878;-2.002;-0.85;-1.421;-1.415;-1.009;-1.23;-2.35;-0.61;-1.178;-0.756;-1.654;-0.913;-0.824;-1.051;-1.301;-1.039;-1.478;-1.524;-1.143;-1.708;-0.976;-0.69;-0.924;-2.869;-0.591;-1.571;-1.997;-0.874;-1.875;-2.112;-1.788;-2.182;-1.769;-0.652;-0.923;-0.336;-1.609;-0.837;-1.44;-2.016;-0.259;-1.615;-1.858;-0.945;-0.83;-1.458;-0.708;-1.352;-0.225;-0.22;-0.148;-1.871;-0.323;-1.269;-1.531;-0.817;-2.878;-1.499;-1.136;-1.586;-2.56;-0.38;-1.163;-1.298;-0.608;-1.795;0.014;-1.266;-0.326;-1.357;-0.127;-0.06;-0.321;-1.003;-1.815;-1.472;-2.091;0.177;-0.853;-1.652;-0.231;-1.712;-1.171;-1.18;-2.878;-0.846;-1.921;-1.322;-1.959;-0.475;-1.452;-1.797;-0.784;-1.874;-1.383;-1.272;-1.848;-1.885;-1.415;-1.302;-0.461;-0.412;-1.905;-1.247;-1.237;-0.738;-0.825;-1.333;-2.008;-1.389;-0.439;-2.04;-2.029;-2.182;-0.542;-0.536;-1.644;-1.223;-1.127;-0.663;-1.531;-0.985;-0.949;-2.589;-1.143;-1.059;-0.79;-1.712;-1.028;0.01;-1.735;-0.994;-0.846;-0.01;-1.006;-0.619;-2.511;-1.26;-1.748;-1.78;-1.462;-1.002;-1.251;-0.163;-1.108;-1.525;-0.804;-1.274;-1.828;-2.349;-1.357;-0.154;-1.137;-1.101;-2.688;-0.913;-1.546;-1.19;-0.891;-0.938;-2.258;-1.258;-0.689;0.306;-0.99;-0.437;-1.25;-1.388;-1.204;-1.388;-0.876;-2.014;-0.34;-1.145;-1.574;-1.518;-1.081;-1.079;-0.026;-0.93;-1.144;-1.219;-1.517;-0.802;-2.454;-0.38;-1.539;-1.287;-1.588;-2.494;-1.247;-0.39;-0.361;-0.938;-0.498;-2.396;-2.215;-0.613;-1.968;-1.197;-1.378;-1.797;-1.364;-1.468;-2.148;-0.819;-0.557;-1.582;-0.08;-2.575;-1.165;-1.418;-1.284;-1.431;-0.358;-0.965;-1.48;-1.398;0.245;-0.839;-1.657;-0.719;-2.453;-1.395;-1.583;-2.19;-1.178;-1.508;-1.247;-0.89;0.042;-1.005;-1.28;-2.527;-1.924;-3.01;-0.703;-0.523;-0.606;-1.822;-1.063;-1.559;-0.801;-0.705;-0.091;-1.022;-2.004;-2.371;-2.058;-2.033;-0.752;-0.008;-1.772;-2.113;-1.679;-0.837;-1.641;-0.459;-0.396;-2.182;-1.117;-2.073;-1.856;-0.581;-2.278;-1.407;-0.877;-0.683;-0.011;-2.737;-0.9;-0.064;-0.996;-2.898;-1.061;-0.624;-2.232;-0.675;-0.011;-1.571;-0.619;-2.043;-0.38;-1.058;-1.36;-1.096;-1.805;-0.186;-0.946;-1.022;-1.681;-2.021;-0.453;-1.177;-1.783;-1.54;-2.645;-1.725;-1.323;-0.281;-0.668;-0.046;-0.5;-0.698;-1.279;-1.454;-1.062;-1.684;-1.141;-1.587;-1.189;-1.515;-2.079;-1.222;-1.097;-1.668;0.168;-1.012;-1.318;-1.392;-3.182;-0.425;-1.754;-2.256;-2.316;-1.747;0.656;-1.239;-1.057;-2.137;-2.439;-3.128;-1.765;-2.045;-1.487;-1.696;-0.819;-1.648;-0.511;-1.558;-1.02;-1.705;-0.811;-1.718;-2.927;-1.702;-0.326;-2.143;-0.984;-0.689;-1.854;-1.97;-0.203;-0.98;-1.338;-1.634;-1.199;-1.001;-2.161;-0.92;-1.823;-1.481;-1.72;-0.288;-0.57;-1.215;-0.364;-0.88;-1.947;-1.623;-0.656;-0.944;-1.191;-2.247;-1.193;-1.554;-1.497;-0.862;-1.193;-0.86;-0.71;-1.501;-0.616;-2.835;-0.417;-1.784;-1.916;-0.702;-1.674;-1.23;-1.704;-1.901;-1.423;-1.901;-1.365;-1.99;-0.385;-1.255;-0.819;-1.423;-1.284;-2.29;-2.943;-1.781;-1.087;-0.708;-0.992;-1.189;-0.835;-1.189;-1.927;-2.544;-0.548;-2.688;-1.897;-0.959;-1.98;-1.324;-2.154;-0.965;-1.832;-0.967;-0.537;-1.384;0.177;-0.626;-1.49;-1.633;-0.445;-1.071;-1.169;-1.635;-2.765;-1.35;-2.762;-0.398;-2.051;-1.179;0.002;-0.69;-1.332;-2.048;-2.068;-0.608;-0.537;-1.023;0.11;-1.216;-1.048;-0.334;-2.087;-1.33;-2.053;-1.336;-0.726;0.767;0.373;-1.028;-0.404;-0.715;-0.449;-1.819;-1.001;-0.86;-0.451;-1.269;-0.257;-0.873;-1.31;-0.812;-1.603;-0.901;-1.323;-0.986;-0.606;-1.298;-0.484;
1,1,18,A,18,I045,,1,-1.5,0.0,0.0,0.0,0.0,-0.904084,0.69087,-0.886;-0.523;-0.15;-0.317;-0.771;-1.488;0.704;-1.437;-2.155;-0.482;-1.42;-0.648;-1.684;-0.166;-0.729;-2.399;-0.71;-0.806;0.411;-0.965;-1.89;-1.224;-0.579;-1.682;-0.551;-1.112;-0.847;-0.448;-0.429;-1.528;-0.557;0.108;-0.602;-1.485;-0.757;-0.262;-1.416;-1.543;-0.871;-1.158;-0.559;-0.77;-2.028;-1.205;-0.925;-1.796;-2.736;-0.5;-1.462;-0.791;-0.461;-1.443;-1.676;-1.358;-1.745;-1.339;-0.243;-0.877;-0.302;-1.551;-0.793;-1.126;-1.692;-0.516;-1.317;-1.555;-0.659;-0.547;-0.136;-0.493;-0.922;0.183;0.189;-0.995;-1.546;-0.027;-0.956;-1.213;-0.512;-2.535;-1.181;-0.825;-0.968;-1.925;-0.751;-0.775;-0.907;-1.04;-1.332;-0.855;-1.404;0.595;-1.468;0.122;0.188;-0.555;-0.602;-1.398;-1.062;-1.669;0.512;-0.499;-1.283;0.112;-1.342;-0.811;-0.82;-2.486;-0.492;-1.547;-0.959;-1.585;-0.127;-1.087;-0.619;-0.437;-1.506;-1.024;-0.915;-1.48;-1.517;-1.056;-0.945;-0.119;-0.071;-1.536;-0.89;-0.881;-0.391;-0.477;-0.975;-1.638;-1.031;-0.097;-1.181;-2.183;-1.508;-0.112;-0.139;-1.227;-0.813;-0.72;-0.264;-1.116;-0.58;-0.545;-1.223;-1.015;-0.932;-0.668;-1.266;-0.596;0.054;-2.731;-0.763;-0.617;0.203;-0.774;-0.452;-1.593;-0.954;-1.327;-1.359;-0.9;-0.66;-0.905;0.163;-0.764;-1.174;-0.984;-1.018;-1.562;-2.073;-1.099;0.082;-0.601;-0.565;-2.477;0.22;-1.145;-1.853;-0.552;-0.599;-1.894;-0.913;-0.354;0.622;-0.649;-0.107;-0.905;-1.04;-0.859;-1.04;-0.537;-1.655;-0.011;-0.802;-1.223;-1.101;-0.672;-0.67;0.363;-0.524;0.451;-0.936;-1.229;-0.527;-2.149;-0.113;-1.25;-1.003;-0.551;-2.246;-0.823;0.019;0.046;-0.519;-0.088;-1.95;-1.773;-0.201;-1.53;-1.053;-0.2;-1.07;-1.07;-1.173;-1.84;-0.535;-0.278;-1.285;0.19;-2.259;-0.875;-1.124;-0.992;-1.136;-0.083;-0.678;-1.184;-1.104;0.51;-0.116;-1.11;-0.188;-1.89;-0.852;-1.036;-1.632;-1.115;-0.559;-0.376;-0.556;0.359;-0.669;-0.938;-2.163;-1.571;-2.637;-0.372;-0.196;-0.277;-1.47;-0.726;-1.213;-0.468;-0.374;0.229;-0.685;-1.649;-2.01;-1.702;-1.677;-0.42;0.31;-1.422;-1.756;-1.33;-0.504;-1.293;-0.091;-0.029;-1.783;-0.738;-1.676;-1.462;-0.211;-1.877;-1.022;-0.502;-0.312;0.348;-2.328;-0.524;0.297;-0.619;-3.993;-0.323;0.032;-1.547;-0.505;-0.602;-1.482;-0.218;-1.616;-1.525;-0.522;-0.818;-1.358;-1.333;-1.212;-0.616;-0.69;-1.337;-1.671;-0.132;-0.842;-1.437;-1.198;-2.283;-1.381;-0.986;0.037;-0.343;0.268;-0.178;-0.372;-0.942;-1.115;-0.73;-0.642;-0.793;-1.231;-0.841;-1.16;-1.715;-0.873;-0.75;-1.311;0.491;-0.667;-0.967;-0.831;-2.588;-0.009;-1.162;-1.655;-1.162;-1.347;1.011;-0.848;-1.965;-2.445;-2.373;-0.627;-1.151;-0.959;-1.087;-1.292;0.248;-1.285;-0.168;-1.196;-0.668;-1.34;-0.463;-1.353;-2.54;-1.337;0.013;-1.77;-0.633;-0.343;-1.487;-1.6;-0.203;-1.606;-1.957;-1.019;-2.019;-1.258;-1.432;-1.444;-1.458;-1.123;-0.649;0.025;-0.252;-0.884;-0.049;-0.556;-1.603;-0.319;-0.379;-0.662;-0.905;-1.94;-0.906;-0.417;-1.354;-0.527;-0.851;-0.524;-0.377;-1.154;-0.768;-1.74;-1.28;-1.402;-1.531;-0.34;-1.294;-0.858;-1.323;-1.517;-1.048;-0.814;-0.593;-2.252;-0.234;-0.048;-1.411;-0.547;-0.41;-1.397;-2.039;-1.625;-0.944;-0.482;-0.761;-0.954;-0.607;-0.954;-1.679;-2.284;0.048;-0.947;0.102;-0.415;-1.417;-0.774;-1.589;-0.421;-1.272;0.272;-1.1;-1.035;0.497;-0.291;-1.139;-1.341;-0.175;-0.789;-0.885;-1.343;-2.452;-1.201;-2.312;0.008;-1.017;-0.75;-1.971;-0.773;-1.361;-1.851;-1.871;-0.437;0.263;-0.511;0.602;-0.7;-0.535;-0.882;-0.481;-0.667;-0.83;-0.793;-0.194;1.271;0.885;-1.069;0.48;-0.473;-0.212;-1.556;-1.937;-0.893;-0.122;-0.925;0.068;-0.536;-0.965;-0.476;-1.252;-0.563;-0.978;-0.647;-0.274;-0.953;-0.154;
1,1,19,A,19,I108,,0,-1.5,0.0,0.0,0.0,0.0,-0.952401,0.687838,-1.027;-0.663;-0.291;-0.457;-0.912;-1.629;0.564;-1.578;-2.295;0.025;-0.784;-1.927;-1.355;-0.941;-1.503;-1.898;-0.209;-0.825;0.392;-0.984;-1.909;-1.243;0.1;-2.299;-1.168;-0.95;-0.944;-0.545;-0.526;-1.625;-0.655;0.011;0.069;-1.981;-0.873;-0.378;-0.602;-1.561;-0.889;-1.32;-0.72;-1.001;-1.555;-0.837;-0.556;-0.786;-2.52;-0.283;-1.245;-1.663;-0.561;-1.543;-1.776;-1.458;-1.845;-1.439;-0.344;-0.609;-0.034;-1.282;-0.524;-1.117;-1.682;-0.507;-1.308;-1.546;-0.649;-0.537;-1.153;-0.417;-1.049;0.057;0.062;0.132;-1.559;-0.039;-0.968;-1.225;-0.524;-2.547;-1.193;-0.837;-1.279;-2.235;-0.095;-0.864;-0.997;-0.319;-1.484;0.292;-0.965;-0.043;-1.054;0.153;0.219;-0.037;-0.707;-1.504;-1.167;-1.775;0.451;-0.559;-1.343;0.051;-1.403;-0.872;-0.881;-2.547;-0.553;-1.608;-1.02;-1.646;-0.188;-1.147;-1.487;-0.492;-1.562;-1.079;-0.971;-1.536;-1.572;-1.112;-1.0;-0.175;-0.166;-1.631;-0.985;-0.976;-0.486;-0.571;-1.07;-1.899;-1.044;-0.111;-1.683;-1.672;-1.822;-0.213;-0.24;-1.328;-0.914;-0.821;-0.365;-1.217;-0.681;-0.646;-1.324;-1.116;-1.033;-0.769;-1.367;-0.696;0.322;-1.39;-0.662;-0.517;0.303;-0.674;-0.294;-2.152;-0.924;-1.403;-1.434;-0.975;-0.524;-0.931;-1.42;-1.119;-1.529;-1.189;-1.061;-1.605;-2.116;-1.143;0.038;-0.644;-0.609;-2.521;0.176;-1.188;-0.838;-0.544;-0.591;-1.887;-0.905;-1.698;0.076;-0.6;-0.057;0.01;-1.13;-0.949;-1.13;-0.628;-1.605;-1.606;-1.211;-0.774;-1.388;-0.959;-0.957;0.077;-0.624;-0.833;-0.908;-1.2;-0.498;-2.12;-0.084;-1.222;-0.974;-1.269;-2.159;-0.934;-0.093;-0.065;-0.631;-0.2;-2.062;-1.885;-0.312;-1.642;-1.165;-0.312;0.418;-0.651;-0.754;-1.421;-0.851;-0.594;-1.6;0.399;-2.05;-0.666;-0.383;-1.159;-1.303;-0.25;-0.845;-0.25;-2.098;-0.264;-0.604;-1.408;-0.486;-2.188;-1.15;-1.334;-1.931;-0.937;-0.38;-1.063;-0.713;0.202;-0.826;-1.096;-2.32;-1.728;-2.794;-0.53;-0.195;-0.277;-1.47;-0.725;-1.212;-2.056;-0.979;-0.376;-0.454;-1.417;-1.778;-1.47;-1.623;-0.365;0.365;-1.367;-2.074;-1.649;-0.692;-1.481;-0.28;-0.218;-1.451;-0.406;-1.984;-1.77;-0.519;-1.898;-1.043;-0.523;-0.333;0.326;-2.35;-0.546;0.275;-0.64;-4.014;-0.344;0.01;-1.568;-0.527;0.125;-1.406;-0.472;-1.869;-0.237;-0.902;-0.631;-1.17;-1.145;-1.18;-0.845;-0.797;-1.444;-1.777;-0.239;-0.949;-1.544;-1.125;-2.21;-1.307;-0.912;0.111;-0.559;0.052;-0.394;-0.587;-0.951;-1.123;-0.738;-1.349;-0.816;-1.253;-0.863;-1.182;-1.737;-1.046;-0.923;-1.484;0.318;-0.84;-1.14;-1.213;-2.97;-0.264;-0.948;-1.44;-0.948;-1.133;0.445;-1.414;-1.154;-1.513;-2.148;-2.824;-1.486;-1.761;-1.213;-1.418;-0.558;-1.086;0.03;-1.475;-1.511;-0.432;-0.681;-0.76;-1.947;-1.227;-0.316;-1.742;-0.604;-1.487;-1.048;-1.161;0.128;-0.635;-0.986;-1.277;-0.849;-0.655;-1.794;-0.611;-1.498;-1.162;-1.396;0.009;-0.268;-0.901;-0.065;-0.572;-1.619;-1.301;-0.352;-0.635;-0.877;-1.913;-0.879;-1.233;-1.177;-0.555;-0.879;-0.552;-0.405;-1.182;-0.795;-2.75;-1.196;-1.319;-1.448;-0.256;-1.211;-0.775;-1.24;-1.434;-0.662;-1.131;-1.123;-1.737;-0.162;0.024;-1.339;-1.383;-1.247;-1.348;-1.99;-1.576;-0.895;-0.524;-0.802;-0.995;-0.648;-0.995;-1.72;-2.325;0.007;-0.988;0.061;-2.807;-1.759;-1.116;-1.93;-0.762;-1.613;-0.765;-0.342;-1.174;0.514;-0.275;-1.123;-1.325;-0.159;-0.773;-0.869;-1.327;-2.436;-1.047;-2.433;-0.113;-1.138;-0.915;0.244;-0.435;-1.065;-1.768;-1.788;-0.354;-0.284;-0.535;0.578;-0.724;-0.559;-0.906;-0.505;-0.691;-0.855;-0.817;-0.218;1.247;0.86;-1.163;0.387;-0.567;-0.305;-1.65;-0.3;-1.302;-0.53;-0.132;-0.052;-0.657;-1.086;-1.012;-1.199;-0.511;-0.925;-0.594;-0.221;-1.796;-0.251;
1,1,20,A,20,I030,,0,-1.5,0.0,0.0,0.0,0.0,-1.016595,0.692328,-1.404;-1.08;-0.478;-0.644;-1.096;-1.811;0.372;0.089;-1.989;-0.324;-1.258;-0.489;-1.521;-2.081;-1.323;0.383;-1.335;-0.851;-0.188;-2.304;-1.84;-1.177;-1.292;-2.39;-1.265;-1.047;-1.041;-0.644;-0.625;-1.719;-0.753;-0.09;-0.032;-2.074;-0.971;-0.478;-0.7;-1.655;-0.986;-1.415;-0.819;-0.561;-1.813;-0.994;-0.715;-0.944;-2.262;0.086;-1.019;-1.885;-0.788;-0.897;-0.257;-1.25;-1.635;-0.034;-0.354;-0.985;-0.412;-1.656;-0.901;-1.233;-1.796;-0.079;-1.404;-1.641;-0.749;-0.637;-1.25;-0.518;-1.147;-0.046;-0.041;0.03;-1.449;-1.928;-0.252;-1.762;-0.139;-2.718;-1.37;-1.015;-1.455;-2.407;-0.276;-1.042;-1.174;-0.499;-1.659;0.023;-1.228;-0.31;-1.639;-0.056;0.01;-0.73;-0.777;-1.57;-1.235;-1.84;0.376;-0.63;-1.411;-0.022;-1.47;-0.941;-0.95;-2.609;-0.623;-1.674;-1.088;-1.711;-0.26;-1.215;-1.553;-0.563;-1.628;-1.148;-1.039;-1.602;-1.638;-1.18;-1.069;-0.247;-0.238;-1.697;-1.054;-1.045;-0.557;-0.642;-1.138;-1.798;-1.193;-0.264;-0.984;-2.162;-1.49;-0.1;-0.971;-2.054;-0.575;-0.482;-0.028;-1.451;-0.782;-0.747;-2.349;-0.936;-0.854;-0.591;-1.492;-0.824;0.191;-1.514;-0.79;-0.645;0.172;-0.802;-0.423;-2.273;-1.05;-1.527;-1.559;-1.248;-0.798;-1.042;0.022;-0.901;-1.309;-1.12;-1.154;-1.696;-2.204;-1.235;-0.059;-0.739;-0.703;-2.255;-0.52;-1.139;-0.79;-0.498;-0.545;-1.998;-1.021;-1.811;-0.045;-0.717;-0.177;-0.11;-0.811;-0.631;-0.738;-0.237;-1.782;-0.146;-0.933;-1.352;-1.297;-0.87;-0.868;0.161;-0.723;-0.931;-1.005;-1.296;-0.598;-2.212;-0.185;-1.318;-1.071;-1.365;-2.251;-1.032;-0.194;-0.167;-0.73;-0.3;-2.155;-1.978;-0.413;-1.737;-0.984;-0.134;0.305;-0.759;-0.862;-1.526;-0.958;-0.702;-1.704;0.286;-2.152;-0.774;-0.492;-1.265;-1.408;-0.36;-0.952;-0.36;-0.964;-0.191;-0.529;-1.33;-0.412;-2.107;-1.073;-1.256;-1.85;-0.861;-1.184;-0.928;-0.872;0.039;-0.361;-1.212;-0.96;-2.061;-1.734;-1.185;-0.444;-0.525;-1.713;-0.978;-1.463;-0.721;-0.628;-0.028;-0.895;-1.854;-2.214;-1.907;-0.618;-1.379;0.277;-1.447;-2.151;-1.727;-0.775;-1.56;-0.364;-0.302;-1.53;-0.489;-2.061;-1.848;-0.602;-1.976;-1.125;-0.607;-0.418;0.239;-2.425;-0.629;0.188;-0.723;-4.083;-0.428;-0.076;-1.647;-0.61;0.039;-1.486;-0.556;-1.947;-0.322;-0.984;-0.714;-1.251;-1.226;-1.26;-0.927;-0.879;-1.523;-1.855;-0.323;-1.031;-1.623;-1.206;-2.286;-1.387;-0.994;0.024;-0.642;-0.034;-0.478;-0.671;-1.033;-1.204;-0.821;-1.429;-0.898;-1.334;-0.945;-1.263;-1.815;-1.127;-1.005;-0.116;0.198;-0.955;-1.254;-0.823;-2.572;-0.555;-1.236;-1.727;-1.236;-1.42;0.928;-0.924;-2.036;-2.513;-2.442;-0.703;-1.646;-1.92;-1.029;-1.029;0.498;-1.028;-1.55;-1.275;-0.749;-1.419;-0.545;-1.431;-2.613;-1.415;-0.071;-1.846;-0.714;-1.593;-1.156;-1.268;0.016;-0.744;-1.094;-1.383;-0.958;-0.764;-1.898;-0.72;-1.603;-1.269;-1.502;-0.103;-0.379;-1.009;-0.177;-0.612;-1.654;-1.338;-0.393;-0.674;-0.916;-1.947;-0.918;-0.659;-1.846;-1.022;-0.993;-0.667;-0.52;-1.294;-0.429;-2.598;-0.234;-1.571;-1.699;-0.513;-1.463;-1.029;-1.492;-1.685;-1.218;-1.685;-1.16;-1.772;-0.203;-0.018;-1.375;-1.42;-1.284;-1.543;-2.181;-1.769;-1.091;-0.632;-0.909;-1.101;-0.756;-1.101;-1.823;-2.426;-0.103;-1.094;-0.049;-2.905;-1.862;-1.221;-2.032;-0.869;-1.477;0.06;-1.306;-2.319;0.071;-0.714;-1.558;-1.698;-0.644;-0.717;-0.813;-1.254;-2.358;-0.975;-2.585;-0.276;-1.891;-1.038;0.115;-0.56;-1.188;-1.888;-1.907;-0.48;-0.411;-0.66;0.448;-0.848;-0.684;-1.03;-0.63;-0.815;-1.522;-0.822;-0.225;1.234;0.849;-1.165;-0.387;-0.691;-0.431;-1.769;-0.426;-0.288;-0.694;-0.297;-0.217;-0.819;-0.965;-0.478;-1.251;-0.565;-0.978;-0.649;-0.277;-1.846;-0.307;
1,1,21,A,21,I067,,0,-1.5,0.0,0.0,0.0,0.0,-1.078706,0.678521,-0.755;-0.082;-0.346;-0.513;-0.969;-1.688;0.51;-1.636;-2.355;-0.03;-0.841;-1.986;-1.413;-0.998;-1.562;-1.957;-0.264;-0.881;-1.318;-1.252;-1.966;-1.298;-1.413;-2.519;-1.386;-1.167;-1.161;-0.761;-0.979;-2.08;-0.369;-0.928;-0.512;-1.396;-0.667;-0.579;-0.803;-1.68;-1.006;-1.438;-0.838;-0.579;-1.839;-1.015;-0.733;-0.964;-2.291;0.073;-1.039;-1.911;-0.807;-0.917;-0.272;-1.272;-1.66;-0.049;-0.37;-1.005;-0.429;-1.68;-0.921;-1.255;-1.821;-0.644;-1.446;-1.685;-0.787;-0.674;-1.291;-0.554;-1.187;-0.079;-0.074;-0.003;-1.491;-1.973;-0.287;-1.807;-0.173;-2.2;-1.269;-0.913;-1.056;-0.877;-0.488;-1.259;-0.962;-1.095;-2.584;-0.045;-1.304;-0.38;-1.718;0.299;-0.859;-0.921;-0.968;-1.767;-1.415;-1.748;-0.691;-0.814;-1.599;-0.202;-1.659;-1.589;-1.111;-2.78;-0.782;-1.839;-1.25;-1.877;-0.416;-1.378;-0.57;-0.885;-1.797;-1.314;-1.312;-1.878;-1.244;-1.022;-1.929;-0.322;-0.543;-2.011;-1.363;-1.91;-1.294;-0.588;-1.088;-1.752;-1.143;-0.208;-1.784;-1.773;-1.923;-0.31;-0.304;-1.394;-0.979;-0.886;-0.429;-1.283;-0.746;-0.711;-1.39;-1.181;-1.098;-0.834;-1.433;-2.268;-0.081;-1.395;-0.666;-0.52;0.302;-0.428;-0.815;-0.935;-2.275;-0.791;-0.307;-0.975;-0.735;-0.981;-1.471;-1.17;-1.58;-1.24;-1.112;-1.657;-2.169;-1.193;-0.01;-0.694;-0.658;-2.574;0.129;-1.238;-0.888;-0.594;-0.64;-0.354;-0.815;-0.872;0.106;-0.571;-1.786;-0.099;-1.241;-1.06;-1.242;-0.738;-1.717;-1.718;-1.322;-0.884;-1.499;-1.07;-1.068;0.591;-0.298;-1.054;-1.129;-1.422;-0.718;-2.111;-1.813;-1.263;-1.015;-1.311;-2.203;-0.975;-0.132;-0.104;-0.671;-0.239;-2.105;-1.928;-0.352;-1.685;-1.206;-0.351;-1.223;-1.223;-1.326;-1.995;-0.687;-0.43;-1.438;0.04;-2.414;-1.028;-1.277;-1.145;-1.29;-0.234;-0.831;-1.338;-1.257;0.36;-0.707;-1.512;-0.589;-2.294;-1.254;-1.439;-2.036;-1.04;-0.482;-1.167;-0.816;0.101;-0.929;-1.2;-2.427;-1.834;-2.902;-0.633;-0.297;-0.379;-1.575;-0.828;-1.316;-2.162;-1.083;-0.479;-0.556;-1.521;-1.883;-1.575;-1.728;-0.468;0.264;-1.472;-2.18;-1.754;-0.795;-1.586;-0.382;-0.32;-1.555;-0.508;-2.089;-1.875;-0.621;-2.004;-1.147;-0.626;-0.436;0.226;-2.456;-0.648;0.174;-0.743;-4.124;-0.446;-0.091;-1.673;-0.63;0.024;-1.511;-0.575;-1.975;-0.339;-1.006;-0.733;-1.274;-1.249;-1.284;-0.948;-0.9;-1.548;-1.883;-0.341;-1.053;-1.649;-1.229;-2.316;-1.412;-1.016;0.009;-0.661;-0.049;-0.496;-0.69;-1.055;-1.227;-0.841;-1.453;-0.919;-1.358;-0.966;-1.286;-1.842;-1.15;-1.027;-0.132;-0.183;-1.343;-0.789;-1.116;-2.877;-0.347;-1.032;-1.526;-1.032;-1.218;0.364;-1.5;-1.239;-1.599;-2.235;-2.912;-1.572;-1.847;-1.298;-1.503;-0.642;-1.17;-1.696;-1.744;-1.78;-0.699;-0.948;-1.028;-2.217;-2.479;-0.301;-1.73;-0.59;-1.475;-1.035;-1.148;-0.502;-1.907;-2.259;-1.319;-0.891;-1.046;-0.839;-0.856;0.458;-0.905;-0.905;-0.229;-0.507;-0.819;-0.964;-0.093;-1.143;-0.824;-0.885;-0.639;-1.498;-1.707;-1.337;-0.847;0.121;-1.462;-1.236;-0.384;-1.707;-1.458;-0.587;-2.807;-1.25;-1.373;-1.503;-0.308;-1.265;-1.058;-1.524;-1.718;-1.248;-1.718;-1.19;-1.806;-0.227;-0.041;-1.406;-1.451;-1.314;-1.575;-2.217;-1.803;-1.12;-0.658;-0.937;-1.131;-0.783;-1.13;-1.096;-1.702;-0.403;-2.508;-1.73;-0.807;-1.811;-1.167;-1.983;-0.813;-1.666;-0.815;-0.392;-1.225;0.31;-0.48;-1.33;-1.47;-0.302;-0.917;-1.014;-1.472;-2.584;-1.191;-2.58;-0.256;-1.881;-1.023;0.138;-0.542;-1.174;-1.878;-1.898;-0.462;-0.392;-0.643;0.472;-0.832;-0.667;-1.158;-1.419;-1.098;-1.809;-1.104;-0.504;0.964;0.577;-0.801;-0.188;-0.494;-1.118;-1.478;-0.674;-0.535;-0.944;-0.04;0.04;-0.566;-0.996;-0.505;-1.284;-0.593;-1.008;-0.677;-0.303;-1.882;-0.333;
1,1,22,A,22,I033,,0,-1.5,0.0,0.0,0.0,0.0,-1.157998,0.65984,-0.571;-1.333;-0.739;-0.903;-1.226;-1.001;-0.045;-1.551;-2.255;-0.613;-1.534;-0.776;-1.793;-2.346;-1.429;0.254;-1.44;-0.963;-0.309;-2.397;-1.939;-1.285;-1.398;-2.481;-1.371;-1.156;-1.151;-0.759;-0.741;-1.82;-0.866;-0.213;-0.156;-2.169;-1.081;-0.595;-0.814;-1.756;-1.096;-1.52;-0.931;-0.677;-1.912;-1.104;-0.829;-1.055;-2.355;-0.038;-1.128;-1.983;-0.901;-1.009;-0.377;-1.357;-1.737;-0.158;-1.527;-0.809;-0.244;-1.47;-0.726;-1.308;-1.458;-1.556;-1.392;-1.626;-0.746;-0.636;-1.241;-0.518;-1.139;-0.053;-0.048;-1.21;-1.752;-0.259;-1.171;-1.424;-0.736;-2.722;-1.393;-1.043;-1.477;-2.416;-0.314;-1.07;-1.2;-1.33;-1.617;-1.148;-1.688;0.276;-1.751;-0.189;-0.124;-0.854;-0.9;-1.682;-1.351;-1.948;0.238;-0.755;-1.525;-0.155;-1.583;-1.061;-1.07;-2.707;-0.748;-1.785;-1.207;-1.821;-0.39;-1.332;-1.665;-0.689;-1.739;-1.265;-1.159;-1.714;-1.75;-1.297;-1.188;-0.377;-0.368;-1.807;-1.173;-1.164;-0.682;-0.766;-1.256;-1.907;-1.311;-0.394;-1.104;-2.266;-1.603;-0.231;-1.091;-2.16;-0.701;-0.609;-0.161;-1.564;-0.904;-0.87;-2.45;-1.056;-0.975;-0.716;-1.605;-0.946;0.055;-1.627;-0.912;-0.77;0.036;-0.924;-0.551;-2.376;-1.169;-1.64;-1.671;-1.364;-0.92;-1.161;-0.111;-1.022;-1.425;-1.238;-1.272;-1.806;-2.308;-1.352;-0.192;-0.862;-0.827;-2.358;-0.646;-1.257;-0.913;-0.625;-0.579;-1.519;-1.004;-1.783;-0.041;-0.704;-1.896;-0.242;-0.934;-0.756;-0.861;-0.367;-1.891;-0.277;-1.054;-1.467;-1.413;-0.991;-0.99;0.025;-0.846;-1.052;-1.125;-1.412;-0.723;-2.316;-0.316;-1.434;-1.19;-1.48;-2.354;-1.151;-0.325;-0.298;-0.853;-0.43;-2.259;-2.085;-0.541;-1.847;-1.104;-1.278;-1.682;-1.264;-1.365;-2.02;-0.739;-0.486;-1.475;-0.027;-2.432;-1.073;-1.317;-1.187;-1.561;-0.527;-1.111;-1.341;-1.263;-0.818;-0.721;-1.51;-0.605;-2.277;-1.258;-1.438;-2.024;-1.048;-1.367;-1.114;-1.059;-0.16;-0.555;-1.394;-1.146;-2.232;-1.91;-1.368;0.098;-1.171;-1.453;-0.722;-0.373;-2.09;-1.032;-0.44;-1.296;-1.149;-1.775;-2.264;-0.992;-1.288;-0.334;-1.77;-2.098;-1.68;-0.869;-1.643;-0.464;-0.403;-2.125;-1.098;-2.087;-1.877;-0.648;-2.284;-1.444;-0.933;-0.226;-0.449;-1.237;-0.654;-0.897;-1.275;-3.075;-1.304;-0.534;-2.084;-0.583;0.058;-1.446;-2.466;-2.151;-0.548;-1.201;-0.934;-1.464;-1.439;-1.321;-0.992;-0.945;-1.58;-1.908;-0.396;-1.094;-1.678;-1.444;-2.509;-1.623;-1.235;-0.23;-0.604;-0.004;-0.442;-0.632;-1.192;-1.362;-0.984;-1.583;-1.059;-1.489;-1.106;-1.42;-1.964;-1.138;-1.017;-1.568;0.202;-0.935;-1.23;-1.302;-3.027;-0.646;-1.318;-1.802;-1.319;-1.5;0.05;-1.777;-1.521;-1.874;-2.165;-2.679;-1.782;-2.051;-1.172;-1.172;0.333;-1.172;-1.687;-1.415;-0.897;-1.557;-0.695;-1.569;-2.735;-1.554;-0.228;-1.979;-0.862;-0.577;-1.701;-1.812;-0.109;-0.858;-1.203;-1.489;-1.069;-0.878;-1.997;-0.835;-1.706;-1.376;-1.606;-0.226;-0.498;-1.119;-0.299;-0.796;-1.825;-1.513;-0.581;-0.858;-1.096;-2.114;-1.098;-1.446;-1.391;-0.779;-1.098;-0.777;-0.632;-1.395;-0.542;-2.681;-0.35;-1.668;-1.795;-0.624;-1.562;-1.134;-1.591;-1.781;-1.32;-1.781;-1.264;-1.867;-0.319;-0.137;-1.475;-2.156;-0.842;-1.813;-2.442;-2.036;-1.892;-0.745;-1.018;-1.208;-0.867;-1.207;-1.92;-2.514;-0.223;-1.201;-0.17;-2.987;-1.958;-1.326;-2.126;-0.979;-1.815;-0.981;-0.567;-1.383;0.274;-0.5;-1.333;-1.532;-0.386;-0.989;-1.084;-1.534;-2.623;-1.258;-2.62;-0.341;-1.348;-1.129;0.009;-0.657;-1.276;-1.967;-1.986;-0.579;-0.51;-0.756;0.337;-0.941;-0.78;-1.12;-0.726;-0.909;-1.07;-1.033;-0.445;0.994;0.615;-1.372;0.149;-0.787;-0.53;-1.851;-0.525;-0.39;-0.79;-0.398;-0.32;-0.914;-1.058;-0.577;-1.34;-0.663;-1.07;-0.745;-0.379;-1.926;-0.409;
1,1,23,A,23,I059,,1,-1.5,0.0,0.0,0.0,0.0,-0.976356,0.645877,-1.337;-1.026;-0.448;-0.608;-1.042;-0.823;0.106;-1.358;-2.043;-0.446;-1.341;-0.604;-1.594;-2.131;-1.239;0.398;-1.25;-0.786;-0.151;-2.18;-1.735;-1.099;-1.209;-2.262;-1.183;-0.974;-0.969;-0.588;-0.57;-1.619;-0.692;-0.056;-0.001;-1.959;-0.901;-0.428;-0.642;-1.558;-0.916;-1.327;-0.755;-0.508;-1.71;-0.924;-0.656;-0.875;-2.531;-0.395;-1.314;-1.713;-0.66;-1.598;-1.821;-1.517;-1.887;-1.499;-0.453;-0.706;-0.156;-1.349;-0.625;-1.191;-1.731;-0.084;-1.355;-1.583;-0.727;-0.357;-0.945;-0.242;-0.846;0.21;-0.788;-0.171;-1.589;-0.137;-1.024;-1.27;-0.601;-2.533;-1.24;-0.9;-1.321;-2.235;-0.19;-0.925;-1.052;-0.404;-1.517;0.096;-1.104;-0.223;-0.671;0.482;-0.622;-0.682;-0.726;-1.487;-1.166;-1.746;0.38;-0.585;-1.334;-0.002;-1.391;-0.883;-0.892;-2.483;-0.579;-1.587;-1.025;-1.623;-0.23;-1.147;-1.471;-0.521;-1.542;-1.082;-0.978;-1.518;-1.553;-1.113;-1.006;-0.218;-0.172;-1.571;-0.954;-0.945;-0.477;-0.559;-1.035;-1.668;-1.088;-0.197;-1.698;-1.688;-1.831;-0.294;-0.288;-1.327;-0.932;-0.843;-0.407;-1.221;-0.709;-0.676;-1.323;-1.124;-1.045;-0.793;-1.364;-1.632;0.453;-1.416;-0.721;-0.583;0.201;-0.733;-0.37;-2.144;-0.971;-1.429;-1.459;-1.161;-0.729;-0.963;0.058;-0.828;-1.22;-0.544;-0.984;-1.504;-2.015;-1.086;0.043;-0.609;-0.069;-1.895;-0.425;-1.212;-0.878;-0.597;-0.642;-1.879;-0.942;-1.699;-0.005;-0.65;-1.809;-1.027;-1.156;-0.984;-1.156;-0.676;-1.609;-1.611;-1.233;-0.816;-1.402;-0.992;-0.991;0.59;-0.258;-0.978;-1.049;0.056;-0.698;-2.025;-1.741;-1.217;-0.981;-1.262;-2.112;-0.943;-0.139;-0.113;-0.653;-0.241;-2.02;-1.851;-0.349;-1.619;-1.163;-0.348;-1.179;-1.179;-1.277;-1.914;-0.668;-0.423;-1.384;0.024;-2.314;-0.993;-1.23;-0.948;-1.311;-0.305;-0.874;-1.357;-1.28;0.261;-0.085;-1.034;-0.154;-1.779;-0.788;-0.964;-1.533;-0.752;-1.062;-0.816;-0.762;0.111;-0.87;-1.128;-0.887;-1.935;-1.622;-1.095;-0.384;-0.462;-1.601;-0.829;-1.294;-0.583;-0.494;0.082;-0.791;-1.711;-2.056;-1.761;-1.738;-0.537;0.16;-1.494;-1.813;-1.407;-0.617;-1.371;-0.223;-0.164;-1.839;-0.841;-1.737;-1.533;-0.338;-1.929;-1.112;-0.615;-0.434;0.196;-2.359;-0.637;0.147;-0.727;-2.51;-0.787;-0.378;-1.886;-0.426;0.197;-1.266;-0.374;-1.708;-0.15;-0.785;-1.068;-0.82;-1.485;0.033;-0.68;-0.751;-1.369;-1.687;-0.218;-0.896;-1.464;-1.236;-2.272;-1.411;-1.033;-0.056;-0.419;0.164;-0.262;-0.447;-0.992;-1.157;-0.789;-1.372;-0.863;-1.281;-0.908;-1.213;-1.742;-0.939;-0.822;-1.357;0.364;-0.742;-1.029;-0.899;-2.577;-1.743;-1.291;-1.762;-1.291;-1.468;0.785;-0.992;-0.821;-1.834;-2.117;-2.762;-1.485;-1.747;-0.853;-1.417;-0.595;-1.099;-0.033;-1.471;-1.505;-0.475;-0.712;-0.788;-1.922;-1.234;-0.364;-1.726;-0.639;-1.483;-1.063;-1.171;0.06;-0.669;-1.957;-1.061;-2.016;-1.289;-1.378;-1.389;-1.403;-1.083;-1.306;-0.072;-0.337;-1.01;-0.212;-0.628;-1.629;-0.402;-0.46;-0.73;-0.962;-1.951;-0.964;-1.302;-1.248;-0.653;-0.963;-0.651;-0.51;-1.252;-0.422;-2.503;-0.236;-1.518;-1.641;-0.503;-1.414;-0.998;-1.442;-1.627;-1.179;-0.956;-0.949;-1.058;-1.118;-0.864;-1.592;-0.767;-0.636;-1.579;-2.192;-1.797;-1.657;-0.541;-0.806;-0.991;-0.66;-0.991;-1.684;-2.262;-0.034;-0.984;0.018;-2.722;-1.721;-1.106;-1.885;-0.769;-1.582;-0.771;-0.368;-1.162;0.45;-0.303;-1.113;-1.306;-0.193;-0.779;-0.871;-1.308;-2.367;-1.04;-2.364;-0.149;-1.128;-0.324;-0.707;-0.6;-1.202;-1.873;-1.892;-0.524;0.145;-0.594;0.469;-0.774;-0.617;-0.948;-0.565;-0.743;-1.421;-0.749;-0.176;1.223;0.854;-1.094;-0.347;-0.639;-0.39;-1.673;-0.385;-0.253;-0.642;-0.261;-0.185;-0.762;-0.902;-0.435;-1.177;-0.519;-0.914;-0.599;-0.242;-1.59;-0.115;
1,1,24,A,24,I096,,0,-1.5,0.0,0.0,0.0,0.0,-1.014725,0.649521,-1.086;-0.746;-0.398;-0.553;-0.978;-1.649;0.401;-1.601;-2.272;-0.102;-0.859;-1.927;-1.393;-1.005;-1.531;-1.9;-0.321;-0.897;0.241;-1.046;-1.911;-1.288;-0.033;-2.275;-1.218;-1.014;-1.008;-0.635;-0.618;-1.645;-0.738;-0.115;-0.061;-1.978;-0.943;-0.479;-0.688;-1.585;-0.957;-1.36;-0.799;-0.558;-1.734;-0.964;-0.702;-0.917;-2.155;0.05;-0.987;-1.801;-0.771;-0.873;-0.272;-1.205;-1.566;-0.063;-1.367;-0.683;-0.145;-1.312;-0.604;-1.158;-1.301;-1.395;-1.239;-1.461;-0.623;-0.518;-1.094;-0.406;-0.997;0.037;0.042;-1.065;-1.58;-0.16;-1.028;-1.269;-0.613;-2.505;-1.239;-0.906;-1.319;-2.213;-0.212;-0.931;-1.055;-1.179;-1.452;-1.006;-1.52;0.349;-1.579;-0.093;-0.031;-0.726;-0.769;-1.514;-1.2;-1.768;0.313;-0.632;-1.364;-0.061;-1.42;-0.923;-0.932;-2.49;-0.625;-1.612;-1.062;-1.647;-0.284;-1.181;-1.498;-0.569;-1.569;-1.118;-1.016;-1.544;-1.579;-1.148;-1.044;-0.272;-0.264;-1.633;-1.03;-1.021;-0.563;-0.643;-1.109;-1.728;-1.161;-0.288;-0.964;-2.07;-1.439;-0.133;-0.952;-1.969;-0.58;-0.493;-0.066;-1.402;-0.774;-0.741;-2.245;-0.919;-0.841;-0.595;-1.441;-0.814;0.139;-1.462;-0.782;-0.646;0.121;-0.793;-0.438;-2.174;-1.026;-1.474;-1.504;-1.212;-0.789;-1.018;-0.019;-0.886;-1.269;-1.092;-1.123;-1.632;-2.11;-1.2;-0.095;-0.734;-0.7;-2.157;-0.528;-1.109;-0.782;-0.508;-0.464;-1.359;-0.869;-1.61;0.048;-0.584;-1.718;-0.143;-0.802;-0.633;-0.733;-0.263;-1.713;-0.177;-0.916;-1.31;-1.258;-0.857;-0.855;0.111;-0.719;-0.915;-0.984;-1.257;-0.601;-2.117;-0.214;-1.278;-1.046;-1.322;-2.132;-0.987;-0.201;-0.175;-0.704;-0.3;-2.042;-1.876;-0.406;-1.649;-1.203;-0.405;-1.219;-1.218;-1.315;-1.938;-0.718;-0.478;-1.419;-0.041;-2.33;-1.036;-1.269;-0.992;-1.348;-0.363;-0.919;-0.363;-2.09;-0.376;-0.694;-1.445;-0.584;-2.175;-1.205;-1.377;-1.934;-1.005;-0.485;-1.123;-0.796;0.059;-0.902;-1.154;-2.298;-1.745;-2.742;-0.625;-0.312;-0.388;-1.504;-0.808;-1.263;-2.051;-1.045;-0.481;-0.553;-1.454;-1.792;-1.504;-1.647;-0.471;0.212;-1.407;-2.068;-1.671;-0.776;-1.514;-0.391;-0.333;-1.486;-0.508;-1.984;-1.784;-0.614;-1.904;-1.105;-0.619;-0.441;0.176;-2.326;-0.64;0.128;-0.728;-3.882;-0.451;-0.12;-1.596;-0.622;-0.012;-1.444;-0.571;-1.877;-0.351;-0.973;-0.719;-1.223;-1.2;-1.232;-0.919;-0.874;-1.479;-1.791;-0.352;-1.017;-1.573;-1.181;-2.195;-1.352;-0.982;-0.026;-0.652;-0.081;-0.497;-0.679;-1.018;-1.179;-0.82;-1.39;-0.892;-1.301;-0.936;-1.235;-1.753;-1.107;-0.992;-0.157;0.137;-0.945;-1.226;-0.821;-2.464;-0.57;-1.209;-1.67;-1.21;-1.383;0.822;-0.916;-1.96;-2.409;-2.342;-0.709;-1.595;-1.851;-1.015;-1.015;0.419;-1.014;-1.504;-1.246;-0.752;-1.381;-0.56;-1.392;-2.502;-1.378;-0.115;-1.782;-0.719;-0.448;-1.518;-1.624;-0.002;-0.715;-1.044;-1.316;-0.916;-1.4;-1.562;-1.353;-1.367;-1.053;-1.272;-1.156;-0.395;-0.987;-0.206;-0.614;-1.593;-1.296;-0.408;-0.672;-0.899;-1.868;-0.901;-1.232;-1.179;-0.598;-0.901;-0.595;0.656;-0.957;-0.596;-2.667;-1.215;-1.329;-1.45;-0.336;-1.228;-1.035;-1.47;-1.651;-1.212;-0.994;-0.987;-1.094;-1.152;-0.904;-1.617;-0.809;-0.681;-1.604;-2.204;-1.817;-1.18;-0.749;-1.009;-1.19;-0.865;-0.173;-1.73;-2.296;-0.115;-1.045;-0.064;-2.746;-1.766;-1.165;-1.926;-0.834;-1.63;-0.837;-0.442;-1.219;0.358;-0.378;-1.171;-1.36;-0.27;-0.844;-0.934;-1.362;-2.399;-1.1;-2.396;-0.227;-1.185;-0.399;-0.896;-0.791;-1.226;-1.883;-1.902;-0.562;0.092;-0.631;0.41;-0.807;-0.654;-1.112;-1.634;-0.939;-1.602;-0.945;-0.385;0.985;0.624;-1.203;0.246;-0.645;-0.401;-1.658;-2.014;-1.038;-0.317;-1.068;-0.139;-0.704;-1.105;-0.648;-1.374;-0.73;-1.117;-0.808;-0.459;-1.094;-0.347;
1,1,25,A,25,I086,,1,-1.5,0.0,0.0,0.0,0.0,-0.752245,0.645089,-0.237;-0.966;-1.81;-0.569;-1.364;-1.311;0.714;-1.299;-1.974;0.208;-0.553;-1.628;-1.09;-0.701;-1.229;-1.6;-0.012;-0.591;-1.001;-0.939;-1.609;-0.982;0.28;-1.975;-0.912;-0.707;-0.701;-0.326;-0.309;-1.342;-0.429;0.197;-0.471;-1.301;-0.617;-0.151;-0.361;-1.263;-0.631;-1.036;-0.473;-0.736;-1.258;-0.582;-0.318;-0.535;-2.164;-0.062;-0.966;-1.359;-0.323;-1.247;-1.465;-1.167;-1.53;-1.149;-0.881;-0.75;-0.209;-1.383;0.487;0.111;-0.876;-0.44;-0.283;-1.368;-0.526;-0.162;-0.741;-0.049;-0.643;0.396;0.401;-0.712;-1.23;-1.682;-0.1;-0.631;-0.477;-2.379;-1.106;-1.106;-0.904;-1.804;0.209;-0.514;-0.694;-0.819;-2.036;-0.061;-1.242;0.638;-1.302;0.193;0.255;-0.444;-0.487;-1.236;-0.92;-1.491;0.56;-0.391;-1.128;0.183;-1.184;-1.659;-0.592;-2.158;-0.284;-1.276;-0.723;-1.808;0.407;-0.825;-0.385;-0.214;-1.22;-1.147;-0.853;-1.384;-1.418;-0.431;-0.775;0.001;0.009;-1.368;-0.761;-0.752;-0.291;-0.372;-0.84;-1.463;-0.892;-0.015;-0.563;-1.676;-1.39;-0.077;-0.103;-1.126;-0.737;-0.649;-0.221;-1.022;-0.518;-0.067;-2.125;-0.791;-0.713;-0.465;-1.028;-1.811;0.241;-2.377;-0.744;-0.607;0.383;-0.535;-0.178;-1.925;-0.77;-1.121;-1.151;-0.719;-0.494;-0.725;0.28;-0.592;-0.977;-0.799;-0.831;-1.342;-1.822;-0.907;0.203;-0.439;-0.405;-2.203;0.333;-0.95;-0.621;-0.345;-0.389;-1.607;-0.684;-1.429;0.238;-0.397;-1.537;-0.768;-1.766;-0.582;-0.683;-0.21;-1.669;-0.124;-0.867;-0.456;-1.033;-0.63;-0.628;0.343;-0.491;-0.688;-0.758;-1.033;-0.373;-1.898;0.017;-1.053;-0.82;-0.993;-1.83;-0.679;0.112;0.138;-0.393;0.012;-1.739;-1.572;-0.094;-1.344;-0.895;-0.093;-0.911;-0.911;-1.008;-1.635;-0.408;-0.167;-1.113;0.273;-2.029;-0.728;-0.962;-0.838;-0.973;0.016;-0.543;-1.018;-0.943;0.574;-0.014;-0.948;-0.082;-1.682;-0.706;-0.879;-1.44;-0.954;-0.431;-0.258;-0.428;0.432;-0.534;-0.788;-1.938;-1.382;-2.384;-0.255;-0.089;-0.166;-1.288;-0.528;-0.986;-1.779;-0.767;-0.2;-0.272;-1.178;-1.517;-1.228;-1.372;-0.189;0.497;-1.131;-1.796;-1.396;-0.497;-1.238;-0.109;-0.05;-1.21;-0.227;-1.53;-1.329;-0.153;-1.719;-0.915;-0.426;-0.248;0.373;-2.143;-0.447;0.324;-0.536;-2.541;-0.845;0.466;-1.86;-0.155;0.459;-0.981;-1.958;-1.656;-0.121;-0.747;-0.491;-0.998;-0.975;-0.861;-0.546;-0.501;-1.109;-1.423;-1.017;-1.214;-0.798;0.382;-1.184;-0.921;-0.549;0.412;-0.217;0.357;-0.062;-0.244;-0.781;-0.943;-0.581;-1.155;-0.653;-1.065;-0.698;-0.998;-1.519;-0.728;-0.613;-1.14;0.554;-0.534;-0.817;-0.885;-2.537;-0.163;-0.807;-1.27;-0.807;-0.981;0.503;-1.245;-1.0;-1.338;-1.935;-0.293;-1.184;-1.442;-0.927;-0.927;-0.346;-1.111;-0.061;-1.027;-0.531;-0.562;-1.573;-1.191;-2.307;-1.176;0.094;-1.583;-0.513;-0.241;-1.317;-1.423;0.208;-1.111;-1.441;-0.559;-0.9;-0.717;-0.523;-0.539;0.694;-0.585;-0.585;0.049;-0.211;-0.806;-0.021;-0.431;-1.416;-0.209;-0.265;-0.531;-0.759;-1.733;-0.761;-0.301;-1.181;-0.404;-0.709;-0.402;-0.263;-0.993;-0.63;-1.544;-1.112;-1.227;-1.348;-0.228;-1.125;-0.716;-1.153;-1.335;-0.894;-1.335;-0.625;-0.733;-0.121;0.054;-1.227;-1.269;-1.141;-1.236;-1.839;-1.45;-0.81;-0.376;-0.638;-0.82;-0.494;0.203;-1.363;-1.932;-0.09;-2.065;-1.335;-0.469;-1.411;-0.806;-1.572;-0.474;-1.274;-0.476;-0.079;-0.861;0.579;-0.162;-0.959;-0.618;-0.516;-0.585;-0.676;-1.106;-2.149;-0.842;-2.146;0.035;-0.928;-0.137;-0.637;-0.532;-1.085;-1.545;-1.564;-0.217;0.442;-0.499;0.547;-0.677;-0.522;0.137;-1.481;-0.782;-1.449;-0.788;-0.224;1.153;0.79;-0.503;0.072;-0.215;0.03;-1.233;-0.479;-0.349;0.029;-0.726;0.208;-0.36;-0.764;-0.304;-1.034;-0.386;-0.776;-0.465;-0.114;-0.752;-0.002;
1,1,26,A,26,I190,,0,-1.5,0.0,0.0,0.0,0.0,-0.808929,0.640067,-0.867;-0.528;-0.179;-0.335;-0.759;-1.429;0.618;-1.381;-2.051;0.116;-0.64;-1.707;-1.173;-0.787;-1.312;-1.68;-0.103;-0.678;0.458;-0.827;-1.691;-1.069;0.185;-2.054;-0.999;-0.795;-0.789;-0.417;-0.4;-1.425;-0.519;0.102;0.157;-1.758;-0.724;-0.261;-0.47;-1.365;-0.738;-1.14;-0.581;-0.339;-1.514;-0.745;-0.483;-0.698;-1.935;0.268;-0.768;-1.581;-0.552;-0.654;-0.054;-0.986;-1.347;0.155;-1.148;-0.809;-0.272;-1.438;-0.73;0.056;-0.924;-0.491;-0.335;-1.413;-0.576;-0.215;-0.79;-0.103;-0.693;0.339;-0.994;-0.391;-1.006;-0.817;-0.001;-1.417;-0.763;-2.249;-0.985;-0.653;-0.786;-0.62;-0.258;-0.976;-0.699;-0.823;-2.211;0.156;-1.017;-0.156;-1.403;0.476;-0.603;-0.661;-0.705;-1.449;-1.121;-1.431;-0.447;-0.561;-1.293;0.009;-1.348;-1.283;-0.837;-2.393;-0.531;-1.516;-0.967;-1.551;-0.19;-1.086;-0.334;-0.627;-1.477;-1.027;-1.025;-1.553;-0.961;-0.755;-1.6;-0.103;-0.308;-1.676;-1.073;-1.582;-1.009;-0.351;-0.816;-1.435;-0.868;0.003;-1.465;-1.455;-1.595;-0.091;-0.117;-1.133;-0.747;-0.659;-0.234;-1.029;-0.529;-0.496;-1.129;-0.935;-0.858;-0.611;-1.169;-1.431;0.607;-1.22;-0.541;-0.405;0.361;-0.552;-0.197;-1.932;-0.785;-1.232;-1.262;-0.833;-0.412;-0.792;0.206;-0.66;-1.042;-0.865;-0.897;-1.405;-1.882;-0.973;0.13;-0.507;-0.474;-2.26;0.259;-1.015;-0.688;-0.414;-0.458;-1.668;-0.751;-1.492;0.165;-0.466;-1.599;-0.834;-0.961;-0.792;-0.961;-0.492;-1.404;-1.405;-1.036;-0.628;-1.201;-0.801;-0.799;0.166;-0.488;-0.33;-1.626;-0.352;0.005;-1.398;-0.075;-1.137;-0.906;-0.484;-2.067;-0.738;0.048;0.074;-0.454;-0.052;-1.791;-1.625;-0.157;-1.399;-0.953;-0.156;-0.969;-0.969;-1.065;-1.688;-0.469;-0.229;-1.169;0.208;-2.079;-0.787;-1.019;-0.743;-1.098;-0.115;-0.67;-1.142;-1.068;0.439;-0.145;-1.073;-0.212;-1.802;-0.832;-1.004;-1.561;-0.633;-0.936;-0.696;-0.643;0.211;-0.164;-0.962;-0.726;-1.751;-1.445;-0.929;-0.234;-0.31;-1.425;-0.67;-1.125;-0.429;-0.342;0.221;-0.632;-1.532;-1.869;-1.581;-1.559;-0.384;0.298;-1.32;-1.632;-1.234;-0.463;-1.199;-0.078;-0.019;-1.657;-0.681;-1.557;-1.358;-0.189;-1.745;-0.946;-0.461;-0.283;0.333;-2.166;-0.482;0.285;-0.57;-3.72;-0.293;0.037;-1.436;-0.804;0.351;-1.079;-2.048;-1.749;-0.225;-0.846;-0.592;-1.096;-1.072;-0.959;-0.647;-0.602;-1.206;-1.517;-0.081;-0.744;-1.299;-1.076;-2.089;-1.247;-0.878;0.077;-0.278;0.292;-0.124;-0.305;-0.837;-0.998;-0.639;-1.209;-0.711;-1.12;-0.755;-1.054;-1.571;-0.786;-0.671;-1.194;0.488;-0.593;-0.873;-0.942;-2.582;-0.318;-0.957;-1.417;-0.958;-1.13;0.343;-1.393;-1.15;-1.485;-1.762;-2.251;-1.398;-1.654;-0.818;-0.818;0.613;-0.818;-1.308;-1.049;-0.556;-1.184;-0.365;-1.196;-2.304;-1.181;0.08;-1.585;-0.523;-0.253;-1.321;-1.427;0.193;-0.52;-0.848;-1.119;-0.72;-0.539;-1.602;-0.497;-1.325;-1.012;-1.231;0.081;-0.177;-0.768;0.012;-0.461;-1.439;-0.24;-0.296;-0.56;-0.787;-1.754;-0.789;-1.119;-1.067;-0.486;-0.788;-0.483;-0.345;-1.071;-0.26;-2.294;-0.077;-1.33;-1.451;-0.338;-1.229;-0.823;-1.257;-1.437;-0.999;-0.782;-0.774;-0.881;-0.94;-0.691;-1.403;-0.596;-0.469;-1.391;-1.99;-1.603;-0.967;-0.537;-0.796;-0.977;-0.653;0.039;-1.516;-2.081;0.097;-0.833;0.147;-2.531;-1.553;-0.952;-1.713;-0.622;-1.417;-0.624;-0.23;-1.006;0.569;-0.167;-0.959;-1.147;-0.059;-0.632;-0.722;-1.149;-2.185;-0.888;-2.182;-0.016;-0.973;-0.187;-0.683;-0.579;-1.013;-1.67;-1.688;-0.35;0.304;-0.419;0.62;-0.595;-0.441;-0.765;-0.39;-0.564;-0.717;-0.682;-0.123;1.245;0.884;-1.005;0.442;-0.448;-0.204;-1.46;-0.2;-0.07;-0.451;-0.079;-0.004;-0.569;-0.705;-0.249;-0.974;-0.331;-0.717;-0.409;-0.06;-1.531;-0.089;
1,1,27,A,27,I029,,0,-1.5,0.0,0.0,0.0,0.0,-0.904028,0.622685,-1.229;-0.927;-0.368;-0.522;-0.943;-0.731;0.17;-1.25;-1.914;-0.365;-1.234;-0.519;-1.479;-2.0;-1.134;0.453;-1.146;-0.696;-0.079;-2.048;-1.616;-0.999;-1.105;-2.127;-1.08;-0.878;-0.872;-0.503;-0.485;-1.503;-0.604;0.013;0.066;-1.833;-0.807;-0.348;-0.555;-1.444;-0.821;-1.22;-0.665;-0.426;-1.591;-0.829;-0.569;-0.782;-2.009;0.177;-0.851;-1.658;-0.637;-0.738;-0.142;-1.067;-1.425;0.065;-1.228;-0.891;-0.358;-1.515;-0.813;-0.033;-1.006;-0.576;-0.421;-1.491;-0.661;-0.303;-0.873;-0.191;-0.777;0.248;-1.076;-0.477;-1.088;-0.899;-1.011;-1.249;-0.6;-2.075;-1.214;-0.884;-1.293;-2.18;-0.196;-0.909;-1.032;-0.404;-1.483;0.082;-1.082;-0.228;-1.465;0.4;-0.671;-0.729;-0.772;-1.51;-1.185;-1.493;-0.516;-0.629;-1.356;-0.064;-1.411;-1.346;-0.904;-2.447;-0.6;-1.578;-1.033;-1.612;-0.262;-1.151;-0.404;-0.695;-1.538;-1.092;-1.09;-1.614;-1.027;-0.822;-1.66;-0.175;-0.379;-1.736;-1.138;-1.643;-1.074;-0.421;-0.883;-1.497;-0.934;-0.07;-1.526;-1.516;-1.655;-0.164;-0.189;-1.197;-0.814;-0.727;-0.305;-1.094;-0.598;-0.565;-1.193;-1.0;-0.924;-0.679;-1.233;-1.493;0.451;-2.501;-0.891;-0.757;0.22;-0.686;-0.286;-2.007;-0.869;-1.313;-1.342;-1.053;-0.634;-0.861;0.129;-0.731;-1.11;-0.934;-0.966;-1.47;-1.943;-1.041;0.053;-0.579;-0.546;-2.318;0.181;-1.083;-0.759;-0.487;-0.53;-1.73;-0.821;-1.556;0.088;-0.538;-1.662;-0.904;-1.029;-0.862;-1.029;-0.564;-1.469;-1.47;-1.104;-0.699;-1.268;-0.87;-0.869;0.089;-0.56;0.344;-0.942;0.13;-0.601;-1.889;-1.613;-1.105;-0.876;-1.149;-1.974;-0.839;-0.059;-0.034;-0.558;-0.158;-1.884;-1.72;-0.263;-1.495;-1.053;-0.262;-1.068;-1.068;-1.163;-1.782;-0.573;-0.335;-1.267;0.099;-2.169;-0.888;-1.118;-0.844;-1.196;-0.221;-0.772;-1.241;-1.166;0.329;-0.251;-1.171;-0.318;-1.894;-0.933;-1.103;-1.656;-0.735;-1.036;-0.798;-0.745;0.102;-0.27;-1.062;-0.828;-1.852;-1.548;-1.037;-0.347;-0.423;-1.78;-0.636;-1.087;-1.868;-0.871;-0.312;-0.384;-1.276;-1.611;-1.326;-1.467;-0.302;0.374;-1.23;-1.885;-1.491;-0.605;-1.336;-0.223;-0.165;-1.79;-0.821;-1.691;-1.493;-0.334;-1.877;-1.085;-0.603;-0.427;0.184;-2.295;-0.92;-0.074;-0.922;-2.897;-1.226;-1.146;-1.762;-0.346;0.258;-1.16;-0.295;-1.589;-0.078;-0.694;-0.968;-0.728;-1.373;0.099;-0.593;-0.661;-1.26;-1.57;-0.144;-0.802;-1.353;-1.132;-2.137;-1.301;-0.935;0.013;-0.34;0.226;-0.187;-0.366;-0.895;-1.055;-0.698;-1.264;-0.769;-1.175;-0.813;-1.109;-1.623;-0.983;-0.869;-0.042;0.25;-0.822;-1.101;-0.7;-2.327;-0.45;-1.084;-1.541;-1.084;-1.256;0.929;-0.794;-0.629;-1.611;-1.885;-2.371;-1.524;-0.527;-0.933;-0.933;0.488;-0.932;-1.418;-1.463;-1.495;-0.496;-0.726;-0.8;-1.9;-1.232;0.019;-1.633;-0.58;-1.397;-0.991;-1.096;0.099;-0.608;-0.933;-1.203;-0.807;-0.627;-1.682;-0.586;-1.407;-1.097;-1.313;-0.011;-0.268;-0.854;-0.08;-0.485;-1.455;-1.16;-0.281;-0.543;-0.768;-1.727;-0.769;-0.529;-1.633;-0.866;-0.839;-0.536;-0.4;-1.12;-0.315;-2.333;-0.133;-1.377;-1.497;-0.392;-1.277;-0.873;-1.304;-1.483;-1.048;-1.483;-0.995;-1.564;-0.105;0.068;-1.195;-1.837;-0.598;-1.513;-2.107;-1.724;-1.589;-0.506;-0.763;-0.943;-0.621;-0.942;-0.91;-1.471;-0.27;-2.216;-1.497;-0.644;-1.572;-0.976;-1.731;-0.649;-1.437;-0.651;-0.26;-1.03;0.389;-0.341;-1.127;-1.257;-0.176;-0.745;-0.835;-1.259;-2.286;-0.999;-2.283;-0.134;-1.637;-0.844;0.23;-0.399;-0.983;-1.634;-1.652;-0.325;-0.26;-0.492;0.539;-0.667;-0.514;-0.968;-1.486;-0.797;-1.455;-0.803;-0.248;1.11;0.752;-1.059;0.377;-0.506;-0.264;-1.51;-1.863;-0.896;-0.181;-0.925;-0.005;-0.565;-0.962;-0.509;-1.228;-0.59;-0.974;-0.668;-0.322;-0.951;-0.211;
1,1,28,A,28,I160,,0,-1.5,0.0,0.0,0.0,0.0,-1.00112,0.600733,-0.467;-1.166;-1.976;-0.786;-1.082;-0.876;0.001;-1.38;-2.027;-0.52;-1.365;-0.669;-1.603;-2.11;-1.268;0.276;-1.279;-0.841;-1.234;-1.174;-1.816;-1.216;-1.32;-2.314;-1.295;-1.098;-1.093;-0.733;-0.929;-1.919;-0.38;-0.883;-0.509;-1.304;-0.648;-0.569;-0.771;-1.554;-0.948;-1.337;-0.797;-0.564;-1.697;-0.956;-0.703;-0.91;-2.104;0.023;-0.978;-1.762;-0.769;-0.868;-0.288;-1.188;-1.536;-0.087;-0.376;-0.948;-0.429;-1.555;-0.872;-1.172;-1.681;-0.127;-1.327;-1.542;-0.734;-0.633;-1.187;-0.524;-1.094;-0.097;-0.285;-0.695;-1.288;-1.722;-0.205;-1.572;-0.941;-2.376;-1.155;-0.835;-0.964;-0.803;-0.453;-1.147;-0.879;-0.999;-2.338;-0.054;-1.186;-0.355;-1.559;0.255;-0.786;-0.843;-0.885;-1.603;-1.286;-1.586;-0.636;-0.746;-1.452;-0.195;-1.506;-1.443;-0.463;-2.009;-0.212;-1.359;-0.829;-1.869;0.314;-0.867;-1.477;-0.581;-1.545;-1.11;-1.012;-1.522;-1.555;-1.139;-1.039;-0.295;-0.493;-1.814;-1.231;-1.723;-1.169;-0.534;-0.983;-1.581;-1.033;-0.192;-1.609;-1.6;-1.735;-0.284;-0.309;-1.289;-0.916;-0.832;-0.421;-1.189;-0.706;-0.674;-1.286;-1.098;-1.023;-0.785;-1.324;-1.577;0.314;-1.45;-0.794;-0.663;0.076;-0.805;-0.416;-2.09;-0.983;-1.415;-1.443;-1.162;-0.755;-0.975;-0.012;-0.848;-1.217;-1.046;-1.077;-1.567;-2.028;-1.151;-0.086;-0.701;-0.669;-2.392;0.039;-1.191;-0.876;-0.611;-0.653;-1.821;-0.937;-1.651;-0.052;-0.661;-1.755;-1.017;-1.139;-0.976;-1.139;-0.686;-1.567;-1.568;-1.212;-0.818;-1.371;-0.984;-0.983;-0.051;-0.683;-0.53;-1.781;-0.551;-0.207;-1.561;-0.284;-1.309;-1.086;-0.678;-2.207;-0.924;-0.165;-0.14;-0.65;-0.261;-1.94;-1.78;-0.363;-1.561;-1.131;-0.362;-1.146;-1.146;-1.239;-1.84;-0.664;-0.433;-1.34;-0.011;-2.218;-0.971;-1.195;-0.928;-1.271;-0.322;-0.858;-1.314;-1.242;0.212;-0.803;-1.246;-0.415;-1.949;-1.013;-1.179;-1.717;-0.821;-1.113;-0.882;-0.831;-0.006;-0.369;-1.139;-0.911;-1.9;-1.604;-1.107;-0.436;-0.509;-1.585;-0.92;-1.358;-0.687;-0.603;-0.059;-0.844;-1.713;-2.038;-1.761;-1.739;-0.605;0.053;-1.508;-1.809;-1.426;-0.681;-1.392;-0.309;-0.253;-1.834;-0.892;-1.737;-1.545;-0.417;-1.918;-1.148;-0.679;-0.508;0.087;-2.325;-0.699;0.041;-0.784;-2.467;-0.841;-0.455;-1.878;-0.5;0.088;-1.293;-0.451;-1.71;-0.239;-0.839;-0.594;-0.985;-1.008;-1.079;-0.777;-0.734;-1.317;-1.618;-0.231;-0.871;-1.407;-1.192;-2.17;-1.357;-1.0;-0.078;-0.421;0.129;-0.273;-0.447;-0.962;-1.117;-0.77;-1.32;-0.84;-1.234;-0.882;-1.17;-1.67;-1.047;-0.936;-1.442;0.183;-0.861;-1.132;-0.742;-2.325;-0.499;-1.116;-1.56;-1.116;-1.283;0.14;-1.536;-1.301;-1.626;-1.892;-2.365;-1.541;-1.788;-0.982;-0.982;0.4;-0.981;-1.454;-1.205;-0.729;-1.335;-0.544;-1.346;-2.416;-1.332;-0.115;-1.722;-0.697;-1.493;-1.097;-1.199;-0.037;-0.724;-1.041;-1.303;-0.918;-0.743;-1.769;-0.703;-1.502;-1.2;-1.411;-0.144;-0.394;-0.964;-0.211;-0.604;-1.548;-1.262;-0.406;-0.661;-0.88;-1.813;-0.881;-0.648;-1.721;-0.976;-0.949;-0.655;-0.522;-1.222;-0.439;-2.402;-0.263;-1.473;-1.589;-0.515;-1.375;-0.982;-1.401;-1.576;-1.153;-1.576;-1.101;-1.655;-0.235;-0.067;-1.296;-1.336;-1.213;-1.447;-2.025;-1.652;-1.038;-0.622;-0.873;-1.048;-0.735;-1.047;-1.701;-2.246;-0.144;-1.041;-0.095;-2.681;-1.736;-1.156;-1.89;-0.838;-1.388;0.003;-1.233;-2.15;0.014;-0.697;-1.461;-1.588;-0.634;-0.7;-0.787;-1.2;-2.199;-0.947;-2.196;-0.105;-1.029;-0.789;-1.889;-0.809;-1.339;-1.781;-1.799;-0.507;0.124;-0.573;0.43;-0.743;-0.595;-1.037;-1.271;-0.982;-1.622;-0.988;-0.448;0.873;0.524;-1.237;0.16;-0.699;-0.464;-1.7;-0.483;-0.359;-0.726;0.087;0.159;-0.386;-0.773;-0.332;-1.024;-0.403;-1.054;-0.756;-0.419;-1.031;-0.311;
1,1,29,A,29,I102,,0,-1.5,0.0,0.0,0.0,0.0,-1.061491,0.605759,-0.556;-1.23;-0.705;-0.85;-1.135;-0.937;-0.091;-1.423;-2.047;-0.593;-1.408;-0.737;-1.638;-2.127;-1.315;0.175;-1.326;-0.903;-0.324;-2.172;-1.767;-1.188;-1.288;-2.247;-1.264;-1.074;-1.069;-0.722;-0.706;-1.661;-0.817;-0.239;-0.188;-1.971;-1.008;-0.577;-0.771;-1.605;-1.021;-1.396;-0.875;-0.65;-1.744;-1.028;-0.784;-0.984;-2.136;-0.084;-1.049;-1.806;-0.848;-0.943;-0.384;-1.252;-1.588;-0.19;-1.403;-0.766;-0.266;-1.352;-0.693;-1.208;-1.342;-1.428;-1.283;-1.49;-0.711;-0.613;-1.149;-0.509;-1.058;-0.097;-0.093;-1.122;-2.282;-0.961;-0.201;-1.52;-0.91;-2.295;-1.487;-1.105;-1.489;-2.321;-0.46;-1.129;-1.244;-0.654;-1.668;-0.199;-1.291;-0.489;-1.651;1.011;0.013;-0.21;-1.099;-1.792;-1.323;-1.851;0.084;-0.794;-1.476;-0.264;-1.528;-1.432;-1.172;-2.621;-0.887;-1.386;-0.875;-1.878;0.228;-0.911;-1.5;-0.635;-1.565;-1.146;-1.051;-1.543;-1.575;-1.174;-1.111;-0.394;-0.386;-1.66;-1.098;-1.09;-0.664;-0.536;-0.969;-1.335;-0.143;-0.424;-1.053;-2.082;-1.495;-0.281;-1.042;-1.988;-0.696;-0.615;-0.218;-0.959;-1.323;-0.906;-2.305;-1.071;-0.999;-0.77;-1.243;-0.901;-0.015;-1.504;-0.871;-0.745;-0.032;-0.882;-0.551;-2.167;-1.099;-1.423;-1.451;-1.052;-0.844;-1.056;-0.127;-0.934;-1.29;-1.125;-1.155;-1.628;-2.072;-1.225;-0.198;-0.792;-0.761;-2.424;-0.078;-1.265;-0.96;-0.705;-0.746;-1.872;-1.019;-1.708;-0.166;-0.753;-1.808;-1.096;-1.214;-1.057;-1.214;-0.777;-1.627;-1.628;-1.284;-0.904;-1.438;-1.065;-1.064;0.376;-0.396;-1.052;-1.116;-1.37;-0.76;-1.969;-1.71;-1.233;-1.018;-1.274;-2.048;-0.983;-0.252;-0.228;-0.719;-0.344;-1.964;-1.81;-0.442;-1.599;-1.184;-0.442;-1.198;-1.198;-1.288;-1.868;-0.733;-0.51;-1.385;-0.103;-2.232;-1.029;-1.245;-1.13;-1.256;-0.34;-0.858;-1.298;-1.228;0.175;-0.75;-1.449;-0.648;-2.128;-1.225;-1.385;-1.904;-1.04;-0.556;-1.15;-0.845;-0.05;-0.944;-1.178;-2.243;-1.728;-2.655;-0.686;-0.395;-0.466;-1.503;-0.856;-1.279;-2.013;-1.077;-0.552;-0.62;-1.457;-1.771;-1.503;-1.636;-0.543;0.092;-1.414;-2.029;-1.659;-0.827;-1.513;-0.468;-0.414;-1.487;-0.578;-1.95;-1.764;-0.676;-1.876;-1.132;-0.68;-0.515;0.059;-2.268;-0.7;0.014;-1.764;-3.357;-1.552;-0.03;-2.181;-0.604;-0.036;-1.368;-0.556;-1.771;-0.352;-0.93;-0.694;-1.071;-1.094;-1.162;-0.871;-0.829;-1.392;-1.682;-0.344;-0.962;-1.479;-1.271;-2.215;-1.43;-1.086;-0.197;-0.528;0.003;-0.384;-0.553;-1.049;-1.199;-0.864;-1.395;-0.931;-1.312;-0.972;-1.25;-1.732;-1.131;-1.025;-1.512;0.055;-0.952;-1.213;-0.837;-2.364;-0.603;-1.197;-1.626;-1.198;-1.359;0.014;-1.603;-1.377;-1.689;-1.947;-1.663;-1.256;-1.089;-1.2;-1.378;-0.04;-1.372;-0.401;-1.295;-0.836;-1.42;-0.657;-1.431;-2.464;-1.418;-0.244;-1.794;-0.805;-0.553;-1.548;-1.646;-0.138;-0.802;-1.107;-1.36;-0.988;-0.819;-1.81;-0.781;-1.552;-1.26;-1.464;-0.242;-0.483;-1.033;-0.307;-0.686;-1.597;-1.32;-0.495;-0.74;-0.952;-1.852;-0.864;-1.372;-1.323;-0.781;-1.063;-0.779;-0.651;-1.327;-0.571;-2.465;-0.401;-1.568;-1.681;-0.644;-1.474;-1.095;-1.5;-1.668;-1.26;-1.057;-1.05;-1.15;-1.204;-0.973;-1.636;-0.885;-0.766;-1.625;-2.182;-1.822;-1.23;-0.725;-0.967;-1.135;-0.834;-1.135;-1.105;-1.631;-0.504;-2.331;-0.115;-2.609;-1.698;-1.138;-1.847;-0.831;-1.571;-0.833;-0.466;-1.189;0.143;-0.542;-1.28;-1.402;-0.388;-0.922;-1.006;-1.404;-2.368;-1.16;-2.365;-0.348;-1.239;-1.045;-0.038;-0.628;-1.176;-1.787;-1.804;-0.558;-0.497;-0.715;0.252;-0.879;-0.736;-1.038;-0.689;-0.851;-0.993;-0.961;-0.44;0.834;0.498;-1.261;0.086;-0.743;-0.515;-1.684;-0.511;-0.391;-0.745;-0.398;-0.329;-0.855;-0.982;-0.557;-1.232;-0.633;-0.993;-0.706;-0.382;-1.609;-0.265;
1,1,30,A,30,I196,,0,-1.5,0.0,0.0,0.0,0.0,-1.170984,0.590451,-0.864;-0.275;-0.506;-0.652;-1.05;-1.679;0.243;-1.635;-2.264;-0.797;-0.807;-1.809;-1.837;-0.506;-0.999;-2.464;-0.983;-1.067;0.0;-1.207;-2.018;-1.433;-0.868;-1.835;-0.844;-1.336;-1.103;-0.753;-0.737;-1.7;-0.849;-0.265;-0.888;-1.662;-1.024;-0.59;-1.602;-1.713;-1.124;-1.502;-0.976;-0.75;-1.853;-1.131;-0.885;-1.087;-2.248;-0.179;-1.152;-1.916;-0.326;-1.581;-0.84;-1.715;-2.054;-0.165;-1.387;-0.941;-0.437;-1.532;-0.867;-0.356;-1.277;-0.87;-0.724;-1.736;-0.95;-0.611;-1.151;-0.506;-1.06;-0.091;-1.343;-0.776;-1.354;-1.176;-0.41;-1.74;-1.125;-2.521;-1.334;-1.022;-1.148;-0.991;-0.651;-1.326;-1.066;-1.182;-2.485;-0.263;-1.364;-0.556;-1.727;0.038;-0.975;-1.03;-1.071;-1.769;-1.462;-1.753;-0.828;-0.936;-1.623;-0.4;-1.675;-1.448;-1.186;-2.647;-0.898;-1.824;-1.308;-1.856;-0.579;-1.42;-0.713;-0.554;-1.492;-1.424;-1.377;-1.873;-1.318;-1.124;-1.917;-0.512;-0.704;-1.989;-1.423;-0.657;-1.143;-0.355;-1.372;-2.099;-1.5;-0.6;-1.694;-1.684;-1.816;-0.404;-0.429;-1.383;-1.02;-0.938;-0.538;-1.285;-0.815;-0.785;-1.379;-1.324;-1.252;-1.02;-1.545;-0.957;-0.063;-1.565;-0.927;-0.799;-0.08;-0.937;-0.604;-2.233;-1.156;-1.576;-1.604;-1.33;-0.934;-1.149;-1.578;-1.314;-1.673;-1.375;-1.263;-1.74;-2.188;-1.335;-0.299;-0.897;-0.866;-2.233;-0.705;-1.25;-0.943;-0.686;-0.727;-2.007;-1.146;-0.656;0.2;-0.915;-0.439;-1.139;-1.258;-1.099;-1.258;-0.817;-1.797;-0.356;-1.049;-1.418;-1.311;-0.935;-0.934;-0.027;-0.806;-0.398;-1.615;-0.6;-0.266;-1.583;-1.865;-1.384;-1.167;-1.425;-2.206;-1.132;-0.394;-0.37;-0.866;-0.488;-2.121;-1.965;-0.586;-1.752;-1.334;-0.586;0.054;-0.884;-0.974;-1.559;-1.058;-0.833;-1.716;0.037;-2.11;-0.897;-0.648;-1.329;-1.455;-0.532;-1.054;-1.497;-1.427;-0.012;-0.56;-1.432;-0.624;-2.116;-1.206;-1.367;-1.89;-1.437;-0.949;-0.788;-0.946;-0.144;-1.045;-1.282;-2.355;-1.836;-2.771;-0.785;-0.492;-0.563;-1.61;-0.957;-1.384;-2.123;-1.179;-0.651;-0.718;-1.563;-1.88;-1.61;-1.744;-0.641;-0.001;-1.519;-2.139;-1.766;-0.928;-1.509;-1.174;-1.119;-1.771;-0.854;-1.677;-2.399;-2.501;-2.089;-1.34;-0.883;-0.717;-0.138;-2.485;-1.184;-0.383;-1.185;-3.055;-1.474;-1.397;-1.981;-0.64;-0.068;-1.411;-2.322;-2.04;-0.609;-1.193;-0.954;-1.427;-1.405;-1.299;-1.005;-0.963;-1.531;-1.823;-0.474;-1.097;-1.618;-1.409;-2.36;-1.569;-1.222;-0.326;-0.659;-0.124;-0.515;-0.684;-1.185;-1.336;-0.998;-1.534;-1.066;-1.45;-1.107;-1.388;-1.874;-1.709;-0.919;-1.41;-0.337;-1.352;-0.867;-1.153;-2.694;-0.48;-1.08;-1.512;-2.158;-1.669;0.399;-1.231;-1.075;-2.005;-2.265;-0.733;-1.564;-1.805;-1.325;-1.504;-0.154;-1.498;-0.519;-1.42;-0.957;-1.547;-0.777;-1.558;-2.598;-1.544;-0.36;-1.923;-0.926;-0.672;-1.194;-1.294;-0.163;-0.832;-1.14;-1.395;-1.02;-1.474;-1.626;-1.637;-1.649;-1.355;-1.56;-0.328;-0.571;-1.126;-0.393;-0.838;-1.756;-1.477;-0.645;-0.892;-1.105;-2.014;-1.107;-1.417;-1.368;-0.822;-1.107;-0.82;-0.691;-1.372;-1.034;-2.747;-1.385;-1.492;-1.606;-0.561;-1.398;-1.016;-1.423;-1.593;-0.931;-1.343;-1.336;-1.874;-0.493;-0.33;-1.525;-1.564;-1.444;-1.534;-2.096;-1.733;-1.136;-0.81;-1.054;-1.224;-0.92;-1.095;-1.731;-2.261;-0.543;-2.385;-1.704;-0.897;-1.776;-1.212;-1.926;-0.902;-1.648;-0.904;-0.534;-1.263;0.081;-0.61;-1.354;-1.531;-0.509;-1.047;-1.132;-1.533;-2.506;-1.287;-2.503;-0.469;-1.891;-1.14;-0.124;-0.72;-1.272;-1.888;-1.906;-0.649;-0.588;-0.807;0.168;-0.973;-0.829;-1.133;-0.781;-0.944;-1.566;-0.95;-0.424;-1.002;0.183;-1.023;-0.486;-0.754;-0.525;-1.704;-2.515;-1.047;-0.37;-1.075;-0.203;-0.733;-1.109;-0.681;-1.361;-0.757;-1.121;-0.831;-0.504;-1.885;-0.53;
1,1,31,A,31,I100,,1,-1.5,0.0,0.0,0.0,0.0,-1.039133,0.578769,-0.536;-1.199;-0.682;-0.825;-1.106;-0.91;-0.079;-1.389;-2.002;-0.573;-1.374;-0.714;-1.6;-2.08;-1.282;0.182;-1.293;-0.877;-1.25;-1.193;-0.522;-0.985;-1.083;-2.026;-1.06;-0.983;-0.978;-0.637;-0.621;-1.56;-0.731;-0.162;-0.769;-1.523;-0.902;-0.478;-1.465;-1.501;-0.927;-1.295;-0.783;-1.023;-1.497;-0.883;-0.643;-0.839;-2.321;-0.41;-1.232;-1.589;-0.647;-1.486;-1.685;-1.414;-1.744;-1.397;-1.154;-0.72;-0.228;-1.295;-0.647;-1.154;-1.285;-1.37;-1.228;-1.431;-0.665;-0.569;-1.095;-0.467;-1.007;-0.062;-0.057;-1.069;-1.364;-1.775;-0.337;-1.633;-1.034;-2.395;-1.238;-0.933;-1.311;-2.128;-0.299;-0.956;-1.07;-1.183;-1.433;-1.025;-1.494;0.214;-1.549;-0.19;-0.133;-0.769;-0.808;-1.489;-1.202;-1.721;0.143;-0.72;-1.39;-0.199;-1.441;-0.987;-0.995;-2.419;-0.715;-1.617;-1.114;-1.648;-0.403;-1.223;-0.534;-0.802;-1.58;-1.168;-1.075;-1.558;-1.59;-1.196;-1.1;-0.395;-0.388;-1.64;-1.088;-1.08;-0.661;-0.535;-0.961;-1.527;-0.425;-0.702;-0.923;-1.934;-1.745;-0.369;-0.393;-1.323;-0.969;-0.889;-0.499;-1.228;-0.77;-0.74;-1.319;-1.141;-1.07;-0.845;-1.356;-1.595;0.198;-2.525;-1.04;-0.916;-0.016;-0.851;-0.526;-2.114;-1.064;-1.383;-1.41;-1.018;-0.814;-1.023;-0.11;-0.902;-1.252;-1.09;-1.119;-1.584;-2.021;-1.189;-0.179;-0.763;-0.732;-2.366;-0.061;-1.227;-0.928;-0.677;-0.717;-1.825;-0.986;-1.664;-0.147;-0.725;-1.762;-1.062;-1.178;-1.023;-1.178;-0.748;-1.583;-1.585;-1.247;-0.873;-1.398;-1.031;-1.03;0.385;-0.374;-1.018;-1.082;-0.093;-0.767;-1.955;-1.701;-1.232;-1.021;-1.273;-2.033;-0.987;-0.268;-0.244;-0.727;-0.359;-1.951;-1.799;-0.455;-1.592;-1.184;-0.455;-1.198;-1.198;-1.286;-1.856;-0.741;-0.521;-1.382;-0.121;-2.214;-1.032;-1.244;-0.991;-1.316;-0.416;-0.925;-1.357;-1.289;0.09;-0.219;-1.068;-0.281;-1.735;-0.848;-1.006;-1.515;-0.816;-1.093;-0.874;-0.825;-0.044;-0.922;-1.153;-2.199;-1.693;-2.604;-0.669;-0.383;-0.452;-1.472;-0.836;-1.252;-1.973;-1.053;-0.538;-0.604;-1.427;-1.735;-1.472;-1.603;-0.528;0.096;-1.384;-1.989;-1.625;-0.807;-1.482;-0.455;-0.402;-1.456;-0.562;-1.911;-1.728;-0.659;-1.838;-1.108;-0.663;-0.501;0.063;-2.224;-0.682;0.019;-0.763;-3.647;-0.51;-0.207;-1.556;-0.666;-0.109;-1.417;-0.338;-2.181;-0.786;-1.355;-0.825;-1.287;-1.265;-1.162;-0.875;-0.834;-1.387;-1.672;-0.357;-0.964;-1.473;-1.269;-2.196;-1.425;-1.087;-0.213;-0.538;-0.016;-0.397;-0.562;-1.05;-1.197;-0.868;-1.39;-0.934;-1.308;-0.975;-1.248;-1.722;-1.131;-1.026;-0.263;0.006;-0.983;-0.511;-0.789;-2.291;-0.559;-1.144;-1.565;-1.144;-1.302;0.046;-1.543;-1.32;-1.627;-2.17;-0.677;-1.487;-1.721;-0.957;-1.461;-0.726;-1.177;-0.223;-1.101;-0.65;-1.225;-0.475;-1.236;-2.25;-1.222;-0.443;-1.662;-0.69;-1.445;-1.069;-1.166;-0.615;-1.813;-1.56;-1.726;-1.132;-0.966;-0.789;-0.804;-1.562;-1.275;-0.87;-0.294;-0.531;-1.071;-0.357;-0.73;-1.308;-1.036;-0.225;-0.844;-1.051;-1.937;-0.666;-1.186;-1.144;-0.612;-1.195;-0.468;-1.596;-1.384;-0.641;-2.534;-1.207;-1.311;-1.422;-0.403;-1.219;-1.042;-1.44;-1.605;-1.204;-1.005;-0.998;-1.096;-1.15;-0.922;-1.574;-0.835;-0.718;-1.563;-2.111;-1.757;-1.632;-0.633;-0.871;-1.036;-0.74;-1.036;-1.656;-2.173;-0.179;-1.03;-0.133;-2.585;-1.689;-1.139;-1.836;-0.837;-1.565;-0.839;-0.478;-1.189;0.253;-0.42;-1.145;-1.318;-0.321;-0.846;-0.929;-1.32;-2.268;-1.08;-2.265;-0.282;-1.158;-0.439;-0.782;-0.686;-1.225;-1.826;-1.843;-0.618;-0.019;-0.681;0.271;-0.842;-0.701;-0.998;-0.655;-0.814;-0.954;-0.922;-0.41;0.842;0.512;-1.217;0.107;-0.708;-0.484;-1.633;-0.48;-1.336;-0.677;-0.336;-0.268;-0.785;-0.768;-1.575;-1.381;-0.792;-1.146;-0.863;-0.545;-1.454;-0.134;
1,1,32,A,32,I139,,0,-1.5,0.0,0.0,0.0,0.0,-1.094709,0.572034,-1.142;-0.838;-0.525;-0.665;-1.045;-1.646;0.191;-1.604;-2.205;-0.26;-0.939;-1.896;-1.417;-1.07;-1.541;-1.872;-0.457;-0.973;0.047;-1.106;-1.881;-1.323;-0.198;-2.207;-1.26;-1.078;-1.072;-0.738;-0.723;-1.643;-0.83;-0.272;-0.224;-1.942;-1.013;-0.599;-0.786;-1.589;-1.026;-1.387;-0.885;-1.12;-1.585;-0.983;-0.748;-0.94;-2.393;-0.519;-1.325;-1.675;-0.752;-1.575;-1.77;-1.503;-1.827;-1.487;-0.57;-0.792;-0.31;-1.356;-0.721;-1.217;-1.346;-1.43;-1.29;-1.489;-0.738;-0.644;-1.16;-0.544;-1.073;-0.147;-0.143;-1.134;-2.252;-0.979;-0.247;-1.518;-0.931;-2.264;-1.486;-1.119;-1.488;-2.29;-0.496;-1.141;-1.252;-0.684;-1.66;-0.245;-1.298;-0.525;-1.644;0.92;-0.041;-0.256;-1.113;-1.78;-1.328;-1.837;0.028;-0.819;-1.476;-0.307;-1.526;-1.467;-0.556;-1.993;-0.323;-1.549;-1.056;-2.022;-0.049;-1.147;-0.755;-0.602;-1.498;-1.433;-1.171;-1.645;-1.675;-0.795;-1.102;-0.41;-0.403;-1.631;-1.089;-1.082;-0.671;-0.743;-1.16;-1.716;-1.207;-0.425;-1.031;-2.022;-1.456;-0.286;-1.02;-1.931;-0.966;-0.887;-0.506;-1.22;-0.771;-0.741;-1.309;-1.257;-1.188;-0.966;-1.467;-0.906;-0.052;-1.487;-0.877;-0.755;-0.068;-0.887;-0.569;-2.125;-1.096;-1.409;-1.412;-1.028;-0.827;-1.032;-1.443;-1.19;-1.533;-1.249;-1.142;-1.598;-2.026;-1.21;-0.221;-0.793;-0.763;-2.364;-0.105;-1.248;-0.955;-0.709;-0.748;-1.833;-1.011;-1.676;-0.189;-0.755;-1.772;-1.086;-1.975;-0.921;-1.01;-0.589;-1.889;-0.512;-1.174;-0.808;-1.323;-0.963;-0.962;-0.096;-0.84;-1.015;-1.077;-1.322;-0.734;-2.093;-0.387;-1.34;-1.133;-1.38;-2.106;-0.678;0.027;-1.168;-1.093;-0.959;-1.731;-1.582;-1.29;-1.391;-1.651;-0.347;0.023;-0.873;-0.959;-1.518;-0.85;-0.634;-1.478;-0.242;-2.294;-1.135;-1.343;-1.095;-1.413;-0.531;-1.03;-0.532;-1.04;-0.389;-0.674;-1.347;-0.575;-2.001;-1.132;-1.286;-1.785;-0.953;-1.224;-1.009;-0.962;-0.196;-0.532;-1.248;-1.036;-1.963;-1.688;-1.226;-0.602;-0.67;-1.898;-0.863;-1.271;-1.977;-1.076;-0.57;-0.635;-1.442;-1.745;-1.487;-1.615;-0.561;0.051;-1.4;-1.993;-1.636;-0.835;-1.496;-0.489;-0.437;-1.906;-1.031;-1.874;-1.695;-0.647;-2.042;-1.326;-0.89;-1.091;-0.664;-1.336;-1.107;-0.341;-1.108;-2.895;-1.384;-1.311;-1.868;-0.588;-0.041;-1.324;-2.194;-1.925;-0.558;-1.115;-0.737;-0.818;-1.401;-1.3;-1.019;-0.979;-1.521;-1.801;-0.512;-1.107;-1.605;-1.254;-2.163;-1.407;-1.076;-0.219;-0.78;-0.268;-0.642;-0.804;-1.108;-1.253;-0.93;-1.442;-0.995;-1.362;-1.035;-1.302;-1.767;-1.062;-0.959;-1.429;0.081;-0.889;-1.141;-1.202;-2.674;-0.643;-1.216;-1.629;-1.216;-1.371;-0.049;-1.607;-1.388;-1.69;-1.938;-2.377;-1.611;-1.841;-1.091;-1.091;0.193;-1.091;-1.53;-1.298;-0.856;-1.419;-0.684;-1.43;-2.424;-1.417;-0.286;-1.779;-0.827;-0.584;-1.542;-1.637;-0.184;-0.823;-1.118;-1.361;-1.003;-0.84;-1.795;-0.803;-1.546;-1.265;-1.461;-0.284;-0.516;-1.046;-0.346;-0.712;-1.589;-1.323;-0.528;-0.764;-0.968;-1.835;-0.883;-1.372;-1.325;-0.804;-1.076;-0.802;-0.678;-1.329;-0.601;-2.426;-0.437;-1.562;-1.67;-0.672;-1.471;-1.106;-1.496;-1.658;-1.265;-1.07;-1.063;-1.159;-1.211;-0.989;-1.627;-0.903;-0.789;-1.616;-2.153;-1.807;-1.684;-0.705;-0.938;-1.1;-0.81;-1.1;-1.707;-2.215;-0.26;-1.094;-0.215;-2.618;-1.74;-1.201;-1.884;-0.905;-1.618;-0.907;-0.553;-1.25;0.164;-0.497;-1.207;-1.376;-0.4;-0.914;-0.995;-1.378;-2.307;-1.143;-2.305;-0.361;-1.22;-0.515;-0.851;-0.757;-1.285;-1.874;-1.891;-0.69;-0.104;-0.752;0.181;-0.91;-0.772;-1.062;-0.726;-0.882;-1.477;-0.887;-0.385;0.842;0.518;-1.177;-0.521;-0.777;-0.558;-1.685;-0.554;-0.438;-0.78;-0.446;-0.379;-0.885;-1.008;-0.598;-1.249;-0.672;-1.019;-0.742;-0.429;-1.749;-0.455;
1,1,33,A,33,I053,,0,-1.5,0.0,0.0,0.0,0.0,-1.132094,0.557868,-1.102;-0.801;-0.493;-0.631;-1.007;-1.601;-0.191;-1.46;-2.054;-0.669;-1.445;-0.806;-1.664;-2.13;-1.357;0.062;-1.367;-0.964;-0.413;-2.173;-1.787;-1.235;-1.331;-2.244;-1.308;-1.127;-1.122;-0.792;-0.777;-1.686;-0.883;-0.332;-0.283;-1.981;-1.064;-0.654;-0.839;-1.633;-1.076;-1.433;-0.937;-1.169;-1.629;-1.034;-0.801;-0.992;-2.427;-0.575;-1.372;-1.718;-0.805;-1.619;-1.811;-1.548;-1.868;-1.532;-0.625;-0.845;-0.369;-1.402;-0.775;-1.265;-1.393;-1.475;-1.337;-1.534;-0.792;-0.699;-1.209;-0.6;-1.123;-0.208;-0.203;-1.183;-2.288;-1.03;-0.306;-1.562;-0.982;-2.3;-1.531;-1.168;-1.533;-2.325;-0.553;-1.19;-1.3;-0.738;-1.703;-0.305;-1.345;-0.581;-1.687;0.847;-0.103;-0.315;-0.87;-1.529;-1.251;-1.754;0.052;-0.784;-1.434;-0.279;-1.483;-1.043;-1.051;-2.43;-0.779;-1.653;-1.166;-1.684;-0.477;-1.271;-1.552;-0.729;-1.614;-1.215;-1.125;-1.593;-1.623;-1.242;-1.182;-0.499;-0.492;-1.705;-1.17;-1.162;-0.756;-0.634;-1.047;-1.595;-0.528;-0.796;-1.01;-1.99;-1.738;-0.405;-1.13;-2.031;-0.801;-0.723;-0.346;-1.052;-1.398;-1.001;-2.333;-1.158;-1.09;-0.871;-1.321;-0.996;-0.153;-1.57;-0.968;-0.848;-0.168;-0.978;-0.62;-2.159;-1.142;-1.451;-1.454;-1.074;-0.876;-1.079;-1.484;-1.235;-1.574;-1.293;-1.187;-1.637;-2.06;-1.254;-0.276;-0.842;-0.812;-2.395;-0.162;-1.292;-1.002;-0.759;-0.798;-0.561;-0.942;-0.989;-0.18;-0.74;-1.744;-0.35;-0.933;-0.784;-0.872;-1.313;-2.122;-0.761;-1.416;-1.054;-0.953;-0.904;-0.902;-0.047;-0.782;0.026;-1.123;-1.365;-0.784;-2.126;-0.441;-1.383;-1.178;-1.422;-2.14;-1.126;-0.429;-0.406;-0.874;-0.517;-2.059;-1.913;-0.611;-1.712;-1.085;-1.232;-1.573;-1.221;-1.306;-1.858;-0.778;-0.565;-1.398;-0.177;-2.205;-1.059;-1.265;-1.156;-1.471;-0.599;-1.092;-0.599;-1.101;-0.458;-0.74;-1.405;-0.642;-2.051;-1.192;-1.344;-1.838;-1.015;-1.284;-1.071;-1.024;-0.267;-0.6;-1.307;-1.098;-2.014;-1.742;-1.285;-0.669;-0.736;-1.949;-0.926;-1.33;-2.028;-1.137;-0.637;-0.701;-1.499;-1.798;-1.543;-1.67;-0.628;-0.024;-1.458;-2.043;-1.691;-0.899;-1.552;-0.557;-0.506;-1.958;-1.092;-1.926;-1.749;-0.713;-2.092;-1.384;-0.953;-1.151;-0.73;-1.394;-1.168;-0.411;-1.169;-2.934;-1.441;-1.369;-1.92;-0.654;-0.114;-1.382;-0.609;-1.766;-0.415;-0.965;-1.211;-0.996;-1.573;-0.257;-0.875;-0.936;-1.472;-1.748;-0.474;-1.062;-1.555;-1.357;-2.255;-1.508;-1.181;-0.334;-0.649;-0.143;-0.512;-0.673;-1.145;-1.288;-0.969;-1.475;-1.033;-1.396;-1.072;-1.337;-1.796;-1.099;-0.997;-1.462;-0.448;-1.406;-1.089;-0.977;-2.431;-0.754;-1.32;-1.728;-1.321;-1.474;0.479;-1.061;-0.913;-1.888;-2.133;-2.693;-1.586;-1.813;-1.072;-1.561;-0.849;-1.286;-0.361;-1.212;-0.775;-1.332;-0.605;-1.342;-2.325;-1.329;-0.575;-1.756;-0.814;-1.545;-1.181;-1.275;-0.207;-0.839;-1.956;-1.179;-1.1;-0.939;-1.882;-0.902;-1.637;-1.359;-0.967;-0.408;-0.637;-1.161;-0.47;-0.831;-1.698;-0.635;-0.685;-0.919;-1.12;-1.978;-1.122;-1.415;-1.368;-0.853;-1.121;-0.851;-0.728;-1.372;-0.652;-2.456;-0.49;-1.602;-1.709;-0.722;-1.512;-1.152;-1.536;-1.697;-1.308;-1.115;-1.109;-1.203;-1.255;-1.035;-1.666;-0.951;-0.838;-1.656;-2.186;-1.844;-1.28;-0.799;-1.029;-1.19;-0.902;-1.189;-1.161;-1.662;-0.588;-2.328;-1.685;-0.922;-1.752;-1.219;-1.894;-0.927;-1.632;-0.929;-0.579;-1.268;0.001;-0.652;-1.354;-1.47;-0.505;-1.013;-1.093;-1.472;-2.39;-1.24;-2.388;-0.467;-1.315;-1.131;-0.171;-0.733;-1.255;-1.837;-1.853;-0.667;-0.609;-0.816;0.105;-0.973;-0.836;-1.123;-0.791;-0.945;-1.533;-0.95;-0.454;0.759;0.439;-1.236;-0.589;-0.842;-0.625;-1.738;-0.621;-0.507;-0.844;-0.514;-0.448;-0.949;-1.07;-0.665;-1.308;-0.737;-1.08;-0.807;-0.498;-1.802;-0.523;
1,1,34,A,34,I051,,0,-1.5,0.0,0.0,0.0,0.0,-1.167472,0.569515,-1.231;-0.938;-0.637;-0.771;-1.138;-1.717;0.053;-1.676;-2.255;-0.382;-1.035;-1.958;-1.496;-1.162;-1.616;-1.935;-0.571;-1.068;-0.085;-1.197;-1.944;-1.406;-0.322;-2.258;-1.345;-1.169;-1.164;-0.842;-0.827;-1.714;-0.931;-0.393;-0.346;-2.002;-1.107;-0.707;-0.888;-1.662;-1.12;-1.468;-0.984;-1.21;-1.658;-1.078;-0.851;-1.037;-2.437;-0.631;-1.408;-1.745;-0.855;-1.648;-1.836;-1.58;-1.892;-1.564;-0.68;-0.894;-0.429;-1.437;-0.826;-1.304;-1.428;-1.508;-1.374;-1.566;-0.842;-0.752;-1.249;-0.655;-1.165;-0.272;-0.268;-1.224;-2.301;-1.074;-0.369;-1.593;-1.027;-2.313;-1.563;-1.209;-1.565;-2.337;-0.609;-1.23;-1.337;-0.79;-1.731;-0.367;-1.381;-0.637;-1.715;0.757;-0.17;-0.377;-0.918;-1.561;-1.289;-1.78;-0.019;-0.835;-1.468;-0.342;-1.516;-1.087;-1.094;-2.44;-0.829;-1.682;-1.207;-1.712;-0.535;-1.31;-1.583;-0.78;-1.644;-1.255;-1.167;-1.623;-1.653;-1.281;-1.223;-0.556;-0.549;-1.732;-1.21;-1.203;-0.807;-0.688;-1.09;-1.626;-0.584;-0.846;-1.055;-2.01;-1.765;-0.465;-1.172;-2.05;-0.851;-0.775;-0.407;-1.095;-1.433;-1.046;-2.345;-1.199;-1.132;-0.919;-1.358;-1.041;-0.219;-1.601;-1.014;-0.896;-0.234;-1.023;-0.763;-2.263;-1.271;-1.573;-1.598;-1.346;-0.981;-1.179;-0.316;-1.065;-1.396;-1.243;-1.27;-1.709;-2.122;-1.336;-0.382;-0.933;-0.905;-2.163;-0.756;-1.258;-0.975;-0.738;-0.701;-1.473;-1.05;-1.691;-0.258;-0.804;-1.783;-0.424;-0.992;-0.846;-0.933;-1.362;-2.152;-0.825;-1.463;-1.11;-1.011;-0.964;-0.962;-0.128;-0.844;-0.056;-1.177;-1.413;-0.847;-1.969;-1.729;-1.791;-0.96;-1.198;-1.917;-0.928;-0.249;-0.897;-0.825;-0.477;-1.981;-1.838;-0.568;-1.642;-1.256;-0.568;-1.27;-1.27;-1.353;-1.892;-0.838;-0.631;-1.443;-0.253;-2.23;-1.113;-1.313;-1.207;-1.514;-0.664;-1.144;-1.334;-1.269;-0.903;-0.823;-1.473;-0.728;-2.103;-1.265;-1.413;-1.895;-1.092;-1.354;-1.147;-0.864;-0.125;-0.955;-1.173;-2.162;-1.684;-2.545;-0.716;-0.574;-0.639;-1.603;-1.002;-1.395;-2.076;-1.207;-0.72;-0.782;-1.56;-1.852;-1.603;-1.726;-0.711;-0.121;-1.52;-2.091;-1.747;-0.975;-1.612;-0.642;-0.592;-1.587;-0.743;-2.017;-1.845;-0.835;-1.949;-1.258;-0.838;-0.685;-0.152;-2.313;-0.857;-0.194;-0.933;-3.657;-0.694;-0.408;-1.682;-0.841;-0.315;-1.551;-0.531;-2.272;-0.955;-1.492;-0.992;-1.428;-1.407;-1.309;-1.039;-1.0;-1.523;-1.792;-0.549;-1.123;-1.603;-1.411;-2.287;-1.558;-1.239;-0.413;-0.72;-0.227;-0.587;-0.743;-1.204;-1.343;-1.032;-1.525;-1.095;-1.448;-1.133;-1.391;-1.838;-0.494;-1.172;-0.45;-0.361;-1.296;-0.85;-1.113;-2.532;-0.449;-1.38;-1.778;-1.381;-1.53;0.375;-1.127;-0.983;-1.839;-2.079;-2.502;-1.422;-1.267;-1.37;-1.536;-0.841;-1.268;-0.366;-1.582;-1.611;-1.637;-0.928;-0.993;-1.951;-1.369;-0.634;-1.785;-0.867;-1.58;-1.225;-1.316;-0.275;-0.891;-1.175;-1.41;-1.065;-1.19;-1.468;-1.477;-1.489;-1.218;-1.407;-1.307;-0.65;-1.161;-0.486;-0.838;-1.684;-1.427;-0.661;-0.889;-1.085;-1.921;-1.087;-1.372;-1.327;-0.824;-1.086;-0.822;0.259;-1.135;-0.823;-2.612;-1.357;-1.456;-1.561;-0.598;-1.369;-1.202;-1.578;-1.734;-0.884;-1.263;-1.256;-1.752;-0.48;-0.33;-1.43;-1.99;-0.91;-1.708;-2.225;-1.891;-1.773;-0.829;-1.054;-1.21;-0.93;-1.21;-1.796;-2.284;-0.401;-1.204;-0.357;-2.673;-1.827;-1.307;-1.965;-1.022;-1.71;-1.024;-0.683;-1.355;0.008;-0.628;-1.313;-1.476;-0.535;-1.031;-1.109;-1.478;-2.374;-1.252;-2.371;-0.498;-1.325;-0.646;-0.97;-0.88;-1.388;-1.956;-1.972;-0.815;-0.25;-0.874;0.024;-1.027;-0.894;-1.174;-0.85;-1.0;-1.573;-1.005;-0.521;0.662;0.35;-1.284;-0.652;-0.899;-0.688;-1.774;-0.684;-0.572;-0.901;-0.579;-0.515;-0.128;-1.073;-0.678;-1.305;-0.749;-1.083;-0.816;-0.515;-1.654;-0.407;
1,1,35,A,35,I391,,-1,-1.5,0.0,0.0,0.0,0.0,-1.167472,0.569515,-1.231;-0.938;-0.637;-0.771;-1.138;-1.717;0.053;-1.676;-2.255;-0.382;-1.035;-1.958;-1.496;-1.162;-1.616;-1.935;-0.571;-1.068;-0.085;-1.197;-1.944;-1.406;-0.322;-2.258;-1.345;-1.169;-1.164;-0.842;-0.827;-1.714;-0.931;-0.393;-0.346;-2.002;-1.107;-0.707;-0.888;-1.662;-1.12;-1.468;-0.984;-1.21;-1.658;-1.078;-0.851;-1.037;-2.437;-0.631;-1.408;-1.745;-0.855;-1.648;-1.836;-1.58;-1.892;-1.564;-0.68;-0.894;-0.429;-1.437;-0.826;-1.304;-1.428;-1.508;-1.374;-1.566;-0.842;-0.752;-1.249;-0.655;-1.165;-0.272;-0.268;-1.224;-2.301;-1.074;-0.369;-1.593;-1.027;-2.313;-1.563;-1.209;-1.565;-2.337;-0.609;-1.23;-1.337;-0.79;-1.731;-0.367;-1.381;-0.637;-1.715;0.757;-0.17;-0.377;-0.918;-1.561;-1.289;-1.78;-0.019;-0.835;-1.468;-0.342;-1.516;-1.087;-1.094;-2.44;-0.829;-1.682;-1.207;-1.712;-0.535;-1.31;-1.583;-0.78;-1.644;-1.255;-1.167;-1.623;-1.653;-1.281;-1.223;-0.556;-0.549;-1.732;-1.21;-1.203;-0.807;-0.688;-1.09;-1.626;-0.584;-0.846;-1.055;-2.01;-1.765;-0.465;-1.172;-2.05;-0.851;-0.775;-0.407;-1.095;-1.433;-1.046;-2.345;-1.199;-1.132;-0.919;-1.358;-1.041;-0.219;-1.601;-1.014;-0.896;-0.234;-1.023;-0.763;-2.263;-1.271;-1.573;-1.598;-1.346;-0.981;-1.179;-0.316;-1.065;-1.396;-1.243;-1.27;-1.709;-2.122;-1.336;-0.382;-0.933;-0.905;-2.163;-0.756;-1.258;-0.975;-0.738;-0.701;-1.473;-1.05;-1.691;-0.258;-0.804;-1.783;-0.424;-0.992;-0.846;-0.933;-1.362;-2.152;-0.825;-1.463;-1.11;-1.011;-0.964;-0.962;-0.128;-0.844;-0.056;-1.177;-1.413;-0.847;-1.969;-1.729;-1.791;-0.96;-1.198;-1.917;-0.928;-0.249;-0.897;-0.825;-0.477;-1.981;-1.838;-0.568;-1.642;-1.256;-0.568;-1.27;-1.27;-1.353;-1.892;-0.838;-0.631;-1.443;-0.253;-2.23;-1.113;-1.313;-1.207;-1.514;-0.664;-1.144;-1.334;-1.269;-0.903;-0.823;-1.473;-0.728;-2.103;-1.265;-1.413;-1.895;-1.092;-1.354;-1.147;-0.864;-0.125;-0.955;-1.173;-2.162;-1.684;-2.545;-0.716;-0.574;-0.639;-1.603;-1.002;-1.395;-2.076;-1.207;-0.72;-0.782;-1.56;-1.852;-1.603;-1.726;-0.711;-0.121;-1.52;-2.091;-1.747;-0.975;-1.612;-0.642;-0.592;-1.587;-0.743;-2.017;-1.845;-0.835;-1.949;-1.258;-0.838;-0.685;-0.152;-2.313;-0.857;-0.194;-0.933;-3.657;-0.694;-0.408;-1.682;-0.841;-0.315;-1.551;-0.531;-2.272;-0.955;-1.492;-0.992;-1.428;-1.407;-1.309;-1.039;-1.0;-1.523;-1.792;-0.549;-1.123;-1.603;-1.411;-2.287;-1.558;-1.239;-0.413;-0.72;-0.227;-0.587;-0.743;-1.204;-1.343;-1.032;-1.525;-1.095;-1.448;-1.133;-1.391;-1.838;-0.494;-1.172;-0.45;-0.361;-1.296;-0.85;-1.113;-2.532;-0.449;-1.38;-1.778;-1.381;-1.53;0.375;-1.127;-0.983;-1.839;-2.079;-2.502;-1.422;-1.267;-1.37;-1.536;-0.841;-1.268;-0.366;-1.582;-1.611;-1.637;-0.928;-0.993;-1.951;-1.369;-0.634;-1.785;-0.867;-1.58;-1.225;-1.316;-0.275;-0.891;-1.175;-1.41;-1.065;-1.19;-1.468;-1.477;-1.489;-1.218;-1.407;-1.307;-0.65;-1.161;-0.486;-0.838;-1.684;-1.427;-0.661;-0.889;-1.085;-1.921;-1.087;-1.372;-1.327;-0.824;-1.086;-0.822;0.259;-1.135;-0.823;-2.612;-1.357;-1.456;-1.561;-0.598;-1.369;-1.202;-1.578;-1.734;-0.884;-1.263;-1.256;-1.752;-0.48;-0.33;-1.43;-1.99;-0.91;-1.708;-2.225;-1.891;-1.773;-0.829;-1.054;-1.21;-0.93;-1.21;-1.796;-2.284;-0.401;-1.204;-0.357;-2.673;-1.827;-1.307;-1.965;-1.022;-1.71;-1.024;-0.683;-1.355;0.008;-0.628;-1.313;-1.476;-0.535;-1.031;-1.109;-1.478;-2.374;-1.252;-2.371;-0.498;-1.325;-0.646;-0.97;-0.88;-1.388;-1.956;-1.972;-0.815;-0.25;-0.874;0.024;-1.027;-0.894;-1.174;-0.85;-1.0;-1.573;-1.005;-0.521;0.662;0.35;-1.284;-0.652;-0.899;-0.688;-1.774;-0.684;-0.572;-0.901;-0.579;-0.515;-0.128;-1.073;-0.678;-1.305;-0.749;-1.083;-0.816;-0.515;-1.654;-0.407;
1,1,36,A,36,I008,,0,-1.5,0.0,0.0,0.0,0.0,-1.225066,0.587501,-1.159;-0.86;-0.552;-0.69;-1.064;-1.569;-0.197;-1.461;-2.052;-0.674;-1.447;-0.81;-1.664;-2.128;-1.501;-0.088;-1.511;-1.11;-0.107;-1.242;-2.004;-1.455;-0.348;-2.325;-1.393;-1.213;-1.208;-0.88;-0.864;-1.77;-0.97;-0.421;-0.373;-2.064;-1.15;-0.742;-0.926;-1.717;-1.163;-1.518;-1.024;-0.811;-1.848;-1.17;-0.938;-1.128;-2.22;-0.275;-1.19;-1.907;-0.999;-1.089;-0.559;-1.382;-1.941;-1.606;-0.703;-0.921;-0.447;-1.477;-0.852;-1.34;-1.467;-1.549;-1.411;-1.608;-0.869;-0.777;-1.284;-0.677;-1.198;-0.287;-0.283;-1.258;-2.359;-1.106;-0.385;-1.636;-1.058;-2.37;-1.605;-1.243;-1.607;-2.395;-0.631;-1.265;-1.374;-0.815;-1.776;-0.383;-1.419;-0.659;-1.76;0.763;-0.183;-0.394;-1.237;-1.894;-1.449;-1.95;-0.115;-0.948;-1.594;-0.445;-1.644;-1.553;-0.656;-2.835;-1.191;-1.601;-1.116;-2.068;-0.071;-1.151;-0.765;-1.024;-1.775;-1.377;-1.376;-1.841;-1.319;-1.137;-1.439;-0.61;-0.791;-1.999;-1.466;-1.915;-1.409;-0.828;-1.239;-1.786;-1.285;-0.516;-1.812;-1.803;-1.927;-0.6;-0.594;-1.492;-1.15;-1.073;-0.697;-1.4;-0.958;-0.929;-1.488;-1.316;-1.248;-1.03;-1.523;-1.754;-0.025;-1.638;-1.038;-0.919;-0.243;-1.048;-0.692;-2.224;-1.211;-1.606;-1.632;-1.375;-1.003;-1.204;-0.324;-1.088;-1.426;-1.269;-1.297;-1.746;-2.167;-1.364;-0.391;-0.954;-0.924;-2.5;-0.277;-1.402;-1.113;-0.871;-0.91;-1.978;-1.169;-1.822;-0.36;-0.917;-1.917;-1.242;-1.354;-1.205;-1.354;-0.94;-1.745;-1.746;-1.42;-1.06;-1.566;-1.212;-1.211;0.154;-0.578;-1.2;-1.261;-1.502;-0.924;-2.069;-1.824;-1.372;-1.168;-1.411;-2.144;-1.135;-0.441;-0.419;-0.885;-0.529;-2.065;-1.919;-0.622;-1.718;-1.325;-0.622;-1.339;-1.339;-1.424;-1.974;-0.898;-0.686;-1.516;-0.3;-2.319;-1.178;-1.383;-1.274;-1.393;-0.525;-1.016;-1.433;-1.367;-0.037;-0.914;-1.577;-0.817;-2.22;-1.364;-1.516;-2.008;-1.188;-0.729;-1.293;-1.004;-0.25;-1.097;-1.32;-2.329;-1.841;-2.72;-0.853;-0.577;-0.644;-1.628;-1.014;-1.416;-2.111;-1.224;-0.727;-0.79;-1.584;-1.882;-1.628;-1.754;-0.717;-0.115;-1.543;-2.126;-1.775;-0.987;-1.637;-0.647;-0.595;-1.612;-0.75;-2.051;-1.875;-0.844;-1.981;-1.276;-0.848;-0.691;-0.147;-2.353;-0.866;-0.19;-1.875;-3.386;-1.674;-0.231;-2.27;-0.719;-0.181;-1.444;-2.3;-2.035;-0.69;-1.238;-1.014;-1.459;-1.438;-1.338;-1.062;-1.023;-1.556;-1.831;-0.562;-1.148;-1.638;-1.442;-2.336;-1.592;-1.266;-0.423;-0.736;-0.233;-0.601;-0.76;-1.231;-1.373;-1.055;-1.559;-1.119;-1.48;-1.158;-1.421;-1.878;-1.185;-1.084;-1.546;-0.06;-1.015;-1.262;-1.15;-2.599;-0.472;-1.423;-1.829;-1.423;-1.576;0.369;-1.164;-1.018;-1.892;-2.136;-2.568;-1.814;-0.927;-1.288;-1.288;-0.779;-1.841;-0.704;-1.551;-1.58;-1.607;-0.884;-1.618;-2.596;-1.605;-0.492;-1.961;-1.024;-0.785;-1.728;-1.821;-0.391;-1.547;-1.837;-1.998;-1.425;-0.798;-1.737;-1.553;-1.564;-1.288;-1.481;-0.416;-0.644;-1.166;-0.477;-0.837;-1.7;-1.438;-0.656;-0.889;-1.089;-1.943;-1.006;-1.487;-1.441;-0.928;-1.195;-0.925;-0.804;-1.444;-0.728;-2.524;-0.567;-1.673;-1.78;-0.797;-1.584;-1.225;-1.608;-1.768;-1.381;-1.189;-1.182;-1.277;-0.74;-0.587;-1.71;-0.998;-0.885;-1.699;-2.228;-1.887;-1.325;-0.945;-1.174;-1.334;-1.048;-0.437;-1.81;-2.309;-0.386;-1.207;-0.341;-2.706;-1.842;-1.312;-1.983;-1.021;-1.722;-1.022;-0.674;-1.36;0.031;-0.618;-1.318;-1.484;-0.523;-1.029;-1.109;-1.486;-2.4;-1.255;-2.397;-0.485;-1.33;-0.637;-0.967;-0.875;-1.394;-1.974;-1.99;-0.809;-0.232;-0.869;0.048;-1.025;-0.889;-1.293;-1.754;-1.141;-1.726;-1.146;-0.652;0.556;0.237;-1.374;-0.096;-0.882;-0.667;-1.775;-2.089;-1.229;-0.593;-1.255;-0.436;-0.934;-1.288;-0.884;-1.525;-0.957;-1.298;-1.026;-0.718;-1.596;-0.322;
1,1,37,A,37,I034,,0,-1.5,0.0,0.0,0.0,0.0,-1.258913,0.603205,-0.754;-1.414;-0.9;-1.042;-1.321;-1.127;-0.299;-1.603;-2.213;-0.791;-1.588;-0.932;-1.813;-2.291;-1.497;-0.04;-1.507;-1.094;-0.059;-2.405;-2.009;-1.442;-1.54;-2.478;-1.517;-1.331;-1.326;-0.987;-1.172;-2.106;-0.654;-1.128;-0.776;-1.526;-0.907;-0.833;-1.023;-1.762;-1.19;-1.557;-1.047;-1.285;-1.757;-1.146;-0.907;-1.103;-2.577;-0.675;-1.494;-1.849;-0.911;-1.747;-1.945;-1.675;-2.003;-1.658;-0.727;-0.952;-0.463;-1.525;-0.88;-1.384;-1.515;-1.6;-1.458;-1.66;-0.898;-0.803;-1.326;-0.7;-1.238;-0.298;-0.293;-1.3;-2.435;-1.142;-0.399;-1.689;-1.093;-2.447;-1.657;-1.284;-1.659;-2.473;-0.652;-1.307;-1.419;-0.842;-1.834;-0.397;-1.466;-0.681;-1.817;0.786;-0.19;-0.408;-1.278;-1.955;-1.496;-2.013;-0.12;-0.98;-1.646;-0.461;-1.697;-1.637;-0.713;-2.172;-0.835;-1.733;-1.232;-2.214;-0.211;-1.325;-0.927;-0.772;-1.682;-1.616;-1.35;-1.83;-1.861;-0.968;-1.279;-0.577;-0.57;-1.816;-1.266;-1.259;-0.842;-0.716;-1.14;-1.498;-0.332;-0.607;-1.222;-2.228;-1.654;-0.467;-1.211;-2.136;-0.873;-0.793;-0.406;-1.621;-1.049;-0.641;-2.503;-1.296;-1.226;-1.002;-1.464;-1.956;-0.1;-1.556;-0.938;-0.814;-0.116;-0.735;-1.064;-1.166;-2.303;-1.044;-0.633;-1.2;-0.996;-1.205;-1.621;-1.365;-1.713;-1.424;-1.316;-1.778;-2.213;-1.385;-0.381;-0.961;-0.931;-2.557;-0.263;-1.423;-1.126;-0.876;-0.916;-2.018;-1.183;-1.857;-0.349;-0.923;-1.955;-1.259;-2.162;-1.091;-1.182;-0.755;-2.074;-0.676;-1.349;-0.977;-1.499;-1.134;-1.133;-0.254;-1.009;-1.187;-1.25;-1.499;-0.902;-2.281;-0.549;-1.517;-1.307;-1.558;-2.294;-0.844;-0.12;-1.036;-0.961;-0.594;-2.178;-2.027;-0.69;-1.821;-1.415;-0.689;-1.429;-1.429;-1.517;-2.084;-0.974;-0.756;-1.612;-0.358;-2.44;-1.263;-1.475;-1.223;-1.547;-0.651;-1.157;-1.587;-1.519;-0.147;-0.455;-1.3;-0.516;-1.964;-1.081;-1.238;-1.745;-1.049;-1.325;-1.106;-1.058;-0.28;-1.154;-1.384;-2.425;-1.922;-2.828;-0.903;-0.618;-0.687;-1.702;-1.069;-1.483;-2.2;-1.285;-0.772;-0.838;-1.657;-1.964;-1.702;-1.832;-0.763;-0.142;-1.614;-2.216;-1.854;-1.04;-1.711;-0.69;-0.637;-1.686;-0.797;-2.139;-1.957;-0.893;-2.066;-1.339;-0.897;-0.735;-0.174;-2.45;-0.916;-0.218;-0.996;-3.866;-0.745;-0.443;-1.785;-0.9;-0.345;-1.647;-0.573;-2.407;-1.019;-1.585;-1.058;-1.517;-1.496;-1.393;-1.108;-1.067;-1.617;-1.901;-0.592;-1.197;-1.703;-1.499;-2.422;-1.655;-1.318;-0.449;-0.772;-0.253;-0.632;-0.797;-1.282;-1.428;-1.101;-1.62;-1.167;-1.539;-1.207;-1.479;-1.95;-1.235;-1.13;-1.607;-0.074;-1.059;-1.315;-1.377;-2.871;-0.809;-1.391;-1.81;-1.391;-1.548;-0.206;-1.788;-1.566;-1.872;-2.124;-2.569;-1.792;-2.026;-1.265;-1.265;0.039;-1.264;-1.71;-1.475;-1.026;-1.598;-0.851;-1.608;-2.618;-1.595;-0.447;-1.963;-0.996;-0.749;-1.722;-1.818;-0.343;-0.992;-1.291;-1.538;-1.175;-1.01;-1.978;-0.972;-1.726;-1.441;-1.64;-0.445;-0.68;-1.219;-0.508;-0.879;-1.77;-1.499;-0.692;-0.932;-1.139;-2.02;-1.053;-1.55;-1.502;-0.973;-1.248;-0.971;-0.845;-1.506;-0.767;-2.62;-0.601;-1.742;-1.852;-0.838;-1.65;-1.28;-1.675;-1.84;-1.441;-1.242;-1.236;-1.333;-1.386;-1.16;-1.808;-1.074;-0.957;-1.797;-2.343;-1.991;-1.866;-0.872;-1.109;-1.274;-0.978;-1.273;-1.89;-2.405;-0.421;-1.267;-0.375;-2.814;-1.923;-1.376;-2.069;-1.076;-1.799;-1.078;-0.718;-1.426;0.009;-0.661;-1.382;-1.554;-0.562;-1.084;-1.166;-1.556;-2.499;-1.317;-2.496;-0.523;-1.395;-0.679;-1.02;-0.925;-1.461;-2.059;-2.076;-0.857;-0.262;-0.92;0.027;-1.08;-0.94;-1.235;-0.894;-1.052;-1.656;-1.057;-0.548;0.698;0.369;-1.351;-0.686;-0.946;-0.723;-1.867;-0.719;-0.602;-0.948;-0.609;-0.541;-1.056;-1.18;-0.764;-1.424;-0.839;-1.191;-0.91;-0.592;-1.932;-0.618;
1,1,38,A,38,I152,,0,-1.5,0.0,0.0,0.0,0.0,-1.283074,0.608598,-0.78;-1.457;-0.93;-1.075;-1.362;-1.162;-0.313;-1.651;-2.278;-0.817;-1.636;-0.962;-1.867;-2.358;-1.542;-0.046;-1.553;-1.129;-1.51;-1.452;-0.766;-1.239;-1.339;-2.302;-1.316;-1.889;-1.657;-1.307;-1.357;-1.139;-0.699;-1.187;-0.824;-1.595;-0.959;-0.883;-1.078;-1.837;-1.25;-1.626;-1.103;-0.877;-1.976;-1.257;-1.012;-1.213;-2.369;-0.309;-1.278;-2.039;-1.076;-1.172;-0.611;-1.482;-2.074;-1.719;-0.763;-0.994;-0.492;-1.582;-0.921;-1.438;-1.572;-1.659;-1.513;-1.721;-0.939;-0.841;-1.378;-0.736;-1.288;-0.322;-0.318;-1.351;-2.517;-1.19;-0.427;-1.751;-1.139;-2.529;-1.718;-1.335;-1.72;-2.556;-0.687;-1.358;-1.474;-0.882;-2.428;-0.555;-1.652;0.094;-1.881;0.791;-0.211;-0.435;-1.02;-1.715;-1.421;-1.952;-0.047;-0.93;-1.614;-0.397;-1.666;-1.202;-1.21;-2.665;-0.924;-1.845;-1.332;-1.878;-0.605;-1.443;-1.739;-0.871;-1.805;-1.383;-1.289;-1.782;-1.814;-1.412;-1.349;-0.628;-0.621;-1.9;-1.336;-1.328;-0.9;-0.771;-1.206;-1.785;-0.659;-0.942;-1.167;-2.201;-2.007;-0.602;-0.626;-1.576;-1.215;-1.133;-0.735;-1.479;-1.011;-0.98;-1.572;-1.39;-1.318;-1.088;-1.61;-1.854;-0.023;-1.732;-1.096;-0.969;-0.253;-1.107;-0.775;-2.397;-1.325;-1.65;-1.678;-1.277;-1.068;-1.282;-0.349;-1.159;-1.517;-1.351;-1.381;-1.856;-2.302;-1.452;-0.42;-1.017;-0.986;-2.655;-0.3;-1.491;-1.186;-0.929;-0.97;-2.101;-1.245;-1.937;-0.388;-0.978;-2.037;-1.322;-1.441;-1.283;-1.441;-1.002;-1.855;-1.856;-1.511;-1.129;-1.665;-1.291;-1.289;0.156;-0.619;-1.277;-1.342;-0.332;-1.021;-2.235;-1.975;-1.496;-1.28;-1.538;-2.315;-1.245;-0.511;-0.487;-0.98;-0.604;-2.23;-2.075;-0.702;-1.863;-1.447;-0.702;-1.461;-1.461;-1.551;-2.134;-0.994;-0.77;-1.649;-0.361;-2.499;-1.291;-1.508;-1.25;-1.582;-0.662;-1.182;-1.624;-1.554;-0.145;-0.461;-1.329;-0.524;-2.01;-1.104;-1.265;-1.785;-1.071;-1.354;-1.13;-1.031;-0.232;-1.129;-1.365;-2.434;-1.917;-2.848;-0.871;-0.579;-0.65;-1.692;-1.041;-1.467;-2.203;-1.263;-0.737;-1.497;-1.367;-1.923;-2.321;-1.191;-1.453;-0.605;-1.882;-2.174;-1.802;-1.081;-1.77;-0.721;-0.667;-1.743;-0.831;-2.208;-2.022;-0.929;-2.134;-1.388;-0.933;-0.768;-0.192;-2.528;-0.953;-0.237;-1.036;-3.982;-0.777;-0.468;-1.846;-0.937;-0.367;-1.704;-0.601;-2.484;-1.059;-1.64;-1.099;-1.571;-1.548;-1.443;-1.15;-1.109;-1.673;-1.965;-0.621;-1.241;-1.761;-1.552;-2.499;-1.711;-1.366;-0.473;-0.805;-0.272;-0.662;-0.831;-1.329;-1.479;-1.143;-1.676;-1.211;-1.593;-1.252;-1.531;-2.015;-0.561;-1.294;-0.514;-0.418;-1.429;-0.946;-1.231;-2.765;-0.512;-1.519;-1.95;-1.52;-1.681;0.378;-1.246;-1.09;-2.016;-2.275;-2.732;-1.564;-1.397;-1.509;-1.688;-0.937;-1.398;-0.423;-1.738;-1.769;-1.797;-1.031;-1.1;-2.137;-1.508;-0.712;-1.957;-0.964;-1.735;-1.352;-1.45;-0.324;-0.991;-1.298;-1.551;-1.178;-1.313;-1.614;-1.624;-1.637;-1.344;-1.548;-1.44;-0.729;-1.282;-0.552;-0.933;-1.848;-1.57;-0.741;-0.988;-1.2;-2.104;-1.202;-1.511;-1.462;-0.918;-1.201;-0.916;0.253;-1.254;-0.917;-2.851;-1.495;-1.602;-1.715;-0.674;-1.507;-1.327;-1.733;-1.902;-0.982;-1.392;-1.385;-1.921;-0.546;-0.384;-1.573;-2.178;-2.059;-1.405;-2.272;-1.911;-1.316;-0.913;-1.156;-1.325;-1.022;-1.325;-1.958;-2.487;-0.45;-1.319;-0.403;-2.907;-1.992;-1.43;-2.142;-1.122;-1.865;-1.124;-0.755;-1.481;-0.008;-0.696;-1.437;-1.613;-0.595;-1.131;-1.215;-1.615;-2.583;-1.37;-2.58;-0.555;-1.45;-0.715;-1.065;-0.968;-1.518;-2.132;-2.149;-0.898;-0.286;-0.962;0.01;-1.127;-0.983;-1.286;-0.935;-1.098;-1.718;-1.103;-0.58;0.699;0.362;-1.405;-0.722;-0.989;-0.76;-1.934;-0.756;-0.635;-0.991;-0.643;-0.573;-0.155;-1.176;-0.749;-1.427;-0.826;-1.188;-0.899;-0.573;-1.805;-0.456;
1,1,39,A,39,I014,,0,-1.5,0.0,0.0,0.0,0.0,-1.329179,0.624058,-1.032;-0.44;-0.672;-0.819;-1.219;-1.851;-0.351;-1.701;-2.333;-0.86;-1.686;-1.006;-1.919;-2.414;-1.592;-0.082;-1.602;-1.174;-0.102;-2.532;-2.122;-1.535;-1.636;-2.608;-1.612;-1.42;-1.415;-1.063;-1.255;-2.222;-0.718;-1.21;-0.844;-1.621;-0.98;-0.903;-1.1;-1.866;-1.273;-1.653;-1.125;-1.372;-1.861;-1.228;-0.981;-1.183;-2.71;-0.74;-1.588;-1.956;-0.985;-1.85;-2.055;-1.775;-2.116;-1.759;-0.793;-1.027;-0.52;-1.62;-0.953;-1.475;-1.61;-1.698;-1.551;-1.761;-0.971;-0.872;-1.414;-0.766;-1.323;-0.349;-0.344;-1.387;-2.563;-1.224;-0.454;-1.79;-1.173;-2.575;-1.757;-1.371;-1.76;-2.602;-0.716;-1.394;-1.511;-0.913;-2.473;-0.583;-1.69;0.071;-1.922;0.775;-0.237;-0.462;-1.052;-1.754;-1.458;-1.993;-0.071;-0.962;-1.652;-0.424;-1.705;-1.237;-1.245;-2.712;-0.956;-1.885;-1.367;-1.918;-0.634;-1.48;-1.778;-0.902;-1.845;-1.42;-1.324;-1.822;-1.854;-1.448;-1.385;-0.658;-0.65;-1.941;-1.372;-1.363;-0.932;-0.801;-1.241;-1.824;-0.688;-0.974;-1.202;-2.244;-2.049;-0.631;-0.655;-1.614;-1.249;-1.167;-0.765;-1.516;-1.044;-1.013;-1.61;-1.427;-1.354;-1.121;-1.648;-1.895;-0.047;-1.771;-1.13;-1.002;-0.279;-1.14;-0.806;-2.442;-1.36;-1.689;-1.717;-1.313;-1.102;-1.317;-0.376;-1.193;-1.554;-1.387;-1.417;-1.896;-2.346;-1.489;-0.448;-1.049;-1.018;-2.702;-0.326;-1.528;-1.22;-0.961;-1.003;-2.144;-1.279;-1.978;-0.415;-1.01;-2.079;-1.358;-1.477;-1.318;-1.477;-1.034;-1.895;-1.896;-1.548;-1.163;-1.704;-1.326;-1.325;0.134;-0.648;-1.313;-1.378;-0.359;-1.054;-2.279;-2.016;-1.533;-1.315;-1.575;-2.359;-1.28;-0.539;-0.515;-1.013;-0.633;-2.274;-2.118;-0.732;-1.904;-1.483;-0.732;-1.498;-1.498;-1.589;-2.176;-1.027;-0.8;-1.687;-0.388;-2.545;-1.326;-1.545;-1.429;-1.556;-0.629;-1.153;-1.599;-1.528;-0.107;-1.099;-1.532;-0.72;-2.219;-1.305;-1.467;-1.992;-1.537;-1.046;-0.885;-1.044;-0.238;-1.143;-1.381;-2.459;-1.938;-2.877;-0.882;-0.727;-0.798;-1.85;-1.138;-1.566;-2.31;-1.361;-0.83;-0.898;-1.747;-2.065;-1.793;-1.928;-0.82;-0.177;-1.703;-2.326;-1.951;-1.108;-1.803;-0.745;-0.69;-1.777;-0.856;-2.246;-2.058;-0.955;-2.171;-1.418;-0.959;-0.792;-0.211;-2.568;-0.979;-0.256;-1.063;-4.035;-0.802;-0.49;-1.88;-0.963;-0.388;-1.737;-0.624;-2.524;-1.086;-1.672;-1.127;-1.602;-1.58;-1.473;-1.178;-1.136;-1.706;-2.0;-0.644;-1.27;-1.794;-1.584;-2.539;-1.744;-1.396;-0.495;-0.83;-0.292;-0.685;-0.856;-1.358;-1.51;-1.171;-1.709;-1.239;-1.625;-1.281;-1.562;-2.05;-0.584;-1.323;-0.536;-0.439;-1.459;-0.972;-1.259;-2.807;-0.535;-1.551;-1.985;-1.551;-1.714;0.364;-1.274;-1.118;-2.052;-2.312;-2.774;-1.969;-1.021;-1.407;-1.407;-0.862;-1.998;-0.783;-1.688;-1.719;-1.748;-0.975;-1.759;-2.804;-1.745;-0.555;-1.812;-1.496;-1.444;-1.464;-1.563;-0.333;-1.005;-2.193;-1.366;-1.282;-1.111;-2.114;-1.072;-1.853;-1.558;-1.764;-0.526;-0.77;-1.327;-0.592;-0.976;-1.898;-1.618;-0.782;-1.031;-1.245;-2.157;-1.247;-1.558;-1.509;-0.961;-1.246;-0.958;0.221;-1.3;-0.959;-2.046;-1.64;-1.748;-1.862;-0.812;-1.653;-1.269;-1.679;-1.849;-1.185;-1.598;-0.5;-2.386;-0.998;-1.513;-1.65;-1.69;-1.569;-1.659;-2.224;-1.859;-1.259;-0.932;-1.177;-1.348;-1.042;-1.347;-1.986;-2.519;-0.464;-1.341;-0.417;-2.944;-2.02;-1.454;-2.171;-1.142;-1.892;-1.144;-0.772;-1.505;-0.018;-0.713;-1.46;-1.638;-0.611;-1.152;-1.236;-1.64;-2.617;-1.393;-2.614;-0.57;-1.473;-0.732;-1.085;-0.987;-1.542;-2.161;-2.179;-0.916;-0.299;-0.981;-0.001;-1.147;-1.002;-1.308;-0.954;-1.118;-1.262;-1.23;-0.702;0.589;0.248;-1.534;-0.169;-1.009;-0.779;-1.963;-0.774;-0.652;-1.011;-0.66;-0.59;-1.123;-1.251;-0.821;-1.505;-0.898;-1.263;-0.971;-0.643;-2.031;-0.669;
1,1,40,A,40,I193,,0,-1.5,0.0,0.0,0.0,0.0,-1.419834,0.603724,-0.888;-1.589;-1.043;-1.194;-1.49;-1.284;-0.405;-1.79;-2.438;-0.927;-1.774;-1.077;-2.013;-2.521;-1.677;-0.129;-1.688;-1.249;-1.643;-1.583;-0.873;-1.363;-1.467;-2.463;-1.442;-2.035;-1.796;-1.433;-1.485;-1.26;-0.805;-1.309;-0.934;-1.731;-1.074;-0.995;-1.197;-1.982;-1.374;-1.764;-1.223;-0.989;-2.125;-1.382;-1.128;-1.336;-2.533;-0.402;-1.404;-2.19;-1.195;-1.294;-0.713;-1.614;-1.963;-0.511;-0.801;-1.374;-0.854;-1.982;-1.298;-1.599;-2.109;-0.552;-1.754;-1.969;-1.159;-1.058;-1.614;-0.949;-1.52;-0.522;-0.517;-0.453;-1.981;-0.608;-1.447;-1.679;-1.046;-2.874;-1.651;-1.329;-1.728;-2.592;-0.658;-1.353;-1.473;-0.86;-1.913;-0.309;-1.444;-0.611;-1.525;-0.435;-0.375;-1.046;-1.651;-2.371;-1.883;-2.229;-0.219;-1.132;-1.84;-0.58;-1.894;-1.83;-0.848;-2.398;-0.978;-1.931;-1.4;-2.442;-0.315;-1.498;-1.075;-0.911;-1.877;-1.807;-1.525;-2.035;-2.068;-1.127;-1.457;-0.712;-0.704;-2.027;-1.444;-1.435;-0.993;-1.07;-1.52;-2.269;-1.497;-0.654;-2.074;-2.064;-2.2;-0.746;-0.771;-1.754;-1.38;-1.295;-0.883;-1.653;-1.169;-1.137;-2.591;-1.309;-1.234;-0.996;-1.813;-1.207;-0.287;-1.834;-1.176;-1.045;-0.304;-1.187;-0.844;-2.522;-1.413;-1.845;-1.874;-1.592;-1.184;-1.405;-1.847;-1.575;-1.945;-1.639;-1.523;-2.014;-2.476;-1.597;-0.53;-1.146;-1.114;-2.522;-0.948;-1.509;-1.193;-0.928;-0.886;-1.75;-1.277;-1.993;-0.391;-1.001;-2.097;-0.576;-1.212;-1.049;-1.145;-0.691;-2.093;-0.608;-1.322;-1.703;-1.653;-1.265;-1.264;-0.33;-1.132;-1.321;-1.388;-1.652;-1.018;-2.483;-0.644;-1.672;-1.448;-1.715;-2.519;-1.413;-0.653;-0.628;-1.138;-0.749;-2.431;-2.271;-0.851;-2.052;-1.369;-1.529;-1.901;-1.516;-1.609;-2.212;-1.033;-0.801;-1.71;-0.378;-2.59;-1.34;-1.565;-1.446;-1.789;-0.838;-1.375;-0.838;-1.386;-0.685;-0.992;-1.718;-0.885;-2.423;-1.485;-1.651;-2.19;-1.292;-1.585;-1.353;-1.302;-0.476;-0.839;-1.61;-1.382;-2.381;-2.085;-1.586;-0.914;-0.988;-2.311;-1.195;-1.635;-2.397;-1.425;-0.88;-0.95;-1.82;-2.146;-1.868;-2.006;-0.87;-0.21;-1.775;-2.414;-2.029;-1.165;-1.878;-0.793;-0.736;-1.85;-0.906;-2.332;-2.139;-1.008;-2.255;-1.482;-1.013;-0.841;-0.245;-2.662;-1.033;-0.292;-2.138;-3.794;-1.918;-0.337;-2.572;-0.933;-0.344;-1.727;-0.884;-2.146;-0.672;-1.272;-1.027;-1.419;-1.442;-1.513;-1.211;-1.168;-1.752;-2.053;-1.663;-1.431;-1.969;-1.59;-2.57;-1.755;-1.398;-0.474;-1.079;-0.527;-0.93;-1.105;-1.433;-1.589;-1.241;-1.793;-1.311;-1.706;-1.353;-1.642;-2.143;-1.519;-1.408;-0.601;-0.317;-1.363;-1.634;-1.243;-2.83;-1.0;-1.618;-2.063;-1.618;-1.785;0.345;-1.334;-1.174;-2.237;-2.505;-3.115;-1.907;-2.155;-1.66;-1.846;-1.069;-1.545;-0.537;-1.897;-1.929;-0.955;-1.179;-1.251;-2.324;-1.673;-0.85;-2.138;-1.11;-1.908;-1.511;-1.614;-0.449;-1.138;-1.455;-1.718;-1.332;-1.156;-2.185;-1.983;-1.997;-1.694;-1.266;-0.656;-0.907;-1.478;-0.724;-1.118;-2.064;-0.904;-0.958;-1.214;-1.433;-2.369;-1.435;-1.754;-1.704;-1.141;-1.434;-1.139;-1.006;-1.708;-0.923;-2.891;-1.488;-1.598;-1.715;-0.638;-1.501;-1.523;-1.943;-2.118;-1.227;-1.651;-0.525;-2.458;-1.035;-1.563;-1.177;-1.713;-1.589;-1.824;-2.403;-2.029;-1.414;-1.079;-1.33;-1.505;-1.191;-0.522;-2.026;-2.573;-0.803;-2.701;-1.999;-1.168;-2.073;-1.492;-2.228;-1.173;-1.941;-1.175;-0.793;-1.545;-0.16;-0.872;-1.639;-1.821;-0.865;-1.45;-1.537;-1.95;-2.952;-1.327;-2.788;-0.693;-2.158;-1.385;-0.338;-0.951;-1.52;-2.155;-2.173;-0.879;-0.815;-1.042;-0.037;-1.212;-1.064;-1.506;-2.011;-1.339;-1.981;-1.345;-0.804;0.52;0.171;-1.594;-0.195;-1.056;-0.82;-2.034;-2.378;-1.435;-0.739;-1.464;-0.567;-1.113;-1.5;-1.058;-1.76;-1.137;-1.512;-1.213;-0.876;-1.489;-0.768;
1,2,0,,,,,,1.5,0.0,0.0,0.0,0.0,-0.0615,1.7566,0.142;-2.259;-2.199;-2.283;-0.231;2.501;1.402;-0.712;0.658;-1.654;0.313;2.098;-2.08;-1.201;-2.894;-1.679;-0.623;1.926;1.9;1.569;-0.838;-2.826;-0.364;2.65;-0.257;0.96;2.409;-2.549;1.668;-2.728;-0.652;-0.279;0.049;2.639;0.052;-1.555;2.94;-0.421;0.741;-2.824;0.811;-2.353;0.636;-1.899;0.067;1.585;-2.62;-2.75;2.141;-1.464;2.237;-2.602;-1.13;-1.956;0.06;2.757;-0.847;-2.017;-1.198;-2.82;-0.962;-0.948;2.134;0.324;0.9;1.968;2.986;-0.441;-1.06;-0.661;-0.64;-1.064;0.697;-2.073;-2.361;0.415;1.55;0.49;2.868;2.031;-2.446;0.254;0.577;-0.929;-1.366;0.305;-2.613;1.68;-1.42;-2.783;0.916;0.478;-1.834;-1.781;1.534;-2.921;-1.243;-0.275;-0.774;2.912;2.58;-0.948;-2.887;2.398;-0.289;-0.99;2.482;-1.503;1.123;-1.728;-1.391;2.668;2.744;-1.838;-0.031;2.547;2.29;-2.302;-0.148;-2.137;-0.448;-0.842;-2.348;0.115;2.373;-1.842;2.358;-1.369;0.563;0.321;-0.408;0.057;-0.984;2.462;-0.959;0.643;-1.513;0.858;-2.568;1.707;0.898;0.131;-2.78;-1.338;1.203;2.163;2.436;1.044;0.547;-1.376;2.81;1.892;-0.468;-1.072;-1.707;-0.207;-0.833;2.036;1.171;2.58;-1.025;0.388;0.307;-1.744;2.046;1.465;-1.159;-1.753;0.565;-2.515;-1.755;-1.088;1.057;0.278;1.263;-1.885;-2.599;-1.447;-2.962;-1.914;-2.707;0.842;-1.927;-1.582;-0.493;1.451;1.869;1.676;0.785;2.331;1.909;-2.163;0.647;1.316;-1.548;2.675;-0.671;1.832;-1.988;2.965;0.405;0.39;-1.578;-1.944;0.461;1.187;1.283;-1.235;-0.499;2.12;-1.735;0.659;0.35;-0.272;-2.326;-1.606;-0.709;-2.769;-0.36;-1.251;-1.001;0.198;-2.127;0.751;-1.09;-1.386;-0.296;2.575;-0.663;2.466;2.676;2.426;-2.22;-2.474;-1.002;2.764;0.109;1.562;-2.512;1.874;2.531;-1.891;-2.992;0.501;-2.105;1.211;-2.047;1.193;2.225;2.155;-2.164;-0.584;0.578;-2.566;0.276;-2.659;1.407;1.058;-0.069;-0.681;1.58;2.39;-1.216;2.409;0.236;1.474;0.056;2.411;0.768;-0.688;-1.892;-2.542;-0.146;2.016;-2.576;-0.938;-2.135;0.026;1.569;-1.069;2.511;0.159;-0.172;1.811;2.149;2.784;-1.968;-0.68;0.858;2.789;-1.944;-2.768;0.087;1.6;0.04;1.599;2.84;1.261;-1.192;1.441;-1.128;-1.567;-0.201;-2.24;2.871;0.135;-0.976;-0.649;-2.736;0.902;2.862;-0.453;-0.046;-1.962;0.403;-2.898;1.29;0.734;0.952;-1.662;1.299;0.678;-2.58;0.418;1.819;0.391;0.836;-0.365;1.098;-0.103;-2.421;2.884;0.862;1.492;-2.011;-0.353;1.655;-1.439;-2.827;0.058;0.358;-1.017;-1.161;-0.32;-2.53;-2.176;2.587;2.202;-0.316;-1.223;1.668;1.829;0.805;-2.537;-2.991;1.075;2.972;-1.49;-0.714;1.909;-0.048;2.643;1.782;-1.305;-2.997;-1.55;-2.532;-0.797;0.116;-1.076;-2.646;2.504;-2.729;1.433;1.617;2.681;-1.281;-1.073;0.01;2.685;-1.373;1.456;1.928;1.677;2.277;-2.744;-1.628;-1.416;-0.683;-0.858;-0.314;-2.819;-2.721;2.946;2.309;-1.608;1.018;-1.014;1.824;0.298;2.254;-0.289;-2.228;0.429;-0.094;-2.781;1.582;-2.488;1.807;0.65;0.754;2.533;-0.378;0.682;2.861;-0.354;-1.366;-1.37;1.364;0.463;1.887;1.047;0.947;2.576;-2.663;2.831;-2.374;-1.389;-2.877;2.413;-1.537;-2.976;2.285;-2.646;-1.997;-0.481;2.822;0.641;-2.48;-0.849;1.945;-1.837;-2.531;-2.443;-1.984;0.085;-2.804;0.682;-0.511;0.202;-0.125;1.705;0.329;-2.432;0.517;2.784;2.282;-1.743;-0.155;-2.553;1.823;-1.842;0.845;1.634;-1.268;2.226;1.778;1.522;2.673;-1.197;-2.816;-0.62;-2.8;1.935;-0.454;1.633;-1.761;2.377;2.894;-2.779;1.73;1.787;-0.242;-0.612;-2.91;-2.22;1.183;0.616;-1.375;2.759;-0.381;2.284;-2.173;2.978;-0.842;-0.229;0.283;-1.4;2.722;-1.846;
1,2,1,A,1,I336,,-1,1.5,0.0,0.0,0.0,0.0,-0.0615,1.7566,0.142;-2.259;-2.199;-2.283;-0.231;2.501;1.402;-0.712;0.658;-1.654;0.313;2.098;-2.08;-1.201;-2.894;-1.679;-0.623;1.926;1.9;1.569;-0.838;-2.826;-0.364;2.65;-0.257;0.96;2.409;-2.549;1.668;-2.728;-0.652;-0.279;0.049;2.639;0.052;-1.555;2.94;-0.421;0.741;-2.824;0.811;-2.353;0.636;-1.899;0.067;1.585;-2.62;-2.75;2.141;-1.464;2.237;-2.602;-1.13;-1.956;0.06;2.757;-0.847;-2.017;-1.198;-2.82;-0.962;-0.948;2.134;0.324;0.9;1.968;2.986;-0.441;-1.06;-0.661;-0.64;-1.064;0.697;-2.073;-2.361;0.415;1.55;0.49;2.868;2.031;-2.446;0.254;0.577;-0.929;-1.366;0.305;-2.613;1.68;-1.42;-2.783;0.916;0.478;-1.834;-1.781;1.534;-2.921;-1.243;-0.275;-0.774;2.912;2.58;-0.948;-2.887;2.398;-0.289;-0.99;2.482;-1.503;1.123;-1.728;-1.391;2.668;2.744;-1.838;-0.031;2.547;2.29;-2.302;-0.148;-2.137;-0.448;-0.842;-2.348;0.115;2.373;-1.842;2.358;-1.369;0.563;0.321;-0.408;0.057;-0.984;2.462;-0.959;0.643;-1.513;0.858;-2.568;1.707;0.898;0.131;-2.78;-1.338;1.203;2.163;2.436;1.044;0.547;-1.376;2.81;1.892;-0.468;-1.072;-1.707;-0.207;-0.833;2.036;1.171;2.58;-1.025;0.388;0.307;-1.744;2.046;1.465;-1.159;-1.753;0.565;-2.515;-1.755;-1.088;1.057;0.278;1.263;-1.885;-2.599;-1.447;-2.962;-1.914;-2.707;0.842;-1.927;-1.582;-0.493;1.451;1.869;1.676;0.785;2.331;1.909;-2.163;0.647;1.316;-1.548;2.675;-0.671;1.832;-1.988;2.965;0.405;0.39;-1.578;-1.944;0.461;1.187;1.283;-1.235;-0.499;2.12;-1.735;0.659;0.35;-0.272;-2.326;-1.606;-0.709;-2.769;-0.36;-1.251;-1.001;0.198;-2.127;0.751;-1.09;-1.386;-0.296;2.575;-0.663;2.466;2.676;2.426;-2.22;-2.474;-1.002;2.764;0.109;1.562;-2.512;1.874;2.531;-1.891;-2.992;0.501;-2.105;1.211;-2.047;1.193;2.225;2.155;-2.164;-0.584;0.578;-2.566;0.276;-2.659;1.407;1.058;-0.069;-0.681;1.58;2.39;-1.216;2.409;0.236;1.474;0.056;2.411;0.768;-0.688;-1.892;-2.542;-0.146;2.016;-2.576;-0.938;-2.135;0.026;1.569;-1.069;2.511;0.159;-0.172;1.811;2.149;2.784;-1.968;-0.68;0.858;2.789;-1.944;-2.768;0.087;1.6;0.04;1.599;2.84;1.261;-1.192;1.441;-1.128;-1.567;-0.201;-2.24;2.871;0.135;-0.976;-0.649;-2.736;0.902;2.862;-0.453;-0.046;-1.962;0.403;-2.898;1.29;0.734;0.952;-1.662;1.299;0.678;-2.58;0.418;1.819;0.391;0.836;-0.365;1.098;-0.103;-2.421;2.884;0.862;1.492;-2.011;-0.353;1.655;-1.439;-2.827;0.058;0.358;-1.017;-1.161;-0.32;-2.53;-2.176;2.587;2.202;-0.316;-1.223;1.668;1.829;0.805;-2.537;-2.991;1.075;2.972;-1.49;-0.714;1.909;-0.048;2.643;1.782;-1.305;-2.997;-1.55;-2.532;-0.797;0.116;-1.076;-2.646;2.504;-2.729;1.433;1.617;2.681;-1.281;-1.073;0.01;2.685;-1.373;1.456;1.928;1.677;2.277;-2.744;-1.628;-1.416;-0.683;-0.858;-0.314;-2.819;-2.721;2.946;2.309;-1.608;1.018;-1.014;1.824;0.298;2.254;-0.289;-2.228;0.429;-0.094;-2.781;1.582;-2.488;1.807;0.65;0.754;2.533;-0.378;0.682;2.861;-0.354;-1.366;-1.37;1.364;0.463;1.887;1.047;0.947;2.576;-2.663;2.831;-2.374;-1.389;-2.877;2.413;-1.537;-2.976;2.285;-2.646;-1.997;-0.481;2.822;0.641;-2.48;-0.849;1.945;-1.837;-2.531;-2.443;-1.984;0.085;-2.804;0.682;-0.511;0.202;-0.125;1.705;0.329;-2.432;0.517;2.784;2.282;-1.743;-0.155;-2.553;1.823;-1.842;0.845;1.634;-1.268;2.226;1.778;1.522;2.673;-1.197;-2.816;-0.62;-2.8;1.935;-0.454;1.633;-1.761;2.377;2.894;-2.779;1.73;1.787;-0.242;-0.612;-2.91;-2.22;1.183;0.616;-1.375;2.759;-0.381;2.284;-2.173;2.978;-0.842;-0.229;0.283;-1.4;2.722;-1.846;
1,2,2,A,2,I145,,1,1.5,0.0,0.0,0.0,0.0,1.390647,1.132796,1.797;1.684;2.54;0.472;3.228;1.851;-0.333;1.072;0.669;1.926;1.668;1.402;3.885;0.551;2.179;0.763;1.106;0.182;0.968;0.722;2.581;4.42;0.897;0.897;1.473;-0.338;1.796;0.943;2.18;2.18;1.074;0.126;1.934;0.964;0.692;1.841;1.687;2.628;1.062;0.53;0.583;1.571;1.571;0.654;1.265;1.453;0.558;1.233;1.932;-0.727;1.046;0.3;2.837;1.182;1.182;2.37;0.957;-0.006;2.966;1.231;2.037;1.096;0.885;0.698;0.127;2.071;2.501;1.466;3.888;2.429;0.445;2.777;2.858;1.642;0.894;0.706;1.551;0.926;2.262;1.175;1.473;1.562;3.128;0.166;0.526;0.271;-0.085;-1.131;3.216;3.588;1.469;2.014;0.187;1.584;0.24;0.675;1.125;2.016;0.137;1.534;1.312;0.097;0.951;0.659;2.852;1.452;2.021;2.323;0.13;2.19;2.156;0.925;1.38;2.134;0.229;0.7;2.074;1.859;0.705;1.126;1.126;0.183;0.968;-0.367;1.746;2.903;0.867;-0.432;2.44;0.429;2.295;2.247;2.472;3.317;1.265;1.116;0.92;1.463;1.241;1.241;1.091;0.831;1.29;0.828;1.875;1.257;1.527;2.453;0.984;1.811;0.315;0.767;2.411;1.0;0.896;2.237;-0.384;0.813;2.278;1.41;2.868;0.86;-0.094;-0.003;0.666;-0.673;2.0;1.379;-1.188;2.643;0.039;0.103;1.082;1.082;3.014;1.817;1.817;1.214;3.156;-0.358;3.91;0.817;0.817;1.102;2.542;1.853;0.662;2.484;0.443;1.541;0.572;0.207;3.337;0.006;1.215;0.446;4.204;2.493;-0.542;2.174;1.558;1.055;3.296;2.351;2.002;3.64;2.05;-0.629;1.138;0.674;1.007;0.16;1.951;1.638;2.347;1.524;3.339;0.022;2.894;1.781;4.081;2.41;2.394;1.4;3.039;2.4;1.988;2.161;0.001;0.665;-0.22;1.697;3.488;-0.027;0.589;3.038;0.823;2.614;0.461;0.461;4.777;2.601;2.942;2.18;2.692;0.119;2.058;1.607;4.192;0.479;0.881;1.163;1.07;1.139;2.041;1.04;3.795;1.745;0.636;2.455;0.921;-0.746;3.089;2.023;1.215;1.403;2.969;1.15;1.26;2.133;0.68;2.564;1.089;2.613;0.983;2.548;1.501;1.525;-0.736;-0.248;0.664;2.507;-0.465;1.446;1.952;0.748;2.229;-0.434;0.608;1.503;2.142;-0.232;-0.935;3.321;2.183;2.885;1.646;0.913;1.713;-0.055;-0.291;1.821;0.944;2.064;2.776;-0.41;1.789;-0.502;3.571;1.525;-0.968;1.422;1.591;0.869;2.316;1.936;1.874;3.011;0.242;3.241;0.183;1.98;0.985;0.985;1.106;1.128;1.139;2.25;3.148;0.711;0.66;0.132;1.365;0.567;2.689;2.427;2.207;-0.323;3.843;1.561;3.724;0.071;1.446;2.054;2.407;3.45;3.094;4.983;1.014;1.014;1.009;1.009;1.803;1.971;1.162;2.481;-0.114;-0.074;-0.77;1.876;1.876;-0.839;3.379;0.808;0.54;1.396;1.323;-0.299;1.016;0.934;1.476;0.921;1.769;0.375;2.004;4.98;1.228;2.95;0.287;-0.368;3.78;2.115;1.386;-2.182;2.476;2.608;1.034;0.85;1.183;-0.221;1.904;0.03;0.49;0.318;0.411;1.545;0.266;1.116;1.483;-0.407;0.126;2.051;2.01;1.335;1.464;0.739;1.177;1.725;2.478;-0.175;-0.414;2.569;0.499;1.132;3.432;1.315;0.914;2.602;-0.032;3.066;-0.482;2.189;1.605;1.572;1.344;0.107;2.421;1.316;1.436;0.772;-1.27;1.5;0.924;1.501;0.42;2.998;0.87;3.615;2.064;0.634;2.369;-0.22;1.544;0.326;1.072;0.214;2.129;0.05;2.497;1.711;1.995;1.054;0.805;0.076;1.672;1.215;2.166;0.027;1.891;2.295;2.459;2.063;2.063;1.723;1.015;0.887;2.874;2.443;1.536;1.536;-1.024;0.417;2.48;0.736;0.843;-0.09;0.424;0.23;3.074;1.624;1.417;-1.264;1.403;-0.237;1.2;2.649;2.618;-0.221;1.029;1.99;0.046;1.127;0.979;2.415;2.695;1.153;1.881;2.725;0.764;-1.354;
1,2,3,A,3,I173,,0,1.5,0.0,0.0,0.0,0.0,0.772813,0.971827,-0.82;0.423;0.975;0.76;2.263;2.059;0.641;0.414;-1.316;-0.298;0.538;2.021;2.358;0.21;1.259;1.736;-0.04;-0.142;-0.17;-0.768;0.429;-1.23;2.259;0.965;1.336;1.295;0.566;0.396;1.193;1.193;3.341;0.228;1.393;-0.395;1.321;1.407;1.308;2.029;1.02;0.677;0.803;0.497;1.866;-0.408;0.758;0.879;0.303;0.738;1.978;0.265;0.909;0.428;2.062;0.996;0.848;1.145;1.67;0.067;1.287;0.978;1.497;0.891;0.374;-0.248;-0.743;0.51;2.794;0.634;-0.688;3.384;0.959;1.786;1.839;1.055;0.744;0.462;1.006;0.817;-0.563;-0.145;1.536;-0.076;1.848;1.434;-0.037;-0.202;-0.431;-0.84;1.961;2.2;-0.42;0.042;0.227;0.221;0.347;0.627;0.917;1.491;0.281;1.655;0.471;-0.541;-0.379;1.242;2.16;0.221;1.554;1.573;0.161;1.488;1.466;-0.748;2.0;0.826;0.224;-1.211;0.782;0.403;0.38;0.651;0.651;-0.409;0.814;-0.046;2.57;1.828;0.517;-0.355;2.446;0.611;1.061;1.723;1.868;2.412;0.511;0.415;1.586;0.816;0.673;0.673;0.577;0.409;0.019;0.107;0.963;0.565;0.739;1.336;0.664;-0.365;1.789;0.669;1.729;0.82;0.752;1.616;0.563;0.413;1.357;-1.201;-0.473;1.103;0.489;0.071;1.844;-0.17;-0.382;1.29;-1.04;1.428;-0.64;-0.42;0.762;0.241;1.486;0.715;1.559;-0.29;1.769;-2.208;2.391;0.399;1.56;-0.631;1.454;0.982;1.692;1.56;-0.605;0.641;0.329;-1.952;1.607;2.41;2.219;0.057;2.478;-2.686;0.56;0.238;0.681;2.625;2.075;1.466;0.635;2.662;1.935;0.21;1.348;0.234;1.041;0.496;1.649;2.12;0.819;1.04;2.209;0.072;1.923;1.791;2.784;-0.307;0.858;0.798;1.854;1.442;0.955;1.066;-0.325;-1.159;0.04;1.275;2.69;-0.121;0.276;1.854;0.427;1.581;0.889;0.889;2.95;1.549;1.768;1.277;1.42;1.109;1.444;1.214;2.879;0.487;0.746;0.928;0.107;-0.511;1.717;0.98;2.755;-0.348;-0.287;0.624;0.445;-0.629;1.841;1.154;0.634;-1.363;0.204;0.206;1.337;1.557;0.621;0.7;-1.807;0.376;0.239;1.912;-0.68;0.354;1.405;0.31;0.898;1.727;-0.188;1.043;1.369;1.053;1.414;-0.302;0.058;2.137;0.871;0.2;-1.376;2.015;1.282;1.734;0.936;0.463;0.979;-0.05;-0.202;1.159;0.192;1.295;2.287;-0.461;0.956;-0.52;2.031;0.713;-0.823;1.317;1.426;-0.673;2.46;0.642;1.632;0.605;0.481;1.623;-0.237;0.921;0.279;0.279;0.541;1.611;1.721;0.798;1.968;0.398;1.239;-0.111;0.683;0.617;1.984;3.009;2.18;0.227;2.911;1.23;2.208;-0.145;0.741;1.132;1.359;2.032;-0.808;2.426;-0.131;-0.798;0.108;0.603;1.114;0.725;0.203;2.496;0.147;0.173;-0.485;-0.938;0.218;-0.505;2.212;0.556;-1.153;0.879;0.484;-0.562;1.908;0.667;1.016;0.757;1.304;0.406;1.455;1.711;1.595;1.246;-0.47;0.217;1.424;0.902;0.433;1.821;0.286;1.867;-0.493;2.428;1.228;0.324;1.693;-0.224;0.864;0.151;1.336;0.201;-1.236;-0.799;0.466;-0.16;0.184;1.424;1.398;0.962;1.553;-0.286;-0.34;1.116;1.358;0.082;0.01;1.932;0.145;0.553;2.035;1.794;-1.053;1.443;-0.254;1.742;-0.544;1.177;1.443;0.194;0.047;0.121;1.613;0.113;0.564;0.802;-0.513;0.888;-1.38;1.449;3.173;-0.952;0.395;2.164;1.165;0.971;1.334;0.606;0.833;0.049;0.529;0.785;1.313;0.348;1.858;-0.61;1.94;-0.025;0.3;-0.17;0.098;1.838;1.196;-0.181;1.019;1.279;1.995;0.697;0.697;0.775;0.32;1.897;1.407;1.22;1.59;2.093;-0.929;0.0;1.372;-1.504;-0.02;0.333;0.664;0.805;1.838;-0.326;0.746;-1.135;0.252;-0.298;0.628;-1.183;2.646;-0.708;0.503;0.488;-0.145;0.552;1.64;1.268;1.448;0.908;1.069;1.613;0.349;-0.361;
1,2,4,A,4,I006,,1,1.5,0.0,0.0,0.0,0.0,1.157465,0.867937,-0.188;0.879;1.352;0.166;1.071;1.993;0.777;0.582;-0.902;-0.029;0.688;1.96;2.249;0.555;1.455;1.864;0.34;0.47;0.445;-0.068;0.96;-0.464;0.937;1.207;3.126;0.644;1.823;0.846;1.53;1.53;3.373;0.595;2.012;0.879;0.556;1.191;1.074;2.677;1.543;0.223;0.944;1.49;1.49;0.984;1.321;1.425;0.93;1.303;2.368;0.898;1.45;0.749;2.15;1.236;1.109;1.363;1.814;1.282;1.417;1.152;1.597;1.077;0.96;0.224;-0.201;0.874;2.833;0.98;-0.154;3.765;0.879;2.168;2.213;1.541;1.274;1.031;1.498;1.336;-0.129;0.23;1.672;0.29;2.082;0.445;0.819;0.043;-0.153;0.991;1.885;2.091;3.797;-0.043;1.305;1.365;0.622;0.863;1.111;1.604;0.566;1.744;0.729;-0.139;0.0;1.39;2.178;0.514;1.366;1.603;0.391;1.53;1.511;-0.389;1.969;0.962;1.636;0.704;1.463;1.138;1.118;1.351;0.994;0.084;2.184;0.028;2.273;1.983;0.858;3.581;1.33;0.477;1.826;1.799;1.923;1.597;1.325;2.682;1.941;0.308;2.058;0.996;0.914;0.77;1.519;0.797;1.531;1.471;0.977;1.489;0.912;0.597;0.739;0.988;1.897;1.117;1.06;1.801;0.898;0.697;1.506;1.027;1.832;1.863;1.695;0.44;1.961;0.233;0.052;1.486;-0.513;2.066;-0.821;0.325;0.815;0.815;1.883;1.221;1.945;0.359;2.125;-1.287;2.659;0.95;1.946;0.067;1.855;1.45;0.792;1.799;-0.058;1.011;0.743;-1.213;1.84;2.528;2.365;0.51;2.818;-1.612;1.173;0.896;1.276;2.944;2.472;1.95;1.237;2.975;2.352;0.872;1.848;0.892;1.585;1.117;2.107;2.511;1.454;0.755;2.168;0.334;0.384;1.003;3.293;0.642;1.641;1.293;-0.443;1.376;1.148;1.243;0.05;-0.666;0.362;1.422;2.412;0.469;0.81;2.911;0.246;0.415;0.754;0.689;3.003;1.801;1.989;1.568;2.2;0.778;1.849;1.6;3.029;0.977;1.829;0.471;1.036;0.145;0.611;1.097;2.954;1.821;0.42;1.202;0.355;-0.567;1.553;2.364;1.791;-0.747;0.597;0.599;1.569;1.758;0.873;0.941;-1.21;1.779;0.878;2.345;0.121;0.918;1.82;0.881;1.385;2.096;0.453;1.51;1.79;2.656;2.263;0.791;0.056;2.358;1.272;0.696;-0.656;-0.66;1.639;2.027;1.343;0.937;1.38;0.497;0.367;1.534;1.049;1.668;2.519;0.161;1.377;0.11;2.299;1.168;-0.149;1.686;1.78;-0.021;2.084;-1.202;1.292;1.92;1.013;1.993;0.397;1.391;0.841;0.841;1.065;1.983;2.078;1.286;2.208;0.861;1.583;0.425;1.106;1.049;2.222;3.101;2.39;0.714;3.017;1.575;2.414;1.142;0.939;1.274;1.469;1.776;2.123;3.167;0.974;1.995;0.656;1.081;1.52;1.185;0.738;2.705;0.567;0.589;0.025;-0.364;0.628;0.772;1.699;1.516;-0.466;1.278;0.939;0.042;2.16;1.096;1.396;1.173;1.642;0.872;1.772;1.992;1.892;1.593;0.121;0.71;1.552;1.104;0.702;1.893;0.576;1.932;1.062;0.725;2.133;-0.149;1.025;0.316;1.25;0.638;1.654;0.68;-0.552;-0.177;0.908;0.218;0.513;1.576;1.554;1.181;1.252;0.1;0.053;1.303;1.51;0.416;0.354;2.002;0.47;0.82;2.091;1.848;-0.571;0.365;0.962;1.383;0.672;1.663;1.891;0.82;0.694;0.519;1.798;0.511;0.898;2.028;-0.007;1.195;-0.75;1.676;3.155;-0.383;0.772;2.289;1.432;1.266;1.578;0.953;2.127;1.454;1.118;0.643;1.702;-0.358;1.916;1.482;1.639;1.119;0.981;0.578;1.461;1.883;1.333;0.15;1.181;1.404;2.017;0.904;0.904;1.398;1.21;1.139;2.238;2.0;1.498;1.929;0.055;0.085;1.263;1.451;-0.693;-0.2;2.236;0.497;2.068;0.212;1.132;-0.482;0.708;0.347;0.899;-0.655;2.63;-0.246;0.792;0.779;0.237;0.834;1.768;1.448;1.603;1.139;1.278;1.744;0.211;-0.398;
1,2,5,A,5,I121,,0,1.5,0.0,0.0,0.0,0.0,0.480145,0.765655,0.477;0.42;0.843;-0.216;1.144;1.963;-0.365;0.328;-0.371;-0.293;0.348;1.484;1.742;0.096;0.9;1.266;-0.095;-0.173;-0.195;-0.653;0.265;2.393;0.654;0.654;0.938;0.044;1.097;0.225;0.835;0.835;2.481;0.001;0.894;-0.477;0.838;0.904;0.828;2.011;0.998;-0.181;0.463;0.297;1.346;-0.396;-0.095;-0.03;0.018;0.352;1.302;-0.01;0.482;0.114;1.366;0.549;0.436;0.663;1.066;0.591;0.711;0.474;0.872;0.904;2.061;-0.119;-0.498;0.462;2.212;0.557;-1.22;0.981;0.002;1.153;1.193;0.593;0.158;0.066;0.483;0.338;-0.719;-0.399;0.889;0.933;1.013;0.122;0.059;-0.634;-0.809;-0.949;2.176;0.989;-0.286;0.068;0.501;0.554;-0.109;0.106;0.486;0.926;-0.001;1.051;0.145;-0.631;-0.507;0.735;1.439;-0.047;0.713;0.925;-0.157;0.86;-0.077;-0.596;1.509;0.61;-0.331;-0.851;0.676;0.386;0.041;0.248;0.248;-0.563;0.708;0.049;0.793;1.364;0.359;1.754;1.729;0.323;0.667;1.174;1.285;1.703;0.246;0.173;1.07;0.48;-0.633;0.5;0.658;0.065;0.734;0.089;0.745;0.691;0.249;0.707;1.096;0.475;-0.263;0.295;1.031;0.335;0.283;0.945;0.889;1.146;1.611;-0.022;0.697;1.212;-0.058;-0.379;-0.048;0.306;-0.528;0.7;1.624;1.121;-1.457;-1.173;0.264;0.264;1.218;0.627;1.274;-0.143;1.434;-1.612;1.902;0.375;1.265;-0.413;1.184;0.823;0.235;1.134;-0.525;0.43;-0.048;-1.003;0.195;0.25;1.137;0.225;2.08;-1.877;0.61;1.98;0.333;1.822;1.402;0.935;0.298;2.138;1.581;0.259;1.131;0.277;0.442;0.024;0.908;1.268;0.272;0.829;1.725;0.088;-0.482;0.837;3.003;0.636;0.628;0.795;-0.755;0.869;2.207;1.574;-0.295;-0.324;0.021;-0.071;1.748;0.231;0.535;1.049;-0.044;0.84;0.31;0.252;2.383;1.309;1.18;0.805;1.369;0.098;1.055;0.833;2.109;0.276;1.037;-0.176;0.329;-0.466;-0.05;0.384;2.042;1.03;-0.221;0.477;-0.279;-0.679;1.214;0.687;0.288;-1.242;-0.041;-0.039;0.674;1.273;0.375;0.435;-1.485;0.187;0.786;-0.104;-0.544;0.168;0.973;0.134;0.585;1.22;-0.247;0.696;0.946;1.719;1.369;0.054;-0.602;1.454;0.484;-0.03;-1.238;-0.675;1.379;1.725;0.35;0.822;0.391;-0.397;-1.159;0.739;-0.002;0.844;2.668;0.396;0.149;-0.952;1.347;0.337;-0.84;0.8;0.883;-0.725;1.676;0.283;1.041;0.255;0.159;1.034;1.046;0.099;0.471;0.471;0.53;0.541;0.94;0.233;1.129;-0.074;0.571;-0.464;0.145;0.094;1.142;1.012;0.903;-0.593;1.814;0.687;1.747;-0.056;0.623;0.922;1.097;1.612;-1.049;1.429;0.21;-0.16;0.157;-0.151;0.007;1.013;0.614;1.265;-0.016;0.004;-0.501;-0.847;0.649;0.095;0.923;0.759;-1.011;0.547;0.244;-0.557;1.335;0.384;0.652;0.453;0.872;0.184;0.988;1.184;1.095;0.828;0.696;-0.041;0.934;0.535;0.175;1.239;0.063;1.274;-0.534;0.559;0.724;0.031;1.08;0.155;0.381;-0.165;0.743;-0.127;-0.635;-0.881;0.088;-0.236;0.028;0.978;0.958;0.624;1.077;-0.332;-0.374;0.742;0.927;-0.05;-0.105;1.367;-0.002;0.311;1.446;1.261;-0.92;0.992;-0.308;1.221;-0.53;0.788;0.993;0.035;-0.077;-0.02;1.123;-0.027;0.032;1.042;-0.776;0.591;-1.146;1.021;2.342;-0.818;0.214;1.569;0.803;0.655;0.933;0.375;0.549;-0.052;0.317;0.513;-0.332;0.098;1.254;0.566;1.275;0.811;1.473;-0.542;0.625;1.314;1.112;0.057;1.124;1.518;1.44;0.446;0.446;0.505;0.156;1.262;0.379;0.098;0.518;1.074;-0.189;-0.162;0.89;-1.314;0.15;0.42;0.674;-0.603;1.31;-0.348;0.986;-1.327;1.142;-0.69;0.02;0.852;1.661;-0.892;0.035;0.024;-0.699;2.533;-0.065;0.578;0.716;0.55;0.673;-0.183;-0.791;-0.294;
1,2,6,A,6,I335,,-1,1.5,0.0,0.0,0.0,0.0,0.480145,0.765655,0.477;0.42;0.843;-0.216;1.144;1.963;-0.365;0.328;-0.371;-0.293;0.348;1.484;1.742;0.096;0.9;1.266;-0.095;-0.173;-0.195;-0.653;0.265;2.393;0.654;0.654;0.938;0.044;1.097;0.225;0.835;0.835;2.481;0.001;0.894;-0.477;0.838;0.904;0.828;2.011;0.998;-0.181;0.463;0.297;1.346;-0.396;-0.095;-0.03;0.018;0.352;1.302;-0.01;0.482;0.114;1.366;0.549;0.436;0.663;1.066;0.591;0.711;0.474;0.872;0.904;2.061;-0.119;-0.498;0.462;2.212;0.557;-1.22;0.981;0.002;1.153;1.193;0.593;0.158;0.066;0.483;0.338;-0.719;-0.399;0.889;0.933;1.013;0.122;0.059;-0.634;-0.809;-0.949;2.176;0.989;-0.286;0.068;0.501;0.554;-0.109;0.106;0.486;0.926;-0.001;1.051;0.145;-0.631;-0.507;0.735;1.439;-0.047;0.713;0.925;-0.157;0.86;-0.077;-0.596;1.509;0.61;-0.331;-0.851;0.676;0.386;0.041;0.248;0.248;-0.563;0.708;0.049;0.793;1.364;0.359;1.754;1.729;0.323;0.667;1.174;1.285;1.703;0.246;0.173;1.07;0.48;-0.633;0.5;0.658;0.065;0.734;0.089;0.745;0.691;0.249;0.707;1.096;0.475;-0.263;0.295;1.031;0.335;0.283;0.945;0.889;1.146;1.611;-0.022;0.697;1.212;-0.058;-0.379;-0.048;0.306;-0.528;0.7;1.624;1.121;-1.457;-1.173;0.264;0.264;1.218;0.627;1.274;-0.143;1.434;-1.612;1.902;0.375;1.265;-0.413;1.184;0.823;0.235;1.134;-0.525;0.43;-0.048;-1.003;0.195;0.25;1.137;0.225;2.08;-1.877;0.61;1.98;0.333;1.822;1.402;0.935;0.298;2.138;1.581;0.259;1.131;0.277;0.442;0.024;0.908;1.268;0.272;0.829;1.725;0.088;-0.482;0.837;3.003;0.636;0.628;0.795;-0.755;0.869;2.207;1.574;-0.295;-0.324;0.021;-0.071;1.748;0.231;0.535;1.049;-0.044;0.84;0.31;0.252;2.383;1.309;1.18;0.805;1.369;0.098;1.055;0.833;2.109;0.276;1.037;-0.176;0.329;-0.466;-0.05;0.384;2.042;1.03;-0.221;0.477;-0.279;-0.679;1.214;0.687;0.288;-1.242;-0.041;-0.039;0.674;1.273;0.375;0.435;-1.485;0.187;0.786;-0.104;-0.544;0.168;0.973;0.134;0.585;1.22;-0.247;0.696;0.946;1.719;1.369;0.054;-0.602;1.454;0.484;-0.03;-1.238;-0.675;1.379;1.725;0.35;0.822;0.391;-0.397;-1.159;0.739;-0.002;0.844;2.668;0.396;0.149;-0.952;1.347;0.337;-0.84;0.8;0.883;-0.725;1.676;0.283;1.041;0.255;0.159;1.034;1.046;0.099;0.471;0.471;0.53;0.541;0.94;0.233;1.129;-0.074;0.571;-0.464;0.145;0.094;1.142;1.012;0.903;-0.593;1.814;0.687;1.747;-0.056;0.623;0.922;1.097;1.612;-1.049;1.429;0.21;-0.16;0.157;-0.151;0.007;1.013;0.614;1.265;-0.016;0.004;-0.501;-0.847;0.649;0.095;0.923;0.759;-1.011;0.547;0.244;-0.557;1.335;0.384;0.652;0.453;0.872;0.184;0.988;1.184;1.095;0.828;0.696;-0.041;0.934;0.535;0.175;1.239;0.063;1.274;-0.534;0.559;0.724;0.031;1.08;0.155;0.381;-0.165;0.743;-0.127;-0.635;-0.881;0.088;-0.236;0.028;0.978;0.958;0.624;1.077;-0.332;-0.374;0.742;0.927;-0.05;-0.105;1.367;-0.002;0.311;1.446;1.261;-0.92;0.992;-0.308;1.221;-0.53;0.788;0.993;0.035;-0.077;-0.02;1.123;-0.027;0.032;1.042;-0.776;0.591;-1.146;1.021;2.342;-0.818;0.214;1.569;0.803;0.655;0.933;0.375;0.549;-0.052;0.317;0.513;-0.332;0.098;1.254;0.566;1.275;0.811;1.473;-0.542;0.625;1.314;1.112;0.057;1.124;1.518;1.44;0.446;0.446;0.505;0.156;1.262;0.379;0.098;0.518;1.074;-0.189;-0.162;0.89;-1.314;0.15;0.42;0.674;-0.603;1.31;-0.348;0.986;-1.327;1.142;-0.69;0.02;0.852;1.661;-0.892;0.035;0.024;-0.699;2.533;-0.065;0.578;0.716;0.55;0.673;-0.183;-0.791;-0.294;
1,2,7,A,7,I227,,-1,1.5,0.0,0.0,0.0,0.0,0.480145,0.765655,0.477;0.42;0.843;-0.216;1.144;1.963;-0.365;0.328;-0.371;-0.293;0.348;1.484;1.742;0.096;0.9;1.266;-0.095;-0.173;-0.195;-0.653;0.265;2.393;0.654;0.654;0.938;0.044;1.097;0.225;0.835;0.835;2.481;0.001;0.894;-0.477;0.838;0.904;0.828;2.011;0.998;-0.181;0.463;0.297;1.346;-0.396;-0.095;-0.03;0.018;0.352;1.302;-0.01;0.482;0.114;1.366;0.549;0.436;0.663;1.066;0.591;0.711;0.474;0.872;0.904;2.061;-0.119;-0.498;0.462;2.212;0.557;-1.22;0.981;0.002;1.153;1.193;0.593;0.158;0.066;0.483;0.338;-0.719;-0.399;0.889;0.933;1.013;0.122;0.059;-0.634;-0.809;-0.949;2.176;0.989;-0.286;0.068;0.501;0.554;-0.109;0.106;0.486;0.926;-0.001;1.051;0.145;-0.631;-0.507;0.735;1.439;-0.047;0.713;0.925;-0.157;0.86;-0.077;-0.596;1.509;0.61;-0.331;-0.851;0.676;0.386;0.041;0.248;0.248;-0.563;0.708;0.049;0.793;1.364;0.359;1.754;1.729;0.323;0.667;1.174;1.285;1.703;0.246;0.173;1.07;0.48;-0.633;0.5;0.658;0.065;0.734;0.089;0.745;0.691;0.249;0.707;1.096;0.475;-0.263;0.295;1.031;0.335;0.283;0.945;0.889;1.146;1.611;-0.022;0.697;1.212;-0.058;-0.379;-0.048;0.306;-0.528;0.7;1.624;1.121;-1.457;-1.173;0.264;0.264;1.218;0.627;1.274;-0.143;1.434;-1.612;1.902;0.375;1.265;-0.413;1.184;0.823;0.235;1.134;-0.525;0.43;-0.048;-1.003;0.195;0.25;1.137;0.225;2.08;-1.877;0.61;1.98;0.333;1.822;1.402;0.935;0.298;2.138;1.581;0.259;1.131;0.277;0.442;0.024;0.908;1.268;0.272;0.829;1.725;0.088;-0.482;0.837;3.003;0.636;0.628;0.795;-0.755;0.869;2.207;1.574;-0.295;-0.324;0.021;-0.071;1.748;0.231;0.535;1.049;-0.044;0.84;0.31;0.252;2.383;1.309;1.18;0.805;1.369;0.098;1.055;0.833;2.109;0.276;1.037;-0.176;0.329;-0.466;-0.05;0.384;2.042;1.03;-0.221;0.477;-0.279;-0.679;1.214;0.687;0.288;-1.242;-0.041;-0.039;0.674;1.273;0.375;0.435;-1.485;0.187;0.786;-0.104;-0.544;0.168;0.973;0.134;0.585;1.22;-0.247;0.696;0.946;1.719;1.369;0.054;-0.602;1.454;0.484;-0.03;-1.238;-0.675;1.379;1.725;0.35;0.822;0.391;-0.397;-1.159;0.739;-0.002;0.844;2.668;0.396;0.149;-0.952;1.347;0.337;-0.84;0.8;0.883;-0.725;1.676;0.283;1.041;0.255;0.159;1.034;1.046;0.099;0.471;0.471;0.53;0.541;0.94;0.233;1.129;-0.074;0.571;-0.464;0.145;0.094;1.142;1.012;0.903;-0.593;1.814;0.687;1.747;-0.056;0.623;0.922;1.097;1.612;-1.049;1.429;0.21;-0.16;0.157;-0.151;0.007;1.013;0.614;1.265;-0.016;0.004;-0.501;-0.847;0.649;0.095;0.923;0.759;-1.011;0.547;0.244;-0.557;1.335;0.384;0.652;0.453;0.872;0.184;0.988;1.184;1.095;0.828;0.696;-0.041;0.934;0.535;0.175;1.239;0.063;1.274;-0.534;0.559;0.724;0.031;1.08;0.155;0.381;-0.165;0.743;-0.127;-0.635;-0.881;0.088;-0.236;0.028;0.978;0.958;0.624;1.077;-0.332;-0.374;0.742;0.927;-0.05;-0.105;1.367;-0.002;0.311;1.446;1.261;-0.92;0.992;-0.308;1.221;-0.53;0.788;0.993;0.035;-0.077;-0.02;1.123;-0.027;0.032;1.042;-0.776;0.591;-1.146;1.021;2.342;-0.818;0.214;1.569;0.803;0.655;0.933;0.375;0.549;-0.052;0.317;0.513;-0.332;0.098;1.254;0.566;1.275;0.811;1.473;-0.542;0.625;1.314;1.112;0.057;1.124;1.518;1.44;0.446;0.446;0.505;0.156;1.262;0.379;0.098;0.518;1.074;-0.189;-0.162;0.89;-1.314;0.15;0.42;0.674;-0.603;1.31;-0.348;0.986;-1.327;1.142;-0.69;0.02;0.852;1.661;-0.892;0.035;0.024;-0.699;2.533;-0.065;0.578;0.716;0.55;0.673;-0.183;-0.791;-0.294;
1,2,8,A,8,I058,,1,1.5,0.0,0.0,0.0,0.0,0.696642,0.738845,-0.179;0.661;1.034;0.1;0.813;1.074;0.123;0.735;-0.876;-0.188;0.377;1.379;1.607;0.155;0.865;1.326;0.125;0.227;0.208;-0.196;0.613;-0.508;0.596;0.809;2.32;0.365;1.294;0.524;1.062;1.062;2.515;0.326;1.443;-0.334;0.826;0.885;0.817;1.861;0.967;-0.073;0.296;0.726;1.651;0.114;0.38;-0.141;-0.099;0.195;1.704;-0.084;0.688;0.363;1.468;0.747;0.647;0.848;1.203;0.783;0.89;0.681;1.031;1.06;2.081;-0.292;-0.626;0.22;1.764;1.635;-0.481;2.606;0.967;1.526;1.562;1.032;0.822;0.631;0.999;0.871;-0.283;0.0;1.136;0.046;1.459;0.169;0.372;-0.239;-0.394;0.508;1.212;1.374;2.147;-0.331;0.731;0.079;0.164;0.354;0.689;1.077;0.259;1.188;0.388;-0.296;-0.187;0.909;1.529;0.47;0.268;0.956;0.001;-0.899;0.514;-0.704;1.153;0.581;1.112;-0.84;0.535;0.763;0.261;0.444;0.28;-0.436;0.685;0.104;1.872;1.371;0.485;2.63;1.499;0.259;1.812;1.278;1.368;1.111;0.896;0.918;1.299;0.012;1.392;0.555;0.49;0.376;-0.236;0.343;0.921;0.874;0.484;0.888;0.434;0.185;0.297;0.948;1.664;0.48;0.435;1.019;0.969;0.868;1.506;-0.223;0.269;0.783;0.368;0.086;1.284;-0.077;-0.22;0.91;1.725;1.281;-0.993;-0.09;0.709;0.357;1.198;-1.452;0.909;0.647;1.492;-1.196;1.905;0.558;1.343;-0.138;1.271;0.953;0.434;1.227;-0.236;0.606;0.396;-1.146;1.259;1.802;1.673;0.212;2.03;-1.461;0.734;0.516;0.603;1.917;1.546;1.134;0.572;2.195;1.704;0.538;1.307;0.554;0.699;0.33;1.11;1.428;0.549;1.041;1.831;0.387;-0.116;0.209;2.923;0.834;0.828;-0.46;-0.06;0.965;2.145;1.917;0.268;-0.9;-0.09;0.379;1.983;0.645;-0.059;1.007;0.667;0.944;0.476;0.476;2.3;1.352;1.239;0.908;1.405;0.285;1.129;0.933;2.058;0.442;0.617;0.272;0.181;1.251;0.495;0.878;1.106;0.213;0.254;1.046;0.379;-0.347;1.323;0.858;0.506;-0.843;0.216;0.218;0.846;1.375;0.583;0.636;-1.058;1.296;0.586;1.356;-0.396;0.667;1.378;0.638;1.035;0.241;0.408;0.044;0.827;1.509;1.2;0.041;0.284;0.233;1.125;0.09;-0.975;1.317;1.713;2.018;0.805;0.486;0.834;0.139;0.036;0.956;0.574;1.061;2.671;0.666;0.448;-0.523;1.505;0.614;-0.424;1.022;1.096;1.702;1.583;0.145;0.978;1.473;0.759;1.531;0.273;1.056;0.623;0.623;0.675;1.398;1.473;0.849;-0.749;-0.51;0.258;-0.655;0.661;0.617;1.541;2.234;1.673;0.353;2.168;1.031;1.929;0.339;0.938;1.874;1.273;1.727;-0.62;1.566;0.491;-0.55;0.062;0.431;0.571;1.458;0.643;2.193;-0.727;0.382;-0.063;-0.369;0.412;-0.077;-0.325;0.784;-0.372;1.002;0.579;-0.127;1.542;1.478;0.935;0.76;1.13;0.523;1.232;1.405;1.327;1.091;-0.069;0.395;1.255;0.635;0.318;1.967;0.93;2.205;-0.211;0.754;0.899;0.288;1.213;-0.083;0.653;0.171;0.972;0.204;-0.766;0.501;0.661;0.117;0.349;1.187;1.17;0.697;1.728;0.399;0.112;1.379;0.945;0.083;0.034;1.333;0.126;0.401;2.198;2.186;-0.237;1.451;0.478;1.827;0.282;1.445;1.191;0.347;0.247;0.298;1.306;0.292;0.344;1.234;-0.369;0.837;-0.696;1.216;2.381;-0.407;0.504;1.699;1.024;0.893;1.139;0.646;0.8;0.27;0.621;0.657;1.288;-0.335;1.457;-0.211;1.512;0.184;0.404;0.086;0.268;1.444;1.265;0.334;1.276;1.624;1.554;0.677;0.677;0.73;0.422;1.397;0.618;0.371;0.741;1.232;0.117;-0.524;1.268;-1.007;-0.004;0.27;0.494;0.589;1.287;-0.175;1.001;-0.27;0.667;-0.047;0.579;-0.645;1.943;-0.323;0.494;0.484;0.057;0.528;1.263;1.012;1.134;-0.426;0.887;1.255;-0.27;1.991;
1,2,9,A,9,I020,,1,1.5,0.0,0.0,0.0,0.0,1.00231,0.69036,0.182;0.992;1.352;0.673;1.831;1.252;0.334;0.925;-0.629;1.442;1.333;1.897;2.117;0.716;1.4;1.711;0.553;0.487;0.468;0.078;0.859;-0.223;0.842;1.047;2.506;0.619;1.516;0.773;1.293;1.194;2.27;1.89;1.518;0.656;0.41;0.893;0.507;2.054;1.192;0.188;0.543;0.959;1.852;0.368;0.624;0.68;0.304;0.588;2.044;0.318;1.063;0.75;1.816;1.12;1.024;1.217;1.56;-0.098;1.818;1.089;1.428;1.032;0.944;0.384;0.061;0.878;2.368;0.959;0.097;3.076;0.725;1.705;1.739;1.228;1.025;0.841;1.196;1.073;0.173;0.445;1.542;0.491;1.745;0.5;0.696;-0.348;-0.176;-0.296;1.218;1.374;0.289;0.59;0.711;0.706;0.789;0.972;1.161;1.535;1.805;1.157;1.928;-0.057;0.474;1.679;2.278;0.19;0.837;1.501;0.58;1.446;1.431;-0.013;1.779;1.014;0.923;-0.033;1.154;0.906;0.891;1.068;0.797;0.105;1.188;0.627;1.26;1.746;0.891;0.322;2.149;0.505;1.53;0.816;1.477;1.229;1.617;1.896;1.333;0.83;0.043;1.008;0.723;0.613;1.183;0.634;1.192;1.146;1.26;1.816;0.782;0.542;0.65;1.277;1.472;1.492;1.962;1.325;0.224;0.782;1.397;-0.271;0.516;1.076;0.675;0.403;1.559;0.246;0.107;1.153;1.94;1.511;0.163;-0.039;0.303;0.303;1.115;1.619;1.944;0.053;1.396;-0.08;2.341;1.041;1.267;-0.162;1.484;1.177;1.552;1.466;-0.182;1.091;0.887;-0.6;1.721;1.374;1.037;0.714;2.47;-0.403;1.71;2.248;0.847;2.114;1.756;1.359;0.816;2.383;1.909;0.783;1.526;0.799;1.326;0.97;1.722;2.029;1.226;0.695;1.769;0.374;0.412;0.883;1.957;0.086;0.874;1.213;-0.107;1.276;2.415;2.195;0.604;-0.416;0.366;0.527;2.075;0.784;0.104;2.293;0.267;0.395;0.653;1.297;2.289;1.813;1.703;1.384;1.864;0.782;1.526;1.337;2.423;0.863;1.511;0.478;0.907;0.23;1.683;1.092;2.25;1.388;0.244;0.839;0.722;-0.186;1.425;-0.137;1.625;-0.305;0.717;0.719;1.456;1.6;0.927;0.979;-0.656;1.616;0.931;1.674;-0.017;1.009;1.694;0.98;1.363;0.597;0.758;0.407;1.163;1.821;1.523;0.404;0.639;0.59;1.45;0.452;-0.576;1.636;2.018;2.313;1.142;-0.108;1.466;0.531;0.432;1.319;0.951;1.421;2.974;1.039;0.829;-0.108;1.849;0.989;-0.012;1.383;1.454;0.086;-0.625;0.167;1.243;1.721;1.032;1.777;0.563;1.319;0.9;0.9;1.071;1.769;1.841;1.239;1.616;0.592;1.141;0.26;0.778;0.735;1.627;1.517;1.535;0.261;2.753;1.147;2.049;1.082;0.927;1.183;1.331;1.564;-0.288;1.822;0.784;-0.22;0.37;0.726;0.861;1.717;0.931;2.426;-0.392;0.769;0.34;0.045;1.318;0.759;1.464;1.324;-0.182;1.144;0.886;0.204;1.814;2.363;1.87;0.002;1.125;0.54;1.224;1.521;1.446;1.218;0.472;0.959;0.876;1.057;0.751;1.656;0.655;1.687;0.147;1.078;1.218;0.628;1.521;0.733;0.926;0.461;1.234;0.494;0.061;-0.148;0.677;0.153;0.377;1.185;1.168;0.884;1.867;0.585;0.307;1.257;1.415;0.583;0.536;1.789;0.624;0.89;1.856;1.699;-0.158;1.47;0.364;1.665;0.175;1.297;1.471;0.656;0.56;0.609;1.581;1.682;0.772;1.631;0.084;1.248;-0.231;1.614;2.738;1.195;-0.763;2.015;1.364;1.249;1.485;1.01;1.193;0.681;0.995;1.03;1.638;0.073;1.802;0.192;1.371;0.975;0.871;0.564;0.739;1.874;0.938;-0.275;1.043;1.995;1.928;1.081;1.081;1.848;0.289;2.348;2.115;0.934;1.292;1.619;0.195;0.218;1.113;1.256;-0.374;0.001;1.853;0.53;1.725;0.314;1.013;-0.213;0.691;0.417;0.837;-0.345;2.153;-0.021;0.769;0.759;0.347;0.801;1.511;1.268;0.827;1.047;1.152;0.424;-0.094;0.234;
1,2,10,A,10,I036,,0,1.5,0.0,0.0,0.0,0.0,0.863811,0.67254,0.857;1.183;0.69;0.831;2.318;1.495;0.631;0.493;-0.561;1.374;0.458;1.362;1.567;0.363;1.003;1.419;0.336;0.428;0.411;0.047;0.776;-0.235;0.761;0.952;2.316;0.552;1.39;0.696;1.181;1.181;2.491;0.518;1.524;-0.078;0.968;1.021;0.96;1.901;1.095;0.158;0.67;1.058;1.058;0.698;0.938;1.012;0.66;0.925;1.681;0.637;0.797;0.504;1.5;1.409;0.838;1.018;1.339;-0.21;1.58;0.898;1.215;1.24;2.161;-0.052;0.703;0.52;1.912;1.282;-0.132;2.652;0.601;1.517;1.549;1.072;0.882;0.71;1.041;0.926;0.085;0.34;1.277;0.295;1.467;0.303;0.487;-0.489;-0.329;1.316;1.995;1.05;2.741;0.013;0.971;0.383;0.46;0.631;0.807;1.157;1.409;0.804;1.524;0.288;0.086;1.074;1.633;-0.092;0.513;1.133;0.273;-0.54;0.735;-0.364;1.311;0.795;1.274;-0.422;0.793;0.562;0.548;0.713;0.713;0.067;0.835;0.311;1.905;1.453;0.654;2.588;0.989;0.384;1.341;0.859;1.477;1.245;1.051;1.071;0.914;0.164;1.044;0.86;0.594;0.492;1.024;0.511;1.033;0.99;0.639;1.003;1.312;0.818;0.231;1.37;1.552;0.998;0.957;1.484;0.842;0.751;1.326;-0.233;0.502;0.966;0.592;0.337;1.417;0.19;0.061;1.08;-0.34;1.164;-0.096;-0.284;2.176;0.641;0.569;-1.149;0.98;0.744;1.506;-0.917;1.878;0.664;1.372;0.037;1.307;1.019;1.37;1.289;-0.03;0.729;0.539;-0.851;1.318;1.807;1.691;0.373;0.664;-1.384;0.594;2.022;0.713;1.897;1.562;1.191;0.684;2.148;1.705;0.654;1.347;0.668;1.161;0.828;1.531;1.818;1.067;0.571;1.574;0.271;0.307;0.747;2.374;0.49;-0.057;0.661;1.304;1.053;2.118;1.912;0.426;-0.527;0.203;0.354;1.8;0.594;0.836;1.245;0.939;1.188;0.767;0.767;2.022;1.578;1.475;1.176;1.625;0.615;1.309;1.132;2.147;0.69;1.295;0.33;0.248;0.383;0.714;0.957;2.244;1.439;0.444;1.158;0.556;-0.293;1.213;1.483;1.142;-0.661;0.294;1.802;0.991;1.468;0.753;0.802;-0.726;1.397;0.757;1.451;-0.129;0.829;1.47;0.803;1.161;0.445;0.596;0.267;0.974;1.589;1.31;0.265;0.484;0.438;1.242;0.31;-0.651;1.416;1.772;2.048;0.954;0.666;0.98;0.353;0.261;1.09;0.746;1.185;2.636;0.828;0.632;-0.243;1.585;0.782;-0.154;1.15;1.216;1.763;1.655;0.359;1.11;1.557;0.304;0.923;0.622;1.328;0.937;0.658;0.818;1.47;1.537;0.974;1.327;0.37;0.883;0.06;0.544;0.503;1.554;2.178;1.673;0.483;2.119;1.223;2.033;0.599;1.139;1.735;1.134;1.352;-0.379;1.592;0.622;-0.316;0.236;0.569;0.695;1.495;0.76;2.157;-0.476;0.609;0.208;-0.178;0.527;0.629;-0.052;0.948;-0.459;0.78;0.538;-0.099;1.406;1.919;1.458;0.426;0.759;-0.096;1.09;1.367;1.296;1.084;0.408;0.862;0.785;0.954;0.668;1.514;0.579;1.474;0.036;0.905;1.036;0.485;1.319;0.151;0.815;0.38;1.102;0.41;-0.465;0.677;0.821;0.331;0.541;1.296;1.281;0.854;1.214;0.094;0.06;0.948;1.095;0.318;0.274;1.445;0.356;0.605;2.225;1.504;-0.231;1.29;0.147;1.363;-0.03;1.972;1.461;0.7;0.61;0.486;1.395;0.481;0.528;1.331;-0.115;0.972;-0.409;1.315;2.365;-0.149;0.672;1.75;1.141;1.023;1.244;0.801;0.939;0.461;0.754;0.54;1.109;0.521;1.441;-0.063;1.492;1.122;1.649;0.492;1.171;1.471;1.311;-0.484;0.748;1.637;1.574;0.783;0.783;1.134;0.128;2.052;1.834;0.731;1.065;1.371;0.366;-0.212;1.404;-0.647;0.257;0.504;0.706;0.792;1.421;0.103;1.163;-1.171;1.079;0.435;1.019;-0.085;2.282;0.238;-0.314;0.478;-0.097;2.474;0.407;0.639;1.143;1.01;1.296;0.972;0.488;0.055;
1,2,11,A,11,I290,,-1,1.5,0.0,0.0,0.0,0.0,0.863811,0.67254,0.857;1.183;0.69;0.831;2.318;1.495;0.631;0.493;-0.561;1.374;0.458;1.362;1.567;0.363;1.003;1.419;0.336;0.428;0.411;0.047;0.776;-0.235;0.761;0.952;2.316;0.552;1.39;0.696;1.181;1.181;2.491;0.518;1.524;-0.078;0.968;1.021;0.96;1.901;1.095;0.158;0.67;1.058;1.058;0.698;0.938;1.012;0.66;0.925;1.681;0.637;0.797;0.504;1.5;1.409;0.838;1.018;1.339;-0.21;1.58;0.898;1.215;1.24;2.161;-0.052;0.703;0.52;1.912;1.282;-0.132;2.652;0.601;1.517;1.549;1.072;0.882;0.71;1.041;0.926;0.085;0.34;1.277;0.295;1.467;0.303;0.487;-0.489;-0.329;1.316;1.995;1.05;2.741;0.013;0.971;0.383;0.46;0.631;0.807;1.157;1.409;0.804;1.524;0.288;0.086;1.074;1.633;-0.092;0.513;1.133;0.273;-0.54;0.735;-0.364;1.311;0.795;1.274;-0.422;0.793;0.562;0.548;0.713;0.713;0.067;0.835;0.311;1.905;1.453;0.654;2.588;0.989;0.384;1.341;0.859;1.477;1.245;1.051;1.071;0.914;0.164;1.044;0.86;0.594;0.492;1.024;0.511;1.033;0.99;0.639;1.003;1.312;0.818;0.231;1.37;1.552;0.998;0.957;1.484;0.842;0.751;1.326;-0.233;0.502;0.966;0.592;0.337;1.417;0.19;0.061;1.08;-0.34;1.164;-0.096;-0.284;2.176;0.641;0.569;-1.149;0.98;0.744;1.506;-0.917;1.878;0.664;1.372;0.037;1.307;1.019;1.37;1.289;-0.03;0.729;0.539;-0.851;1.318;1.807;1.691;0.373;0.664;-1.384;0.594;2.022;0.713;1.897;1.562;1.191;0.684;2.148;1.705;0.654;1.347;0.668;1.161;0.828;1.531;1.818;1.067;0.571;1.574;0.271;0.307;0.747;2.374;0.49;-0.057;0.661;1.304;1.053;2.118;1.912;0.426;-0.527;0.203;0.354;1.8;0.594;0.836;1.245;0.939;1.188;0.767;0.767;2.022;1.578;1.475;1.176;1.625;0.615;1.309;1.132;2.147;0.69;1.295;0.33;0.248;0.383;0.714;0.957;2.244;1.439;0.444;1.158;0.556;-0.293;1.213;1.483;1.142;-0.661;0.294;1.802;0.991;1.468;0.753;0.802;-0.726;1.397;0.757;1.451;-0.129;0.829;1.47;0.803;1.161;0.445;0.596;0.267;0.974;1.589;1.31;0.265;0.484;0.438;1.242;0.31;-0.651;1.416;1.772;2.048;0.954;0.666;0.98;0.353;0.261;1.09;0.746;1.185;2.636;0.828;0.632;-0.243;1.585;0.782;-0.154;1.15;1.216;1.763;1.655;0.359;1.11;1.557;0.304;0.923;0.622;1.328;0.937;0.658;0.818;1.47;1.537;0.974;1.327;0.37;0.883;0.06;0.544;0.503;1.554;2.178;1.673;0.483;2.119;1.223;2.033;0.599;1.139;1.735;1.134;1.352;-0.379;1.592;0.622;-0.316;0.236;0.569;0.695;1.495;0.76;2.157;-0.476;0.609;0.208;-0.178;0.527;0.629;-0.052;0.948;-0.459;0.78;0.538;-0.099;1.406;1.919;1.458;0.426;0.759;-0.096;1.09;1.367;1.296;1.084;0.408;0.862;0.785;0.954;0.668;1.514;0.579;1.474;0.036;0.905;1.036;0.485;1.319;0.151;0.815;0.38;1.102;0.41;-0.465;0.677;0.821;0.331;0.541;1.296;1.281;0.854;1.214;0.094;0.06;0.948;1.095;0.318;0.274;1.445;0.356;0.605;2.225;1.504;-0.231;1.29;0.147;1.363;-0.03;1.972;1.461;0.7;0.61;0.486;1.395;0.481;0.528;1.331;-0.115;0.972;-0.409;1.315;2.365;-0.149;0.672;1.75;1.141;1.023;1.244;0.801;0.939;0.461;0.754;0.54;1.109;0.521;1.441;-0.063;1.492;1.122;1.649;0.492;1.171;1.471;1.311;-0.484;0.748;1.637;1.574;0.783;0.783;1.134;0.128;2.052;1.834;0.731;1.065;1.371;0.366;-0.212;1.404;-0.647;0.257;0.504;0.706;0.792;1.421;0.103;1.163;-1.171;1.079;0.435;1.019;-0.085;2.282;0.238;-0.314;0.478;-0.097;2.474;0.407;0.639;1.143;1.01;1.296;0.972;0.488;0.055;
1,2,12,A,12,I166,,1,1.5,0.0,0.0,0.0,0.0,1.024498,0.61538,0.054;0.792;1.119;0.992;2.441;1.639;0.797;0.662;-0.365;0.239;0.736;1.616;1.816;0.644;1.267;1.55;0.495;0.585;0.568;0.213;0.924;-0.061;0.908;1.095;2.423;0.705;1.521;0.845;1.318;1.318;2.594;0.672;1.652;0.868;0.644;1.084;1.025;1.941;1.343;0.429;0.449;0.827;1.64;0.289;0.523;1.32;0.437;0.695;2.02;0.45;0.832;0.546;1.517;1.428;0.871;1.033;1.345;0.977;1.07;0.887;1.195;1.22;1.139;0.282;-0.011;0.732;2.088;1.475;0.097;2.809;0.812;1.704;1.735;1.27;1.085;0.917;1.24;1.128;0.309;0.557;1.469;0.513;1.654;0.521;0.7;0.163;0.027;0.819;1.438;1.58;2.259;1.837;1.167;0.594;0.668;0.835;1.007;1.348;0.629;1.445;0.742;0.142;0.238;1.2;1.745;0.594;1.183;1.347;0.508;1.297;1.604;0.289;1.921;1.224;0.495;0.65;1.176;0.951;0.937;1.098;0.851;0.222;1.207;0.696;1.273;1.715;0.936;0.44;2.103;0.606;1.971;1.501;1.587;1.362;1.173;2.112;1.6;0.469;1.681;0.946;0.888;0.789;0.557;0.61;1.118;0.881;0.985;1.339;0.94;0.722;0.82;0.993;1.622;1.082;1.042;1.555;0.93;0.841;1.401;-0.118;0.599;1.633;0.649;0.401;0.657;0.932;0.285;1.278;-0.106;1.36;0.132;-0.051;2.346;0.85;0.78;2.219;1.814;0.093;1.315;-0.029;2.175;0.992;1.197;0.579;1.13;-0.363;1.103;1.8;-0.266;0.893;0.707;-0.017;2.096;2.216;1.358;0.651;2.248;-0.818;1.11;2.171;0.895;2.049;1.723;1.361;0.867;2.293;1.862;0.838;1.513;0.852;1.331;1.007;1.692;1.972;1.241;0.757;1.734;0.465;0.5;0.928;2.513;0.678;1.37;1.129;-0.073;1.186;2.223;2.023;0.574;-0.452;0.866;0.928;1.613;0.269;0.505;1.441;0.594;1.279;0.868;0.868;2.092;1.659;1.559;1.268;1.705;0.721;1.462;1.29;2.278;0.859;1.448;0.508;0.899;0.283;0.605;0.942;2.227;1.442;0.473;1.014;0.428;0.118;1.585;1.177;0.868;-0.318;0.613;0.614;1.166;1.297;1.045;1.092;0.662;1.245;0.621;1.615;0.076;1.01;1.634;0.984;1.333;0.635;0.782;0.462;1.15;1.749;1.478;0.459;0.976;0.932;1.13;0.731;-0.205;1.654;2.002;1.0;0.899;1.573;1.239;0.629;0.538;0.672;0.725;1.831;2.104;0.343;1.184;0.308;1.822;1.04;0.128;1.398;1.463;0.217;1.673;-0.6;1.125;1.56;0.933;1.611;0.506;1.194;0.813;0.813;0.969;1.604;1.669;1.121;1.759;0.827;1.327;0.525;0.996;0.957;1.911;1.524;1.44;0.28;2.549;1.087;1.908;1.027;0.887;1.119;1.254;1.467;1.707;2.429;0.911;0.911;1.029;0.921;1.044;1.108;0.799;2.16;0.681;0.696;0.305;0.036;0.722;0.293;0.075;1.049;0.034;1.241;0.791;0.17;1.636;2.135;1.686;0.681;1.006;0.473;1.096;2.984;1.387;1.18;0.501;0.25;1.006;1.171;0.892;-0.473;0.1;2.13;0.808;0.575;1.549;-0.03;0.782;0.742;0.918;0.495;1.198;0.524;0.13;1.415;0.687;0.437;0.64;1.377;1.361;1.103;1.454;0.362;0.329;1.194;1.337;0.58;0.537;1.678;0.618;0.86;1.739;1.572;-0.119;1.363;0.356;1.541;0.184;1.205;1.364;0.622;0.535;0.579;1.464;1.556;0.728;1.51;0.101;1.161;-0.185;1.494;2.517;1.112;0.16;2.095;1.502;0.644;1.308;0.875;1.011;0.545;0.853;1.005;1.559;0.134;1.707;1.174;1.724;0.557;0.75;0.471;0.63;1.663;1.507;0.688;1.516;1.821;1.76;0.99;0.99;1.036;0.766;1.702;1.411;1.3;1.52;1.818;0.024;-0.009;1.565;-0.433;0.448;0.689;0.886;0.969;1.582;0.298;1.331;0.214;1.038;0.411;0.96;-0.115;2.158;0.167;0.886;0.877;0.502;0.915;1.561;0.804;1.295;1.166;1.444;1.128;0.657;0.235;
1,2,13,A,13,I108,,1,1.5,0.0,0.0,0.0,0.0,1.19455,0.560699,0.547;1.222;1.522;0.771;1.735;1.254;0.489;0.981;0.041;0.487;0.942;1.747;1.93;0.857;1.427;1.686;0.721;0.803;0.788;0.463;1.114;0.212;1.099;1.27;2.486;0.914;1.66;1.042;1.475;1.475;2.642;0.883;1.78;0.352;1.285;1.331;1.278;2.116;1.398;0.562;0.858;1.204;1.948;0.712;0.926;0.507;2.088;0.829;2.041;1.111;1.253;0.809;1.696;1.615;1.106;1.267;1.553;1.215;1.301;1.133;1.415;1.438;1.364;0.58;0.311;0.992;2.232;1.671;0.411;2.892;0.934;1.75;1.778;1.353;1.184;1.03;1.326;1.223;0.474;0.701;1.614;0.739;1.783;1.559;0.759;0.67;0.545;0.323;1.845;1.975;0.552;0.803;0.903;0.899;0.968;1.12;1.278;1.59;1.814;1.275;1.917;0.264;0.706;1.71;2.209;0.469;1.008;1.561;0.794;1.515;1.503;0.3;1.793;1.155;0.828;0.049;1.131;0.925;0.913;1.06;1.06;0.484;1.169;0.702;2.123;1.72;1.008;2.732;1.889;0.892;2.141;1.711;1.79;2.086;1.053;1.001;1.637;0.603;1.387;1.223;0.986;0.895;0.402;0.868;1.333;1.579;1.266;1.591;0.876;1.291;0.768;1.29;1.866;1.372;1.336;1.805;1.233;1.151;1.664;0.274;0.67;1.751;0.851;0.624;2.01;0.916;0.325;1.52;0.254;1.595;-0.233;-0.032;1.987;0.618;1.294;1.714;1.985;0.41;1.529;0.299;2.315;1.233;1.421;0.231;1.602;1.346;1.658;1.586;0.41;1.087;0.918;-0.321;1.612;2.048;1.945;0.77;1.029;1.41;1.124;0.948;1.189;2.263;1.965;1.634;1.182;1.756;2.093;1.155;1.774;0.456;1.377;1.081;1.708;1.963;1.257;1.376;2.012;0.851;0.447;1.218;2.385;0.706;1.339;1.118;1.692;1.468;1.718;1.778;1.022;0.605;0.85;0.785;2.074;0.999;1.215;1.579;0.804;1.431;1.055;1.055;2.175;1.778;1.687;1.421;1.821;0.92;1.539;1.381;2.286;0.987;1.127;0.85;0.777;1.637;1.03;1.338;1.521;0.803;0.836;1.473;0.936;0.353;1.695;1.322;1.039;-0.046;0.805;0.807;1.312;1.737;1.1;1.143;-0.219;1.673;1.103;1.722;0.314;1.168;1.739;1.144;1.463;0.825;0.959;0.667;1.297;1.845;1.596;0.664;1.138;1.097;1.278;0.913;0.057;0.054;1.51;1.756;1.322;1.066;1.346;0.787;0.704;1.443;1.137;1.528;2.822;1.21;1.183;0.381;1.767;1.051;0.216;1.379;1.438;0.863;1.369;1.408;1.378;1.776;1.202;1.822;0.812;1.441;1.093;1.093;1.135;1.716;1.776;1.275;1.859;1.006;1.462;0.729;1.16;1.124;0.602;2.429;1.979;0.918;2.376;1.463;2.381;1.103;1.584;0.924;0.957;0.83;1.735;2.396;1.007;0.171;0.663;0.959;1.072;1.785;1.13;2.376;0.028;0.995;0.638;0.294;0.922;1.013;0.406;1.298;0.043;1.147;0.932;0.365;1.706;2.163;1.752;0.832;1.129;0.367;1.424;1.671;1.608;1.418;0.816;1.221;1.152;1.303;1.048;1.802;0.968;1.767;0.484;1.26;1.376;0.885;1.629;0.587;1.179;0.791;1.435;0.818;0.038;0.919;1.047;0.61;0.797;1.47;1.456;1.22;2.038;0.97;0.739;1.757;1.409;0.716;0.677;1.721;0.75;0.972;2.416;2.407;-0.087;0.505;0.883;1.968;0.726;1.661;1.805;1.127;1.047;0.765;1.575;1.66;0.901;1.617;0.328;1.297;0.066;1.602;2.539;0.298;1.03;1.991;1.448;1.343;1.54;1.144;1.268;0.842;1.103;1.242;0.643;0.948;1.768;0.427;1.813;0.745;0.921;0.666;0.812;1.757;1.409;0.66;1.312;1.454;1.511;1.372;1.372;1.253;1.006;1.863;1.597;1.495;1.696;1.969;0.328;0.297;1.737;-0.091;0.715;0.936;1.116;1.192;1.753;0.578;1.16;0.138;0.892;0.663;1.013;0.029;2.109;0.299;0.956;0.948;0.605;0.983;1.574;1.372;1.005;0.328;1.384;0.777;0.345;2.163;
1,2,14,A,14,I067,,1,1.5,0.0,0.0,0.0,0.0,1.333082,0.525298,0.641;1.256;1.53;0.845;1.367;1.899;1.198;1.085;0.229;1.801;1.057;1.791;1.958;0.98;1.5;1.837;0.958;0.908;0.894;0.598;1.191;0.369;2.404;1.67;1.756;1.179;1.859;0.901;1.295;1.959;2.423;2.135;1.823;0.522;1.372;1.414;1.365;2.129;1.63;0.868;1.284;1.133;1.811;0.685;0.879;1.544;1.258;1.474;2.088;0.778;1.097;0.859;1.668;1.594;1.237;1.384;1.644;1.337;1.415;1.262;1.519;1.539;1.472;0.758;0.513;1.133;2.264;1.752;0.603;1.341;1.998;1.566;1.592;1.819;0.819;0.971;1.24;1.147;2.057;0.82;1.652;0.854;1.889;0.944;1.093;0.301;0.431;0.34;2.359;1.592;0.768;0.997;1.089;1.085;1.148;1.516;1.881;1.653;1.858;1.366;1.951;0.445;0.848;1.763;2.217;0.632;1.123;1.627;0.928;1.585;0.98;0.644;2.005;1.424;0.816;0.053;1.563;1.376;1.008;1.142;1.142;0.617;1.439;1.013;1.494;1.863;1.213;2.785;1.957;1.048;2.186;1.794;1.86;2.13;1.189;1.141;1.721;0.779;1.789;1.176;1.128;1.045;0.596;1.02;1.444;1.409;1.495;1.918;1.133;0.95;1.032;1.509;2.033;1.167;1.133;1.561;1.525;1.691;1.991;0.725;1.19;1.771;1.675;0.714;1.978;0.981;0.442;1.531;0.378;1.6;0.576;0.423;2.422;1.175;1.116;-0.279;1.451;1.258;1.878;-0.091;2.18;1.193;1.768;0.684;1.716;1.482;1.767;1.701;0.63;1.247;1.092;-0.037;1.725;2.122;2.028;0.958;2.289;-0.267;1.34;2.225;1.161;2.123;1.851;1.55;1.138;2.327;1.967;1.113;1.676;1.125;1.525;1.255;1.826;2.059;1.449;1.558;2.137;1.079;0.711;1.414;2.477;0.948;1.524;1.323;1.846;1.642;1.401;1.456;0.767;0.748;0.971;1.583;2.283;1.303;0.787;1.568;1.32;1.522;1.18;1.18;2.515;1.821;1.738;1.496;1.86;1.039;1.658;1.514;2.338;1.154;1.283;1.03;0.963;1.747;1.194;1.39;2.462;0.926;0.956;1.407;0.918;0.387;1.609;2.078;1.852;0.617;1.668;1.088;1.648;1.757;1.246;1.285;0.044;1.768;1.249;1.812;0.529;1.308;1.828;1.286;1.577;0.996;1.118;0.851;1.425;1.925;1.698;0.849;1.027;0.99;1.643;0.885;0.105;1.784;2.074;2.297;1.409;1.175;1.43;0.921;0.846;1.519;1.24;1.597;2.775;1.307;1.148;0.437;1.922;1.269;0.509;1.568;1.622;2.066;1.979;0.926;1.536;2.0;0.982;1.485;1.493;2.066;1.094;1.094;1.224;1.753;1.808;1.351;1.93;1.153;1.569;0.901;1.294;1.261;2.056;1.734;1.664;0.697;2.252;1.524;2.208;1.044;1.482;2.168;1.004;0.888;1.713;2.315;0.899;0.569;1.017;1.262;1.364;1.171;0.913;2.049;0.886;0.898;0.573;0.349;0.921;1.004;1.539;1.433;0.29;1.296;1.1;0.583;1.805;2.221;1.847;1.009;1.28;0.585;1.548;1.773;1.716;1.543;0.994;1.067;1.697;1.242;1.01;2.218;1.458;2.392;0.623;1.329;1.436;0.988;1.666;1.068;1.214;0.861;1.448;0.886;0.558;1.629;1.022;0.813;0.983;1.597;1.584;1.238;1.984;0.641;0.614;2.088;1.77;0.925;0.889;1.84;0.956;1.158;2.473;1.888;0.479;1.714;0.874;1.862;0.731;1.583;1.714;1.096;1.023;0.923;1.661;1.738;1.047;1.699;0.524;1.408;0.285;1.686;2.539;0.497;1.164;2.039;1.545;1.449;1.629;1.268;1.381;0.992;1.249;1.076;1.538;1.06;1.807;0.586;1.848;0.875;1.036;0.804;0.937;1.999;1.289;0.282;1.282;2.004;1.953;1.311;1.311;1.35;1.124;0.961;1.595;1.502;1.685;1.934;0.438;0.41;1.723;1.167;0.897;1.098;1.262;1.332;1.843;0.772;1.303;0.372;1.058;0.85;1.169;0.272;2.167;0.518;1.117;1.11;0.797;1.141;1.68;1.496;1.585;1.478;1.71;1.174;0.781;0.429;
1,2,15,A,15,I136,,0,1.5,0.0,0.0,0.0,0.0,1.246605,0.499165,1.24;1.489;1.113;0.704;1.193;1.691;1.034;0.928;0.126;1.599;0.902;1.59;1.746;0.83;1.86;1.491;0.547;1.719;0.531;0.313;0.868;2.156;2.253;1.565;1.474;0.933;1.57;1.042;1.411;1.411;2.177;1.907;1.642;1.03;0.855;1.198;1.135;2.084;1.471;0.758;1.148;1.443;1.443;1.169;1.351;1.408;1.14;1.342;1.917;0.69;1.22;0.997;1.755;1.261;1.192;1.33;1.573;0.395;1.757;1.238;1.479;1.498;2.199;0.515;1.09;0.98;2.039;1.56;0.484;2.602;1.042;1.739;1.763;1.4;1.256;1.124;1.377;1.289;0.649;0.843;1.623;1.106;1.579;1.04;0.534;0.337;0.231;0.495;1.794;1.905;1.992;1.663;0.962;0.959;1.018;1.148;1.282;1.549;1.74;1.28;1.828;0.417;0.794;1.651;2.077;0.592;1.052;1.524;0.869;1.485;1.475;0.448;1.722;1.178;1.542;0.252;1.176;1.0;0.99;1.115;1.115;0.624;1.208;0.809;2.022;1.679;1.07;2.542;1.823;0.972;2.038;1.671;1.733;1.985;1.104;1.837;1.437;1.08;0.52;1.206;1.301;0.942;1.347;0.957;1.354;1.321;1.402;1.797;1.404;0.927;1.004;1.668;1.806;1.385;1.354;1.754;1.266;1.196;1.634;0.448;0.785;1.8;1.032;0.838;1.66;0.726;0.628;1.403;0.323;1.467;0.508;0.365;2.238;1.069;1.014;-0.293;1.327;1.147;1.727;-0.117;2.011;1.087;1.625;0.609;1.576;1.357;1.624;1.562;0.558;1.136;0.992;-0.066;1.584;1.957;1.868;0.866;1.087;-0.472;1.034;2.12;1.124;2.025;1.77;1.488;1.102;2.216;1.879;1.079;1.607;1.09;1.465;1.211;1.746;1.965;1.394;1.016;1.779;0.788;0.815;1.15;1.913;0.583;1.143;1.384;0.446;1.429;2.239;1.822;1.177;0.197;0.753;0.867;1.968;1.05;1.234;1.546;1.313;1.502;1.182;1.182;2.137;1.799;1.721;1.493;1.835;1.066;1.595;1.46;2.232;1.123;1.584;0.85;0.787;0.89;1.142;1.326;2.306;0.867;0.895;1.438;0.98;0.335;1.48;1.952;1.031;0.105;0.832;1.98;1.362;0.396;1.396;1.433;1.097;1.552;1.065;1.829;0.627;1.058;1.546;1.038;1.311;0.766;0.88;2.101;1.645;2.113;1.901;1.106;0.439;1.683;1.553;0.844;0.113;1.685;1.957;1.175;1.096;1.622;1.361;0.884;0.814;1.445;1.183;1.517;2.261;0.885;0.719;0.428;1.819;1.208;0.496;1.488;1.539;0.296;1.729;-0.047;1.414;1.753;1.263;1.793;0.93;1.467;1.17;1.17;1.206;1.702;1.753;1.325;1.593;0.865;1.255;0.629;0.997;0.967;1.601;1.523;1.535;0.629;2.086;1.404;2.021;0.929;1.34;1.522;1.627;1.939;0.329;1.828;1.091;1.643;0.919;1.515;0.757;1.366;1.124;2.188;1.032;1.044;0.229;0.733;1.483;1.085;0.567;1.328;0.257;1.199;1.016;0.531;1.676;2.066;1.715;0.93;1.184;0.533;1.435;1.646;1.592;1.431;0.9;1.246;1.187;1.316;1.098;1.742;1.031;1.712;0.617;1.279;1.379;0.959;1.594;0.705;1.21;0.879;1.429;0.902;0.236;1.106;1.215;0.842;1.002;1.577;1.565;1.24;1.514;0.662;0.636;1.312;1.424;0.832;0.799;1.69;0.862;1.05;1.738;1.626;0.306;1.463;0.676;1.602;0.542;2.065;1.676;1.097;1.029;0.935;1.626;0.93;1.14;1.751;0.65;1.3;0.249;1.56;2.36;0.447;1.072;1.892;1.428;1.339;1.507;1.169;1.275;0.911;1.134;0.971;1.404;0.957;1.657;0.512;1.695;1.414;1.815;0.934;1.451;1.68;1.557;0.918;1.564;1.803;1.852;1.251;1.251;1.287;1.185;1.147;1.74;1.066;1.32;1.553;0.789;0.348;1.578;1.057;1.089;0.81;1.786;0.846;1.695;0.692;1.189;0.317;0.96;0.765;1.063;0.223;1.999;0.775;0.354;0.957;0.323;1.415;1.258;1.268;1.352;1.251;1.326;1.578;0.531;2.083;
1,2,16,A,16,I096,,1,1.5,0.0,0.0,0.0,0.0,1.343081,0.475582,0.729;1.277;1.52;0.91;1.375;1.849;1.224;1.124;0.362;1.761;1.099;1.753;1.901;1.031;1.493;1.794;1.011;0.966;0.954;0.69;1.218;0.487;2.298;1.645;1.722;1.208;1.813;0.96;1.311;1.902;2.315;2.059;1.781;0.623;1.379;1.417;1.373;2.054;1.609;0.931;1.301;1.167;1.77;0.768;0.941;1.532;1.278;1.47;2.017;0.851;1.354;1.142;1.863;1.393;1.328;1.458;1.69;0.57;1.864;1.371;1.6;1.619;2.284;0.684;1.23;1.098;2.104;1.649;0.627;2.639;1.157;1.819;1.842;1.497;1.36;1.235;1.475;1.392;0.784;0.968;1.645;0.935;1.782;1.6;1.12;0.415;0.531;0.45;2.248;1.565;0.756;0.87;0.825;1.222;0.787;1.726;1.087;1.77;1.952;1.514;0.993;0.547;0.905;1.72;2.124;0.713;1.151;1.599;0.977;1.562;1.023;0.724;1.935;1.418;1.357;0.464;1.342;1.175;1.165;1.284;1.284;0.817;1.372;0.993;2.146;1.819;1.241;2.64;1.903;1.094;2.107;1.758;1.817;1.65;1.51;1.524;1.411;0.868;1.767;1.222;1.18;1.106;0.706;1.084;1.461;1.43;1.506;1.882;1.509;1.056;1.129;1.257;1.474;1.288;1.259;1.639;1.175;1.109;1.525;0.398;0.93;1.807;1.076;0.892;1.673;0.786;0.692;1.662;0.635;1.723;0.24;0.829;1.35;1.12;1.669;-0.059;1.48;1.309;1.861;0.108;2.13;1.252;1.763;0.798;1.716;1.509;1.762;1.704;0.75;1.299;1.162;0.156;1.725;2.078;1.994;1.042;2.227;-0.049;1.382;2.169;1.223;2.079;1.837;1.569;1.202;2.26;1.94;1.18;1.681;1.191;1.547;1.306;1.814;2.022;1.479;1.12;1.096;1.257;0.745;1.371;2.317;0.955;1.468;1.29;1.755;1.574;2.343;2.194;1.12;0.431;0.959;1.503;2.127;1.254;0.795;2.274;0.905;0.992;1.166;1.166;2.354;1.737;1.619;1.403;1.728;0.997;1.548;1.42;2.03;1.65;1.322;0.868;1.156;1.854;1.361;1.094;1.734;1.152;1.178;1.695;1.259;0.646;1.734;1.432;1.202;0.322;1.013;2.104;1.517;1.614;1.683;1.718;0.467;1.429;0.966;0.999;0.746;1.155;1.618;1.136;1.395;0.877;0.986;2.146;1.713;2.158;1.956;1.2;1.102;1.07;1.651;0.976;0.282;1.776;2.034;2.233;1.443;0.598;1.661;1.03;0.963;1.562;1.313;1.631;2.68;1.373;1.351;0.7;1.824;1.243;0.567;1.51;1.558;1.953;1.875;0.938;1.481;1.804;1.338;1.841;1.021;1.532;1.249;1.249;1.283;1.755;1.803;1.397;1.912;1.22;1.591;0.996;1.346;1.317;0.893;1.636;1.648;0.788;2.172;1.524;2.133;1.096;1.487;2.097;1.061;0.958;1.692;2.229;0.968;0.674;1.073;1.64;0.919;1.498;1.268;2.279;0.375;1.159;0.869;0.669;1.179;0.86;0.698;1.421;0.403;1.299;1.125;0.664;1.752;2.123;1.79;1.044;1.284;0.666;1.523;1.724;1.673;1.519;1.015;1.344;1.288;1.41;1.203;1.815;1.139;1.786;0.746;1.375;1.47;1.071;1.674;0.83;1.309;0.995;1.383;0.882;0.59;1.544;1.004;0.896;1.048;1.594;1.583;1.274;1.938;1.072;0.884;1.71;1.428;0.866;1.08;1.927;1.14;1.32;1.973;1.866;0.612;1.712;1.078;1.957;0.95;1.708;1.826;1.275;1.21;1.121;1.778;1.117;1.151;1.731;0.686;1.472;0.473;1.72;2.479;1.436;0.113;1.991;1.551;1.465;1.625;1.304;1.405;1.059;1.288;1.311;1.722;0.665;1.785;0.697;1.821;0.955;1.099;0.892;1.01;1.956;1.323;0.427;1.317;1.96;1.915;1.343;1.343;1.377;1.281;1.244;1.808;1.168;1.409;1.729;0.767;0.782;1.387;1.484;0.433;0.686;1.937;1.044;1.851;0.898;1.37;0.541;1.152;0.967;1.251;0.453;2.14;0.662;1.195;1.189;0.91;1.217;1.697;1.533;1.235;1.139;1.569;1.334;0.984;0.671;
1,2,17,A,17,I013,,1,1.5,0.0,0.0,0.0,0.0,1.470119,0.46163,0.927;1.449;1.68;1.1;1.543;1.992;1.396;1.301;0.301;1.716;1.086;1.743;2.243;0.82;1.753;1.953;1.207;1.164;1.153;0.901;1.404;0.707;1.393;1.525;2.465;1.25;1.827;1.349;1.683;1.683;2.077;2.16;1.895;0.792;1.512;1.549;1.492;2.14;1.585;0.939;1.167;1.435;2.01;1.055;1.22;1.619;0.994;1.177;2.114;1.003;1.274;1.072;1.758;1.695;1.393;1.517;1.738;1.477;1.543;1.413;1.631;1.649;1.592;0.986;0.778;1.304;2.263;1.829;0.855;1.481;2.038;1.672;1.694;1.365;1.127;1.187;1.416;1.336;0.757;0.933;1.638;1.662;1.706;1.218;1.184;0.804;0.708;0.631;2.344;1.693;2.173;1.875;1.606;1.201;1.254;1.372;1.493;1.735;1.908;1.491;1.987;0.71;1.051;1.827;2.213;0.869;1.285;1.713;1.12;1.677;1.163;0.879;2.033;1.54;1.025;0.378;1.19;1.715;1.011;1.124;1.023;0.767;1.464;1.103;2.201;1.89;1.339;2.672;1.97;1.199;2.164;1.832;1.888;2.117;1.318;1.983;1.62;1.297;0.79;1.411;1.498;1.172;1.539;1.186;1.545;1.736;1.494;1.744;1.462;1.308;1.377;1.5;1.944;1.563;1.534;1.897;1.455;1.392;1.788;0.714;1.221;1.54;1.283;1.107;1.851;1.006;0.917;1.619;0.641;1.677;0.809;0.679;2.374;1.317;1.267;0.084;1.55;1.387;1.913;0.243;2.169;1.332;1.82;0.9;1.775;1.577;1.819;1.763;0.702;1.522;1.26;0.302;1.796;2.133;2.053;1.145;2.275;0.107;1.47;2.22;1.318;2.134;1.903;1.648;1.299;2.307;2.002;1.277;1.755;1.287;1.627;1.397;1.882;2.079;1.562;1.655;2.146;1.249;0.937;1.138;2.824;1.527;1.523;0.722;0.971;1.608;2.341;2.199;1.175;0.449;0.952;1.244;2.24;1.409;0.971;2.38;1.376;1.548;1.258;1.226;2.359;2.052;1.982;1.776;1.835;1.139;1.664;1.542;2.123;1.761;1.757;1.092;1.035;1.129;1.357;1.524;2.432;1.129;1.155;1.647;1.232;0.648;1.685;1.871;1.636;0.394;1.052;1.778;1.445;1.774;1.341;1.856;0.663;1.58;1.139;1.17;0.929;1.319;1.76;1.301;1.547;1.054;1.158;2.263;1.85;2.274;2.423;0.965;1.116;1.897;1.78;1.137;0.476;1.519;1.704;1.894;1.559;0.755;1.767;1.166;1.102;1.673;1.436;1.739;2.738;1.493;1.471;0.852;1.923;1.369;0.725;1.623;1.669;2.045;1.971;1.078;1.596;1.903;1.459;1.939;1.158;1.644;1.375;1.375;1.407;1.856;1.903;1.515;2.006;1.347;1.333;0.767;1.1;1.072;1.803;1.732;1.744;0.924;2.243;1.625;2.206;1.218;1.59;2.172;1.185;1.086;1.786;2.297;1.096;0.816;1.196;1.403;1.49;1.326;1.108;2.07;1.084;1.095;0.819;0.629;1.114;1.184;1.638;1.548;0.579;1.432;1.266;0.827;1.864;2.217;1.899;1.189;1.418;1.041;1.482;2.817;1.688;1.541;1.061;1.374;1.321;1.437;1.24;2.265;1.621;2.413;0.912;1.512;1.602;1.222;1.797;0.992;1.449;1.149;1.519;1.042;0.764;1.672;1.158;1.055;1.199;1.72;1.709;1.416;2.048;1.223;1.044;1.831;1.562;1.026;1.231;2.037;1.288;1.459;2.081;1.979;0.784;1.832;1.228;2.066;1.106;1.829;1.941;1.416;1.355;1.137;1.763;1.828;1.242;1.795;0.799;1.548;0.596;1.784;2.507;1.514;0.254;2.042;1.623;1.542;1.694;1.388;1.484;1.154;1.372;1.225;1.617;1.212;1.846;0.809;1.88;1.626;1.989;1.192;1.66;2.037;1.434;0.856;1.704;1.813;1.858;1.313;1.313;1.555;0.862;2.187;2.037;1.921;1.675;1.886;0.969;0.984;1.56;1.652;0.603;0.845;2.036;1.185;1.954;1.046;1.496;0.706;1.289;1.677;1.475;0.715;2.322;0.915;1.423;1.416;1.151;1.204;1.661;1.505;1.581;1.49;1.557;1.786;0.838;2.243;
1,2,18,A,18,I090,,0,1.5,0.0,0.0,0.0,0.0,1.316708,0.444756,0.783;1.289;1.514;0.951;1.381;1.818;1.241;1.148;0.443;0.778;1.119;1.723;1.86;0.985;1.89;1.566;0.93;0.992;0.98;0.737;1.225;0.548;1.214;1.342;2.254;1.075;1.635;1.171;1.495;1.495;2.371;1.052;1.672;1.133;0.98;1.281;1.226;2.06;1.522;0.895;1.237;1.112;1.67;0.743;0.904;1.13;0.895;1.072;1.982;0.904;1.166;0.97;1.636;1.575;1.282;1.402;1.616;0.581;1.778;1.322;1.534;1.551;0.52;0.817;0.615;1.126;2.057;1.635;0.69;2.551;1.18;1.792;1.814;1.495;1.368;1.253;1.474;1.397;0.835;1.005;1.632;0.975;1.759;0.981;1.104;0.451;0.558;0.484;2.146;1.514;0.767;0.872;1.512;1.119;1.171;1.474;1.774;1.587;1.755;1.351;1.832;0.592;0.924;1.677;2.051;0.746;1.151;1.566;0.99;1.531;1.742;0.471;1.591;1.246;1.566;0.389;1.218;1.064;1.054;1.165;1.066;0.634;1.31;0.96;2.026;1.724;1.189;2.483;1.801;1.053;1.99;1.667;1.722;1.567;1.438;1.451;1.346;0.844;1.676;1.799;1.356;1.041;1.397;1.054;1.402;1.374;1.445;1.792;1.447;1.028;1.095;1.488;1.647;1.66;1.953;1.556;0.868;1.216;1.601;0.558;1.05;1.36;1.11;0.939;1.662;0.841;0.755;1.436;1.928;1.66;0.289;0.833;1.315;1.103;1.61;0.012;1.436;1.278;1.787;0.167;2.036;1.224;1.697;0.805;1.654;1.462;1.696;1.642;0.76;1.268;1.141;0.211;1.662;1.989;1.911;1.03;1.224;-0.146;1.177;2.132;1.257;2.049;1.825;1.577;1.238;2.217;1.921;1.217;1.681;1.227;1.556;1.334;1.804;1.996;1.494;1.162;1.833;0.962;0.985;1.279;1.95;0.782;1.274;1.486;0.661;1.525;2.237;2.099;1.105;0.468;0.956;1.46;2.036;1.23;0.805;2.172;0.906;0.987;1.148;1.148;2.247;1.676;1.765;1.565;1.866;1.19;1.654;1.536;2.215;1.24;1.645;0.999;0.945;1.035;1.272;1.186;2.068;1.53;0.864;1.236;0.833;0.621;1.628;1.808;1.623;0.417;1.056;1.057;1.436;0.587;1.466;1.498;1.203;1.603;1.175;1.639;0.632;1.273;1.702;1.255;1.495;1.016;1.117;0.897;1.37;1.781;1.595;0.896;1.042;1.012;1.549;0.926;0.283;1.665;1.904;2.088;1.357;1.164;1.374;0.955;0.893;1.447;1.217;1.511;2.481;1.273;1.141;0.556;1.779;1.241;0.615;1.488;1.532;1.897;1.826;0.959;1.7;1.457;1.327;1.793;1.035;1.507;1.245;1.245;1.277;1.713;1.758;1.382;1.618;1.762;1.843;0.205;0.998;0.971;1.674;1.605;1.547;0.751;2.031;1.432;1.996;1.391;1.295;1.454;1.547;1.821;0.664;2.089;0.923;1.508;0.872;1.094;1.178;1.713;1.222;2.156;0.395;1.121;0.853;0.668;1.139;0.844;0.695;1.363;0.422;1.251;1.641;1.111;1.456;1.841;1.514;1.409;1.631;1.265;1.452;1.637;1.59;1.448;0.982;1.286;1.234;1.347;1.156;1.722;1.096;1.695;0.733;1.315;1.402;0.875;1.432;1.095;1.216;0.925;1.408;0.945;0.675;1.557;1.058;0.885;1.025;1.531;1.52;1.235;1.849;1.048;0.874;1.638;1.377;0.857;1.056;1.839;1.111;1.277;1.881;1.782;0.622;1.64;0.948;1.761;0.83;1.531;1.64;1.131;1.071;1.101;1.709;1.097;1.129;1.666;0.699;1.426;0.502;1.655;2.357;1.393;0.17;1.906;1.499;1.42;1.568;1.271;1.364;1.044;1.256;1.113;1.493;1.1;1.715;0.709;1.749;1.502;1.854;1.08;1.534;1.735;1.628;0.428;1.251;1.846;1.889;1.36;1.36;1.839;0.865;2.151;2.006;1.268;1.492;1.696;0.806;0.821;1.38;1.469;0.451;0.685;1.842;1.016;1.763;0.881;1.318;0.551;1.116;0.945;1.207;0.469;2.03;0.672;1.165;1.159;0.901;1.185;1.628;1.477;1.201;1.339;1.405;1.626;0.707;2.07;
1,2,19,A,19,I190,,1,1.5,0.0,0.0,0.0,0.0,1.383194,0.425865,0.858;1.346;1.562;1.02;1.434;1.585;1.033;1.388;0.453;1.7;1.11;1.692;1.824;1.049;1.461;1.729;1.031;1.09;1.079;0.845;1.315;0.663;1.304;1.428;2.306;1.17;1.71;1.263;1.576;1.576;2.419;1.148;1.745;0.713;1.387;1.678;1.639;1.083;1.196;0.821;1.232;1.482;1.482;1.25;1.404;1.452;1.226;1.397;1.884;1.211;1.464;1.143;1.784;1.726;1.358;1.474;1.68;0.682;1.835;1.397;1.6;1.617;2.21;0.784;1.271;1.178;2.075;1.669;0.758;2.551;1.23;1.82;1.841;1.533;1.411;1.3;1.514;1.439;0.898;1.062;1.722;1.089;1.844;1.095;1.213;0.585;0.495;0.718;1.818;1.912;0.883;0.985;0.945;1.298;0.911;1.748;1.178;1.787;1.949;1.559;1.094;0.697;1.016;1.742;2.102;0.845;1.235;1.635;1.08;1.601;1.121;0.855;1.934;1.473;0.991;0.386;1.146;1.637;0.978;1.084;0.989;0.751;1.402;1.064;2.092;1.801;1.286;2.532;1.923;1.202;2.105;1.794;1.847;2.06;1.314;1.935;1.596;1.293;0.82;1.4;1.229;1.163;0.807;1.143;1.479;1.452;1.52;1.855;1.522;1.118;1.183;1.745;1.863;1.506;1.479;1.818;1.405;1.346;1.717;0.712;1.186;1.485;1.244;1.08;1.776;0.985;0.902;1.558;0.643;1.612;0.801;0.679;2.265;1.276;1.229;0.122;1.494;1.342;1.833;0.271;2.072;1.29;1.746;0.886;1.704;1.519;1.745;1.693;0.843;1.609;1.364;0.469;1.866;1.657;1.455;1.26;2.317;0.587;1.86;2.183;1.34;2.103;1.887;1.648;1.322;2.265;1.979;1.302;1.749;1.311;1.628;1.414;1.867;2.052;1.568;1.249;1.895;1.056;1.079;1.362;2.008;0.882;1.356;1.56;0.766;1.598;2.284;2.151;1.194;0.58;1.05;1.535;2.091;1.314;0.905;2.222;1.002;1.08;1.221;1.192;2.251;1.964;1.898;1.706;1.762;1.111;1.601;1.487;2.031;1.693;1.688;1.066;1.014;1.101;1.329;1.246;2.096;1.578;0.889;1.914;0.922;0.717;1.687;1.417;1.814;0.835;1.668;1.208;1.236;1.723;1.317;1.349;0.364;1.732;1.32;1.767;0.749;1.366;1.779;1.349;1.58;1.119;1.216;1.004;1.459;1.856;1.676;1.003;1.144;1.115;1.632;1.031;0.413;1.744;1.974;2.151;1.447;1.261;1.464;1.06;1.0;1.534;1.312;1.596;2.53;1.366;1.239;0.675;1.853;1.336;0.733;1.573;1.616;1.968;1.899;1.063;1.547;1.835;1.028;1.426;1.233;1.688;1.436;1.256;1.359;1.779;1.822;1.46;1.882;1.265;1.596;1.066;1.377;1.351;0.974;1.636;1.647;0.88;2.113;1.536;2.079;1.497;1.404;1.558;1.647;1.911;0.796;2.169;1.046;0.784;1.139;1.334;1.415;1.262;1.057;1.957;1.035;1.045;0.787;0.609;1.063;1.129;1.553;1.469;0.562;1.36;1.205;0.795;1.764;2.094;1.797;1.133;1.347;0.796;1.56;1.66;1.615;1.478;1.029;1.322;1.272;1.441;1.257;1.802;1.2;1.777;0.85;1.41;1.495;1.139;1.677;0.924;1.352;1.072;1.537;1.091;0.527;1.263;1.356;1.04;1.175;1.662;1.652;1.377;1.976;1.204;1.037;1.773;1.521;1.021;0.992;1.747;1.045;1.205;2.249;2.242;0.835;1.815;1.25;2.034;1.136;1.812;1.188;1.18;1.122;1.151;1.737;1.148;1.325;1.625;0.694;1.394;0.504;1.615;2.292;0.672;1.201;2.044;1.652;1.126;1.565;1.279;1.368;1.06;1.264;1.364;1.731;0.789;1.829;0.86;1.862;1.09;1.218;1.033;1.138;1.822;1.718;0.562;1.355;1.928;1.888;1.378;1.378;1.409;1.323;1.889;1.697;1.126;1.717;1.914;0.728;0.742;1.783;0.462;1.044;1.203;1.333;1.389;1.794;0.945;1.366;0.627;1.172;1.007;1.259;0.548;2.051;1.015;0.659;1.169;0.632;1.557;1.424;1.573;1.308;1.223;1.605;1.396;1.085;0.806;
1,2,20,A,20,I031,,1,1.5,0.0,0.0,0.0,0.0,1.477158,0.416987,1.445;1.646;1.342;1.429;2.346;2.27;1.127;1.467;0.572;1.766;1.201;1.758;1.885;1.142;1.977;1.679;0.913;1.863;0.9;0.723;1.173;2.217;0.989;1.657;1.723;1.284;1.801;1.373;1.672;1.672;2.025;2.099;1.862;0.874;1.52;1.552;1.515;2.095;1.598;1.019;1.336;1.575;1.575;1.353;1.501;1.546;1.33;1.493;1.959;1.315;1.271;1.09;1.704;1.499;1.443;1.555;1.752;0.797;1.901;1.481;1.676;1.691;2.259;0.894;1.36;1.271;2.13;1.741;0.869;2.586;1.321;1.886;1.906;1.611;1.495;1.388;1.593;1.522;1.003;1.16;1.738;1.132;1.855;1.138;1.251;0.649;0.748;0.679;2.213;1.63;0.94;1.037;1.628;1.265;1.313;1.418;1.527;1.743;1.898;1.525;1.969;0.826;1.131;1.826;2.171;0.968;1.341;1.723;1.192;1.691;1.231;0.977;2.01;1.569;1.107;0.528;1.675;1.532;1.253;1.355;1.264;0.865;1.489;1.166;1.531;1.811;1.318;2.511;1.928;1.238;2.102;1.805;1.855;1.712;1.593;1.605;1.508;1.045;1.588;1.475;1.31;1.247;1.576;1.259;1.581;1.555;1.62;1.941;1.446;1.308;1.37;1.48;1.878;1.536;1.511;1.836;1.44;1.383;1.738;0.776;1.23;1.516;1.285;1.128;1.795;1.038;0.958;1.587;0.711;1.841;0.576;1.078;1.522;0.635;1.422;1.547;1.864;1.169;1.943;0.448;2.172;1.423;1.86;1.036;1.82;1.642;1.354;1.795;0.981;1.45;1.333;0.475;1.813;1.613;1.419;1.233;2.244;0.303;1.523;2.195;1.387;2.118;1.911;1.683;1.37;2.273;2.0;1.351;1.779;1.36;1.664;1.458;1.892;2.069;1.606;1.3;1.279;1.416;0.98;1.513;2.321;1.159;1.597;1.444;1.841;1.687;1.504;1.545;1.022;0.709;1.159;1.624;2.156;1.411;1.02;2.281;1.382;1.176;1.312;1.284;2.298;1.771;1.853;1.669;1.946;1.322;1.751;1.642;2.268;1.369;1.742;1.147;1.096;1.18;1.398;1.319;1.865;1.368;1.099;1.442;1.071;0.875;1.804;1.545;1.35;0.599;1.188;2.119;1.618;1.701;1.76;1.79;0.722;1.543;1.148;2.041;0.946;1.334;1.73;1.318;1.539;1.097;1.19;2.18;1.81;2.19;2.323;1.104;1.24;1.212;1.707;1.132;0.54;1.814;2.035;2.205;1.53;0.81;1.716;1.178;1.12;1.632;1.419;1.691;2.586;1.471;1.35;0.81;1.937;1.442;0.864;1.669;1.71;2.047;1.981;1.181;1.644;1.258;1.252;1.634;1.64;1.175;1.357;1.357;1.456;1.858;1.9;1.553;1.77;0.753;2.056;0.762;1.494;1.469;1.766;2.333;2.021;1.287;2.296;1.37;2.367;1.482;1.393;1.541;1.626;1.761;1.913;2.37;1.409;0.649;0.989;1.194;1.272;1.765;1.312;2.174;1.291;1.301;1.053;0.883;1.317;1.046;0.907;1.524;0.882;1.795;1.56;1.167;1.485;1.84;0.638;1.114;1.32;1.938;1.114;2.31;1.471;1.889;1.244;1.299;1.777;1.432;1.256;2.173;1.596;2.305;0.962;1.498;1.579;1.239;1.754;1.033;1.442;1.174;1.62;1.193;0.653;1.358;1.447;1.144;1.273;1.74;1.73;1.467;2.04;1.301;1.141;1.846;1.605;1.125;1.098;1.821;1.149;1.302;2.302;1.857;0.787;1.725;1.087;1.838;0.978;1.625;1.725;1.256;1.2;1.228;1.789;1.847;1.323;1.818;0.926;1.597;0.744;1.808;2.456;1.566;0.438;2.039;1.664;1.591;1.727;1.454;1.539;1.244;1.439;1.459;1.81;0.908;1.864;0.936;1.895;1.156;1.278;1.102;1.202;2.009;1.47;0.952;1.711;1.905;1.945;1.457;1.457;1.486;1.404;1.946;1.812;1.265;1.471;1.744;1.124;0.768;1.764;0.499;1.057;1.209;1.334;1.387;2.217;1.207;1.61;0.17;1.558;1.161;1.403;0.722;2.161;0.901;1.356;1.35;1.112;2.484;1.209;1.352;1.341;1.468;1.529;1.733;0.885;1.074;
1,2,21,A,21,I046,,1,1.5,0.0,0.0,0.0,0.0,1.52079,0.40874,1.032;1.49;1.693;1.184;1.572;1.714;1.196;1.529;0.652;1.822;1.268;1.814;1.938;1.211;2.029;1.736;1.162;1.217;1.207;0.987;1.428;0.817;2.33;1.784;1.848;1.419;1.925;1.212;1.505;1.999;2.396;2.182;1.95;0.982;1.614;1.646;1.609;2.178;1.691;1.124;1.434;1.668;1.668;1.451;1.596;1.64;1.428;1.588;2.045;1.414;1.511;1.334;1.935;1.88;1.54;1.649;1.842;0.907;1.988;1.576;1.767;1.783;0.851;1.064;0.882;1.343;2.184;1.803;0.949;2.631;1.392;1.945;1.964;1.676;1.562;1.458;1.658;1.588;0.96;1.114;1.732;1.139;1.909;1.206;1.317;0.728;0.824;0.757;2.258;1.688;1.012;1.108;1.07;1.402;1.038;1.823;1.289;1.859;2.012;1.646;1.21;0.838;1.137;1.818;2.155;0.977;1.342;1.717;1.197;1.686;1.876;1.061;2.073;1.64;1.189;0.621;1.333;1.457;1.449;1.549;1.395;1.005;1.469;1.152;2.116;1.843;1.36;2.528;1.957;1.282;2.128;1.837;1.886;1.746;1.629;1.641;1.848;1.148;1.899;1.443;1.408;1.346;1.012;1.327;1.642;1.617;1.405;1.624;1.811;1.513;1.158;1.846;1.956;1.622;1.597;1.915;1.527;1.472;1.819;0.878;1.322;1.602;1.376;1.222;1.875;1.134;1.055;1.671;0.813;1.722;0.961;0.847;2.333;1.406;1.362;0.325;1.611;1.468;1.928;0.465;2.153;1.42;1.847;1.041;1.808;1.634;1.846;1.797;0.867;1.586;1.356;0.516;1.826;1.631;1.441;1.286;2.276;0.375;1.57;2.228;1.437;2.152;1.95;1.726;1.42;2.304;2.037;1.401;1.82;1.41;1.708;1.507;1.931;2.105;1.651;1.351;1.621;1.286;1.013;1.535;2.141;1.004;1.448;1.64;0.895;1.675;2.318;2.194;1.296;0.72;1.162;1.252;2.126;1.397;1.014;2.249;1.106;1.178;1.324;1.296;2.289;2.02;1.958;1.778;2.049;1.502;1.625;2.006;1.991;1.589;1.397;1.393;1.344;1.926;1.515;1.292;1.826;1.34;1.362;1.793;1.43;0.917;1.827;1.574;1.382;0.647;1.224;2.135;1.645;0.878;1.672;1.701;1.435;1.796;1.41;1.829;0.875;1.453;1.841;1.437;1.654;1.221;1.312;2.405;1.838;2.21;2.042;1.41;1.517;1.489;1.612;1.365;0.785;1.699;1.862;2.028;1.598;0.893;1.781;1.253;1.198;1.698;1.49;1.756;2.632;1.54;1.522;0.978;1.917;1.432;0.867;1.654;1.695;1.305;1.648;1.674;1.654;1.924;1.535;1.955;1.27;1.697;1.461;1.461;1.489;1.883;1.924;1.584;1.98;1.402;1.711;1.214;1.507;1.482;1.128;1.749;1.759;1.04;2.197;1.655;2.164;1.619;1.531;1.676;1.759;2.007;0.961;2.249;1.196;0.95;1.283;1.757;1.155;1.638;1.446;2.29;0.7;1.355;1.113;0.946;1.372;1.433;1.022;1.626;0.776;1.524;1.379;0.994;1.903;2.212;1.934;1.311;1.512;1.182;1.568;2.739;1.749;1.62;1.199;1.474;1.427;1.529;1.356;2.255;1.69;2.384;1.069;0.917;1.821;0.842;1.346;1.321;1.43;1.168;1.604;1.186;0.942;1.738;1.287;1.132;1.258;1.715;1.705;1.448;2.002;1.278;1.122;1.812;1.576;1.106;1.286;1.993;1.336;1.486;2.031;1.942;0.894;1.813;1.122;1.857;1.016;2.225;1.916;1.456;1.402;1.327;1.876;1.324;1.353;1.838;0.964;1.621;0.786;1.828;2.462;1.591;0.486;2.054;1.687;1.615;1.749;1.481;1.565;1.276;1.467;1.487;1.83;0.947;1.882;0.974;1.913;1.189;1.309;1.136;1.235;2.025;1.497;0.989;1.733;1.829;1.868;1.39;1.042;1.767;1.16;2.322;1.752;1.683;1.819;2.004;0.892;0.905;1.881;0.642;1.188;1.338;1.46;1.512;1.892;1.095;1.49;0.798;1.308;1.153;1.39;0.723;2.133;1.161;0.827;1.306;0.802;1.67;1.544;1.685;1.436;1.56;1.619;1.82;0.989;2.221;
1,2,22,A,22,I113,,1,1.5,0.0,0.0,0.0,0.0,1.611895,0.396725,1.129;1.578;1.777;1.278;1.659;1.798;1.29;1.617;0.757;1.903;1.361;1.896;2.018;1.305;2.106;1.819;1.256;1.311;1.301;1.085;1.517;0.918;2.402;1.866;1.93;1.509;2.005;1.306;1.593;2.077;2.466;2.256;2.029;1.081;1.7;1.731;1.695;2.252;1.775;1.22;1.523;1.753;1.753;1.54;1.682;1.726;1.518;1.674;2.122;1.504;1.598;1.425;2.015;1.961;1.627;1.734;1.923;1.006;2.066;1.663;1.85;1.865;0.952;1.161;0.982;1.434;2.258;1.885;1.048;2.696;1.482;2.024;2.043;1.761;1.648;1.546;1.743;1.674;1.059;1.209;1.816;1.836;1.874;1.454;1.061;0.908;0.826;1.031;2.042;2.128;2.196;1.94;1.709;1.361;1.406;1.507;1.612;1.819;1.968;1.61;2.036;0.939;1.232;1.899;2.23;1.075;1.433;1.8;1.29;1.769;1.956;1.157;2.149;1.725;1.282;0.726;1.424;1.546;1.537;1.635;1.485;1.103;1.557;1.247;2.191;1.923;1.45;2.596;2.036;1.374;2.203;1.918;1.966;1.829;1.714;2.285;1.764;1.32;2.056;1.61;1.452;1.391;1.064;1.373;1.682;1.657;1.72;2.027;1.722;1.351;1.41;1.927;2.034;1.706;1.682;1.994;1.614;1.56;1.9;0.977;1.413;1.687;1.617;1.089;2.01;1.283;1.206;1.81;0.969;1.86;1.114;1.002;2.459;1.362;1.811;0.396;1.657;1.517;2.26;0.506;2.162;1.443;1.862;1.071;1.823;1.653;2.258;2.25;0.994;1.698;1.473;0.65;1.934;1.742;1.556;1.377;2.348;0.485;1.656;2.301;1.526;2.227;2.029;1.809;1.509;2.375;2.113;1.491;1.901;1.499;1.791;1.594;2.01;2.18;1.736;1.442;2.036;1.264;1.285;1.546;2.14;1.105;1.54;1.728;0.998;1.763;2.393;2.271;1.391;0.827;1.26;1.349;2.205;1.491;1.115;2.326;1.205;1.276;1.418;1.391;2.364;2.101;2.04;1.864;2.129;1.593;1.714;2.087;2.073;1.679;1.49;1.487;1.438;2.009;1.606;1.387;1.911;1.434;1.456;1.879;1.522;1.02;1.912;1.664;1.476;0.755;1.321;2.214;1.734;0.982;1.76;1.788;1.527;1.882;1.503;1.914;0.978;1.546;1.925;1.53;1.742;1.318;1.407;2.478;1.923;2.287;2.122;1.503;1.423;1.396;1.872;1.32;0.751;1.648;1.807;1.97;1.682;1.512;1.698;1.327;0.968;1.459;1.491;2.164;2.329;1.259;1.13;0.903;1.986;1.51;0.956;1.728;1.767;1.385;1.722;1.748;1.728;1.992;1.611;2.023;1.352;1.769;1.538;1.538;1.566;1.952;1.992;1.659;0.84;0.968;1.377;0.89;1.593;1.569;1.222;2.436;2.137;1.432;2.401;1.794;2.293;1.444;1.763;2.263;1.415;1.331;1.932;2.371;1.338;1.098;1.425;1.603;1.678;1.537;1.349;2.176;1.329;1.338;1.1;0.937;1.354;1.415;1.805;1.728;0.894;1.628;1.485;1.108;1.999;1.965;0.811;1.268;1.465;2.058;1.268;2.416;1.611;2.011;1.392;1.445;1.904;1.573;1.404;2.284;1.73;2.411;1.122;1.637;1.714;1.388;1.882;1.19;1.583;1.325;1.753;1.343;0.825;1.502;1.587;1.148;1.272;1.719;1.71;1.552;2.096;1.387;1.233;1.91;1.678;1.218;1.394;2.087;1.442;1.59;2.124;2.037;1.01;1.911;1.391;2.112;1.287;1.908;2.004;1.553;1.5;1.427;1.965;1.423;1.451;1.927;1.07;1.714;0.896;1.917;2.539;1.051;1.537;2.175;1.814;1.331;1.734;1.471;1.553;1.27;1.458;1.55;1.887;1.538;1.54;1.358;2.01;1.301;1.418;1.249;1.345;2.12;1.602;1.105;1.834;2.019;2.058;1.589;1.589;1.618;1.539;2.059;1.643;1.113;1.655;1.917;1.322;0.98;1.937;0.722;1.258;1.404;1.524;1.574;1.947;1.166;1.553;0.875;1.375;1.223;1.455;0.802;2.184;1.231;1.668;1.662;1.434;2.154;1.819;1.685;1.75;1.672;1.73;1.327;1.04;1.221;
1,2,23,A,23,I041,,0,1.5,0.0,0.0,0.0,0.0,1.471763,0.376501,0.958;1.393;1.586;1.102;1.472;1.848;1.352;1.272;0.666;1.778;1.252;1.771;1.89;1.198;1.565;1.804;1.182;1.235;1.225;1.165;1.584;1.999;2.039;1.519;2.303;1.289;1.771;1.372;1.651;1.651;1.979;1.964;1.764;1.302;1.169;1.429;1.381;2.098;1.635;1.096;1.391;1.315;1.794;0.998;1.135;1.33;1.128;1.28;1.715;1.115;1.34;1.172;1.744;1.692;1.439;1.543;1.727;0.837;1.866;1.474;1.656;1.671;2.2;0.928;1.362;1.257;2.057;1.99;0.893;2.493;1.315;1.841;1.859;1.585;1.476;1.377;1.567;1.501;1.018;1.165;1.753;1.189;1.862;1.194;1.299;0.739;0.658;0.858;1.839;1.923;1.005;1.167;1.132;1.447;1.101;1.848;1.339;1.541;1.921;1.573;1.159;0.804;1.089;1.736;2.058;0.937;1.284;1.641;1.146;1.611;1.792;1.017;1.979;1.568;1.138;0.598;1.276;1.394;1.386;1.481;1.335;0.964;1.405;1.104;2.02;1.76;1.301;2.413;2.231;1.349;1.658;1.274;1.629;2.004;1.338;1.892;1.59;1.159;1.873;1.44;1.512;1.241;0.923;1.223;1.523;1.498;1.559;1.858;1.397;1.269;1.327;1.429;1.8;1.81;2.062;1.721;1.352;1.299;1.63;0.734;1.156;1.457;1.242;1.096;1.717;1.011;0.937;1.708;0.892;1.756;0.578;1.046;1.46;1.277;1.08;0.363;1.586;1.45;1.888;0.496;2.102;1.404;1.811;1.044;1.774;1.609;1.34;1.751;0.993;1.676;1.458;0.779;2.025;2.096;2.029;1.246;2.188;0.38;1.517;2.143;1.39;2.071;1.878;1.665;1.374;2.215;1.96;1.356;1.755;1.364;1.647;1.456;1.86;2.025;1.594;1.309;1.29;1.417;1.01;1.508;2.26;1.178;1.585;1.443;1.813;1.669;1.498;1.537;1.05;1.037;1.195;1.627;2.123;1.429;1.064;2.239;1.402;1.545;1.303;1.303;2.248;1.757;1.834;1.662;1.92;1.339;1.738;1.637;2.22;1.382;1.73;1.176;1.128;1.206;1.41;1.336;2.094;1.631;1.017;1.931;1.047;0.864;1.729;1.489;1.842;0.969;1.712;1.302;1.327;1.761;1.4;1.427;1.174;1.518;1.15;1.982;1.074;1.399;1.768;1.384;1.59;1.179;1.265;2.039;1.695;2.048;1.888;1.287;1.21;1.184;1.645;1.11;1.059;1.701;0.991;1.943;1.534;0.863;1.708;1.206;1.153;1.629;1.432;1.684;2.518;1.479;1.461;0.944;1.995;1.315;0.777;1.527;1.565;1.194;1.521;1.546;1.892;1.684;1.223;1.579;1.584;1.989;1.505;1.344;1.436;1.811;1.849;1.526;1.903;1.353;1.647;1.175;1.453;1.429;1.093;2.271;1.98;1.296;2.237;1.374;2.303;1.478;1.396;1.533;1.612;1.848;0.853;2.078;1.521;1.521;1.347;1.207;1.279;1.739;1.317;2.12;1.297;1.306;1.075;0.917;1.322;1.38;0.989;1.564;0.755;1.467;1.328;0.962;1.827;2.122;1.857;1.264;1.455;1.141;1.508;1.668;1.627;1.505;1.105;1.366;1.788;1.467;1.303;2.157;1.62;2.28;1.029;2.196;1.564;1.247;1.726;1.055;1.436;1.186;1.495;1.097;0.865;1.622;1.193;1.108;1.228;1.662;1.653;1.408;1.936;1.247;1.098;1.755;1.53;1.281;1.256;1.929;1.303;1.446;1.965;1.88;0.883;1.757;1.253;1.952;1.152;1.755;1.848;1.41;1.359;1.177;1.699;1.754;1.265;1.726;0.895;1.52;0.726;1.717;2.321;0.876;1.348;1.967;1.617;1.55;1.677;1.422;1.501;1.227;1.408;1.09;1.523;1.004;1.698;1.52;1.598;1.386;1.33;0.728;1.183;1.935;1.432;0.949;1.657;1.748;1.785;1.331;1.0;1.69;1.112;2.217;1.675;1.609;1.739;1.915;0.857;0.869;1.798;0.619;1.139;1.281;1.397;1.446;1.808;1.05;1.426;0.767;1.253;1.105;1.331;0.696;2.037;1.113;0.795;1.25;0.771;1.597;1.477;1.611;1.374;1.492;1.549;1.739;0.949;2.121;
1,2,24,A,24,I081,,0,1.5,0.0,0.0,0.0,0.0,1.416157,0.359661,1.401;1.814;1.173;1.233;1.823;1.528;1.06;1.361;0.569;1.69;1.19;1.683;1.795;1.139;1.488;1.714;1.124;1.174;1.165;0.966;1.364;0.812;1.355;1.46;2.203;1.242;1.698;1.32;1.585;1.585;2.299;1.223;1.772;0.898;1.469;1.497;1.464;1.977;1.538;1.027;1.306;1.518;1.518;1.321;1.452;1.492;1.301;1.445;1.858;1.288;1.375;1.215;1.759;1.709;1.401;1.5;1.675;0.83;1.806;1.434;1.607;1.621;2.123;0.916;1.328;1.228;1.987;1.644;0.873;2.391;1.272;1.772;1.789;1.529;1.426;1.332;1.512;1.45;0.991;1.13;1.641;1.105;1.744;1.11;1.21;0.678;0.765;0.704;2.06;1.545;0.935;1.021;1.544;1.223;1.265;1.358;1.454;1.645;1.783;1.452;1.845;0.834;1.104;1.719;2.024;0.96;1.289;1.628;1.158;1.599;1.193;0.968;1.881;1.491;1.083;0.571;1.214;1.326;1.318;1.408;1.27;0.918;1.336;1.05;1.92;1.674;1.238;2.293;2.121;1.283;2.047;1.784;1.828;2.009;1.377;1.903;1.616;1.36;0.877;1.369;1.438;1.18;1.47;1.191;1.475;1.452;1.509;1.793;1.356;1.234;1.289;1.385;1.55;1.409;1.387;1.674;1.324;1.274;1.588;0.738;1.139;1.424;1.22;1.081;1.67;1.001;0.931;1.662;0.888;1.708;0.589;1.034;1.426;0.642;1.338;1.448;1.728;1.114;1.798;0.476;2.001;1.339;1.725;0.997;1.689;1.533;1.724;1.68;0.96;1.609;1.401;0.643;1.826;1.65;1.478;1.313;2.208;0.744;1.821;2.095;1.381;2.027;1.844;1.642;1.365;2.163;1.922;1.349;1.727;1.356;1.428;1.246;1.63;1.786;1.354;1.427;1.816;1.106;1.125;1.365;2.699;1.333;1.034;1.426;1.777;1.64;1.478;1.515;1.052;1.04;1.19;1.6;2.07;1.412;1.066;1.59;1.423;1.559;1.329;1.329;2.014;1.772;1.716;1.553;1.798;1.247;1.625;1.529;1.989;1.194;1.345;1.175;1.13;1.656;1.285;1.473;2.192;1.753;1.211;1.6;1.272;0.809;1.63;1.778;1.591;0.608;1.129;1.952;1.509;0.817;1.533;1.56;1.762;1.824;1.248;1.796;0.934;1.278;1.627;1.263;1.459;1.068;1.15;2.025;1.699;2.034;1.882;1.312;1.408;1.383;1.494;1.271;1.027;1.637;0.963;1.867;1.479;0.842;1.644;1.167;1.117;1.569;1.381;1.621;2.412;1.426;1.409;0.919;1.916;1.271;0.761;1.472;1.508;1.156;1.466;1.49;1.558;1.869;1.186;1.524;1.529;1.914;1.261;1.261;1.348;1.704;1.74;1.434;1.822;1.301;1.58;1.131;1.395;1.373;1.054;1.614;1.624;0.974;2.018;1.53;1.989;1.496;1.418;1.548;1.623;1.847;0.903;2.066;1.115;0.893;1.194;1.621;1.078;1.514;1.341;2.103;0.667;1.259;1.04;0.889;1.273;1.329;0.958;1.504;0.736;1.412;1.28;0.933;1.753;2.033;1.781;1.219;1.4;1.102;1.451;1.602;1.564;1.628;1.058;1.305;1.706;1.401;1.245;2.056;1.546;2.173;0.985;1.46;1.531;1.231;1.686;1.048;1.41;1.173;1.466;1.088;0.868;1.587;1.18;1.039;1.153;1.565;1.557;1.324;1.825;1.172;1.03;1.653;1.44;1.204;1.18;1.818;1.225;1.36;1.853;1.772;0.826;1.656;1.032;1.695;0.936;2.028;1.749;1.334;1.285;1.217;1.713;1.764;1.3;1.738;0.95;1.415;0.662;1.602;2.175;0.804;1.252;1.966;1.634;1.188;1.56;1.318;1.393;1.133;1.305;1.39;1.7;0.902;1.747;0.927;1.775;1.122;1.23;1.074;1.163;1.876;1.399;0.941;1.613;1.699;1.734;1.303;1.303;1.494;0.946;1.995;1.876;0.905;1.619;1.786;1.06;0.744;1.625;0.518;1.011;1.146;1.256;1.302;2.036;1.143;1.5;0.875;1.336;1.643;1.279;0.677;1.95;1.072;0.771;1.203;0.748;1.532;1.418;1.545;1.32;0.865;1.511;1.14;0.876;1.043;
1,2,25,A,25,I035,,0,1.5,0.0,0.0,0.0,0.0,1.352451,0.353701,0.763;1.158;1.333;1.265;2.039;1.975;1.01;1.297;0.541;1.611;1.134;1.605;1.712;1.085;1.79;1.538;1.042;1.09;1.081;0.891;1.272;0.745;1.263;1.363;2.073;1.155;1.591;1.23;1.483;1.434;1.958;1.944;1.744;0.91;1.584;1.611;1.059;1.123;1.214;0.911;1.243;1.445;1.445;1.258;1.383;1.421;1.238;1.376;1.77;1.226;1.188;1.036;1.555;1.672;1.378;1.472;1.639;0.832;1.765;1.41;1.575;1.588;2.068;0.915;0.758;1.156;1.881;1.82;0.826;2.276;1.506;1.769;1.786;1.406;1.307;1.217;1.39;1.33;0.892;1.025;1.558;1.047;1.657;1.526;1.18;0.672;0.755;0.697;1.992;1.5;0.918;1.0;0.968;1.253;0.94;1.617;1.156;1.648;1.779;1.464;1.088;0.767;1.025;1.612;1.903;0.887;1.202;1.525;1.077;1.498;1.662;0.959;1.832;1.459;1.07;0.58;1.194;1.301;1.294;1.38;1.248;0.911;1.311;1.038;1.869;1.634;1.217;2.225;1.733;1.15;1.88;1.628;1.671;1.55;1.449;1.459;1.378;0.987;1.445;1.35;1.211;1.158;1.435;1.168;1.44;1.417;1.472;1.743;1.326;1.209;1.262;1.354;1.69;1.402;1.38;1.655;1.32;1.273;1.572;0.76;1.143;1.385;1.19;1.057;1.62;0.981;0.913;1.444;1.827;1.619;0.55;0.975;1.35;1.184;1.58;0.335;1.444;1.321;1.718;0.455;1.912;1.279;1.648;0.952;1.614;1.464;1.647;1.605;0.803;1.422;1.224;0.5;1.63;1.461;1.297;1.163;2.018;0.378;1.409;1.976;1.294;1.911;1.737;1.543;1.279;2.042;1.811;1.263;1.625;1.271;1.527;1.354;1.72;1.87;1.479;1.22;1.203;1.318;0.95;1.4;2.083;1.101;1.471;1.342;1.678;1.547;2.101;1.994;1.22;0.976;0.985;1.205;1.959;1.33;0.999;2.065;1.305;1.435;1.216;1.216;2.072;1.627;1.697;1.541;1.775;1.248;1.61;1.518;2.047;1.288;1.603;1.1;1.057;1.128;1.313;1.246;1.933;1.513;0.956;1.785;0.983;0.818;1.602;1.384;1.705;0.913;1.587;1.215;1.505;1.575;1.247;1.636;0.735;1.428;1.094;1.118;0.936;1.264;1.598;1.25;1.436;1.064;1.142;1.978;1.666;1.986;2.099;1.07;1.184;1.16;1.579;1.093;0.593;1.381;1.94;1.405;1.351;1.201;1.364;1.038;0.722;1.509;1.329;1.558;2.314;1.373;1.356;0.888;1.698;1.279;0.792;1.471;1.506;1.169;1.465;1.488;1.471;1.703;1.368;1.73;1.14;1.507;1.304;1.304;1.328;1.668;1.703;1.41;1.594;0.735;1.835;0.742;1.361;1.34;1.034;1.57;1.525;0.905;1.902;1.435;1.874;1.404;1.328;1.453;1.525;1.738;0.837;1.947;1.039;1.494;0.999;1.172;1.237;1.654;1.272;2.0;0.628;1.193;0.984;0.84;1.207;1.26;0.906;1.427;0.694;1.339;1.213;0.881;1.665;1.932;1.692;1.155;1.328;0.883;1.5;1.581;1.545;1.434;1.071;1.308;1.267;1.355;1.207;1.981;1.494;2.093;0.958;0.828;1.608;0.763;1.198;1.176;1.27;1.044;1.42;1.06;0.849;1.536;1.147;1.013;1.122;1.515;1.507;1.285;1.764;1.139;1.004;1.599;1.396;1.17;1.147;1.757;1.19;1.319;1.79;1.713;0.809;1.602;1.006;1.64;0.914;1.957;1.691;1.294;1.248;1.183;1.656;1.18;1.205;1.623;0.869;1.436;0.716;1.614;2.162;1.41;0.457;1.81;1.493;1.431;1.546;1.315;1.387;1.138;1.303;1.192;1.488;1.182;1.661;0.878;1.687;1.063;1.167;1.017;1.103;1.784;1.328;0.891;1.532;1.615;1.649;1.237;0.937;1.562;1.038;2.04;1.549;1.489;1.607;1.766;0.807;0.818;1.66;0.592;1.063;1.191;1.297;1.341;1.669;0.982;1.323;0.725;1.166;1.032;1.237;0.662;1.877;1.039;0.751;1.164;0.73;1.478;1.37;1.491;1.276;1.383;1.434;1.607;0.89;1.953;
1,2,26,A,26,I062,,1,1.5,0.0,0.0,0.0,0.0,1.400649,0.348524,0.977;1.365;1.537;1.105;1.435;1.555;1.116;1.399;0.655;1.646;1.177;1.64;1.745;1.128;1.822;1.574;1.087;1.134;1.125;0.938;1.312;0.794;2.078;1.614;1.669;1.52;1.293;1.121;1.37;1.789;2.125;1.944;1.747;0.926;1.589;1.616;1.073;2.01;1.598;1.117;1.38;1.284;1.712;1.001;1.124;1.543;1.079;1.215;1.602;1.067;1.268;1.118;1.628;1.582;1.357;1.449;1.613;0.82;1.737;1.388;1.55;1.563;1.521;1.07;0.916;1.307;2.02;1.345;0.933;1.398;1.812;1.54;1.557;1.7;1.069;1.114;1.284;1.225;1.799;1.019;1.543;1.561;1.594;1.231;1.205;0.705;0.787;0.73;2.004;1.52;0.947;1.028;1.518;1.217;1.257;1.344;1.435;1.614;1.743;1.433;1.802;0.852;1.106;1.683;1.97;0.97;1.28;1.598;1.157;1.571;1.189;0.978;1.836;1.469;1.086;0.605;1.209;1.314;1.307;1.391;1.261;0.93;1.324;1.055;1.872;1.641;1.231;2.222;2.061;1.274;1.991;1.744;1.786;1.956;1.362;1.857;1.587;1.346;0.893;1.355;1.419;1.177;1.45;1.187;1.454;1.432;1.486;1.753;1.342;1.227;1.279;1.37;1.701;1.71;1.27;1.54;1.517;1.622;1.811;1.012;1.306;1.673;1.612;0.904;1.701;1.072;1.006;1.528;0.8;1.571;0.925;0.829;2.09;1.14;1.529;1.941;1.728;1.151;1.794;0.552;1.984;1.362;1.725;1.041;1.692;1.545;1.305;1.671;0.995;1.385;1.287;0.575;1.686;1.52;1.359;1.204;2.044;0.432;1.446;2.003;1.333;1.939;1.768;1.578;1.318;2.068;1.841;1.302;1.658;1.31;1.562;1.392;1.752;1.899;1.514;1.26;1.774;1.107;1.125;1.35;1.864;0.969;1.346;1.508;0.876;1.538;2.084;1.978;1.216;0.728;1.102;1.488;1.93;1.312;0.986;2.034;1.064;1.126;1.238;1.215;2.057;1.829;1.777;1.624;1.854;1.39;1.494;1.817;1.805;1.464;1.3;1.298;1.255;1.75;1.401;1.212;1.665;1.252;1.271;1.637;1.329;0.894;1.665;1.451;1.288;0.665;1.154;1.927;1.506;0.855;1.529;1.553;1.744;1.801;1.261;1.775;0.966;1.256;1.584;1.242;1.426;1.059;1.136;1.958;1.651;1.966;1.824;1.288;1.219;1.196;1.607;1.129;0.637;1.696;1.879;2.02;1.46;0.862;1.615;1.167;1.12;1.544;1.368;1.593;2.337;1.411;1.395;0.934;1.73;1.319;0.839;1.507;1.541;1.211;1.502;1.524;1.507;1.736;1.406;1.762;1.181;1.543;1.343;1.343;1.367;1.701;1.736;1.447;1.628;0.783;1.866;0.791;1.399;1.378;1.625;2.095;1.837;1.227;2.065;1.54;1.972;1.509;1.435;1.557;1.628;1.838;0.754;1.764;1.267;0.786;1.069;1.239;1.304;1.714;1.337;2.053;0.704;1.26;0.711;0.57;1.219;1.272;0.923;1.435;0.714;1.349;1.648;1.242;1.467;1.762;1.511;1.43;1.601;1.321;1.022;2.151;1.709;1.6;1.064;1.297;1.674;1.387;1.241;2.003;1.523;2.113;0.997;1.442;1.509;1.227;1.654;1.056;1.396;1.173;1.448;1.093;0.886;1.562;1.179;1.047;1.154;1.541;1.533;1.315;1.786;1.172;1.039;1.624;1.424;1.201;1.179;1.779;1.221;1.348;1.811;1.736;0.847;1.626;1.04;1.664;0.95;1.976;1.714;1.324;1.278;1.214;1.68;1.212;1.236;1.647;0.906;1.463;0.755;1.639;2.177;1.438;0.501;1.831;1.519;1.459;1.572;1.345;1.416;1.171;1.333;1.223;1.515;1.213;1.685;0.914;1.711;1.097;1.198;1.052;1.135;1.806;1.358;0.927;1.558;1.639;1.672;1.267;0.972;1.587;1.072;2.057;1.574;1.515;1.631;1.788;0.845;0.856;1.684;0.633;1.096;1.223;1.326;1.37;1.693;1.017;1.352;0.765;1.198;1.066;1.267;0.702;1.897;1.073;0.79;1.196;0.769;1.504;1.398;1.517;1.306;1.411;1.462;1.632;0.927;1.972;
1,2,27,A,27,I034,,1,1.5,0.0,0.0,0.0,0.0,1.443115,0.336432,0.85;1.233;1.403;1.336;2.087;2.024;1.089;1.368;0.635;1.672;1.21;1.666;2.033;1.071;1.754;1.51;0.883;1.244;1.235;1.051;1.419;0.909;1.957;1.501;2.189;1.298;1.721;1.371;1.616;1.616;1.905;1.891;1.716;0.907;1.435;1.663;1.128;2.052;1.645;1.172;1.43;1.336;1.758;1.058;1.179;1.592;1.134;1.268;1.65;1.123;1.32;1.173;1.675;1.629;1.408;1.499;1.661;0.879;1.782;1.438;1.598;1.611;1.569;1.125;0.973;1.359;2.061;1.397;0.99;1.448;1.857;1.589;1.605;1.746;1.124;1.168;1.336;1.278;1.844;1.075;1.592;1.609;1.641;1.284;1.258;0.766;0.847;0.79;2.046;1.569;1.004;1.084;1.567;1.27;1.309;1.395;1.484;1.661;1.788;1.483;1.846;0.91;1.16;1.729;2.012;1.027;1.332;1.645;1.21;1.619;1.243;1.034;1.88;1.519;1.141;0.667;1.262;1.366;1.358;1.442;1.314;0.988;1.375;1.111;1.916;1.688;1.284;2.261;2.101;1.326;2.033;1.79;1.831;1.998;1.413;1.9;1.635;1.397;1.026;1.481;1.347;1.295;1.016;1.28;1.543;1.521;1.344;1.528;1.684;1.435;1.138;1.713;1.805;1.526;1.505;1.771;1.447;1.401;1.691;0.904;1.275;1.509;1.32;1.192;1.737;1.118;1.052;1.567;0.85;1.609;0.973;0.878;2.121;1.345;1.309;0.442;1.517;1.397;1.782;0.559;1.97;1.357;1.714;1.04;1.681;1.536;1.713;1.673;0.895;1.496;1.304;0.602;1.697;1.533;1.374;1.245;2.073;0.484;1.483;2.032;1.371;1.969;1.8;1.613;1.357;2.096;1.872;1.342;1.692;1.349;1.597;1.43;1.784;1.929;1.55;1.3;1.525;1.246;1.263;1.53;2.4;1.45;1.46;1.62;0.997;1.464;2.001;1.897;1.147;0.615;1.298;1.33;2.061;1.451;1.131;1.616;1.462;1.588;1.375;1.375;2.009;1.784;1.733;1.582;1.808;1.298;1.649;1.56;2.072;1.336;1.416;1.259;1.217;1.704;1.36;1.535;2.185;1.23;1.249;1.609;1.305;0.877;1.637;1.773;1.601;0.691;1.173;1.934;1.525;0.884;1.547;1.572;1.759;1.816;1.283;1.79;0.993;1.311;1.634;1.297;1.478;1.117;1.193;2.003;1.7;2.011;1.87;1.342;1.431;1.408;1.511;1.304;0.819;1.584;1.72;1.859;1.5;0.91;1.652;1.211;1.165;1.583;1.409;1.631;2.364;1.451;1.435;0.981;1.766;1.361;0.888;1.546;1.58;1.254;1.541;1.563;1.546;1.772;1.446;1.798;1.225;1.582;1.384;1.384;1.408;1.737;1.771;1.487;1.818;1.335;1.594;1.179;1.423;1.402;1.107;2.141;1.887;1.286;2.111;1.594;2.02;1.296;1.568;1.994;1.271;1.199;1.712;2.086;1.206;1.001;1.279;1.156;1.219;1.623;1.252;1.958;1.235;1.243;1.04;0.901;1.257;1.308;0.965;1.47;0.759;1.384;1.679;1.279;1.54;1.83;1.583;1.504;1.672;1.396;1.536;1.676;1.641;1.533;1.181;1.411;1.372;1.457;1.313;1.74;1.268;2.274;1.198;1.072;1.576;1.298;1.719;1.13;1.464;1.245;1.516;1.166;0.962;1.628;1.251;1.059;1.164;1.546;1.538;1.323;1.786;1.22;1.09;1.666;1.469;1.25;1.228;1.819;1.269;1.395;1.851;1.776;0.901;1.669;1.147;1.761;1.057;1.587;1.669;1.284;1.239;1.262;1.721;1.259;1.398;1.634;0.904;1.453;0.755;1.625;2.156;0.887;1.301;1.962;1.655;1.242;1.586;1.362;1.432;1.191;1.35;1.429;1.716;0.978;1.76;1.001;1.785;1.181;1.281;1.136;1.219;1.879;1.438;1.014;1.635;1.794;1.826;1.427;1.427;1.451;1.384;1.827;1.718;1.27;1.733;1.888;0.958;0.969;1.391;1.459;0.725;0.902;1.775;1.152;1.715;1.049;1.585;0.406;1.542;1.217;1.512;0.955;2.133;1.101;1.473;1.469;1.274;1.313;1.648;1.534;1.326;0.905;1.503;1.67;0.976;1.13;
1,2,28,A,28,I088,,1,1.5,0.0,0.0,0.0,0.0,1.468015,0.322744,1.461;1.83;1.257;1.31;1.838;1.574;1.156;1.425;0.718;1.719;1.273;1.713;1.813;1.227;1.886;1.65;1.187;1.232;1.223;1.046;1.401;0.908;1.097;1.625;1.677;1.33;1.739;1.4;1.637;1.637;2.275;1.314;1.804;1.024;1.654;1.679;1.65;1.229;2.215;1.013;1.324;1.513;1.75;1.074;1.191;1.355;1.184;1.313;1.682;1.173;1.364;1.221;1.707;1.662;1.448;1.536;1.693;0.938;1.81;1.478;1.632;1.645;2.093;1.015;1.383;1.313;1.991;1.329;1.003;2.359;1.36;1.806;1.822;1.589;1.497;1.413;1.575;1.518;1.011;1.136;1.635;1.652;1.683;1.337;1.313;0.838;0.916;0.861;2.073;1.612;1.068;1.144;1.611;1.324;1.404;1.595;1.814;1.677;1.8;1.505;1.856;0.953;1.194;1.743;2.016;1.065;1.359;1.662;1.242;1.636;1.273;1.072;1.888;1.54;1.175;0.717;1.292;1.392;1.385;1.465;1.342;1.027;1.401;1.146;1.923;1.703;1.505;2.045;2.035;1.287;1.97;1.735;1.774;1.661;1.567;1.576;1.5;1.135;1.563;1.474;1.344;1.294;1.025;1.279;1.534;1.513;1.564;1.818;1.427;1.318;1.367;1.454;1.6;1.475;1.455;1.711;1.399;1.354;1.634;0.875;1.233;1.488;1.306;1.182;1.708;1.11;1.047;1.544;1.902;1.707;0.708;1.104;1.455;1.301;1.67;0.506;1.543;1.428;1.8;0.619;1.981;1.389;1.734;1.084;1.702;1.562;1.733;1.694;0.944;1.523;1.338;0.66;1.717;1.56;1.406;1.281;2.08;0.546;1.511;2.041;1.403;1.98;1.817;1.636;1.389;2.103;1.887;1.374;1.712;1.381;1.621;1.459;1.802;1.942;1.576;1.334;1.552;1.282;1.299;1.557;2.397;1.479;1.489;1.643;1.042;1.492;2.011;1.911;1.186;0.673;1.332;1.364;2.069;1.481;1.171;1.64;1.49;1.612;1.406;1.406;2.019;1.802;1.752;1.606;1.825;1.332;1.671;1.585;2.079;1.369;1.446;1.295;1.254;1.725;1.393;1.561;2.188;1.267;1.285;1.633;1.339;0.926;1.659;1.791;1.625;0.746;1.212;1.947;1.551;0.933;1.573;1.597;1.382;1.673;1.361;1.7;1.181;1.457;1.77;1.444;1.619;1.27;1.343;1.183;1.528;1.827;1.692;1.182;1.289;1.267;1.658;1.204;0.736;1.743;1.917;2.051;1.518;1.378;1.531;1.225;1.18;1.584;1.416;1.631;2.338;1.457;1.361;0.935;1.826;1.434;0.978;1.614;1.646;1.912;1.86;1.228;1.594;1.812;1.201;1.503;1.356;1.7;1.51;1.374;1.452;1.769;1.802;1.528;1.847;1.381;1.631;1.23;1.466;1.446;1.16;1.661;1.669;1.089;2.022;1.586;1.996;1.556;1.486;1.602;1.669;1.869;1.026;2.064;1.215;1.017;1.285;1.667;1.182;1.572;1.417;2.098;0.815;1.343;0.822;1.144;1.388;1.173;1.064;1.551;0.865;1.469;1.351;1.041;1.774;2.024;1.799;1.297;1.459;1.192;1.504;1.639;1.605;1.662;1.153;1.374;1.732;1.46;1.32;2.045;1.589;2.15;1.088;1.512;1.576;1.307;1.714;1.144;1.468;1.256;1.517;1.18;0.983;1.626;1.262;1.136;1.238;1.606;1.599;1.391;1.839;1.255;1.128;1.685;1.495;1.201;1.179;1.75;1.22;1.341;2.13;1.779;0.933;1.675;1.171;1.764;1.085;2.06;1.811;1.44;1.397;1.336;1.779;1.334;1.357;1.748;1.043;1.573;0.9;1.74;2.252;1.549;0.657;1.923;1.626;1.569;1.676;1.46;1.528;1.295;1.449;1.465;1.742;1.029;1.784;1.051;1.809;1.225;1.321;1.182;1.262;1.899;1.473;1.064;1.664;1.817;1.848;1.463;1.463;1.486;1.421;1.849;1.743;1.311;1.758;1.907;1.01;1.02;1.428;0.772;1.212;1.333;1.431;1.473;1.78;1.137;1.456;0.897;1.309;1.184;1.375;0.837;1.974;1.19;0.921;1.307;0.901;1.601;1.5;1.613;1.412;1.348;1.637;1.479;1.243;1.032;
1,2,29,A,29,I030,,0,1.5,0.0,0.0,0.0,0.0,1.377669,0.311681,1.384;1.536;1.306;1.054;1.354;1.987;1.121;1.379;0.701;1.605;1.177;1.6;1.939;1.048;1.681;1.455;0.874;1.692;0.961;0.827;1.168;1.96;1.029;1.535;1.585;1.253;1.644;1.32;1.547;1.547;1.814;1.802;1.639;0.89;1.379;1.59;1.095;1.95;1.574;1.135;1.375;1.288;1.678;1.03;1.142;1.524;1.1;1.224;1.578;1.09;1.273;1.136;1.602;1.559;1.354;1.438;1.588;0.864;1.701;1.382;1.53;1.542;1.503;1.092;0.951;1.308;1.959;1.344;0.967;1.392;1.769;1.521;1.536;1.667;1.091;1.178;1.334;1.28;1.804;1.092;1.57;1.111;1.659;1.542;1.231;0.775;0.71;0.872;1.533;1.602;1.927;1.725;1.403;1.128;1.164;1.244;1.386;1.549;1.667;1.384;1.721;0.854;1.085;1.612;1.874;0.962;1.244;1.534;1.132;0.752;1.348;0.834;1.617;1.376;1.205;0.796;1.364;1.256;1.249;1.326;1.326;1.024;1.383;1.138;1.883;1.672;1.299;2.203;1.761;1.238;1.893;1.668;1.706;1.861;1.319;1.77;1.524;1.304;0.96;1.382;1.257;1.209;0.951;1.195;1.439;1.419;1.469;1.712;1.337;1.232;1.279;1.362;1.503;1.383;1.364;1.61;1.31;1.267;1.536;0.807;1.151;1.395;1.22;1.101;1.606;1.033;0.972;1.599;0.935;1.639;0.68;1.061;1.397;1.249;1.088;0.505;1.5;1.39;1.746;0.613;1.92;1.352;1.683;1.059;1.653;1.519;1.3;1.634;1.017;1.574;1.018;0.662;1.676;1.525;1.378;1.236;2.003;0.748;1.673;1.423;1.309;1.863;1.707;1.533;1.296;1.98;1.774;1.282;1.606;1.289;1.519;1.363;1.692;1.826;1.475;1.243;1.452;1.193;1.21;1.415;2.027;1.147;1.478;1.363;1.664;1.546;2.044;1.948;1.253;0.807;1.149;1.501;1.904;1.34;1.043;1.999;1.114;1.17;1.273;1.273;2.041;1.642;1.566;1.491;1.701;1.228;1.553;1.47;1.865;1.183;1.312;1.31;1.271;1.722;1.404;1.231;1.644;1.268;1.082;1.826;1.106;0.957;1.661;1.466;1.317;0.748;1.195;1.195;1.46;0.867;1.481;1.504;1.298;1.577;1.278;1.603;1.105;1.37;1.67;1.358;1.525;1.191;1.261;1.108;1.438;1.725;1.595;1.106;1.209;1.187;1.563;1.127;0.678;1.644;1.811;1.94;1.429;0.883;1.57;1.162;1.118;1.506;1.345;1.55;2.229;1.384;1.292;0.883;1.737;1.362;0.924;1.534;1.565;1.82;1.77;1.164;1.515;1.724;1.138;1.428;1.287;1.617;1.434;1.304;1.326;1.631;1.662;1.399;1.706;1.258;1.498;1.113;1.34;1.321;1.778;1.593;1.552;0.996;1.891;1.472;1.866;1.443;1.376;1.487;1.552;1.744;0.935;1.931;1.116;1.525;1.08;1.235;1.294;1.668;1.325;1.978;0.747;1.254;1.067;0.938;1.267;1.315;0.997;1.464;0.806;1.385;1.273;0.975;1.678;1.918;1.702;1.22;1.376;0.976;1.53;1.603;1.57;1.471;1.145;1.357;1.321;1.4;1.267;1.962;1.525;2.062;1.044;0.926;1.626;0.869;1.259;1.239;1.324;1.121;1.458;1.135;0.946;0.854;1.215;1.094;1.192;1.545;1.538;1.339;1.773;1.213;1.092;1.626;1.443;1.08;1.219;1.766;1.257;1.373;1.796;1.727;0.916;1.627;1.217;1.786;1.134;1.625;1.701;1.345;1.303;1.245;1.67;1.242;1.264;1.64;0.964;1.472;0.826;1.632;2.123;1.449;0.594;1.807;1.523;1.468;1.571;1.364;1.428;1.205;1.353;1.368;1.634;0.95;1.674;0.971;1.698;1.138;1.23;1.097;1.173;1.785;1.376;0.983;1.559;1.633;1.663;1.293;1.293;1.457;0.987;1.886;1.785;1.706;1.539;1.682;1.06;0.789;1.545;0.595;1.018;1.118;1.718;1.14;1.662;1.046;1.541;0.45;1.502;1.201;1.474;0.958;2.049;1.093;0.835;1.205;0.815;1.487;1.39;1.498;1.306;1.402;1.448;1.603;0.96;1.103;
1,2,30,A,30,I197,,4,1.5,0.0,0.0,0.0,0.0,1.501255,0.296214,1.138;1.48;1.632;1.251;1.541;1.648;1.261;1.51;0.854;1.728;1.314;1.722;1.815;1.272;1.56;1.748;1.259;1.301;1.293;1.129;1.458;1.001;1.451;1.538;2.153;1.357;1.735;1.422;1.641;1.641;2.232;1.341;1.796;1.073;1.545;1.568;1.541;1.966;1.602;1.179;1.521;1.437;1.813;1.187;1.296;1.319;1.336;1.456;1.797;1.326;1.503;1.371;1.821;1.527;1.487;1.568;1.713;1.013;1.822;1.514;1.657;1.668;2.084;1.085;1.426;1.343;1.972;1.687;1.049;2.306;1.38;1.793;1.808;1.592;1.507;1.429;1.579;1.526;1.057;1.172;1.634;1.65;1.679;1.359;1.336;0.896;0.968;0.918;2.04;1.614;2.377;1.145;1.578;1.312;1.347;1.424;1.504;1.662;1.776;1.502;1.828;1.277;1.185;1.631;1.884;1.35;1.717;1.722;1.334;1.699;1.693;1.084;1.84;1.517;1.478;0.921;1.469;1.365;1.359;1.433;1.366;1.075;1.531;1.295;2.015;1.811;1.45;2.07;2.061;1.367;2.0;1.782;1.819;1.968;1.445;1.881;1.643;1.431;1.099;1.506;1.386;1.339;1.58;1.348;1.584;1.564;1.406;1.57;1.71;1.487;1.222;1.736;1.818;1.568;1.55;1.787;1.498;1.456;1.716;1.012;1.344;1.554;1.385;1.269;1.757;1.203;1.145;1.605;0.964;1.791;0.865;1.233;1.896;1.203;1.545;1.758;1.895;1.097;1.664;1.041;2.062;1.514;1.609;1.006;1.701;1.571;1.729;1.693;1.097;1.44;1.354;0.727;1.706;1.56;1.418;1.302;2.042;0.621;1.514;1.426;1.548;2.091;1.94;1.773;1.544;1.834;1.801;1.326;1.639;1.332;1.555;1.405;1.722;1.851;1.494;1.554;1.876;1.288;1.304;1.502;2.094;1.243;1.564;1.452;1.743;1.629;2.11;2.017;1.346;0.916;1.245;1.585;1.903;1.28;1.389;2.063;1.208;1.262;1.371;1.371;2.113;1.728;1.788;1.653;1.856;1.399;1.713;1.633;2.091;1.433;1.706;1.271;1.234;1.295;1.455;1.397;1.992;1.629;1.146;1.865;1.17;1.026;1.706;1.517;1.373;0.824;1.255;1.936;1.57;0.997;1.59;1.612;1.413;1.683;1.394;1.707;1.227;1.483;1.082;1.169;1.33;1.646;1.119;1.542;1.676;1.954;1.828;1.356;1.12;1.858;1.51;1.325;0.892;1.575;1.697;1.821;1.5;1.37;1.512;1.229;1.187;1.561;1.406;1.604;2.259;1.443;1.355;0.959;1.785;1.422;0.999;1.588;1.618;1.865;1.816;1.231;1.731;1.568;1.48;1.794;1.283;1.601;1.425;1.425;1.497;1.791;1.822;1.568;1.727;1.295;1.526;1.155;1.373;1.355;1.731;1.685;1.692;1.155;2.206;1.529;1.909;1.501;1.436;1.544;1.606;1.705;1.816;2.151;1.447;0.891;1.14;1.29;1.347;1.708;1.376;2.007;1.361;1.368;1.187;1.063;1.38;1.182;1.08;1.532;0.896;1.456;1.719;1.362;1.595;1.826;1.605;1.534;1.684;1.437;1.726;1.796;1.764;1.668;1.196;1.385;1.735;1.483;1.353;2.025;1.603;2.122;1.138;1.531;1.59;1.341;1.718;1.19;1.49;1.294;1.62;1.307;0.912;1.428;1.493;1.158;1.253;1.594;1.587;1.467;1.887;1.345;1.228;1.744;1.568;1.217;1.105;1.634;1.143;1.422;1.83;1.764;0.98;1.667;1.2;1.75;1.121;2.025;1.794;1.45;1.41;1.354;1.764;1.351;1.373;1.735;1.082;1.573;0.949;1.728;2.202;1.551;0.725;1.897;1.622;1.569;1.669;1.468;1.546;1.33;1.472;1.487;1.744;1.084;1.783;1.104;1.806;1.265;1.354;1.225;1.299;1.778;1.705;0.895;1.451;1.852;1.824;1.467;1.467;1.512;1.452;1.849;1.751;1.351;1.764;1.903;1.071;1.081;1.459;0.851;1.259;1.371;1.462;1.5;1.768;1.172;1.651;0.597;1.613;1.322;1.586;1.088;2.156;1.234;0.984;1.342;1.168;1.359;1.659;1.556;1.548;1.489;1.533;1.683;1.335;1.139;
1,2,31,A,31,I139,,1,1.5,0.0,0.0,0.0,0.0,1.519365,0.290194,1.507;1.832;1.328;1.375;1.839;1.607;1.239;1.476;0.853;1.735;1.342;1.73;1.818;1.301;1.882;1.674;1.266;1.306;1.298;1.142;1.455;1.021;1.187;1.652;1.698;1.393;1.752;1.454;1.663;1.663;1.908;1.897;1.747;1.06;1.509;1.702;1.676;1.306;1.381;1.132;1.405;1.572;1.572;1.417;1.52;1.552;1.401;1.515;1.839;1.391;1.36;1.235;1.662;1.759;1.517;1.594;1.732;1.067;1.835;1.543;1.678;1.689;2.084;1.135;1.005;1.333;1.93;1.88;1.062;2.256;1.622;1.838;1.852;1.647;1.566;1.492;1.634;1.585;1.138;1.248;1.687;1.266;1.769;1.661;1.376;0.957;0.897;1.046;1.653;1.716;2.015;1.829;1.534;1.281;1.314;1.388;1.517;1.668;1.776;1.516;1.825;1.03;1.242;1.725;1.966;1.128;1.388;1.654;1.285;0.936;1.483;1.012;1.73;1.509;1.351;0.976;1.497;1.398;1.392;1.463;1.463;1.186;1.515;1.29;1.974;1.781;1.438;2.268;1.862;1.382;1.983;1.776;1.811;1.954;1.456;1.87;1.644;1.443;1.127;1.514;1.4;1.356;1.119;1.343;1.567;1.548;1.594;1.817;1.473;1.377;1.42;1.496;1.625;1.515;1.497;1.723;1.448;1.409;1.655;0.986;1.302;1.527;1.366;1.257;1.72;1.194;1.138;1.714;1.104;1.75;0.87;1.219;1.528;1.392;1.245;0.709;1.623;1.521;1.848;0.808;2.008;1.487;1.791;1.218;1.763;1.64;1.439;1.746;1.18;1.69;1.527;1.02;1.951;2.004;1.954;1.369;2.072;0.921;1.769;1.54;1.436;1.944;1.8;1.641;1.424;2.052;1.862;1.411;1.708;1.417;1.628;1.485;1.787;1.91;1.588;1.375;1.567;1.329;1.344;1.533;1.963;1.155;1.471;1.607;1.078;1.632;2.089;2.0;1.363;0.954;1.267;1.332;1.953;1.435;1.162;2.04;1.227;1.279;1.382;1.363;2.068;1.877;1.833;1.705;1.898;1.509;1.596;1.867;1.857;1.571;1.434;1.432;1.397;1.81;1.518;1.36;1.739;1.394;1.41;1.716;1.458;1.094;1.74;1.56;1.424;0.902;1.312;1.959;1.611;1.066;1.63;1.651;1.81;1.858;1.406;1.836;1.159;1.429;1.704;1.417;1.571;1.264;1.328;2.017;1.76;2.024;2.117;1.269;1.363;1.344;1.688;1.288;0.876;1.763;1.916;2.034;1.565;1.064;1.695;1.32;1.28;1.636;1.488;1.677;2.299;1.524;1.51;1.124;1.909;1.401;1.0;1.559;1.588;1.311;1.555;1.573;1.832;1.677;1.332;1.598;1.602;1.905;1.391;1.391;1.46;1.74;1.768;1.527;1.833;1.422;1.642;1.289;1.497;1.479;1.228;2.108;1.891;1.38;2.082;1.642;2.004;1.616;1.554;1.657;1.716;1.892;0.984;1.83;1.414;1.011;1.248;1.391;1.445;1.788;1.473;2.072;0.942;1.408;0.948;1.232;1.447;1.258;1.162;1.591;0.987;1.518;1.415;1.142;1.787;2.007;1.809;1.367;1.51;1.275;1.549;1.668;1.638;1.689;1.24;1.435;1.75;1.51;1.388;2.026;1.624;2.118;1.183;1.556;1.613;1.376;1.734;1.233;1.517;1.331;1.561;1.264;1.091;1.656;1.336;1.226;1.315;1.64;1.633;1.45;1.844;1.33;1.219;1.709;1.541;1.355;1.336;1.838;1.371;1.478;1.865;1.802;1.058;1.71;1.267;1.789;1.191;1.641;1.711;1.384;1.346;1.365;1.755;1.796;1.431;1.775;1.155;1.621;1.028;1.768;2.219;1.6;0.815;1.929;1.668;1.617;1.712;1.72;1.796;1.591;1.489;1.503;1.747;1.119;1.784;1.138;1.805;1.291;1.377;1.254;1.324;1.885;1.51;1.149;1.678;1.746;1.774;1.434;1.434;1.585;1.153;1.978;1.885;1.121;1.683;1.814;1.243;0.995;1.688;0.816;1.204;1.31;1.397;1.434;2.011;1.309;1.589;1.097;1.46;1.702;1.415;0.942;1.943;1.253;1.016;1.355;0.998;1.614;1.525;1.625;1.448;1.536;1.578;1.721;1.13;2.005;
1,2,32,A,32,I033,,1,1.5,0.0,0.0,0.0,0.0,1.535196,0.284229,1.526;1.845;1.35;1.396;1.851;1.624;1.264;1.495;0.885;1.699;1.314;1.85;1.936;1.386;1.654;1.777;1.322;1.36;1.353;1.2;1.507;1.081;1.954;1.574;2.147;1.406;1.758;1.466;1.67;1.67;1.911;1.9;1.753;1.08;1.52;1.709;1.684;1.321;1.395;1.15;1.418;1.581;1.581;1.43;1.531;1.562;1.414;1.526;1.843;1.405;1.374;1.251;1.67;1.764;1.527;1.603;1.738;1.087;1.839;1.553;1.686;1.696;2.083;1.153;1.027;1.348;1.933;1.884;1.081;2.252;1.63;1.842;1.856;1.655;1.576;1.503;1.642;1.594;1.157;1.264;1.694;1.282;1.817;1.328;1.405;0.995;0.936;1.082;1.8;1.861;1.19;1.256;1.23;1.461;1.208;1.754;1.382;1.779;1.885;1.631;1.328;1.068;1.277;1.75;1.985;1.165;1.419;1.68;1.318;1.658;1.345;1.171;1.875;1.575;1.539;1.02;1.53;1.433;1.427;1.497;1.497;1.225;1.548;1.328;1.577;1.767;1.431;2.245;1.847;1.377;1.966;1.763;1.797;1.7;1.619;1.627;1.561;1.246;1.768;1.846;1.545;1.347;1.57;1.355;1.574;1.556;1.601;1.819;1.482;1.388;1.43;1.505;1.631;1.523;1.506;1.727;1.458;1.419;1.661;1.006;1.315;1.535;1.377;1.27;1.724;1.209;1.154;1.718;1.121;1.753;0.891;1.234;1.536;1.403;1.722;0.717;1.612;1.513;1.833;0.815;1.99;1.479;1.777;1.216;1.75;1.629;1.776;1.742;1.188;1.688;1.528;1.031;1.943;1.995;1.946;1.373;2.062;0.739;1.571;2.029;1.478;1.976;1.835;1.679;1.466;2.082;1.896;1.453;1.745;1.46;1.667;1.527;1.822;1.943;1.627;1.419;1.606;1.374;1.388;1.611;2.335;1.543;1.552;1.685;1.167;1.555;2.003;1.916;1.291;0.849;1.417;1.444;2.052;1.332;1.434;2.061;1.265;1.316;1.408;1.389;2.08;1.893;1.85;1.724;1.913;1.532;1.618;1.883;1.873;1.593;1.459;1.457;1.422;1.828;1.541;1.386;1.758;1.42;1.435;1.735;1.482;1.126;1.759;1.583;1.449;0.938;1.339;1.973;1.628;1.094;1.647;1.667;1.823;1.87;1.427;1.849;1.185;1.423;1.692;1.412;1.562;1.261;1.325;1.999;1.747;2.006;1.889;1.449;1.523;1.504;1.589;1.417;1.014;1.65;1.763;1.879;1.58;1.089;1.707;1.34;1.301;1.65;1.505;1.69;2.3;1.54;1.527;1.148;1.917;1.42;1.026;1.575;1.603;1.331;1.57;1.589;1.641;1.881;1.354;1.615;1.619;1.915;1.412;1.412;1.479;1.753;1.782;1.545;1.845;1.443;1.658;1.312;1.516;1.499;1.253;2.114;1.902;1.401;2.089;1.658;2.013;1.633;1.572;1.672;1.731;1.903;1.013;1.842;1.434;1.04;1.272;1.412;1.465;1.801;1.492;2.079;0.973;1.393;1.224;1.108;1.404;1.448;1.161;1.582;0.99;1.511;1.409;1.142;1.774;1.99;1.796;1.362;1.502;1.143;1.641;1.706;1.677;1.587;1.295;1.486;1.453;1.564;1.444;1.799;1.406;2.244;1.348;1.243;1.663;1.431;1.782;1.291;1.57;1.387;1.612;1.322;1.152;1.07;1.394;1.233;1.321;1.639;1.632;1.453;1.839;1.335;1.226;1.707;1.542;1.289;1.271;1.763;1.305;1.41;2.091;1.788;1.058;1.698;1.263;1.774;1.189;2.031;1.816;1.496;1.458;1.406;1.788;1.404;1.423;1.761;1.153;1.61;1.029;1.754;2.196;1.589;0.82;1.912;1.656;1.606;1.699;1.513;1.571;1.37;1.503;1.517;1.756;1.141;1.792;1.16;1.813;1.31;1.393;1.273;1.341;1.891;1.524;1.171;1.688;1.755;1.782;1.45;1.45;1.597;1.174;1.983;1.891;1.142;1.693;1.822;1.262;1.019;1.698;0.844;1.224;1.328;1.413;1.449;2.015;1.327;1.601;1.119;1.475;1.712;1.431;0.967;1.948;1.272;1.039;1.372;1.022;1.626;1.539;1.636;1.463;1.55;1.591;1.73;1.152;2.009;
1,2,33,A,33,I185,,1,1.5,0.0,0.0,0.0,0.0,1.539097,0.280955,1.522;1.834;1.35;1.395;1.841;1.618;1.265;1.492;0.895;1.741;1.364;1.736;1.82;1.325;1.882;1.682;1.291;1.329;1.322;1.172;1.472;1.056;1.215;1.661;1.705;1.412;1.757;1.471;1.671;1.671;1.907;1.896;1.753;1.093;1.524;1.71;1.685;1.329;2.162;1.147;1.409;1.569;1.769;1.198;1.297;1.436;1.291;1.4;1.712;1.282;1.443;1.323;1.733;1.695;1.515;1.589;1.721;1.083;1.82;1.539;1.67;1.68;1.646;1.284;1.16;1.474;2.047;1.505;1.174;1.548;1.88;1.662;1.675;1.79;1.283;1.319;1.456;1.408;1.87;1.243;1.664;1.679;1.705;1.413;1.393;0.991;1.057;1.011;2.035;1.646;1.185;1.25;1.644;1.402;1.434;1.504;1.577;1.721;1.825;1.576;1.872;1.109;1.313;1.777;2.007;1.204;1.453;1.708;1.354;1.687;1.38;1.21;1.899;1.605;1.297;0.91;1.396;1.48;1.474;1.542;1.438;1.172;1.488;1.272;1.929;1.743;1.414;2.21;2.08;1.448;2.024;1.826;1.86;1.996;1.519;1.916;1.699;1.506;1.203;1.574;1.465;1.423;1.243;1.265;1.753;1.735;1.591;1.74;1.411;1.318;1.36;1.601;1.867;1.639;1.622;1.839;1.575;1.537;1.774;1.132;1.435;1.626;1.577;1.21;1.85;1.345;1.071;1.526;1.829;1.775;0.93;1.266;1.562;0.97;1.495;1.578;1.79;1.326;1.843;0.845;1.996;1.496;1.787;1.238;1.761;1.642;1.787;1.753;1.21;1.7;1.543;1.057;1.95;2.001;1.953;1.392;2.067;0.771;1.586;2.034;1.495;1.983;1.845;1.692;1.483;2.086;1.904;1.471;1.756;1.477;1.679;1.542;1.832;1.95;1.641;1.437;1.85;1.313;1.328;1.509;1.922;1.147;1.449;1.58;1.072;1.604;2.042;1.958;1.346;0.837;1.393;1.363;1.959;1.462;1.201;2.043;1.263;1.313;1.412;1.393;2.07;1.886;1.844;1.721;1.906;1.533;1.617;1.877;1.867;1.593;1.462;1.459;1.425;1.823;1.542;1.39;1.754;1.423;1.438;1.732;1.484;1.135;1.755;1.582;1.452;0.951;1.344;1.965;1.631;1.108;1.649;1.669;1.822;1.868;1.434;1.847;1.197;1.456;1.72;1.445;1.593;1.298;1.36;2.02;1.774;2.027;2.116;1.303;1.393;1.374;1.705;1.321;0.926;1.777;1.924;2.037;1.587;1.106;1.711;1.352;1.314;1.655;1.513;1.694;2.291;1.547;1.534;1.164;1.917;1.43;1.045;1.581;1.609;1.343;1.577;1.595;1.646;1.882;1.366;1.621;1.624;1.915;1.422;1.422;1.488;1.757;1.784;1.553;1.846;1.452;1.663;1.325;1.524;1.507;1.266;2.11;1.902;1.412;2.085;1.664;2.01;1.638;1.579;1.677;1.734;1.903;1.032;1.843;1.444;1.058;1.285;1.422;1.474;1.803;1.501;2.076;0.992;1.403;1.238;1.125;1.415;1.457;1.177;1.588;1.009;1.519;1.42;1.157;1.777;1.988;1.798;1.373;1.511;1.158;1.647;1.711;1.682;1.594;1.307;1.494;1.462;1.571;1.453;1.801;1.416;2.237;1.36;1.256;1.668;1.441;1.784;1.303;1.577;1.398;1.618;1.334;1.167;1.087;1.404;1.247;1.333;1.644;1.638;1.462;1.841;1.347;1.24;1.711;1.55;1.302;1.284;1.766;1.318;1.42;2.087;1.79;1.076;1.702;1.276;1.777;1.204;2.028;1.818;1.504;1.467;1.416;1.79;1.414;1.433;1.764;1.169;1.616;1.047;1.757;2.19;1.596;0.843;1.912;1.661;1.613;1.704;1.521;1.578;1.381;1.511;1.525;1.759;1.157;1.794;1.175;1.815;1.322;1.404;1.286;1.353;1.892;1.532;1.186;1.693;1.758;1.785;1.459;1.459;1.604;1.189;1.981;1.892;1.158;1.697;1.823;1.275;1.037;1.702;0.866;1.238;1.34;1.423;1.459;2.012;1.339;1.608;1.136;1.484;1.716;1.441;0.987;1.947;1.285;1.057;1.383;1.04;1.632;1.546;1.642;1.472;1.418;1.662;1.529;1.329;1.151;
1,2,34,A,34,I053,,0,1.5,0.0,0.0,0.0,0.0,1.493663,0.276144,1.02;1.328;1.465;1.411;2.017;1.966;1.212;1.437;0.846;1.682;1.31;1.677;1.973;1.197;1.748;1.551;1.046;1.337;1.33;1.287;1.584;1.878;1.906;1.538;2.093;1.375;1.716;1.434;1.631;1.631;1.864;1.853;1.711;1.06;1.485;1.669;1.644;1.293;1.364;1.128;1.387;1.545;1.545;1.399;1.496;1.526;1.383;1.491;1.799;1.374;1.344;1.225;1.63;1.722;1.493;1.566;1.697;1.066;1.795;1.517;1.646;1.656;2.031;1.131;1.008;1.319;1.885;1.838;1.061;2.194;1.593;1.798;1.811;1.616;1.539;1.469;1.604;1.557;1.134;1.238;1.654;1.255;1.732;1.629;1.359;0.962;0.905;1.047;1.741;1.801;1.151;1.215;1.605;1.365;1.432;1.591;1.774;1.66;1.763;1.516;1.809;1.055;1.256;1.715;1.943;1.148;1.395;1.647;1.297;1.626;1.323;1.155;1.836;1.545;1.241;0.858;1.338;1.422;1.416;1.483;1.38;1.117;1.43;1.216;1.865;1.681;1.356;2.143;2.015;1.39;1.96;1.764;1.797;1.932;1.46;1.853;1.639;1.447;1.148;1.515;1.407;1.365;1.14;1.353;1.565;1.547;1.59;1.863;1.653;1.452;1.213;1.676;1.751;1.525;1.508;1.723;1.461;1.424;1.658;1.024;1.323;1.512;1.36;1.256;1.696;1.196;1.144;1.558;1.858;1.695;0.86;1.191;1.485;1.355;1.664;0.692;1.558;1.462;1.772;0.786;1.923;1.429;1.717;1.174;1.691;1.574;1.716;1.684;1.057;1.541;1.386;0.821;1.703;1.572;1.443;1.32;1.439;0.605;1.41;1.991;1.459;1.941;1.804;1.653;1.447;2.043;1.863;1.435;1.717;1.44;1.494;1.358;1.644;1.761;1.439;1.487;1.777;1.857;1.485;1.452;2.448;1.428;1.206;1.498;1.76;1.658;1.537;1.564;1.219;1.21;1.322;1.628;1.979;1.488;1.229;2.062;1.469;1.57;1.398;1.398;2.067;1.72;1.654;1.532;1.715;1.304;1.613;1.541;1.885;1.671;1.668;1.276;1.242;1.297;1.432;1.531;2.067;1.74;1.335;1.625;1.38;1.035;1.648;1.758;1.619;0.885;1.274;1.888;1.558;1.041;1.576;1.595;1.746;1.792;1.363;1.771;1.129;1.385;1.646;1.374;1.52;1.229;1.29;1.943;1.699;1.949;1.836;1.41;1.355;1.337;1.664;1.284;0.893;1.51;1.946;1.528;1.486;1.368;1.221;1.551;1.303;1.452;1.474;1.653;2.243;1.508;1.495;1.129;1.873;1.122;0.993;1.524;1.551;1.288;1.52;1.538;1.588;1.77;1.26;1.512;1.389;1.677;1.518;1.404;1.469;1.734;1.762;1.533;1.799;1.41;1.619;1.284;1.481;1.464;1.226;1.644;1.651;1.167;1.946;1.581;1.924;1.556;1.497;1.595;1.651;1.818;1.113;1.981;1.271;1.106;1.33;1.649;1.244;1.569;1.44;2.009;0.937;1.379;0.943;0.831;1.346;1.388;1.111;1.518;1.094;1.696;1.541;1.282;1.492;1.596;1.682;1.594;1.729;1.507;1.608;1.671;1.642;1.556;1.272;1.457;1.426;1.495;1.378;1.983;1.603;2.071;1.184;1.082;1.691;1.032;1.371;1.355;1.428;1.251;1.545;1.263;1.099;1.02;1.333;1.228;1.314;1.621;1.615;1.441;1.815;1.327;1.222;1.687;1.528;1.351;1.333;1.81;1.367;1.468;1.835;1.775;1.069;1.688;1.331;1.826;1.26;1.686;1.752;1.443;1.406;1.356;1.726;1.353;1.373;1.699;1.111;1.554;0.991;1.693;2.12;1.533;0.789;1.845;1.598;1.55;1.64;1.459;1.516;1.321;1.45;1.463;1.694;1.455;1.628;1.503;1.558;1.407;1.488;1.062;1.059;1.591;1.432;0.927;1.429;1.791;1.817;1.495;1.495;1.514;1.46;1.439;1.757;1.396;1.532;1.712;1.171;1.179;1.52;1.574;0.983;1.125;1.829;1.327;1.874;1.337;1.603;0.653;1.569;1.307;1.544;1.095;2.045;1.213;1.513;1.51;1.353;1.384;1.654;1.562;1.394;1.055;1.537;1.672;1.112;1.237;
1,2,35,A,35,I395,,-1,1.5,0.0,0.0,0.0,0.0,1.493663,0.276144,1.02;1.328;1.465;1.411;2.017;1.966;1.212;1.437;0.846;1.682;1.31;1.677;1.973;1.197;1.748;1.551;1.046;1.337;1.33;1.287;1.584;1.878;1.906;1.538;2.093;1.375;1.716;1.434;1.631;1.631;1.864;1.853;1.711;1.06;1.485;1.669;1.644;1.293;1.364;1.128;1.387;1.545;1.545;1.399;1.496;1.526;1.383;1.491;1.799;1.374;1.344;1.225;1.63;1.722;1.493;1.566;1.697;1.066;1.795;1.517;1.646;1.656;2.031;1.131;1.008;1.319;1.885;1.838;1.061;2.194;1.593;1.798;1.811;1.616;1.539;1.469;1.604;1.557;1.134;1.238;1.654;1.255;1.732;1.629;1.359;0.962;0.905;1.047;1.741;1.801;1.151;1.215;1.605;1.365;1.432;1.591;1.774;1.66;1.763;1.516;1.809;1.055;1.256;1.715;1.943;1.148;1.395;1.647;1.297;1.626;1.323;1.155;1.836;1.545;1.241;0.858;1.338;1.422;1.416;1.483;1.38;1.117;1.43;1.216;1.865;1.681;1.356;2.143;2.015;1.39;1.96;1.764;1.797;1.932;1.46;1.853;1.639;1.447;1.148;1.515;1.407;1.365;1.14;1.353;1.565;1.547;1.59;1.863;1.653;1.452;1.213;1.676;1.751;1.525;1.508;1.723;1.461;1.424;1.658;1.024;1.323;1.512;1.36;1.256;1.696;1.196;1.144;1.558;1.858;1.695;0.86;1.191;1.485;1.355;1.664;0.692;1.558;1.462;1.772;0.786;1.923;1.429;1.717;1.174;1.691;1.574;1.716;1.684;1.057;1.541;1.386;0.821;1.703;1.572;1.443;1.32;1.439;0.605;1.41;1.991;1.459;1.941;1.804;1.653;1.447;2.043;1.863;1.435;1.717;1.44;1.494;1.358;1.644;1.761;1.439;1.487;1.777;1.857;1.485;1.452;2.448;1.428;1.206;1.498;1.76;1.658;1.537;1.564;1.219;1.21;1.322;1.628;1.979;1.488;1.229;2.062;1.469;1.57;1.398;1.398;2.067;1.72;1.654;1.532;1.715;1.304;1.613;1.541;1.885;1.671;1.668;1.276;1.242;1.297;1.432;1.531;2.067;1.74;1.335;1.625;1.38;1.035;1.648;1.758;1.619;0.885;1.274;1.888;1.558;1.041;1.576;1.595;1.746;1.792;1.363;1.771;1.129;1.385;1.646;1.374;1.52;1.229;1.29;1.943;1.699;1.949;1.836;1.41;1.355;1.337;1.664;1.284;0.893;1.51;1.946;1.528;1.486;1.368;1.221;1.551;1.303;1.452;1.474;1.653;2.243;1.508;1.495;1.129;1.873;1.122;0.993;1.524;1.551;1.288;1.52;1.538;1.588;1.77;1.26;1.512;1.389;1.677;1.518;1.404;1.469;1.734;1.762;1.533;1.799;1.41;1.619;1.284;1.481;1.464;1.226;1.644;1.651;1.167;1.946;1.581;1.924;1.556;1.497;1.595;1.651;1.818;1.113;1.981;1.271;1.106;1.33;1.649;1.244;1.569;1.44;2.009;0.937;1.379;0.943;0.831;1.346;1.388;1.111;1.518;1.094;1.696;1.541;1.282;1.492;1.596;1.682;1.594;1.729;1.507;1.608;1.671;1.642;1.556;1.272;1.457;1.426;1.495;1.378;1.983;1.603;2.071;1.184;1.082;1.691;1.032;1.371;1.355;1.428;1.251;1.545;1.263;1.099;1.02;1.333;1.228;1.314;1.621;1.615;1.441;1.815;1.327;1.222;1.687;1.528;1.351;1.333;1.81;1.367;1.468;1.835;1.775;1.069;1.688;1.331;1.826;1.26;1.686;1.752;1.443;1.406;1.356;1.726;1.353;1.373;1.699;1.111;1.554;0.991;1.693;2.12;1.533;0.789;1.845;1.598;1.55;1.64;1.459;1.516;1.321;1.45;1.463;1.694;1.455;1.628;1.503;1.558;1.407;1.488;1.062;1.059;1.591;1.432;0.927;1.429;1.791;1.817;1.495;1.495;1.514;1.46;1.439;1.757;1.396;1.532;1.712;1.171;1.179;1.52;1.574;0.983;1.125;1.829;1.327;1.874;1.337;1.603;0.653;1.569;1.307;1.544;1.095;2.045;1.213;1.513;1.51;1.353;1.384;1.654;1.562;1.394;1.055;1.537;1.672;1.112;1.237;
1,2,36,A,36,I152,,0,1.5,0.0,0.0,0.0,0.0,1.456408,0.26794,1.443;1.746;1.276;1.32;1.753;1.536;1.193;1.414;0.833;1.655;1.289;1.65;1.733;1.251;1.792;1.599;1.218;1.255;1.248;1.102;1.394;0.99;1.145;1.578;1.621;1.336;1.671;1.394;1.588;1.588;1.817;1.806;1.667;1.026;1.445;1.625;1.601;1.256;1.325;1.093;1.348;1.503;1.503;1.359;1.455;1.485;1.344;1.45;1.753;1.335;1.306;1.189;1.587;1.677;1.452;1.524;1.652;1.033;1.749;1.476;1.603;1.613;1.981;1.096;1.398;1.325;1.882;1.63;1.064;2.178;1.357;1.724;1.736;1.545;1.47;1.401;1.533;1.487;1.071;1.173;1.583;1.597;1.622;1.339;1.319;0.928;0.992;0.948;1.942;1.564;1.117;1.18;1.563;1.328;1.394;1.55;1.73;1.618;1.718;1.476;1.764;1.023;1.221;1.672;1.895;1.115;1.357;1.605;1.261;1.584;1.286;1.121;1.791;1.505;1.205;0.83;1.301;1.606;1.239;1.305;1.246;0.988;1.392;1.183;1.82;1.64;1.477;1.921;1.913;1.298;1.859;1.666;1.698;1.606;1.528;1.536;1.473;1.173;1.525;1.452;1.345;1.305;1.084;1.292;1.501;1.484;1.526;1.734;1.414;1.324;1.364;1.435;1.556;1.453;1.436;1.647;1.39;1.354;1.584;0.96;1.254;1.464;1.314;1.212;1.644;1.153;1.102;1.638;1.07;1.672;0.851;1.177;1.465;1.338;1.201;0.702;1.553;1.459;1.764;0.794;1.912;1.427;1.71;1.176;1.684;1.569;1.382;1.668;1.14;1.616;1.464;0.992;1.859;1.908;1.862;1.317;1.973;0.899;1.69;1.476;1.379;1.853;1.719;1.571;1.368;1.953;1.776;1.355;1.633;1.361;1.558;1.425;1.706;1.821;1.521;1.322;1.501;1.279;1.294;1.505;2.029;1.276;1.559;1.46;1.718;1.618;1.499;1.526;1.187;1.177;1.287;1.588;1.933;1.451;1.197;2.015;1.432;1.531;1.363;1.344;2.002;1.66;1.714;1.594;1.774;1.37;1.647;1.577;1.983;1.4;1.642;1.256;1.223;1.277;1.419;1.367;1.895;1.573;1.145;1.782;1.166;1.039;1.641;1.474;1.72;1.112;1.629;1.344;1.619;1.673;1.387;1.686;0.994;1.526;1.27;1.288;1.148;1.375;1.631;1.364;1.507;1.221;1.281;1.923;1.683;1.929;2.016;1.225;1.313;1.295;1.616;1.243;0.859;1.686;1.829;1.939;1.501;1.034;1.622;1.273;1.236;1.567;1.43;1.606;2.186;1.463;1.384;1.034;1.766;1.444;1.07;1.591;1.618;1.837;1.794;1.275;1.516;1.695;1.437;1.716;1.262;1.544;1.388;1.388;1.407;1.668;1.695;1.47;1.755;1.372;1.577;1.248;1.442;1.425;1.191;2.011;1.809;1.333;1.987;1.577;1.914;1.553;1.495;1.591;1.646;1.81;0.963;1.752;1.364;0.989;1.21;1.343;1.393;1.713;1.419;1.978;0.925;1.325;1.164;1.054;1.336;1.377;1.104;1.504;0.941;1.437;1.34;1.086;1.688;1.892;1.708;1.295;1.429;1.087;1.561;1.623;1.595;1.51;1.231;1.413;1.382;1.45;1.335;1.93;1.556;2.016;1.145;1.493;1.545;1.324;1.658;1.191;1.456;1.282;1.497;1.22;1.058;1.586;1.287;1.184;1.268;1.57;1.564;1.393;1.761;1.281;1.178;1.635;1.478;1.305;1.287;1.755;1.32;1.419;1.781;1.722;1.028;1.636;1.179;1.665;1.108;1.909;1.705;1.4;1.364;1.315;1.678;1.312;1.331;1.652;1.074;1.509;0.956;1.646;2.066;1.061;1.389;1.82;1.577;1.529;1.618;1.44;1.496;1.305;1.431;1.444;1.672;1.087;1.706;1.105;1.726;1.247;1.327;1.212;1.277;1.801;1.451;1.115;1.607;1.671;1.697;1.38;1.38;1.521;1.118;1.888;1.801;1.088;1.612;1.734;1.202;0.97;1.617;0.804;1.166;1.265;1.346;1.38;1.918;1.263;1.525;0.591;1.514;1.256;1.413;0.971;1.905;1.087;1.382;1.379;1.225;2.114;1.287;1.38;1.373;1.039;1.513;1.646;1.096;1.911;
1,2,37,A,37,I160,,1,1.5,0.0,0.0,0.0,0.0,1.462337,0.264052,1.008;1.302;1.432;1.381;1.959;1.91;1.191;1.406;0.842;1.64;1.284;1.635;1.917;1.177;1.702;1.514;1.032;1.31;1.303;1.263;1.546;1.826;1.853;1.502;2.031;1.347;1.672;1.402;1.591;1.591;1.813;1.803;1.667;1.046;1.452;1.627;1.603;1.269;2.054;1.096;1.344;1.495;1.683;1.145;1.238;1.369;1.233;1.336;1.629;1.224;1.376;1.262;1.649;1.613;1.443;1.513;1.637;1.036;1.731;1.467;1.589;1.599;1.567;1.226;1.109;1.405;1.945;1.434;1.122;1.474;1.788;1.582;1.594;1.703;1.225;1.259;1.388;1.343;1.778;1.187;1.584;1.598;1.623;1.348;1.328;0.95;0.895;1.03;1.579;1.636;1.906;1.738;1.471;1.243;1.273;1.339;1.456;1.592;1.69;1.455;1.735;1.015;1.207;1.645;1.862;1.104;1.339;1.58;1.246;0.931;1.425;0.999;1.649;1.449;1.306;0.967;1.438;1.348;1.343;1.407;1.407;1.156;1.454;1.251;1.87;1.694;1.384;2.135;1.768;1.334;1.878;1.691;1.722;1.632;1.557;1.565;1.504;1.213;1.695;1.403;1.38;1.34;1.126;1.328;1.531;1.514;1.555;1.757;1.557;1.313;1.352;1.421;1.538;1.438;1.422;1.627;1.378;1.342;1.565;0.96;1.246;1.449;1.304;1.205;1.808;1.332;1.075;1.595;1.044;1.628;1.139;1.191;1.47;1.347;1.214;0.729;1.556;1.464;1.76;0.819;1.904;1.433;1.708;1.189;1.682;1.571;1.389;1.667;1.155;1.617;1.469;1.011;1.852;1.9;1.855;1.326;1.962;0.92;1.688;1.48;1.387;1.846;1.716;1.572;1.376;1.944;1.772;1.364;1.633;1.369;1.56;1.431;1.704;1.816;1.524;1.332;1.505;1.29;1.304;1.474;1.864;1.133;1.418;1.541;1.063;1.564;1.977;1.897;1.32;0.951;1.234;1.293;1.854;1.386;1.139;1.933;1.198;1.245;1.338;1.32;1.958;1.786;1.746;1.63;1.804;1.453;1.532;1.777;1.767;1.509;1.385;1.383;1.351;1.726;1.461;1.318;1.661;1.349;1.363;1.64;1.406;1.077;1.662;1.499;1.376;0.904;1.274;1.86;1.545;1.052;1.562;1.581;1.725;1.769;1.359;1.749;1.136;1.38;1.629;1.37;1.509;1.231;1.289;1.912;1.68;1.918;2.002;1.236;1.321;1.303;1.615;1.253;0.88;1.682;1.821;1.928;1.503;1.05;1.621;1.282;1.246;1.567;1.434;1.604;2.168;1.466;1.39;1.05;1.76;1.448;1.085;1.591;1.617;1.829;1.787;1.284;1.518;1.691;1.441;1.711;1.271;1.545;1.393;1.393;1.455;1.708;1.734;1.516;1.653;1.013;1.833;1.019;1.479;1.464;1.65;1.611;1.617;1.155;1.898;1.55;1.877;1.527;1.471;1.563;1.617;1.776;1.104;1.932;1.255;1.097;1.311;1.615;1.229;1.539;1.416;1.958;0.936;1.357;0.942;1.199;1.393;1.222;1.135;1.523;0.976;1.457;1.364;1.116;1.7;1.899;1.72;1.32;1.449;1.237;1.485;1.593;1.565;1.611;1.205;1.382;1.667;1.45;1.339;1.916;1.553;1.999;1.154;1.492;1.542;1.328;1.652;1.199;1.456;1.288;1.496;1.227;1.07;1.582;1.292;1.192;1.274;1.567;1.561;1.395;1.752;1.287;1.186;1.629;1.478;1.244;1.227;1.681;1.259;1.355;1.984;1.704;1.031;1.621;1.22;1.692;1.151;1.928;1.73;1.435;1.4;1.352;1.704;1.35;1.368;1.679;1.118;1.54;1.004;1.673;2.081;1.521;0.811;1.819;1.582;1.537;1.623;1.629;1.699;1.513;1.42;1.337;1.558;1.33;1.687;1.103;1.707;1.242;1.319;1.208;1.271;1.779;1.439;1.113;1.591;1.653;1.678;1.371;1.147;1.613;1.223;1.969;1.603;1.559;1.646;1.765;1.051;1.059;1.686;0.89;1.241;1.337;1.415;1.449;1.693;1.181;1.435;0.99;1.318;1.219;1.371;0.942;1.848;1.224;1.009;1.317;0.993;1.55;1.47;1.56;1.4;1.48;1.518;1.647;1.113;1.904;
1,2,38,A,38,I151,,1,1.5,0.0,0.0,0.0,0.0,1.472842,0.256591,1.45;1.74;1.29;1.332;1.746;1.54;1.211;1.423;0.867;1.653;1.303;1.649;1.727;1.267;1.784;1.599;1.235;1.271;1.264;1.125;1.404;1.017;1.165;1.579;1.62;1.348;1.669;1.403;1.589;1.589;1.807;1.797;1.664;1.052;1.452;1.624;1.601;1.271;2.045;1.102;1.345;1.494;1.679;1.149;1.241;1.37;1.236;1.337;1.626;1.227;1.377;1.265;1.646;1.611;1.443;1.512;1.635;1.042;1.727;1.466;1.587;1.597;1.565;1.229;1.114;1.406;1.938;1.435;1.127;1.474;1.783;1.58;1.592;1.699;1.228;1.262;1.389;1.345;1.773;1.191;1.582;1.596;1.62;1.349;1.33;0.957;1.018;0.975;1.926;1.565;1.137;1.197;1.564;1.339;1.368;1.434;1.501;1.635;1.731;1.5;1.775;1.066;1.256;1.687;1.901;1.154;1.386;1.623;1.294;1.603;1.318;1.16;1.801;1.527;1.241;0.882;1.333;1.411;1.406;1.469;1.372;1.125;1.419;1.218;1.828;1.655;1.349;2.089;1.969;1.381;1.917;1.732;1.764;1.891;1.447;1.816;1.615;1.435;1.154;1.499;1.397;1.358;1.191;1.211;1.664;1.648;1.514;1.653;1.347;1.261;1.299;1.524;1.771;1.559;1.543;1.745;1.499;1.464;1.684;1.088;1.369;1.546;1.501;1.16;1.755;1.285;1.032;1.454;1.735;1.685;0.9;1.212;1.487;0.937;1.425;1.502;1.699;1.268;1.748;0.821;1.89;1.426;1.697;1.186;1.672;1.562;1.696;1.665;1.16;1.615;1.47;1.018;1.848;1.895;1.85;1.329;1.956;0.752;1.509;1.926;1.425;1.878;1.75;1.608;1.414;1.974;1.805;1.402;1.668;1.408;1.596;1.469;1.738;1.848;1.561;1.371;1.541;1.33;1.156;1.487;1.988;1.268;1.539;1.444;1.691;1.595;2.002;1.923;1.354;0.99;1.269;1.557;1.887;1.426;1.183;1.965;1.241;1.287;1.371;1.353;1.982;1.812;1.773;1.658;1.83;1.484;1.562;1.803;1.794;1.539;1.417;1.298;1.267;1.636;1.375;1.507;2.012;1.704;1.323;1.596;1.366;1.042;1.618;1.721;1.59;0.901;1.266;1.843;1.533;1.047;1.55;1.568;1.71;1.753;1.35;1.734;1.13;1.37;1.616;1.36;1.497;1.224;1.281;1.895;1.666;1.901;1.794;1.394;1.462;1.445;1.522;1.366;0.998;1.577;1.68;1.786;1.514;1.067;1.629;1.295;1.26;1.577;1.445;1.613;2.168;1.477;1.465;1.121;1.82;1.368;1.01;1.509;1.534;1.287;1.505;1.521;1.569;1.788;1.308;1.545;1.549;1.819;1.361;1.361;1.422;1.671;1.697;1.482;1.755;1.389;1.585;1.27;1.455;1.44;1.215;1.999;1.806;1.351;1.977;1.585;1.907;1.561;1.506;1.598;1.651;1.807;0.998;1.752;1.381;1.022;1.233;1.36;1.408;1.715;1.433;1.968;0.961;1.343;1.19;1.084;1.354;1.393;1.132;1.515;0.977;1.451;1.358;1.115;1.69;1.886;1.71;1.315;1.443;1.116;1.569;1.629;1.602;1.52;1.254;1.428;1.398;1.463;1.353;1.922;1.564;2.004;1.171;1.504;1.554;1.343;1.662;1.215;1.469;1.303;1.508;1.243;1.089;1.593;1.307;1.209;1.289;1.578;1.572;1.409;1.76;1.302;1.203;1.64;1.49;1.324;1.307;1.755;1.339;1.434;1.779;1.723;1.059;1.641;1.204;1.669;1.136;1.902;1.707;1.415;1.381;1.334;1.681;1.332;1.35;1.657;1.104;1.52;0.991;1.65;2.052;1.091;1.405;1.817;1.584;1.539;1.624;1.63;1.699;1.516;1.424;1.343;1.56;1.335;1.687;1.112;1.707;1.248;1.324;1.215;1.277;1.778;1.443;1.122;1.593;1.653;1.678;1.376;1.155;1.615;1.23;1.965;1.605;1.561;1.647;1.764;1.06;1.068;1.686;0.902;1.248;1.342;1.42;1.452;1.693;1.189;1.439;1.0;1.324;1.226;1.376;0.953;1.846;1.231;1.019;1.322;1.003;1.553;1.473;1.562;1.404;1.354;1.581;1.457;1.272;1.106;
1,2,39,A,39,I007,,0,1.5,0.0,0.0,0.0,0.0,1.437606,0.245754,1.435;1.717;1.28;1.321;1.723;1.522;1.203;1.408;0.869;1.632;1.292;1.628;1.704;1.257;1.76;1.58;1.226;1.261;1.254;1.119;1.39;1.014;1.158;1.561;1.6;1.336;1.647;1.389;1.57;1.57;1.782;1.773;1.643;1.048;1.437;1.604;1.582;1.261;1.326;1.11;1.347;1.491;1.491;1.357;1.447;1.474;1.343;1.442;1.723;1.335;1.308;1.199;1.569;1.653;1.443;1.51;1.63;1.054;1.719;1.466;1.583;1.593;1.935;1.113;1.393;1.325;1.843;1.338;1.089;2.124;1.362;1.702;1.714;1.536;1.466;1.402;1.525;1.482;1.096;1.19;1.571;1.584;1.607;1.344;1.326;0.963;0.911;1.04;1.566;1.62;1.879;1.718;1.462;1.244;1.272;1.336;1.448;1.579;1.672;1.447;1.715;1.026;1.21;1.629;1.837;1.111;1.336;1.567;1.247;0.945;1.418;1.01;1.633;1.441;1.304;0.979;1.431;1.345;1.34;1.401;1.401;1.161;1.447;1.252;1.844;1.676;1.379;2.098;1.747;1.331;1.852;1.673;1.703;1.826;1.396;1.754;1.558;1.384;1.11;1.445;1.346;1.308;1.103;1.297;1.491;1.475;1.514;1.708;1.41;1.327;1.364;1.43;1.542;1.446;1.431;1.627;1.388;1.354;1.568;0.988;1.262;1.456;1.317;1.222;1.624;1.168;1.12;1.618;1.091;1.65;0.887;1.19;1.458;0.923;1.397;0.759;1.55;1.462;1.746;0.845;1.884;1.433;1.696;0.848;1.419;0.85;1.409;1.675;1.185;1.467;1.396;0.88;1.686;1.565;1.448;1.336;1.945;0.948;1.683;1.484;1.394;1.834;1.71;1.572;1.384;1.927;1.763;1.372;1.63;1.377;1.56;1.437;1.698;1.805;1.526;1.341;1.507;1.301;1.315;1.511;1.998;1.298;1.561;1.47;1.709;1.616;1.505;1.53;1.215;0.824;1.326;1.299;1.837;1.388;1.152;1.912;1.209;1.253;1.343;1.326;1.937;1.771;1.733;1.622;1.789;1.453;1.528;1.763;1.754;1.506;1.388;1.386;1.355;1.714;1.461;1.323;1.652;1.353;1.205;1.796;1.224;1.106;1.665;1.51;1.392;0.94;1.295;1.295;1.506;1.034;1.522;1.54;1.376;1.599;1.361;1.734;1.147;1.357;1.596;1.348;1.481;1.215;1.27;1.867;1.644;1.873;1.769;1.381;1.446;1.429;1.505;1.353;0.996;1.558;1.658;1.761;1.496;1.062;1.609;1.284;1.25;1.558;1.43;1.593;2.133;1.461;1.449;1.115;1.794;1.109;0.991;1.476;1.5;1.261;1.533;1.55;1.537;1.703;1.237;1.468;1.356;1.618;1.473;1.369;1.429;1.671;1.696;1.487;1.73;1.375;1.565;1.259;1.439;1.424;1.206;1.968;1.781;1.338;1.946;1.565;1.879;1.543;1.489;1.578;1.629;1.782;0.995;1.728;1.367;1.019;1.224;1.347;1.394;1.691;1.418;1.938;0.959;1.331;1.182;1.079;1.341;1.379;1.126;1.498;0.974;1.435;1.345;1.108;1.668;1.858;1.687;1.304;1.427;1.109;1.55;1.608;1.582;1.503;1.244;1.413;1.384;1.482;1.375;1.69;1.342;2.083;1.291;1.198;1.569;1.364;1.675;1.24;1.487;1.325;1.525;1.268;1.117;1.389;1.442;1.167;1.244;1.525;1.519;1.361;1.702;1.286;1.189;1.614;1.469;1.307;1.291;1.726;1.322;1.414;1.75;1.695;1.05;1.616;1.231;1.683;1.166;1.555;1.616;1.333;1.3;1.316;1.654;1.314;1.417;1.59;1.052;1.457;0.943;1.584;1.974;1.04;1.345;1.832;1.605;1.302;1.555;1.39;1.442;1.264;1.381;1.439;1.651;1.107;1.683;1.124;1.702;1.256;1.33;1.224;1.284;1.771;1.446;1.133;1.591;1.65;1.674;1.38;1.166;1.612;1.232;1.947;1.597;1.554;1.638;1.752;1.068;1.076;1.676;0.914;1.25;1.342;1.417;1.449;1.683;1.193;1.435;1.009;1.324;1.228;1.374;0.964;1.831;1.233;1.028;1.322;1.012;1.546;1.469;1.555;1.402;1.353;1.574;1.453;1.273;1.112;
1,2,40,A,40,I196,,3,1.5,0.0,0.0,0.0,0.0,1.457815,0.239057,1.156;1.425;1.545;1.245;1.474;1.707;1.399;1.35;0.975;1.153;1.334;1.656;1.729;1.263;1.745;1.573;1.234;1.267;1.261;1.131;1.391;1.031;1.923;1.601;1.639;1.386;1.684;1.264;1.437;1.728;1.931;1.805;1.668;1.098;1.47;1.631;1.254;1.297;1.36;1.153;1.38;1.518;1.518;1.39;1.475;1.501;1.376;1.471;1.74;1.368;1.425;1.321;1.675;1.643;1.439;1.504;1.618;1.066;1.704;1.461;1.574;1.583;1.91;1.123;1.391;1.326;1.822;1.78;1.101;2.092;1.362;1.688;1.699;1.53;1.462;1.401;1.519;1.478;1.178;1.269;1.634;1.284;1.701;1.287;1.353;1.005;1.062;1.023;1.908;1.571;1.173;1.229;1.207;1.403;1.188;1.651;1.336;1.672;1.762;1.547;1.29;1.07;1.247;1.648;1.847;1.152;1.368;1.588;1.282;1.57;1.305;1.158;1.754;1.499;1.233;0.899;1.56;1.478;1.317;1.376;1.323;1.093;1.453;1.267;1.834;1.673;1.389;2.077;1.741;1.343;1.841;1.67;1.699;1.817;1.404;1.748;1.56;1.393;1.131;1.452;1.357;1.321;1.51;1.328;1.513;1.498;1.536;1.774;1.59;1.415;1.206;1.611;1.676;1.479;1.464;1.652;1.423;1.391;1.595;1.04;1.302;1.467;1.334;1.243;1.628;1.191;1.145;1.508;1.002;1.654;0.924;1.214;1.471;1.358;1.235;1.475;1.658;1.256;1.703;0.84;1.836;1.403;1.655;1.18;1.632;1.53;1.655;1.626;1.156;1.58;1.444;1.024;1.796;1.84;1.798;1.313;1.897;0.776;1.481;1.868;1.402;1.824;1.705;1.573;1.392;1.913;1.756;1.381;1.628;1.387;1.562;1.443;1.694;1.796;1.529;1.352;1.709;1.245;1.258;1.414;1.772;1.149;1.411;1.524;1.085;1.545;1.924;1.851;1.322;0.982;1.242;1.296;1.811;1.381;1.155;1.883;1.209;1.252;1.338;1.322;1.907;1.748;1.712;1.606;1.765;1.443;1.515;1.74;1.731;1.494;1.381;1.379;1.35;1.693;1.451;1.319;1.634;1.347;1.361;1.615;1.401;1.098;1.634;1.485;1.372;0.939;1.279;1.816;1.527;1.075;1.543;1.56;1.693;1.733;1.357;1.715;1.152;1.354;1.582;1.344;1.472;1.217;1.271;1.842;1.628;1.847;1.748;1.376;1.328;1.312;1.598;1.266;0.924;1.66;1.787;1.885;1.495;1.08;1.603;1.292;1.259;1.554;1.432;1.588;2.105;1.461;1.45;1.13;1.683;1.397;1.064;1.528;1.552;1.322;1.525;1.54;1.528;1.687;1.241;1.461;1.355;1.606;1.467;1.367;1.424;1.656;1.68;1.48;1.734;1.393;1.575;1.283;1.455;1.44;1.612;1.939;1.759;1.335;1.918;1.553;1.853;1.342;1.535;1.835;1.325;1.274;1.636;1.9;1.279;1.135;1.331;1.438;1.483;1.399;1.285;1.783;1.273;1.279;1.136;1.038;1.289;1.325;1.559;1.513;1.012;1.453;1.367;1.14;1.676;1.859;1.695;1.327;1.446;1.251;1.479;2.169;1.585;1.509;1.261;1.423;1.396;1.489;1.388;1.689;1.356;1.675;1.162;1.472;1.519;1.322;1.619;1.204;1.44;1.285;1.476;1.23;1.086;1.555;1.289;1.236;1.311;1.58;1.574;1.423;1.749;1.323;1.231;1.637;1.498;1.221;1.327;1.744;1.356;1.445;1.766;1.714;1.096;1.638;1.326;1.759;1.263;1.636;1.694;1.423;1.391;1.347;1.67;1.345;1.362;1.647;1.133;1.52;1.028;1.642;2.016;1.502;0.851;1.775;1.559;1.517;1.595;1.437;1.498;1.328;1.432;1.444;1.646;1.126;1.677;1.142;1.695;1.269;1.339;1.237;1.295;1.761;1.45;1.151;1.589;1.646;1.669;1.387;1.387;1.512;1.154;1.839;1.761;1.127;1.593;1.702;1.228;1.022;1.597;0.974;1.295;1.383;1.455;1.094;1.89;1.308;1.54;1.132;1.433;1.204;1.344;0.951;1.781;1.209;1.471;1.72;0.888;1.399;1.635;1.359;1.538;1.491;1.526;1.283;1.111;1.22;
