thread,student,domain_name,domain_value,item_count,raw_score,max_points,true_theta,theta,se,scale_score,scale_score_se,performance_level
1,1,Overall,Overall,35,26,41,1.0,1.328295,0.308268,1066,15,
1,2,Overall,Overall,35,29,41,2.5,2.429694,0.350121,1121,18,
1,3,Overall,Overall,35,6,41,-1.0,-1.253636,0.462858,937,23,
1,4,Overall,Overall,35,27,41,2.5,2.426183,0.350811,1121,18,
1,5,Overall,Overall,35,32,41,2.5,2.569828,0.363986,1128,18,
1,6,Overall,Overall,35,16,41,0.5,0.551216,0.30149,1028,15,
1,7,Overall,Overall,35,9,41,-1.5,-0.932888,0.411111,953,21,
1,8,Overall,Overall,35,12,41,-0.5,-0.090551,0.325641,995,16,
1,9,Overall,Overall,35,10,41,-0.5,-0.554492,0.365318,972,18,
1,10,Overall,Overall,35,17,41,0.0,0.224681,0.310096,1011,16,
1,11,Overall,Overall,35,5,41,-2.0,-2.31987,0.654667,884,33,
1,12,Overall,Overall,35,26,41,1.5,2.020868,0.329402,1101,16,
1,13,Overall,Overall,35,9,41,-1.0,-1.196193,0.450641,940,23,
1,14,Overall,Overall,35,34,41,3.0,3.347079,0.460818,1167,23,
1,15,Overall,Overall,35,29,41,3.0,2.956007,0.406069,1148,20,
1,16,Overall,Overall,35,20,41,1.0,0.989083,0.297342,1049,15,
1,17,Overall,Overall,35,11,41,0.0,-0.338635,0.344462,983,17,
1,18,Overall,Overall,35,27,41,1.5,2.010022,0.33794,1101,17,
1,19,Overall,Overall,35,17,41,0.5,0.425931,0.298613,1021,15,
1,20,Overall,Overall,35,33,41,2.5,2.715258,0.376238,1136,19,
1,21,Overall,Overall,35,26,41,2.0,1.632904,0.312431,1082,16,
1,22,Overall,Overall,35,25,41,2.0,1.602674,0.314016,1080,16,
1,23,Overall,Overall,35,5,41,-2.0,-2.11018,0.617575,894,31,
1,24,Overall,Overall,35,26,41,1.5,1.757044,0.317435,1088,16,
1,25,Overall,Overall,35,2,41,-3.0,-3.497388,0.99234,825,50,
1,26,Overall,Overall,35,27,41,2.0,2.220704,0.33861,1111,17,
1,27,Overall,Overall,35,31,41,3.0,3.548002,0.493055,1177,25,
1,28,Overall,Overall,35,4,41,-2.5,-2.458119,0.692354,877,35,
1,29,Overall,Overall,35,10,41,0.0,-0.345063,0.344959,983,17,
1,30,Overall,Overall,35,6,41,-1.5,-1.483564,0.497917,926,25,
1,31,Overall,Overall,35,20,41,1.0,0.807589,0.294844,1040,15,
1,32,Overall,Overall,35,14,41,0.5,0.127937,0.309563,1006,15,
1,33,Overall,Overall,35,5,41,-1.5,-2.220939,0.637615,889,32,
1,34,Overall,Overall,35,4,41,-1.5,-1.8395,0.56151,908,28,
1,35,Overall,Overall,35,29,41,2.0,2.514035,0.356538,1126,18,
1,36,Overall,Overall,35,27,41,1.5,1.737829,0.317823,1087,16,
1,37,Overall,Overall,35,25,41,1.5,1.224699,0.29949,1061,15,
1,38,Overall,Overall,35,31,41,3.0,3.596676,0.498888,1180,25,
1,39,Overall,Overall,35,8,41,-1.0,-0.997082,0.420062,950,21,
1,40,Overall,Overall,35,4,41,-3.0,-2.620892,0.732626,869,37,
1,41,Overall,Overall,35,4,41,-2.5,-2.683378,0.748228,866,37,
1,42,Overall,Overall,35,5,41,-2.0,-2.457358,0.686176,877,34,
1,43,Overall,Overall,35,25,41,1.5,1.551752,0.306999,1078,15,
1,44,Overall,Overall,35,10,41,-1.0,-0.944513,0.413649,953,21,
1,45,Overall,Overall,35,26,41,2.0,1.508796,0.305114,1075,15,
1,46,Overall,Overall,35,6,41,-1.0,-1.427238,0.483723,929,24,
1,47,Overall,Overall,35,10,41,-0.5,-0.404259,0.352785,980,18,
1,48,Overall,Overall,35,13,41,0.0,-0.127988,0.325686,994,16,
1,49,Overall,Overall,35,6,41,-2.0,-1.6709,0.525659,916,26,
1,50,Overall,Overall,35,3,41,-2.0,-3.090863,0.862243,845,43,
1,51,Overall,Overall,35,26,41,1.5,1.721017,0.315707,1086,16,
1,52,Overall,Overall,35,8,41,-0.5,-0.50871,0.365786,975,18,
1,53,Overall,Overall,35,6,41,-1.5,-2.342208,0.657558,883,33,
1,54,Overall,Overall,35,0,41,-3.0,-5.0,1.669858,750,83,
1,55,Overall,Overall,35,9,41,-1.0,-0.796128,0.395115,960,20,
1,56,Overall,Overall,35,21,41,1.5,0.992576,0.296711,1050,15,
1,57,Overall,Overall,35,26,41,2.0,1.764081,0.328121,1088,16,
1,58,Overall,Overall,35,10,41,0.0,-0.745889,0.388693,963,19,
1,59,Overall,Overall,35,34,41,3.0,3.259274,0.446863,1163,22,
1,60,Overall,Overall,35,5,41,-2.5,-2.258182,0.641066,887,32,
1,61,Overall,Overall,35,27,41,2.0,2.1124,0.334292,1106,17,
1,62,Overall,Overall,35,7,41,-2.0,-1.456789,0.489883,927,24,
1,63,Overall,Overall,35,30,41,3.0,2.950867,0.397219,1148,20,
1,64,Overall,Overall,35,3,41,-2.5,-2.790237,0.776378,860,39,
1,65,Overall,Overall,35,13,41,0.0,-0.247929,0.336861,988,17,
1,66,Overall,Overall,35,34,41,3.0,3.537236,0.494865,1177,25,
1,67,Overall,Overall,35,3,41,-3.0,-3.47149,0.981294,826,49,
1,68,Overall,Overall,35,13,41,0.0,-0.008872,0.318156,1000,16,
1,69,Overall,Overall,35,5,41,-3.0,-2.370076,0.666086,881,33,
1,70,Overall,Overall,35,7,41,-0.5,-1.447264,0.488,928,24,
1,71,Overall,Overall,35,26,41,2.0,1.688624,0.325049,1084,16,
1,72,Overall,Overall,35,4,41,-3.0,-2.361567,0.669732,882,33,
1,73,Overall,Overall,35,11,41,0.0,-0.112779,0.326147,994,16,
1,74,Overall,Overall,35,11,41,-0.5,-0.601287,0.371409,970,19,
1,75,Overall,Overall,35,10,41,0.0,-0.628266,0.374064,969,19,
1,76,Overall,Overall,35,9,41,-0.5,-0.945958,0.41287,953,21,
1,77,Overall,Overall,35,2,41,-3.0,-3.438531,0.972384,828,49,
1,78,Overall,Overall,35,29,41,2.5,2.484541,0.354678,1124,18,
1,79,Overall,Overall,35,28,41,2.0,2.313893,0.343547,1116,17,
1,80,Overall,Overall,35,27,41,2.5,2.297439,0.343298,1115,17,
1,81,Overall,Overall,35,10,41,-0.5,-0.537545,0.364818,973,18,
1,82,Overall,Overall,35,19,41,0.5,0.742218,0.29466,1037,15,
1,83,Overall,Overall,35,2,41,-2.5,-3.545868,0.992144,823,50,
1,84,Overall,Overall,35,25,41,2.0,1.939305,0.328746,1097,16,
1,85,Overall,Overall,35,22,41,1.5,1.613279,0.319699,1081,16,
1,86,Overall,Overall,35,32,41,2.5,2.523372,0.359205,1126,18,
1,87,Overall,Overall,35,6,41,-2.5,-1.847179,0.562563,908,28,
1,88,Overall,Overall,35,20,41,1.0,0.948454,0.299696,1047,15,
1,89,Overall,Overall,35,8,41,-1.5,-1.15894,0.442658,942,22,
1,90,Overall,Overall,35,29,41,2.5,2.632808,0.371411,1132,19,
1,91,Overall,Overall,35,14,41,0.0,-0.008826,0.322049,1000,16,
1,92,Overall,Overall,35,22,41,2.5,1.726139,0.322105,1086,16,
1,93,Overall,Overall,35,22,41,1.0,1.16292,0.298884,1058,15,
1,94,Overall,Overall,35,1,41,-2.5,-3.999852,1.173536,800,59,
1,95,Overall,Overall,35,15,41,0.5,0.302403,0.302572,1015,15,
1,96,Overall,Overall,35,5,41,-1.0,-1.603566,0.519845,920,26,
1,97,Overall,Overall,35,24,41,1.0,1.403283,0.30492,1070,15,
1,98,Overall,Overall,35,26,41,2.5,2.183266,0.337289,1109,17,
1,99,Overall,Overall,35,23,41,1.5,1.254134,0.299209,1063,15,
1,100,Overall,Overall,35,2,41,-3.0,-3.663559,1.051135,817,53,
1,101,Overall,Overall,35,16,41,0.0,0.143662,0.313442,1007,16,
1,102,Overall,Overall,35,16,41,0.0,0.302849,0.304097,1015,15,
1,103,Overall,Overall,35,3,41,-3.0,-3.250775,0.911452,837,46,
1,104,Overall,Overall,35,19,41,1.0,0.751688,0.29758,1038,15,
1,105,Overall,Overall,35,14,41,0.0,0.23381,0.305817,1012,15,
1,106,Overall,Overall,35,2,41,-3.0,-3.75257,1.083089,812,54,
1,107,Overall,Overall,35,13,41,-0.5,-0.243943,0.337269,988,17,
1,108,Overall,Overall,35,3,41,-2.5,-2.723683,0.758704,864,38,
1,109,Overall,Overall,35,8,41,-0.5,-0.935228,0.412489,953,21,
1,110,Overall,Overall,35,6,41,-2.5,-2.047966,0.59836,898,30,
1,111,Overall,Overall,35,1,41,-3.0,-4.414257,1.353413,779,68,
1,112,Overall,Overall,35,29,41,2.5,2.697112,0.371324,1135,19,
1,113,Overall,Overall,35,21,41,1.0,0.936892,0.296,1047,15,
1,114,Overall,Overall,35,2,41,-3.0,-3.674553,1.047771,816,52,
1,115,Overall,Overall,35,12,41,0.0,-0.089784,0.324122,996,16,
1,116,Overall,Overall,35,12,41,0.5,0.266761,0.317812,1013,16,
1,117,Overall,Overall,35,26,41,1.5,1.899128,0.324903,1095,16,
1,118,Overall,Overall,35,31,41,3.0,3.000757,0.407754,1150,20,
1,119,Overall,Overall,35,30,41,3.0,2.544522,0.361894,1127,18,
1,120,Overall,Overall,35,33,41,3.0,3.060616,0.416211,1153,21,
1,121,Overall,Overall,35,5,41,-2.0,-2.341921,0.666101,883,33,
1,122,Overall,Overall,35,4,41,-2.0,-2.644164,0.738198,868,37,
1,123,Overall,Overall,35,0,41,-3.0,-5.0,1.693383,750,85,
1,124,Overall,Overall,35,5,41,-2.0,-2.352654,0.66858,882,33,
1,125,Overall,Overall,35,24,41,2.0,1.46436,0.307744,1073,15,
1,126,Overall,Overall,35,15,41,0.0,0.109674,0.312509,1005,16,
1,127,Overall,Overall,35,4,41,-3.0,-2.504948,0.698228,875,35,
1,128,Overall,Overall,35,8,41,-1.0,-1.175677,0.446291,941,22,
1,129,Overall,Overall,35,3,41,-3.0,-3.491959,0.974533,825,49,
1,130,Overall,Overall,35,6,41,-2.0,-1.724159,0.539482,914,27,
1,131,Overall,Overall,35,25,41,1.5,1.508453,0.306303,1075,15,
1,132,Overall,Overall,35,7,41,-1.0,-1.353859,0.473683,932,24,
1,133,Overall,Overall,35,3,41,-3.0,-3.305577,0.918338,835,46,
1,134,Overall,Overall,35,26,41,1.0,1.531647,0.306156,1077,15,
1,135,Overall,Overall,35,13,41,0.0,-0.28714,0.341265,986,17,
1,136,Overall,Overall,35,4,41,-3.0,-2.0324,0.600288,898,30,
1,137,Overall,Overall,35,23,41,1.5,1.186809,0.302152,1059,15,
1,138,Overall,Overall,35,25,41,1.5,1.481986,0.304918,1074,15,
1,139,Overall,Overall,35,15,41,0.5,0.216878,0.306145,1011,15,
1,140,Overall,Overall,35,10,41,-1.0,-0.806771,0.401256,960,20,
1,141,Overall,Overall,35,21,41,1.0,0.817275,0.295234,1041,15,
1,142,Overall,Overall,35,9,41,-1.0,-0.733809,0.388144,963,19,
1,143,Overall,Overall,35,19,41,0.5,0.7317,0.294338,1037,15,
1,144,Overall,Overall,35,28,41,2.0,1.941318,0.329052,1097,16,
1,145,Overall,Overall,35,5,41,-2.0,-2.04728,0.604336,898,30,
1,146,Overall,Overall,35,24,41,1.0,1.106573,0.300666,1055,15,
1,147,Overall,Overall,35,6,41,-2.5,-1.745698,0.546078,913,27,
1,148,Overall,Overall,35,21,41,1.0,0.931228,0.296735,1047,15,
1,149,Overall,Overall,35,5,41,-1.5,-2.285141,0.646966,886,32,
1,150,Overall,Overall,35,24,41,1.5,1.286731,0.300344,1064,15,
1,151,Overall,Overall,35,13,41,0.5,-0.131009,0.331589,993,17,
1,152,Overall,Overall,35,5,41,-2.5,-2.054911,0.602925,897,30,
1,153,Overall,Overall,35,24,41,1.5,1.063203,0.298444,1053,15,
1,154,Overall,Overall,35,28,41,3.0,2.980335,0.419376,1149,21,
1,155,Overall,Overall,35,19,41,1.0,0.736649,0.297436,1037,15,
1,156,Overall,Overall,35,3,41,-3.0,-3.666155,1.038772,817,52,
1,157,Overall,Overall,35,30,41,2.5,2.537699,0.359752,1127,18,
1,158,Overall,Overall,35,4,41,-2.5,-2.939165,0.828677,853,41,
1,159,Overall,Overall,35,34,41,3.0,3.248179,0.447341,1162,22,
1,160,Overall,Overall,35,3,41,-3.0,-3.138256,0.876131,843,44,
1,161,Overall,Overall,35,2,41,-3.0,-3.804631,1.095308,810,55,
1,162,Overall,Overall,35,4,41,-3.0,-2.304215,0.660663,885,33,
1,163,Overall,Overall,35,4,41,-2.5,-2.407861,0.674616,880,34,
1,164,Overall,Overall,35,28,41,2.0,2.164702,0.336038,1108,17,
1,165,Overall,Overall,35,3,41,-2.0,-3.238936,0.915454,838,46,
1,166,Overall,Overall,35,25,41,2.5,2.220937,0.340363,1111,17,
1,167,Overall,Overall,35,27,41,2.5,2.199006,0.338374,1110,17,
1,168,Overall,Overall,35,9,41,-1.5,-0.834306,0.400454,958,20,
1,169,Overall,Overall,35,31,41,3.0,3.012989,0.404556,1151,20,
1,170,Overall,Overall,35,25,41,2.0,1.730671,0.320678,1087,16,
1,171,Overall,Overall,35,7,41,-3.0,-1.913202,0.577217,904,29,
1,172,Overall,Overall,35,6,41,-1.5,-1.614255,0.518496,919,26,
1,173,Overall,Overall,35,12,41,0.0,-0.251328,0.336659,987,17,
1,174,Overall,Overall,35,30,41,3.0,3.48407,0.485732,1174,24,
1,175,Overall,Overall,35,31,41,3.0,2.95459,0.402996,1148,20,
1,176,Overall,Overall,35,31,41,2.5,2.643582,0.369424,1132,18,
1,177,Overall,Overall,35,9,41,-0.5,-0.628347,0.375789,969,19,
1,178,Overall,Overall,35,5,41,-2.5,-2.579014,0.722145,871,36,
1,179,Overall,Overall,35,22,41,1.5,1.255082,0.298804,1063,15,
1,180,Overall,Overall,35,6,41,-3.0,-2.207266,0.628539,890,31,
1,181,Overall,Overall,35,16,41,0.0,0.200407,0.306516,1010,15,
1,182,Overall,Overall,35,5,41,-2.0,-1.947594,0.579842,903,29,
1,183,Overall,Overall,35,26,41,1.5,2.053602,0.33113,1103,17,
1,184,Overall,Overall,35,17,41,1.0,0.715156,0.297664,1036,15,
1,185,Overall,Overall,35,15,41,0.5,0.30329,0.302553,1015,15,
1,186,Overall,Overall,35,32,41,3.0,3.235483,0.445624,1162,22,
1,187,Overall,Overall,35,3,41,-2.5,-3.255913,0.916119,837,46,
1,188,Overall,Overall,35,9,41,0.0,-0.69131,0.383156,965,19,
1,189,Overall,Overall,35,3,41,-2.0,-3.190153,0.892863,840,45,
1,190,Overall,Overall,35,20,41,1.0,0.865128,0.295864,1043,15,
1,191,Overall,Overall,35,12,41,0.0,-0.080546,0.325406,996,16,
1,192,Overall,Overall,35,34,41,3.0,3.510282,0.490063,1176,25,
1,193,Overall,Overall,35,27,41,3.0,2.178053,0.337567,1109,17,
1,194,Overall,Overall,35,22,41,1.0,1.319406,0.302892,1066,15,
1,195,Overall,Overall,35,5,41,-1.5,-1.749241,0.556859,913,28,
1,196,Overall,Overall,35,34,41,3.0,3.526777,0.484364,1176,24,
1,197,Overall,Overall,35,9,41,-1.5,-0.923116,0.409806,954,20,
1,198,Overall,Overall,35,26,41,1.5,1.822265,0.326521,1091,16,
1,199,Overall,Overall,35,16,41,0.5,0.41796,0.298797,1021,15,
1,200,Overall,Overall,35,5,41,-2.0,-1.894251,0.573131,905,29,
1,201,Overall,Overall,35,3,41,-2.5,-3.334355,0.938708,833,47,
1,202,Overall,Overall,35,25,41,2.0,1.648841,0.315864,1082,16,
1,203,Overall,Overall,35,25,41,1.0,1.74444,0.31784,1087,16,
1,204,Overall,Overall,35,0,41,-3.0,-5.0,1.669858,750,83,
1,205,Overall,Overall,35,26,41,2.0,2.085153,0.331373,1104,17,
1,206,Overall,Overall,35,7,41,-1.0,-1.352869,0.473502,932,24,
1,207,Overall,Overall,35,2,41,-3.0,-3.721741,1.044196,814,52,
1,208,Overall,Overall,35,32,41,3.0,2.653344,0.369782,1133,18,
1,209,Overall,Overall,35,4,41,-2.5,-2.445333,0.681098,878,34,
1,210,Overall,Overall,35,3,41,-3.0,-3.003076,0.834929,850,42,
1,211,Overall,Overall,35,25,41,1.5,1.851644,0.323919,1093,16,
1,212,Overall,Overall,35,20,41,1.0,0.910353,0.296277,1046,15,
1,213,Overall,Overall,35,25,41,1.5,1.409569,0.303823,1070,15,
1,214,Overall,Overall,35,29,41,3.0,3.226536,0.450274,1161,23,
1,215,Overall,Overall,35,6,41,-1.5,-1.535803,0.503584,923,25,
1,216,Overall,Overall,35,8,41,-1.0,-1.274264,0.460142,936,23,
1,217,Overall,Overall,35,3,41,-2.5,-3.508619,0.985477,825,49,
1,218,Overall,Overall,35,28,41,2.5,2.553804,0.358171,1128,18,
1,219,Overall,Overall,35,11,41,0.0,-0.203036,0.331745,990,17,
1,220,Overall,Overall,35,25,41,2.5,2.123842,0.336709,1106,17,
1,221,Overall,Overall,35,22,41,2.0,1.179233,0.299243,1059,15,
1,222,Overall,Overall,35,14,41,0.0,0.35693,0.30249,1018,15,
1,223,Overall,Overall,35,0,41,-3.0,-5.0,1.669858,750,83,
1,224,Overall,Overall,35,16,41,0.5,0.567041,0.295646,1028,15,
1,225,Overall,Overall,35,33,41,3.0,3.025006,0.416756,1151,21,
1,226,Overall,Overall,35,3,41,-3.0,-2.592035,0.730779,870,37,
1,227,Overall,Overall,35,2,41,-3.0,-3.790076,1.083148,810,54,
1,228,Overall,Overall,35,6,41,-1.5,-1.796248,0.55085,910,28,
1,229,Overall,Overall,35,29,41,3.0,2.512446,0.355436,1126,18,
1,230,Overall,Overall,35,31,41,2.5,2.816375,0.386407,1141,19,
1,231,Overall,Overall,35,8,41,-1.0,-0.72347,0.387624,964,19,
1,232,Overall,Overall,35,4,41,-3.0,-2.188251,0.63479,891,32,
1,233,Overall,Overall,35,28,41,2.0,1.825726,0.322933,1091,16,
1,234,Overall,Overall,35,6,41,-2.5,-1.666072,0.531839,917,27,
1,235,Overall,Overall,35,4,41,-2.5,-2.739891,0.762965,863,38,
1,236,Overall,Overall,35,4,41,-1.5,-2.566639,0.724387,872,36,
1,237,Overall,Overall,35,8,41,-1.0,-0.604541,0.371797,970,19,
1,238,Overall,Overall,35,4,41,-1.5,-1.562755,0.519303,922,26,
1,239,Overall,Overall,35,28,41,3.0,2.633768,0.369914,1132,18,
1,240,Overall,Overall,35,18,41,0.5,0.433343,0.299271,1022,15,
1,241,Overall,Overall,35,31,41,3.0,2.750105,0.380096,1138,19,
1,242,Overall,Overall,35,8,41,-1.5,-0.990493,0.42424,950,21,
1,243,Overall,Overall,35,16,41,0.5,0.415221,0.298897,1021,15,
1,244,Overall,Overall,35,6,41,-1.5,-1.82362,0.555407,909,28,
1,245,Overall,Overall,35,30,41,2.5,2.732398,0.374418,1137,19,
1,246,Overall,Overall,35,11,41,0.0,-0.114381,0.326045,994,16,
1,247,Overall,Overall,35,12,41,-0.5,-0.497823,0.360624,975,18,
1,248,Overall,Overall,35,32,41,3.0,3.27348,0.432412,1164,22,
1,249,Overall,Overall,35,11,41,-0.5,-0.462059,0.356063,977,18,
1,250,Overall,Overall,35,27,41,2.0,2.459419,0.354112,1123,18,
1,251,Overall,Overall,35,17,41,1.0,0.655811,0.294978,1033,15,
1,252,Overall,Overall,35,30,41,3.0,2.670592,0.373967,1134,19,
1,253,Overall,Overall,35,19,41,0.5,0.758551,0.294299,1038,15,
1,254,Overall,Overall,35,23,41,1.5,1.344546,0.300593,1067,15,
1,255,Overall,Overall,35,27,41,2.5,1.768151,0.332301,1088,17,
1,256,Overall,Overall,35,30,41,2.5,2.827002,0.385824,1141,19,
1,257,Overall,Overall,35,12,41,0.0,-0.178749,0.329794,991,16,
1,258,Overall,Overall,35,11,41,0.0,-0.51849,0.362,974,18,
1,259,Overall,Overall,35,8,41,-0.5,-1.133038,0.438975,943,22,
1,260,Overall,Overall,35,17,41,0.5,0.540255,0.296208,1027,15,
1,261,Overall,Overall,35,7,41,-0.5,-0.827613,0.401758,959,20,
1,262,Overall,Overall,35,27,41,2.0,1.674741,0.331447,1084,17,
1,263,Overall,Overall,35,32,41,3.0,2.921694,0.401808,1146,20,
1,264,Overall,Overall,35,31,41,2.5,2.841559,0.392076,1142,20,
1,265,Overall,Overall,35,19,41,0.5,0.600705,0.29582,1030,15,
1,266,Overall,Overall,35,17,41,1.5,1.000921,0.306536,1050,15,
1,267,Overall,Overall,35,31,41,2.5,2.575624,0.361569,1129,18,
1,268,Overall,Overall,35,19,41,0.0,0.647197,0.295055,1032,15,
1,269,Overall,Overall,35,10,41,-0.5,-0.432983,0.35445,978,18,
1,270,Overall,Overall,35,5,41,-2.5,-1.922727,0.57084,904,29,
1,271,Overall,Overall,35,3,41,-2.0,-3.159871,0.888584,842,44,
1,272,Overall,Overall,35,26,41,1.5,2.007509,0.328745,1100,16,
1,273,Overall,Overall,35,25,41,1.5,1.722095,0.317069,1086,16,
1,274,Overall,Overall,35,13,41,0.0,-0.043613,0.319966,998,16,
1,275,Overall,Overall,35,18,41,0.5,0.619058,0.29969,1031,15,
1,276,Overall,Overall,35,30,41,2.0,2.43744,0.350976,1122,18,
1,277,Overall,Overall,35,6,41,-2.5,-1.83966,0.559742,908,28,
1,278,Overall,Overall,35,9,41,-0.5,-0.509275,0.361148,975,18,
1,279,Overall,Overall,35,9,41,-1.5,-0.831338,0.40025,958,20,
1,280,Overall,Overall,35,9,41,-0.5,-0.561851,0.368515,972,18,
1,281,Overall,Overall,35,2,41,-2.5,-3.085682,0.851061,846,43,
1,282,Overall,Overall,35,33,41,3.0,3.40426,0.465008,1170,23,
1,283,Overall,Overall,35,6,41,-2.0,-1.939365,0.575142,903,29,
1,284,Overall,Overall,35,25,41,2.0,1.912083,0.325664,1096,16,
1,285,Overall,Overall,35,16,41,1.0,0.444927,0.305142,1022,15,
1,286,Overall,Overall,35,15,41,-0.5,0.162586,0.310942,1008,16,
1,287,Overall,Overall,35,13,41,0.5,0.149758,0.309446,1007,15,
1,288,Overall,Overall,35,6,41,-1.0,-1.240192,0.461163,938,23,
1,289,Overall,Overall,35,14,41,0.5,0.453078,0.312221,1023,16,
1,290,Overall,Overall,35,25,41,2.0,2.191387,0.338957,1110,17,
1,291,Overall,Overall,35,16,41,0.5,0.366035,0.300499,1018,15,
1,292,Overall,Overall,35,3,41,-3.0,-3.19318,0.883515,840,44,
1,293,Overall,Overall,35,5,41,-2.0,-2.334496,0.66462,883,33,
1,294,Overall,Overall,35,15,41,0.0,0.023721,0.31555,1001,16,
1,295,Overall,Overall,35,3,41,-3.0,-2.963692,0.825971,852,41,
1,296,Overall,Overall,35,3,41,-2.5,-3.224778,0.893967,839,45,
1,297,Overall,Overall,35,24,41,1.5,1.696114,0.319765,1085,16,
1,298,Overall,Overall,35,22,41,0.5,0.756477,0.297302,1038,15,
1,299,Overall,Overall,35,5,41,-2.5,-2.303623,0.678388,885,34,
1,300,Overall,Overall,35,6,41,-1.0,-1.663175,0.525931,917,26,
1,301,Overall,Overall,35,8,41,-1.0,-1.064797,0.429601,947,21,
1,302,Overall,Overall,35,32,41,2.5,2.652126,0.370817,1133,19,
1,303,Overall,Overall,35,22,41,1.0,1.104566,0.2978,1055,15,
1,304,Overall,Overall,35,10,41,-0.5,-0.208971,0.332689,990,17,
1,305,Overall,Overall,35,21,41,1.5,1.570427,0.318609,1079,16,
1,306,Overall,Overall,35,24,41,1.0,1.19876,0.302315,1060,15,
1,307,Overall,Overall,35,7,41,-0.5,-0.963237,0.421341,952,21,
1,308,Overall,Overall,35,14,41,-0.5,0.175357,0.309358,1009,15,
1,309,Overall,Overall,35,24,41,2.0,1.299118,0.305621,1065,15,
1,310,Overall,Overall,35,20,41,1.0,0.838188,0.296257,1042,15,
1,311,Overall,Overall,35,7,41,-1.5,-1.229111,0.453255,939,23,
1,312,Overall,Overall,35,7,41,-2.5,-0.929785,0.415034,954,21,
1,313,Overall,Overall,35,2,41,-3.0,-3.594871,1.021445,820,51,
1,314,Overall,Overall,35,4,41,-2.5,-2.707814,0.747448,865,37,
1,315,Overall,Overall,35,24,41,1.5,1.674718,0.314049,1084,16,
1,316,Overall,Overall,35,17,41,0.0,0.29921,0.305269,1015,15,
1,317,Overall,Overall,35,32,41,3.0,3.84002,0.523981,1192,26,
1,318,Overall,Overall,35,3,41,-3.0,-3.040073,0.830017,848,42,
1,319,Overall,Overall,35,6,41,-1.5,-1.339095,0.478244,933,24,
1,320,Overall,Overall,35,33,41,3.0,3.117286,0.427544,1156,21,
1,321,Overall,Overall,35,9,41,-0.5,-0.97105,0.416289,951,21,
1,322,Overall,Overall,35,7,41,-2.5,-1.935412,0.575656,903,29,
1,323,Overall,Overall,35,10,41,-1.0,-0.832335,0.399208,958,20,
1,324,Overall,Overall,35,5,41,-1.5,-1.524886,0.509388,924,25,
1,325,Overall,Overall,35,4,41,-2.0,-2.255729,0.646125,887,32,
1,326,Overall,Overall,35,2,41,-2.5,-4.284779,1.274059,786,64,
1,327,Overall,Overall,35,11,41,0.0,-0.135108,0.327695,993,16,
1,328,Overall,Overall,35,26,41,2.0,2.071311,0.331557,1104,17,
1,329,Overall,Overall,35,16,41,0.0,0.527561,0.296533,1026,15,
1,330,Overall,Overall,35,30,41,3.0,3.320087,0.462389,1166,23,
1,331,Overall,Overall,35,28,41,2.0,1.752692,0.317936,1088,16,
1,332,Overall,Overall,35,23,41,2.0,1.354329,0.300707,1068,15,
1,333,Overall,Overall,35,10,41,-0.5,-0.927022,0.411192,954,21,
1,334,Overall,Overall,35,29,41,1.5,1.97683,0.330537,1099,17,
1,335,Overall,Overall,35,26,41,2.0,2.084066,0.332592,1104,17,
1,336,Overall,Overall,35,7,41,-0.5,-0.690955,0.383414,965,19,
1,337,Overall,Overall,35,22,41,1.0,1.03373,0.298707,1052,15,
1,338,Overall,Overall,35,8,41,-0.5,-0.862337,0.402608,957,20,
1,339,Overall,Overall,35,12,41,-1.0,-0.159947,0.328449,992,16,
1,340,Overall,Overall,35,6,41,-1.5,-1.583447,0.516877,921,26,
1,341,Overall,Overall,35,21,41,1.0,1.219765,0.298383,1061,15,
1,342,Overall,Overall,35,18,41,0.5,0.373697,0.300821,1019,15,
1,343,Overall,Overall,35,30,41,3.0,2.964,0.4069,1148,20,
1,344,Overall,Overall,35,22,41,1.0,0.844804,0.295798,1042,15,
1,345,Overall,Overall,35,31,41,2.5,2.603799,0.364152,1130,18,
1,346,Overall,Overall,35,22,41,0.5,0.801227,0.299555,1040,15,
1,347,Overall,Overall,35,29,41,2.0,1.912543,0.326059,1096,16,
1,348,Overall,Overall,35,18,41,1.0,0.588986,0.29628,1029,15,
1,349,Overall,Overall,35,20,41,1.0,1.119931,0.301789,1056,15,
1,350,Overall,Overall,35,24,41,1.5,2.111744,0.334476,1106,17,
1,351,Overall,Overall,35,3,41,-2.5,-2.757929,0.772902,862,39,
1,352,Overall,Overall,35,18,41,1.0,0.809001,0.304353,1040,15,
1,353,Overall,Overall,35,7,41,-2.5,-1.808846,0.549761,910,27,
1,354,Overall,Overall,35,3,41,-2.5,-2.974663,0.828142,851,41,
1,355,Overall,Overall,35,12,41,-0.5,-0.242113,0.334986,988,17,
1,356,Overall,Overall,35,15,41,1.0,0.572976,0.304398,1029,15,
1,357,Overall,Overall,35,27,41,2.5,1.822811,0.320745,1091,16,
1,358,Overall,Overall,35,16,41,0.0,0.250059,0.304525,1013,15,
1,359,Overall,Overall,35,12,41,0.0,0.05751,0.32527,1003,16,
1,360,Overall,Overall,35,9,41,0.0,-0.411768,0.353913,979,18,
1,361,Overall,Overall,35,33,41,3.0,3.228351,0.441649,1161,22,
1,362,Overall,Overall,35,26,41,1.0,1.541125,0.306527,1077,15,
1,363,Overall,Overall,35,2,41,-3.0,-3.04007,0.846642,848,42,
1,364,Overall,Overall,35,16,41,0.5,0.661574,0.302199,1033,15,
1,365,Overall,Overall,35,13,41,-0.5,-0.174376,0.330557,991,17,
1,366,Overall,Overall,35,27,41,2.0,2.115849,0.33292,1106,17,
1,367,Overall,Overall,35,28,41,2.0,1.687504,0.314155,1084,16,
1,368,Overall,Overall,35,6,41,-3.0,-2.087209,0.605197,896,30,
1,369,Overall,Overall,35,2,41,-2.0,-3.039669,0.853127,848,43,
1,370,Overall,Overall,35,26,41,1.5,1.484861,0.305271,1074,15,
1,371,Overall,Overall,35,22,41,0.0,0.989818,0.297234,1049,15,
1,372,Overall,Overall,35,12,41,0.0,-0.303879,0.343298,985,17,
1,373,Overall,Overall,35,9,41,0.0,-0.91396,0.408414,954,20,
1,374,Overall,Overall,35,30,41,2.5,2.795005,0.381903,1140,19,
1,375,Overall,Overall,35,4,41,-2.0,-2.388301,0.667445,881,33,
1,376,Overall,Overall,35,2,41,-3.0,-3.145215,0.885571,843,44,
1,377,Overall,Overall,35,6,41,-2.5,-1.681412,0.532908,916,27,
1,378,Overall,Overall,35,23,41,1.0,1.165209,0.298505,1058,15,
1,379,Overall,Overall,35,24,41,1.0,1.37324,0.301301,1069,15,
1,380,Overall,Overall,35,20,41,1.0,0.812584,0.295176,1041,15,
1,381,Overall,Overall,35,27,41,3.0,2.202651,0.337212,1110,17,
1,382,Overall,Overall,35,27,41,2.0,1.870533,0.3257,1094,16,
1,383,Overall,Overall,35,21,41,0.5,0.916389,0.296835,1046,15,
1,384,Overall,Overall,35,8,41,-1.0,-0.722352,0.38898,964,19,
1,385,Overall,Overall,35,5,41,-3.0,-2.250652,0.646758,887,32,
1,386,Overall,Overall,35,7,41,-2.0,-1.622377,0.518923,919,26,
1,387,Overall,Overall,35,33,41,3.0,3.324479,0.450627,1166,23,
1,388,Overall,Overall,35,9,41,-1.5,-0.887177,0.405921,956,20,
1,389,Overall,Overall,35,26,41,2.0,1.571691,0.307778,1079,15,
1,390,Overall,Overall,35,1,41,-2.5,-5.0,1.671327,750,84,
1,391,Overall,Overall,35,12,41,0.0,0.049425,0.325485,1002,16,
1,392,Overall,Overall,35,30,41,3.0,3.47413,0.482358,1174,24,
1,393,Overall,Overall,35,4,41,-2.5,-1.980828,0.589036,901,29,
1,394,Overall,Overall,35,22,41,1.5,1.207921,0.29863,1060,15,
1,395,Overall,Overall,35,14,41,-0.5,-0.281277,0.343086,986,17,
1,396,Overall,Overall,35,7,41,-1.0,-1.507753,0.496953,925,25,
1,397,Overall,Overall,35,27,41,2.5,2.235327,0.339804,1112,17,
1,398,Overall,Overall,35,8,41,-1.5,-1.394522,0.479897,930,24,
1,399,Overall,Overall,35,14,41,0.0,0.162085,0.308805,1008,15,
1,400,Overall,Overall,35,9,41,-1.0,-0.76251,0.389551,962,19,
1,401,Overall,Overall,35,5,41,-2.5,-2.391746,0.681547,880,34,
1,402,Overall,Overall,35,6,41,-1.5,-1.384533,0.478719,931,24,
1,403,Overall,Overall,35,15,41,0.5,0.404054,0.299898,1020,15,
1,404,Overall,Overall,35,18,41,0.5,0.611172,0.295019,1031,15,
1,405,Overall,Overall,35,18,41,0.0,0.31343,0.302662,1016,15,
1,406,Overall,Overall,35,32,41,3.0,3.706594,0.503464,1185,25,
1,407,Overall,Overall,35,5,41,-3.0,-2.158844,0.62482,892,31,
1,408,Overall,Overall,35,27,41,2.5,2.71241,0.376973,1136,19,
1,409,Overall,Overall,35,7,41,-1.5,-1.613881,0.519613,919,26,
1,410,Overall,Overall,35,21,41,1.5,1.016645,0.297417,1051,15,
1,411,Overall,Overall,35,4,41,-3.0,-3.153492,0.88226,842,44,
1,412,Overall,Overall,35,31,41,2.5,2.091114,0.338973,1105,17,
1,413,Overall,Overall,35,20,41,1.0,1.078953,0.299875,1054,15,
1,414,Overall,Overall,35,15,41,0.0,-0.098388,0.326051,995,16,
1,415,Overall,Overall,35,21,41,1.0,1.122243,0.29951,1056,15,
1,416,Overall,Overall,35,4,41,-2.0,-2.002361,0.610741,900,31,
1,417,Overall,Overall,35,28,41,2.5,2.001764,0.333399,1100,17,
1,418,Overall,Overall,35,9,41,-1.0,-0.4531,0.355072,977,18,
1,419,Overall,Overall,35,20,41,1.0,1.138511,0.297993,1057,15,
1,420,Overall,Overall,35,30,41,3.0,2.880442,0.390469,1144,20,
1,421,Overall,Overall,35,31,41,3.0,2.775979,0.381713,1139,19,
1,422,Overall,Overall,35,21,41,0.5,0.835874,0.296633,1042,15,
1,423,Overall,Overall,35,32,41,3.0,2.991064,0.406972,1150,20,
1,424,Overall,Overall,35,22,41,1.0,1.066419,0.297744,1053,15,
1,425,Overall,Overall,35,28,41,1.5,1.830683,0.322122,1092,16,
1,426,Overall,Overall,35,29,41,3.0,2.840253,0.392797,1142,20,
1,427,Overall,Overall,35,25,41,1.0,1.235457,0.299517,1062,15,
1,428,Overall,Overall,35,20,41,0.5,1.030466,0.301793,1052,15,
1,429,Overall,Overall,35,4,41,-2.0,-3.04389,0.844568,848,42,
1,430,Overall,Overall,35,6,41,-1.5,-2.145327,0.617875,893,31,
1,431,Overall,Overall,35,19,41,0.5,0.701174,0.298362,1035,15,
1,432,Overall,Overall,35,9,41,-0.5,-0.469544,0.356323,977,18,
1,433,Overall,Overall,35,10,41,0.0,-0.626867,0.373906,969,19,
1,434,Overall,Overall,35,13,41,-0.5,-0.012138,0.318272,999,16,
1,435,Overall,Overall,35,3,41,-2.5,-3.30781,0.90823,835,45,
1,436,Overall,Overall,35,7,41,-1.0,-1.042225,0.430013,948,22,
1,437,Overall,Overall,35,19,41,0.5,0.781805,0.296866,1039,15,
1,438,Overall,Overall,35,3,41,-2.5,-3.157294,0.882165,842,44,
1,439,Overall,Overall,35,22,41,1.5,1.258922,0.298862,1063,15,
1,440,Overall,Overall,35,29,41,3.0,2.686639,0.374792,1134,19,
1,441,Overall,Overall,35,26,41,2.0,2.143399,0.334804,1107,17,
1,442,Overall,Overall,35,30,41,3.0,3.525341,0.478083,1176,24,
1,443,Overall,Overall,35,22,41,1.5,1.082964,0.297443,1054,15,
1,444,Overall,Overall,35,27,41,1.5,1.761166,0.318723,1088,16,
1,445,Overall,Overall,35,6,41,-2.0,-1.720818,0.534455,914,27,
1,446,Overall,Overall,35,28,41,3.0,2.665946,0.370202,1133,19,
1,447,Overall,Overall,35,7,41,-1.0,-1.528688,0.501827,924,25,
1,448,Overall,Overall,35,8,41,-0.5,-0.922109,0.409672,954,20,
1,449,Overall,Overall,35,28,41,2.0,1.709302,0.3205,1085,16,
1,450,Overall,Overall,35,25,41,2.0,1.772255,0.320277,1089,16,
1,451,Overall,Overall,35,31,41,3.0,2.875246,0.393076,1144,20,
1,452,Overall,Overall,35,5,41,-2.5,-1.781646,0.549525,911,27,
1,453,Overall,Overall,35,4,41,-2.0,-2.501261,0.703298,875,35,
1,454,Overall,Overall,35,27,41,2.0,1.688787,0.314225,1084,16,
1,455,Overall,Overall,35,17,41,0.5,0.244954,0.309904,1012,15,
1,456,Overall,Overall,35,6,41,-1.5,-2.055515,0.603242,897,30,
1,457,Overall,Overall,35,17,41,0.5,0.652646,0.29506,1033,15,
1,458,Overall,Overall,35,30,41,3.0,3.409352,0.480834,1170,24,
1,459,Overall,Overall,35,20,41,1.0,0.757223,0.294965,1038,15,
1,460,Overall,Overall,35,32,41,2.5,3.150425,0.429406,1158,21,
1,461,Overall,Overall,35,6,41,-2.0,-1.61373,0.521348,919,26,
1,462,Overall,Overall,35,30,41,2.5,2.810459,0.382766,1141,19,
1,463,Overall,Overall,35,33,41,3.0,2.593464,0.366437,1130,18,
1,464,Overall,Overall,35,5,41,-1.0,-1.755226,0.549803,912,27,
1,465,Overall,Overall,35,29,41,2.5,2.391103,0.349898,1120,17,
1,466,Overall,Overall,35,9,41,-1.0,-0.476252,0.359036,976,18,
1,467,Overall,Overall,35,23,41,1.0,1.259229,0.299192,1063,15,
1,468,Overall,Overall,35,6,41,-2.5,-1.697754,0.538657,915,27,
1,469,Overall,Overall,35,27,41,2.5,2.439131,0.351317,1122,18,
1,470,Overall,Overall,35,3,41,-2.5,-2.692282,0.750312,865,38,
1,471,Overall,Overall,35,21,41,0.5,0.623169,0.300175,1031,15,
1,472,Overall,Overall,35,15,41,0.0,0.109837,0.31145,1005,16,
1,473,Overall,Overall,35,8,41,-0.5,-0.922445,0.409716,954,20,
1,474,Overall,Overall,35,4,41,-1.5,-1.925792,0.59013,904,30,
1,475,Overall,Overall,35,3,41,-3.0,-2.818614,0.776082,859,39,
1,476,Overall,Overall,35,9,41,-0.5,-0.793492,0.395465,960,20,
1,477,Overall,Overall,35,18,41,1.0,0.706863,0.294782,1035,15,
1,478,Overall,Overall,35,7,41,-1.5,-1.178959,0.445775,941,22,
1,479,Overall,Overall,35,10,41,0.0,-0.44894,0.355646,978,18,
1,480,Overall,Overall,35,11,41,-1.0,-0.702955,0.388301,965,19,
1,481,Overall,Overall,35,9,41,-1.0,-0.483875,0.359897,976,18,
1,482,Overall,Overall,35,26,41,2.0,2.396773,0.349931,1120,17,
1,483,Overall,Overall,35,11,41,0.0,-0.246719,0.336909,988,17,
1,484,Overall,Overall,35,18,41,0.0,0.452515,0.29793,1023,15,
1,485,Overall,Overall,35,6,41,-3.0,-1.70523,0.53939,915,27,
1,486,Overall,Overall,35,7,41,-0.5,-0.910388,0.410227,954,21,
1,487,Overall,Overall,35,3,41,-3.0,-3.004021,0.827294,850,41,
1,488,Overall,Overall,35,8,41,-1.0,-1.359459,0.47323,932,24,
1,489,Overall,Overall,35,8,41,-1.0,-1.13015,0.438558,943,22,
1,490,Overall,Overall,35,18,41,0.0,0.418694,0.300405,1021,15,
1,491,Overall,Overall,35,14,41,0.0,0.190985,0.306902,1010,15,
1,492,Overall,Overall,35,25,41,1.5,1.827668,0.323089,1091,16,
1,493,Overall,Overall,35,7,41,-2.0,-1.514861,0.499436,924,25,
1,494,Overall,Overall,35,25,41,1.5,1.570968,0.308025,1079,15,
1,495,Overall,Overall,35,23,41,0.5,1.189639,0.302193,1059,15,
1,496,Overall,Overall,35,5,41,-3.0,-2.456249,0.692308,877,35,
1,497,Overall,Overall,35,19,41,0.0,0.559743,0.299666,1028,15,
1,498,Overall,Overall,35,7,41,-1.0,-0.802791,0.403788,960,20,
1,499,Overall,Overall,35,5,41,-2.0,-1.853223,0.561071,907,28,
1,500,Overall,Overall,35,9,41,-1.0,-0.918253,0.410082,954,21,
1,501,Overall,Overall,35,31,41,2.5,2.493285,0.35615,1125,18,
1,502,Overall,Overall,35,6,41,-2.0,-1.871452,0.563217,906,28,
1,503,Overall,Overall,35,4,41,-2.5,-2.425149,0.678711,879,34,
1,504,Overall,Overall,35,6,41,-1.5,-1.468005,0.492571,927,25,
1,505,Overall,Overall,35,28,41,3.0,2.820742,0.388313,1141,19,
1,506,Overall,Overall,35,26,41,1.5,1.567337,0.308518,1078,15,
1,507,Overall,Overall,35,12,41,-0.5,-0.051697,0.320912,997,16,
1,508,Overall,Overall,35,20,41,1.5,1.19673,0.298096,1060,15,
1,509,Overall,Overall,35,12,41,0.0,-0.01089,0.317716,999,16,
1,510,Overall,Overall,35,4,41,-2.0,-2.426656,0.676079,879,34,
1,511,Overall,Overall,35,7,41,-1.0,-1.423498,0.484067,929,24,
1,512,Overall,Overall,35,13,41,0.5,0.040355,0.316996,1002,16,
1,513,Overall,Overall,35,9,41,-1.5,-1.048876,0.427097,948,21,
1,514,Overall,Overall,35,20,41,0.5,0.637413,0.297101,1032,15,
1,515,Overall,Overall,35,22,41,1.0,0.774652,0.302568,1039,15,
1,516,Overall,Overall,35,8,41,-1.0,-1.156927,0.442454,942,22,
1,517,Overall,Overall,35,30,41,3.0,3.145938,0.430599,1157,22,
1,518,Overall,Overall,35,9,41,-2.0,-1.075214,0.430961,946,22,
1,519,Overall,Overall,35,8,41,-1.0,-1.202544,0.449249,940,22,
1,520,Overall,Overall,35,23,41,1.0,0.99405,0.299828,1050,15,
1,521,Overall,Overall,35,27,41,2.5,2.650826,0.373137,1133,19,
1,522,Overall,Overall,35,7,41,-2.5,-1.589265,0.515471,921,26,
1,523,Overall,Overall,35,30,41,2.5,2.467465,0.347766,1123,17,
1,524,Overall,Overall,35,12,41,0.0,-0.249445,0.336537,988,17,
1,525,Overall,Overall,35,4,41,-2.0,-2.141495,0.624237,893,31,
1,526,Overall,Overall,35,8,41,-0.5,-0.850108,0.403131,957,20,
1,527,Overall,Overall,35,19,41,0.0,0.47272,0.297631,1024,15,
1,528,Overall,Overall,35,26,41,1.5,1.740947,0.317799,1087,16,
1,529,Overall,Overall,35,3,41,-1.5,-3.001898,0.834012,850,42,
1,530,Overall,Overall,35,4,41,-2.5,-2.599645,0.72801,870,36,
1,531,Overall,Overall,35,30,41,2.5,2.664025,0.369777,1133,18,
1,532,Overall,Overall,35,8,41,-1.0,-1.087208,0.433775,946,22,
1,533,Overall,Overall,35,8,41,-1.0,-0.567446,0.367802,972,18,
1,534,Overall,Overall,35,33,41,3.0,3.157631,0.430553,1158,22,
1,535,Overall,Overall,35,12,41,-1.0,-0.331342,0.34356,983,17,
1,536,Overall,Overall,35,9,41,-1.5,-1.042196,0.426101,948,21,
1,537,Overall,Overall,35,10,41,-0.5,-0.565078,0.366927,972,18,
1,538,Overall,Overall,35,18,41,0.5,0.681133,0.295247,1034,15,
1,539,Overall,Overall,35,26,41,1.5,1.334652,0.313238,1067,16,
1,540,Overall,Overall,35,18,41,1.5,1.005431,0.306479,1050,15,
1,541,Overall,Overall,35,5,41,-1.5,-2.058567,0.602629,897,30,
1,542,Overall,Overall,35,2,41,-2.5,-3.323101,0.923408,834,46,
1,543,Overall,Overall,35,17,41,0.5,0.742127,0.297218,1037,15,
1,544,Overall,Overall,35,4,41,-2.5,-2.830103,0.779147,858,39,
1,545,Overall,Overall,35,3,41,-3.0,-2.725883,0.75905,864,38,
1,546,Overall,Overall,35,33,41,3.0,3.989565,0.536018,1199,27,
1,547,Overall,Overall,35,16,41,1.0,0.568351,0.297052,1028,15,
1,548,Overall,Overall,35,5,41,-2.0,-2.438148,0.688074,878,34,
1,549,Overall,Overall,35,31,41,2.5,2.58258,0.36404,1129,18,
1,550,Overall,Overall,35,7,41,-2.5,-1.475288,0.492891,926,25,
1,551,Overall,Overall,35,3,41,-2.5,-2.184258,0.633216,891,32,
1,552,Overall,Overall,35,6,41,-1.5,-1.634239,0.524346,918,26,
1,553,Overall,Overall,35,7,41,-2.0,-1.445794,0.486934,928,24,
1,554,Overall,Overall,35,5,41,-2.0,-2.326911,0.662754,884,33,
1,555,Overall,Overall,35,6,41,-1.0,-1.945897,0.576119,903,29,
1,556,Overall,Overall,35,6,41,-1.5,-1.597455,0.512514,920,26,
1,557,Overall,Overall,35,4,41,-2.5,-2.482902,0.692776,876,35,
1,558,Overall,Overall,35,21,41,1.0,1.245947,0.307455,1062,15,
1,559,Overall,Overall,35,3,41,-2.5,-2.738681,0.766926,863,38,
1,560,Overall,Overall,35,21,41,1.0,1.237337,0.302858,1062,15,
1,561,Overall,Overall,35,8,41,-1.5,-1.284972,0.461445,936,23,
1,562,Overall,Overall,35,27,41,2.0,2.069419,0.33095,1103,17,
1,563,Overall,Overall,35,17,41,0.5,0.499604,0.297395,1025,15,
1,564,Overall,Overall,35,32,41,3.0,2.790799,0.384631,1140,19,
1,565,Overall,Overall,35,28,41,3.0,2.569777,0.36708,1128,18,
1,566,Overall,Overall,35,29,41,2.0,1.899814,0.325585,1095,16,
1,567,Overall,Overall,35,5,41,-3.0,-2.346303,0.662087,883,33,
1,568,Overall,Overall,35,5,41,-2.0,-1.488712,0.508699,926,25,
1,569,Overall,Overall,35,17,41,0.5,0.62229,0.299613,1031,15,
1,570,Overall,Overall,35,23,41,0.5,1.035817,0.298211,1052,15,
1,571,Overall,Overall,35,8,41,-0.5,-0.828494,0.399182,959,20,
1,572,Overall,Overall,35,7,41,-0.5,-0.70255,0.385074,965,19,
1,573,Overall,Overall,35,9,41,-1.5,-0.612249,0.372753,969,19,
1,574,Overall,Overall,35,12,41,0.0,-0.12042,0.325902,994,16,
1,575,Overall,Overall,35,28,41,1.5,1.917639,0.3291,1096,16,
1,576,Overall,Overall,35,14,41,0.0,0.15699,0.308812,1008,15,
1,577,Overall,Overall,35,28,41,3.0,2.851348,0.390626,1143,20,
1,578,Overall,Overall,35,25,41,2.0,1.665805,0.312734,1083,16,
1,579,Overall,Overall,35,16,41,1.0,0.600776,0.300782,1030,15,
1,580,Overall,Overall,35,5,41,-3.0,-2.702831,0.7541,865,38,
1,581,Overall,Overall,35,14,41,0.5,0.067831,0.313252,1003,16,
1,582,Overall,Overall,35,20,41,0.5,0.840552,0.294942,1042,15,
1,583,Overall,Overall,35,13,41,-0.5,-0.105836,0.325584,995,16,
1,584,Overall,Overall,35,17,41,1.0,0.670505,0.298932,1034,15,
1,585,Overall,Overall,35,26,41,2.0,2.050974,0.329917,1103,16,
1,586,Overall,Overall,35,31,41,2.5,2.69639,0.371948,1135,19,
1,587,Overall,Overall,35,25,41,2.0,1.676815,0.314451,1084,16,
1,588,Overall,Overall,35,3,41,-2.5,-2.693491,0.750841,865,38,
1,589,Overall,Overall,35,7,41,-2.5,-1.532933,0.502561,923,25,
1,590,Overall,Overall,35,5,41,-2.0,-2.572832,0.747992,871,37,
1,591,Overall,Overall,35,30,41,2.5,2.993848,0.402291,1150,20,
1,592,Overall,Overall,35,9,41,-1.0,-1.032159,0.427379,948,21,
1,593,Overall,Overall,35,20,41,1.0,0.740101,0.295884,1037,15,
1,594,Overall,Overall,35,17,41,0.5,0.624228,0.29491,1031,15,
1,595,Overall,Overall,35,13,41,0.0,0.121728,0.310225,1006,16,
1,596,Overall,Overall,35,26,41,2.5,2.062493,0.33346,1103,17,
1,597,Overall,Overall,35,3,41,-3.0,-3.280136,0.910235,836,46,
1,598,Overall,Overall,35,17,41,0.5,0.453784,0.298692,1023,15,
1,599,Overall,Overall,35,5,41,-2.0,-2.015392,0.59816,899,30,
1,600,Overall,Overall,35,28,41,2.5,2.489103,0.356399,1124,18,
1,601,Overall,Overall,35,27,41,2.0,2.091264,0.332513,1105,17,
1,602,Overall,Overall,35,9,41,-1.0,-1.027877,0.425532,949,21,
1,603,Overall,Overall,35,31,41,2.0,2.408122,0.349931,1120,17,
1,604,Overall,Overall,35,22,41,1.0,1.044383,0.29666,1052,15,
1,605,Overall,Overall,35,32,41,3.0,2.953605,0.402926,1148,20,
1,606,Overall,Overall,35,28,41,1.5,2.138177,0.334408,1107,17,
1,607,Overall,Overall,35,3,41,-3.0,-2.602353,0.728443,870,36,
1,608,Overall,Overall,35,6,41,-2.0,-1.319385,0.474296,934,24,
1,609,Overall,Overall,35,13,41,0.0,0.106471,0.312228,1005,16,
1,610,Overall,Overall,35,2,41,-3.0,-3.766506,1.088417,812,54,
1,611,Overall,Overall,35,4,41,-1.5,-2.174702,0.631041,891,32,
1,612,Overall,Overall,35,19,41,1.0,0.843361,0.297513,1042,15,
1,613,Overall,Overall,35,11,41,-0.5,-0.772212,0.392974,961,20,
1,614,Overall,Overall,35,27,41,1.5,1.452197,0.318333,1073,16,
1,615,Overall,Overall,35,3,41,-2.5,-3.197346,0.895126,840,45,
1,616,Overall,Overall,35,4,41,-2.0,-2.615335,0.72441,869,36,
1,617,Overall,Overall,35,7,41,-1.5,-1.728892,0.539895,914,27,
1,618,Overall,Overall,35,18,41,0.5,0.7777,0.297017,1039,15,
1,619,Overall,Overall,35,29,41,1.5,1.857016,0.323848,1093,16,
1,620,Overall,Overall,35,8,41,-1.0,-0.695302,0.384127,965,19,
1,621,Overall,Overall,35,31,41,3.0,2.788342,0.383935,1139,19,
1,622,Overall,Overall,35,20,41,0.0,0.627749,0.297472,1031,15,
1,623,Overall,Overall,35,30,41,3.0,3.068661,0.420781,1153,21,
1,624,Overall,Overall,35,16,41,0.0,0.327636,0.302042,1016,15,
1,625,Overall,Overall,35,15,41,0.0,0.28703,0.303147,1014,15,
1,626,Overall,Overall,35,26,41,2.5,2.108535,0.334807,1105,17,
1,627,Overall,Overall,35,29,41,2.0,2.632745,0.365866,1132,18,
1,628,Overall,Overall,35,0,41,-3.0,-5.0,1.669858,750,83,
1,629,Overall,Overall,35,13,41,0.5,-0.039075,0.319416,998,16,
1,630,Overall,Overall,35,28,41,2.5,2.330315,0.34355,1117,17,
1,631,Overall,Overall,35,29,41,2.5,2.40939,0.350483,1120,18,
1,632,Overall,Overall,35,23,41,1.0,1.219913,0.303031,1061,15,
1,633,Overall,Overall,35,13,41,0.0,-0.099955,0.32394,995,16,
1,634,Overall,Overall,35,6,41,-2.0,-1.751249,0.542489,912,27,
1,635,Overall,Overall,35,0,41,-3.0,-5.0,1.692162,750,85,
1,636,Overall,Overall,35,4,41,-2.0,-2.197666,0.632898,890,32,
1,637,Overall,Overall,35,6,41,-1.5,-1.696363,0.529956,915,26,
1,638,Overall,Overall,35,18,41,1.0,0.561644,0.29718,1028,15,
1,639,Overall,Overall,35,25,41,1.5,1.165692,0.301403,1058,15,
1,640,Overall,Overall,35,5,41,-2.5,-1.585656,0.521017,921,26,
1,641,Overall,Overall,35,28,41,2.0,2.53504,0.359106,1127,18,
1,642,Overall,Overall,35,7,41,-1.5,-1.472821,0.492275,926,25,
1,643,Overall,Overall,35,23,41,2.0,1.905466,0.329937,1095,16,
1,644,Overall,Overall,35,5,41,-2.0,-2.193952,0.631727,890,32,
1,645,Overall,Overall,35,2,41,-2.0,-3.790076,1.083148,810,54,
1,646,Overall,Overall,35,11,41,-1.0,-0.756531,0.391209,962,20,
1,647,Overall,Overall,35,31,41,3.0,2.735835,0.377549,1137,19,
1,648,Overall,Overall,35,22,41,0.0,0.939556,0.297058,1047,15,
1,649,Overall,Overall,35,3,41,-3.0,-3.022636,0.841867,849,42,
1,650,Overall,Overall,35,9,41,0.0,-0.508663,0.366122,975,18,
1,651,Overall,Overall,35,19,41,0.5,0.607438,0.297835,1030,15,
1,652,Overall,Overall,35,17,41,0.5,0.5846,0.295341,1029,15,
1,653,Overall,Overall,35,24,41,1.0,1.368084,0.301041,1068,15,
1,654,Overall,Overall,35,8,41,-1.5,-1.100901,0.435575,945,22,
1,655,Overall,Overall,35,12,41,-0.5,-0.321331,0.343406,984,17,
1,656,Overall,Overall,35,33,41,2.5,3.067477,0.418592,1153,21,
1,657,Overall,Overall,35,1,41,-3.0,-5.0,1.671327,750,84,
1,658,Overall,Overall,35,27,41,3.0,2.524705,0.359709,1126,18,
1,659,Overall,Overall,35,28,41,2.0,2.125608,0.333088,1106,17,
1,660,Overall,Overall,35,12,41,0.0,-0.09452,0.323297,995,16,
1,661,Overall,Overall,35,24,41,2.0,1.85356,0.325494,1093,16,
1,662,Overall,Overall,35,25,41,2.0,1.47906,0.305407,1074,15,
1,663,Overall,Overall,35,13,41,-0.5,0.026055,0.318169,1001,16,
1,664,Overall,Overall,35,10,41,-0.5,-0.502871,0.360448,975,18,
1,665,Overall,Overall,35,1,41,-2.5,-5.0,1.556155,750,78,
1,666,Overall,Overall,35,33,41,3.0,3.453691,0.469108,1173,23,
1,667,Overall,Overall,35,20,41,0.5,0.782673,0.29502,1039,15,
1,668,Overall,Overall,35,24,41,1.5,1.460744,0.303482,1073,15,
1,669,Overall,Overall,35,16,41,0.5,0.556849,0.301326,1028,15,
1,670,Overall,Overall,35,28,41,2.0,2.388282,0.347632,1119,17,
1,671,Overall,Overall,35,2,41,-3.0,-3.898441,1.100869,805,55,
1,672,Overall,Overall,35,26,41,2.0,1.77029,0.317862,1089,16,
1,673,Overall,Overall,35,18,41,0.5,0.566356,0.296235,1028,15,
1,674,Overall,Overall,35,5,41,-2.0,-1.74618,0.544603,913,27,
1,675,Overall,Overall,35,20,41,1.0,0.976381,0.298504,1049,15,
1,676,Overall,Overall,35,8,41,-1.0,-1.259307,0.457835,937,23,
1,677,Overall,Overall,35,4,41,-2.0,-2.76992,0.758512,862,38,
1,678,Overall,Overall,35,30,41,3.0,2.846597,0.388248,1142,19,
1,679,Overall,Overall,35,6,41,-1.5,-1.494304,0.495916,925,25,
1,680,Overall,Overall,35,14,41,0.5,0.116336,0.312714,1006,16,
1,681,Overall,Overall,35,4,41,-2.5,-2.66502,0.743513,867,37,
1,682,Overall,Overall,35,7,41,-0.5,-1.117812,0.436817,944,22,
1,683,Overall,Overall,35,27,41,2.5,2.42689,0.350632,1121,18,
1,684,Overall,Overall,35,23,41,1.0,1.097942,0.299653,1055,15,
1,685,Overall,Overall,35,12,41,-0.5,-0.304844,0.341294,985,17,
1,686,Overall,Overall,35,27,41,3.0,2.445182,0.350416,1122,18,
1,687,Overall,Overall,35,26,41,2.0,1.68047,0.314305,1084,16,
1,688,Overall,Overall,35,14,41,0.0,-0.122233,0.326116,994,16,
1,689,Overall,Overall,35,30,41,2.5,2.504651,0.355999,1125,18,
1,690,Overall,Overall,35,12,41,0.5,-0.128994,0.326602,994,16,
1,691,Overall,Overall,35,28,41,2.0,1.93246,0.338908,1097,17,
1,692,Overall,Overall,35,18,41,0.5,0.44153,0.301065,1022,15,
1,693,Overall,Overall,35,3,41,-2.5,-3.243318,0.909115,838,45,
1,694,Overall,Overall,35,8,41,-1.0,-1.267628,0.46368,937,23,
1,695,Overall,Overall,35,4,41,-2.0,-2.212016,0.635941,889,32,
1,696,Overall,Overall,35,20,41,1.5,0.860221,0.295431,1043,15,
1,697,Overall,Overall,35,24,41,1.0,1.284024,0.299609,1064,15,
1,698,Overall,Overall,35,7,41,-2.5,-1.702215,0.533094,915,27,
1,699,Overall,Overall,35,25,41,1.5,2.09714,0.334674,1105,17,
1,700,Overall,Overall,35,0,41,-3.0,-5.0,1.693383,750,85,
1,701,Overall,Overall,35,31,41,2.5,2.569534,0.361057,1128,18,
1,702,Overall,Overall,35,15,41,0.5,0.200625,0.308202,1010,15,
1,703,Overall,Overall,35,26,41,2.0,1.524147,0.305922,1076,15,
1,704,Overall,Overall,35,3,41,-3.0,-2.878478,0.800544,856,40,
1,705,Overall,Overall,35,6,41,-2.0,-1.988146,0.587843,901,29,
1,706,Overall,Overall,35,10,41,-0.5,-0.428193,0.3529,979,18,
1,707,Overall,Overall,35,3,41,-3.0,-2.777512,0.772556,861,39,
1,708,Overall,Overall,35,8,41,-1.5,-1.027058,0.427445,949,21,
1,709,Overall,Overall,35,5,41,-2.0,-2.100909,0.611961,895,31,
1,710,Overall,Overall,35,9,41,-1.5,-0.985323,0.419575,951,21,
1,711,Overall,Overall,35,7,41,-0.5,-1.403483,0.480795,930,24,
1,712,Overall,Overall,35,8,41,-1.0,-1.01442,0.422402,949,21,
1,713,Overall,Overall,35,26,41,2.5,2.317856,0.344384,1116,17,
1,714,Overall,Overall,35,12,41,-1.0,-0.302428,0.343887,985,17,
1,715,Overall,Overall,35,14,41,0.0,0.098283,0.313508,1005,16,
1,716,Overall,Overall,35,6,41,-2.0,-1.956864,0.581183,902,29,
1,717,Overall,Overall,35,27,41,2.5,2.275337,0.341737,1114,17,
1,718,Overall,Overall,35,28,41,2.0,2.554721,0.360913,1128,18,
1,719,Overall,Overall,35,4,41,-2.0,-2.294827,0.654303,885,33,
1,720,Overall,Overall,35,4,41,-3.0,-2.737718,0.750523,863,38,
1,721,Overall,Overall,35,19,41,1.0,1.004304,0.298053,1050,15,
1,722,Overall,Overall,35,25,41,1.5,1.522004,0.305787,1076,15,
1,723,Overall,Overall,35,12,41,0.5,0.123895,0.323345,1006,16,
1,724,Overall,Overall,35,7,41,-2.5,-1.700876,0.53274,915,27,
1,725,Overall,Overall,35,8,41,-1.0,-0.700682,0.382573,965,19,
1,726,Overall,Overall,35,9,41,-1.5,-1.139586,0.44191,943,22,
1,727,Overall,Overall,35,28,41,2.5,2.371048,0.345791,1119,17,
1,728,Overall,Overall,35,28,41,2.5,2.160664,0.336575,1108,17,
1,729,Overall,Overall,35,19,41,0.5,0.734112,0.295019,1037,15,
1,730,Overall,Overall,35,15,41,0.5,0.252957,0.305639,1013,15,
1,731,Overall,Overall,35,24,41,1.0,1.469317,0.303922,1073,15,
1,732,Overall,Overall,35,27,41,2.0,1.731775,0.320966,1087,16,
1,733,Overall,Overall,35,26,41,1.5,1.701607,0.316874,1085,16,
1,734,Overall,Overall,35,15,41,0.0,0.103509,0.312316,1005,16,
1,735,Overall,Overall,35,4,41,-3.0,-2.791698,0.778247,860,39,
1,736,Overall,Overall,35,11,41,-0.5,-0.44049,0.353977,978,18,
1,737,Overall,Overall,35,28,41,1.5,1.681471,0.331051,1084,17,
1,738,Overall,Overall,35,25,41,2.0,1.970238,0.330691,1099,17,
1,739,Overall,Overall,35,19,41,1.0,0.901962,0.2985,1045,15,
1,740,Overall,Overall,35,0,41,-3.0,-5.0,1.693383,750,85,
1,741,Overall,Overall,35,34,41,3.0,3.273957,0.451869,1164,23,
1,742,Overall,Overall,35,29,41,2.0,2.011633,0.332903,1101,17,
1,743,Overall,Overall,35,26,41,2.0,1.74313,0.316377,1087,16,
1,744,Overall,Overall,35,8,41,-1.0,-0.49362,0.361006,975,18,
1,745,Overall,Overall,35,32,41,3.0,3.234688,0.443694,1162,22,
1,746,Overall,Overall,35,29,41,2.5,2.803394,0.384359,1140,19,
1,747,Overall,Overall,35,11,41,0.0,-0.277982,0.338395,986,17,
1,748,Overall,Overall,35,5,41,-2.5,-2.127298,0.61337,894,31,
1,749,Overall,Overall,35,23,41,1.0,1.159834,0.298143,1058,15,
1,750,Overall,Overall,35,3,41,-2.5,-2.926732,0.805489,854,40,
1,751,Overall,Overall,35,4,41,-1.5,-2.427842,0.685022,879,34,
1,752,Overall,Overall,35,13,41,0.5,0.214313,0.321129,1011,16,
1,753,Overall,Overall,35,11,41,-0.5,-0.415536,0.351636,979,18,
1,754,Overall,Overall,35,25,41,1.5,1.409878,0.302376,1070,15,
1,755,Overall,Overall,35,32,41,2.5,2.885479,0.394524,1144,20,
1,756,Overall,Overall,35,20,41,1.0,1.076766,0.297728,1054,15,
1,757,Overall,Overall,35,18,41,1.0,0.666249,0.295352,1033,15,
1,758,Overall,Overall,35,15,41,0.5,0.378839,0.300404,1019,15,
1,759,Overall,Overall,35,12,41,-1.0,-0.519065,0.364394,974,18,
1,760,Overall,Overall,35,28,41,2.5,2.51183,0.357098,1126,18,
1,761,Overall,Overall,35,17,41,0.0,0.531895,0.296377,1027,15,
1,762,Overall,Overall,35,23,41,1.0,1.228825,0.303245,1061,15,
1,763,Overall,Overall,35,29,41,1.5,2.349579,0.344962,1117,17,
1,764,Overall,Overall,35,5,41,-1.5,-2.239398,0.636995,888,32,
1,765,Overall,Overall,35,27,41,1.5,1.833236,0.32123,1092,16,
1,766,Overall,Overall,35,5,41,-3.0,-2.040465,0.596929,898,30,
1,767,Overall,Overall,35,24,41,2.0,1.361723,0.301288,1068,15,
1,768,Overall,Overall,35,3,41,-1.5,-3.125881,0.854525,844,43,
1,769,Overall,Overall,35,15,41,0.5,0.296707,0.302272,1015,15,
1,770,Overall,Overall,35,11,41,-1.0,-0.696004,0.384486,965,19,
1,771,Overall,Overall,35,7,41,-1.0,-1.297034,0.463183,935,23,
1,772,Overall,Overall,35,21,41,1.5,0.997086,0.297231,1050,15,
1,773,Overall,Overall,35,4,41,-2.5,-2.683233,0.752431,866,38,
1,774,Overall,Overall,35,6,41,-2.0,-1.58694,0.516732,921,26,
1,775,Overall,Overall,35,11,41,-1.0,-0.427652,0.352684,979,18,
1,776,Overall,Overall,35,8,41,-1.5,-1.170996,0.444767,941,22,
1,777,Overall,Overall,35,14,41,-0.5,-0.014284,0.323505,999,16,
1,778,Overall,Overall,35,21,41,1.0,1.129972,0.297967,1056,15,
1,779,Overall,Overall,35,15,41,0.5,0.303071,0.302165,1015,15,
1,780,Overall,Overall,35,14,41,0.0,0.247838,0.304949,1012,15,
1,781,Overall,Overall,35,6,41,-2.0,-1.931793,0.574843,903,29,
1,782,Overall,Overall,35,8,41,-1.5,-1.078892,0.433455,946,22,
1,783,Overall,Overall,35,7,41,-1.5,-1.868783,0.565937,907,28,
1,784,Overall,Overall,35,17,41,0.5,0.653702,0.294781,1033,15,
1,785,Overall,Overall,35,16,41,0.0,-0.01921,0.320971,999,16,
1,786,Overall,Overall,35,30,41,3.0,3.397015,0.473857,1170,24,
1,787,Overall,Overall,35,31,41,2.5,3.180793,0.4339,1159,22,
1,788,Overall,Overall,35,4,41,-3.0,-2.762537,0.768374,862,38,
1,789,Overall,Overall,35,11,41,-0.5,-0.188004,0.333692,991,17,
1,790,Overall,Overall,35,31,41,2.5,3.286308,0.448083,1164,22,
1,791,Overall,Overall,35,15,41,-0.5,0.039775,0.316451,1002,16,
1,792,Overall,Overall,35,2,41,-2.5,-4.288786,1.269132,786,63,
1,793,Overall,Overall,35,8,41,-1.0,-0.734121,0.388151,963,19,
1,794,Overall,Overall,35,7,41,-1.0,-0.554762,0.371146,972,19,
1,795,Overall,Overall,35,4,41,-2.5,-2.376189,0.672764,881,34,
1,796,Overall,Overall,35,9,41,-1.0,-0.503842,0.361298,975,18,
1,797,Overall,Overall,35,27,41,3.0,2.484946,0.35916,1124,18,
1,798,Overall,Overall,35,19,41,1.0,0.894142,0.297458,1045,15,
1,799,Overall,Overall,35,5,41,-2.5,-2.192755,0.631467,890,32,
1,800,Overall,Overall,35,28,41,2.0,2.10398,0.332723,1105,17,
1,801,Overall,Overall,35,31,41,2.5,2.966734,0.403919,1148,20,
1,802,Overall,Overall,35,13,41,-0.5,0.257667,0.305734,1013,15,
1,803,Overall,Overall,35,4,41,-2.0,-2.290316,0.657459,885,33,
1,804,Overall,Overall,35,28,41,1.5,1.91414,0.326339,1096,16,
1,805,Overall,Overall,35,15,41,0.5,0.277657,0.30338,1014,15,
1,806,Overall,Overall,35,24,41,2.5,2.045865,0.333353,1102,17,
1,807,Overall,Overall,35,22,41,1.5,1.235444,0.298576,1062,15,
1,808,Overall,Overall,35,28,41,2.5,2.240562,0.340517,1112,17,
1,809,Overall,Overall,35,26,41,2.0,1.596809,0.317797,1080,16,
1,810,Overall,Overall,35,19,41,1.0,0.810189,0.294538,1041,15,
1,811,Overall,Overall,35,14,41,0.5,0.130713,0.309698,1007,15,
1,812,Overall,Overall,35,5,41,-3.0,-2.172927,0.631127,891,32,
1,813,Overall,Overall,35,1,41,-3.0,-5.0,1.642869,750,82,
1,814,Overall,Overall,35,29,41,3.0,2.707662,0.371268,1135,19,
1,815,Overall,Overall,35,28,41,1.5,2.162975,0.335358,1108,17,
1,816,Overall,Overall,35,13,41,0.0,-0.028576,0.320429,999,16,
1,817,Overall,Overall,35,4,41,-2.5,-2.085252,0.62592,896,31,
1,818,Overall,Overall,35,28,41,2.0,2.698309,0.374017,1135,19,
1,819,Overall,Overall,35,5,41,-2.0,-2.043886,0.600205,898,30,
1,820,Overall,Overall,35,24,41,2.0,1.933463,0.329117,1097,16,
1,821,Overall,Overall,35,30,41,2.5,2.483511,0.354978,1124,18,
1,822,Overall,Overall,35,22,41,1.0,0.980133,0.297842,1049,15,
1,823,Overall,Overall,35,2,41,-3.0,-4.198283,1.275169,790,64,
1,824,Overall,Overall,35,3,41,-3.0,-3.135048,0.875903,843,44,
1,825,Overall,Overall,35,18,41,0.5,0.439394,0.302207,1022,15,
1,826,Overall,Overall,35,15,41,0.0,0.482561,0.30369,1024,15,
1,827,Overall,Overall,35,0,41,-2.5,-5.0,1.693383,750,85,
1,828,Overall,Overall,35,6,41,-2.0,-1.904226,0.56735,905,28,
1,829,Overall,Overall,35,30,41,3.0,2.822876,0.388427,1141,19,
1,830,Overall,Overall,35,8,41,-1.0,-0.833388,0.403116,958,20,
1,831,Overall,Overall,35,2,41,-2.0,-3.475626,0.965003,826,48,
1,832,Overall,Overall,35,6,41,-1.5,-1.754072,0.547639,912,27,
1,833,Overall,Overall,35,22,41,2.5,1.99532,0.336061,1100,17,
1,834,Overall,Overall,35,9,41,-0.5,-0.651091,0.376679,967,19,
1,835,Overall,Overall,35,9,41,-0.5,-0.630483,0.375889,968,19,
1,836,Overall,Overall,35,30,41,2.5,2.595386,0.363364,1130,18,
1,837,Overall,Overall,35,27,41,1.5,1.581951,0.311276,1079,16,
1,838,Overall,Overall,35,23,41,1.5,1.43053,0.302818,1072,15,
1,839,Overall,Overall,35,25,41,2.0,1.813792,0.323769,1091,16,
1,840,Overall,Overall,35,21,41,1.0,0.983645,0.297363,1049,15,
1,841,Overall,Overall,35,7,41,-1.0,-1.021372,0.428674,949,21,
1,842,Overall,Overall,35,5,41,-3.0,-2.336248,0.658338,883,33,
1,843,Overall,Overall,35,30,41,2.5,3.006002,0.41171,1150,21,
1,844,Overall,Overall,35,7,41,-2.0,-1.859365,0.562333,907,28,
1,845,Overall,Overall,35,24,41,1.0,1.56379,0.309455,1078,15,
1,846,Overall,Overall,35,4,41,-3.0,-2.681727,0.74043,866,37,
1,847,Overall,Overall,35,6,41,-1.5,-1.511341,0.50271,924,25,
1,848,Overall,Overall,35,23,41,1.0,1.178118,0.298241,1059,15,
1,849,Overall,Overall,35,6,41,-2.0,-1.213411,0.456162,939,23,
1,850,Overall,Overall,35,20,41,1.0,1.068549,0.297562,1053,15,
1,851,Overall,Overall,35,24,41,1.5,1.454562,0.303444,1073,15,
1,852,Overall,Overall,35,3,41,-2.5,-3.448905,0.965992,828,48,
1,853,Overall,Overall,35,11,41,0.0,-0.162353,0.329299,992,16,
1,854,Overall,Overall,35,9,41,-0.5,-0.30769,0.357824,985,18,
1,855,Overall,Overall,35,5,41,-2.5,-2.037718,0.594525,898,30,
1,856,Overall,Overall,35,25,41,2.0,2.275149,0.342917,1114,17,
1,857,Overall,Overall,35,33,41,3.0,3.533603,0.482058,1177,24,
1,858,Overall,Overall,35,19,41,0.5,0.665912,0.295805,1033,15,
1,859,Overall,Overall,35,27,41,1.5,1.733857,0.317299,1087,16,
1,860,Overall,Overall,35,31,41,2.5,3.457323,0.470189,1173,24,
1,861,Overall,Overall,35,21,41,1.0,0.986392,0.296771,1049,15,
1,862,Overall,Overall,35,6,41,-1.0,-1.557128,0.506789,922,25,
1,863,Overall,Overall,35,29,41,2.5,2.235866,0.339163,1112,17,
1,864,Overall,Overall,35,6,41,-1.5,-1.611569,0.518003,919,26,
1,865,Overall,Overall,35,19,41,0.5,0.902747,0.300264,1045,15,
1,866,Overall,Overall,35,31,41,3.0,3.032309,0.408185,1152,20,
1,867,Overall,Overall,35,3,41,-2.5,-3.02295,0.825225,849,41,
1,868,Overall,Overall,35,6,41,-1.5,-1.206767,0.458317,940,23,
1,869,Overall,Overall,35,8,41,-1.0,-0.923722,0.413355,954,21,
1,870,Overall,Overall,35,9,41,-1.0,-1.110308,0.435988,944,22,
1,871,Overall,Overall,35,25,41,3.0,2.223848,0.342231,1111,17,
1,872,Overall,Overall,35,29,41,2.5,2.964041,0.401982,1148,20,
1,873,Overall,Overall,35,7,41,-0.5,-0.883911,0.406004,956,20,
1,874,Overall,Overall,35,15,41,0.5,0.466279,0.298174,1023,15,
1,875,Overall,Overall,35,5,41,-2.0,-2.179104,0.624333,891,31,
1,876,Overall,Overall,35,15,41,0.0,0.186055,0.307616,1009,15,
1,877,Overall,Overall,35,5,41,-2.5,-2.589615,0.724509,871,36,
1,878,Overall,Overall,35,7,41,-2.5,-1.468949,0.491623,927,25,
1,879,Overall,Overall,35,7,41,-2.0,-1.845702,0.55892,908,28,
1,880,Overall,Overall,35,31,41,2.0,2.541062,0.359181,1127,18,
1,881,Overall,Overall,35,27,41,2.0,2.412697,0.351621,1121,18,
1,882,Overall,Overall,35,24,41,2.5,1.64044,0.318446,1082,16,
1,883,Overall,Overall,35,23,41,1.0,1.009474,0.297146,1050,15,
1,884,Overall,Overall,35,4,41,-2.0,-2.086407,0.608476,896,30,
1,885,Overall,Overall,35,6,41,-1.0,-1.701018,0.533005,915,27,
1,886,Overall,Overall,35,14,41,0.0,0.028695,0.315257,1001,16,
1,887,Overall,Overall,35,31,41,3.0,2.678755,0.371442,1134,19,
1,888,Overall,Overall,35,14,41,-0.5,-0.155914,0.329224,992,16,
1,889,Overall,Overall,35,29,41,2.5,2.543241,0.358711,1127,18,
1,890,Overall,Overall,35,4,41,-2.0,-2.383728,0.679851,881,34,
1,891,Overall,Overall,35,12,41,-0.5,-0.210366,0.333661,989,17,
1,892,Overall,Overall,35,19,41,0.5,0.677023,0.294485,1034,15,
1,893,Overall,Overall,35,11,41,-1.0,-0.060405,0.322821,997,16,
1,894,Overall,Overall,35,3,41,-3.0,-2.930686,0.815242,853,41,
1,895,Overall,Overall,35,23,41,1.5,1.357271,0.301043,1068,15,
1,896,Overall,Overall,35,7,41,-2.0,-1.350353,0.472273,932,24,
1,897,Overall,Overall,35,9,41,-1.0,-0.999167,0.421442,950,21,
1,898,Overall,Overall,35,8,41,-2.0,-1.034636,0.425455,948,21,
1,899,Overall,Overall,35,32,41,2.5,2.588369,0.36593,1129,18,
1,900,Overall,Overall,35,3,41,-2.5,-2.757359,0.767268,862,38,
1,901,Overall,Overall,35,26,41,1.5,1.437416,0.304816,1072,15,
1,902,Overall,Overall,35,28,41,2.5,2.265879,0.340359,1113,17,
1,903,Overall,Overall,35,15,41,0.0,0.080155,0.31834,1004,16,
1,904,Overall,Overall,35,18,41,0.5,0.475773,0.29835,1024,15,
1,905,Overall,Overall,35,0,41,-2.0,-5.0,1.669858,750,83,
1,906,Overall,Overall,35,28,41,3.0,2.412569,0.349363,1121,17,
1,907,Overall,Overall,35,7,41,-1.5,-1.351246,0.472415,932,24,
1,908,Overall,Overall,35,27,41,1.0,1.423538,0.317253,1071,16,
1,909,Overall,Overall,35,9,41,-1.0,-0.771048,0.391415,961,20,
1,910,Overall,Overall,35,16,41,-0.5,0.271879,0.305771,1014,15,
1,911,Overall,Overall,35,34,41,3.0,3.094197,0.426964,1155,21,
1,912,Overall,Overall,35,4,41,-1.5,-2.766326,0.769974,862,38,
1,913,Overall,Overall,35,7,41,-1.0,-1.265418,0.463963,937,23,
1,914,Overall,Overall,35,20,41,0.5,0.580038,0.296214,1029,15,
1,915,Overall,Overall,35,4,41,-3.0,-2.302826,0.650873,885,33,
1,916,Overall,Overall,35,1,41,-3.0,-5.0,1.693383,750,85,
1,917,Overall,Overall,35,6,41,-1.5,-1.270006,0.464137,936,23,
1,918,Overall,Overall,35,9,41,-1.0,-1.068049,0.42992,947,21,
1,919,Overall,Overall,35,13,41,0.0,-0.070788,0.322275,996,16,
1,920,Overall,Overall,35,23,41,1.5,1.270105,0.299168,1064,15,
1,921,Overall,Overall,35,2,41,-2.5,-3.76723,1.089291,812,54,
1,922,Overall,Overall,35,1,41,-3.0,-5.0,1.671327,750,84,
1,923,Overall,Overall,35,6,41,-1.5,-1.818833,0.554917,909,28,
1,924,Overall,Overall,35,34,41,3.0,3.240808,0.445001,1162,22,
1,925,Overall,Overall,35,7,41,-1.5,-1.496428,0.497461,925,25,
1,926,Overall,Overall,35,7,41,-0.5,-1.215131,0.452456,939,23,
1,927,Overall,Overall,35,10,41,-0.5,-0.603627,0.373057,970,19,
1,928,Overall,Overall,35,27,41,1.5,1.721554,0.315517,1086,16,
1,929,Overall,Overall,35,31,41,3.0,3.4003,0.46287,1170,23,
1,930,Overall,Overall,35,9,41,-0.5,-0.495599,0.361627,975,18,
1,931,Overall,Overall,35,5,41,-1.5,-2.143857,0.624549,893,31,
1,932,Overall,Overall,35,2,41,-3.0,-4.10394,1.202363,795,60,
1,933,Overall,Overall,35,11,41,-0.5,-0.483102,0.358185,976,18,
1,934,Overall,Overall,35,6,41,-2.0,-1.664559,0.526187,917,26,
1,935,Overall,Overall,35,31,41,3.0,2.901281,0.395766,1145,20,
1,936,Overall,Overall,35,2,41,-2.5,-3.691249,1.06061,815,53,
1,937,Overall,Overall,35,29,41,2.5,2.537907,0.35718,1127,18,
1,938,Overall,Overall,35,9,41,-1.5,-0.895688,0.406971,955,20,
1,939,Overall,Overall,35,14,41,0.0,0.100642,0.311277,1005,16,
1,940,Overall,Overall,35,18,41,0.5,0.675403,0.298474,1034,15,
1,941,Overall,Overall,35,25,41,2.5,2.059445,0.331469,1103,17,
1,942,Overall,Overall,35,5,41,-2.0,-2.236942,0.636812,888,32,
1,943,Overall,Overall,35,2,41,-3.0,-3.421082,0.954833,829,48,
1,944,Overall,Overall,35,29,41,2.5,2.269118,0.340656,1113,17,
1,945,Overall,Overall,35,10,41,-1.0,-0.697695,0.383616,965,19,
1,946,Overall,Overall,35,6,41,-2.0,-1.719331,0.533965,914,27,
1,947,Overall,Overall,35,24,41,1.0,1.377422,0.301525,1069,15,
1,948,Overall,Overall,35,22,41,1.0,0.918137,0.295575,1046,15,
1,949,Overall,Overall,35,29,41,2.5,2.499471,0.354431,1125,18,
1,950,Overall,Overall,35,9,41,0.0,-0.459165,0.355225,977,18,
1,951,Overall,Overall,35,3,41,-2.5,-3.045034,0.832929,848,42,
1,952,Overall,Overall,35,6,41,-2.0,-1.304412,0.469847,935,23,
1,953,Overall,Overall,35,27,41,2.0,1.778839,0.318978,1089,16,
1,954,Overall,Overall,35,8,41,-1.5,-0.838,0.401964,958,20,
1,955,Overall,Overall,35,12,41,-0.5,-0.100912,0.32447,995,16,
1,956,Overall,Overall,35,4,41,-2.0,-2.847911,0.779534,858,39,
1,957,Overall,Overall,35,11,41,-0.5,-0.572562,0.36981,971,18,
1,958,Overall,Overall,35,31,41,3.0,2.739216,0.37762,1137,19,
1,959,Overall,Overall,35,13,41,0.0,-0.200609,0.332609,990,17,
1,960,Overall,Overall,35,3,41,-2.5,-2.674173,0.752857,866,38,
1,961,Overall,Overall,35,15,41,0.5,0.533828,0.296786,1027,15,
1,962,Overall,Overall,35,31,41,2.0,2.396448,0.350014,1120,18,
1,963,Overall,Overall,35,11,41,-0.5,-0.633139,0.37532,968,19,
1,964,Overall,Overall,35,31,41,3.0,2.692992,0.372849,1135,19,
1,965,Overall,Overall,35,4,41,-2.0,-2.683796,0.748116,866,37,
1,966,Overall,Overall,35,21,41,1.5,0.950354,0.29581,1048,15,
1,967,Overall,Overall,35,19,41,1.0,1.106561,0.302972,1055,15,
1,968,Overall,Overall,35,29,41,3.0,2.496402,0.34932,1125,17,
1,969,Overall,Overall,35,27,41,2.0,2.343737,0.345905,1117,17,
1,970,Overall,Overall,35,27,41,2.5,2.447726,0.355324,1122,18,
1,971,Overall,Overall,35,27,41,2.5,2.042379,0.330791,1102,17,
1,972,Overall,Overall,35,29,41,2.0,2.208313,0.337179,1110,17,
1,973,Overall,Overall,35,3,41,-2.5,-2.695183,0.751279,865,38,
1,974,Overall,Overall,35,11,41,-1.0,-0.432518,0.352435,978,18,
1,975,Overall,Overall,35,6,41,-2.0,-2.083916,0.604532,896,30,
1,976,Overall,Overall,35,13,41,0.0,-0.149035,0.329386,993,16,
1,977,Overall,Overall,35,9,41,-0.5,-0.754247,0.39014,962,20,
1,978,Overall,Overall,35,30,41,2.0,2.570932,0.361517,1129,18,
1,979,Overall,Overall,35,23,41,2.0,1.372763,0.30425,1069,15,
1,980,Overall,Overall,35,1,41,-2.5,-3.999852,1.173536,800,59,
1,981,Overall,Overall,35,27,41,3.0,2.549085,0.360334,1127,18,
1,982,Overall,Overall,35,19,41,0.5,0.781127,0.294745,1039,15,
1,983,Overall,Overall,35,30,41,2.5,2.484727,0.354607,1124,18,
1,984,Overall,Overall,35,9,41,-0.5,-0.643202,0.378676,968,19,
1,985,Overall,Overall,35,29,41,2.0,2.249145,0.340926,1112,17,
1,986,Overall,Overall,35,27,41,2.0,2.355335,0.345602,1118,17,
1,987,Overall,Overall,35,15,41,0.0,-0.099269,0.328192,995,16,
1,988,Overall,Overall,35,10,41,-1.0,-0.674877,0.380858,966,19,
1,989,Overall,Overall,35,31,41,2.0,2.195831,0.347515,1110,17,
1,990,Overall,Overall,35,8,41,-1.5,-1.03951,0.426542,948,21,
1,991,Overall,Overall,35,20,41,1.0,1.096441,0.300277,1055,15,
1,992,Overall,Overall,35,4,41,-3.0,-2.524275,0.702334,874,35,
1,993,Overall,Overall,35,29,41,2.5,2.251487,0.339314,1113,17,
1,994,Overall,Overall,35,6,41,-1.5,-1.44883,0.491549,928,25,
1,995,Overall,Overall,35,8,41,0.0,-0.508381,0.368346,975,18,
1,996,Overall,Overall,35,13,41,0.5,0.038599,0.31582,1002,16,
1,997,Overall,Overall,35,17,41,1.0,0.602633,0.295839,1030,15,
1,998,Overall,Overall,35,10,41,-1.0,-0.796851,0.395077,960,20,
1,999,Overall,Overall,35,2,41,-3.0,-3.697657,1.068397,815,53,
1,1000,Overall,Overall,35,33,41,3.0,3.424155,0.473447,1171,24,
1,1001,Overall,Overall,35,6,41,-1.5,-1.84574,0.564678,908,28,
1,1002,Overall,Overall,35,6,41,-1.0,-0.709631,0.393986,965,20,
1,1003,Overall,Overall,35,7,41,-1.0,-1.105937,0.439375,945,22,
1,1004,Overall,Overall,35,11,41,0.0,-0.433986,0.353324,978,18,
1,1005,Overall,Overall,35,15,41,1.0,0.293972,0.302876,1015,15,
1,1006,Overall,Overall,35,27,41,2.0,2.195614,0.337253,1110,17,
1,1007,Overall,Overall,35,11,41,-0.5,-0.305396,0.340864,985,17,
1,1008,Overall,Overall,35,8,41,-2.0,-1.797725,0.552831,910,28,
1,1009,Overall,Overall,35,26,41,2.0,2.279935,0.338041,1114,17,
1,1010,Overall,Overall,35,7,41,-2.0,-1.517416,0.498577,924,25,
1,1011,Overall,Overall,35,0,41,-2.0,-5.0,1.693383,750,85,
1,1012,Overall,Overall,35,1,41,-2.5,-4.242343,1.245423,788,62,
1,1013,Overall,Overall,35,5,41,-2.0,-2.104205,0.610224,895,31,
1,1014,Overall,Overall,35,18,41,0.5,0.841774,0.296401,1042,15,
1,1015,Overall,Overall,35,25,41,2.0,1.320054,0.302213,1066,15,
1,1016,Overall,Overall,35,2,41,-3.0,-3.141111,0.886187,843,44,
1,1017,Overall,Overall,35,10,41,-0.5,-0.543852,0.364704,973,18,
1,1018,Overall,Overall,35,8,41,-0.5,-0.550107,0.365894,972,18,
1,1019,Overall,Overall,35,5,41,-1.5,-2.019696,0.594666,899,30,
1,1020,Overall,Overall,35,5,41,-2.5,-1.879269,0.56612,906,28,
1,1021,Overall,Overall,35,30,41,2.0,2.18677,0.348064,1109,17,
1,1022,Overall,Overall,35,21,41,1.0,1.422342,0.310381,1071,16,
1,1023,Overall,Overall,35,7,41,-1.5,-1.562685,0.516857,922,26,
1,1024,Overall,Overall,35,3,41,-2.0,-2.602795,0.721285,870,36,
1,1025,Overall,Overall,35,8,41,-1.0,-1.574725,0.51254,921,26,
1,1026,Overall,Overall,35,8,41,-1.0,-1.142012,0.447143,943,22,
1,1027,Overall,Overall,35,11,41,0.0,-0.280858,0.339498,986,17,
1,1028,Overall,Overall,35,21,41,2.0,1.620581,0.321448,1081,16,
1,1029,Overall,Overall,35,20,41,0.5,0.532383,0.299774,1027,15,
1,1030,Overall,Overall,35,13,41,-0.5,-0.246415,0.337608,988,17,
1,1031,Overall,Overall,35,3,41,-3.0,-2.912212,0.808688,854,40,
1,1032,Overall,Overall,35,6,41,-2.0,-1.515573,0.501109,924,25,
1,1033,Overall,Overall,35,28,41,2.0,3.160211,0.44268,1158,22,
1,1034,Overall,Overall,35,3,41,-2.0,-2.81149,0.782121,859,39,
1,1035,Overall,Overall,35,17,41,1.0,0.665028,0.295362,1033,15,
1,1036,Overall,Overall,35,27,41,1.5,1.780435,0.3188,1089,16,
1,1037,Overall,Overall,35,1,41,-2.5,-4.568789,1.441764,772,72,
1,1038,Overall,Overall,35,6,41,-2.0,-1.677747,0.530662,916,27,
1,1039,Overall,Overall,35,2,41,-3.0,-4.070748,1.213518,796,61,
1,1040,Overall,Overall,35,6,41,-1.5,-1.096739,0.43939,945,22,
1,1041,Overall,Overall,35,31,41,3.0,2.625573,0.366857,1131,18,
1,1042,Overall,Overall,35,3,41,-3.0,-3.289627,0.910094,836,46,
1,1043,Overall,Overall,35,32,41,3.0,2.981151,0.404355,1149,20,
1,1044,Overall,Overall,35,9,41,-1.5,-1.430145,0.488872,928,24,
1,1045,Overall,Overall,35,9,41,-0.5,-0.705226,0.38313,965,19,
1,1046,Overall,Overall,35,5,41,-1.5,-1.122744,0.44443,944,22,
1,1047,Overall,Overall,35,24,41,1.5,1.294269,0.300684,1065,15,
1,1048,Overall,Overall,35,32,41,3.0,3.445264,0.482517,1172,24,
1,1049,Overall,Overall,35,3,41,-2.0,-2.918113,0.811675,854,41,
1,1050,Overall,Overall,35,2,41,-2.5,-4.237623,1.285863,788,64,
1,1051,Overall,Overall,35,9,41,-0.5,-0.5206,0.361877,974,18,
1,1052,Overall,Overall,35,16,41,0.5,0.623669,0.309359,1031,15,
1,1053,Overall,Overall,35,4,41,-2.5,-2.065458,0.60401,897,30,
1,1054,Overall,Overall,35,12,41,0.0,-0.229946,0.33493,989,17,
1,1055,Overall,Overall,35,8,41,-1.0,-1.150785,0.444205,942,22,
1,1056,Overall,Overall,35,9,41,-0.5,-1.071718,0.432229,946,22,
1,1057,Overall,Overall,35,6,41,-2.5,-2.305901,0.652949,885,33,
1,1058,Overall,Overall,35,29,41,2.5,2.812431,0.383877,1141,19,
1,1059,Overall,Overall,35,18,41,0.5,0.568422,0.296136,1028,15,
1,1060,Overall,Overall,35,9,41,-0.5,-0.916521,0.41013,954,21,
1,1061,Overall,Overall,35,3,41,-2.5,-3.057276,0.836803,847,42,
1,1062,Overall,Overall,35,4,41,-1.5,-1.864611,0.580901,907,29,
1,1063,Overall,Overall,35,3,41,-2.0,-2.7757,0.773218,861,39,
1,1064,Overall,Overall,35,8,41,-1.0,-1.033501,0.425038,948,21,
1,1065,Overall,Overall,35,25,41,2.0,1.914968,0.325871,1096,16,
1,1066,Overall,Overall,35,10,41,-1.0,-0.939711,0.4127,953,21,
1,1067,Overall,Overall,35,4,41,-2.5,-2.496506,0.695725,875,35,
1,1068,Overall,Overall,35,4,41,-1.5,-2.31847,0.659468,884,33,
1,1069,Overall,Overall,35,13,41,-0.5,0.052781,0.314138,1003,16,
1,1070,Overall,Overall,35,3,41,-2.5,-3.1211,0.869341,844,43,
1,1071,Overall,Overall,35,12,41,0.0,-0.11646,0.325986,994,16,
1,1072,Overall,Overall,35,9,41,-1.0,-0.699552,0.382523,965,19,
1,1073,Overall,Overall,35,18,41,0.5,0.514384,0.302189,1026,15,
1,1074,Overall,Overall,35,19,41,1.0,0.86516,0.296816,1043,15,
1,1075,Overall,Overall,35,30,41,2.5,2.56904,0.360939,1128,18,
1,1076,Overall,Overall,35,9,41,-1.0,-0.95458,0.415193,952,21,
1,1077,Overall,Overall,35,29,41,2.5,2.615383,0.366721,1131,18,
1,1078,Overall,Overall,35,29,41,1.5,1.881642,0.324383,1094,16,
1,1079,Overall,Overall,35,15,41,0.5,0.364103,0.300179,1018,15,
1,1080,Overall,Overall,35,4,41,-1.5,-2.780027,0.773636,861,39,
1,1081,Overall,Overall,35,21,41,1.5,1.006423,0.296089,1050,15,
1,1082,Overall,Overall,35,11,41,-0.5,-0.438243,0.355651,978,18,
1,1083,Overall,Overall,35,6,41,-3.0,-1.921246,0.578598,904,29,
1,1084,Overall,Overall,35,8,41,-1.0,-0.891088,0.407979,955,20,
1,1085,Overall,Overall,35,23,41,2.0,1.94356,0.328694,1097,16,
1,1086,Overall,Overall,35,11,41,-0.5,-0.436181,0.353705,978,18,
1,1087,Overall,Overall,35,23,41,1.5,1.322108,0.300285,1066,15,
1,1088,Overall,Overall,35,7,41,-2.5,-1.603921,0.518567,920,26,
1,1089,Overall,Overall,35,4,41,-2.5,-2.501447,0.708306,875,35,
1,1090,Overall,Overall,35,5,41,-2.0,-2.004048,0.591159,900,30,
1,1091,Overall,Overall,35,14,41,0.0,-0.079383,0.32374,996,16,
1,1092,Overall,Overall,35,9,41,-1.5,-1.180105,0.44634,941,22,
1,1093,Overall,Overall,35,35,41,3.0,4.70635,0.587751,1235,29,
1,1094,Overall,Overall,35,13,41,-0.5,-0.387755,0.352259,981,18,
1,1095,Overall,Overall,35,29,41,3.0,3.325012,0.46304,1166,23,
1,1096,Overall,Overall,35,23,41,1.5,1.11583,0.299932,1056,15,
1,1097,Overall,Overall,35,0,41,-3.0,-5.0,1.669858,750,83,
1,1098,Overall,Overall,35,3,41,-3.0,-3.187774,0.872724,841,44,
1,1099,Overall,Overall,35,1,41,-3.0,-4.692167,1.40767,765,70,
1,1100,Overall,Overall,35,7,41,-1.5,-1.374344,0.476068,931,24,
1,1101,Overall,Overall,35,7,41,-1.5,-1.486356,0.494085,926,25,
1,1102,Overall,Overall,35,8,41,-0.5,-0.570211,0.372019,971,19,
1,1103,Overall,Overall,35,26,41,1.5,2.017949,0.329139,1101,16,
1,1104,Overall,Overall,35,9,41,-1.5,-0.656019,0.378978,967,19,
1,1105,Overall,Overall,35,14,41,0.0,0.19745,0.307051,1010,15,
1,1106,Overall,Overall,35,25,41,1.5,1.627893,0.314187,1081,16,
1,1107,Overall,Overall,35,22,41,1.0,0.884974,0.297185,1044,15,
1,1108,Overall,Overall,35,8,41,-0.5,-1.244924,0.456064,938,23,
1,1109,Overall,Overall,35,8,41,-1.5,-0.999035,0.420167,950,21,
1,1110,Overall,Overall,35,8,41,-1.0,-0.791611,0.394149,960,20,
1,1111,Overall,Overall,35,13,41,0.5,-0.270438,0.339879,986,17,
1,1112,Overall,Overall,35,29,41,2.0,2.23508,0.338728,1112,17,
1,1113,Overall,Overall,35,25,41,1.5,1.354596,0.308398,1068,15,
1,1114,Overall,Overall,35,6,41,-2.0,-2.024669,0.596181,899,30,
1,1115,Overall,Overall,35,30,41,2.5,2.498153,0.354402,1125,18,
1,1116,Overall,Overall,35,26,41,2.0,1.679788,0.313693,1084,16,
1,1117,Overall,Overall,35,17,41,1.0,0.598715,0.295559,1030,15,
1,1118,Overall,Overall,35,9,41,-2.0,-0.99157,0.419343,950,21,
1,1119,Overall,Overall,35,5,41,-2.0,-2.161836,0.624593,892,31,
1,1120,Overall,Overall,35,24,41,1.5,1.399334,0.303489,1070,15,
1,1121,Overall,Overall,35,30,41,2.5,2.867274,0.389592,1143,19,
1,1122,Overall,Overall,35,15,41,0.5,0.493198,0.306441,1025,15,
1,1123,Overall,Overall,35,23,41,1.0,1.221705,0.299106,1061,15,
1,1124,Overall,Overall,35,18,41,0.5,0.861617,0.298555,1043,15,
1,1125,Overall,Overall,35,10,41,-1.0,-0.578855,0.368368,971,18,
1,1126,Overall,Overall,35,29,41,3.0,3.311432,0.461072,1166,23,
1,1127,Overall,Overall,35,25,41,1.5,1.920321,0.326338,1096,16,
1,1128,Overall,Overall,35,21,41,1.0,0.780005,0.295294,1039,15,
1,1129,Overall,Overall,35,26,41,1.5,2.008274,0.329555,1100,16,
1,1130,Overall,Overall,35,30,41,2.0,2.801859,0.385449,1140,19,
1,1131,Overall,Overall,35,8,41,-1.5,-1.470805,0.493703,926,25,
1,1132,Overall,Overall,35,17,41,-0.5,0.258576,0.304436,1013,15,
1,1133,Overall,Overall,35,2,41,-2.0,-3.292644,0.931716,835,47,
1,1134,Overall,Overall,35,5,41,-3.0,-2.335088,0.656803,883,33,
1,1135,Overall,Overall,35,19,41,1.0,0.49915,0.297638,1025,15,
1,1136,Overall,Overall,35,31,41,3.0,2.989136,0.404269,1149,20,
1,1137,Overall,Overall,35,19,41,0.0,0.508455,0.298127,1025,15,
1,1138,Overall,Overall,35,7,41,-1.5,-0.703983,0.389516,965,19,
1,1139,Overall,Overall,35,7,41,-1.0,-1.226797,0.460227,939,23,
1,1140,Overall,Overall,35,31,41,2.5,3.007083,0.410784,1150,21,
1,1141,Overall,Overall,35,7,41,-1.0,-1.266022,0.459044,937,23,
1,1142,Overall,Overall,35,6,41,-1.5,-1.66449,0.524273,917,26,
1,1143,Overall,Overall,35,29,41,2.0,1.718922,0.316132,1086,16,
1,1144,Overall,Overall,35,10,41,0.0,-0.209879,0.335211,990,17,
1,1145,Overall,Overall,35,31,41,2.5,2.494431,0.355388,1125,18,
1,1146,Overall,Overall,35,31,41,2.5,2.61039,0.365364,1131,18,
1,1147,Overall,Overall,35,17,41,0.5,0.347638,0.301311,1017,15,
1,1148,Overall,Overall,35,27,41,2.5,2.135976,0.333902,1107,17,
1,1149,Overall,Overall,35,4,41,-2.5,-2.249896,0.644781,888,32,
1,1150,Overall,Overall,35,12,41,0.0,-0.219252,0.333801,989,17,
1,1151,Overall,Overall,35,25,41,1.5,1.098071,0.306334,1055,15,
1,1152,Overall,Overall,35,8,41,-1.0,-0.859932,0.403285,957,20,
1,1153,Overall,Overall,35,4,41,-2.0,-2.528368,0.709627,874,35,
1,1154,Overall,Overall,35,5,41,-2.5,-2.670183,0.741377,866,37,
1,1155,Overall,Overall,35,12,41,-0.5,-0.127516,0.327324,994,16,
1,1156,Overall,Overall,35,34,41,3.0,3.199782,0.437092,1160,22,
1,1157,Overall,Overall,35,4,41,-2.5,-2.460038,0.692819,877,35,
1,1158,Overall,Overall,35,27,41,2.5,2.060717,0.330986,1103,17,
1,1159,Overall,Overall,35,31,41,3.0,2.797362,0.373459,1140,19,
1,1160,Overall,Overall,35,19,41,1.0,0.740134,0.294662,1037,15,
1,1161,Overall,Overall,35,22,41,1.5,1.265879,0.302933,1063,15,
1,1162,Overall,Overall,35,4,41,-2.5,-2.326046,0.662037,884,33,
1,1163,Overall,Overall,35,14,41,0.0,0.155284,0.308586,1008,15,
1,1164,Overall,Overall,35,33,41,2.5,2.761004,0.384226,1138,19,
1,1165,Overall,Overall,35,23,41,1.5,1.471257,0.306544,1074,15,
1,1166,Overall,Overall,35,21,41,1.5,1.262668,0.298959,1063,15,
1,1167,Overall,Overall,35,30,41,2.5,2.870575,0.396004,1144,20,
1,1168,Overall,Overall,35,29,41,2.0,2.419662,0.34944,1121,17,
1,1169,Overall,Overall,35,29,41,3.0,2.965641,0.397694,1148,20,
1,1170,Overall,Overall,35,9,41,-1.5,-1.026172,0.425309,949,21,
1,1171,Overall,Overall,35,25,41,2.0,1.269037,0.307238,1063,15,
1,1172,Overall,Overall,35,25,41,1.5,1.537557,0.306386,1077,15,
1,1173,Overall,Overall,35,30,41,2.0,2.304471,0.342933,1115,17,
1,1174,Overall,Overall,35,6,41,-2.5,-1.669474,0.527078,917,26,
1,1175,Overall,Overall,35,6,41,-2.0,-1.609474,0.514444,920,26,
1,1176,Overall,Overall,35,19,41,0.5,0.68395,0.294458,1034,15,
1,1177,Overall,Overall,35,4,41,-1.5,-2.196731,0.632504,890,32,
1,1178,Overall,Overall,35,9,41,-1.0,-0.926642,0.41984,954,21,
1,1179,Overall,Overall,35,10,41,-0.5,-0.572003,0.369365,971,18,
1,1180,Overall,Overall,35,4,41,-2.0,-2.618211,0.73194,869,37,
1,1181,Overall,Overall,35,6,41,-1.5,-1.643393,0.524165,918,26,
1,1182,Overall,Overall,35,21,41,0.5,0.673162,0.298781,1034,15,
1,1183,Overall,Overall,35,14,41,0.5,0.36709,0.312978,1018,16,
1,1184,Overall,Overall,35,9,41,-0.5,-0.581045,0.368787,971,18,
1,1185,Overall,Overall,35,19,41,0.5,0.642181,0.29554,1032,15,
1,1186,Overall,Overall,35,8,41,-1.0,-1.2436,0.455139,938,23,
1,1187,Overall,Overall,35,15,41,0.5,0.284862,0.302828,1014,15,
1,1188,Overall,Overall,35,2,41,-1.5,-3.176765,0.894801,841,45,
1,1189,Overall,Overall,35,30,41,2.5,2.37219,0.347797,1119,17,
1,1190,Overall,Overall,35,3,41,-2.5,-2.936497,0.808207,853,40,
1,1191,Overall,Overall,35,1,41,-3.0,-5.0,1.671327,750,84,
1,1192,Overall,Overall,35,1,41,-2.5,-4.740702,1.460506,763,73,
1,1193,Overall,Overall,35,10,41,-0.5,-0.26016,0.339082,987,17,
1,1194,Overall,Overall,35,9,41,-0.5,-0.639391,0.375252,968,19,
1,1195,Overall,Overall,35,3,41,-2.5,-3.224854,0.903839,839,45,
1,1196,Overall,Overall,35,22,41,1.5,1.330211,0.301303,1067,15,
1,1197,Overall,Overall,35,4,41,-3.0,-2.514381,0.706365,874,35,
1,1198,Overall,Overall,35,3,41,-2.5,-2.831819,0.787661,858,39,
1,1199,Overall,Overall,35,19,41,1.0,0.69594,0.295214,1035,15,
1,1200,Overall,Overall,35,29,41,3.0,2.82097,0.385196,1141,19,
1,1201,Overall,Overall,35,6,41,-1.5,-1.812016,0.556257,909,28,
1,1202,Overall,Overall,35,25,41,2.0,2.21088,0.340148,1111,17,
1,1203,Overall,Overall,35,30,41,3.0,2.469564,0.353411,1123,18,
1,1204,Overall,Overall,35,6,41,-2.0,-1.520668,0.500907,924,25,
1,1205,Overall,Overall,35,8,41,-1.0,-1.018292,0.422402,949,21,
1,1206,Overall,Overall,35,8,41,-1.5,-1.374137,0.478941,931,24,
1,1207,Overall,Overall,35,13,41,0.0,-9.41E-4,0.317588,1000,16,
1,1208,Overall,Overall,35,6,41,-1.5,-1.697012,0.530207,915,27,
1,1209,Overall,Overall,35,25,41,2.0,2.158341,0.335688,1108,17,
1,1210,Overall,Overall,35,8,41,-2.0,-1.414354,0.487172,929,24,
1,1211,Overall,Overall,35,22,41,1.0,0.931956,0.29608,1047,15,
1,1212,Overall,Overall,35,6,41,-1.5,-1.658481,0.525063,917,26,
1,1213,Overall,Overall,35,23,41,1.5,1.292873,0.307252,1065,15,
1,1214,Overall,Overall,35,23,41,1.5,1.069361,0.297401,1053,15,
1,1215,Overall,Overall,35,7,41,-1.5,-1.361393,0.474395,932,24,
1,1216,Overall,Overall,35,5,41,-2.0,-2.248023,0.643594,888,32,
1,1217,Overall,Overall,35,23,41,1.5,2.005124,0.331226,1100,17,
1,1218,Overall,Overall,35,7,41,-1.5,-1.360083,0.473255,932,24,
1,1219,Overall,Overall,35,28,41,2.5,2.342788,0.344648,1117,17,
1,1220,Overall,Overall,35,3,41,-2.0,-2.703037,0.753228,865,38,
1,1221,Overall,Overall,35,9,41,-1.5,-1.042201,0.426416,948,21,
1,1222,Overall,Overall,35,1,41,-3.0,-4.574653,1.45794,771,73,
1,1223,Overall,Overall,35,7,41,-0.5,-1.114824,0.438492,944,22,
1,1224,Overall,Overall,35,12,41,-0.5,-0.313591,0.341495,984,17,
1,1225,Overall,Overall,35,7,41,-1.5,-1.177449,0.446523,941,22,
1,1226,Overall,Overall,35,5,41,-3.0,-1.992253,0.592137,900,30,
1,1227,Overall,Overall,35,9,41,-1.0,-0.748091,0.389371,963,19,
1,1228,Overall,Overall,35,15,41,0.5,0.407463,0.307019,1020,15,
1,1229,Overall,Overall,35,6,41,-1.0,-1.458529,0.493257,927,25,
1,1230,Overall,Overall,35,24,41,1.5,1.239562,0.300312,1062,15,
1,1231,Overall,Overall,35,5,41,-2.0,-1.643878,0.525736,918,26,
1,1232,Overall,Overall,35,6,41,-1.5,-1.749325,0.547219,913,27,
1,1233,Overall,Overall,35,21,41,0.0,0.834203,0.296614,1042,15,
1,1234,Overall,Overall,35,13,41,0.0,-0.074458,0.322528,996,16,
1,1235,Overall,Overall,35,31,41,3.0,2.753352,0.382714,1138,19,
1,1236,Overall,Overall,35,5,41,-1.5,-1.793159,0.55649,910,28,
1,1237,Overall,Overall,35,18,41,0.5,0.594335,0.295537,1030,15,
1,1238,Overall,Overall,35,7,41,-1.0,-1.699685,0.534548,915,27,
1,1239,Overall,Overall,35,12,41,-0.5,-0.012071,0.319064,999,16,
1,1240,Overall,Overall,35,31,41,3.0,2.984974,0.40479,1149,20,
1,1241,Overall,Overall,35,32,41,3.0,2.749867,0.380578,1137,19,
1,1242,Overall,Overall,35,16,41,1.0,0.421598,0.306258,1021,15,
1,1243,Overall,Overall,35,18,41,1.0,0.591114,0.295612,1030,15,
1,1244,Overall,Overall,35,9,41,-0.5,-0.50732,0.36093,975,18,
1,1245,Overall,Overall,35,21,41,1.5,1.141673,0.297622,1057,15,
1,1246,Overall,Overall,35,4,41,-2.5,-2.822036,0.787049,859,39,
1,1247,Overall,Overall,35,2,41,-3.0,-4.267123,1.263163,787,63,
1,1248,Overall,Overall,35,12,41,0.0,-0.17375,0.33064,991,17,
1,1249,Overall,Overall,35,18,41,0.5,0.552815,0.297383,1028,15,
1,1250,Overall,Overall,35,3,41,-3.0,-3.41875,0.974095,829,49,
1,1251,Overall,Overall,35,26,41,2.0,2.049297,0.331069,1102,17,
1,1252,Overall,Overall,35,20,41,0.5,0.778385,0.295696,1039,15,
1,1253,Overall,Overall,35,14,41,0.0,0.275699,0.303666,1014,15,
1,1254,Overall,Overall,35,19,41,1.5,1.036123,0.300079,1052,15,
1,1255,Overall,Overall,35,25,41,2.5,1.934635,0.32608,1097,16,
1,1256,Overall,Overall,35,8,41,-0.5,-1.259426,0.457535,937,23,
1,1257,Overall,Overall,35,20,41,1.0,0.939561,0.297091,1047,15,
1,1258,Overall,Overall,35,5,41,-3.0,-2.256744,0.645851,887,32,
1,1259,Overall,Overall,35,27,41,2.5,2.399805,0.352153,1120,18,
1,1260,Overall,Overall,35,4,41,-2.0,-2.67271,0.745278,866,37,
1,1261,Overall,Overall,35,7,41,-1.0,-1.120419,0.440229,944,22,
1,1262,Overall,Overall,35,10,41,-0.5,-0.34934,0.348606,983,17,
1,1263,Overall,Overall,35,6,41,-3.0,-1.721459,0.538377,914,27,
1,1264,Overall,Overall,35,7,41,-1.0,-1.800208,0.552766,910,28,
1,1265,Overall,Overall,35,2,41,-3.0,-3.315969,0.93269,834,47,
1,1266,Overall,Overall,35,23,41,1.5,1.527449,0.315077,1076,16,
1,1267,Overall,Overall,35,10,41,-1.0,-0.689832,0.382774,966,19,
1,1268,Overall,Overall,35,32,41,3.0,3.849669,0.510008,1192,26,
1,1269,Overall,Overall,35,7,41,-0.5,-1.159054,0.447793,942,22,
1,1270,Overall,Overall,35,4,41,-3.0,-2.771772,0.767424,861,38,
1,1271,Overall,Overall,35,3,41,-3.0,-2.80182,0.785009,860,39,
1,1272,Overall,Overall,35,25,41,2.0,1.820032,0.328929,1091,16,
1,1273,Overall,Overall,35,29,41,2.0,2.736459,0.380869,1137,19,
1,1274,Overall,Overall,35,18,41,0.5,0.702856,0.295124,1035,15,
1,1275,Overall,Overall,35,5,41,-3.0,-2.19681,0.632961,890,32,
1,1276,Overall,Overall,35,25,41,1.5,1.671072,0.313358,1084,16,
1,1277,Overall,Overall,35,10,41,-2.0,-0.808128,0.396329,960,20,
1,1278,Overall,Overall,35,8,41,-1.0,-0.753552,0.392126,962,20,
1,1279,Overall,Overall,35,25,41,1.5,1.929994,0.326437,1096,16,
1,1280,Overall,Overall,35,8,41,-1.5,-1.056785,0.429176,947,21,
1,1281,Overall,Overall,35,19,41,1.0,0.97661,0.297729,1049,15,
1,1282,Overall,Overall,35,3,41,-3.0,-3.618271,1.021455,819,51,
1,1283,Overall,Overall,35,27,41,2.5,2.243034,0.340439,1112,17,
1,1284,Overall,Overall,35,9,41,0.0,-0.826975,0.397463,959,20,
1,1285,Overall,Overall,35,21,41,1.0,1.333999,0.302969,1067,15,
1,1286,Overall,Overall,35,25,41,2.5,1.973523,0.327823,1099,16,
1,1287,Overall,Overall,35,26,41,1.5,2.13147,0.334496,1107,17,
1,1288,Overall,Overall,35,11,41,-1.0,-0.534316,0.364779,973,18,
1,1289,Overall,Overall,35,13,41,-0.5,-0.514082,0.364765,974,18,
1,1290,Overall,Overall,35,9,41,-1.0,-0.996149,0.419952,950,21,
1,1291,Overall,Overall,35,1,41,-3.0,-5.0,1.581585,750,79,
1,1292,Overall,Overall,35,15,41,0.5,0.44586,0.297986,1022,15,
1,1293,Overall,Overall,35,20,41,1.5,1.075633,0.29757,1054,15,
1,1294,Overall,Overall,35,11,41,-0.5,-0.434735,0.352685,978,18,
1,1295,Overall,Overall,35,30,41,3.0,3.032659,0.415198,1152,21,
1,1296,Overall,Overall,35,19,41,1.0,0.88393,0.303104,1044,15,
1,1297,Overall,Overall,35,26,41,2.0,1.633145,0.310542,1082,16,
1,1298,Overall,Overall,35,3,41,-2.0,-2.754219,0.759856,862,38,
1,1299,Overall,Overall,35,22,41,1.0,0.951577,0.295951,1048,15,
1,1300,Overall,Overall,35,16,41,0.0,0.52716,0.296831,1026,15,
2,1,Overall,Overall,35,18,41,1.0,0.840855,0.301512,1042,15,
2,2,Overall,Overall,35,9,41,-1.0,-0.941195,0.413319,953,21,
2,3,Overall,Overall,35,27,41,2.0,1.922786,0.328259,1096,16,
2,4,Overall,Overall,35,6,41,-2.0,-1.651959,0.522129,917,26,
2,5,Overall,Overall,35,6,41,-2.0,-1.44758,0.491551,928,25,
2,6,Overall,Overall,35,10,41,-0.5,-0.469784,0.357164,977,18,
2,7,Overall,Overall,35,2,41,-3.0,-4.070748,1.213518,796,61,
2,8,Overall,Overall,35,19,41,0.5,0.724404,0.295441,1036,15,
2,9,Overall,Overall,35,13,41,0.0,0.112179,0.310389,1006,16,
2,10,Overall,Overall,35,17,41,0.5,0.418538,0.29912,1021,15,
2,11,Overall,Overall,35,26,41,2.5,2.357175,0.351228,1118,18,
2,12,Overall,Overall,35,5,41,-2.5,-2.202941,0.627228,890,31,
2,13,Overall,Overall,35,11,41,-0.5,-0.701721,0.384245,965,19,
2,14,Overall,Overall,35,5,41,-2.5,-1.879505,0.568946,906,28,
2,15,Overall,Overall,35,33,41,3.0,3.138613,0.42379,1157,21,
2,16,Overall,Overall,35,15,41,0.5,0.30467,0.303282,1015,15,
2,17,Overall,Overall,35,10,41,-0.5,-0.510292,0.361243,974,18,
2,18,Overall,Overall,35,0,41,-3.0,-5.0,1.693383,750,85,
2,19,Overall,Overall,35,5,41,-1.5,-2.163734,0.620848,892,31,
2,20,Overall,Overall,35,7,41,-1.5,-1.617151,0.518172,919,26,
2,21,Overall,Overall,35,8,41,-1.0,-1.094586,0.433222,945,22,
2,22,Overall,Overall,35,3,41,-2.5,-2.510908,0.704923,874,35,
2,23,Overall,Overall,35,14,41,0.5,-0.212368,0.334095,989,17,
2,24,Overall,Overall,35,10,41,-0.5,-0.580533,0.369035,971,18,
2,25,Overall,Overall,35,12,41,0.5,-0.084302,0.322825,996,16,
2,26,Overall,Overall,35,24,41,2.0,1.883351,0.329907,1094,16,
2,27,Overall,Overall,35,9,41,-3.0,-1.173933,0.445651,941,22,
2,28,Overall,Overall,35,25,41,2.5,2.292155,0.343679,1115,17,
2,29,Overall,Overall,35,7,41,-0.5,-1.103125,0.437484,945,22,
2,30,Overall,Overall,35,20,41,0.0,0.653582,0.295744,1033,15,
2,31,Overall,Overall,35,21,41,1.0,1.221301,0.30332,1061,15,
2,32,Overall,Overall,35,23,41,1.0,1.161591,0.297926,1058,15,
2,33,Overall,Overall,35,24,41,1.0,1.298091,0.305926,1065,15,
2,34,Overall,Overall,35,2,41,-3.0,-3.16535,0.874984,842,44,
2,35,Overall,Overall,35,12,41,0.5,0.113572,0.328057,1006,16,
2,36,Overall,Overall,35,8,41,-1.5,-1.10857,0.435462,945,22,
2,37,Overall,Overall,35,4,41,-3.0,-2.544665,0.707004,873,35,
2,38,Overall,Overall,35,6,41,-1.0,-1.842755,0.561697,908,28,
2,39,Overall,Overall,35,29,41,2.5,2.3468,0.345972,1117,17,
2,40,Overall,Overall,35,8,41,-1.0,-0.78867,0.395723,961,20,
2,41,Overall,Overall,35,5,41,-2.0,-2.378459,0.667917,881,33,
2,42,Overall,Overall,35,13,41,0.5,0.129842,0.311843,1006,16,
2,43,Overall,Overall,35,16,41,0.0,0.320092,0.30149,1016,15,
2,44,Overall,Overall,35,25,41,1.0,1.561854,0.307397,1078,15,
2,45,Overall,Overall,35,14,41,0.0,0.065239,0.314549,1003,16,
2,46,Overall,Overall,35,26,41,2.5,2.252246,0.340614,1113,17,
2,47,Overall,Overall,35,22,41,2.0,1.76857,0.323007,1088,16,
2,48,Overall,Overall,35,7,41,-2.5,-1.485634,0.497025,926,25,
2,49,Overall,Overall,35,25,41,2.5,2.352662,0.347589,1118,17,
2,50,Overall,Overall,35,4,41,-2.5,-2.404826,0.679935,880,34,
2,51,Overall,Overall,35,21,41,1.5,1.230201,0.298455,1062,15,
2,52,Overall,Overall,35,7,41,-2.0,-1.730822,0.536656,913,27,
2,53,Overall,Overall,35,3,41,-2.5,-3.079661,0.842063,846,42,
2,54,Overall,Overall,35,6,41,-1.5,-1.897138,0.571387,905,29,
2,55,Overall,Overall,35,28,41,2.5,2.53848,0.358702,1127,18,
2,56,Overall,Overall,35,15,41,0.5,0.384101,0.307219,1019,15,
2,57,Overall,Overall,35,12,41,-0.5,-0.325685,0.343052,984,17,
2,58,Overall,Overall,35,7,41,-1.5,-1.35365,0.473358,932,24,
2,59,Overall,Overall,35,29,41,2.0,2.226143,0.338241,1111,17,
2,60,Overall,Overall,35,25,41,1.5,1.992576,0.329412,1100,16,
2,61,Overall,Overall,35,7,41,-2.0,-1.692909,0.534231,915,27,
2,62,Overall,Overall,35,21,41,1.5,0.930491,0.296212,1047,15,
2,63,Overall,Overall,35,26,41,2.5,1.984358,0.328347,1099,16,
2,64,Overall,Overall,35,31,41,3.0,3.023664,0.406006,1151,20,
2,65,Overall,Overall,35,3,41,-2.0,-3.157294,0.882165,842,44,
2,66,Overall,Overall,35,17,41,0.0,0.43017,0.298696,1022,15,
2,67,Overall,Overall,35,4,41,-1.5,-1.933732,0.58466,903,29,
2,68,Overall,Overall,35,30,41,2.5,2.885808,0.397345,1144,20,
2,69,Overall,Overall,35,26,41,2.5,2.175953,0.335743,1109,17,
2,70,Overall,Overall,35,26,41,1.5,1.70176,0.314936,1085,16,
2,71,Overall,Overall,35,4,41,-2.5,-2.348015,0.666349,883,33,
2,72,Overall,Overall,35,28,41,1.5,1.700692,0.3183,1085,16,
2,73,Overall,Overall,35,30,41,2.5,2.867406,0.38882,1143,19,
2,74,Overall,Overall,35,2,41,-3.0,-3.795518,1.07064,810,54,
2,75,Overall,Overall,35,21,41,0.5,0.699955,0.298804,1035,15,
2,76,Overall,Overall,35,17,41,1.0,0.695645,0.300799,1035,15,
2,77,Overall,Overall,35,31,41,3.0,3.777811,0.502527,1189,25,
2,78,Overall,Overall,35,25,41,1.5,1.574759,0.310088,1079,16,
2,79,Overall,Overall,35,7,41,-2.0,-1.207964,0.453753,940,23,
2,80,Overall,Overall,35,10,41,-1.0,-0.825038,0.398205,959,20,
2,81,Overall,Overall,35,12,41,0.0,-0.191445,0.330884,990,17,
2,82,Overall,Overall,35,30,41,3.0,2.93391,0.395283,1147,20,
2,83,Overall,Overall,35,4,41,-2.5,-2.617098,0.721031,869,36,
2,84,Overall,Overall,35,5,41,-1.5,-1.653425,0.533798,917,27,
2,85,Overall,Overall,35,14,41,0.5,0.0749,0.313078,1004,16,
2,86,Overall,Overall,35,21,41,0.5,1.199178,0.298631,1060,15,
2,87,Overall,Overall,35,7,41,-3.0,-1.823373,0.554891,909,28,
2,88,Overall,Overall,35,9,41,0.0,-0.512821,0.362443,974,18,
2,89,Overall,Overall,35,14,41,0.0,0.227156,0.305476,1011,15,
2,90,Overall,Overall,35,17,41,0.0,0.309127,0.304209,1015,15,
2,91,Overall,Overall,35,5,41,-2.5,-2.303869,0.650122,885,33,
2,92,Overall,Overall,35,5,41,-2.0,-2.107199,0.625929,895,31,
2,93,Overall,Overall,35,22,41,1.0,1.151818,0.297775,1058,15,
2,94,Overall,Overall,35,24,41,1.0,1.254341,0.299417,1063,15,
2,95,Overall,Overall,35,7,41,-0.5,-1.346952,0.471624,933,24,
2,96,Overall,Overall,35,3,41,-3.0,-3.42792,0.965267,829,48,
2,97,Overall,Overall,35,17,41,1.0,0.597847,0.300427,1030,15,
2,98,Overall,Overall,35,13,41,0.0,-0.099724,0.325144,995,16,
2,99,Overall,Overall,35,7,41,-1.5,-1.744714,0.542713,913,27,
2,100,Overall,Overall,35,21,41,1.5,1.685151,0.326804,1084,16,
2,101,Overall,Overall,35,6,41,-1.5,-1.817771,0.554296,909,28,
2,102,Overall,Overall,35,2,41,-3.0,-3.293774,0.911387,835,46,
2,103,Overall,Overall,35,16,41,0.0,0.169675,0.312377,1008,16,
2,104,Overall,Overall,35,5,41,-3.0,-2.087928,0.609911,896,30,
2,105,Overall,Overall,35,7,41,-1.5,-1.097121,0.437486,945,22,
2,106,Overall,Overall,35,24,41,1.0,1.446882,0.308108,1072,15,
2,107,Overall,Overall,35,2,41,-3.0,-3.130309,0.872266,843,44,
2,108,Overall,Overall,35,30,41,2.5,2.615772,0.364284,1131,18,
2,109,Overall,Overall,35,9,41,-1.0,-0.895157,0.406118,955,20,
2,110,Overall,Overall,35,9,41,-1.5,-0.589105,0.370367,971,19,
2,111,Overall,Overall,35,10,41,-1.0,-0.90449,0.408075,955,20,
2,112,Overall,Overall,35,17,41,1.0,0.7473,0.303395,1037,15,
2,113,Overall,Overall,35,19,41,1.0,0.816377,0.294857,1041,15,
2,114,Overall,Overall,35,25,41,1.5,1.527707,0.308078,1076,15,
2,115,Overall,Overall,35,19,41,0.5,0.656277,0.294617,1033,15,
2,116,Overall,Overall,35,8,41,0.0,-0.574151,0.372012,971,19,
2,117,Overall,Overall,35,10,41,0.0,-0.595466,0.370659,970,19,
2,118,Overall,Overall,35,15,41,0.0,0.350388,0.300594,1018,15,
2,119,Overall,Overall,35,28,41,2.5,2.350655,0.346646,1118,17,
2,120,Overall,Overall,35,6,41,-1.5,-1.670951,0.527384,916,26,
2,121,Overall,Overall,35,6,41,-2.0,-1.942071,0.576786,903,29,
2,122,Overall,Overall,35,18,41,1.0,0.794916,0.296915,1040,15,
2,123,Overall,Overall,35,15,41,0.5,0.252211,0.303925,1013,15,
2,124,Overall,Overall,35,4,41,-2.0,-2.327157,0.667054,884,33,
2,125,Overall,Overall,35,3,41,-3.0,-3.293316,0.923821,835,46,
2,126,Overall,Overall,35,17,41,0.5,0.361265,0.300931,1018,15,
2,127,Overall,Overall,35,28,41,3.0,2.199727,0.337215,1110,17,
2,128,Overall,Overall,35,3,41,-2.0,-2.94069,0.818093,853,41,
2,129,Overall,Overall,35,20,41,1.0,0.766826,0.294598,1038,15,
2,130,Overall,Overall,35,4,41,-2.0,-2.436237,0.687074,878,34,
2,131,Overall,Overall,35,23,41,1.0,1.254274,0.299101,1063,15,
2,132,Overall,Overall,35,22,41,0.5,0.876723,0.296806,1044,15,
2,133,Overall,Overall,35,25,41,2.5,2.061028,0.332035,1103,17,
2,134,Overall,Overall,35,15,41,0.5,0.267477,0.305331,1013,15,
2,135,Overall,Overall,35,10,41,0.0,-0.325235,0.34293,984,17,
2,136,Overall,Overall,35,29,41,3.0,3.132747,0.436005,1157,22,
2,137,Overall,Overall,35,28,41,2.5,2.723174,0.380289,1136,19,
2,138,Overall,Overall,35,15,41,0.0,0.136931,0.309103,1007,15,
2,139,Overall,Overall,35,3,41,-3.0,-3.049103,0.849708,848,42,
2,140,Overall,Overall,35,22,41,1.5,1.666592,0.322025,1083,16,
2,141,Overall,Overall,35,22,41,1.0,1.33122,0.303478,1067,15,
2,142,Overall,Overall,35,14,41,0.0,-0.164607,0.333217,992,17,
2,143,Overall,Overall,35,29,41,2.5,2.325576,0.343603,1116,17,
2,144,Overall,Overall,35,8,41,-0.5,-0.862393,0.40362,957,20,
2,145,Overall,Overall,35,11,41,0.0,-0.337346,0.345441,983,17,
2,146,Overall,Overall,35,6,41,-2.5,-2.011155,0.588878,899,29,
2,147,Overall,Overall,35,6,41,-0.5,-1.528719,0.500981,924,25,
2,148,Overall,Overall,35,20,41,0.5,0.78187,0.294421,1039,15,
2,149,Overall,Overall,35,9,41,0.0,-0.773572,0.391522,961,20,
2,150,Overall,Overall,35,22,41,2.0,1.813822,0.323695,1091,16,
2,151,Overall,Overall,35,12,41,-0.5,-0.307204,0.341872,985,17,
2,152,Overall,Overall,35,22,41,1.0,1.016742,0.298093,1051,15,
2,153,Overall,Overall,35,4,41,-2.0,-2.742221,0.76358,863,38,
2,154,Overall,Overall,35,9,41,-1.0,-0.401575,0.349713,980,17,
2,155,Overall,Overall,35,3,41,-2.5,-2.930076,0.827341,853,41,
2,156,Overall,Overall,35,31,41,2.5,2.500995,0.356601,1125,18,
2,157,Overall,Overall,35,28,41,2.0,2.126839,0.333421,1106,17,
2,158,Overall,Overall,35,0,41,-2.5,-5.0,1.692162,750,85,
2,159,Overall,Overall,35,3,41,-2.5,-3.118064,0.8747,844,44,
2,160,Overall,Overall,35,32,41,2.5,3.195744,0.42887,1160,21,
2,161,Overall,Overall,35,5,41,-1.5,-1.831973,0.556997,908,28,
2,162,Overall,Overall,35,24,41,1.5,1.925809,0.327765,1096,16,
2,163,Overall,Overall,35,25,41,2.0,2.142819,0.335701,1107,17,
2,164,Overall,Overall,35,8,41,-1.5,-1.054249,0.42826,947,21,
2,165,Overall,Overall,35,4,41,-3.0,-2.489437,0.700469,876,35,
2,166,Overall,Overall,35,4,41,-1.5,-2.831186,0.779183,858,39,
2,167,Overall,Overall,35,26,41,1.5,2.140026,0.334441,1107,17,
2,168,Overall,Overall,35,16,41,0.5,0.444717,0.304365,1022,15,
2,169,Overall,Overall,35,8,41,-2.0,-1.251485,0.45699,937,23,
2,170,Overall,Overall,35,23,41,2.0,1.674191,0.319948,1084,16,
2,171,Overall,Overall,35,23,41,1.5,1.971898,0.331595,1099,17,
2,172,Overall,Overall,35,20,41,0.5,0.923213,0.295913,1046,15,
2,173,Overall,Overall,35,11,41,0.0,-0.672073,0.379197,966,19,
2,174,Overall,Overall,35,15,41,0.5,0.617879,0.305618,1031,15,
2,175,Overall,Overall,35,24,41,1.5,1.414762,0.304062,1071,15,
2,176,Overall,Overall,35,2,41,-3.0,-3.8167,1.093806,809,55,
2,177,Overall,Overall,35,9,41,-1.0,-0.917699,0.410277,954,21,
2,178,Overall,Overall,35,6,41,-2.5,-1.997998,0.589917,900,29,
2,179,Overall,Overall,35,14,41,0.0,0.320596,0.3015,1016,15,
2,180,Overall,Overall,35,22,41,1.0,1.009995,0.297179,1050,15,
2,181,Overall,Overall,35,20,41,2.0,1.001235,0.297388,1050,15,
2,182,Overall,Overall,35,9,41,-1.0,-0.864126,0.402125,957,20,
2,183,Overall,Overall,35,28,41,3.0,2.724424,0.375279,1136,19,
2,184,Overall,Overall,35,24,41,1.0,1.452168,0.303369,1073,15,
2,185,Overall,Overall,35,28,41,2.0,1.67769,0.316395,1084,16,
2,186,Overall,Overall,35,26,41,2.0,1.844854,0.32618,1092,16,
2,187,Overall,Overall,35,3,41,-3.0,-3.355147,0.94553,832,47,
2,188,Overall,Overall,35,6,41,-2.5,-1.820203,0.556894,909,28,
2,189,Overall,Overall,35,2,41,-3.0,-4.108134,1.202431,795,60,
2,190,Overall,Overall,35,6,41,-1.5,-1.860445,0.559208,907,28,
2,191,Overall,Overall,35,10,41,-0.5,-0.725395,0.387138,964,19,
2,192,Overall,Overall,35,9,41,-1.0,-0.696008,0.383357,965,19,
2,193,Overall,Overall,35,30,41,2.5,2.654587,0.370121,1133,19,
2,194,Overall,Overall,35,12,41,-0.5,-0.232352,0.335126,988,17,
2,195,Overall,Overall,35,21,41,1.0,0.700806,0.296716,1035,15,
2,196,Overall,Overall,35,26,41,2.0,2.269735,0.342218,1113,17,
2,197,Overall,Overall,35,30,41,3.0,2.926911,0.39717,1146,20,
2,198,Overall,Overall,35,28,41,1.5,1.567062,0.322531,1078,16,
2,199,Overall,Overall,35,32,41,3.0,2.514778,0.358262,1126,18,
2,200,Overall,Overall,35,11,41,-0.5,-0.21729,0.333406,989,17,
2,201,Overall,Overall,35,6,41,-1.0,-1.783581,0.545447,911,27,
2,202,Overall,Overall,35,25,41,1.5,1.408621,0.303039,1070,15,
2,203,Overall,Overall,35,27,41,1.5,1.952939,0.329458,1098,16,
2,204,Overall,Overall,35,12,41,0.0,-0.005102,0.317751,1000,16,
2,205,Overall,Overall,35,4,41,-2.0,-2.380722,0.673825,881,34,
2,206,Overall,Overall,35,6,41,-1.5,-1.687082,0.532121,916,27,
2,207,Overall,Overall,35,31,41,3.0,2.434777,0.35236,1122,18,
2,208,Overall,Overall,35,10,41,-0.5,-0.437776,0.354934,978,18,
2,209,Overall,Overall,35,20,41,0.5,1.117012,0.297918,1056,15,
2,210,Overall,Overall,35,5,41,-2.5,-2.489263,0.694039,876,35,
2,211,Overall,Overall,35,12,41,-0.5,-0.378314,0.348034,981,17,
2,212,Overall,Overall,35,2,41,-3.0,-3.739384,1.048021,813,52,
2,213,Overall,Overall,35,3,41,-2.5,-2.889921,0.809943,856,40,
2,214,Overall,Overall,35,10,41,-1.0,-0.599351,0.373182,970,19,
2,215,Overall,Overall,35,0,41,-2.0,-5.0,1.693383,750,85,
2,216,Overall,Overall,35,2,41,-3.0,-4.102897,1.219274,795,61,
2,217,Overall,Overall,35,13,41,0.5,0.228954,0.315984,1011,16,
2,218,Overall,Overall,35,24,41,1.5,1.494461,0.308303,1075,15,
2,219,Overall,Overall,35,24,41,1.5,1.382001,0.301811,1069,15,
2,220,Overall,Overall,35,9,41,-1.0,-0.49883,0.36295,975,18,
2,221,Overall,Overall,35,11,41,0.0,-0.134008,0.330288,993,17,
2,222,Overall,Overall,35,3,41,-2.5,-2.6195,0.725276,869,36,
2,223,Overall,Overall,35,27,41,2.0,2.206827,0.337685,1110,17,
2,224,Overall,Overall,35,6,41,-2.0,-1.664836,0.526239,917,26,
2,225,Overall,Overall,35,26,41,1.0,1.636805,0.310732,1082,16,
2,226,Overall,Overall,35,29,41,2.5,2.858915,0.391759,1143,20,
2,227,Overall,Overall,35,26,41,2.0,1.689431,0.313638,1084,16,
2,228,Overall,Overall,35,30,41,3.0,2.777863,0.381649,1139,19,
2,229,Overall,Overall,35,32,41,3.0,3.217624,0.434727,1161,22,
2,230,Overall,Overall,35,23,41,0.5,0.938227,0.296839,1047,15,
2,231,Overall,Overall,35,12,41,-1.0,-0.32896,0.342638,984,17,
2,232,Overall,Overall,35,27,41,2.5,2.168393,0.335682,1108,17,
2,233,Overall,Overall,35,4,41,-2.0,-2.682415,0.740807,866,37,
2,234,Overall,Overall,35,13,41,0.0,0.047189,0.315134,1002,16,
2,235,Overall,Overall,35,28,41,2.0,2.214087,0.337974,1111,17,
2,236,Overall,Overall,35,5,41,-1.0,-2.307245,0.657125,885,33,
2,237,Overall,Overall,35,13,41,0.5,-0.002052,0.318655,1000,16,
2,238,Overall,Overall,35,5,41,-1.0,-1.68574,0.533136,916,27,
2,239,Overall,Overall,35,7,41,-1.0,-1.388828,0.479392,931,24,
2,240,Overall,Overall,35,26,41,1.0,1.436074,0.312178,1072,16,
2,241,Overall,Overall,35,15,41,0.0,0.223933,0.305228,1011,15,
2,242,Overall,Overall,35,6,41,-2.5,-2.03779,0.599662,898,30,
2,243,Overall,Overall,35,27,41,2.5,2.351952,0.345677,1118,17,
2,244,Overall,Overall,35,7,41,-1.5,-0.935875,0.421423,953,21,
2,245,Overall,Overall,35,7,41,-2.5,-1.847476,0.585061,908,29,
2,246,Overall,Overall,35,21,41,1.0,1.012209,0.298585,1051,15,
2,247,Overall,Overall,35,3,41,-2.5,-2.984535,0.830365,851,42,
2,248,Overall,Overall,35,23,41,0.5,1.283657,0.300218,1064,15,
2,249,Overall,Overall,35,3,41,-2.5,-2.850352,0.792459,857,40,
2,250,Overall,Overall,35,4,41,-3.0,-3.093831,0.854768,845,43,
2,251,Overall,Overall,35,22,41,1.5,1.318356,0.300102,1066,15,
2,252,Overall,Overall,35,12,41,-0.5,-0.297738,0.341591,985,17,
2,253,Overall,Overall,35,26,41,2.0,1.700911,0.316062,1085,16,
2,254,Overall,Overall,35,2,41,-3.0,-4.056863,1.178314,797,59,
2,255,Overall,Overall,35,16,41,0.0,0.1461,0.310777,1007,16,
2,256,Overall,Overall,35,7,41,-1.5,-1.407183,0.480593,930,24,
2,257,Overall,Overall,35,6,41,-2.0,-1.576261,0.510169,921,26,
2,258,Overall,Overall,35,6,41,-2.0,-1.536672,0.504688,923,25,
2,259,Overall,Overall,35,10,41,-1.0,-0.576436,0.369999,971,18,
2,260,Overall,Overall,35,20,41,0.5,0.646503,0.297068,1032,15,
2,261,Overall,Overall,35,17,41,0.5,0.299975,0.302488,1015,15,
2,262,Overall,Overall,35,3,41,-3.0,-2.941256,0.822354,853,41,
2,263,Overall,Overall,35,7,41,-1.0,-1.315073,0.467261,934,23,
2,264,Overall,Overall,35,7,41,-1.0,-1.434795,0.486141,928,24,
2,265,Overall,Overall,35,6,41,-0.5,-1.206165,0.45548,940,23,
2,266,Overall,Overall,35,30,41,2.5,2.545723,0.359978,1127,18,
2,267,Overall,Overall,35,9,41,-2.0,-0.987271,0.418551,951,21,
2,268,Overall,Overall,35,8,41,-2.5,-1.323918,0.467523,934,23,
2,269,Overall,Overall,35,16,41,1.0,0.693542,0.301563,1035,15,
2,270,Overall,Overall,35,30,41,2.5,2.688044,0.371973,1134,19,
2,271,Overall,Overall,35,24,41,2.5,1.909068,0.327058,1095,16,
2,272,Overall,Overall,35,27,41,1.5,1.867904,0.324537,1093,16,
2,273,Overall,Overall,35,3,41,-2.5,-2.846787,0.791768,858,40,
2,274,Overall,Overall,35,8,41,-1.0,-1.071192,0.430485,946,22,
2,275,Overall,Overall,35,29,41,3.0,2.333789,0.344729,1117,17,
2,276,Overall,Overall,35,22,41,0.5,0.997673,0.297313,1050,15,
2,277,Overall,Overall,35,29,41,1.5,1.959632,0.328763,1098,16,
2,278,Overall,Overall,35,27,41,2.0,1.726693,0.315658,1086,16,
2,279,Overall,Overall,35,32,41,3.0,2.948978,0.403602,1147,20,
2,280,Overall,Overall,35,28,41,3.0,2.491758,0.355116,1125,18,
2,281,Overall,Overall,35,2,41,-3.0,-4.025105,1.170963,799,59,
2,282,Overall,Overall,35,27,41,2.0,2.279377,0.341863,1114,17,
2,283,Overall,Overall,35,13,41,0.0,-0.144207,0.329134,993,16,
2,284,Overall,Overall,35,29,41,2.0,2.007549,0.333254,1100,17,
2,285,Overall,Overall,35,4,41,-3.0,-2.501432,0.702945,875,35,
2,286,Overall,Overall,35,20,41,1.0,0.587971,0.29638,1029,15,
2,287,Overall,Overall,35,10,41,-0.5,-0.797327,0.393751,960,20,
2,288,Overall,Overall,35,2,41,-3.0,-4.250912,1.291798,787,65,
2,289,Overall,Overall,35,12,41,0.0,-0.049684,0.32159,998,16,
2,290,Overall,Overall,35,5,41,-1.5,-2.126769,0.616991,894,31,
2,291,Overall,Overall,35,12,41,0.0,-0.104367,0.32402,995,16,
2,292,Overall,Overall,35,26,41,1.5,1.837145,0.324737,1092,16,
2,293,Overall,Overall,35,4,41,-2.5,-2.49166,0.700685,875,35,
2,294,Overall,Overall,35,11,41,-0.5,-0.264912,0.336936,987,17,
2,295,Overall,Overall,35,13,41,0.0,0.076699,0.312342,1004,16,
2,296,Overall,Overall,35,3,41,-2.0,-3.134004,0.873145,843,44,
2,297,Overall,Overall,35,28,41,2.0,1.745038,0.317453,1087,16,
2,298,Overall,Overall,35,11,41,-0.5,-0.393765,0.349881,980,17,
2,299,Overall,Overall,35,25,41,0.5,1.061635,0.301887,1053,15,
2,300,Overall,Overall,35,5,41,-1.5,-1.804442,0.555137,910,28,
2,301,Overall,Overall,35,1,41,-2.0,-5.0,1.581585,750,79,
2,302,Overall,Overall,35,27,41,2.5,2.661716,0.371766,1133,19,
2,303,Overall,Overall,35,20,41,0.5,0.816266,0.29451,1041,15,
2,304,Overall,Overall,35,6,41,-1.5,-1.541516,0.510582,923,26,
2,305,Overall,Overall,35,11,41,-1.5,-0.745309,0.387769,963,19,
2,306,Overall,Overall,35,12,41,-0.5,-0.121218,0.32723,994,16,
2,307,Overall,Overall,35,30,41,2.5,2.577041,0.361734,1129,18,
2,308,Overall,Overall,35,30,41,2.5,2.715021,0.373892,1136,19,
2,309,Overall,Overall,35,26,41,2.0,2.136779,0.334326,1107,17,
2,310,Overall,Overall,35,5,41,-2.0,-1.82618,0.559392,909,28,
2,311,Overall,Overall,35,8,41,-1.0,-1.488723,0.512067,926,26,
2,312,Overall,Overall,35,26,41,2.5,2.292925,0.354084,1115,18,
2,313,Overall,Overall,35,7,41,-1.0,-1.201577,0.450306,940,23,
2,314,Overall,Overall,35,25,41,1.0,1.3501,0.301674,1068,15,
2,315,Overall,Overall,35,22,41,2.0,1.723604,0.326517,1086,16,
2,316,Overall,Overall,35,8,41,-1.0,-0.714663,0.385521,964,19,
2,317,Overall,Overall,35,1,41,-3.0,-4.938385,1.623261,753,81,
2,318,Overall,Overall,35,24,41,1.5,1.859165,0.325046,1093,16,
2,319,Overall,Overall,35,28,41,1.5,1.686928,0.31323,1084,16,
2,320,Overall,Overall,35,2,41,-3.0,-3.451103,0.978676,827,49,
2,321,Overall,Overall,35,23,41,2.0,1.285673,0.299611,1064,15,
2,322,Overall,Overall,35,9,41,-1.0,-0.859247,0.406075,957,20,
2,323,Overall,Overall,35,31,41,2.5,2.945854,0.396931,1147,20,
2,324,Overall,Overall,35,29,41,2.0,2.017807,0.334593,1101,17,
2,325,Overall,Overall,35,7,41,-2.0,-1.223225,0.458358,939,23,
2,326,Overall,Overall,35,22,41,1.0,0.995666,0.296037,1050,15,
2,327,Overall,Overall,35,20,41,1.0,1.143412,0.299851,1057,15,
2,328,Overall,Overall,35,17,41,0.5,0.517816,0.296422,1026,15,
2,329,Overall,Overall,35,3,41,-2.5,-2.848669,0.792286,858,40,
2,330,Overall,Overall,35,24,41,1.5,1.467148,0.306592,1073,15,
2,331,Overall,Overall,35,3,41,-2.0,-2.853069,0.793499,857,40,
2,332,Overall,Overall,35,22,41,1.0,1.217806,0.29836,1061,15,
2,333,Overall,Overall,35,9,41,-1.0,-0.701734,0.383521,965,19,
2,334,Overall,Overall,35,9,41,-1.0,-0.594157,0.373709,970,19,
2,335,Overall,Overall,35,5,41,-2.0,-2.210469,0.630788,889,32,
2,336,Overall,Overall,35,25,41,2.0,1.968222,0.32754,1098,16,
2,337,Overall,Overall,35,7,41,-2.0,-1.347414,0.473572,933,24,
2,338,Overall,Overall,35,30,41,3.0,2.744108,0.375556,1137,19,
2,339,Overall,Overall,35,8,41,-1.5,-1.202115,0.450467,940,23,
2,340,Overall,Overall,35,27,41,2.5,1.829634,0.321899,1091,16,
2,341,Overall,Overall,35,29,41,2.5,2.84899,0.392836,1142,20,
2,342,Overall,Overall,35,33,41,3.0,3.875717,0.529895,1194,26,
2,343,Overall,Overall,35,11,41,-0.5,-0.244753,0.335652,988,17,
2,344,Overall,Overall,35,24,41,1.5,1.480865,0.30414,1074,15,
2,345,Overall,Overall,35,32,41,3.0,3.047557,0.414599,1152,21,
2,346,Overall,Overall,35,12,41,-0.5,-0.60432,0.374006,970,19,
2,347,Overall,Overall,35,30,41,2.0,2.369999,0.346203,1118,17,
2,348,Overall,Overall,35,29,41,2.5,2.208299,0.337778,1110,17,
2,349,Overall,Overall,35,15,41,0.5,0.030803,0.316422,1002,16,
2,350,Overall,Overall,35,31,41,2.5,2.842824,0.387902,1142,19,
2,351,Overall,Overall,35,17,41,1.0,0.604154,0.299904,1030,15,
2,352,Overall,Overall,35,13,41,0.0,-0.093016,0.323815,995,16,
2,353,Overall,Overall,35,29,41,1.5,2.087769,0.340731,1104,17,
2,354,Overall,Overall,35,14,41,0.5,0.292842,0.303068,1015,15,
2,355,Overall,Overall,35,6,41,-2.0,-2.311032,0.654096,884,33,
2,356,Overall,Overall,35,14,41,0.5,-0.010401,0.318881,999,16,
2,357,Overall,Overall,35,2,41,-2.0,-3.500921,0.989183,825,49,
2,358,Overall,Overall,35,17,41,0.0,0.647735,0.29904,1032,15,
2,359,Overall,Overall,35,28,41,2.5,2.484198,0.355877,1124,18,
2,360,Overall,Overall,35,7,41,-1.0,-1.283971,0.462585,936,23,
2,361,Overall,Overall,35,25,41,2.0,1.559673,0.30928,1078,15,
2,362,Overall,Overall,35,4,41,-2.5,-2.721639,0.766501,864,38,
2,363,Overall,Overall,35,11,41,-1.5,-0.759664,0.39071,962,20,
2,364,Overall,Overall,35,25,41,1.0,1.169981,0.305659,1058,15,
2,365,Overall,Overall,35,0,41,-3.0,-5.0,1.669858,750,83,
2,366,Overall,Overall,35,6,41,-1.5,-1.672769,0.525772,916,26,
2,367,Overall,Overall,35,11,41,0.0,-0.435946,0.355827,978,18,
2,368,Overall,Overall,35,23,41,1.5,1.83775,0.325753,1092,16,
2,369,Overall,Overall,35,25,41,1.5,1.685687,0.316059,1084,16,
2,370,Overall,Overall,35,17,41,0.5,0.667657,0.298942,1033,15,
2,371,Overall,Overall,35,29,41,3.0,2.861404,0.392881,1143,20,
2,372,Overall,Overall,35,15,41,0.5,0.386888,0.300102,1019,15,
2,373,Overall,Overall,35,7,41,-1.5,-0.768064,0.398672,962,20,
2,374,Overall,Overall,35,17,41,0.5,0.477996,0.297784,1024,15,
2,375,Overall,Overall,35,30,41,2.0,2.599165,0.362405,1130,18,
2,376,Overall,Overall,35,7,41,-1.0,-1.333453,0.473451,933,24,
2,377,Overall,Overall,35,9,41,-1.0,-0.880144,0.406654,956,20,
2,378,Overall,Overall,35,5,41,-3.0,-2.256331,0.645441,887,32,
2,379,Overall,Overall,35,16,41,0.0,0.149469,0.308815,1007,15,
2,380,Overall,Overall,35,28,41,2.5,1.710121,0.314744,1086,16,
2,381,Overall,Overall,35,5,41,-2.5,-2.299544,0.656678,885,33,
2,382,Overall,Overall,35,28,41,2.0,1.85598,0.323703,1093,16,
2,383,Overall,Overall,35,13,41,0.0,-0.188589,0.34025,991,17,
2,384,Overall,Overall,35,13,41,-0.5,-0.251033,0.341213,987,17,
2,385,Overall,Overall,35,5,41,-2.0,-1.618511,0.522698,919,26,
2,386,Overall,Overall,35,14,41,0.0,0.343763,0.301916,1017,15,
2,387,Overall,Overall,35,13,41,0.0,0.07266,0.31308,1004,16,
2,388,Overall,Overall,35,7,41,-1.0,-1.38866,0.477573,931,24,
2,389,Overall,Overall,35,5,41,-2.0,-2.626673,0.739427,869,37,
2,390,Overall,Overall,35,12,41,-1.0,-0.416922,0.352055,979,18,
2,391,Overall,Overall,35,6,41,-2.0,-1.729134,0.536159,914,27,
2,392,Overall,Overall,35,3,41,-2.5,-3.206189,0.898626,840,45,
2,393,Overall,Overall,35,30,41,3.0,3.50528,0.491551,1175,25,
2,394,Overall,Overall,35,10,41,-0.5,-0.521995,0.363632,974,18,
2,395,Overall,Overall,35,30,41,3.0,3.473042,0.460393,1174,23,
2,396,Overall,Overall,35,22,41,1.0,0.952425,0.29633,1048,15,
2,397,Overall,Overall,35,31,41,3.0,3.614399,0.495206,1181,25,
2,398,Overall,Overall,35,30,41,2.5,2.679139,0.370179,1134,19,
2,399,Overall,Overall,35,32,41,2.5,3.141578,0.421278,1157,21,
2,400,Overall,Overall,35,4,41,-2.5,-2.400781,0.679736,880,34,
2,401,Overall,Overall,35,19,41,0.5,0.60837,0.296075,1030,15,
2,402,Overall,Overall,35,23,41,1.0,1.285127,0.299755,1064,15,
2,403,Overall,Overall,35,23,41,2.0,2.034647,0.333537,1102,17,
2,404,Overall,Overall,35,26,41,2.5,2.079637,0.332592,1104,17,
2,405,Overall,Overall,35,26,41,1.5,1.566842,0.307682,1078,15,
2,406,Overall,Overall,35,9,41,-0.5,-0.599748,0.370705,970,19,
2,407,Overall,Overall,35,21,41,0.5,0.91097,0.296093,1046,15,
2,408,Overall,Overall,35,27,41,2.0,1.847665,0.324676,1092,16,
2,409,Overall,Overall,35,4,41,-3.0,-2.627328,0.736893,869,37,
2,410,Overall,Overall,35,1,41,-2.5,-4.804534,1.50479,760,75,
2,411,Overall,Overall,35,28,41,3.0,2.370741,0.346536,1119,17,
2,412,Overall,Overall,35,5,41,-3.0,-2.280326,0.650793,886,33,
2,413,Overall,Overall,35,6,41,-2.5,-1.526703,0.501972,924,25,
2,414,Overall,Overall,35,25,41,1.5,1.291896,0.301057,1065,15,
2,415,Overall,Overall,35,15,41,0.5,0.248361,0.305369,1012,15,
2,416,Overall,Overall,35,27,41,2.5,1.905655,0.326724,1095,16,
2,417,Overall,Overall,35,30,41,2.5,2.735932,0.376111,1137,19,
2,418,Overall,Overall,35,10,41,-0.5,-0.459719,0.356528,977,18,
2,419,Overall,Overall,35,28,41,2.0,2.486331,0.354035,1124,18,
2,420,Overall,Overall,35,27,41,1.5,1.714972,0.315447,1086,16,
2,421,Overall,Overall,35,31,41,2.5,3.605802,0.494924,1180,25,
2,422,Overall,Overall,35,14,41,0.5,0.254138,0.304107,1013,15,
2,423,Overall,Overall,35,25,41,1.5,1.353028,0.302121,1068,15,
2,424,Overall,Overall,35,5,41,-1.5,-1.93495,0.575995,903,29,
2,425,Overall,Overall,35,5,41,-2.0,-1.287458,0.472184,936,24,
2,426,Overall,Overall,35,8,41,-1.0,-1.2165,0.451083,939,23,
2,427,Overall,Overall,35,6,41,-1.0,-1.524718,0.502765,924,25,
2,428,Overall,Overall,35,13,41,0.0,0.108712,0.3121,1005,16,
2,429,Overall,Overall,35,6,41,-2.5,-1.815006,0.560851,909,28,
2,430,Overall,Overall,35,13,41,-0.5,-0.208506,0.332208,990,17,
2,431,Overall,Overall,35,25,41,2.0,2.305145,0.344291,1115,17,
2,432,Overall,Overall,35,25,41,2.0,2.174958,0.337607,1109,17,
2,433,Overall,Overall,35,24,41,1.0,1.343128,0.301639,1067,15,
2,434,Overall,Overall,35,23,41,1.5,1.252707,0.300596,1063,15,
2,435,Overall,Overall,35,5,41,-1.5,-2.047325,0.602392,898,30,
2,436,Overall,Overall,35,28,41,2.0,1.86256,0.323213,1093,16,
2,437,Overall,Overall,35,24,41,1.5,1.467988,0.30413,1073,15,
2,438,Overall,Overall,35,29,41,1.5,1.82046,0.326627,1091,16,
2,439,Overall,Overall,35,5,41,-1.5,-1.432873,0.486901,928,24,
2,440,Overall,Overall,35,11,41,-0.5,-0.278339,0.340347,986,17,
2,441,Overall,Overall,35,4,41,-2.5,-2.531713,0.704611,873,35,
2,442,Overall,Overall,35,22,41,1.0,1.051458,0.298145,1053,15,
2,443,Overall,Overall,35,1,41,-3.0,-4.715372,1.492986,764,75,
2,444,Overall,Overall,35,13,41,0.5,-0.083998,0.324129,996,16,
2,445,Overall,Overall,35,19,41,1.0,1.086666,0.301003,1054,15,
2,446,Overall,Overall,35,3,41,-1.5,-3.38084,0.942127,831,47,
2,447,Overall,Overall,35,7,41,-1.5,-1.142001,0.44106,943,22,
2,448,Overall,Overall,35,25,41,1.5,1.815405,0.322776,1091,16,
2,449,Overall,Overall,35,17,41,0.5,0.483732,0.29713,1024,15,
2,450,Overall,Overall,35,32,41,3.0,3.083738,0.416483,1154,21,
2,451,Overall,Overall,35,13,41,0.0,0.217756,0.315778,1011,16,
2,452,Overall,Overall,35,4,41,-3.0,-2.511138,0.705909,874,35,
2,453,Overall,Overall,35,29,41,3.0,2.514231,0.358359,1126,18,
2,454,Overall,Overall,35,11,41,-0.5,-0.235669,0.334706,988,17,
2,455,Overall,Overall,35,5,41,-2.5,-2.253411,0.645115,887,32,
2,456,Overall,Overall,35,7,41,-2.0,-1.470429,0.496444,926,25,
2,457,Overall,Overall,35,2,41,-2.5,-3.968748,1.127722,802,56,
2,458,Overall,Overall,35,11,41,-0.5,-0.484128,0.35829,976,18,
2,459,Overall,Overall,35,2,41,-2.0,-3.642165,1.030096,818,52,
2,460,Overall,Overall,35,4,41,-1.5,-2.680044,0.740746,866,37,
2,461,Overall,Overall,35,13,41,0.0,0.032948,0.316009,1002,16,
2,462,Overall,Overall,35,30,41,3.0,2.768501,0.380898,1138,19,
2,463,Overall,Overall,35,24,41,1.5,1.523918,0.308228,1076,15,
2,464,Overall,Overall,35,17,41,1.0,0.691229,0.301092,1035,15,
2,465,Overall,Overall,35,28,41,2.5,2.127779,0.334185,1106,17,
2,466,Overall,Overall,35,0,41,-2.5,-5.0,1.693383,750,85,
2,467,Overall,Overall,35,30,41,3.0,3.050833,0.415421,1153,21,
2,468,Overall,Overall,35,7,41,-2.0,-1.623854,0.52486,919,26,
2,469,Overall,Overall,35,26,41,2.0,1.892526,0.326316,1095,16,
2,470,Overall,Overall,35,2,41,-3.0,-4.157759,1.223284,792,61,
2,471,Overall,Overall,35,12,41,-1.0,-0.488947,0.362255,976,18,
2,472,Overall,Overall,35,10,41,-1.5,-0.793577,0.394687,960,20,
2,473,Overall,Overall,35,25,41,2.0,2.147128,0.337532,1107,17,
2,474,Overall,Overall,35,4,41,-2.0,-2.58957,0.72465,871,36,
2,475,Overall,Overall,35,4,41,-2.0,-1.76886,0.552375,912,28,
2,476,Overall,Overall,35,5,41,-2.0,-2.600374,0.723624,870,36,
2,477,Overall,Overall,35,8,41,-1.0,-1.042929,0.426513,948,21,
2,478,Overall,Overall,35,21,41,0.5,0.939285,0.296493,1047,15,
2,479,Overall,Overall,35,11,41,-1.0,-0.335174,0.344579,983,17,
2,480,Overall,Overall,35,10,41,-0.5,-0.679042,0.381087,966,19,
2,481,Overall,Overall,35,27,41,2.5,2.455756,0.351818,1123,18,
2,482,Overall,Overall,35,7,41,-1.5,-1.256754,0.457831,937,23,
2,483,Overall,Overall,35,10,41,-0.5,-0.812727,0.400584,959,20,
2,484,Overall,Overall,35,13,41,0.0,-0.199263,0.336644,990,17,
2,485,Overall,Overall,35,10,41,-1.0,-0.586015,0.372299,971,19,
2,486,Overall,Overall,35,8,41,-1.5,-1.325442,0.469288,934,23,
2,487,Overall,Overall,35,32,41,3.0,2.745536,0.377949,1137,19,
2,488,Overall,Overall,35,5,41,-3.0,-1.776272,0.546507,911,27,
2,489,Overall,Overall,35,31,41,3.0,3.730455,0.515031,1187,26,
2,490,Overall,Overall,35,27,41,1.5,1.654887,0.312651,1083,16,
2,491,Overall,Overall,35,24,41,1.5,1.471994,0.303845,1074,15,
2,492,Overall,Overall,35,27,41,2.0,2.222422,0.339822,1111,17,
2,493,Overall,Overall,35,4,41,-2.5,-2.373348,0.672573,881,34,
2,494,Overall,Overall,35,15,41,0.0,0.334363,0.302199,1017,15,
2,495,Overall,Overall,35,24,41,1.5,1.707337,0.316382,1085,16,
2,496,Overall,Overall,35,11,41,-0.5,-0.448692,0.358404,978,18,
2,497,Overall,Overall,35,22,41,1.0,0.936598,0.29585,1047,15,
2,498,Overall,Overall,35,5,41,-3.0,-2.22234,0.642599,889,32,
2,499,Overall,Overall,35,18,41,1.0,0.749737,0.297387,1037,15,
2,500,Overall,Overall,35,6,41,-1.5,-1.372871,0.488004,931,24,
2,501,Overall,Overall,35,12,41,-0.5,-0.171599,0.329036,991,16,
2,502,Overall,Overall,35,15,41,0.0,0.218846,0.306063,1011,15,
2,503,Overall,Overall,35,16,41,0.5,0.083769,0.31821,1004,16,
2,504,Overall,Overall,35,8,41,-1.5,-0.999137,0.425232,950,21,
2,505,Overall,Overall,35,11,41,-2.0,-1.271612,0.469551,936,23,
2,506,Overall,Overall,35,5,41,-2.5,-2.253916,0.648101,887,32,
2,507,Overall,Overall,35,24,41,1.5,1.43465,0.308063,1072,15,
2,508,Overall,Overall,35,8,41,-0.5,-0.653392,0.376893,967,19,
2,509,Overall,Overall,35,31,41,3.0,3.127482,0.428871,1156,21,
2,510,Overall,Overall,35,8,41,-2.0,-1.046384,0.426328,948,21,
2,511,Overall,Overall,35,25,41,2.0,2.080088,0.332855,1104,17,
2,512,Overall,Overall,35,7,41,-1.5,-1.433505,0.484993,928,24,
2,513,Overall,Overall,35,4,41,-2.0,-2.091194,0.619957,895,31,
2,514,Overall,Overall,35,7,41,-1.5,-1.124482,0.439449,944,22,
2,515,Overall,Overall,35,3,41,-3.0,-3.318063,0.922777,834,46,
2,516,Overall,Overall,35,5,41,-2.0,-2.246506,0.638875,888,32,
2,517,Overall,Overall,35,22,41,2.0,1.263006,0.298894,1063,15,
2,518,Overall,Overall,35,6,41,-1.5,-1.972505,0.585923,901,29,
2,519,Overall,Overall,35,7,41,-3.0,-1.406723,0.481323,930,24,
2,520,Overall,Overall,35,17,41,0.0,0.34847,0.300981,1017,15,
2,521,Overall,Overall,35,5,41,-3.0,-2.085194,0.610281,896,31,
2,522,Overall,Overall,35,7,41,-2.0,-1.388472,0.482312,931,24,
2,523,Overall,Overall,35,4,41,-3.0,-2.738387,0.767979,863,38,
2,524,Overall,Overall,35,31,41,3.0,3.624166,0.502785,1181,25,
2,525,Overall,Overall,35,6,41,-2.0,-1.582986,0.509805,921,25,
2,526,Overall,Overall,35,9,41,-1.5,-0.680154,0.38027,966,19,
2,527,Overall,Overall,35,18,41,0.5,0.549834,0.296291,1027,15,
2,528,Overall,Overall,35,20,41,1.0,1.172608,0.307623,1059,15,
2,529,Overall,Overall,35,3,41,-3.0,-2.783022,0.774439,861,39,
2,530,Overall,Overall,35,31,41,2.5,2.832715,0.387433,1142,19,
2,531,Overall,Overall,35,7,41,-1.0,-1.514029,0.50056,924,25,
2,532,Overall,Overall,35,4,41,-2.0,-2.272497,0.645121,886,32,
2,533,Overall,Overall,35,8,41,-0.5,-1.195434,0.449439,940,22,
2,534,Overall,Overall,35,9,41,-0.5,-0.727509,0.385778,964,19,
2,535,Overall,Overall,35,2,41,-3.0,-3.376435,0.949478,831,47,
2,536,Overall,Overall,35,25,41,1.5,1.465588,0.303889,1073,15,
2,537,Overall,Overall,35,32,41,2.5,2.87997,0.395415,1144,20,
2,538,Overall,Overall,35,20,41,1.0,1.075025,0.298042,1054,15,
2,539,Overall,Overall,35,12,41,-0.5,-0.462613,0.357824,977,18,
2,540,Overall,Overall,35,26,41,2.0,2.066619,0.330794,1103,17,
2,541,Overall,Overall,35,5,41,-1.5,-2.023114,0.598457,899,30,
2,542,Overall,Overall,35,4,41,-3.0,-2.497996,0.707238,875,35,
2,543,Overall,Overall,35,8,41,-1.5,-1.133198,0.440753,943,22,
2,544,Overall,Overall,35,11,41,-0.5,-0.190444,0.331161,990,17,
2,545,Overall,Overall,35,10,41,-0.5,-0.462185,0.356076,977,18,
2,546,Overall,Overall,35,27,41,2.5,2.064759,0.330722,1103,17,
2,547,Overall,Overall,35,22,41,1.0,1.220359,0.29868,1061,15,
2,548,Overall,Overall,35,31,41,3.0,3.540281,0.490855,1177,25,
2,549,Overall,Overall,35,11,41,-0.5,-0.189916,0.343182,991,17,
2,550,Overall,Overall,35,16,41,0.5,0.2032,0.30785,1010,15,
2,551,Overall,Overall,35,3,41,-3.0,-3.453578,0.967494,827,48,
2,552,Overall,Overall,35,6,41,-1.5,-1.706563,0.533761,915,27,
2,553,Overall,Overall,35,4,41,-2.0,-2.29135,0.649415,885,32,
2,554,Overall,Overall,35,11,41,-0.5,-0.199457,0.33189,990,17,
2,555,Overall,Overall,35,20,41,1.5,1.455686,0.31549,1073,16,
2,556,Overall,Overall,35,2,41,-3.0,-3.989346,1.171242,801,59,
2,557,Overall,Overall,35,4,41,-2.5,-2.358029,0.668849,882,33,
2,558,Overall,Overall,35,27,41,3.0,2.375764,0.347483,1119,17,
2,559,Overall,Overall,35,26,41,1.5,1.570368,0.307748,1079,15,
2,560,Overall,Overall,35,25,41,1.0,1.259161,0.304539,1063,15,
2,561,Overall,Overall,35,22,41,2.0,1.848892,0.33033,1092,17,
2,562,Overall,Overall,35,25,41,2.0,1.534452,0.307622,1077,15,
2,563,Overall,Overall,35,28,41,2.0,1.892249,0.324364,1095,16,
2,564,Overall,Overall,35,4,41,-3.0,-2.211843,0.639987,889,32,
2,565,Overall,Overall,35,11,41,-0.5,-0.455352,0.355396,977,18,
2,566,Overall,Overall,35,7,41,-1.5,-1.392569,0.481625,930,24,
2,567,Overall,Overall,35,12,41,-0.5,-0.162679,0.329961,992,16,
2,568,Overall,Overall,35,4,41,-1.5,-2.431899,0.699715,878,35,
2,569,Overall,Overall,35,9,41,-0.5,-0.798044,0.395723,960,20,
2,570,Overall,Overall,35,29,41,3.0,2.817782,0.390617,1141,20,
2,571,Overall,Overall,35,5,41,-2.5,-1.928235,0.578747,904,29,
2,572,Overall,Overall,35,8,41,-2.0,-1.67865,0.528729,916,26,
2,573,Overall,Overall,35,15,41,0.0,0.32681,0.302851,1016,15,
2,574,Overall,Overall,35,30,41,3.0,2.894162,0.39139,1145,20,
2,575,Overall,Overall,35,12,41,-0.5,-0.349343,0.345411,983,17,
2,576,Overall,Overall,35,7,41,-2.0,-1.581577,0.514329,921,26,
2,577,Overall,Overall,35,4,41,-3.0,-3.002456,0.828822,850,41,
2,578,Overall,Overall,35,16,41,0.0,0.235827,0.30458,1012,15,
2,579,Overall,Overall,35,10,41,-0.5,-0.369673,0.348882,982,17,
2,580,Overall,Overall,35,22,41,1.0,1.106772,0.297653,1055,15,
2,581,Overall,Overall,35,19,41,1.0,1.066434,0.305846,1053,15,
2,582,Overall,Overall,35,16,41,0.5,0.12151,0.310483,1006,16,
2,583,Overall,Overall,35,28,41,2.0,2.022125,0.333335,1101,17,
2,584,Overall,Overall,35,8,41,-1.0,-1.290348,0.462922,935,23,
2,585,Overall,Overall,35,2,41,-3.0,-3.872003,1.091645,806,55,
2,586,Overall,Overall,35,8,41,-0.5,-0.862603,0.40291,957,20,
2,587,Overall,Overall,35,18,41,0.5,0.265985,0.307858,1013,15,
2,588,Overall,Overall,35,22,41,0.5,0.954434,0.29823,1048,15,
2,589,Overall,Overall,35,5,41,-2.5,-2.322875,0.660436,884,33,
2,590,Overall,Overall,35,11,41,0.0,-0.477107,0.360872,976,18,
2,591,Overall,Overall,35,16,41,0.0,0.09482,0.314762,1005,16,
2,592,Overall,Overall,35,30,41,3.0,3.399977,0.472767,1170,24,
2,593,Overall,Overall,35,31,41,2.5,3.13939,0.421202,1157,21,
2,594,Overall,Overall,35,10,41,-1.0,-0.403166,0.349874,980,17,
2,595,Overall,Overall,35,29,41,2.0,2.631765,0.365092,1132,18,
2,596,Overall,Overall,35,9,41,-0.5,-1.036872,0.425714,948,21,
2,597,Overall,Overall,35,20,41,1.0,1.239695,0.302216,1062,15,
2,598,Overall,Overall,35,7,41,-2.0,-2.067574,0.61062,897,31,
2,599,Overall,Overall,35,4,41,-3.0,-2.49401,0.701558,875,35,
2,600,Overall,Overall,35,7,41,-1.0,-1.149479,0.444967,943,22,
2,601,Overall,Overall,35,12,41,-0.5,-0.376761,0.347726,981,17,
2,602,Overall,Overall,35,4,41,-3.0,-2.276665,0.646068,886,32,
2,603,Overall,Overall,35,24,41,2.5,1.957274,0.328267,1098,16,
2,604,Overall,Overall,35,10,41,-1.0,-0.426677,0.353348,979,18,
2,605,Overall,Overall,35,22,41,2.0,1.769971,0.32707,1088,16,
2,606,Overall,Overall,35,24,41,1.0,1.370989,0.301101,1069,15,
2,607,Overall,Overall,35,28,41,2.5,2.425393,0.349745,1121,17,
2,608,Overall,Overall,35,12,41,-0.5,-0.293358,0.340206,985,17,
2,609,Overall,Overall,35,4,41,-2.5,-2.153114,0.622975,892,31,
2,610,Overall,Overall,35,23,41,1.0,1.399104,0.303325,1070,15,
2,611,Overall,Overall,35,2,41,-3.0,-3.718542,1.077178,814,54,
2,612,Overall,Overall,35,28,41,2.5,2.64636,0.368076,1132,18,
2,613,Overall,Overall,35,20,41,2.0,1.011005,0.297296,1051,15,
2,614,Overall,Overall,35,25,41,1.5,1.57002,0.307944,1079,15,
2,615,Overall,Overall,35,6,41,-3.0,-1.526384,0.503135,924,25,
2,616,Overall,Overall,35,27,41,1.5,1.75959,0.318526,1088,16,
2,617,Overall,Overall,35,25,41,2.0,1.192539,0.305805,1060,15,
2,618,Overall,Overall,35,28,41,2.0,2.353522,0.347246,1118,17,
2,619,Overall,Overall,35,26,41,2.0,2.21129,0.33882,1111,17,
2,620,Overall,Overall,35,14,41,0.0,0.222442,0.305294,1011,15,
2,621,Overall,Overall,35,7,41,-0.5,-0.910357,0.421334,954,21,
2,622,Overall,Overall,35,23,41,1.5,1.202575,0.299938,1060,15,
2,623,Overall,Overall,35,2,41,-3.0,-4.073307,1.191369,796,60,
2,624,Overall,Overall,35,16,41,0.0,0.257421,0.304108,1013,15,
2,625,Overall,Overall,35,24,41,2.0,1.970577,0.332972,1099,17,
2,626,Overall,Overall,35,28,41,3.0,2.874445,0.396266,1144,20,
2,627,Overall,Overall,35,3,41,-2.0,-3.414153,0.964239,829,48,
2,628,Overall,Overall,35,23,41,1.0,1.158771,0.298339,1058,15,
2,629,Overall,Overall,35,33,41,2.5,2.829802,0.390191,1141,20,
2,630,Overall,Overall,35,8,41,-1.0,-1.165717,0.444396,942,22,
2,631,Overall,Overall,35,33,41,3.0,3.40156,0.470599,1170,24,
2,632,Overall,Overall,35,29,41,2.5,2.286764,0.342221,1114,17,
2,633,Overall,Overall,35,28,41,3.0,2.787467,0.38463,1139,19,
2,634,Overall,Overall,35,3,41,-2.5,-3.398173,0.953717,830,48,
2,635,Overall,Overall,35,17,41,0.5,0.338752,0.301606,1017,15,
2,636,Overall,Overall,35,9,41,-1.0,-1.058574,0.428436,947,21,
2,637,Overall,Overall,35,30,41,3.0,2.865604,0.395493,1143,20,
2,638,Overall,Overall,35,20,41,1.0,0.947157,0.295939,1047,15,
2,639,Overall,Overall,35,24,41,1.0,1.331659,0.300578,1067,15,
2,640,Overall,Overall,35,6,41,-2.0,-1.628382,0.524594,919,26,
2,641,Overall,Overall,35,8,41,-1.0,-0.933065,0.415517,953,21,
2,642,Overall,Overall,35,6,41,-2.0,-1.989069,0.590059,901,30,
2,643,Overall,Overall,35,4,41,-2.5,-2.405987,0.68088,880,34,
2,644,Overall,Overall,35,6,41,-1.5,-1.819271,0.556769,909,28,
2,645,Overall,Overall,35,6,41,-1.5,-1.760954,0.541746,912,27,
2,646,Overall,Overall,35,31,41,2.5,2.953313,0.39883,1148,20,
2,647,Overall,Overall,35,24,41,2.0,1.397416,0.302233,1070,15,
2,648,Overall,Overall,35,10,41,-1.0,-0.492879,0.359186,975,18,
2,649,Overall,Overall,35,15,41,0.0,0.042573,0.314454,1002,16,
2,650,Overall,Overall,35,31,41,3.0,2.51355,0.356272,1126,18,
2,651,Overall,Overall,35,19,41,0.5,0.664777,0.295011,1033,15,
2,652,Overall,Overall,35,7,41,-1.0,-1.20178,0.450338,940,23,
2,653,Overall,Overall,35,12,41,-0.5,-0.050874,0.322464,997,16,
2,654,Overall,Overall,35,4,41,-2.5,-2.219464,0.637825,889,32,
2,655,Overall,Overall,35,12,41,0.0,-0.421169,0.354414,979,18,
2,656,Overall,Overall,35,9,41,-0.5,-0.686965,0.381085,966,19,
2,657,Overall,Overall,35,14,41,1.0,0.458051,0.304569,1023,15,
2,658,Overall,Overall,35,21,41,1.0,0.809385,0.295267,1040,15,
2,659,Overall,Overall,35,4,41,-2.0,-2.216619,0.637179,889,32,
2,660,Overall,Overall,35,10,41,-1.5,-0.911364,0.410245,954,21,
2,661,Overall,Overall,35,4,41,-2.5,-2.496007,0.701608,875,35,
2,662,Overall,Overall,35,3,41,-2.5,-2.976879,0.835132,851,42,
2,663,Overall,Overall,35,4,41,-2.5,-2.749194,0.774404,863,39,
2,664,Overall,Overall,35,29,41,2.5,2.230281,0.338961,1112,17,
2,665,Overall,Overall,35,20,41,1.5,1.207845,0.301985,1060,15,
2,666,Overall,Overall,35,31,41,2.5,2.688864,0.374176,1134,19,
2,667,Overall,Overall,35,24,41,2.0,1.985515,0.331047,1099,17,
2,668,Overall,Overall,35,9,41,-0.5,-0.643838,0.379137,968,19,
2,669,Overall,Overall,35,25,41,1.5,1.891783,0.324624,1095,16,
2,670,Overall,Overall,35,6,41,-2.0,-1.423498,0.484067,929,24,
2,671,Overall,Overall,35,9,41,-0.5,-0.633504,0.376519,968,19,
2,672,Overall,Overall,35,5,41,-2.5,-2.125595,0.617717,894,31,
2,673,Overall,Overall,35,9,41,-1.0,-0.83116,0.397978,958,20,
2,674,Overall,Overall,35,28,41,1.5,2.240539,0.339551,1112,17,
2,675,Overall,Overall,35,28,41,2.5,2.676127,0.370866,1134,19,
2,676,Overall,Overall,35,26,41,1.5,1.827513,0.321818,1091,16,
2,677,Overall,Overall,35,9,41,-1.5,-0.949419,0.414255,953,21,
2,678,Overall,Overall,35,13,41,-0.5,-0.110766,0.324417,994,16,
2,679,Overall,Overall,35,10,41,-0.5,-0.67456,0.381595,966,19,
2,680,Overall,Overall,35,3,41,-2.0,-2.650859,0.744807,867,37,
2,681,Overall,Overall,35,3,41,-2.5,-3.036633,0.829052,848,41,
2,682,Overall,Overall,35,15,41,0.0,0.332444,0.30146,1017,15,
2,683,Overall,Overall,35,28,41,2.0,1.798667,0.323446,1090,16,
2,684,Overall,Overall,35,10,41,-0.5,-0.593336,0.370829,970,19,
2,685,Overall,Overall,35,2,41,-3.0,-3.697142,1.033533,815,52,
2,686,Overall,Overall,35,2,41,-3.0,-3.762713,1.086893,812,54,
2,687,Overall,Overall,35,28,41,2.0,1.743637,0.333099,1087,17,
2,688,Overall,Overall,35,15,41,0.0,0.141326,0.314515,1007,16,
2,689,Overall,Overall,35,2,41,-2.5,-4.024664,1.188774,799,59,
2,690,Overall,Overall,35,3,41,-2.5,-3.104668,0.857365,845,43,
2,691,Overall,Overall,35,12,41,-0.5,-0.240341,0.335777,988,17,
2,692,Overall,Overall,35,1,41,-1.5,-4.631445,1.411726,768,71,
2,693,Overall,Overall,35,6,41,-2.0,-1.695064,0.531884,915,27,
2,694,Overall,Overall,35,3,41,-3.0,-3.043625,0.851214,848,43,
2,695,Overall,Overall,35,3,41,-3.0,-2.682799,0.747174,866,37,
2,696,Overall,Overall,35,23,41,1.0,1.223171,0.303376,1061,15,
2,697,Overall,Overall,35,10,41,-1.0,-0.816366,0.396951,959,20,
2,698,Overall,Overall,35,11,41,-0.5,-0.657214,0.37744,967,19,
2,699,Overall,Overall,35,30,41,3.0,2.988675,0.409296,1149,20,
2,700,Overall,Overall,35,5,41,-1.5,-2.047991,0.600242,898,30,
2,701,Overall,Overall,35,18,41,1.0,0.920391,0.298452,1046,15,
2,702,Overall,Overall,35,5,41,-2.0,-2.253418,0.644793,887,32,
2,703,Overall,Overall,35,8,41,-1.0,-1.127222,0.438004,944,22,
2,704,Overall,Overall,35,7,41,-1.5,-1.586565,0.511369,921,26,
2,705,Overall,Overall,35,4,41,-2.0,-2.566033,0.719005,872,36,
2,706,Overall,Overall,35,7,41,-0.5,-0.688716,0.388394,966,19,
2,707,Overall,Overall,35,6,41,-2.0,-1.671983,0.529555,916,26,
2,708,Overall,Overall,35,28,41,1.5,1.524978,0.311428,1076,16,
2,709,Overall,Overall,35,19,41,1.0,1.088775,0.301874,1054,15,
2,710,Overall,Overall,35,33,41,2.5,2.783552,0.384592,1139,19,
2,711,Overall,Overall,35,33,41,3.0,4.173147,0.553103,1209,28,
2,712,Overall,Overall,35,27,41,3.0,2.677507,0.370354,1134,19,
2,713,Overall,Overall,35,13,41,0.0,0.183755,0.308016,1009,15,
2,714,Overall,Overall,35,19,41,0.0,0.371549,0.311648,1019,16,
2,715,Overall,Overall,35,13,41,-0.5,0.028105,0.316458,1001,16,
2,716,Overall,Overall,35,4,41,-2.5,-2.678578,0.739841,866,37,
2,717,Overall,Overall,35,25,41,2.5,2.10285,0.33575,1105,17,
2,718,Overall,Overall,35,8,41,-0.5,-0.940195,0.414778,953,21,
2,719,Overall,Overall,35,5,41,-3.0,-2.093622,0.606605,895,30,
2,720,Overall,Overall,35,6,41,-2.0,-1.92594,0.579489,904,29,
2,721,Overall,Overall,35,33,41,2.5,3.1046,0.4268,1155,21,
2,722,Overall,Overall,35,31,41,3.0,2.84313,0.39084,1142,20,
2,723,Overall,Overall,35,28,41,3.0,2.477344,0.354534,1124,18,
2,724,Overall,Overall,35,20,41,1.0,0.896922,0.296305,1045,15,
2,725,Overall,Overall,35,32,41,3.0,3.223354,0.43559,1161,22,
2,726,Overall,Overall,35,7,41,-2.5,-1.512205,0.4977,924,25,
2,727,Overall,Overall,35,31,41,3.0,2.810557,0.383739,1141,19,
2,728,Overall,Overall,35,32,41,3.0,3.703338,0.51011,1185,26,
2,729,Overall,Overall,35,29,41,3.0,2.880975,0.396217,1144,20,
2,730,Overall,Overall,35,28,41,3.0,2.78665,0.38657,1139,19,
2,731,Overall,Overall,35,18,41,0.5,0.455161,0.297963,1023,15,
2,732,Overall,Overall,35,17,41,0.5,0.745227,0.299935,1037,15,
2,733,Overall,Overall,35,6,41,-1.5,-1.670341,0.53183,916,27,
2,734,Overall,Overall,35,28,41,1.5,1.734921,0.335607,1087,17,
2,735,Overall,Overall,35,7,41,-2.0,-1.652705,0.526622,917,26,
2,736,Overall,Overall,35,5,41,-2.0,-2.086006,0.608834,896,30,
2,737,Overall,Overall,35,8,41,-1.5,-1.244949,0.455297,938,23,
2,738,Overall,Overall,35,3,41,-3.0,-3.134526,0.869894,843,43,
2,739,Overall,Overall,35,4,41,-2.5,-2.482944,0.692367,876,35,
2,740,Overall,Overall,35,10,41,-1.5,-0.652106,0.377979,967,19,
2,741,Overall,Overall,35,1,41,-3.0,-5.0,1.556155,750,78,
2,742,Overall,Overall,35,27,41,2.0,2.118126,0.332801,1106,17,
2,743,Overall,Overall,35,27,41,2.5,2.265812,0.341594,1113,17,
2,744,Overall,Overall,35,11,41,-0.5,-0.532527,0.365765,973,18,
2,745,Overall,Overall,35,14,41,1.0,0.423091,0.309226,1021,15,
2,746,Overall,Overall,35,16,41,-0.5,0.068563,0.315024,1003,16,
2,747,Overall,Overall,35,8,41,-1.0,-0.473585,0.359213,976,18,
2,748,Overall,Overall,35,10,41,-1.0,-0.759907,0.389803,962,19,
2,749,Overall,Overall,35,19,41,1.0,0.941923,0.302084,1047,15,
2,750,Overall,Overall,35,26,41,1.5,1.438081,0.305333,1072,15,
2,751,Overall,Overall,35,18,41,0.5,0.382185,0.301271,1019,15,
2,752,Overall,Overall,35,11,41,-1.0,-0.371521,0.347701,981,17,
2,753,Overall,Overall,35,17,41,0.5,0.498826,0.297168,1025,15,
2,754,Overall,Overall,35,12,41,-0.5,-0.455853,0.356242,977,18,
2,755,Overall,Overall,35,30,41,2.0,2.381085,0.348673,1119,17,
2,756,Overall,Overall,35,4,41,-2.5,-2.826435,0.785895,859,39,
2,757,Overall,Overall,35,12,41,-0.5,-0.153917,0.328293,992,16,
2,758,Overall,Overall,35,28,41,2.0,1.574474,0.323492,1079,16,
2,759,Overall,Overall,35,22,41,0.5,1.165441,0.297659,1058,15,
2,760,Overall,Overall,35,24,41,2.0,1.986909,0.329726,1099,16,
2,761,Overall,Overall,35,7,41,-2.0,-1.555981,0.506836,922,25,
2,762,Overall,Overall,35,28,41,3.0,3.098678,0.434963,1155,22,
2,763,Overall,Overall,35,17,41,0.5,0.767137,0.299917,1038,15,
2,764,Overall,Overall,35,9,41,-0.5,-0.959129,0.415353,952,21,
2,765,Overall,Overall,35,28,41,2.0,1.741817,0.316511,1087,16,
2,766,Overall,Overall,35,6,41,-2.0,-1.961679,0.578308,902,29,
2,767,Overall,Overall,35,26,41,2.0,1.796126,0.31939,1090,16,
2,768,Overall,Overall,35,34,41,3.0,3.061461,0.417882,1153,21,
2,769,Overall,Overall,35,4,41,-2.5,-2.684533,0.754079,866,38,
2,770,Overall,Overall,35,14,41,0.0,0.24098,0.305064,1012,15,
2,771,Overall,Overall,35,26,41,1.5,1.722504,0.316273,1086,16,
2,772,Overall,Overall,35,24,41,1.5,1.063341,0.299496,1053,15,
2,773,Overall,Overall,35,30,41,2.5,2.893578,0.398337,1145,20,
2,774,Overall,Overall,35,8,41,-1.0,-0.968354,0.416278,952,21,
2,775,Overall,Overall,35,17,41,0.5,0.639312,0.301436,1032,15,
2,776,Overall,Overall,35,6,41,-1.0,-1.516917,0.501491,924,25,
2,777,Overall,Overall,35,8,41,-1.5,-1.218159,0.453768,939,23,
2,778,Overall,Overall,35,25,41,2.0,1.872435,0.325734,1094,16,
2,779,Overall,Overall,35,11,41,-1.0,-0.38351,0.348935,981,17,
2,780,Overall,Overall,35,15,41,0.0,0.10469,0.312761,1005,16,
2,781,Overall,Overall,35,4,41,-2.0,-2.58783,0.729629,871,36,
2,782,Overall,Overall,35,4,41,-2.0,-2.550962,0.720378,872,36,
2,783,Overall,Overall,35,25,41,2.0,1.43156,0.304546,1072,15,
2,784,Overall,Overall,35,25,41,2.0,2.016926,0.33094,1101,17,
2,785,Overall,Overall,35,28,41,3.0,2.795535,0.380926,1140,19,
2,786,Overall,Overall,35,3,41,-2.5,-2.920091,0.812235,854,41,
2,787,Overall,Overall,35,6,41,-1.5,-1.362548,0.473651,932,24,
2,788,Overall,Overall,35,11,41,-1.0,-0.410086,0.351463,979,18,
2,789,Overall,Overall,35,25,41,2.0,2.167345,0.342887,1108,17,
2,790,Overall,Overall,35,14,41,0.0,-0.086822,0.32515,996,16,
2,791,Overall,Overall,35,31,41,3.0,2.86666,0.391684,1143,20,
2,792,Overall,Overall,35,5,41,-3.0,-2.260819,0.648046,887,32,
2,793,Overall,Overall,35,5,41,-2.0,-1.835389,0.557649,908,28,
2,794,Overall,Overall,35,8,41,-1.5,-1.183674,0.449181,941,22,
2,795,Overall,Overall,35,28,41,2.5,2.433758,0.349753,1122,17,
2,796,Overall,Overall,35,21,41,1.0,0.75885,0.299319,1038,15,
2,797,Overall,Overall,35,8,41,-1.0,-0.726301,0.387038,964,19,
2,798,Overall,Overall,35,18,41,0.5,0.495191,0.297247,1025,15,
2,799,Overall,Overall,35,23,41,0.5,0.744171,0.298487,1037,15,
2,800,Overall,Overall,35,28,41,2.0,2.310372,0.342789,1116,17,
2,801,Overall,Overall,35,25,41,1.5,1.666917,0.312702,1083,16,
2,802,Overall,Overall,35,27,41,1.5,1.787979,0.318783,1089,16,
2,803,Overall,Overall,35,18,41,0.5,0.305923,0.313424,1015,16,
2,804,Overall,Overall,35,17,41,0.5,0.597878,0.296089,1030,15,
2,805,Overall,Overall,35,7,41,-1.5,-1.336809,0.470139,933,24,
2,806,Overall,Overall,35,27,41,2.0,2.172475,0.335439,1109,17,
2,807,Overall,Overall,35,8,41,-2.5,-1.689641,0.537096,916,27,
2,808,Overall,Overall,35,17,41,0.5,0.498453,0.29737,1025,15,
2,809,Overall,Overall,35,25,41,2.5,2.191985,0.337509,1110,17,
2,810,Overall,Overall,35,31,41,1.5,1.626389,0.333088,1081,17,
2,811,Overall,Overall,35,17,41,0.5,0.275951,0.306008,1014,15,
2,812,Overall,Overall,35,26,41,2.0,1.772727,0.323027,1089,16,
2,813,Overall,Overall,35,8,41,-1.0,-0.878808,0.40628,956,20,
2,814,Overall,Overall,35,4,41,-3.0,-2.435424,0.680968,878,34,
2,815,Overall,Overall,35,10,41,-1.0,-0.517522,0.363625,974,18,
2,816,Overall,Overall,35,6,41,-1.5,-1.612635,0.516684,919,26,
2,817,Overall,Overall,35,3,41,-3.0,-2.737156,0.767445,863,38,
2,818,Overall,Overall,35,4,41,-3.0,-2.599582,0.727189,870,36,
2,819,Overall,Overall,35,9,41,-0.5,-0.588488,0.369793,971,18,
2,820,Overall,Overall,35,5,41,-2.5,-2.338663,0.664058,883,33,
2,821,Overall,Overall,35,7,41,-1.0,-1.238017,0.454298,938,23,
2,822,Overall,Overall,35,34,41,3.0,3.133405,0.425059,1157,21,
2,823,Overall,Overall,35,6,41,-2.5,-1.66155,0.527289,917,26,
2,824,Overall,Overall,35,35,41,3.0,3.204313,0.443043,1160,22,
2,825,Overall,Overall,35,25,41,1.5,1.250662,0.304549,1063,15,
2,826,Overall,Overall,35,4,41,-1.0,-2.480356,0.692271,876,35,
2,827,Overall,Overall,35,4,41,-2.5,-2.240201,0.642337,888,32,
2,828,Overall,Overall,35,32,41,3.0,2.676806,0.370907,1134,19,
2,829,Overall,Overall,35,5,41,-2.0,-2.317638,0.665507,884,33,
2,830,Overall,Overall,35,9,41,-1.0,-0.950738,0.413517,952,21,
2,831,Overall,Overall,35,27,41,2.5,2.262545,0.340571,1113,17,
2,832,Overall,Overall,35,28,41,2.5,2.170181,0.335712,1109,17,
2,833,Overall,Overall,35,31,41,2.5,2.377145,0.34807,1119,17,
2,834,Overall,Overall,35,11,41,-0.5,-0.467392,0.356996,977,18,
2,835,Overall,Overall,35,33,41,3.0,3.447816,0.478547,1172,24,
2,836,Overall,Overall,35,4,41,-3.0,-2.520813,0.70253,874,35,
2,837,Overall,Overall,35,3,41,-2.5,-3.476623,0.962394,826,48,
2,838,Overall,Overall,35,10,41,-1.0,-0.799809,0.394054,960,20,
2,839,Overall,Overall,35,8,41,-1.5,-1.403863,0.486242,930,24,
2,840,Overall,Overall,35,5,41,-1.5,-1.895059,0.56921,905,28,
2,841,Overall,Overall,35,15,41,0.0,0.340095,0.300817,1017,15,
2,842,Overall,Overall,35,4,41,-2.5,-2.121378,0.619761,894,31,
2,843,Overall,Overall,35,1,41,-2.5,-3.920835,1.159617,804,58,
2,844,Overall,Overall,35,4,41,-3.0,-2.640161,0.726333,868,36,
2,845,Overall,Overall,35,23,41,1.5,1.800935,0.322295,1090,16,
2,846,Overall,Overall,35,7,41,-1.5,-1.599501,0.516918,920,26,
2,847,Overall,Overall,35,18,41,0.5,0.419119,0.300062,1021,15,
2,848,Overall,Overall,35,3,41,-3.0,-3.122618,0.861656,844,43,
2,849,Overall,Overall,35,23,41,0.5,0.933632,0.300403,1047,15,
2,850,Overall,Overall,35,6,41,-1.0,-1.886625,0.564057,906,28,
2,851,Overall,Overall,35,1,41,-2.5,-4.91603,1.567324,754,78,
2,852,Overall,Overall,35,3,41,-3.0,-3.287156,0.915449,836,46,
2,853,Overall,Overall,35,32,41,2.5,2.796723,0.384006,1140,19,
2,854,Overall,Overall,35,5,41,-2.0,-2.099005,0.61113,895,31,
2,855,Overall,Overall,35,19,41,0.0,0.515931,0.297226,1026,15,
2,856,Overall,Overall,35,21,41,1.5,1.823865,0.326134,1091,16,
2,857,Overall,Overall,35,18,41,1.0,0.47254,0.297962,1024,15,
2,858,Overall,Overall,35,6,41,-1.5,-1.680158,0.529036,916,26,
2,859,Overall,Overall,35,11,41,-0.5,-0.654082,0.377095,967,19,
2,860,Overall,Overall,35,28,41,2.5,2.12805,0.333195,1106,17,
2,861,Overall,Overall,35,29,41,2.5,2.846283,0.387739,1142,19,
2,862,Overall,Overall,35,17,41,1.0,0.60299,0.29515,1030,15,
2,863,Overall,Overall,35,17,41,0.5,0.402882,0.301259,1020,15,
2,864,Overall,Overall,35,18,41,1.0,0.633242,0.295657,1032,15,
2,865,Overall,Overall,35,32,41,3.0,3.020955,0.41379,1151,21,
2,866,Overall,Overall,35,2,41,-3.0,-4.288786,1.269132,786,63,
2,867,Overall,Overall,35,7,41,-1.0,-1.163497,0.44693,942,22,
2,868,Overall,Overall,35,1,41,-3.0,-4.719073,1.489469,764,74,
2,869,Overall,Overall,35,9,41,-0.5,-0.980705,0.417903,951,21,
2,870,Overall,Overall,35,16,41,0.5,0.515045,0.297437,1026,15,
2,871,Overall,Overall,35,9,41,-1.5,-1.031823,0.424761,948,21,
2,872,Overall,Overall,35,22,41,1.0,1.001101,0.296666,1050,15,
2,873,Overall,Overall,35,14,41,0.5,0.365929,0.307853,1018,15,
2,874,Overall,Overall,35,5,41,-2.5,-2.410558,0.675314,879,34,
2,875,Overall,Overall,35,15,41,0.0,0.294231,0.302838,1015,15,
2,876,Overall,Overall,35,18,41,0.5,0.561633,0.295667,1028,15,
2,877,Overall,Overall,35,1,41,-3.0,-4.901629,1.624971,755,81,
2,878,Overall,Overall,35,5,41,-2.5,-1.959661,0.582088,902,29,
2,879,Overall,Overall,35,12,41,0.0,0.235329,0.31954,1012,16,
2,880,Overall,Overall,35,8,41,-1.0,-0.971397,0.416336,951,21,
2,881,Overall,Overall,35,28,41,2.5,3.030811,0.429796,1152,21,
2,882,Overall,Overall,35,5,41,-2.5,-1.954925,0.581131,902,29,
2,883,Overall,Overall,35,33,41,3.0,3.100804,0.426112,1155,21,
2,884,Overall,Overall,35,6,41,-2.5,-1.780159,0.547231,911,27,
2,885,Overall,Overall,35,7,41,-2.0,-1.610335,0.515624,919,26,
2,886,Overall,Overall,35,19,41,0.5,0.431916,0.30429,1022,15,
2,887,Overall,Overall,35,6,41,-2.5,-1.541038,0.503972,923,25,
2,888,Overall,Overall,35,18,41,0.0,0.508744,0.299314,1025,15,
2,889,Overall,Overall,35,9,41,-0.5,-1.049696,0.428172,948,21,
2,890,Overall,Overall,35,14,41,0.5,0.23698,0.305783,1012,15,
2,891,Overall,Overall,35,7,41,-1.5,-1.521389,0.500584,924,25,
2,892,Overall,Overall,35,12,41,0.0,-0.251534,0.336698,987,17,
2,893,Overall,Overall,35,9,41,-1.0,-1.065452,0.429516,947,21,
2,894,Overall,Overall,35,5,41,-2.5,-2.225677,0.643188,889,32,
2,895,Overall,Overall,35,31,41,2.5,2.850573,0.388895,1143,19,
2,896,Overall,Overall,35,32,41,2.5,2.874958,0.393546,1144,20,
2,897,Overall,Overall,35,15,41,0.0,0.05231,0.317402,1003,16,
2,898,Overall,Overall,35,7,41,-1.0,-1.968724,0.583486,902,29,
2,899,Overall,Overall,35,9,41,-1.0,-0.737868,0.389115,963,19,
2,900,Overall,Overall,35,27,41,1.5,1.634909,0.310783,1082,16,
2,901,Overall,Overall,35,19,41,1.0,0.799807,0.298919,1040,15,
2,902,Overall,Overall,35,26,41,1.5,1.583266,0.308274,1079,15,
2,903,Overall,Overall,35,5,41,-3.0,-1.986335,0.587517,901,29,
2,904,Overall,Overall,35,15,41,0.5,0.052391,0.316753,1003,16,
2,905,Overall,Overall,35,16,41,0.0,0.14968,0.312546,1007,16,
2,906,Overall,Overall,35,23,41,1.5,1.09985,0.296955,1055,15,
2,907,Overall,Overall,35,12,41,-0.5,-0.641709,0.37889,968,19,
2,908,Overall,Overall,35,26,41,1.0,1.182736,0.303604,1059,15,
2,909,Overall,Overall,35,8,41,-0.5,-1.14923,0.441274,943,22,
2,910,Overall,Overall,35,4,41,-3.0,-2.395745,0.67743,880,34,
2,911,Overall,Overall,35,21,41,1.0,1.414891,0.313404,1071,16,
2,912,Overall,Overall,35,11,41,0.0,-0.310238,0.34291,984,17,
2,913,Overall,Overall,35,15,41,0.0,0.189918,0.30672,1009,15,
2,914,Overall,Overall,35,4,41,-2.5,-2.468962,0.687044,877,34,
2,915,Overall,Overall,35,19,41,0.5,0.717556,0.294716,1036,15,
2,916,Overall,Overall,35,14,41,0.0,0.077164,0.313987,1004,16,
2,917,Overall,Overall,35,18,41,0.0,0.361318,0.300612,1018,15,
2,918,Overall,Overall,35,33,41,3.0,3.248993,0.436811,1162,22,
2,919,Overall,Overall,35,23,41,1.5,1.225598,0.298681,1061,15,
2,920,Overall,Overall,35,33,41,3.0,3.533353,0.493445,1177,25,
2,921,Overall,Overall,35,22,41,1.5,1.201443,0.303282,1060,15,
2,922,Overall,Overall,35,6,41,-2.0,-1.613048,0.51911,919,26,
2,923,Overall,Overall,35,13,41,0.5,-0.075988,0.321947,996,16,
2,924,Overall,Overall,35,33,41,3.0,2.952168,0.406411,1148,20,
2,925,Overall,Overall,35,10,41,-0.5,-0.594808,0.370149,970,19,
2,926,Overall,Overall,35,10,41,-1.0,-0.739591,0.388314,963,19,
2,927,Overall,Overall,35,24,41,1.5,1.172998,0.302125,1059,15,
2,928,Overall,Overall,35,26,41,2.0,2.2712,0.34049,1114,17,
2,929,Overall,Overall,35,3,41,-3.0,-3.356918,0.931461,832,47,
2,930,Overall,Overall,35,6,41,-1.5,-1.653175,0.524129,917,26,
2,931,Overall,Overall,35,25,41,2.5,2.175163,0.336328,1109,17,
2,932,Overall,Overall,35,25,41,2.0,1.783161,0.321541,1089,16,
2,933,Overall,Overall,35,28,41,1.0,1.423148,0.313428,1071,16,
2,934,Overall,Overall,35,23,41,1.5,1.788088,0.322625,1089,16,
2,935,Overall,Overall,35,5,41,-2.5,-2.075962,0.606842,896,30,
2,936,Overall,Overall,35,34,41,3.0,3.217763,0.436963,1161,22,
2,937,Overall,Overall,35,30,41,3.0,3.100048,0.424152,1155,21,
2,938,Overall,Overall,35,6,41,-1.5,-1.738738,0.53737,913,27,
2,939,Overall,Overall,35,31,41,2.5,2.389422,0.348025,1119,17,
2,940,Overall,Overall,35,2,41,-3.0,-3.709076,1.053408,815,53,
2,941,Overall,Overall,35,7,41,-1.5,-1.256759,0.463054,937,23,
2,942,Overall,Overall,35,4,41,-2.5,-2.577543,0.721613,871,36,
2,943,Overall,Overall,35,5,41,-1.5,-2.012759,0.592906,899,30,
2,944,Overall,Overall,35,3,41,-2.5,-2.985957,0.8324,851,42,
2,945,Overall,Overall,35,26,41,1.5,1.574917,0.307938,1079,15,
2,946,Overall,Overall,35,4,41,-2.0,-2.084556,0.60808,896,30,
2,947,Overall,Overall,35,4,41,-2.5,-2.169956,0.620561,892,31,
2,948,Overall,Overall,35,8,41,-1.0,-1.227959,0.456273,939,23,
2,949,Overall,Overall,35,7,41,-2.0,-1.893975,0.570712,905,29,
2,950,Overall,Overall,35,28,41,2.0,1.764094,0.317566,1088,16,
2,951,Overall,Overall,35,4,41,-2.5,-2.676861,0.739529,866,37,
2,952,Overall,Overall,35,7,41,-1.5,-2.076726,0.603705,896,30,
2,953,Overall,Overall,35,4,41,-2.0,-2.454554,0.695627,877,35,
2,954,Overall,Overall,35,9,41,-0.5,-1.041186,0.435751,948,22,
2,955,Overall,Overall,35,3,41,-1.5,-3.599871,1.022396,820,51,
2,956,Overall,Overall,35,26,41,1.5,1.516012,0.313577,1076,16,
2,957,Overall,Overall,35,10,41,-1.0,-0.424042,0.354278,979,18,
2,958,Overall,Overall,35,22,41,2.0,1.746097,0.325141,1087,16,
2,959,Overall,Overall,35,31,41,3.0,2.86111,0.391138,1143,20,
2,960,Overall,Overall,35,26,41,2.0,2.22702,0.337932,1111,17,
2,961,Overall,Overall,35,13,41,-0.5,-0.253156,0.337277,987,17,
2,962,Overall,Overall,35,32,41,3.0,3.171592,0.43242,1159,22,
2,963,Overall,Overall,35,5,41,-1.0,-2.066442,0.610726,897,31,
2,964,Overall,Overall,35,6,41,-1.5,-1.490382,0.495611,925,25,
2,965,Overall,Overall,35,14,41,0.5,0.348314,0.302134,1017,15,
2,966,Overall,Overall,35,28,41,1.5,1.71841,0.314997,1086,16,
2,967,Overall,Overall,35,29,41,2.0,2.018427,0.334091,1101,17,
2,968,Overall,Overall,35,24,41,1.0,1.205232,0.30272,1060,15,
2,969,Overall,Overall,35,10,41,-0.5,-0.486579,0.358722,976,18,
2,970,Overall,Overall,35,10,41,-0.5,-0.481915,0.360287,976,18,
2,971,Overall,Overall,35,20,41,1.0,0.883323,0.296361,1044,15,
2,972,Overall,Overall,35,28,41,2.5,2.075863,0.339658,1104,17,
2,973,Overall,Overall,35,27,41,3.0,2.630839,0.370006,1132,19,
2,974,Overall,Overall,35,9,41,-1.0,-0.783278,0.393703,961,20,
2,975,Overall,Overall,35,6,41,-1.5,-1.736822,0.536999,913,27,
2,976,Overall,Overall,35,9,41,-0.5,-1.096909,0.433982,945,22,
2,977,Overall,Overall,35,4,41,-2.5,-2.791168,0.768817,860,38,
2,978,Overall,Overall,35,3,41,-3.0,-3.122963,0.853678,844,43,
2,979,Overall,Overall,35,4,41,-2.0,-2.40139,0.673192,880,34,
2,980,Overall,Overall,35,4,41,-2.5,-2.03879,0.608163,898,30,
2,981,Overall,Overall,35,8,41,-1.0,-1.13588,0.441394,943,22,
2,982,Overall,Overall,35,24,41,1.5,1.303826,0.307999,1065,15,
2,983,Overall,Overall,35,10,41,-1.0,-1.042816,0.447371,948,22,
2,984,Overall,Overall,35,24,41,2.0,2.119177,0.335773,1106,17,
2,985,Overall,Overall,35,8,41,-1.0,-0.911849,0.409906,954,20,
2,986,Overall,Overall,35,3,41,-3.0,-2.798443,0.77909,860,39,
2,987,Overall,Overall,35,26,41,1.5,2.225419,0.33955,1111,17,
2,988,Overall,Overall,35,18,41,1.0,0.752027,0.297168,1038,15,
2,989,Overall,Overall,35,20,41,1.0,1.076264,0.297556,1054,15,
2,990,Overall,Overall,35,31,41,2.5,3.515749,0.487871,1176,24,
2,991,Overall,Overall,35,1,41,-3.0,-5.0,1.669858,750,83,
2,992,Overall,Overall,35,5,41,-2.0,-2.411648,0.672684,879,34,
2,993,Overall,Overall,35,19,41,1.0,0.5039,0.300977,1025,15,
2,994,Overall,Overall,35,4,41,-1.0,-2.503905,0.703556,875,35,
2,995,Overall,Overall,35,5,41,-1.5,-2.028126,0.601692,899,30,
2,996,Overall,Overall,35,24,41,1.5,1.311498,0.306487,1066,15,
2,997,Overall,Overall,35,8,41,-2.0,-1.570944,0.514977,921,26,
2,998,Overall,Overall,35,3,41,-2.0,-2.913509,0.810373,854,41,
2,999,Overall,Overall,35,6,41,-2.0,-1.962241,0.583907,902,29,
2,1000,Overall,Overall,35,2,41,-3.0,-3.512354,0.975924,824,49,
2,1001,Overall,Overall,35,26,41,1.5,1.616203,0.309809,1081,15,
2,1002,Overall,Overall,35,17,41,0.5,0.627588,0.300163,1031,15,
2,1003,Overall,Overall,35,14,41,0.0,-0.022948,0.318594,999,16,
2,1004,Overall,Overall,35,27,41,2.0,2.867899,0.440942,1143,22,
2,1005,Overall,Overall,35,3,41,-3.0,-3.452109,0.977166,827,49,
2,1006,Overall,Overall,35,25,41,2.0,1.951862,0.326443,1098,16,
2,1007,Overall,Overall,35,16,41,0.5,0.640422,0.302365,1032,15,
2,1008,Overall,Overall,35,15,41,0.5,0.18665,0.3071,1009,15,
2,1009,Overall,Overall,35,30,41,3.0,3.105554,0.41687,1155,21,
2,1010,Overall,Overall,35,20,41,1.0,0.737766,0.295198,1037,15,
2,1011,Overall,Overall,35,25,41,1.0,1.378105,0.302664,1069,15,
2,1012,Overall,Overall,35,7,41,-1.5,-1.580908,0.509443,921,25,
2,1013,Overall,Overall,35,6,41,-1.5,-1.537833,0.503944,923,25,
2,1014,Overall,Overall,35,3,41,-3.0,-2.846589,0.791425,858,40,
2,1015,Overall,Overall,35,12,41,-0.5,-0.390908,0.351617,980,18,
2,1016,Overall,Overall,35,15,41,0.5,0.149565,0.308867,1007,15,
2,1017,Overall,Overall,35,5,41,-2.0,-2.030255,0.599406,898,30,
2,1018,Overall,Overall,35,2,41,-2.5,-4.156491,1.225105,792,61,
2,1019,Overall,Overall,35,25,41,1.0,1.332216,0.311398,1067,16,
2,1020,Overall,Overall,35,30,41,3.0,3.085544,0.422174,1154,21,
2,1021,Overall,Overall,35,2,41,-3.0,-3.196502,0.884101,840,44,
2,1022,Overall,Overall,35,4,41,-3.0,-2.448392,0.684067,878,34,
2,1023,Overall,Overall,35,16,41,0.5,0.398028,0.301538,1020,15,
2,1024,Overall,Overall,35,8,41,-1.5,-1.046506,0.426771,948,21,
2,1025,Overall,Overall,35,19,41,0.5,0.784153,0.294681,1039,15,
2,1026,Overall,Overall,35,11,41,0.0,-0.521235,0.362137,974,18,
2,1027,Overall,Overall,35,27,41,1.0,1.40459,0.315543,1070,16,
2,1028,Overall,Overall,35,31,41,3.0,2.981456,0.406134,1149,20,
2,1029,Overall,Overall,35,29,41,2.0,1.830883,0.322141,1092,16,
2,1030,Overall,Overall,35,4,41,-3.0,-2.882435,0.800476,856,40,
2,1031,Overall,Overall,35,2,41,-3.0,-3.995773,1.16172,800,58,
2,1032,Overall,Overall,35,27,41,2.0,2.382412,0.347192,1119,17,
2,1033,Overall,Overall,35,8,41,-1.5,-1.288732,0.462392,936,23,
2,1034,Overall,Overall,35,30,41,3.0,2.968808,0.404575,1148,20,
2,1035,Overall,Overall,35,8,41,-1.0,-1.016231,0.422948,949,21,
2,1036,Overall,Overall,35,15,41,0.0,0.142696,0.310154,1007,16,
2,1037,Overall,Overall,35,27,41,2.0,1.77884,0.318191,1089,16,
2,1038,Overall,Overall,35,8,41,-0.5,-1.270651,0.45993,936,23,
2,1039,Overall,Overall,35,8,41,-1.0,-1.213376,0.450863,939,23,
2,1040,Overall,Overall,35,25,41,1.0,1.281936,0.300765,1064,15,
2,1041,Overall,Overall,35,20,41,1.5,0.927095,0.295836,1046,15,
2,1042,Overall,Overall,35,3,41,-3.0,-2.989127,0.839051,851,42,
2,1043,Overall,Overall,35,33,41,3.0,3.181337,0.440672,1159,22,
2,1044,Overall,Overall,35,2,41,-3.0,-4.29236,1.285018,785,64,
2,1045,Overall,Overall,35,24,41,1.5,1.472229,0.304242,1074,15,
2,1046,Overall,Overall,35,14,41,0.0,0.052674,0.319739,1003,16,
2,1047,Overall,Overall,35,16,41,0.5,0.418347,0.298813,1021,15,
2,1048,Overall,Overall,35,4,41,-2.5,-2.72749,0.760496,864,38,
2,1049,Overall,Overall,35,29,41,3.0,2.969259,0.407279,1148,20,
2,1050,Overall,Overall,35,8,41,-1.0,-0.887517,0.409057,956,20,
2,1051,Overall,Overall,35,20,41,1.0,0.964323,0.295946,1048,15,
2,1052,Overall,Overall,35,9,41,-0.5,-0.673662,0.380443,966,19,
2,1053,Overall,Overall,35,31,41,3.0,1.998355,0.332004,1100,17,
2,1054,Overall,Overall,35,13,41,0.0,-0.125283,0.326264,994,16,
2,1055,Overall,Overall,35,9,41,-1.0,-0.825374,0.399102,959,20,
2,1056,Overall,Overall,35,9,41,-0.5,-0.964857,0.415531,952,21,
2,1057,Overall,Overall,35,26,41,2.0,1.873236,0.341221,1094,17,
2,1058,Overall,Overall,35,21,41,1.0,1.452946,0.317827,1073,16,
2,1059,Overall,Overall,35,29,41,2.5,2.685204,0.372236,1134,19,
2,1060,Overall,Overall,35,5,41,-2.0,-2.664405,0.745205,867,37,
2,1061,Overall,Overall,35,21,41,1.0,1.119947,0.301231,1056,15,
2,1062,Overall,Overall,35,8,41,-1.0,-1.208354,0.450417,940,23,
2,1063,Overall,Overall,35,9,41,-1.0,-1.105846,0.435334,945,22,
2,1064,Overall,Overall,35,23,41,1.0,1.536878,0.311895,1077,16,
2,1065,Overall,Overall,35,32,41,3.0,3.273869,0.449777,1164,22,
2,1066,Overall,Overall,35,10,41,-1.0,-0.702019,0.383344,965,19,
2,1067,Overall,Overall,35,31,41,3.0,3.187751,0.42902,1159,21,
2,1068,Overall,Overall,35,21,41,1.0,0.961533,0.297647,1048,15,
2,1069,Overall,Overall,35,9,41,-2.0,-1.183738,0.44918,941,22,
2,1070,Overall,Overall,35,29,41,2.5,2.613581,0.364071,1131,18,
2,1071,Overall,Overall,35,3,41,-3.0,-3.214511,0.897749,839,45,
2,1072,Overall,Overall,35,31,41,3.0,3.113382,0.419586,1156,21,
2,1073,Overall,Overall,35,4,41,-2.5,-2.215723,0.630385,889,32,
2,1074,Overall,Overall,35,19,41,0.0,0.362243,0.301251,1018,15,
2,1075,Overall,Overall,35,34,41,3.0,3.985883,0.53566,1199,27,
2,1076,Overall,Overall,35,28,41,1.5,1.934371,0.327446,1097,16,
2,1077,Overall,Overall,35,25,41,2.5,1.989704,0.332127,1099,17,
2,1078,Overall,Overall,35,11,41,0.0,-0.259272,0.338187,987,17,
2,1079,Overall,Overall,35,6,41,-2.5,-1.702439,0.533273,915,27,
2,1080,Overall,Overall,35,29,41,2.0,2.396911,0.347307,1120,17,
2,1081,Overall,Overall,35,31,41,2.5,2.771642,0.381226,1139,19,
2,1082,Overall,Overall,35,29,41,2.0,1.868208,0.322933,1093,16,
2,1083,Overall,Overall,35,33,41,3.0,4.082266,0.548349,1204,27,
2,1084,Overall,Overall,35,11,41,0.0,-0.009131,0.319017,1000,16,
2,1085,Overall,Overall,35,1,41,-3.0,-4.88032,1.569602,756,78,
2,1086,Overall,Overall,35,27,41,1.5,1.898865,0.325101,1095,16,
2,1087,Overall,Overall,35,3,41,-2.5,-3.052117,0.858161,847,43,
2,1088,Overall,Overall,35,7,41,-1.0,-1.041584,0.427771,948,21,
2,1089,Overall,Overall,35,26,41,2.0,2.195875,0.33661,1110,17,
2,1090,Overall,Overall,35,27,41,2.5,2.349708,0.345934,1117,17,
2,1091,Overall,Overall,35,23,41,1.0,1.769652,0.326002,1088,16,
2,1092,Overall,Overall,35,10,41,-0.5,-0.346161,0.347282,983,17,
2,1093,Overall,Overall,35,15,41,0.0,0.057509,0.313818,1003,16,
2,1094,Overall,Overall,35,31,41,3.0,3.687143,0.495708,1184,25,
2,1095,Overall,Overall,35,28,41,2.5,2.21357,0.338234,1111,17,
2,1096,Overall,Overall,35,11,41,-0.5,-0.427496,0.352365,979,18,
2,1097,Overall,Overall,35,32,41,3.0,2.873023,0.393404,1144,20,
2,1098,Overall,Overall,35,17,41,0.0,0.433822,0.298406,1022,15,
2,1099,Overall,Overall,35,4,41,-2.5,-2.070596,0.615288,896,31,
2,1100,Overall,Overall,35,18,41,1.0,0.79489,0.296809,1040,15,
2,1101,Overall,Overall,35,9,41,-0.5,-0.75533,0.392285,962,20,
2,1102,Overall,Overall,35,30,41,3.0,3.473099,0.485508,1174,24,
2,1103,Overall,Overall,35,21,41,1.5,0.96081,0.295856,1048,15,
2,1104,Overall,Overall,35,14,41,0.0,0.244689,0.305735,1012,15,
2,1105,Overall,Overall,35,6,41,-2.0,-1.655448,0.522639,917,26,
2,1106,Overall,Overall,35,15,41,0.5,0.431615,0.299575,1022,15,
2,1107,Overall,Overall,35,7,41,-1.5,-1.056668,0.430022,947,22,
2,1108,Overall,Overall,35,14,41,0.0,0.145177,0.30962,1007,15,
2,1109,Overall,Overall,35,10,41,-0.5,-0.523405,0.362811,974,18,
2,1110,Overall,Overall,35,4,41,-1.5,-2.21871,0.638124,889,32,
2,1111,Overall,Overall,35,24,41,2.0,2.028025,0.331174,1101,17,
2,1112,Overall,Overall,35,1,41,-3.0,-3.961789,1.173396,802,59,
2,1113,Overall,Overall,35,7,41,-2.0,-1.804375,0.561385,910,28,
2,1114,Overall,Overall,35,24,41,1.0,1.360762,0.300741,1068,15,
2,1115,Overall,Overall,35,7,41,-2.0,-1.713324,0.542855,914,27,
2,1116,Overall,Overall,35,30,41,3.0,3.367803,0.469949,1168,23,
2,1117,Overall,Overall,35,27,41,2.5,2.463172,0.353119,1123,18,
2,1118,Overall,Overall,35,7,41,-0.5,-0.892342,0.414892,955,21,
2,1119,Overall,Overall,35,3,41,-2.5,-3.416325,0.961045,829,48,
2,1120,Overall,Overall,35,6,41,-2.0,-1.716155,0.53353,914,27,
2,1121,Overall,Overall,35,7,41,-2.0,-1.531763,0.502996,923,25,
2,1122,Overall,Overall,35,12,41,0.0,-0.200475,0.331724,990,17,
2,1123,Overall,Overall,35,35,41,3.0,4.491485,0.568408,1225,28,
2,1124,Overall,Overall,35,20,41,1.5,1.171466,0.302002,1059,15,
2,1125,Overall,Overall,35,3,41,-2.5,-2.754294,0.766223,862,38,
2,1126,Overall,Overall,35,14,41,0.0,0.022699,0.317418,1001,16,
2,1127,Overall,Overall,35,24,41,2.0,1.555151,0.30709,1078,15,
2,1128,Overall,Overall,35,19,41,0.5,0.519616,0.299915,1026,15,
2,1129,Overall,Overall,35,10,41,0.0,-0.183549,0.332851,991,17,
2,1130,Overall,Overall,35,1,41,-2.5,-4.692167,1.40767,765,70,
2,1131,Overall,Overall,35,16,41,0.0,0.074429,0.312684,1004,16,
2,1132,Overall,Overall,35,24,41,1.5,1.302361,0.301683,1065,15,
2,1133,Overall,Overall,35,19,41,1.0,0.984669,0.297761,1049,15,
2,1134,Overall,Overall,35,32,41,3.0,2.727764,0.375971,1136,19,
2,1135,Overall,Overall,35,9,41,-1.0,-0.917028,0.409659,954,20,
2,1136,Overall,Overall,35,7,41,-1.5,-1.144479,0.440871,943,22,
2,1137,Overall,Overall,35,4,41,-1.5,-1.69942,0.543386,915,27,
2,1138,Overall,Overall,35,25,41,1.5,1.216678,0.299286,1061,15,
2,1139,Overall,Overall,35,30,41,2.5,2.96784,0.399586,1148,20,
2,1140,Overall,Overall,35,27,41,2.5,2.626436,0.368753,1131,18,
2,1141,Overall,Overall,35,26,41,1.0,1.312249,0.307591,1066,15,
2,1142,Overall,Overall,35,12,41,0.0,-0.051269,0.321641,997,16,
2,1143,Overall,Overall,35,18,41,0.0,0.610386,0.296061,1031,15,
2,1144,Overall,Overall,35,8,41,-1.0,-1.275949,0.460734,936,23,
2,1145,Overall,Overall,35,5,41,-2.5,-2.298205,0.650081,885,33,
2,1146,Overall,Overall,35,5,41,-1.5,-2.258016,0.650643,887,33,
2,1147,Overall,Overall,35,16,41,0.5,0.773662,0.306797,1039,15,
2,1148,Overall,Overall,35,13,41,0.0,0.248815,0.304977,1012,15,
2,1149,Overall,Overall,35,5,41,-2.5,-1.978693,0.589125,901,29,
2,1150,Overall,Overall,35,6,41,-1.5,-2.06288,0.598946,897,30,
2,1151,Overall,Overall,35,28,41,2.0,2.231041,0.338299,1112,17,
2,1152,Overall,Overall,35,5,41,-1.0,-1.990484,0.588368,900,29,
2,1153,Overall,Overall,35,24,41,1.0,1.143425,0.298985,1057,15,
2,1154,Overall,Overall,35,6,41,-3.0,-1.777628,0.544366,911,27,
2,1155,Overall,Overall,35,27,41,2.0,1.772987,0.319146,1089,16,
2,1156,Overall,Overall,35,21,41,1.5,1.059439,0.29764,1053,15,
2,1157,Overall,Overall,35,13,41,0.5,0.180071,0.30799,1009,15,
2,1158,Overall,Overall,35,32,41,3.0,2.84468,0.390025,1142,20,
2,1159,Overall,Overall,35,27,41,2.0,2.137649,0.333974,1107,17,
2,1160,Overall,Overall,35,20,41,1.0,0.829176,0.295109,1041,15,
2,1161,Overall,Overall,35,31,41,3.0,3.615683,0.493023,1181,25,
2,1162,Overall,Overall,35,10,41,-1.5,-0.393451,0.35199,980,18,
2,1163,Overall,Overall,35,24,41,2.0,1.863916,0.324769,1093,16,
2,1164,Overall,Overall,35,3,41,-3.0,-3.180897,0.871382,841,44,
2,1165,Overall,Overall,35,21,41,1.0,0.98101,0.295977,1049,15,
2,1166,Overall,Overall,35,27,41,1.0,1.199393,0.306415,1060,15,
2,1167,Overall,Overall,35,6,41,-2.0,-1.906428,0.569743,905,28,
2,1168,Overall,Overall,35,30,41,2.5,2.316492,0.344591,1116,17,
2,1169,Overall,Overall,35,30,41,3.0,2.966507,0.399419,1148,20,
2,1170,Overall,Overall,35,22,41,1.5,1.423573,0.304975,1071,15,
2,1171,Overall,Overall,35,21,41,1.0,1.298908,0.302876,1065,15,
2,1172,Overall,Overall,35,30,41,2.5,2.502211,0.355527,1125,18,
2,1173,Overall,Overall,35,11,41,-0.5,-0.384822,0.352406,981,18,
2,1174,Overall,Overall,35,12,41,0.0,-0.126565,0.326394,994,16,
2,1175,Overall,Overall,35,10,41,-1.0,-0.790828,0.392959,960,20,
2,1176,Overall,Overall,35,29,41,2.5,2.868013,0.391685,1143,20,
2,1177,Overall,Overall,35,5,41,-1.5,-1.699263,0.530621,915,27,
2,1178,Overall,Overall,35,8,41,-1.0,-0.777874,0.392293,961,20,
2,1179,Overall,Overall,35,22,41,0.5,1.006536,0.296114,1050,15,
2,1180,Overall,Overall,35,26,41,1.5,1.690837,0.31547,1085,16,
2,1181,Overall,Overall,35,11,41,-1.0,-0.744208,0.38749,963,19,
2,1182,Overall,Overall,35,11,41,0.5,0.027512,0.317659,1001,16,
2,1183,Overall,Overall,35,31,41,2.5,2.950712,0.401816,1148,20,
2,1184,Overall,Overall,35,23,41,1.5,1.833664,0.323543,1092,16,
2,1185,Overall,Overall,35,33,41,3.0,2.854679,0.397098,1143,20,
2,1186,Overall,Overall,35,24,41,2.5,2.004585,0.331905,1100,17,
2,1187,Overall,Overall,35,13,41,-0.5,-0.652056,0.383149,967,19,
2,1188,Overall,Overall,35,22,41,1.0,1.201553,0.298116,1060,15,
2,1189,Overall,Overall,35,7,41,-1.5,-1.347802,0.472761,933,24,
2,1190,Overall,Overall,35,30,41,2.5,2.632122,0.365134,1132,18,
2,1191,Overall,Overall,35,26,41,2.5,1.972522,0.327478,1099,16,
2,1192,Overall,Overall,35,9,41,-1.0,-1.043649,0.426746,948,21,
2,1193,Overall,Overall,35,20,41,0.5,0.915286,0.295683,1046,15,
2,1194,Overall,Overall,35,5,41,-2.5,-1.75931,0.544158,912,27,
2,1195,Overall,Overall,35,9,41,-1.5,-0.93414,0.411703,953,21,
2,1196,Overall,Overall,35,10,41,-0.5,-0.196712,0.334179,990,17,
2,1197,Overall,Overall,35,28,41,2.0,1.880208,0.325086,1094,16,
2,1198,Overall,Overall,35,30,41,2.5,2.761837,0.379701,1138,19,
2,1199,Overall,Overall,35,3,41,-3.0,-3.171891,0.876898,841,44,
2,1200,Overall,Overall,35,24,41,1.5,1.824108,0.324935,1091,16,
2,1201,Overall,Overall,35,9,41,-1.0,-0.604486,0.371942,970,19,
2,1202,Overall,Overall,35,3,41,-3.0,-2.497378,0.718488,875,36,
2,1203,Overall,Overall,35,25,41,1.5,1.741936,0.318792,1087,16,
2,1204,Overall,Overall,35,30,41,3.0,3.429081,0.476748,1171,24,
2,1205,Overall,Overall,35,9,41,-1.0,-0.908557,0.410014,955,21,
2,1206,Overall,Overall,35,5,41,-3.0,-1.927796,0.572596,904,29,
2,1207,Overall,Overall,35,14,41,0.0,-0.252992,0.339882,987,17,
2,1208,Overall,Overall,35,26,41,2.5,1.619204,0.310029,1081,16,
2,1209,Overall,Overall,35,26,41,2.0,1.97778,0.327663,1099,16,
2,1210,Overall,Overall,35,6,41,-1.5,-1.608416,0.514257,920,26,
2,1211,Overall,Overall,35,21,41,1.5,1.147152,0.298178,1057,15,
2,1212,Overall,Overall,35,2,41,-2.5,-3.089289,0.868156,846,43,
2,1213,Overall,Overall,35,1,41,-2.5,-4.899903,1.584006,755,79,
2,1214,Overall,Overall,35,16,41,0.5,0.548325,0.296805,1027,15,
2,1215,Overall,Overall,35,26,41,2.0,2.127264,0.334833,1106,17,
2,1216,Overall,Overall,35,17,41,0.0,0.460233,0.297768,1023,15,
2,1217,Overall,Overall,35,12,41,0.0,-0.299763,0.340263,985,17,
2,1218,Overall,Overall,35,9,41,-1.5,-0.932203,0.411594,953,21,
2,1219,Overall,Overall,35,17,41,0.0,0.474009,0.298023,1024,15,
2,1220,Overall,Overall,35,7,41,-1.5,-1.920271,0.572675,904,29,
2,1221,Overall,Overall,35,4,41,-3.0,-2.916289,0.812658,854,41,
2,1222,Overall,Overall,35,31,41,3.0,2.657324,0.369378,1133,18,
2,1223,Overall,Overall,35,19,41,1.0,0.901669,0.296191,1045,15,
2,1224,Overall,Overall,35,5,41,-2.0,-1.976045,0.583385,901,29,
2,1225,Overall,Overall,35,6,41,-2.0,-2.134668,0.621604,893,31,
2,1226,Overall,Overall,35,29,41,2.5,2.993794,0.408067,1150,20,
2,1227,Overall,Overall,35,6,41,-2.0,-1.269322,0.462094,937,23,
2,1228,Overall,Overall,35,31,41,3.0,3.185198,0.434492,1159,22,
2,1229,Overall,Overall,35,5,41,-2.0,-2.176995,0.623724,891,31,
2,1230,Overall,Overall,35,30,41,2.5,2.944317,0.401983,1147,20,
2,1231,Overall,Overall,35,5,41,-2.0,-2.785935,0.777462,861,39,
2,1232,Overall,Overall,35,24,41,1.5,1.550796,0.309287,1078,15,
2,1233,Overall,Overall,35,4,41,-3.0,-2.61236,0.720921,869,36,
2,1234,Overall,Overall,35,9,41,-1.5,-1.009432,0.421731,950,21,
2,1235,Overall,Overall,35,22,41,1.5,1.265191,0.300457,1063,15,
2,1236,Overall,Overall,35,7,41,-2.0,-1.487372,0.495438,926,25,
2,1237,Overall,Overall,35,8,41,-1.5,-1.218665,0.45216,939,23,
2,1238,Overall,Overall,35,25,41,1.0,1.347851,0.300951,1067,15,
2,1239,Overall,Overall,35,15,41,1.0,0.355084,0.30045,1018,15,
2,1240,Overall,Overall,35,1,41,-2.5,-5.0,1.671327,750,84,
2,1241,Overall,Overall,35,26,41,2.0,1.725569,0.315377,1086,16,
2,1242,Overall,Overall,35,20,41,0.5,0.871001,0.296084,1044,15,
2,1243,Overall,Overall,35,8,41,-1.5,-1.363046,0.473787,932,24,
2,1244,Overall,Overall,35,28,41,1.5,1.791884,0.320938,1090,16,
2,1245,Overall,Overall,35,8,41,-0.5,-1.189482,0.447312,941,22,
2,1246,Overall,Overall,35,17,41,0.5,0.795496,0.30011,1040,15,
2,1247,Overall,Overall,35,12,41,0.0,-0.119996,0.326668,994,16,
2,1248,Overall,Overall,35,26,41,2.0,1.72153,0.323172,1086,16,
2,1249,Overall,Overall,35,14,41,0.0,-0.278439,0.34137,986,17,
2,1250,Overall,Overall,35,1,41,-2.5,-4.915168,1.566818,754,78,
2,1251,Overall,Overall,35,25,41,1.5,1.635528,0.314094,1082,16,
2,1252,Overall,Overall,35,27,41,2.0,1.565582,0.311206,1078,16,
2,1253,Overall,Overall,35,15,41,0.5,0.326177,0.301729,1016,15,
2,1254,Overall,Overall,35,17,41,1.0,0.598856,0.295368,1030,15,
2,1255,Overall,Overall,35,26,41,2.0,1.762347,0.318232,1088,16,
2,1256,Overall,Overall,35,4,41,-2.0,-2.588495,0.724212,871,36,
2,1257,Overall,Overall,35,32,41,3.0,3.191217,0.434912,1160,22,
2,1258,Overall,Overall,35,23,41,1.5,1.341312,0.308454,1067,15,
2,1259,Overall,Overall,35,30,41,2.5,2.300841,0.342251,1115,17,
2,1260,Overall,Overall,35,27,41,2.0,2.213884,0.33745,1111,17,
2,1261,Overall,Overall,35,3,41,-3.0,-3.034021,0.84523,848,42,
2,1262,Overall,Overall,35,34,41,3.0,3.354843,0.451105,1168,23,
2,1263,Overall,Overall,35,1,41,-2.5,-5.0,1.676008,750,84,
2,1264,Overall,Overall,35,31,41,2.5,2.550931,0.358869,1128,18,
2,1265,Overall,Overall,35,19,41,0.5,0.593731,0.295496,1030,15,
2,1266,Overall,Overall,35,12,41,-0.5,-0.185323,0.330385,991,17,
2,1267,Overall,Overall,35,10,41,-0.5,-0.786151,0.393887,961,20,
2,1268,Overall,Overall,35,32,41,3.0,3.695288,0.509047,1185,25,
2,1269,Overall,Overall,35,8,41,-1.0,-1.006944,0.421397,950,21,
2,1270,Overall,Overall,35,5,41,-2.5,-1.632825,0.536143,918,27,
2,1271,Overall,Overall,35,7,41,-1.5,-1.184445,0.447615,941,22,
2,1272,Overall,Overall,35,28,41,2.0,2.327128,0.344601,1116,17,
2,1273,Overall,Overall,35,26,41,1.5,1.467841,0.304678,1073,15,
2,1274,Overall,Overall,35,18,41,0.5,0.604536,0.295961,1030,15,
2,1275,Overall,Overall,35,19,41,0.5,0.75053,0.297242,1038,15,
2,1276,Overall,Overall,35,19,41,1.0,0.911354,0.297841,1046,15,
2,1277,Overall,Overall,35,14,41,0.0,0.06996,0.315003,1003,16,
2,1278,Overall,Overall,35,20,41,1.5,1.118841,0.297618,1056,15,
2,1279,Overall,Overall,35,2,41,-3.0,-3.974331,1.16541,801,58,
2,1280,Overall,Overall,35,27,41,3.0,2.425176,0.350636,1121,18,
2,1281,Overall,Overall,35,3,41,-2.0,-2.997874,0.825536,850,41,
2,1282,Overall,Overall,35,30,41,3.0,2.840919,0.387892,1142,19,
2,1283,Overall,Overall,35,18,41,1.0,0.869815,0.29859,1043,15,
2,1284,Overall,Overall,35,3,41,-2.5,-3.129064,0.863997,844,43,
2,1285,Overall,Overall,35,12,41,0.5,-0.043892,0.321638,998,16,
2,1286,Overall,Overall,35,31,41,3.0,3.567887,0.499122,1178,25,
2,1287,Overall,Overall,35,7,41,-1.5,-1.374866,0.479367,931,24,
2,1288,Overall,Overall,35,16,41,0.0,0.079647,0.316571,1004,16,
2,1289,Overall,Overall,35,1,41,-3.0,-3.950535,1.157669,802,58,
2,1290,Overall,Overall,35,13,41,0.5,0.292669,0.312242,1015,16,
2,1291,Overall,Overall,35,14,41,-0.5,-0.116661,0.326047,994,16,
2,1292,Overall,Overall,35,8,41,-2.0,-1.834309,0.560514,908,28,
2,1293,Overall,Overall,35,32,41,2.5,2.525742,0.360044,1126,18,
2,1294,Overall,Overall,35,8,41,-1.0,-1.038876,0.425724,948,21,
2,1295,Overall,Overall,35,4,41,-2.0,-1.939117,0.580461,903,29,
2,1296,Overall,Overall,35,11,41,-0.5,-0.210403,0.332552,989,17,
2,1297,Overall,Overall,35,8,41,-1.5,-0.66416,0.379363,967,19,
2,1298,Overall,Overall,35,14,41,0.0,-0.090164,0.328141,995,16,
2,1299,Overall,Overall,35,28,41,2.5,2.376115,0.346894,1119,17,
2,1300,Overall,Overall,35,22,41,1.5,1.080635,0.300312,1054,15,
3,1,Overall,Overall,35,13,41,0.0,-0.103737,0.326563,995,16,
3,2,Overall,Overall,35,13,41,-0.5,-0.208684,0.33428,990,17,
3,3,Overall,Overall,35,22,41,1.5,1.183887,0.298152,1059,15,
3,4,Overall,Overall,35,10,41,0.0,-0.377755,0.347863,981,17,
3,5,Overall,Overall,35,5,41,-2.5,-2.294378,0.649003,885,32,
3,6,Overall,Overall,35,7,41,-1.5,-1.336346,0.474847,933,24,
3,7,Overall,Overall,35,31,41,3.0,2.65637,0.367495,1133,18,
3,8,Overall,Overall,35,24,41,2.5,2.028619,0.33789,1101,17,
3,9,Overall,Overall,35,5,41,-3.0,-2.363595,0.669988,882,33,
3,10,Overall,Overall,35,13,41,0.5,0.235812,0.317443,1012,16,
3,11,Overall,Overall,35,18,41,0.0,0.256073,0.304526,1013,15,
3,12,Overall,Overall,35,4,41,-2.0,-2.249723,0.644516,888,32,
3,13,Overall,Overall,35,4,41,-2.5,-2.595754,0.726402,870,36,
3,14,Overall,Overall,35,9,41,-1.0,-0.765585,0.392729,962,20,
3,15,Overall,Overall,35,31,41,2.5,2.837207,0.387255,1142,19,
3,16,Overall,Overall,35,31,41,3.0,2.845374,0.388976,1142,19,
3,17,Overall,Overall,35,31,41,2.0,2.525555,0.359354,1126,18,
3,18,Overall,Overall,35,33,41,3.0,3.106532,0.425996,1155,21,
3,19,Overall,Overall,35,11,41,0.0,-0.412632,0.350472,979,18,
3,20,Overall,Overall,35,25,41,1.5,1.980614,0.329539,1099,16,
3,21,Overall,Overall,35,6,41,-1.5,-1.900593,0.574844,905,29,
3,22,Overall,Overall,35,2,41,-2.5,-4.129979,1.211155,794,61,
3,23,Overall,Overall,35,6,41,-1.5,-1.442515,0.490645,928,25,
3,24,Overall,Overall,35,27,41,1.5,1.790908,0.319921,1090,16,
3,25,Overall,Overall,35,31,41,3.0,2.937674,0.402333,1147,20,
3,26,Overall,Overall,35,9,41,-0.5,-0.868423,0.40359,957,20,
3,27,Overall,Overall,35,10,41,-1.0,-0.524648,0.362497,974,18,
3,28,Overall,Overall,35,31,41,2.5,2.600697,0.363888,1130,18,
3,29,Overall,Overall,35,4,41,-2.0,-2.394622,0.682308,880,34,
3,30,Overall,Overall,35,9,41,-1.5,-1.081774,0.431832,946,22,
3,31,Overall,Overall,35,12,41,0.0,0.061086,0.314837,1003,16,
3,32,Overall,Overall,35,6,41,-1.5,-1.815813,0.551018,909,28,
3,33,Overall,Overall,35,21,41,1.5,0.904786,0.295561,1045,15,
3,34,Overall,Overall,35,20,41,1.0,1.005616,0.297142,1050,15,
3,35,Overall,Overall,35,16,41,0.0,0.338796,0.30133,1017,15,
3,36,Overall,Overall,35,32,41,3.0,3.267477,0.447167,1163,22,
3,37,Overall,Overall,35,25,41,1.5,2.057393,0.3342,1103,17,
3,38,Overall,Overall,35,29,41,2.5,1.975891,0.330089,1099,17,
3,39,Overall,Overall,35,5,41,-2.0,-1.953777,0.589596,902,29,
3,40,Overall,Overall,35,13,41,-0.5,0.033823,0.314874,1002,16,
3,41,Overall,Overall,35,3,41,-2.5,-3.190824,0.873632,840,44,
3,42,Overall,Overall,35,4,41,-2.0,-2.096001,0.613448,895,31,
3,43,Overall,Overall,35,22,41,1.0,1.401047,0.307997,1070,15,
3,44,Overall,Overall,35,2,41,-2.5,-3.293453,0.914448,835,46,
3,45,Overall,Overall,35,13,41,0.5,0.184706,0.30921,1009,15,
3,46,Overall,Overall,35,2,41,-2.5,-3.166663,0.885074,842,44,
3,47,Overall,Overall,35,24,41,1.5,1.773235,0.323641,1089,16,
3,48,Overall,Overall,35,33,41,2.5,3.334431,0.454595,1167,23,
3,49,Overall,Overall,35,23,41,1.5,1.882731,0.325275,1094,16,
3,50,Overall,Overall,35,14,41,0.0,0.040219,0.314893,1002,16,
3,51,Overall,Overall,35,12,41,-0.5,-0.307317,0.342826,985,17,
3,52,Overall,Overall,35,28,41,2.5,3.096203,0.434769,1155,22,
3,53,Overall,Overall,35,32,41,3.0,2.749238,0.382795,1137,19,
3,54,Overall,Overall,35,24,41,1.5,1.721903,0.3204,1086,16,
3,55,Overall,Overall,35,28,41,2.0,2.111929,0.332526,1106,17,
3,56,Overall,Overall,35,8,41,-1.0,-1.124199,0.4377,944,22,
3,57,Overall,Overall,35,28,41,2.0,2.142541,0.334616,1107,17,
3,58,Overall,Overall,35,4,41,-1.5,-2.560344,0.707597,872,35,
3,59,Overall,Overall,35,14,41,0.0,0.024113,0.317043,1001,16,
3,60,Overall,Overall,35,6,41,-2.0,-1.510169,0.499062,924,25,
3,61,Overall,Overall,35,28,41,2.5,2.417877,0.349406,1121,17,
3,62,Overall,Overall,35,13,41,-0.5,-0.309152,0.345856,985,17,
3,63,Overall,Overall,35,5,41,-1.5,-1.824126,0.555881,909,28,
3,64,Overall,Overall,35,16,41,0.5,0.50876,0.2966,1025,15,
3,65,Overall,Overall,35,3,41,-3.0,-3.155431,0.871966,842,44,
3,66,Overall,Overall,35,20,41,1.0,1.093696,0.301855,1055,15,
3,67,Overall,Overall,35,33,41,2.5,3.347799,0.462933,1167,23,
3,68,Overall,Overall,35,5,41,-2.5,-2.377124,0.673121,881,34,
3,69,Overall,Overall,35,17,41,0.5,0.723515,0.300374,1036,15,
3,70,Overall,Overall,35,14,41,0.0,-0.204197,0.336744,990,17,
3,71,Overall,Overall,35,2,41,-3.0,-4.291394,1.325643,785,66,
3,72,Overall,Overall,35,28,41,2.0,1.899804,0.32553,1095,16,
3,73,Overall,Overall,35,21,41,0.5,0.840846,0.296968,1042,15,
3,74,Overall,Overall,35,19,41,1.0,0.797332,0.295095,1040,15,
3,75,Overall,Overall,35,20,41,1.0,0.698778,0.294905,1035,15,
3,76,Overall,Overall,35,3,41,-3.0,-3.060428,0.856729,847,43,
3,77,Overall,Overall,35,18,41,0.0,0.583458,0.296284,1029,15,
3,78,Overall,Overall,35,13,41,0.0,-0.347088,0.345652,983,17,
3,79,Overall,Overall,35,33,41,3.0,3.882291,0.528885,1194,26,
3,80,Overall,Overall,35,7,41,-1.5,-1.275921,0.460972,936,23,
3,81,Overall,Overall,35,10,41,-0.5,-0.945813,0.413345,953,21,
3,82,Overall,Overall,35,10,41,-0.5,-0.802276,0.396411,960,20,
3,83,Overall,Overall,35,24,41,1.5,1.392834,0.303041,1070,15,
3,84,Overall,Overall,35,16,41,0.5,0.302641,0.302054,1015,15,
3,85,Overall,Overall,35,16,41,0.5,0.42893,0.298491,1021,15,
3,86,Overall,Overall,35,12,41,-0.5,-0.256348,0.337505,987,17,
3,87,Overall,Overall,35,30,41,3.0,2.813547,0.387445,1141,19,
3,88,Overall,Overall,35,7,41,-1.0,-1.476961,0.502138,926,25,
3,89,Overall,Overall,35,11,41,-1.5,-0.680148,0.380607,966,19,
3,90,Overall,Overall,35,3,41,-3.0,-3.123104,0.862207,844,43,
3,91,Overall,Overall,35,7,41,-1.5,-1.475247,0.492684,926,25,
3,92,Overall,Overall,35,4,41,-2.0,-2.782895,0.775096,861,39,
3,93,Overall,Overall,35,23,41,2.0,1.828875,0.32404,1091,16,
3,94,Overall,Overall,35,20,41,1.0,0.935093,0.297971,1047,15,
3,95,Overall,Overall,35,24,41,2.0,1.724996,0.321316,1086,16,
3,96,Overall,Overall,35,17,41,0.5,0.645171,0.300202,1032,15,
3,97,Overall,Overall,35,19,41,0.0,0.594456,0.299743,1030,15,
3,98,Overall,Overall,35,15,41,0.0,0.104776,0.311092,1005,16,
3,99,Overall,Overall,35,21,41,1.0,1.204421,0.3,1060,15,
3,100,Overall,Overall,35,6,41,-2.5,-1.921932,0.571897,904,29,
3,101,Overall,Overall,35,26,41,1.0,1.53764,0.306441,1077,15,
3,102,Overall,Overall,35,14,41,0.5,-0.048685,0.321707,998,16,
3,103,Overall,Overall,35,6,41,-2.0,-1.191939,0.452618,940,23,
3,104,Overall,Overall,35,6,41,-2.5,-2.359677,0.664722,882,33,
3,105,Overall,Overall,35,17,41,0.5,0.425411,0.299215,1021,15,
3,106,Overall,Overall,35,9,41,-2.0,-0.997473,0.420424,950,21,
3,107,Overall,Overall,35,26,41,2.0,2.065681,0.332927,1103,17,
3,108,Overall,Overall,35,6,41,-2.0,-1.825781,0.555817,909,28,
3,109,Overall,Overall,35,34,41,3.0,4.389024,0.567642,1219,28,
3,110,Overall,Overall,35,7,41,-2.0,-1.497258,0.496419,925,25,
3,111,Overall,Overall,35,14,41,0.0,0.142849,0.308805,1007,15,
3,112,Overall,Overall,35,24,41,1.5,1.683857,0.319417,1084,16,
3,113,Overall,Overall,35,3,41,-2.0,-2.96685,0.82401,852,41,
3,114,Overall,Overall,35,19,41,1.0,0.838117,0.29673,1042,15,
3,115,Overall,Overall,35,31,41,2.5,2.705038,0.374202,1135,19,
3,116,Overall,Overall,35,4,41,-2.0,-2.499951,0.70258,875,35,
3,117,Overall,Overall,35,27,41,2.5,2.643903,0.3677,1132,18,
3,118,Overall,Overall,35,30,41,2.5,2.659729,0.370002,1133,19,
3,119,Overall,Overall,35,6,41,-2.0,-1.739986,0.53982,913,27,
3,120,Overall,Overall,35,22,41,2.0,1.694053,0.32171,1085,16,
3,121,Overall,Overall,35,7,41,-2.0,-1.304795,0.465762,935,23,
3,122,Overall,Overall,35,4,41,-3.0,-2.885289,0.81017,856,41,
3,123,Overall,Overall,35,35,41,3.0,3.358113,0.462763,1168,23,
3,124,Overall,Overall,35,29,41,2.5,2.38364,0.348105,1119,17,
3,125,Overall,Overall,35,16,41,0.0,0.044587,0.317319,1002,16,
3,126,Overall,Overall,35,3,41,-3.0,-2.74807,0.757569,863,38,
3,127,Overall,Overall,35,8,41,-2.0,-1.131574,0.438891,943,22,
3,128,Overall,Overall,35,23,41,2.0,1.907652,0.330355,1095,17,
3,129,Overall,Overall,35,6,41,-1.5,-1.646129,0.522967,918,26,
3,130,Overall,Overall,35,27,41,1.0,1.588105,0.318093,1079,16,
3,131,Overall,Overall,35,9,41,0.0,-0.555752,0.366158,972,18,
3,132,Overall,Overall,35,31,41,3.0,2.96693,0.405171,1148,20,
3,133,Overall,Overall,35,6,41,-3.0,-1.879641,0.562758,906,28,
3,134,Overall,Overall,35,8,41,-1.5,-1.098176,0.433984,945,22,
3,135,Overall,Overall,35,25,41,1.5,1.677932,0.317168,1084,16,
3,136,Overall,Overall,35,11,41,0.0,-0.704529,0.384552,965,19,
3,137,Overall,Overall,35,27,41,2.0,2.241265,0.339596,1112,17,
3,138,Overall,Overall,35,3,41,-3.0,-3.302982,0.929663,835,46,
3,139,Overall,Overall,35,5,41,-2.5,-2.704061,0.755889,865,38,
3,140,Overall,Overall,35,18,41,1.0,1.103371,0.307359,1055,15,
3,141,Overall,Overall,35,0,41,-3.0,-5.0,1.669858,750,83,
3,142,Overall,Overall,35,17,41,0.5,0.447543,0.298037,1022,15,
3,143,Overall,Overall,35,8,41,-1.5,-0.929535,0.414988,954,21,
3,144,Overall,Overall,35,6,41,-2.0,-1.924959,0.572353,904,29,
3,145,Overall,Overall,35,7,41,-1.5,-1.339686,0.470591,933,24,
3,146,Overall,Overall,35,10,41,-0.5,-0.79207,0.397503,960,20,
3,147,Overall,Overall,35,28,41,2.0,2.322946,0.34346,1116,17,
3,148,Overall,Overall,35,32,41,3.0,3.28585,0.452958,1164,23,
3,149,Overall,Overall,35,20,41,1.0,0.669761,0.295443,1033,15,
3,150,Overall,Overall,35,20,41,1.0,1.015225,0.296436,1051,15,
3,151,Overall,Overall,35,28,41,1.5,1.754427,0.317974,1088,16,
3,152,Overall,Overall,35,30,41,2.5,2.966616,0.406415,1148,20,
3,153,Overall,Overall,35,27,41,2.5,2.537905,0.363623,1127,18,
3,154,Overall,Overall,35,33,41,3.0,3.272849,0.448031,1164,22,
3,155,Overall,Overall,35,13,41,0.0,0.222438,0.315514,1011,16,
3,156,Overall,Overall,35,19,41,1.0,0.930554,0.296636,1047,15,
3,157,Overall,Overall,35,8,41,-1.5,-1.143867,0.440546,943,22,
3,158,Overall,Overall,35,16,41,0.5,0.242503,0.307214,1012,15,
3,159,Overall,Overall,35,25,41,1.5,1.483474,0.304971,1074,15,
3,160,Overall,Overall,35,34,41,3.0,3.569301,0.501342,1178,25,
3,161,Overall,Overall,35,4,41,-2.5,-2.487889,0.700398,876,35,
3,162,Overall,Overall,35,5,41,-3.0,-2.046714,0.602926,898,30,
3,163,Overall,Overall,35,22,41,1.0,1.246347,0.299008,1062,15,
3,164,Overall,Overall,35,5,41,-2.5,-2.256129,0.640619,887,32,
3,165,Overall,Overall,35,18,41,0.5,0.690089,0.294855,1035,15,
3,166,Overall,Overall,35,1,41,-1.5,-3.978478,1.169514,801,58,
3,167,Overall,Overall,35,5,41,-2.0,-2.268064,0.640979,887,32,
3,168,Overall,Overall,35,19,41,1.0,0.7733,0.294661,1039,15,
3,169,Overall,Overall,35,29,41,3.0,2.691816,0.374464,1135,19,
3,170,Overall,Overall,35,31,41,2.0,2.158745,0.346737,1108,17,
3,171,Overall,Overall,35,32,41,2.5,3.095266,0.416284,1155,21,
3,172,Overall,Overall,35,17,41,0.5,0.606201,0.300003,1030,15,
3,173,Overall,Overall,35,29,41,2.5,2.349753,0.345027,1117,17,
3,174,Overall,Overall,35,31,41,3.0,3.572331,0.494788,1179,25,
3,175,Overall,Overall,35,5,41,-3.0,-2.284473,0.653377,886,33,
3,176,Overall,Overall,35,22,41,1.0,1.207953,0.298186,1060,15,
3,177,Overall,Overall,35,23,41,1.5,1.415499,0.303336,1071,15,
3,178,Overall,Overall,35,18,41,0.0,0.504379,0.297314,1025,15,
3,179,Overall,Overall,35,26,41,2.0,2.213405,0.337381,1111,17,
3,180,Overall,Overall,35,10,41,-0.5,-0.570978,0.367789,971,18,
3,181,Overall,Overall,35,11,41,-0.5,-0.190267,0.330883,990,17,
3,182,Overall,Overall,35,5,41,-2.0,-2.239762,0.641763,888,32,
3,183,Overall,Overall,35,35,41,3.0,3.514817,0.479903,1176,24,
3,184,Overall,Overall,35,3,41,-3.0,-2.732922,0.76113,863,38,
3,185,Overall,Overall,35,27,41,1.5,1.538817,0.306771,1077,15,
3,186,Overall,Overall,35,11,41,-0.5,-0.677976,0.382394,966,19,
3,187,Overall,Overall,35,9,41,-1.0,-0.793927,0.396894,960,20,
3,188,Overall,Overall,35,28,41,2.0,2.40709,0.348854,1120,17,
3,189,Overall,Overall,35,30,41,2.0,2.399958,0.349151,1120,17,
3,190,Overall,Overall,35,5,41,-3.0,-1.816412,0.567002,909,28,
3,191,Overall,Overall,35,31,41,3.0,2.649014,0.36998,1132,18,
3,192,Overall,Overall,35,34,41,3.0,3.242913,0.447709,1162,22,
3,193,Overall,Overall,35,6,41,-2.0,-1.980488,0.582938,901,29,
3,194,Overall,Overall,35,12,41,-1.0,-0.601216,0.37449,970,19,
3,195,Overall,Overall,35,16,41,0.5,0.195835,0.314864,1010,16,
3,196,Overall,Overall,35,16,41,0.5,0.205173,0.306691,1010,15,
3,197,Overall,Overall,35,11,41,-0.5,-0.543333,0.366558,973,18,
3,198,Overall,Overall,35,7,41,-1.0,-1.288211,0.462424,936,23,
3,199,Overall,Overall,35,5,41,-2.5,-2.795884,0.773995,860,39,
3,200,Overall,Overall,35,29,41,2.0,2.450994,0.353341,1123,18,
3,201,Overall,Overall,35,6,41,-1.0,-1.507397,0.498154,925,25,
3,202,Overall,Overall,35,25,41,1.5,1.398519,0.311237,1070,16,
3,203,Overall,Overall,35,0,41,-3.0,-5.0,1.693383,750,85,
3,204,Overall,Overall,35,32,41,3.0,2.731868,0.376002,1137,19,
3,205,Overall,Overall,35,15,41,0.0,0.116009,0.310477,1006,16,
3,206,Overall,Overall,35,4,41,-3.0,-2.469313,0.685843,877,34,
3,207,Overall,Overall,35,22,41,1.0,0.734149,0.29586,1037,15,
3,208,Overall,Overall,35,26,41,1.5,1.472351,0.314082,1074,16,
3,209,Overall,Overall,35,3,41,-2.5,-3.288562,0.913442,836,46,
3,210,Overall,Overall,35,22,41,1.0,0.954068,0.296473,1048,15,
3,211,Overall,Overall,35,11,41,-1.0,-0.443016,0.354179,978,18,
3,212,Overall,Overall,35,11,41,0.0,-0.152569,0.329403,992,16,
3,213,Overall,Overall,35,31,41,2.5,2.575363,0.361546,1129,18,
3,214,Overall,Overall,35,18,41,0.0,0.475777,0.297944,1024,15,
3,215,Overall,Overall,35,9,41,-1.5,-1.009738,0.42329,950,21,
3,216,Overall,Overall,35,23,41,1.5,1.468255,0.309585,1073,15,
3,217,Overall,Overall,35,5,41,-1.5,-1.839466,0.561532,908,28,
3,218,Overall,Overall,35,21,41,1.0,1.259005,0.298904,1063,15,
3,219,Overall,Overall,35,5,41,-1.5,-1.996844,0.589875,900,29,
3,220,Overall,Overall,35,7,41,-1.5,-1.369421,0.476356,932,24,
3,221,Overall,Overall,35,9,41,-1.0,-0.652404,0.379916,967,19,
3,222,Overall,Overall,35,21,41,1.0,1.021658,0.297593,1051,15,
3,223,Overall,Overall,35,10,41,0.0,-0.476692,0.359475,976,18,
3,224,Overall,Overall,35,28,41,2.0,2.193792,0.338259,1110,17,
3,225,Overall,Overall,35,9,41,-1.5,-0.96086,0.414894,952,21,
3,226,Overall,Overall,35,7,41,0.0,-0.767316,0.395283,962,20,
3,227,Overall,Overall,35,5,41,-2.5,-2.250775,0.645848,887,32,
3,228,Overall,Overall,35,7,41,-1.0,-1.255226,0.45727,937,23,
3,229,Overall,Overall,35,5,41,-2.0,-2.141158,0.620509,893,31,
3,230,Overall,Overall,35,20,41,1.0,0.82234,0.294942,1041,15,
3,231,Overall,Overall,35,27,41,2.0,2.152329,0.33476,1108,17,
3,232,Overall,Overall,35,5,41,-3.0,-2.354199,0.667822,882,33,
3,233,Overall,Overall,35,14,41,0.0,-0.161943,0.333026,992,17,
3,234,Overall,Overall,35,19,41,0.5,0.98349,0.296472,1049,15,
3,235,Overall,Overall,35,6,41,-1.5,-1.738914,0.541965,913,27,
3,236,Overall,Overall,35,12,41,0.0,-0.270804,0.337745,986,17,
3,237,Overall,Overall,35,28,41,2.0,1.835876,0.322422,1092,16,
3,238,Overall,Overall,35,10,41,-0.5,-0.640402,0.377321,968,19,
3,239,Overall,Overall,35,9,41,-1.0,-1.100232,0.435279,945,22,
3,240,Overall,Overall,35,12,41,0.0,-0.115524,0.324851,994,16,
3,241,Overall,Overall,35,31,41,2.5,2.91825,0.396347,1146,20,
3,242,Overall,Overall,35,10,41,-1.0,-0.943423,0.413036,953,21,
3,243,Overall,Overall,35,26,41,2.0,1.90089,0.324889,1095,16,
3,244,Overall,Overall,35,5,41,-1.5,-2.479445,0.689245,876,34,
3,245,Overall,Overall,35,10,41,-1.0,-0.480259,0.35866,976,18,
3,246,Overall,Overall,35,9,41,-1.5,-0.797358,0.395478,960,20,
3,247,Overall,Overall,35,19,41,1.0,0.904534,0.29789,1045,15,
3,248,Overall,Overall,35,5,41,-2.0,-1.942711,0.5817,903,29,
3,249,Overall,Overall,35,14,41,0.5,0.172597,0.307769,1009,15,
3,250,Overall,Overall,35,22,41,1.0,0.920711,0.29653,1046,15,
3,251,Overall,Overall,35,19,41,0.5,0.4657,0.2988,1023,15,
3,252,Overall,Overall,35,30,41,2.0,2.390604,0.348544,1120,17,
3,253,Overall,Overall,35,16,41,0.0,0.435554,0.298367,1022,15,
3,254,Overall,Overall,35,16,41,-0.5,0.413608,0.299419,1021,15,
3,255,Overall,Overall,35,31,41,2.5,3.084698,0.415843,1154,21,
3,256,Overall,Overall,35,26,41,1.5,1.563674,0.308191,1078,15,
3,257,Overall,Overall,35,8,41,-0.5,-0.83439,0.398947,958,20,
3,258,Overall,Overall,35,21,41,1.0,0.913519,0.296887,1046,15,
3,259,Overall,Overall,35,19,41,1.0,0.918596,0.300586,1046,15,
3,260,Overall,Overall,35,32,41,3.0,3.295415,0.447875,1165,22,
3,261,Overall,Overall,35,30,41,2.5,2.985382,0.402026,1149,20,
3,262,Overall,Overall,35,3,41,-3.0,-3.617331,1.021816,819,51,
3,263,Overall,Overall,35,7,41,-1.5,-1.379703,0.479563,931,24,
3,264,Overall,Overall,35,32,41,3.0,2.887219,0.397127,1144,20,
3,265,Overall,Overall,35,28,41,1.5,1.394006,0.313583,1070,16,
3,266,Overall,Overall,35,25,41,1.0,1.496711,0.304684,1075,15,
3,267,Overall,Overall,35,6,41,-2.0,-1.531988,0.502208,923,25,
3,268,Overall,Overall,35,31,41,3.0,2.617778,0.364947,1131,18,
3,269,Overall,Overall,35,7,41,-1.5,-1.33776,0.472524,933,24,
3,270,Overall,Overall,35,26,41,1.5,1.694736,0.31432,1085,16,
3,271,Overall,Overall,35,25,41,2.0,1.672508,0.314522,1084,16,
3,272,Overall,Overall,35,3,41,-3.0,-2.766786,0.769846,862,38,
3,273,Overall,Overall,35,11,41,-0.5,-0.643397,0.37779,968,19,
3,274,Overall,Overall,35,7,41,-1.5,-1.47732,0.495452,926,25,
3,275,Overall,Overall,35,22,41,2.0,1.883059,0.331941,1094,17,
3,276,Overall,Overall,35,5,41,-2.5,-2.222718,0.63821,889,32,
3,277,Overall,Overall,35,4,41,-2.5,-2.26772,0.642679,887,32,
3,278,Overall,Overall,35,3,41,-3.0,-3.429047,0.97883,829,49,
3,279,Overall,Overall,35,5,41,-1.0,-1.943166,0.583236,903,29,
3,280,Overall,Overall,35,9,41,-0.5,-0.341482,0.348619,983,17,
3,281,Overall,Overall,35,15,41,0.0,0.289751,0.303541,1014,15,
3,282,Overall,Overall,35,6,41,-2.0,-1.484598,0.495417,926,25,
3,283,Overall,Overall,35,31,41,3.0,2.913714,0.393028,1146,20,
3,284,Overall,Overall,35,1,41,-3.0,-4.944539,1.613255,753,81,
3,285,Overall,Overall,35,25,41,2.0,2.026964,0.331166,1101,17,
3,286,Overall,Overall,35,28,41,2.5,2.299346,0.342192,1115,17,
3,287,Overall,Overall,35,7,41,-1.5,-1.238299,0.464505,938,23,
3,288,Overall,Overall,35,8,41,-0.5,-1.18798,0.447047,941,22,
3,289,Overall,Overall,35,22,41,1.5,1.281067,0.299454,1064,15,
3,290,Overall,Overall,35,13,41,-0.5,0.227224,0.306362,1011,15,
3,291,Overall,Overall,35,8,41,-0.5,-0.649071,0.377923,968,19,
3,292,Overall,Overall,35,6,41,-1.0,-1.626745,0.5222,919,26,
3,293,Overall,Overall,35,23,41,1.0,1.038898,0.298119,1052,15,
3,294,Overall,Overall,35,30,41,2.0,1.823173,0.326835,1091,16,
3,295,Overall,Overall,35,4,41,-2.0,-2.503281,0.696917,875,35,
3,296,Overall,Overall,35,27,41,2.0,2.121386,0.3334,1106,17,
3,297,Overall,Overall,35,28,41,2.5,2.447899,0.351326,1122,18,
3,298,Overall,Overall,35,28,41,3.0,2.89658,0.396876,1145,20,
3,299,Overall,Overall,35,3,41,-2.0,-3.000142,0.825003,850,41,
3,300,Overall,Overall,35,5,41,-1.5,-1.972062,0.581296,901,29,
3,301,Overall,Overall,35,2,41,-3.0,-3.094085,0.87024,845,44,
3,302,Overall,Overall,35,10,41,-1.0,-1.001926,0.421373,950,21,
3,303,Overall,Overall,35,30,41,2.5,2.547175,0.358501,1127,18,
3,304,Overall,Overall,35,23,41,1.5,1.253898,0.303859,1063,15,
3,305,Overall,Overall,35,7,41,-1.5,-1.328957,0.469891,934,23,
3,306,Overall,Overall,35,14,41,-0.5,0.005303,0.319364,1000,16,
3,307,Overall,Overall,35,6,41,-1.5,-1.636991,0.519327,918,26,
3,308,Overall,Overall,35,10,41,-0.5,-0.554347,0.367051,972,18,
3,309,Overall,Overall,35,22,41,1.5,1.000281,0.29774,1050,15,
3,310,Overall,Overall,35,9,41,0.0,-0.573577,0.370249,971,19,
3,311,Overall,Overall,35,33,41,2.5,2.98777,0.408195,1149,20,
3,312,Overall,Overall,35,14,41,-0.5,-0.051882,0.323248,997,16,
3,313,Overall,Overall,35,21,41,1.0,0.958281,0.301505,1048,15,
3,314,Overall,Overall,35,2,41,-2.5,-3.236337,0.907503,838,45,
3,315,Overall,Overall,35,13,41,0.0,-0.331401,0.347728,983,17,
3,316,Overall,Overall,35,14,41,0.0,0.28382,0.304228,1014,15,
3,317,Overall,Overall,35,15,41,0.5,0.260183,0.3046,1013,15,
3,318,Overall,Overall,35,25,41,1.5,1.518576,0.305959,1076,15,
3,319,Overall,Overall,35,33,41,3.0,3.326515,0.45032,1166,23,
3,320,Overall,Overall,35,26,41,1.0,1.448734,0.303787,1072,15,
3,321,Overall,Overall,35,8,41,-0.5,-1.136703,0.439506,943,22,
3,322,Overall,Overall,35,16,41,0.5,0.47861,0.297245,1024,15,
3,323,Overall,Overall,35,21,41,1.0,1.265084,0.30293,1063,15,
3,324,Overall,Overall,35,7,41,-3.0,-1.3665,0.474838,932,24,
3,325,Overall,Overall,35,31,41,3.0,2.989574,0.406191,1149,20,
3,326,Overall,Overall,35,18,41,1.0,0.667372,0.294959,1033,15,
3,327,Overall,Overall,35,32,41,3.0,2.988515,0.402451,1149,20,
3,328,Overall,Overall,35,21,41,0.5,0.969588,0.296951,1048,15,
3,329,Overall,Overall,35,5,41,-2.0,-1.932998,0.575344,903,29,
3,330,Overall,Overall,35,18,41,0.5,0.57639,0.296241,1029,15,
3,331,Overall,Overall,35,6,41,-1.5,-1.570057,0.510461,921,26,
3,332,Overall,Overall,35,25,41,2.0,1.958591,0.330996,1098,17,
3,333,Overall,Overall,35,16,41,1.0,0.661348,0.299294,1033,15,
3,334,Overall,Overall,35,4,41,-2.5,-2.49772,0.702458,875,35,
3,335,Overall,Overall,35,12,41,-1.0,-0.515146,0.364866,974,18,
3,336,Overall,Overall,35,12,41,0.0,-0.364641,0.345726,982,17,
3,337,Overall,Overall,35,21,41,1.5,0.827632,0.295672,1041,15,
3,338,Overall,Overall,35,6,41,-1.0,-1.691396,0.531063,915,27,
3,339,Overall,Overall,35,24,41,1.0,1.434203,0.304145,1072,15,
3,340,Overall,Overall,35,30,41,1.5,1.837753,0.344364,1092,17,
3,341,Overall,Overall,35,4,41,-1.5,-2.303425,0.657474,885,33,
3,342,Overall,Overall,35,1,41,-2.5,-4.692167,1.40767,765,70,
3,343,Overall,Overall,35,29,41,2.5,2.693916,0.373433,1135,19,
3,344,Overall,Overall,35,7,41,-1.0,-1.407414,0.48063,930,24,
3,345,Overall,Overall,35,15,41,0.0,0.350952,0.30861,1018,15,
3,346,Overall,Overall,35,14,41,0.0,0.085345,0.312894,1004,16,
3,347,Overall,Overall,35,9,41,-1.0,-0.888643,0.40516,956,20,
3,348,Overall,Overall,35,14,41,0.0,-0.050954,0.322856,997,16,
3,349,Overall,Overall,35,16,41,0.0,0.311303,0.30306,1016,15,
3,350,Overall,Overall,35,3,41,-3.0,-3.23516,0.896557,838,45,
3,351,Overall,Overall,35,7,41,-0.5,-0.756801,0.39183,962,20,
3,352,Overall,Overall,35,19,41,0.5,0.688883,0.296769,1034,15,
3,353,Overall,Overall,35,3,41,-3.0,-2.946061,0.821012,853,41,
3,354,Overall,Overall,35,24,41,1.5,1.090692,0.299293,1055,15,
3,355,Overall,Overall,35,33,41,3.0,2.85473,0.392279,1143,20,
3,356,Overall,Overall,35,19,41,1.0,0.814508,0.295821,1041,15,
3,357,Overall,Overall,35,31,41,2.5,2.77653,0.381938,1139,19,
3,358,Overall,Overall,35,17,41,0.5,0.564521,0.296172,1028,15,
3,359,Overall,Overall,35,7,41,-2.5,-1.189864,0.450844,941,23,
3,360,Overall,Overall,35,28,41,2.0,2.432273,0.350733,1122,18,
3,361,Overall,Overall,35,9,41,-1.0,-0.731585,0.387252,963,19,
3,362,Overall,Overall,35,27,41,1.5,1.735921,0.316523,1087,16,
3,363,Overall,Overall,35,21,41,1.0,1.018657,0.298226,1051,15,
3,364,Overall,Overall,35,4,41,-2.5,-2.692255,0.743455,865,37,
3,365,Overall,Overall,35,28,41,2.5,2.571816,0.361684,1129,18,
3,366,Overall,Overall,35,4,41,-2.5,-2.642949,0.73786,868,37,
3,367,Overall,Overall,35,21,41,1.0,0.982872,0.297612,1049,15,
3,368,Overall,Overall,35,5,41,-1.5,-2.104958,0.612349,895,31,
3,369,Overall,Overall,35,29,41,3.0,2.342842,0.345199,1117,17,
3,370,Overall,Overall,35,16,41,0.5,0.588838,0.299419,1029,15,
3,371,Overall,Overall,35,23,41,1.0,0.911853,0.297404,1046,15,
3,372,Overall,Overall,35,11,41,-0.5,-0.398921,0.350001,980,18,
3,373,Overall,Overall,35,8,41,-1.5,-1.116667,0.436657,944,22,
3,374,Overall,Overall,35,11,41,-1.0,-0.267137,0.339312,987,17,
3,375,Overall,Overall,35,16,41,1.0,0.421649,0.298354,1021,15,
3,376,Overall,Overall,35,23,41,1.5,1.228754,0.299116,1061,15,
3,377,Overall,Overall,35,30,41,2.5,2.462772,0.354245,1123,18,
3,378,Overall,Overall,35,6,41,-1.5,-1.861005,0.564086,907,28,
3,379,Overall,Overall,35,30,41,2.5,2.43341,0.351332,1122,18,
3,380,Overall,Overall,35,4,41,-2.5,-2.957971,0.813589,852,41,
3,381,Overall,Overall,35,7,41,-1.0,-1.316821,0.467543,934,23,
3,382,Overall,Overall,35,29,41,2.0,2.219282,0.338292,1111,17,
3,383,Overall,Overall,35,26,41,2.0,2.081771,0.331465,1104,17,
3,384,Overall,Overall,35,31,41,3.0,2.162968,0.344986,1108,17,
3,385,Overall,Overall,35,26,41,2.0,1.726022,0.316692,1086,16,
3,386,Overall,Overall,35,10,41,-0.5,-0.319212,0.34426,984,17,
3,387,Overall,Overall,35,10,41,-0.5,-0.747623,0.388801,963,19,
3,388,Overall,Overall,35,11,41,-1.0,-0.500202,0.366793,975,18,
3,389,Overall,Overall,35,6,41,-1.0,-1.214475,0.459033,939,23,
3,390,Overall,Overall,35,10,41,-1.0,-0.665772,0.378385,967,19,
3,391,Overall,Overall,35,28,41,1.5,1.629458,0.323985,1081,16,
3,392,Overall,Overall,35,29,41,2.0,2.873243,0.389712,1144,19,
3,393,Overall,Overall,35,2,41,-3.0,-3.763767,1.059174,812,53,
3,394,Overall,Overall,35,31,41,3.0,2.681499,0.370254,1134,19,
3,395,Overall,Overall,35,10,41,-0.5,-0.63166,0.376068,968,19,
3,396,Overall,Overall,35,8,41,-1.0,-0.9134,0.414475,954,21,
3,397,Overall,Overall,35,6,41,-1.0,-1.461317,0.489257,927,24,
3,398,Overall,Overall,35,7,41,-1.0,-1.553205,0.504931,922,25,
3,399,Overall,Overall,35,4,41,-2.5,-2.536062,0.713547,873,36,
3,400,Overall,Overall,35,4,41,-2.0,-2.127729,0.617407,894,31,
3,401,Overall,Overall,35,30,41,3.0,2.77015,0.379395,1139,19,
3,402,Overall,Overall,35,24,41,1.0,1.044451,0.298952,1052,15,
3,403,Overall,Overall,35,21,41,1.5,1.374096,0.308979,1069,15,
3,404,Overall,Overall,35,18,41,0.5,0.571236,0.296045,1029,15,
3,405,Overall,Overall,35,21,41,1.0,0.932435,0.295909,1047,15,
3,406,Overall,Overall,35,5,41,-1.5,-1.829917,0.559708,909,28,
3,407,Overall,Overall,35,6,41,-1.5,-1.818336,0.554461,909,28,
3,408,Overall,Overall,35,19,41,1.0,0.878188,0.296048,1044,15,
3,409,Overall,Overall,35,3,41,-2.0,-2.689225,0.738991,866,37,
3,410,Overall,Overall,35,10,41,-1.0,-0.672012,0.38052,966,19,
3,411,Overall,Overall,35,11,41,-0.5,-0.102176,0.324564,995,16,
3,412,Overall,Overall,35,1,41,-3.0,-5.0,1.581585,750,79,
3,413,Overall,Overall,35,4,41,-1.5,-2.599552,0.72701,870,36,
3,414,Overall,Overall,35,21,41,2.0,1.5553,0.319722,1078,16,
3,415,Overall,Overall,35,9,41,-0.5,-0.617757,0.373849,969,19,
3,416,Overall,Overall,35,9,41,-2.0,-1.229402,0.456826,939,23,
3,417,Overall,Overall,35,4,41,-2.5,-2.295962,0.655488,885,33,
3,418,Overall,Overall,35,27,41,2.0,2.171463,0.335396,1109,17,
3,419,Overall,Overall,35,3,41,-3.0,-3.022778,0.842079,849,42,
3,420,Overall,Overall,35,10,41,-1.5,-0.854109,0.405265,957,20,
3,421,Overall,Overall,35,18,41,1.0,0.802414,0.299019,1040,15,
3,422,Overall,Overall,35,25,41,1.5,1.613762,0.31052,1081,16,
3,423,Overall,Overall,35,3,41,-3.0,-3.066487,0.837473,847,42,
3,424,Overall,Overall,35,8,41,-1.5,-1.104701,0.434981,945,22,
3,425,Overall,Overall,35,3,41,-3.0,-2.517074,0.717259,874,36,
3,426,Overall,Overall,35,7,41,-0.5,-0.967914,0.417076,952,21,
3,427,Overall,Overall,35,9,41,-1.0,-0.638385,0.3785,968,19,
3,428,Overall,Overall,35,31,41,3.0,3.183705,0.435851,1159,22,
3,429,Overall,Overall,35,27,41,2.5,2.325178,0.343398,1116,17,
3,430,Overall,Overall,35,13,41,-0.5,-0.185422,0.334221,991,17,
3,431,Overall,Overall,35,25,41,1.5,1.524024,0.306107,1076,15,
3,432,Overall,Overall,35,6,41,-1.5,-1.832218,0.554451,908,28,
3,433,Overall,Overall,35,6,41,-1.5,-2.074514,0.602732,896,30,
3,434,Overall,Overall,35,27,41,1.5,1.683808,0.313076,1084,16,
3,435,Overall,Overall,35,16,41,0.5,0.287674,0.30314,1014,15,
3,436,Overall,Overall,35,32,41,3.0,3.880138,0.527531,1194,26,
3,437,Overall,Overall,35,6,41,-3.0,-1.890714,0.567167,905,28,
3,438,Overall,Overall,35,5,41,-1.5,-1.967268,0.587176,902,29,
3,439,Overall,Overall,35,9,41,-1.0,-0.992098,0.419413,950,21,
3,440,Overall,Overall,35,15,41,0.0,0.164515,0.308882,1008,15,
3,441,Overall,Overall,35,30,41,2.0,2.003201,0.332441,1100,17,
3,442,Overall,Overall,35,6,41,-1.5,-1.597613,0.512359,920,26,
3,443,Overall,Overall,35,2,41,-3.0,-3.978864,1.162743,801,58,
3,444,Overall,Overall,35,12,41,-0.5,-0.258011,0.338047,987,17,
3,445,Overall,Overall,35,27,41,2.5,2.415201,0.351182,1121,18,
3,446,Overall,Overall,35,8,41,-0.5,-0.822,0.399598,959,20,
3,447,Overall,Overall,35,6,41,-2.0,-1.649409,0.523158,918,26,
3,448,Overall,Overall,35,0,41,-3.0,-5.0,1.693383,750,85,
3,449,Overall,Overall,35,2,41,-3.0,-3.386606,0.955418,831,48,
3,450,Overall,Overall,35,25,41,2.0,1.888906,0.324968,1094,16,
3,451,Overall,Overall,35,3,41,-2.0,-3.191157,0.892727,840,45,
3,452,Overall,Overall,35,8,41,-0.5,-1.005227,0.421034,950,21,
3,453,Overall,Overall,35,29,41,1.5,2.560826,0.360098,1128,18,
3,454,Overall,Overall,35,5,41,-1.5,-2.126529,0.613632,894,31,
3,455,Overall,Overall,35,3,41,-2.5,-2.970445,0.826638,851,41,
3,456,Overall,Overall,35,3,41,-3.0,-3.028784,0.850135,849,43,
3,457,Overall,Overall,35,5,41,-2.5,-1.985455,0.587572,901,29,
3,458,Overall,Overall,35,5,41,-1.5,-2.139748,0.614048,893,31,
3,459,Overall,Overall,35,7,41,-1.5,-0.67204,0.381777,966,19,
3,460,Overall,Overall,35,8,41,-1.0,-0.534481,0.368882,973,18,
3,461,Overall,Overall,35,7,41,-0.5,-1.411616,0.483075,929,24,
3,462,Overall,Overall,35,13,41,-1.0,0.014108,0.318253,1001,16,
3,463,Overall,Overall,35,5,41,-2.5,-2.262536,0.640175,887,32,
3,464,Overall,Overall,35,5,41,-2.0,-2.235911,0.636452,888,32,
3,465,Overall,Overall,35,10,41,0.5,-0.340359,0.344713,983,17,
3,466,Overall,Overall,35,2,41,-3.0,-4.102897,1.219274,795,61,
3,467,Overall,Overall,35,6,41,-1.0,-1.215024,0.452438,939,23,
3,468,Overall,Overall,35,29,41,2.5,2.394949,0.347744,1120,17,
3,469,Overall,Overall,35,6,41,-2.0,-1.50153,0.500758,925,25,
3,470,Overall,Overall,35,30,41,2.0,2.406643,0.350215,1120,18,
3,471,Overall,Overall,35,11,41,0.0,-0.725056,0.386815,964,19,
3,472,Overall,Overall,35,6,41,-2.5,-1.593934,0.513537,920,26,
3,473,Overall,Overall,35,26,41,1.5,1.562556,0.308118,1078,15,
3,474,Overall,Overall,35,31,41,2.0,2.436075,0.351876,1122,18,
3,475,Overall,Overall,35,8,41,-1.5,-1.470724,0.498513,926,25,
3,476,Overall,Overall,35,11,41,0.0,-0.595144,0.371982,970,19,
3,477,Overall,Overall,35,6,41,-2.0,-1.72043,0.536469,914,27,
3,478,Overall,Overall,35,3,41,-2.5,-2.70239,0.742278,865,37,
3,479,Overall,Overall,35,13,41,0.5,0.232673,0.314944,1012,16,
3,480,Overall,Overall,35,27,41,2.0,2.15585,0.334287,1108,17,
3,481,Overall,Overall,35,24,41,2.0,1.355981,0.308404,1068,15,
3,482,Overall,Overall,35,4,41,-3.0,-2.42669,0.683733,879,34,
3,483,Overall,Overall,35,18,41,0.5,0.75244,0.297622,1038,15,
3,484,Overall,Overall,35,18,41,1.0,0.909229,0.297814,1045,15,
3,485,Overall,Overall,35,11,41,-0.5,-0.455641,0.359092,977,18,
3,486,Overall,Overall,35,23,41,1.0,1.055749,0.296463,1053,15,
3,487,Overall,Overall,35,5,41,-1.0,-1.418084,0.495089,929,25,
3,488,Overall,Overall,35,28,41,1.5,1.958181,0.329574,1098,16,
3,489,Overall,Overall,35,24,41,2.0,2.032412,0.332418,1102,17,
3,490,Overall,Overall,35,32,41,3.0,2.696045,0.375712,1135,19,
3,491,Overall,Overall,35,1,41,-3.0,-4.468866,1.354349,777,68,
3,492,Overall,Overall,35,5,41,-2.0,-2.281707,0.657976,886,33,
3,493,Overall,Overall,35,31,41,3.0,2.535033,0.360845,1127,18,
3,494,Overall,Overall,35,31,41,3.0,3.683722,0.507813,1184,25,
3,495,Overall,Overall,35,3,41,-3.0,-3.293961,0.928556,835,46,
3,496,Overall,Overall,35,18,41,1.0,0.447587,0.298486,1022,15,
3,497,Overall,Overall,35,20,41,0.5,0.854847,0.295903,1043,15,
3,498,Overall,Overall,35,6,41,-1.5,-1.792376,0.548901,910,27,
3,499,Overall,Overall,35,17,41,0.5,0.622532,0.299122,1031,15,
3,500,Overall,Overall,35,30,41,3.0,2.525614,0.359603,1126,18,
3,501,Overall,Overall,35,14,41,0.0,0.117534,0.310506,1006,16,
3,502,Overall,Overall,35,26,41,2.0,2.2521,0.33965,1113,17,
3,503,Overall,Overall,35,25,41,2.5,1.976853,0.330687,1099,17,
3,504,Overall,Overall,35,7,41,-1.5,-1.533442,0.502295,923,25,
3,505,Overall,Overall,35,18,41,0.5,0.57756,0.295793,1029,15,
3,506,Overall,Overall,35,2,41,-2.5,-3.182343,0.897652,841,45,
3,507,Overall,Overall,35,21,41,0.5,0.734204,0.29678,1037,15,
3,508,Overall,Overall,35,5,41,-2.0,-2.108604,0.617624,895,31,
3,509,Overall,Overall,35,1,41,-3.0,-4.938385,1.623261,753,81,
3,510,Overall,Overall,35,28,41,2.5,2.726336,0.375874,1136,19,
3,511,Overall,Overall,35,19,41,1.0,0.756656,0.296908,1038,15,
3,512,Overall,Overall,35,27,41,3.0,1.81828,0.320102,1091,16,
3,513,Overall,Overall,35,33,41,3.0,3.526646,0.492331,1176,25,
3,514,Overall,Overall,35,20,41,0.5,0.865507,0.294911,1043,15,
3,515,Overall,Overall,35,22,41,1.5,1.824625,0.32936,1091,16,
3,516,Overall,Overall,35,24,41,2.0,1.880933,0.327297,1094,16,
3,517,Overall,Overall,35,26,41,2.0,2.061232,0.332412,1103,17,
3,518,Overall,Overall,35,10,41,-0.5,-0.672159,0.380482,966,19,
3,519,Overall,Overall,35,4,41,-2.5,-2.597444,0.73204,870,37,
3,520,Overall,Overall,35,30,41,2.5,2.647297,0.370071,1132,19,
3,521,Overall,Overall,35,9,41,-1.0,-0.838101,0.400058,958,20,
3,522,Overall,Overall,35,4,41,-1.0,-2.150011,0.626558,892,31,
3,523,Overall,Overall,35,2,41,-2.5,-3.654954,1.034633,817,52,
3,524,Overall,Overall,35,28,41,1.5,1.634924,0.315316,1082,16,
3,525,Overall,Overall,35,6,41,-2.0,-1.68108,0.527405,916,26,
3,526,Overall,Overall,35,9,41,-1.0,-0.489343,0.361294,976,18,
3,527,Overall,Overall,35,25,41,2.0,2.043049,0.330963,1102,17,
3,528,Overall,Overall,35,5,41,-1.0,-1.69645,0.530103,915,27,
3,529,Overall,Overall,35,20,41,0.5,0.823361,0.297618,1041,15,
3,530,Overall,Overall,35,4,41,-2.5,-2.809537,0.768183,860,38,
3,531,Overall,Overall,35,23,41,1.0,1.284978,0.300724,1064,15,
3,532,Overall,Overall,35,12,41,-0.5,-0.570257,0.370248,971,19,
3,533,Overall,Overall,35,3,41,-2.5,-3.41173,0.96448,829,48,
3,534,Overall,Overall,35,3,41,-2.5,-3.161636,0.882124,842,44,
3,535,Overall,Overall,35,6,41,-1.5,-1.831038,0.559895,908,28,
3,536,Overall,Overall,35,29,41,2.5,2.398907,0.347902,1120,17,
3,537,Overall,Overall,35,5,41,-2.0,-2.023928,0.595876,899,30,
3,538,Overall,Overall,35,5,41,-2.0,-1.70561,0.535665,915,27,
3,539,Overall,Overall,35,12,41,0.0,-0.411799,0.351165,979,18,
3,540,Overall,Overall,35,4,41,-2.0,-2.009154,0.601616,900,30,
3,541,Overall,Overall,35,23,41,1.5,1.267199,0.299312,1063,15,
3,542,Overall,Overall,35,6,41,-2.0,-1.729686,0.538435,914,27,
3,543,Overall,Overall,35,16,41,1.0,0.458551,0.298172,1023,15,
3,544,Overall,Overall,35,11,41,-1.0,-0.725003,0.385146,964,19,
3,545,Overall,Overall,35,24,41,1.0,0.866347,0.299,1043,15,
3,546,Overall,Overall,35,6,41,-1.0,-1.831096,0.558947,908,28,
3,547,Overall,Overall,35,8,41,-1.0,-0.963262,0.419821,952,21,
3,548,Overall,Overall,35,7,41,-1.5,-1.43805,0.485678,928,24,
3,549,Overall,Overall,35,13,41,-0.5,-0.260563,0.337872,987,17,
3,550,Overall,Overall,35,9,41,-1.0,-0.945977,0.412608,953,21,
3,551,Overall,Overall,35,4,41,-3.0,-2.586435,0.72013,871,36,
3,552,Overall,Overall,35,6,41,-2.0,-2.133441,0.61816,893,31,
3,553,Overall,Overall,35,29,41,2.0,2.320888,0.343003,1116,17,
3,554,Overall,Overall,35,8,41,-1.0,-0.841051,0.402389,958,20,
3,555,Overall,Overall,35,5,41,-2.5,-2.087203,0.603724,896,30,
3,556,Overall,Overall,35,28,41,2.5,2.422425,0.349648,1121,17,
3,557,Overall,Overall,35,27,41,1.5,1.538408,0.318032,1077,16,
3,558,Overall,Overall,35,13,41,-0.5,-0.116392,0.326363,994,16,
3,559,Overall,Overall,35,30,41,3.0,2.878855,0.390009,1144,20,
3,560,Overall,Overall,35,6,41,-1.5,-1.921661,0.571855,904,29,
3,561,Overall,Overall,35,12,41,-0.5,-0.450363,0.356634,977,18,
3,562,Overall,Overall,35,23,41,2.0,2.228255,0.346806,1111,17,
3,563,Overall,Overall,35,9,41,-0.5,-0.743478,0.388762,963,19,
3,564,Overall,Overall,35,5,41,-1.5,-1.910719,0.574724,904,29,
3,565,Overall,Overall,35,32,41,3.0,2.619173,0.36908,1131,18,
3,566,Overall,Overall,35,5,41,-2.5,-1.922162,0.574568,904,29,
3,567,Overall,Overall,35,25,41,1.0,1.550876,0.307941,1078,15,
3,568,Overall,Overall,35,9,41,-1.0,-0.749087,0.388445,963,19,
3,569,Overall,Overall,35,6,41,-2.5,-1.894986,0.573793,905,29,
3,570,Overall,Overall,35,26,41,1.5,1.674192,0.317176,1084,16,
3,571,Overall,Overall,35,11,41,0.5,-0.399024,0.349528,980,17,
3,572,Overall,Overall,35,17,41,0.0,0.206342,0.306435,1010,15,
3,573,Overall,Overall,35,19,41,0.5,0.688221,0.298232,1034,15,
3,574,Overall,Overall,35,8,41,-1.5,-0.996854,0.419452,950,21,
3,575,Overall,Overall,35,9,41,-1.5,-0.862013,0.402565,957,20,
3,576,Overall,Overall,35,28,41,1.5,1.976923,0.330674,1099,17,
3,577,Overall,Overall,35,8,41,-0.5,-1.290921,0.462779,935,23,
3,578,Overall,Overall,35,6,41,-2.0,-1.85669,0.56174,907,28,
3,579,Overall,Overall,35,20,41,0.5,0.509687,0.297484,1025,15,
3,580,Overall,Overall,35,20,41,0.5,0.799439,0.294725,1040,15,
3,581,Overall,Overall,35,3,41,-3.0,-3.406567,0.950097,830,48,
3,582,Overall,Overall,35,35,41,2.5,3.042872,0.425675,1152,21,
3,583,Overall,Overall,35,25,41,2.0,1.964464,0.328856,1098,16,
3,584,Overall,Overall,35,8,41,-1.0,-1.058467,0.428615,947,21,
3,585,Overall,Overall,35,5,41,-2.5,-2.065757,0.609024,897,30,
3,586,Overall,Overall,35,30,41,3.0,2.521036,0.357498,1126,18,
3,587,Overall,Overall,35,27,41,1.5,1.422954,0.305761,1071,15,
3,588,Overall,Overall,35,17,41,0.5,0.774001,0.302497,1039,15,
3,589,Overall,Overall,35,10,41,-0.5,-0.515109,0.361531,974,18,
3,590,Overall,Overall,35,28,41,2.0,1.930232,0.327431,1097,16,
3,591,Overall,Overall,35,6,41,-2.0,-1.634642,0.525926,918,26,
3,592,Overall,Overall,35,20,41,0.5,0.449959,0.298812,1022,15,
3,593,Overall,Overall,35,11,41,-0.5,-0.070207,0.322231,996,16,
3,594,Overall,Overall,35,10,41,-0.5,-0.547121,0.365526,973,18,
3,595,Overall,Overall,35,4,41,-3.0,-2.398961,0.67819,880,34,
3,596,Overall,Overall,35,22,41,1.0,1.067139,0.298866,1053,15,
3,597,Overall,Overall,35,12,41,0.0,-0.217674,0.333394,989,17,
3,598,Overall,Overall,35,30,41,3.0,2.546228,0.359462,1127,18,
3,599,Overall,Overall,35,9,41,-1.0,-0.839012,0.399548,958,20,
3,600,Overall,Overall,35,31,41,2.5,2.642561,0.367846,1132,18,
3,601,Overall,Overall,35,8,41,-1.5,-1.113111,0.436691,944,22,
3,602,Overall,Overall,35,11,41,-0.5,-0.41833,0.353102,979,18,
3,603,Overall,Overall,35,16,41,-0.5,0.335239,0.308853,1017,15,
3,604,Overall,Overall,35,16,41,1.0,0.638567,0.305921,1032,15,
3,605,Overall,Overall,35,8,41,-1.5,-1.144923,0.440808,943,22,
3,606,Overall,Overall,35,4,41,-2.5,-2.448763,0.690938,878,35,
3,607,Overall,Overall,35,5,41,-1.5,-1.639435,0.526728,918,26,
3,608,Overall,Overall,35,21,41,1.0,1.213712,0.298314,1061,15,
3,609,Overall,Overall,35,17,41,0.5,0.506121,0.296653,1025,15,
3,610,Overall,Overall,35,32,41,2.5,2.754908,0.3814,1138,19,
3,611,Overall,Overall,35,6,41,-2.5,-1.520959,0.499641,924,25,
3,612,Overall,Overall,35,6,41,-2.0,-2.146228,0.61728,893,31,
3,613,Overall,Overall,35,26,41,2.0,1.800295,0.325573,1090,16,
3,614,Overall,Overall,35,17,41,0.5,0.428488,0.298616,1021,15,
3,615,Overall,Overall,35,27,41,2.5,2.749535,0.384629,1137,19,
3,616,Overall,Overall,35,6,41,-2.0,-1.551107,0.5043,922,25,
3,617,Overall,Overall,35,9,41,-0.5,-0.186242,0.332404,991,17,
3,618,Overall,Overall,35,29,41,3.0,2.719277,0.373288,1136,19,
3,619,Overall,Overall,35,5,41,-2.0,-2.246563,0.643621,888,32,
3,620,Overall,Overall,35,29,41,2.5,2.313498,0.34379,1116,17,
3,621,Overall,Overall,35,27,41,3.0,2.32142,0.343978,1116,17,
3,622,Overall,Overall,35,2,41,-1.5,-3.539744,0.994492,823,50,
3,623,Overall,Overall,35,20,41,1.5,1.086348,0.29759,1054,15,
3,624,Overall,Overall,35,26,41,2.0,2.146549,0.335038,1107,17,
3,625,Overall,Overall,35,13,41,0.0,-0.270695,0.347147,986,17,
3,626,Overall,Overall,35,11,41,-2.0,-0.537381,0.365385,973,18,
3,627,Overall,Overall,35,12,41,0.0,-0.163247,0.330023,992,17,
3,628,Overall,Overall,35,16,41,0.0,0.220456,0.305426,1011,15,
3,629,Overall,Overall,35,32,41,3.0,3.052723,0.415322,1153,21,
3,630,Overall,Overall,35,16,41,0.0,0.154742,0.313327,1008,16,
3,631,Overall,Overall,35,26,41,2.0,2.127646,0.334287,1106,17,
3,632,Overall,Overall,35,13,41,0.0,0.013314,0.31815,1001,16,
3,633,Overall,Overall,35,6,41,-2.0,-1.925178,0.575167,904,29,
3,634,Overall,Overall,35,12,41,-0.5,-0.616764,0.374991,969,19,
3,635,Overall,Overall,35,15,41,0.0,0.322141,0.301444,1016,15,
3,636,Overall,Overall,35,6,41,-1.5,-1.394196,0.479329,930,24,
3,637,Overall,Overall,35,30,41,2.0,2.588254,0.364673,1129,18,
3,638,Overall,Overall,35,25,41,1.5,1.037195,0.30041,1052,15,
3,639,Overall,Overall,35,7,41,-1.5,-1.374865,0.476176,931,24,
3,640,Overall,Overall,35,7,41,0.0,-0.802472,0.401574,960,20,
3,641,Overall,Overall,35,32,41,3.0,3.315979,0.458398,1166,23,
3,642,Overall,Overall,35,28,41,2.5,2.548321,0.359128,1127,18,
3,643,Overall,Overall,35,29,41,2.5,2.887377,0.391221,1144,20,
3,644,Overall,Overall,35,25,41,2.0,2.316013,0.349746,1116,17,
3,645,Overall,Overall,35,18,41,1.5,0.915046,0.302937,1046,15,
3,646,Overall,Overall,35,20,41,1.0,0.672274,0.29786,1034,15,
3,647,Overall,Overall,35,5,41,-2.0,-1.871136,0.571069,906,29,
3,648,Overall,Overall,35,4,41,-3.0,-2.65285,0.74021,867,37,
3,649,Overall,Overall,35,17,41,0.0,0.206092,0.309079,1010,15,
3,650,Overall,Overall,35,18,41,0.0,0.557274,0.296562,1028,15,
3,651,Overall,Overall,35,5,41,-2.0,-1.971419,0.58838,901,29,
3,652,Overall,Overall,35,22,41,2.0,1.762634,0.325472,1088,16,
3,653,Overall,Overall,35,12,41,-1.0,0.073045,0.314112,1004,16,
3,654,Overall,Overall,35,1,41,-3.0,-5.0,1.693564,750,85,
3,655,Overall,Overall,35,18,41,0.5,0.793909,0.29898,1040,15,
3,656,Overall,Overall,35,13,41,0.0,-0.108927,0.325885,995,16,
3,657,Overall,Overall,35,27,41,2.5,2.363254,0.348737,1118,17,
3,658,Overall,Overall,35,7,41,-1.0,-1.031455,0.431208,948,22,
3,659,Overall,Overall,35,21,41,2.0,1.786238,0.326964,1089,16,
3,660,Overall,Overall,35,8,41,-0.5,-0.660165,0.383778,967,19,
3,661,Overall,Overall,35,20,41,0.5,0.784441,0.29451,1039,15,
3,662,Overall,Overall,35,7,41,-1.5,-1.526795,0.504561,924,25,
3,663,Overall,Overall,35,5,41,-2.5,-1.903948,0.574724,905,29,
3,664,Overall,Overall,35,10,41,0.0,-0.319624,0.34406,984,17,
3,665,Overall,Overall,35,21,41,0.5,0.741999,0.294921,1037,15,
3,666,Overall,Overall,35,22,41,1.0,1.317625,0.299922,1066,15,
3,667,Overall,Overall,35,4,41,-3.0,-2.733792,0.753885,863,38,
3,668,Overall,Overall,35,3,41,-2.5,-3.171935,0.887158,841,44,
3,669,Overall,Overall,35,3,41,-2.0,-3.5813,1.003267,821,50,
3,670,Overall,Overall,35,7,41,-1.5,-1.202843,0.449274,940,22,
3,671,Overall,Overall,35,9,41,-1.0,-0.353931,0.348239,982,17,
3,672,Overall,Overall,35,25,41,1.5,1.562556,0.308118,1078,15,
3,673,Overall,Overall,35,11,41,-0.5,-0.706079,0.384986,965,19,
3,674,Overall,Overall,35,10,41,0.0,-0.276486,0.3384,986,17,
3,675,Overall,Overall,35,24,41,1.0,1.346738,0.300535,1067,15,
3,676,Overall,Overall,35,30,41,3.0,2.886345,0.390957,1144,20,
3,677,Overall,Overall,35,18,41,0.5,0.470305,0.301232,1024,15,
3,678,Overall,Overall,35,9,41,-0.5,-0.432249,0.352429,978,18,
3,679,Overall,Overall,35,22,41,2.0,1.34375,0.303299,1067,15,
3,680,Overall,Overall,35,29,41,2.5,2.408024,0.349872,1120,17,
3,681,Overall,Overall,35,5,41,-2.5,-2.260759,0.648105,887,32,
3,682,Overall,Overall,35,24,41,2.0,1.51232,0.307778,1076,15,
3,683,Overall,Overall,35,14,41,0.5,0.279618,0.311784,1014,16,
3,684,Overall,Overall,35,26,41,2.0,2.032645,0.333244,1102,17,
3,685,Overall,Overall,35,19,41,0.0,0.403464,0.304641,1020,15,
3,686,Overall,Overall,35,4,41,-2.0,-2.534184,0.701308,873,35,
3,687,Overall,Overall,35,33,41,3.0,2.982273,0.407488,1149,20,
3,688,Overall,Overall,35,2,41,-2.5,-3.762713,1.086893,812,54,
3,689,Overall,Overall,35,30,41,3.0,2.828025,0.388427,1141,19,
3,690,Overall,Overall,35,29,41,3.0,2.89973,0.398542,1145,20,
3,691,Overall,Overall,35,28,41,3.0,2.479556,0.353385,1124,18,
3,692,Overall,Overall,35,5,41,-3.0,-2.306926,0.658477,885,33,
3,693,Overall,Overall,35,10,41,-1.5,-0.923245,0.411986,954,21,
3,694,Overall,Overall,35,6,41,-1.5,-1.348081,0.472595,933,24,
3,695,Overall,Overall,35,11,41,-0.5,-0.206936,0.332701,990,17,
3,696,Overall,Overall,35,7,41,-1.0,-1.109613,0.439209,945,22,
3,697,Overall,Overall,35,25,41,2.0,1.96738,0.32711,1098,16,
3,698,Overall,Overall,35,27,41,2.0,2.318111,0.343614,1116,17,
3,699,Overall,Overall,35,28,41,2.5,2.5197,0.356139,1126,18,
3,700,Overall,Overall,35,9,41,-0.5,-0.558892,0.366174,972,18,
3,701,Overall,Overall,35,22,41,1.0,1.056787,0.298591,1053,15,
3,702,Overall,Overall,35,11,41,-1.0,-0.487784,0.361175,976,18,
3,703,Overall,Overall,35,12,41,-0.5,-0.306073,0.343854,985,17,
3,704,Overall,Overall,35,24,41,1.5,1.903987,0.32547,1095,16,
3,705,Overall,Overall,35,4,41,-2.0,-2.119747,0.615669,894,31,
3,706,Overall,Overall,35,10,41,-0.5,-0.745765,0.389614,963,19,
3,707,Overall,Overall,35,24,41,1.5,1.144946,0.30395,1057,15,
3,708,Overall,Overall,35,0,41,-3.0,-5.0,1.698252,750,85,
3,709,Overall,Overall,35,11,41,0.0,-0.231363,0.334838,988,17,
3,710,Overall,Overall,35,3,41,-2.0,-2.887455,0.794361,856,40,
3,711,Overall,Overall,35,3,41,-2.5,-2.883076,0.800652,856,40,
3,712,Overall,Overall,35,21,41,1.0,1.205739,0.298475,1060,15,
3,713,Overall,Overall,35,6,41,-1.5,-1.663651,0.526022,917,26,
3,714,Overall,Overall,35,15,41,0.5,0.222947,0.307876,1011,15,
3,715,Overall,Overall,35,10,41,-1.0,-0.792175,0.394521,960,20,
3,716,Overall,Overall,35,24,41,1.0,1.380329,0.301614,1069,15,
3,717,Overall,Overall,35,17,41,1.0,0.644219,0.295104,1032,15,
3,718,Overall,Overall,35,7,41,-0.5,-0.894285,0.412722,955,21,
3,719,Overall,Overall,35,11,41,0.0,-0.582091,0.369401,971,18,
3,720,Overall,Overall,35,28,41,1.5,1.539504,0.308528,1077,15,
3,721,Overall,Overall,35,4,41,-2.0,-2.801817,0.787626,860,39,
3,722,Overall,Overall,35,5,41,-2.5,-1.950891,0.581432,902,29,
3,723,Overall,Overall,35,7,41,-1.5,-1.215229,0.45247,939,23,
3,724,Overall,Overall,35,9,41,-1.0,-0.713615,0.384163,964,19,
3,725,Overall,Overall,35,16,41,0.0,0.135985,0.313469,1007,16,
3,726,Overall,Overall,35,27,41,1.5,1.826946,0.325044,1091,16,
3,727,Overall,Overall,35,25,41,1.5,1.594066,0.313439,1080,16,
3,728,Overall,Overall,35,1,41,-3.0,-5.0,1.671327,750,84,
3,729,Overall,Overall,35,28,41,3.0,2.632202,0.370835,1132,19,
3,730,Overall,Overall,35,26,41,1.0,1.644221,0.316987,1082,16,
3,731,Overall,Overall,35,14,41,0.0,-0.244696,0.341436,988,17,
3,732,Overall,Overall,35,6,41,-2.5,-1.888607,0.565059,906,28,
3,733,Overall,Overall,35,14,41,0.5,0.353568,0.300744,1018,15,
3,734,Overall,Overall,35,7,41,-2.0,-1.606847,0.520357,920,26,
3,735,Overall,Overall,35,5,41,-1.5,-1.939474,0.578023,903,29,
3,736,Overall,Overall,35,24,41,1.5,1.033708,0.299137,1052,15,
3,737,Overall,Overall,35,20,41,0.5,0.724749,0.295537,1036,15,
3,738,Overall,Overall,35,29,41,2.5,2.221655,0.350492,1111,18,
3,739,Overall,Overall,35,8,41,-1.5,-0.832225,0.402428,958,20,
3,740,Overall,Overall,35,4,41,-2.5,-2.698008,0.752011,865,38,
3,741,Overall,Overall,35,8,41,-1.0,-1.721485,0.537031,914,27,
3,742,Overall,Overall,35,12,41,-0.5,-0.414664,0.354308,979,18,
3,743,Overall,Overall,35,17,41,0.5,0.511141,0.296734,1026,15,
3,744,Overall,Overall,35,24,41,2.0,1.347972,0.301225,1067,15,
3,745,Overall,Overall,35,12,41,-0.5,-0.272502,0.338459,986,17,
3,746,Overall,Overall,35,5,41,-2.5,-2.143334,0.620711,893,31,
3,747,Overall,Overall,35,6,41,-3.0,-2.097489,0.606357,895,30,
3,748,Overall,Overall,35,7,41,-1.5,-1.68792,0.533923,916,27,
3,749,Overall,Overall,35,27,41,1.5,1.647649,0.31346,1082,16,
3,750,Overall,Overall,35,8,41,-1.0,-1.090463,0.432624,945,22,
3,751,Overall,Overall,35,25,41,1.5,2.022518,0.336093,1101,17,
3,752,Overall,Overall,35,24,41,2.0,1.721256,0.31994,1086,16,
3,753,Overall,Overall,35,29,41,2.5,2.562803,0.360746,1128,18,
3,754,Overall,Overall,35,7,41,-1.5,-1.299145,0.464605,935,23,
3,755,Overall,Overall,35,17,41,0.5,0.557419,0.301458,1028,15,
3,756,Overall,Overall,35,31,41,2.0,2.482976,0.356271,1124,18,
3,757,Overall,Overall,35,9,41,-1.5,-0.917372,0.411606,954,21,
3,758,Overall,Overall,35,1,41,-2.5,-4.804534,1.50479,760,75,
3,759,Overall,Overall,35,28,41,2.5,2.654625,0.370976,1133,19,
3,760,Overall,Overall,35,19,41,0.5,0.697513,0.294539,1035,15,
3,761,Overall,Overall,35,21,41,0.5,0.841943,0.29666,1042,15,
3,762,Overall,Overall,35,28,41,3.0,2.319417,0.344298,1116,17,
3,763,Overall,Overall,35,13,41,0.5,-0.244691,0.339232,988,17,
3,764,Overall,Overall,35,7,41,-1.0,-1.340504,0.470131,933,24,
3,765,Overall,Overall,35,20,41,1.5,0.846108,0.296628,1042,15,
3,766,Overall,Overall,35,13,41,0.0,0.097087,0.312363,1005,16,
3,767,Overall,Overall,35,7,41,-2.0,-1.636641,0.520002,918,26,
3,768,Overall,Overall,35,7,41,-1.5,-1.43493,0.486042,928,24,
3,769,Overall,Overall,35,13,41,0.0,-0.179056,0.331967,991,17,
3,770,Overall,Overall,35,7,41,-1.0,-0.606965,0.377974,970,19,
3,771,Overall,Overall,35,15,41,0.5,0.044254,0.314358,1002,16,
3,772,Overall,Overall,35,10,41,-1.0,-0.576392,0.367784,971,18,
3,773,Overall,Overall,35,31,41,2.0,2.648796,0.371923,1132,19,
3,774,Overall,Overall,35,25,41,1.5,1.987423,0.328214,1099,16,
3,775,Overall,Overall,35,19,41,0.5,0.532878,0.296514,1027,15,
3,776,Overall,Overall,35,28,41,2.5,2.565116,0.36044,1128,18,
3,777,Overall,Overall,35,25,41,1.0,1.168474,0.302821,1058,15,
3,778,Overall,Overall,35,14,41,0.5,0.178974,0.30706,1009,15,
3,779,Overall,Overall,35,27,41,3.0,2.652612,0.371023,1133,19,
3,780,Overall,Overall,35,33,41,3.0,3.063708,0.41703,1153,21,
3,781,Overall,Overall,35,28,41,2.5,2.063623,0.340276,1103,17,
3,782,Overall,Overall,35,3,41,-3.0,-2.912907,0.810628,854,41,
3,783,Overall,Overall,35,26,41,1.5,1.603394,0.308941,1080,15,
3,784,Overall,Overall,35,11,41,-1.0,-0.419809,0.354297,979,18,
3,785,Overall,Overall,35,10,41,-1.0,-0.608782,0.372459,970,19,
3,786,Overall,Overall,35,20,41,0.5,0.596152,0.296897,1030,15,
3,787,Overall,Overall,35,31,41,3.0,3.059251,0.416483,1153,21,
3,788,Overall,Overall,35,7,41,-1.5,-1.339923,0.471398,933,24,
3,789,Overall,Overall,35,2,41,-2.5,-3.799627,1.101552,810,55,
3,790,Overall,Overall,35,22,41,1.5,1.292287,0.299764,1065,15,
3,791,Overall,Overall,35,17,41,1.0,0.689627,0.298415,1034,15,
3,792,Overall,Overall,35,2,41,-2.0,-3.280136,0.910235,836,46,
3,793,Overall,Overall,35,31,41,3.0,3.020054,0.411505,1151,21,
3,794,Overall,Overall,35,25,41,2.5,2.152804,0.335435,1108,17,
3,795,Overall,Overall,35,0,41,-3.0,-5.0,1.669858,750,83,
3,796,Overall,Overall,35,19,41,1.0,0.912853,0.297792,1046,15,
3,797,Overall,Overall,35,20,41,1.0,0.727721,0.29545,1036,15,
3,798,Overall,Overall,35,10,41,0.0,-0.588518,0.369444,971,18,
3,799,Overall,Overall,35,6,41,-1.5,-1.936718,0.578636,903,29,
3,800,Overall,Overall,35,29,41,2.5,2.47564,0.353458,1124,18,
3,801,Overall,Overall,35,5,41,-2.0,-2.064877,0.60676,897,30,
3,802,Overall,Overall,35,19,41,1.0,0.619756,0.295258,1031,15,
3,803,Overall,Overall,35,3,41,-3.0,-3.008389,0.822882,850,41,
3,804,Overall,Overall,35,10,41,-1.0,-0.554016,0.368897,972,18,
3,805,Overall,Overall,35,28,41,2.5,2.432377,0.350063,1122,18,
3,806,Overall,Overall,35,24,41,1.5,1.513038,0.305452,1076,15,
3,807,Overall,Overall,35,6,41,-3.0,-1.715325,0.533696,914,27,
3,808,Overall,Overall,35,10,41,-0.5,-0.643206,0.376807,968,19,
3,809,Overall,Overall,35,24,41,1.5,1.276767,0.300352,1064,15,
3,810,Overall,Overall,35,0,41,-3.0,-5.0,1.693383,750,85,
3,811,Overall,Overall,35,5,41,-2.0,-1.821348,0.555344,909,28,
3,812,Overall,Overall,35,5,41,-2.5,-1.991438,0.590969,900,30,
3,813,Overall,Overall,35,31,41,2.5,2.455207,0.35345,1123,18,
3,814,Overall,Overall,35,28,41,2.5,2.681487,0.373552,1134,19,
3,815,Overall,Overall,35,24,41,1.5,1.922562,0.326553,1096,16,
3,816,Overall,Overall,35,4,41,-2.5,-2.266912,0.643622,887,32,
3,817,Overall,Overall,35,9,41,-1.0,-0.719339,0.385935,964,19,
3,818,Overall,Overall,35,3,41,-3.0,-3.56757,1.011169,822,51,
3,819,Overall,Overall,35,30,41,2.5,3.090957,0.418622,1155,21,
3,820,Overall,Overall,35,28,41,1.0,1.898523,0.325343,1095,16,
3,821,Overall,Overall,35,8,41,-1.0,-1.201191,0.451571,940,23,
3,822,Overall,Overall,35,5,41,-2.5,-2.096786,0.615354,895,31,
3,823,Overall,Overall,35,33,41,3.0,3.545675,0.487277,1177,24,
3,824,Overall,Overall,35,4,41,-3.0,-2.475904,0.698433,876,35,
3,825,Overall,Overall,35,22,41,1.0,0.851899,0.300826,1043,15,
3,826,Overall,Overall,35,14,41,0.0,0.21822,0.30608,1011,15,
3,827,Overall,Overall,35,10,41,-1.0,-0.640552,0.376641,968,19,
3,828,Overall,Overall,35,13,41,0.0,-0.055841,0.322185,997,16,
3,829,Overall,Overall,35,32,41,3.0,2.994867,0.408893,1150,20,
3,830,Overall,Overall,35,3,41,-3.0,-2.674912,0.751039,866,38,
3,831,Overall,Overall,35,29,41,3.0,2.560871,0.359532,1128,18,
3,832,Overall,Overall,35,5,41,-2.5,-2.264691,0.647609,887,32,
3,833,Overall,Overall,35,7,41,-2.0,-1.273287,0.469767,936,23,
3,834,Overall,Overall,35,4,41,-3.0,-2.69114,0.738853,865,37,
3,835,Overall,Overall,35,3,41,-2.5,-3.215222,0.884859,839,44,
3,836,Overall,Overall,35,6,41,-2.0,-1.499174,0.498335,925,25,
3,837,Overall,Overall,35,31,41,2.5,2.653584,0.368405,1133,18,
3,838,Overall,Overall,35,10,41,-1.0,-0.612972,0.374597,969,19,
3,839,Overall,Overall,35,13,41,0.0,0.216729,0.306367,1011,15,
3,840,Overall,Overall,35,7,41,-1.5,-1.258532,0.459766,937,23,
3,841,Overall,Overall,35,28,41,2.5,2.039747,0.335018,1102,17,
3,842,Overall,Overall,35,21,41,1.0,1.01829,0.297492,1051,15,
3,843,Overall,Overall,35,4,41,-2.0,-2.468249,0.688628,877,34,
3,844,Overall,Overall,35,29,41,2.0,1.935442,0.327834,1097,16,
3,845,Overall,Overall,35,4,41,-2.5,-2.911283,0.809425,854,40,
3,846,Overall,Overall,35,6,41,-1.0,-1.378017,0.47988,931,24,
3,847,Overall,Overall,35,4,41,-2.0,-1.73903,0.55356,913,28,
3,848,Overall,Overall,35,2,41,-3.0,-4.024664,1.188774,799,59,
3,849,Overall,Overall,35,2,41,-2.5,-4.023784,1.169303,799,58,
3,850,Overall,Overall,35,2,41,-2.5,-3.714391,1.054304,814,53,
3,851,Overall,Overall,35,9,41,-1.0,-0.781533,0.393628,961,20,
3,852,Overall,Overall,35,2,41,-3.0,-3.404011,0.948586,830,47,
3,853,Overall,Overall,35,22,41,1.5,1.303167,0.299976,1065,15,
3,854,Overall,Overall,35,11,41,0.5,-0.161581,0.330968,992,17,
3,855,Overall,Overall,35,8,41,-1.5,-1.085604,0.431922,946,22,
3,856,Overall,Overall,35,12,41,0.0,0.062167,0.314121,1003,16,
3,857,Overall,Overall,35,8,41,-1.0,-1.251642,0.464751,937,23,
3,858,Overall,Overall,35,5,41,-2.5,-2.511327,0.695858,874,35,
3,859,Overall,Overall,35,19,41,1.0,0.738089,0.294637,1037,15,
3,860,Overall,Overall,35,10,41,-0.5,-0.426938,0.35188,979,18,
3,861,Overall,Overall,35,27,41,2.0,1.735686,0.316887,1087,16,
3,862,Overall,Overall,35,6,41,-3.0,-2.056915,0.597789,897,30,
3,863,Overall,Overall,35,11,41,-0.5,-0.371634,0.351242,981,18,
3,864,Overall,Overall,35,5,41,-3.0,-2.139384,0.614178,893,31,
3,865,Overall,Overall,35,5,41,-2.0,-2.389174,0.668688,881,33,
3,866,Overall,Overall,35,21,41,1.0,0.915996,0.296065,1046,15,
3,867,Overall,Overall,35,4,41,-2.5,-2.762773,0.769028,862,38,
3,868,Overall,Overall,35,5,41,-1.5,-1.720906,0.542826,914,27,
3,869,Overall,Overall,35,3,41,-3.0,-3.57135,1.025802,821,51,
3,870,Overall,Overall,35,11,41,-0.5,-0.397329,0.349846,980,17,
3,871,Overall,Overall,35,2,41,-3.0,-3.281913,0.91032,836,46,
3,872,Overall,Overall,35,27,41,2.5,1.843503,0.321958,1092,16,
3,873,Overall,Overall,35,20,41,0.5,0.687558,0.294927,1034,15,
3,874,Overall,Overall,35,34,41,3.0,3.858545,0.530558,1193,27,
3,875,Overall,Overall,35,25,41,1.0,1.1415,0.300941,1057,15,
3,876,Overall,Overall,35,33,41,3.0,3.447648,0.480539,1172,24,
3,877,Overall,Overall,35,5,41,-2.5,-2.050426,0.604964,897,30,
3,878,Overall,Overall,35,3,41,-3.0,-2.885545,0.802516,856,40,
3,879,Overall,Overall,35,2,41,-2.5,-2.613172,0.745417,869,37,
3,880,Overall,Overall,35,8,41,-0.5,-0.714323,0.385259,964,19,
3,881,Overall,Overall,35,20,41,1.0,1.217543,0.301936,1061,15,
3,882,Overall,Overall,35,33,41,2.5,2.768357,0.381892,1138,19,
3,883,Overall,Overall,35,7,41,-2.0,-1.515387,0.505772,924,25,
3,884,Overall,Overall,35,31,41,3.0,3.034071,0.407357,1152,20,
3,885,Overall,Overall,35,9,41,-0.5,-0.393801,0.351793,980,18,
3,886,Overall,Overall,35,31,41,2.5,2.583001,0.363104,1129,18,
3,887,Overall,Overall,35,24,41,1.0,1.344814,0.30795,1067,15,
3,888,Overall,Overall,35,3,41,-3.0,-2.949156,0.81409,853,41,
3,889,Overall,Overall,35,0,41,-3.0,-5.0,1.669858,750,83,
3,890,Overall,Overall,35,24,41,1.0,1.473356,0.304307,1074,15,
3,891,Overall,Overall,35,19,41,1.0,1.032642,0.30617,1052,15,
3,892,Overall,Overall,35,4,41,-2.5,-2.395585,0.671883,880,34,
3,893,Overall,Overall,35,27,41,1.5,1.694597,0.313687,1085,16,
3,894,Overall,Overall,35,31,41,1.5,1.780227,0.346002,1089,17,
3,895,Overall,Overall,35,7,41,-1.5,-1.543344,0.504125,923,25,
3,896,Overall,Overall,35,17,41,0.5,0.527022,0.296927,1026,15,
3,897,Overall,Overall,35,19,41,1.0,0.860746,0.29692,1043,15,
3,898,Overall,Overall,35,8,41,-1.0,-1.061146,0.428792,947,21,
3,899,Overall,Overall,35,31,41,2.5,2.559395,0.361477,1128,18,
3,900,Overall,Overall,35,6,41,-1.5,-1.584694,0.519363,921,26,
3,901,Overall,Overall,35,14,41,-0.5,0.014765,0.32227,1001,16,
3,902,Overall,Overall,35,30,41,3.0,3.423692,0.481668,1171,24,
3,903,Overall,Overall,35,26,41,1.5,1.448577,0.304604,1072,15,
3,904,Overall,Overall,35,6,41,-2.0,-1.696824,0.530297,915,27,
3,905,Overall,Overall,35,20,41,1.0,0.797288,0.298828,1040,15,
3,906,Overall,Overall,35,20,41,1.0,0.883809,0.296286,1044,15,
3,907,Overall,Overall,35,4,41,-3.0,-3.032127,0.845532,848,42,
3,908,Overall,Overall,35,26,41,1.5,1.471148,0.306383,1074,15,
3,909,Overall,Overall,35,25,41,2.0,1.891521,0.324664,1095,16,
3,910,Overall,Overall,35,9,41,-1.5,-0.965064,0.415847,952,21,
3,911,Overall,Overall,35,25,41,1.5,1.583034,0.308499,1079,15,
3,912,Overall,Overall,35,29,41,2.5,3.024023,0.414069,1151,21,
3,913,Overall,Overall,35,3,41,-3.0,-2.991787,0.832828,850,42,
3,914,Overall,Overall,35,11,41,-0.5,-0.79998,0.395371,960,20,
3,915,Overall,Overall,35,14,41,0.0,-0.040567,0.32561,998,16,
3,916,Overall,Overall,35,20,41,0.5,1.046038,0.301742,1052,15,
3,917,Overall,Overall,35,23,41,2.0,1.856075,0.325081,1093,16,
3,918,Overall,Overall,35,9,41,-2.0,-1.06334,0.430251,947,22,
3,919,Overall,Overall,35,7,41,-1.0,-1.440308,0.489947,928,24,
3,920,Overall,Overall,35,2,41,-3.0,-3.847741,1.120014,808,56,
3,921,Overall,Overall,35,17,41,0.5,0.462533,0.297455,1023,15,
3,922,Overall,Overall,35,4,41,-2.5,-2.609132,0.72962,870,36,
3,923,Overall,Overall,35,5,41,-2.0,-2.014957,0.597132,899,30,
3,924,Overall,Overall,35,27,41,2.0,1.984749,0.32814,1099,16,
3,925,Overall,Overall,35,3,41,-2.0,-2.751362,0.76546,862,38,
3,926,Overall,Overall,35,30,41,3.0,2.89444,0.39551,1145,20,
3,927,Overall,Overall,35,5,41,-2.0,-2.340822,0.664604,883,33,
3,928,Overall,Overall,35,18,41,0.0,0.426543,0.299378,1021,15,
3,929,Overall,Overall,35,4,41,-2.5,-2.555696,0.721373,872,36,
3,930,Overall,Overall,35,7,41,-2.5,-1.365291,0.47577,932,24,
3,931,Overall,Overall,35,16,41,0.0,0.330301,0.302794,1017,15,
3,932,Overall,Overall,35,14,41,0.0,0.172904,0.308318,1009,15,
3,933,Overall,Overall,35,29,41,2.5,2.874948,0.3957,1144,20,
3,934,Overall,Overall,35,14,41,0.5,0.047675,0.316014,1002,16,
3,935,Overall,Overall,35,31,41,3.0,2.671317,0.370728,1134,19,
3,936,Overall,Overall,35,14,41,-0.5,-0.232547,0.336832,988,17,
3,937,Overall,Overall,35,7,41,-2.5,-1.437762,0.487656,928,24,
3,938,Overall,Overall,35,2,41,-2.5,-3.983869,1.169111,801,58,
3,939,Overall,Overall,35,5,41,-2.0,-1.913606,0.575519,904,29,
3,940,Overall,Overall,35,8,41,-1.0,-0.627751,0.37492,969,19,
3,941,Overall,Overall,35,19,41,0.5,0.541667,0.296395,1027,15,
3,942,Overall,Overall,35,8,41,-2.0,-1.644657,0.526221,918,26,
3,943,Overall,Overall,35,6,41,-3.0,-2.130728,0.614122,893,31,
3,944,Overall,Overall,35,7,41,-2.0,-1.393346,0.479151,930,24,
3,945,Overall,Overall,35,8,41,-2.0,-1.206746,0.450304,940,23,
3,946,Overall,Overall,35,4,41,-2.5,-2.712787,0.755855,864,38,
3,947,Overall,Overall,35,7,41,-1.5,-1.310125,0.468758,934,23,
3,948,Overall,Overall,35,6,41,-1.5,-1.660136,0.525369,917,26,
3,949,Overall,Overall,35,0,41,-3.0,-5.0,1.669858,750,83,
3,950,Overall,Overall,35,3,41,-2.5,-3.140027,0.87726,843,44,
3,951,Overall,Overall,35,16,41,0.0,0.283345,0.302776,1014,15,
3,952,Overall,Overall,35,18,41,0.5,0.70159,0.294531,1035,15,
3,953,Overall,Overall,35,6,41,-2.5,-1.702064,0.533046,915,27,
3,954,Overall,Overall,35,6,41,-1.0,-1.634182,0.525734,918,26,
3,955,Overall,Overall,35,4,41,-3.0,-2.284948,0.655514,886,33,
3,956,Overall,Overall,35,9,41,-1.0,-0.923461,0.411314,954,21,
3,957,Overall,Overall,35,23,41,1.0,0.995778,0.299454,1050,15,
3,958,Overall,Overall,35,11,41,0.0,-0.420183,0.351952,979,18,
3,959,Overall,Overall,35,17,41,1.0,0.83786,0.310315,1042,16,
3,960,Overall,Overall,35,26,41,1.5,1.706023,0.31425,1085,16,
3,961,Overall,Overall,35,22,41,1.0,1.091157,0.29952,1055,15,
3,962,Overall,Overall,35,28,41,2.5,2.239945,0.338671,1112,17,
3,963,Overall,Overall,35,26,41,1.5,1.630854,0.310673,1082,16,
3,964,Overall,Overall,35,29,41,2.5,2.295218,0.343628,1115,17,
3,965,Overall,Overall,35,0,41,-2.5,-5.0,1.669858,750,83,
3,966,Overall,Overall,35,8,41,-1.0,-1.123062,0.438305,944,22,
3,967,Overall,Overall,35,29,41,2.0,2.352869,0.345454,1118,17,
3,968,Overall,Overall,35,19,41,0.5,0.674955,0.294959,1034,15,
3,969,Overall,Overall,35,11,41,0.0,-0.414599,0.350665,979,18,
3,970,Overall,Overall,35,12,41,0.5,0.145533,0.311298,1007,16,
3,971,Overall,Overall,35,20,41,1.5,1.211177,0.302158,1061,15,
3,972,Overall,Overall,35,28,41,2.0,2.028493,0.33717,1101,17,
3,973,Overall,Overall,35,31,41,2.5,2.750283,0.378781,1138,19,
3,974,Overall,Overall,35,10,41,-0.5,-0.36465,0.347131,982,17,
3,975,Overall,Overall,35,19,41,1.0,0.681862,0.296075,1034,15,
3,976,Overall,Overall,35,10,41,0.0,-0.192139,0.333776,990,17,
3,977,Overall,Overall,35,20,41,0.5,1.018301,0.296764,1051,15,
3,978,Overall,Overall,35,19,41,1.0,0.818865,0.294584,1041,15,
3,979,Overall,Overall,35,6,41,-0.5,-1.748097,0.53937,913,27,
3,980,Overall,Overall,35,5,41,-1.0,-2.212073,0.635684,889,32,
3,981,Overall,Overall,35,18,41,0.5,0.664185,0.294566,1033,15,
3,982,Overall,Overall,35,5,41,-3.0,-2.49687,0.69254,875,35,
3,983,Overall,Overall,35,6,41,-1.0,-1.696923,0.536314,915,27,
3,984,Overall,Overall,35,4,41,-2.5,-2.642846,0.733698,868,37,
3,985,Overall,Overall,35,4,41,-2.0,-1.987087,0.590336,901,30,
3,986,Overall,Overall,35,3,41,-2.0,-3.166436,0.885443,842,44,
3,987,Overall,Overall,35,14,41,0.0,0.002857,0.320972,1000,16,
3,988,Overall,Overall,35,0,41,-2.5,-5.0,1.693383,750,85,
3,989,Overall,Overall,35,5,41,-2.5,-2.176295,0.62981,891,31,
3,990,Overall,Overall,35,31,41,2.5,3.453917,0.479356,1173,24,
3,991,Overall,Overall,35,6,41,-2.5,-1.49682,0.500282,925,25,
3,992,Overall,Overall,35,28,41,2.5,2.138289,0.334414,1107,17,
3,993,Overall,Overall,35,24,41,2.5,2.220214,0.342413,1111,17,
3,994,Overall,Overall,35,21,41,1.5,1.24075,0.300174,1062,15,
3,995,Overall,Overall,35,25,41,1.5,1.785817,0.320199,1089,16,
3,996,Overall,Overall,35,3,41,-3.0,-2.872736,0.789555,856,39,
3,997,Overall,Overall,35,22,41,1.5,1.283875,0.299272,1064,15,
3,998,Overall,Overall,35,9,41,0.0,-0.470709,0.357946,976,18,
3,999,Overall,Overall,35,9,41,-1.0,-0.974802,0.416858,951,21,
3,1000,Overall,Overall,35,33,41,3.0,3.967349,0.535363,1198,27,
3,1001,Overall,Overall,35,11,41,-1.0,-0.683087,0.383207,966,19,
3,1002,Overall,Overall,35,20,41,1.5,1.183498,0.301901,1059,15,
3,1003,Overall,Overall,35,15,41,-0.5,0.022725,0.315802,1001,16,
3,1004,Overall,Overall,35,12,41,-0.5,-0.374228,0.346791,981,17,
3,1005,Overall,Overall,35,29,41,1.5,2.065162,0.336366,1103,17,
3,1006,Overall,Overall,35,15,41,0.5,0.356732,0.30064,1018,15,
3,1007,Overall,Overall,35,27,41,2.0,1.873326,0.323402,1094,16,
3,1008,Overall,Overall,35,24,41,1.5,1.28087,0.300446,1064,15,
3,1009,Overall,Overall,35,14,41,0.0,-0.007673,0.319172,1000,16,
3,1010,Overall,Overall,35,31,41,2.5,2.706219,0.3739,1135,19,
3,1011,Overall,Overall,35,2,41,-3.0,-3.624689,1.010457,819,51,
3,1012,Overall,Overall,35,1,41,-3.0,-4.769617,1.507438,762,75,
3,1013,Overall,Overall,35,3,41,-2.5,-2.925684,0.817428,854,41,
3,1014,Overall,Overall,35,31,41,3.0,3.661589,0.50552,1183,25,
3,1015,Overall,Overall,35,29,41,2.5,2.696313,0.376856,1135,19,
3,1016,Overall,Overall,35,5,41,-2.0,-1.93735,0.581279,903,29,
3,1017,Overall,Overall,35,8,41,-1.5,-0.906079,0.40848,955,20,
3,1018,Overall,Overall,35,6,41,-1.5,-2.127385,0.620151,894,31,
3,1019,Overall,Overall,35,10,41,-0.5,-0.48067,0.358102,976,18,
3,1020,Overall,Overall,35,16,41,0.5,0.533917,0.302008,1027,15,
3,1021,Overall,Overall,35,16,41,0.5,0.474135,0.30355,1024,15,
3,1022,Overall,Overall,35,6,41,-2.0,-1.523717,0.501549,924,25,
3,1023,Overall,Overall,35,16,41,0.5,0.55445,0.296476,1028,15,
3,1024,Overall,Overall,35,6,41,-2.0,-1.636324,0.52099,918,26,
3,1025,Overall,Overall,35,6,41,-1.0,-1.726725,0.535453,914,27,
3,1026,Overall,Overall,35,23,41,2.0,1.430865,0.307453,1072,15,
3,1027,Overall,Overall,35,8,41,-1.5,-1.130487,0.438487,943,22,
3,1028,Overall,Overall,35,28,41,2.0,2.369028,0.346666,1118,17,
3,1029,Overall,Overall,35,30,41,2.5,2.961589,0.404562,1148,20,
3,1030,Overall,Overall,35,28,41,2.5,2.346168,0.344524,1117,17,
3,1031,Overall,Overall,35,29,41,2.0,1.878174,0.324078,1094,16,
3,1032,Overall,Overall,35,30,41,2.5,2.490125,0.354496,1125,18,
3,1033,Overall,Overall,35,26,41,1.5,1.492005,0.304695,1075,15,
3,1034,Overall,Overall,35,10,41,-0.5,-0.5406,0.370856,973,19,
3,1035,Overall,Overall,35,25,41,2.0,1.489991,0.304694,1074,15,
3,1036,Overall,Overall,35,17,41,0.5,0.416781,0.299163,1021,15,
3,1037,Overall,Overall,35,29,41,2.5,2.270438,0.340634,1114,17,
3,1038,Overall,Overall,35,3,41,-3.0,-2.903692,0.807605,855,40,
3,1039,Overall,Overall,35,5,41,-2.5,-1.824861,0.557797,909,28,
3,1040,Overall,Overall,35,14,41,0.0,0.141228,0.308886,1007,15,
3,1041,Overall,Overall,35,12,41,-0.5,-0.016336,0.318492,999,16,
3,1042,Overall,Overall,35,4,41,-2.5,-3.054666,0.857662,847,43,
3,1043,Overall,Overall,35,34,41,3.0,3.236369,0.443467,1162,22,
3,1044,Overall,Overall,35,19,41,0.0,0.608527,0.299287,1030,15,
3,1045,Overall,Overall,35,22,41,1.5,1.359359,0.30327,1068,15,
3,1046,Overall,Overall,35,9,41,-1.0,-0.372466,0.351974,981,18,
3,1047,Overall,Overall,35,12,41,0.0,-0.112294,0.324746,994,16,
3,1048,Overall,Overall,35,25,41,2.5,2.073531,0.332982,1104,17,
3,1049,Overall,Overall,35,24,41,2.0,1.453449,0.30398,1073,15,
3,1050,Overall,Overall,35,33,41,2.5,3.39413,0.466004,1170,23,
3,1051,Overall,Overall,35,28,41,2.0,2.310141,0.343239,1116,17,
3,1052,Overall,Overall,35,14,41,0.5,0.114945,0.310291,1006,16,
3,1053,Overall,Overall,35,2,41,-2.5,-3.942339,1.157209,803,58,
3,1054,Overall,Overall,35,13,41,0.0,-0.15577,0.329161,992,16,
3,1055,Overall,Overall,35,32,41,3.0,3.162104,0.428158,1158,21,
3,1056,Overall,Overall,35,3,41,-3.0,-3.277916,0.917305,836,46,
3,1057,Overall,Overall,35,27,41,2.0,1.671579,0.314201,1084,16,
3,1058,Overall,Overall,35,9,41,-0.5,-0.597369,0.370964,970,19,
3,1059,Overall,Overall,35,3,41,-3.0,-3.201069,0.89321,840,45,
3,1060,Overall,Overall,35,13,41,-0.5,-0.295786,0.341239,985,17,
3,1061,Overall,Overall,35,31,41,2.5,2.693957,0.373518,1135,19,
3,1062,Overall,Overall,35,3,41,-2.0,-2.834896,0.789313,858,39,
3,1063,Overall,Overall,35,5,41,-3.0,-2.322311,0.666083,884,33,
3,1064,Overall,Overall,35,5,41,-3.0,-2.150777,0.624466,892,31,
3,1065,Overall,Overall,35,7,41,-3.0,-1.462533,0.492639,927,25,
3,1066,Overall,Overall,35,18,41,0.0,0.369692,0.304604,1018,15,
3,1067,Overall,Overall,35,31,41,2.5,2.99444,0.404719,1150,20,
3,1068,Overall,Overall,35,9,41,0.0,-0.863424,0.403186,957,20,
3,1069,Overall,Overall,35,1,41,-2.5,-5.0,1.63121,750,82,
3,1070,Overall,Overall,35,15,41,0.5,0.297319,0.31143,1015,16,
3,1071,Overall,Overall,35,16,41,1.0,0.285518,0.30325,1014,15,
3,1072,Overall,Overall,35,5,41,-2.0,-1.9206,0.571198,904,29,
3,1073,Overall,Overall,35,11,41,-0.5,-0.323292,0.345355,984,17,
3,1074,Overall,Overall,35,30,41,3.0,2.884249,0.393867,1144,20,
3,1075,Overall,Overall,35,32,41,3.0,3.068704,0.418766,1153,21,
3,1076,Overall,Overall,35,1,41,-3.0,-5.0,1.581585,750,79,
3,1077,Overall,Overall,35,6,41,-1.5,-1.604462,0.515438,920,26,
3,1078,Overall,Overall,35,5,41,-2.0,-2.070421,0.60563,896,30,
3,1079,Overall,Overall,35,33,41,3.0,2.575695,0.366282,1129,18,
3,1080,Overall,Overall,35,14,41,0.0,0.221404,0.305935,1011,15,
3,1081,Overall,Overall,35,5,41,-1.5,-1.724022,0.539323,914,27,
3,1082,Overall,Overall,35,21,41,1.0,1.030143,0.296165,1052,15,
3,1083,Overall,Overall,35,30,41,3.0,3.155992,0.42599,1158,21,
3,1084,Overall,Overall,35,9,41,-1.0,-0.668111,0.380002,967,19,
3,1085,Overall,Overall,35,5,41,-3.0,-1.843452,0.559237,908,28,
3,1086,Overall,Overall,35,27,41,1.5,2.01721,0.329042,1101,16,
3,1087,Overall,Overall,35,32,41,3.0,3.119807,0.426007,1156,21,
3,1088,Overall,Overall,35,5,41,-2.5,-2.200334,0.626919,890,31,
3,1089,Overall,Overall,35,18,41,0.0,0.294023,0.303231,1015,15,
3,1090,Overall,Overall,35,28,41,1.5,2.496534,0.354581,1125,18,
3,1091,Overall,Overall,35,6,41,-2.0,-1.831352,0.556879,908,28,
3,1092,Overall,Overall,35,14,41,0.5,0.209225,0.306889,1010,15,
3,1093,Overall,Overall,35,4,41,-3.0,-2.675517,0.739931,866,37,
3,1094,Overall,Overall,35,10,41,-1.0,-0.661489,0.380939,967,19,
3,1095,Overall,Overall,35,26,41,2.5,2.120313,0.333668,1106,17,
3,1096,Overall,Overall,35,17,41,0.5,0.451471,0.299403,1023,15,
3,1097,Overall,Overall,35,19,41,0.0,0.685045,0.295415,1034,15,
3,1098,Overall,Overall,35,2,41,-2.0,-3.733894,1.068657,813,53,
3,1099,Overall,Overall,35,9,41,-0.5,-0.612959,0.375073,969,19,
3,1100,Overall,Overall,35,4,41,-2.0,-2.948154,0.821144,853,41,
3,1101,Overall,Overall,35,11,41,-0.5,-0.7492,0.390391,963,20,
3,1102,Overall,Overall,35,6,41,-1.5,-1.663031,0.529101,917,26,
3,1103,Overall,Overall,35,18,41,0.5,0.683275,0.295672,1034,15,
3,1104,Overall,Overall,35,30,41,3.0,3.373353,0.469229,1169,23,
3,1105,Overall,Overall,35,3,41,-2.5,-2.67997,0.736691,866,37,
3,1106,Overall,Overall,35,13,41,-0.5,-0.065011,0.321876,997,16,
3,1107,Overall,Overall,35,29,41,2.5,2.653537,0.367684,1133,18,
3,1108,Overall,Overall,35,6,41,-1.5,-2.004464,0.58776,900,29,
3,1109,Overall,Overall,35,3,41,-3.0,-3.197346,0.895126,840,45,
3,1110,Overall,Overall,35,8,41,-1.5,-1.305666,0.464751,935,23,
3,1111,Overall,Overall,35,27,41,2.0,1.72086,0.315205,1086,16,
3,1112,Overall,Overall,35,2,41,-1.5,-3.600653,1.022752,820,51,
3,1113,Overall,Overall,35,23,41,1.0,1.267205,0.298956,1063,15,
3,1114,Overall,Overall,35,19,41,1.0,0.758385,0.294376,1038,15,
3,1115,Overall,Overall,35,9,41,-0.5,-0.751275,0.39112,962,20,
3,1116,Overall,Overall,35,29,41,2.5,2.404987,0.348335,1120,17,
3,1117,Overall,Overall,35,28,41,3.0,2.41775,0.349783,1121,17,
3,1118,Overall,Overall,35,7,41,-1.0,-1.360989,0.474125,932,24,
3,1119,Overall,Overall,35,24,41,2.0,1.872616,0.325151,1094,16,
3,1120,Overall,Overall,35,23,41,1.0,1.295886,0.299511,1065,15,
3,1121,Overall,Overall,35,29,41,2.5,2.964719,0.40513,1148,20,
3,1122,Overall,Overall,35,11,41,-0.5,-0.326472,0.343322,984,17,
3,1123,Overall,Overall,35,3,41,-3.0,-2.958875,0.823303,852,41,
3,1124,Overall,Overall,35,29,41,2.0,2.401137,0.349298,1120,17,
3,1125,Overall,Overall,35,16,41,0.5,0.581519,0.295965,1029,15,
3,1126,Overall,Overall,35,23,41,2.0,1.630424,0.317899,1082,16,
3,1127,Overall,Overall,35,22,41,1.5,1.7413,0.32139,1087,16,
3,1128,Overall,Overall,35,33,41,3.0,3.167273,0.428043,1158,21,
3,1129,Overall,Overall,35,7,41,-2.0,-1.483744,0.49329,926,25,
3,1130,Overall,Overall,35,31,41,3.0,2.888331,0.39666,1144,20,
3,1131,Overall,Overall,35,33,41,3.0,3.378876,0.467157,1169,23,
3,1132,Overall,Overall,35,19,41,0.5,0.636503,0.297162,1032,15,
3,1133,Overall,Overall,35,28,41,2.5,2.826993,0.394648,1141,20,
3,1134,Overall,Overall,35,9,41,-1.5,-1.019602,0.423102,949,21,
3,1135,Overall,Overall,35,9,41,-1.0,-0.866558,0.402416,957,20,
3,1136,Overall,Overall,35,26,41,1.5,1.28742,0.302336,1064,15,
3,1137,Overall,Overall,35,28,41,2.5,2.744865,0.37905,1137,19,
3,1138,Overall,Overall,35,31,41,3.0,3.573765,0.4953,1179,25,
3,1139,Overall,Overall,35,14,41,0.0,0.173406,0.307321,1009,15,
3,1140,Overall,Overall,35,6,41,-2.0,-1.63551,0.520841,918,26,
3,1141,Overall,Overall,35,29,41,1.5,1.948372,0.328237,1097,16,
3,1142,Overall,Overall,35,7,41,-2.0,-1.712403,0.532705,914,27,
3,1143,Overall,Overall,35,15,41,0.0,0.266781,0.303978,1013,15,
3,1144,Overall,Overall,35,26,41,2.0,1.319056,0.310749,1066,16,
3,1145,Overall,Overall,35,6,41,-1.5,-1.485325,0.499705,926,25,
3,1146,Overall,Overall,35,8,41,-1.0,-1.074441,0.430643,946,22,
3,1147,Overall,Overall,35,23,41,2.0,1.725246,0.320945,1086,16,
3,1148,Overall,Overall,35,24,41,2.0,1.807655,0.322996,1090,16,
3,1149,Overall,Overall,35,26,41,2.0,2.09609,0.33339,1105,17,
3,1150,Overall,Overall,35,12,41,-0.5,-0.14454,0.32856,993,16,
3,1151,Overall,Overall,35,21,41,1.0,1.060342,0.299399,1053,15,
3,1152,Overall,Overall,35,7,41,-2.0,-1.241387,0.455425,938,23,
3,1153,Overall,Overall,35,24,41,1.5,1.477774,0.305114,1074,15,
3,1154,Overall,Overall,35,5,41,-3.0,-2.886219,0.79707,856,40,
3,1155,Overall,Overall,35,6,41,-2.5,-1.68015,0.535482,916,27,
3,1156,Overall,Overall,35,12,41,0.0,0.161972,0.308747,1008,15,
3,1157,Overall,Overall,35,24,41,1.5,1.826361,0.323278,1091,16,
3,1158,Overall,Overall,35,23,41,1.5,1.39233,0.301664,1070,15,
3,1159,Overall,Overall,35,2,41,-2.5,-3.963194,1.121652,802,56,
3,1160,Overall,Overall,35,26,41,2.0,2.313076,0.342666,1116,17,
3,1161,Overall,Overall,35,4,41,-3.0,-2.161588,0.628095,892,31,
3,1162,Overall,Overall,35,21,41,1.5,1.218325,0.302057,1061,15,
3,1163,Overall,Overall,35,26,41,1.0,1.246982,0.310176,1062,16,
3,1164,Overall,Overall,35,35,41,3.0,3.474841,0.474034,1174,24,
3,1165,Overall,Overall,35,17,41,1.0,0.693022,0.29521,1035,15,
3,1166,Overall,Overall,35,28,41,3.0,2.342248,0.344909,1117,17,
3,1167,Overall,Overall,35,31,41,2.5,3.164148,0.436572,1158,22,
3,1168,Overall,Overall,35,30,41,2.5,2.922791,0.401081,1146,20,
3,1169,Overall,Overall,35,14,41,0.5,0.166158,0.308933,1008,15,
3,1170,Overall,Overall,35,11,41,-0.5,-0.127109,0.326028,994,16,
3,1171,Overall,Overall,35,4,41,-3.0,-2.6317,0.723995,868,36,
3,1172,Overall,Overall,35,26,41,2.5,1.87522,0.326915,1094,16,
3,1173,Overall,Overall,35,5,41,-2.5,-2.232098,0.634998,888,32,
3,1174,Overall,Overall,35,5,41,-2.5,-2.438125,0.682276,878,34,
3,1175,Overall,Overall,35,2,41,-2.0,-3.005866,0.84305,850,42,
3,1176,Overall,Overall,35,10,41,0.0,-0.463026,0.356571,977,18,
3,1177,Overall,Overall,35,18,41,0.0,0.734673,0.297778,1037,15,
3,1178,Overall,Overall,35,12,41,-0.5,0.012589,0.317669,1001,16,
3,1179,Overall,Overall,35,29,41,2.0,2.404585,0.348507,1120,17,
3,1180,Overall,Overall,35,7,41,-1.0,-0.611936,0.379553,969,19,
3,1181,Overall,Overall,35,7,41,-1.5,-1.844315,0.556207,908,28,
3,1182,Overall,Overall,35,28,41,2.0,1.928694,0.327069,1096,16,
3,1183,Overall,Overall,35,4,41,-2.5,-2.104665,0.612402,895,31,
3,1184,Overall,Overall,35,5,41,-2.5,-2.567384,0.712504,872,36,
3,1185,Overall,Overall,35,30,41,1.5,2.316179,0.344466,1116,17,
3,1186,Overall,Overall,35,16,41,0.0,0.174444,0.307981,1009,15,
3,1187,Overall,Overall,35,24,41,1.5,1.155006,0.303968,1058,15,
3,1188,Overall,Overall,35,28,41,2.5,2.1305,0.335374,1107,17,
3,1189,Overall,Overall,35,16,41,0.5,0.513735,0.296865,1026,15,
3,1190,Overall,Overall,35,20,41,1.0,0.915945,0.295924,1046,15,
3,1191,Overall,Overall,35,30,41,3.0,3.103885,0.426541,1155,21,
3,1192,Overall,Overall,35,23,41,0.5,1.036983,0.299114,1052,15,
3,1193,Overall,Overall,35,24,41,1.5,1.499524,0.307439,1075,15,
3,1194,Overall,Overall,35,25,41,2.0,2.117189,0.334394,1106,17,
3,1195,Overall,Overall,35,11,41,-0.5,-0.482878,0.360409,976,18,
3,1196,Overall,Overall,35,31,41,3.0,2.947669,0.40005,1147,20,
3,1197,Overall,Overall,35,8,41,-1.0,-1.233663,0.454379,938,23,
3,1198,Overall,Overall,35,24,41,1.5,1.383962,0.302409,1069,15,
3,1199,Overall,Overall,35,16,41,0.5,0.378163,0.300003,1019,15,
3,1200,Overall,Overall,35,29,41,2.0,2.260873,0.339827,1113,17,
3,1201,Overall,Overall,35,4,41,-2.5,-2.284325,0.647044,886,32,
3,1202,Overall,Overall,35,32,41,3.0,3.701014,0.5086,1185,25,
3,1203,Overall,Overall,35,8,41,-2.5,-1.7287,0.539348,914,27,
3,1204,Overall,Overall,35,14,41,0.0,0.104558,0.310798,1005,16,
3,1205,Overall,Overall,35,7,41,-1.0,-1.15345,0.446893,942,22,
3,1206,Overall,Overall,35,8,41,-0.5,-0.692853,0.382526,965,19,
3,1207,Overall,Overall,35,12,41,0.0,-0.310197,0.345613,984,17,
3,1208,Overall,Overall,35,1,41,-3.0,-4.423832,1.363265,779,68,
3,1209,Overall,Overall,35,13,41,-0.5,-0.534952,0.36677,973,18,
3,1210,Overall,Overall,35,12,41,-1.0,-0.410367,0.352346,979,18,
3,1211,Overall,Overall,35,32,41,2.5,2.843666,0.392158,1142,20,
3,1212,Overall,Overall,35,27,41,2.0,2.161467,0.334816,1108,17,
3,1213,Overall,Overall,35,22,41,1.0,1.008625,0.299849,1050,15,
3,1214,Overall,Overall,35,31,41,3.0,3.053848,0.417917,1153,21,
3,1215,Overall,Overall,35,31,41,3.0,3.6683,0.508563,1183,25,
3,1216,Overall,Overall,35,3,41,-2.5,-3.056576,0.836602,847,42,
3,1217,Overall,Overall,35,27,41,2.0,2.237372,0.339553,1112,17,
3,1218,Overall,Overall,35,4,41,-2.5,-2.639329,0.745344,868,37,
3,1219,Overall,Overall,35,10,41,-0.5,-0.63206,0.376588,968,19,
3,1220,Overall,Overall,35,6,41,-2.0,-1.335254,0.472229,933,24,
3,1221,Overall,Overall,35,23,41,1.0,1.200079,0.298664,1060,15,
3,1222,Overall,Overall,35,4,41,-2.5,-2.285569,0.652249,886,33,
3,1223,Overall,Overall,35,27,41,1.5,1.85793,0.330942,1093,17,
3,1224,Overall,Overall,35,6,41,-2.0,-2.172661,0.629624,891,31,
3,1225,Overall,Overall,35,8,41,-0.5,-0.954775,0.416854,952,21,
3,1226,Overall,Overall,35,33,41,3.0,3.425567,0.464569,1171,23,
3,1227,Overall,Overall,35,15,41,0.5,0.501932,0.309575,1025,15,
3,1228,Overall,Overall,35,7,41,-2.0,-1.653449,0.524179,917,26,
3,1229,Overall,Overall,35,24,41,0.5,1.258732,0.299362,1063,15,
3,1230,Overall,Overall,35,12,41,-0.5,0.102026,0.322977,1005,16,
3,1231,Overall,Overall,35,9,41,-1.0,-0.539379,0.365317,973,18,
3,1232,Overall,Overall,35,5,41,-1.5,-1.84131,0.558782,908,28,
3,1233,Overall,Overall,35,8,41,-0.5,-0.949527,0.418035,953,21,
3,1234,Overall,Overall,35,26,41,2.0,1.772083,0.318521,1089,16,
3,1235,Overall,Overall,35,10,41,0.0,-0.549561,0.364769,973,18,
3,1236,Overall,Overall,35,18,41,0.5,0.608975,0.299574,1030,15,
3,1237,Overall,Overall,35,30,41,3.0,2.752582,0.376826,1138,19,
3,1238,Overall,Overall,35,24,41,1.5,1.591744,0.310648,1080,16,
3,1239,Overall,Overall,35,2,41,-3.0,-4.088529,1.221036,796,61,
3,1240,Overall,Overall,35,11,41,0.5,-0.536682,0.367091,973,18,
3,1241,Overall,Overall,35,3,41,-2.5,-2.699286,0.74579,865,37,
3,1242,Overall,Overall,35,5,41,-1.5,-1.955263,0.5812,902,29,
3,1243,Overall,Overall,35,3,41,-1.5,-3.066487,0.837473,847,42,
3,1244,Overall,Overall,35,11,41,-1.0,-0.43801,0.354996,978,18,
3,1245,Overall,Overall,35,30,41,3.0,3.464923,0.470255,1173,24,
3,1246,Overall,Overall,35,19,41,1.0,0.861426,0.298294,1043,15,
3,1247,Overall,Overall,35,4,41,-3.0,-2.518411,0.700663,874,35,
3,1248,Overall,Overall,35,3,41,-3.0,-3.109785,0.858222,845,43,
3,1249,Overall,Overall,35,32,41,3.0,3.267598,0.448805,1163,22,
3,1250,Overall,Overall,35,6,41,-1.0,-1.988393,0.585694,901,29,
3,1251,Overall,Overall,35,9,41,-0.5,-0.532814,0.363364,973,18,
3,1252,Overall,Overall,35,33,41,3.0,3.271884,0.444909,1164,22,
3,1253,Overall,Overall,35,24,41,1.5,1.386421,0.301488,1069,15,
3,1254,Overall,Overall,35,18,41,0.5,0.732811,0.297807,1037,15,
3,1255,Overall,Overall,35,14,41,0.5,0.114254,0.31068,1006,16,
3,1256,Overall,Overall,35,26,41,2.0,1.842535,0.3245,1092,16,
3,1257,Overall,Overall,35,22,41,1.0,0.986711,0.296064,1049,15,
3,1258,Overall,Overall,35,15,41,0.0,0.400109,0.299695,1020,15,
3,1259,Overall,Overall,35,33,41,3.0,3.265579,0.443485,1163,22,
3,1260,Overall,Overall,35,31,41,2.5,2.834827,0.388769,1142,19,
3,1261,Overall,Overall,35,28,41,2.5,2.147266,0.334601,1107,17,
3,1262,Overall,Overall,35,26,41,1.5,1.586071,0.309505,1079,15,
3,1263,Overall,Overall,35,2,41,-3.0,-4.125365,1.228524,794,61,
3,1264,Overall,Overall,35,15,41,0.5,0.370107,0.300643,1019,15,
3,1265,Overall,Overall,35,30,41,2.5,2.128411,0.342094,1106,17,
3,1266,Overall,Overall,35,12,41,-0.5,-0.372075,0.350472,981,18,
3,1267,Overall,Overall,35,25,41,2.5,1.941446,0.326828,1097,16,
3,1268,Overall,Overall,35,29,41,2.0,2.02681,0.334038,1101,17,
3,1269,Overall,Overall,35,25,41,1.5,1.497001,0.304941,1075,15,
3,1270,Overall,Overall,35,5,41,-3.0,-2.030502,0.596652,898,30,
3,1271,Overall,Overall,35,3,41,-2.0,-3.292401,0.921343,835,46,
3,1272,Overall,Overall,35,16,41,0.0,0.106421,0.31286,1005,16,
3,1273,Overall,Overall,35,5,41,-2.0,-1.930481,0.576224,903,29,
3,1274,Overall,Overall,35,28,41,2.5,2.307409,0.343171,1115,17,
3,1275,Overall,Overall,35,3,41,-2.0,-2.975021,0.82633,851,41,
3,1276,Overall,Overall,35,10,41,-1.0,-0.504678,0.36047,975,18,
3,1277,Overall,Overall,35,6,41,-1.0,-1.471255,0.497128,926,25,
3,1278,Overall,Overall,35,15,41,0.5,0.119237,0.312064,1006,16,
3,1279,Overall,Overall,35,28,41,3.0,2.766063,0.38376,1138,19,
3,1280,Overall,Overall,35,5,41,-2.0,-2.459306,0.693818,877,35,
3,1281,Overall,Overall,35,29,41,2.5,2.302239,0.34195,1115,17,
3,1282,Overall,Overall,35,3,41,-2.0,-2.960752,0.822284,852,41,
3,1283,Overall,Overall,35,20,41,0.5,1.009394,0.297622,1050,15,
3,1284,Overall,Overall,35,17,41,0.0,0.228451,0.313083,1011,16,
3,1285,Overall,Overall,35,13,41,0.5,0.089748,0.312481,1004,16,
3,1286,Overall,Overall,35,5,41,-3.0,-1.548686,0.510204,923,26,
3,1287,Overall,Overall,35,4,41,-3.0,-2.751517,0.758461,862,38,
3,1288,Overall,Overall,35,34,41,2.5,3.363595,0.465853,1168,23,
3,1289,Overall,Overall,35,18,41,1.0,0.759335,0.297265,1038,15,
3,1290,Overall,Overall,35,9,41,-0.5,-0.338105,0.345204,983,17,
3,1291,Overall,Overall,35,5,41,-2.5,-1.867571,0.571529,907,29,
3,1292,Overall,Overall,35,31,41,3.0,2.822343,0.385929,1141,19,
3,1293,Overall,Overall,35,8,41,-1.0,-1.15869,0.442713,942,22,
3,1294,Overall,Overall,35,23,41,2.0,1.26241,0.30072,1063,15,
3,1295,Overall,Overall,35,28,41,2.0,2.123589,0.333094,1106,17,
3,1296,Overall,Overall,35,21,41,1.0,1.092671,0.305541,1055,15,
3,1297,Overall,Overall,35,6,41,-1.0,-1.492616,0.497157,925,25,
3,1298,Overall,Overall,35,28,41,1.5,1.7748,0.318505,1089,16,
3,1299,Overall,Overall,35,31,41,3.0,3.016311,0.407079,1151,20,
3,1300,Overall,Overall,35,10,41,-1.0,-0.897579,0.407008,955,20,
4,1,Overall,Overall,35,24,41,1.0,1.234104,0.305149,1062,15,
4,2,Overall,Overall,35,28,41,2.0,2.698461,0.372242,1135,19,
4,3,Overall,Overall,35,30,41,2.5,2.737291,0.375409,1137,19,
4,4,Overall,Overall,35,23,41,1.5,1.332937,0.305946,1067,15,
4,5,Overall,Overall,35,28,41,2.5,1.841242,0.321925,1092,16,
4,6,Overall,Overall,35,32,41,2.5,2.816417,0.385161,1141,19,
4,7,Overall,Overall,35,4,41,-2.0,-2.535436,0.711393,873,36,
4,8,Overall,Overall,35,8,41,-1.0,-0.608167,0.376303,970,19,
4,9,Overall,Overall,35,11,41,-1.0,-0.801367,0.397285,960,20,
4,10,Overall,Overall,35,11,41,-1.0,-0.40799,0.350841,980,18,
4,11,Overall,Overall,35,13,41,0.0,0.07457,0.313373,1004,16,
4,12,Overall,Overall,35,7,41,-2.5,-1.390365,0.478669,930,24,
4,13,Overall,Overall,35,6,41,-2.5,-1.731426,0.536418,913,27,
4,14,Overall,Overall,35,9,41,-1.5,-0.941094,0.413216,953,21,
4,15,Overall,Overall,35,29,41,1.5,2.36791,0.347042,1118,17,
4,16,Overall,Overall,35,6,41,-1.0,-1.364585,0.477347,932,24,
4,17,Overall,Overall,35,34,41,3.0,4.460711,0.558745,1223,28,
4,18,Overall,Overall,35,29,41,2.5,2.553475,0.360535,1128,18,
4,19,Overall,Overall,35,28,41,1.5,1.855242,0.322512,1093,16,
4,20,Overall,Overall,35,16,41,0.5,0.736003,0.300159,1037,15,
4,21,Overall,Overall,35,25,41,1.5,1.517892,0.305633,1076,15,
4,22,Overall,Overall,35,6,41,-1.5,-1.595728,0.516514,920,26,
4,23,Overall,Overall,35,30,41,2.0,2.192894,0.368653,1110,18,
4,24,Overall,Overall,35,11,41,0.5,-0.023396,0.321592,999,16,
4,25,Overall,Overall,35,18,41,0.5,0.497541,0.300044,1025,15,
4,26,Overall,Overall,35,30,41,3.0,2.672347,0.372414,1134,19,
4,27,Overall,Overall,35,28,41,2.5,2.27979,0.342422,1114,17,
4,28,Overall,Overall,35,20,41,0.5,1.11395,0.301637,1056,15,
4,29,Overall,Overall,35,12,41,0.5,0.054189,0.315144,1003,16,
4,30,Overall,Overall,35,3,41,-3.0,-3.393591,0.958347,830,48,
4,31,Overall,Overall,35,32,41,3.0,3.22942,0.439274,1161,22,
4,32,Overall,Overall,35,13,41,0.0,-0.021562,0.318549,999,16,
4,33,Overall,Overall,35,3,41,-3.0,-3.38935,0.953478,831,48,
4,34,Overall,Overall,35,9,41,-1.0,-1.134464,0.440321,943,22,
4,35,Overall,Overall,35,32,41,2.5,2.743305,0.379991,1137,19,
4,36,Overall,Overall,35,6,41,-2.0,-1.725199,0.537127,914,27,
4,37,Overall,Overall,35,20,41,1.0,0.703777,0.299099,1035,15,
4,38,Overall,Overall,35,18,41,0.0,0.245509,0.307051,1012,15,
4,39,Overall,Overall,35,24,41,2.5,1.942975,0.328961,1097,16,
4,40,Overall,Overall,35,10,41,-1.0,-0.512992,0.361271,974,18,
4,41,Overall,Overall,35,6,41,-3.0,-1.848962,0.561818,908,28,
4,42,Overall,Overall,35,31,41,3.0,3.688411,0.497091,1184,25,
4,43,Overall,Overall,35,17,41,0.0,0.508179,0.297252,1025,15,
4,44,Overall,Overall,35,19,41,0.5,0.342106,0.306455,1017,15,
4,45,Overall,Overall,35,4,41,-2.5,-2.374442,0.677132,881,34,
4,46,Overall,Overall,35,7,41,-1.5,-1.336187,0.470691,933,24,
4,47,Overall,Overall,35,25,41,2.0,2.0355,0.330457,1102,17,
4,48,Overall,Overall,35,0,41,-3.0,-5.0,1.669858,750,83,
4,49,Overall,Overall,35,5,41,-3.0,-1.960339,0.582226,902,29,
4,50,Overall,Overall,35,29,41,2.5,2.441696,0.351029,1122,18,
4,51,Overall,Overall,35,18,41,1.0,1.072171,0.302669,1054,15,
4,52,Overall,Overall,35,21,41,1.0,0.974302,0.29578,1049,15,
4,53,Overall,Overall,35,21,41,1.0,1.258139,0.302228,1063,15,
4,54,Overall,Overall,35,1,41,-2.5,-5.0,1.659581,750,83,
4,55,Overall,Overall,35,22,41,1.5,1.337406,0.301869,1067,15,
4,56,Overall,Overall,35,10,41,-1.5,-0.862506,0.406253,957,20,
4,57,Overall,Overall,35,22,41,0.5,1.271321,0.299376,1064,15,
4,58,Overall,Overall,35,8,41,-1.0,-0.830637,0.398872,958,20,
4,59,Overall,Overall,35,33,41,2.5,2.942151,0.401953,1147,20,
4,60,Overall,Overall,35,33,41,3.0,3.088627,0.421388,1154,21,
4,61,Overall,Overall,35,18,41,1.0,0.736713,0.297746,1037,15,
4,62,Overall,Overall,35,28,41,2.0,2.351572,0.34614,1118,17,
4,63,Overall,Overall,35,9,41,-1.0,-0.849472,0.400981,958,20,
4,64,Overall,Overall,35,31,41,3.0,2.859603,0.391901,1143,20,
4,65,Overall,Overall,35,29,41,2.0,2.115622,0.341545,1106,17,
4,66,Overall,Overall,35,14,41,0.0,0.196977,0.315762,1010,16,
4,67,Overall,Overall,35,6,41,-1.5,-1.279777,0.467808,936,23,
4,68,Overall,Overall,35,5,41,-2.0,-1.975226,0.588404,901,29,
4,69,Overall,Overall,35,13,41,0.0,0.275699,0.312647,1014,16,
4,70,Overall,Overall,35,5,41,-1.5,-1.911688,0.568747,904,28,
4,71,Overall,Overall,35,32,41,3.0,3.821569,0.523726,1191,26,
4,72,Overall,Overall,35,15,41,0.0,0.245473,0.304579,1012,15,
4,73,Overall,Overall,35,26,41,2.5,2.407719,0.353953,1120,18,
4,74,Overall,Overall,35,24,41,1.5,1.352069,0.300655,1068,15,
4,75,Overall,Overall,35,11,41,0.0,-0.232087,0.334397,988,17,
4,76,Overall,Overall,35,16,41,0.0,0.269702,0.30364,1013,15,
4,77,Overall,Overall,35,8,41,-1.0,-1.08076,0.431528,946,22,
4,78,Overall,Overall,35,4,41,-2.5,-2.729928,0.757339,864,38,
4,79,Overall,Overall,35,29,41,2.0,1.957222,0.328765,1098,16,
4,80,Overall,Overall,35,14,41,0.0,0.044772,0.31439,1002,16,
4,81,Overall,Overall,35,4,41,-2.0,-2.645254,0.738475,868,37,
4,82,Overall,Overall,35,21,41,1.0,1.005283,0.297349,1050,15,
4,83,Overall,Overall,35,3,41,-2.5,-3.168104,0.866892,842,43,
4,84,Overall,Overall,35,5,41,-2.0,-1.984266,0.587094,901,29,
4,85,Overall,Overall,35,5,41,-3.0,-2.247142,0.641858,888,32,
4,86,Overall,Overall,35,8,41,-0.5,-1.086069,0.432445,946,22,
4,87,Overall,Overall,35,23,41,2.0,1.816112,0.323487,1091,16,
4,88,Overall,Overall,35,11,41,-0.5,-0.394496,0.348998,980,17,
4,89,Overall,Overall,35,8,41,-1.5,-1.321846,0.468904,934,23,
4,90,Overall,Overall,35,30,41,3.0,3.325521,0.463127,1166,23,
4,91,Overall,Overall,35,5,41,-1.5,-2.361661,0.674099,882,34,
4,92,Overall,Overall,35,29,41,3.0,3.295987,0.461897,1165,23,
4,93,Overall,Overall,35,9,41,-0.5,-0.90763,0.409025,955,20,
4,94,Overall,Overall,35,25,41,2.0,1.37519,0.308906,1069,15,
4,95,Overall,Overall,35,10,41,-0.5,-0.480367,0.35991,976,18,
4,96,Overall,Overall,35,5,41,-3.0,-2.17449,0.629637,891,31,
4,97,Overall,Overall,35,23,41,2.0,1.743267,0.321741,1087,16,
4,98,Overall,Overall,35,2,41,-3.0,-3.557511,1.012543,822,51,
4,99,Overall,Overall,35,17,41,1.0,0.494502,0.297652,1025,15,
4,100,Overall,Overall,35,34,41,3.0,3.222226,0.440718,1161,22,
4,101,Overall,Overall,35,9,41,-0.5,-0.8377,0.399131,958,20,
4,102,Overall,Overall,35,23,41,1.0,1.10392,0.302664,1055,15,
4,103,Overall,Overall,35,8,41,-0.5,-1.224807,0.453069,939,23,
4,104,Overall,Overall,35,5,41,-2.0,-2.380258,0.666736,881,33,
4,105,Overall,Overall,35,24,41,0.5,1.165984,0.299352,1058,15,
4,106,Overall,Overall,35,7,41,-1.0,-1.255575,0.461999,937,23,
4,107,Overall,Overall,35,33,41,2.5,3.326594,0.456966,1166,23,
4,108,Overall,Overall,35,22,41,2.0,1.691838,0.321153,1085,16,
4,109,Overall,Overall,35,29,41,2.5,2.542092,0.358947,1127,18,
4,110,Overall,Overall,35,28,41,2.5,2.443708,0.352405,1122,18,
4,111,Overall,Overall,35,20,41,1.5,0.710527,0.295416,1036,15,
4,112,Overall,Overall,35,25,41,1.5,1.57008,0.307752,1079,15,
4,113,Overall,Overall,35,31,41,3.0,2.761643,0.378808,1138,19,
4,114,Overall,Overall,35,14,41,0.0,0.084567,0.314768,1004,16,
4,115,Overall,Overall,35,25,41,2.0,2.074229,0.335358,1104,17,
4,116,Overall,Overall,35,8,41,-1.0,-0.729101,0.387498,964,19,
4,117,Overall,Overall,35,2,41,-3.0,-4.294086,1.320181,785,66,
4,118,Overall,Overall,35,25,41,1.0,1.256279,0.300695,1063,15,
4,119,Overall,Overall,35,9,41,-1.5,-0.743214,0.387715,963,19,
4,120,Overall,Overall,35,29,41,2.5,2.560561,0.360848,1128,18,
4,121,Overall,Overall,35,4,41,-3.0,-2.645745,0.738406,868,37,
4,122,Overall,Overall,35,21,41,1.5,1.28623,0.303614,1064,15,
4,123,Overall,Overall,35,29,41,3.0,2.948346,0.404169,1147,20,
4,124,Overall,Overall,35,29,41,2.5,2.218665,0.33754,1111,17,
4,125,Overall,Overall,35,32,41,3.0,2.81026,0.38596,1141,19,
4,126,Overall,Overall,35,12,41,0.0,-0.33269,0.343499,983,17,
4,127,Overall,Overall,35,6,41,-1.0,-1.79003,0.55246,910,28,
4,128,Overall,Overall,35,29,41,3.0,2.545741,0.357714,1127,18,
4,129,Overall,Overall,35,6,41,-1.5,-1.522748,0.503662,924,25,
4,130,Overall,Overall,35,11,41,-1.0,-0.617386,0.379389,969,19,
4,131,Overall,Overall,35,3,41,-2.0,-3.521466,1.001716,824,50,
4,132,Overall,Overall,35,30,41,2.5,3.001715,0.405606,1150,20,
4,133,Overall,Overall,35,17,41,1.0,0.88895,0.304174,1044,15,
4,134,Overall,Overall,35,25,41,1.5,1.997145,0.330029,1100,17,
4,135,Overall,Overall,35,11,41,0.0,-0.544783,0.367059,973,18,
4,136,Overall,Overall,35,26,41,2.0,2.151502,0.335646,1108,17,
4,137,Overall,Overall,35,27,41,2.5,2.483612,0.358017,1124,18,
4,138,Overall,Overall,35,7,41,-2.5,-1.727353,0.540524,914,27,
4,139,Overall,Overall,35,2,41,-2.5,-3.18379,0.890866,841,45,
4,140,Overall,Overall,35,19,41,0.5,0.637249,0.295161,1032,15,
4,141,Overall,Overall,35,1,41,-2.0,-4.206237,1.246844,790,62,
4,142,Overall,Overall,35,12,41,0.5,-0.229606,0.33526,989,17,
4,143,Overall,Overall,35,9,41,-1.0,-0.981783,0.420094,951,21,
4,144,Overall,Overall,35,7,41,-1.5,-1.414592,0.4818,929,24,
4,145,Overall,Overall,35,0,41,-3.0,-5.0,1.669858,750,83,
4,146,Overall,Overall,35,5,41,-2.0,-1.710138,0.53473,914,27,
4,147,Overall,Overall,35,31,41,2.5,2.667149,0.370582,1133,19,
4,148,Overall,Overall,35,20,41,1.5,1.042481,0.297896,1052,15,
4,149,Overall,Overall,35,27,41,2.0,2.101722,0.333503,1105,17,
4,150,Overall,Overall,35,14,41,0.0,-0.12115,0.326655,994,16,
4,151,Overall,Overall,35,13,41,0.5,0.546115,0.314566,1027,16,
4,152,Overall,Overall,35,3,41,-2.0,-3.029986,0.851547,849,43,
4,153,Overall,Overall,35,23,41,1.5,1.776236,0.322048,1089,16,
4,154,Overall,Overall,35,28,41,2.0,1.975757,0.330665,1099,17,
4,155,Overall,Overall,35,6,41,-1.5,-1.748536,0.54545,913,27,
4,156,Overall,Overall,35,10,41,-0.5,-0.58793,0.371071,971,19,
4,157,Overall,Overall,35,26,41,2.0,1.561495,0.307589,1078,15,
4,158,Overall,Overall,35,7,41,-1.0,-1.285756,0.469988,936,23,
4,159,Overall,Overall,35,26,41,1.5,1.741383,0.323011,1087,16,
4,160,Overall,Overall,35,29,41,1.0,2.096306,0.342718,1105,17,
4,161,Overall,Overall,35,35,41,3.0,3.078342,0.431056,1154,22,
4,162,Overall,Overall,35,11,41,-1.0,-0.754958,0.389719,962,19,
4,163,Overall,Overall,35,31,41,2.0,2.563242,0.359784,1128,18,
4,164,Overall,Overall,35,30,41,2.5,3.340488,0.457532,1167,23,
4,165,Overall,Overall,35,7,41,-1.5,-1.313347,0.465852,934,23,
4,166,Overall,Overall,35,18,41,1.0,0.640039,0.294805,1032,15,
4,167,Overall,Overall,35,29,41,2.5,2.320696,0.343312,1116,17,
4,168,Overall,Overall,35,6,41,-2.0,-1.893416,0.571299,905,29,
4,169,Overall,Overall,35,13,41,0.0,0.005228,0.317813,1000,16,
4,170,Overall,Overall,35,27,41,2.0,2.41582,0.355401,1121,18,
4,171,Overall,Overall,35,12,41,0.0,-0.05614,0.320805,997,16,
4,172,Overall,Overall,35,13,41,-0.5,-0.157171,0.331967,992,17,
4,173,Overall,Overall,35,28,41,2.0,1.810288,0.320437,1091,16,
4,174,Overall,Overall,35,20,41,1.0,0.965254,0.29725,1048,15,
4,175,Overall,Overall,35,23,41,1.5,1.829295,0.324049,1091,16,
4,176,Overall,Overall,35,4,41,-2.5,-2.695366,0.739641,865,37,
4,177,Overall,Overall,35,11,41,-0.5,-0.230411,0.334253,988,17,
4,178,Overall,Overall,35,14,41,0.0,0.184419,0.30856,1009,15,
4,179,Overall,Overall,35,13,41,0.0,-0.025362,0.319171,999,16,
4,180,Overall,Overall,35,3,41,-3.0,-2.775958,0.777879,861,39,
4,181,Overall,Overall,35,26,41,1.5,1.787377,0.32,1089,16,
4,182,Overall,Overall,35,6,41,-1.5,-1.318408,0.469376,934,23,
4,183,Overall,Overall,35,16,41,0.5,0.259594,0.303638,1013,15,
4,184,Overall,Overall,35,8,41,-1.5,-1.118248,0.438952,944,22,
4,185,Overall,Overall,35,1,41,-3.0,-4.432622,1.35615,778,68,
4,186,Overall,Overall,35,24,41,1.5,1.519741,0.307807,1076,15,
4,187,Overall,Overall,35,4,41,-2.5,-2.443074,0.689503,878,34,
4,188,Overall,Overall,35,8,41,-1.5,-1.304232,0.465067,935,23,
4,189,Overall,Overall,35,1,41,-3.0,-4.692167,1.40767,765,70,
4,190,Overall,Overall,35,10,41,0.0,-0.269797,0.341333,987,17,
4,191,Overall,Overall,35,1,41,-3.0,-4.616691,1.374941,769,69,
4,192,Overall,Overall,35,6,41,-1.5,-1.615853,0.519374,919,26,
4,193,Overall,Overall,35,14,41,0.5,-0.067952,0.328279,997,16,
4,194,Overall,Overall,35,22,41,1.5,1.354609,0.308751,1068,15,
4,195,Overall,Overall,35,7,41,-1.0,-1.161614,0.448286,942,22,
4,196,Overall,Overall,35,17,41,0.5,0.480792,0.297326,1024,15,
4,197,Overall,Overall,35,32,41,3.0,2.945765,0.402636,1147,20,
4,198,Overall,Overall,35,13,41,0.0,0.009888,0.316616,1000,16,
4,199,Overall,Overall,35,6,41,-2.0,-2.191807,0.627255,890,31,
4,200,Overall,Overall,35,11,41,-0.5,-0.707637,0.384892,965,19,
4,201,Overall,Overall,35,10,41,-1.0,-1.070308,0.443145,946,22,
4,202,Overall,Overall,35,26,41,1.5,1.589115,0.308837,1079,15,
4,203,Overall,Overall,35,34,41,3.0,3.127552,0.428717,1156,21,
4,204,Overall,Overall,35,10,41,-0.5,-0.912321,0.409607,954,20,
4,205,Overall,Overall,35,30,41,2.5,2.471097,0.353005,1124,18,
4,206,Overall,Overall,35,28,41,2.5,1.866684,0.32432,1093,16,
4,207,Overall,Overall,35,28,41,1.5,1.818987,0.322033,1091,16,
4,208,Overall,Overall,35,10,41,-0.5,-0.716454,0.38483,964,19,
4,209,Overall,Overall,35,6,41,-2.0,-1.75983,0.547162,912,27,
4,210,Overall,Overall,35,16,41,0.5,0.473648,0.304397,1024,15,
4,211,Overall,Overall,35,12,41,-1.0,-0.137023,0.326364,993,16,
4,212,Overall,Overall,35,15,41,0.5,-0.029704,0.328692,999,16,
4,213,Overall,Overall,35,25,41,1.5,1.622162,0.310033,1081,16,
4,214,Overall,Overall,35,26,41,2.0,1.826955,0.324231,1091,16,
4,215,Overall,Overall,35,5,41,-2.0,-2.204116,0.629436,890,31,
4,216,Overall,Overall,35,28,41,1.5,1.861816,0.324148,1093,16,
4,217,Overall,Overall,35,15,41,0.0,0.341754,0.301563,1017,15,
4,218,Overall,Overall,35,21,41,2.0,1.744236,0.328274,1087,16,
4,219,Overall,Overall,35,7,41,-1.5,-1.570341,0.515366,921,26,
4,220,Overall,Overall,35,18,41,0.5,0.641439,0.294745,1032,15,
4,221,Overall,Overall,35,9,41,-0.5,-0.646528,0.376909,968,19,
4,222,Overall,Overall,35,8,41,-1.0,-0.553173,0.370179,972,19,
4,223,Overall,Overall,35,3,41,-3.0,-3.109161,0.865896,845,43,
4,224,Overall,Overall,35,6,41,-1.5,-1.426571,0.485714,929,24,
4,225,Overall,Overall,35,5,41,-2.5,-1.994991,0.589293,900,29,
4,226,Overall,Overall,35,14,41,0.0,0.239451,0.305966,1012,15,
4,227,Overall,Overall,35,11,41,-0.5,-0.537079,0.365949,973,18,
4,228,Overall,Overall,35,4,41,-2.0,-1.670853,0.54087,916,27,
4,229,Overall,Overall,35,18,41,0.5,0.695117,0.301021,1035,15,
4,230,Overall,Overall,35,14,41,0.0,0.08772,0.313009,1004,16,
4,231,Overall,Overall,35,24,41,1.0,1.321887,0.301296,1066,15,
4,232,Overall,Overall,35,3,41,-2.0,-3.206395,0.894841,840,45,
4,233,Overall,Overall,35,28,41,2.0,2.251199,0.339465,1113,17,
4,234,Overall,Overall,35,0,41,-3.0,-5.0,1.693383,750,85,
4,235,Overall,Overall,35,4,41,-2.5,-2.581715,0.722665,871,36,
4,236,Overall,Overall,35,29,41,2.5,2.571354,0.361663,1129,18,
4,237,Overall,Overall,35,18,41,1.0,0.62213,0.299473,1031,15,
4,238,Overall,Overall,35,8,41,-1.0,-0.741547,0.388725,963,19,
4,239,Overall,Overall,35,31,41,2.0,2.052025,0.357133,1103,18,
4,240,Overall,Overall,35,27,41,3.0,2.221032,0.337601,1111,17,
4,241,Overall,Overall,35,6,41,-1.0,-1.626779,0.517507,919,26,
4,242,Overall,Overall,35,16,41,0.5,0.132884,0.309902,1007,15,
4,243,Overall,Overall,35,26,41,2.0,1.691115,0.314169,1085,16,
4,244,Overall,Overall,35,12,41,-0.5,-0.148476,0.327698,993,16,
4,245,Overall,Overall,35,5,41,-2.5,-2.297155,0.647219,885,32,
4,246,Overall,Overall,35,14,41,0.0,-0.084413,0.324125,996,16,
4,247,Overall,Overall,35,5,41,-3.0,-2.302138,0.658498,885,33,
4,248,Overall,Overall,35,27,41,2.5,2.168777,0.336189,1108,17,
4,249,Overall,Overall,35,3,41,-2.0,-2.994238,0.818902,850,41,
4,250,Overall,Overall,35,2,41,-3.0,-3.929598,1.142232,804,57,
4,251,Overall,Overall,35,8,41,-1.5,-1.29663,0.469148,935,23,
4,252,Overall,Overall,35,23,41,1.5,1.195141,0.300061,1060,15,
4,253,Overall,Overall,35,28,41,2.0,2.315987,0.342899,1116,17,
4,254,Overall,Overall,35,8,41,-1.0,-1.268069,0.460372,937,23,
4,255,Overall,Overall,35,12,41,-0.5,-0.533184,0.3704,973,19,
4,256,Overall,Overall,35,24,41,1.0,1.474585,0.305267,1074,15,
4,257,Overall,Overall,35,28,41,3.0,2.573944,0.364691,1129,18,
4,258,Overall,Overall,35,22,41,1.0,1.28943,0.29937,1064,15,
4,259,Overall,Overall,35,3,41,-2.0,-3.189817,0.885055,841,44,
4,260,Overall,Overall,35,26,41,1.5,1.496122,0.315166,1075,16,
4,261,Overall,Overall,35,29,41,2.0,1.96786,0.329332,1098,16,
4,262,Overall,Overall,35,5,41,-3.0,-1.9853,0.587306,901,29,
4,263,Overall,Overall,35,20,41,1.5,0.896248,0.296114,1045,15,
4,264,Overall,Overall,35,28,41,2.0,2.257374,0.339983,1113,17,
4,265,Overall,Overall,35,4,41,-2.0,-2.462616,0.698382,877,35,
4,266,Overall,Overall,35,16,41,0.5,0.576912,0.303627,1029,15,
4,267,Overall,Overall,35,27,41,2.5,1.848648,0.32243,1092,16,
4,268,Overall,Overall,35,30,41,3.0,2.894729,0.392935,1145,20,
4,269,Overall,Overall,35,11,41,-0.5,-0.180401,0.33072,991,17,
4,270,Overall,Overall,35,23,41,1.0,1.168709,0.298205,1058,15,
4,271,Overall,Overall,35,27,41,2.5,2.040369,0.330576,1102,17,
4,272,Overall,Overall,35,17,41,1.5,0.595278,0.295371,1030,15,
4,273,Overall,Overall,35,18,41,0.0,0.467348,0.297992,1023,15,
4,274,Overall,Overall,35,28,41,2.5,2.531654,0.357644,1127,18,
4,275,Overall,Overall,35,21,41,1.0,0.734775,0.295154,1037,15,
4,276,Overall,Overall,35,3,41,-3.0,-3.298676,0.927066,835,46,
4,277,Overall,Overall,35,31,41,3.0,3.651365,0.507923,1183,25,
4,278,Overall,Overall,35,28,41,1.5,1.664718,0.312342,1083,16,
4,279,Overall,Overall,35,25,41,2.0,2.019287,0.329267,1101,16,
4,280,Overall,Overall,35,35,41,3.0,3.321107,0.463506,1166,23,
4,281,Overall,Overall,35,12,41,0.0,-0.173055,0.332267,991,17,
4,282,Overall,Overall,35,10,41,-1.0,-0.625675,0.377506,969,19,
4,283,Overall,Overall,35,6,41,-1.5,-1.972505,0.585923,901,29,
4,284,Overall,Overall,35,25,41,2.5,1.828295,0.323105,1091,16,
4,285,Overall,Overall,35,1,41,-3.0,-5.0,1.621361,750,81,
4,286,Overall,Overall,35,14,41,0.0,0.027816,0.315398,1001,16,
4,287,Overall,Overall,35,11,41,-1.5,-0.849759,0.401988,958,20,
4,288,Overall,Overall,35,3,41,-3.0,-3.673178,1.056735,816,53,
4,289,Overall,Overall,35,27,41,1.0,1.691363,0.315094,1085,16,
4,290,Overall,Overall,35,0,41,-2.0,-5.0,1.668687,750,83,
4,291,Overall,Overall,35,20,41,1.0,1.010561,0.296476,1051,15,
4,292,Overall,Overall,35,27,41,2.0,1.481614,0.317016,1074,16,
4,293,Overall,Overall,35,31,41,2.0,2.435368,0.353416,1122,18,
4,294,Overall,Overall,35,20,41,1.0,1.081532,0.299064,1054,15,
4,295,Overall,Overall,35,4,41,-3.0,-2.596421,0.715816,870,36,
4,296,Overall,Overall,35,29,41,2.0,1.622152,0.330697,1081,17,
4,297,Overall,Overall,35,3,41,-1.5,-2.617627,0.742342,869,37,
4,298,Overall,Overall,35,18,41,0.0,0.471411,0.299777,1024,15,
4,299,Overall,Overall,35,5,41,-1.5,-1.353476,0.476842,932,24,
4,300,Overall,Overall,35,32,41,3.0,3.235945,0.433026,1162,22,
4,301,Overall,Overall,35,4,41,-2.5,-2.475376,0.687389,876,34,
4,302,Overall,Overall,35,6,41,-2.0,-1.614255,0.518496,919,26,
4,303,Overall,Overall,35,19,41,1.0,0.920931,0.2987,1046,15,
4,304,Overall,Overall,35,34,41,3.0,3.555328,0.497686,1178,25,
4,305,Overall,Overall,35,5,41,-1.5,-1.720533,0.534402,914,27,
4,306,Overall,Overall,35,29,41,2.5,2.728928,0.376601,1136,19,
4,307,Overall,Overall,35,8,41,-1.5,-1.135084,0.442066,943,22,
4,308,Overall,Overall,35,4,41,-1.5,-2.432542,0.686137,878,34,
4,309,Overall,Overall,35,15,41,0.5,0.357222,0.301097,1018,15,
4,310,Overall,Overall,35,5,41,-1.5,-1.68155,0.52935,916,26,
4,311,Overall,Overall,35,31,41,2.0,2.509508,0.357358,1125,18,
4,312,Overall,Overall,35,8,41,-0.5,-1.193546,0.449804,940,22,
4,313,Overall,Overall,35,12,41,-0.5,-0.18691,0.331674,991,17,
4,314,Overall,Overall,35,19,41,0.5,0.739372,0.297752,1037,15,
4,315,Overall,Overall,35,10,41,-0.5,-0.462485,0.355934,977,18,
4,316,Overall,Overall,35,5,41,-2.5,-2.671779,0.740821,866,37,
4,317,Overall,Overall,35,30,41,3.0,2.643389,0.367762,1132,18,
4,318,Overall,Overall,35,14,41,0.5,0.090636,0.312191,1005,16,
4,319,Overall,Overall,35,5,41,-2.0,-2.100177,0.615139,895,31,
4,320,Overall,Overall,35,33,41,3.0,4.078974,0.547582,1204,27,
4,321,Overall,Overall,35,5,41,-1.5,-1.977732,0.585759,901,29,
4,322,Overall,Overall,35,6,41,-2.0,-2.170799,0.628675,891,31,
4,323,Overall,Overall,35,27,41,3.0,2.435189,0.354596,1122,18,
4,324,Overall,Overall,35,31,41,3.0,2.896056,0.396777,1145,20,
4,325,Overall,Overall,35,3,41,-2.5,-3.760596,1.072236,812,54,
4,326,Overall,Overall,35,23,41,1.5,1.129732,0.297838,1056,15,
4,327,Overall,Overall,35,23,41,1.5,1.277081,0.30006,1064,15,
4,328,Overall,Overall,35,18,41,0.0,0.633255,0.300449,1032,15,
4,329,Overall,Overall,35,2,41,-3.0,-2.989002,0.838757,851,42,
4,330,Overall,Overall,35,13,41,0.0,0.042915,0.316616,1002,16,
4,331,Overall,Overall,35,26,41,1.5,1.644216,0.311339,1082,16,
4,332,Overall,Overall,35,27,41,2.5,2.641204,0.370992,1132,19,
4,333,Overall,Overall,35,9,41,-1.0,-0.986128,0.41862,951,21,
4,334,Overall,Overall,35,4,41,-2.0,-2.46967,0.69516,877,35,
4,335,Overall,Overall,35,17,41,0.5,0.276975,0.304979,1014,15,
4,336,Overall,Overall,35,2,41,-2.5,-3.624883,1.030611,819,52,
4,337,Overall,Overall,35,7,41,-0.5,-1.31215,0.468392,934,23,
4,338,Overall,Overall,35,32,41,2.5,2.800932,0.38819,1140,19,
4,339,Overall,Overall,35,4,41,-2.5,-2.441059,0.689391,878,34,
4,340,Overall,Overall,35,19,41,0.5,0.613629,0.296039,1031,15,
4,341,Overall,Overall,35,4,41,-1.5,-2.701193,0.745555,865,37,
4,342,Overall,Overall,35,32,41,3.0,2.709684,0.37727,1135,19,
4,343,Overall,Overall,35,21,41,1.5,1.28404,0.304875,1064,15,
4,344,Overall,Overall,35,5,41,-2.5,-2.22186,0.639572,889,32,
4,345,Overall,Overall,35,5,41,-2.0,-2.281796,0.64623,886,32,
4,346,Overall,Overall,35,6,41,-2.5,-2.118267,0.612001,894,31,
4,347,Overall,Overall,35,0,41,-2.0,-5.0,1.693383,750,85,
4,348,Overall,Overall,35,0,41,-2.0,-5.0,1.669858,750,83,
4,349,Overall,Overall,35,8,41,-0.5,-1.087403,0.432867,946,22,
4,350,Overall,Overall,35,21,41,1.5,1.170979,0.297882,1059,15,
4,351,Overall,Overall,35,4,41,-3.0,-3.056638,0.849853,847,42,
4,352,Overall,Overall,35,11,41,0.0,-0.40315,0.350847,980,18,
4,353,Overall,Overall,35,31,41,3.0,2.854078,0.390525,1143,20,
4,354,Overall,Overall,35,26,41,2.0,1.684285,0.313846,1084,16,
4,355,Overall,Overall,35,33,41,3.0,2.844575,0.394361,1142,20,
4,356,Overall,Overall,35,20,41,1.0,0.783759,0.294357,1039,15,
4,357,Overall,Overall,35,24,41,1.5,1.059756,0.299385,1053,15,
4,358,Overall,Overall,35,31,41,2.5,2.781083,0.380052,1139,19,
4,359,Overall,Overall,35,24,41,2.0,1.980554,0.331907,1099,17,
4,360,Overall,Overall,35,4,41,-2.0,-2.784169,0.777494,861,39,
4,361,Overall,Overall,35,24,41,1.5,1.840645,0.324295,1092,16,
4,362,Overall,Overall,35,6,41,-1.0,-1.438156,0.493685,928,25,
4,363,Overall,Overall,35,30,41,2.0,2.099439,0.34004,1105,17,
4,364,Overall,Overall,35,6,41,-2.0,-1.809742,0.558376,910,28,
4,365,Overall,Overall,35,5,41,-2.5,-2.19754,0.628269,890,31,
4,366,Overall,Overall,35,31,41,2.5,2.411767,0.351196,1121,18,
4,367,Overall,Overall,35,25,41,1.0,1.413654,0.302568,1071,15,
4,368,Overall,Overall,35,32,41,2.5,2.840491,0.389277,1142,19,
4,369,Overall,Overall,35,6,41,-2.0,-1.434594,0.489234,928,24,
4,370,Overall,Overall,35,4,41,-3.0,-2.446857,0.694934,878,35,
4,371,Overall,Overall,35,15,41,0.5,0.134263,0.309637,1007,15,
4,372,Overall,Overall,35,6,41,-1.5,-1.746411,0.540996,913,27,
4,373,Overall,Overall,35,17,41,0.5,0.468058,0.297978,1023,15,
4,374,Overall,Overall,35,25,41,1.5,1.505691,0.305866,1075,15,
4,375,Overall,Overall,35,15,41,0.0,0.544835,0.30526,1027,15,
4,376,Overall,Overall,35,4,41,-2.0,-2.016835,0.594984,899,30,
4,377,Overall,Overall,35,22,41,1.5,1.717372,0.324926,1086,16,
4,378,Overall,Overall,35,6,41,-2.0,-1.713251,0.537468,914,27,
4,379,Overall,Overall,35,29,41,2.0,2.016935,0.333104,1101,17,
4,380,Overall,Overall,35,31,41,2.5,2.999725,0.409455,1150,20,
4,381,Overall,Overall,35,8,41,-0.5,-0.659053,0.383465,967,19,
4,382,Overall,Overall,35,6,41,-2.0,-1.813301,0.553856,909,28,
4,383,Overall,Overall,35,21,41,1.5,1.379775,0.303588,1069,15,
4,384,Overall,Overall,35,25,41,2.0,1.576526,0.310102,1079,16,
4,385,Overall,Overall,35,15,41,0.0,0.211113,0.307413,1011,15,
4,386,Overall,Overall,35,31,41,2.5,2.485423,0.354045,1124,18,
4,387,Overall,Overall,35,7,41,-1.0,-1.41829,0.483332,929,24,
4,388,Overall,Overall,35,7,41,-1.0,-0.851718,0.408235,957,20,
4,389,Overall,Overall,35,20,41,1.0,1.068478,0.297854,1053,15,
4,390,Overall,Overall,35,5,41,-3.0,-2.132933,0.614328,893,31,
4,391,Overall,Overall,35,16,41,0.0,0.439161,0.304823,1022,15,
4,392,Overall,Overall,35,6,41,-3.0,-1.825115,0.555745,909,28,
4,393,Overall,Overall,35,25,41,2.0,1.338595,0.301589,1067,15,
4,394,Overall,Overall,35,1,41,-3.0,-4.015837,1.168993,799,58,
4,395,Overall,Overall,35,10,41,0.0,-0.737097,0.391848,963,20,
4,396,Overall,Overall,35,27,41,2.0,1.889971,0.325238,1094,16,
4,397,Overall,Overall,35,21,41,1.0,0.868905,0.297811,1043,15,
4,398,Overall,Overall,35,29,41,2.5,2.645445,0.371077,1132,19,
4,399,Overall,Overall,35,4,41,-3.0,-2.529594,0.701674,874,35,
4,400,Overall,Overall,35,31,41,3.0,3.180769,0.435621,1159,22,
4,401,Overall,Overall,35,7,41,-1.0,-1.096609,0.436082,945,22,
4,402,Overall,Overall,35,25,41,2.5,2.12879,0.335691,1106,17,
4,403,Overall,Overall,35,31,41,2.5,2.412931,0.350753,1121,18,
4,404,Overall,Overall,35,3,41,-3.0,-2.956207,0.823862,852,41,
4,405,Overall,Overall,35,30,41,3.0,3.434809,0.473204,1172,24,
4,406,Overall,Overall,35,21,41,1.0,1.216166,0.298583,1061,15,
4,407,Overall,Overall,35,7,41,-1.5,-1.433334,0.484706,928,24,
4,408,Overall,Overall,35,9,41,-1.0,-0.950604,0.413965,952,21,
4,409,Overall,Overall,35,29,41,2.0,2.670898,0.370838,1134,19,
4,410,Overall,Overall,35,7,41,-1.0,-1.298125,0.463613,935,23,
4,411,Overall,Overall,35,12,41,0.0,-0.016588,0.318233,999,16,
4,412,Overall,Overall,35,15,41,0.0,0.190673,0.307336,1010,15,
4,413,Overall,Overall,35,5,41,-2.0,-2.292722,0.648879,885,32,
4,414,Overall,Overall,35,25,41,2.0,1.833865,0.323386,1092,16,
4,415,Overall,Overall,35,6,41,-2.0,-1.401852,0.486976,930,24,
4,416,Overall,Overall,35,24,41,0.5,1.036734,0.298634,1052,15,
4,417,Overall,Overall,35,13,41,-0.5,-0.203418,0.332805,990,17,
4,418,Overall,Overall,35,8,41,-1.0,-1.18938,0.447256,941,22,
4,419,Overall,Overall,35,2,41,-2.5,-3.891593,1.121204,805,56,
4,420,Overall,Overall,35,2,41,-2.5,-3.905359,1.141065,805,57,
4,421,Overall,Overall,35,9,41,-1.0,-0.785101,0.392341,961,20,
4,422,Overall,Overall,35,28,41,3.0,2.812979,0.385686,1141,19,
4,423,Overall,Overall,35,14,41,-0.5,-0.04729,0.326001,998,16,
4,424,Overall,Overall,35,2,41,-2.0,-3.760432,1.090036,812,55,
4,425,Overall,Overall,35,2,41,-2.5,-4.267123,1.263163,787,63,
4,426,Overall,Overall,35,29,41,2.0,2.460314,0.352119,1123,18,
4,427,Overall,Overall,35,12,41,0.0,-0.227963,0.336038,989,17,
4,428,Overall,Overall,35,30,41,3.0,2.832518,0.387051,1142,19,
4,429,Overall,Overall,35,13,41,0.0,-0.195278,0.334139,990,17,
4,430,Overall,Overall,35,6,41,-2.5,-2.153416,0.623009,892,31,
4,431,Overall,Overall,35,32,41,3.0,3.324209,0.456996,1166,23,
4,432,Overall,Overall,35,25,41,1.5,1.512543,0.305806,1076,15,
4,433,Overall,Overall,35,15,41,0.0,0.240666,0.305363,1012,15,
4,434,Overall,Overall,35,20,41,1.0,0.569005,0.299451,1028,15,
4,435,Overall,Overall,35,28,41,2.0,2.406678,0.349787,1120,17,
4,436,Overall,Overall,35,27,41,2.0,2.221746,0.338801,1111,17,
4,437,Overall,Overall,35,29,41,3.0,3.343576,0.46646,1167,23,
4,438,Overall,Overall,35,24,41,1.5,1.672551,0.318868,1084,16,
4,439,Overall,Overall,35,16,41,0.5,0.243731,0.306207,1012,15,
4,440,Overall,Overall,35,0,41,-3.0,-5.0,1.693383,750,85,
4,441,Overall,Overall,35,27,41,2.0,2.162789,0.334805,1108,17,
4,442,Overall,Overall,35,4,41,-2.5,-2.500711,0.703378,875,35,
4,443,Overall,Overall,35,4,41,-3.0,-2.163885,0.629264,892,31,
4,444,Overall,Overall,35,28,41,2.0,2.294329,0.341992,1115,17,
4,445,Overall,Overall,35,31,41,2.5,3.169271,0.426277,1158,21,
4,446,Overall,Overall,35,8,41,-1.5,-1.312045,0.465648,934,23,
4,447,Overall,Overall,35,19,41,1.0,0.913368,0.297714,1046,15,
4,448,Overall,Overall,35,10,41,-0.5,-0.503946,0.361317,975,18,
4,449,Overall,Overall,35,6,41,-1.5,-1.774183,0.543565,911,27,
4,450,Overall,Overall,35,4,41,-3.0,-2.794463,0.777516,860,39,
4,451,Overall,Overall,35,3,41,-3.0,-3.138585,0.8745,843,44,
4,452,Overall,Overall,35,5,41,-1.5,-1.564566,0.513145,922,26,
4,453,Overall,Overall,35,6,41,-1.0,-1.291573,0.467779,935,23,
4,454,Overall,Overall,35,3,41,-3.0,-2.920091,0.812235,854,41,
4,455,Overall,Overall,35,11,41,-1.0,-0.368076,0.346878,982,17,
4,456,Overall,Overall,35,6,41,-1.5,-1.633612,0.520494,918,26,
4,457,Overall,Overall,35,10,41,-1.0,-0.844118,0.40101,958,20,
4,458,Overall,Overall,35,15,41,0.5,0.374325,0.300545,1019,15,
4,459,Overall,Overall,35,5,41,-2.0,-1.953912,0.580927,902,29,
4,460,Overall,Overall,35,12,41,0.0,-0.332697,0.343303,983,17,
4,461,Overall,Overall,35,12,41,-0.5,-0.176629,0.334086,991,17,
4,462,Overall,Overall,35,20,41,1.5,1.06422,0.297874,1053,15,
4,463,Overall,Overall,35,34,41,3.0,3.305515,0.454616,1165,23,
4,464,Overall,Overall,35,4,41,-2.5,-2.800124,0.765779,860,38,
4,465,Overall,Overall,35,27,41,2.5,2.369552,0.350919,1118,18,
4,466,Overall,Overall,35,26,41,1.5,1.33495,0.308991,1067,15,
4,467,Overall,Overall,35,6,41,-2.0,-1.830115,0.55401,908,28,
4,468,Overall,Overall,35,29,41,3.0,2.940443,0.4015,1147,20,
4,469,Overall,Overall,35,9,41,-1.0,-0.933226,0.411156,953,21,
4,470,Overall,Overall,35,28,41,2.0,2.086882,0.331942,1104,17,
4,471,Overall,Overall,35,17,41,0.5,0.645792,0.294849,1032,15,
4,472,Overall,Overall,35,22,41,1.5,1.545104,0.31581,1077,16,
4,473,Overall,Overall,35,7,41,-2.0,-1.370688,0.475719,931,24,
4,474,Overall,Overall,35,11,41,0.0,-0.318549,0.343645,984,17,
4,475,Overall,Overall,35,30,41,3.0,3.038987,0.415654,1152,21,
4,476,Overall,Overall,35,6,41,-0.5,-1.288779,0.467392,936,23,
4,477,Overall,Overall,35,7,41,-2.5,-1.524393,0.499754,924,25,
4,478,Overall,Overall,35,18,41,1.0,0.632738,0.29486,1032,15,
4,479,Overall,Overall,35,26,41,2.0,2.033588,0.332632,1102,17,
4,480,Overall,Overall,35,7,41,-0.5,-1.386854,0.484039,931,24,
4,481,Overall,Overall,35,3,41,-3.0,-2.640403,0.730887,868,37,
4,482,Overall,Overall,35,1,41,-3.0,-5.0,1.671327,750,84,
4,483,Overall,Overall,35,9,41,-1.0,-1.047964,0.426971,948,21,
4,484,Overall,Overall,35,26,41,2.0,2.052584,0.330194,1103,17,
4,485,Overall,Overall,35,3,41,-3.0,-3.080492,0.859111,846,43,
4,486,Overall,Overall,35,28,41,2.5,2.16951,0.3358,1108,17,
4,487,Overall,Overall,35,28,41,2.5,2.56551,0.360397,1128,18,
4,488,Overall,Overall,35,6,41,-1.5,-1.669179,0.525145,917,26,
4,489,Overall,Overall,35,4,41,-2.0,-2.437184,0.692548,878,35,
4,490,Overall,Overall,35,33,41,3.0,2.877552,0.394811,1144,20,
4,491,Overall,Overall,35,3,41,-2.0,-3.085682,0.851061,846,43,
4,492,Overall,Overall,35,19,41,0.5,0.388362,0.304603,1019,15,
4,493,Overall,Overall,35,4,41,-2.5,-2.534797,0.712041,873,36,
4,494,Overall,Overall,35,26,41,2.0,1.660623,0.312134,1083,16,
4,495,Overall,Overall,35,4,41,-3.0,-2.71684,0.74954,864,37,
4,496,Overall,Overall,35,23,41,2.0,1.318114,0.299835,1066,15,
4,497,Overall,Overall,35,4,41,-3.0,-2.610905,0.719268,869,36,
4,498,Overall,Overall,35,24,41,1.5,1.385517,0.302445,1069,15,
4,499,Overall,Overall,35,11,41,-1.0,-0.644393,0.377768,968,19,
4,500,Overall,Overall,35,31,41,2.5,2.776248,0.37953,1139,19,
4,501,Overall,Overall,35,10,41,-0.5,-0.811115,0.396682,959,20,
4,502,Overall,Overall,35,3,41,-3.0,-3.074928,0.839872,846,42,
4,503,Overall,Overall,35,4,41,-2.0,-2.250312,0.644877,887,32,
4,504,Overall,Overall,35,9,41,-0.5,-0.403273,0.352988,980,18,
4,505,Overall,Overall,35,2,41,-3.0,-4.10394,1.202363,795,60,
4,506,Overall,Overall,35,6,41,-2.0,-1.833764,0.55751,908,28,
4,507,Overall,Overall,35,5,41,-1.0,-1.932192,0.582105,903,29,
4,508,Overall,Overall,35,30,41,2.5,2.281654,0.341816,1114,17,
4,509,Overall,Overall,35,20,41,1.0,1.067606,0.300716,1053,15,
4,510,Overall,Overall,35,26,41,2.0,2.266797,0.34028,1113,17,
4,511,Overall,Overall,35,30,41,2.5,2.430834,0.351041,1122,18,
4,512,Overall,Overall,35,1,41,-3.0,-5.0,1.581585,750,79,
4,513,Overall,Overall,35,25,41,0.5,1.263447,0.305377,1063,15,
4,514,Overall,Overall,35,5,41,-2.0,-1.892165,0.565719,905,28,
4,515,Overall,Overall,35,1,41,-3.0,-4.938385,1.623261,753,81,
4,516,Overall,Overall,35,4,41,-2.5,-2.669869,0.7446,867,37,
4,517,Overall,Overall,35,5,41,-3.0,-2.35019,0.666901,882,33,
4,518,Overall,Overall,35,31,41,2.5,2.886157,0.393983,1144,20,
4,519,Overall,Overall,35,15,41,0.0,0.319888,0.302028,1016,15,
4,520,Overall,Overall,35,4,41,-1.5,-2.651813,0.740142,867,37,
4,521,Overall,Overall,35,25,41,1.5,1.256355,0.300616,1063,15,
4,522,Overall,Overall,35,22,41,0.5,0.93937,0.296529,1047,15,
4,523,Overall,Overall,35,23,41,2.5,2.149478,0.345151,1107,17,
4,524,Overall,Overall,35,26,41,2.0,1.759076,0.317314,1088,16,
4,525,Overall,Overall,35,8,41,-1.5,-1.365316,0.47488,932,24,
4,526,Overall,Overall,35,20,41,1.5,1.355804,0.311286,1068,16,
4,527,Overall,Overall,35,15,41,0.0,0.032841,0.320899,1002,16,
4,528,Overall,Overall,35,7,41,-0.5,-1.280805,0.463101,936,23,
4,529,Overall,Overall,35,15,41,0.0,0.069302,0.313172,1003,16,
4,530,Overall,Overall,35,9,41,-1.0,-0.624685,0.373498,969,19,
4,531,Overall,Overall,35,9,41,-0.5,-1.113281,0.437131,944,22,
4,532,Overall,Overall,35,26,41,1.5,2.119113,0.334181,1106,17,
4,533,Overall,Overall,35,13,41,-0.5,-0.155851,0.332593,992,17,
4,534,Overall,Overall,35,33,41,2.5,2.83982,0.389415,1142,19,
4,535,Overall,Overall,35,5,41,-1.5,-2.457283,0.693761,877,35,
4,536,Overall,Overall,35,25,41,2.0,1.58998,0.309051,1079,15,
4,537,Overall,Overall,35,5,41,-1.5,-1.56562,0.513345,922,26,
4,538,Overall,Overall,35,32,41,3.0,3.187582,0.43758,1159,22,
4,539,Overall,Overall,35,21,41,1.0,0.997658,0.296044,1050,15,
4,540,Overall,Overall,35,3,41,-3.0,-3.049986,0.847961,848,42,
4,541,Overall,Overall,35,3,41,-3.0,-3.59977,1.02866,820,51,
4,542,Overall,Overall,35,15,41,0.5,0.089739,0.311869,1004,16,
4,543,Overall,Overall,35,17,41,0.0,0.387985,0.299876,1019,15,
4,544,Overall,Overall,35,31,41,3.0,2.866167,0.390877,1143,20,
4,545,Overall,Overall,35,16,41,0.0,0.496083,0.297948,1025,15,
4,546,Overall,Overall,35,2,41,-2.5,-3.810036,1.102197,809,55,
4,547,Overall,Overall,35,25,41,2.0,2.051018,0.330785,1103,17,
4,548,Overall,Overall,35,9,41,-1.0,-0.590548,0.371367,970,19,
4,549,Overall,Overall,35,29,41,2.5,2.310989,0.343885,1116,17,
4,550,Overall,Overall,35,26,41,1.0,1.728358,0.316933,1086,16,
4,551,Overall,Overall,35,6,41,-3.0,-1.638341,0.519568,918,26,
4,552,Overall,Overall,35,11,41,0.0,-0.539257,0.36467,973,18,
4,553,Overall,Overall,35,13,41,0.5,0.052875,0.314691,1003,16,
4,554,Overall,Overall,35,7,41,-1.5,-1.296988,0.464257,935,23,
4,555,Overall,Overall,35,5,41,-2.0,-2.149654,0.622333,893,31,
4,556,Overall,Overall,35,7,41,-2.5,-1.934172,0.576253,903,29,
4,557,Overall,Overall,35,25,41,1.5,1.864542,0.324839,1093,16,
4,558,Overall,Overall,35,17,41,0.0,0.511223,0.296551,1026,15,
4,559,Overall,Overall,35,6,41,-1.5,-1.20915,0.45608,940,23,
4,560,Overall,Overall,35,23,41,1.0,1.434302,0.305525,1072,15,
4,561,Overall,Overall,35,12,41,-0.5,-0.244193,0.337079,988,17,
4,562,Overall,Overall,35,3,41,-2.5,-3.145056,0.878918,843,44,
4,563,Overall,Overall,35,33,41,3.0,3.003617,0.409536,1150,20,
4,564,Overall,Overall,35,8,41,-0.5,-0.845381,0.402161,958,20,
4,565,Overall,Overall,35,24,41,2.0,1.940945,0.327228,1097,16,
4,566,Overall,Overall,35,5,41,-2.0,-1.867459,0.563823,907,28,
4,567,Overall,Overall,35,5,41,-1.5,-2.257164,0.645627,887,32,
4,568,Overall,Overall,35,6,41,-1.5,-1.713411,0.53309,914,27,
4,569,Overall,Overall,35,15,41,0.5,0.471526,0.307961,1024,15,
4,570,Overall,Overall,35,8,41,-1.0,-1.165037,0.444675,942,22,
4,571,Overall,Overall,35,31,41,2.5,3.123123,0.422927,1156,21,
4,572,Overall,Overall,35,10,41,-1.0,-0.777002,0.392698,961,20,
4,573,Overall,Overall,35,6,41,-2.5,-2.363585,0.687118,882,34,
4,574,Overall,Overall,35,31,41,3.0,2.937703,0.39636,1147,20,
4,575,Overall,Overall,35,32,41,2.5,3.205808,0.439547,1160,22,
4,576,Overall,Overall,35,2,41,-2.0,-3.293747,0.922688,835,46,
4,577,Overall,Overall,35,13,41,0.5,0.098343,0.311505,1005,16,
4,578,Overall,Overall,35,8,41,-1.0,-1.252358,0.457171,937,23,
4,579,Overall,Overall,35,4,41,-2.0,-2.168744,0.62819,892,31,
4,580,Overall,Overall,35,14,41,0.0,0.144624,0.309409,1007,15,
4,581,Overall,Overall,35,17,41,0.5,0.414177,0.299288,1021,15,
4,582,Overall,Overall,35,3,41,-2.5,-2.661997,0.747685,867,37,
4,583,Overall,Overall,35,13,41,-0.5,-0.283752,0.339769,986,17,
4,584,Overall,Overall,35,22,41,1.5,1.131912,0.297641,1057,15,
4,585,Overall,Overall,35,4,41,-2.5,-2.556864,0.716426,872,36,
4,586,Overall,Overall,35,17,41,1.0,0.477422,0.297759,1024,15,
4,587,Overall,Overall,35,31,41,2.0,2.453371,0.352585,1123,18,
4,588,Overall,Overall,35,21,41,1.0,0.811036,0.297376,1041,15,
4,589,Overall,Overall,35,6,41,-2.0,-1.662145,0.528975,917,26,
4,590,Overall,Overall,35,5,41,-2.5,-2.016685,0.593775,899,30,
4,591,Overall,Overall,35,27,41,2.5,2.565067,0.364769,1128,18,
4,592,Overall,Overall,35,22,41,1.0,1.33149,0.300205,1067,15,
4,593,Overall,Overall,35,5,41,-2.0,-1.953885,0.577685,902,29,
4,594,Overall,Overall,35,22,41,1.5,1.615413,0.320781,1081,16,
4,595,Overall,Overall,35,27,41,1.5,1.701219,0.315487,1085,16,
4,596,Overall,Overall,35,7,41,-1.5,-1.761119,0.54864,912,27,
4,597,Overall,Overall,35,9,41,-1.0,-0.931017,0.411442,953,21,
4,598,Overall,Overall,35,26,41,1.5,1.517467,0.3057,1076,15,
4,599,Overall,Overall,35,5,41,-2.5,-2.179287,0.629187,891,31,
4,600,Overall,Overall,35,22,41,1.0,1.053508,0.298908,1053,15,
4,601,Overall,Overall,35,28,41,2.5,2.644255,0.370247,1132,19,
4,602,Overall,Overall,35,8,41,-1.0,-1.321375,0.467533,934,23,
4,603,Overall,Overall,35,16,41,0.5,0.282666,0.307671,1014,15,
4,604,Overall,Overall,35,4,41,-2.0,-2.030815,0.591896,898,30,
4,605,Overall,Overall,35,9,41,-0.5,-1.135213,0.440133,943,22,
4,606,Overall,Overall,35,19,41,0.5,0.66766,0.294641,1033,15,
4,607,Overall,Overall,35,31,41,3.0,2.550763,0.360796,1128,18,
4,608,Overall,Overall,35,8,41,-1.5,-1.072588,0.430384,946,22,
4,609,Overall,Overall,35,6,41,-1.0,-1.674256,0.527723,916,26,
4,610,Overall,Overall,35,32,41,3.0,3.103666,0.419975,1155,21,
4,611,Overall,Overall,35,4,41,-2.5,-2.029611,0.59287,899,30,
4,612,Overall,Overall,35,8,41,-0.5,-1.310655,0.467724,934,23,
4,613,Overall,Overall,35,19,41,0.5,0.819569,0.296463,1041,15,
4,614,Overall,Overall,35,23,41,1.0,1.008377,0.299511,1050,15,
4,615,Overall,Overall,35,5,41,-1.5,-2.091243,0.606013,895,30,
4,616,Overall,Overall,35,16,41,0.5,0.53623,0.29666,1027,15,
4,617,Overall,Overall,35,6,41,-1.0,-1.360381,0.481431,932,24,
4,618,Overall,Overall,35,26,41,2.0,2.223812,0.338861,1111,17,
4,619,Overall,Overall,35,25,41,1.5,1.991123,0.328736,1100,16,
4,620,Overall,Overall,35,5,41,-2.5,-2.252031,0.639729,887,32,
4,621,Overall,Overall,35,27,41,1.5,1.835323,0.32418,1092,16,
4,622,Overall,Overall,35,12,41,0.0,-0.398935,0.351546,980,18,
4,623,Overall,Overall,35,24,41,1.0,0.972272,0.301306,1049,15,
4,624,Overall,Overall,35,16,41,0.5,0.4445,0.298076,1022,15,
4,625,Overall,Overall,35,21,41,0.5,1.002714,0.298636,1050,15,
4,626,Overall,Overall,35,15,41,0.0,0.110944,0.312445,1006,16,
4,627,Overall,Overall,35,6,41,-1.5,-0.751247,0.396241,962,20,
4,628,Overall,Overall,35,3,41,-2.5,-2.899784,0.806506,855,40,
4,629,Overall,Overall,35,3,41,-3.0,-3.083232,0.858641,846,43,
4,630,Overall,Overall,35,14,41,0.5,0.199546,0.306518,1010,15,
4,631,Overall,Overall,35,4,41,-2.5,-2.559792,0.717506,872,36,
4,632,Overall,Overall,35,31,41,3.0,2.456389,0.353539,1123,18,
4,633,Overall,Overall,35,29,41,2.5,3.008118,0.409178,1150,20,
4,634,Overall,Overall,35,27,41,2.0,1.908102,0.326838,1095,16,
4,635,Overall,Overall,35,3,41,-2.5,-3.459901,0.976156,827,49,
4,636,Overall,Overall,35,19,41,0.5,0.603402,0.296575,1030,15,
4,637,Overall,Overall,35,31,41,3.0,3.17608,0.426617,1159,21,
4,638,Overall,Overall,35,19,41,1.0,1.158711,0.30491,1058,15,
4,639,Overall,Overall,35,6,41,-1.0,-1.423507,0.485192,929,24,
4,640,Overall,Overall,35,14,41,0.5,-0.068738,0.323082,997,16,
4,641,Overall,Overall,35,17,41,0.5,0.322256,0.303993,1016,15,
4,642,Overall,Overall,35,7,41,-1.0,-0.928131,0.416613,954,21,
4,643,Overall,Overall,35,32,41,3.0,3.225829,0.43725,1161,22,
4,644,Overall,Overall,35,9,41,-0.5,-0.749087,0.388445,963,19,
4,645,Overall,Overall,35,25,41,1.5,1.544319,0.306695,1077,15,
4,646,Overall,Overall,35,23,41,2.0,1.804278,0.325985,1090,16,
4,647,Overall,Overall,35,22,41,1.5,1.713987,0.322771,1086,16,
4,648,Overall,Overall,35,34,41,3.0,3.30077,0.452963,1165,23,
4,649,Overall,Overall,35,30,41,2.5,1.73542,0.339346,1087,17,
4,650,Overall,Overall,35,1,41,-3.0,-4.754469,1.487044,762,74,
4,651,Overall,Overall,35,25,41,2.0,2.054128,0.330616,1103,17,
4,652,Overall,Overall,35,29,41,3.0,2.833675,0.392002,1142,20,
4,653,Overall,Overall,35,29,41,3.0,2.672313,0.370305,1134,19,
4,654,Overall,Overall,35,4,41,-3.0,-2.969172,0.819588,852,41,
4,655,Overall,Overall,35,26,41,2.0,2.080916,0.332374,1104,17,
4,656,Overall,Overall,35,29,41,2.5,2.639574,0.3668,1132,18,
4,657,Overall,Overall,35,8,41,-1.5,-1.373607,0.479385,931,24,
4,658,Overall,Overall,35,18,41,0.0,0.453682,0.303614,1023,15,
4,659,Overall,Overall,35,6,41,-2.0,-1.752002,0.540255,912,27,
4,660,Overall,Overall,35,22,41,1.5,1.379059,0.303982,1069,15,
4,661,Overall,Overall,35,29,41,2.0,1.588592,0.330054,1079,17,
4,662,Overall,Overall,35,20,41,1.0,0.906873,0.298285,1045,15,
4,663,Overall,Overall,35,21,41,1.5,1.111979,0.300619,1056,15,
4,664,Overall,Overall,35,22,41,1.0,1.089864,0.297137,1054,15,
4,665,Overall,Overall,35,5,41,-2.0,-2.209362,0.639165,890,32,
4,666,Overall,Overall,35,30,41,2.5,2.484783,0.354061,1124,18,
4,667,Overall,Overall,35,21,41,1.5,1.310034,0.30005,1066,15,
4,668,Overall,Overall,35,6,41,-2.0,-1.50269,0.497347,925,25,
4,669,Overall,Overall,35,5,41,-2.0,-2.316873,0.653998,884,33,
4,670,Overall,Overall,35,13,41,0.5,-0.128884,0.327312,994,16,
4,671,Overall,Overall,35,23,41,1.0,1.092088,0.297006,1055,15,
4,672,Overall,Overall,35,28,41,3.0,2.933149,0.402822,1147,20,
4,673,Overall,Overall,35,26,41,1.0,1.26093,0.309225,1063,15,
4,674,Overall,Overall,35,13,41,-0.5,-0.350695,0.348607,982,17,
4,675,Overall,Overall,35,4,41,-2.5,-2.557796,0.717173,872,36,
4,676,Overall,Overall,35,31,41,3.0,2.926533,0.395623,1146,20,
4,677,Overall,Overall,35,8,41,-0.5,-0.890704,0.415207,955,21,
4,678,Overall,Overall,35,3,41,-3.0,-3.078457,0.848928,846,42,
4,679,Overall,Overall,35,4,41,-3.0,-2.732494,0.762243,863,38,
4,680,Overall,Overall,35,29,41,2.0,2.491825,0.35525,1125,18,
4,681,Overall,Overall,35,33,41,3.0,3.220431,0.440332,1161,22,
4,682,Overall,Overall,35,3,41,-1.5,-2.851375,0.80729,857,40,
4,683,Overall,Overall,35,26,41,1.5,1.736652,0.316465,1087,16,
4,684,Overall,Overall,35,10,41,-1.0,-0.253795,0.338379,987,17,
4,685,Overall,Overall,35,18,41,0.0,0.54799,0.296314,1027,15,
4,686,Overall,Overall,35,2,41,-3.0,-3.988489,1.17318,801,59,
4,687,Overall,Overall,35,15,41,0.5,-0.041862,0.325134,998,16,
4,688,Overall,Overall,35,3,41,-3.0,-2.450464,0.690809,877,35,
4,689,Overall,Overall,35,4,41,-2.5,-2.586785,0.713507,871,36,
4,690,Overall,Overall,35,3,41,-2.5,-3.485008,0.989839,826,49,
4,691,Overall,Overall,35,18,41,1.0,0.521442,0.29668,1026,15,
4,692,Overall,Overall,35,25,41,1.5,2.01795,0.32947,1101,16,
4,693,Overall,Overall,35,27,41,2.5,2.53319,0.358317,1127,18,
4,694,Overall,Overall,35,6,41,-1.0,-1.505232,0.497972,925,25,
4,695,Overall,Overall,35,7,41,-1.5,-1.617643,0.5162,919,26,
4,696,Overall,Overall,35,6,41,-2.0,-1.525055,0.505207,924,25,
4,697,Overall,Overall,35,30,41,2.5,3.094421,0.416114,1155,21,
4,698,Overall,Overall,35,27,41,3.0,2.23114,0.340081,1112,17,
4,699,Overall,Overall,35,0,41,-2.5,-5.0,1.669858,750,83,
4,700,Overall,Overall,35,3,41,-2.5,-3.34643,0.931699,833,47,
4,701,Overall,Overall,35,4,41,-2.0,-2.117853,0.615257,894,31,
4,702,Overall,Overall,35,31,41,2.5,2.752462,0.380764,1138,19,
4,703,Overall,Overall,35,4,41,-3.0,-2.608072,0.734849,870,37,
4,704,Overall,Overall,35,7,41,-2.0,-1.734711,0.544406,913,27,
4,705,Overall,Overall,35,30,41,2.5,2.589054,0.363363,1129,18,
4,706,Overall,Overall,35,27,41,2.0,1.84325,0.321459,1092,16,
4,707,Overall,Overall,35,12,41,0.0,-0.119602,0.326345,994,16,
4,708,Overall,Overall,35,6,41,-1.0,-1.279305,0.462854,936,23,
4,709,Overall,Overall,35,5,41,-2.5,-2.428709,0.685879,879,34,
4,710,Overall,Overall,35,10,41,-1.0,-0.961163,0.41646,952,21,
4,711,Overall,Overall,35,24,41,1.5,1.818012,0.326112,1091,16,
4,712,Overall,Overall,35,19,41,1.0,0.906602,0.297942,1045,15,
4,713,Overall,Overall,35,7,41,-1.0,-1.326262,0.469322,934,23,
4,714,Overall,Overall,35,27,41,1.5,1.618015,0.310682,1081,16,
4,715,Overall,Overall,35,3,41,-2.5,-2.904997,0.807972,855,40,
4,716,Overall,Overall,35,25,41,2.5,2.252159,0.344292,1113,17,
4,717,Overall,Overall,35,27,41,2.5,2.166199,0.335244,1108,17,
4,718,Overall,Overall,35,9,41,-0.5,-0.368982,0.352179,982,18,
4,719,Overall,Overall,35,4,41,-3.0,-2.500688,0.693136,875,35,
4,720,Overall,Overall,35,23,41,1.5,1.389344,0.301827,1069,15,
4,721,Overall,Overall,35,33,41,3.0,2.712495,0.378464,1136,19,
4,722,Overall,Overall,35,6,41,-2.0,-1.883108,0.572503,906,29,
4,723,Overall,Overall,35,3,41,-2.0,-2.756182,0.766961,862,38,
4,724,Overall,Overall,35,3,41,-2.0,-2.917032,0.802799,854,40,
4,725,Overall,Overall,35,21,41,1.5,1.119195,0.297619,1056,15,
4,726,Overall,Overall,35,5,41,-2.0,-1.734364,0.539347,913,27,
4,727,Overall,Overall,35,13,41,-0.5,-0.25313,0.34138,987,17,
4,728,Overall,Overall,35,4,41,-2.5,-2.810006,0.774931,859,39,
4,729,Overall,Overall,35,31,41,3.0,2.937155,0.397134,1147,20,
4,730,Overall,Overall,35,6,41,-1.5,-1.430473,0.486424,928,24,
4,731,Overall,Overall,35,11,41,0.0,-0.161829,0.330095,992,17,
4,732,Overall,Overall,35,10,41,-0.5,-0.457392,0.35553,977,18,
4,733,Overall,Overall,35,2,41,-3.0,-2.725225,0.780138,864,39,
4,734,Overall,Overall,35,3,41,-2.5,-2.7757,0.773218,861,39,
4,735,Overall,Overall,35,7,41,-1.0,-1.883907,0.566806,906,28,
4,736,Overall,Overall,35,7,41,-1.0,-1.228097,0.453553,939,23,
4,737,Overall,Overall,35,27,41,2.5,2.172187,0.33522,1109,17,
4,738,Overall,Overall,35,32,41,2.5,3.461107,0.482375,1173,24,
4,739,Overall,Overall,35,1,41,-3.0,-5.0,1.621361,750,81,
4,740,Overall,Overall,35,7,41,-1.5,-1.403829,0.48691,930,24,
4,741,Overall,Overall,35,6,41,-2.0,-1.502302,0.496884,925,25,
4,742,Overall,Overall,35,27,41,2.0,1.580563,0.308431,1079,15,
4,743,Overall,Overall,35,4,41,-3.0,-2.860645,0.795592,857,40,
4,744,Overall,Overall,35,6,41,-2.5,-1.653119,0.524272,917,26,
4,745,Overall,Overall,35,6,41,-1.5,-1.255724,0.461685,937,23,
4,746,Overall,Overall,35,24,41,1.0,1.155446,0.30133,1058,15,
4,747,Overall,Overall,35,8,41,-0.5,-0.828693,0.404179,959,20,
4,748,Overall,Overall,35,29,41,3.0,2.47702,0.352301,1124,18,
4,749,Overall,Overall,35,5,41,-3.0,-2.267013,0.64792,887,32,
4,750,Overall,Overall,35,29,41,2.5,2.771014,0.384475,1139,19,
4,751,Overall,Overall,35,28,41,2.5,2.404683,0.348732,1120,17,
4,752,Overall,Overall,35,22,41,1.5,1.814847,0.329779,1091,16,
4,753,Overall,Overall,35,18,41,1.0,0.741002,0.297635,1037,15,
4,754,Overall,Overall,35,27,41,1.5,1.513153,0.310513,1076,16,
4,755,Overall,Overall,35,27,41,1.0,1.614926,0.314182,1081,16,
4,756,Overall,Overall,35,3,41,-3.0,-2.909022,0.795193,855,40,
4,757,Overall,Overall,35,10,41,-0.5,-0.53763,0.36345,973,18,
4,758,Overall,Overall,35,31,41,3.0,2.850302,0.387091,1143,19,
4,759,Overall,Overall,35,32,41,3.0,3.118295,0.427863,1156,21,
4,760,Overall,Overall,35,31,41,2.5,2.70193,0.377207,1135,19,
4,761,Overall,Overall,35,15,41,0.0,0.034537,0.315586,1002,16,
4,762,Overall,Overall,35,17,41,0.5,0.769824,0.30279,1038,15,
4,763,Overall,Overall,35,20,41,0.5,0.659409,0.297877,1033,15,
4,764,Overall,Overall,35,4,41,-2.5,-2.544987,0.713949,873,36,
4,765,Overall,Overall,35,4,41,-2.0,-2.358947,0.670185,882,34,
4,766,Overall,Overall,35,6,41,-3.0,-1.678036,0.533001,916,27,
4,767,Overall,Overall,35,21,41,1.5,1.125412,0.297636,1056,15,
4,768,Overall,Overall,35,9,41,-1.0,-0.658322,0.379296,967,19,
4,769,Overall,Overall,35,8,41,-0.5,-0.593812,0.373676,970,19,
4,770,Overall,Overall,35,7,41,-1.0,-1.442244,0.48744,928,24,
4,771,Overall,Overall,35,22,41,0.5,1.140772,0.304947,1057,15,
4,772,Overall,Overall,35,28,41,2.5,2.922011,0.402539,1146,20,
4,773,Overall,Overall,35,9,41,-1.0,-1.188148,0.447341,941,22,
4,774,Overall,Overall,35,7,41,-1.0,-1.215922,0.457195,939,23,
4,775,Overall,Overall,35,5,41,-2.5,-2.293064,0.653935,885,33,
4,776,Overall,Overall,35,3,41,-3.0,-3.198142,0.89694,840,45,
4,777,Overall,Overall,35,6,41,-1.5,-1.767042,0.544795,912,27,
4,778,Overall,Overall,35,7,41,-1.0,-1.32554,0.470635,934,24,
4,779,Overall,Overall,35,7,41,-2.0,-1.327524,0.46998,934,23,
4,780,Overall,Overall,35,9,41,-0.5,-0.47723,0.357674,976,18,
4,781,Overall,Overall,35,28,41,3.0,2.502466,0.356441,1125,18,
4,782,Overall,Overall,35,7,41,-1.0,-0.795574,0.403472,960,20,
4,783,Overall,Overall,35,9,41,-1.5,-1.656598,0.530782,917,27,
4,784,Overall,Overall,35,26,41,1.0,1.153471,0.301349,1058,15,
4,785,Overall,Overall,35,0,41,-3.0,-5.0,1.693383,750,85,
4,786,Overall,Overall,35,23,41,1.5,1.853226,0.328006,1093,16,
4,787,Overall,Overall,35,19,41,1.5,0.829584,0.297424,1041,15,
4,788,Overall,Overall,35,25,41,1.0,1.247163,0.304709,1062,15,
4,789,Overall,Overall,35,2,41,-2.5,-4.188854,1.264303,791,63,
4,790,Overall,Overall,35,5,41,-1.0,-2.154581,0.623258,892,31,
4,791,Overall,Overall,35,9,41,-1.5,-0.865091,0.402309,957,20,
4,792,Overall,Overall,35,5,41,-1.5,-2.276808,0.645407,886,32,
4,793,Overall,Overall,35,5,41,-2.5,-2.459266,0.686522,877,34,
4,794,Overall,Overall,35,13,41,-0.5,0.199434,0.306763,1010,15,
4,795,Overall,Overall,35,4,41,-2.0,-2.712704,0.756715,864,38,
4,796,Overall,Overall,35,10,41,-0.5,-0.876424,0.404576,956,20,
4,797,Overall,Overall,35,26,41,2.0,1.828184,0.323774,1091,16,
4,798,Overall,Overall,35,29,41,2.5,2.779636,0.379442,1139,19,
4,799,Overall,Overall,35,26,41,1.5,1.405119,0.303574,1070,15,
4,800,Overall,Overall,35,15,41,0.5,0.615531,0.310486,1031,16,
4,801,Overall,Overall,35,20,41,0.5,0.863457,0.295958,1043,15,
4,802,Overall,Overall,35,4,41,-2.5,-2.564,0.708143,872,35,
4,803,Overall,Overall,35,9,41,-1.0,-1.070084,0.430198,946,22,
4,804,Overall,Overall,35,18,41,1.0,0.962467,0.302949,1048,15,
4,805,Overall,Overall,35,6,41,-1.5,-1.789543,0.546534,911,27,
4,806,Overall,Overall,35,3,41,-2.5,-2.794463,0.777516,860,39,
4,807,Overall,Overall,35,12,41,0.0,0.019506,0.315761,1001,16,
4,808,Overall,Overall,35,5,41,-3.0,-2.552804,0.715294,872,36,
4,809,Overall,Overall,35,32,41,3.0,3.772165,0.518915,1189,26,
4,810,Overall,Overall,35,27,41,1.5,2.074259,0.331497,1104,17,
4,811,Overall,Overall,35,29,41,3.0,2.90888,0.399643,1145,20,
4,812,Overall,Overall,35,26,41,1.5,1.999002,0.329178,1100,16,
4,813,Overall,Overall,35,20,41,0.0,0.654293,0.296162,1033,15,
4,814,Overall,Overall,35,14,41,0.5,0.064511,0.314887,1003,16,
4,815,Overall,Overall,35,30,41,3.0,3.486505,0.485277,1174,24,
4,816,Overall,Overall,35,2,41,-2.5,-3.528377,0.991815,824,50,
4,817,Overall,Overall,35,2,41,-3.0,-3.220764,0.892061,839,45,
4,818,Overall,Overall,35,15,41,0.5,0.155031,0.308202,1008,15,
4,819,Overall,Overall,35,30,41,2.0,2.587043,0.361587,1129,18,
4,820,Overall,Overall,35,9,41,-1.0,-0.761688,0.391713,962,20,
4,821,Overall,Overall,35,6,41,-2.0,-1.646694,0.524784,918,26,
4,822,Overall,Overall,35,32,41,2.0,2.577361,0.365519,1129,18,
4,823,Overall,Overall,35,23,41,1.0,1.205304,0.298291,1060,15,
4,824,Overall,Overall,35,5,41,-1.0,-2.027448,0.592367,899,30,
4,825,Overall,Overall,35,23,41,1.5,1.356999,0.301037,1068,15,
4,826,Overall,Overall,35,12,41,0.0,0.006087,0.318504,1000,16,
4,827,Overall,Overall,35,12,41,-0.5,-0.139047,0.326955,993,16,
4,828,Overall,Overall,35,17,41,0.5,0.57628,0.300275,1029,15,
4,829,Overall,Overall,35,5,41,-1.5,-2.476518,0.697088,876,35,
4,830,Overall,Overall,35,5,41,-2.5,-2.290074,0.653265,885,33,
4,831,Overall,Overall,35,10,41,-0.5,-0.343026,0.345967,983,17,
4,832,Overall,Overall,35,2,41,-2.5,-3.832447,1.116997,808,56,
4,833,Overall,Overall,35,13,41,-0.5,-0.419264,0.356031,979,18,
4,834,Overall,Overall,35,6,41,-1.0,-1.694247,0.534995,915,27,
4,835,Overall,Overall,35,23,41,1.0,1.227757,0.298707,1061,15,
4,836,Overall,Overall,35,16,41,0.0,0.048008,0.317137,1002,16,
4,837,Overall,Overall,35,4,41,-3.0,-2.964757,0.815832,852,41,
4,838,Overall,Overall,35,4,41,-2.5,-2.670935,0.737922,866,37,
4,839,Overall,Overall,35,3,41,-2.5,-3.172808,0.875542,841,44,
4,840,Overall,Overall,35,6,41,-2.0,-1.831973,0.556997,908,28,
4,841,Overall,Overall,35,18,41,0.5,0.701996,0.297987,1035,15,
4,842,Overall,Overall,35,27,41,2.0,2.213323,0.338206,1111,17,
4,843,Overall,Overall,35,33,41,3.0,3.173292,0.433013,1159,22,
4,844,Overall,Overall,35,9,41,0.0,-0.83117,0.397934,958,20,
4,845,Overall,Overall,35,31,41,3.0,3.276336,0.44999,1164,22,
4,846,Overall,Overall,35,8,41,-0.5,-0.77103,0.392158,961,20,
4,847,Overall,Overall,35,16,41,0.5,0.421733,0.29863,1021,15,
4,848,Overall,Overall,35,10,41,-1.0,-0.801805,0.396387,960,20,
4,849,Overall,Overall,35,35,41,3.0,3.356544,0.465586,1168,23,
4,850,Overall,Overall,35,29,41,2.5,2.479703,0.35385,1124,18,
4,851,Overall,Overall,35,27,41,2.5,2.138047,0.336475,1107,17,
4,852,Overall,Overall,35,16,41,0.5,0.131827,0.310236,1007,16,
4,853,Overall,Overall,35,26,41,1.5,1.945521,0.326706,1097,16,
4,854,Overall,Overall,35,5,41,-2.5,-1.941612,0.582319,903,29,
4,855,Overall,Overall,35,15,41,0.0,0.129173,0.310175,1006,16,
4,856,Overall,Overall,35,10,41,-0.5,-0.415707,0.354121,979,18,
4,857,Overall,Overall,35,5,41,-1.5,-1.591047,0.517552,920,26,
4,858,Overall,Overall,35,5,41,-3.0,-2.267886,0.643578,887,32,
4,859,Overall,Overall,35,6,41,-1.0,-1.687363,0.530343,916,27,
4,860,Overall,Overall,35,27,41,2.0,1.858144,0.322854,1093,16,
4,861,Overall,Overall,35,1,41,-3.0,-4.944539,1.613255,753,81,
4,862,Overall,Overall,35,16,41,0.5,0.378419,0.303176,1019,15,
4,863,Overall,Overall,35,10,41,-1.0,-0.788567,0.394176,961,20,
4,864,Overall,Overall,35,3,41,-2.5,-3.143948,0.876089,843,44,
4,865,Overall,Overall,35,22,41,1.5,1.22702,0.301815,1061,15,
4,866,Overall,Overall,35,15,41,0.5,0.068667,0.316194,1003,16,
4,867,Overall,Overall,35,15,41,0.5,0.255593,0.30396,1013,15,
4,868,Overall,Overall,35,17,41,1.0,0.499386,0.297385,1025,15,
4,869,Overall,Overall,35,12,41,-0.5,-0.428495,0.355366,979,18,
4,870,Overall,Overall,35,28,41,2.0,2.290122,0.341982,1115,17,
4,871,Overall,Overall,35,2,41,-3.0,-3.46554,0.983414,827,49,
4,872,Overall,Overall,35,6,41,-0.5,-1.538063,0.507781,923,25,
4,873,Overall,Overall,35,15,41,0.5,0.279493,0.302924,1014,15,
4,874,Overall,Overall,35,5,41,-2.5,-1.869325,0.564216,907,28,
4,875,Overall,Overall,35,4,41,-2.5,-2.742016,0.763033,863,38,
4,876,Overall,Overall,35,33,41,3.0,3.304133,0.45368,1165,23,
4,877,Overall,Overall,35,6,41,-1.5,-1.83362,0.560205,908,28,
4,878,Overall,Overall,35,9,41,-0.5,-0.876267,0.405987,956,20,
4,879,Overall,Overall,35,8,41,-0.5,-0.943249,0.417128,953,21,
4,880,Overall,Overall,35,22,41,1.0,1.033472,0.296583,1052,15,
4,881,Overall,Overall,35,5,41,-2.5,-2.582834,0.715567,871,36,
4,882,Overall,Overall,35,31,41,2.5,3.406787,0.472277,1170,24,
4,883,Overall,Overall,35,7,41,-2.0,-1.227165,0.45294,939,23,
4,884,Overall,Overall,35,1,41,-2.0,-4.938385,1.623261,753,81,
4,885,Overall,Overall,35,26,41,2.0,2.193508,0.337105,1110,17,
4,886,Overall,Overall,35,8,41,-1.0,-0.960607,0.417712,952,21,
4,887,Overall,Overall,35,30,41,2.0,2.709428,0.374396,1135,19,
4,888,Overall,Overall,35,11,41,-1.0,-0.783026,0.393395,961,20,
4,889,Overall,Overall,35,33,41,3.0,3.269081,0.450869,1163,23,
4,890,Overall,Overall,35,24,41,1.0,2.017939,0.33038,1101,17,
4,891,Overall,Overall,35,20,41,0.5,0.748559,0.294704,1037,15,
4,892,Overall,Overall,35,33,41,3.0,3.213984,0.44129,1161,22,
4,893,Overall,Overall,35,27,41,2.5,2.474269,0.3586,1124,18,
4,894,Overall,Overall,35,12,41,0.0,-0.58782,0.369998,971,18,
4,895,Overall,Overall,35,14,41,0.0,0.130448,0.311129,1007,16,
4,896,Overall,Overall,35,20,41,1.0,0.81219,0.294486,1041,15,
4,897,Overall,Overall,35,6,41,-1.5,-1.751308,0.539531,912,27,
4,898,Overall,Overall,35,2,41,-3.0,-3.352878,0.941222,832,47,
4,899,Overall,Overall,35,21,41,1.5,1.166576,0.298337,1058,15,
4,900,Overall,Overall,35,6,41,-1.0,-1.591588,0.511305,920,26,
4,901,Overall,Overall,35,6,41,-1.0,-1.430811,0.486544,928,24,
4,902,Overall,Overall,35,8,41,-2.0,-1.255786,0.45974,937,23,
4,903,Overall,Overall,35,31,41,2.5,2.757212,0.378499,1138,19,
4,904,Overall,Overall,35,28,41,2.5,2.565328,0.359728,1128,18,
4,905,Overall,Overall,35,37,41,3.0,4.923435,0.629961,1246,31,
4,906,Overall,Overall,35,18,41,0.5,0.655824,0.29727,1033,15,
4,907,Overall,Overall,35,7,41,-1.5,-1.169786,0.447566,942,22,
4,908,Overall,Overall,35,20,41,1.0,1.00665,0.298769,1050,15,
4,909,Overall,Overall,35,5,41,-2.5,-2.167448,0.621859,892,31,
4,910,Overall,Overall,35,2,41,-1.5,-3.220764,0.892061,839,45,
4,911,Overall,Overall,35,4,41,-2.5,-2.532708,0.700821,873,35,
4,912,Overall,Overall,35,5,41,-3.0,-2.370147,0.663407,881,33,
4,913,Overall,Overall,35,29,41,3.0,3.276556,0.458725,1164,23,
4,914,Overall,Overall,35,26,41,2.0,1.987582,0.328019,1099,16,
4,915,Overall,Overall,35,9,41,-1.0,-0.283849,0.342631,986,17,
4,916,Overall,Overall,35,25,41,1.5,1.409903,0.302852,1070,15,
4,917,Overall,Overall,35,7,41,-1.5,-1.247615,0.456045,938,23,
4,918,Overall,Overall,35,19,41,1.0,0.621387,0.295281,1031,15,
4,919,Overall,Overall,35,34,41,3.0,3.411935,0.468733,1171,23,
4,920,Overall,Overall,35,27,41,2.0,2.372768,0.347032,1119,17,
4,921,Overall,Overall,35,30,41,2.5,2.550948,0.359423,1128,18,
4,922,Overall,Overall,35,23,41,1.0,1.244406,0.299109,1062,15,
4,923,Overall,Overall,35,8,41,-2.0,-1.313861,0.465778,934,23,
4,924,Overall,Overall,35,5,41,-1.0,-1.942484,0.578627,903,29,
4,925,Overall,Overall,35,5,41,-3.0,-2.484803,0.699053,876,35,
4,926,Overall,Overall,35,29,41,2.5,2.547203,0.357838,1127,18,
4,927,Overall,Overall,35,8,41,-0.5,-0.70497,0.384084,965,19,
4,928,Overall,Overall,35,4,41,-1.5,-2.526744,0.702935,874,35,
4,929,Overall,Overall,35,32,41,2.5,2.664942,0.369966,1133,18,
4,930,Overall,Overall,35,24,41,1.0,1.461891,0.305626,1073,15,
4,931,Overall,Overall,35,29,41,3.0,2.663546,0.372644,1133,19,
4,932,Overall,Overall,35,11,41,-1.0,-0.663451,0.378335,967,19,
4,933,Overall,Overall,35,20,41,0.5,0.619765,0.298987,1031,15,
4,934,Overall,Overall,35,19,41,0.5,0.796338,0.294819,1040,15,
4,935,Overall,Overall,35,2,41,-3.0,-3.540363,1.007175,823,50,
4,936,Overall,Overall,35,26,41,1.0,1.639882,0.311253,1082,16,
4,937,Overall,Overall,35,25,41,2.5,2.115973,0.334727,1106,17,
4,938,Overall,Overall,35,17,41,1.0,0.908084,0.30203,1045,15,
4,939,Overall,Overall,35,5,41,-2.0,-2.205183,0.635987,890,32,
4,940,Overall,Overall,35,7,41,-1.5,-1.164975,0.443637,942,22,
4,941,Overall,Overall,35,20,41,1.0,0.73351,0.294518,1037,15,
4,942,Overall,Overall,35,17,41,0.5,0.40658,0.299597,1020,15,
4,943,Overall,Overall,35,1,41,-3.0,-4.568789,1.441764,772,72,
4,944,Overall,Overall,35,34,41,3.0,3.44039,0.470899,1172,24,
4,945,Overall,Overall,35,26,41,1.5,1.962968,0.327365,1098,16,
4,946,Overall,Overall,35,29,41,2.0,2.570663,0.360076,1129,18,
4,947,Overall,Overall,35,29,41,3.0,2.270967,0.341603,1114,17,
4,948,Overall,Overall,35,26,41,3.0,2.011632,0.330972,1101,17,
4,949,Overall,Overall,35,8,41,-2.0,-1.49696,0.497145,925,25,
4,950,Overall,Overall,35,22,41,1.5,1.448939,0.305919,1072,15,
4,951,Overall,Overall,35,4,41,-3.0,-2.280321,0.66379,886,33,
4,952,Overall,Overall,35,17,41,0.5,0.404245,0.299661,1020,15,
4,953,Overall,Overall,35,17,41,0.0,0.342731,0.303401,1017,15,
4,954,Overall,Overall,35,8,41,-2.0,-0.79105,0.396659,960,20,
4,955,Overall,Overall,35,17,41,0.0,0.613037,0.299835,1031,15,
4,956,Overall,Overall,35,26,41,2.0,1.765376,0.318581,1088,16,
4,957,Overall,Overall,35,8,41,-1.0,-0.910419,0.408639,954,20,
4,958,Overall,Overall,35,27,41,2.0,1.828013,0.322306,1091,16,
4,959,Overall,Overall,35,8,41,-0.5,-1.224626,0.455314,939,23,
4,960,Overall,Overall,35,16,41,0.5,0.44877,0.304303,1022,15,
4,961,Overall,Overall,35,12,41,0.0,-0.264031,0.336596,987,17,
4,962,Overall,Overall,35,30,41,2.0,2.520797,0.356863,1126,18,
4,963,Overall,Overall,35,30,41,3.0,3.415276,0.47474,1171,24,
4,964,Overall,Overall,35,24,41,1.5,1.536202,0.306426,1077,15,
4,965,Overall,Overall,35,15,41,0.0,0.227317,0.30697,1011,15,
4,966,Overall,Overall,35,23,41,1.0,1.022938,0.300611,1051,15,
4,967,Overall,Overall,35,30,41,3.0,2.839049,0.386988,1142,19,
4,968,Overall,Overall,35,31,41,3.0,3.629173,0.501627,1181,25,
4,969,Overall,Overall,35,9,41,-2.5,-1.277881,0.468583,936,23,
4,970,Overall,Overall,35,4,41,-1.5,-2.315143,0.660097,884,33,
4,971,Overall,Overall,35,30,41,3.0,2.772682,0.384678,1139,19,
4,972,Overall,Overall,35,1,41,-2.5,-5.0,1.671327,750,84,
4,973,Overall,Overall,35,15,41,0.0,0.434183,0.298586,1022,15,
4,974,Overall,Overall,35,31,41,2.0,2.565021,0.361981,1128,18,
4,975,Overall,Overall,35,28,41,3.0,2.712022,0.375664,1136,19,
4,976,Overall,Overall,35,11,41,0.0,-0.435253,0.352708,978,18,
4,977,Overall,Overall,35,11,41,0.0,-0.406268,0.350258,980,18,
4,978,Overall,Overall,35,30,41,2.0,2.036648,0.348265,1102,17,
4,979,Overall,Overall,35,4,41,-2.5,-2.460578,0.684584,877,34,
4,980,Overall,Overall,35,20,41,1.5,1.226291,0.301809,1061,15,
4,981,Overall,Overall,35,32,41,2.5,2.948072,0.398196,1147,20,
4,982,Overall,Overall,35,6,41,-2.0,-1.049546,0.430726,948,22,
4,983,Overall,Overall,35,22,41,1.0,1.159034,0.298134,1058,15,
4,984,Overall,Overall,35,18,41,1.5,0.892231,0.29861,1045,15,
4,985,Overall,Overall,35,30,41,3.0,3.342465,0.465347,1167,23,
4,986,Overall,Overall,35,26,41,1.5,1.313426,0.302354,1066,15,
4,987,Overall,Overall,35,3,41,-3.0,-2.800124,0.765779,860,38,
4,988,Overall,Overall,35,22,41,0.5,1.139381,0.301941,1057,15,
4,989,Overall,Overall,35,5,41,-1.5,-2.192357,0.631381,890,32,
4,990,Overall,Overall,35,4,41,-2.0,-2.708223,0.754666,865,38,
4,991,Overall,Overall,35,7,41,-2.0,-1.235081,0.454167,938,23,
4,992,Overall,Overall,35,12,41,-1.0,-0.545027,0.366712,973,18,
4,993,Overall,Overall,35,23,41,1.0,1.016367,0.299723,1051,15,
4,994,Overall,Overall,35,31,41,2.5,2.736378,0.379968,1137,19,
4,995,Overall,Overall,35,10,41,-0.5,-0.735467,0.387836,963,19,
4,996,Overall,Overall,35,28,41,2.0,1.847004,0.324808,1092,16,
4,997,Overall,Overall,35,25,41,1.0,1.429947,0.30269,1071,15,
4,998,Overall,Overall,35,30,41,2.0,2.363902,0.346667,1118,17,
4,999,Overall,Overall,35,15,41,1.0,0.384033,0.307166,1019,15,
4,1000,Overall,Overall,35,33,41,2.5,2.84313,0.39567,1142,20,
4,1001,Overall,Overall,35,10,41,0.5,-0.522736,0.362587,974,18,
4,1002,Overall,Overall,35,32,41,3.0,3.112761,0.42231,1156,21,
4,1003,Overall,Overall,35,27,41,2.0,1.780001,0.31945,1089,16,
4,1004,Overall,Overall,35,12,41,-1.0,-0.672001,0.381037,966,19,
4,1005,Overall,Overall,35,9,41,-1.5,-0.971025,0.419173,951,21,
4,1006,Overall,Overall,35,31,41,3.0,3.034245,0.409835,1152,20,
4,1007,Overall,Overall,35,32,41,3.0,3.741272,0.509303,1187,25,
4,1008,Overall,Overall,35,11,41,-1.0,-0.521947,0.362502,974,18,
4,1009,Overall,Overall,35,12,41,0.0,-0.004328,0.318402,1000,16,
4,1010,Overall,Overall,35,19,41,1.0,0.743859,0.295003,1037,15,
4,1011,Overall,Overall,35,29,41,2.5,2.291634,0.341607,1115,17,
4,1012,Overall,Overall,35,28,41,3.0,2.808292,0.388844,1140,19,
4,1013,Overall,Overall,35,28,41,2.5,2.458906,0.352027,1123,18,
4,1014,Overall,Overall,35,11,41,0.0,-0.451047,0.355046,977,18,
4,1015,Overall,Overall,35,12,41,-0.5,-0.217058,0.337107,989,17,
4,1016,Overall,Overall,35,4,41,-3.0,-2.459255,0.693419,877,35,
4,1017,Overall,Overall,35,20,41,0.5,0.934986,0.298388,1047,15,
4,1018,Overall,Overall,35,11,41,-1.0,-0.320768,0.343092,984,17,
4,1019,Overall,Overall,35,31,41,3.0,2.825235,0.386378,1141,19,
4,1020,Overall,Overall,35,5,41,-2.0,-1.734239,0.541304,913,27,
4,1021,Overall,Overall,35,25,41,2.5,2.187069,0.336839,1109,17,
4,1022,Overall,Overall,35,24,41,2.5,2.017271,0.334039,1101,17,
4,1023,Overall,Overall,35,3,41,-3.0,-2.873231,0.790779,856,40,
4,1024,Overall,Overall,35,4,41,-2.5,-2.309838,0.657711,885,33,
4,1025,Overall,Overall,35,13,41,-0.5,-0.055309,0.322198,997,16,
4,1026,Overall,Overall,35,5,41,-2.5,-1.674165,0.53053,916,27,
4,1027,Overall,Overall,35,12,41,0.0,-0.270779,0.343509,986,17,
4,1028,Overall,Overall,35,7,41,-1.5,-1.1691,0.445226,942,22,
4,1029,Overall,Overall,35,17,41,0.0,0.412987,0.298845,1021,15,
4,1030,Overall,Overall,35,21,41,1.0,1.084557,0.297452,1054,15,
4,1031,Overall,Overall,35,14,41,0.0,0.180916,0.308194,1009,15,
4,1032,Overall,Overall,35,13,41,0.0,-0.080186,0.322927,996,16,
4,1033,Overall,Overall,35,9,41,-1.5,-1.041351,0.426377,948,21,
4,1034,Overall,Overall,35,18,41,0.5,0.342947,0.301379,1017,15,
4,1035,Overall,Overall,35,4,41,-2.5,-2.562006,0.717712,872,36,
4,1036,Overall,Overall,35,23,41,1.0,1.112053,0.299817,1056,15,
4,1037,Overall,Overall,35,30,41,3.0,2.671816,0.370056,1134,19,
4,1038,Overall,Overall,35,21,41,1.0,0.992049,0.296019,1050,15,
4,1039,Overall,Overall,35,25,41,1.5,1.458261,0.303616,1073,15,
4,1040,Overall,Overall,35,5,41,-2.0,-2.393042,0.68089,880,34,
4,1041,Overall,Overall,35,11,41,-0.5,-0.256441,0.336835,987,17,
4,1042,Overall,Overall,35,7,41,-1.5,-1.27401,0.460664,936,23,
4,1043,Overall,Overall,35,10,41,-0.5,-0.319503,0.341623,984,17,
4,1044,Overall,Overall,35,22,41,1.5,1.273665,0.303719,1064,15,
4,1045,Overall,Overall,35,9,41,-0.5,-0.860133,0.40323,957,20,
4,1046,Overall,Overall,35,9,41,0.0,-0.776333,0.39355,961,20,
4,1047,Overall,Overall,35,26,41,1.5,1.345486,0.304122,1067,15,
4,1048,Overall,Overall,35,8,41,-0.5,-1.128996,0.438392,944,22,
4,1049,Overall,Overall,35,18,41,0.0,0.416793,0.29879,1021,15,
4,1050,Overall,Overall,35,3,41,-2.0,-3.452109,0.977166,827,49,
4,1051,Overall,Overall,35,26,41,2.0,1.560416,0.307145,1078,15,
4,1052,Overall,Overall,35,2,41,-3.0,-3.543409,1.008235,823,50,
4,1053,Overall,Overall,35,10,41,0.0,-0.565306,0.36717,972,18,
4,1054,Overall,Overall,35,12,41,0.0,-0.041217,0.320181,998,16,
4,1055,Overall,Overall,35,11,41,0.0,-0.024744,0.3316,999,17,
4,1056,Overall,Overall,35,25,41,1.5,1.501708,0.30542,1075,15,
4,1057,Overall,Overall,35,26,41,1.5,1.781198,0.321452,1089,16,
4,1058,Overall,Overall,35,3,41,-2.0,-2.744833,0.769497,863,38,
4,1059,Overall,Overall,35,21,41,1.0,0.842763,0.29582,1042,15,
4,1060,Overall,Overall,35,3,41,-2.0,-3.138889,0.877059,843,44,
4,1061,Overall,Overall,35,4,41,-1.5,-2.103736,0.615751,895,31,
4,1062,Overall,Overall,35,12,41,-0.5,-0.517692,0.366327,974,18,
4,1063,Overall,Overall,35,19,41,0.5,0.665156,0.295283,1033,15,
4,1064,Overall,Overall,35,14,41,0.5,0.314986,0.311178,1016,16,
4,1065,Overall,Overall,35,30,41,3.0,2.875663,0.39493,1144,20,
4,1066,Overall,Overall,35,24,41,1.5,1.23434,0.303866,1062,15,
4,1067,Overall,Overall,35,4,41,-2.5,-2.256626,0.642683,887,32,
4,1068,Overall,Overall,35,26,41,2.5,1.822201,0.325589,1091,16,
4,1069,Overall,Overall,35,20,41,1.0,0.995006,0.297326,1050,15,
4,1070,Overall,Overall,35,5,41,-2.0,-1.792355,0.547629,910,27,
4,1071,Overall,Overall,35,24,41,1.5,1.392696,0.301651,1070,15,
4,1072,Overall,Overall,35,13,41,0.0,-0.047541,0.321664,998,16,
4,1073,Overall,Overall,35,11,41,-0.5,-0.425787,0.352504,979,18,
4,1074,Overall,Overall,35,8,41,-0.5,-0.932592,0.413738,953,21,
4,1075,Overall,Overall,35,4,41,-3.0,-2.499189,0.69769,875,35,
4,1076,Overall,Overall,35,5,41,-3.0,-2.399364,0.671702,880,34,
4,1077,Overall,Overall,35,9,41,-0.5,-0.886929,0.405048,956,20,
4,1078,Overall,Overall,35,16,41,0.5,0.340224,0.301132,1017,15,
4,1079,Overall,Overall,35,12,41,-0.5,-0.17215,0.329852,991,16,
4,1080,Overall,Overall,35,3,41,-2.5,-2.779883,0.773341,861,39,
4,1081,Overall,Overall,35,10,41,-1.5,-0.723308,0.384925,964,19,
4,1082,Overall,Overall,35,3,41,-3.0,-3.39121,0.957934,830,48,
4,1083,Overall,Overall,35,8,41,-0.5,-0.697173,0.382144,965,19,
4,1084,Overall,Overall,35,7,41,-1.0,-1.415877,0.485811,929,24,
4,1085,Overall,Overall,35,8,41,-2.0,-1.294087,0.463229,935,23,
4,1086,Overall,Overall,35,7,41,-1.0,-0.894136,0.411983,955,21,
4,1087,Overall,Overall,35,26,41,1.0,1.133203,0.304075,1057,15,
4,1088,Overall,Overall,35,17,41,0.5,0.425067,0.298648,1021,15,
4,1089,Overall,Overall,35,5,41,-1.5,-1.748894,0.548507,913,27,
4,1090,Overall,Overall,35,5,41,-2.5,-2.099838,0.614779,895,31,
4,1091,Overall,Overall,35,20,41,1.0,0.828425,0.295855,1041,15,
4,1092,Overall,Overall,35,9,41,0.0,-0.866554,0.405718,957,20,
4,1093,Overall,Overall,35,3,41,-2.5,-2.035283,0.617835,898,31,
4,1094,Overall,Overall,35,4,41,-3.0,-2.877614,0.791972,856,40,
4,1095,Overall,Overall,35,10,41,0.0,-0.295614,0.342037,985,17,
4,1096,Overall,Overall,35,3,41,-2.5,-3.169083,0.901837,842,45,
4,1097,Overall,Overall,35,20,41,1.0,0.993656,0.298041,1050,15,
4,1098,Overall,Overall,35,14,41,0.0,0.064781,0.313841,1003,16,
4,1099,Overall,Overall,35,6,41,-2.5,-2.017873,0.595006,899,30,
4,1100,Overall,Overall,35,29,41,1.5,2.012356,0.332696,1101,17,
4,1101,Overall,Overall,35,29,41,2.5,2.333852,0.344058,1117,17,
4,1102,Overall,Overall,35,28,41,2.5,1.93712,0.327472,1097,16,
4,1103,Overall,Overall,35,4,41,-2.0,-2.680023,0.747364,866,37,
4,1104,Overall,Overall,35,18,41,1.0,0.725083,0.29787,1036,15,
4,1105,Overall,Overall,35,31,41,2.5,2.445292,0.352658,1122,18,
4,1106,Overall,Overall,35,8,41,-1.0,-1.297245,0.464878,935,23,
4,1107,Overall,Overall,35,5,41,-2.0,-1.704462,0.535445,915,27,
4,1108,Overall,Overall,35,8,41,-1.0,-0.796568,0.397425,960,20,
4,1109,Overall,Overall,35,21,41,1.0,0.813352,0.294583,1041,15,
4,1110,Overall,Overall,35,11,41,-0.5,-0.068565,0.32483,997,16,
4,1111,Overall,Overall,35,33,41,3.0,2.787244,0.384487,1139,19,
4,1112,Overall,Overall,35,24,41,1.0,1.029749,0.298881,1051,15,
4,1113,Overall,Overall,35,4,41,-2.5,-2.911938,0.801803,854,40,
4,1114,Overall,Overall,35,4,41,-2.0,-2.38376,0.679988,881,34,
4,1115,Overall,Overall,35,11,41,-1.0,-0.200867,0.332023,990,17,
4,1116,Overall,Overall,35,0,41,-3.0,-5.0,1.693383,750,85,
4,1117,Overall,Overall,35,11,41,0.5,-0.349383,0.346452,983,17,
4,1118,Overall,Overall,35,13,41,0.0,0.604242,0.324303,1030,16,
4,1119,Overall,Overall,35,6,41,-1.5,-1.640502,0.519955,918,26,
4,1120,Overall,Overall,35,3,41,-1.5,-2.904544,0.792972,855,40,
4,1121,Overall,Overall,35,19,41,0.5,0.761258,0.296757,1038,15,
4,1122,Overall,Overall,35,30,41,3.0,2.539618,0.359384,1127,18,
4,1123,Overall,Overall,35,2,41,-2.0,-3.988069,1.139416,801,57,
4,1124,Overall,Overall,35,14,41,0.0,0.09764,0.312923,1005,16,
4,1125,Overall,Overall,35,13,41,-0.5,0.006076,0.316849,1000,16,
4,1126,Overall,Overall,35,17,41,0.0,0.520054,0.296554,1026,15,
4,1127,Overall,Overall,35,5,41,-1.0,-2.119713,0.620212,894,31,
4,1128,Overall,Overall,35,21,41,1.0,1.081024,0.299245,1054,15,
4,1129,Overall,Overall,35,31,41,3.0,2.986224,0.400113,1149,20,
4,1130,Overall,Overall,35,30,41,2.0,2.342607,0.345773,1117,17,
4,1131,Overall,Overall,35,9,41,-0.5,-0.676809,0.380467,966,19,
4,1132,Overall,Overall,35,15,41,0.5,0.459162,0.298353,1023,15,
4,1133,Overall,Overall,35,16,41,0.5,0.243338,0.304664,1012,15,
4,1134,Overall,Overall,35,4,41,-2.0,-2.617951,0.724606,869,36,
4,1135,Overall,Overall,35,22,41,1.0,1.150931,0.297764,1058,15,
4,1136,Overall,Overall,35,3,41,-3.0,-3.134024,0.863543,843,43,
4,1137,Overall,Overall,35,19,41,1.0,0.940211,0.297431,1047,15,
4,1138,Overall,Overall,35,5,41,-1.5,-1.415908,0.492117,929,25,
4,1139,Overall,Overall,35,6,41,-2.0,-1.7822,0.547687,911,27,
4,1140,Overall,Overall,35,26,41,1.5,1.654099,0.312306,1083,16,
4,1141,Overall,Overall,35,10,41,-0.5,-0.208315,0.336266,990,17,
4,1142,Overall,Overall,35,12,41,-0.5,-0.361046,0.345561,982,17,
4,1143,Overall,Overall,35,20,41,0.5,0.833186,0.294625,1042,15,
4,1144,Overall,Overall,35,6,41,-1.5,-1.629723,0.521614,919,26,
4,1145,Overall,Overall,35,2,41,-2.5,-4.024664,1.188774,799,59,
4,1146,Overall,Overall,35,5,41,-1.5,-2.207084,0.641273,890,32,
4,1147,Overall,Overall,35,26,41,2.0,1.952737,0.326871,1098,16,
4,1148,Overall,Overall,35,15,41,0.0,-0.0101,0.32038,999,16,
4,1149,Overall,Overall,35,11,41,0.0,-0.312504,0.34199,984,17,
4,1150,Overall,Overall,35,22,41,0.5,0.890067,0.298134,1045,15,
4,1151,Overall,Overall,35,9,41,-0.5,-0.771494,0.392367,961,20,
4,1152,Overall,Overall,35,27,41,2.0,1.721706,0.315181,1086,16,
4,1153,Overall,Overall,35,11,41,-0.5,-0.780003,0.393441,961,20,
4,1154,Overall,Overall,35,26,41,1.0,1.464641,0.314013,1073,16,
4,1155,Overall,Overall,35,8,41,-2.5,-1.701008,0.536058,915,27,
4,1156,Overall,Overall,35,4,41,-2.5,-2.705708,0.747909,865,37,
4,1157,Overall,Overall,35,7,41,-1.5,-1.131114,0.443711,943,22,
4,1158,Overall,Overall,35,14,41,-0.5,0.096534,0.313125,1005,16,
4,1159,Overall,Overall,35,2,41,-1.5,-3.68524,1.04546,816,52,
4,1160,Overall,Overall,35,14,41,-0.5,0.001774,0.323003,1000,16,
4,1161,Overall,Overall,35,13,41,0.0,-0.144976,0.330552,993,17,
4,1162,Overall,Overall,35,6,41,-1.5,-1.58559,0.514675,921,26,
4,1163,Overall,Overall,35,16,41,0.5,0.196695,0.308493,1010,15,
4,1164,Overall,Overall,35,6,41,-3.0,-1.555524,0.509589,922,25,
4,1165,Overall,Overall,35,18,41,1.0,0.837445,0.299275,1042,15,
4,1166,Overall,Overall,35,3,41,-2.5,-3.320221,0.933971,834,47,
4,1167,Overall,Overall,35,11,41,-0.5,-0.538574,0.36757,973,18,
4,1168,Overall,Overall,35,23,41,1.0,0.810066,0.29695,1041,15,
4,1169,Overall,Overall,35,25,41,2.5,1.957017,0.328204,1098,16,
4,1170,Overall,Overall,35,15,41,0.5,0.265489,0.303862,1013,15,
4,1171,Overall,Overall,35,16,41,1.0,0.529172,0.302539,1026,15,
4,1172,Overall,Overall,35,10,41,-1.0,-0.436124,0.352795,978,18,
4,1173,Overall,Overall,35,11,41,-0.5,-0.346553,0.345248,983,17,
4,1174,Overall,Overall,35,15,41,0.5,0.01851,0.320464,1001,16,
4,1175,Overall,Overall,35,2,41,-2.5,-3.592511,1.027614,820,51,
4,1176,Overall,Overall,35,7,41,-1.5,-1.257127,0.4583,937,23,
4,1177,Overall,Overall,35,28,41,3.0,3.185232,0.435205,1159,22,
4,1178,Overall,Overall,35,29,41,2.5,2.054404,0.331703,1103,17,
4,1179,Overall,Overall,35,7,41,-1.5,-1.33092,0.471472,933,24,
4,1180,Overall,Overall,35,2,41,-2.5,-3.701728,1.051402,815,53,
4,1181,Overall,Overall,35,3,41,-2.5,-3.448538,0.962284,828,48,
4,1182,Overall,Overall,35,24,41,1.5,1.521214,0.308106,1076,15,
4,1183,Overall,Overall,35,6,41,-1.5,-1.48719,0.494706,926,25,
4,1184,Overall,Overall,35,28,41,2.0,2.167246,0.334997,1108,17,
4,1185,Overall,Overall,35,4,41,-2.0,-2.654092,0.733522,867,37,
4,1186,Overall,Overall,35,16,41,0.5,0.552418,0.296172,1028,15,
4,1187,Overall,Overall,35,4,41,-3.0,-3.011076,0.83028,849,42,
4,1188,Overall,Overall,35,19,41,0.5,1.075132,0.297852,1054,15,
4,1189,Overall,Overall,35,10,41,0.0,-0.312578,0.341746,984,17,
4,1190,Overall,Overall,35,10,41,-0.5,-0.786581,0.393859,961,20,
4,1191,Overall,Overall,35,13,41,0.0,-0.093959,0.323882,995,16,
4,1192,Overall,Overall,35,17,41,1.0,0.447667,0.298575,1022,15,
4,1193,Overall,Overall,35,25,41,1.5,1.595165,0.308797,1080,15,
4,1194,Overall,Overall,35,15,41,0.0,0.452841,0.305158,1023,15,
4,1195,Overall,Overall,35,7,41,-1.0,-1.519176,0.499448,924,25,
4,1196,Overall,Overall,35,25,41,2.0,1.542803,0.313366,1077,16,
4,1197,Overall,Overall,35,23,41,1.5,1.287917,0.299649,1064,15,
4,1198,Overall,Overall,35,2,41,-2.0,-3.190818,0.899796,840,45,
4,1199,Overall,Overall,35,9,41,-1.0,-0.779048,0.396677,961,20,
4,1200,Overall,Overall,35,26,41,1.5,2.068479,0.330866,1103,17,
4,1201,Overall,Overall,35,15,41,0.5,0.46405,0.304058,1023,15,
4,1202,Overall,Overall,35,6,41,-1.5,-1.873916,0.566905,906,28,
4,1203,Overall,Overall,35,14,41,0.5,0.234277,0.30575,1012,15,
4,1204,Overall,Overall,35,3,41,-2.5,-2.881973,0.788107,856,39,
4,1205,Overall,Overall,35,6,41,-1.5,-1.791921,0.556244,910,28,
4,1206,Overall,Overall,35,20,41,1.5,1.16783,0.301114,1058,15,
4,1207,Overall,Overall,35,21,41,2.0,1.876218,0.331944,1094,17,
4,1208,Overall,Overall,35,10,41,0.0,-0.204813,0.33595,990,17,
4,1209,Overall,Overall,35,10,41,-0.5,-0.43363,0.35459,978,18,
4,1210,Overall,Overall,35,30,41,1.5,1.734644,0.338978,1087,17,
4,1211,Overall,Overall,35,20,41,1.0,1.094097,0.30024,1055,15,
4,1212,Overall,Overall,35,3,41,-2.5,-2.983896,0.820463,851,41,
4,1213,Overall,Overall,35,4,41,-2.5,-2.302519,0.655801,885,33,
4,1214,Overall,Overall,35,27,41,3.0,2.449428,0.354518,1122,18,
4,1215,Overall,Overall,35,4,41,-3.0,-2.347968,0.666391,883,33,
4,1216,Overall,Overall,35,6,41,-1.5,-1.960047,0.589302,902,29,
4,1217,Overall,Overall,35,9,41,-0.5,-0.508791,0.36243,975,18,
4,1218,Overall,Overall,35,25,41,2.0,1.943165,0.328211,1097,16,
4,1219,Overall,Overall,35,3,41,-2.5,-3.006076,0.827883,850,41,
4,1220,Overall,Overall,35,29,41,3.0,3.341903,0.458078,1167,23,
4,1221,Overall,Overall,35,31,41,2.0,2.679301,0.372634,1134,19,
4,1222,Overall,Overall,35,29,41,2.0,2.546199,0.357743,1127,18,
4,1223,Overall,Overall,35,4,41,-3.0,-2.771773,0.758958,861,38,
4,1224,Overall,Overall,35,4,41,-3.0,-2.77289,0.764613,861,38,
4,1225,Overall,Overall,35,16,41,1.0,0.287891,0.302589,1014,15,
4,1226,Overall,Overall,35,30,41,2.0,2.447443,0.35573,1122,18,
4,1227,Overall,Overall,35,16,41,0.0,0.346696,0.300594,1017,15,
4,1228,Overall,Overall,35,5,41,-1.5,-2.512426,0.705655,874,35,
4,1229,Overall,Overall,35,10,41,-0.5,-0.717128,0.401762,964,20,
4,1230,Overall,Overall,35,5,41,-2.0,-1.964752,0.58312,902,29,
4,1231,Overall,Overall,35,31,41,2.0,2.673597,0.369753,1134,18,
4,1232,Overall,Overall,35,12,41,-0.5,0.132649,0.321443,1007,16,
4,1233,Overall,Overall,35,29,41,2.0,2.303627,0.343362,1115,17,
4,1234,Overall,Overall,35,17,41,0.5,0.398533,0.29959,1020,15,
4,1235,Overall,Overall,35,24,41,2.0,1.861498,0.324767,1093,16,
4,1236,Overall,Overall,35,19,41,1.0,0.517602,0.297696,1026,15,
4,1237,Overall,Overall,35,7,41,-1.0,-1.635196,0.530577,918,27,
4,1238,Overall,Overall,35,17,41,0.5,0.484312,0.297299,1024,15,
4,1239,Overall,Overall,35,7,41,-2.0,-1.326843,0.469314,934,23,
4,1240,Overall,Overall,35,22,41,2.0,1.682928,0.32128,1084,16,
4,1241,Overall,Overall,35,3,41,-3.0,-2.910351,0.800643,854,40,
4,1242,Overall,Overall,35,20,41,0.5,0.800023,0.299472,1040,15,
4,1243,Overall,Overall,35,17,41,-0.5,0.184928,0.31309,1009,16,
4,1244,Overall,Overall,35,14,41,0.0,0.064088,0.313797,1003,16,
4,1245,Overall,Overall,35,19,41,1.0,0.778121,0.299313,1039,15,
4,1246,Overall,Overall,35,2,41,-3.0,-4.201698,1.269947,790,63,
4,1247,Overall,Overall,35,4,41,-3.0,-2.193534,0.631789,890,32,
4,1248,Overall,Overall,35,4,41,-2.0,-2.578304,0.728056,871,36,
4,1249,Overall,Overall,35,10,41,-1.0,-0.73605,0.388284,963,19,
4,1250,Overall,Overall,35,8,41,-1.5,-0.994452,0.419527,950,21,
4,1251,Overall,Overall,35,9,41,-1.0,-1.105582,0.437213,945,22,
4,1252,Overall,Overall,35,6,41,-2.0,-1.612058,0.515247,919,26,
4,1253,Overall,Overall,35,31,41,3.0,2.949787,0.404366,1147,20,
4,1254,Overall,Overall,35,6,41,-0.5,-1.843991,0.556599,908,28,
4,1255,Overall,Overall,35,4,41,-2.0,-2.154227,0.619585,892,31,
4,1256,Overall,Overall,35,5,41,-1.5,-2.053485,0.620864,897,31,
4,1257,Overall,Overall,35,12,41,0.5,0.090353,0.313081,1005,16,
4,1258,Overall,Overall,35,3,41,-2.5,-3.209273,0.88814,840,44,
4,1259,Overall,Overall,35,29,41,2.5,2.75287,0.38255,1138,19,
4,1260,Overall,Overall,35,5,41,-1.5,-2.068745,0.604708,897,30,
4,1261,Overall,Overall,35,3,41,-2.5,-3.259021,0.917768,837,46,
4,1262,Overall,Overall,35,8,41,-2.0,-1.161437,0.443116,942,22,
4,1263,Overall,Overall,35,4,41,-2.5,-2.969437,0.844471,852,42,
4,1264,Overall,Overall,35,27,41,2.5,2.324725,0.343671,1116,17,
4,1265,Overall,Overall,35,7,41,-3.0,-1.839555,0.560512,908,28,
4,1266,Overall,Overall,35,3,41,-3.0,-3.216791,0.890825,839,45,
4,1267,Overall,Overall,35,14,41,-1.0,-0.155603,0.330028,992,17,
4,1268,Overall,Overall,35,3,41,-2.5,-3.059974,0.852952,847,43,
4,1269,Overall,Overall,35,6,41,-1.0,-1.595339,0.518364,920,26,
4,1270,Overall,Overall,35,29,41,1.5,1.845262,0.327679,1092,16,
4,1271,Overall,Overall,35,9,41,-1.0,-0.939475,0.415562,953,21,
4,1272,Overall,Overall,35,11,41,-1.0,-0.296913,0.342952,985,17,
4,1273,Overall,Overall,35,17,41,0.5,0.422091,0.298993,1021,15,
4,1274,Overall,Overall,35,3,41,-2.5,-3.259908,0.904212,837,45,
4,1275,Overall,Overall,35,30,41,2.5,2.377517,0.348494,1119,17,
4,1276,Overall,Overall,35,9,41,-1.5,-0.881342,0.405184,956,20,
4,1277,Overall,Overall,35,14,41,-0.5,-0.119283,0.327993,994,16,
4,1278,Overall,Overall,35,18,41,0.0,0.376845,0.299797,1019,15,
4,1279,Overall,Overall,35,31,41,2.5,3.584397,0.498329,1179,25,
4,1280,Overall,Overall,35,8,41,-1.5,-1.164778,0.443608,942,22,
4,1281,Overall,Overall,35,31,41,3.0,3.168515,0.43394,1158,22,
4,1282,Overall,Overall,35,9,41,-0.5,-0.659705,0.378812,967,19,
4,1283,Overall,Overall,35,7,41,-1.5,-1.434274,0.484858,928,24,
4,1284,Overall,Overall,35,15,41,0.5,0.379614,0.300711,1019,15,
4,1285,Overall,Overall,35,32,41,2.5,2.530402,0.359832,1127,18,
4,1286,Overall,Overall,35,6,41,-3.0,-1.770162,0.549294,911,27,
4,1287,Overall,Overall,35,24,41,1.5,1.418663,0.302622,1071,15,
4,1288,Overall,Overall,35,29,41,2.0,2.489566,0.354356,1124,18,
4,1289,Overall,Overall,35,23,41,1.0,1.306794,0.299988,1065,15,
4,1290,Overall,Overall,35,19,41,1.0,0.973101,0.302312,1049,15,
4,1291,Overall,Overall,35,10,41,-0.5,-0.608866,0.372492,970,19,
4,1292,Overall,Overall,35,7,41,-2.0,-1.479683,0.497035,926,25,
4,1293,Overall,Overall,35,24,41,1.5,1.598571,0.309808,1080,15,
4,1294,Overall,Overall,35,6,41,-1.5,-1.61856,0.519459,919,26,
4,1295,Overall,Overall,35,12,41,-0.5,-0.348431,0.3444,983,17,
4,1296,Overall,Overall,35,8,41,-0.5,-0.846606,0.401103,958,20,
4,1297,Overall,Overall,35,10,41,-0.5,-0.807314,0.397056,960,20,
4,1298,Overall,Overall,35,15,41,-0.5,0.243474,0.305788,1012,15,
4,1299,Overall,Overall,35,19,41,1.0,0.688757,0.294881,1034,15,
4,1300,Overall,Overall,35,27,41,2.5,2.647711,0.36907,1132,18,
