thread,student,domain_name,domain_value,item_count,raw_score,max_points,true_theta,theta,se,scale_score,scale_score_se,performance_level
1,1,Overall,Overall,35,20,41,1.0,0.707996,0.295414,1035,15,
1,2,Overall,Overall,35,8,41,-1.0,-1.479664,0.540048,926,27,
1,3,Overall,Overall,35,26,41,1.5,2.058821,0.367654,1103,18,
1,4,Overall,Overall,35,10,41,-0.5,-0.085785,0.487728,996,24,
1,5,Overall,Overall,35,12,41,-0.5,-0.52101,0.382181,974,19,
1,6,Overall,Overall,35,4,41,-2.0,-2.446328,0.728693,878,36,
1,7,Overall,Overall,35,25,41,1.5,1.637096,0.350418,1082,18,
1,8,Overall,Overall,35,22,41,0.5,1.159189,0.341064,1058,17,
1,9,Overall,Overall,35,11,41,0.0,-0.486123,0.426876,976,21,
1,10,Overall,Overall,35,24,41,2.0,2.218778,0.376305,1111,19,
1,11,Overall,Overall,35,3,41,-2.0,-2.898252,0.856988,855,43,
1,12,Overall,Overall,35,28,41,2.0,2.344231,0.350615,1117,18,
1,13,Overall,Overall,35,7,41,-1.5,-1.445492,0.559199,928,28,
1,14,Overall,Overall,35,12,41,-0.5,-0.226872,0.405558,989,20,
1,15,Overall,Overall,35,16,41,1.5,1.205198,0.3636,1060,18,
1,16,Overall,Overall,35,12,41,0.0,-0.467214,0.431672,977,22,
1,17,Overall,Overall,35,10,41,-1.0,-0.740549,0.473079,963,24,
1,18,Overall,Overall,35,6,41,-0.5,-1.255427,0.51869,937,26,
1,19,Overall,Overall,35,21,41,1.5,1.832659,0.348661,1092,17,
1,20,Overall,Overall,35,18,41,0.5,0.689009,0.344192,1034,17,
1,21,Overall,Overall,35,22,41,1.5,1.312429,0.345536,1066,17,
1,22,Overall,Overall,35,17,41,-0.5,-0.079042,0.382636,996,19,
1,23,Overall,Overall,35,26,41,1.5,1.905457,0.364532,1095,18,
1,24,Overall,Overall,35,20,41,1.5,1.028845,0.345203,1051,17,
1,25,Overall,Overall,35,24,41,1.5,1.599169,0.337617,1080,17,
1,26,Overall,Overall,35,23,41,1.0,1.052177,0.343779,1053,17,
1,27,Overall,Overall,35,3,41,-2.0,-2.58379,0.794533,871,40,
1,28,Overall,Overall,35,3,41,-1.5,-3.27989,0.984577,836,49,
1,29,Overall,Overall,35,6,41,-1.5,-1.840729,0.605297,908,30,
1,30,Overall,Overall,35,13,41,0.0,-0.071747,0.353143,996,18,
1,31,Overall,Overall,35,11,41,0.5,-0.266578,0.415757,987,21,
1,32,Overall,Overall,35,17,41,0.5,0.951823,0.342822,1048,17,
1,33,Overall,Overall,35,21,41,1.5,1.621676,0.332347,1081,17,
1,34,Overall,Overall,35,5,41,-1.0,-1.173661,0.503415,941,25,
1,35,Overall,Overall,35,8,41,-2.0,-1.133435,0.477785,943,24,
1,36,Overall,Overall,35,23,41,2.0,1.847086,0.347633,1092,17,
1,37,Overall,Overall,35,17,41,0.5,0.615199,0.351049,1031,18,
1,38,Overall,Overall,35,6,41,-1.0,-1.112593,0.494899,944,25,
1,39,Overall,Overall,35,27,41,2.0,2.067679,0.365084,1103,18,
1,40,Overall,Overall,35,22,41,1.5,1.616691,0.374638,1081,19,
1,41,Overall,Overall,35,13,41,0.5,0.045081,0.368059,1002,18,
1,42,Overall,Overall,35,19,41,0.5,1.115194,0.333617,1056,17,
1,43,Overall,Overall,35,5,41,-1.5,-1.784365,0.620445,911,31,
1,44,Overall,Overall,35,11,41,0.0,-0.119459,0.412041,994,21,
1,45,Overall,Overall,35,15,41,-0.5,0.073963,0.376459,1004,19,
1,46,Overall,Overall,35,16,41,1.5,0.731491,0.348395,1037,17,
1,47,Overall,Overall,35,5,41,-2.0,-2.6073,0.778353,870,39,
1,48,Overall,Overall,35,4,41,-1.5,-2.290496,0.724171,885,36,
1,49,Overall,Overall,35,21,41,1.5,1.357241,0.355134,1068,18,
1,50,Overall,Overall,35,21,41,2.0,1.704564,0.349251,1085,17,
1,51,Overall,Overall,35,15,41,0.0,-0.073857,0.391411,996,20,
1,52,Overall,Overall,35,22,41,1.5,1.321103,0.344177,1066,17,
1,53,Overall,Overall,35,16,41,1.0,0.760489,0.347444,1038,17,
1,54,Overall,Overall,35,5,41,-1.5,-1.973271,0.646675,901,32,
1,55,Overall,Overall,35,9,41,0.0,-0.721578,0.463432,964,23,
1,56,Overall,Overall,35,14,41,0.0,0.226323,0.393119,1011,20,
1,57,Overall,Overall,35,14,41,0.0,0.20612,0.392657,1010,20,
1,58,Overall,Overall,35,20,41,2.0,1.59763,0.333582,1080,17,
1,59,Overall,Overall,35,18,41,0.5,0.727272,0.374254,1036,19,
1,60,Overall,Overall,35,14,41,0.5,0.479026,0.371674,1024,19,
1,61,Overall,Overall,35,10,41,0.0,-0.59091,0.495513,970,25,
1,62,Overall,Overall,35,21,41,1.0,1.247018,0.36592,1062,18,
1,63,Overall,Overall,35,8,41,0.5,-0.494739,0.393717,975,20,
1,64,Overall,Overall,35,25,41,2.0,1.314272,0.337767,1066,17,
1,65,Overall,Overall,35,22,41,0.5,1.251842,0.36999,1063,18,
1,66,Overall,Overall,35,12,41,0.0,-0.53541,0.433646,973,22,
1,67,Overall,Overall,35,13,41,0.0,0.179421,0.359234,1009,18,
1,68,Overall,Overall,35,4,41,-2.0,-2.666756,0.785244,867,39,
1,69,Overall,Overall,35,8,41,-1.0,-0.82649,0.45971,959,23,
1,70,Overall,Overall,35,5,41,-2.0,-1.914905,0.640371,904,32,
1,71,Overall,Overall,35,20,41,2.0,1.550741,0.356486,1078,18,
1,72,Overall,Overall,35,21,41,1.0,1.051464,0.383803,1053,19,
1,73,Overall,Overall,35,8,41,-2.0,-1.131199,0.498515,943,25,
1,74,Overall,Overall,35,27,41,2.0,2.217055,0.360123,1111,18,
1,75,Overall,Overall,35,11,41,-1.0,-0.405144,0.434231,980,22,
1,76,Overall,Overall,35,20,41,1.0,0.903003,0.338968,1045,17,
1,77,Overall,Overall,35,21,41,0.5,0.564081,0.374491,1028,19,
1,78,Overall,Overall,35,9,41,-1.0,-1.073904,0.472697,946,24,
1,79,Overall,Overall,35,7,41,-1.0,-0.945337,0.48002,953,24,
1,80,Overall,Overall,35,20,41,1.0,1.384589,0.335675,1069,17,
1,81,Overall,Overall,35,20,41,0.5,0.795382,0.348716,1040,17,
1,82,Overall,Overall,35,12,41,0.0,0.298387,0.416717,1015,21,
1,83,Overall,Overall,35,15,41,0.0,0.156908,0.352537,1008,18,
1,84,Overall,Overall,35,7,41,-0.5,-1.432018,0.554689,928,28,
1,85,Overall,Overall,35,8,41,-2.0,-1.612651,0.583755,919,29,
1,86,Overall,Overall,35,15,41,0.0,-0.132517,0.410293,993,21,
1,87,Overall,Overall,35,5,41,-1.5,-1.783699,0.661406,911,33,
1,88,Overall,Overall,35,6,41,-2.0,-1.730147,0.607196,913,30,
1,89,Overall,Overall,35,7,41,-2.0,-1.2831,0.530977,936,27,
1,90,Overall,Overall,35,26,41,2.0,2.392342,0.352227,1120,18,
1,91,Overall,Overall,35,6,41,-2.0,-1.967615,0.627716,902,31,
1,92,Overall,Overall,35,8,41,-1.0,-1.14335,0.514444,943,26,
1,93,Overall,Overall,35,24,41,2.0,1.76415,0.332712,1088,17,
1,94,Overall,Overall,35,16,41,0.5,0.416923,0.350308,1021,18,
1,95,Overall,Overall,35,24,41,2.0,1.648391,0.350298,1082,18,
1,96,Overall,Overall,35,10,41,0.0,-0.133328,0.408683,993,20,
1,97,Overall,Overall,35,7,41,-2.0,-1.567623,0.570966,922,29,
1,98,Overall,Overall,35,8,41,-2.0,-1.306738,0.514841,935,26,
1,99,Overall,Overall,35,15,41,1.0,0.646506,0.332493,1032,17,
1,100,Overall,Overall,35,24,41,1.5,1.988259,0.351953,1099,18,
1,101,Overall,Overall,35,6,41,-2.0,-1.838576,0.581617,908,29,
1,102,Overall,Overall,35,25,41,2.0,2.09581,0.349755,1105,17,
1,103,Overall,Overall,35,25,41,2.0,1.700232,0.364859,1085,18,
1,104,Overall,Overall,35,13,41,0.0,0.352561,0.378726,1018,19,
1,105,Overall,Overall,35,12,41,-0.5,-0.517311,0.462049,974,23,
1,106,Overall,Overall,35,13,41,-0.5,-0.123149,0.382982,994,19,
1,107,Overall,Overall,35,10,41,-1.0,-0.758737,0.457502,962,23,
1,108,Overall,Overall,35,29,41,2.0,2.538189,0.373988,1127,19,
1,109,Overall,Overall,35,12,41,0.5,-0.3582,0.434331,982,22,
1,110,Overall,Overall,35,8,41,-0.5,-0.623385,0.46788,969,23,
1,111,Overall,Overall,35,8,41,-0.5,-0.590318,0.410798,970,21,
1,112,Overall,Overall,35,13,41,-0.5,-0.238279,0.415723,988,21,
1,113,Overall,Overall,35,8,41,-1.0,-1.143165,0.515309,943,26,
1,114,Overall,Overall,35,4,41,-2.0,-1.987402,0.639668,901,32,
1,115,Overall,Overall,35,11,41,0.0,-0.170316,0.408173,991,20,
1,116,Overall,Overall,35,15,41,0.5,0.374626,0.357494,1019,18,
1,117,Overall,Overall,35,23,41,1.5,1.596579,0.336464,1080,17,
1,118,Overall,Overall,35,19,41,1.0,0.833824,0.365058,1042,18,
1,119,Overall,Overall,35,17,41,0.5,0.652898,0.359161,1033,18,
1,120,Overall,Overall,35,18,41,0.0,0.724648,0.360335,1036,18,
1,121,Overall,Overall,35,7,41,-2.0,-2.058186,0.636753,897,32,
1,122,Overall,Overall,35,11,41,-1.0,-0.267739,0.410377,987,21,
1,123,Overall,Overall,35,12,41,-0.5,0.10242,0.3775,1005,19,
1,124,Overall,Overall,35,23,41,1.0,1.667665,0.371455,1083,19,
1,125,Overall,Overall,35,19,41,1.5,0.91519,0.354772,1046,18,
1,126,Overall,Overall,35,22,41,1.5,1.405162,0.331542,1070,17,
1,127,Overall,Overall,35,15,41,0.5,0.214342,0.368208,1011,18,
1,128,Overall,Overall,35,13,41,0.5,0.327522,0.374955,1016,19,
1,129,Overall,Overall,35,17,41,0.0,0.721177,0.358554,1036,18,
1,130,Overall,Overall,35,10,41,-0.5,-0.188883,0.415331,991,21,
1,131,Overall,Overall,35,17,41,0.0,0.631224,0.337093,1032,17,
1,132,Overall,Overall,35,18,41,1.0,0.599259,0.348783,1030,17,
1,133,Overall,Overall,35,12,41,0.5,0.301413,0.367009,1015,18,
1,134,Overall,Overall,35,19,41,1.5,1.526201,0.350675,1076,18,
1,135,Overall,Overall,35,26,41,2.0,1.802848,0.403765,1090,20,
1,136,Overall,Overall,35,9,41,-0.5,-0.996868,0.472024,950,24,
1,137,Overall,Overall,35,25,41,2.0,1.979992,0.349978,1099,17,
1,138,Overall,Overall,35,11,41,-1.0,-0.837385,0.465899,958,23,
1,139,Overall,Overall,35,9,41,-0.5,-0.796592,0.479528,960,24,
1,140,Overall,Overall,35,4,41,-2.0,-1.981685,0.683977,901,34,
1,141,Overall,Overall,35,28,41,2.0,1.9779,0.348047,1099,17,
1,142,Overall,Overall,35,21,41,1.0,0.880662,0.336234,1044,17,
1,143,Overall,Overall,35,11,41,-0.5,-0.554185,0.421326,972,21,
1,144,Overall,Overall,35,10,41,-1.5,-0.388166,0.459826,981,23,
1,145,Overall,Overall,35,6,41,-1.5,-1.774695,0.618027,911,31,
1,146,Overall,Overall,35,26,41,1.5,1.774833,0.326609,1089,16,
1,147,Overall,Overall,35,14,41,0.5,0.650869,0.345261,1033,17,
1,148,Overall,Overall,35,4,41,-2.0,-2.414202,0.678545,879,34,
1,149,Overall,Overall,35,6,41,-2.0,-1.681961,0.596133,916,30,
1,150,Overall,Overall,35,17,41,0.5,0.434124,0.361777,1022,18,
1,151,Overall,Overall,35,5,41,-1.5,-1.881381,0.599151,906,30,
1,152,Overall,Overall,35,9,41,-0.5,-0.471917,0.413956,976,21,
1,153,Overall,Overall,35,8,41,-1.5,-0.846213,0.481817,958,24,
1,154,Overall,Overall,35,13,41,0.0,-0.036281,0.391755,998,20,
1,155,Overall,Overall,35,8,41,0.0,-0.793958,0.483398,960,24,
1,156,Overall,Overall,35,21,41,1.0,1.264792,0.340317,1063,17,
1,157,Overall,Overall,35,18,41,0.5,0.530629,0.344442,1027,17,
1,158,Overall,Overall,35,9,41,-0.5,-0.914506,0.484086,954,24,
1,159,Overall,Overall,35,12,41,0.0,-0.256684,0.410585,987,21,
1,160,Overall,Overall,35,7,41,-1.5,-1.27156,0.545993,936,27,
1,161,Overall,Overall,35,8,41,-1.5,-0.926346,0.462698,954,23,
1,162,Overall,Overall,35,11,41,-1.5,-0.506748,0.433673,975,22,
1,163,Overall,Overall,35,19,41,0.5,0.679584,0.375829,1034,19,
1,164,Overall,Overall,35,15,41,0.5,0.21471,0.348052,1011,17,
1,165,Overall,Overall,35,19,41,1.5,1.180228,0.346699,1059,17,
1,166,Overall,Overall,35,19,41,0.0,0.566473,0.371775,1028,19,
1,167,Overall,Overall,35,18,41,0.5,0.609631,0.346725,1030,17,
1,168,Overall,Overall,35,14,41,0.0,0.024885,0.414301,1001,21,
1,169,Overall,Overall,35,15,41,0.0,0.365442,0.339962,1018,17,
1,170,Overall,Overall,35,8,41,-1.0,-0.932193,0.490993,953,25,
1,171,Overall,Overall,35,11,41,-1.0,-0.699056,0.455505,965,23,
1,172,Overall,Overall,35,22,41,2.0,2.140673,0.38275,1107,19,
1,173,Overall,Overall,35,22,41,2.0,1.359292,0.367232,1068,18,
1,174,Overall,Overall,35,10,41,-1.0,-0.987483,0.454659,951,23,
1,175,Overall,Overall,35,14,41,-0.5,-0.440278,0.424954,978,21,
1,176,Overall,Overall,35,19,41,0.5,1.198259,0.383317,1060,19,
1,177,Overall,Overall,35,20,41,0.5,0.631136,0.36436,1032,18,
1,178,Overall,Overall,35,23,41,1.5,1.794897,0.355587,1090,18,
1,179,Overall,Overall,35,14,41,-0.5,0.201897,0.360231,1010,18,
1,180,Overall,Overall,35,22,41,2.0,1.685686,0.33266,1084,17,
1,181,Overall,Overall,35,18,41,1.0,0.983262,0.348423,1049,17,
1,182,Overall,Overall,35,16,41,0.0,0.47455,0.37034,1024,19,
1,183,Overall,Overall,35,12,41,0.5,0.107648,0.42162,1005,21,
1,184,Overall,Overall,35,4,41,-2.0,-2.357726,0.71553,882,36,
1,185,Overall,Overall,35,11,41,0.0,-0.258683,0.383247,987,19,
1,186,Overall,Overall,35,16,41,0.5,0.394826,0.37827,1020,19,
1,187,Overall,Overall,35,19,41,1.5,1.816625,0.356427,1091,18,
1,188,Overall,Overall,35,20,41,1.0,1.281006,0.339333,1064,17,
1,189,Overall,Overall,35,26,41,2.0,2.342295,0.380541,1117,19,
1,190,Overall,Overall,35,19,41,1.0,0.84486,0.365358,1042,18,
1,191,Overall,Overall,35,22,41,1.5,1.434771,0.332753,1072,17,
1,192,Overall,Overall,35,12,41,0.5,0.163382,0.407451,1008,20,
1,193,Overall,Overall,35,24,41,1.0,1.296983,0.346487,1065,17,
1,194,Overall,Overall,35,20,41,1.5,1.149992,0.357039,1057,18,
1,195,Overall,Overall,35,1,41,-2.0,-5.0,1.593577,750,80,
1,196,Overall,Overall,35,10,41,-0.5,-0.466628,0.400749,977,20,
1,197,Overall,Overall,35,7,41,-2.0,-1.500995,0.55684,925,28,
1,198,Overall,Overall,35,7,41,-2.0,-1.338906,0.587653,933,29,
1,199,Overall,Overall,35,14,41,0.5,-0.082468,0.421313,996,21,
1,200,Overall,Overall,35,12,41,-1.0,-0.460746,0.415962,977,21,
1,201,Overall,Overall,35,10,41,-0.5,-0.535428,0.42583,973,21,
1,202,Overall,Overall,35,22,41,2.0,1.832519,0.366757,1092,18,
1,203,Overall,Overall,35,9,41,-1.5,-1.118158,0.505682,944,25,
1,204,Overall,Overall,35,10,41,0.5,-0.193002,0.412726,990,21,
1,205,Overall,Overall,35,6,41,-2.0,-1.642341,0.577005,918,29,
1,206,Overall,Overall,35,7,41,-1.5,-0.978034,0.500374,951,25,
1,207,Overall,Overall,35,12,41,0.0,-0.052168,0.422863,997,21,
1,208,Overall,Overall,35,22,41,1.5,1.283072,0.3606,1064,18,
1,209,Overall,Overall,35,17,41,1.5,1.055927,0.37198,1053,19,
1,210,Overall,Overall,35,1,41,-2.0,-4.339653,1.291601,783,65,
1,211,Overall,Overall,35,5,41,-1.0,-2.348401,0.6824,883,34,
1,212,Overall,Overall,35,18,41,0.5,1.009313,0.333602,1050,17,
1,213,Overall,Overall,35,9,41,-1.0,-0.655837,0.460297,967,23,
1,214,Overall,Overall,35,3,41,-2.0,-2.482411,0.774947,876,39,
1,215,Overall,Overall,35,8,41,-2.0,-1.370039,0.551644,931,28,
1,216,Overall,Overall,35,22,41,0.5,0.58205,0.342518,1029,17,
1,217,Overall,Overall,35,20,41,1.5,1.171482,0.338529,1059,17,
1,218,Overall,Overall,35,10,41,-1.0,-0.923434,0.469349,954,23,
1,219,Overall,Overall,35,24,41,1.0,1.296921,0.376626,1065,19,
1,220,Overall,Overall,35,6,41,-1.5,-2.084382,0.696591,896,35,
1,221,Overall,Overall,35,11,41,0.5,0.35529,0.389806,1018,19,
1,222,Overall,Overall,35,11,41,-0.5,-0.43271,0.381094,978,19,
1,223,Overall,Overall,35,12,41,-1.0,-0.459462,0.465256,977,23,
1,224,Overall,Overall,35,14,41,0.0,-0.093489,0.398452,995,20,
1,225,Overall,Overall,35,22,41,2.0,1.768647,0.367568,1088,18,
1,226,Overall,Overall,35,25,41,2.0,2.259484,0.378366,1113,19,
1,227,Overall,Overall,35,8,41,-1.0,-0.82464,0.442487,959,22,
1,228,Overall,Overall,35,6,41,-1.5,-1.317508,0.558234,934,28,
1,229,Overall,Overall,35,25,41,1.5,1.556012,0.365478,1078,18,
1,230,Overall,Overall,35,16,41,0.5,0.192262,0.387043,1010,19,
1,231,Overall,Overall,35,7,41,-2.0,-1.238511,0.524519,938,26,
1,232,Overall,Overall,35,28,41,2.0,2.702416,0.380357,1135,19,
1,233,Overall,Overall,35,6,41,-0.5,-0.869297,0.459999,957,23,
1,234,Overall,Overall,35,7,41,-1.5,-1.553254,0.564582,922,28,
1,235,Overall,Overall,35,12,41,0.5,0.487286,0.383695,1024,19,
1,236,Overall,Overall,35,15,41,0.0,0.622624,0.392546,1031,20,
1,237,Overall,Overall,35,24,41,1.5,1.369533,0.319958,1068,16,
1,238,Overall,Overall,35,24,41,2.0,1.920111,0.356833,1096,18,
1,239,Overall,Overall,35,29,41,2.0,2.049552,0.353924,1102,18,
1,240,Overall,Overall,35,9,41,-1.5,-0.894762,0.467478,955,23,
1,241,Overall,Overall,35,25,41,1.5,1.907769,0.367803,1095,18,
1,242,Overall,Overall,35,18,41,0.5,0.675102,0.33198,1034,17,
1,243,Overall,Overall,35,5,41,-1.5,-2.231335,0.68997,888,34,
1,244,Overall,Overall,35,11,41,-1.0,-0.606835,0.443061,970,22,
1,245,Overall,Overall,35,22,41,2.0,1.330485,0.333709,1067,17,
1,246,Overall,Overall,35,12,41,-1.0,-0.319364,0.43744,984,22,
1,247,Overall,Overall,35,3,41,-2.0,-2.622927,0.767994,869,38,
1,248,Overall,Overall,35,15,41,1.0,0.264982,0.361832,1013,18,
1,249,Overall,Overall,35,22,41,0.0,1.068949,0.349788,1053,17,
1,250,Overall,Overall,35,10,41,-0.5,-0.165103,0.4153,992,21,
1,251,Overall,Overall,35,18,41,0.5,0.871783,0.348582,1044,17,
1,252,Overall,Overall,35,9,41,-0.5,-0.375331,0.376143,981,19,
1,253,Overall,Overall,35,13,41,0.0,-0.291973,0.421847,985,21,
1,254,Overall,Overall,35,19,41,1.5,1.031893,0.357084,1052,18,
1,255,Overall,Overall,35,7,41,-2.0,-1.654556,0.574928,917,29,
1,256,Overall,Overall,35,23,41,1.0,1.493709,0.340999,1075,17,
1,257,Overall,Overall,35,10,41,0.0,-0.316882,0.388235,984,19,
1,258,Overall,Overall,35,22,41,1.5,2.007478,0.344304,1100,17,
1,259,Overall,Overall,35,24,41,1.5,1.746447,0.342225,1087,17,
1,260,Overall,Overall,35,20,41,0.5,0.737175,0.326456,1037,16,
1,261,Overall,Overall,35,23,41,2.0,1.686444,0.376379,1084,19,
1,262,Overall,Overall,35,23,41,1.5,2.066378,0.355906,1103,18,
1,263,Overall,Overall,35,20,41,0.5,0.743945,0.349406,1037,17,
1,264,Overall,Overall,35,6,41,-1.5,-1.544455,0.547562,923,27,
1,265,Overall,Overall,35,7,41,-1.0,-0.686758,0.44823,966,22,
1,266,Overall,Overall,35,17,41,1.0,0.660813,0.367408,1033,18,
1,267,Overall,Overall,35,30,41,2.0,1.95917,0.359556,1098,18,
1,268,Overall,Overall,35,25,41,2.0,1.966569,0.38033,1098,19,
1,269,Overall,Overall,35,16,41,0.5,0.281971,0.401926,1014,20,
1,270,Overall,Overall,35,21,41,1.0,1.080797,0.352321,1054,18,
1,271,Overall,Overall,35,6,41,-2.0,-2.129504,0.688358,894,34,
1,272,Overall,Overall,35,13,41,-0.5,0.048968,0.345908,1002,17,
1,273,Overall,Overall,35,5,41,-1.5,-1.907839,0.620754,905,31,
1,274,Overall,Overall,35,21,41,1.5,1.259252,0.361901,1063,18,
1,275,Overall,Overall,35,16,41,1.0,0.327697,0.39727,1016,20,
1,276,Overall,Overall,35,24,41,1.0,1.137174,0.344303,1057,17,
1,277,Overall,Overall,35,10,41,-0.5,-0.925205,0.471268,954,24,
1,278,Overall,Overall,35,17,41,0.5,0.703178,0.356696,1035,18,
1,279,Overall,Overall,35,8,41,-1.5,-1.490805,0.533459,925,27,
1,280,Overall,Overall,35,15,41,0.0,0.07786,0.378411,1004,19,
1,281,Overall,Overall,35,19,41,1.0,1.106535,0.339615,1055,17,
1,282,Overall,Overall,35,28,41,2.0,2.298461,0.351253,1115,18,
1,283,Overall,Overall,35,21,41,1.5,0.552548,0.349481,1028,17,
1,284,Overall,Overall,35,15,41,-0.5,-0.050627,0.37722,997,19,
1,285,Overall,Overall,35,4,41,-2.0,-2.532579,0.750331,873,38,
1,286,Overall,Overall,35,12,41,0.0,-0.044816,0.373564,998,19,
1,287,Overall,Overall,35,9,41,-1.0,-0.741548,0.442729,963,22,
1,288,Overall,Overall,35,7,41,-2.0,-1.234145,0.543429,938,27,
1,289,Overall,Overall,35,10,41,0.0,-0.54437,0.419798,973,21,
1,290,Overall,Overall,35,6,41,-1.5,-1.888354,0.625726,906,31,
1,291,Overall,Overall,35,9,41,-1.0,-1.055115,0.470962,947,24,
1,292,Overall,Overall,35,13,41,0.5,-0.357996,0.421,982,21,
1,293,Overall,Overall,35,15,41,0.5,0.579032,0.38612,1029,19,
1,294,Overall,Overall,35,5,41,-1.5,-1.837262,0.623079,908,31,
1,295,Overall,Overall,35,8,41,-1.0,-0.778264,0.47865,961,24,
1,296,Overall,Overall,35,5,41,-2.0,-2.22214,0.698863,889,35,
1,297,Overall,Overall,35,4,41,-2.0,-2.311333,0.720965,884,36,
1,298,Overall,Overall,35,15,41,0.5,1.035727,0.360121,1052,18,
1,299,Overall,Overall,35,13,41,0.0,-0.265275,0.415562,987,21,
1,300,Overall,Overall,35,13,41,-0.5,0.00964,0.39611,1000,20,
1,301,Overall,Overall,35,21,41,1.0,0.719898,0.353122,1036,18,
1,302,Overall,Overall,35,3,41,-2.0,-2.798706,0.811615,860,41,
1,303,Overall,Overall,35,20,41,0.0,1.012937,0.346307,1051,17,
1,304,Overall,Overall,35,24,41,2.0,1.870758,0.359447,1094,18,
1,305,Overall,Overall,35,9,41,-1.0,-0.976789,0.497785,951,25,
1,306,Overall,Overall,35,3,41,-2.0,-2.980282,0.878274,851,44,
1,307,Overall,Overall,35,16,41,0.5,0.698724,0.325165,1035,16,
1,308,Overall,Overall,35,20,41,0.0,0.486154,0.365295,1024,18,
1,309,Overall,Overall,35,16,41,0.5,0.576591,0.342631,1029,17,
1,310,Overall,Overall,35,20,41,1.0,1.186277,0.371655,1059,19,
1,311,Overall,Overall,35,7,41,0.0,-1.437811,0.569613,928,28,
1,312,Overall,Overall,35,29,41,2.0,2.359035,0.352306,1118,18,
1,313,Overall,Overall,35,8,41,-1.0,-1.042476,0.491841,948,25,
1,314,Overall,Overall,35,9,41,-2.0,-0.980873,0.497796,951,25,
1,315,Overall,Overall,35,21,41,1.5,1.188036,0.339218,1059,17,
1,316,Overall,Overall,35,8,41,-0.5,-1.22643,0.501649,939,25,
1,317,Overall,Overall,35,23,41,1.5,1.99679,0.337663,1100,17,
1,318,Overall,Overall,35,17,41,-0.5,0.104775,0.405475,1005,20,
1,319,Overall,Overall,35,27,41,2.0,2.366968,0.360265,1118,18,
1,320,Overall,Overall,35,8,41,-1.0,-1.277414,0.511784,936,26,
1,321,Overall,Overall,35,10,41,0.0,-0.691941,0.463476,965,23,
1,322,Overall,Overall,35,8,41,-1.5,-1.331109,0.522682,933,26,
1,323,Overall,Overall,35,13,41,0.5,-0.042095,0.369408,998,18,
1,324,Overall,Overall,35,9,41,-1.0,-0.869358,0.478739,957,24,
1,325,Overall,Overall,35,6,41,-1.5,-1.322841,0.578131,934,29,
1,326,Overall,Overall,35,26,41,2.0,1.931989,0.337748,1097,17,
1,327,Overall,Overall,35,23,41,2.0,1.744803,0.341233,1087,17,
1,328,Overall,Overall,35,6,41,-1.5,-1.386539,0.569613,931,28,
1,329,Overall,Overall,35,12,41,0.0,-0.123596,0.418571,994,21,
1,330,Overall,Overall,35,4,41,-2.0,-2.664845,0.793207,867,40,
1,331,Overall,Overall,35,8,41,-1.0,-1.228724,0.539833,939,27,
1,332,Overall,Overall,35,23,41,1.5,1.064687,0.316412,1053,16,
1,333,Overall,Overall,35,18,41,1.0,0.839333,0.353202,1042,18,
1,334,Overall,Overall,35,20,41,0.5,0.711797,0.405622,1036,20,
1,335,Overall,Overall,35,18,41,0.5,0.721112,0.331928,1036,17,
1,336,Overall,Overall,35,17,41,1.5,1.053324,0.38913,1053,19,
1,337,Overall,Overall,35,22,41,1.0,1.093422,0.349546,1055,17,
1,338,Overall,Overall,35,7,41,-1.5,-1.53985,0.540537,923,27,
1,339,Overall,Overall,35,4,41,-2.0,-1.620801,0.634994,919,32,
1,340,Overall,Overall,35,6,41,-1.0,-1.749038,0.62193,913,31,
1,341,Overall,Overall,35,12,41,0.5,0.016531,0.422368,1001,21,
1,342,Overall,Overall,35,21,41,0.5,0.972626,0.309759,1049,15,
1,343,Overall,Overall,35,18,41,0.5,0.807647,0.340286,1040,17,
1,344,Overall,Overall,35,10,41,-1.0,-0.358104,0.435596,982,22,
1,345,Overall,Overall,35,7,41,-1.0,-1.773076,0.599418,911,30,
1,346,Overall,Overall,35,13,41,-1.0,-0.252133,0.426625,987,21,
1,347,Overall,Overall,35,23,41,1.0,1.14719,0.332047,1057,17,
1,348,Overall,Overall,35,7,41,-2.0,-1.510985,0.543394,924,27,
1,349,Overall,Overall,35,15,41,0.5,0.130733,0.357279,1007,18,
1,350,Overall,Overall,35,6,41,-2.0,-1.380354,0.547299,931,27,
1,351,Overall,Overall,35,6,41,-2.0,-1.373517,0.573202,931,29,
1,352,Overall,Overall,35,26,41,2.0,1.825335,0.33265,1091,17,
1,353,Overall,Overall,35,20,41,2.0,1.182447,0.351702,1059,18,
1,354,Overall,Overall,35,13,41,0.0,-0.460578,0.432221,977,22,
1,355,Overall,Overall,35,25,41,2.0,2.044553,0.377026,1102,19,
1,356,Overall,Overall,35,23,41,2.0,1.935802,0.368889,1097,18,
1,357,Overall,Overall,35,12,41,-0.5,-0.126233,0.358665,994,18,
1,358,Overall,Overall,35,16,41,0.0,0.303988,0.374763,1015,19,
1,359,Overall,Overall,35,4,41,-1.0,-2.345025,0.743302,883,37,
1,360,Overall,Overall,35,19,41,1.0,1.022082,0.349697,1051,17,
1,361,Overall,Overall,35,7,41,-2.0,-1.376438,0.558676,931,28,
1,362,Overall,Overall,35,11,41,-0.5,-0.164781,0.378993,992,19,
1,363,Overall,Overall,35,9,41,0.0,-0.248862,0.444066,988,22,
1,364,Overall,Overall,35,5,41,-1.5,-2.072118,0.646282,896,32,
1,365,Overall,Overall,35,11,41,-0.5,-0.733434,0.453464,963,23,
1,366,Overall,Overall,35,10,41,0.0,-0.399772,0.447893,980,22,
1,367,Overall,Overall,35,25,41,2.0,2.246014,0.354295,1112,18,
1,368,Overall,Overall,35,9,41,-1.0,-0.907289,0.46456,955,23,
1,369,Overall,Overall,35,18,41,1.0,0.865502,0.338911,1043,17,
1,370,Overall,Overall,35,7,41,-0.5,-1.37013,0.585916,931,29,
1,371,Overall,Overall,35,15,41,0.5,0.496543,0.380739,1025,19,
1,372,Overall,Overall,35,4,41,-1.0,-2.692895,0.774415,865,39,
1,373,Overall,Overall,35,3,41,-2.0,-3.415053,1.009538,829,50,
1,374,Overall,Overall,35,5,41,-2.0,-1.885645,0.622644,906,31,
1,375,Overall,Overall,35,26,41,2.0,2.133743,0.358519,1107,18,
1,376,Overall,Overall,35,10,41,-1.0,-0.567998,0.458463,972,23,
1,377,Overall,Overall,35,27,41,2.0,2.791366,0.385765,1140,19,
1,378,Overall,Overall,35,20,41,1.0,1.181094,0.366435,1059,18,
1,379,Overall,Overall,35,16,41,0.5,0.519614,0.352094,1026,18,
1,380,Overall,Overall,35,10,41,0.0,-0.517419,0.448075,974,22,
1,381,Overall,Overall,35,25,41,1.5,1.466261,0.34161,1073,17,
1,382,Overall,Overall,35,5,41,-1.0,-2.049617,0.625474,898,31,
1,383,Overall,Overall,35,25,41,2.0,2.022238,0.347871,1101,17,
1,384,Overall,Overall,35,19,41,1.5,1.182368,0.35929,1059,18,
1,385,Overall,Overall,35,10,41,0.0,-0.399875,0.408695,980,20,
1,386,Overall,Overall,35,14,41,-0.5,0.225036,0.393599,1011,20,
1,387,Overall,Overall,35,16,41,1.0,0.612981,0.35231,1031,18,
1,388,Overall,Overall,35,7,41,-0.5,-0.595108,0.483498,970,24,
1,389,Overall,Overall,35,24,41,1.5,1.59602,0.324121,1080,16,
1,390,Overall,Overall,35,29,41,2.0,2.233652,0.362624,1112,18,
1,391,Overall,Overall,35,24,41,1.5,1.579928,0.354535,1079,18,
1,392,Overall,Overall,35,22,41,1.5,1.87216,0.364257,1094,18,
1,393,Overall,Overall,35,6,41,-1.5,-1.520334,0.565031,924,28,
1,394,Overall,Overall,35,7,41,-2.0,-1.811566,0.571479,909,29,
1,395,Overall,Overall,35,9,41,-0.5,-0.48815,0.444869,976,22,
1,396,Overall,Overall,35,5,41,-2.0,-2.47122,0.726622,876,36,
1,397,Overall,Overall,35,9,41,-0.5,-0.468425,0.420955,977,21,
1,398,Overall,Overall,35,22,41,1.5,1.524877,0.357875,1076,18,
1,399,Overall,Overall,35,13,41,-0.5,-0.119335,0.371536,994,19,
1,400,Overall,Overall,35,9,41,-1.0,-1.136228,0.498442,943,25,
1,401,Overall,Overall,35,29,41,2.0,2.914926,0.39688,1146,20,
1,402,Overall,Overall,35,14,41,0.0,-0.430684,0.407174,978,20,
1,403,Overall,Overall,35,11,41,-0.5,-0.022722,0.411153,999,21,
1,404,Overall,Overall,35,14,41,0.0,0.307311,0.33559,1015,17,
1,405,Overall,Overall,35,9,41,0.0,-0.3764,0.447292,981,22,
1,406,Overall,Overall,35,25,41,2.0,2.14177,0.352905,1107,18,
1,407,Overall,Overall,35,17,41,1.0,1.067419,0.381838,1053,19,
1,408,Overall,Overall,35,17,41,1.0,0.855497,0.35101,1043,18,
1,409,Overall,Overall,35,20,41,1.0,1.15747,0.359799,1058,18,
1,410,Overall,Overall,35,15,41,0.0,0.440095,0.355929,1022,18,
1,411,Overall,Overall,35,5,41,-2.0,-1.815372,0.637604,909,32,
1,412,Overall,Overall,35,23,41,1.5,1.662856,0.368507,1083,18,
1,413,Overall,Overall,35,22,41,1.5,1.634404,0.36275,1082,18,
1,414,Overall,Overall,35,9,41,-1.0,-1.289394,0.502936,936,25,
1,415,Overall,Overall,35,15,41,1.0,0.346962,0.372642,1017,19,
1,416,Overall,Overall,35,13,41,-0.5,-0.207576,0.416948,990,21,
1,417,Overall,Overall,35,6,41,-1.5,-1.922263,0.612321,904,31,
1,418,Overall,Overall,35,25,41,1.5,2.084472,0.355571,1104,18,
1,419,Overall,Overall,35,11,41,-0.5,-0.62331,0.422157,969,21,
1,420,Overall,Overall,35,7,41,-1.0,-0.776394,0.478095,961,24,
1,421,Overall,Overall,35,6,41,-1.5,-1.626735,0.556891,919,28,
1,422,Overall,Overall,35,17,41,1.0,0.374579,0.328536,1019,16,
1,423,Overall,Overall,35,14,41,0.5,0.230686,0.390151,1012,20,
1,424,Overall,Overall,35,10,41,0.0,-0.371405,0.42689,981,21,
1,425,Overall,Overall,35,21,41,1.0,0.942506,0.330019,1047,17,
1,426,Overall,Overall,35,8,41,-1.5,-0.971304,0.516305,951,26,
1,427,Overall,Overall,35,16,41,1.0,0.674309,0.343376,1034,17,
1,428,Overall,Overall,35,20,41,1.0,1.023117,0.351993,1051,18,
1,429,Overall,Overall,35,14,41,0.0,0.137429,0.381593,1007,19,
1,430,Overall,Overall,35,19,41,1.0,1.113775,0.364126,1056,18,
1,431,Overall,Overall,35,27,41,2.0,2.524955,0.388972,1126,19,
1,432,Overall,Overall,35,12,41,0.0,0.118029,0.349047,1006,17,
1,433,Overall,Overall,35,14,41,0.0,0.105816,0.382831,1005,19,
1,434,Overall,Overall,35,22,41,1.5,1.276575,0.377223,1064,19,
1,435,Overall,Overall,35,6,41,-1.5,-1.875503,0.609485,906,30,
1,436,Overall,Overall,35,7,41,-1.0,-1.479657,0.572477,926,29,
1,437,Overall,Overall,35,25,41,2.0,2.426423,0.360825,1121,18,
1,438,Overall,Overall,35,21,41,1.5,1.336145,0.353075,1067,18,
1,439,Overall,Overall,35,4,41,-1.5,-2.452165,0.747022,877,37,
1,440,Overall,Overall,35,9,41,-1.5,-0.887539,0.510127,956,26,
1,441,Overall,Overall,35,5,41,-1.5,-1.748074,0.623158,913,31,
1,442,Overall,Overall,35,11,41,-1.0,-0.360689,0.382637,982,19,
1,443,Overall,Overall,35,14,41,0.5,0.514788,0.367841,1026,18,
1,444,Overall,Overall,35,25,41,1.5,1.689172,0.36558,1084,18,
1,445,Overall,Overall,35,6,41,-1.0,-1.933048,0.645889,903,32,
1,446,Overall,Overall,35,5,41,-2.0,-2.203282,0.694645,890,35,
1,447,Overall,Overall,35,4,41,-2.0,-2.284333,0.681796,886,34,
1,448,Overall,Overall,35,29,41,2.0,2.277757,0.349624,1114,17,
1,449,Overall,Overall,35,10,41,0.0,-1.214122,0.530149,939,27,
1,450,Overall,Overall,35,9,41,0.0,-0.914909,0.478905,954,24,
1,451,Overall,Overall,35,4,41,-1.5,-2.217351,0.735594,889,37,
1,452,Overall,Overall,35,8,41,-1.0,-1.114906,0.482052,944,24,
1,453,Overall,Overall,35,4,41,-2.0,-2.670929,0.789033,866,39,
1,454,Overall,Overall,35,23,41,1.5,1.92289,0.357405,1096,18,
1,455,Overall,Overall,35,21,41,1.0,0.857022,0.348826,1043,17,
1,456,Overall,Overall,35,7,41,-1.5,-1.280873,0.55081,936,28,
1,457,Overall,Overall,35,13,41,0.0,-0.237378,0.363564,988,18,
1,458,Overall,Overall,35,24,41,2.0,1.909944,0.34797,1095,17,
1,459,Overall,Overall,35,28,41,2.0,2.378153,0.362929,1119,18,
1,460,Overall,Overall,35,18,41,1.5,0.498764,0.410401,1025,21,
1,461,Overall,Overall,35,25,41,2.0,2.109611,0.346639,1105,17,
1,462,Overall,Overall,35,30,41,2.0,2.457715,0.361176,1123,18,
1,463,Overall,Overall,35,26,41,2.0,1.774028,0.372923,1089,19,
1,464,Overall,Overall,35,22,41,1.5,1.509423,0.363982,1075,18,
1,465,Overall,Overall,35,6,41,-2.0,-1.971299,0.621371,901,31,
1,466,Overall,Overall,35,20,41,0.5,0.781449,0.350819,1039,18,
1,467,Overall,Overall,35,21,41,1.5,1.430239,0.335182,1072,17,
1,468,Overall,Overall,35,21,41,2.0,1.72008,0.351054,1086,18,
1,469,Overall,Overall,35,24,41,1.5,1.355709,0.343422,1068,17,
1,470,Overall,Overall,35,18,41,1.0,0.857754,0.390666,1043,20,
1,471,Overall,Overall,35,11,41,-0.5,-0.259544,0.406904,987,20,
1,472,Overall,Overall,35,15,41,-0.5,-0.019967,0.351303,999,18,
1,473,Overall,Overall,35,8,41,-1.0,-1.015114,0.534161,949,27,
1,474,Overall,Overall,35,8,41,-1.5,-0.91139,0.49065,954,25,
1,475,Overall,Overall,35,16,41,0.5,0.053149,0.382048,1003,19,
1,476,Overall,Overall,35,24,41,1.0,1.289243,0.348094,1064,17,
1,477,Overall,Overall,35,9,41,-1.5,-1.116139,0.503888,944,25,
1,478,Overall,Overall,35,9,41,0.5,-0.021234,0.426023,999,21,
1,479,Overall,Overall,35,22,41,1.0,1.815164,0.360337,1091,18,
1,480,Overall,Overall,35,25,41,2.0,2.030392,0.347803,1102,17,
1,481,Overall,Overall,35,14,41,0.0,0.090764,0.371929,1005,19,
1,482,Overall,Overall,35,11,41,-0.5,-0.180508,0.40054,991,20,
1,483,Overall,Overall,35,24,41,2.0,2.233213,0.351001,1112,18,
1,484,Overall,Overall,35,10,41,-0.5,-0.955477,0.45735,952,23,
1,485,Overall,Overall,35,8,41,-1.5,-1.758081,0.623686,912,31,
1,486,Overall,Overall,35,14,41,-0.5,0.171347,0.368452,1009,18,
1,487,Overall,Overall,35,10,41,-1.0,-1.069731,0.481219,947,24,
1,488,Overall,Overall,35,7,41,-1.5,-0.789956,0.453844,961,23,
1,489,Overall,Overall,35,6,41,-1.5,-1.61435,0.591503,919,30,
1,490,Overall,Overall,35,11,41,0.0,-0.129831,0.376905,994,19,
1,491,Overall,Overall,35,22,41,1.5,2.085338,0.368875,1104,18,
1,492,Overall,Overall,35,8,41,-1.5,-1.179497,0.47089,941,24,
1,493,Overall,Overall,35,11,41,0.0,-0.361955,0.431491,982,22,
1,494,Overall,Overall,35,16,41,1.0,0.826378,0.374871,1041,19,
1,495,Overall,Overall,35,26,41,1.5,1.666459,0.375181,1083,19,
1,496,Overall,Overall,35,11,41,-0.5,-0.825363,0.485294,959,24,
1,497,Overall,Overall,35,25,41,2.0,1.56338,0.35669,1078,18,
1,498,Overall,Overall,35,7,41,-1.5,-1.158642,0.505203,942,25,
1,499,Overall,Overall,35,9,41,-1.0,-0.361564,0.470881,982,24,
1,500,Overall,Overall,35,12,41,0.0,-0.534042,0.44462,973,22,
1,501,Overall,Overall,35,7,41,-2.0,-1.535754,0.580561,923,29,
1,502,Overall,Overall,35,13,41,0.0,-0.136066,0.36791,993,18,
1,503,Overall,Overall,35,12,41,-0.5,-0.155466,0.416027,992,21,
1,504,Overall,Overall,35,3,41,-2.0,-3.053108,0.959142,847,48,
1,505,Overall,Overall,35,6,41,-1.0,-1.528728,0.582549,924,29,
1,506,Overall,Overall,35,24,41,2.0,1.79574,0.335345,1090,17,
1,507,Overall,Overall,35,12,41,0.0,-0.631144,0.425754,968,21,
1,508,Overall,Overall,35,23,41,2.0,1.908754,0.36732,1095,18,
1,509,Overall,Overall,35,23,41,1.0,1.156814,0.332183,1058,17,
1,510,Overall,Overall,35,6,41,-2.0,-2.133628,0.659587,893,33,
1,511,Overall,Overall,35,7,41,-1.5,-1.673649,0.572,916,29,
1,512,Overall,Overall,35,4,41,-2.0,-2.750357,0.800612,862,40,
1,513,Overall,Overall,35,6,41,-2.0,-1.501432,0.545618,925,27,
1,514,Overall,Overall,35,25,41,1.0,1.560544,0.333199,1078,17,
1,515,Overall,Overall,35,4,41,-2.0,-2.928389,0.839202,854,42,
1,516,Overall,Overall,35,8,41,-1.0,-1.386123,0.536641,931,27,
1,517,Overall,Overall,35,6,41,-1.5,-1.824504,0.6274,909,31,
1,518,Overall,Overall,35,9,41,-0.5,-1.067298,0.503484,947,25,
1,519,Overall,Overall,35,27,41,2.0,2.401088,0.346197,1120,17,
1,520,Overall,Overall,35,13,41,0.5,0.01977,0.406174,1001,20,
1,521,Overall,Overall,35,4,41,-1.5,-3.084208,0.878301,846,44,
1,522,Overall,Overall,35,8,41,-0.5,-1.256241,0.514882,937,26,
1,523,Overall,Overall,35,16,41,1.5,0.850875,0.371345,1043,19,
1,524,Overall,Overall,35,15,41,0.5,0.34008,0.35393,1017,18,
1,525,Overall,Overall,35,5,41,-2.0,-2.062178,0.62465,897,31,
1,526,Overall,Overall,35,11,41,-0.5,-0.647058,0.453475,968,23,
1,527,Overall,Overall,35,4,41,-2.0,-2.622582,0.782215,869,39,
1,528,Overall,Overall,35,14,41,0.5,0.544,0.343349,1027,17,
1,529,Overall,Overall,35,26,41,2.0,2.272157,0.359923,1114,18,
1,530,Overall,Overall,35,8,41,-2.0,-1.332079,0.550235,933,28,
1,531,Overall,Overall,35,22,41,1.0,1.369439,0.348969,1068,17,
1,532,Overall,Overall,35,8,41,-1.5,-1.251198,0.476161,937,24,
1,533,Overall,Overall,35,25,41,2.0,1.496622,0.370337,1075,19,
1,534,Overall,Overall,35,23,41,2.0,1.970995,0.381576,1099,19,
1,535,Overall,Overall,35,20,41,1.5,1.337321,0.346324,1067,17,
1,536,Overall,Overall,35,28,41,2.0,2.516691,0.393899,1126,20,
1,537,Overall,Overall,35,7,41,-1.5,-1.48923,0.528985,926,26,
1,538,Overall,Overall,35,11,41,-0.5,-0.659609,0.43315,967,22,
1,539,Overall,Overall,35,8,41,-1.0,-1.561217,0.578442,922,29,
1,540,Overall,Overall,35,4,41,-2.0,-2.876092,0.849539,856,42,
1,541,Overall,Overall,35,5,41,-2.0,-1.979065,0.652714,901,33,
1,542,Overall,Overall,35,9,41,-0.5,-0.449539,0.403534,978,20,
1,543,Overall,Overall,35,27,41,2.0,2.104855,0.372734,1105,19,
1,544,Overall,Overall,35,5,41,-2.0,-2.142397,0.650228,893,33,
1,545,Overall,Overall,35,16,41,1.5,0.877833,0.368116,1044,18,
1,546,Overall,Overall,35,18,41,1.5,1.292802,0.368693,1065,18,
1,547,Overall,Overall,35,5,41,-1.5,-1.898379,0.572126,905,29,
1,548,Overall,Overall,35,11,41,-1.0,-0.559284,0.447549,972,22,
1,549,Overall,Overall,35,22,41,1.5,1.693915,0.359285,1085,18,
1,550,Overall,Overall,35,24,41,2.0,2.309978,0.367355,1115,18,
1,551,Overall,Overall,35,23,41,2.0,2.082462,0.377831,1104,19,
1,552,Overall,Overall,35,6,41,-0.5,-1.565922,0.537051,922,27,
1,553,Overall,Overall,35,20,41,0.5,0.996761,0.364942,1050,18,
1,554,Overall,Overall,35,23,41,1.0,1.354593,0.349964,1068,17,
1,555,Overall,Overall,35,23,41,2.0,1.533317,0.338056,1077,17,
1,556,Overall,Overall,35,5,41,-1.5,-2.043556,0.636006,898,32,
1,557,Overall,Overall,35,6,41,-1.0,-1.609938,0.568623,920,28,
1,558,Overall,Overall,35,13,41,-0.5,-0.007367,0.384788,1000,19,
1,559,Overall,Overall,35,19,41,1.0,1.036291,0.358689,1052,18,
1,560,Overall,Overall,35,25,41,2.0,2.262346,0.361151,1113,18,
1,561,Overall,Overall,35,8,41,-0.5,-1.338313,0.515562,933,26,
1,562,Overall,Overall,35,6,41,-1.0,-1.649536,0.596656,918,30,
1,563,Overall,Overall,35,21,41,1.0,1.218367,0.338997,1061,17,
1,564,Overall,Overall,35,14,41,-1.0,-0.422943,0.411196,979,21,
1,565,Overall,Overall,35,7,41,-1.0,-1.363499,0.5477,932,27,
1,566,Overall,Overall,35,7,41,0.0,-0.762382,0.489151,962,24,
1,567,Overall,Overall,35,10,41,0.0,-0.475204,0.391738,976,20,
1,568,Overall,Overall,35,10,41,-2.0,-1.228662,0.517845,939,26,
1,569,Overall,Overall,35,30,41,2.0,2.70168,0.393674,1135,20,
1,570,Overall,Overall,35,22,41,1.5,1.472873,0.362477,1074,18,
1,571,Overall,Overall,35,24,41,1.5,1.275523,0.343091,1064,17,
1,572,Overall,Overall,35,9,41,-0.5,-0.543119,0.41939,973,21,
1,573,Overall,Overall,35,9,41,0.0,-1.002501,0.474366,950,24,
1,574,Overall,Overall,35,10,41,-1.0,-0.471568,0.41388,976,21,
1,575,Overall,Overall,35,10,41,-0.5,-0.592119,0.478432,970,24,
1,576,Overall,Overall,35,14,41,0.0,-0.148581,0.390938,993,20,
1,577,Overall,Overall,35,6,41,-1.5,-1.962336,0.624235,902,31,
1,578,Overall,Overall,35,23,41,1.0,1.164743,0.348662,1058,17,
1,579,Overall,Overall,35,22,41,1.5,1.400202,0.343373,1070,17,
1,580,Overall,Overall,35,6,41,-1.5,-1.97851,0.646112,901,32,
1,581,Overall,Overall,35,11,41,-0.5,-0.400777,0.40326,980,20,
1,582,Overall,Overall,35,6,41,-1.0,-1.345348,0.518581,933,26,
1,583,Overall,Overall,35,23,41,1.5,1.821083,0.337691,1091,17,
1,584,Overall,Overall,35,9,41,-1.0,-0.801845,0.441755,960,22,
1,585,Overall,Overall,35,15,41,0.0,0.187741,0.394586,1009,20,
1,586,Overall,Overall,35,13,41,0.5,0.364964,0.387715,1018,19,
1,587,Overall,Overall,35,9,41,-1.5,-1.112277,0.465182,944,23,
1,588,Overall,Overall,35,19,41,1.5,0.678304,0.345692,1034,17,
1,589,Overall,Overall,35,12,41,0.5,0.141085,0.413642,1007,21,
1,590,Overall,Overall,35,9,41,-0.5,-0.510106,0.478266,974,24,
1,591,Overall,Overall,35,15,41,-1.0,-0.030326,0.398956,998,20,
1,592,Overall,Overall,35,8,41,-1.0,-1.478198,0.537266,926,27,
1,593,Overall,Overall,35,21,41,1.5,1.571688,0.351176,1079,18,
1,594,Overall,Overall,35,7,41,-0.5,-1.255885,0.511125,937,26,
1,595,Overall,Overall,35,18,41,1.0,0.971091,0.350598,1049,18,
1,596,Overall,Overall,35,22,41,1.5,1.327734,0.357517,1066,18,
1,597,Overall,Overall,35,10,41,-0.5,-0.707812,0.451231,965,23,
1,598,Overall,Overall,35,12,41,0.0,-0.034808,0.377949,998,19,
1,599,Overall,Overall,35,5,41,-1.5,-1.858176,0.660854,907,33,
1,600,Overall,Overall,35,7,41,-1.5,-1.471635,0.584348,926,29,
1,601,Overall,Overall,35,5,41,-1.5,-1.698023,0.567846,915,28,
1,602,Overall,Overall,35,16,41,0.5,0.715422,0.353457,1036,18,
1,603,Overall,Overall,35,8,41,-0.5,-1.327748,0.56591,934,28,
1,604,Overall,Overall,35,4,41,-2.0,-2.573952,0.788349,871,39,
1,605,Overall,Overall,35,2,41,-2.0,-4.220358,1.314333,789,66,
1,606,Overall,Overall,35,7,41,-0.5,-0.569043,0.465659,972,23,
1,607,Overall,Overall,35,22,41,1.5,1.498976,0.335645,1075,17,
1,608,Overall,Overall,35,27,41,2.0,2.358994,0.364296,1118,18,
1,609,Overall,Overall,35,25,41,1.0,1.429983,0.333156,1071,17,
1,610,Overall,Overall,35,10,41,-1.0,-0.958714,0.463352,952,23,
1,611,Overall,Overall,35,10,41,0.0,-0.73759,0.442609,963,22,
1,612,Overall,Overall,35,22,41,1.0,0.902206,0.340154,1045,17,
1,613,Overall,Overall,35,23,41,1.0,1.463541,0.354349,1073,18,
1,614,Overall,Overall,35,21,41,2.0,1.664717,0.34237,1083,17,
1,615,Overall,Overall,35,15,41,0.5,0.582415,0.390774,1029,20,
1,616,Overall,Overall,35,10,41,-1.0,-0.973663,0.476818,951,24,
1,617,Overall,Overall,35,15,41,-0.5,0.022221,0.364949,1001,18,
1,618,Overall,Overall,35,3,41,-2.0,-2.591315,0.842634,870,42,
1,619,Overall,Overall,35,13,41,0.0,0.028154,0.374887,1001,19,
1,620,Overall,Overall,35,16,41,1.0,0.96018,0.372843,1048,19,
1,621,Overall,Overall,35,19,41,1.0,0.814884,0.333248,1041,17,
1,622,Overall,Overall,35,3,41,-2.0,-2.468864,0.730392,877,37,
1,623,Overall,Overall,35,26,41,2.0,1.784398,0.349885,1089,17,
1,624,Overall,Overall,35,18,41,1.0,0.838221,0.33877,1042,17,
1,625,Overall,Overall,35,10,41,-1.5,-1.048812,0.502549,948,25,
1,626,Overall,Overall,35,12,41,-0.5,-0.528618,0.423283,974,21,
1,627,Overall,Overall,35,6,41,-1.5,-1.763631,0.611068,912,31,
1,628,Overall,Overall,35,27,41,2.0,1.796512,0.350027,1090,18,
1,629,Overall,Overall,35,6,41,-1.5,-1.958528,0.664471,902,33,
1,630,Overall,Overall,35,13,41,-0.5,-0.36145,0.424339,982,21,
1,631,Overall,Overall,35,11,41,-0.5,-0.207171,0.449352,990,22,
1,632,Overall,Overall,35,10,41,-1.0,-0.983782,0.466915,951,23,
1,633,Overall,Overall,35,20,41,1.0,1.115563,0.382596,1056,19,
1,634,Overall,Overall,35,11,41,0.0,-0.415103,0.434529,979,22,
1,635,Overall,Overall,35,4,41,-1.5,-2.736981,0.839651,863,42,
1,636,Overall,Overall,35,19,41,1.0,0.80647,0.311342,1040,16,
1,637,Overall,Overall,35,15,41,0.5,0.695848,0.389838,1035,19,
1,638,Overall,Overall,35,17,41,0.0,0.522541,0.352047,1026,18,
1,639,Overall,Overall,35,19,41,1.0,0.832624,0.361085,1042,18,
1,640,Overall,Overall,35,10,41,-0.5,-0.768541,0.453642,962,23,
1,641,Overall,Overall,35,3,41,-2.0,-3.261939,0.920919,837,46,
1,642,Overall,Overall,35,14,41,0.0,0.010589,0.367246,1001,18,
1,643,Overall,Overall,35,29,41,2.0,2.871673,0.404426,1144,20,
1,644,Overall,Overall,35,8,41,-1.5,-1.52251,0.569107,924,28,
1,645,Overall,Overall,35,5,41,-1.5,-1.9719,0.662902,901,33,
1,646,Overall,Overall,35,6,41,-1.0,-1.158942,0.492941,942,25,
1,647,Overall,Overall,35,11,41,-1.0,-0.761657,0.446754,962,22,
1,648,Overall,Overall,35,12,41,0.5,-0.05911,0.420328,997,21,
1,649,Overall,Overall,35,30,41,2.0,2.396062,0.358192,1120,18,
1,650,Overall,Overall,35,15,41,0.0,0.473676,0.364093,1024,18,
1,651,Overall,Overall,35,11,41,0.5,-0.321916,0.401495,984,20,
1,652,Overall,Overall,35,10,41,-0.5,-0.897649,0.490938,955,25,
1,653,Overall,Overall,35,19,41,1.0,0.775208,0.382123,1039,19,
1,654,Overall,Overall,35,10,41,-1.0,-0.606856,0.446512,970,22,
1,655,Overall,Overall,35,22,41,1.0,1.734532,0.341202,1087,17,
1,656,Overall,Overall,35,24,41,1.5,1.675219,0.349695,1084,17,
1,657,Overall,Overall,35,14,41,0.5,0.032327,0.378084,1002,19,
1,658,Overall,Overall,35,2,41,-2.0,-3.425992,1.030268,829,52,
1,659,Overall,Overall,35,23,41,1.5,1.802271,0.36004,1090,18,
1,660,Overall,Overall,35,7,41,-1.0,-0.51318,0.410272,974,21,
1,661,Overall,Overall,35,0,41,-1.5,-5.0,1.666412,750,83,
1,662,Overall,Overall,35,24,41,2.0,1.721641,0.342995,1086,17,
1,663,Overall,Overall,35,8,41,-1.0,-1.303867,0.529721,935,26,
1,664,Overall,Overall,35,4,41,-2.0,-2.389774,0.737156,881,37,
1,665,Overall,Overall,35,25,41,1.5,1.952492,0.339749,1098,17,
1,666,Overall,Overall,35,22,41,1.0,1.120161,0.350991,1056,18,
1,667,Overall,Overall,35,12,41,-1.0,-0.150419,0.375654,992,19,
1,668,Overall,Overall,35,7,41,-2.0,-1.808748,0.633301,910,32,
1,669,Overall,Overall,35,12,41,0.5,-0.199623,0.424946,990,21,
1,670,Overall,Overall,35,4,41,-2.0,-3.192587,0.903618,840,45,
1,671,Overall,Overall,35,21,41,1.5,0.802524,0.328827,1040,16,
1,672,Overall,Overall,35,6,41,-2.0,-1.297114,0.552648,935,28,
1,673,Overall,Overall,35,10,41,-1.0,-0.875524,0.491805,956,25,
1,674,Overall,Overall,35,17,41,1.0,0.971311,0.357224,1049,18,
1,675,Overall,Overall,35,9,41,-1.0,-0.668708,0.452363,967,23,
1,676,Overall,Overall,35,13,41,0.5,-0.097222,0.381458,995,19,
1,677,Overall,Overall,35,22,41,1.5,1.757341,0.35222,1088,18,
1,678,Overall,Overall,35,13,41,0.0,-0.07508,0.399089,996,20,
1,679,Overall,Overall,35,9,41,-1.5,-1.021588,0.509131,949,25,
1,680,Overall,Overall,35,10,41,1.0,-0.334236,0.443647,983,22,
1,681,Overall,Overall,35,10,41,0.0,-0.574446,0.459822,971,23,
1,682,Overall,Overall,35,8,41,-1.5,-1.595878,0.553923,920,28,
1,683,Overall,Overall,35,17,41,0.5,0.632153,0.341002,1032,17,
1,684,Overall,Overall,35,6,41,-1.5,-1.705635,0.571979,915,29,
1,685,Overall,Overall,35,4,41,-1.0,-1.974856,0.666987,901,33,
1,686,Overall,Overall,35,9,41,-0.5,-0.729239,0.472591,964,24,
1,687,Overall,Overall,35,8,41,-1.0,-1.481163,0.549662,926,27,
1,688,Overall,Overall,35,5,41,-1.5,-1.901501,0.65301,905,33,
1,689,Overall,Overall,35,13,41,0.0,-0.096608,0.380341,995,19,
1,690,Overall,Overall,35,22,41,1.5,1.990425,0.361344,1100,18,
1,691,Overall,Overall,35,6,41,-1.5,-1.174715,0.51353,941,26,
1,692,Overall,Overall,35,22,41,1.0,0.997548,0.380281,1050,19,
1,693,Overall,Overall,35,8,41,-1.5,-1.161632,0.508642,942,25,
1,694,Overall,Overall,35,5,41,-1.5,-1.300536,0.559491,935,28,
1,695,Overall,Overall,35,8,41,-1.0,-1.004495,0.495566,950,25,
1,696,Overall,Overall,35,4,41,-2.0,-2.64508,0.786724,868,39,
1,697,Overall,Overall,35,17,41,1.0,0.984827,0.344813,1049,17,
1,698,Overall,Overall,35,17,41,1.0,1.102859,0.379344,1055,19,
1,699,Overall,Overall,35,26,41,1.5,1.697254,0.338394,1085,17,
1,700,Overall,Overall,35,10,41,-0.5,-0.273223,0.421215,986,21,
1,701,Overall,Overall,35,16,41,1.0,0.696509,0.353809,1035,18,
1,702,Overall,Overall,35,4,41,-2.0,-2.698894,0.786706,865,39,
1,703,Overall,Overall,35,8,41,-1.0,-0.687195,0.439093,966,22,
1,704,Overall,Overall,35,16,41,0.5,0.615338,0.375908,1031,19,
1,705,Overall,Overall,35,9,41,-0.5,-0.691429,0.487172,965,24,
1,706,Overall,Overall,35,5,41,-1.5,-2.073815,0.645116,896,32,
1,707,Overall,Overall,35,11,41,-0.5,-0.456942,0.402616,977,20,
1,708,Overall,Overall,35,16,41,0.5,0.735535,0.371208,1037,19,
1,709,Overall,Overall,35,5,41,-1.0,-1.804496,0.641859,910,32,
1,710,Overall,Overall,35,22,41,1.0,1.099677,0.343526,1055,17,
1,711,Overall,Overall,35,21,41,1.0,1.133302,0.329304,1057,16,
1,712,Overall,Overall,35,5,41,-1.0,-2.124104,0.642244,894,32,
1,713,Overall,Overall,35,17,41,1.0,0.764679,0.336787,1038,17,
1,714,Overall,Overall,35,14,41,0.5,0.128101,0.379756,1006,19,
1,715,Overall,Overall,35,27,41,2.0,2.492442,0.381607,1125,19,
1,716,Overall,Overall,35,5,41,-1.5,-2.009337,0.632704,900,32,
1,717,Overall,Overall,35,14,41,0.5,0.363463,0.333478,1018,17,
1,718,Overall,Overall,35,22,41,1.0,1.389457,0.370081,1069,19,
1,719,Overall,Overall,35,21,41,1.5,1.330537,0.383409,1067,19,
1,720,Overall,Overall,35,5,41,-1.0,-2.155419,0.688035,892,34,
1,721,Overall,Overall,35,21,41,1.0,1.117482,0.337766,1056,17,
1,722,Overall,Overall,35,24,41,1.0,1.339254,0.354752,1067,18,
1,723,Overall,Overall,35,9,41,-1.0,-0.593159,0.466968,970,23,
1,724,Overall,Overall,35,22,41,1.0,1.417956,0.341318,1071,17,
1,725,Overall,Overall,35,20,41,1.5,1.722858,0.358959,1086,18,
1,726,Overall,Overall,35,12,41,0.0,-0.334524,0.388611,983,19,
1,727,Overall,Overall,35,6,41,-1.5,-1.277786,0.545888,936,27,
1,728,Overall,Overall,35,12,41,0.0,0.386347,0.384039,1019,19,
1,729,Overall,Overall,35,9,41,-1.0,-1.409202,0.541942,930,27,
1,730,Overall,Overall,35,23,41,2.0,1.760621,0.345585,1088,17,
1,731,Overall,Overall,35,5,41,-2.0,-2.108984,0.666374,895,33,
1,732,Overall,Overall,35,23,41,2.0,1.225937,0.337651,1061,17,
1,733,Overall,Overall,35,13,41,0.5,0.021636,0.392851,1001,20,
1,734,Overall,Overall,35,5,41,-2.0,-1.970558,0.622346,901,31,
1,735,Overall,Overall,35,16,41,0.5,0.294125,0.373824,1015,19,
1,736,Overall,Overall,35,11,41,-0.5,-0.28512,0.436714,986,22,
1,737,Overall,Overall,35,6,41,-2.0,-1.869054,0.607914,907,30,
1,738,Overall,Overall,35,4,41,-2.0,-2.798566,0.799069,860,40,
1,739,Overall,Overall,35,6,41,-2.0,-1.964801,0.660155,902,33,
1,740,Overall,Overall,35,23,41,1.5,1.510653,0.339241,1076,17,
1,741,Overall,Overall,35,8,41,-1.5,-0.971849,0.505021,951,25,
1,742,Overall,Overall,35,23,41,2.0,1.948829,0.354735,1097,18,
1,743,Overall,Overall,35,8,41,-1.0,-1.006746,0.479487,950,24,
1,744,Overall,Overall,35,16,41,1.0,1.004766,0.34639,1050,17,
1,745,Overall,Overall,35,10,41,-0.5,-0.618467,0.429978,969,21,
1,746,Overall,Overall,35,9,41,-2.0,-1.322433,0.52478,934,26,
1,747,Overall,Overall,35,26,41,1.5,1.762161,0.36385,1088,18,
1,748,Overall,Overall,35,19,41,0.5,0.631073,0.369851,1032,18,
1,749,Overall,Overall,35,10,41,-0.5,-0.751561,0.436216,962,22,
1,750,Overall,Overall,35,19,41,1.0,1.026592,0.380106,1051,19,
1,751,Overall,Overall,35,8,41,-0.5,-1.405672,0.554788,930,28,
1,752,Overall,Overall,35,18,41,1.5,1.059444,0.35032,1053,18,
1,753,Overall,Overall,35,6,41,-1.5,-1.806553,0.596595,910,30,
1,754,Overall,Overall,35,13,41,0.5,-0.10015,0.364065,995,18,
1,755,Overall,Overall,35,12,41,-0.5,-0.409839,0.463948,980,23,
1,756,Overall,Overall,35,4,41,-2.0,-2.689857,0.794542,866,40,
1,757,Overall,Overall,35,14,41,0.0,0.391568,0.380798,1020,19,
1,758,Overall,Overall,35,14,41,0.5,0.059519,0.402354,1003,20,
1,759,Overall,Overall,35,9,41,-1.0,-0.910444,0.464337,954,23,
1,760,Overall,Overall,35,16,41,0.0,0.203494,0.379725,1010,19,
1,761,Overall,Overall,35,23,41,1.5,1.524428,0.334513,1076,17,
1,762,Overall,Overall,35,19,41,1.0,0.797088,0.381513,1040,19,
1,763,Overall,Overall,35,24,41,2.0,2.026455,0.384453,1101,19,
1,764,Overall,Overall,35,24,41,2.0,1.94476,0.343329,1097,17,
1,765,Overall,Overall,35,14,41,0.0,0.094093,0.356835,1005,18,
1,766,Overall,Overall,35,15,41,0.5,0.027524,0.372349,1001,19,
1,767,Overall,Overall,35,18,41,1.0,1.167378,0.36402,1058,18,
1,768,Overall,Overall,35,9,41,-0.5,-0.864299,0.480929,957,24,
1,769,Overall,Overall,35,21,41,1.5,0.960908,0.31534,1048,16,
1,770,Overall,Overall,35,5,41,-2.0,-2.01254,0.631019,899,32,
1,771,Overall,Overall,35,7,41,-2.0,-1.429764,0.556786,929,28,
1,772,Overall,Overall,35,19,41,2.0,1.336427,0.369294,1067,18,
1,773,Overall,Overall,35,6,41,-1.5,-1.524132,0.557892,924,28,
1,774,Overall,Overall,35,6,41,-1.0,-1.586979,0.576799,921,29,
1,775,Overall,Overall,35,14,41,0.0,-0.031169,0.370168,998,19,
1,776,Overall,Overall,35,13,41,0.5,0.146068,0.416167,1007,21,
1,777,Overall,Overall,35,20,41,1.0,1.052773,0.35797,1053,18,
1,778,Overall,Overall,35,25,41,2.0,2.201057,0.367861,1110,18,
1,779,Overall,Overall,35,27,41,2.0,2.352875,0.373875,1118,19,
1,780,Overall,Overall,35,9,41,-1.0,-1.754579,0.578041,912,29,
1,781,Overall,Overall,35,15,41,0.0,0.028475,0.384848,1001,19,
1,782,Overall,Overall,35,3,41,-2.0,-2.894959,0.859715,855,43,
1,783,Overall,Overall,35,10,41,-2.0,-0.852753,0.463343,957,23,
1,784,Overall,Overall,35,8,41,-1.0,-1.158998,0.513527,942,26,
1,785,Overall,Overall,35,9,41,-0.5,-0.579471,0.469421,971,23,
1,786,Overall,Overall,35,9,41,0.0,-0.409294,0.373797,980,19,
1,787,Overall,Overall,35,22,41,1.5,1.33922,0.350125,1067,18,
1,788,Overall,Overall,35,11,41,-0.5,-0.275874,0.404868,986,20,
1,789,Overall,Overall,35,24,41,1.5,1.685356,0.343276,1084,17,
1,790,Overall,Overall,35,21,41,1.5,1.328513,0.322078,1066,16,
1,791,Overall,Overall,35,14,41,0.0,0.432507,0.359049,1022,18,
1,792,Overall,Overall,35,16,41,0.5,0.256765,0.371216,1013,19,
1,793,Overall,Overall,35,7,41,-1.5,-1.598038,0.571509,920,29,
1,794,Overall,Overall,35,28,41,2.0,2.234506,0.354738,1112,18,
1,795,Overall,Overall,35,10,41,-0.5,-0.619936,0.432419,969,22,
1,796,Overall,Overall,35,22,41,1.5,1.744184,0.342902,1087,17,
1,797,Overall,Overall,35,6,41,-1.5,-1.553249,0.601247,922,30,
1,798,Overall,Overall,35,30,41,2.0,2.079136,0.375409,1104,19,
1,799,Overall,Overall,35,8,41,-1.0,-1.597857,0.555545,920,28,
1,800,Overall,Overall,35,13,41,0.5,0.060458,0.408631,1003,20,
1,801,Overall,Overall,35,20,41,1.0,1.42569,0.367329,1071,18,
1,802,Overall,Overall,35,27,41,1.5,1.69687,0.362187,1085,18,
1,803,Overall,Overall,35,27,41,1.0,1.379848,0.363052,1069,18,
1,804,Overall,Overall,35,23,41,2.0,2.090097,0.345191,1105,17,
1,805,Overall,Overall,35,16,41,0.0,0.522041,0.362184,1026,18,
1,806,Overall,Overall,35,17,41,1.0,0.524607,0.33632,1026,17,
1,807,Overall,Overall,35,7,41,-2.0,-1.680366,0.608717,916,30,
1,808,Overall,Overall,35,11,41,0.0,0.018736,0.397213,1001,20,
1,809,Overall,Overall,35,24,41,1.5,1.214923,0.342192,1061,17,
1,810,Overall,Overall,35,9,41,0.0,-0.999784,0.486039,950,24,
1,811,Overall,Overall,35,4,41,-2.0,-2.61096,0.840677,869,42,
1,812,Overall,Overall,35,15,41,0.0,-0.042229,0.38639,998,19,
1,813,Overall,Overall,35,21,41,1.0,1.642901,0.339042,1082,17,
1,814,Overall,Overall,35,18,41,1.0,0.784079,0.335523,1039,17,
1,815,Overall,Overall,35,8,41,-1.5,-1.51463,0.53406,924,27,
1,816,Overall,Overall,35,10,41,-0.5,-0.655537,0.442538,967,22,
1,817,Overall,Overall,35,17,41,0.0,0.233939,0.355309,1012,18,
1,818,Overall,Overall,35,4,41,-2.0,-2.235466,0.722137,888,36,
1,819,Overall,Overall,35,13,41,0.5,0.3406,0.353621,1017,18,
1,820,Overall,Overall,35,28,41,2.0,2.297152,0.375528,1115,19,
1,821,Overall,Overall,35,8,41,-2.0,-1.159057,0.49012,942,25,
1,822,Overall,Overall,35,5,41,-1.5,-2.172228,0.680192,891,34,
1,823,Overall,Overall,35,9,41,0.0,-0.113442,0.404578,994,20,
1,824,Overall,Overall,35,6,41,-2.0,-1.939528,0.648191,903,32,
1,825,Overall,Overall,35,6,41,-1.5,-1.798984,0.618774,910,31,
1,826,Overall,Overall,35,10,41,-1.0,-0.520257,0.448151,974,22,
1,827,Overall,Overall,35,23,41,1.5,1.774734,0.337355,1089,17,
1,828,Overall,Overall,35,18,41,0.5,1.146896,0.379772,1057,19,
1,829,Overall,Overall,35,9,41,-0.5,-1.191458,0.486099,940,24,
1,830,Overall,Overall,35,22,41,1.5,1.619121,0.335254,1081,17,
1,831,Overall,Overall,35,8,41,-1.5,-1.010222,0.494149,949,25,
1,832,Overall,Overall,35,8,41,-1.0,-1.182815,0.496972,941,25,
1,833,Overall,Overall,35,25,41,2.0,2.049625,0.356367,1102,18,
1,834,Overall,Overall,35,25,41,2.0,1.374053,0.371336,1069,19,
1,835,Overall,Overall,35,4,41,-1.5,-2.347694,0.708386,883,35,
1,836,Overall,Overall,35,22,41,1.5,1.900616,0.366127,1095,18,
1,837,Overall,Overall,35,6,41,-1.0,-1.893996,0.609247,905,30,
1,838,Overall,Overall,35,6,41,-1.5,-2.111351,0.652897,894,33,
1,839,Overall,Overall,35,10,41,-0.5,-0.65542,0.449881,967,22,
1,840,Overall,Overall,35,22,41,1.0,1.375744,0.331872,1069,17,
1,841,Overall,Overall,35,22,41,1.5,1.462,0.353742,1073,18,
1,842,Overall,Overall,35,31,41,2.0,2.175868,0.364933,1109,18,
1,843,Overall,Overall,35,13,41,0.0,-0.166705,0.39438,992,20,
1,844,Overall,Overall,35,20,41,1.0,1.350389,0.35939,1068,18,
1,845,Overall,Overall,35,22,41,0.5,1.023179,0.340854,1051,17,
1,846,Overall,Overall,35,18,41,1.0,0.750699,0.370808,1038,19,
1,847,Overall,Overall,35,10,41,-1.0,-0.7241,0.431092,964,22,
1,848,Overall,Overall,35,10,41,-0.5,-0.964412,0.466019,952,23,
1,849,Overall,Overall,35,21,41,1.5,1.892145,0.368144,1095,18,
1,850,Overall,Overall,35,13,41,-1.5,-0.244099,0.404965,988,20,
1,851,Overall,Overall,35,11,41,-1.0,-0.739765,0.484476,963,24,
1,852,Overall,Overall,35,8,41,-0.5,-1.236969,0.501123,938,25,
1,853,Overall,Overall,35,19,41,1.0,0.955631,0.326085,1048,16,
1,854,Overall,Overall,35,24,41,1.5,1.336314,0.377208,1067,19,
1,855,Overall,Overall,35,2,41,-2.0,-3.736646,1.108446,813,55,
1,856,Overall,Overall,35,7,41,-1.5,-1.115165,0.528541,944,26,
1,857,Overall,Overall,35,18,41,0.0,1.077672,0.339758,1054,17,
1,858,Overall,Overall,35,19,41,1.0,1.198314,0.320006,1060,16,
1,859,Overall,Overall,35,6,41,-0.5,-0.896976,0.502871,955,25,
1,860,Overall,Overall,35,5,41,-2.0,-1.940027,0.667165,903,33,
1,861,Overall,Overall,35,14,41,0.5,0.024208,0.36313,1001,18,
1,862,Overall,Overall,35,20,41,1.0,1.120683,0.320869,1056,16,
1,863,Overall,Overall,35,27,41,2.0,2.615543,0.372277,1131,19,
1,864,Overall,Overall,35,22,41,1.5,1.279188,0.340817,1064,17,
1,865,Overall,Overall,35,8,41,-1.5,-1.065537,0.519289,947,26,
1,866,Overall,Overall,35,7,41,-1.0,-1.485942,0.554211,926,28,
1,867,Overall,Overall,35,5,41,-1.5,-1.949298,0.597807,903,30,
1,868,Overall,Overall,35,22,41,1.0,1.164226,0.356919,1058,18,
1,869,Overall,Overall,35,16,41,0.5,0.648332,0.343512,1032,17,
1,870,Overall,Overall,35,9,41,-0.5,-0.543654,0.459833,973,23,
1,871,Overall,Overall,35,8,41,-0.5,-0.970127,0.471886,951,24,
1,872,Overall,Overall,35,4,41,-1.5,-2.71389,0.786614,864,39,
1,873,Overall,Overall,35,4,41,-1.5,-2.202973,0.706129,890,35,
1,874,Overall,Overall,35,11,41,-0.5,-0.258918,0.413951,987,21,
1,875,Overall,Overall,35,4,41,-2.0,-2.107494,0.679758,895,34,
1,876,Overall,Overall,35,27,41,2.0,2.272433,0.369511,1114,18,
1,877,Overall,Overall,35,3,41,-2.0,-2.882243,0.845504,856,42,
1,878,Overall,Overall,35,20,41,2.0,1.662286,0.350461,1083,18,
1,879,Overall,Overall,35,24,41,1.0,1.422933,0.372591,1071,19,
1,880,Overall,Overall,35,8,41,-1.0,-0.867493,0.498302,957,25,
1,881,Overall,Overall,35,15,41,-1.0,-0.117645,0.419259,994,21,
1,882,Overall,Overall,35,9,41,-0.5,-0.511224,0.406372,974,20,
1,883,Overall,Overall,35,13,41,0.5,0.332782,0.412904,1017,21,
1,884,Overall,Overall,35,4,41,-1.5,-2.512665,0.758517,874,38,
1,885,Overall,Overall,35,13,41,-0.5,0.153251,0.414774,1008,21,
1,886,Overall,Overall,35,18,41,0.5,0.798858,0.339425,1040,17,
1,887,Overall,Overall,35,5,41,-2.0,-2.500223,0.716805,875,36,
1,888,Overall,Overall,35,17,41,1.0,0.874032,0.350149,1044,18,
1,889,Overall,Overall,35,13,41,0.0,-0.326392,0.399413,984,20,
1,890,Overall,Overall,35,18,41,1.5,1.160153,0.401842,1058,20,
1,891,Overall,Overall,35,4,41,-1.5,-2.486024,0.734093,876,37,
1,892,Overall,Overall,35,18,41,0.5,0.652303,0.320375,1033,16,
1,893,Overall,Overall,35,7,41,-0.5,-1.289497,0.540064,936,27,
1,894,Overall,Overall,35,8,41,-1.5,-1.285143,0.512169,936,26,
1,895,Overall,Overall,35,20,41,0.5,0.987504,0.322976,1049,16,
1,896,Overall,Overall,35,10,41,-1.0,-1.346616,0.559887,933,28,
1,897,Overall,Overall,35,6,41,-1.5,-1.876008,0.594005,906,30,
1,898,Overall,Overall,35,7,41,-1.5,-0.688509,0.503812,966,25,
1,899,Overall,Overall,35,12,41,-0.5,0.076273,0.387522,1004,19,
1,900,Overall,Overall,35,15,41,0.0,0.030385,0.374505,1002,19,
2,1,Overall,Overall,35,22,41,1.5,1.14368,0.301982,1057,15,
2,2,Overall,Overall,35,9,41,-1.0,-1.206686,0.507343,940,25,
2,3,Overall,Overall,35,4,41,-2.0,-1.985109,0.720876,901,36,
2,4,Overall,Overall,35,19,41,1.5,1.872806,0.377711,1094,19,
2,5,Overall,Overall,35,12,41,0.0,0.005929,0.331978,1000,17,
2,6,Overall,Overall,35,15,41,-0.5,0.140905,0.387111,1007,19,
2,7,Overall,Overall,35,9,41,-0.5,-0.929776,0.505412,954,25,
2,8,Overall,Overall,35,18,41,1.0,1.374876,0.347498,1069,17,
2,9,Overall,Overall,35,9,41,-1.5,-1.181075,0.513716,941,26,
2,10,Overall,Overall,35,12,41,0.0,-0.27775,0.403921,986,20,
2,11,Overall,Overall,35,22,41,2.0,1.745319,0.342552,1087,17,
2,12,Overall,Overall,35,14,41,0.5,0.402239,0.34581,1020,17,
2,13,Overall,Overall,35,10,41,-1.5,-1.242382,0.527885,938,26,
2,14,Overall,Overall,35,11,41,-0.5,-0.557706,0.421834,972,21,
2,15,Overall,Overall,35,11,41,-0.5,-0.125123,0.410667,994,21,
2,16,Overall,Overall,35,26,41,1.0,1.782838,0.367945,1089,18,
2,17,Overall,Overall,35,6,41,-1.5,-1.566875,0.569813,922,28,
2,18,Overall,Overall,35,12,41,0.0,-0.226978,0.410941,989,21,
2,19,Overall,Overall,35,12,41,0.0,-0.021683,0.388142,999,19,
2,20,Overall,Overall,35,24,41,1.5,1.908021,0.334856,1095,17,
2,21,Overall,Overall,35,18,41,1.0,0.931919,0.390824,1047,20,
2,22,Overall,Overall,35,0,41,-2.0,-5.0,1.655168,750,83,
2,23,Overall,Overall,35,13,41,0.0,0.15328,0.378887,1008,19,
2,24,Overall,Overall,35,12,41,-1.0,-0.286645,0.393285,986,20,
2,25,Overall,Overall,35,9,41,0.0,-0.450825,0.399939,977,20,
2,26,Overall,Overall,35,2,41,-1.5,-3.321781,0.971555,834,49,
2,27,Overall,Overall,35,6,41,-1.0,-1.410357,0.568057,929,28,
2,28,Overall,Overall,35,16,41,1.0,0.774502,0.355103,1039,18,
2,29,Overall,Overall,35,6,41,-1.5,-1.417381,0.500059,929,25,
2,30,Overall,Overall,35,17,41,1.0,0.9533,0.365842,1048,18,
2,31,Overall,Overall,35,8,41,-1.0,-1.095413,0.524258,945,26,
2,32,Overall,Overall,35,24,41,2.0,2.093161,0.354818,1105,18,
2,33,Overall,Overall,35,26,41,1.0,1.382659,0.341287,1069,17,
2,34,Overall,Overall,35,19,41,0.5,0.918867,0.356346,1046,18,
2,35,Overall,Overall,35,11,41,-0.5,0.084415,0.398084,1004,20,
2,36,Overall,Overall,35,3,41,-2.0,-2.932414,0.88595,853,44,
2,37,Overall,Overall,35,7,41,-1.5,-1.352322,0.552136,932,28,
2,38,Overall,Overall,35,13,41,0.5,0.396651,0.353977,1020,18,
2,39,Overall,Overall,35,16,41,0.5,0.558754,0.355494,1028,18,
2,40,Overall,Overall,35,27,41,2.0,2.24269,0.372794,1112,19,
2,41,Overall,Overall,35,24,41,2.0,2.355979,0.371973,1118,19,
2,42,Overall,Overall,35,12,41,0.0,-0.165098,0.3942,992,20,
2,43,Overall,Overall,35,8,41,-1.5,-1.181199,0.524539,941,26,
2,44,Overall,Overall,35,5,41,-1.0,-2.27841,0.687498,886,34,
2,45,Overall,Overall,35,9,41,-2.0,-0.867185,0.462692,957,23,
2,46,Overall,Overall,35,19,41,1.0,0.826846,0.378001,1041,19,
2,47,Overall,Overall,35,10,41,-0.5,-0.10543,0.392329,995,20,
2,48,Overall,Overall,35,10,41,-1.0,-0.575056,0.424115,971,21,
2,49,Overall,Overall,35,23,41,1.5,1.806343,0.339751,1090,17,
2,50,Overall,Overall,35,8,41,-1.0,-1.418932,0.543248,929,27,
2,51,Overall,Overall,35,7,41,-2.0,-1.062344,0.517137,947,26,
2,52,Overall,Overall,35,13,41,-0.5,-0.114724,0.394731,994,20,
2,53,Overall,Overall,35,22,41,1.5,1.485249,0.377156,1074,19,
2,54,Overall,Overall,35,21,41,0.5,1.405334,0.362675,1070,18,
2,55,Overall,Overall,35,12,41,-0.5,-0.352578,0.411662,982,21,
2,56,Overall,Overall,35,13,41,-1.0,-0.269146,0.441649,987,22,
2,57,Overall,Overall,35,22,41,1.5,1.317274,0.319092,1066,16,
2,58,Overall,Overall,35,6,41,-1.5,-1.676558,0.574382,916,29,
2,59,Overall,Overall,35,17,41,1.0,0.802493,0.370891,1040,19,
2,60,Overall,Overall,35,26,41,2.0,2.233239,0.366986,1112,18,
2,61,Overall,Overall,35,8,41,-1.0,-0.918435,0.512074,954,26,
2,62,Overall,Overall,35,25,41,2.0,2.139452,0.3423,1107,17,
2,63,Overall,Overall,35,25,41,0.5,1.679258,0.348527,1084,17,
2,64,Overall,Overall,35,12,41,-0.5,-0.373322,0.434443,981,22,
2,65,Overall,Overall,35,22,41,1.5,2.088804,0.383893,1104,19,
2,66,Overall,Overall,35,9,41,-1.0,-0.665026,0.449691,967,22,
2,67,Overall,Overall,35,2,41,-2.0,-3.716229,1.070992,814,54,
2,68,Overall,Overall,35,16,41,0.5,1.13937,0.346541,1057,17,
2,69,Overall,Overall,35,7,41,-1.0,-1.520769,0.555085,924,28,
2,70,Overall,Overall,35,9,41,0.0,-0.321897,0.438355,984,22,
2,71,Overall,Overall,35,21,41,0.5,1.092787,0.331136,1055,17,
2,72,Overall,Overall,35,11,41,-1.0,-0.748104,0.457645,963,23,
2,73,Overall,Overall,35,6,41,-2.0,-1.347591,0.548219,933,27,
2,74,Overall,Overall,35,6,41,-1.0,-1.313127,0.566242,934,28,
2,75,Overall,Overall,35,26,41,1.5,1.7959,0.34161,1090,17,
2,76,Overall,Overall,35,24,41,1.0,1.371667,0.370915,1069,19,
2,77,Overall,Overall,35,17,41,0.5,0.7335,0.335866,1037,17,
2,78,Overall,Overall,35,9,41,-1.0,-1.162342,0.545795,942,27,
2,79,Overall,Overall,35,11,41,0.0,-0.148533,0.40333,993,20,
2,80,Overall,Overall,35,13,41,-0.5,-0.050403,0.391969,997,20,
2,81,Overall,Overall,35,9,41,-1.0,-1.070347,0.480696,946,24,
2,82,Overall,Overall,35,8,41,-0.5,-0.974426,0.523362,951,26,
2,83,Overall,Overall,35,7,41,-1.0,-1.456516,0.571847,927,29,
2,84,Overall,Overall,35,6,41,-1.5,-2.234968,0.703961,888,35,
2,85,Overall,Overall,35,15,41,0.5,0.6203,0.341577,1031,17,
2,86,Overall,Overall,35,3,41,-1.5,-3.016222,0.855983,849,43,
2,87,Overall,Overall,35,23,41,2.0,2.081273,0.351131,1104,18,
2,88,Overall,Overall,35,28,41,2.0,2.206738,0.356832,1110,18,
2,89,Overall,Overall,35,19,41,0.5,0.899337,0.322932,1045,16,
2,90,Overall,Overall,35,23,41,1.0,1.660233,0.337286,1083,17,
2,91,Overall,Overall,35,24,41,2.0,1.791409,0.344091,1090,17,
2,92,Overall,Overall,35,7,41,-2.0,-1.8914,0.605645,905,30,
2,93,Overall,Overall,35,19,41,1.5,1.357254,0.359819,1068,18,
2,94,Overall,Overall,35,7,41,-2.0,-1.705541,0.570347,915,29,
2,95,Overall,Overall,35,10,41,-1.0,-0.932764,0.463569,953,23,
2,96,Overall,Overall,35,24,41,2.0,2.033674,0.361957,1102,18,
2,97,Overall,Overall,35,8,41,-1.5,-0.968125,0.498529,952,25,
2,98,Overall,Overall,35,12,41,-0.5,-0.175402,0.384648,991,19,
2,99,Overall,Overall,35,12,41,0.0,0.147943,0.336573,1007,17,
2,100,Overall,Overall,35,24,41,2.0,2.346495,0.35614,1117,18,
2,101,Overall,Overall,35,6,41,-2.0,-1.731555,0.615049,913,31,
2,102,Overall,Overall,35,6,41,-0.5,-1.905862,0.631569,905,32,
2,103,Overall,Overall,35,12,41,-1.0,0.019313,0.411252,1001,21,
2,104,Overall,Overall,35,21,41,1.0,1.384926,0.325567,1069,16,
2,105,Overall,Overall,35,24,41,1.5,1.929656,0.372512,1096,19,
2,106,Overall,Overall,35,15,41,0.0,0.143754,0.387542,1007,19,
2,107,Overall,Overall,35,5,41,-2.0,-2.25547,0.698372,887,35,
2,108,Overall,Overall,35,18,41,1.0,0.834051,0.389206,1042,19,
2,109,Overall,Overall,35,8,41,-1.0,-0.990666,0.454867,950,23,
2,110,Overall,Overall,35,12,41,-1.5,-0.290699,0.449304,985,22,
2,111,Overall,Overall,35,23,41,2.0,2.05364,0.372681,1103,19,
2,112,Overall,Overall,35,14,41,-0.5,0.368094,0.412729,1018,21,
2,113,Overall,Overall,35,11,41,-0.5,-0.351914,0.403263,982,20,
2,114,Overall,Overall,35,4,41,-2.0,-2.567461,0.775075,872,39,
2,115,Overall,Overall,35,8,41,-1.5,-1.495381,0.559988,925,28,
2,116,Overall,Overall,35,17,41,0.5,0.324604,0.399401,1016,20,
2,117,Overall,Overall,35,9,41,-1.0,-0.74253,0.432695,963,22,
2,118,Overall,Overall,35,28,41,2.0,2.472043,0.368413,1124,18,
2,119,Overall,Overall,35,6,41,-1.0,-1.744047,0.607691,913,30,
2,120,Overall,Overall,35,22,41,2.0,1.505088,0.371903,1075,19,
2,121,Overall,Overall,35,22,41,1.5,1.293333,0.333412,1065,17,
2,122,Overall,Overall,35,13,41,0.0,0.102702,0.389414,1005,19,
2,123,Overall,Overall,35,25,41,2.0,2.037413,0.352708,1102,18,
2,124,Overall,Overall,35,24,41,1.5,1.612106,0.387449,1081,19,
2,125,Overall,Overall,35,29,41,2.0,2.789875,0.415798,1139,21,
2,126,Overall,Overall,35,2,41,-2.0,-3.871893,1.158657,806,58,
2,127,Overall,Overall,35,7,41,-1.0,-1.491168,0.540197,925,27,
2,128,Overall,Overall,35,3,41,-2.0,-3.645025,1.057146,818,53,
2,129,Overall,Overall,35,23,41,2.0,2.252015,0.36467,1113,18,
2,130,Overall,Overall,35,17,41,1.0,0.633326,0.367944,1032,18,
2,131,Overall,Overall,35,18,41,1.0,0.649158,0.349603,1032,17,
2,132,Overall,Overall,35,29,41,2.0,2.544199,0.367161,1127,18,
2,133,Overall,Overall,35,13,41,0.0,-0.236429,0.401557,988,20,
2,134,Overall,Overall,35,5,41,-1.0,-1.837208,0.637562,908,32,
2,135,Overall,Overall,35,17,41,0.5,0.825995,0.363141,1041,18,
2,136,Overall,Overall,35,6,41,-2.0,-1.826002,0.62166,909,31,
2,137,Overall,Overall,35,8,41,-1.5,-0.97366,0.498243,951,25,
2,138,Overall,Overall,35,9,41,-1.0,-0.882026,0.493377,956,25,
2,139,Overall,Overall,35,10,41,-0.5,-0.388429,0.42107,981,21,
2,140,Overall,Overall,35,6,41,-1.0,-1.625205,0.595509,919,30,
2,141,Overall,Overall,35,8,41,-1.0,-1.273638,0.544278,936,27,
2,142,Overall,Overall,35,21,41,1.5,1.583215,0.356518,1079,18,
2,143,Overall,Overall,35,11,41,0.0,-0.208743,0.384623,990,19,
2,144,Overall,Overall,35,13,41,-0.5,-0.149764,0.426046,993,21,
2,145,Overall,Overall,35,4,41,-1.0,-2.389394,0.73421,881,37,
2,146,Overall,Overall,35,15,41,0.5,0.366401,0.350429,1018,18,
2,147,Overall,Overall,35,27,41,1.5,1.652142,0.340714,1083,17,
2,148,Overall,Overall,35,10,41,-1.0,-0.581474,0.439789,971,22,
2,149,Overall,Overall,35,6,41,-1.5,-1.641698,0.588801,918,29,
2,150,Overall,Overall,35,11,41,-0.5,-0.170682,0.434573,991,22,
2,151,Overall,Overall,35,2,41,-2.0,-3.49231,1.008287,825,50,
2,152,Overall,Overall,35,25,41,2.0,2.093944,0.342876,1105,17,
2,153,Overall,Overall,35,16,41,0.5,0.455086,0.36568,1023,18,
2,154,Overall,Overall,35,16,41,-0.5,-0.253198,0.391994,987,20,
2,155,Overall,Overall,35,13,41,-0.5,-0.220084,0.422439,989,21,
2,156,Overall,Overall,35,9,41,-1.0,-1.021202,0.51049,949,26,
2,157,Overall,Overall,35,23,41,1.5,1.809935,0.348463,1090,17,
2,158,Overall,Overall,35,3,41,-2.0,-3.167523,0.930183,842,47,
2,159,Overall,Overall,35,5,41,-1.5,-1.886023,0.639488,906,32,
2,160,Overall,Overall,35,19,41,1.5,1.509742,0.360373,1075,18,
2,161,Overall,Overall,35,12,41,-0.5,-0.326917,0.388579,984,19,
2,162,Overall,Overall,35,11,41,-0.5,-0.639062,0.429591,968,21,
2,163,Overall,Overall,35,8,41,-1.5,-1.511589,0.558131,924,28,
2,164,Overall,Overall,35,16,41,1.0,0.520072,0.37161,1026,19,
2,165,Overall,Overall,35,18,41,1.5,1.114468,0.359292,1056,18,
2,166,Overall,Overall,35,21,41,2.0,1.865012,0.348221,1093,17,
2,167,Overall,Overall,35,26,41,1.5,2.210181,0.350109,1111,18,
2,168,Overall,Overall,35,18,41,1.5,1.129581,0.348797,1056,17,
2,169,Overall,Overall,35,17,41,1.5,1.122496,0.385268,1056,19,
2,170,Overall,Overall,35,20,41,1.5,1.523915,0.346566,1076,17,
2,171,Overall,Overall,35,19,41,1.0,0.571072,0.353897,1029,18,
2,172,Overall,Overall,35,18,41,1.0,1.097514,0.341954,1055,17,
2,173,Overall,Overall,35,21,41,2.0,2.150241,0.357861,1108,18,
2,174,Overall,Overall,35,10,41,-1.5,-0.790738,0.430154,960,22,
2,175,Overall,Overall,35,6,41,-2.0,-1.5884,0.567186,921,28,
2,176,Overall,Overall,35,3,41,-2.0,-3.136587,0.911736,843,46,
2,177,Overall,Overall,35,10,41,-0.5,-0.1557,0.40059,992,20,
2,178,Overall,Overall,35,5,41,-2.0,-2.178485,0.669875,891,33,
2,179,Overall,Overall,35,7,41,-1.0,-1.561143,0.565825,922,28,
2,180,Overall,Overall,35,6,41,-1.0,-1.057329,0.547323,947,27,
2,181,Overall,Overall,35,4,41,-1.5,-2.272711,0.698909,886,35,
2,182,Overall,Overall,35,18,41,1.5,0.919147,0.317213,1046,16,
2,183,Overall,Overall,35,18,41,1.0,0.884142,0.367609,1044,18,
2,184,Overall,Overall,35,15,41,0.5,0.266608,0.400262,1013,20,
2,185,Overall,Overall,35,27,41,2.0,2.249461,0.342162,1112,17,
2,186,Overall,Overall,35,20,41,1.5,1.287513,0.349543,1064,17,
2,187,Overall,Overall,35,8,41,-2.0,-1.100129,0.48234,945,24,
2,188,Overall,Overall,35,3,41,-1.5,-2.358267,0.707293,882,35,
2,189,Overall,Overall,35,7,41,-1.5,-1.200127,0.559657,940,28,
2,190,Overall,Overall,35,16,41,1.0,0.406672,0.344518,1020,17,
2,191,Overall,Overall,35,10,41,-0.5,-0.807785,0.468942,960,23,
2,192,Overall,Overall,35,12,41,0.0,-0.191463,0.402358,990,20,
2,193,Overall,Overall,35,12,41,-1.0,-0.825844,0.440023,959,22,
2,194,Overall,Overall,35,16,41,-0.5,0.172416,0.405643,1009,20,
2,195,Overall,Overall,35,15,41,0.0,0.521657,0.361499,1026,18,
2,196,Overall,Overall,35,11,41,-0.5,-0.328167,0.428684,984,21,
2,197,Overall,Overall,35,13,41,-0.5,0.233689,0.34614,1012,17,
2,198,Overall,Overall,35,24,41,1.5,1.658126,0.353332,1083,18,
2,199,Overall,Overall,35,5,41,-2.0,-1.746649,0.606251,913,30,
2,200,Overall,Overall,35,12,41,0.0,0.032173,0.376247,1002,19,
2,201,Overall,Overall,35,7,41,-2.0,-1.770079,0.595729,911,30,
2,202,Overall,Overall,35,12,41,-0.5,-0.368656,0.415596,982,21,
2,203,Overall,Overall,35,21,41,1.5,1.340782,0.333305,1067,17,
2,204,Overall,Overall,35,18,41,2.0,1.411514,0.34937,1071,17,
2,205,Overall,Overall,35,12,41,0.5,-0.454297,0.400036,977,20,
2,206,Overall,Overall,35,18,41,1.0,1.000899,0.359783,1050,18,
2,207,Overall,Overall,35,14,41,0.0,0.032189,0.422638,1002,21,
2,208,Overall,Overall,35,9,41,-1.0,-0.870043,0.42386,956,21,
2,209,Overall,Overall,35,12,41,0.0,-0.564607,0.418086,972,21,
2,210,Overall,Overall,35,13,41,0.0,-0.086762,0.422401,996,21,
2,211,Overall,Overall,35,19,41,0.5,1.08534,0.349684,1054,17,
2,212,Overall,Overall,35,19,41,1.5,1.056415,0.366062,1053,18,
2,213,Overall,Overall,35,22,41,2.0,1.029376,0.334527,1051,17,
2,214,Overall,Overall,35,22,41,0.5,0.755753,0.361072,1038,18,
2,215,Overall,Overall,35,20,41,2.0,0.940412,0.36951,1047,18,
2,216,Overall,Overall,35,17,41,1.0,0.909382,0.376031,1045,19,
2,217,Overall,Overall,35,14,41,0.5,0.728389,0.364283,1036,18,
2,218,Overall,Overall,35,27,41,2.0,1.946495,0.357173,1097,18,
2,219,Overall,Overall,35,11,41,0.0,-0.546565,0.455775,973,23,
2,220,Overall,Overall,35,17,41,-0.5,0.319268,0.367983,1016,18,
2,221,Overall,Overall,35,25,41,2.0,1.783053,0.369502,1089,18,
2,222,Overall,Overall,35,14,41,0.5,0.166239,0.380202,1008,19,
2,223,Overall,Overall,35,17,41,0.5,0.31851,0.344734,1016,17,
2,224,Overall,Overall,35,27,41,2.0,2.64421,0.371659,1132,19,
2,225,Overall,Overall,35,8,41,-1.0,-1.184675,0.509154,941,25,
2,226,Overall,Overall,35,13,41,-0.5,-0.222092,0.416023,989,21,
2,227,Overall,Overall,35,4,41,-2.0,-2.023035,0.693144,899,35,
2,228,Overall,Overall,35,8,41,-1.5,-1.210671,0.528545,939,26,
2,229,Overall,Overall,35,20,41,1.5,1.012493,0.343464,1051,17,
2,230,Overall,Overall,35,26,41,2.0,2.340823,0.358567,1117,18,
2,231,Overall,Overall,35,5,41,-2.0,-2.213069,0.72921,889,36,
2,232,Overall,Overall,35,10,41,-2.0,-1.100652,0.536085,945,27,
2,233,Overall,Overall,35,22,41,0.5,1.312393,0.312026,1066,16,
2,234,Overall,Overall,35,8,41,-2.0,-1.445585,0.539156,928,27,
2,235,Overall,Overall,35,8,41,-1.0,-0.622787,0.428823,969,21,
2,236,Overall,Overall,35,5,41,-2.0,-2.097837,0.677837,895,34,
2,237,Overall,Overall,35,8,41,-1.0,-1.079274,0.520327,946,26,
2,238,Overall,Overall,35,20,41,0.5,0.891457,0.319706,1045,16,
2,239,Overall,Overall,35,7,41,-1.5,-1.695462,0.59403,915,30,
2,240,Overall,Overall,35,20,41,1.0,0.903834,0.36203,1045,18,
2,241,Overall,Overall,35,15,41,0.0,0.308564,0.38167,1015,19,
2,242,Overall,Overall,35,12,41,-0.5,-0.325343,0.44051,984,22,
2,243,Overall,Overall,35,5,41,-1.5,-2.174961,0.636071,891,32,
2,244,Overall,Overall,35,10,41,0.0,-0.216806,0.394363,989,20,
2,245,Overall,Overall,35,19,41,1.5,1.221158,0.368129,1061,18,
2,246,Overall,Overall,35,4,41,-2.0,-2.436883,0.744674,878,37,
2,247,Overall,Overall,35,23,41,1.5,1.555631,0.342127,1078,17,
2,248,Overall,Overall,35,12,41,-0.5,-0.240691,0.370309,988,19,
2,249,Overall,Overall,35,10,41,-0.5,-0.797223,0.462558,960,23,
2,250,Overall,Overall,35,13,41,-0.5,-0.148205,0.415545,993,21,
2,251,Overall,Overall,35,14,41,0.5,-0.037086,0.392469,998,20,
2,252,Overall,Overall,35,19,41,1.0,1.162179,0.344569,1058,17,
2,253,Overall,Overall,35,16,41,0.5,0.563926,0.348873,1028,17,
2,254,Overall,Overall,35,4,41,-2.0,-2.60217,0.749573,870,37,
2,255,Overall,Overall,35,23,41,1.5,1.217592,0.346926,1061,17,
2,256,Overall,Overall,35,11,41,0.5,0.305925,0.355511,1015,18,
2,257,Overall,Overall,35,15,41,-0.5,0.178776,0.396986,1009,20,
2,258,Overall,Overall,35,25,41,1.5,1.995236,0.358026,1100,18,
2,259,Overall,Overall,35,5,41,-2.0,-2.243362,0.675039,888,34,
2,260,Overall,Overall,35,26,41,1.5,1.511096,0.370314,1076,19,
2,261,Overall,Overall,35,15,41,0.5,0.641527,0.368894,1032,18,
2,262,Overall,Overall,35,6,41,-0.5,-1.649091,0.627147,918,31,
2,263,Overall,Overall,35,29,41,2.0,2.048538,0.352269,1102,18,
2,264,Overall,Overall,35,10,41,-0.5,-0.832183,0.443916,958,22,
2,265,Overall,Overall,35,27,41,2.0,2.229024,0.379518,1111,19,
2,266,Overall,Overall,35,10,41,-1.5,-0.765639,0.45746,962,23,
2,267,Overall,Overall,35,21,41,1.0,0.944819,0.354632,1047,18,
2,268,Overall,Overall,35,8,41,-1.0,-0.526782,0.390201,974,20,
2,269,Overall,Overall,35,18,41,0.5,0.816936,0.342256,1041,17,
2,270,Overall,Overall,35,23,41,1.5,1.925003,0.375502,1096,19,
2,271,Overall,Overall,35,10,41,-1.5,-0.755007,0.486423,962,24,
2,272,Overall,Overall,35,5,41,-2.0,-2.11255,0.674732,894,34,
2,273,Overall,Overall,35,22,41,2.0,2.076735,0.360413,1104,18,
2,274,Overall,Overall,35,23,41,0.5,1.24073,0.334233,1062,17,
2,275,Overall,Overall,35,9,41,-1.5,-0.874117,0.451942,956,23,
2,276,Overall,Overall,35,6,41,-1.5,-1.586779,0.572292,921,29,
2,277,Overall,Overall,35,9,41,-1.0,-1.127228,0.502364,944,25,
2,278,Overall,Overall,35,24,41,2.0,2.296992,0.354969,1115,18,
2,279,Overall,Overall,35,16,41,0.5,0.281562,0.357228,1014,18,
2,280,Overall,Overall,35,17,41,0.5,0.567526,0.36195,1028,18,
2,281,Overall,Overall,35,26,41,2.0,1.691348,0.371166,1085,19,
2,282,Overall,Overall,35,12,41,0.5,0.052937,0.383652,1003,19,
2,283,Overall,Overall,35,9,41,0.0,-0.652256,0.435215,967,22,
2,284,Overall,Overall,35,8,41,-1.0,-1.030812,0.500325,948,25,
2,285,Overall,Overall,35,21,41,1.0,1.232715,0.367189,1062,18,
2,286,Overall,Overall,35,8,41,-0.5,-1.623501,0.602194,919,30,
2,287,Overall,Overall,35,10,41,-0.5,-0.430957,0.387655,978,19,
2,288,Overall,Overall,35,24,41,2.0,1.756619,0.346044,1088,17,
2,289,Overall,Overall,35,27,41,2.0,1.874985,0.361286,1094,18,
2,290,Overall,Overall,35,7,41,-1.5,-1.140503,0.497558,943,25,
2,291,Overall,Overall,35,7,41,-1.0,-1.619961,0.612365,919,31,
2,292,Overall,Overall,35,18,41,1.0,0.464599,0.362311,1023,18,
2,293,Overall,Overall,35,10,41,0.0,-0.222456,0.399336,989,20,
2,294,Overall,Overall,35,20,41,0.5,0.792105,0.32121,1040,16,
2,295,Overall,Overall,35,11,41,-1.0,-0.761919,0.465774,962,23,
2,296,Overall,Overall,35,22,41,1.5,1.324735,0.355686,1066,18,
2,297,Overall,Overall,35,16,41,0.5,0.627511,0.367334,1031,18,
2,298,Overall,Overall,35,12,41,0.0,-0.532694,0.451161,973,23,
2,299,Overall,Overall,35,12,41,0.5,0.07975,0.368663,1004,18,
2,300,Overall,Overall,35,10,41,0.0,-0.392112,0.395127,980,20,
2,301,Overall,Overall,35,2,41,-2.0,-3.605916,1.091664,820,55,
2,302,Overall,Overall,35,15,41,1.0,0.533482,0.362904,1027,18,
2,303,Overall,Overall,35,27,41,2.0,2.292425,0.350351,1115,18,
2,304,Overall,Overall,35,15,41,0.0,0.224542,0.345369,1011,17,
2,305,Overall,Overall,35,21,41,1.0,0.996788,0.341336,1050,17,
2,306,Overall,Overall,35,5,41,-2.0,-2.312949,0.719099,884,36,
2,307,Overall,Overall,35,12,41,0.0,-0.284091,0.431396,986,22,
2,308,Overall,Overall,35,23,41,1.5,1.162501,0.314852,1058,16,
2,309,Overall,Overall,35,9,41,-1.0,-0.937496,0.473065,953,24,
2,310,Overall,Overall,35,10,41,-1.5,-0.443531,0.457157,978,23,
2,311,Overall,Overall,35,7,41,-2.0,-1.829215,0.64352,909,32,
2,312,Overall,Overall,35,6,41,-1.5,-1.496065,0.546721,925,27,
2,313,Overall,Overall,35,29,41,2.0,2.84003,0.375939,1142,19,
2,314,Overall,Overall,35,9,41,-1.0,-1.200082,0.510855,940,26,
2,315,Overall,Overall,35,5,41,-1.5,-1.753657,0.633073,912,32,
2,316,Overall,Overall,35,11,41,-0.5,-0.31252,0.401364,984,20,
2,317,Overall,Overall,35,12,41,-0.5,-0.214052,0.433968,989,22,
2,318,Overall,Overall,35,16,41,0.5,0.358044,0.357614,1018,18,
2,319,Overall,Overall,35,6,41,-0.5,-1.342653,0.535208,933,27,
2,320,Overall,Overall,35,14,41,0.0,-0.042865,0.402115,998,20,
2,321,Overall,Overall,35,4,41,-1.5,-2.421095,0.792245,879,40,
2,322,Overall,Overall,35,4,41,-1.5,-2.550932,0.788229,872,39,
2,323,Overall,Overall,35,11,41,-0.5,-0.55199,0.399402,972,20,
2,324,Overall,Overall,35,4,41,-1.5,-1.862567,0.651836,907,33,
2,325,Overall,Overall,35,7,41,-1.0,-1.299502,0.546128,935,27,
2,326,Overall,Overall,35,6,41,-2.0,-2.051555,0.658031,897,33,
2,327,Overall,Overall,35,19,41,1.5,1.337543,0.346216,1067,17,
2,328,Overall,Overall,35,5,41,-1.5,-1.51309,0.536348,924,27,
2,329,Overall,Overall,35,15,41,0.5,0.661768,0.359917,1033,18,
2,330,Overall,Overall,35,16,41,1.0,0.64221,0.405997,1032,20,
2,331,Overall,Overall,35,19,41,1.0,0.9626,0.336748,1048,17,
2,332,Overall,Overall,35,11,41,0.0,0.433697,0.400786,1022,20,
2,333,Overall,Overall,35,14,41,0.5,0.177064,0.369712,1009,18,
2,334,Overall,Overall,35,9,41,-1.0,-1.078733,0.483322,946,24,
2,335,Overall,Overall,35,6,41,-1.0,-1.567096,0.619197,922,31,
2,336,Overall,Overall,35,8,41,-2.0,-1.211047,0.534489,939,27,
2,337,Overall,Overall,35,9,41,-1.5,-1.071862,0.540561,946,27,
2,338,Overall,Overall,35,31,41,2.0,2.744613,0.376737,1137,19,
2,339,Overall,Overall,35,20,41,1.0,1.453428,0.365956,1073,18,
2,340,Overall,Overall,35,8,41,-1.0,-0.723366,0.483421,964,24,
2,341,Overall,Overall,35,9,41,-0.5,-0.896753,0.464527,955,23,
2,342,Overall,Overall,35,21,41,1.5,1.703138,0.346949,1085,17,
2,343,Overall,Overall,35,16,41,0.5,0.495511,0.321125,1025,16,
2,344,Overall,Overall,35,16,41,0.5,0.558778,0.376019,1028,19,
2,345,Overall,Overall,35,7,41,-2.0,-1.607018,0.568967,920,28,
2,346,Overall,Overall,35,20,41,1.0,1.177296,0.345981,1059,17,
2,347,Overall,Overall,35,8,41,-0.5,-1.218015,0.520067,939,26,
2,348,Overall,Overall,35,15,41,0.5,0.041042,0.343571,1002,17,
2,349,Overall,Overall,35,18,41,1.0,0.875798,0.355237,1044,18,
2,350,Overall,Overall,35,21,41,1.0,1.31479,0.354627,1066,18,
2,351,Overall,Overall,35,13,41,0.5,0.022737,0.411551,1001,21,
2,352,Overall,Overall,35,14,41,0.5,0.783118,0.405637,1039,20,
2,353,Overall,Overall,35,10,41,-0.5,-0.503687,0.403414,975,20,
2,354,Overall,Overall,35,14,41,0.0,0.255064,0.360931,1013,18,
2,355,Overall,Overall,35,18,41,1.5,1.080468,0.367101,1054,18,
2,356,Overall,Overall,35,14,41,0.5,0.287604,0.387128,1014,19,
2,357,Overall,Overall,35,8,41,-0.5,-0.587957,0.433077,971,22,
2,358,Overall,Overall,35,19,41,1.0,1.271023,0.332237,1064,17,
2,359,Overall,Overall,35,9,41,-1.0,-0.72033,0.466911,964,23,
2,360,Overall,Overall,35,3,41,-2.0,-2.906797,0.849897,855,42,
2,361,Overall,Overall,35,12,41,0.0,-0.218109,0.41249,989,21,
2,362,Overall,Overall,35,18,41,1.0,1.015085,0.358527,1051,18,
2,363,Overall,Overall,35,24,41,1.0,1.534807,0.325166,1077,16,
2,364,Overall,Overall,35,5,41,-2.0,-2.096408,0.67426,895,34,
2,365,Overall,Overall,35,9,41,-1.0,-1.104228,0.494762,945,25,
2,366,Overall,Overall,35,26,41,1.5,1.819531,0.345219,1091,17,
2,367,Overall,Overall,35,6,41,-1.5,-1.548274,0.606486,923,30,
2,368,Overall,Overall,35,25,41,1.0,1.413502,0.340271,1071,17,
2,369,Overall,Overall,35,7,41,-1.5,-1.631974,0.599501,918,30,
2,370,Overall,Overall,35,3,41,-2.0,-2.715186,0.827675,864,41,
2,371,Overall,Overall,35,15,41,0.0,0.115876,0.373757,1006,19,
2,372,Overall,Overall,35,16,41,0.0,0.717434,0.360413,1036,18,
2,373,Overall,Overall,35,20,41,1.5,1.17352,0.330864,1059,17,
2,374,Overall,Overall,35,8,41,-1.5,-1.335381,0.514862,933,26,
2,375,Overall,Overall,35,7,41,-2.0,-1.687647,0.587467,916,29,
2,376,Overall,Overall,35,5,41,-0.5,-1.833331,0.627709,908,31,
2,377,Overall,Overall,35,11,41,-1.0,0.041391,0.414816,1002,21,
2,378,Overall,Overall,35,22,41,1.0,1.175603,0.318203,1059,16,
2,379,Overall,Overall,35,23,41,2.0,1.493462,0.333232,1075,17,
2,380,Overall,Overall,35,12,41,-0.5,-0.098169,0.407569,995,20,
2,381,Overall,Overall,35,17,41,0.5,0.743052,0.366609,1037,18,
2,382,Overall,Overall,35,12,41,-0.5,-0.118125,0.402303,994,20,
2,383,Overall,Overall,35,14,41,0.0,0.195483,0.352141,1010,18,
2,384,Overall,Overall,35,12,41,-0.5,-0.484696,0.44539,976,22,
2,385,Overall,Overall,35,2,41,-2.0,-3.772357,1.127997,811,56,
2,386,Overall,Overall,35,6,41,-2.0,-1.372904,0.571771,931,29,
2,387,Overall,Overall,35,22,41,0.5,1.127807,0.381927,1056,19,
2,388,Overall,Overall,35,30,41,2.0,2.884467,0.404031,1144,20,
2,389,Overall,Overall,35,6,41,-1.5,-1.995691,0.625679,900,31,
2,390,Overall,Overall,35,16,41,0.5,0.496574,0.337217,1025,17,
2,391,Overall,Overall,35,19,41,1.0,1.361189,0.359468,1068,18,
2,392,Overall,Overall,35,14,41,0.0,-0.166847,0.429948,992,21,
2,393,Overall,Overall,35,25,41,2.0,2.327129,0.362952,1116,18,
2,394,Overall,Overall,35,17,41,0.0,0.3711,0.338851,1019,17,
2,395,Overall,Overall,35,13,41,0.5,0.348536,0.382257,1017,19,
2,396,Overall,Overall,35,8,41,-1.5,-0.774751,0.492944,961,25,
2,397,Overall,Overall,35,14,41,0.0,0.136731,0.413507,1007,21,
2,398,Overall,Overall,35,11,41,-0.5,-0.150567,0.37819,992,19,
2,399,Overall,Overall,35,15,41,-0.5,-0.209589,0.393122,990,20,
2,400,Overall,Overall,35,11,41,-0.5,-0.546772,0.459542,973,23,
2,401,Overall,Overall,35,17,41,1.0,0.666498,0.385611,1033,19,
2,402,Overall,Overall,35,17,41,0.5,0.766327,0.358986,1038,18,
2,403,Overall,Overall,35,14,41,0.0,-0.268952,0.375399,987,19,
2,404,Overall,Overall,35,4,41,-2.0,-2.534199,0.754199,873,38,
2,405,Overall,Overall,35,13,41,0.5,0.094709,0.401367,1005,20,
2,406,Overall,Overall,35,5,41,-1.5,-2.113705,0.67517,894,34,
2,407,Overall,Overall,35,10,41,-0.5,-0.200214,0.433288,990,22,
2,408,Overall,Overall,35,8,41,-1.0,-1.347697,0.518203,933,26,
2,409,Overall,Overall,35,23,41,2.0,1.984769,0.347637,1099,17,
2,410,Overall,Overall,35,21,41,1.0,1.317895,0.359544,1066,18,
2,411,Overall,Overall,35,14,41,0.0,-0.028426,0.383436,999,19,
2,412,Overall,Overall,35,15,41,0.5,0.938492,0.387864,1047,19,
2,413,Overall,Overall,35,25,41,2.0,2.069968,0.357084,1103,18,
2,414,Overall,Overall,35,25,41,1.5,1.217341,0.336823,1061,17,
2,415,Overall,Overall,35,13,41,0.5,0.498418,0.362567,1025,18,
2,416,Overall,Overall,35,23,41,2.0,2.3435,0.374299,1117,19,
2,417,Overall,Overall,35,18,41,1.0,0.966037,0.377631,1048,19,
2,418,Overall,Overall,35,20,41,1.0,1.234231,0.320969,1062,16,
2,419,Overall,Overall,35,6,41,-1.5,-2.101093,0.670889,895,34,
2,420,Overall,Overall,35,25,41,2.0,2.10988,0.363498,1105,18,
2,421,Overall,Overall,35,10,41,-0.5,-0.384039,0.431836,981,22,
2,422,Overall,Overall,35,16,41,0.5,0.079873,0.410585,1004,21,
2,423,Overall,Overall,35,5,41,-2.0,-1.688778,0.573507,916,29,
2,424,Overall,Overall,35,18,41,1.5,1.158651,0.355273,1058,18,
2,425,Overall,Overall,35,13,41,0.0,-0.168022,0.399265,992,20,
2,426,Overall,Overall,35,23,41,1.5,1.829098,0.379472,1091,19,
2,427,Overall,Overall,35,12,41,0.0,0.023262,0.406588,1001,20,
2,428,Overall,Overall,35,27,41,1.5,1.657254,0.33867,1083,17,
2,429,Overall,Overall,35,20,41,1.0,1.374106,0.33778,1069,17,
2,430,Overall,Overall,35,16,41,0.0,0.359682,0.377429,1018,19,
2,431,Overall,Overall,35,26,41,2.0,1.823296,0.364163,1091,18,
2,432,Overall,Overall,35,18,41,0.5,0.890457,0.343602,1045,17,
2,433,Overall,Overall,35,27,41,2.0,2.148041,0.349561,1107,17,
2,434,Overall,Overall,35,12,41,-0.5,-0.622979,0.460585,969,23,
2,435,Overall,Overall,35,23,41,1.5,2.030209,0.360773,1102,18,
2,436,Overall,Overall,35,8,41,-1.0,-1.159142,0.539937,942,27,
2,437,Overall,Overall,35,6,41,-2.0,-1.498498,0.56555,925,28,
2,438,Overall,Overall,35,12,41,0.0,0.002506,0.363735,1000,18,
2,439,Overall,Overall,35,24,41,2.0,2.017025,0.367073,1101,18,
2,440,Overall,Overall,35,21,41,1.0,0.954836,0.382752,1048,19,
2,441,Overall,Overall,35,8,41,-0.5,-0.82578,0.464664,959,23,
2,442,Overall,Overall,35,9,41,-0.5,-1.175309,0.52685,941,26,
2,443,Overall,Overall,35,20,41,1.5,1.051749,0.32645,1053,16,
2,444,Overall,Overall,35,16,41,1.5,0.824652,0.340744,1041,17,
2,445,Overall,Overall,35,23,41,1.5,1.76636,0.361195,1088,18,
2,446,Overall,Overall,35,7,41,-1.5,-1.773897,0.590895,911,30,
2,447,Overall,Overall,35,23,41,1.5,1.571735,0.354485,1079,18,
2,448,Overall,Overall,35,7,41,-1.5,-0.896383,0.45992,955,23,
2,449,Overall,Overall,35,9,41,-0.5,-0.83288,0.469961,958,23,
2,450,Overall,Overall,35,7,41,-2.0,-1.441889,0.585562,928,29,
2,451,Overall,Overall,35,25,41,1.5,1.764705,0.345999,1088,17,
2,452,Overall,Overall,35,6,41,-1.0,-1.762818,0.614024,912,31,
2,453,Overall,Overall,35,25,41,2.0,2.316858,0.35705,1116,18,
2,454,Overall,Overall,35,11,41,0.0,-0.410545,0.428092,979,21,
2,455,Overall,Overall,35,24,41,1.5,1.347566,0.331674,1067,17,
2,456,Overall,Overall,35,26,41,2.0,2.161722,0.36442,1108,18,
2,457,Overall,Overall,35,10,41,0.0,-0.903076,0.497371,955,25,
2,458,Overall,Overall,35,13,41,0.0,0.060689,0.33882,1003,17,
2,459,Overall,Overall,35,15,41,0.0,0.161661,0.370122,1008,19,
2,460,Overall,Overall,35,5,41,-2.0,-1.883097,0.61097,906,31,
2,461,Overall,Overall,35,9,41,-1.5,-0.753347,0.461761,962,23,
2,462,Overall,Overall,35,5,41,-1.5,-2.093929,0.681623,895,34,
2,463,Overall,Overall,35,6,41,-2.0,-1.965759,0.62584,902,31,
2,464,Overall,Overall,35,16,41,0.5,0.335087,0.34962,1017,17,
2,465,Overall,Overall,35,18,41,0.0,0.601754,0.359184,1030,18,
2,466,Overall,Overall,35,13,41,-0.5,-0.270982,0.457553,986,23,
2,467,Overall,Overall,35,7,41,-1.0,-1.224102,0.519883,939,26,
2,468,Overall,Overall,35,6,41,-1.5,-1.211845,0.502444,939,25,
2,469,Overall,Overall,35,10,41,-0.5,-0.587768,0.500351,971,25,
2,470,Overall,Overall,35,14,41,0.5,0.869727,0.393054,1043,20,
2,471,Overall,Overall,35,23,41,1.0,1.517297,0.340065,1076,17,
2,472,Overall,Overall,35,7,41,-1.5,-1.448131,0.526826,928,26,
2,473,Overall,Overall,35,20,41,1.0,0.972297,0.353294,1049,18,
2,474,Overall,Overall,35,17,41,1.0,0.681082,0.378782,1034,19,
2,475,Overall,Overall,35,8,41,-1.0,-0.894845,0.497488,955,25,
2,476,Overall,Overall,35,3,41,-2.0,-2.666475,0.799061,867,40,
2,477,Overall,Overall,35,26,41,2.0,1.769672,0.367325,1088,18,
2,478,Overall,Overall,35,25,41,2.0,1.707527,0.358321,1085,18,
2,479,Overall,Overall,35,16,41,0.5,0.698193,0.381585,1035,19,
2,480,Overall,Overall,35,19,41,0.5,0.368629,0.340717,1018,17,
2,481,Overall,Overall,35,8,41,-1.0,-1.532664,0.600386,923,30,
2,482,Overall,Overall,35,6,41,-1.5,-1.657147,0.584644,917,29,
2,483,Overall,Overall,35,26,41,1.5,1.521244,0.353921,1076,18,
2,484,Overall,Overall,35,24,41,2.0,2.030928,0.348341,1102,17,
2,485,Overall,Overall,35,16,41,0.0,0.337323,0.387178,1017,19,
2,486,Overall,Overall,35,7,41,-1.0,-1.464764,0.52545,927,26,
2,487,Overall,Overall,35,20,41,1.5,2.0441,0.369931,1102,18,
2,488,Overall,Overall,35,17,41,0.5,0.402928,0.32093,1020,16,
2,489,Overall,Overall,35,22,41,2.0,2.075637,0.353263,1104,18,
2,490,Overall,Overall,35,4,41,-2.0,-2.13958,0.675306,893,34,
2,491,Overall,Overall,35,10,41,-1.0,-1.019065,0.491075,949,25,
2,492,Overall,Overall,35,15,41,1.0,0.465443,0.361208,1023,18,
2,493,Overall,Overall,35,8,41,-1.0,-0.913411,0.46208,954,23,
2,494,Overall,Overall,35,11,41,-1.0,-0.765073,0.458369,962,23,
2,495,Overall,Overall,35,5,41,-2.0,-1.652227,0.620622,917,31,
2,496,Overall,Overall,35,8,41,-1.5,-1.030073,0.504633,948,25,
2,497,Overall,Overall,35,12,41,-1.0,-0.657624,0.463874,967,23,
2,498,Overall,Overall,35,17,41,0.5,0.536278,0.346905,1027,17,
2,499,Overall,Overall,35,11,41,-1.0,-0.49179,0.447841,975,22,
2,500,Overall,Overall,35,9,41,-0.5,-0.845615,0.493085,958,25,
2,501,Overall,Overall,35,14,41,0.0,0.098304,0.378926,1005,19,
2,502,Overall,Overall,35,8,41,-1.0,-1.268598,0.529521,937,26,
2,503,Overall,Overall,35,26,41,2.0,2.201154,0.35246,1110,18,
2,504,Overall,Overall,35,21,41,1.0,1.820614,0.352555,1091,18,
2,505,Overall,Overall,35,23,41,2.0,2.299501,0.380267,1115,19,
2,506,Overall,Overall,35,14,41,0.0,0.357579,0.359374,1018,18,
2,507,Overall,Overall,35,20,41,1.5,1.189066,0.33641,1059,17,
2,508,Overall,Overall,35,11,41,-0.5,-0.268153,0.404104,987,20,
2,509,Overall,Overall,35,8,41,-2.0,-1.587866,0.547445,921,27,
2,510,Overall,Overall,35,7,41,-1.5,-1.414233,0.566899,929,28,
2,511,Overall,Overall,35,9,41,-1.0,-0.646048,0.44832,968,22,
2,512,Overall,Overall,35,7,41,-2.0,-1.550759,0.558389,922,28,
2,513,Overall,Overall,35,18,41,1.0,0.92887,0.33325,1046,17,
2,514,Overall,Overall,35,10,41,0.5,-0.147102,0.410371,993,21,
2,515,Overall,Overall,35,13,41,0.0,0.092922,0.355229,1005,18,
2,516,Overall,Overall,35,25,41,2.0,2.138722,0.361483,1107,18,
2,517,Overall,Overall,35,10,41,-1.5,-0.897482,0.483166,955,24,
2,518,Overall,Overall,35,9,41,-0.5,-0.919018,0.424989,954,21,
2,519,Overall,Overall,35,8,41,0.0,-1.216738,0.554826,939,28,
2,520,Overall,Overall,35,21,41,1.5,1.465197,0.350109,1073,18,
2,521,Overall,Overall,35,15,41,0.0,-0.264399,0.409555,987,20,
2,522,Overall,Overall,35,7,41,-1.5,-1.520789,0.571601,924,29,
2,523,Overall,Overall,35,4,41,-1.5,-2.336201,0.71195,883,36,
2,524,Overall,Overall,35,27,41,2.0,2.434053,0.360172,1122,18,
2,525,Overall,Overall,35,20,41,1.0,1.054656,0.367704,1053,18,
2,526,Overall,Overall,35,15,41,1.0,0.7314,0.35439,1037,18,
2,527,Overall,Overall,35,18,41,1.5,1.358495,0.354074,1068,18,
2,528,Overall,Overall,35,22,41,1.0,1.317128,0.321757,1066,16,
2,529,Overall,Overall,35,9,41,-1.0,-1.152535,0.486496,942,24,
2,530,Overall,Overall,35,18,41,1.0,1.013663,0.356666,1051,18,
2,531,Overall,Overall,35,22,41,1.5,1.72335,0.356839,1086,18,
2,532,Overall,Overall,35,26,41,2.0,2.53364,0.384725,1127,19,
2,533,Overall,Overall,35,26,41,2.0,2.032303,0.344647,1102,17,
2,534,Overall,Overall,35,8,41,-2.0,-0.893207,0.482993,955,24,
2,535,Overall,Overall,35,11,41,-0.5,-0.210844,0.435756,989,22,
2,536,Overall,Overall,35,13,41,0.5,0.326105,0.355379,1016,18,
2,537,Overall,Overall,35,24,41,0.5,1.718099,0.384977,1086,19,
2,538,Overall,Overall,35,2,41,-2.0,-3.670823,1.135793,816,57,
2,539,Overall,Overall,35,23,41,1.5,1.578232,0.341956,1079,17,
2,540,Overall,Overall,35,22,41,1.0,1.287109,0.339693,1064,17,
2,541,Overall,Overall,35,18,41,2.0,1.765959,0.361655,1088,18,
2,542,Overall,Overall,35,16,41,0.5,0.187035,0.353897,1009,18,
2,543,Overall,Overall,35,29,41,2.0,2.012446,0.350103,1101,18,
2,544,Overall,Overall,35,3,41,-2.0,-2.99083,0.849001,850,42,
2,545,Overall,Overall,35,10,41,-0.5,-0.569888,0.420754,972,21,
2,546,Overall,Overall,35,13,41,-0.5,0.162867,0.395796,1008,20,
2,547,Overall,Overall,35,15,41,0.5,0.431114,0.366412,1022,18,
2,548,Overall,Overall,35,29,41,2.0,2.11733,0.349887,1106,17,
2,549,Overall,Overall,35,9,41,-0.5,-0.996324,0.5068,950,25,
2,550,Overall,Overall,35,3,41,-2.0,-3.128066,0.877018,844,44,
2,551,Overall,Overall,35,20,41,1.5,1.200418,0.345006,1060,17,
2,552,Overall,Overall,35,19,41,2.0,1.494437,0.377375,1075,19,
2,553,Overall,Overall,35,6,41,-2.0,-1.916285,0.627519,904,31,
2,554,Overall,Overall,35,24,41,1.5,1.438099,0.327636,1072,16,
2,555,Overall,Overall,35,5,41,-1.0,-1.649676,0.611954,918,31,
2,556,Overall,Overall,35,24,41,2.0,1.620236,0.356351,1081,18,
2,557,Overall,Overall,35,12,41,-0.5,-0.201076,0.398914,990,20,
2,558,Overall,Overall,35,20,41,1.5,1.480119,0.329291,1074,16,
2,559,Overall,Overall,35,10,41,0.0,-0.16454,0.386036,992,19,
2,560,Overall,Overall,35,6,41,-2.0,-1.715585,0.583744,914,29,
2,561,Overall,Overall,35,9,41,-1.5,-0.995893,0.504549,950,25,
2,562,Overall,Overall,35,26,41,2.0,2.29143,0.353906,1115,18,
2,563,Overall,Overall,35,14,41,0.5,0.182543,0.335642,1009,17,
2,564,Overall,Overall,35,4,41,-2.0,-2.669159,0.767101,867,38,
2,565,Overall,Overall,35,14,41,1.0,0.557941,0.375321,1028,19,
2,566,Overall,Overall,35,21,41,1.5,1.663595,0.374728,1083,19,
2,567,Overall,Overall,35,7,41,-1.0,-1.577607,0.561274,921,28,
2,568,Overall,Overall,35,17,41,0.5,0.374869,0.350821,1019,18,
2,569,Overall,Overall,35,5,41,-2.0,-2.07769,0.61612,896,31,
2,570,Overall,Overall,35,6,41,-2.0,-1.976413,0.646853,901,32,
2,571,Overall,Overall,35,6,41,-1.5,-1.742042,0.641079,913,32,
2,572,Overall,Overall,35,21,41,1.0,1.018839,0.355656,1051,18,
2,573,Overall,Overall,35,8,41,-0.5,-1.005689,0.49006,950,25,
2,574,Overall,Overall,35,24,41,2.0,2.357885,0.349216,1118,17,
2,575,Overall,Overall,35,6,41,-1.5,-0.767355,0.486793,962,24,
2,576,Overall,Overall,35,20,41,1.0,0.956512,0.367455,1048,18,
2,577,Overall,Overall,35,4,41,-1.0,-2.107316,0.669324,895,33,
2,578,Overall,Overall,35,8,41,-1.0,-1.466957,0.54374,927,27,
2,579,Overall,Overall,35,7,41,-1.5,-1.080034,0.562795,946,28,
2,580,Overall,Overall,35,10,41,-1.0,-0.706792,0.413492,965,21,
2,581,Overall,Overall,35,12,41,-0.5,-0.030853,0.421665,998,21,
2,582,Overall,Overall,35,8,41,-0.5,-0.96611,0.504116,952,25,
2,583,Overall,Overall,35,5,41,-1.5,-1.559024,0.544146,922,27,
2,584,Overall,Overall,35,7,41,-1.0,-1.26846,0.539664,937,27,
2,585,Overall,Overall,35,7,41,-1.0,-0.871832,0.531723,956,27,
2,586,Overall,Overall,35,23,41,2.0,1.965927,0.35125,1098,18,
2,587,Overall,Overall,35,6,41,-1.5,-1.511824,0.562333,924,28,
2,588,Overall,Overall,35,26,41,1.5,1.821717,0.340408,1091,17,
2,589,Overall,Overall,35,21,41,2.0,1.288328,0.368211,1064,18,
2,590,Overall,Overall,35,10,41,-2.0,-0.931911,0.46774,953,23,
2,591,Overall,Overall,35,22,41,2.0,1.77014,0.364025,1089,18,
2,592,Overall,Overall,35,25,41,2.0,2.09644,0.361734,1105,18,
2,593,Overall,Overall,35,6,41,-2.0,-1.395508,0.552453,930,28,
2,594,Overall,Overall,35,10,41,0.0,-0.369228,0.414957,982,21,
2,595,Overall,Overall,35,8,41,-1.5,-1.415656,0.578611,929,29,
2,596,Overall,Overall,35,4,41,-1.0,-2.556611,0.81532,872,41,
2,597,Overall,Overall,35,17,41,0.5,0.331769,0.359682,1017,18,
2,598,Overall,Overall,35,9,41,-0.5,-0.639322,0.455601,968,23,
2,599,Overall,Overall,35,6,41,-1.5,-2.092139,0.689981,895,34,
2,600,Overall,Overall,35,2,41,-2.0,-3.729752,1.154885,814,58,
2,601,Overall,Overall,35,8,41,-1.0,-1.120918,0.535132,944,27,
2,602,Overall,Overall,35,19,41,1.5,0.970863,0.328928,1049,16,
2,603,Overall,Overall,35,27,41,2.0,2.32472,0.362134,1116,18,
2,604,Overall,Overall,35,18,41,2.0,1.594678,0.373347,1080,19,
2,605,Overall,Overall,35,17,41,1.5,1.012374,0.333992,1051,17,
2,606,Overall,Overall,35,16,41,0.5,0.433267,0.352812,1022,18,
2,607,Overall,Overall,35,13,41,0.0,-0.273892,0.420323,986,21,
2,608,Overall,Overall,35,21,41,1.5,1.327249,0.325449,1066,16,
2,609,Overall,Overall,35,13,41,-0.5,-0.601564,0.441718,970,22,
2,610,Overall,Overall,35,10,41,-0.5,-0.813665,0.446052,959,22,
2,611,Overall,Overall,35,13,41,0.0,0.270997,0.409384,1014,20,
2,612,Overall,Overall,35,10,41,-0.5,-0.80102,0.455658,960,23,
2,613,Overall,Overall,35,26,41,1.0,1.700096,0.329312,1085,16,
2,614,Overall,Overall,35,20,41,1.0,0.979965,0.360283,1049,18,
2,615,Overall,Overall,35,22,41,1.5,1.196783,0.35873,1060,18,
2,616,Overall,Overall,35,20,41,0.5,1.375206,0.362755,1069,18,
2,617,Overall,Overall,35,12,41,1.0,0.530393,0.36439,1027,18,
2,618,Overall,Overall,35,25,41,0.5,1.445621,0.351357,1072,18,
2,619,Overall,Overall,35,9,41,-1.5,-1.453623,0.557422,927,28,
2,620,Overall,Overall,35,26,41,1.5,1.707717,0.353831,1085,18,
2,621,Overall,Overall,35,14,41,0.0,0.218849,0.401083,1011,20,
2,622,Overall,Overall,35,7,41,0.0,-0.983647,0.487049,951,24,
2,623,Overall,Overall,35,4,41,-2.0,-1.743621,0.603535,913,30,
2,624,Overall,Overall,35,17,41,0.5,0.729055,0.34215,1036,17,
2,625,Overall,Overall,35,20,41,1.0,0.996222,0.347296,1050,17,
2,626,Overall,Overall,35,8,41,-1.5,-0.959221,0.477747,952,24,
2,627,Overall,Overall,35,5,41,-1.5,-1.731377,0.642458,913,32,
2,628,Overall,Overall,35,10,41,-0.5,-0.465192,0.393035,977,20,
2,629,Overall,Overall,35,11,41,-0.5,-0.525132,0.443646,974,22,
2,630,Overall,Overall,35,22,41,1.0,1.202168,0.348057,1060,17,
2,631,Overall,Overall,35,19,41,1.5,1.315073,0.351579,1066,18,
2,632,Overall,Overall,35,25,41,1.5,1.519772,0.320887,1076,16,
2,633,Overall,Overall,35,13,41,1.0,0.572901,0.409368,1029,20,
2,634,Overall,Overall,35,14,41,0.0,0.006211,0.38206,1000,19,
2,635,Overall,Overall,35,7,41,-1.5,-1.716694,0.620252,914,31,
2,636,Overall,Overall,35,13,41,0.0,0.198303,0.362885,1010,18,
2,637,Overall,Overall,35,17,41,1.0,1.141591,0.345483,1057,17,
2,638,Overall,Overall,35,20,41,1.5,1.391029,0.333028,1070,17,
2,639,Overall,Overall,35,7,41,-1.0,-1.571725,0.579103,921,29,
2,640,Overall,Overall,35,23,41,1.0,2.00884,0.35524,1100,18,
2,641,Overall,Overall,35,7,41,-1.5,-0.855477,0.482925,957,24,
2,642,Overall,Overall,35,17,41,1.0,1.027143,0.321228,1051,16,
2,643,Overall,Overall,35,12,41,-0.5,-0.198727,0.395237,990,20,
2,644,Overall,Overall,35,7,41,-2.0,-1.557713,0.578626,922,29,
2,645,Overall,Overall,35,13,41,0.5,0.427571,0.369276,1021,18,
2,646,Overall,Overall,35,22,41,1.5,1.652682,0.352525,1083,18,
2,647,Overall,Overall,35,2,41,-2.0,-3.841282,1.104206,808,55,
2,648,Overall,Overall,35,12,41,0.0,0.023898,0.365809,1001,18,
2,649,Overall,Overall,35,12,41,0.0,0.064654,0.419362,1003,21,
2,650,Overall,Overall,35,12,41,-1.0,-0.218393,0.418552,989,21,
2,651,Overall,Overall,35,26,41,2.0,2.560411,0.380042,1128,19,
2,652,Overall,Overall,35,5,41,-1.5,-2.316406,0.721957,884,36,
2,653,Overall,Overall,35,14,41,0.0,0.125321,0.367456,1006,18,
2,654,Overall,Overall,35,4,41,-1.5,-2.497152,0.773981,875,39,
2,655,Overall,Overall,35,15,41,0.5,0.466111,0.40014,1023,20,
2,656,Overall,Overall,35,27,41,2.0,2.708891,0.401622,1135,20,
2,657,Overall,Overall,35,9,41,-0.5,-0.559108,0.445183,972,22,
2,658,Overall,Overall,35,18,41,1.0,1.037689,0.335287,1052,17,
2,659,Overall,Overall,35,8,41,-1.5,-1.316205,0.535395,934,27,
2,660,Overall,Overall,35,23,41,1.0,1.801721,0.353347,1090,18,
2,661,Overall,Overall,35,19,41,1.0,1.051009,0.335801,1053,17,
2,662,Overall,Overall,35,17,41,1.0,0.632226,0.356707,1032,18,
2,663,Overall,Overall,35,12,41,0.0,-0.257326,0.399812,987,20,
2,664,Overall,Overall,35,13,41,0.0,0.008935,0.404811,1000,20,
2,665,Overall,Overall,35,25,41,2.0,1.98124,0.369933,1099,18,
2,666,Overall,Overall,35,8,41,-1.5,-1.433571,0.5358,928,27,
2,667,Overall,Overall,35,9,41,0.0,-0.522755,0.411451,974,21,
2,668,Overall,Overall,35,5,41,-2.0,-1.702318,0.635221,915,32,
2,669,Overall,Overall,35,5,41,-1.5,-1.736999,0.608887,913,30,
2,670,Overall,Overall,35,17,41,0.5,0.503772,0.353972,1025,18,
2,671,Overall,Overall,35,2,41,-1.0,-3.709077,1.094343,815,55,
2,672,Overall,Overall,35,22,41,1.5,1.678394,0.348757,1084,17,
2,673,Overall,Overall,35,20,41,1.0,0.843836,0.361987,1042,18,
2,674,Overall,Overall,35,7,41,-1.0,-1.502745,0.55571,925,28,
2,675,Overall,Overall,35,5,41,-2.0,-1.934777,0.624891,903,31,
2,676,Overall,Overall,35,12,41,-1.0,-0.128512,0.384341,994,19,
2,677,Overall,Overall,35,23,41,1.5,1.375866,0.379653,1069,19,
2,678,Overall,Overall,35,24,41,1.5,2.105255,0.350002,1105,18,
2,679,Overall,Overall,35,19,41,1.5,1.272354,0.37349,1064,19,
2,680,Overall,Overall,35,18,41,0.5,0.683482,0.346152,1034,17,
2,681,Overall,Overall,35,12,41,0.0,-0.061674,0.398493,997,20,
2,682,Overall,Overall,35,2,41,-2.0,-3.515733,1.066455,824,53,
2,683,Overall,Overall,35,28,41,2.0,2.836524,0.413656,1142,21,
2,684,Overall,Overall,35,9,41,-0.5,-0.474553,0.431096,976,22,
2,685,Overall,Overall,35,11,41,0.0,0.045404,0.416067,1002,21,
2,686,Overall,Overall,35,13,41,-0.5,0.208223,0.384597,1010,19,
2,687,Overall,Overall,35,6,41,-1.5,-1.212779,0.520207,939,26,
2,688,Overall,Overall,35,11,41,-1.0,-0.579335,0.43268,971,22,
2,689,Overall,Overall,35,18,41,0.0,0.731131,0.370095,1037,19,
2,690,Overall,Overall,35,13,41,0.5,0.46048,0.376253,1023,19,
2,691,Overall,Overall,35,22,41,2.0,1.634561,0.376307,1082,19,
2,692,Overall,Overall,35,8,41,-2.0,-1.565497,0.553682,922,28,
2,693,Overall,Overall,35,6,41,-1.5,-1.760071,0.617209,912,31,
2,694,Overall,Overall,35,19,41,0.5,0.638941,0.353912,1032,18,
2,695,Overall,Overall,35,22,41,1.5,1.89434,0.35237,1095,18,
2,696,Overall,Overall,35,16,41,1.0,0.601903,0.368973,1030,18,
2,697,Overall,Overall,35,8,41,-1.0,-0.830862,0.460035,958,23,
2,698,Overall,Overall,35,20,41,1.0,1.008029,0.353694,1050,18,
2,699,Overall,Overall,35,12,41,0.0,-0.1031,0.384036,995,19,
2,700,Overall,Overall,35,14,41,0.0,0.136973,0.389642,1007,19,
2,701,Overall,Overall,35,21,41,2.0,1.610227,0.343238,1081,17,
2,702,Overall,Overall,35,13,41,0.0,-0.050239,0.379244,997,19,
2,703,Overall,Overall,35,20,41,1.0,1.36778,0.347575,1068,17,
2,704,Overall,Overall,35,12,41,0.5,-0.315079,0.418634,984,21,
2,705,Overall,Overall,35,5,41,-2.0,-1.913157,0.643538,904,32,
2,706,Overall,Overall,35,17,41,1.0,0.816654,0.351563,1041,18,
2,707,Overall,Overall,35,19,41,1.0,0.657756,0.331409,1033,17,
2,708,Overall,Overall,35,22,41,1.5,1.973901,0.369061,1099,18,
2,709,Overall,Overall,35,24,41,1.5,1.741968,0.336524,1087,17,
2,710,Overall,Overall,35,18,41,1.5,1.468117,0.389311,1073,19,
2,711,Overall,Overall,35,6,41,-0.5,-1.630106,0.608658,918,30,
2,712,Overall,Overall,35,7,41,-1.5,-1.79633,0.585951,910,29,
2,713,Overall,Overall,35,22,41,1.5,1.210187,0.331444,1061,17,
2,714,Overall,Overall,35,21,41,1.5,1.775496,0.35311,1089,18,
2,715,Overall,Overall,35,18,41,0.0,0.492716,0.378585,1025,19,
2,716,Overall,Overall,35,9,41,0.0,-0.85833,0.47382,957,24,
2,717,Overall,Overall,35,22,41,1.5,1.455531,0.333004,1073,17,
2,718,Overall,Overall,35,23,41,1.5,1.400878,0.338934,1070,17,
2,719,Overall,Overall,35,4,41,-2.0,-2.641912,0.760158,868,38,
2,720,Overall,Overall,35,21,41,1.5,1.389813,0.3619,1069,18,
2,721,Overall,Overall,35,4,41,-1.5,-2.434276,0.741213,878,37,
2,722,Overall,Overall,35,23,41,2.0,1.788917,0.345766,1089,17,
2,723,Overall,Overall,35,14,41,0.5,0.258113,0.358317,1013,18,
2,724,Overall,Overall,35,7,41,-2.0,-1.624322,0.595007,919,30,
2,725,Overall,Overall,35,7,41,-1.5,-1.416683,0.556281,929,28,
2,726,Overall,Overall,35,20,41,1.0,1.039255,0.334939,1052,17,
2,727,Overall,Overall,35,12,41,0.0,0.270515,0.391735,1014,20,
2,728,Overall,Overall,35,16,41,0.5,0.523399,0.333577,1026,17,
2,729,Overall,Overall,35,22,41,1.0,1.257359,0.388538,1063,19,
2,730,Overall,Overall,35,11,41,-0.5,-0.346678,0.402481,983,20,
2,731,Overall,Overall,35,5,41,-2.0,-1.682705,0.612804,916,31,
2,732,Overall,Overall,35,19,41,1.5,1.713683,0.371317,1086,19,
2,733,Overall,Overall,35,13,41,0.0,0.00872,0.36016,1000,18,
2,734,Overall,Overall,35,9,41,-0.5,-0.50581,0.399467,975,20,
2,735,Overall,Overall,35,3,41,-1.0,-2.530451,0.760717,873,38,
2,736,Overall,Overall,35,5,41,-1.5,-1.883212,0.669136,906,33,
2,737,Overall,Overall,35,8,41,-0.5,-0.884722,0.500998,956,25,
2,738,Overall,Overall,35,25,41,1.5,1.710054,0.343805,1086,17,
2,739,Overall,Overall,35,24,41,1.0,1.474162,0.38156,1074,19,
2,740,Overall,Overall,35,13,41,0.0,0.179443,0.398932,1009,20,
2,741,Overall,Overall,35,7,41,-1.0,-1.365465,0.555694,932,28,
2,742,Overall,Overall,35,7,41,-1.5,-1.807963,0.62124,910,31,
2,743,Overall,Overall,35,27,41,2.0,1.805524,0.326893,1090,16,
2,744,Overall,Overall,35,25,41,1.5,1.894156,0.347584,1095,17,
2,745,Overall,Overall,35,20,41,1.5,1.513967,0.365583,1076,18,
2,746,Overall,Overall,35,15,41,0.5,0.594481,0.39146,1030,20,
2,747,Overall,Overall,35,24,41,2.0,2.42589,0.386088,1121,19,
2,748,Overall,Overall,35,13,41,1.0,-0.04254,0.374425,998,19,
2,749,Overall,Overall,35,25,41,1.5,1.829764,0.348942,1091,17,
2,750,Overall,Overall,35,9,41,-1.0,-0.767077,0.461517,962,23,
2,751,Overall,Overall,35,9,41,-1.0,-0.489112,0.417328,976,21,
2,752,Overall,Overall,35,11,41,0.0,-0.337373,0.45289,983,23,
2,753,Overall,Overall,35,11,41,-1.0,-0.51468,0.398753,974,20,
2,754,Overall,Overall,35,14,41,0.0,-0.071399,0.413723,996,21,
2,755,Overall,Overall,35,8,41,-1.5,-1.372839,0.54715,931,27,
2,756,Overall,Overall,35,21,41,1.5,1.191961,0.344026,1060,17,
2,757,Overall,Overall,35,26,41,2.0,2.098036,0.365668,1105,18,
2,758,Overall,Overall,35,10,41,-1.0,-0.790148,0.462011,960,23,
2,759,Overall,Overall,35,13,41,0.5,-0.09482,0.420757,995,21,
2,760,Overall,Overall,35,3,41,-2.0,-2.616427,0.764622,869,38,
2,761,Overall,Overall,35,10,41,-0.5,-0.600173,0.449174,970,22,
2,762,Overall,Overall,35,15,41,1.0,0.543604,0.368756,1027,18,
2,763,Overall,Overall,35,19,41,1.0,1.630544,0.344809,1082,17,
2,764,Overall,Overall,35,5,41,-2.0,-2.256163,0.676191,887,34,
2,765,Overall,Overall,35,21,41,1.5,1.262532,0.345186,1063,17,
2,766,Overall,Overall,35,10,41,-0.5,-0.605354,0.43588,970,22,
2,767,Overall,Overall,35,6,41,-2.0,-1.601172,0.592778,920,30,
2,768,Overall,Overall,35,15,41,0.5,0.210351,0.354908,1011,18,
2,769,Overall,Overall,35,11,41,-1.0,-0.575865,0.432536,971,22,
2,770,Overall,Overall,35,10,41,0.0,-0.655187,0.432333,967,22,
2,771,Overall,Overall,35,10,41,0.5,-0.254997,0.424884,987,21,
2,772,Overall,Overall,35,22,41,1.5,1.519627,0.353144,1076,18,
2,773,Overall,Overall,35,9,41,-1.5,-1.102905,0.496947,945,25,
2,774,Overall,Overall,35,3,41,-2.0,-3.016081,0.883113,849,44,
2,775,Overall,Overall,35,24,41,2.0,1.742932,0.353002,1087,18,
2,776,Overall,Overall,35,18,41,0.5,0.688541,0.343715,1034,17,
2,777,Overall,Overall,35,14,41,1.0,0.775498,0.372233,1039,19,
2,778,Overall,Overall,35,6,41,-2.0,-2.001458,0.663655,900,33,
2,779,Overall,Overall,35,5,41,-2.0,-2.141208,0.675412,893,34,
2,780,Overall,Overall,35,11,41,0.5,-0.007267,0.386007,1000,19,
2,781,Overall,Overall,35,5,41,-1.0,-2.041713,0.651235,898,33,
2,782,Overall,Overall,35,10,41,-0.5,-0.70634,0.438546,965,22,
2,783,Overall,Overall,35,11,41,0.0,-0.242575,0.434273,988,22,
2,784,Overall,Overall,35,16,41,0.0,0.444499,0.363535,1022,18,
2,785,Overall,Overall,35,6,41,-1.5,-1.931056,0.602772,903,30,
2,786,Overall,Overall,35,9,41,-1.5,-0.951845,0.484017,952,24,
2,787,Overall,Overall,35,13,41,-0.5,-0.176428,0.389543,991,19,
2,788,Overall,Overall,35,12,41,-0.5,-0.616601,0.453256,969,23,
2,789,Overall,Overall,35,25,41,2.0,1.949849,0.357758,1097,18,
2,790,Overall,Overall,35,21,41,1.0,1.151196,0.338204,1058,17,
2,791,Overall,Overall,35,19,41,0.5,0.757654,0.384436,1038,19,
2,792,Overall,Overall,35,19,41,1.0,0.972609,0.377534,1049,19,
2,793,Overall,Overall,35,7,41,-1.5,-1.255628,0.533402,937,27,
2,794,Overall,Overall,35,16,41,0.0,0.350447,0.343595,1018,17,
2,795,Overall,Overall,35,10,41,-1.0,-0.926895,0.455509,954,23,
2,796,Overall,Overall,35,14,41,0.5,0.396144,0.39343,1020,20,
2,797,Overall,Overall,35,3,41,-2.0,-2.999685,0.881684,850,44,
2,798,Overall,Overall,35,14,41,0.0,-0.06377,0.378724,997,19,
2,799,Overall,Overall,35,3,41,-2.0,-3.451306,1.062675,827,53,
2,800,Overall,Overall,35,6,41,-2.0,-1.873256,0.636042,906,32,
2,801,Overall,Overall,35,6,41,-2.0,-2.054483,0.67494,897,34,
2,802,Overall,Overall,35,6,41,-2.0,-1.949725,0.635056,903,32,
2,803,Overall,Overall,35,7,41,-1.5,-1.013423,0.542506,949,27,
2,804,Overall,Overall,35,6,41,-1.0,-1.974566,0.68821,901,34,
2,805,Overall,Overall,35,11,41,-0.5,-0.328661,0.380094,984,19,
2,806,Overall,Overall,35,19,41,1.5,1.211854,0.329289,1061,16,
2,807,Overall,Overall,35,24,41,2.0,1.917378,0.34676,1096,17,
2,808,Overall,Overall,35,9,41,0.0,-0.327308,0.443243,984,22,
2,809,Overall,Overall,35,22,41,2.0,1.581463,0.351422,1079,18,
2,810,Overall,Overall,35,23,41,1.0,1.244508,0.335722,1062,17,
2,811,Overall,Overall,35,22,41,2.0,1.928353,0.359033,1096,18,
2,812,Overall,Overall,35,23,41,1.0,1.30365,0.349057,1065,17,
2,813,Overall,Overall,35,23,41,1.0,1.432016,0.362772,1072,18,
2,814,Overall,Overall,35,6,41,-1.5,-1.817787,0.621437,909,31,
2,815,Overall,Overall,35,10,41,-1.0,-0.59276,0.434704,970,22,
2,816,Overall,Overall,35,6,41,-2.0,-1.799761,0.627975,910,31,
2,817,Overall,Overall,35,11,41,-1.5,-0.687638,0.466516,966,23,
2,818,Overall,Overall,35,25,41,2.0,2.081802,0.352408,1104,18,
2,819,Overall,Overall,35,16,41,0.0,0.354498,0.374803,1018,19,
2,820,Overall,Overall,35,12,41,-1.5,-0.466672,0.431446,977,22,
2,821,Overall,Overall,35,17,41,1.0,0.457494,0.329342,1023,16,
2,822,Overall,Overall,35,9,41,-1.5,-1.135296,0.517497,943,26,
2,823,Overall,Overall,35,10,41,0.0,-0.259054,0.437863,987,22,
2,824,Overall,Overall,35,8,41,-1.5,-1.1736,0.532257,941,27,
2,825,Overall,Overall,35,21,41,1.0,1.022163,0.344409,1051,17,
2,826,Overall,Overall,35,6,41,-2.0,-1.860431,0.625416,907,31,
2,827,Overall,Overall,35,22,41,2.0,2.142058,0.350112,1107,18,
2,828,Overall,Overall,35,14,41,-0.5,0.046929,0.414528,1002,21,
2,829,Overall,Overall,35,22,41,1.5,1.629027,0.352413,1081,18,
2,830,Overall,Overall,35,15,41,0.5,0.288894,0.331382,1014,17,
2,831,Overall,Overall,35,28,41,2.0,2.938243,0.403377,1147,20,
2,832,Overall,Overall,35,18,41,0.0,0.531136,0.38482,1027,19,
2,833,Overall,Overall,35,25,41,2.0,1.65962,0.356651,1083,18,
2,834,Overall,Overall,35,8,41,-1.0,-1.408244,0.541177,930,27,
2,835,Overall,Overall,35,13,41,0.0,0.10795,0.352257,1005,18,
2,836,Overall,Overall,35,1,41,-2.0,-5.0,1.796965,750,90,
2,837,Overall,Overall,35,27,41,2.0,2.768728,0.39435,1138,20,
2,838,Overall,Overall,35,5,41,-2.0,-1.971881,0.636436,901,32,
2,839,Overall,Overall,35,18,41,0.5,0.713773,0.343144,1036,17,
2,840,Overall,Overall,35,10,41,0.0,-0.649443,0.426311,968,21,
2,841,Overall,Overall,35,3,41,-2.0,-2.918927,0.876447,854,44,
2,842,Overall,Overall,35,6,41,-1.5,-1.579762,0.556334,921,28,
2,843,Overall,Overall,35,27,41,2.0,2.468857,0.384585,1123,19,
2,844,Overall,Overall,35,7,41,-1.0,-0.841495,0.479681,958,24,
2,845,Overall,Overall,35,21,41,1.5,1.410771,0.330467,1071,17,
2,846,Overall,Overall,35,22,41,1.0,1.104397,0.312761,1055,16,
2,847,Overall,Overall,35,7,41,-2.0,-1.572736,0.554887,921,28,
2,848,Overall,Overall,35,11,41,-0.5,-0.163887,0.426637,992,21,
2,849,Overall,Overall,35,16,41,0.5,0.717168,0.355682,1036,18,
2,850,Overall,Overall,35,8,41,-2.0,-1.63244,0.577127,918,29,
2,851,Overall,Overall,35,12,41,-0.5,-0.344509,0.429959,983,21,
2,852,Overall,Overall,35,13,41,-0.5,-0.203086,0.416766,990,21,
2,853,Overall,Overall,35,21,41,2.0,1.905557,0.353066,1095,18,
2,854,Overall,Overall,35,21,41,1.0,0.810012,0.342825,1041,17,
2,855,Overall,Overall,35,22,41,1.0,1.113792,0.363936,1056,18,
2,856,Overall,Overall,35,7,41,-0.5,-0.783286,0.518456,961,26,
2,857,Overall,Overall,35,4,41,-1.0,-2.155942,0.680218,892,34,
2,858,Overall,Overall,35,7,41,-1.5,-1.281273,0.534585,936,27,
2,859,Overall,Overall,35,25,41,1.5,1.544118,0.332724,1077,17,
2,860,Overall,Overall,35,16,41,0.5,0.548679,0.360119,1027,18,
2,861,Overall,Overall,35,6,41,-1.0,-1.893981,0.620388,905,31,
2,862,Overall,Overall,35,8,41,-0.5,-0.393416,0.436754,980,22,
2,863,Overall,Overall,35,24,41,2.0,2.051096,0.3432,1103,17,
2,864,Overall,Overall,35,3,41,-2.0,-3.01928,0.844139,849,42,
2,865,Overall,Overall,35,20,41,1.0,1.207627,0.337722,1060,17,
2,866,Overall,Overall,35,6,41,-2.0,-1.963485,0.643779,902,32,
2,867,Overall,Overall,35,13,41,0.0,-0.044012,0.418793,998,21,
2,868,Overall,Overall,35,8,41,0.0,-0.831189,0.461066,958,23,
2,869,Overall,Overall,35,28,41,1.5,2.289432,0.359443,1114,18,
2,870,Overall,Overall,35,9,41,-0.5,-1.128723,0.518544,944,26,
2,871,Overall,Overall,35,14,41,0.5,0.274993,0.369424,1014,18,
2,872,Overall,Overall,35,9,41,-1.0,-1.381646,0.553361,931,28,
2,873,Overall,Overall,35,5,41,-1.5,-2.094138,0.690825,895,35,
2,874,Overall,Overall,35,19,41,1.5,1.165122,0.321334,1058,16,
2,875,Overall,Overall,35,9,41,-1.5,-0.867846,0.452763,957,23,
2,876,Overall,Overall,35,7,41,-1.5,-1.409674,0.572306,930,29,
2,877,Overall,Overall,35,5,41,-1.5,-1.863639,0.666257,907,33,
2,878,Overall,Overall,35,13,41,0.0,0.144755,0.401631,1007,20,
2,879,Overall,Overall,35,17,41,0.5,1.182758,0.343116,1059,17,
2,880,Overall,Overall,35,18,41,1.0,1.021871,0.370299,1051,19,
2,881,Overall,Overall,35,17,41,0.5,0.586205,0.376639,1029,19,
2,882,Overall,Overall,35,13,41,0.0,0.050722,0.417471,1003,21,
2,883,Overall,Overall,35,6,41,-1.5,-1.457824,0.564076,927,28,
2,884,Overall,Overall,35,5,41,-1.5,-2.365524,0.699075,882,35,
2,885,Overall,Overall,35,25,41,1.5,1.586605,0.348943,1079,17,
2,886,Overall,Overall,35,18,41,0.5,0.482293,0.350114,1024,18,
2,887,Overall,Overall,35,11,41,1.0,0.197928,0.431667,1010,22,
2,888,Overall,Overall,35,10,41,0.0,-0.758103,0.45304,962,23,
2,889,Overall,Overall,35,4,41,-2.0,-2.938416,0.876426,853,44,
2,890,Overall,Overall,35,8,41,-1.0,-0.731836,0.469638,963,23,
2,891,Overall,Overall,35,5,41,-2.0,-2.344775,0.69057,883,35,
2,892,Overall,Overall,35,28,41,2.0,2.761362,0.38355,1138,19,
2,893,Overall,Overall,35,24,41,2.0,2.014392,0.357033,1101,18,
2,894,Overall,Overall,35,25,41,0.5,1.24161,0.318419,1062,16,
2,895,Overall,Overall,35,13,41,0.0,-0.229165,0.421241,989,21,
2,896,Overall,Overall,35,6,41,-1.0,-1.639121,0.60102,918,30,
2,897,Overall,Overall,35,4,41,-1.0,-2.428606,0.76294,879,38,
2,898,Overall,Overall,35,24,41,2.0,1.923506,0.349591,1096,17,
2,899,Overall,Overall,35,11,41,1.0,0.1326,0.409372,1007,20,
2,900,Overall,Overall,35,10,41,0.5,-0.103313,0.376255,995,19,
3,1,Overall,Overall,35,26,41,1.5,1.42196,0.314423,1071,16,
3,2,Overall,Overall,35,11,41,0.0,-0.437188,0.443444,978,22,
3,3,Overall,Overall,35,12,41,0.0,-0.086987,0.468625,996,23,
3,4,Overall,Overall,35,11,41,-1.0,0.136315,0.46004,1007,23,
3,5,Overall,Overall,35,25,41,1.5,1.442972,0.320653,1072,16,
3,6,Overall,Overall,35,30,41,2.0,2.218918,0.414341,1111,21,
3,7,Overall,Overall,35,8,41,-1.0,-1.141381,0.513262,943,26,
3,8,Overall,Overall,35,21,41,1.0,0.798122,0.331688,1040,17,
3,9,Overall,Overall,35,27,41,2.0,2.250609,0.387475,1113,19,
3,10,Overall,Overall,35,7,41,-2.0,-1.42197,0.570906,929,29,
3,11,Overall,Overall,35,27,41,2.0,1.795072,0.400779,1090,20,
3,12,Overall,Overall,35,9,41,-1.5,-1.325951,0.502915,934,25,
3,13,Overall,Overall,35,29,41,2.0,2.16708,0.360549,1108,18,
3,14,Overall,Overall,35,22,41,2.0,1.882336,0.3719,1094,19,
3,15,Overall,Overall,35,16,41,1.5,0.752971,0.391446,1038,20,
3,16,Overall,Overall,35,12,41,0.5,-0.275456,0.416383,986,21,
3,17,Overall,Overall,35,9,41,-0.5,-0.83575,0.453568,958,23,
3,18,Overall,Overall,35,17,41,0.0,0.556689,0.354774,1028,18,
3,19,Overall,Overall,35,4,41,-2.0,-1.823435,0.680058,909,34,
3,20,Overall,Overall,35,23,41,1.5,1.682757,0.38515,1084,19,
3,21,Overall,Overall,35,8,41,-0.5,-1.365099,0.544909,932,27,
3,22,Overall,Overall,35,12,41,0.0,-0.376667,0.389682,981,19,
3,23,Overall,Overall,35,6,41,-1.5,-1.938031,0.642674,903,32,
3,24,Overall,Overall,35,19,41,1.0,1.181323,0.322882,1059,16,
3,25,Overall,Overall,35,28,41,1.5,1.754722,0.390939,1088,20,
3,26,Overall,Overall,35,6,41,-1.5,-1.60002,0.580191,920,29,
3,27,Overall,Overall,35,23,41,1.5,1.965515,0.353264,1098,18,
3,28,Overall,Overall,35,14,41,0.5,0.181931,0.39566,1009,20,
3,29,Overall,Overall,35,10,41,0.5,0.093045,0.39831,1005,20,
3,30,Overall,Overall,35,22,41,1.5,1.20979,0.332794,1060,17,
3,31,Overall,Overall,35,24,41,2.0,2.20177,0.349545,1110,17,
3,32,Overall,Overall,35,8,41,-1.0,-1.554362,0.594107,922,30,
3,33,Overall,Overall,35,25,41,2.0,2.090559,0.36351,1105,18,
3,34,Overall,Overall,35,10,41,-1.5,-0.630274,0.396921,968,20,
3,35,Overall,Overall,35,8,41,-1.5,-1.33331,0.517157,933,26,
3,36,Overall,Overall,35,7,41,-1.0,-1.474567,0.578277,926,29,
3,37,Overall,Overall,35,14,41,-0.5,-0.429657,0.420433,979,21,
3,38,Overall,Overall,35,8,41,-1.0,-1.16722,0.521153,942,26,
3,39,Overall,Overall,35,15,41,0.5,0.453797,0.366573,1023,18,
3,40,Overall,Overall,35,22,41,2.0,1.701056,0.383432,1085,19,
3,41,Overall,Overall,35,20,41,1.0,1.251253,0.370142,1063,19,
3,42,Overall,Overall,35,20,41,0.5,0.627448,0.377938,1031,19,
3,43,Overall,Overall,35,20,41,1.0,0.967116,0.388474,1048,19,
3,44,Overall,Overall,35,6,41,-1.0,-1.636145,0.617234,918,31,
3,45,Overall,Overall,35,12,41,0.0,-0.282926,0.387894,986,19,
3,46,Overall,Overall,35,27,41,2.0,1.830341,0.353474,1092,18,
3,47,Overall,Overall,35,4,41,-2.0,-2.627411,0.76635,869,38,
3,48,Overall,Overall,35,5,41,-1.0,-1.066995,0.511572,947,26,
3,49,Overall,Overall,35,16,41,0.0,0.257614,0.383847,1013,19,
3,50,Overall,Overall,35,13,41,-0.5,-0.007346,0.373697,1000,19,
3,51,Overall,Overall,35,26,41,2.0,1.79204,0.348572,1090,17,
3,52,Overall,Overall,35,20,41,1.5,1.152952,0.358258,1058,18,
3,53,Overall,Overall,35,12,41,0.5,0.253233,0.433088,1013,22,
3,54,Overall,Overall,35,7,41,-2.0,-1.657256,0.565367,917,28,
3,55,Overall,Overall,35,20,41,1.0,1.111001,0.340866,1056,17,
3,56,Overall,Overall,35,7,41,-1.5,-1.715433,0.592636,914,30,
3,57,Overall,Overall,35,20,41,2.0,1.429688,0.349901,1071,17,
3,58,Overall,Overall,35,6,41,-1.5,-1.911537,0.616391,904,31,
3,59,Overall,Overall,35,5,41,-1.5,-2.452042,0.72315,877,36,
3,60,Overall,Overall,35,14,41,0.0,-0.089963,0.377398,996,19,
3,61,Overall,Overall,35,9,41,-0.5,-0.689964,0.437468,966,22,
3,62,Overall,Overall,35,7,41,-1.0,-1.209037,0.529025,940,26,
3,63,Overall,Overall,35,8,41,-1.0,-1.216916,0.520745,939,26,
3,64,Overall,Overall,35,19,41,1.5,1.277853,0.349883,1064,17,
3,65,Overall,Overall,35,13,41,-0.5,-0.403893,0.410524,980,21,
3,66,Overall,Overall,35,20,41,1.5,1.059199,0.337915,1053,17,
3,67,Overall,Overall,35,7,41,-1.0,-1.613363,0.569151,919,28,
3,68,Overall,Overall,35,6,41,-1.0,-1.227585,0.528933,939,26,
3,69,Overall,Overall,35,7,41,-1.5,-1.342536,0.538726,933,27,
3,70,Overall,Overall,35,15,41,0.5,0.40694,0.355468,1020,18,
3,71,Overall,Overall,35,10,41,0.0,-0.327868,0.392719,984,20,
3,72,Overall,Overall,35,21,41,1.0,1.227286,0.333626,1061,17,
3,73,Overall,Overall,35,8,41,-1.0,-1.218951,0.520396,939,26,
3,74,Overall,Overall,35,6,41,-1.5,-1.652808,0.600939,917,30,
3,75,Overall,Overall,35,25,41,1.5,1.589077,0.337682,1079,17,
3,76,Overall,Overall,35,23,41,2.0,1.926042,0.354508,1096,18,
3,77,Overall,Overall,35,8,41,-0.5,-0.49307,0.442705,975,22,
3,78,Overall,Overall,35,15,41,0.5,0.104103,0.373252,1005,19,
3,79,Overall,Overall,35,7,41,-0.5,-0.998037,0.504112,950,25,
3,80,Overall,Overall,35,5,41,-1.5,-2.203201,0.723478,890,36,
3,81,Overall,Overall,35,18,41,1.0,0.55873,0.368448,1028,18,
3,82,Overall,Overall,35,6,41,-1.0,-1.401282,0.554313,930,28,
3,83,Overall,Overall,35,5,41,-1.5,-2.320292,0.696697,884,35,
3,84,Overall,Overall,35,11,41,0.5,-0.090786,0.392634,995,20,
3,85,Overall,Overall,35,21,41,1.5,1.374408,0.335296,1069,17,
3,86,Overall,Overall,35,14,41,1.0,0.635405,0.382774,1032,19,
3,87,Overall,Overall,35,4,41,-2.0,-2.089493,0.680413,896,34,
3,88,Overall,Overall,35,9,41,-0.5,-0.862169,0.43795,957,22,
3,89,Overall,Overall,35,19,41,0.5,0.939861,0.361993,1047,18,
3,90,Overall,Overall,35,5,41,-2.0,-2.216779,0.702222,889,35,
3,91,Overall,Overall,35,14,41,1.0,0.620483,0.349525,1031,17,
3,92,Overall,Overall,35,12,41,-1.0,-0.504259,0.414946,975,21,
3,93,Overall,Overall,35,24,41,1.5,1.936979,0.334641,1097,17,
3,94,Overall,Overall,35,3,41,-2.0,-2.800566,0.834102,860,42,
3,95,Overall,Overall,35,5,41,-1.0,-1.625365,0.593066,919,30,
3,96,Overall,Overall,35,10,41,-0.5,-1.027383,0.491528,949,25,
3,97,Overall,Overall,35,21,41,2.0,1.533522,0.353368,1077,18,
3,98,Overall,Overall,35,13,41,0.5,0.066543,0.346764,1003,17,
3,99,Overall,Overall,35,5,41,-2.0,-2.274077,0.677383,886,34,
3,100,Overall,Overall,35,25,41,2.0,2.210536,0.343336,1111,17,
3,101,Overall,Overall,35,4,41,-2.0,-2.403428,0.685767,880,34,
3,102,Overall,Overall,35,20,41,1.0,1.105108,0.362265,1055,18,
3,103,Overall,Overall,35,8,41,-1.0,-1.11663,0.488173,944,24,
3,104,Overall,Overall,35,17,41,1.0,0.640625,0.337718,1032,17,
3,105,Overall,Overall,35,14,41,0.5,0.340963,0.341317,1017,17,
3,106,Overall,Overall,35,11,41,-0.5,0.149499,0.391844,1007,20,
3,107,Overall,Overall,35,8,41,-1.0,-1.218158,0.502287,939,25,
3,108,Overall,Overall,35,23,41,2.0,1.44254,0.35964,1072,18,
3,109,Overall,Overall,35,11,41,0.0,0.029989,0.391991,1001,20,
3,110,Overall,Overall,35,23,41,1.5,1.154462,0.347474,1058,17,
3,111,Overall,Overall,35,5,41,-1.0,-1.413913,0.555097,929,28,
3,112,Overall,Overall,35,24,41,1.0,1.362464,0.333822,1068,17,
3,113,Overall,Overall,35,18,41,1.5,1.088053,0.374432,1054,19,
3,114,Overall,Overall,35,12,41,0.0,0.259269,0.385302,1013,19,
3,115,Overall,Overall,35,12,41,-0.5,-0.25494,0.418955,987,21,
3,116,Overall,Overall,35,10,41,-0.5,-0.117347,0.367998,994,18,
3,117,Overall,Overall,35,6,41,-1.0,-1.103505,0.515329,945,26,
3,118,Overall,Overall,35,20,41,1.5,1.84786,0.350028,1092,18,
3,119,Overall,Overall,35,15,41,0.5,0.367579,0.414825,1018,21,
3,120,Overall,Overall,35,20,41,1.0,1.22806,0.327364,1061,16,
3,121,Overall,Overall,35,10,41,0.0,-0.860378,0.45518,957,23,
3,122,Overall,Overall,35,23,41,1.5,1.241218,0.329511,1062,16,
3,123,Overall,Overall,35,16,41,0.5,0.393017,0.396502,1020,20,
3,124,Overall,Overall,35,24,41,1.5,2.10317,0.366127,1105,18,
3,125,Overall,Overall,35,11,41,-1.0,-0.794523,0.469438,960,23,
3,126,Overall,Overall,35,12,41,-0.5,-0.047162,0.369945,998,18,
3,127,Overall,Overall,35,8,41,-0.5,-0.911087,0.474387,954,24,
3,128,Overall,Overall,35,10,41,-1.0,-0.726299,0.452783,964,23,
3,129,Overall,Overall,35,22,41,2.0,1.5331,0.359498,1077,18,
3,130,Overall,Overall,35,21,41,2.0,1.574154,0.376299,1079,19,
3,131,Overall,Overall,35,25,41,1.5,1.875644,0.34297,1094,17,
3,132,Overall,Overall,35,8,41,-2.0,-1.129024,0.471425,944,24,
3,133,Overall,Overall,35,10,41,-1.0,-0.453096,0.420166,977,21,
3,134,Overall,Overall,35,12,41,0.0,-0.022262,0.39379,999,20,
3,135,Overall,Overall,35,19,41,1.0,1.179667,0.369645,1059,18,
3,136,Overall,Overall,35,27,41,2.0,1.905641,0.402601,1095,20,
3,137,Overall,Overall,35,6,41,0.0,-0.938346,0.488693,953,24,
3,138,Overall,Overall,35,18,41,0.5,0.646001,0.353661,1032,18,
3,139,Overall,Overall,35,9,41,-0.5,-0.643282,0.442553,968,22,
3,140,Overall,Overall,35,14,41,0.5,0.419745,0.356046,1021,18,
3,141,Overall,Overall,35,16,41,1.0,1.013799,0.342107,1051,17,
3,142,Overall,Overall,35,8,41,0.0,-0.468198,0.40878,977,20,
3,143,Overall,Overall,35,8,41,-2.0,-1.492497,0.584118,925,29,
3,144,Overall,Overall,35,8,41,-0.5,-0.610172,0.472005,969,24,
3,145,Overall,Overall,35,8,41,-1.5,-1.08133,0.528431,946,26,
3,146,Overall,Overall,35,6,41,-1.5,-1.501219,0.523163,925,26,
3,147,Overall,Overall,35,9,41,-1.0,-0.759445,0.448099,962,22,
3,148,Overall,Overall,35,21,41,0.5,1.046347,0.372151,1052,19,
3,149,Overall,Overall,35,20,41,1.5,1.111612,0.340559,1056,17,
3,150,Overall,Overall,35,24,41,2.0,1.626425,0.342328,1081,17,
3,151,Overall,Overall,35,12,41,0.0,-0.465333,0.414509,977,21,
3,152,Overall,Overall,35,10,41,-1.5,-0.860411,0.479666,957,24,
3,153,Overall,Overall,35,5,41,-1.5,-1.990047,0.689551,900,34,
3,154,Overall,Overall,35,11,41,0.0,-0.33332,0.419813,983,21,
3,155,Overall,Overall,35,11,41,0.0,-0.061957,0.392645,997,20,
3,156,Overall,Overall,35,11,41,0.0,-0.454146,0.420639,977,21,
3,157,Overall,Overall,35,11,41,-0.5,-0.408704,0.398146,980,20,
3,158,Overall,Overall,35,20,41,1.0,1.162287,0.339384,1058,17,
3,159,Overall,Overall,35,5,41,-2.0,-2.321011,0.726679,884,36,
3,160,Overall,Overall,35,5,41,-2.0,-2.270354,0.754132,886,38,
3,161,Overall,Overall,35,9,41,-1.5,-0.690745,0.434662,965,22,
3,162,Overall,Overall,35,22,41,2.0,1.817591,0.339991,1091,17,
3,163,Overall,Overall,35,21,41,0.5,1.121597,0.363886,1056,18,
3,164,Overall,Overall,35,21,41,1.5,1.856245,0.351606,1093,18,
3,165,Overall,Overall,35,15,41,-0.5,0.30875,0.373042,1015,19,
3,166,Overall,Overall,35,17,41,0.5,0.780634,0.335245,1039,17,
3,167,Overall,Overall,35,2,41,-2.0,-3.228485,0.913487,839,46,
3,168,Overall,Overall,35,17,41,1.0,0.937688,0.359478,1047,18,
3,169,Overall,Overall,35,12,41,-0.5,-0.131728,0.42502,993,21,
3,170,Overall,Overall,35,18,41,0.0,0.535944,0.36094,1027,18,
3,171,Overall,Overall,35,9,41,-1.5,-1.181528,0.504284,941,25,
3,172,Overall,Overall,35,16,41,0.0,0.404903,0.362519,1020,18,
3,173,Overall,Overall,35,16,41,1.0,0.459008,0.36542,1023,18,
3,174,Overall,Overall,35,4,41,-2.0,-2.347503,0.687362,883,34,
3,175,Overall,Overall,35,14,41,0.5,9.0E-6,0.381959,1000,19,
3,176,Overall,Overall,35,20,41,2.0,1.852752,0.360848,1093,18,
3,177,Overall,Overall,35,19,41,2.0,1.675637,0.353535,1084,18,
3,178,Overall,Overall,35,15,41,0.0,-0.1106,0.377379,994,19,
3,179,Overall,Overall,35,15,41,-0.5,0.091228,0.39309,1005,20,
3,180,Overall,Overall,35,10,41,-0.5,-1.037882,0.516222,948,26,
3,181,Overall,Overall,35,12,41,-0.5,-0.021699,0.400412,999,20,
3,182,Overall,Overall,35,8,41,-2.0,-1.323388,0.520596,934,26,
3,183,Overall,Overall,35,9,41,-2.0,-1.046807,0.495629,948,25,
3,184,Overall,Overall,35,11,41,-1.5,-0.594977,0.459654,970,23,
3,185,Overall,Overall,35,19,41,1.0,1.017444,0.332941,1051,17,
3,186,Overall,Overall,35,8,41,-1.0,-1.064886,0.465221,947,23,
3,187,Overall,Overall,35,9,41,-0.5,-0.963958,0.480216,952,24,
3,188,Overall,Overall,35,29,41,2.0,2.407825,0.362612,1120,18,
3,189,Overall,Overall,35,17,41,0.5,0.339975,0.354819,1017,18,
3,190,Overall,Overall,35,14,41,0.5,0.527468,0.362982,1026,18,
3,191,Overall,Overall,35,10,41,-0.5,-0.55832,0.423157,972,21,
3,192,Overall,Overall,35,11,41,-0.5,-0.501666,0.448965,975,22,
3,193,Overall,Overall,35,10,41,-0.5,-0.791712,0.439323,960,22,
3,194,Overall,Overall,35,11,41,0.5,0.160671,0.42319,1008,21,
3,195,Overall,Overall,35,8,41,-2.0,-1.423727,0.554524,929,28,
3,196,Overall,Overall,35,21,41,1.5,1.31741,0.334167,1066,17,
3,197,Overall,Overall,35,8,41,-0.5,-0.992275,0.490407,950,25,
3,198,Overall,Overall,35,6,41,-1.0,-1.420571,0.576311,929,29,
3,199,Overall,Overall,35,5,41,-2.0,-1.734064,0.676674,913,34,
3,200,Overall,Overall,35,14,41,-0.5,-0.069655,0.375548,997,19,
3,201,Overall,Overall,35,9,41,-1.0,-0.569412,0.413196,972,21,
3,202,Overall,Overall,35,15,41,-0.5,0.561522,0.385418,1028,19,
3,203,Overall,Overall,35,20,41,0.0,0.881283,0.377781,1044,19,
3,204,Overall,Overall,35,25,41,1.5,2.043022,0.375778,1102,19,
3,205,Overall,Overall,35,6,41,-2.0,-1.480768,0.563252,926,28,
3,206,Overall,Overall,35,26,41,2.0,2.281013,0.362513,1114,18,
3,207,Overall,Overall,35,18,41,1.0,1.310023,0.363603,1066,18,
3,208,Overall,Overall,35,24,41,1.5,1.668757,0.372547,1083,19,
3,209,Overall,Overall,35,17,41,0.5,0.392648,0.365107,1020,18,
3,210,Overall,Overall,35,12,41,-0.5,-0.091231,0.392651,995,20,
3,211,Overall,Overall,35,20,41,2.0,2.011484,0.368946,1101,18,
3,212,Overall,Overall,35,11,41,0.5,-0.383431,0.390857,981,20,
3,213,Overall,Overall,35,8,41,-1.0,-0.893395,0.499912,955,25,
3,214,Overall,Overall,35,13,41,-0.5,0.155176,0.380966,1008,19,
3,215,Overall,Overall,35,28,41,2.0,2.724468,0.396289,1136,20,
3,216,Overall,Overall,35,12,41,-1.0,-0.22535,0.387347,989,19,
3,217,Overall,Overall,35,25,41,2.0,2.130955,0.353017,1107,18,
3,218,Overall,Overall,35,12,41,0.0,-0.284243,0.43184,986,22,
3,219,Overall,Overall,35,15,41,0.0,0.383404,0.37221,1019,19,
3,220,Overall,Overall,35,8,41,-1.0,-0.693751,0.473786,965,24,
3,221,Overall,Overall,35,15,41,0.0,0.470087,0.365385,1024,18,
3,222,Overall,Overall,35,8,41,-1.5,-1.331119,0.488187,933,24,
3,223,Overall,Overall,35,19,41,1.5,1.364971,0.372326,1068,19,
3,224,Overall,Overall,35,23,41,2.0,1.449018,0.344766,1072,17,
3,225,Overall,Overall,35,12,41,-0.5,-0.301017,0.404664,985,20,
3,226,Overall,Overall,35,9,41,-2.0,-1.315301,0.541115,934,27,
3,227,Overall,Overall,35,29,41,2.0,2.607968,0.368831,1130,18,
3,228,Overall,Overall,35,23,41,1.0,1.538737,0.345554,1077,17,
3,229,Overall,Overall,35,13,41,-0.5,-0.185951,0.395965,991,20,
3,230,Overall,Overall,35,7,41,-1.5,-1.548122,0.55199,923,28,
3,231,Overall,Overall,35,12,41,0.0,0.059135,0.386949,1003,19,
3,232,Overall,Overall,35,25,41,2.0,2.033712,0.345781,1102,17,
3,233,Overall,Overall,35,13,41,0.0,0.051407,0.366519,1003,18,
3,234,Overall,Overall,35,23,41,1.0,1.075581,0.360206,1054,18,
3,235,Overall,Overall,35,21,41,2.0,1.652242,0.35975,1083,18,
3,236,Overall,Overall,35,16,41,0.5,0.757747,0.396417,1038,20,
3,237,Overall,Overall,35,6,41,-2.0,-1.413705,0.507105,929,25,
3,238,Overall,Overall,35,4,41,-2.0,-2.846616,0.819802,858,41,
3,239,Overall,Overall,35,21,41,1.5,1.172358,0.347188,1059,17,
3,240,Overall,Overall,35,16,41,0.5,0.274793,0.363041,1014,18,
3,241,Overall,Overall,35,14,41,0.5,0.030902,0.420893,1002,21,
3,242,Overall,Overall,35,24,41,1.5,2.13352,0.347493,1107,17,
3,243,Overall,Overall,35,17,41,0.5,1.264835,0.351659,1063,18,
3,244,Overall,Overall,35,25,41,1.5,1.364706,0.365904,1068,18,
3,245,Overall,Overall,35,17,41,1.0,0.939286,0.356281,1047,18,
3,246,Overall,Overall,35,22,41,2.0,1.773238,0.375452,1089,19,
3,247,Overall,Overall,35,21,41,1.5,1.829602,0.355936,1091,18,
3,248,Overall,Overall,35,6,41,-1.5,-1.422097,0.567048,929,28,
3,249,Overall,Overall,35,8,41,-1.0,-0.896287,0.470546,955,24,
3,250,Overall,Overall,35,11,41,-1.0,-0.29061,0.438422,985,22,
3,251,Overall,Overall,35,12,41,0.5,-0.365767,0.428616,982,21,
3,252,Overall,Overall,35,16,41,0.5,0.333937,0.351112,1017,18,
3,253,Overall,Overall,35,22,41,0.5,1.424516,0.38835,1071,19,
3,254,Overall,Overall,35,17,41,0.5,0.992476,0.349653,1050,17,
3,255,Overall,Overall,35,15,41,1.0,0.524112,0.333613,1026,17,
3,256,Overall,Overall,35,5,41,-1.5,-2.1417,0.691809,893,35,
3,257,Overall,Overall,35,5,41,-2.0,-1.972126,0.628943,901,31,
3,258,Overall,Overall,35,12,41,0.5,0.163122,0.366868,1008,18,
3,259,Overall,Overall,35,5,41,-2.0,-2.456762,0.758322,877,38,
3,260,Overall,Overall,35,24,41,1.5,1.470523,0.349057,1074,17,
3,261,Overall,Overall,35,12,41,-1.0,-0.36995,0.411636,982,21,
3,262,Overall,Overall,35,23,41,1.5,1.292083,0.348375,1065,17,
3,263,Overall,Overall,35,7,41,-1.0,-1.490676,0.541659,925,27,
3,264,Overall,Overall,35,5,41,-1.5,-2.093798,0.645521,895,32,
3,265,Overall,Overall,35,3,41,-1.5,-3.428639,1.030254,829,52,
3,266,Overall,Overall,35,13,41,1.0,0.393671,0.375003,1020,19,
3,267,Overall,Overall,35,8,41,-0.5,-0.947642,0.45203,953,23,
3,268,Overall,Overall,35,24,41,2.0,1.746376,0.364478,1087,18,
3,269,Overall,Overall,35,14,41,0.0,0.436629,0.379166,1022,19,
3,270,Overall,Overall,35,20,41,1.5,1.393749,0.342985,1070,17,
3,271,Overall,Overall,35,21,41,2.0,1.715155,0.349264,1086,17,
3,272,Overall,Overall,35,14,41,0.0,0.169206,0.335924,1008,17,
3,273,Overall,Overall,35,11,41,-0.5,-0.725335,0.462664,964,23,
3,274,Overall,Overall,35,10,41,-1.0,-1.137801,0.495664,943,25,
3,275,Overall,Overall,35,14,41,0.5,0.61411,0.407212,1031,20,
3,276,Overall,Overall,35,6,41,-2.0,-1.452167,0.543882,927,27,
3,277,Overall,Overall,35,8,41,-1.5,-1.280631,0.534668,936,27,
3,278,Overall,Overall,35,24,41,2.0,1.902615,0.350204,1095,18,
3,279,Overall,Overall,35,18,41,1.5,1.424458,0.382808,1071,19,
3,280,Overall,Overall,35,6,41,-2.0,-1.83649,0.618415,908,31,
3,281,Overall,Overall,35,24,41,2.0,2.296528,0.34742,1115,17,
3,282,Overall,Overall,35,22,41,1.5,1.090066,0.314593,1055,16,
3,283,Overall,Overall,35,10,41,-1.0,-0.501902,0.413749,975,21,
3,284,Overall,Overall,35,17,41,1.0,0.387983,0.375719,1019,19,
3,285,Overall,Overall,35,29,41,2.0,2.608376,0.381678,1130,19,
3,286,Overall,Overall,35,13,41,0.0,-0.227958,0.400316,989,20,
3,287,Overall,Overall,35,20,41,1.5,1.579091,0.346072,1079,17,
3,288,Overall,Overall,35,12,41,0.5,0.282538,0.412853,1014,21,
3,289,Overall,Overall,35,19,41,1.5,1.097251,0.347064,1055,17,
3,290,Overall,Overall,35,5,41,-1.5,-2.041579,0.66896,898,33,
3,291,Overall,Overall,35,20,41,1.0,1.004343,0.322692,1050,16,
3,292,Overall,Overall,35,9,41,-1.0,-0.86654,0.469645,957,23,
3,293,Overall,Overall,35,14,41,0.5,0.368402,0.394366,1018,20,
3,294,Overall,Overall,35,12,41,-0.5,-0.466187,0.411885,977,21,
3,295,Overall,Overall,35,6,41,-2.0,-1.663213,0.616557,917,31,
3,296,Overall,Overall,35,20,41,1.0,1.041609,0.358094,1052,18,
3,297,Overall,Overall,35,6,41,-0.5,-0.824928,0.470126,959,24,
3,298,Overall,Overall,35,14,41,1.0,0.350103,0.365814,1018,18,
3,299,Overall,Overall,35,21,41,1.0,1.405983,0.355722,1070,18,
3,300,Overall,Overall,35,11,41,-1.0,-0.417904,0.433278,979,22,
3,301,Overall,Overall,35,8,41,-0.5,-1.270628,0.518992,936,26,
3,302,Overall,Overall,35,6,41,-1.5,-2.092505,0.65306,895,33,
3,303,Overall,Overall,35,5,41,-2.0,-1.956673,0.695849,902,35,
3,304,Overall,Overall,35,16,41,1.0,0.769732,0.361592,1038,18,
3,305,Overall,Overall,35,7,41,-2.0,-1.59323,0.570676,920,29,
3,306,Overall,Overall,35,14,41,0.0,0.116601,0.376994,1006,19,
3,307,Overall,Overall,35,23,41,2.0,1.822134,0.337132,1091,17,
3,308,Overall,Overall,35,11,41,0.0,-0.574996,0.443988,971,22,
3,309,Overall,Overall,35,21,41,2.0,1.967827,0.351774,1098,18,
3,310,Overall,Overall,35,19,41,1.5,1.381703,0.350208,1069,18,
3,311,Overall,Overall,35,22,41,1.5,1.81981,0.354136,1091,18,
3,312,Overall,Overall,35,8,41,-0.5,-0.850484,0.442283,957,22,
3,313,Overall,Overall,35,9,41,-1.0,-0.482632,0.428071,976,21,
3,314,Overall,Overall,35,8,41,-0.5,-0.964908,0.484111,952,24,
3,315,Overall,Overall,35,26,41,2.0,2.195205,0.359287,1110,18,
3,316,Overall,Overall,35,23,41,1.0,1.182259,0.345756,1059,17,
3,317,Overall,Overall,35,13,41,-0.5,-0.284947,0.407899,986,20,
3,318,Overall,Overall,35,20,41,1.0,1.013722,0.353633,1051,18,
3,319,Overall,Overall,35,23,41,1.5,1.991567,0.338774,1100,17,
3,320,Overall,Overall,35,27,41,2.0,1.765724,0.364821,1088,18,
3,321,Overall,Overall,35,9,41,0.0,-0.728725,0.465807,964,23,
3,322,Overall,Overall,35,10,41,-0.5,-0.579672,0.433173,971,22,
3,323,Overall,Overall,35,14,41,0.5,0.633129,0.376642,1032,19,
3,324,Overall,Overall,35,13,41,-1.0,0.037049,0.407908,1002,20,
3,325,Overall,Overall,35,2,41,-2.0,-3.402428,1.053854,830,53,
3,326,Overall,Overall,35,15,41,1.0,0.622091,0.366313,1031,18,
3,327,Overall,Overall,35,5,41,-1.5,-2.319278,0.675859,884,34,
3,328,Overall,Overall,35,8,41,-1.5,-1.318878,0.554432,934,28,
3,329,Overall,Overall,35,21,41,1.0,0.979344,0.344832,1049,17,
3,330,Overall,Overall,35,10,41,-0.5,-0.459349,0.462525,977,23,
3,331,Overall,Overall,35,28,41,2.0,2.375472,0.361654,1119,18,
3,332,Overall,Overall,35,26,41,2.0,1.589581,0.331422,1079,17,
3,333,Overall,Overall,35,17,41,0.5,0.538025,0.358665,1027,18,
3,334,Overall,Overall,35,3,41,-2.0,-3.253188,0.92117,837,46,
3,335,Overall,Overall,35,9,41,-0.5,-0.296219,0.378074,985,19,
3,336,Overall,Overall,35,13,41,-1.0,-0.200298,0.433781,990,22,
3,337,Overall,Overall,35,24,41,1.5,1.616219,0.372942,1081,19,
3,338,Overall,Overall,35,5,41,-2.0,-2.201995,0.68299,890,34,
3,339,Overall,Overall,35,12,41,1.0,0.173578,0.376445,1009,19,
3,340,Overall,Overall,35,17,41,0.5,0.69612,0.332108,1035,17,
3,341,Overall,Overall,35,8,41,-1.0,-0.826888,0.493456,959,25,
3,342,Overall,Overall,35,10,41,-1.5,-1.149876,0.483715,943,24,
3,343,Overall,Overall,35,5,41,-1.0,-2.017885,0.63374,899,32,
3,344,Overall,Overall,35,15,41,0.5,0.525995,0.345923,1026,17,
3,345,Overall,Overall,35,6,41,-1.5,-1.641331,0.569546,918,28,
3,346,Overall,Overall,35,10,41,-0.5,-0.624869,0.469826,969,23,
3,347,Overall,Overall,35,4,41,-2.0,-2.317612,0.734431,884,37,
3,348,Overall,Overall,35,23,41,1.5,1.642608,0.357071,1082,18,
3,349,Overall,Overall,35,6,41,-1.5,-1.819081,0.603038,909,30,
3,350,Overall,Overall,35,23,41,1.5,1.196298,0.354806,1060,18,
3,351,Overall,Overall,35,13,41,-0.5,-0.037868,0.400874,998,20,
3,352,Overall,Overall,35,5,41,-1.5,-1.787825,0.603412,911,30,
3,353,Overall,Overall,35,20,41,2.0,1.804865,0.359772,1090,18,
3,354,Overall,Overall,35,7,41,-1.0,-0.908183,0.457208,955,23,
3,355,Overall,Overall,35,5,41,-1.5,-2.129855,0.668279,894,33,
3,356,Overall,Overall,35,15,41,0.5,0.463505,0.359982,1023,18,
3,357,Overall,Overall,35,7,41,-1.0,-0.924826,0.445003,954,22,
3,358,Overall,Overall,35,11,41,0.0,-0.127987,0.412694,994,21,
3,359,Overall,Overall,35,13,41,0.0,0.200766,0.403759,1010,20,
3,360,Overall,Overall,35,16,41,-1.0,0.137512,0.420581,1007,21,
3,361,Overall,Overall,35,9,41,-1.0,-0.650903,0.434496,967,22,
3,362,Overall,Overall,35,3,41,-2.0,-3.611128,1.038313,819,52,
3,363,Overall,Overall,35,10,41,-1.0,-0.482253,0.455078,976,23,
3,364,Overall,Overall,35,4,41,-2.0,-2.121001,0.638233,894,32,
3,365,Overall,Overall,35,6,41,-2.0,-1.815581,0.616329,909,31,
3,366,Overall,Overall,35,7,41,-2.0,-1.273575,0.548317,936,27,
3,367,Overall,Overall,35,7,41,-2.0,-1.866104,0.60694,907,30,
3,368,Overall,Overall,35,8,41,-1.0,-1.346005,0.518771,933,26,
3,369,Overall,Overall,35,12,41,0.0,-0.592563,0.444514,970,22,
3,370,Overall,Overall,35,7,41,-1.5,-1.549909,0.587468,923,29,
3,371,Overall,Overall,35,17,41,0.0,0.373465,0.358811,1019,18,
3,372,Overall,Overall,35,20,41,1.0,0.826757,0.335537,1041,17,
3,373,Overall,Overall,35,7,41,-1.5,-1.560743,0.601851,922,30,
3,374,Overall,Overall,35,24,41,1.5,1.186279,0.320924,1059,16,
3,375,Overall,Overall,35,6,41,-1.5,-2.009241,0.633379,900,32,
3,376,Overall,Overall,35,21,41,1.5,1.481221,0.339446,1074,17,
3,377,Overall,Overall,35,12,41,-1.0,-0.604723,0.41549,970,21,
3,378,Overall,Overall,35,7,41,-2.0,-1.816951,0.575144,909,29,
3,379,Overall,Overall,35,10,41,-1.0,-0.435373,0.410286,978,21,
3,380,Overall,Overall,35,14,41,0.0,-0.216775,0.402193,989,20,
3,381,Overall,Overall,35,15,41,0.5,0.595992,0.360435,1030,18,
3,382,Overall,Overall,35,17,41,1.5,0.969057,0.366104,1048,18,
3,383,Overall,Overall,35,6,41,-2.0,-1.895108,0.622548,905,31,
3,384,Overall,Overall,35,2,41,-2.0,-3.798527,1.119419,810,56,
3,385,Overall,Overall,35,7,41,-1.5,-1.165891,0.510915,942,26,
3,386,Overall,Overall,35,20,41,1.0,0.745518,0.379358,1037,19,
3,387,Overall,Overall,35,12,41,-1.0,-0.67025,0.452036,966,23,
3,388,Overall,Overall,35,4,41,-1.5,-2.586809,0.747434,871,37,
3,389,Overall,Overall,35,3,41,-1.5,-3.236945,0.986809,838,49,
3,390,Overall,Overall,35,25,41,2.0,1.651471,0.336385,1083,17,
3,391,Overall,Overall,35,18,41,0.0,0.718427,0.337478,1036,17,
3,392,Overall,Overall,35,11,41,0.0,-0.019747,0.382037,999,19,
3,393,Overall,Overall,35,21,41,1.0,1.181639,0.362853,1059,18,
3,394,Overall,Overall,35,15,41,0.5,0.253985,0.349185,1013,17,
3,395,Overall,Overall,35,24,41,2.0,1.870974,0.380002,1094,19,
3,396,Overall,Overall,35,14,41,0.5,0.449095,0.360192,1022,18,
3,397,Overall,Overall,35,24,41,0.5,0.814639,0.367117,1041,18,
3,398,Overall,Overall,35,10,41,-0.5,-0.928616,0.474469,954,24,
3,399,Overall,Overall,35,23,41,2.0,2.037714,0.331242,1102,17,
3,400,Overall,Overall,35,16,41,0.5,0.57924,0.345172,1029,17,
3,401,Overall,Overall,35,15,41,0.5,0.084114,0.399065,1004,20,
3,402,Overall,Overall,35,21,41,1.0,1.302487,0.356591,1065,18,
3,403,Overall,Overall,35,7,41,-0.5,-0.986298,0.512474,951,26,
3,404,Overall,Overall,35,17,41,0.5,0.53854,0.328851,1027,16,
3,405,Overall,Overall,35,6,41,-1.0,-1.784993,0.595337,911,30,
3,406,Overall,Overall,35,24,41,2.0,1.881084,0.342523,1094,17,
3,407,Overall,Overall,35,9,41,-1.5,-1.105935,0.479657,945,24,
3,408,Overall,Overall,35,10,41,0.0,0.023483,0.430533,1001,22,
3,409,Overall,Overall,35,27,41,2.0,1.842337,0.361657,1092,18,
3,410,Overall,Overall,35,19,41,0.5,0.660197,0.332781,1033,17,
3,411,Overall,Overall,35,18,41,1.0,0.878518,0.366217,1044,18,
3,412,Overall,Overall,35,25,41,1.5,1.406514,0.384958,1070,19,
3,413,Overall,Overall,35,17,41,0.5,0.523733,0.372968,1026,19,
3,414,Overall,Overall,35,6,41,-2.0,-1.735005,0.590645,913,30,
3,415,Overall,Overall,35,6,41,-2.0,-1.620662,0.586424,919,29,
3,416,Overall,Overall,35,15,41,0.5,0.527871,0.35294,1026,18,
3,417,Overall,Overall,35,22,41,1.5,1.773665,0.377924,1089,19,
3,418,Overall,Overall,35,12,41,-1.0,-0.218008,0.394409,989,20,
3,419,Overall,Overall,35,25,41,1.5,2.076017,0.359203,1104,18,
3,420,Overall,Overall,35,7,41,-1.0,-1.066624,0.49388,947,25,
3,421,Overall,Overall,35,6,41,-1.5,-1.929549,0.597637,904,30,
3,422,Overall,Overall,35,5,41,-1.5,-1.999737,0.63549,900,32,
3,423,Overall,Overall,35,5,41,-1.5,-2.370954,0.741197,881,37,
3,424,Overall,Overall,35,7,41,-2.0,-1.537805,0.538999,923,27,
3,425,Overall,Overall,35,8,41,-0.5,-0.618964,0.450707,969,23,
3,426,Overall,Overall,35,19,41,2.0,1.497391,0.350005,1075,18,
3,427,Overall,Overall,35,30,41,2.0,2.229925,0.369886,1111,18,
3,428,Overall,Overall,35,19,41,1.5,1.087741,0.36118,1054,18,
3,429,Overall,Overall,35,9,41,-0.5,-0.756892,0.456861,962,23,
3,430,Overall,Overall,35,5,41,-1.5,-2.257955,0.689087,887,34,
3,431,Overall,Overall,35,2,41,-2.0,-3.369681,1.016108,832,51,
3,432,Overall,Overall,35,16,41,0.5,0.413429,0.344349,1021,17,
3,433,Overall,Overall,35,16,41,0.5,0.477996,0.360075,1024,18,
3,434,Overall,Overall,35,30,41,2.0,2.667974,0.39137,1133,20,
3,435,Overall,Overall,35,12,41,0.0,-0.304368,0.394963,985,20,
3,436,Overall,Overall,35,7,41,-1.5,-1.121167,0.51095,944,26,
3,437,Overall,Overall,35,24,41,2.0,1.308874,0.353892,1065,18,
3,438,Overall,Overall,35,17,41,1.0,0.56311,0.348181,1028,17,
3,439,Overall,Overall,35,24,41,1.5,1.260034,0.34181,1063,17,
3,440,Overall,Overall,35,20,41,0.5,1.027976,0.368177,1051,18,
3,441,Overall,Overall,35,12,41,-0.5,-0.535458,0.456509,973,23,
3,442,Overall,Overall,35,8,41,-0.5,-0.788269,0.423455,961,21,
3,443,Overall,Overall,35,16,41,0.5,0.73545,0.351901,1037,18,
3,444,Overall,Overall,35,17,41,1.5,1.650095,0.364038,1083,18,
3,445,Overall,Overall,35,11,41,0.0,-0.252024,0.41931,987,21,
3,446,Overall,Overall,35,28,41,1.5,1.974878,0.352455,1099,18,
3,447,Overall,Overall,35,6,41,-1.5,-1.565461,0.558684,922,28,
3,448,Overall,Overall,35,27,41,2.0,1.973653,0.338904,1099,17,
3,449,Overall,Overall,35,23,41,2.0,2.30435,0.390101,1115,20,
3,450,Overall,Overall,35,20,41,2.0,1.495812,0.369172,1075,18,
3,451,Overall,Overall,35,20,41,1.0,1.244438,0.356085,1062,18,
3,452,Overall,Overall,35,14,41,0.0,0.248737,0.333204,1012,17,
3,453,Overall,Overall,35,11,41,-1.0,-0.567602,0.435041,972,22,
3,454,Overall,Overall,35,10,41,0.0,-0.186496,0.4291,991,21,
3,455,Overall,Overall,35,27,41,2.0,2.207711,0.362427,1110,18,
3,456,Overall,Overall,35,8,41,-1.0,-1.279597,0.542104,936,27,
3,457,Overall,Overall,35,15,41,0.5,0.369182,0.32718,1018,16,
3,458,Overall,Overall,35,9,41,-1.5,-1.216825,0.518819,939,26,
3,459,Overall,Overall,35,5,41,-2.0,-1.756964,0.614634,912,31,
3,460,Overall,Overall,35,10,41,-1.0,-0.860003,0.517655,957,26,
3,461,Overall,Overall,35,22,41,2.0,1.763733,0.344832,1088,17,
3,462,Overall,Overall,35,18,41,0.0,0.844952,0.320528,1042,16,
3,463,Overall,Overall,35,19,41,0.5,0.715127,0.352173,1036,18,
3,464,Overall,Overall,35,21,41,1.5,1.077975,0.351787,1054,18,
3,465,Overall,Overall,35,7,41,-1.0,-1.506588,0.564718,925,28,
3,466,Overall,Overall,35,26,41,0.5,1.58145,0.343705,1079,17,
3,467,Overall,Overall,35,5,41,-1.5,-2.170362,0.652409,891,33,
3,468,Overall,Overall,35,25,41,1.0,1.471117,0.342773,1074,17,
3,469,Overall,Overall,35,14,41,0.5,0.466509,0.365804,1023,18,
3,470,Overall,Overall,35,4,41,-1.5,-3.109545,0.883231,845,44,
3,471,Overall,Overall,35,13,41,0.5,0.290245,0.375736,1015,19,
3,472,Overall,Overall,35,8,41,-1.0,-1.335578,0.516807,933,26,
3,473,Overall,Overall,35,25,41,2.0,1.889145,0.368037,1094,18,
3,474,Overall,Overall,35,6,41,-2.0,-2.182488,0.681825,891,34,
3,475,Overall,Overall,35,8,41,-1.0,-1.202988,0.503273,940,25,
3,476,Overall,Overall,35,10,41,-0.5,-0.351866,0.406704,982,20,
3,477,Overall,Overall,35,19,41,0.0,0.405969,0.363665,1020,18,
3,478,Overall,Overall,35,22,41,1.0,1.325688,0.385168,1066,19,
3,479,Overall,Overall,35,14,41,0.5,0.638247,0.368414,1032,18,
3,480,Overall,Overall,35,21,41,2.0,1.397676,0.339906,1070,17,
3,481,Overall,Overall,35,8,41,-1.0,-1.30716,0.523412,935,26,
3,482,Overall,Overall,35,3,41,-1.5,-3.071295,0.850074,846,43,
3,483,Overall,Overall,35,23,41,1.0,1.335018,0.351219,1067,18,
3,484,Overall,Overall,35,19,41,1.5,0.967276,0.344529,1048,17,
3,485,Overall,Overall,35,24,41,2.0,2.219139,0.359957,1111,18,
3,486,Overall,Overall,35,6,41,-1.0,-0.759605,0.474298,962,24,
3,487,Overall,Overall,35,6,41,-0.5,-1.542903,0.538362,923,27,
3,488,Overall,Overall,35,8,41,-0.5,-0.46391,0.424491,977,21,
3,489,Overall,Overall,35,12,41,0.0,0.279628,0.40328,1014,20,
3,490,Overall,Overall,35,12,41,0.5,0.207501,0.414315,1010,21,
3,491,Overall,Overall,35,18,41,1.0,1.170411,0.371071,1059,19,
3,492,Overall,Overall,35,15,41,0.5,-0.113507,0.366491,994,18,
3,493,Overall,Overall,35,17,41,1.0,0.760287,0.349472,1038,17,
3,494,Overall,Overall,35,14,41,0.0,0.205372,0.389568,1010,19,
3,495,Overall,Overall,35,14,41,-0.5,0.065137,0.401765,1003,20,
3,496,Overall,Overall,35,28,41,2.0,2.504404,0.369262,1125,18,
3,497,Overall,Overall,35,7,41,-2.0,-1.631819,0.564547,918,28,
3,498,Overall,Overall,35,24,41,1.5,1.486275,0.342834,1074,17,
3,499,Overall,Overall,35,6,41,-1.5,-2.250864,0.718742,887,36,
3,500,Overall,Overall,35,18,41,1.0,0.763114,0.353848,1038,18,
3,501,Overall,Overall,35,20,41,1.5,1.153877,0.351483,1058,18,
3,502,Overall,Overall,35,9,41,-1.0,-0.999347,0.469226,950,23,
3,503,Overall,Overall,35,8,41,-1.0,-1.079677,0.534109,946,27,
3,504,Overall,Overall,35,4,41,-1.5,-2.529867,0.792755,874,40,
3,505,Overall,Overall,35,24,41,1.5,1.926251,0.357734,1096,18,
3,506,Overall,Overall,35,6,41,-1.5,-1.393127,0.571033,930,29,
3,507,Overall,Overall,35,7,41,-2.0,-1.285611,0.502508,936,25,
3,508,Overall,Overall,35,16,41,0.5,0.554678,0.356949,1028,18,
3,509,Overall,Overall,35,6,41,-1.5,-1.828463,0.590999,909,30,
3,510,Overall,Overall,35,23,41,1.0,1.24122,0.33722,1062,17,
3,511,Overall,Overall,35,22,41,1.0,1.476144,0.335734,1074,17,
3,512,Overall,Overall,35,17,41,0.5,0.564185,0.380202,1028,19,
3,513,Overall,Overall,35,15,41,0.0,0.42529,0.385355,1021,19,
3,514,Overall,Overall,35,14,41,0.0,-0.159201,0.364589,992,18,
3,515,Overall,Overall,35,22,41,1.5,2.082831,0.352025,1104,18,
3,516,Overall,Overall,35,16,41,0.5,0.430441,0.351655,1022,18,
3,517,Overall,Overall,35,7,41,-2.0,-1.270944,0.523007,936,26,
3,518,Overall,Overall,35,27,41,2.0,2.578702,0.36992,1129,18,
3,519,Overall,Overall,35,11,41,0.0,-0.422485,0.423569,979,21,
3,520,Overall,Overall,35,12,41,-0.5,0.036515,0.375856,1002,19,
3,521,Overall,Overall,35,10,41,-1.0,-0.696967,0.430231,965,22,
3,522,Overall,Overall,35,31,41,2.0,2.453431,0.367051,1123,18,
3,523,Overall,Overall,35,10,41,-0.5,-0.13582,0.417009,993,21,
3,524,Overall,Overall,35,28,41,2.0,2.018924,0.360837,1101,18,
3,525,Overall,Overall,35,15,41,0.0,0.338956,0.370406,1017,19,
3,526,Overall,Overall,35,8,41,-1.5,-1.200865,0.530376,940,27,
3,527,Overall,Overall,35,17,41,0.5,0.582035,0.334372,1029,17,
3,528,Overall,Overall,35,8,41,-1.0,-0.994268,0.477491,950,24,
3,529,Overall,Overall,35,7,41,-1.0,-1.553354,0.551147,922,28,
3,530,Overall,Overall,35,14,41,-0.5,-0.022502,0.382284,999,19,
3,531,Overall,Overall,35,5,41,-2.0,-1.943737,0.668697,903,33,
3,532,Overall,Overall,35,26,41,1.0,1.750048,0.376019,1088,19,
3,533,Overall,Overall,35,27,41,1.5,1.913527,0.372027,1096,19,
3,534,Overall,Overall,35,13,41,0.0,0.262053,0.371046,1013,19,
3,535,Overall,Overall,35,23,41,2.0,2.10627,0.358429,1105,18,
3,536,Overall,Overall,35,8,41,-1.0,-1.541214,0.545985,923,27,
3,537,Overall,Overall,35,7,41,-1.5,-1.284582,0.496733,936,25,
3,538,Overall,Overall,35,19,41,1.0,0.888051,0.340397,1044,17,
3,539,Overall,Overall,35,23,41,2.0,1.923177,0.348797,1096,17,
3,540,Overall,Overall,35,4,41,-2.0,-2.642804,0.783521,868,39,
3,541,Overall,Overall,35,7,41,-2.0,-1.416336,0.550504,929,28,
3,542,Overall,Overall,35,21,41,1.0,0.960535,0.320875,1048,16,
3,543,Overall,Overall,35,10,41,-0.5,-0.498964,0.435095,975,22,
3,544,Overall,Overall,35,12,41,0.0,-0.055525,0.395905,997,20,
3,545,Overall,Overall,35,19,41,1.5,1.485785,0.356387,1074,18,
3,546,Overall,Overall,35,20,41,0.5,0.762847,0.352162,1038,18,
3,547,Overall,Overall,35,28,41,1.0,1.767412,0.335625,1088,17,
3,548,Overall,Overall,35,14,41,0.0,0.224364,0.393436,1011,20,
3,549,Overall,Overall,35,8,41,-0.5,-1.336866,0.521148,933,26,
3,550,Overall,Overall,35,6,41,-1.0,-1.455078,0.603199,927,30,
3,551,Overall,Overall,35,9,41,-1.5,-1.107437,0.482983,945,24,
3,552,Overall,Overall,35,25,41,1.5,1.753083,0.329216,1088,16,
3,553,Overall,Overall,35,20,41,0.0,0.535642,0.389024,1027,19,
3,554,Overall,Overall,35,1,41,-2.0,-3.767518,1.094771,812,55,
3,555,Overall,Overall,35,15,41,0.0,0.406211,0.373011,1020,19,
3,556,Overall,Overall,35,14,41,0.0,0.307848,0.376041,1015,19,
3,557,Overall,Overall,35,11,41,0.0,-0.144468,0.372157,993,19,
3,558,Overall,Overall,35,6,41,-2.0,-1.862003,0.642029,907,32,
3,559,Overall,Overall,35,13,41,1.0,0.314383,0.377803,1016,19,
3,560,Overall,Overall,35,16,41,0.0,0.475916,0.387016,1024,19,
3,561,Overall,Overall,35,22,41,2.0,1.585774,0.366277,1079,18,
3,562,Overall,Overall,35,12,41,-0.5,-0.07533,0.375046,996,19,
3,563,Overall,Overall,35,15,41,0.5,0.34737,0.360301,1017,18,
3,564,Overall,Overall,35,23,41,1.5,2.001953,0.367952,1100,18,
3,565,Overall,Overall,35,2,41,-2.0,-3.566079,1.069923,822,53,
3,566,Overall,Overall,35,12,41,0.0,-0.177474,0.429629,991,21,
3,567,Overall,Overall,35,9,41,0.0,-0.821669,0.432117,959,22,
3,568,Overall,Overall,35,28,41,1.5,2.010735,0.353902,1101,18,
3,569,Overall,Overall,35,4,41,-2.0,-2.007792,0.713565,900,36,
3,570,Overall,Overall,35,5,41,-2.0,-2.357678,0.682343,882,34,
3,571,Overall,Overall,35,23,41,2.0,1.292402,0.330656,1065,17,
3,572,Overall,Overall,35,22,41,1.5,1.870291,0.34375,1094,17,
3,573,Overall,Overall,35,10,41,-1.0,-0.88983,0.464994,956,23,
3,574,Overall,Overall,35,8,41,-1.5,-0.673262,0.440524,966,22,
3,575,Overall,Overall,35,6,41,-1.5,-1.777355,0.64867,911,32,
3,576,Overall,Overall,35,9,41,-0.5,-0.300918,0.411063,985,21,
3,577,Overall,Overall,35,14,41,0.0,-0.037226,0.390505,998,20,
3,578,Overall,Overall,35,7,41,-1.0,-1.182492,0.549478,941,27,
3,579,Overall,Overall,35,22,41,2.0,1.957919,0.344671,1098,17,
3,580,Overall,Overall,35,17,41,0.5,0.535615,0.36807,1027,18,
3,581,Overall,Overall,35,7,41,-2.0,-1.793929,0.597367,910,30,
3,582,Overall,Overall,35,25,41,1.5,1.910231,0.329166,1096,16,
3,583,Overall,Overall,35,13,41,0.0,0.414319,0.395193,1021,20,
3,584,Overall,Overall,35,18,41,1.0,0.758017,0.329838,1038,16,
3,585,Overall,Overall,35,8,41,-0.5,-0.756414,0.487726,962,24,
3,586,Overall,Overall,35,4,41,-2.0,-2.870737,0.904974,856,45,
3,587,Overall,Overall,35,7,41,-1.5,-1.278245,0.494193,936,25,
3,588,Overall,Overall,35,16,41,0.0,0.668763,0.336481,1033,17,
3,589,Overall,Overall,35,17,41,1.0,1.169023,0.380306,1058,19,
3,590,Overall,Overall,35,16,41,0.5,0.524931,0.387566,1026,19,
3,591,Overall,Overall,35,17,41,0.5,0.642511,0.353296,1032,18,
3,592,Overall,Overall,35,8,41,-1.5,-0.913756,0.450487,954,23,
3,593,Overall,Overall,35,18,41,1.0,0.603978,0.372199,1030,19,
3,594,Overall,Overall,35,6,41,-1.5,-2.040937,0.647766,898,32,
3,595,Overall,Overall,35,14,41,0.0,0.095706,0.376316,1005,19,
3,596,Overall,Overall,35,17,41,1.0,1.038288,0.351967,1052,18,
3,597,Overall,Overall,35,4,41,-1.5,-1.780465,0.617165,911,31,
3,598,Overall,Overall,35,28,41,2.0,2.415351,0.364353,1121,18,
3,599,Overall,Overall,35,11,41,0.5,-0.083289,0.433893,996,22,
3,600,Overall,Overall,35,12,41,0.0,-0.433024,0.431679,978,22,
3,601,Overall,Overall,35,8,41,-0.5,-0.87522,0.454843,956,23,
3,602,Overall,Overall,35,11,41,-1.5,-0.651619,0.456285,967,23,
3,603,Overall,Overall,35,6,41,-1.0,-1.512974,0.588302,924,29,
3,604,Overall,Overall,35,21,41,1.5,1.157836,0.334393,1058,17,
3,605,Overall,Overall,35,12,41,-0.5,-0.10322,0.415711,995,21,
3,606,Overall,Overall,35,23,41,2.0,1.754523,0.336797,1088,17,
3,607,Overall,Overall,35,15,41,0.0,0.344899,0.343779,1017,17,
3,608,Overall,Overall,35,4,41,-2.0,-2.795378,0.779126,860,39,
3,609,Overall,Overall,35,29,41,2.0,2.743392,0.383398,1137,19,
3,610,Overall,Overall,35,24,41,1.5,1.733648,0.370036,1087,19,
3,611,Overall,Overall,35,22,41,1.5,1.490646,0.375293,1075,19,
3,612,Overall,Overall,35,4,41,-2.0,-2.574285,0.780902,871,39,
3,613,Overall,Overall,35,22,41,1.0,1.392055,0.349144,1070,17,
3,614,Overall,Overall,35,18,41,1.0,1.046321,0.321622,1052,16,
3,615,Overall,Overall,35,14,41,0.0,-0.124651,0.42096,994,21,
3,616,Overall,Overall,35,7,41,-1.5,-1.418508,0.547043,929,27,
3,617,Overall,Overall,35,8,41,-0.5,-0.710792,0.439956,964,22,
3,618,Overall,Overall,35,3,41,-2.0,-2.789343,0.874616,861,44,
3,619,Overall,Overall,35,22,41,1.0,1.097445,0.346007,1055,17,
3,620,Overall,Overall,35,21,41,1.5,1.294675,0.351905,1065,18,
3,621,Overall,Overall,35,11,41,0.0,-0.406289,0.421123,980,21,
3,622,Overall,Overall,35,21,41,1.0,1.06706,0.343799,1053,17,
3,623,Overall,Overall,35,20,41,2.0,1.806948,0.352181,1090,18,
3,624,Overall,Overall,35,20,41,1.0,1.087103,0.333026,1054,17,
3,625,Overall,Overall,35,21,41,1.0,1.41005,0.375926,1071,19,
3,626,Overall,Overall,35,29,41,2.0,2.52116,0.364813,1126,18,
3,627,Overall,Overall,35,6,41,-1.0,-1.548923,0.567056,923,28,
3,628,Overall,Overall,35,16,41,1.0,0.766346,0.339456,1038,17,
3,629,Overall,Overall,35,21,41,1.0,1.465097,0.366764,1073,18,
3,630,Overall,Overall,35,21,41,1.0,1.314841,0.374524,1066,19,
3,631,Overall,Overall,35,8,41,-1.0,-1.174956,0.556795,941,28,
3,632,Overall,Overall,35,23,41,2.0,1.465261,0.333514,1073,17,
3,633,Overall,Overall,35,7,41,-0.5,-1.006635,0.516055,950,26,
3,634,Overall,Overall,35,5,41,-1.5,-2.203718,0.676068,890,34,
3,635,Overall,Overall,35,7,41,-1.5,-1.491275,0.58838,925,29,
3,636,Overall,Overall,35,17,41,1.0,0.929443,0.322959,1046,16,
3,637,Overall,Overall,35,23,41,2.0,2.030917,0.358091,1102,18,
3,638,Overall,Overall,35,26,41,2.0,1.863406,0.373222,1093,19,
3,639,Overall,Overall,35,11,41,0.0,-0.288507,0.412961,986,21,
3,640,Overall,Overall,35,12,41,-0.5,-0.38442,0.412729,981,21,
3,641,Overall,Overall,35,5,41,-2.0,-2.141292,0.673737,893,34,
3,642,Overall,Overall,35,14,41,0.0,0.273095,0.342882,1014,17,
3,643,Overall,Overall,35,11,41,-1.0,-0.803426,0.466223,960,23,
3,644,Overall,Overall,35,21,41,2.0,1.841966,0.348691,1092,17,
3,645,Overall,Overall,35,8,41,-2.0,-1.456948,0.566541,927,28,
3,646,Overall,Overall,35,8,41,-1.5,-0.853981,0.435913,957,22,
3,647,Overall,Overall,35,8,41,-1.0,-0.792786,0.447341,960,22,
3,648,Overall,Overall,35,23,41,2.0,1.917049,0.381822,1096,19,
3,649,Overall,Overall,35,9,41,-0.5,-0.341683,0.423823,983,21,
3,650,Overall,Overall,35,17,41,1.5,0.911203,0.355663,1046,18,
3,651,Overall,Overall,35,4,41,-2.0,-2.308222,0.682448,885,34,
3,652,Overall,Overall,35,22,41,1.5,1.3187,0.33594,1066,17,
3,653,Overall,Overall,35,10,41,-0.5,-0.106638,0.408558,995,20,
3,654,Overall,Overall,35,13,41,0.0,-0.367597,0.410298,982,21,
3,655,Overall,Overall,35,13,41,0.0,0.185684,0.387547,1009,19,
3,656,Overall,Overall,35,22,41,1.0,1.367718,0.340934,1068,17,
3,657,Overall,Overall,35,13,41,0.5,0.306364,0.363845,1015,18,
3,658,Overall,Overall,35,9,41,-0.5,-0.683385,0.460684,966,23,
3,659,Overall,Overall,35,15,41,0.5,0.521437,0.390274,1026,20,
3,660,Overall,Overall,35,3,41,-1.5,-3.049335,0.906946,848,45,
3,661,Overall,Overall,35,23,41,1.5,1.16321,0.355505,1058,18,
3,662,Overall,Overall,35,7,41,-2.0,-1.415388,0.528042,929,26,
3,663,Overall,Overall,35,18,41,1.0,0.57298,0.353808,1029,18,
3,664,Overall,Overall,35,13,41,0.5,-0.073917,0.406329,996,20,
3,665,Overall,Overall,35,22,41,1.5,1.000678,0.335842,1050,17,
3,666,Overall,Overall,35,18,41,1.5,1.046264,0.355217,1052,18,
3,667,Overall,Overall,35,18,41,0.5,0.554367,0.369156,1028,18,
3,668,Overall,Overall,35,31,41,2.0,2.852076,0.39438,1143,20,
3,669,Overall,Overall,35,12,41,0.0,0.196024,0.38942,1010,19,
3,670,Overall,Overall,35,7,41,-2.0,-1.581676,0.565764,921,28,
3,671,Overall,Overall,35,6,41,-2.0,-1.427487,0.538965,929,27,
3,672,Overall,Overall,35,10,41,-0.5,-0.574179,0.471101,971,24,
3,673,Overall,Overall,35,18,41,1.5,1.19496,0.365591,1060,18,
3,674,Overall,Overall,35,8,41,-1.0,-1.231047,0.51569,938,26,
3,675,Overall,Overall,35,27,41,1.5,2.620792,0.388224,1131,19,
3,676,Overall,Overall,35,16,41,1.0,0.528143,0.358008,1026,18,
3,677,Overall,Overall,35,13,41,1.0,0.408088,0.354184,1020,18,
3,678,Overall,Overall,35,27,41,1.5,2.223403,0.380953,1111,19,
3,679,Overall,Overall,35,12,41,0.5,-0.014118,0.389721,999,19,
3,680,Overall,Overall,35,7,41,-2.0,-1.413818,0.564539,929,28,
3,681,Overall,Overall,35,6,41,-1.5,-1.731767,0.609086,913,30,
3,682,Overall,Overall,35,22,41,1.0,1.133753,0.336416,1057,17,
3,683,Overall,Overall,35,22,41,1.5,1.588499,0.357143,1079,18,
3,684,Overall,Overall,35,7,41,-2.0,-1.992069,0.608195,900,30,
3,685,Overall,Overall,35,8,41,-1.0,-1.125723,0.531469,944,27,
3,686,Overall,Overall,35,17,41,1.0,0.635343,0.337002,1032,17,
3,687,Overall,Overall,35,15,41,0.5,0.551891,0.343855,1028,17,
3,688,Overall,Overall,35,21,41,1.0,1.3351,0.355111,1067,18,
3,689,Overall,Overall,35,5,41,-1.5,-1.691708,0.596514,915,30,
3,690,Overall,Overall,35,16,41,0.0,0.416415,0.377586,1021,19,
3,691,Overall,Overall,35,14,41,0.0,-0.005178,0.369435,1000,18,
3,692,Overall,Overall,35,14,41,0.0,0.64214,0.374077,1032,19,
3,693,Overall,Overall,35,6,41,-2.0,-1.486471,0.565218,926,28,
3,694,Overall,Overall,35,8,41,-1.0,-1.062284,0.528384,947,26,
3,695,Overall,Overall,35,3,41,-2.0,-3.288502,0.979829,836,49,
3,696,Overall,Overall,35,4,41,-2.0,-1.953716,0.641473,902,32,
3,697,Overall,Overall,35,3,41,-2.0,-2.416803,0.770395,879,39,
3,698,Overall,Overall,35,26,41,2.0,2.342367,0.371034,1117,19,
3,699,Overall,Overall,35,13,41,0.5,-0.035415,0.361977,998,18,
3,700,Overall,Overall,35,26,41,1.5,1.501889,0.349327,1075,17,
3,701,Overall,Overall,35,20,41,1.5,1.394063,0.345351,1070,17,
3,702,Overall,Overall,35,7,41,-1.0,-1.749413,0.601286,913,30,
3,703,Overall,Overall,35,7,41,-2.0,-1.321395,0.530686,934,27,
3,704,Overall,Overall,35,14,41,0.0,-0.203283,0.417,990,21,
3,705,Overall,Overall,35,17,41,1.0,0.955153,0.359657,1048,18,
3,706,Overall,Overall,35,15,41,0.5,0.642341,0.347977,1032,17,
3,707,Overall,Overall,35,6,41,-1.0,-1.519255,0.557849,924,28,
3,708,Overall,Overall,35,2,41,-1.5,-3.679049,1.055867,816,53,
3,709,Overall,Overall,35,10,41,-0.5,-0.054768,0.447012,997,22,
3,710,Overall,Overall,35,22,41,1.0,1.435448,0.334687,1072,17,
3,711,Overall,Overall,35,24,41,1.5,1.483652,0.343211,1074,17,
3,712,Overall,Overall,35,23,41,2.0,2.159438,0.377375,1108,19,
3,713,Overall,Overall,35,10,41,-0.5,-0.368486,0.398691,982,20,
3,714,Overall,Overall,35,18,41,1.0,0.687748,0.377259,1034,19,
3,715,Overall,Overall,35,22,41,2.0,1.816317,0.374499,1091,19,
3,716,Overall,Overall,35,24,41,1.5,1.424286,0.318834,1071,16,
3,717,Overall,Overall,35,13,41,0.0,-0.272076,0.415134,986,21,
3,718,Overall,Overall,35,22,41,1.5,1.559749,0.342682,1078,17,
3,719,Overall,Overall,35,13,41,0.0,-0.178607,0.379752,991,19,
3,720,Overall,Overall,35,9,41,-1.5,-0.96144,0.481216,952,24,
3,721,Overall,Overall,35,5,41,-2.0,-1.940704,0.655764,903,33,
3,722,Overall,Overall,35,6,41,-2.0,-1.751469,0.584525,912,29,
3,723,Overall,Overall,35,6,41,-1.0,-1.110537,0.537424,944,27,
3,724,Overall,Overall,35,10,41,-0.5,-0.573061,0.442047,971,22,
3,725,Overall,Overall,35,13,41,0.0,-0.005118,0.40063,1000,20,
3,726,Overall,Overall,35,17,41,0.5,0.125103,0.374052,1006,19,
3,727,Overall,Overall,35,8,41,-0.5,-1.008899,0.49887,950,25,
3,728,Overall,Overall,35,10,41,-1.0,-0.634674,0.45649,968,23,
3,729,Overall,Overall,35,2,41,-2.0,-3.572543,1.053274,821,53,
3,730,Overall,Overall,35,8,41,-0.5,-0.928581,0.464397,954,23,
3,731,Overall,Overall,35,6,41,-2.0,-1.650342,0.613335,917,31,
3,732,Overall,Overall,35,16,41,0.0,0.442785,0.345969,1022,17,
3,733,Overall,Overall,35,24,41,1.0,1.263881,0.373666,1063,19,
3,734,Overall,Overall,35,7,41,-2.0,-1.422088,0.524952,929,26,
3,735,Overall,Overall,35,13,41,0.5,0.494546,0.384574,1025,19,
3,736,Overall,Overall,35,7,41,-1.0,-1.125289,0.576872,944,29,
3,737,Overall,Overall,35,20,41,0.5,0.987438,0.332824,1049,17,
3,738,Overall,Overall,35,16,41,0.5,0.349641,0.349574,1017,17,
3,739,Overall,Overall,35,17,41,1.5,1.390852,0.36297,1070,18,
3,740,Overall,Overall,35,9,41,-0.5,-0.729252,0.477014,964,24,
3,741,Overall,Overall,35,6,41,-1.0,-1.912492,0.660068,904,33,
3,742,Overall,Overall,35,22,41,1.5,1.644084,0.344747,1082,17,
3,743,Overall,Overall,35,6,41,-2.0,-1.764367,0.58823,912,29,
3,744,Overall,Overall,35,9,41,-0.5,-0.427412,0.422922,979,21,
3,745,Overall,Overall,35,6,41,-1.0,-1.894438,0.625863,905,31,
3,746,Overall,Overall,35,20,41,1.5,1.042329,0.360834,1052,18,
3,747,Overall,Overall,35,8,41,-1.0,-0.557439,0.415488,972,21,
3,748,Overall,Overall,35,5,41,-1.5,-2.298162,0.729627,885,36,
3,749,Overall,Overall,35,11,41,-1.0,-0.841175,0.431546,958,22,
3,750,Overall,Overall,35,21,41,1.5,1.276161,0.340592,1064,17,
3,751,Overall,Overall,35,14,41,0.0,-0.054859,0.389541,997,19,
3,752,Overall,Overall,35,8,41,-1.5,-1.222614,0.531398,939,27,
3,753,Overall,Overall,35,7,41,-2.0,-1.462379,0.589022,927,29,
3,754,Overall,Overall,35,17,41,0.5,0.349002,0.325677,1017,16,
3,755,Overall,Overall,35,21,41,2.0,1.432973,0.333001,1072,17,
3,756,Overall,Overall,35,7,41,-1.0,-1.146748,0.526756,943,26,
3,757,Overall,Overall,35,18,41,1.5,1.373512,0.358448,1069,18,
3,758,Overall,Overall,35,12,41,0.5,0.016293,0.416348,1001,21,
3,759,Overall,Overall,35,9,41,-1.5,-1.298755,0.494639,935,25,
3,760,Overall,Overall,35,6,41,-1.5,-1.569076,0.59256,922,30,
3,761,Overall,Overall,35,19,41,0.5,0.491236,0.353999,1025,18,
3,762,Overall,Overall,35,20,41,1.0,1.004177,0.382184,1050,19,
3,763,Overall,Overall,35,9,41,-0.5,-0.759318,0.467115,962,23,
3,764,Overall,Overall,35,24,41,2.0,2.012817,0.344186,1101,17,
3,765,Overall,Overall,35,28,41,2.0,2.224578,0.35981,1111,18,
3,766,Overall,Overall,35,11,41,-0.5,-0.513089,0.429701,974,21,
3,767,Overall,Overall,35,15,41,1.0,0.402467,0.41501,1020,21,
3,768,Overall,Overall,35,10,41,0.0,-0.437159,0.417954,978,21,
3,769,Overall,Overall,35,15,41,0.5,0.027767,0.361855,1001,18,
3,770,Overall,Overall,35,10,41,-0.5,-0.336346,0.41036,983,21,
3,771,Overall,Overall,35,15,41,0.5,0.338,0.368814,1017,18,
3,772,Overall,Overall,35,21,41,1.5,1.978054,0.367586,1099,18,
3,773,Overall,Overall,35,26,41,2.0,1.925524,0.377204,1096,19,
3,774,Overall,Overall,35,10,41,0.0,-0.328042,0.421915,984,21,
3,775,Overall,Overall,35,15,41,0.5,0.221782,0.377236,1011,19,
3,776,Overall,Overall,35,7,41,-0.5,-1.222564,0.572218,939,29,
3,777,Overall,Overall,35,22,41,2.0,1.830537,0.358326,1092,18,
3,778,Overall,Overall,35,17,41,1.5,1.38682,0.376673,1069,19,
3,779,Overall,Overall,35,19,41,1.0,0.87916,0.337729,1044,17,
3,780,Overall,Overall,35,13,41,-0.5,-0.126808,0.393156,994,20,
3,781,Overall,Overall,35,20,41,1.0,0.966875,0.365401,1048,18,
3,782,Overall,Overall,35,2,41,-2.0,-3.80488,1.132141,810,57,
3,783,Overall,Overall,35,7,41,-1.0,-0.935941,0.463131,953,23,
3,784,Overall,Overall,35,22,41,2.0,1.917681,0.354838,1096,18,
3,785,Overall,Overall,35,10,41,-1.0,-0.817071,0.46027,959,23,
3,786,Overall,Overall,35,5,41,-2.0,-2.176088,0.694743,891,35,
3,787,Overall,Overall,35,5,41,-2.0,-2.355394,0.692465,882,35,
3,788,Overall,Overall,35,11,41,-1.0,-0.519739,0.420869,974,21,
3,789,Overall,Overall,35,9,41,0.5,-0.624436,0.454559,969,23,
3,790,Overall,Overall,35,12,41,-0.5,-0.04575,0.384273,998,19,
3,791,Overall,Overall,35,13,41,0.0,0.216884,0.423224,1011,21,
3,792,Overall,Overall,35,11,41,-1.0,-0.363657,0.419261,982,21,
3,793,Overall,Overall,35,6,41,-2.0,-1.737564,0.608907,913,30,
3,794,Overall,Overall,35,9,41,0.0,-0.791867,0.440336,960,22,
3,795,Overall,Overall,35,16,41,1.0,0.389516,0.388339,1019,19,
3,796,Overall,Overall,35,6,41,-2.0,-1.985215,0.661811,901,33,
3,797,Overall,Overall,35,8,41,-1.0,-1.295836,0.540915,935,27,
3,798,Overall,Overall,35,12,41,-0.5,-0.12906,0.356339,994,18,
3,799,Overall,Overall,35,18,41,1.0,1.161649,0.352967,1058,18,
3,800,Overall,Overall,35,23,41,2.0,1.962118,0.372914,1098,19,
3,801,Overall,Overall,35,6,41,-1.5,-1.94618,0.62397,903,31,
3,802,Overall,Overall,35,15,41,0.5,0.57342,0.378927,1029,19,
3,803,Overall,Overall,35,5,41,-1.5,-2.170728,0.685581,891,34,
3,804,Overall,Overall,35,7,41,-2.0,-1.742525,0.587188,913,29,
3,805,Overall,Overall,35,8,41,-1.5,-1.287833,0.521593,936,26,
3,806,Overall,Overall,35,11,41,-1.0,-0.193125,0.419176,990,21,
3,807,Overall,Overall,35,24,41,1.5,2.348565,0.365148,1117,18,
3,808,Overall,Overall,35,0,41,-2.0,-5.0,1.666969,750,83,
3,809,Overall,Overall,35,6,41,-2.0,-2.340892,0.704436,883,35,
3,810,Overall,Overall,35,14,41,0.0,0.003244,0.387554,1000,19,
3,811,Overall,Overall,35,17,41,2.0,1.513816,0.350339,1076,18,
3,812,Overall,Overall,35,26,41,2.0,2.195481,0.359906,1110,18,
3,813,Overall,Overall,35,23,41,1.5,1.643847,0.362927,1082,18,
3,814,Overall,Overall,35,10,41,0.0,-0.456886,0.417479,977,21,
3,815,Overall,Overall,35,9,41,0.0,-0.676187,0.485009,966,24,
3,816,Overall,Overall,35,17,41,1.0,0.733996,0.348903,1037,17,
3,817,Overall,Overall,35,21,41,2.0,1.718668,0.341276,1086,17,
3,818,Overall,Overall,35,16,41,0.0,0.474049,0.361353,1024,18,
3,819,Overall,Overall,35,28,41,2.0,2.64452,0.392149,1132,20,
3,820,Overall,Overall,35,10,41,0.5,0.193254,0.396697,1010,20,
3,821,Overall,Overall,35,11,41,-0.5,-0.505995,0.399007,975,20,
3,822,Overall,Overall,35,14,41,0.5,0.067219,0.373488,1003,19,
3,823,Overall,Overall,35,16,41,1.0,0.754783,0.39154,1038,20,
3,824,Overall,Overall,35,14,41,-0.5,0.551533,0.361176,1028,18,
3,825,Overall,Overall,35,9,41,-0.5,-0.692418,0.482156,965,24,
3,826,Overall,Overall,35,19,41,1.0,1.015634,0.315718,1051,16,
3,827,Overall,Overall,35,11,41,0.0,-0.293346,0.433219,985,22,
3,828,Overall,Overall,35,3,41,-2.0,-2.748324,0.798431,863,40,
3,829,Overall,Overall,35,6,41,-1.0,-0.82441,0.482699,959,24,
3,830,Overall,Overall,35,7,41,-1.5,-1.109039,0.503539,945,25,
3,831,Overall,Overall,35,6,41,-1.5,-1.940544,0.63927,903,32,
3,832,Overall,Overall,35,13,41,-0.5,-0.260877,0.41034,987,21,
3,833,Overall,Overall,35,27,41,2.0,2.047048,0.358429,1102,18,
3,834,Overall,Overall,35,17,41,0.0,0.210314,0.378369,1011,19,
3,835,Overall,Overall,35,20,41,1.0,0.957431,0.34792,1048,17,
3,836,Overall,Overall,35,6,41,-1.5,-1.774522,0.608036,911,30,
3,837,Overall,Overall,35,24,41,1.5,1.405833,0.352477,1070,18,
3,838,Overall,Overall,35,5,41,-2.0,-1.942822,0.660798,903,33,
3,839,Overall,Overall,35,7,41,-1.5,-1.214201,0.534011,939,27,
3,840,Overall,Overall,35,16,41,0.5,0.567241,0.33998,1028,17,
3,841,Overall,Overall,35,4,41,-1.5,-2.24888,0.687442,888,34,
3,842,Overall,Overall,35,5,41,-1.5,-1.843401,0.621468,908,31,
3,843,Overall,Overall,35,9,41,0.0,-0.297815,0.43715,985,22,
3,844,Overall,Overall,35,25,41,2.0,1.791466,0.353017,1090,18,
3,845,Overall,Overall,35,16,41,1.0,0.785977,0.387718,1039,19,
3,846,Overall,Overall,35,13,41,1.0,0.86356,0.336263,1043,17,
3,847,Overall,Overall,35,5,41,-1.5,-2.615132,0.77707,869,39,
3,848,Overall,Overall,35,26,41,2.0,2.180142,0.370088,1109,19,
3,849,Overall,Overall,35,22,41,1.0,1.259542,0.34733,1063,17,
3,850,Overall,Overall,35,11,41,-0.5,-0.077808,0.403334,996,20,
3,851,Overall,Overall,35,27,41,2.0,2.396963,0.354821,1120,18,
3,852,Overall,Overall,35,13,41,0.0,0.185951,0.349173,1009,17,
3,853,Overall,Overall,35,12,41,-0.5,-0.091174,0.401389,995,20,
3,854,Overall,Overall,35,15,41,0.5,0.361655,0.36719,1018,18,
3,855,Overall,Overall,35,7,41,-2.0,-1.556988,0.561648,922,28,
3,856,Overall,Overall,35,12,41,-0.5,-0.099809,0.366103,995,18,
3,857,Overall,Overall,35,5,41,-1.5,-2.255496,0.671386,887,34,
3,858,Overall,Overall,35,4,41,-1.5,-2.491095,0.810663,875,41,
3,859,Overall,Overall,35,6,41,-1.5,-1.314942,0.53118,934,27,
3,860,Overall,Overall,35,10,41,-1.0,-0.57325,0.415853,971,21,
3,861,Overall,Overall,35,22,41,1.0,1.140397,0.34548,1057,17,
3,862,Overall,Overall,35,6,41,-1.5,-2.181534,0.641173,891,32,
3,863,Overall,Overall,35,8,41,-1.5,-1.041144,0.482207,948,24,
3,864,Overall,Overall,35,5,41,-1.5,-1.809064,0.653933,910,33,
3,865,Overall,Overall,35,28,41,1.5,2.045136,0.366774,1102,18,
3,866,Overall,Overall,35,20,41,1.5,1.01919,0.340186,1051,17,
3,867,Overall,Overall,35,21,41,1.5,1.805679,0.34281,1090,17,
3,868,Overall,Overall,35,21,41,1.0,1.217517,0.369899,1061,18,
3,869,Overall,Overall,35,20,41,1.5,1.74491,0.358771,1087,18,
3,870,Overall,Overall,35,13,41,0.0,-0.073947,0.370257,996,19,
3,871,Overall,Overall,35,3,41,-2.0,-2.941662,0.85823,853,43,
3,872,Overall,Overall,35,17,41,0.5,0.729578,0.328114,1036,16,
3,873,Overall,Overall,35,17,41,0.0,0.430422,0.359414,1022,18,
3,874,Overall,Overall,35,12,41,-1.0,-0.198926,0.426131,990,21,
3,875,Overall,Overall,35,8,41,-1.5,-1.460781,0.586751,927,29,
3,876,Overall,Overall,35,7,41,-1.0,-0.869503,0.452245,957,23,
3,877,Overall,Overall,35,13,41,-0.5,-0.446752,0.413913,978,21,
3,878,Overall,Overall,35,8,41,-0.5,-1.166884,0.530251,942,27,
3,879,Overall,Overall,35,18,41,1.0,0.907365,0.333203,1045,17,
3,880,Overall,Overall,35,17,41,0.5,0.378432,0.37107,1019,19,
3,881,Overall,Overall,35,20,41,1.5,1.060341,0.319294,1053,16,
3,882,Overall,Overall,35,5,41,-1.5,-1.374953,0.599186,931,30,
3,883,Overall,Overall,35,25,41,2.0,2.051344,0.362707,1103,18,
3,884,Overall,Overall,35,16,41,1.5,0.959631,0.359154,1048,18,
3,885,Overall,Overall,35,12,41,-0.5,-0.228163,0.387902,989,19,
3,886,Overall,Overall,35,10,41,-0.5,-0.686631,0.417878,966,21,
3,887,Overall,Overall,35,2,41,-2.0,-3.480736,1.040636,826,52,
3,888,Overall,Overall,35,22,41,1.0,1.546965,0.33407,1077,17,
3,889,Overall,Overall,35,6,41,-2.0,-1.423883,0.574658,929,29,
3,890,Overall,Overall,35,2,41,-2.0,-3.132925,0.920606,843,46,
3,891,Overall,Overall,35,19,41,1.0,0.823308,0.318568,1041,16,
3,892,Overall,Overall,35,18,41,1.0,1.185931,0.364131,1059,18,
3,893,Overall,Overall,35,3,41,-2.0,-2.704275,0.7786,865,39,
3,894,Overall,Overall,35,8,41,-1.5,-1.393055,0.55538,930,28,
3,895,Overall,Overall,35,5,41,-1.0,-1.948642,0.68025,903,34,
3,896,Overall,Overall,35,10,41,0.0,-0.686985,0.40695,966,20,
3,897,Overall,Overall,35,10,41,-0.5,-0.99096,0.530287,950,27,
3,898,Overall,Overall,35,8,41,-1.5,-1.553122,0.561598,922,28,
3,899,Overall,Overall,35,26,41,1.5,1.692655,0.365984,1085,18,
3,900,Overall,Overall,35,9,41,-1.5,-1.078607,0.518925,946,26,
4,1,Overall,Overall,35,24,41,1.0,1.296968,0.305512,1065,15,
4,2,Overall,Overall,35,7,41,-2.0,-1.617919,0.557785,919,28,
4,3,Overall,Overall,35,7,41,-1.0,-1.288863,0.591561,936,30,
4,4,Overall,Overall,35,10,41,-0.5,0.183508,0.480133,1009,24,
4,5,Overall,Overall,35,5,41,-1.5,-1.301108,0.49134,935,25,
4,6,Overall,Overall,35,6,41,-1.5,-1.616518,0.585379,919,29,
4,7,Overall,Overall,35,9,41,-1.5,-1.23382,0.54159,938,27,
4,8,Overall,Overall,35,23,41,2.0,2.138754,0.357403,1107,18,
4,9,Overall,Overall,35,17,41,0.5,0.758289,0.359914,1038,18,
4,10,Overall,Overall,35,22,41,1.5,1.248987,0.372209,1062,19,
4,11,Overall,Overall,35,12,41,0.5,0.104107,0.396717,1005,20,
4,12,Overall,Overall,35,12,41,-1.0,-0.335483,0.387214,983,19,
4,13,Overall,Overall,35,21,41,1.5,0.987215,0.340307,1049,17,
4,14,Overall,Overall,35,14,41,1.0,0.255005,0.36091,1013,18,
4,15,Overall,Overall,35,5,41,-2.0,-2.201745,0.709034,890,35,
4,16,Overall,Overall,35,9,41,-1.5,-1.057685,0.467566,947,23,
4,17,Overall,Overall,35,20,41,2.0,1.626208,0.354313,1081,18,
4,18,Overall,Overall,35,6,41,-1.5,-1.490384,0.565602,925,28,
4,19,Overall,Overall,35,9,41,-0.5,-1.00666,0.480988,950,24,
4,20,Overall,Overall,35,19,41,1.0,0.716609,0.360204,1036,18,
4,21,Overall,Overall,35,15,41,1.0,1.087604,0.37383,1054,19,
4,22,Overall,Overall,35,8,41,-1.5,-1.659778,0.593037,917,30,
4,23,Overall,Overall,35,2,41,-2.0,-3.89497,1.251113,805,63,
4,24,Overall,Overall,35,20,41,0.5,0.788172,0.349534,1039,17,
4,25,Overall,Overall,35,11,41,-1.0,-0.46267,0.424425,977,21,
4,26,Overall,Overall,35,22,41,1.5,1.54421,0.363459,1077,18,
4,27,Overall,Overall,35,22,41,1.0,1.020355,0.337672,1051,17,
4,28,Overall,Overall,35,9,41,-1.5,-1.163079,0.523733,942,26,
4,29,Overall,Overall,35,11,41,-1.0,-0.705476,0.408387,965,20,
4,30,Overall,Overall,35,11,41,0.0,0.096192,0.406723,1005,20,
4,31,Overall,Overall,35,11,41,-0.5,-0.520276,0.472429,974,24,
4,32,Overall,Overall,35,28,41,2.0,2.042389,0.365116,1102,18,
4,33,Overall,Overall,35,23,41,2.0,1.902513,0.361048,1095,18,
4,34,Overall,Overall,35,10,41,-1.0,-1.129016,0.483814,944,24,
4,35,Overall,Overall,35,24,41,1.5,2.033246,0.349574,1102,17,
4,36,Overall,Overall,35,19,41,0.5,0.587172,0.346204,1029,17,
4,37,Overall,Overall,35,15,41,0.5,0.687561,0.380377,1034,19,
4,38,Overall,Overall,35,20,41,1.5,1.088003,0.32733,1054,16,
4,39,Overall,Overall,35,5,41,-1.5,-1.813853,0.625481,909,31,
4,40,Overall,Overall,35,10,41,-1.0,-0.744019,0.446551,963,22,
4,41,Overall,Overall,35,12,41,-1.0,-0.523257,0.434951,974,22,
4,42,Overall,Overall,35,18,41,0.5,0.428764,0.376331,1021,19,
4,43,Overall,Overall,35,6,41,-1.5,-1.80053,0.632622,910,32,
4,44,Overall,Overall,35,21,41,1.0,1.457941,0.357627,1073,18,
4,45,Overall,Overall,35,18,41,1.0,0.848361,0.366346,1042,18,
4,46,Overall,Overall,35,7,41,-1.0,-1.58608,0.573971,921,29,
4,47,Overall,Overall,35,10,41,0.0,0.113923,0.378587,1006,19,
4,48,Overall,Overall,35,6,41,-1.5,-1.798711,0.599231,910,30,
4,49,Overall,Overall,35,12,41,0.0,0.160829,0.370363,1008,19,
4,50,Overall,Overall,35,14,41,0.5,-0.368655,0.431978,982,22,
4,51,Overall,Overall,35,6,41,0.0,-1.767254,0.607374,912,30,
4,52,Overall,Overall,35,22,41,1.5,1.39938,0.333894,1070,17,
4,53,Overall,Overall,35,6,41,-2.0,-2.318657,0.712845,884,36,
4,54,Overall,Overall,35,31,41,2.0,3.014175,0.437826,1151,22,
4,55,Overall,Overall,35,8,41,-1.0,-0.452061,0.449837,977,22,
4,56,Overall,Overall,35,15,41,0.0,0.017779,0.439912,1001,22,
4,57,Overall,Overall,35,21,41,1.0,0.97467,0.334029,1049,17,
4,58,Overall,Overall,35,4,41,-2.0,-2.091184,0.650286,895,33,
4,59,Overall,Overall,35,7,41,-1.0,-0.998682,0.51035,950,26,
4,60,Overall,Overall,35,22,41,1.5,1.702904,0.364821,1085,18,
4,61,Overall,Overall,35,23,41,2.0,1.963365,0.353266,1098,18,
4,62,Overall,Overall,35,4,41,-2.0,-2.552068,0.72443,872,36,
4,63,Overall,Overall,35,9,41,-1.0,-0.813327,0.456281,959,23,
4,64,Overall,Overall,35,22,41,1.5,1.457651,0.351381,1073,18,
4,65,Overall,Overall,35,17,41,1.0,0.784226,0.366853,1039,18,
4,66,Overall,Overall,35,16,41,0.5,0.578205,0.339282,1029,17,
4,67,Overall,Overall,35,14,41,0.5,0.548897,0.371877,1027,19,
4,68,Overall,Overall,35,3,41,-2.0,-3.074555,0.914451,846,46,
4,69,Overall,Overall,35,7,41,-2.0,-1.18201,0.509411,941,25,
4,70,Overall,Overall,35,7,41,-1.0,-0.685928,0.490418,966,25,
4,71,Overall,Overall,35,2,41,-2.0,-3.987775,1.167958,801,58,
4,72,Overall,Overall,35,6,41,-1.5,-2.142228,0.676232,893,34,
4,73,Overall,Overall,35,11,41,-0.5,-0.057988,0.359797,997,18,
4,74,Overall,Overall,35,10,41,-0.5,-0.333951,0.458395,983,23,
4,75,Overall,Overall,35,18,41,1.0,0.956837,0.333047,1048,17,
4,76,Overall,Overall,35,17,41,0.5,0.609806,0.366489,1030,18,
4,77,Overall,Overall,35,15,41,0.5,0.309753,0.365424,1015,18,
4,78,Overall,Overall,35,10,41,-1.0,-0.173401,0.435271,991,22,
4,79,Overall,Overall,35,18,41,0.5,0.483541,0.385354,1024,19,
4,80,Overall,Overall,35,16,41,0.0,0.590895,0.348852,1030,17,
4,81,Overall,Overall,35,16,41,0.5,0.384413,0.361669,1019,18,
4,82,Overall,Overall,35,10,41,-1.0,-0.865242,0.49774,957,25,
4,83,Overall,Overall,35,7,41,-0.5,-0.709042,0.486611,965,24,
4,84,Overall,Overall,35,7,41,-1.5,-1.582565,0.585217,921,29,
4,85,Overall,Overall,35,8,41,-1.0,-1.398536,0.548301,930,27,
4,86,Overall,Overall,35,11,41,0.0,-0.256682,0.384336,987,19,
4,87,Overall,Overall,35,20,41,2.0,1.140857,0.363734,1057,18,
4,88,Overall,Overall,35,5,41,-1.5,-2.439044,0.757833,878,38,
4,89,Overall,Overall,35,6,41,-1.5,-1.681458,0.561372,916,28,
4,90,Overall,Overall,35,11,41,-0.5,-0.264298,0.398147,987,20,
4,91,Overall,Overall,35,5,41,-1.5,-2.141886,0.678285,893,34,
4,92,Overall,Overall,35,14,41,0.0,0.359641,0.392811,1018,20,
4,93,Overall,Overall,35,17,41,1.0,1.316118,0.334629,1066,17,
4,94,Overall,Overall,35,14,41,0.5,0.141182,0.365012,1007,18,
4,95,Overall,Overall,35,5,41,-2.0,-2.2122,0.679905,889,34,
4,96,Overall,Overall,35,6,41,-1.5,-1.429567,0.583359,929,29,
4,97,Overall,Overall,35,18,41,1.0,1.269836,0.344168,1063,17,
4,98,Overall,Overall,35,20,41,1.5,1.241149,0.341163,1062,17,
4,99,Overall,Overall,35,7,41,-0.5,-1.52499,0.535918,924,27,
4,100,Overall,Overall,35,15,41,0.0,0.400157,0.339989,1020,17,
4,101,Overall,Overall,35,22,41,2.0,1.737052,0.374736,1087,19,
4,102,Overall,Overall,35,5,41,-1.5,-2.064581,0.65305,897,33,
4,103,Overall,Overall,35,12,41,0.0,-0.362651,0.447799,982,22,
4,104,Overall,Overall,35,21,41,1.0,1.356123,0.324396,1068,16,
4,105,Overall,Overall,35,24,41,1.5,1.718735,0.360689,1086,18,
4,106,Overall,Overall,35,16,41,0.5,0.52819,0.379869,1026,19,
4,107,Overall,Overall,35,25,41,2.0,2.327615,0.384289,1116,19,
4,108,Overall,Overall,35,22,41,0.5,1.128,0.373097,1056,19,
4,109,Overall,Overall,35,17,41,0.0,-0.013113,0.356635,999,18,
4,110,Overall,Overall,35,7,41,-1.5,-1.594851,0.606115,920,30,
4,111,Overall,Overall,35,6,41,-1.5,-1.75104,0.597917,912,30,
4,112,Overall,Overall,35,23,41,1.0,1.389661,0.359855,1069,18,
4,113,Overall,Overall,35,6,41,-1.0,-1.863756,0.6347,907,32,
4,114,Overall,Overall,35,10,41,-0.5,-0.764144,0.461305,962,23,
4,115,Overall,Overall,35,11,41,-1.5,-0.485165,0.425948,976,21,
4,116,Overall,Overall,35,2,41,-1.5,-4.079726,1.221706,796,61,
4,117,Overall,Overall,35,29,41,2.0,2.006717,0.349066,1100,17,
4,118,Overall,Overall,35,10,41,-0.5,-0.197699,0.374963,990,19,
4,119,Overall,Overall,35,17,41,0.5,0.827313,0.341595,1041,17,
4,120,Overall,Overall,35,6,41,-2.0,-1.797401,0.633496,910,32,
4,121,Overall,Overall,35,7,41,-0.5,-1.563547,0.545133,922,27,
4,122,Overall,Overall,35,7,41,-1.0,-1.031086,0.482175,948,24,
4,123,Overall,Overall,35,11,41,0.0,-0.41154,0.420187,979,21,
4,124,Overall,Overall,35,15,41,-0.5,0.17607,0.388916,1009,19,
4,125,Overall,Overall,35,13,41,-0.5,-0.486704,0.453415,976,23,
4,126,Overall,Overall,35,17,41,0.5,0.709682,0.331408,1035,17,
4,127,Overall,Overall,35,11,41,-1.0,-1.032808,0.523911,948,26,
4,128,Overall,Overall,35,14,41,0.5,0.028944,0.376846,1001,19,
4,129,Overall,Overall,35,17,41,1.0,0.860225,0.377592,1043,19,
4,130,Overall,Overall,35,21,41,1.0,1.300047,0.369513,1065,18,
4,131,Overall,Overall,35,14,41,0.0,-0.037638,0.394417,998,20,
4,132,Overall,Overall,35,7,41,-1.0,-1.153263,0.50099,942,25,
4,133,Overall,Overall,35,5,41,-2.0,-1.953083,0.621719,902,31,
4,134,Overall,Overall,35,7,41,-1.5,-1.420762,0.548487,929,27,
4,135,Overall,Overall,35,8,41,-0.5,-1.412841,0.550801,929,28,
4,136,Overall,Overall,35,5,41,-2.0,-2.159262,0.671113,892,34,
4,137,Overall,Overall,35,15,41,0.5,0.405847,0.338944,1020,17,
4,138,Overall,Overall,35,6,41,-2.0,-1.495113,0.584245,925,29,
4,139,Overall,Overall,35,16,41,0.0,0.572238,0.371051,1029,19,
4,140,Overall,Overall,35,19,41,1.5,0.937255,0.390373,1047,20,
4,141,Overall,Overall,35,6,41,-1.5,-1.757236,0.631048,912,32,
4,142,Overall,Overall,35,11,41,-0.5,-0.330986,0.435052,983,22,
4,143,Overall,Overall,35,14,41,0.5,-0.001905,0.361749,1000,18,
4,144,Overall,Overall,35,13,41,0.5,0.019076,0.405964,1001,20,
4,145,Overall,Overall,35,5,41,-1.5,-1.661314,0.605371,917,30,
4,146,Overall,Overall,35,26,41,2.0,2.231883,0.349804,1112,17,
4,147,Overall,Overall,35,22,41,1.0,1.245144,0.338124,1062,17,
4,148,Overall,Overall,35,20,41,1.5,1.288177,0.351231,1064,18,
4,149,Overall,Overall,35,11,41,0.0,-0.141062,0.42797,993,21,
4,150,Overall,Overall,35,2,41,-2.0,-3.155769,0.966309,842,48,
4,151,Overall,Overall,35,5,41,-2.0,-2.372564,0.712145,881,36,
4,152,Overall,Overall,35,5,41,-1.0,-1.258778,0.553528,937,28,
4,153,Overall,Overall,35,22,41,1.5,1.912332,0.360247,1096,18,
4,154,Overall,Overall,35,9,41,-2.0,-1.47048,0.541635,926,27,
4,155,Overall,Overall,35,18,41,1.0,0.629588,0.370881,1031,19,
4,156,Overall,Overall,35,13,41,0.5,0.28833,0.381117,1014,19,
4,157,Overall,Overall,35,24,41,2.0,1.976238,0.338423,1099,17,
4,158,Overall,Overall,35,23,41,1.5,1.289449,0.341504,1064,17,
4,159,Overall,Overall,35,23,41,2.0,1.730656,0.344847,1087,17,
4,160,Overall,Overall,35,23,41,2.0,1.985651,0.362357,1099,18,
4,161,Overall,Overall,35,27,41,1.5,1.825666,0.330903,1091,17,
4,162,Overall,Overall,35,24,41,1.0,1.096098,0.351792,1055,18,
4,163,Overall,Overall,35,25,41,1.5,1.897533,0.353743,1095,18,
4,164,Overall,Overall,35,15,41,0.5,0.168725,0.404904,1008,20,
4,165,Overall,Overall,35,18,41,2.0,1.595795,0.355113,1080,18,
4,166,Overall,Overall,35,12,41,-0.5,-0.232764,0.363985,988,18,
4,167,Overall,Overall,35,24,41,1.0,1.331157,0.330862,1067,17,
4,168,Overall,Overall,35,9,41,-1.0,-1.046587,0.475257,948,24,
4,169,Overall,Overall,35,25,41,2.0,2.120956,0.368398,1106,18,
4,170,Overall,Overall,35,21,41,2.0,1.919878,0.355585,1096,18,
4,171,Overall,Overall,35,23,41,2.0,1.210126,0.320879,1061,16,
4,172,Overall,Overall,35,22,41,1.5,1.33468,0.324618,1067,16,
4,173,Overall,Overall,35,7,41,-1.5,-1.587117,0.565177,921,28,
4,174,Overall,Overall,35,14,41,0.5,0.155151,0.362518,1008,18,
4,175,Overall,Overall,35,15,41,0.5,0.089407,0.370035,1004,19,
4,176,Overall,Overall,35,9,41,-1.0,-0.967301,0.497987,952,25,
4,177,Overall,Overall,35,12,41,-0.5,-0.344145,0.401463,983,20,
4,178,Overall,Overall,35,9,41,-1.0,-0.852511,0.482379,957,24,
4,179,Overall,Overall,35,17,41,0.5,0.943343,0.362324,1047,18,
4,180,Overall,Overall,35,7,41,-2.0,-1.375172,0.587134,931,29,
4,181,Overall,Overall,35,7,41,-2.0,-1.622437,0.579753,919,29,
4,182,Overall,Overall,35,23,41,1.5,1.676686,0.326082,1084,16,
4,183,Overall,Overall,35,22,41,1.5,1.849063,0.357283,1092,18,
4,184,Overall,Overall,35,9,41,-1.5,-0.865937,0.472602,957,24,
4,185,Overall,Overall,35,7,41,-1.0,-1.657884,0.588083,917,29,
4,186,Overall,Overall,35,17,41,0.0,0.429142,0.336459,1021,17,
4,187,Overall,Overall,35,12,41,-0.5,-0.578125,0.446209,971,22,
4,188,Overall,Overall,35,19,41,0.5,1.025536,0.343154,1051,17,
4,189,Overall,Overall,35,22,41,1.0,1.244004,0.350394,1062,18,
4,190,Overall,Overall,35,26,41,1.5,1.942455,0.37772,1097,19,
4,191,Overall,Overall,35,11,41,-0.5,-0.276566,0.419657,986,21,
4,192,Overall,Overall,35,17,41,1.5,1.236363,0.354274,1062,18,
4,193,Overall,Overall,35,12,41,0.0,-0.053113,0.361307,997,18,
4,194,Overall,Overall,35,8,41,-2.0,-1.178425,0.508745,941,25,
4,195,Overall,Overall,35,14,41,0.5,0.368647,0.375735,1018,19,
4,196,Overall,Overall,35,22,41,1.5,1.425166,0.364422,1071,18,
4,197,Overall,Overall,35,14,41,0.0,-0.153589,0.377782,992,19,
4,198,Overall,Overall,35,25,41,2.0,1.66928,0.346025,1083,17,
4,199,Overall,Overall,35,13,41,0.0,0.302113,0.391983,1015,20,
4,200,Overall,Overall,35,19,41,0.5,0.877152,0.363646,1044,18,
4,201,Overall,Overall,35,8,41,-0.5,-0.938436,0.466639,953,23,
4,202,Overall,Overall,35,18,41,1.0,0.739119,0.347579,1037,17,
4,203,Overall,Overall,35,7,41,-2.0,-1.425719,0.548523,929,27,
4,204,Overall,Overall,35,8,41,-1.5,-1.708478,0.598005,915,30,
4,205,Overall,Overall,35,17,41,1.0,0.382072,0.366647,1019,18,
4,206,Overall,Overall,35,24,41,1.0,1.305431,0.362251,1065,18,
4,207,Overall,Overall,35,19,41,1.0,1.258028,0.355636,1063,18,
4,208,Overall,Overall,35,23,41,1.5,1.603283,0.342885,1080,17,
4,209,Overall,Overall,35,22,41,1.0,1.231698,0.35007,1062,18,
4,210,Overall,Overall,35,6,41,-1.5,-1.395349,0.554645,930,28,
4,211,Overall,Overall,35,25,41,2.0,2.03389,0.345484,1102,17,
4,212,Overall,Overall,35,23,41,2.0,1.504286,0.359249,1075,18,
4,213,Overall,Overall,35,6,41,-2.0,-1.593103,0.561689,920,28,
4,214,Overall,Overall,35,20,41,1.0,0.918422,0.350825,1046,18,
4,215,Overall,Overall,35,12,41,0.5,-0.010607,0.401975,999,20,
4,216,Overall,Overall,35,19,41,0.0,0.522326,0.357905,1026,18,
4,217,Overall,Overall,35,5,41,-2.0,-2.308229,0.73143,885,37,
4,218,Overall,Overall,35,15,41,-0.5,0.216757,0.371935,1011,19,
4,219,Overall,Overall,35,18,41,1.0,0.786668,0.336569,1039,17,
4,220,Overall,Overall,35,6,41,-1.0,-1.889686,0.644845,906,32,
4,221,Overall,Overall,35,23,41,2.0,1.768435,0.355609,1088,18,
4,222,Overall,Overall,35,23,41,1.5,1.243037,0.358355,1062,18,
4,223,Overall,Overall,35,4,41,-2.0,-2.86453,0.822796,857,41,
4,224,Overall,Overall,35,9,41,-1.0,-0.840229,0.452162,958,23,
4,225,Overall,Overall,35,24,41,1.0,1.356382,0.349127,1068,17,
4,226,Overall,Overall,35,18,41,1.5,1.082944,0.349698,1054,17,
4,227,Overall,Overall,35,5,41,-0.5,-2.099941,0.661814,895,33,
4,228,Overall,Overall,35,25,41,1.5,1.990612,0.348523,1100,17,
4,229,Overall,Overall,35,14,41,-0.5,-0.187354,0.385699,991,19,
4,230,Overall,Overall,35,18,41,0.5,0.682286,0.328892,1034,16,
4,231,Overall,Overall,35,15,41,0.0,-0.003453,0.396506,1000,20,
4,232,Overall,Overall,35,9,41,-0.5,-0.795226,0.496527,960,25,
4,233,Overall,Overall,35,27,41,2.0,2.48028,0.386794,1124,19,
4,234,Overall,Overall,35,5,41,-1.5,-2.092033,0.60973,895,30,
4,235,Overall,Overall,35,22,41,1.0,1.225689,0.346681,1061,17,
4,236,Overall,Overall,35,6,41,0.0,-1.176113,0.506305,941,25,
4,237,Overall,Overall,35,24,41,2.0,1.616596,0.344796,1081,17,
4,238,Overall,Overall,35,10,41,-1.5,-1.154013,0.536768,942,27,
4,239,Overall,Overall,35,5,41,-2.0,-2.181899,0.673657,891,34,
4,240,Overall,Overall,35,20,41,1.0,0.900794,0.338306,1045,17,
4,241,Overall,Overall,35,23,41,2.0,1.765922,0.34795,1088,17,
4,242,Overall,Overall,35,20,41,1.5,1.589611,0.349285,1079,17,
4,243,Overall,Overall,35,19,41,1.0,1.026636,0.372232,1051,19,
4,244,Overall,Overall,35,7,41,-1.5,-1.661089,0.556626,917,28,
4,245,Overall,Overall,35,12,41,-1.0,-0.242584,0.403388,988,20,
4,246,Overall,Overall,35,2,41,-2.0,-3.739011,1.109395,813,55,
4,247,Overall,Overall,35,6,41,-2.0,-1.951935,0.642332,902,32,
4,248,Overall,Overall,35,13,41,-1.0,-0.245327,0.438633,988,22,
4,249,Overall,Overall,35,24,41,1.5,1.608498,0.351985,1080,18,
4,250,Overall,Overall,35,19,41,1.5,1.188271,0.363954,1059,18,
4,251,Overall,Overall,35,13,41,0.5,0.525017,0.395419,1026,20,
4,252,Overall,Overall,35,15,41,0.5,-0.072502,0.388976,996,19,
4,253,Overall,Overall,35,15,41,0.0,0.316775,0.379267,1016,19,
4,254,Overall,Overall,35,4,41,-2.0,-2.423663,0.697484,879,35,
4,255,Overall,Overall,35,3,41,-2.0,-3.044057,0.889265,848,44,
4,256,Overall,Overall,35,18,41,0.5,0.959752,0.361428,1048,18,
4,257,Overall,Overall,35,24,41,2.0,1.77489,0.353715,1089,18,
4,258,Overall,Overall,35,16,41,1.0,1.158709,0.398804,1058,20,
4,259,Overall,Overall,35,21,41,1.0,1.124574,0.340277,1056,17,
4,260,Overall,Overall,35,16,41,0.5,0.737574,0.339127,1037,17,
4,261,Overall,Overall,35,10,41,-0.5,-0.991543,0.474239,950,24,
4,262,Overall,Overall,35,4,41,-0.5,-1.216316,0.564377,939,28,
4,263,Overall,Overall,35,17,41,1.0,1.281864,0.365698,1064,18,
4,264,Overall,Overall,35,26,41,2.0,1.910276,0.338101,1096,17,
4,265,Overall,Overall,35,10,41,-1.0,-0.80275,0.43818,960,22,
4,266,Overall,Overall,35,14,41,-0.5,0.093368,0.405175,1005,20,
4,267,Overall,Overall,35,10,41,-0.5,-1.086739,0.503167,946,25,
4,268,Overall,Overall,35,7,41,-1.0,-1.366626,0.56433,932,28,
4,269,Overall,Overall,35,25,41,1.0,1.583229,0.329667,1079,16,
4,270,Overall,Overall,35,11,41,0.5,-0.312919,0.419064,984,21,
4,271,Overall,Overall,35,21,41,1.0,1.159079,0.356662,1058,18,
4,272,Overall,Overall,35,11,41,-0.5,-0.510766,0.478345,974,24,
4,273,Overall,Overall,35,26,41,2.0,1.965731,0.361942,1098,18,
4,274,Overall,Overall,35,24,41,1.5,2.008417,0.361718,1100,18,
4,275,Overall,Overall,35,21,41,1.5,1.605982,0.345979,1080,17,
4,276,Overall,Overall,35,11,41,-0.5,-0.655004,0.433404,967,22,
4,277,Overall,Overall,35,25,41,1.5,2.380851,0.372876,1119,19,
4,278,Overall,Overall,35,4,41,-1.5,-2.907777,0.831163,855,42,
4,279,Overall,Overall,35,7,41,-1.0,-1.577537,0.546684,921,27,
4,280,Overall,Overall,35,16,41,0.5,0.482196,0.342655,1024,17,
4,281,Overall,Overall,35,17,41,0.5,0.64961,0.36582,1032,18,
4,282,Overall,Overall,35,11,41,-1.0,-0.326971,0.447974,984,22,
4,283,Overall,Overall,35,11,41,-1.0,-0.515224,0.435429,974,22,
4,284,Overall,Overall,35,21,41,0.5,1.003162,0.333899,1050,17,
4,285,Overall,Overall,35,5,41,-2.0,-2.440045,0.740965,878,37,
4,286,Overall,Overall,35,7,41,-0.5,-1.871809,0.637415,906,32,
4,287,Overall,Overall,35,15,41,0.5,0.088543,0.405132,1004,20,
4,288,Overall,Overall,35,21,41,0.5,0.917097,0.313146,1046,16,
4,289,Overall,Overall,35,19,41,0.5,0.998211,0.349709,1050,17,
4,290,Overall,Overall,35,22,41,1.0,1.459939,0.360352,1073,18,
4,291,Overall,Overall,35,16,41,1.0,1.197837,0.375772,1060,19,
4,292,Overall,Overall,35,24,41,1.0,1.168668,0.352087,1058,18,
4,293,Overall,Overall,35,9,41,-1.5,-0.896202,0.468429,955,23,
4,294,Overall,Overall,35,10,41,-0.5,-0.562891,0.433728,972,22,
4,295,Overall,Overall,35,7,41,-1.0,-1.537964,0.592643,923,30,
4,296,Overall,Overall,35,23,41,0.0,0.936767,0.35649,1047,18,
4,297,Overall,Overall,35,17,41,0.5,0.450073,0.366935,1023,18,
4,298,Overall,Overall,35,7,41,-1.0,-0.986249,0.468942,951,23,
4,299,Overall,Overall,35,11,41,-0.5,-0.214362,0.422856,989,21,
4,300,Overall,Overall,35,15,41,0.0,0.27987,0.370131,1014,19,
4,301,Overall,Overall,35,8,41,-1.0,-1.316623,0.547148,934,27,
4,302,Overall,Overall,35,9,41,-1.5,-0.978366,0.502827,951,25,
4,303,Overall,Overall,35,2,41,-2.0,-3.528792,1.036952,824,52,
4,304,Overall,Overall,35,6,41,-1.5,-1.894402,0.617257,905,31,
4,305,Overall,Overall,35,5,41,-1.5,-2.261659,0.681679,887,34,
4,306,Overall,Overall,35,18,41,-0.5,0.457368,0.339127,1023,17,
4,307,Overall,Overall,35,7,41,-2.0,-1.749826,0.625915,913,31,
4,308,Overall,Overall,35,15,41,0.0,0.526924,0.359225,1026,18,
4,309,Overall,Overall,35,12,41,-0.5,-0.476354,0.397621,976,20,
4,310,Overall,Overall,35,23,41,1.5,1.739375,0.354863,1087,18,
4,311,Overall,Overall,35,27,41,2.0,2.552747,0.376182,1128,19,
4,312,Overall,Overall,35,5,41,-2.0,-1.242979,0.567824,938,28,
4,313,Overall,Overall,35,11,41,-0.5,-0.513412,0.393247,974,20,
4,314,Overall,Overall,35,21,41,2.0,1.5109,0.328423,1076,16,
4,315,Overall,Overall,35,8,41,-0.5,-1.192156,0.518038,940,26,
4,316,Overall,Overall,35,22,41,1.5,1.148497,0.323073,1057,16,
4,317,Overall,Overall,35,18,41,0.5,0.430284,0.354977,1022,18,
4,318,Overall,Overall,35,20,41,0.5,0.90723,0.379559,1045,19,
4,319,Overall,Overall,35,25,41,2.0,2.081194,0.351095,1104,18,
4,320,Overall,Overall,35,6,41,-1.0,-1.922125,0.640932,904,32,
4,321,Overall,Overall,35,13,41,1.0,0.166001,0.383041,1008,19,
4,322,Overall,Overall,35,15,41,0.5,0.355044,0.396669,1018,20,
4,323,Overall,Overall,35,11,41,-0.5,-0.310358,0.41897,984,21,
4,324,Overall,Overall,35,23,41,1.5,1.432124,0.333769,1072,17,
4,325,Overall,Overall,35,7,41,-1.0,-1.62008,0.589578,919,29,
4,326,Overall,Overall,35,18,41,0.5,0.624622,0.362165,1031,18,
4,327,Overall,Overall,35,15,41,0.0,0.194557,0.426479,1010,21,
4,328,Overall,Overall,35,4,41,-2.0,-2.468616,0.780612,877,39,
4,329,Overall,Overall,35,19,41,0.5,0.53696,0.324382,1027,16,
4,330,Overall,Overall,35,13,41,-0.5,-0.461735,0.436932,977,22,
4,331,Overall,Overall,35,9,41,-1.0,-1.281291,0.53392,936,27,
4,332,Overall,Overall,35,11,41,0.0,-0.200895,0.377293,990,19,
4,333,Overall,Overall,35,10,41,-1.5,-0.8608,0.520493,957,26,
4,334,Overall,Overall,35,9,41,-1.0,-1.005405,0.495225,950,25,
4,335,Overall,Overall,35,15,41,0.5,0.45311,0.353984,1023,18,
4,336,Overall,Overall,35,20,41,1.0,1.241805,0.341394,1062,17,
4,337,Overall,Overall,35,24,41,1.5,1.921095,0.342973,1096,17,
4,338,Overall,Overall,35,22,41,2.0,1.972375,0.352773,1099,18,
4,339,Overall,Overall,35,19,41,1.0,0.677431,0.332041,1034,17,
4,340,Overall,Overall,35,6,41,-1.5,-1.851041,0.6055,907,30,
4,341,Overall,Overall,35,25,41,2.0,2.214238,0.34768,1111,17,
4,342,Overall,Overall,35,7,41,-1.0,-1.656646,0.581519,917,29,
4,343,Overall,Overall,35,5,41,-1.5,-1.803667,0.652353,910,33,
4,344,Overall,Overall,35,28,41,2.0,2.494409,0.360148,1125,18,
4,345,Overall,Overall,35,19,41,1.0,0.769033,0.376885,1038,19,
4,346,Overall,Overall,35,7,41,-1.5,-1.077169,0.483304,946,24,
4,347,Overall,Overall,35,25,41,2.0,2.378208,0.362066,1119,18,
4,348,Overall,Overall,35,13,41,1.0,0.689192,0.360843,1034,18,
4,349,Overall,Overall,35,9,41,-1.5,-0.945688,0.461447,953,23,
4,350,Overall,Overall,35,23,41,2.0,2.285421,0.36742,1114,18,
4,351,Overall,Overall,35,6,41,-2.0,-1.631999,0.565889,918,28,
4,352,Overall,Overall,35,4,41,-2.0,-2.700046,0.787753,865,39,
4,353,Overall,Overall,35,27,41,2.0,2.260112,0.367967,1113,18,
4,354,Overall,Overall,35,13,41,0.0,-0.278209,0.376275,986,19,
4,355,Overall,Overall,35,12,41,-0.5,0.086044,0.389815,1004,19,
4,356,Overall,Overall,35,7,41,-1.5,-1.457128,0.578343,927,29,
4,357,Overall,Overall,35,8,41,-2.0,-1.411162,0.563698,929,28,
4,358,Overall,Overall,35,8,41,-1.5,-1.363953,0.550112,932,28,
4,359,Overall,Overall,35,14,41,0.5,0.538278,0.366402,1027,18,
4,360,Overall,Overall,35,28,41,2.0,2.096038,0.371629,1105,19,
4,361,Overall,Overall,35,10,41,-0.5,-0.598805,0.436727,970,22,
4,362,Overall,Overall,35,13,41,0.5,0.183399,0.369058,1009,18,
4,363,Overall,Overall,35,27,41,2.0,2.464113,0.365013,1123,18,
4,364,Overall,Overall,35,6,41,-1.5,-1.286202,0.525727,936,26,
4,365,Overall,Overall,35,23,41,1.5,1.246564,0.343837,1062,17,
4,366,Overall,Overall,35,21,41,1.0,1.204202,0.336501,1060,17,
4,367,Overall,Overall,35,19,41,1.0,1.147723,0.359891,1057,18,
4,368,Overall,Overall,35,6,41,-1.0,-1.38467,0.591483,931,30,
4,369,Overall,Overall,35,7,41,-2.0,-1.512151,0.532961,924,27,
4,370,Overall,Overall,35,9,41,-1.0,-0.795323,0.457165,960,23,
4,371,Overall,Overall,35,27,41,2.0,1.935242,0.3409,1097,17,
4,372,Overall,Overall,35,4,41,-2.0,-2.137098,0.701967,893,35,
4,373,Overall,Overall,35,20,41,1.5,1.699136,0.337706,1085,17,
4,374,Overall,Overall,35,22,41,1.0,1.174102,0.335172,1059,17,
4,375,Overall,Overall,35,27,41,2.0,1.922875,0.368162,1096,18,
4,376,Overall,Overall,35,12,41,0.0,0.019494,0.361745,1001,18,
4,377,Overall,Overall,35,5,41,-1.5,-1.414478,0.599388,929,30,
4,378,Overall,Overall,35,4,41,-2.0,-2.053673,0.689097,897,34,
4,379,Overall,Overall,35,7,41,-1.5,-1.465603,0.535835,927,27,
4,380,Overall,Overall,35,14,41,0.0,-0.203615,0.392542,990,20,
4,381,Overall,Overall,35,7,41,-1.0,-1.11669,0.525465,944,26,
4,382,Overall,Overall,35,14,41,-0.5,0.197275,0.382689,1010,19,
4,383,Overall,Overall,35,22,41,2.0,1.89272,0.360365,1095,18,
4,384,Overall,Overall,35,8,41,0.0,-0.820671,0.441442,959,22,
4,385,Overall,Overall,35,16,41,-0.5,0.398908,0.361904,1020,18,
4,386,Overall,Overall,35,11,41,-0.5,-0.473611,0.456499,976,23,
4,387,Overall,Overall,35,24,41,2.0,2.328369,0.369282,1116,18,
4,388,Overall,Overall,35,20,41,2.0,1.144978,0.374623,1057,19,
4,389,Overall,Overall,35,7,41,-1.0,-1.677775,0.5571,916,28,
4,390,Overall,Overall,35,10,41,0.0,-0.452943,0.42178,977,21,
4,391,Overall,Overall,35,21,41,1.0,1.236731,0.334279,1062,17,
4,392,Overall,Overall,35,18,41,1.0,0.81838,0.36762,1041,18,
4,393,Overall,Overall,35,16,41,0.5,0.530992,0.395766,1027,20,
4,394,Overall,Overall,35,20,41,1.5,1.199991,0.321331,1060,16,
4,395,Overall,Overall,35,25,41,1.5,1.433938,0.352787,1072,18,
4,396,Overall,Overall,35,6,41,-2.0,-1.744393,0.593826,913,30,
4,397,Overall,Overall,35,12,41,0.0,-0.323664,0.426191,984,21,
4,398,Overall,Overall,35,22,41,1.5,1.335832,0.373232,1067,19,
4,399,Overall,Overall,35,29,41,2.0,2.902476,0.417883,1145,21,
4,400,Overall,Overall,35,7,41,-0.5,-0.867556,0.454975,957,23,
4,401,Overall,Overall,35,23,41,2.0,2.074354,0.34496,1104,17,
4,402,Overall,Overall,35,11,41,-0.5,-0.724506,0.455126,964,23,
4,403,Overall,Overall,35,22,41,2.0,2.118671,0.364033,1106,18,
4,404,Overall,Overall,35,11,41,0.0,-0.46959,0.391709,977,20,
4,405,Overall,Overall,35,6,41,-1.5,-1.450439,0.551131,927,28,
4,406,Overall,Overall,35,10,41,0.0,-0.459862,0.442538,977,22,
4,407,Overall,Overall,35,14,41,0.0,-0.271853,0.382963,986,19,
4,408,Overall,Overall,35,14,41,-0.5,0.293301,0.383264,1015,19,
4,409,Overall,Overall,35,12,41,-0.5,-0.134166,0.373078,993,19,
4,410,Overall,Overall,35,27,41,2.0,2.193655,0.340126,1110,17,
4,411,Overall,Overall,35,23,41,1.5,1.337848,0.36292,1067,18,
4,412,Overall,Overall,35,10,41,-0.5,-0.585045,0.449147,971,22,
4,413,Overall,Overall,35,14,41,1.0,0.519118,0.391855,1026,20,
4,414,Overall,Overall,35,21,41,1.0,1.026971,0.361881,1051,18,
4,415,Overall,Overall,35,9,41,-1.0,-1.107417,0.50244,945,25,
4,416,Overall,Overall,35,4,41,-2.0,-2.332287,0.71518,883,36,
4,417,Overall,Overall,35,25,41,1.5,1.588609,0.362233,1079,18,
4,418,Overall,Overall,35,17,41,1.0,1.228995,0.388112,1061,19,
4,419,Overall,Overall,35,6,41,-0.5,-1.456495,0.528523,927,26,
4,420,Overall,Overall,35,12,41,0.5,0.612191,0.360548,1031,18,
4,421,Overall,Overall,35,6,41,-2.0,-1.823336,0.599979,909,30,
4,422,Overall,Overall,35,18,41,1.0,0.869708,0.364254,1043,18,
4,423,Overall,Overall,35,12,41,0.0,-0.459858,0.461339,977,23,
4,424,Overall,Overall,35,5,41,-2.0,-1.969481,0.62707,902,31,
4,425,Overall,Overall,35,5,41,-1.5,-1.784837,0.63931,911,32,
4,426,Overall,Overall,35,18,41,0.5,0.692442,0.352011,1035,18,
4,427,Overall,Overall,35,12,41,-1.0,-0.349296,0.417579,983,21,
4,428,Overall,Overall,35,11,41,-2.0,-0.707573,0.476683,965,24,
4,429,Overall,Overall,35,14,41,0.0,0.095972,0.371032,1005,19,
4,430,Overall,Overall,35,28,41,2.0,2.718297,0.380827,1136,19,
4,431,Overall,Overall,35,10,41,-1.5,-0.938745,0.469405,953,23,
4,432,Overall,Overall,35,11,41,-0.5,-0.724009,0.44544,964,22,
4,433,Overall,Overall,35,7,41,-1.5,-1.22784,0.539587,939,27,
4,434,Overall,Overall,35,5,41,-2.0,-1.971151,0.643602,901,32,
4,435,Overall,Overall,35,10,41,-0.5,-0.591071,0.452513,970,23,
4,436,Overall,Overall,35,19,41,0.5,0.722438,0.334069,1036,17,
4,437,Overall,Overall,35,7,41,-2.0,-1.429066,0.575959,929,29,
4,438,Overall,Overall,35,12,41,0.0,0.024602,0.390808,1001,20,
4,439,Overall,Overall,35,9,41,-1.0,-0.595118,0.397961,970,20,
4,440,Overall,Overall,35,9,41,-1.0,-0.962053,0.514519,952,26,
4,441,Overall,Overall,35,9,41,-1.5,-1.014152,0.508614,949,25,
4,442,Overall,Overall,35,12,41,0.0,-0.416967,0.408424,979,20,
4,443,Overall,Overall,35,20,41,2.0,1.613648,0.351019,1081,18,
4,444,Overall,Overall,35,5,41,-1.5,-1.688183,0.582433,916,29,
4,445,Overall,Overall,35,10,41,-0.5,-0.471517,0.42457,976,21,
4,446,Overall,Overall,35,16,41,0.5,0.531776,0.36207,1027,18,
4,447,Overall,Overall,35,13,41,0.0,-0.078529,0.40867,996,20,
4,448,Overall,Overall,35,11,41,-0.5,-0.509549,0.423215,975,21,
4,449,Overall,Overall,35,6,41,-2.0,-1.744945,0.577963,913,29,
4,450,Overall,Overall,35,13,41,-1.0,-0.082193,0.389366,996,19,
4,451,Overall,Overall,35,26,41,2.0,1.977284,0.358392,1099,18,
4,452,Overall,Overall,35,5,41,-2.0,-1.575031,0.584539,921,29,
4,453,Overall,Overall,35,25,41,2.0,2.273739,0.364753,1114,18,
4,454,Overall,Overall,35,5,41,-2.0,-2.371342,0.717648,881,36,
4,455,Overall,Overall,35,15,41,1.0,0.747934,0.364588,1037,18,
4,456,Overall,Overall,35,7,41,-1.5,-1.272241,0.52612,936,26,
4,457,Overall,Overall,35,3,41,-2.0,-3.53706,1.046974,823,52,
4,458,Overall,Overall,35,4,41,-1.5,-2.285643,0.71339,886,36,
4,459,Overall,Overall,35,23,41,0.5,1.001139,0.321109,1050,16,
4,460,Overall,Overall,35,25,41,2.0,2.031644,0.370426,1102,19,
4,461,Overall,Overall,35,23,41,1.0,1.661699,0.375952,1083,19,
4,462,Overall,Overall,35,15,41,-0.5,0.008472,0.399312,1000,20,
4,463,Overall,Overall,35,20,41,1.0,0.835443,0.361828,1042,18,
4,464,Overall,Overall,35,26,41,1.5,2.056769,0.341289,1103,17,
4,465,Overall,Overall,35,10,41,-0.5,-0.541695,0.403508,973,20,
4,466,Overall,Overall,35,20,41,1.0,0.82602,0.351501,1041,18,
4,467,Overall,Overall,35,5,41,-1.0,-1.796905,0.629398,910,31,
4,468,Overall,Overall,35,20,41,1.0,1.066389,0.385169,1053,19,
4,469,Overall,Overall,35,18,41,1.0,0.697863,0.310333,1035,16,
4,470,Overall,Overall,35,12,41,0.0,0.101858,0.396675,1005,20,
4,471,Overall,Overall,35,10,41,-1.0,-0.648224,0.482158,968,24,
4,472,Overall,Overall,35,15,41,0.0,0.303127,0.372078,1015,19,
4,473,Overall,Overall,35,23,41,2.0,1.641097,0.354072,1082,18,
4,474,Overall,Overall,35,17,41,0.5,0.65119,0.335419,1033,17,
4,475,Overall,Overall,35,15,41,0.0,0.134051,0.383094,1007,19,
4,476,Overall,Overall,35,10,41,-2.0,-1.072934,0.493022,946,25,
4,477,Overall,Overall,35,21,41,1.5,1.531339,0.349831,1077,17,
4,478,Overall,Overall,35,22,41,1.5,2.032767,0.385386,1102,19,
4,479,Overall,Overall,35,18,41,0.0,0.56172,0.343702,1028,17,
4,480,Overall,Overall,35,15,41,0.0,0.211363,0.390037,1011,20,
4,481,Overall,Overall,35,21,41,1.0,0.84102,0.338456,1042,17,
4,482,Overall,Overall,35,9,41,-1.0,-0.58962,0.485669,971,24,
4,483,Overall,Overall,35,4,41,-1.5,-2.804364,0.846117,860,42,
4,484,Overall,Overall,35,9,41,-0.5,-1.10663,0.464254,945,23,
4,485,Overall,Overall,35,24,41,2.0,2.094359,0.334891,1105,17,
4,486,Overall,Overall,35,23,41,1.5,2.122507,0.365997,1106,18,
4,487,Overall,Overall,35,8,41,0.0,-1.058419,0.507321,947,25,
4,488,Overall,Overall,35,7,41,-2.0,-1.556177,0.574695,922,29,
4,489,Overall,Overall,35,16,41,0.5,0.436801,0.329506,1022,16,
4,490,Overall,Overall,35,3,41,-2.0,-2.911742,0.85724,854,43,
4,491,Overall,Overall,35,11,41,-0.5,-0.378679,0.419772,981,21,
4,492,Overall,Overall,35,8,41,-0.5,-0.753369,0.469098,962,23,
4,493,Overall,Overall,35,8,41,-2.0,-1.36549,0.54567,932,27,
4,494,Overall,Overall,35,14,41,1.0,0.26511,0.331329,1013,17,
4,495,Overall,Overall,35,11,41,-1.0,-0.43854,0.437713,978,22,
4,496,Overall,Overall,35,11,41,0.0,-0.060265,0.42448,997,21,
4,497,Overall,Overall,35,19,41,1.0,0.901811,0.357077,1045,18,
4,498,Overall,Overall,35,24,41,1.5,1.997561,0.353717,1100,18,
4,499,Overall,Overall,35,9,41,-2.0,-1.313296,0.490584,934,25,
4,500,Overall,Overall,35,4,41,-1.0,-2.501956,0.776116,875,39,
4,501,Overall,Overall,35,17,41,2.0,1.454177,0.35652,1073,18,
4,502,Overall,Overall,35,10,41,-1.0,-0.89817,0.476798,955,24,
4,503,Overall,Overall,35,5,41,-1.5,-2.296074,0.703733,885,35,
4,504,Overall,Overall,35,19,41,1.5,1.549121,0.328682,1077,16,
4,505,Overall,Overall,35,8,41,-0.5,-0.897206,0.447511,955,22,
4,506,Overall,Overall,35,14,41,0.0,0.185034,0.369661,1009,18,
4,507,Overall,Overall,35,28,41,2.0,1.855164,0.377097,1093,19,
4,508,Overall,Overall,35,24,41,2.0,1.615383,0.345979,1081,17,
4,509,Overall,Overall,35,27,41,2.0,1.618873,0.346629,1081,17,
4,510,Overall,Overall,35,25,41,1.5,1.631637,0.330656,1082,17,
4,511,Overall,Overall,35,25,41,2.0,1.786743,0.369822,1089,18,
4,512,Overall,Overall,35,23,41,1.5,1.954934,0.362267,1098,18,
4,513,Overall,Overall,35,21,41,2.0,1.849771,0.359504,1092,18,
4,514,Overall,Overall,35,7,41,-1.0,-0.909775,0.444031,955,22,
4,515,Overall,Overall,35,12,41,-0.5,-0.368588,0.412067,982,21,
4,516,Overall,Overall,35,6,41,-1.5,-1.689058,0.596745,916,30,
4,517,Overall,Overall,35,14,41,-0.5,0.45051,0.381473,1023,19,
4,518,Overall,Overall,35,24,41,1.5,2.270576,0.37412,1114,19,
4,519,Overall,Overall,35,6,41,-1.0,-1.656871,0.533786,917,27,
4,520,Overall,Overall,35,27,41,2.0,2.318841,0.354731,1116,18,
4,521,Overall,Overall,35,6,41,-1.0,-1.37777,0.572649,931,29,
4,522,Overall,Overall,35,18,41,1.5,1.549588,0.397491,1077,20,
4,523,Overall,Overall,35,8,41,-1.0,-1.053847,0.510338,947,26,
4,524,Overall,Overall,35,12,41,0.0,-0.370775,0.403195,981,20,
4,525,Overall,Overall,35,19,41,1.0,0.749611,0.333878,1037,17,
4,526,Overall,Overall,35,14,41,-0.5,-0.462174,0.451627,977,23,
4,527,Overall,Overall,35,19,41,1.5,1.797464,0.351417,1090,18,
4,528,Overall,Overall,35,27,41,1.5,2.291421,0.36538,1115,18,
4,529,Overall,Overall,35,22,41,1.5,1.380066,0.322033,1069,16,
4,530,Overall,Overall,35,12,41,-0.5,-0.199098,0.397125,990,20,
4,531,Overall,Overall,35,8,41,-0.5,-1.058201,0.49927,947,25,
4,532,Overall,Overall,35,9,41,-1.0,-0.781989,0.458577,961,23,
4,533,Overall,Overall,35,5,41,-2.0,-2.167336,0.668547,892,33,
4,534,Overall,Overall,35,21,41,1.0,1.185028,0.314663,1059,16,
4,535,Overall,Overall,35,25,41,1.5,1.597212,0.361044,1080,18,
4,536,Overall,Overall,35,19,41,1.0,0.718639,0.384788,1036,19,
4,537,Overall,Overall,35,24,41,1.5,1.517465,0.341609,1076,17,
4,538,Overall,Overall,35,6,41,-2.0,-1.913245,0.615188,904,31,
4,539,Overall,Overall,35,16,41,0.5,0.536919,0.333194,1027,17,
4,540,Overall,Overall,35,26,41,1.5,1.83817,0.343171,1092,17,
4,541,Overall,Overall,35,30,41,2.0,2.289059,0.37623,1114,19,
4,542,Overall,Overall,35,13,41,0.0,0.133814,0.416993,1007,21,
4,543,Overall,Overall,35,20,41,1.5,1.741257,0.376285,1087,19,
4,544,Overall,Overall,35,12,41,0.0,-0.310318,0.365691,984,18,
4,545,Overall,Overall,35,13,41,0.0,-0.018221,0.392306,999,20,
4,546,Overall,Overall,35,22,41,1.0,0.903151,0.351759,1045,18,
4,547,Overall,Overall,35,17,41,0.5,1.023745,0.37698,1051,19,
4,548,Overall,Overall,35,22,41,2.0,1.597951,0.389114,1080,19,
4,549,Overall,Overall,35,15,41,0.5,0.082814,0.353115,1004,18,
4,550,Overall,Overall,35,22,41,1.5,1.837504,0.34722,1092,17,
4,551,Overall,Overall,35,21,41,1.0,1.274108,0.352849,1064,18,
4,552,Overall,Overall,35,16,41,-1.0,0.137804,0.408008,1007,20,
4,553,Overall,Overall,35,18,41,1.0,0.840687,0.353154,1042,18,
4,554,Overall,Overall,35,7,41,-1.5,-1.242382,0.513007,938,26,
4,555,Overall,Overall,35,4,41,-2.0,-2.279646,0.712831,886,36,
4,556,Overall,Overall,35,5,41,-1.0,-1.633485,0.606529,918,30,
4,557,Overall,Overall,35,15,41,0.5,0.017221,0.42575,1001,21,
4,558,Overall,Overall,35,15,41,0.0,-0.049031,0.392159,998,20,
4,559,Overall,Overall,35,5,41,-2.0,-1.970047,0.633212,901,32,
4,560,Overall,Overall,35,25,41,2.0,2.19022,0.344659,1110,17,
4,561,Overall,Overall,35,7,41,-1.5,-1.265268,0.517981,937,26,
4,562,Overall,Overall,35,21,41,1.5,1.537079,0.36299,1077,18,
4,563,Overall,Overall,35,11,41,-0.5,-0.618718,0.446034,969,22,
4,564,Overall,Overall,35,18,41,0.0,0.405422,0.317969,1020,16,
4,565,Overall,Overall,35,22,41,1.5,1.601081,0.336653,1080,17,
4,566,Overall,Overall,35,24,41,1.5,1.524181,0.381054,1076,19,
4,567,Overall,Overall,35,22,41,2.0,2.076126,0.37548,1104,19,
4,568,Overall,Overall,35,30,41,1.5,2.359656,0.389949,1118,19,
4,569,Overall,Overall,35,20,41,1.0,1.390113,0.328584,1070,16,
4,570,Overall,Overall,35,22,41,1.5,1.773829,0.366542,1089,18,
4,571,Overall,Overall,35,24,41,1.0,1.812166,0.35559,1091,18,
4,572,Overall,Overall,35,14,41,0.0,0.081142,0.417677,1004,21,
4,573,Overall,Overall,35,5,41,-2.0,-2.099668,0.682349,895,34,
4,574,Overall,Overall,35,13,41,0.5,-0.144064,0.377889,993,19,
4,575,Overall,Overall,35,9,41,-1.0,-0.90663,0.487444,955,24,
4,576,Overall,Overall,35,2,41,-1.0,-3.445681,1.072957,828,54,
4,577,Overall,Overall,35,28,41,2.0,2.411091,0.376726,1121,19,
4,578,Overall,Overall,35,8,41,-1.0,-1.304144,0.507102,935,25,
4,579,Overall,Overall,35,13,41,-1.0,0.140772,0.350961,1007,18,
4,580,Overall,Overall,35,9,41,-0.5,-0.308049,0.463627,985,23,
4,581,Overall,Overall,35,3,41,-2.0,-3.037766,0.869096,848,43,
4,582,Overall,Overall,35,17,41,0.0,0.639309,0.368142,1032,18,
4,583,Overall,Overall,35,10,41,-0.5,-1.050838,0.52601,947,26,
4,584,Overall,Overall,35,14,41,0.0,0.170887,0.344358,1009,17,
4,585,Overall,Overall,35,10,41,0.5,-0.311705,0.41317,984,21,
4,586,Overall,Overall,35,7,41,-1.0,-1.696621,0.617543,915,31,
4,587,Overall,Overall,35,6,41,-1.5,-1.892838,0.661243,905,33,
4,588,Overall,Overall,35,20,41,2.0,1.534313,0.35664,1077,18,
4,589,Overall,Overall,35,11,41,0.0,-0.158022,0.364033,992,18,
4,590,Overall,Overall,35,15,41,0.0,0.071783,0.402079,1004,20,
4,591,Overall,Overall,35,10,41,-1.0,-0.573273,0.437161,971,22,
4,592,Overall,Overall,35,18,41,0.0,0.613414,0.354789,1031,18,
4,593,Overall,Overall,35,17,41,0.5,0.638203,0.367555,1032,18,
4,594,Overall,Overall,35,7,41,-1.5,-1.230666,0.488269,938,24,
4,595,Overall,Overall,35,5,41,-2.0,-2.209534,0.703197,890,35,
4,596,Overall,Overall,35,18,41,0.5,1.021045,0.361486,1051,18,
4,597,Overall,Overall,35,15,41,1.0,0.994211,0.37292,1050,19,
4,598,Overall,Overall,35,15,41,0.0,0.350842,0.332014,1018,17,
4,599,Overall,Overall,35,7,41,-1.0,-0.906482,0.507714,955,25,
4,600,Overall,Overall,35,23,41,1.5,1.631443,0.34125,1082,17,
4,601,Overall,Overall,35,10,41,-0.5,-0.252844,0.379973,987,19,
4,602,Overall,Overall,35,15,41,1.0,0.670244,0.396758,1034,20,
4,603,Overall,Overall,35,5,41,-1.5,-1.518604,0.609944,924,30,
4,604,Overall,Overall,35,7,41,-1.0,-1.069995,0.462441,947,23,
4,605,Overall,Overall,35,6,41,-1.5,-2.035739,0.614548,898,31,
4,606,Overall,Overall,35,15,41,1.0,0.594041,0.335637,1030,17,
4,607,Overall,Overall,35,26,41,2.0,1.796797,0.37259,1090,19,
4,608,Overall,Overall,35,23,41,1.5,1.115125,0.377085,1056,19,
4,609,Overall,Overall,35,8,41,-1.0,-0.955499,0.465131,952,23,
4,610,Overall,Overall,35,14,41,0.0,-0.097028,0.401778,995,20,
4,611,Overall,Overall,35,16,41,0.5,0.082317,0.356489,1004,18,
4,612,Overall,Overall,35,12,41,0.0,0.035545,0.418615,1002,21,
4,613,Overall,Overall,35,14,41,-0.5,-0.022542,0.39909,999,20,
4,614,Overall,Overall,35,7,41,-0.5,-1.13717,0.499346,943,25,
4,615,Overall,Overall,35,5,41,-1.0,-1.586713,0.624473,921,31,
4,616,Overall,Overall,35,4,41,-2.0,-2.078449,0.63403,896,32,
4,617,Overall,Overall,35,14,41,0.5,0.625887,0.391798,1031,20,
4,618,Overall,Overall,35,17,41,1.0,0.76224,0.353244,1038,18,
4,619,Overall,Overall,35,24,41,2.0,1.712291,0.353649,1086,18,
4,620,Overall,Overall,35,20,41,1.5,1.782587,0.360274,1089,18,
4,621,Overall,Overall,35,7,41,-2.0,-1.02437,0.469496,949,23,
4,622,Overall,Overall,35,10,41,-1.5,-0.594678,0.461017,970,23,
4,623,Overall,Overall,35,7,41,-1.5,-1.686272,0.561922,916,28,
4,624,Overall,Overall,35,17,41,1.0,0.751821,0.328657,1038,16,
4,625,Overall,Overall,35,19,41,0.5,0.761473,0.328407,1038,16,
4,626,Overall,Overall,35,3,41,-2.0,-3.253972,0.943513,837,47,
4,627,Overall,Overall,35,12,41,-1.0,-0.579173,0.435838,971,22,
4,628,Overall,Overall,35,11,41,0.0,-0.079747,0.42436,996,21,
4,629,Overall,Overall,35,28,41,2.0,1.955377,0.349659,1098,17,
4,630,Overall,Overall,35,16,41,0.0,0.254199,0.364457,1013,18,
4,631,Overall,Overall,35,5,41,-2.0,-1.990256,0.681372,900,34,
4,632,Overall,Overall,35,8,41,-1.0,-1.118829,0.51108,944,26,
4,633,Overall,Overall,35,26,41,2.0,2.13342,0.335843,1107,17,
4,634,Overall,Overall,35,15,41,0.5,0.49107,0.344717,1025,17,
4,635,Overall,Overall,35,23,41,1.5,1.999553,0.370498,1100,19,
4,636,Overall,Overall,35,15,41,0.0,0.03717,0.373179,1002,19,
4,637,Overall,Overall,35,7,41,-1.5,-1.61589,0.566753,919,28,
4,638,Overall,Overall,35,22,41,2.0,1.429688,0.350908,1071,18,
4,639,Overall,Overall,35,25,41,1.5,1.900289,0.333056,1095,17,
4,640,Overall,Overall,35,7,41,-2.0,-1.315357,0.511546,934,26,
4,641,Overall,Overall,35,12,41,-0.5,-0.22445,0.417746,989,21,
4,642,Overall,Overall,35,7,41,-1.5,-1.469139,0.56706,927,28,
4,643,Overall,Overall,35,23,41,1.5,1.317554,0.32123,1066,16,
4,644,Overall,Overall,35,18,41,1.0,1.022556,0.33113,1051,17,
4,645,Overall,Overall,35,7,41,-2.0,-1.789078,0.60268,911,30,
4,646,Overall,Overall,35,13,41,-0.5,0.176247,0.357861,1009,18,
4,647,Overall,Overall,35,5,41,-2.0,-2.329527,0.719851,884,36,
4,648,Overall,Overall,35,15,41,0.0,-0.089542,0.386259,996,19,
4,649,Overall,Overall,35,8,41,-0.5,-0.75432,0.454257,962,23,
4,650,Overall,Overall,35,26,41,2.0,1.704209,0.342204,1085,17,
4,651,Overall,Overall,35,5,41,-2.0,-2.040285,0.67439,898,34,
4,652,Overall,Overall,35,11,41,0.0,-0.346682,0.42126,983,21,
4,653,Overall,Overall,35,8,41,-1.0,-0.736428,0.461972,963,23,
4,654,Overall,Overall,35,13,41,0.0,-0.300331,0.390745,985,20,
4,655,Overall,Overall,35,13,41,-0.5,-0.023584,0.393682,999,20,
4,656,Overall,Overall,35,16,41,0.5,0.550093,0.350286,1028,18,
4,657,Overall,Overall,35,7,41,-1.5,-1.110097,0.501494,944,25,
4,658,Overall,Overall,35,7,41,-1.5,-1.436161,0.545346,928,27,
4,659,Overall,Overall,35,26,41,2.0,1.972787,0.33858,1099,17,
4,660,Overall,Overall,35,24,41,1.5,1.283534,0.340869,1064,17,
4,661,Overall,Overall,35,3,41,-1.0,-2.157589,0.713452,892,36,
4,662,Overall,Overall,35,26,41,2.0,2.250072,0.357079,1113,18,
4,663,Overall,Overall,35,20,41,2.0,1.661736,0.370459,1083,19,
4,664,Overall,Overall,35,6,41,-1.5,-1.79705,0.574632,910,29,
4,665,Overall,Overall,35,7,41,-1.0,-1.635779,0.571519,918,29,
4,666,Overall,Overall,35,24,41,2.0,1.662787,0.337712,1083,17,
4,667,Overall,Overall,35,18,41,0.5,0.489658,0.359043,1024,18,
4,668,Overall,Overall,35,28,41,1.5,2.207702,0.35768,1110,18,
4,669,Overall,Overall,35,14,41,-0.5,0.313784,0.367062,1016,18,
4,670,Overall,Overall,35,26,41,1.5,1.802794,0.346275,1090,17,
4,671,Overall,Overall,35,24,41,1.0,1.596434,0.351837,1080,18,
4,672,Overall,Overall,35,26,41,0.5,1.168995,0.336863,1058,17,
4,673,Overall,Overall,35,10,41,-0.5,-0.67925,0.453425,966,23,
4,674,Overall,Overall,35,24,41,1.5,2.00757,0.34965,1100,17,
4,675,Overall,Overall,35,7,41,-2.0,-1.299638,0.490864,935,25,
4,676,Overall,Overall,35,12,41,1.0,-0.033574,0.39581,998,20,
4,677,Overall,Overall,35,8,41,-2.0,-0.930435,0.502609,953,25,
4,678,Overall,Overall,35,23,41,2.0,1.914975,0.350773,1096,18,
4,679,Overall,Overall,35,17,41,1.0,0.483818,0.338663,1024,17,
4,680,Overall,Overall,35,12,41,0.0,-0.046574,0.360185,998,18,
4,681,Overall,Overall,35,8,41,-1.0,-0.62342,0.439498,969,22,
4,682,Overall,Overall,35,8,41,-1.5,-0.773362,0.479651,961,24,
4,683,Overall,Overall,35,6,41,-1.5,-1.546927,0.612495,923,31,
4,684,Overall,Overall,35,10,41,0.0,-0.367461,0.385099,982,19,
4,685,Overall,Overall,35,2,41,-2.0,-3.887489,1.204675,806,60,
4,686,Overall,Overall,35,20,41,0.5,1.369865,0.340497,1068,17,
4,687,Overall,Overall,35,18,41,0.5,0.713281,0.365715,1036,18,
4,688,Overall,Overall,35,12,41,0.0,-0.105862,0.408259,995,20,
4,689,Overall,Overall,35,26,41,1.5,1.516136,0.332339,1076,17,
4,690,Overall,Overall,35,5,41,-1.5,-1.985818,0.648779,901,32,
4,691,Overall,Overall,35,14,41,0.0,0.159138,0.391422,1008,20,
4,692,Overall,Overall,35,21,41,1.5,1.876491,0.361727,1094,18,
4,693,Overall,Overall,35,6,41,-2.0,-2.17109,0.699397,891,35,
4,694,Overall,Overall,35,24,41,1.0,1.42136,0.314175,1071,16,
4,695,Overall,Overall,35,5,41,-1.5,-1.587372,0.579698,921,29,
4,696,Overall,Overall,35,8,41,-2.0,-1.201827,0.501531,940,25,
4,697,Overall,Overall,35,6,41,-1.5,-1.863702,0.605364,907,30,
4,698,Overall,Overall,35,11,41,-0.5,-0.552919,0.445225,972,22,
4,699,Overall,Overall,35,11,41,-0.5,-0.066865,0.386403,997,19,
4,700,Overall,Overall,35,8,41,-0.5,-0.617609,0.448068,969,22,
4,701,Overall,Overall,35,12,41,0.5,-0.074031,0.366396,996,18,
4,702,Overall,Overall,35,4,41,-1.5,-2.740895,0.833999,863,42,
4,703,Overall,Overall,35,7,41,-0.5,-1.54588,0.618348,923,31,
4,704,Overall,Overall,35,8,41,-1.0,-1.246495,0.493738,938,25,
4,705,Overall,Overall,35,25,41,1.5,1.414501,0.326445,1071,16,
4,706,Overall,Overall,35,17,41,1.0,0.580189,0.362822,1029,18,
4,707,Overall,Overall,35,11,41,0.0,0.016285,0.38772,1001,19,
4,708,Overall,Overall,35,25,41,2.0,1.778166,0.372361,1089,19,
4,709,Overall,Overall,35,5,41,-2.0,-2.313498,0.697043,884,35,
4,710,Overall,Overall,35,5,41,-1.5,-1.887356,0.612848,906,31,
4,711,Overall,Overall,35,15,41,0.0,0.496794,0.361515,1025,18,
4,712,Overall,Overall,35,3,41,-1.5,-2.774437,0.803684,861,40,
4,713,Overall,Overall,35,12,41,0.0,-0.326299,0.3958,984,20,
4,714,Overall,Overall,35,7,41,-2.0,-1.487696,0.562776,926,28,
4,715,Overall,Overall,35,15,41,0.0,0.101724,0.364373,1005,18,
4,716,Overall,Overall,35,16,41,0.0,0.287948,0.381621,1014,19,
4,717,Overall,Overall,35,7,41,-1.5,-1.556417,0.57601,922,29,
4,718,Overall,Overall,35,18,41,1.5,1.162802,0.363771,1058,18,
4,719,Overall,Overall,35,13,41,-0.5,-0.218259,0.366936,989,18,
4,720,Overall,Overall,35,28,41,2.0,1.726872,0.368452,1086,18,
4,721,Overall,Overall,35,22,41,0.5,1.137149,0.34851,1057,17,
4,722,Overall,Overall,35,5,41,-2.0,-1.905741,0.635217,905,32,
4,723,Overall,Overall,35,26,41,2.0,1.576594,0.360434,1079,18,
4,724,Overall,Overall,35,11,41,-1.5,-0.487753,0.410246,976,21,
4,725,Overall,Overall,35,13,41,-0.5,-0.127963,0.415816,994,21,
4,726,Overall,Overall,35,12,41,0.5,0.118044,0.380279,1006,19,
4,727,Overall,Overall,35,3,41,-2.0,-3.11571,0.964618,844,48,
4,728,Overall,Overall,35,8,41,-1.5,-1.037041,0.496503,948,25,
4,729,Overall,Overall,35,23,41,1.0,1.348841,0.31671,1067,16,
4,730,Overall,Overall,35,27,41,2.0,2.3115,0.353502,1116,18,
4,731,Overall,Overall,35,22,41,1.5,1.791584,0.355975,1090,18,
4,732,Overall,Overall,35,18,41,2.0,1.151395,0.349292,1058,17,
4,733,Overall,Overall,35,4,41,-1.5,-2.176094,0.710205,891,36,
4,734,Overall,Overall,35,29,41,2.0,2.311444,0.350691,1116,18,
4,735,Overall,Overall,35,12,41,-0.5,-0.745485,0.427927,963,21,
4,736,Overall,Overall,35,4,41,-2.0,-2.231762,0.7157,888,36,
4,737,Overall,Overall,35,9,41,0.0,-0.129561,0.415959,994,21,
4,738,Overall,Overall,35,21,41,1.5,1.186048,0.350129,1059,18,
4,739,Overall,Overall,35,3,41,-2.0,-3.290474,0.940688,835,47,
4,740,Overall,Overall,35,21,41,0.5,1.032495,0.336092,1052,17,
4,741,Overall,Overall,35,12,41,-1.0,-0.11456,0.409316,994,20,
4,742,Overall,Overall,35,2,41,-2.0,-3.714268,1.124968,814,56,
4,743,Overall,Overall,35,10,41,-0.5,-0.923653,0.491263,954,25,
4,744,Overall,Overall,35,10,41,-0.5,-0.411601,0.390281,979,20,
4,745,Overall,Overall,35,13,41,0.5,0.156274,0.390426,1008,20,
4,746,Overall,Overall,35,25,41,2.0,1.940232,0.369524,1097,18,
4,747,Overall,Overall,35,9,41,-0.5,-0.779443,0.48197,961,24,
4,748,Overall,Overall,35,3,41,-1.0,-3.066205,0.92389,847,46,
4,749,Overall,Overall,35,16,41,0.0,0.523722,0.339793,1026,17,
4,750,Overall,Overall,35,5,41,-1.5,-2.045179,0.664276,898,33,
4,751,Overall,Overall,35,6,41,-2.0,-1.819042,0.616991,909,31,
4,752,Overall,Overall,35,5,41,-2.0,-2.093839,0.662262,895,33,
4,753,Overall,Overall,35,24,41,2.0,2.087584,0.357972,1104,18,
4,754,Overall,Overall,35,18,41,0.5,0.541617,0.314843,1027,16,
4,755,Overall,Overall,35,16,41,1.0,0.7764,0.339412,1039,17,
4,756,Overall,Overall,35,20,41,1.0,1.135088,0.332904,1057,17,
4,757,Overall,Overall,35,28,41,2.0,1.802713,0.339401,1090,17,
4,758,Overall,Overall,35,21,41,1.5,1.311736,0.376599,1066,19,
4,759,Overall,Overall,35,12,41,0.5,0.036725,0.345033,1002,17,
4,760,Overall,Overall,35,5,41,-2.0,-1.766677,0.604562,912,30,
4,761,Overall,Overall,35,17,41,1.0,0.396466,0.3672,1020,18,
4,762,Overall,Overall,35,8,41,-0.5,-1.322239,0.53559,934,27,
4,763,Overall,Overall,35,17,41,0.0,0.472874,0.341248,1024,17,
4,764,Overall,Overall,35,17,41,1.0,0.628666,0.34146,1031,17,
4,765,Overall,Overall,35,23,41,1.5,2.093027,0.376618,1105,19,
4,766,Overall,Overall,35,8,41,-1.5,-1.327628,0.560056,934,28,
4,767,Overall,Overall,35,5,41,-1.5,-1.980572,0.657392,901,33,
4,768,Overall,Overall,35,18,41,1.5,1.530105,0.348645,1077,17,
4,769,Overall,Overall,35,23,41,2.0,1.336439,0.337054,1067,17,
4,770,Overall,Overall,35,18,41,1.0,0.83666,0.352794,1042,18,
4,771,Overall,Overall,35,7,41,-0.5,-1.351237,0.547565,932,27,
4,772,Overall,Overall,35,7,41,-0.5,-0.627389,0.472797,969,24,
4,773,Overall,Overall,35,14,41,-1.0,-0.301372,0.456099,985,23,
4,774,Overall,Overall,35,23,41,1.5,1.623044,0.351958,1081,18,
4,775,Overall,Overall,35,19,41,0.5,1.08186,0.333397,1054,17,
4,776,Overall,Overall,35,27,41,2.0,2.163538,0.376452,1108,19,
4,777,Overall,Overall,35,11,41,-0.5,-0.576697,0.417809,971,21,
4,778,Overall,Overall,35,7,41,-1.5,-1.703722,0.566795,915,28,
4,779,Overall,Overall,35,13,41,0.0,0.091518,0.366983,1005,18,
4,780,Overall,Overall,35,9,41,-1.0,-0.465584,0.39954,977,20,
4,781,Overall,Overall,35,17,41,1.0,0.609643,0.352942,1030,18,
4,782,Overall,Overall,35,22,41,2.0,2.046972,0.363036,1102,18,
4,783,Overall,Overall,35,21,41,1.0,1.112662,0.337998,1056,17,
4,784,Overall,Overall,35,25,41,2.0,1.625306,0.334037,1081,17,
4,785,Overall,Overall,35,25,41,1.5,1.77089,0.335692,1089,17,
4,786,Overall,Overall,35,5,41,-2.0,-2.330188,0.6971,883,35,
4,787,Overall,Overall,35,15,41,0.5,0.16151,0.349576,1008,17,
4,788,Overall,Overall,35,12,41,0.0,0.24667,0.36654,1012,18,
4,789,Overall,Overall,35,12,41,-0.5,-0.327494,0.413398,984,21,
4,790,Overall,Overall,35,15,41,0.5,0.127694,0.378892,1006,19,
4,791,Overall,Overall,35,7,41,-0.5,-1.048886,0.497375,948,25,
4,792,Overall,Overall,35,22,41,2.0,2.058291,0.363449,1103,18,
4,793,Overall,Overall,35,4,41,-2.0,-2.30138,0.7105,885,36,
4,794,Overall,Overall,35,21,41,2.0,1.657246,0.338587,1083,17,
4,795,Overall,Overall,35,23,41,1.0,1.198272,0.342654,1060,17,
4,796,Overall,Overall,35,15,41,0.0,0.139089,0.364977,1007,18,
4,797,Overall,Overall,35,15,41,1.0,0.786833,0.372423,1039,19,
4,798,Overall,Overall,35,25,41,2.0,1.529225,0.362325,1076,18,
4,799,Overall,Overall,35,6,41,-0.5,-1.397052,0.520827,930,26,
4,800,Overall,Overall,35,7,41,-1.0,-1.311542,0.526582,934,26,
4,801,Overall,Overall,35,14,41,0.0,0.519573,0.349209,1026,17,
4,802,Overall,Overall,35,20,41,2.0,1.404686,0.333833,1070,17,
4,803,Overall,Overall,35,7,41,-2.0,-1.445165,0.531743,928,27,
4,804,Overall,Overall,35,8,41,-1.5,-1.001266,0.510908,950,26,
4,805,Overall,Overall,35,24,41,1.5,1.480607,0.324759,1074,16,
4,806,Overall,Overall,35,4,41,-2.0,-2.060905,0.62319,897,31,
4,807,Overall,Overall,35,1,41,-2.0,-4.863193,1.58071,757,79,
4,808,Overall,Overall,35,4,41,-1.0,-1.726974,0.654172,914,33,
4,809,Overall,Overall,35,16,41,0.5,0.563401,0.370738,1028,19,
4,810,Overall,Overall,35,7,41,-1.5,-1.116668,0.481899,944,24,
4,811,Overall,Overall,35,19,41,0.5,0.43723,0.37576,1022,19,
4,812,Overall,Overall,35,21,41,1.5,1.141957,0.373256,1057,19,
4,813,Overall,Overall,35,20,41,0.5,0.942505,0.371987,1047,19,
4,814,Overall,Overall,35,7,41,-1.5,-1.308565,0.508987,935,25,
4,815,Overall,Overall,35,6,41,-1.5,-1.312368,0.553367,934,28,
4,816,Overall,Overall,35,8,41,-1.0,-0.61383,0.450234,969,23,
4,817,Overall,Overall,35,9,41,-1.5,-0.86532,0.496783,957,25,
4,818,Overall,Overall,35,9,41,-1.5,-0.962123,0.478958,952,24,
4,819,Overall,Overall,35,6,41,-1.0,-1.646048,0.563105,918,28,
4,820,Overall,Overall,35,5,41,-1.0,-2.107336,0.691384,895,35,
4,821,Overall,Overall,35,5,41,-1.0,-1.394722,0.570063,930,29,
4,822,Overall,Overall,35,4,41,-1.5,-2.281921,0.695289,886,35,
4,823,Overall,Overall,35,2,41,-2.0,-3.746073,1.147624,813,57,
4,824,Overall,Overall,35,13,41,-0.5,-0.030801,0.362935,998,18,
4,825,Overall,Overall,35,12,41,-1.0,-0.311015,0.426987,984,21,
4,826,Overall,Overall,35,6,41,-1.5,-1.183841,0.504474,941,25,
4,827,Overall,Overall,35,23,41,1.5,1.488864,0.350345,1074,18,
4,828,Overall,Overall,35,15,41,0.0,-0.110074,0.399313,994,20,
4,829,Overall,Overall,35,16,41,0.0,0.33268,0.362535,1017,18,
4,830,Overall,Overall,35,4,41,-1.0,-1.837863,0.631863,908,32,
4,831,Overall,Overall,35,10,41,-1.0,-0.837744,0.474802,958,24,
4,832,Overall,Overall,35,14,41,-0.5,-0.166984,0.401908,992,20,
4,833,Overall,Overall,35,5,41,-2.0,-2.198577,0.703443,890,35,
4,834,Overall,Overall,35,21,41,1.5,1.462665,0.32182,1073,16,
4,835,Overall,Overall,35,9,41,-1.5,-0.86941,0.458837,957,23,
4,836,Overall,Overall,35,7,41,-1.0,-1.128931,0.511065,944,26,
4,837,Overall,Overall,35,17,41,1.5,1.287743,0.342091,1064,17,
4,838,Overall,Overall,35,25,41,1.5,1.643656,0.345401,1082,17,
4,839,Overall,Overall,35,11,41,0.0,-0.072481,0.367452,996,18,
4,840,Overall,Overall,35,6,41,-1.0,-1.144223,0.514903,943,26,
4,841,Overall,Overall,35,24,41,2.0,2.265533,0.360762,1113,18,
4,842,Overall,Overall,35,15,41,0.0,0.221475,0.340909,1011,17,
4,843,Overall,Overall,35,7,41,-1.5,-1.554473,0.588628,922,29,
4,844,Overall,Overall,35,5,41,-1.5,-1.694838,0.621234,915,31,
4,845,Overall,Overall,35,19,41,0.5,1.215511,0.356857,1061,18,
4,846,Overall,Overall,35,6,41,-1.5,-1.695169,0.602073,915,30,
4,847,Overall,Overall,35,9,41,-0.5,-0.937866,0.479651,953,24,
4,848,Overall,Overall,35,4,41,-2.0,-2.637158,0.832646,868,42,
4,849,Overall,Overall,35,15,41,0.5,0.344471,0.351695,1017,18,
4,850,Overall,Overall,35,25,41,1.0,1.560315,0.340658,1078,17,
4,851,Overall,Overall,35,8,41,-2.0,-1.440515,0.548644,928,27,
4,852,Overall,Overall,35,17,41,1.0,1.01731,0.371927,1051,19,
4,853,Overall,Overall,35,8,41,0.0,-0.488437,0.429504,976,21,
4,854,Overall,Overall,35,15,41,0.0,-0.268098,0.392277,987,20,
4,855,Overall,Overall,35,4,41,-2.0,-2.146014,0.654614,893,33,
4,856,Overall,Overall,35,20,41,1.0,1.148572,0.356849,1057,18,
4,857,Overall,Overall,35,24,41,1.5,1.64435,0.336553,1082,17,
4,858,Overall,Overall,35,21,41,2.0,1.723553,0.338424,1086,17,
4,859,Overall,Overall,35,8,41,-1.5,-1.578,0.560401,921,28,
4,860,Overall,Overall,35,22,41,1.0,1.143354,0.369407,1057,18,
4,861,Overall,Overall,35,4,41,-1.0,-2.57192,0.776306,871,39,
4,862,Overall,Overall,35,17,41,0.5,0.894245,0.344611,1045,17,
4,863,Overall,Overall,35,27,41,2.0,2.743722,0.409038,1137,20,
4,864,Overall,Overall,35,13,41,0.0,-0.049814,0.362158,998,18,
4,865,Overall,Overall,35,21,41,1.0,1.104766,0.336348,1055,17,
4,866,Overall,Overall,35,4,41,-2.0,-2.569234,0.793201,872,40,
4,867,Overall,Overall,35,3,41,-2.0,-3.012541,0.856452,849,43,
4,868,Overall,Overall,35,20,41,1.5,1.598434,0.342607,1080,17,
4,869,Overall,Overall,35,13,41,0.0,-0.107566,0.36164,995,18,
4,870,Overall,Overall,35,6,41,-0.5,-1.307844,0.558149,935,28,
4,871,Overall,Overall,35,23,41,1.5,1.622542,0.343748,1081,17,
4,872,Overall,Overall,35,15,41,0.5,0.253654,0.393194,1013,20,
4,873,Overall,Overall,35,11,41,0.0,-0.151174,0.414137,992,21,
4,874,Overall,Overall,35,17,41,0.5,0.572395,0.315175,1029,16,
4,875,Overall,Overall,35,9,41,-1.0,-1.304396,0.521841,935,26,
4,876,Overall,Overall,35,19,41,0.5,0.763451,0.377448,1038,19,
4,877,Overall,Overall,35,12,41,0.0,0.138323,0.378083,1007,19,
4,878,Overall,Overall,35,7,41,-1.0,-1.363204,0.524509,932,26,
4,879,Overall,Overall,35,12,41,0.0,-0.155383,0.357039,992,18,
4,880,Overall,Overall,35,23,41,1.0,1.026095,0.37949,1051,19,
4,881,Overall,Overall,35,9,41,-0.5,-0.784568,0.453462,961,23,
4,882,Overall,Overall,35,10,41,-1.0,-0.930801,0.513276,953,26,
4,883,Overall,Overall,35,24,41,2.0,1.909362,0.357104,1095,18,
4,884,Overall,Overall,35,7,41,-2.0,-1.643417,0.549582,918,27,
4,885,Overall,Overall,35,20,41,1.0,1.247963,0.346842,1062,17,
4,886,Overall,Overall,35,16,41,0.5,0.278323,0.359462,1014,18,
4,887,Overall,Overall,35,14,41,0.5,0.817592,0.394527,1041,20,
4,888,Overall,Overall,35,3,41,-2.0,-2.339293,0.733079,883,37,
4,889,Overall,Overall,35,8,41,-0.5,-0.68727,0.411684,966,21,
4,890,Overall,Overall,35,19,41,1.5,1.30404,0.346757,1065,17,
4,891,Overall,Overall,35,21,41,1.5,1.443395,0.35904,1072,18,
4,892,Overall,Overall,35,12,41,0.0,-0.107683,0.374815,995,19,
4,893,Overall,Overall,35,16,41,1.0,0.766814,0.395808,1038,20,
4,894,Overall,Overall,35,7,41,-1.0,-1.230164,0.48159,938,24,
4,895,Overall,Overall,35,17,41,0.5,0.865731,0.347721,1043,17,
4,896,Overall,Overall,35,22,41,1.5,1.304898,0.364007,1065,18,
4,897,Overall,Overall,35,15,41,0.0,0.377628,0.363454,1019,18,
4,898,Overall,Overall,35,18,41,0.5,0.715468,0.356169,1036,18,
4,899,Overall,Overall,35,6,41,-1.5,-1.658098,0.630497,917,32,
4,900,Overall,Overall,35,26,41,1.5,2.380673,0.355214,1119,18,
