thread,student,domain_name,domain_value,item_count,raw_score,max_points,true_theta,theta,se,scale_score,scale_score_se,performance_level
1,1,Overall,Overall,30,19,30,1.5,1.708415,0.395537,1085,20,
1,2,Overall,Overall,30,11,30,-1.0,-0.851888,0.387516,957,19,
1,3,Overall,Overall,30,19,30,2.0,1.523184,0.403303,1076,20,
1,4,Overall,Overall,30,20,30,1.5,1.617518,0.413058,1081,21,
1,5,Overall,Overall,30,12,30,-1.5,-0.858327,0.389908,957,19,
1,6,Overall,Overall,30,16,30,0.5,0.732185,0.391584,1037,20,
1,7,Overall,Overall,30,18,30,1.5,1.312575,0.401654,1066,20,
1,8,Overall,Overall,30,16,30,0.0,-0.668935,0.381763,967,19,
1,9,Overall,Overall,30,10,30,-2.0,-1.900832,0.409741,905,20,
1,10,Overall,Overall,30,16,30,0.5,0.559234,0.37326,1028,19,
1,11,Overall,Overall,30,19,30,2.0,1.698406,0.40327,1085,20,
1,12,Overall,Overall,30,14,30,-1.0,-0.63518,0.379542,968,19,
1,13,Overall,Overall,30,10,30,-2.0,-1.596752,0.401472,920,20,
1,14,Overall,Overall,30,15,30,-1.0,-0.612968,0.374634,969,19,
1,15,Overall,Overall,30,8,30,-1.5,-1.800069,0.42992,910,21,
1,16,Overall,Overall,30,14,30,-0.5,-0.956303,0.382775,952,19,
1,17,Overall,Overall,30,18,30,1.0,1.227654,0.399132,1061,20,
1,18,Overall,Overall,30,17,30,0.5,0.775342,0.377926,1039,19,
1,19,Overall,Overall,30,14,30,-0.5,-0.05739,0.373283,997,19,
1,20,Overall,Overall,30,13,30,-1.5,-0.866797,0.377598,957,19,
1,21,Overall,Overall,30,21,30,2.0,2.025532,0.428623,1101,21,
1,22,Overall,Overall,30,5,30,-2.0,-2.814734,0.514611,859,26,
1,23,Overall,Overall,30,8,30,-1.5,-2.00357,0.432517,900,22,
1,24,Overall,Overall,30,11,30,-1.5,-1.430979,0.395518,928,20,
1,25,Overall,Overall,30,23,30,2.0,2.059044,0.449533,1103,22,
1,26,Overall,Overall,30,5,30,-2.0,-2.582548,0.509528,871,25,
1,27,Overall,Overall,30,13,30,-0.5,-0.306325,0.375112,985,19,
1,28,Overall,Overall,30,23,30,2.0,2.424756,0.446782,1121,22,
1,29,Overall,Overall,30,14,30,-1.0,-0.886562,0.384648,956,19,
1,30,Overall,Overall,30,11,30,-2.0,-1.508068,0.399942,925,20,
1,31,Overall,Overall,30,19,30,2.0,1.650131,0.401029,1083,20,
1,32,Overall,Overall,30,12,30,-1.5,-1.213034,0.384161,939,19,
1,33,Overall,Overall,30,17,30,1.0,0.812117,0.378484,1041,19,
1,34,Overall,Overall,30,16,30,0.5,0.482485,0.371461,1024,19,
1,35,Overall,Overall,30,14,30,-1.0,-0.797052,0.381434,960,19,
1,36,Overall,Overall,30,12,30,-0.5,-0.137159,0.382039,993,19,
1,37,Overall,Overall,30,15,30,0.0,0.290124,0.370423,1015,19,
1,38,Overall,Overall,30,17,30,-1.0,-0.398571,0.382684,980,19,
1,39,Overall,Overall,30,13,30,-1.5,-0.991454,0.380668,950,19,
1,40,Overall,Overall,30,11,30,-2.0,-1.631902,0.402636,918,20,
1,41,Overall,Overall,30,8,30,-1.5,-2.158231,0.438206,892,22,
1,42,Overall,Overall,30,11,30,-1.5,-1.521688,0.397282,924,20,
1,43,Overall,Overall,30,16,30,1.0,0.815283,0.379737,1041,19,
1,44,Overall,Overall,30,10,30,-2.0,-1.614832,0.412893,919,21,
1,45,Overall,Overall,30,19,30,0.5,0.264083,0.390838,1013,20,
1,46,Overall,Overall,30,13,30,0.5,0.363265,0.384969,1018,19,
1,47,Overall,Overall,30,15,30,-0.5,-0.773233,0.398,961,20,
1,48,Overall,Overall,30,8,30,-2.0,-1.895127,0.427116,905,21,
1,49,Overall,Overall,30,18,30,1.5,1.266331,0.403642,1063,20,
1,50,Overall,Overall,30,15,30,-0.5,0.036884,0.371991,1002,19,
1,51,Overall,Overall,30,11,30,-1.5,-1.496453,0.392484,925,20,
1,52,Overall,Overall,30,14,30,1.5,0.43008,0.381243,1022,19,
1,53,Overall,Overall,30,12,30,-1.5,-1.204399,0.388104,940,19,
1,54,Overall,Overall,30,22,30,1.5,1.983316,0.436967,1099,22,
1,55,Overall,Overall,30,16,30,0.5,0.316459,0.372503,1016,19,
1,56,Overall,Overall,30,23,30,1.5,2.114846,0.461883,1106,23,
1,57,Overall,Overall,30,11,30,-2.0,-1.787157,0.397404,911,20,
1,58,Overall,Overall,30,12,30,-0.5,-0.794687,0.383313,960,19,
1,59,Overall,Overall,30,12,30,-1.5,-1.107267,0.395591,945,20,
1,60,Overall,Overall,30,8,30,-2.0,-2.024103,0.42997,899,21,
1,61,Overall,Overall,30,24,30,2.0,2.617848,0.488663,1131,24,
1,62,Overall,Overall,30,8,30,-2.0,-1.927369,0.428464,904,21,
1,63,Overall,Overall,30,11,30,-1.0,-0.925779,0.396775,954,20,
1,64,Overall,Overall,30,16,30,0.0,-0.181355,0.374521,991,19,
1,65,Overall,Overall,30,20,30,2.0,1.317916,0.401136,1066,20,
1,66,Overall,Overall,30,10,30,-1.5,-1.770631,0.406843,911,20,
1,67,Overall,Overall,30,10,30,-2.0,-1.671971,0.413793,916,21,
1,68,Overall,Overall,30,10,30,-2.0,-1.551483,0.402242,922,20,
1,69,Overall,Overall,30,15,30,0.0,-0.265785,0.375282,987,19,
1,70,Overall,Overall,30,20,30,1.5,1.635105,0.41614,1082,21,
1,71,Overall,Overall,30,24,30,2.0,2.555209,0.487232,1128,24,
1,72,Overall,Overall,30,21,30,2.0,1.796658,0.41995,1090,21,
1,73,Overall,Overall,30,14,30,-0.5,-0.353649,0.375422,982,19,
1,74,Overall,Overall,30,19,30,2.0,1.472745,0.405352,1074,20,
1,75,Overall,Overall,30,17,30,0.5,0.559775,0.378736,1028,19,
1,76,Overall,Overall,30,10,30,-1.0,-1.563994,0.412899,922,21,
1,77,Overall,Overall,30,15,30,-1.0,-0.781776,0.377253,961,19,
1,78,Overall,Overall,30,18,30,1.5,1.208233,0.390172,1060,20,
1,79,Overall,Overall,30,11,30,-1.0,-1.165924,0.390202,942,20,
1,80,Overall,Overall,30,10,30,-2.0,-1.825866,0.409651,909,20,
1,81,Overall,Overall,30,18,30,1.5,1.325722,0.393831,1066,20,
1,82,Overall,Overall,30,16,30,1.0,0.571462,0.37434,1029,19,
1,83,Overall,Overall,30,17,30,-0.5,-0.334133,0.385345,983,19,
1,84,Overall,Overall,30,17,30,0.5,0.552952,0.377794,1028,19,
1,85,Overall,Overall,30,15,30,-0.5,0.441485,0.384595,1022,19,
1,86,Overall,Overall,30,18,30,1.0,0.961684,0.389063,1048,19,
1,87,Overall,Overall,30,11,30,-1.0,-0.800561,0.387089,960,19,
1,88,Overall,Overall,30,22,30,2.0,2.163807,0.434527,1108,22,
1,89,Overall,Overall,30,15,30,1.0,0.872304,0.38004,1044,19,
1,90,Overall,Overall,30,12,30,-1.0,-0.58408,0.381003,971,19,
1,91,Overall,Overall,30,9,30,-2.0,-2.079346,0.418294,896,21,
1,92,Overall,Overall,30,18,30,1.5,1.612004,0.395972,1081,20,
1,93,Overall,Overall,30,8,30,-2.0,-1.915853,0.432749,904,22,
1,94,Overall,Overall,30,14,30,0.0,-0.234653,0.372981,988,19,
1,95,Overall,Overall,30,14,30,0.0,0.063733,0.374344,1003,19,
1,96,Overall,Overall,30,17,30,1.0,1.279053,0.399798,1064,20,
1,97,Overall,Overall,30,12,30,-1.0,-0.894042,0.385028,955,19,
1,98,Overall,Overall,30,19,30,0.5,0.970983,0.395682,1049,20,
1,99,Overall,Overall,30,21,30,1.5,1.635567,0.421616,1082,21,
1,100,Overall,Overall,30,18,30,0.0,0.767582,0.38067,1038,19,
1,101,Overall,Overall,30,8,30,-2.0,-2.205661,0.434228,890,22,
1,102,Overall,Overall,30,20,30,1.0,0.669352,0.401679,1033,20,
1,103,Overall,Overall,30,13,30,0.0,-0.661059,0.388249,967,19,
1,104,Overall,Overall,30,18,30,1.5,1.590446,0.397066,1080,20,
1,105,Overall,Overall,30,17,30,0.5,1.141286,0.393481,1057,20,
1,106,Overall,Overall,30,14,30,-1.0,-0.799824,0.380359,960,19,
1,107,Overall,Overall,30,23,30,1.5,2.165797,0.45666,1108,23,
1,108,Overall,Overall,30,16,30,1.0,0.906954,0.386082,1045,19,
1,109,Overall,Overall,30,20,30,1.5,1.457185,0.40102,1073,20,
1,110,Overall,Overall,30,7,30,-2.0,-1.98789,0.439525,901,22,
1,111,Overall,Overall,30,21,30,2.0,1.865815,0.41244,1093,21,
1,112,Overall,Overall,30,20,30,2.0,1.852084,0.414866,1093,21,
1,113,Overall,Overall,30,18,30,2.0,1.273753,0.392547,1064,20,
1,114,Overall,Overall,30,14,30,0.5,0.314074,0.385451,1016,19,
1,115,Overall,Overall,30,21,30,1.5,1.309196,0.405024,1065,20,
1,116,Overall,Overall,30,7,30,-1.5,-2.308998,0.454726,885,23,
1,117,Overall,Overall,30,14,30,0.5,0.096467,0.370392,1005,19,
1,118,Overall,Overall,30,11,30,-1.5,-1.582408,0.396833,921,20,
1,119,Overall,Overall,30,18,30,0.5,0.983795,0.385221,1049,19,
1,120,Overall,Overall,30,12,30,-0.5,-0.732093,0.381451,963,19,
1,121,Overall,Overall,30,18,30,1.5,1.266653,0.393479,1063,20,
1,122,Overall,Overall,30,12,30,-0.5,-0.457132,0.383982,977,19,
1,123,Overall,Overall,30,11,30,-1.5,-1.366742,0.398741,932,20,
1,124,Overall,Overall,30,26,30,2.0,3.081216,0.562692,1154,28,
1,125,Overall,Overall,30,17,30,0.0,0.555695,0.383676,1028,19,
1,126,Overall,Overall,30,12,30,-1.0,-0.991422,0.386774,950,19,
1,127,Overall,Overall,30,24,30,2.0,2.161094,0.489861,1108,24,
1,128,Overall,Overall,30,19,30,1.0,1.21062,0.392072,1061,20,
1,129,Overall,Overall,30,20,30,2.0,1.727236,0.41147,1086,21,
1,130,Overall,Overall,30,19,30,1.0,0.886753,0.395225,1044,20,
1,131,Overall,Overall,30,15,30,-1.0,-0.211995,0.373979,989,19,
1,132,Overall,Overall,30,15,30,0.0,-0.302824,0.373231,985,19,
1,133,Overall,Overall,30,20,30,1.5,1.781525,0.405709,1089,20,
1,134,Overall,Overall,30,13,30,-1.5,-1.326406,0.390307,934,20,
1,135,Overall,Overall,30,23,30,2.0,2.202651,0.454233,1110,23,
1,136,Overall,Overall,30,13,30,0.0,0.007148,0.371862,1000,19,
1,137,Overall,Overall,30,10,30,-1.5,-1.752945,0.413142,912,21,
1,138,Overall,Overall,30,24,30,2.0,2.571926,0.486992,1129,24,
1,139,Overall,Overall,30,19,30,0.0,0.863801,0.400403,1043,20,
1,140,Overall,Overall,30,11,30,-2.0,-1.495586,0.39749,925,20,
1,141,Overall,Overall,30,17,30,0.0,-0.059748,0.379991,997,19,
1,142,Overall,Overall,30,15,30,1.0,0.862116,0.399073,1043,20,
1,143,Overall,Overall,30,18,30,1.0,1.036948,0.386322,1052,19,
1,144,Overall,Overall,30,9,30,-2.0,-1.977553,0.419797,901,21,
1,145,Overall,Overall,30,14,30,0.5,0.139217,0.375678,1007,19,
1,146,Overall,Overall,30,19,30,1.0,1.336425,0.39426,1067,20,
1,147,Overall,Overall,30,11,30,-1.0,-1.566522,0.397064,922,20,
1,148,Overall,Overall,30,11,30,-1.0,-1.323905,0.395507,934,20,
1,149,Overall,Overall,30,24,30,2.0,2.105923,0.479203,1105,24,
1,150,Overall,Overall,30,19,30,1.0,1.377396,0.402389,1069,20,
1,151,Overall,Overall,30,11,30,-1.0,-1.574224,0.398691,921,20,
1,152,Overall,Overall,30,15,30,-1.0,-0.530672,0.379726,973,19,
1,153,Overall,Overall,30,11,30,-1.5,-1.697138,0.398503,915,20,
1,154,Overall,Overall,30,8,30,-1.5,-2.159419,0.433685,892,22,
1,155,Overall,Overall,30,11,30,-2.0,-1.356746,0.396141,932,20,
1,156,Overall,Overall,30,9,30,-1.5,-1.779711,0.423581,911,21,
1,157,Overall,Overall,30,19,30,2.0,1.641835,0.405757,1082,20,
1,158,Overall,Overall,30,20,30,2.0,1.360184,0.40188,1068,20,
1,159,Overall,Overall,30,22,30,2.0,1.869942,0.436863,1093,22,
1,160,Overall,Overall,30,10,30,-1.5,-1.707005,0.407161,915,20,
1,161,Overall,Overall,30,12,30,-1.0,-1.505732,0.392464,925,20,
1,162,Overall,Overall,30,10,30,-1.5,-1.543365,0.41827,923,21,
1,163,Overall,Overall,30,20,30,1.0,0.925838,0.400247,1046,20,
1,164,Overall,Overall,30,13,30,0.5,0.737325,0.38584,1037,19,
1,165,Overall,Overall,30,17,30,0.5,0.629574,0.386165,1031,19,
1,166,Overall,Overall,30,20,30,2.0,1.79456,0.407956,1090,20,
1,167,Overall,Overall,30,13,30,-0.5,-0.354158,0.387435,982,19,
1,168,Overall,Overall,30,18,30,1.5,1.48624,0.391906,1074,20,
1,169,Overall,Overall,30,9,30,-2.0,-1.750215,0.413909,912,21,
1,170,Overall,Overall,30,16,30,-0.5,-0.253053,0.376799,987,19,
1,171,Overall,Overall,30,13,30,-1.5,-1.112885,0.379029,944,19,
1,172,Overall,Overall,30,8,30,-2.0,-1.953774,0.436018,902,22,
1,173,Overall,Overall,30,19,30,1.0,1.34833,0.399395,1067,20,
1,174,Overall,Overall,30,15,30,-0.5,-0.715796,0.384356,964,19,
1,175,Overall,Overall,30,10,30,-1.5,-1.359376,0.399568,932,20,
1,176,Overall,Overall,30,23,30,2.0,2.3931,0.457323,1120,23,
1,177,Overall,Overall,30,16,30,0.0,0.145594,0.377769,1007,19,
1,178,Overall,Overall,30,14,30,0.5,0.187347,0.372082,1009,19,
1,179,Overall,Overall,30,17,30,1.5,0.569198,0.374942,1028,19,
1,180,Overall,Overall,30,22,30,1.5,1.853115,0.43714,1093,22,
1,181,Overall,Overall,30,11,30,-2.0,-1.662043,0.3997,917,20,
1,182,Overall,Overall,30,16,30,0.0,0.293136,0.373545,1015,19,
1,183,Overall,Overall,30,8,30,-2.0,-2.138444,0.43671,893,22,
1,184,Overall,Overall,30,20,30,0.5,0.74242,0.401134,1037,20,
1,185,Overall,Overall,30,14,30,-0.5,-0.517176,0.380186,974,19,
1,186,Overall,Overall,30,14,30,0.5,0.142452,0.369625,1007,18,
1,187,Overall,Overall,30,11,30,-1.0,-1.49766,0.398054,925,20,
1,188,Overall,Overall,30,10,30,0.0,-0.808316,0.401726,960,20,
1,189,Overall,Overall,30,17,30,1.0,0.595099,0.374658,1030,19,
1,190,Overall,Overall,30,17,30,0.5,0.808866,0.384884,1040,19,
1,191,Overall,Overall,30,18,30,0.0,-0.009057,0.388231,1000,19,
1,192,Overall,Overall,30,9,30,-2.0,-1.761059,0.421202,912,21,
1,193,Overall,Overall,30,19,30,1.5,1.095849,0.392382,1055,20,
1,194,Overall,Overall,30,6,30,-1.5,-2.032484,0.469979,898,23,
1,195,Overall,Overall,30,10,30,-1.5,-1.597733,0.40262,920,20,
1,196,Overall,Overall,30,20,30,2.0,1.903758,0.412167,1095,21,
1,197,Overall,Overall,30,11,30,-0.5,-0.751315,0.395623,962,20,
1,198,Overall,Overall,30,17,30,1.0,1.089709,0.389123,1054,19,
1,199,Overall,Overall,30,17,30,0.0,-0.264975,0.379398,987,19,
1,200,Overall,Overall,30,12,30,-1.5,-1.473106,0.394856,926,20,
1,201,Overall,Overall,30,17,30,0.5,0.728386,0.374271,1036,19,
1,202,Overall,Overall,30,19,30,1.0,1.567022,0.399576,1078,20,
1,203,Overall,Overall,30,24,30,2.0,2.622605,0.484811,1131,24,
1,204,Overall,Overall,30,13,30,0.5,-0.02024,0.372908,999,19,
1,205,Overall,Overall,30,9,30,-1.5,-1.74848,0.412658,913,21,
1,206,Overall,Overall,30,14,30,-1.0,-1.090184,0.383315,945,19,
1,207,Overall,Overall,30,17,30,1.0,1.008549,0.389945,1050,19,
1,208,Overall,Overall,30,10,30,-1.5,-1.853292,0.409065,907,20,
1,209,Overall,Overall,30,15,30,-0.5,-0.786521,0.376308,961,19,
1,210,Overall,Overall,30,12,30,-1.0,-1.303577,0.392173,935,20,
1,211,Overall,Overall,30,23,30,2.0,2.483681,0.454595,1124,23,
1,212,Overall,Overall,30,9,30,-1.5,-1.878843,0.420274,906,21,
1,213,Overall,Overall,30,6,30,-2.0,-2.487037,0.482529,876,24,
1,214,Overall,Overall,30,23,30,2.0,2.285544,0.46034,1114,23,
1,215,Overall,Overall,30,21,30,1.5,1.712922,0.417512,1086,21,
1,216,Overall,Overall,30,17,30,0.0,0.900199,0.386866,1045,19,
1,217,Overall,Overall,30,16,30,0.5,0.17758,0.372096,1009,19,
1,218,Overall,Overall,30,14,30,-0.5,-0.051415,0.374015,997,19,
1,219,Overall,Overall,30,22,30,1.5,1.554715,0.42819,1078,21,
1,220,Overall,Overall,30,12,30,-1.0,-0.749228,0.38216,963,19,
1,221,Overall,Overall,30,19,30,1.0,1.74919,0.401748,1087,20,
1,222,Overall,Overall,30,9,30,-1.5,-1.680271,0.421168,916,21,
1,223,Overall,Overall,30,16,30,0.5,-0.058306,0.377937,997,19,
1,224,Overall,Overall,30,16,30,0.5,0.418408,0.379257,1021,19,
1,225,Overall,Overall,30,15,30,-0.5,-0.173384,0.37329,991,19,
1,226,Overall,Overall,30,10,30,-1.5,-1.575484,0.401949,921,20,
1,227,Overall,Overall,30,11,30,0.0,-0.596436,0.387876,970,19,
1,228,Overall,Overall,30,15,30,0.5,0.763854,0.380636,1038,19,
1,229,Overall,Overall,30,12,30,-1.0,-1.074421,0.384361,946,19,
1,230,Overall,Overall,30,8,30,-2.0,-1.657178,0.437332,917,22,
1,231,Overall,Overall,30,17,30,0.5,0.608139,0.373117,1030,19,
1,232,Overall,Overall,30,22,30,1.5,2.06351,0.435271,1103,22,
1,233,Overall,Overall,30,9,30,-1.5,-1.78423,0.421222,911,21,
1,234,Overall,Overall,30,19,30,0.5,0.579679,0.38676,1029,19,
1,235,Overall,Overall,30,9,30,-1.5,-1.908522,0.416758,905,21,
1,236,Overall,Overall,30,10,30,-1.5,-1.741081,0.407045,913,20,
1,237,Overall,Overall,30,9,30,-1.5,-1.76769,0.410395,912,21,
1,238,Overall,Overall,30,17,30,0.5,0.07952,0.379325,1004,19,
1,239,Overall,Overall,30,22,30,2.0,2.213014,0.428916,1111,21,
1,240,Overall,Overall,30,19,30,1.5,1.36978,0.394343,1068,20,
1,241,Overall,Overall,30,15,30,1.0,0.897778,0.381146,1045,19,
1,242,Overall,Overall,30,6,30,-2.0,-2.457128,0.484842,877,24,
1,243,Overall,Overall,30,21,30,2.0,1.863871,0.415103,1093,21,
1,244,Overall,Overall,30,16,30,-0.5,-0.497233,0.378224,975,19,
1,245,Overall,Overall,30,15,30,0.5,0.266092,0.378664,1013,19,
1,246,Overall,Overall,30,15,30,0.5,0.042073,0.371939,1002,19,
1,247,Overall,Overall,30,18,30,1.0,1.533496,0.402933,1077,20,
1,248,Overall,Overall,30,18,30,0.5,0.584352,0.382346,1029,19,
1,249,Overall,Overall,30,10,30,-1.0,-1.721885,0.407097,914,20,
1,250,Overall,Overall,30,9,30,-2.0,-1.822777,0.418446,909,21,
1,251,Overall,Overall,30,18,30,1.5,1.040674,0.400066,1052,20,
1,252,Overall,Overall,30,8,30,-1.5,-1.632814,0.427579,918,21,
1,253,Overall,Overall,30,15,30,0.0,-7.07E-4,0.371553,1000,19,
1,254,Overall,Overall,30,22,30,2.0,1.871403,0.432718,1094,22,
1,255,Overall,Overall,30,11,30,-1.0,-1.259589,0.39426,937,20,
1,256,Overall,Overall,30,18,30,0.5,-0.027376,0.383446,999,19,
1,257,Overall,Overall,30,12,30,0.0,-0.250747,0.379735,987,19,
1,258,Overall,Overall,30,13,30,0.0,-0.599753,0.383509,970,19,
1,259,Overall,Overall,30,14,30,-1.0,-1.018669,0.385271,949,19,
1,260,Overall,Overall,30,9,30,-2.0,-1.838907,0.419855,908,21,
1,261,Overall,Overall,30,16,30,1.0,0.973575,0.390701,1049,20,
1,262,Overall,Overall,30,17,30,0.5,0.339133,0.378414,1017,19,
1,263,Overall,Overall,30,17,30,0.0,0.068079,0.378613,1003,19,
1,264,Overall,Overall,30,14,30,-1.5,-0.980771,0.393305,951,20,
1,265,Overall,Overall,30,11,30,-2.0,-1.50969,0.397515,925,20,
1,266,Overall,Overall,30,16,30,-0.5,-0.2471,0.374542,988,19,
1,267,Overall,Overall,30,12,30,-1.0,-1.351119,0.403669,932,20,
1,268,Overall,Overall,30,14,30,0.5,0.545647,0.384455,1027,19,
1,269,Overall,Overall,30,16,30,0.5,0.504301,0.373899,1025,19,
1,270,Overall,Overall,30,15,30,0.0,0.098088,0.377474,1005,19,
1,271,Overall,Overall,30,14,30,-0.5,-0.305275,0.372487,985,19,
1,272,Overall,Overall,30,9,30,-2.0,-1.985041,0.422105,901,21,
1,273,Overall,Overall,30,5,30,-2.0,-2.697134,0.515449,865,26,
1,274,Overall,Overall,30,16,30,1.0,1.172413,0.386633,1059,19,
1,275,Overall,Overall,30,10,30,-2.0,-1.642295,0.405291,918,20,
1,276,Overall,Overall,30,19,30,1.5,1.650249,0.399573,1083,20,
1,277,Overall,Overall,30,11,30,-1.0,-1.658015,0.398946,917,20,
1,278,Overall,Overall,30,8,30,-2.0,-1.819294,0.432291,909,22,
1,279,Overall,Overall,30,16,30,1.0,1.063907,0.390192,1053,20,
1,280,Overall,Overall,30,10,30,-2.0,-1.533524,0.41496,923,21,
1,281,Overall,Overall,30,16,30,1.0,0.960476,0.378445,1048,19,
1,282,Overall,Overall,30,9,30,-2.0,-1.762958,0.422626,912,21,
1,283,Overall,Overall,30,8,30,-2.0,-1.967078,0.432838,902,22,
1,284,Overall,Overall,30,20,30,1.5,1.331358,0.402255,1067,20,
1,285,Overall,Overall,30,17,30,0.0,0.189665,0.378855,1009,19,
1,286,Overall,Overall,30,18,30,1.5,1.346199,0.399933,1067,20,
1,287,Overall,Overall,30,13,30,-0.5,-0.472133,0.378527,976,19,
1,288,Overall,Overall,30,7,30,-2.0,-2.344517,0.454829,883,23,
1,289,Overall,Overall,30,22,30,2.0,2.09123,0.434676,1105,22,
1,290,Overall,Overall,30,11,30,-2.0,-1.6254,0.400897,919,20,
1,291,Overall,Overall,30,23,30,2.0,2.500503,0.457333,1125,23,
1,292,Overall,Overall,30,21,30,1.0,1.674765,0.425758,1084,21,
1,293,Overall,Overall,30,16,30,0.5,0.244336,0.3723,1012,19,
1,294,Overall,Overall,30,13,30,-0.5,-0.618921,0.377539,969,19,
1,295,Overall,Overall,30,22,30,2.0,1.889778,0.431272,1094,22,
1,296,Overall,Overall,30,14,30,-1.0,-0.817787,0.381971,959,19,
1,297,Overall,Overall,30,20,30,1.5,1.680111,0.421404,1084,21,
1,298,Overall,Overall,30,17,30,0.0,0.191701,0.376839,1010,19,
1,299,Overall,Overall,30,14,30,-0.5,-0.371229,0.379405,981,19,
1,300,Overall,Overall,30,15,30,1.0,0.464104,0.374474,1023,19,
1,301,Overall,Overall,30,8,30,-1.5,-2.208992,0.43177,890,22,
1,302,Overall,Overall,30,22,30,2.0,2.022174,0.449218,1101,22,
1,303,Overall,Overall,30,15,30,-1.0,-0.570447,0.378381,971,19,
1,304,Overall,Overall,30,16,30,1.0,0.790757,0.378155,1040,19,
1,305,Overall,Overall,30,14,30,-2.0,-0.944887,0.381612,953,19,
1,306,Overall,Overall,30,8,30,-2.0,-2.208992,0.43177,890,22,
1,307,Overall,Overall,30,5,30,-2.0,-2.788866,0.516417,861,26,
1,308,Overall,Overall,30,14,30,0.5,0.839839,0.382553,1042,19,
1,309,Overall,Overall,30,15,30,-0.5,-0.760797,0.376584,962,19,
1,310,Overall,Overall,30,14,30,0.0,-0.136461,0.377927,993,19,
1,311,Overall,Overall,30,17,30,1.0,0.008713,0.382059,1000,19,
1,312,Overall,Overall,30,23,30,2.0,2.089133,0.451748,1104,23,
1,313,Overall,Overall,30,17,30,1.0,1.047577,0.384185,1052,19,
1,314,Overall,Overall,30,22,30,2.0,2.289085,0.441807,1114,22,
1,315,Overall,Overall,30,7,30,-2.0,-2.022455,0.457491,899,23,
1,316,Overall,Overall,30,19,30,1.5,1.531411,0.399606,1077,20,
1,317,Overall,Overall,30,8,30,-2.0,-1.594777,0.431071,920,22,
1,318,Overall,Overall,30,14,30,0.0,-0.020575,0.376593,999,19,
1,319,Overall,Overall,30,19,30,1.5,1.080482,0.38689,1054,19,
1,320,Overall,Overall,30,13,30,0.5,0.296332,0.383285,1015,19,
1,321,Overall,Overall,30,18,30,1.0,0.97479,0.387824,1049,19,
1,322,Overall,Overall,30,15,30,-0.5,-0.233892,0.375248,988,19,
1,323,Overall,Overall,30,16,30,1.5,0.99383,0.385644,1050,19,
1,324,Overall,Overall,30,20,30,0.5,1.095358,0.397538,1055,20,
1,325,Overall,Overall,30,23,30,1.5,2.125767,0.454973,1106,23,
1,326,Overall,Overall,30,23,30,1.5,2.166043,0.446441,1108,22,
1,327,Overall,Overall,30,6,30,-2.0,-2.558153,0.477161,872,24,
1,328,Overall,Overall,30,21,30,1.0,1.368838,0.41044,1068,21,
1,329,Overall,Overall,30,24,30,2.0,2.711733,0.478994,1136,24,
1,330,Overall,Overall,30,24,30,2.0,2.381908,0.49061,1119,25,
1,331,Overall,Overall,30,21,30,1.5,1.938472,0.42708,1097,21,
1,332,Overall,Overall,30,13,30,-1.0,-0.838393,0.385679,958,19,
1,333,Overall,Overall,30,13,30,0.0,-0.837952,0.385423,958,19,
1,334,Overall,Overall,30,15,30,0.0,-0.161898,0.373425,992,19,
1,335,Overall,Overall,30,16,30,-1.0,-0.976011,0.386985,951,19,
1,336,Overall,Overall,30,15,30,-0.5,-0.354731,0.375742,982,19,
1,337,Overall,Overall,30,21,30,2.0,2.02466,0.424774,1101,21,
1,338,Overall,Overall,30,19,30,1.5,1.351252,0.397055,1068,20,
1,339,Overall,Overall,30,22,30,2.0,2.289085,0.441807,1114,22,
1,340,Overall,Overall,30,15,30,0.0,0.253128,0.373797,1013,19,
1,341,Overall,Overall,30,15,30,0.5,0.409064,0.385326,1020,19,
1,342,Overall,Overall,30,11,30,-0.5,-0.207481,0.386416,990,19,
1,343,Overall,Overall,30,7,30,-2.0,-2.219785,0.452103,889,23,
1,344,Overall,Overall,30,22,30,1.5,2.12991,0.430991,1106,22,
1,345,Overall,Overall,30,13,30,-1.0,-0.922145,0.378817,954,19,
1,346,Overall,Overall,30,24,30,2.0,2.283306,0.473101,1114,24,
1,347,Overall,Overall,30,15,30,1.0,0.806505,0.378777,1040,19,
1,348,Overall,Overall,30,17,30,1.0,1.206387,0.393534,1060,20,
1,349,Overall,Overall,30,11,30,-0.5,-0.537851,0.38302,973,19,
1,350,Overall,Overall,30,5,30,-2.0,-2.609283,0.507362,870,25,
1,351,Overall,Overall,30,21,30,1.0,1.324454,0.4167,1066,21,
1,352,Overall,Overall,30,17,30,1.5,1.185845,0.391323,1059,20,
1,353,Overall,Overall,30,10,30,-0.5,-1.051307,0.404519,947,20,
1,354,Overall,Overall,30,24,30,2.0,2.522363,0.487015,1126,24,
1,355,Overall,Overall,30,24,30,2.0,2.342705,0.48007,1117,24,
1,356,Overall,Overall,30,18,30,0.0,0.465703,0.383598,1023,19,
1,357,Overall,Overall,30,19,30,2.0,1.301665,0.39898,1065,20,
1,358,Overall,Overall,30,14,30,0.0,0.116038,0.372324,1006,19,
1,359,Overall,Overall,30,13,30,-1.0,-0.553912,0.383044,972,19,
1,360,Overall,Overall,30,12,30,-1.0,-1.07351,0.388152,946,19,
1,361,Overall,Overall,30,16,30,-0.5,-0.481726,0.387675,976,19,
1,362,Overall,Overall,30,10,30,-1.5,-1.697443,0.406177,915,20,
1,363,Overall,Overall,30,21,30,1.0,1.59815,0.429009,1080,21,
1,364,Overall,Overall,30,23,30,2.0,2.372004,0.458192,1119,23,
1,365,Overall,Overall,30,20,30,0.5,1.654723,0.417892,1083,21,
1,366,Overall,Overall,30,19,30,1.0,1.014402,0.392889,1051,20,
1,367,Overall,Overall,30,13,30,-2.0,-1.435644,0.390027,928,20,
1,368,Overall,Overall,30,17,30,0.0,0.018857,0.38153,1001,19,
1,369,Overall,Overall,30,10,30,-2.0,-1.628784,0.400567,919,20,
1,370,Overall,Overall,30,9,30,-1.5,-1.808649,0.415757,910,21,
1,371,Overall,Overall,30,8,30,-1.5,-1.46059,0.430024,927,22,
1,372,Overall,Overall,30,9,30,-1.5,-1.643666,0.41394,918,21,
1,373,Overall,Overall,30,22,30,1.5,1.618998,0.430576,1081,22,
1,374,Overall,Overall,30,10,30,-1.5,-1.989372,0.408571,901,20,
1,375,Overall,Overall,30,17,30,1.0,0.803432,0.377769,1040,19,
1,376,Overall,Overall,30,14,30,0.5,0.69718,0.378505,1035,19,
1,377,Overall,Overall,30,18,30,0.0,0.10902,0.381407,1005,19,
1,378,Overall,Overall,30,16,30,0.5,-0.187429,0.376188,991,19,
1,379,Overall,Overall,30,19,30,1.5,1.581486,0.401926,1079,20,
1,380,Overall,Overall,30,15,30,1.0,0.382891,0.369428,1019,18,
1,381,Overall,Overall,30,13,30,0.0,-0.154344,0.376868,992,19,
1,382,Overall,Overall,30,16,30,1.0,0.66534,0.37954,1033,19,
1,383,Overall,Overall,30,9,30,-2.0,-1.81171,0.423236,909,21,
1,384,Overall,Overall,30,8,30,-1.5,-2.207066,0.435628,890,22,
1,385,Overall,Overall,30,18,30,1.0,1.26687,0.399726,1063,20,
1,386,Overall,Overall,30,8,30,-2.0,-2.039946,0.434911,898,22,
1,387,Overall,Overall,30,22,30,1.5,2.041123,0.439943,1102,22,
1,388,Overall,Overall,30,11,30,-1.0,-1.427352,0.393244,929,20,
1,389,Overall,Overall,30,18,30,1.5,0.663718,0.379431,1033,19,
1,390,Overall,Overall,30,13,30,-0.5,0.11617,0.379303,1006,19,
1,391,Overall,Overall,30,17,30,2.0,1.393748,0.389872,1070,19,
1,392,Overall,Overall,30,15,30,-0.5,-0.430159,0.373732,978,19,
1,393,Overall,Overall,30,13,30,-1.0,-1.121957,0.399518,944,20,
1,394,Overall,Overall,30,16,30,-0.5,-0.324757,0.38696,984,19,
1,395,Overall,Overall,30,15,30,0.5,0.77433,0.384344,1039,19,
1,396,Overall,Overall,30,16,30,-0.5,-0.297762,0.376558,985,19,
1,397,Overall,Overall,30,19,30,1.5,1.445216,0.40993,1072,20,
1,398,Overall,Overall,30,14,30,-0.5,-0.08918,0.37115,996,19,
1,399,Overall,Overall,30,11,30,-1.0,-1.231006,0.389415,938,19,
1,400,Overall,Overall,30,22,30,1.5,2.090187,0.426456,1105,21,
1,401,Overall,Overall,30,16,30,-1.0,-0.900768,0.386592,955,19,
1,402,Overall,Overall,30,13,30,-0.5,-0.598201,0.377637,970,19,
1,403,Overall,Overall,30,12,30,-1.0,-1.226044,0.389952,939,19,
1,404,Overall,Overall,30,8,30,-1.5,-2.147605,0.439122,893,22,
1,405,Overall,Overall,30,10,30,-1.0,-1.130635,0.398375,943,20,
1,406,Overall,Overall,30,13,30,-1.5,-0.880659,0.385373,956,19,
1,407,Overall,Overall,30,15,30,0.5,0.913558,0.386206,1046,19,
1,408,Overall,Overall,30,16,30,0.0,-0.020006,0.381325,999,19,
1,409,Overall,Overall,30,15,30,-0.5,-0.76654,0.377079,962,19,
1,410,Overall,Overall,30,17,30,0.0,0.583096,0.378029,1029,19,
1,411,Overall,Overall,30,10,30,-1.0,-1.85911,0.406787,907,20,
1,412,Overall,Overall,30,11,30,-1.0,-1.412108,0.395334,929,20,
1,413,Overall,Overall,30,10,30,-0.5,-1.336712,0.403589,933,20,
1,414,Overall,Overall,30,17,30,0.5,0.119073,0.379851,1006,19,
1,415,Overall,Overall,30,10,30,-1.5,-1.704616,0.407299,915,20,
1,416,Overall,Overall,30,14,30,-1.0,-0.869967,0.377742,957,19,
1,417,Overall,Overall,30,21,30,2.0,1.967902,0.429086,1098,21,
1,418,Overall,Overall,30,21,30,1.5,1.627427,0.420134,1081,21,
1,419,Overall,Overall,30,8,30,-1.5,-1.748479,0.441974,913,22,
1,420,Overall,Overall,30,14,30,0.5,0.113962,0.375851,1006,19,
1,421,Overall,Overall,30,17,30,0.5,0.478559,0.376615,1024,19,
1,422,Overall,Overall,30,16,30,0.5,0.675439,0.377747,1034,19,
1,423,Overall,Overall,30,15,30,0.5,0.444889,0.374844,1022,19,
1,424,Overall,Overall,30,17,30,2.0,1.358149,0.387652,1068,19,
1,425,Overall,Overall,30,14,30,0.0,-0.502344,0.377449,975,19,
1,426,Overall,Overall,30,12,30,-0.5,-0.274071,0.38428,986,19,
1,427,Overall,Overall,30,18,30,1.5,1.069496,0.391283,1053,20,
1,428,Overall,Overall,30,15,30,-0.5,-0.695043,0.3889,965,19,
1,429,Overall,Overall,30,7,30,-2.0,-2.365542,0.458951,882,23,
1,430,Overall,Overall,30,10,30,-2.0,-1.540556,0.408151,923,20,
1,431,Overall,Overall,30,16,30,-0.5,-0.322167,0.385498,984,19,
1,432,Overall,Overall,30,20,30,1.0,1.827054,0.413886,1091,21,
1,433,Overall,Overall,30,15,30,-0.5,0.255282,0.375004,1013,19,
1,434,Overall,Overall,30,16,30,1.5,1.124014,0.388405,1056,19,
1,435,Overall,Overall,30,23,30,2.0,2.176691,0.453504,1109,23,
1,436,Overall,Overall,30,9,30,-0.5,-0.432925,0.408465,978,20,
1,437,Overall,Overall,30,10,30,-2.0,-1.742994,0.413208,913,21,
1,438,Overall,Overall,30,21,30,1.0,1.336245,0.416195,1067,21,
1,439,Overall,Overall,30,10,30,-1.5,-1.666727,0.402861,917,20,
1,440,Overall,Overall,30,11,30,-1.5,-0.861051,0.390632,957,20,
1,441,Overall,Overall,30,19,30,2.0,1.148548,0.409344,1057,20,
1,442,Overall,Overall,30,18,30,1.5,1.234867,0.388154,1062,19,
1,443,Overall,Overall,30,18,30,1.0,1.379335,0.389117,1069,19,
1,444,Overall,Overall,30,13,30,-1.0,-1.392263,0.394065,930,20,
1,445,Overall,Overall,30,16,30,-0.5,0.159509,0.374541,1008,19,
1,446,Overall,Overall,30,16,30,1.0,0.868643,0.376634,1043,19,
1,447,Overall,Overall,30,9,30,-2.0,-1.584636,0.414106,921,21,
1,448,Overall,Overall,30,18,30,0.5,0.55849,0.379842,1028,19,
1,449,Overall,Overall,30,17,30,0.5,0.442754,0.375023,1022,19,
1,450,Overall,Overall,30,17,30,-1.0,-0.518127,0.38815,974,19,
1,451,Overall,Overall,30,13,30,-1.5,-0.800558,0.380156,960,19,
1,452,Overall,Overall,30,21,30,1.5,1.576488,0.41756,1079,21,
1,453,Overall,Overall,30,11,30,-0.5,-0.383162,0.38795,981,19,
1,454,Overall,Overall,30,19,30,1.5,1.44067,0.398702,1072,20,
1,455,Overall,Overall,30,20,30,1.5,1.624298,0.411917,1081,21,
1,456,Overall,Overall,30,13,30,-1.5,-1.403904,0.389955,930,19,
1,457,Overall,Overall,30,17,30,-0.5,-0.868365,0.387891,957,19,
1,458,Overall,Overall,30,10,30,-1.0,-1.329347,0.403463,934,20,
1,459,Overall,Overall,30,12,30,0.0,-0.42494,0.387182,979,19,
1,460,Overall,Overall,30,14,30,0.0,0.423471,0.381827,1021,19,
1,461,Overall,Overall,30,19,30,1.5,1.198349,0.395047,1060,20,
1,462,Overall,Overall,30,9,30,-1.0,-1.898621,0.424993,905,21,
1,463,Overall,Overall,30,14,30,0.5,0.197494,0.374461,1010,19,
1,464,Overall,Overall,30,17,30,2.0,1.032139,0.392353,1052,20,
1,465,Overall,Overall,30,12,30,0.5,0.30497,0.394066,1015,20,
1,466,Overall,Overall,30,19,30,1.5,1.546297,0.407431,1077,20,
1,467,Overall,Overall,30,20,30,1.0,0.881442,0.394244,1044,20,
1,468,Overall,Overall,30,17,30,1.5,1.29526,0.388817,1065,19,
1,469,Overall,Overall,30,10,30,-0.5,-0.727948,0.406064,964,20,
1,470,Overall,Overall,30,12,30,-2.0,-0.98829,0.387886,951,19,
1,471,Overall,Overall,30,8,30,-1.5,-1.904702,0.427338,905,21,
1,472,Overall,Overall,30,9,30,-1.0,-1.906079,0.423606,905,21,
1,473,Overall,Overall,30,7,30,-2.0,-2.214213,0.452759,889,23,
1,474,Overall,Overall,30,18,30,1.0,0.729919,0.378823,1036,19,
1,475,Overall,Overall,30,18,30,0.5,0.346482,0.382446,1017,19,
1,476,Overall,Overall,30,13,30,-2.0,-1.377058,0.397124,931,20,
1,477,Overall,Overall,30,11,30,-1.5,-1.154755,0.399047,942,20,
1,478,Overall,Overall,30,17,30,1.0,0.86244,0.384744,1043,19,
1,479,Overall,Overall,30,9,30,-1.5,-1.797656,0.42184,910,21,
1,480,Overall,Overall,30,15,30,-1.0,-0.609857,0.378151,970,19,
1,481,Overall,Overall,30,16,30,1.0,0.879364,0.386536,1044,19,
1,482,Overall,Overall,30,19,30,2.0,1.543281,0.40087,1077,20,
1,483,Overall,Overall,30,22,30,2.0,2.030187,0.443225,1102,22,
1,484,Overall,Overall,30,16,30,0.5,0.65135,0.375194,1033,19,
1,485,Overall,Overall,30,14,30,-0.5,-0.434075,0.377621,978,19,
1,486,Overall,Overall,30,17,30,1.0,1.131156,0.387556,1057,19,
1,487,Overall,Overall,30,15,30,0.5,0.706065,0.381499,1035,19,
1,488,Overall,Overall,30,10,30,-2.0,-1.764143,0.412887,912,21,
1,489,Overall,Overall,30,18,30,1.5,1.454728,0.393999,1073,20,
1,490,Overall,Overall,30,10,30,0.0,-0.903412,0.402382,955,20,
1,491,Overall,Overall,30,14,30,-1.5,-1.228366,0.389291,939,19,
1,492,Overall,Overall,30,19,30,2.0,1.408104,0.397851,1070,20,
1,493,Overall,Overall,30,12,30,-1.0,-1.084522,0.388461,946,19,
1,494,Overall,Overall,30,21,30,1.5,1.712264,0.414558,1086,21,
1,495,Overall,Overall,30,17,30,1.0,1.229838,0.39507,1061,20,
1,496,Overall,Overall,30,10,30,-1.5,-1.091405,0.397415,945,20,
1,497,Overall,Overall,30,19,30,1.5,1.419953,0.403075,1071,20,
1,498,Overall,Overall,30,19,30,1.0,0.988104,0.387122,1049,19,
1,499,Overall,Overall,30,13,30,-1.0,0.041121,0.374405,1002,19,
1,500,Overall,Overall,30,17,30,-1.0,-0.30085,0.378678,985,19,
1,501,Overall,Overall,30,13,30,-2.0,-1.417339,0.392211,929,20,
1,502,Overall,Overall,30,14,30,0.0,0.161472,0.375863,1008,19,
1,503,Overall,Overall,30,7,30,-2.0,-2.235949,0.457337,888,23,
1,504,Overall,Overall,30,16,30,-0.5,-0.450784,0.382912,977,19,
1,505,Overall,Overall,30,22,30,1.0,1.982527,0.436535,1099,22,
1,506,Overall,Overall,30,15,30,1.5,0.947805,0.38105,1047,19,
1,507,Overall,Overall,30,14,30,-0.5,-0.346226,0.379735,983,19,
1,508,Overall,Overall,30,11,30,-1.5,-1.460075,0.394653,927,20,
1,509,Overall,Overall,30,13,30,0.5,0.200799,0.386153,1010,19,
1,510,Overall,Overall,30,15,30,0.0,0.244658,0.374063,1012,19,
1,511,Overall,Overall,30,15,30,-0.5,-0.294889,0.374,985,19,
1,512,Overall,Overall,30,18,30,0.5,0.719222,0.38173,1036,19,
1,513,Overall,Overall,30,12,30,-1.0,-0.949975,0.388629,953,19,
1,514,Overall,Overall,30,18,30,1.0,0.607258,0.381838,1030,19,
1,515,Overall,Overall,30,19,30,1.5,1.016182,0.392373,1051,20,
1,516,Overall,Overall,30,9,30,-1.5,-1.642657,0.410268,918,21,
1,517,Overall,Overall,30,22,30,1.0,0.935746,0.426727,1047,21,
1,518,Overall,Overall,30,20,30,1.0,0.950466,0.399152,1048,20,
1,519,Overall,Overall,30,19,30,0.0,0.259416,0.389917,1013,19,
1,520,Overall,Overall,30,7,30,-1.5,-2.119188,0.446345,894,22,
1,521,Overall,Overall,30,17,30,1.5,1.404585,0.387942,1070,19,
1,522,Overall,Overall,30,11,30,-1.5,-1.219526,0.390482,939,20,
1,523,Overall,Overall,30,15,30,1.0,1.03825,0.381631,1052,19,
1,524,Overall,Overall,30,20,30,1.0,0.556496,0.394389,1028,20,
1,525,Overall,Overall,30,13,30,-0.5,-1.189438,0.3876,941,19,
1,526,Overall,Overall,30,15,30,0.0,-0.094938,0.375264,995,19,
1,527,Overall,Overall,30,18,30,1.0,0.652186,0.378016,1033,19,
1,528,Overall,Overall,30,7,30,-1.5,-2.156617,0.44533,892,22,
1,529,Overall,Overall,30,14,30,-0.5,-0.294594,0.374938,985,19,
1,530,Overall,Overall,30,14,30,0.0,-0.19693,0.374903,990,19,
1,531,Overall,Overall,30,7,30,-1.5,-2.23492,0.447048,888,22,
1,532,Overall,Overall,30,12,30,-1.0,-0.604718,0.381494,970,19,
1,533,Overall,Overall,30,22,30,2.0,2.223067,0.431134,1111,22,
1,534,Overall,Overall,30,16,30,1.0,0.634246,0.376384,1032,19,
1,535,Overall,Overall,30,16,30,1.0,1.174551,0.39321,1059,20,
1,536,Overall,Overall,30,18,30,1.0,0.881729,0.383619,1044,19,
1,537,Overall,Overall,30,16,30,1.0,0.519108,0.372174,1026,19,
1,538,Overall,Overall,30,13,30,-1.0,-0.663691,0.376975,967,19,
1,539,Overall,Overall,30,19,30,1.0,0.911914,0.387592,1046,19,
1,540,Overall,Overall,30,14,30,0.0,-0.674597,0.378784,966,19,
1,541,Overall,Overall,30,20,30,1.0,0.813471,0.401963,1041,20,
1,542,Overall,Overall,30,13,30,-2.0,-1.283035,0.387796,936,19,
1,543,Overall,Overall,30,15,30,0.0,0.565912,0.372348,1028,19,
1,544,Overall,Overall,30,15,30,-1.0,-0.797094,0.375327,960,19,
1,545,Overall,Overall,30,14,30,0.5,0.232665,0.377126,1012,19,
1,546,Overall,Overall,30,6,30,-2.0,-2.601654,0.476739,870,24,
1,547,Overall,Overall,30,21,30,1.0,1.303852,0.405469,1065,20,
1,548,Overall,Overall,30,15,30,0.0,0.108413,0.371248,1005,19,
1,549,Overall,Overall,30,18,30,0.0,0.433617,0.377719,1022,19,
1,550,Overall,Overall,30,10,30,-1.5,-1.750252,0.413381,912,21,
1,551,Overall,Overall,30,11,30,-1.5,-1.218895,0.396067,939,20,
1,552,Overall,Overall,30,9,30,-2.0,-1.825568,0.418169,909,21,
1,553,Overall,Overall,30,16,30,0.0,0.6564,0.376911,1033,19,
1,554,Overall,Overall,30,19,30,2.0,1.588189,0.400924,1079,20,
1,555,Overall,Overall,30,17,30,0.5,0.918849,0.387742,1046,19,
1,556,Overall,Overall,30,19,30,0.0,0.6099,0.384543,1030,19,
1,557,Overall,Overall,30,13,30,-1.5,-1.18,0.381595,941,19,
1,558,Overall,Overall,30,16,30,-1.0,-0.413675,0.376699,979,19,
1,559,Overall,Overall,30,20,30,0.5,1.704658,0.42442,1085,21,
1,560,Overall,Overall,30,15,30,-0.5,-0.763364,0.377087,962,19,
1,561,Overall,Overall,30,22,30,2.0,1.215734,0.423347,1061,21,
1,562,Overall,Overall,30,20,30,1.0,1.592667,0.406246,1080,20,
1,563,Overall,Overall,30,21,30,2.0,1.980274,0.427209,1099,21,
1,564,Overall,Overall,30,11,30,-1.5,-1.235124,0.410624,938,21,
1,565,Overall,Overall,30,18,30,1.0,1.387546,0.396852,1069,20,
1,566,Overall,Overall,30,20,30,1.5,1.100911,0.391833,1055,20,
1,567,Overall,Overall,30,17,30,1.5,1.056907,0.388658,1053,19,
1,568,Overall,Overall,30,23,30,2.0,2.502163,0.455866,1125,23,
1,569,Overall,Overall,30,16,30,0.0,0.534233,0.375938,1027,19,
1,570,Overall,Overall,30,13,30,-0.5,-0.063758,0.376549,997,19,
1,571,Overall,Overall,30,13,30,-1.0,-0.542236,0.379791,973,19,
1,572,Overall,Overall,30,20,30,1.5,0.814349,0.405202,1041,20,
1,573,Overall,Overall,30,10,30,-1.5,-1.595917,0.410425,920,21,
1,574,Overall,Overall,30,14,30,-0.5,-0.692049,0.378653,965,19,
1,575,Overall,Overall,30,19,30,1.5,1.109701,0.398376,1055,20,
1,576,Overall,Overall,30,14,30,-1.0,-0.339399,0.374325,983,19,
1,577,Overall,Overall,30,13,30,0.0,-0.236997,0.377723,988,19,
1,578,Overall,Overall,30,12,30,-0.5,-1.497836,0.395708,925,20,
1,579,Overall,Overall,30,25,30,2.0,2.717973,0.509869,1136,25,
1,580,Overall,Overall,30,13,30,-1.0,-0.531389,0.378943,973,19,
1,581,Overall,Overall,30,12,30,-1.5,-1.248965,0.399241,938,20,
1,582,Overall,Overall,30,13,30,-0.5,-0.789688,0.384862,961,19,
1,583,Overall,Overall,30,10,30,-1.0,-0.89785,0.399908,955,20,
1,584,Overall,Overall,30,16,30,1.0,0.820553,0.377033,1041,19,
1,585,Overall,Overall,30,16,30,0.5,1.024349,0.383906,1051,19,
1,586,Overall,Overall,30,12,30,-1.5,-1.574129,0.392325,921,20,
1,587,Overall,Overall,30,16,30,-0.5,-0.778001,0.383705,961,19,
1,588,Overall,Overall,30,14,30,-1.0,-1.00213,0.377928,950,19,
1,589,Overall,Overall,30,15,30,0.0,0.018187,0.372715,1001,19,
1,590,Overall,Overall,30,16,30,-0.5,-0.020983,0.374888,999,19,
1,591,Overall,Overall,30,11,30,-0.5,-0.966644,0.39192,952,20,
1,592,Overall,Overall,30,10,30,-2.0,-1.738208,0.404549,913,20,
1,593,Overall,Overall,30,24,30,2.0,2.291306,0.48785,1115,24,
1,594,Overall,Overall,30,17,30,1.0,0.904016,0.386987,1045,19,
1,595,Overall,Overall,30,16,30,0.0,-0.139905,0.381256,993,19,
1,596,Overall,Overall,30,9,30,-2.0,-1.807995,0.419867,910,21,
1,597,Overall,Overall,30,18,30,0.0,-0.297002,0.389074,985,19,
1,598,Overall,Overall,30,14,30,-0.5,-0.597287,0.378502,970,19,
1,599,Overall,Overall,30,15,30,-1.0,-0.870972,0.381842,956,19,
1,600,Overall,Overall,30,15,30,-1.0,-0.595971,0.383436,970,19,
1,601,Overall,Overall,30,14,30,1.0,0.497151,0.376798,1025,19,
1,602,Overall,Overall,30,15,30,-1.0,-1.062976,0.386378,947,19,
1,603,Overall,Overall,30,18,30,2.0,1.349506,0.389413,1067,19,
1,604,Overall,Overall,30,17,30,-0.5,-0.085349,0.378327,996,19,
1,605,Overall,Overall,30,15,30,-0.5,-0.586984,0.375192,971,19,
1,606,Overall,Overall,30,15,30,0.5,0.186832,0.374249,1009,19,
1,607,Overall,Overall,30,13,30,-1.0,-1.27579,0.386886,936,19,
1,608,Overall,Overall,30,18,30,0.5,0.485804,0.38609,1024,19,
1,609,Overall,Overall,30,13,30,-1.0,-0.896544,0.382001,955,19,
1,610,Overall,Overall,30,9,30,-2.0,-2.16055,0.419351,892,21,
1,611,Overall,Overall,30,24,30,2.0,2.728875,0.47793,1136,24,
1,612,Overall,Overall,30,4,30,-2.0,-2.772068,0.561593,861,28,
1,613,Overall,Overall,30,7,30,-2.0,-2.537513,0.45155,873,23,
1,614,Overall,Overall,30,22,30,1.0,1.656384,0.427846,1083,21,
1,615,Overall,Overall,30,16,30,0.0,-0.211845,0.381049,989,19,
1,616,Overall,Overall,30,19,30,2.0,1.503002,0.404979,1075,20,
1,617,Overall,Overall,30,22,30,1.5,1.935115,0.439927,1097,22,
1,618,Overall,Overall,30,22,30,2.0,2.299895,0.439204,1115,22,
1,619,Overall,Overall,30,12,30,-1.0,-1.161564,0.385496,942,19,
1,620,Overall,Overall,30,7,30,-2.0,-2.067209,0.446532,897,22,
1,621,Overall,Overall,30,16,30,1.0,1.0375,0.387205,1052,19,
1,622,Overall,Overall,30,21,30,2.0,1.796203,0.421456,1090,21,
1,623,Overall,Overall,30,21,30,1.0,1.829556,0.422979,1091,21,
1,624,Overall,Overall,30,10,30,-0.5,-1.276463,0.41391,936,21,
1,625,Overall,Overall,30,26,30,2.0,2.904528,0.56602,1145,28,
1,626,Overall,Overall,30,18,30,1.0,0.732882,0.377005,1037,19,
1,627,Overall,Overall,30,23,30,2.0,2.180736,0.454623,1109,23,
1,628,Overall,Overall,30,16,30,0.0,-0.176696,0.375686,991,19,
1,629,Overall,Overall,30,17,30,0.5,0.258951,0.377155,1013,19,
1,630,Overall,Overall,30,10,30,-1.5,-1.658512,0.407421,917,20,
1,631,Overall,Overall,30,16,30,1.5,1.27947,0.383184,1064,19,
1,632,Overall,Overall,30,13,30,-0.5,-0.309928,0.3996,985,20,
1,633,Overall,Overall,30,11,30,-1.0,-1.592944,0.395957,920,20,
1,634,Overall,Overall,30,13,30,0.0,-0.476924,0.377857,976,19,
1,635,Overall,Overall,30,13,30,-0.5,-0.70763,0.384659,965,19,
1,636,Overall,Overall,30,18,30,-0.5,-0.551567,0.395452,972,20,
1,637,Overall,Overall,30,16,30,0.5,0.084191,0.378535,1004,19,
1,638,Overall,Overall,30,9,30,-2.0,-1.756336,0.412281,912,21,
1,639,Overall,Overall,30,22,30,2.0,1.391807,0.423315,1070,21,
1,640,Overall,Overall,30,7,30,-1.5,-2.315518,0.45517,884,23,
1,641,Overall,Overall,30,20,30,1.5,1.796583,0.41673,1090,21,
1,642,Overall,Overall,30,14,30,-1.0,-0.721204,0.378485,964,19,
1,643,Overall,Overall,30,14,30,0.0,-0.071355,0.373769,996,19,
1,644,Overall,Overall,30,18,30,1.0,1.388798,0.396827,1069,20,
1,645,Overall,Overall,30,11,30,-2.0,-1.4922,0.398335,925,20,
1,646,Overall,Overall,30,7,30,-2.0,-2.336022,0.455459,883,23,
1,647,Overall,Overall,30,10,30,-1.0,-1.3113,0.404503,934,20,
1,648,Overall,Overall,30,4,30,-2.0,-3.193708,0.560125,840,28,
1,649,Overall,Overall,30,14,30,0.5,0.281574,0.378525,1014,19,
1,650,Overall,Overall,30,11,30,0.0,-0.536508,0.38541,973,19,
1,651,Overall,Overall,30,17,30,1.0,1.10313,0.391028,1055,20,
1,652,Overall,Overall,30,7,30,-1.5,-2.216516,0.448078,889,22,
1,653,Overall,Overall,30,13,30,0.0,0.089244,0.377562,1004,19,
1,654,Overall,Overall,30,23,30,2.0,2.424547,0.456778,1121,23,
1,655,Overall,Overall,30,10,30,-2.0,-1.633697,0.404792,918,20,
1,656,Overall,Overall,30,21,30,1.0,1.093731,0.407529,1055,20,
1,657,Overall,Overall,30,16,30,0.5,0.435614,0.374396,1022,19,
1,658,Overall,Overall,30,22,30,2.0,2.241454,0.442071,1112,22,
1,659,Overall,Overall,30,10,30,-1.5,-1.249888,0.407992,938,20,
1,660,Overall,Overall,30,20,30,0.5,0.893404,0.400754,1045,20,
1,661,Overall,Overall,30,12,30,-2.0,-1.553548,0.394862,922,20,
1,662,Overall,Overall,30,13,30,-1.0,-0.999788,0.384562,950,19,
1,663,Overall,Overall,30,12,30,-1.5,-1.328058,0.386705,934,19,
1,664,Overall,Overall,30,13,30,-1.0,-0.715055,0.37737,964,19,
1,665,Overall,Overall,30,21,30,1.5,1.807317,0.415821,1090,21,
1,666,Overall,Overall,30,14,30,-0.5,-0.215792,0.379578,989,19,
1,667,Overall,Overall,30,15,30,0.5,-0.194179,0.373804,990,19,
1,668,Overall,Overall,30,17,30,0.0,-0.192378,0.381267,990,19,
1,669,Overall,Overall,30,18,30,0.0,0.408881,0.39728,1020,20,
1,670,Overall,Overall,30,12,30,-1.5,-1.362181,0.391734,932,20,
1,671,Overall,Overall,30,13,30,-1.0,-0.417641,0.379127,979,19,
1,672,Overall,Overall,30,9,30,-1.0,-1.629714,0.409017,919,20,
1,673,Overall,Overall,30,14,30,0.5,0.402712,0.379802,1020,19,
1,674,Overall,Overall,30,9,30,-2.0,-1.81347,0.434006,909,22,
1,675,Overall,Overall,30,12,30,-1.0,-0.994746,0.383904,950,19,
1,676,Overall,Overall,30,22,30,2.0,1.477207,0.432388,1074,22,
1,677,Overall,Overall,30,11,30,-0.5,-0.751022,0.392754,962,20,
1,678,Overall,Overall,30,16,30,-0.5,-0.656794,0.377173,967,19,
1,679,Overall,Overall,30,16,30,0.5,0.665908,0.384142,1033,19,
1,680,Overall,Overall,30,9,30,-1.0,-1.755522,0.411697,912,21,
1,681,Overall,Overall,30,23,30,1.5,2.147831,0.457053,1107,23,
1,682,Overall,Overall,30,8,30,-2.0,-2.023991,0.433617,899,22,
1,683,Overall,Overall,30,22,30,2.0,2.050982,0.434886,1103,22,
1,684,Overall,Overall,30,11,30,-1.0,-1.218041,0.391503,939,20,
1,685,Overall,Overall,30,16,30,0.5,0.127976,0.372735,1006,19,
1,686,Overall,Overall,30,22,30,1.0,1.021956,0.424041,1051,21,
1,687,Overall,Overall,30,14,30,-1.0,-0.746826,0.378058,963,19,
1,688,Overall,Overall,30,18,30,1.5,0.534254,0.386161,1027,19,
1,689,Overall,Overall,30,16,30,-1.0,-0.290213,0.375431,985,19,
1,690,Overall,Overall,30,11,30,-1.0,-1.204289,0.392947,940,20,
1,691,Overall,Overall,30,21,30,2.0,1.742356,0.422628,1087,21,
1,692,Overall,Overall,30,25,30,1.5,2.645009,0.525658,1132,26,
1,693,Overall,Overall,30,18,30,1.5,1.373064,0.39698,1069,20,
1,694,Overall,Overall,30,17,30,-0.5,-0.125933,0.384094,994,19,
1,695,Overall,Overall,30,16,30,0.5,0.419681,0.37404,1021,19,
1,696,Overall,Overall,30,18,30,1.0,0.935826,0.39439,1047,20,
1,697,Overall,Overall,30,21,30,1.0,0.945128,0.415926,1047,21,
1,698,Overall,Overall,30,16,30,1.0,0.796051,0.384118,1040,19,
1,699,Overall,Overall,30,22,30,2.0,2.004841,0.436032,1100,22,
1,700,Overall,Overall,30,12,30,0.0,-0.461855,0.386658,977,19,
1,701,Overall,Overall,30,16,30,1.0,0.450224,0.373056,1023,19,
1,702,Overall,Overall,30,11,30,-0.5,-1.07167,0.39873,946,20,
1,703,Overall,Overall,30,16,30,1.0,0.777747,0.384106,1039,19,
1,704,Overall,Overall,30,16,30,1.0,0.431331,0.371348,1022,19,
1,705,Overall,Overall,30,23,30,2.0,2.426577,0.455994,1121,23,
1,706,Overall,Overall,30,17,30,1.0,0.684287,0.378406,1034,19,
1,707,Overall,Overall,30,12,30,-1.5,-1.30201,0.385339,935,19,
1,708,Overall,Overall,30,17,30,1.0,0.690404,0.37503,1035,19,
1,709,Overall,Overall,30,15,30,0.5,-0.376964,0.375692,981,19,
1,710,Overall,Overall,30,8,30,-2.0,-2.107561,0.439464,895,22,
1,711,Overall,Overall,30,18,30,1.0,1.14838,0.388317,1057,19,
1,712,Overall,Overall,30,19,30,1.5,1.639858,0.406953,1082,20,
1,713,Overall,Overall,30,20,30,0.5,1.112417,0.400177,1056,20,
1,714,Overall,Overall,30,12,30,-2.0,-1.448588,0.393453,928,20,
1,715,Overall,Overall,30,11,30,-1.5,-1.08211,0.393112,946,20,
1,716,Overall,Overall,30,11,30,-0.5,-0.591346,0.392714,970,20,
1,717,Overall,Overall,30,20,30,1.5,1.621138,0.410762,1081,21,
1,718,Overall,Overall,30,21,30,1.5,1.101659,0.413854,1055,21,
1,719,Overall,Overall,30,22,30,1.5,2.041496,0.446994,1102,22,
1,720,Overall,Overall,30,14,30,0.0,-0.394071,0.374756,980,19,
1,721,Overall,Overall,30,9,30,-2.0,-1.803178,0.417265,910,21,
1,722,Overall,Overall,30,13,30,-0.5,0.050391,0.376335,1003,19,
1,723,Overall,Overall,30,13,30,1.5,0.43924,0.389026,1022,19,
1,724,Overall,Overall,30,21,30,2.0,1.770771,0.424363,1089,21,
1,725,Overall,Overall,30,18,30,0.5,1.218794,0.394754,1061,20,
1,726,Overall,Overall,30,15,30,0.0,0.220293,0.371067,1011,19,
1,727,Overall,Overall,30,21,30,2.0,1.613711,0.426041,1081,21,
1,728,Overall,Overall,30,13,30,0.5,0.154575,0.379003,1008,19,
1,729,Overall,Overall,30,12,30,0.0,-0.383746,0.378548,981,19,
1,730,Overall,Overall,30,24,30,2.0,2.307455,0.48262,1115,24,
1,731,Overall,Overall,30,14,30,0.5,0.619556,0.377797,1031,19,
1,732,Overall,Overall,30,12,30,0.0,-0.161247,0.385616,992,19,
1,733,Overall,Overall,30,19,30,2.0,1.349887,0.39896,1067,20,
1,734,Overall,Overall,30,9,30,-2.0,-1.880546,0.417772,906,21,
1,735,Overall,Overall,30,12,30,-0.5,-0.674783,0.383002,966,19,
1,736,Overall,Overall,30,11,30,-1.0,-0.670185,0.385429,966,19,
1,737,Overall,Overall,30,15,30,-1.0,-0.884662,0.385721,956,19,
1,738,Overall,Overall,30,12,30,-0.5,-0.504885,0.382787,975,19,
1,739,Overall,Overall,30,19,30,0.5,0.401157,0.387558,1020,19,
1,740,Overall,Overall,30,13,30,-0.5,-0.849411,0.382897,958,19,
1,741,Overall,Overall,30,9,30,-2.0,-1.701721,0.41414,915,21,
1,742,Overall,Overall,30,16,30,1.5,1.139475,0.390419,1057,20,
1,743,Overall,Overall,30,11,30,-1.5,-1.767376,0.399891,912,20,
1,744,Overall,Overall,30,16,30,1.5,0.844744,0.385615,1042,19,
1,745,Overall,Overall,30,14,30,-1.5,-0.667968,0.382596,967,19,
1,746,Overall,Overall,30,18,30,-0.5,-0.139412,0.382191,993,19,
1,747,Overall,Overall,30,13,30,0.0,-0.142751,0.37454,993,19,
1,748,Overall,Overall,30,13,30,0.0,-0.431558,0.377272,978,19,
1,749,Overall,Overall,30,15,30,0.5,0.401152,0.37348,1020,19,
1,750,Overall,Overall,30,21,30,1.5,1.720613,0.42143,1086,21,
1,751,Overall,Overall,30,12,30,-1.5,-1.338006,0.389302,933,19,
1,752,Overall,Overall,30,7,30,-2.0,-1.86312,0.454044,907,23,
1,753,Overall,Overall,30,23,30,1.5,2.242659,0.455883,1112,23,
1,754,Overall,Overall,30,21,30,2.0,2.113301,0.4253,1106,21,
1,755,Overall,Overall,30,12,30,-1.0,-0.960339,0.38947,952,19,
1,756,Overall,Overall,30,12,30,-1.5,-1.361388,0.394683,932,20,
1,757,Overall,Overall,30,15,30,-0.5,-0.703975,0.375854,965,19,
1,758,Overall,Overall,30,20,30,1.5,1.735683,0.413695,1087,21,
1,759,Overall,Overall,30,20,30,1.0,0.770369,0.405029,1039,20,
1,760,Overall,Overall,30,17,30,1.0,1.349994,0.385974,1067,19,
1,761,Overall,Overall,30,13,30,0.0,0.176265,0.379071,1009,19,
1,762,Overall,Overall,30,17,30,1.0,0.613875,0.375128,1031,19,
1,763,Overall,Overall,30,13,30,-1.0,-1.091229,0.384594,945,19,
1,764,Overall,Overall,30,22,30,2.0,1.631953,0.44032,1082,22,
1,765,Overall,Overall,30,14,30,-0.5,-0.371275,0.374718,981,19,
1,766,Overall,Overall,30,5,30,-2.0,-2.845712,0.507914,858,25,
1,767,Overall,Overall,30,10,30,-1.5,-1.695562,0.407754,915,20,
1,768,Overall,Overall,30,15,30,0.5,0.321174,0.372789,1016,19,
1,769,Overall,Overall,30,14,30,1.0,0.072427,0.37079,1004,19,
1,770,Overall,Overall,30,16,30,-1.0,-0.664926,0.396451,967,20,
1,771,Overall,Overall,30,15,30,-0.5,-0.47713,0.376866,976,19,
1,772,Overall,Overall,30,23,30,2.0,2.19567,0.454369,1110,23,
1,773,Overall,Overall,30,5,30,-2.0,-2.785658,0.513902,861,26,
1,774,Overall,Overall,30,17,30,0.0,-0.107662,0.381671,995,19,
1,775,Overall,Overall,30,9,30,-1.0,-0.871819,0.410227,956,21,
1,776,Overall,Overall,30,9,30,-1.0,-1.652291,0.407297,917,20,
1,777,Overall,Overall,30,15,30,-0.5,0.019248,0.372493,1001,19,
1,778,Overall,Overall,30,17,30,0.0,-0.46938,0.395152,977,20,
1,779,Overall,Overall,30,21,30,0.5,1.008907,0.409312,1050,20,
1,780,Overall,Overall,30,15,30,0.0,-0.389316,0.380799,981,19,
1,781,Overall,Overall,30,13,30,-1.5,-1.441066,0.388981,928,19,
1,782,Overall,Overall,30,15,30,0.0,-0.183451,0.373695,991,19,
1,783,Overall,Overall,30,21,30,2.0,1.833121,0.420788,1092,21,
1,784,Overall,Overall,30,14,30,1.0,0.435072,0.376617,1022,19,
1,785,Overall,Overall,30,13,30,-0.5,-0.588019,0.379119,971,19,
1,786,Overall,Overall,30,15,30,-0.5,-0.193219,0.372523,990,19,
1,787,Overall,Overall,30,7,30,-2.0,-2.118761,0.457738,894,23,
1,788,Overall,Overall,30,14,30,0.0,0.257779,0.37522,1013,19,
1,789,Overall,Overall,30,12,30,0.0,-0.278559,0.379822,986,19,
1,790,Overall,Overall,30,20,30,1.5,1.395703,0.408392,1070,20,
1,791,Overall,Overall,30,15,30,-0.5,-0.864158,0.383209,957,19,
1,792,Overall,Overall,30,15,30,0.5,0.184417,0.375341,1009,19,
1,793,Overall,Overall,30,10,30,-1.5,-1.738668,0.412258,913,21,
1,794,Overall,Overall,30,10,30,-1.5,-1.948192,0.405558,903,20,
1,795,Overall,Overall,30,25,30,2.0,2.600249,0.512314,1130,26,
1,796,Overall,Overall,30,21,30,1.5,1.366575,0.416331,1068,21,
1,797,Overall,Overall,30,8,30,-2.0,-2.04299,0.431056,898,22,
1,798,Overall,Overall,30,9,30,-2.0,-1.422119,0.423017,929,21,
1,799,Overall,Overall,30,20,30,0.0,0.154474,0.404902,1008,20,
1,800,Overall,Overall,30,19,30,1.0,1.325732,0.404569,1066,20,
1,801,Overall,Overall,30,5,30,-1.5,-2.813257,0.51245,859,26,
1,802,Overall,Overall,30,9,30,-2.0,-1.839462,0.420444,908,21,
1,803,Overall,Overall,30,15,30,0.5,0.491217,0.373901,1025,19,
1,804,Overall,Overall,30,10,30,-1.0,-0.740825,0.393777,963,20,
1,805,Overall,Overall,30,15,30,-0.5,-0.469697,0.375726,977,19,
1,806,Overall,Overall,30,16,30,0.5,1.06768,0.383904,1053,19,
1,807,Overall,Overall,30,15,30,0.0,-0.629328,0.380075,969,19,
1,808,Overall,Overall,30,4,30,-2.0,-2.839593,0.559011,858,28,
1,809,Overall,Overall,30,21,30,2.0,2.135651,0.426848,1107,21,
1,810,Overall,Overall,30,17,30,0.5,0.500025,0.383119,1025,19,
1,811,Overall,Overall,30,13,30,-1.0,-1.056068,0.382255,947,19,
1,812,Overall,Overall,30,15,30,0.0,0.240648,0.372077,1012,19,
1,813,Overall,Overall,30,13,30,0.5,0.04688,0.380051,1002,19,
1,814,Overall,Overall,30,13,30,-1.0,-0.96501,0.382948,952,19,
1,815,Overall,Overall,30,13,30,-1.0,-0.780679,0.37628,961,19,
1,816,Overall,Overall,30,14,30,-1.5,-1.14726,0.384266,943,19,
1,817,Overall,Overall,30,15,30,0.5,0.340457,0.371953,1017,19,
1,818,Overall,Overall,30,15,30,-0.5,-0.50439,0.380579,975,19,
1,819,Overall,Overall,30,8,30,-1.5,-2.015367,0.429915,899,21,
1,820,Overall,Overall,30,12,30,-1.5,-1.217119,0.387425,939,19,
1,821,Overall,Overall,30,16,30,0.0,-0.02591,0.376471,999,19,
1,822,Overall,Overall,30,17,30,0.0,0.099323,0.377667,1005,19,
1,823,Overall,Overall,30,11,30,-1.5,-1.690017,0.40077,915,20,
1,824,Overall,Overall,30,20,30,1.5,1.116887,0.423531,1056,21,
1,825,Overall,Overall,30,12,30,0.0,-0.801504,0.393767,960,20,
1,826,Overall,Overall,30,10,30,-2.0,-1.673562,0.414378,916,21,
1,827,Overall,Overall,30,18,30,1.0,1.339868,0.40678,1067,20,
1,828,Overall,Overall,30,10,30,-1.0,-1.329024,0.399586,934,20,
1,829,Overall,Overall,30,17,30,1.5,1.362723,0.394502,1068,20,
1,830,Overall,Overall,30,27,30,2.0,3.309444,0.636108,1165,32,
1,831,Overall,Overall,30,13,30,0.0,-0.359172,0.374805,982,19,
1,832,Overall,Overall,30,18,30,0.5,0.081483,0.390155,1004,20,
1,833,Overall,Overall,30,17,30,1.5,1.139491,0.390416,1057,20,
1,834,Overall,Overall,30,15,30,-1.5,-1.113967,0.386115,944,19,
1,835,Overall,Overall,30,15,30,0.5,-0.08235,0.370522,996,19,
1,836,Overall,Overall,30,14,30,0.0,-0.851515,0.379463,957,19,
1,837,Overall,Overall,30,16,30,2.0,0.873682,0.39658,1044,20,
1,838,Overall,Overall,30,16,30,0.0,-0.237046,0.377234,988,19,
1,839,Overall,Overall,30,19,30,0.5,0.845715,0.386128,1042,19,
1,840,Overall,Overall,30,19,30,0.0,0.154942,0.393163,1008,20,
1,841,Overall,Overall,30,14,30,0.0,-0.24579,0.372617,988,19,
1,842,Overall,Overall,30,20,30,0.5,1.475649,0.400791,1074,20,
1,843,Overall,Overall,30,19,30,1.5,1.392875,0.402949,1070,20,
1,844,Overall,Overall,30,13,30,-1.5,-1.030252,0.39192,948,20,
1,845,Overall,Overall,30,18,30,0.0,0.289032,0.380989,1014,19,
1,846,Overall,Overall,30,8,30,-1.5,-2.255001,0.432968,887,22,
1,847,Overall,Overall,30,20,30,1.5,1.134112,0.410802,1057,21,
1,848,Overall,Overall,30,14,30,0.0,0.382039,0.377741,1019,19,
1,849,Overall,Overall,30,15,30,-1.0,-0.64658,0.381043,968,19,
1,850,Overall,Overall,30,5,30,-2.0,-2.726435,0.50821,864,25,
1,851,Overall,Overall,30,15,30,0.5,0.330217,0.372812,1017,19,
1,852,Overall,Overall,30,20,30,2.0,1.819049,0.414589,1091,21,
1,853,Overall,Overall,30,26,30,1.5,2.751736,0.556224,1138,28,
1,854,Overall,Overall,30,17,30,1.5,0.792374,0.377981,1040,19,
1,855,Overall,Overall,30,23,30,2.0,2.147388,0.446479,1107,22,
1,856,Overall,Overall,30,16,30,-0.5,-0.213284,0.376438,989,19,
1,857,Overall,Overall,30,17,30,-0.5,-0.065956,0.377432,997,19,
1,858,Overall,Overall,30,16,30,1.0,1.074044,0.389156,1054,19,
1,859,Overall,Overall,30,6,30,-2.0,-1.95771,0.477403,902,24,
1,860,Overall,Overall,30,14,30,-0.5,-1.018865,0.384691,949,19,
1,861,Overall,Overall,30,6,30,-1.5,-2.036449,0.46824,898,23,
1,862,Overall,Overall,30,15,30,0.5,0.407677,0.375521,1020,19,
1,863,Overall,Overall,30,9,30,-2.0,-2.041189,0.417655,898,21,
1,864,Overall,Overall,30,20,30,0.0,0.164114,0.398199,1008,20,
1,865,Overall,Overall,30,20,30,1.0,1.743406,0.407865,1087,20,
1,866,Overall,Overall,30,17,30,1.5,1.345492,0.395797,1067,20,
1,867,Overall,Overall,30,5,30,-2.0,-2.59165,0.512007,870,26,
1,868,Overall,Overall,30,21,30,2.0,1.836971,0.418124,1092,21,
1,869,Overall,Overall,30,10,30,-1.0,-1.386942,0.40019,931,20,
1,870,Overall,Overall,30,17,30,0.0,0.259482,0.375074,1013,19,
1,871,Overall,Overall,30,13,30,0.0,0.195345,0.380364,1010,19,
1,872,Overall,Overall,30,21,30,1.5,1.882657,0.438431,1094,22,
1,873,Overall,Overall,30,12,30,-1.5,-1.170814,0.382155,941,19,
1,874,Overall,Overall,30,12,30,-0.5,-0.209719,0.382896,990,19,
1,875,Overall,Overall,30,23,30,1.5,2.15916,0.456076,1108,23,
1,876,Overall,Overall,30,21,30,1.5,2.034993,0.423864,1102,21,
1,877,Overall,Overall,30,9,30,-2.0,-1.832134,0.424903,908,21,
1,878,Overall,Overall,30,15,30,0.0,0.511271,0.376782,1026,19,
1,879,Overall,Overall,30,23,30,2.0,2.342033,0.459364,1117,23,
1,880,Overall,Overall,30,16,30,0.5,0.241136,0.378497,1012,19,
1,881,Overall,Overall,30,20,30,1.5,1.754742,0.41081,1088,21,
1,882,Overall,Overall,30,13,30,-0.5,-0.959701,0.379328,952,19,
1,883,Overall,Overall,30,24,30,2.0,2.555209,0.487232,1128,24,
1,884,Overall,Overall,30,17,30,0.5,0.743592,0.376939,1037,19,
1,885,Overall,Overall,30,15,30,0.0,-0.409098,0.376327,980,19,
1,886,Overall,Overall,30,15,30,-0.5,-0.531567,0.375381,973,19,
1,887,Overall,Overall,30,17,30,-0.5,0.102244,0.376321,1005,19,
1,888,Overall,Overall,30,13,30,0.0,-0.355383,0.382874,982,19,
1,889,Overall,Overall,30,20,30,1.5,1.656615,0.406315,1083,20,
1,890,Overall,Overall,30,21,30,2.0,1.882759,0.43202,1094,22,
1,891,Overall,Overall,30,12,30,-1.5,-1.412501,0.388608,929,19,
1,892,Overall,Overall,30,13,30,-0.5,-0.439924,0.388243,978,19,
1,893,Overall,Overall,30,8,30,-1.5,-2.222884,0.434591,889,22,
1,894,Overall,Overall,30,12,30,-1.0,-0.721245,0.381578,964,19,
1,895,Overall,Overall,30,24,30,2.0,2.388864,0.474814,1119,24,
1,896,Overall,Overall,30,19,30,1.5,1.762869,0.402917,1088,20,
1,897,Overall,Overall,30,16,30,-0.5,-0.713239,0.379453,964,19,
1,898,Overall,Overall,30,24,30,2.0,2.22713,0.476865,1111,24,
1,899,Overall,Overall,30,6,30,-2.0,-2.374315,0.473903,881,24,
1,900,Overall,Overall,30,22,30,2.0,1.720481,0.431131,1086,22,
2,1,Overall,Overall,30,16,30,0.0,-0.322799,0.37984,984,19,
2,2,Overall,Overall,30,9,30,-1.5,-1.009432,0.423011,950,21,
2,3,Overall,Overall,30,6,30,-2.0,-2.700321,0.47268,865,24,
2,4,Overall,Overall,30,17,30,0.0,-0.097995,0.384506,995,19,
2,5,Overall,Overall,30,19,30,0.5,0.857089,0.395401,1043,20,
2,6,Overall,Overall,30,13,30,-0.5,-0.668192,0.380053,967,19,
2,7,Overall,Overall,30,15,30,0.5,0.82598,0.387987,1041,19,
2,8,Overall,Overall,30,15,30,0.5,0.222931,0.373563,1011,19,
2,9,Overall,Overall,30,6,30,-2.0,-2.472985,0.478329,876,24,
2,10,Overall,Overall,30,16,30,0.0,0.012201,0.374699,1001,19,
2,11,Overall,Overall,30,8,30,-1.5,-1.828086,0.422862,909,21,
2,12,Overall,Overall,30,19,30,2.0,1.108175,0.405966,1055,20,
2,13,Overall,Overall,30,15,30,0.5,0.480303,0.3758,1024,19,
2,14,Overall,Overall,30,18,30,2.0,1.458655,0.401042,1073,20,
2,15,Overall,Overall,30,14,30,0.0,-0.022472,0.374688,999,19,
2,16,Overall,Overall,30,12,30,-0.5,-0.720588,0.3878,964,19,
2,17,Overall,Overall,30,12,30,-1.0,-0.568616,0.382682,972,19,
2,18,Overall,Overall,30,11,30,-1.0,-1.193038,0.392845,940,20,
2,19,Overall,Overall,30,17,30,2.0,1.426763,0.385092,1071,19,
2,20,Overall,Overall,30,21,30,1.0,1.340889,0.425965,1067,21,
2,21,Overall,Overall,30,10,30,-0.5,-0.886651,0.399279,956,20,
2,22,Overall,Overall,30,13,30,-0.5,0.10144,0.375641,1005,19,
2,23,Overall,Overall,30,21,30,1.5,2.058445,0.414771,1103,21,
2,24,Overall,Overall,30,13,30,-1.5,-1.26319,0.384824,937,19,
2,25,Overall,Overall,30,7,30,-2.0,-2.10511,0.447709,895,22,
2,26,Overall,Overall,30,17,30,0.5,0.838888,0.378307,1042,19,
2,27,Overall,Overall,30,19,30,1.0,0.668576,0.383056,1033,19,
2,28,Overall,Overall,30,7,30,-2.0,-2.13846,0.448667,893,22,
2,29,Overall,Overall,30,17,30,0.5,0.297318,0.383682,1015,19,
2,30,Overall,Overall,30,15,30,0.0,0.206124,0.374811,1010,19,
2,31,Overall,Overall,30,19,30,2.0,1.599115,0.400328,1080,20,
2,32,Overall,Overall,30,25,30,2.0,2.792172,0.515999,1140,26,
2,33,Overall,Overall,30,22,30,1.0,1.874459,0.436417,1094,22,
2,34,Overall,Overall,30,14,30,0.0,-0.24359,0.373949,988,19,
2,35,Overall,Overall,30,12,30,-0.5,-0.876038,0.386265,956,19,
2,36,Overall,Overall,30,19,30,1.0,0.795049,0.387273,1040,19,
2,37,Overall,Overall,30,14,30,-2.0,-1.348774,0.386977,933,19,
2,38,Overall,Overall,30,16,30,0.5,0.911951,0.383133,1046,19,
2,39,Overall,Overall,30,11,30,-0.5,-1.240842,0.389552,938,19,
2,40,Overall,Overall,30,19,30,0.5,0.5163,0.387114,1026,19,
2,41,Overall,Overall,30,10,30,-0.5,-1.105964,0.41076,945,21,
2,42,Overall,Overall,30,12,30,0.5,-0.288565,0.377637,986,19,
2,43,Overall,Overall,30,15,30,0.0,-0.826147,0.38477,959,19,
2,44,Overall,Overall,30,15,30,-0.5,-0.125172,0.37996,994,19,
2,45,Overall,Overall,30,14,30,0.5,0.112639,0.370589,1006,19,
2,46,Overall,Overall,30,19,30,1.0,1.327792,0.38973,1066,19,
2,47,Overall,Overall,30,14,30,0.0,-0.773605,0.377586,961,19,
2,48,Overall,Overall,30,19,30,0.5,0.63717,0.392159,1032,20,
2,49,Overall,Overall,30,21,30,1.5,1.755245,0.426587,1088,21,
2,50,Overall,Overall,30,25,30,2.0,2.514276,0.50773,1126,25,
2,51,Overall,Overall,30,22,30,2.0,1.997143,0.432306,1100,22,
2,52,Overall,Overall,30,16,30,0.5,0.601372,0.374387,1030,19,
2,53,Overall,Overall,30,7,30,-2.0,-2.396547,0.457494,880,23,
2,54,Overall,Overall,30,19,30,1.0,1.416971,0.401437,1071,20,
2,55,Overall,Overall,30,21,30,2.0,1.690728,0.419278,1085,21,
2,56,Overall,Overall,30,17,30,0.5,0.136248,0.37665,1007,19,
2,57,Overall,Overall,30,17,30,0.5,0.381644,0.374815,1019,19,
2,58,Overall,Overall,30,21,30,1.5,1.322872,0.407851,1066,20,
2,59,Overall,Overall,30,9,30,-2.0,-1.90475,0.419235,905,21,
2,60,Overall,Overall,30,18,30,0.5,0.710623,0.388429,1036,19,
2,61,Overall,Overall,30,12,30,-1.0,-0.135841,0.380789,993,19,
2,62,Overall,Overall,30,19,30,1.5,1.567835,0.394215,1078,20,
2,63,Overall,Overall,30,13,30,-0.5,-0.434086,0.383255,978,19,
2,64,Overall,Overall,30,13,30,-1.0,-0.559099,0.380036,972,19,
2,65,Overall,Overall,30,22,30,2.0,1.916715,0.438818,1096,22,
2,66,Overall,Overall,30,8,30,-1.5,-1.528439,0.422492,924,21,
2,67,Overall,Overall,30,12,30,-0.5,-0.698664,0.381974,965,19,
2,68,Overall,Overall,30,20,30,2.0,1.672904,0.409077,1084,20,
2,69,Overall,Overall,30,18,30,1.5,0.737054,0.381535,1037,19,
2,70,Overall,Overall,30,16,30,-0.5,-0.564537,0.378596,972,19,
2,71,Overall,Overall,30,20,30,1.0,1.640833,0.404513,1082,20,
2,72,Overall,Overall,30,11,30,-0.5,-0.519213,0.385126,974,19,
2,73,Overall,Overall,30,16,30,1.0,1.1692,0.394187,1058,20,
2,74,Overall,Overall,30,23,30,2.0,2.009813,0.462548,1100,23,
2,75,Overall,Overall,30,20,30,0.5,1.01817,0.398971,1051,20,
2,76,Overall,Overall,30,14,30,-0.5,-1.21911,0.385771,939,19,
2,77,Overall,Overall,30,21,30,2.0,1.811751,0.426346,1091,21,
2,78,Overall,Overall,30,19,30,2.0,1.495434,0.405642,1075,20,
2,79,Overall,Overall,30,16,30,1.0,1.134766,0.388779,1057,19,
2,80,Overall,Overall,30,16,30,-1.0,-0.467333,0.378078,977,19,
2,81,Overall,Overall,30,15,30,-0.5,0.15265,0.370557,1008,19,
2,82,Overall,Overall,30,17,30,1.0,1.178504,0.396652,1059,20,
2,83,Overall,Overall,30,12,30,-1.5,-1.062362,0.385584,947,19,
2,84,Overall,Overall,30,8,30,-2.0,-1.656807,0.440283,917,22,
2,85,Overall,Overall,30,15,30,-0.5,-0.966068,0.384339,952,19,
2,86,Overall,Overall,30,19,30,2.0,1.053507,0.398768,1053,20,
2,87,Overall,Overall,30,10,30,-1.5,-1.407643,0.40525,930,20,
2,88,Overall,Overall,30,7,30,-2.0,-2.216516,0.448078,889,22,
2,89,Overall,Overall,30,17,30,1.5,1.320518,0.390829,1066,20,
2,90,Overall,Overall,30,10,30,-1.5,-1.67426,0.409281,916,20,
2,91,Overall,Overall,30,9,30,-1.5,-1.951795,0.41628,902,21,
2,92,Overall,Overall,30,23,30,2.0,2.489618,0.454047,1124,23,
2,93,Overall,Overall,30,17,30,0.5,0.062651,0.377806,1003,19,
2,94,Overall,Overall,30,13,30,-1.5,-1.173736,0.38755,941,19,
2,95,Overall,Overall,30,20,30,1.0,1.337603,0.402414,1067,20,
2,96,Overall,Overall,30,20,30,1.5,1.085193,0.397533,1054,20,
2,97,Overall,Overall,30,13,30,0.0,-0.144863,0.373627,993,19,
2,98,Overall,Overall,30,22,30,2.0,1.94826,0.429387,1097,21,
2,99,Overall,Overall,30,21,30,1.0,1.061236,0.418499,1053,21,
2,100,Overall,Overall,30,12,30,-1.0,-0.668115,0.383375,967,19,
2,101,Overall,Overall,30,13,30,-0.5,-1.439224,0.387101,928,19,
2,102,Overall,Overall,30,17,30,0.5,-0.026999,0.381336,999,19,
2,103,Overall,Overall,30,14,30,-0.5,-0.191361,0.373608,990,19,
2,104,Overall,Overall,30,11,30,-2.0,-1.530142,0.397799,923,20,
2,105,Overall,Overall,30,14,30,0.0,-0.336177,0.376791,983,19,
2,106,Overall,Overall,30,17,30,0.5,0.8598,0.381505,1043,19,
2,107,Overall,Overall,30,9,30,-2.0,-2.155889,0.417476,892,21,
2,108,Overall,Overall,30,14,30,-0.5,-0.604832,0.378399,970,19,
2,109,Overall,Overall,30,14,30,-1.0,-0.932828,0.389995,953,19,
2,110,Overall,Overall,30,9,30,-2.0,-1.833714,0.418011,908,21,
2,111,Overall,Overall,30,10,30,-2.0,-1.691869,0.404853,915,20,
2,112,Overall,Overall,30,20,30,1.5,1.335088,0.397768,1067,20,
2,113,Overall,Overall,30,22,30,2.0,1.940205,0.430575,1097,22,
2,114,Overall,Overall,30,23,30,2.0,2.143744,0.459214,1107,23,
2,115,Overall,Overall,30,18,30,-0.5,-0.421299,0.385797,979,19,
2,116,Overall,Overall,30,16,30,0.5,-0.456425,0.389337,977,19,
2,117,Overall,Overall,30,13,30,0.0,-0.09339,0.372821,995,19,
2,118,Overall,Overall,30,17,30,0.5,-0.093166,0.379799,995,19,
2,119,Overall,Overall,30,14,30,1.0,0.85647,0.390294,1043,20,
2,120,Overall,Overall,30,12,30,-1.0,-1.519347,0.39686,924,20,
2,121,Overall,Overall,30,24,30,2.0,2.373525,0.47609,1119,24,
2,122,Overall,Overall,30,9,30,-2.0,-2.043557,0.421146,898,21,
2,123,Overall,Overall,30,12,30,-1.0,-1.078269,0.391785,946,20,
2,124,Overall,Overall,30,17,30,0.5,0.00838,0.378867,1000,19,
2,125,Overall,Overall,30,3,30,-2.0,-3.304654,0.624436,835,31,
2,126,Overall,Overall,30,21,30,2.0,1.9953,0.42551,1100,21,
2,127,Overall,Overall,30,18,30,0.5,0.767437,0.375497,1038,19,
2,128,Overall,Overall,30,20,30,2.0,1.173327,0.403615,1059,20,
2,129,Overall,Overall,30,13,30,-2.0,-1.41593,0.389241,929,19,
2,130,Overall,Overall,30,17,30,1.0,1.008549,0.389945,1050,19,
2,131,Overall,Overall,30,25,30,2.0,2.604912,0.516072,1130,26,
2,132,Overall,Overall,30,16,30,-0.5,0.451696,0.373355,1023,19,
2,133,Overall,Overall,30,20,30,1.0,1.628755,0.412419,1081,21,
2,134,Overall,Overall,30,12,30,-1.5,-0.996112,0.38758,950,19,
2,135,Overall,Overall,30,19,30,1.5,0.952497,0.385748,1048,19,
2,136,Overall,Overall,30,22,30,1.5,2.131471,0.44198,1107,22,
2,137,Overall,Overall,30,24,30,2.0,2.415838,0.491946,1121,25,
2,138,Overall,Overall,30,21,30,2.0,1.76255,0.430285,1088,22,
2,139,Overall,Overall,30,23,30,1.5,2.051418,0.453501,1103,23,
2,140,Overall,Overall,30,20,30,1.0,0.917456,0.398262,1046,20,
2,141,Overall,Overall,30,14,30,-0.5,-0.016778,0.382844,999,19,
2,142,Overall,Overall,30,13,30,-0.5,-1.033985,0.379123,948,19,
2,143,Overall,Overall,30,10,30,-1.5,-1.620784,0.40574,919,20,
2,144,Overall,Overall,30,11,30,-1.0,-1.455901,0.401948,927,20,
2,145,Overall,Overall,30,8,30,-2.0,-1.855988,0.42968,907,21,
2,146,Overall,Overall,30,12,30,-1.5,-1.398308,0.390458,930,20,
2,147,Overall,Overall,30,22,30,1.5,1.479281,0.452705,1074,23,
2,148,Overall,Overall,30,15,30,0.5,0.800316,0.38645,1040,19,
2,149,Overall,Overall,30,19,30,1.5,1.449407,0.405024,1072,20,
2,150,Overall,Overall,30,12,30,-1.0,-1.169536,0.4047,942,20,
2,151,Overall,Overall,30,8,30,-2.0,-2.042425,0.431984,898,22,
2,152,Overall,Overall,30,16,30,-0.5,-0.266479,0.380791,987,19,
2,153,Overall,Overall,30,11,30,0.0,-0.328214,0.388448,984,19,
2,154,Overall,Overall,30,18,30,1.5,1.364974,0.389168,1068,19,
2,155,Overall,Overall,30,9,30,-1.5,-1.482689,0.408774,926,20,
2,156,Overall,Overall,30,14,30,-1.0,-0.948091,0.377987,953,19,
2,157,Overall,Overall,30,17,30,1.0,1.050492,0.386984,1053,19,
2,158,Overall,Overall,30,23,30,2.0,2.012847,0.451696,1101,23,
2,159,Overall,Overall,30,12,30,-1.5,-1.364643,0.388985,932,19,
2,160,Overall,Overall,30,18,30,0.5,1.010702,0.391214,1051,20,
2,161,Overall,Overall,30,17,30,1.0,1.25079,0.389916,1063,19,
2,162,Overall,Overall,30,15,30,0.0,0.41118,0.375619,1021,19,
2,163,Overall,Overall,30,13,30,0.0,-0.078501,0.373295,996,19,
2,164,Overall,Overall,30,16,30,0.5,-0.014925,0.376863,999,19,
2,165,Overall,Overall,30,16,30,0.5,0.689523,0.378202,1034,19,
2,166,Overall,Overall,30,13,30,-1.5,-1.423798,0.389621,929,19,
2,167,Overall,Overall,30,21,30,1.0,0.601971,0.411077,1030,21,
2,168,Overall,Overall,30,24,30,1.5,2.518836,0.493854,1126,25,
2,169,Overall,Overall,30,20,30,2.0,1.823858,0.415904,1091,21,
2,170,Overall,Overall,30,10,30,-1.5,-1.262045,0.396933,937,20,
2,171,Overall,Overall,30,13,30,-1.5,-0.660653,0.37703,967,19,
2,172,Overall,Overall,30,23,30,2.0,2.361243,0.458041,1118,23,
2,173,Overall,Overall,30,14,30,-0.5,-0.800737,0.381522,960,19,
2,174,Overall,Overall,30,23,30,2.0,2.349249,0.454162,1117,23,
2,175,Overall,Overall,30,11,30,-1.5,-1.324843,0.398839,934,20,
2,176,Overall,Overall,30,14,30,0.0,-0.422417,0.37922,979,19,
2,177,Overall,Overall,30,16,30,0.5,0.847529,0.3829,1042,19,
2,178,Overall,Overall,30,12,30,-1.0,-1.505732,0.392464,925,20,
2,179,Overall,Overall,30,12,30,-1.0,-1.38405,0.392924,931,20,
2,180,Overall,Overall,30,16,30,0.0,0.092056,0.379113,1005,19,
2,181,Overall,Overall,30,17,30,0.5,0.910405,0.382014,1046,19,
2,182,Overall,Overall,30,16,30,0.5,0.6607,0.37438,1033,19,
2,183,Overall,Overall,30,10,30,-1.0,-1.148577,0.404655,943,20,
2,184,Overall,Overall,30,12,30,-1.0,-0.702219,0.389785,965,19,
2,185,Overall,Overall,30,21,30,1.5,1.950929,0.430917,1098,22,
2,186,Overall,Overall,30,19,30,1.0,1.036133,0.395792,1052,20,
2,187,Overall,Overall,30,16,30,0.0,0.128583,0.371396,1006,19,
2,188,Overall,Overall,30,15,30,0.5,-0.298282,0.373555,985,19,
2,189,Overall,Overall,30,10,30,-1.5,-1.77434,0.414762,911,21,
2,190,Overall,Overall,30,16,30,0.5,0.030924,0.376627,1002,19,
2,191,Overall,Overall,30,8,30,-1.0,-1.470457,0.429674,926,21,
2,192,Overall,Overall,30,9,30,-2.0,-1.837626,0.417769,908,21,
2,193,Overall,Overall,30,17,30,1.5,0.939051,0.386562,1047,19,
2,194,Overall,Overall,30,11,30,-1.5,-1.690017,0.40077,915,20,
2,195,Overall,Overall,30,6,30,-2.0,-2.567394,0.474299,872,24,
2,196,Overall,Overall,30,15,30,-0.5,-0.423393,0.373942,979,19,
2,197,Overall,Overall,30,11,30,-1.5,-1.206226,0.3932,940,20,
2,198,Overall,Overall,30,12,30,0.0,-0.504808,0.387808,975,19,
2,199,Overall,Overall,30,7,30,-1.5,-2.495383,0.449872,875,22,
2,200,Overall,Overall,30,14,30,-0.5,-0.934089,0.383162,953,19,
2,201,Overall,Overall,30,19,30,1.5,1.321088,0.398191,1066,20,
2,202,Overall,Overall,30,13,30,-1.0,-1.152512,0.393545,942,20,
2,203,Overall,Overall,30,18,30,2.0,1.409883,0.393564,1070,20,
2,204,Overall,Overall,30,13,30,-1.0,-1.186795,0.384382,941,19,
2,205,Overall,Overall,30,10,30,-2.0,-1.583769,0.403666,921,20,
2,206,Overall,Overall,30,16,30,0.0,-0.611981,0.380022,969,19,
2,207,Overall,Overall,30,12,30,-1.5,-0.700219,0.387494,965,19,
2,208,Overall,Overall,30,14,30,0.0,0.038516,0.377296,1002,19,
2,209,Overall,Overall,30,21,30,2.0,2.078123,0.424151,1104,21,
2,210,Overall,Overall,30,22,30,2.0,1.886917,0.431379,1094,22,
2,211,Overall,Overall,30,14,30,0.5,0.53749,0.380508,1027,19,
2,212,Overall,Overall,30,24,30,2.0,2.511632,0.475581,1126,24,
2,213,Overall,Overall,30,17,30,0.0,0.493054,0.375971,1025,19,
2,214,Overall,Overall,30,10,30,-2.0,-1.73058,0.406853,913,20,
2,215,Overall,Overall,30,18,30,1.5,1.019803,0.386021,1051,19,
2,216,Overall,Overall,30,10,30,-1.5,-1.787904,0.416554,911,21,
2,217,Overall,Overall,30,22,30,2.0,1.835429,0.428973,1092,21,
2,218,Overall,Overall,30,23,30,1.5,2.394688,0.458792,1120,23,
2,219,Overall,Overall,30,17,30,0.5,0.646324,0.379877,1032,19,
2,220,Overall,Overall,30,18,30,0.5,0.576383,0.380676,1029,19,
2,221,Overall,Overall,30,15,30,1.0,0.451245,0.375988,1023,19,
2,222,Overall,Overall,30,19,30,1.5,1.289159,0.39254,1064,20,
2,223,Overall,Overall,30,14,30,-0.5,-0.693802,0.377897,965,19,
2,224,Overall,Overall,30,20,30,1.5,1.238686,0.4066,1062,20,
2,225,Overall,Overall,30,11,30,-1.0,-0.970994,0.38971,951,19,
2,226,Overall,Overall,30,18,30,0.5,0.548122,0.382108,1027,19,
2,227,Overall,Overall,30,13,30,-0.5,-0.308988,0.380105,985,19,
2,228,Overall,Overall,30,16,30,1.0,0.997805,0.388903,1050,19,
2,229,Overall,Overall,30,20,30,2.0,1.883275,0.416401,1094,21,
2,230,Overall,Overall,30,19,30,0.5,-0.068482,0.391468,997,20,
2,231,Overall,Overall,30,6,30,-2.0,-2.319821,0.474334,884,24,
2,232,Overall,Overall,30,17,30,1.0,0.889063,0.381465,1044,19,
2,233,Overall,Overall,30,4,30,-2.0,-3.149091,0.557774,843,28,
2,234,Overall,Overall,30,21,30,1.5,1.276636,0.412154,1064,21,
2,235,Overall,Overall,30,17,30,-1.0,-0.580914,0.391655,971,20,
2,236,Overall,Overall,30,20,30,0.5,1.072973,0.399526,1054,20,
2,237,Overall,Overall,30,8,30,-2.0,-2.206715,0.439049,890,22,
2,238,Overall,Overall,30,16,30,-1.0,-0.518915,0.385714,974,19,
2,239,Overall,Overall,30,12,30,-1.0,-1.310709,0.390883,934,20,
2,240,Overall,Overall,30,8,30,-2.0,-1.982742,0.436502,901,22,
2,241,Overall,Overall,30,11,30,0.0,0.193404,0.401152,1010,20,
2,242,Overall,Overall,30,16,30,0.0,0.081294,0.372898,1004,19,
2,243,Overall,Overall,30,14,30,-0.5,-0.211484,0.375623,989,19,
2,244,Overall,Overall,30,19,30,2.0,1.537721,0.410565,1077,21,
2,245,Overall,Overall,30,11,30,-0.5,-0.944904,0.389729,953,19,
2,246,Overall,Overall,30,14,30,-0.5,-0.456195,0.37603,977,19,
2,247,Overall,Overall,30,13,30,-2.0,-1.438405,0.387287,928,19,
2,248,Overall,Overall,30,9,30,-1.0,-1.037078,0.414485,948,21,
2,249,Overall,Overall,30,18,30,1.5,1.347109,0.402851,1067,20,
2,250,Overall,Overall,30,16,30,-0.5,-0.091945,0.374832,995,19,
2,251,Overall,Overall,30,13,30,-1.0,-1.077967,0.389917,946,19,
2,252,Overall,Overall,30,18,30,1.5,1.296736,0.407052,1065,20,
2,253,Overall,Overall,30,18,30,0.5,0.611029,0.378279,1031,19,
2,254,Overall,Overall,30,10,30,-1.5,-1.470324,0.416119,926,21,
2,255,Overall,Overall,30,9,30,-1.0,-1.958989,0.416996,902,21,
2,256,Overall,Overall,30,17,30,1.5,1.068582,0.388983,1053,19,
2,257,Overall,Overall,30,16,30,1.0,0.473709,0.375039,1024,19,
2,258,Overall,Overall,30,19,30,1.5,1.797177,0.40644,1090,20,
2,259,Overall,Overall,30,20,30,1.0,0.970283,0.394949,1049,20,
2,260,Overall,Overall,30,5,30,-2.0,-2.670221,0.504267,866,25,
2,261,Overall,Overall,30,15,30,-0.5,-0.608904,0.379902,970,19,
2,262,Overall,Overall,30,17,30,1.0,1.053716,0.383054,1053,19,
2,263,Overall,Overall,30,9,30,-2.0,-1.808649,0.415757,910,21,
2,264,Overall,Overall,30,12,30,-2.0,-1.521251,0.392702,924,20,
2,265,Overall,Overall,30,10,30,-1.5,-1.588934,0.40964,921,20,
2,266,Overall,Overall,30,24,30,2.0,2.354869,0.479942,1118,24,
2,267,Overall,Overall,30,16,30,-1.5,-0.877917,0.385057,956,19,
2,268,Overall,Overall,30,11,30,-1.5,-1.335838,0.394244,933,20,
2,269,Overall,Overall,30,20,30,2.0,1.957536,0.409771,1098,20,
2,270,Overall,Overall,30,23,30,2.0,2.144321,0.455323,1107,23,
2,271,Overall,Overall,30,21,30,2.0,1.812129,0.423293,1091,21,
2,272,Overall,Overall,30,12,30,-1.0,-1.50543,0.39279,925,20,
2,273,Overall,Overall,30,13,30,-1.0,-1.173127,0.387149,941,19,
2,274,Overall,Overall,30,14,30,-1.5,-0.901456,0.376357,955,19,
2,275,Overall,Overall,30,18,30,1.5,0.82582,0.383055,1041,19,
2,276,Overall,Overall,30,18,30,1.5,1.504171,0.394361,1075,20,
2,277,Overall,Overall,30,10,30,-1.5,-1.523366,0.397552,924,20,
2,278,Overall,Overall,30,17,30,0.0,0.133203,0.376434,1007,19,
2,279,Overall,Overall,30,11,30,-1.5,-1.632708,0.399454,918,20,
2,280,Overall,Overall,30,11,30,-2.0,-1.476145,0.402615,926,20,
2,281,Overall,Overall,30,18,30,0.0,-0.286151,0.392372,986,20,
2,282,Overall,Overall,30,13,30,-1.0,-1.464064,0.388165,927,19,
2,283,Overall,Overall,30,21,30,1.5,1.251636,0.405316,1063,20,
2,284,Overall,Overall,30,20,30,2.0,1.70195,0.416536,1085,21,
2,285,Overall,Overall,30,15,30,0.5,0.439608,0.376437,1022,19,
2,286,Overall,Overall,30,18,30,1.0,0.784276,0.38332,1039,19,
2,287,Overall,Overall,30,16,30,0.5,0.261405,0.373789,1013,19,
2,288,Overall,Overall,30,16,30,0.0,-0.21409,0.376857,989,19,
2,289,Overall,Overall,30,22,30,2.0,1.961524,0.429069,1098,21,
2,290,Overall,Overall,30,15,30,-0.5,0.007519,0.374398,1000,19,
2,291,Overall,Overall,30,12,30,-1.5,-1.241169,0.387357,938,19,
2,292,Overall,Overall,30,13,30,-1.0,-0.970483,0.37947,951,19,
2,293,Overall,Overall,30,21,30,0.5,1.35313,0.414186,1068,21,
2,294,Overall,Overall,30,22,30,2.0,2.198299,0.441435,1110,22,
2,295,Overall,Overall,30,18,30,1.0,0.941793,0.392959,1047,20,
2,296,Overall,Overall,30,8,30,-2.0,-2.186925,0.432679,891,22,
2,297,Overall,Overall,30,18,30,0.5,-0.30849,0.388763,985,19,
2,298,Overall,Overall,30,12,30,-1.5,-0.752696,0.390959,962,20,
2,299,Overall,Overall,30,13,30,0.0,0.087634,0.374102,1004,19,
2,300,Overall,Overall,30,16,30,-0.5,-0.235763,0.378291,988,19,
2,301,Overall,Overall,30,10,30,-2.0,-1.234341,0.402017,938,20,
2,302,Overall,Overall,30,22,30,2.0,2.275224,0.436478,1114,22,
2,303,Overall,Overall,30,8,30,-2.0,-2.089423,0.431872,896,22,
2,304,Overall,Overall,30,11,30,-2.0,-1.47457,0.389938,926,19,
2,305,Overall,Overall,30,16,30,1.0,1.077418,0.388798,1054,19,
2,306,Overall,Overall,30,19,30,1.5,1.45812,0.403751,1073,20,
2,307,Overall,Overall,30,13,30,-1.5,-1.055551,0.394061,947,20,
2,308,Overall,Overall,30,8,30,-2.0,-2.083346,0.430989,896,22,
2,309,Overall,Overall,30,17,30,1.0,1.176038,0.385654,1059,19,
2,310,Overall,Overall,30,20,30,2.0,1.958235,0.416015,1098,21,
2,311,Overall,Overall,30,10,30,-2.0,-1.471147,0.407636,926,20,
2,312,Overall,Overall,30,20,30,2.0,1.782608,0.404917,1089,20,
2,313,Overall,Overall,30,16,30,-1.0,-0.740903,0.389971,963,19,
2,314,Overall,Overall,30,14,30,0.0,-0.09192,0.374615,995,19,
2,315,Overall,Overall,30,10,30,-1.5,-1.682574,0.405308,916,20,
2,316,Overall,Overall,30,15,30,0.0,0.217314,0.372085,1011,19,
2,317,Overall,Overall,30,12,30,-1.5,-1.566695,0.392944,922,20,
2,318,Overall,Overall,30,22,30,2.0,2.043469,0.437772,1102,22,
2,319,Overall,Overall,30,14,30,0.0,-0.283549,0.375059,986,19,
2,320,Overall,Overall,30,24,30,2.0,2.2171,0.474445,1111,24,
2,321,Overall,Overall,30,20,30,1.5,1.649271,0.414703,1082,21,
2,322,Overall,Overall,30,19,30,1.0,0.948235,0.397023,1047,20,
2,323,Overall,Overall,30,13,30,0.0,0.467948,0.386891,1023,19,
2,324,Overall,Overall,30,12,30,-1.0,-1.578059,0.392282,921,20,
2,325,Overall,Overall,30,13,30,-0.5,0.141896,0.380606,1007,19,
2,326,Overall,Overall,30,13,30,0.5,-0.050972,0.375183,997,19,
2,327,Overall,Overall,30,20,30,2.0,1.849081,0.413722,1092,21,
2,328,Overall,Overall,30,17,30,1.0,1.070091,0.388728,1054,19,
2,329,Overall,Overall,30,12,30,0.0,-0.521325,0.380739,974,19,
2,330,Overall,Overall,30,18,30,0.5,0.424043,0.38227,1021,19,
2,331,Overall,Overall,30,14,30,-1.0,0.031699,0.378552,1002,19,
2,332,Overall,Overall,30,10,30,-1.5,-1.850604,0.40658,907,20,
2,333,Overall,Overall,30,6,30,-2.0,-2.373975,0.471397,881,24,
2,334,Overall,Overall,30,18,30,1.0,1.212116,0.383642,1061,19,
2,335,Overall,Overall,30,13,30,0.0,0.023532,0.375699,1001,19,
2,336,Overall,Overall,30,12,30,-2.0,-1.475114,0.399832,926,20,
2,337,Overall,Overall,30,13,30,-0.5,-0.198644,0.373679,990,19,
2,338,Overall,Overall,30,10,30,-1.5,-1.543254,0.415615,923,21,
2,339,Overall,Overall,30,17,30,0.5,0.606926,0.373162,1030,19,
2,340,Overall,Overall,30,19,30,1.0,1.100953,0.390344,1055,20,
2,341,Overall,Overall,30,11,30,-1.5,-1.326439,0.396969,934,20,
2,342,Overall,Overall,30,14,30,0.0,-0.129602,0.372443,994,19,
2,343,Overall,Overall,30,16,30,1.0,1.255547,0.398699,1063,20,
2,344,Overall,Overall,30,15,30,0.0,0.456721,0.37205,1023,19,
2,345,Overall,Overall,30,15,30,-1.0,-0.630376,0.378318,968,19,
2,346,Overall,Overall,30,19,30,2.0,1.575827,0.407207,1079,20,
2,347,Overall,Overall,30,19,30,0.5,0.879644,0.391205,1044,20,
2,348,Overall,Overall,30,17,30,1.0,1.025425,0.389435,1051,19,
2,349,Overall,Overall,30,19,30,1.0,1.677162,0.396011,1084,20,
2,350,Overall,Overall,30,20,30,1.0,1.434106,0.412926,1072,21,
2,351,Overall,Overall,30,14,30,-0.5,-0.588177,0.379999,971,19,
2,352,Overall,Overall,30,20,30,1.5,1.345019,0.400895,1067,20,
2,353,Overall,Overall,30,11,30,-0.5,-0.701739,0.389025,965,19,
2,354,Overall,Overall,30,17,30,0.5,0.767123,0.392034,1038,20,
2,355,Overall,Overall,30,20,30,1.5,1.544671,0.406677,1077,20,
2,356,Overall,Overall,30,23,30,2.0,2.273087,0.450181,1114,23,
2,357,Overall,Overall,30,7,30,-2.0,-2.489341,0.450309,876,23,
2,358,Overall,Overall,30,26,30,1.5,2.784778,0.551276,1139,28,
2,359,Overall,Overall,30,16,30,-0.5,-0.624195,0.377759,969,19,
2,360,Overall,Overall,30,15,30,0.5,0.229181,0.370933,1011,19,
2,361,Overall,Overall,30,15,30,-0.5,-0.688809,0.37643,966,19,
2,362,Overall,Overall,30,4,30,-2.0,-3.139803,0.55287,843,28,
2,363,Overall,Overall,30,14,30,-1.0,-0.954845,0.383326,952,19,
2,364,Overall,Overall,30,11,30,-1.0,-1.137056,0.396004,943,20,
2,365,Overall,Overall,30,11,30,-1.0,-0.823934,0.394465,959,20,
2,366,Overall,Overall,30,21,30,2.0,1.798241,0.419545,1090,21,
2,367,Overall,Overall,30,15,30,0.5,-0.130584,0.373103,993,19,
2,368,Overall,Overall,30,18,30,1.0,0.562566,0.381853,1028,19,
2,369,Overall,Overall,30,25,30,2.0,2.900563,0.513526,1145,26,
2,370,Overall,Overall,30,23,30,1.5,2.126651,0.451456,1106,23,
2,371,Overall,Overall,30,15,30,0.5,0.428653,0.372166,1021,19,
2,372,Overall,Overall,30,20,30,1.0,1.510212,0.409593,1076,20,
2,373,Overall,Overall,30,14,30,0.0,0.100377,0.374795,1005,19,
2,374,Overall,Overall,30,16,30,-0.5,-0.306596,0.378147,985,19,
2,375,Overall,Overall,30,11,30,-1.5,-1.330295,0.399698,933,20,
2,376,Overall,Overall,30,10,30,-2.0,-1.577831,0.402732,921,20,
2,377,Overall,Overall,30,10,30,-0.5,-0.642976,0.397775,968,20,
2,378,Overall,Overall,30,17,30,0.5,0.453207,0.374472,1023,19,
2,379,Overall,Overall,30,18,30,0.0,-0.1749,0.383834,991,19,
2,380,Overall,Overall,30,10,30,-1.5,-1.82104,0.409971,909,20,
2,381,Overall,Overall,30,19,30,1.0,1.031923,0.38765,1052,19,
2,382,Overall,Overall,30,17,30,0.5,0.543631,0.377793,1027,19,
2,383,Overall,Overall,30,12,30,-1.0,-1.07852,0.385298,946,19,
2,384,Overall,Overall,30,12,30,-1.5,-1.25844,0.387747,937,19,
2,385,Overall,Overall,30,20,30,2.0,1.695928,0.409827,1085,20,
2,386,Overall,Overall,30,20,30,1.0,1.524871,0.401451,1076,20,
2,387,Overall,Overall,30,12,30,-1.0,-1.232777,0.396425,938,20,
2,388,Overall,Overall,30,8,30,-2.0,-2.124573,0.438138,894,22,
2,389,Overall,Overall,30,7,30,-1.5,-2.229994,0.45215,889,23,
2,390,Overall,Overall,30,14,30,-0.5,-1.004484,0.383453,950,19,
2,391,Overall,Overall,30,17,30,1.0,0.935382,0.387758,1047,19,
2,392,Overall,Overall,30,15,30,0.5,0.649228,0.384763,1032,19,
2,393,Overall,Overall,30,19,30,0.5,-0.086499,0.397038,996,20,
2,394,Overall,Overall,30,17,30,0.5,0.739689,0.385261,1037,19,
2,395,Overall,Overall,30,10,30,-1.0,-1.372813,0.39927,931,20,
2,396,Overall,Overall,30,23,30,1.5,2.218926,0.460597,1111,23,
2,397,Overall,Overall,30,10,30,-1.5,-1.61191,0.40564,919,20,
2,398,Overall,Overall,30,16,30,0.0,-0.399422,0.37824,980,19,
2,399,Overall,Overall,30,17,30,1.0,0.733921,0.376557,1037,19,
2,400,Overall,Overall,30,6,30,-2.0,-2.118394,0.477564,894,24,
2,401,Overall,Overall,30,17,30,1.0,0.782018,0.379193,1039,19,
2,402,Overall,Overall,30,16,30,0.5,1.000757,0.399556,1050,20,
2,403,Overall,Overall,30,14,30,-0.5,0.273827,0.38023,1014,19,
2,404,Overall,Overall,30,21,30,2.0,2.025532,0.428623,1101,21,
2,405,Overall,Overall,30,11,30,0.0,-0.365067,0.386914,982,19,
2,406,Overall,Overall,30,18,30,1.5,0.875392,0.386969,1044,19,
2,407,Overall,Overall,30,7,30,-2.0,-2.477198,0.449588,876,22,
2,408,Overall,Overall,30,13,30,-1.0,-1.014303,0.38281,949,19,
2,409,Overall,Overall,30,15,30,1.0,0.409858,0.379956,1020,19,
2,410,Overall,Overall,30,18,30,1.0,1.284188,0.397145,1064,20,
2,411,Overall,Overall,30,24,30,2.0,2.487825,0.48868,1124,24,
2,412,Overall,Overall,30,18,30,0.5,-0.339352,0.39008,983,20,
2,413,Overall,Overall,30,18,30,0.0,-0.087194,0.385561,996,19,
2,414,Overall,Overall,30,8,30,-1.5,-2.009293,0.432055,900,22,
2,415,Overall,Overall,30,14,30,-0.5,-0.764702,0.376471,962,19,
2,416,Overall,Overall,30,18,30,1.5,0.854177,0.397018,1043,20,
2,417,Overall,Overall,30,17,30,-0.5,-0.405697,0.379368,980,19,
2,418,Overall,Overall,30,14,30,-1.0,-0.767795,0.38248,962,19,
2,419,Overall,Overall,30,15,30,0.5,0.234673,0.369955,1012,18,
2,420,Overall,Overall,30,17,30,1.0,0.757794,0.37946,1038,19,
2,421,Overall,Overall,30,10,30,-1.0,-1.411018,0.402104,929,20,
2,422,Overall,Overall,30,17,30,0.5,0.457907,0.374909,1023,19,
2,423,Overall,Overall,30,13,30,-0.5,-1.083784,0.390124,946,20,
2,424,Overall,Overall,30,10,30,-2.0,-1.652816,0.406129,917,20,
2,425,Overall,Overall,30,12,30,0.0,-0.207886,0.379789,990,19,
2,426,Overall,Overall,30,18,30,2.0,1.235437,0.402854,1062,20,
2,427,Overall,Overall,30,10,30,-1.0,-1.61657,0.402441,919,20,
2,428,Overall,Overall,30,9,30,-2.0,-2.114381,0.418366,894,21,
2,429,Overall,Overall,30,11,30,0.0,-0.446283,0.389692,978,19,
2,430,Overall,Overall,30,17,30,0.5,1.037174,0.389858,1052,19,
2,431,Overall,Overall,30,12,30,0.0,-0.43118,0.377391,978,19,
2,432,Overall,Overall,30,8,30,-1.5,-2.080116,0.431296,896,22,
2,433,Overall,Overall,30,6,30,-2.0,-2.428472,0.478668,879,24,
2,434,Overall,Overall,30,14,30,-0.5,-0.677171,0.379869,966,19,
2,435,Overall,Overall,30,21,30,2.0,1.923613,0.419789,1096,21,
2,436,Overall,Overall,30,12,30,-1.0,-1.123162,0.392885,944,20,
2,437,Overall,Overall,30,25,30,2.0,2.768556,0.515303,1138,26,
2,438,Overall,Overall,30,13,30,-1.0,-1.091846,0.382421,945,19,
2,439,Overall,Overall,30,19,30,1.0,1.20735,0.394205,1060,20,
2,440,Overall,Overall,30,17,30,0.0,0.970568,0.381702,1049,19,
2,441,Overall,Overall,30,10,30,-2.0,-1.640378,0.405114,918,20,
2,442,Overall,Overall,30,20,30,1.0,1.45507,0.410414,1073,21,
2,443,Overall,Overall,30,13,30,-1.0,-0.792604,0.378035,960,19,
2,444,Overall,Overall,30,19,30,1.5,1.071487,0.39854,1054,20,
2,445,Overall,Overall,30,17,30,1.0,0.907696,0.382099,1045,19,
2,446,Overall,Overall,30,17,30,-0.5,-0.044352,0.384798,998,19,
2,447,Overall,Overall,30,21,30,1.5,1.763233,0.42586,1088,21,
2,448,Overall,Overall,30,15,30,-0.5,-0.899307,0.380632,955,19,
2,449,Overall,Overall,30,14,30,-1.0,-1.306205,0.386888,935,19,
2,450,Overall,Overall,30,18,30,2.0,1.347893,0.399255,1067,20,
2,451,Overall,Overall,30,13,30,0.0,0.192421,0.379532,1010,19,
2,452,Overall,Overall,30,20,30,1.0,1.516195,0.40819,1076,20,
2,453,Overall,Overall,30,20,30,1.0,1.883251,0.411962,1094,21,
2,454,Overall,Overall,30,13,30,-1.0,-0.914598,0.379585,954,19,
2,455,Overall,Overall,30,20,30,1.5,1.171988,0.398585,1059,20,
2,456,Overall,Overall,30,22,30,1.5,1.829539,0.435377,1091,22,
2,457,Overall,Overall,30,10,30,-1.0,-1.308668,0.399693,935,20,
2,458,Overall,Overall,30,14,30,0.0,-0.061259,0.371229,997,19,
2,459,Overall,Overall,30,6,30,-2.0,-2.521564,0.473465,874,24,
2,460,Overall,Overall,30,13,30,-1.0,-0.397586,0.378889,980,19,
2,461,Overall,Overall,30,14,30,-1.0,-1.20174,0.386344,940,19,
2,462,Overall,Overall,30,17,30,1.0,1.015639,0.381953,1051,19,
2,463,Overall,Overall,30,18,30,1.0,0.889563,0.38282,1044,19,
2,464,Overall,Overall,30,14,30,-0.5,-0.416802,0.373493,979,19,
2,465,Overall,Overall,30,17,30,1.0,1.384228,0.38604,1069,19,
2,466,Overall,Overall,30,20,30,1.0,1.32499,0.400866,1066,20,
2,467,Overall,Overall,30,5,30,-2.0,-2.723256,0.50344,864,25,
2,468,Overall,Overall,30,16,30,0.5,0.542574,0.370392,1027,19,
2,469,Overall,Overall,30,15,30,-0.5,-0.279529,0.372626,986,19,
2,470,Overall,Overall,30,15,30,0.0,-0.025236,0.374278,999,19,
2,471,Overall,Overall,30,7,30,-2.0,-2.299273,0.46168,885,23,
2,472,Overall,Overall,30,17,30,0.0,0.228303,0.380459,1011,19,
2,473,Overall,Overall,30,8,30,-2.0,-2.200751,0.432531,890,22,
2,474,Overall,Overall,30,23,30,2.0,2.407984,0.457125,1120,23,
2,475,Overall,Overall,30,20,30,0.5,0.413437,0.400887,1021,20,
2,476,Overall,Overall,30,13,30,-1.0,-1.185731,0.387603,941,19,
2,477,Overall,Overall,30,9,30,-1.5,-1.80268,0.413932,910,21,
2,478,Overall,Overall,30,23,30,2.0,2.461134,0.455129,1123,23,
2,479,Overall,Overall,30,6,30,-2.0,-2.568817,0.476233,872,24,
2,480,Overall,Overall,30,19,30,0.0,0.087626,0.392338,1004,20,
2,481,Overall,Overall,30,8,30,-1.5,-1.911475,0.435848,904,22,
2,482,Overall,Overall,30,19,30,1.0,1.430772,0.40466,1072,20,
2,483,Overall,Overall,30,18,30,1.5,1.283722,0.385202,1064,19,
2,484,Overall,Overall,30,18,30,0.5,0.766976,0.380814,1038,19,
2,485,Overall,Overall,30,17,30,1.5,1.129652,0.390553,1056,20,
2,486,Overall,Overall,30,25,30,2.0,2.547636,0.514325,1127,26,
2,487,Overall,Overall,30,21,30,1.5,1.796203,0.421456,1090,21,
2,488,Overall,Overall,30,3,30,-2.0,-3.463249,0.628697,827,31,
2,489,Overall,Overall,30,7,30,-1.5,-2.275694,0.449775,886,22,
2,490,Overall,Overall,30,24,30,2.0,2.654178,0.480761,1133,24,
2,491,Overall,Overall,30,24,30,2.0,2.014512,0.474538,1101,24,
2,492,Overall,Overall,30,21,30,1.0,1.694417,0.430845,1085,22,
2,493,Overall,Overall,30,24,30,2.0,2.344824,0.474032,1117,24,
2,494,Overall,Overall,30,5,30,-2.0,-2.857503,0.514007,857,26,
2,495,Overall,Overall,30,11,30,-1.5,-1.52106,0.405434,924,20,
2,496,Overall,Overall,30,15,30,-0.5,-0.821683,0.381744,959,19,
2,497,Overall,Overall,30,9,30,-1.5,-1.736037,0.412281,913,21,
2,498,Overall,Overall,30,18,30,1.5,1.129757,0.387024,1056,19,
2,499,Overall,Overall,30,15,30,-0.5,-0.269353,0.37877,987,19,
2,500,Overall,Overall,30,23,30,2.0,2.226203,0.444634,1111,22,
2,501,Overall,Overall,30,19,30,0.5,0.431302,0.389525,1022,19,
2,502,Overall,Overall,30,18,30,1.0,0.602537,0.379467,1030,19,
2,503,Overall,Overall,30,7,30,-2.0,-2.438187,0.452294,878,23,
2,504,Overall,Overall,30,9,30,-1.5,-1.731737,0.413742,913,21,
2,505,Overall,Overall,30,24,30,2.0,2.526385,0.475136,1126,24,
2,506,Overall,Overall,30,12,30,-1.0,-1.225697,0.38527,939,19,
2,507,Overall,Overall,30,16,30,-0.5,-0.405965,0.378052,980,19,
2,508,Overall,Overall,30,9,30,-2.0,-2.155889,0.417476,892,21,
2,509,Overall,Overall,30,19,30,0.0,0.026862,0.410017,1001,21,
2,510,Overall,Overall,30,10,30,-1.0,-1.691869,0.404853,915,20,
2,511,Overall,Overall,30,20,30,1.5,1.168584,0.408862,1058,20,
2,512,Overall,Overall,30,7,30,-2.0,-1.914553,0.441971,904,22,
2,513,Overall,Overall,30,13,30,-1.5,-1.412916,0.390215,929,20,
2,514,Overall,Overall,30,13,30,0.0,-0.390835,0.384415,980,19,
2,515,Overall,Overall,30,17,30,1.5,0.956595,0.385545,1048,19,
2,516,Overall,Overall,30,17,30,1.0,0.628204,0.375663,1031,19,
2,517,Overall,Overall,30,15,30,0.5,0.477431,0.37779,1024,19,
2,518,Overall,Overall,30,11,30,-1.0,-0.337136,0.385969,983,19,
2,519,Overall,Overall,30,13,30,-1.5,-1.456786,0.389478,927,19,
2,520,Overall,Overall,30,15,30,0.0,0.289574,0.374137,1014,19,
2,521,Overall,Overall,30,14,30,1.5,0.677929,0.380185,1034,19,
2,522,Overall,Overall,30,15,30,0.0,0.225933,0.372745,1011,19,
2,523,Overall,Overall,30,13,30,-0.5,-0.35313,0.376937,982,19,
2,524,Overall,Overall,30,5,30,-2.0,-2.743961,0.522187,863,26,
2,525,Overall,Overall,30,9,30,-1.0,-1.633029,0.407155,918,20,
2,526,Overall,Overall,30,12,30,-0.5,5.4E-4,0.377929,1000,19,
2,527,Overall,Overall,30,13,30,0.5,0.279881,0.377277,1014,19,
2,528,Overall,Overall,30,12,30,-1.0,-1.569989,0.39275,922,20,
2,529,Overall,Overall,30,17,30,-0.5,-0.441742,0.381339,978,19,
2,530,Overall,Overall,30,12,30,-1.5,-1.512031,0.395039,924,20,
2,531,Overall,Overall,30,14,30,0.0,-0.17978,0.373588,991,19,
2,532,Overall,Overall,30,12,30,-1.0,-1.328871,0.391574,934,20,
2,533,Overall,Overall,30,21,30,2.0,2.056383,0.41422,1103,21,
2,534,Overall,Overall,30,14,30,0.5,-0.567206,0.382116,972,19,
2,535,Overall,Overall,30,13,30,-1.0,-0.285269,0.377406,986,19,
2,536,Overall,Overall,30,9,30,-1.5,-1.496628,0.413947,925,21,
2,537,Overall,Overall,30,9,30,-2.0,-1.882747,0.416268,906,21,
2,538,Overall,Overall,30,14,30,-0.5,-0.579105,0.376075,971,19,
2,539,Overall,Overall,30,20,30,2.0,1.680326,0.413968,1084,21,
2,540,Overall,Overall,30,18,30,1.5,1.304063,0.407191,1065,20,
2,541,Overall,Overall,30,13,30,-0.5,-0.604995,0.383324,970,19,
2,542,Overall,Overall,30,24,30,2.0,2.431924,0.480712,1122,24,
2,543,Overall,Overall,30,23,30,2.0,2.230531,0.456494,1112,23,
2,544,Overall,Overall,30,11,30,-1.0,-1.041345,0.400151,948,20,
2,545,Overall,Overall,30,13,30,-1.0,-1.245736,0.397427,938,20,
2,546,Overall,Overall,30,12,30,-2.0,-1.668183,0.394304,917,20,
2,547,Overall,Overall,30,19,30,1.5,1.626235,0.407315,1081,20,
2,548,Overall,Overall,30,13,30,-1.0,-0.109226,0.371852,995,19,
2,549,Overall,Overall,30,12,30,-1.0,-0.423348,0.385591,979,19,
2,550,Overall,Overall,30,20,30,2.0,1.578317,0.409047,1079,20,
2,551,Overall,Overall,30,7,30,-2.0,-2.098695,0.447086,895,22,
2,552,Overall,Overall,30,14,30,-0.5,-0.875704,0.383045,956,19,
2,553,Overall,Overall,30,13,30,-1.5,-1.411759,0.386049,929,19,
2,554,Overall,Overall,30,16,30,1.5,1.274217,0.391039,1064,20,
2,555,Overall,Overall,30,13,30,-1.0,-1.088769,0.386115,946,19,
2,556,Overall,Overall,30,18,30,0.5,0.322127,0.384698,1016,19,
2,557,Overall,Overall,30,12,30,-1.5,-1.474026,0.39412,926,20,
2,558,Overall,Overall,30,22,30,1.5,1.998177,0.44186,1100,22,
2,559,Overall,Overall,30,10,30,-1.5,-1.986241,0.406745,901,20,
2,560,Overall,Overall,30,17,30,1.0,0.87108,0.385875,1044,19,
2,561,Overall,Overall,30,11,30,-1.5,-1.726245,0.399782,914,20,
2,562,Overall,Overall,30,12,30,-1.0,-1.102434,0.38464,945,19,
2,563,Overall,Overall,30,18,30,1.5,1.447695,0.394865,1072,20,
2,564,Overall,Overall,30,12,30,-1.5,-1.077164,0.384662,946,19,
2,565,Overall,Overall,30,19,30,1.0,0.950739,0.397413,1048,20,
2,566,Overall,Overall,30,7,30,-2.0,-2.055497,0.440317,897,22,
2,567,Overall,Overall,30,21,30,1.5,1.059963,0.407734,1053,20,
2,568,Overall,Overall,30,11,30,-0.5,-0.788479,0.389898,961,19,
2,569,Overall,Overall,30,23,30,2.0,2.103458,0.450774,1105,23,
2,570,Overall,Overall,30,15,30,-0.5,-0.321353,0.379625,984,19,
2,571,Overall,Overall,30,18,30,0.0,0.80029,0.385841,1040,19,
2,572,Overall,Overall,30,16,30,0.5,0.152504,0.371288,1008,19,
2,573,Overall,Overall,30,13,30,0.0,-0.739554,0.383762,963,19,
2,574,Overall,Overall,30,16,30,1.0,-0.130934,0.378844,993,19,
2,575,Overall,Overall,30,16,30,-0.5,-0.708552,0.386195,965,19,
2,576,Overall,Overall,30,13,30,0.0,0.00696,0.380173,1000,19,
2,577,Overall,Overall,30,21,30,1.5,1.668832,0.420289,1083,21,
2,578,Overall,Overall,30,14,30,0.0,-0.017357,0.375631,999,19,
2,579,Overall,Overall,30,21,30,1.5,0.871282,0.410343,1044,21,
2,580,Overall,Overall,30,14,30,-1.0,-0.948905,0.376846,953,19,
2,581,Overall,Overall,30,20,30,1.0,1.099655,0.40706,1055,20,
2,582,Overall,Overall,30,13,30,-1.0,-0.602322,0.381232,970,19,
2,583,Overall,Overall,30,7,30,-2.0,-2.128829,0.458102,894,23,
2,584,Overall,Overall,30,14,30,0.0,-0.983176,0.381772,951,19,
2,585,Overall,Overall,30,16,30,1.0,0.464485,0.376975,1023,19,
2,586,Overall,Overall,30,13,30,-1.0,-1.080495,0.378625,946,19,
2,587,Overall,Overall,30,25,30,2.0,2.928135,0.511209,1146,26,
2,588,Overall,Overall,30,12,30,-1.5,-1.256626,0.386249,937,19,
2,589,Overall,Overall,30,24,30,2.0,2.385703,0.479548,1119,24,
2,590,Overall,Overall,30,11,30,-1.0,-1.337905,0.404858,933,20,
2,591,Overall,Overall,30,8,30,-2.0,-2.071875,0.431931,896,22,
2,592,Overall,Overall,30,5,30,-2.0,-2.704269,0.506608,865,25,
2,593,Overall,Overall,30,14,30,0.0,-0.419218,0.376891,979,19,
2,594,Overall,Overall,30,18,30,1.0,1.042498,0.390208,1052,20,
2,595,Overall,Overall,30,20,30,1.0,1.166158,0.399979,1058,20,
2,596,Overall,Overall,30,20,30,2.0,1.848953,0.413019,1092,21,
2,597,Overall,Overall,30,9,30,-2.0,-2.010186,0.418133,899,21,
2,598,Overall,Overall,30,9,30,-1.5,-1.913773,0.421017,904,21,
2,599,Overall,Overall,30,18,30,1.5,0.75699,0.378722,1038,19,
2,600,Overall,Overall,30,18,30,0.5,0.48696,0.385756,1024,19,
2,601,Overall,Overall,30,21,30,2.0,2.046777,0.419925,1102,21,
2,602,Overall,Overall,30,11,30,-1.0,-1.521688,0.397282,924,20,
2,603,Overall,Overall,30,9,30,-2.0,-1.840972,0.414486,908,21,
2,604,Overall,Overall,30,20,30,2.0,1.851527,0.413999,1093,21,
2,605,Overall,Overall,30,14,30,0.5,0.038042,0.371062,1002,19,
2,606,Overall,Overall,30,19,30,1.5,0.613624,0.38431,1031,19,
2,607,Overall,Overall,30,6,30,-1.5,-2.466359,0.475137,877,24,
2,608,Overall,Overall,30,26,30,2.0,3.079598,0.572995,1154,29,
2,609,Overall,Overall,30,18,30,1.0,0.859483,0.380819,1043,19,
2,610,Overall,Overall,30,15,30,0.0,0.074259,0.370812,1004,19,
2,611,Overall,Overall,30,16,30,0.0,-0.041996,0.377741,998,19,
2,612,Overall,Overall,30,18,30,1.0,0.501604,0.38107,1025,19,
2,613,Overall,Overall,30,15,30,-0.5,-0.602806,0.377763,970,19,
2,614,Overall,Overall,30,9,30,-2.0,-1.863229,0.419988,907,21,
2,615,Overall,Overall,30,16,30,0.5,0.461979,0.373247,1023,19,
2,616,Overall,Overall,30,17,30,1.5,0.852087,0.377109,1043,19,
2,617,Overall,Overall,30,8,30,-2.0,-2.062403,0.436639,897,22,
2,618,Overall,Overall,30,16,30,0.0,0.327773,0.372109,1016,19,
2,619,Overall,Overall,30,15,30,0.5,0.603649,0.381096,1030,19,
2,620,Overall,Overall,30,19,30,-0.5,0.322612,0.389055,1016,19,
2,621,Overall,Overall,30,13,30,0.0,-0.281132,0.373826,986,19,
2,622,Overall,Overall,30,11,30,-1.0,-1.192677,0.392525,940,20,
2,623,Overall,Overall,30,8,30,-1.5,-1.617092,0.427152,919,21,
2,624,Overall,Overall,30,11,30,-2.0,-1.674117,0.399417,916,20,
2,625,Overall,Overall,30,14,30,-1.0,-1.060191,0.387568,947,19,
2,626,Overall,Overall,30,20,30,1.5,1.550123,0.401611,1078,20,
2,627,Overall,Overall,30,17,30,1.0,1.111682,0.389177,1056,19,
2,628,Overall,Overall,30,13,30,-1.0,-0.94,0.381571,953,19,
2,629,Overall,Overall,30,12,30,-1.5,-1.057612,0.388606,947,19,
2,630,Overall,Overall,30,22,30,1.5,1.982527,0.436535,1099,22,
2,631,Overall,Overall,30,17,30,0.5,0.308613,0.380603,1015,19,
2,632,Overall,Overall,30,21,30,0.5,0.858969,0.414382,1043,21,
2,633,Overall,Overall,30,9,30,-1.5,-1.620098,0.413522,919,21,
2,634,Overall,Overall,30,17,30,0.5,0.733836,0.380716,1037,19,
2,635,Overall,Overall,30,14,30,-0.5,-0.370537,0.374332,981,19,
2,636,Overall,Overall,30,11,30,-1.5,-1.603587,0.397038,920,20,
2,637,Overall,Overall,30,19,30,1.0,0.954909,0.393842,1048,20,
2,638,Overall,Overall,30,19,30,1.5,1.629322,0.404449,1081,20,
2,639,Overall,Overall,30,18,30,1.5,1.044359,0.383083,1052,19,
2,640,Overall,Overall,30,15,30,-0.5,-0.122297,0.373698,994,19,
2,641,Overall,Overall,30,10,30,-0.5,-0.778474,0.404923,961,20,
2,642,Overall,Overall,30,4,30,-2.0,-3.016673,0.565704,849,28,
2,643,Overall,Overall,30,13,30,1.0,0.834183,0.391721,1042,20,
2,644,Overall,Overall,30,9,30,-1.0,-1.837626,0.417769,908,21,
2,645,Overall,Overall,30,18,30,0.0,0.248184,0.379939,1012,19,
2,646,Overall,Overall,30,15,30,-0.5,-0.537486,0.376394,973,19,
2,647,Overall,Overall,30,14,30,0.5,0.118439,0.372951,1006,19,
2,648,Overall,Overall,30,7,30,-2.0,-2.210325,0.447555,889,22,
2,649,Overall,Overall,30,7,30,-2.0,-2.178878,0.44873,891,22,
2,650,Overall,Overall,30,12,30,-0.5,-0.875834,0.385362,956,19,
2,651,Overall,Overall,30,8,30,-2.0,-2.057654,0.435263,897,22,
2,652,Overall,Overall,30,7,30,-2.0,-2.350463,0.457523,882,23,
2,653,Overall,Overall,30,20,30,1.0,1.27466,0.400418,1064,20,
2,654,Overall,Overall,30,14,30,-0.5,-0.386649,0.375333,981,19,
2,655,Overall,Overall,30,12,30,0.0,-0.44519,0.381078,978,19,
2,656,Overall,Overall,30,16,30,1.0,0.544344,0.37468,1027,19,
2,657,Overall,Overall,30,15,30,1.0,0.714466,0.388862,1036,19,
2,658,Overall,Overall,30,15,30,-1.5,-0.773836,0.381014,961,19,
2,659,Overall,Overall,30,17,30,1.0,1.110768,0.387602,1056,19,
2,660,Overall,Overall,30,17,30,0.0,0.111507,0.376833,1006,19,
2,661,Overall,Overall,30,9,30,-2.0,-1.918431,0.416777,904,21,
2,662,Overall,Overall,30,18,30,0.5,0.826201,0.383324,1041,19,
2,663,Overall,Overall,30,13,30,0.0,0.505287,0.390217,1025,20,
2,664,Overall,Overall,30,21,30,1.0,1.478889,0.417378,1074,21,
2,665,Overall,Overall,30,20,30,1.5,1.724751,0.408164,1086,20,
2,666,Overall,Overall,30,24,30,2.0,2.320485,0.483775,1116,24,
2,667,Overall,Overall,30,11,30,-0.5,-1.203606,0.396439,940,20,
2,668,Overall,Overall,30,11,30,-1.0,-1.553549,0.39848,922,20,
2,669,Overall,Overall,30,19,30,1.5,1.370983,0.399309,1069,20,
2,670,Overall,Overall,30,12,30,-1.0,-0.933542,0.383194,953,19,
2,671,Overall,Overall,30,20,30,1.0,1.903758,0.412167,1095,21,
2,672,Overall,Overall,30,21,30,1.0,1.527752,0.411786,1076,21,
2,673,Overall,Overall,30,15,30,0.5,0.01832,0.373132,1001,19,
2,674,Overall,Overall,30,19,30,1.5,1.323155,0.393015,1066,20,
2,675,Overall,Overall,30,8,30,-1.0,-1.665169,0.424932,917,21,
2,676,Overall,Overall,30,8,30,-2.0,-2.195099,0.436534,890,22,
2,677,Overall,Overall,30,12,30,-1.5,-1.302949,0.390291,935,20,
2,678,Overall,Overall,30,19,30,1.5,1.378597,0.40423,1069,20,
2,679,Overall,Overall,30,7,30,-2.0,-2.194136,0.462708,890,23,
2,680,Overall,Overall,30,18,30,1.0,0.85011,0.378776,1043,19,
2,681,Overall,Overall,30,22,30,2.0,2.262757,0.437234,1113,22,
2,682,Overall,Overall,30,14,30,-0.5,-0.475445,0.375385,976,19,
2,683,Overall,Overall,30,19,30,1.5,1.118142,0.392576,1056,20,
2,684,Overall,Overall,30,20,30,2.0,1.739459,0.413882,1087,21,
2,685,Overall,Overall,30,10,30,-1.5,-1.659362,0.406566,917,20,
2,686,Overall,Overall,30,10,30,-2.0,-1.90443,0.41172,905,21,
2,687,Overall,Overall,30,17,30,1.0,0.660711,0.3765,1033,19,
2,688,Overall,Overall,30,12,30,-1.0,-0.925945,0.38677,954,19,
2,689,Overall,Overall,30,20,30,-0.5,0.058362,0.399195,1003,20,
2,690,Overall,Overall,30,22,30,2.0,1.863753,0.430602,1093,22,
2,691,Overall,Overall,30,20,30,0.0,0.925043,0.405156,1046,20,
2,692,Overall,Overall,30,18,30,0.5,0.883985,0.38481,1044,19,
2,693,Overall,Overall,30,18,30,0.0,1.248586,0.398593,1062,20,
2,694,Overall,Overall,30,20,30,1.5,1.648104,0.406717,1082,20,
2,695,Overall,Overall,30,16,30,0.5,0.249642,0.371591,1012,19,
2,696,Overall,Overall,30,10,30,-1.5,-1.369514,0.400393,932,20,
2,697,Overall,Overall,30,18,30,1.5,0.969772,0.385241,1048,19,
2,698,Overall,Overall,30,11,30,-1.5,-1.637728,0.398226,918,20,
2,699,Overall,Overall,30,15,30,0.5,0.872765,0.386156,1044,19,
2,700,Overall,Overall,30,20,30,0.5,1.017361,0.396806,1051,20,
2,701,Overall,Overall,30,13,30,0.0,-0.453434,0.375928,977,19,
2,702,Overall,Overall,30,13,30,-1.0,-0.716131,0.381904,964,19,
2,703,Overall,Overall,30,21,30,1.5,2.026067,0.414754,1101,21,
2,704,Overall,Overall,30,15,30,0.5,0.398745,0.371373,1020,19,
2,705,Overall,Overall,30,9,30,-1.5,-1.463577,0.410422,927,21,
2,706,Overall,Overall,30,20,30,1.5,1.849531,0.404608,1092,20,
2,707,Overall,Overall,30,9,30,-1.5,-1.918511,0.417996,904,21,
2,708,Overall,Overall,30,11,30,-1.5,-1.554529,0.398455,922,20,
2,709,Overall,Overall,30,17,30,0.0,0.503583,0.37559,1025,19,
2,710,Overall,Overall,30,17,30,0.5,0.973466,0.385572,1049,19,
2,711,Overall,Overall,30,12,30,-2.0,-1.283269,0.389801,936,19,
2,712,Overall,Overall,30,8,30,-2.0,-1.883161,0.436565,906,22,
2,713,Overall,Overall,30,15,30,0.0,0.147347,0.37422,1007,19,
2,714,Overall,Overall,30,22,30,1.5,1.225512,0.422761,1061,21,
2,715,Overall,Overall,30,11,30,-0.5,-0.609451,0.389469,970,19,
2,716,Overall,Overall,30,9,30,-2.0,-1.847708,0.416997,908,21,
2,717,Overall,Overall,30,23,30,2.0,2.359135,0.458946,1118,23,
2,718,Overall,Overall,30,13,30,-1.5,-1.370072,0.390099,931,20,
2,719,Overall,Overall,30,9,30,-1.5,-1.861138,0.418802,907,21,
2,720,Overall,Overall,30,16,30,1.0,0.429224,0.378368,1021,19,
2,721,Overall,Overall,30,18,30,2.0,1.509278,0.398717,1075,20,
2,722,Overall,Overall,30,15,30,0.0,0.463906,0.381735,1023,19,
2,723,Overall,Overall,30,10,30,-1.5,-1.752725,0.403875,912,20,
2,724,Overall,Overall,30,17,30,2.0,1.427115,0.385582,1071,19,
2,725,Overall,Overall,30,14,30,-0.5,0.049546,0.37299,1002,19,
2,726,Overall,Overall,30,13,30,-1.0,-0.996886,0.382399,950,19,
2,727,Overall,Overall,30,15,30,0.0,0.847082,0.38745,1042,19,
2,728,Overall,Overall,30,15,30,0.5,0.342797,0.370194,1017,19,
2,729,Overall,Overall,30,15,30,-2.0,-1.116616,0.385527,944,19,
2,730,Overall,Overall,30,24,30,1.5,2.153188,0.473255,1108,24,
2,731,Overall,Overall,30,14,30,-1.0,-0.632647,0.378225,968,19,
2,732,Overall,Overall,30,15,30,-0.5,-0.627917,0.378675,969,19,
2,733,Overall,Overall,30,15,30,-1.0,-0.910863,0.392174,954,20,
2,734,Overall,Overall,30,12,30,0.5,0.537271,0.39058,1027,20,
2,735,Overall,Overall,30,11,30,-1.5,-1.112564,0.394078,944,20,
2,736,Overall,Overall,30,14,30,0.5,0.241331,0.372595,1012,19,
2,737,Overall,Overall,30,19,30,0.0,0.94194,0.388721,1047,19,
2,738,Overall,Overall,30,9,30,-1.0,-1.714671,0.422031,914,21,
2,739,Overall,Overall,30,14,30,-1.0,-0.836002,0.378332,958,19,
2,740,Overall,Overall,30,11,30,-0.5,-0.107556,0.390965,995,20,
2,741,Overall,Overall,30,17,30,0.5,0.284771,0.377519,1014,19,
2,742,Overall,Overall,30,5,30,-2.0,-2.687787,0.510016,866,26,
2,743,Overall,Overall,30,13,30,-0.5,0.242897,0.380694,1012,19,
2,744,Overall,Overall,30,11,30,-2.0,-1.48427,0.401348,926,20,
2,745,Overall,Overall,30,12,30,-1.5,-1.370969,0.394152,931,20,
2,746,Overall,Overall,30,19,30,1.5,1.313442,0.394804,1066,20,
2,747,Overall,Overall,30,19,30,2.0,1.66314,0.406325,1083,20,
2,748,Overall,Overall,30,18,30,0.0,0.123827,0.381561,1006,19,
2,749,Overall,Overall,30,12,30,-0.5,-0.431299,0.379499,978,19,
2,750,Overall,Overall,30,20,30,1.5,1.167044,0.402364,1058,20,
2,751,Overall,Overall,30,13,30,0.0,-0.149487,0.372682,993,19,
2,752,Overall,Overall,30,20,30,2.0,1.624298,0.411917,1081,21,
2,753,Overall,Overall,30,21,30,2.0,1.850605,0.425837,1093,21,
2,754,Overall,Overall,30,19,30,1.0,1.106822,0.39541,1055,20,
2,755,Overall,Overall,30,17,30,1.0,1.159166,0.389066,1058,19,
2,756,Overall,Overall,30,16,30,0.0,-0.191897,0.381551,990,19,
2,757,Overall,Overall,30,13,30,-1.0,-1.101439,0.389168,945,19,
2,758,Overall,Overall,30,20,30,1.5,1.099847,0.399411,1055,20,
2,759,Overall,Overall,30,5,30,-2.0,-2.873715,0.514429,856,26,
2,760,Overall,Overall,30,17,30,0.0,0.307834,0.373701,1015,19,
2,761,Overall,Overall,30,19,30,0.0,0.58483,0.385473,1029,19,
2,762,Overall,Overall,30,13,30,0.0,0.115743,0.374581,1006,19,
2,763,Overall,Overall,30,18,30,1.0,0.47907,0.380432,1024,19,
2,764,Overall,Overall,30,14,30,0.0,0.071214,0.374614,1004,19,
2,765,Overall,Overall,30,10,30,-1.5,-1.553878,0.415704,922,21,
2,766,Overall,Overall,30,15,30,-0.5,-0.678372,0.377199,966,19,
2,767,Overall,Overall,30,19,30,1.0,0.828156,0.39346,1041,20,
2,768,Overall,Overall,30,22,30,2.0,1.955948,0.439622,1098,22,
2,769,Overall,Overall,30,20,30,1.0,1.029129,0.394692,1051,20,
2,770,Overall,Overall,30,16,30,-0.5,-0.388931,0.39146,981,20,
2,771,Overall,Overall,30,6,30,-2.0,-2.616228,0.474269,869,24,
2,772,Overall,Overall,30,15,30,0.0,0.555891,0.376961,1028,19,
2,773,Overall,Overall,30,13,30,-1.5,-1.017443,0.379956,949,19,
2,774,Overall,Overall,30,23,30,2.0,2.413928,0.457621,1121,23,
2,775,Overall,Overall,30,12,30,-1.0,-1.321968,0.398636,934,20,
2,776,Overall,Overall,30,10,30,-1.5,-1.558551,0.402712,922,20,
2,777,Overall,Overall,30,21,30,1.0,1.570677,0.418323,1079,21,
2,778,Overall,Overall,30,14,30,0.5,0.442623,0.384698,1022,19,
2,779,Overall,Overall,30,14,30,-0.5,-0.034152,0.374792,998,19,
2,780,Overall,Overall,30,23,30,1.5,2.259246,0.453108,1113,23,
2,781,Overall,Overall,30,22,30,2.0,1.979498,0.435373,1099,22,
2,782,Overall,Overall,30,16,30,-1.5,-0.734586,0.382318,963,19,
2,783,Overall,Overall,30,10,30,-1.0,-1.120313,0.40468,944,20,
2,784,Overall,Overall,30,14,30,0.0,-1.102845,0.382493,945,19,
2,785,Overall,Overall,30,11,30,-2.0,-1.305107,0.40052,935,20,
2,786,Overall,Overall,30,6,30,-1.5,-2.233576,0.475985,888,24,
2,787,Overall,Overall,30,25,30,2.0,2.93604,0.511971,1147,26,
2,788,Overall,Overall,30,17,30,1.0,0.304973,0.380055,1015,19,
2,789,Overall,Overall,30,18,30,1.5,1.441813,0.406532,1072,20,
2,790,Overall,Overall,30,25,30,2.0,2.68678,0.523911,1134,26,
2,791,Overall,Overall,30,21,30,2.0,1.318707,0.408453,1066,20,
2,792,Overall,Overall,30,13,30,0.5,-0.086935,0.376299,996,19,
2,793,Overall,Overall,30,15,30,0.0,0.238441,0.372834,1012,19,
2,794,Overall,Overall,30,12,30,-0.5,-0.880511,0.385222,956,19,
2,795,Overall,Overall,30,21,30,1.5,2.006891,0.415319,1100,21,
2,796,Overall,Overall,30,18,30,1.0,0.939426,0.383179,1047,19,
2,797,Overall,Overall,30,12,30,-1.5,-1.429276,0.399292,929,20,
2,798,Overall,Overall,30,12,30,-1.0,-1.22285,0.384197,939,19,
2,799,Overall,Overall,30,13,30,-0.5,-0.583046,0.380369,971,19,
2,800,Overall,Overall,30,6,30,-1.5,-2.115342,0.468982,894,23,
2,801,Overall,Overall,30,20,30,1.5,1.391666,0.402757,1070,20,
2,802,Overall,Overall,30,19,30,1.5,0.476563,0.389876,1024,19,
2,803,Overall,Overall,30,18,30,0.0,0.302038,0.384273,1015,19,
2,804,Overall,Overall,30,15,30,-1.0,-0.539384,0.387793,973,19,
2,805,Overall,Overall,30,17,30,1.0,0.788899,0.377571,1039,19,
2,806,Overall,Overall,30,20,30,2.0,1.60828,0.41295,1080,21,
2,807,Overall,Overall,30,14,30,0.0,-0.021305,0.371133,999,19,
2,808,Overall,Overall,30,18,30,1.0,1.297666,0.397701,1065,20,
2,809,Overall,Overall,30,10,30,0.0,-0.332871,0.395555,983,20,
2,810,Overall,Overall,30,13,30,0.0,0.235244,0.376874,1012,19,
2,811,Overall,Overall,30,16,30,-0.5,-0.396555,0.376201,980,19,
2,812,Overall,Overall,30,18,30,0.5,0.903779,0.387637,1045,19,
2,813,Overall,Overall,30,17,30,0.5,0.534503,0.373477,1027,19,
2,814,Overall,Overall,30,15,30,0.0,-0.309372,0.373116,985,19,
2,815,Overall,Overall,30,14,30,0.0,0.178508,0.375306,1009,19,
2,816,Overall,Overall,30,11,30,-1.5,-1.782289,0.398941,911,20,
2,817,Overall,Overall,30,13,30,-1.5,-1.255863,0.400387,937,20,
2,818,Overall,Overall,30,19,30,1.0,1.430029,0.398131,1072,20,
2,819,Overall,Overall,30,14,30,0.5,0.946253,0.382347,1047,19,
2,820,Overall,Overall,30,19,30,1.0,1.354397,0.397619,1068,20,
2,821,Overall,Overall,30,14,30,0.0,-0.145211,0.372683,993,19,
2,822,Overall,Overall,30,7,30,-2.0,-2.309838,0.453585,885,23,
2,823,Overall,Overall,30,23,30,2.0,2.401873,0.459439,1120,23,
2,824,Overall,Overall,30,11,30,-1.0,-0.334017,0.388933,983,19,
2,825,Overall,Overall,30,6,30,-2.0,-2.290965,0.485512,885,24,
2,826,Overall,Overall,30,21,30,1.5,1.987256,0.417161,1099,21,
2,827,Overall,Overall,30,17,30,-0.5,-0.275346,0.377515,986,19,
2,828,Overall,Overall,30,16,30,0.5,0.59004,0.376946,1030,19,
2,829,Overall,Overall,30,17,30,1.5,1.002636,0.382013,1050,19,
2,830,Overall,Overall,30,16,30,-1.0,-0.822386,0.387505,959,19,
2,831,Overall,Overall,30,9,30,-2.0,-1.894567,0.42096,905,21,
2,832,Overall,Overall,30,19,30,1.5,1.567835,0.394215,1078,20,
2,833,Overall,Overall,30,16,30,-1.0,-0.668935,0.381763,967,19,
2,834,Overall,Overall,30,7,30,-1.5,-1.843989,0.445242,908,22,
2,835,Overall,Overall,30,18,30,1.0,0.851439,0.396267,1043,20,
2,836,Overall,Overall,30,8,30,-1.0,-1.186921,0.431827,941,22,
2,837,Overall,Overall,30,13,30,-0.5,-0.143945,0.374471,993,19,
2,838,Overall,Overall,30,20,30,1.5,1.40567,0.404911,1070,20,
2,839,Overall,Overall,30,16,30,-0.5,-0.549199,0.378641,973,19,
2,840,Overall,Overall,30,21,30,1.5,1.901793,0.427744,1095,21,
2,841,Overall,Overall,30,18,30,1.0,1.221355,0.393024,1061,20,
2,842,Overall,Overall,30,13,30,0.0,-0.605852,0.377809,970,19,
2,843,Overall,Overall,30,19,30,0.5,0.924518,0.399363,1046,20,
2,844,Overall,Overall,30,16,30,1.5,1.028031,0.386841,1051,19,
2,845,Overall,Overall,30,15,30,-1.0,-0.533953,0.376827,973,19,
2,846,Overall,Overall,30,14,30,-0.5,-0.892646,0.37846,955,19,
2,847,Overall,Overall,30,17,30,1.5,1.384228,0.38604,1069,19,
2,848,Overall,Overall,30,23,30,1.5,2.003312,0.459509,1100,23,
2,849,Overall,Overall,30,14,30,-0.5,0.005209,0.373152,1000,19,
2,850,Overall,Overall,30,22,30,1.5,1.9432,0.429381,1097,21,
2,851,Overall,Overall,30,16,30,0.0,0.080461,0.379611,1004,19,
2,852,Overall,Overall,30,10,30,-1.5,-1.757499,0.414465,912,21,
2,853,Overall,Overall,30,16,30,1.5,1.131398,0.399122,1057,20,
2,854,Overall,Overall,30,19,30,1.5,1.414401,0.393293,1071,20,
2,855,Overall,Overall,30,16,30,0.0,0.388785,0.373277,1019,19,
2,856,Overall,Overall,30,10,30,-2.0,-1.780121,0.413303,911,21,
2,857,Overall,Overall,30,21,30,2.0,1.964765,0.419384,1098,21,
2,858,Overall,Overall,30,8,30,-2.0,-1.896639,0.430205,905,22,
2,859,Overall,Overall,30,8,30,-2.0,-2.054563,0.437958,897,22,
2,860,Overall,Overall,30,21,30,1.5,1.735234,0.416914,1087,21,
2,861,Overall,Overall,30,13,30,-1.0,-1.50613,0.392107,925,20,
2,862,Overall,Overall,30,17,30,1.0,0.745289,0.382913,1037,19,
2,863,Overall,Overall,30,23,30,2.0,2.189821,0.456753,1109,23,
2,864,Overall,Overall,30,12,30,-0.5,-0.470843,0.380712,976,19,
2,865,Overall,Overall,30,19,30,1.5,1.762341,0.404173,1088,20,
2,866,Overall,Overall,30,15,30,0.0,0.252389,0.370783,1013,19,
2,867,Overall,Overall,30,18,30,1.0,1.073123,0.390949,1054,20,
2,868,Overall,Overall,30,21,30,1.5,1.151572,0.409897,1058,20,
2,869,Overall,Overall,30,11,30,-0.5,-0.419562,0.390735,979,20,
2,870,Overall,Overall,30,15,30,-0.5,-0.113054,0.375165,994,19,
2,871,Overall,Overall,30,16,30,-0.5,-0.241978,0.378702,988,19,
2,872,Overall,Overall,30,16,30,0.5,-0.292976,0.383627,985,19,
2,873,Overall,Overall,30,15,30,-0.5,-0.314439,0.376136,984,19,
2,874,Overall,Overall,30,6,30,-1.5,-2.390075,0.4717,880,24,
2,875,Overall,Overall,30,22,30,2.0,1.964745,0.433436,1098,22,
2,876,Overall,Overall,30,11,30,-1.5,-1.649795,0.401824,918,20,
2,877,Overall,Overall,30,14,30,-1.0,-0.868238,0.3791,957,19,
2,878,Overall,Overall,30,12,30,-1.5,-1.563857,0.392822,922,20,
2,879,Overall,Overall,30,14,30,0.5,-0.085258,0.374357,996,19,
2,880,Overall,Overall,30,6,30,-2.0,-2.364243,0.479816,882,24,
2,881,Overall,Overall,30,12,30,-1.5,-1.334483,0.392431,933,20,
2,882,Overall,Overall,30,12,30,-0.5,-0.385065,0.383086,981,19,
2,883,Overall,Overall,30,16,30,1.0,1.114888,0.393871,1056,20,
2,884,Overall,Overall,30,10,30,-1.5,-1.642663,0.414997,918,21,
2,885,Overall,Overall,30,17,30,0.0,0.095399,0.379203,1005,19,
2,886,Overall,Overall,30,12,30,0.0,-0.110007,0.380758,994,19,
2,887,Overall,Overall,30,11,30,-1.5,-1.478005,0.401046,926,20,
2,888,Overall,Overall,30,11,30,-1.0,-1.564358,0.398606,922,20,
2,889,Overall,Overall,30,20,30,1.5,1.107917,0.408582,1055,20,
2,890,Overall,Overall,30,12,30,-2.0,-1.533923,0.39632,923,20,
2,891,Overall,Overall,30,14,30,0.0,-0.057514,0.374081,997,19,
2,892,Overall,Overall,30,14,30,-0.5,0.069511,0.371357,1003,19,
2,893,Overall,Overall,30,11,30,-1.5,-1.688827,0.398226,916,20,
2,894,Overall,Overall,30,13,30,-1.0,-1.091329,0.384013,945,19,
2,895,Overall,Overall,30,11,30,-2.0,-1.578951,0.399563,921,20,
2,896,Overall,Overall,30,8,30,-2.0,-2.211399,0.440159,889,22,
2,897,Overall,Overall,30,9,30,-1.5,-1.808525,0.419054,910,21,
2,898,Overall,Overall,30,15,30,0.5,0.247351,0.37547,1012,19,
2,899,Overall,Overall,30,13,30,-1.0,-0.440969,0.381724,978,19,
2,900,Overall,Overall,30,18,30,1.5,1.612004,0.395972,1081,20,
3,1,Overall,Overall,30,13,30,0.0,0.094222,0.375098,1005,19,
3,2,Overall,Overall,30,11,30,-1.0,-1.309119,0.399505,935,20,
3,3,Overall,Overall,30,22,30,2.0,2.028443,0.439534,1101,22,
3,4,Overall,Overall,30,11,30,0.0,-1.175671,0.389406,941,19,
3,5,Overall,Overall,30,15,30,0.5,0.39036,0.373182,1020,19,
3,6,Overall,Overall,30,11,30,-1.5,-1.718685,0.40027,914,20,
3,7,Overall,Overall,30,22,30,1.5,2.121907,0.437132,1106,22,
3,8,Overall,Overall,30,23,30,2.0,2.173017,0.458517,1109,23,
3,9,Overall,Overall,30,7,30,-1.5,-2.382295,0.450921,881,23,
3,10,Overall,Overall,30,7,30,-1.0,-1.314488,0.447785,934,22,
3,11,Overall,Overall,30,9,30,-1.5,-1.496143,0.418619,925,21,
3,12,Overall,Overall,30,18,30,1.0,1.582507,0.396708,1079,20,
3,13,Overall,Overall,30,18,30,0.5,1.002788,0.388582,1050,19,
3,14,Overall,Overall,30,11,30,-1.0,-1.17753,0.392413,941,20,
3,15,Overall,Overall,30,10,30,-1.5,-1.519391,0.403641,924,20,
3,16,Overall,Overall,30,12,30,-1.0,-1.247488,0.390351,938,20,
3,17,Overall,Overall,30,20,30,0.5,0.825481,0.399471,1041,20,
3,18,Overall,Overall,30,17,30,0.5,0.50636,0.373949,1025,19,
3,19,Overall,Overall,30,15,30,0.0,-0.019329,0.372638,999,19,
3,20,Overall,Overall,30,18,30,2.0,1.390298,0.396697,1070,20,
3,21,Overall,Overall,30,18,30,0.5,0.786064,0.383066,1039,19,
3,22,Overall,Overall,30,4,30,-2.0,-3.130414,0.553787,843,28,
3,23,Overall,Overall,30,13,30,0.5,0.41166,0.385144,1021,19,
3,24,Overall,Overall,30,17,30,1.5,1.281185,0.390908,1064,20,
3,25,Overall,Overall,30,11,30,-2.0,-1.414623,0.393631,929,20,
3,26,Overall,Overall,30,14,30,0.0,0.342026,0.38004,1017,19,
3,27,Overall,Overall,30,15,30,-0.5,-0.522743,0.376645,974,19,
3,28,Overall,Overall,30,7,30,-2.0,-2.144307,0.449942,893,22,
3,29,Overall,Overall,30,20,30,0.0,0.507774,0.397262,1025,20,
3,30,Overall,Overall,30,16,30,0.0,0.323876,0.374107,1016,19,
3,31,Overall,Overall,30,12,30,-1.5,-0.920476,0.390171,954,20,
3,32,Overall,Overall,30,12,30,-1.5,-1.470713,0.391044,926,20,
3,33,Overall,Overall,30,12,30,0.0,-0.343001,0.380282,983,19,
3,34,Overall,Overall,30,23,30,2.0,2.372004,0.458192,1119,23,
3,35,Overall,Overall,30,17,30,1.5,1.056907,0.388658,1053,19,
3,36,Overall,Overall,30,23,30,2.0,2.278294,0.449108,1114,22,
3,37,Overall,Overall,30,16,30,-0.5,-0.66556,0.381485,967,19,
3,38,Overall,Overall,30,12,30,-0.5,-0.656373,0.38185,967,19,
3,39,Overall,Overall,30,17,30,-1.0,-0.232402,0.376268,988,19,
3,40,Overall,Overall,30,14,30,0.0,-0.617826,0.377853,969,19,
3,41,Overall,Overall,30,22,30,1.5,1.813652,0.422882,1091,21,
3,42,Overall,Overall,30,20,30,1.5,1.935992,0.410416,1097,21,
3,43,Overall,Overall,30,16,30,0.5,0.725162,0.378344,1036,19,
3,44,Overall,Overall,30,18,30,1.5,1.206764,0.395728,1060,20,
3,45,Overall,Overall,30,10,30,-2.0,-1.704096,0.411483,915,21,
3,46,Overall,Overall,30,20,30,0.5,0.679445,0.397921,1034,20,
3,47,Overall,Overall,30,8,30,-2.0,-2.204321,0.438144,890,22,
3,48,Overall,Overall,30,18,30,2.0,1.612401,0.401356,1081,20,
3,49,Overall,Overall,30,23,30,2.0,2.086825,0.452607,1104,23,
3,50,Overall,Overall,30,15,30,-1.0,-0.627115,0.376092,969,19,
3,51,Overall,Overall,30,19,30,2.0,1.437705,0.403444,1072,20,
3,52,Overall,Overall,30,15,30,0.5,0.636616,0.381003,1032,19,
3,53,Overall,Overall,30,22,30,1.5,1.703624,0.426032,1085,21,
3,54,Overall,Overall,30,21,30,2.0,1.770581,0.418937,1089,21,
3,55,Overall,Overall,30,13,30,-1.0,-0.615823,0.376655,969,19,
3,56,Overall,Overall,30,20,30,0.5,1.007589,0.401284,1050,20,
3,57,Overall,Overall,30,16,30,-0.5,-0.405494,0.390778,980,20,
3,58,Overall,Overall,30,9,30,-2.0,-1.73798,0.415812,913,21,
3,59,Overall,Overall,30,10,30,-2.0,-1.872479,0.409979,906,20,
3,60,Overall,Overall,30,25,30,2.0,2.77043,0.517019,1139,26,
3,61,Overall,Overall,30,14,30,-1.0,-0.969999,0.381249,952,19,
3,62,Overall,Overall,30,13,30,-1.0,-1.113085,0.384712,944,19,
3,63,Overall,Overall,30,19,30,1.0,1.362419,0.399257,1068,20,
3,64,Overall,Overall,30,16,30,0.5,0.921432,0.38022,1046,19,
3,65,Overall,Overall,30,23,30,1.0,1.872685,0.458869,1094,23,
3,66,Overall,Overall,30,13,30,-0.5,-0.279923,0.375909,986,19,
3,67,Overall,Overall,30,13,30,0.5,0.217657,0.375798,1011,19,
3,68,Overall,Overall,30,10,30,-1.5,-1.642994,0.406042,918,20,
3,69,Overall,Overall,30,22,30,2.0,2.207008,0.432105,1110,22,
3,70,Overall,Overall,30,10,30,-1.5,-1.606182,0.409056,920,20,
3,71,Overall,Overall,30,16,30,0.0,0.139481,0.372957,1007,19,
3,72,Overall,Overall,30,20,30,1.5,1.549996,0.406677,1077,20,
3,73,Overall,Overall,30,11,30,0.0,-0.345467,0.388321,983,19,
3,74,Overall,Overall,30,13,30,-0.5,-0.399839,0.377949,980,19,
3,75,Overall,Overall,30,14,30,0.0,-0.373798,0.379132,981,19,
3,76,Overall,Overall,30,16,30,0.5,0.074383,0.375213,1004,19,
3,77,Overall,Overall,30,17,30,1.0,0.775413,0.376026,1039,19,
3,78,Overall,Overall,30,18,30,1.0,1.087236,0.390031,1054,20,
3,79,Overall,Overall,30,14,30,0.0,0.003713,0.377313,1000,19,
3,80,Overall,Overall,30,16,30,0.5,0.649878,0.376716,1032,19,
3,81,Overall,Overall,30,12,30,-1.5,-1.375631,0.393553,931,20,
3,82,Overall,Overall,30,19,30,0.5,0.474447,0.38746,1024,19,
3,83,Overall,Overall,30,9,30,-2.0,-2.007325,0.418575,900,21,
3,84,Overall,Overall,30,18,30,1.0,1.164811,0.398312,1058,20,
3,85,Overall,Overall,30,16,30,0.5,0.559715,0.3789,1028,19,
3,86,Overall,Overall,30,11,30,-0.5,-0.807808,0.388739,960,19,
3,87,Overall,Overall,30,16,30,0.5,-0.312268,0.375998,984,19,
3,88,Overall,Overall,30,17,30,0.5,0.192914,0.377401,1010,19,
3,89,Overall,Overall,30,17,30,0.5,0.386068,0.374639,1019,19,
3,90,Overall,Overall,30,8,30,-2.0,-2.228474,0.434219,889,22,
3,91,Overall,Overall,30,13,30,1.0,0.203865,0.381855,1010,19,
3,92,Overall,Overall,30,15,30,-1.0,-0.935002,0.391891,953,20,
3,93,Overall,Overall,30,17,30,-1.0,-0.465221,0.382509,977,19,
3,94,Overall,Overall,30,5,30,-2.0,-2.795059,0.508492,860,25,
3,95,Overall,Overall,30,19,30,1.0,1.49223,0.395127,1075,20,
3,96,Overall,Overall,30,21,30,1.0,1.360601,0.415858,1068,21,
3,97,Overall,Overall,30,12,30,-1.5,-1.455175,0.389237,927,19,
3,98,Overall,Overall,30,16,30,0.5,0.441419,0.373193,1022,19,
3,99,Overall,Overall,30,21,30,2.0,2.118152,0.42124,1106,21,
3,100,Overall,Overall,30,15,30,1.0,0.519541,0.376985,1026,19,
3,101,Overall,Overall,30,14,30,0.0,0.360456,0.37776,1018,19,
3,102,Overall,Overall,30,21,30,1.5,1.475855,0.424372,1074,21,
3,103,Overall,Overall,30,22,30,2.0,2.116747,0.435309,1106,22,
3,104,Overall,Overall,30,17,30,0.0,0.01262,0.380574,1001,19,
3,105,Overall,Overall,30,14,30,-0.5,-1.173036,0.388409,941,19,
3,106,Overall,Overall,30,20,30,1.0,1.255834,0.408254,1063,20,
3,107,Overall,Overall,30,22,30,2.0,2.262674,0.436598,1113,22,
3,108,Overall,Overall,30,18,30,1.0,0.645149,0.378693,1032,19,
3,109,Overall,Overall,30,9,30,-2.0,-1.892758,0.417457,905,21,
3,110,Overall,Overall,30,6,30,-2.0,-2.440877,0.47679,878,24,
3,111,Overall,Overall,30,17,30,-0.5,0.597372,0.373636,1030,19,
3,112,Overall,Overall,30,15,30,0.0,-0.453306,0.376066,977,19,
3,113,Overall,Overall,30,25,30,1.5,2.708369,0.517266,1135,26,
3,114,Overall,Overall,30,9,30,-1.0,-1.229708,0.417522,939,21,
3,115,Overall,Overall,30,23,30,2.0,2.06924,0.45095,1103,23,
3,116,Overall,Overall,30,19,30,0.5,1.160872,0.391412,1058,20,
3,117,Overall,Overall,30,12,30,-1.5,-1.009178,0.385857,950,19,
3,118,Overall,Overall,30,12,30,-0.5,0.121037,0.384176,1006,19,
3,119,Overall,Overall,30,19,30,1.5,1.634823,0.401205,1082,20,
3,120,Overall,Overall,30,17,30,1.0,0.896512,0.384769,1045,19,
3,121,Overall,Overall,30,20,30,1.5,1.47095,0.40641,1074,20,
3,122,Overall,Overall,30,20,30,1.5,1.310099,0.41272,1066,21,
3,123,Overall,Overall,30,16,30,0.5,0.49551,0.372118,1025,19,
3,124,Overall,Overall,30,17,30,0.5,1.085922,0.39285,1054,20,
3,125,Overall,Overall,30,23,30,2.0,2.122939,0.456109,1106,23,
3,126,Overall,Overall,30,15,30,0.0,-0.028432,0.372107,999,19,
3,127,Overall,Overall,30,12,30,-1.0,-0.984467,0.388866,951,19,
3,128,Overall,Overall,30,12,30,-1.0,-1.292434,0.387461,935,19,
3,129,Overall,Overall,30,17,30,1.0,0.57815,0.384367,1029,19,
3,130,Overall,Overall,30,17,30,0.5,0.29415,0.374048,1015,19,
3,131,Overall,Overall,30,11,30,-0.5,-0.698256,0.392254,965,20,
3,132,Overall,Overall,30,18,30,0.5,0.12585,0.387147,1006,19,
3,133,Overall,Overall,30,16,30,-0.5,-0.63791,0.388712,968,19,
3,134,Overall,Overall,30,22,30,2.0,1.67833,0.428991,1084,21,
3,135,Overall,Overall,30,15,30,0.0,-0.162267,0.37359,992,19,
3,136,Overall,Overall,30,9,30,-1.5,-1.845389,0.416093,908,21,
3,137,Overall,Overall,30,15,30,-0.5,-0.438296,0.375893,978,19,
3,138,Overall,Overall,30,16,30,-1.0,-0.232081,0.378984,988,19,
3,139,Overall,Overall,30,21,30,1.5,1.413942,0.418186,1071,21,
3,140,Overall,Overall,30,13,30,-1.0,-0.617285,0.378121,969,19,
3,141,Overall,Overall,30,14,30,-1.5,-0.690777,0.384526,965,19,
3,142,Overall,Overall,30,15,30,-1.0,-1.125422,0.38635,944,19,
3,143,Overall,Overall,30,13,30,-1.0,-0.712404,0.382378,964,19,
3,144,Overall,Overall,30,10,30,-2.0,-1.916655,0.40523,904,20,
3,145,Overall,Overall,30,17,30,-0.5,0.258339,0.37514,1013,19,
3,146,Overall,Overall,30,15,30,0.5,0.271332,0.371485,1014,19,
3,147,Overall,Overall,30,17,30,0.0,0.593305,0.378583,1030,19,
3,148,Overall,Overall,30,10,30,-1.0,-1.074104,0.412294,946,21,
3,149,Overall,Overall,30,20,30,1.5,1.93712,0.414633,1097,21,
3,150,Overall,Overall,30,10,30,-1.0,-1.709925,0.408226,915,20,
3,151,Overall,Overall,30,9,30,-1.5,-1.665296,0.417024,917,21,
3,152,Overall,Overall,30,21,30,2.0,1.947817,0.426215,1097,21,
3,153,Overall,Overall,30,11,30,-1.0,-0.458188,0.392166,977,20,
3,154,Overall,Overall,30,11,30,-2.0,-1.127393,0.391291,944,20,
3,155,Overall,Overall,30,12,30,-1.0,-1.490974,0.395547,925,20,
3,156,Overall,Overall,30,21,30,2.0,1.909682,0.426392,1095,21,
3,157,Overall,Overall,30,9,30,-2.0,-2.054656,0.4181,897,21,
3,158,Overall,Overall,30,16,30,-0.5,-0.695154,0.383756,965,19,
3,159,Overall,Overall,30,9,30,-1.5,-1.59962,0.413062,920,21,
3,160,Overall,Overall,30,16,30,0.5,0.55133,0.37151,1028,19,
3,161,Overall,Overall,30,13,30,-0.5,-1.147792,0.389228,943,19,
3,162,Overall,Overall,30,17,30,0.0,0.413846,0.377932,1021,19,
3,163,Overall,Overall,30,17,30,1.0,0.840797,0.386577,1042,19,
3,164,Overall,Overall,30,16,30,1.0,0.432428,0.373813,1022,19,
3,165,Overall,Overall,30,15,30,0.0,0.594959,0.377468,1030,19,
3,166,Overall,Overall,30,21,30,2.0,1.858642,0.423132,1093,21,
3,167,Overall,Overall,30,13,30,-1.5,-1.192713,0.381647,940,19,
3,168,Overall,Overall,30,9,30,-1.5,-1.689803,0.409648,916,20,
3,169,Overall,Overall,30,5,30,-2.0,-2.856156,0.506934,857,25,
3,170,Overall,Overall,30,8,30,-2.0,-2.017797,0.441103,899,22,
3,171,Overall,Overall,30,14,30,0.0,0.106771,0.372511,1005,19,
3,172,Overall,Overall,30,13,30,-0.5,-0.136628,0.378807,993,19,
3,173,Overall,Overall,30,19,30,2.0,1.440891,0.397289,1072,20,
3,174,Overall,Overall,30,9,30,-2.0,-2.147601,0.420419,893,21,
3,175,Overall,Overall,30,14,30,-1.0,-0.589613,0.379378,971,19,
3,176,Overall,Overall,30,18,30,0.5,0.258541,0.382867,1013,19,
3,177,Overall,Overall,30,14,30,-0.5,0.048257,0.375518,1002,19,
3,178,Overall,Overall,30,11,30,-1.5,-1.295676,0.39457,935,20,
3,179,Overall,Overall,30,14,30,-1.0,-0.80946,0.380443,960,19,
3,180,Overall,Overall,30,8,30,-2.0,-2.02834,0.435808,899,22,
3,181,Overall,Overall,30,17,30,2.0,0.969242,0.387358,1048,19,
3,182,Overall,Overall,30,8,30,-2.0,-2.039566,0.440119,898,22,
3,183,Overall,Overall,30,14,30,-0.5,-0.814907,0.378842,959,19,
3,184,Overall,Overall,30,13,30,-1.0,-0.881777,0.383241,956,19,
3,185,Overall,Overall,30,22,30,1.5,2.163426,0.443216,1108,22,
3,186,Overall,Overall,30,6,30,-2.0,-2.568817,0.476233,872,24,
3,187,Overall,Overall,30,12,30,-1.5,-1.513746,0.393301,924,20,
3,188,Overall,Overall,30,17,30,1.0,0.883849,0.380493,1044,19,
3,189,Overall,Overall,30,17,30,0.5,0.431249,0.374011,1022,19,
3,190,Overall,Overall,30,11,30,-1.0,-1.128714,0.386483,944,19,
3,191,Overall,Overall,30,23,30,2.0,2.228335,0.450387,1111,23,
3,192,Overall,Overall,30,19,30,1.0,0.881683,0.383487,1044,19,
3,193,Overall,Overall,30,10,30,-1.5,-1.608423,0.404705,920,20,
3,194,Overall,Overall,30,10,30,-1.0,-0.652531,0.397995,967,20,
3,195,Overall,Overall,30,16,30,0.5,0.178926,0.37686,1009,19,
3,196,Overall,Overall,30,17,30,1.0,1.334338,0.387884,1067,19,
3,197,Overall,Overall,30,17,30,1.0,1.127617,0.394621,1056,20,
3,198,Overall,Overall,30,22,30,2.0,1.841318,0.433389,1092,22,
3,199,Overall,Overall,30,23,30,2.0,2.220182,0.45555,1111,23,
3,200,Overall,Overall,30,15,30,0.0,-0.659045,0.376558,967,19,
3,201,Overall,Overall,30,13,30,-1.5,-1.407102,0.390379,930,20,
3,202,Overall,Overall,30,6,30,-2.0,-2.43066,0.479111,878,24,
3,203,Overall,Overall,30,12,30,-0.5,-1.0399,0.38373,948,19,
3,204,Overall,Overall,30,9,30,-0.5,-0.805521,0.409022,960,20,
3,205,Overall,Overall,30,21,30,2.0,2.075955,0.423271,1104,21,
3,206,Overall,Overall,30,19,30,1.0,1.534145,0.403639,1077,20,
3,207,Overall,Overall,30,19,30,1.5,1.095803,0.389886,1055,19,
3,208,Overall,Overall,30,16,30,0.0,-0.041881,0.374399,998,19,
3,209,Overall,Overall,30,17,30,0.0,0.032316,0.376735,1002,19,
3,210,Overall,Overall,30,7,30,-2.0,-2.269622,0.454957,887,23,
3,211,Overall,Overall,30,7,30,-2.0,-2.250224,0.450043,887,23,
3,212,Overall,Overall,30,9,30,-2.0,-2.04627,0.42005,898,21,
3,213,Overall,Overall,30,17,30,0.5,0.98098,0.390662,1049,20,
3,214,Overall,Overall,30,18,30,1.0,1.205056,0.387027,1060,19,
3,215,Overall,Overall,30,9,30,-1.0,-1.85487,0.420023,907,21,
3,216,Overall,Overall,30,20,30,1.5,1.683126,0.412046,1084,21,
3,217,Overall,Overall,30,14,30,-0.5,-0.868024,0.378912,957,19,
3,218,Overall,Overall,30,13,30,-1.5,-1.351944,0.389048,932,19,
3,219,Overall,Overall,30,12,30,-0.5,-0.416899,0.381719,979,19,
3,220,Overall,Overall,30,14,30,-1.0,-1.248,0.387975,938,19,
3,221,Overall,Overall,30,17,30,0.5,1.283036,0.391821,1064,20,
3,222,Overall,Overall,30,17,30,-0.5,-0.571065,0.382466,971,19,
3,223,Overall,Overall,30,14,30,-1.0,-0.931999,0.381069,953,19,
3,224,Overall,Overall,30,11,30,-1.0,-0.529925,0.384232,974,19,
3,225,Overall,Overall,30,7,30,-2.0,-2.466902,0.454151,877,23,
3,226,Overall,Overall,30,16,30,0.0,0.123753,0.374919,1006,19,
3,227,Overall,Overall,30,22,30,1.5,2.262757,0.437234,1113,22,
3,228,Overall,Overall,30,16,30,0.0,0.5914,0.3781,1030,19,
3,229,Overall,Overall,30,15,30,-1.0,-0.639564,0.375892,968,19,
3,230,Overall,Overall,30,14,30,-1.0,-1.163779,0.388248,942,19,
3,231,Overall,Overall,30,19,30,0.5,0.812461,0.38294,1041,19,
3,232,Overall,Overall,30,22,30,1.0,1.541459,0.443449,1077,22,
3,233,Overall,Overall,30,22,30,2.0,1.906151,0.431471,1095,22,
3,234,Overall,Overall,30,17,30,1.0,0.865016,0.388901,1043,19,
3,235,Overall,Overall,30,13,30,-1.0,-0.390635,0.374667,980,19,
3,236,Overall,Overall,30,24,30,2.0,2.673533,0.483401,1134,24,
3,237,Overall,Overall,30,17,30,0.5,0.812085,0.386158,1041,19,
3,238,Overall,Overall,30,18,30,1.0,0.615139,0.378293,1031,19,
3,239,Overall,Overall,30,17,30,-0.5,-0.587647,0.384608,971,19,
3,240,Overall,Overall,30,17,30,-0.5,-0.433551,0.385619,978,19,
3,241,Overall,Overall,30,8,30,-2.0,-1.716119,0.424872,914,21,
3,242,Overall,Overall,30,15,30,-0.5,-0.01078,0.373158,999,19,
3,243,Overall,Overall,30,22,30,1.0,1.583226,0.426127,1079,21,
3,244,Overall,Overall,30,19,30,1.0,1.145015,0.390545,1057,20,
3,245,Overall,Overall,30,21,30,1.5,1.413811,0.414844,1071,21,
3,246,Overall,Overall,30,11,30,-1.5,-1.719987,0.399983,914,20,
3,247,Overall,Overall,30,16,30,0.0,-0.365663,0.375175,982,19,
3,248,Overall,Overall,30,14,30,-0.5,-0.582375,0.376437,971,19,
3,249,Overall,Overall,30,7,30,-1.5,-2.10678,0.445369,895,22,
3,250,Overall,Overall,30,18,30,0.0,1.199942,0.393118,1060,20,
3,251,Overall,Overall,30,21,30,2.0,2.100257,0.427844,1105,21,
3,252,Overall,Overall,30,20,30,1.5,1.5173,0.40669,1076,20,
3,253,Overall,Overall,30,26,30,2.0,3.061531,0.569861,1153,28,
3,254,Overall,Overall,30,23,30,2.0,2.282802,0.45055,1114,23,
3,255,Overall,Overall,30,23,30,1.5,2.283607,0.455105,1114,23,
3,256,Overall,Overall,30,13,30,-0.5,-0.225123,0.373403,989,19,
3,257,Overall,Overall,30,14,30,-0.5,-0.346294,0.374913,983,19,
3,258,Overall,Overall,30,8,30,-2.0,-1.667558,0.436779,917,22,
3,259,Overall,Overall,30,16,30,1.5,0.941591,0.378291,1047,19,
3,260,Overall,Overall,30,18,30,2.0,1.372116,0.397528,1069,20,
3,261,Overall,Overall,30,18,30,1.0,1.206581,0.403516,1060,20,
3,262,Overall,Overall,30,17,30,0.5,0.621856,0.375834,1031,19,
3,263,Overall,Overall,30,11,30,-1.0,-1.4097,0.396226,930,20,
3,264,Overall,Overall,30,20,30,2.0,1.848384,0.40471,1092,20,
3,265,Overall,Overall,30,12,30,-1.5,-1.321053,0.391022,934,20,
3,266,Overall,Overall,30,18,30,0.5,-0.468801,0.387534,977,19,
3,267,Overall,Overall,30,12,30,-1.0,-1.109708,0.39941,945,20,
3,268,Overall,Overall,30,12,30,0.0,-0.874789,0.38486,956,19,
3,269,Overall,Overall,30,15,30,1.0,0.404199,0.370761,1020,19,
3,270,Overall,Overall,30,19,30,1.5,1.362419,0.399257,1068,20,
3,271,Overall,Overall,30,16,30,-0.5,-0.462016,0.377743,977,19,
3,272,Overall,Overall,30,7,30,-2.0,-2.386179,0.452683,881,23,
3,273,Overall,Overall,30,16,30,0.5,0.761308,0.378853,1038,19,
3,274,Overall,Overall,30,16,30,0.5,0.180383,0.372448,1009,19,
3,275,Overall,Overall,30,17,30,1.5,1.447348,0.392712,1072,20,
3,276,Overall,Overall,30,21,30,2.0,2.049353,0.427043,1102,21,
3,277,Overall,Overall,30,17,30,0.0,0.435433,0.37484,1022,19,
3,278,Overall,Overall,30,16,30,0.5,0.48074,0.373658,1024,19,
3,279,Overall,Overall,30,19,30,1.0,1.06178,0.398244,1053,20,
3,280,Overall,Overall,30,17,30,0.0,0.61303,0.379074,1031,19,
3,281,Overall,Overall,30,18,30,1.5,0.913633,0.392097,1046,20,
3,282,Overall,Overall,30,24,30,2.0,2.443697,0.482334,1122,24,
3,283,Overall,Overall,30,25,30,2.0,2.778533,0.526864,1139,26,
3,284,Overall,Overall,30,19,30,1.5,1.244411,0.394479,1062,20,
3,285,Overall,Overall,30,13,30,-1.0,-1.24713,0.397915,938,20,
3,286,Overall,Overall,30,12,30,-1.0,-1.150822,0.387525,942,19,
3,287,Overall,Overall,30,12,30,-1.0,-1.320564,0.390189,934,20,
3,288,Overall,Overall,30,12,30,-1.5,-1.315319,0.388201,934,19,
3,289,Overall,Overall,30,15,30,-1.0,-0.679543,0.37705,966,19,
3,290,Overall,Overall,30,13,30,-1.5,-0.645064,0.37811,968,19,
3,291,Overall,Overall,30,16,30,0.5,0.568377,0.379594,1028,19,
3,292,Overall,Overall,30,16,30,1.0,0.847726,0.375651,1042,19,
3,293,Overall,Overall,30,24,30,2.0,2.357704,0.480614,1118,24,
3,294,Overall,Overall,30,18,30,1.5,1.504658,0.396986,1075,20,
3,295,Overall,Overall,30,11,30,-2.0,-1.642248,0.402226,918,20,
3,296,Overall,Overall,30,11,30,-1.5,-1.479831,0.392783,926,20,
3,297,Overall,Overall,30,12,30,0.5,0.152757,0.38401,1008,19,
3,298,Overall,Overall,30,14,30,0.0,-0.798069,0.382741,960,19,
3,299,Overall,Overall,30,18,30,2.0,1.521323,0.396155,1076,20,
3,300,Overall,Overall,30,13,30,0.0,-0.213112,0.380874,989,19,
3,301,Overall,Overall,30,7,30,-2.0,-2.385305,0.450648,881,23,
3,302,Overall,Overall,30,11,30,-0.5,-0.196938,0.390982,990,20,
3,303,Overall,Overall,30,18,30,1.0,1.121714,0.383531,1056,19,
3,304,Overall,Overall,30,13,30,-1.0,-0.593707,0.380973,970,19,
3,305,Overall,Overall,30,12,30,-0.5,-0.734124,0.379512,963,19,
3,306,Overall,Overall,30,21,30,1.5,1.978859,0.424394,1099,21,
3,307,Overall,Overall,30,11,30,-2.0,-1.342893,0.38846,933,19,
3,308,Overall,Overall,30,12,30,-1.0,-0.831649,0.388185,958,19,
3,309,Overall,Overall,30,18,30,0.0,0.767466,0.37937,1038,19,
3,310,Overall,Overall,30,10,30,-1.5,-1.814512,0.410257,909,21,
3,311,Overall,Overall,30,14,30,-0.5,-0.618134,0.377222,969,19,
3,312,Overall,Overall,30,12,30,-1.5,-1.590884,0.394373,920,20,
3,313,Overall,Overall,30,12,30,-1.0,-0.383149,0.381294,981,19,
3,314,Overall,Overall,30,16,30,0.5,0.087647,0.372739,1004,19,
3,315,Overall,Overall,30,18,30,0.0,0.125205,0.381057,1006,19,
3,316,Overall,Overall,30,15,30,0.0,-0.593923,0.374199,970,19,
3,317,Overall,Overall,30,22,30,1.5,2.206069,0.442059,1110,22,
3,318,Overall,Overall,30,19,30,1.0,0.848522,0.392355,1042,20,
3,319,Overall,Overall,30,12,30,-0.5,-0.771478,0.384319,961,19,
3,320,Overall,Overall,30,11,30,-1.5,-1.55736,0.398704,922,20,
3,321,Overall,Overall,30,20,30,1.5,1.557613,0.407601,1078,20,
3,322,Overall,Overall,30,16,30,0.5,0.270418,0.37584,1014,19,
3,323,Overall,Overall,30,8,30,-2.0,-2.109631,0.434522,895,22,
3,324,Overall,Overall,30,11,30,-2.0,-1.370363,0.403792,931,20,
3,325,Overall,Overall,30,8,30,-1.5,-1.773975,0.424502,911,21,
3,326,Overall,Overall,30,7,30,-2.0,-2.103483,0.447092,895,22,
3,327,Overall,Overall,30,10,30,-2.0,-1.615149,0.415269,919,21,
3,328,Overall,Overall,30,16,30,1.0,0.563257,0.380282,1028,19,
3,329,Overall,Overall,30,12,30,-1.0,-1.613044,0.39758,919,20,
3,330,Overall,Overall,30,22,30,2.0,1.838341,0.432542,1092,22,
3,331,Overall,Overall,30,22,30,1.5,2.0409,0.435212,1102,22,
3,332,Overall,Overall,30,20,30,1.5,1.100471,0.40828,1055,20,
3,333,Overall,Overall,30,16,30,0.0,-0.237428,0.376462,988,19,
3,334,Overall,Overall,30,15,30,-0.5,-0.262303,0.372925,987,19,
3,335,Overall,Overall,30,18,30,1.0,1.022526,0.390279,1051,20,
3,336,Overall,Overall,30,15,30,0.5,0.72903,0.383858,1036,19,
3,337,Overall,Overall,30,16,30,1.0,0.764317,0.377449,1038,19,
3,338,Overall,Overall,30,23,30,1.5,2.170603,0.454691,1109,23,
3,339,Overall,Overall,30,8,30,-2.0,-2.283521,0.431338,886,22,
3,340,Overall,Overall,30,24,30,1.5,2.489373,0.474709,1124,24,
3,341,Overall,Overall,30,19,30,1.5,1.254927,0.401384,1063,20,
3,342,Overall,Overall,30,7,30,-2.0,-2.41191,0.453434,879,23,
3,343,Overall,Overall,30,16,30,1.0,1.303181,0.392081,1065,20,
3,344,Overall,Overall,30,8,30,-2.0,-2.133194,0.433738,893,22,
3,345,Overall,Overall,30,11,30,-1.5,-1.098889,0.391502,945,20,
3,346,Overall,Overall,30,23,30,1.5,2.054617,0.450457,1103,23,
3,347,Overall,Overall,30,9,30,-1.0,-1.87727,0.418253,906,21,
3,348,Overall,Overall,30,16,30,0.5,0.563734,0.37549,1028,19,
3,349,Overall,Overall,30,11,30,0.0,-1.211699,0.392279,939,20,
3,350,Overall,Overall,30,25,30,2.0,2.591025,0.528977,1130,26,
3,351,Overall,Overall,30,19,30,0.5,0.329762,0.389397,1016,19,
3,352,Overall,Overall,30,17,30,1.5,1.240212,0.401819,1062,20,
3,353,Overall,Overall,30,11,30,-0.5,-0.171227,0.393353,991,20,
3,354,Overall,Overall,30,22,30,1.5,2.051674,0.433781,1103,22,
3,355,Overall,Overall,30,15,30,-0.5,-0.224651,0.376767,989,19,
3,356,Overall,Overall,30,25,30,1.5,2.440094,0.509709,1122,25,
3,357,Overall,Overall,30,11,30,-1.5,-1.563718,0.398207,922,20,
3,358,Overall,Overall,30,16,30,-0.5,-0.818393,0.381303,959,19,
3,359,Overall,Overall,30,21,30,2.0,1.882578,0.412806,1094,21,
3,360,Overall,Overall,30,13,30,-1.0,-0.91462,0.382153,954,19,
3,361,Overall,Overall,30,8,30,-2.0,-1.680936,0.435621,916,22,
3,362,Overall,Overall,30,18,30,1.5,1.338839,0.385489,1067,19,
3,363,Overall,Overall,30,21,30,2.0,1.861632,0.423053,1093,21,
3,364,Overall,Overall,30,16,30,-0.5,-0.588224,0.379148,971,19,
3,365,Overall,Overall,30,14,30,-1.0,-0.878546,0.392539,956,20,
3,366,Overall,Overall,30,16,30,1.0,0.438936,0.372552,1022,19,
3,367,Overall,Overall,30,21,30,2.0,1.931584,0.421197,1097,21,
3,368,Overall,Overall,30,16,30,0.5,0.456647,0.374977,1023,19,
3,369,Overall,Overall,30,23,30,2.0,2.38018,0.458959,1119,23,
3,370,Overall,Overall,30,24,30,2.0,2.474443,0.484345,1124,24,
3,371,Overall,Overall,30,15,30,-1.0,-0.834062,0.381344,958,19,
3,372,Overall,Overall,30,18,30,1.5,1.319339,0.397538,1066,20,
3,373,Overall,Overall,30,7,30,-1.5,-2.383139,0.453124,881,23,
3,374,Overall,Overall,30,13,30,-1.0,-0.239097,0.373255,988,19,
3,375,Overall,Overall,30,16,30,1.0,0.084325,0.375562,1004,19,
3,376,Overall,Overall,30,13,30,0.5,0.332859,0.382639,1017,19,
3,377,Overall,Overall,30,10,30,-1.0,-1.317247,0.400516,934,20,
3,378,Overall,Overall,30,14,30,-0.5,-0.740908,0.376349,963,19,
3,379,Overall,Overall,30,19,30,1.5,1.699436,0.405923,1085,20,
3,380,Overall,Overall,30,21,30,1.0,0.59773,0.410477,1030,21,
3,381,Overall,Overall,30,14,30,-1.0,-0.769861,0.377683,962,19,
3,382,Overall,Overall,30,16,30,1.5,1.029144,0.387266,1051,19,
3,383,Overall,Overall,30,19,30,1.5,1.430008,0.398356,1072,20,
3,384,Overall,Overall,30,16,30,1.0,0.857595,0.382833,1043,19,
3,385,Overall,Overall,30,9,30,-2.0,-1.813216,0.418723,909,21,
3,386,Overall,Overall,30,7,30,-1.0,-1.242559,0.450281,938,23,
3,387,Overall,Overall,30,17,30,1.5,1.372751,0.385498,1069,19,
3,388,Overall,Overall,30,11,30,-2.0,-1.558204,0.398159,922,20,
3,389,Overall,Overall,30,15,30,-0.5,-0.185421,0.375553,991,19,
3,390,Overall,Overall,30,19,30,2.0,1.326084,0.399218,1066,20,
3,391,Overall,Overall,30,20,30,0.0,0.565025,0.40287,1028,20,
3,392,Overall,Overall,30,10,30,-2.0,-1.196631,0.401789,940,20,
3,393,Overall,Overall,30,20,30,2.0,0.909084,0.395047,1045,20,
3,394,Overall,Overall,30,7,30,-2.0,-2.385305,0.450648,881,23,
3,395,Overall,Overall,30,7,30,-2.0,-2.288008,0.451211,886,23,
3,396,Overall,Overall,30,12,30,-1.0,-0.151517,0.377923,992,19,
3,397,Overall,Overall,30,11,30,-1.5,-1.684267,0.403232,916,20,
3,398,Overall,Overall,30,21,30,2.0,1.698464,0.417921,1085,21,
3,399,Overall,Overall,30,16,30,-1.0,-0.015811,0.374959,999,19,
3,400,Overall,Overall,30,12,30,-1.0,-0.776152,0.3873,961,19,
3,401,Overall,Overall,30,20,30,1.5,1.761965,0.417154,1088,21,
3,402,Overall,Overall,30,12,30,0.0,0.004309,0.381373,1000,19,
3,403,Overall,Overall,30,18,30,1.5,1.201998,0.390769,1060,20,
3,404,Overall,Overall,30,13,30,-1.5,-1.072737,0.381965,946,19,
3,405,Overall,Overall,30,13,30,-1.5,-1.121158,0.384814,944,19,
3,406,Overall,Overall,30,20,30,2.0,1.360304,0.399658,1068,20,
3,407,Overall,Overall,30,10,30,-2.0,-1.879637,0.410995,906,21,
3,408,Overall,Overall,30,13,30,-1.5,-1.193095,0.390828,940,20,
3,409,Overall,Overall,30,15,30,-0.5,-0.823637,0.379636,959,19,
3,410,Overall,Overall,30,9,30,-2.0,-1.501407,0.411307,925,21,
3,411,Overall,Overall,30,20,30,2.0,1.746882,0.40747,1087,20,
3,412,Overall,Overall,30,17,30,1.0,1.15694,0.391238,1058,20,
3,413,Overall,Overall,30,16,30,0.5,0.559818,0.373288,1028,19,
3,414,Overall,Overall,30,11,30,-1.5,-1.126543,0.395287,944,20,
3,415,Overall,Overall,30,15,30,0.0,-0.241418,0.375814,988,19,
3,416,Overall,Overall,30,13,30,-1.5,-0.889186,0.38318,956,19,
3,417,Overall,Overall,30,15,30,-0.5,-0.38803,0.381654,981,19,
3,418,Overall,Overall,30,5,30,-2.0,-2.977391,0.514153,851,26,
3,419,Overall,Overall,30,8,30,-2.0,-2.190745,0.43228,890,22,
3,420,Overall,Overall,30,16,30,0.0,-0.507748,0.381054,975,19,
3,421,Overall,Overall,30,13,30,0.0,-0.402511,0.385642,980,19,
3,422,Overall,Overall,30,10,30,-1.5,-1.545457,0.404895,923,20,
3,423,Overall,Overall,30,17,30,0.0,0.020794,0.375199,1001,19,
3,424,Overall,Overall,30,14,30,-1.0,-0.895143,0.379331,955,19,
3,425,Overall,Overall,30,21,30,2.0,2.028078,0.424922,1101,21,
3,426,Overall,Overall,30,15,30,-0.5,-0.824787,0.383314,959,19,
3,427,Overall,Overall,30,24,30,2.0,2.420098,0.476431,1121,24,
3,428,Overall,Overall,30,17,30,0.5,-0.293214,0.394165,985,20,
3,429,Overall,Overall,30,16,30,-1.5,-0.597286,0.382445,970,19,
3,430,Overall,Overall,30,11,30,-2.0,-1.459048,0.399803,927,20,
3,431,Overall,Overall,30,19,30,1.5,1.544949,0.404993,1077,20,
3,432,Overall,Overall,30,8,30,-1.5,-2.029563,0.42979,899,21,
3,433,Overall,Overall,30,18,30,0.0,0.356174,0.379843,1018,19,
3,434,Overall,Overall,30,12,30,-1.5,-0.990989,0.381863,950,19,
3,435,Overall,Overall,30,16,30,0.0,-0.430317,0.378118,978,19,
3,436,Overall,Overall,30,16,30,-1.0,-0.789783,0.389746,961,19,
3,437,Overall,Overall,30,13,30,-1.0,-1.153543,0.386968,942,19,
3,438,Overall,Overall,30,18,30,1.5,0.840794,0.380829,1042,19,
3,439,Overall,Overall,30,19,30,0.5,1.475975,0.400594,1074,20,
3,440,Overall,Overall,30,17,30,1.5,1.144223,0.397367,1057,20,
3,441,Overall,Overall,30,13,30,0.0,-0.002627,0.377189,1000,19,
3,442,Overall,Overall,30,17,30,1.0,0.275721,0.373418,1014,19,
3,443,Overall,Overall,30,13,30,-0.5,-0.619725,0.377679,969,19,
3,444,Overall,Overall,30,22,30,1.0,1.870075,0.435829,1094,22,
3,445,Overall,Overall,30,19,30,1.5,1.572104,0.407714,1079,20,
3,446,Overall,Overall,30,18,30,1.5,0.951165,0.382922,1048,19,
3,447,Overall,Overall,30,18,30,0.5,0.821175,0.382232,1041,19,
3,448,Overall,Overall,30,18,30,1.0,1.081739,0.387395,1054,19,
3,449,Overall,Overall,30,15,30,-1.5,-0.784337,0.378586,961,19,
3,450,Overall,Overall,30,20,30,1.0,1.716245,0.415745,1086,21,
3,451,Overall,Overall,30,11,30,-0.5,-1.374692,0.406879,931,20,
3,452,Overall,Overall,30,22,30,2.0,2.12858,0.432143,1106,22,
3,453,Overall,Overall,30,19,30,1.0,1.095266,0.389767,1055,19,
3,454,Overall,Overall,30,10,30,-1.5,-1.563403,0.396958,922,20,
3,455,Overall,Overall,30,16,30,0.5,0.458145,0.377571,1023,19,
3,456,Overall,Overall,30,14,30,-0.5,0.07802,0.375505,1004,19,
3,457,Overall,Overall,30,16,30,1.0,1.122046,0.386657,1056,19,
3,458,Overall,Overall,30,20,30,0.5,0.402986,0.397249,1020,20,
3,459,Overall,Overall,30,14,30,0.0,-0.171071,0.375398,991,19,
3,460,Overall,Overall,30,16,30,0.0,-0.094499,0.374157,995,19,
3,461,Overall,Overall,30,11,30,-1.0,-0.736942,0.393132,963,20,
3,462,Overall,Overall,30,13,30,-1.5,-1.400929,0.391196,930,20,
3,463,Overall,Overall,30,22,30,2.0,2.030187,0.443225,1102,22,
3,464,Overall,Overall,30,17,30,-0.5,-0.336885,0.379487,983,19,
3,465,Overall,Overall,30,9,30,-1.5,-1.888284,0.425969,906,21,
3,466,Overall,Overall,30,21,30,1.0,0.989155,0.408684,1049,20,
3,467,Overall,Overall,30,9,30,-1.5,-1.58343,0.409234,921,20,
3,468,Overall,Overall,30,15,30,-1.5,-0.715895,0.37522,964,19,
3,469,Overall,Overall,30,9,30,-1.5,-1.699582,0.407904,915,20,
3,470,Overall,Overall,30,21,30,2.0,1.756865,0.421075,1088,21,
3,471,Overall,Overall,30,13,30,-0.5,-1.021592,0.389059,949,19,
3,472,Overall,Overall,30,15,30,0.5,1.059981,0.386184,1053,19,
3,473,Overall,Overall,30,14,30,0.0,-0.752546,0.377093,962,19,
3,474,Overall,Overall,30,7,30,-2.0,-2.121152,0.444558,894,22,
3,475,Overall,Overall,30,14,30,-0.5,-0.54463,0.377424,973,19,
3,476,Overall,Overall,30,14,30,0.5,-0.629835,0.376922,969,19,
3,477,Overall,Overall,30,13,30,-1.5,-0.553776,0.381007,972,19,
3,478,Overall,Overall,30,21,30,1.0,1.219362,0.410782,1061,21,
3,479,Overall,Overall,30,7,30,-2.0,-2.436839,0.451533,878,23,
3,480,Overall,Overall,30,22,30,2.0,2.351243,0.436401,1118,22,
3,481,Overall,Overall,30,10,30,-1.5,-1.637173,0.405086,918,20,
3,482,Overall,Overall,30,14,30,0.5,-0.006314,0.371646,1000,19,
3,483,Overall,Overall,30,8,30,-1.5,-1.563786,0.426838,922,21,
3,484,Overall,Overall,30,17,30,-0.5,-0.548142,0.38398,973,19,
3,485,Overall,Overall,30,11,30,-1.0,-1.278468,0.40397,936,20,
3,486,Overall,Overall,30,16,30,0.0,-0.924848,0.385645,954,19,
3,487,Overall,Overall,30,14,30,-0.5,-0.724365,0.390618,964,20,
3,488,Overall,Overall,30,11,30,-0.5,-0.507173,0.388572,975,19,
3,489,Overall,Overall,30,15,30,0.5,0.626039,0.377186,1031,19,
3,490,Overall,Overall,30,20,30,1.0,1.250017,0.399282,1063,20,
3,491,Overall,Overall,30,17,30,1.0,1.311243,0.394369,1066,20,
3,492,Overall,Overall,30,11,30,-0.5,-0.261753,0.389019,987,19,
3,493,Overall,Overall,30,15,30,-0.5,-0.213519,0.372779,989,19,
3,494,Overall,Overall,30,17,30,0.5,0.85274,0.384857,1043,19,
3,495,Overall,Overall,30,8,30,-2.0,-1.840004,0.436797,908,22,
3,496,Overall,Overall,30,23,30,1.5,2.115661,0.469672,1106,23,
3,497,Overall,Overall,30,14,30,0.0,0.011467,0.370965,1001,19,
3,498,Overall,Overall,30,13,30,0.0,-0.190858,0.374205,990,19,
3,499,Overall,Overall,30,18,30,2.0,1.470841,0.390717,1074,20,
3,500,Overall,Overall,30,13,30,-0.5,-0.692832,0.382888,965,19,
3,501,Overall,Overall,30,15,30,0.0,-0.370124,0.376543,981,19,
3,502,Overall,Overall,30,10,30,-2.0,-1.716333,0.407842,914,20,
3,503,Overall,Overall,30,22,30,2.0,2.323645,0.440884,1116,22,
3,504,Overall,Overall,30,18,30,1.0,0.700243,0.378032,1035,19,
3,505,Overall,Overall,30,20,30,2.0,1.565077,0.412491,1078,21,
3,506,Overall,Overall,30,20,30,2.0,1.443621,0.406479,1072,20,
3,507,Overall,Overall,30,20,30,0.0,0.347565,0.401197,1017,20,
3,508,Overall,Overall,30,15,30,-0.5,0.250413,0.375306,1013,19,
3,509,Overall,Overall,30,15,30,1.0,0.773418,0.379147,1039,19,
3,510,Overall,Overall,30,12,30,-0.5,-0.338944,0.37942,983,19,
3,511,Overall,Overall,30,9,30,-1.5,-1.643352,0.410374,918,21,
3,512,Overall,Overall,30,14,30,0.0,-0.222541,0.373954,989,19,
3,513,Overall,Overall,30,16,30,0.5,0.663789,0.377186,1033,19,
3,514,Overall,Overall,30,10,30,-1.5,-1.897787,0.408293,905,20,
3,515,Overall,Overall,30,21,30,2.0,1.658634,0.42566,1083,21,
3,516,Overall,Overall,30,12,30,-1.0,-0.63864,0.383583,968,19,
3,517,Overall,Overall,30,15,30,0.0,-0.725366,0.37958,964,19,
3,518,Overall,Overall,30,10,30,-1.0,-1.81094,0.417746,909,21,
3,519,Overall,Overall,30,15,30,-1.0,-0.701192,0.37995,965,19,
3,520,Overall,Overall,30,11,30,-1.0,-0.990318,0.387715,950,19,
3,521,Overall,Overall,30,14,30,-0.5,-0.603332,0.375979,970,19,
3,522,Overall,Overall,30,13,30,-1.5,-0.956319,0.381187,952,19,
3,523,Overall,Overall,30,8,30,-1.0,-1.476821,0.43183,926,22,
3,524,Overall,Overall,30,23,30,2.0,2.480572,0.454219,1124,23,
3,525,Overall,Overall,30,13,30,-0.5,-0.893144,0.38289,955,19,
3,526,Overall,Overall,30,8,30,-1.5,-1.608494,0.429721,920,21,
3,527,Overall,Overall,30,17,30,1.0,1.170104,0.392864,1059,20,
3,528,Overall,Overall,30,12,30,-1.0,-0.944169,0.385406,953,19,
3,529,Overall,Overall,30,14,30,-1.5,-0.905468,0.380265,955,19,
3,530,Overall,Overall,30,9,30,-1.5,-1.775122,0.42786,911,21,
3,531,Overall,Overall,30,11,30,-2.0,-1.337035,0.388444,933,19,
3,532,Overall,Overall,30,17,30,1.0,0.692681,0.376635,1035,19,
3,533,Overall,Overall,30,7,30,-2.0,-2.217132,0.452509,889,23,
3,534,Overall,Overall,30,13,30,-0.5,-0.770445,0.379199,961,19,
3,535,Overall,Overall,30,21,30,1.5,1.896726,0.42269,1095,21,
3,536,Overall,Overall,30,12,30,-1.5,-0.825005,0.38262,959,19,
3,537,Overall,Overall,30,17,30,0.5,0.732728,0.380316,1037,19,
3,538,Overall,Overall,30,17,30,1.5,1.207602,0.39238,1060,20,
3,539,Overall,Overall,30,21,30,1.5,1.799142,0.416611,1090,21,
3,540,Overall,Overall,30,20,30,1.5,1.626784,0.409051,1081,20,
3,541,Overall,Overall,30,17,30,0.5,0.252499,0.374938,1013,19,
3,542,Overall,Overall,30,15,30,-0.5,-0.636286,0.37571,968,19,
3,543,Overall,Overall,30,12,30,-1.5,-1.517152,0.39328,924,20,
3,544,Overall,Overall,30,20,30,1.5,1.052475,0.396327,1053,20,
3,545,Overall,Overall,30,11,30,-1.0,-1.189965,0.400081,941,20,
3,546,Overall,Overall,30,10,30,-2.0,-1.590941,0.401555,920,20,
3,547,Overall,Overall,30,20,30,2.0,1.904237,0.41134,1095,21,
3,548,Overall,Overall,30,11,30,-1.5,-1.603331,0.398921,920,20,
3,549,Overall,Overall,30,19,30,1.0,1.364188,0.396443,1068,20,
3,550,Overall,Overall,30,13,30,-1.5,-0.83632,0.380567,958,19,
3,551,Overall,Overall,30,18,30,1.0,1.076781,0.390499,1054,20,
3,552,Overall,Overall,30,16,30,0.0,0.06486,0.37971,1003,19,
3,553,Overall,Overall,30,13,30,-0.5,-0.311487,0.380722,984,19,
3,554,Overall,Overall,30,21,30,1.5,1.380432,0.420188,1069,21,
3,555,Overall,Overall,30,25,30,2.0,2.592097,0.534783,1130,27,
3,556,Overall,Overall,30,14,30,0.5,0.079906,0.377524,1004,19,
3,557,Overall,Overall,30,18,30,1.0,0.952551,0.385071,1048,19,
3,558,Overall,Overall,30,9,30,-1.5,-1.510314,0.407971,924,20,
3,559,Overall,Overall,30,18,30,1.0,1.514152,0.392505,1076,20,
3,560,Overall,Overall,30,11,30,-1.0,-1.393096,0.394094,930,20,
3,561,Overall,Overall,30,15,30,0.5,0.155094,0.373713,1008,19,
3,562,Overall,Overall,30,16,30,0.5,-0.083211,0.382977,996,19,
3,563,Overall,Overall,30,9,30,-2.0,-2.007325,0.418575,900,21,
3,564,Overall,Overall,30,20,30,1.5,1.816645,0.416598,1091,21,
3,565,Overall,Overall,30,15,30,-0.5,-0.051063,0.370502,997,19,
3,566,Overall,Overall,30,17,30,1.0,0.598466,0.379273,1030,19,
3,567,Overall,Overall,30,23,30,2.0,2.131038,0.448664,1107,22,
3,568,Overall,Overall,30,16,30,-0.5,-0.560112,0.377308,972,19,
3,569,Overall,Overall,30,10,30,-2.0,-1.889275,0.408131,906,20,
3,570,Overall,Overall,30,18,30,1.0,0.313042,0.379624,1016,19,
3,571,Overall,Overall,30,22,30,2.0,2.131321,0.445992,1107,22,
3,572,Overall,Overall,30,13,30,0.0,0.419187,0.379602,1021,19,
3,573,Overall,Overall,30,6,30,-2.0,-2.641216,0.476485,868,24,
3,574,Overall,Overall,30,17,30,0.5,0.213039,0.378079,1011,19,
3,575,Overall,Overall,30,20,30,1.5,1.875167,0.409045,1094,20,
3,576,Overall,Overall,30,19,30,1.5,1.499598,0.40513,1075,20,
3,577,Overall,Overall,30,7,30,-2.0,-2.39728,0.451768,880,23,
3,578,Overall,Overall,30,20,30,1.5,0.759414,0.400627,1038,20,
3,579,Overall,Overall,30,18,30,0.5,0.412258,0.378126,1021,19,
3,580,Overall,Overall,30,16,30,0.0,0.191417,0.376644,1010,19,
3,581,Overall,Overall,30,22,30,2.0,2.195971,0.43567,1110,22,
3,582,Overall,Overall,30,20,30,2.0,1.935992,0.410416,1097,21,
3,583,Overall,Overall,30,17,30,1.5,0.890773,0.383358,1045,19,
3,584,Overall,Overall,30,12,30,-2.0,-1.491004,0.399192,925,20,
3,585,Overall,Overall,30,21,30,1.0,1.159326,0.42436,1058,21,
3,586,Overall,Overall,30,14,30,1.0,0.446872,0.386827,1022,19,
3,587,Overall,Overall,30,17,30,0.5,0.196919,0.383823,1010,19,
3,588,Overall,Overall,30,17,30,0.0,-0.177866,0.382081,991,19,
3,589,Overall,Overall,30,16,30,0.5,0.375843,0.375597,1019,19,
3,590,Overall,Overall,30,16,30,1.0,0.790757,0.378155,1040,19,
3,591,Overall,Overall,30,13,30,-1.5,-1.38114,0.391347,931,20,
3,592,Overall,Overall,30,13,30,-1.0,-0.963179,0.394315,952,20,
3,593,Overall,Overall,30,12,30,-1.0,-0.454926,0.38453,977,19,
3,594,Overall,Overall,30,16,30,0.0,-0.342013,0.3766,983,19,
3,595,Overall,Overall,30,13,30,-1.0,-1.056129,0.386494,947,19,
3,596,Overall,Overall,30,9,30,-2.0,-1.81733,0.419635,909,21,
3,597,Overall,Overall,30,9,30,-1.5,-2.074558,0.423179,896,21,
3,598,Overall,Overall,30,6,30,-1.5,-2.547092,0.475118,873,24,
3,599,Overall,Overall,30,22,30,1.5,2.020487,0.43758,1101,22,
3,600,Overall,Overall,30,5,30,-2.0,-2.841345,0.511563,858,26,
3,601,Overall,Overall,30,24,30,2.0,2.456011,0.475611,1123,24,
3,602,Overall,Overall,30,12,30,-0.5,-1.292134,0.389649,935,19,
3,603,Overall,Overall,30,10,30,-1.5,-1.388062,0.399354,931,20,
3,604,Overall,Overall,30,16,30,0.0,-0.37352,0.381061,981,19,
3,605,Overall,Overall,30,22,30,1.0,2.205141,0.444454,1110,22,
3,606,Overall,Overall,30,7,30,-2.0,-2.436464,0.458569,878,23,
3,607,Overall,Overall,30,14,30,0.0,0.170966,0.370556,1009,19,
3,608,Overall,Overall,30,17,30,1.0,1.34681,0.394823,1067,20,
3,609,Overall,Overall,30,18,30,0.0,0.43693,0.381312,1022,19,
3,610,Overall,Overall,30,26,30,2.0,2.963274,0.558166,1148,28,
3,611,Overall,Overall,30,16,30,1.0,0.846565,0.380399,1042,19,
3,612,Overall,Overall,30,23,30,2.0,2.149335,0.454232,1107,23,
3,613,Overall,Overall,30,16,30,0.0,-0.049389,0.378093,998,19,
3,614,Overall,Overall,30,14,30,0.5,0.375364,0.384505,1019,19,
3,615,Overall,Overall,30,19,30,1.5,0.765089,0.387808,1038,19,
3,616,Overall,Overall,30,7,30,-2.0,-2.324798,0.45073,884,23,
3,617,Overall,Overall,30,14,30,0.0,-0.658259,0.380231,967,19,
3,618,Overall,Overall,30,21,30,1.5,0.630143,0.412345,1032,21,
3,619,Overall,Overall,30,16,30,-1.0,-0.675159,0.381822,966,19,
3,620,Overall,Overall,30,9,30,-2.0,-1.226412,0.415659,939,21,
3,621,Overall,Overall,30,23,30,2.0,2.419269,0.460419,1121,23,
3,622,Overall,Overall,30,9,30,-2.0,-1.992108,0.4215,900,21,
3,623,Overall,Overall,30,15,30,1.0,0.574312,0.374352,1029,19,
3,624,Overall,Overall,30,12,30,-1.0,-0.996112,0.38758,950,19,
3,625,Overall,Overall,30,10,30,0.0,-0.426867,0.393473,979,20,
3,626,Overall,Overall,30,23,30,1.5,2.330887,0.453576,1117,23,
3,627,Overall,Overall,30,12,30,-2.0,-1.50413,0.398495,925,20,
3,628,Overall,Overall,30,13,30,0.0,-0.538594,0.385136,973,19,
3,629,Overall,Overall,30,13,30,-1.0,-1.042226,0.380229,948,19,
3,630,Overall,Overall,30,8,30,-1.5,-1.612627,0.427883,919,21,
3,631,Overall,Overall,30,9,30,-1.0,-1.648573,0.408906,918,20,
3,632,Overall,Overall,30,12,30,-0.5,-1.449393,0.39616,928,20,
3,633,Overall,Overall,30,22,30,2.0,2.124858,0.445111,1106,22,
3,634,Overall,Overall,30,19,30,1.5,1.556839,0.402313,1078,20,
3,635,Overall,Overall,30,16,30,0.0,0.568934,0.376805,1028,19,
3,636,Overall,Overall,30,13,30,0.5,-0.059612,0.380098,997,19,
3,637,Overall,Overall,30,14,30,-0.5,-0.797264,0.380276,960,19,
3,638,Overall,Overall,30,16,30,1.5,0.973847,0.378379,1049,19,
3,639,Overall,Overall,30,14,30,0.5,-0.233123,0.372788,988,19,
3,640,Overall,Overall,30,19,30,1.0,0.797194,0.409041,1040,20,
3,641,Overall,Overall,30,20,30,1.5,1.94624,0.411483,1097,21,
3,642,Overall,Overall,30,13,30,0.0,-0.208589,0.372855,990,19,
3,643,Overall,Overall,30,10,30,-2.0,-1.729126,0.405107,914,20,
3,644,Overall,Overall,30,9,30,-2.0,-2.147601,0.420419,893,21,
3,645,Overall,Overall,30,7,30,-2.0,-2.229977,0.451563,889,23,
3,646,Overall,Overall,30,16,30,0.5,0.87112,0.380607,1044,19,
3,647,Overall,Overall,30,17,30,1.0,0.941815,0.387045,1047,19,
3,648,Overall,Overall,30,15,30,1.0,1.01969,0.385265,1051,19,
3,649,Overall,Overall,30,20,30,2.0,1.831458,0.416143,1092,21,
3,650,Overall,Overall,30,12,30,-0.5,-0.207074,0.383073,990,19,
3,651,Overall,Overall,30,17,30,0.0,0.141676,0.377718,1007,19,
3,652,Overall,Overall,30,5,30,-2.0,-2.704697,0.506428,865,25,
3,653,Overall,Overall,30,8,30,-2.0,-2.024103,0.42997,899,21,
3,654,Overall,Overall,30,20,30,1.0,0.836764,0.405575,1042,20,
3,655,Overall,Overall,30,15,30,0.0,0.007047,0.372223,1000,19,
3,656,Overall,Overall,30,9,30,-2.0,-2.050312,0.41969,897,21,
3,657,Overall,Overall,30,21,30,1.5,1.687139,0.420237,1084,21,
3,658,Overall,Overall,30,7,30,-2.0,-2.278649,0.446593,886,22,
3,659,Overall,Overall,30,16,30,0.0,0.397446,0.376172,1020,19,
3,660,Overall,Overall,30,18,30,1.0,1.361435,0.39723,1068,20,
3,661,Overall,Overall,30,14,30,-1.5,-0.963817,0.381029,952,19,
3,662,Overall,Overall,30,11,30,-1.0,-1.468639,0.40968,927,20,
3,663,Overall,Overall,30,17,30,1.0,1.141286,0.393481,1057,20,
3,664,Overall,Overall,30,17,30,0.0,-0.01997,0.386356,999,19,
3,665,Overall,Overall,30,6,30,-2.0,-2.477335,0.482506,876,24,
3,666,Overall,Overall,30,20,30,1.5,1.264072,0.406058,1063,20,
3,667,Overall,Overall,30,8,30,-2.0,-2.239503,0.434235,888,22,
3,668,Overall,Overall,30,24,30,2.0,2.26862,0.472801,1113,24,
3,669,Overall,Overall,30,15,30,-1.0,-0.585988,0.381161,971,19,
3,670,Overall,Overall,30,13,30,-1.0,-0.993311,0.393207,950,20,
3,671,Overall,Overall,30,21,30,1.5,1.593692,0.414424,1080,21,
3,672,Overall,Overall,30,11,30,-1.0,-1.658314,0.40024,917,20,
3,673,Overall,Overall,30,17,30,0.0,-0.073081,0.379089,996,19,
3,674,Overall,Overall,30,23,30,2.0,2.473539,0.454926,1124,23,
3,675,Overall,Overall,30,17,30,1.0,1.176179,0.389515,1059,19,
3,676,Overall,Overall,30,21,30,1.5,1.871712,0.419929,1094,21,
3,677,Overall,Overall,30,10,30,-1.0,-1.597494,0.410663,920,21,
3,678,Overall,Overall,30,9,30,-2.0,-1.943494,0.417423,903,21,
3,679,Overall,Overall,30,12,30,-1.5,-1.204304,0.383721,940,19,
3,680,Overall,Overall,30,16,30,0.5,0.243916,0.377344,1012,19,
3,681,Overall,Overall,30,17,30,-0.5,-0.463844,0.38474,977,19,
3,682,Overall,Overall,30,21,30,2.0,1.988115,0.42071,1099,21,
3,683,Overall,Overall,30,11,30,-1.0,-1.463901,0.397303,927,20,
3,684,Overall,Overall,30,20,30,0.5,1.269206,0.404651,1063,20,
3,685,Overall,Overall,30,22,30,1.5,1.777837,0.43152,1089,22,
3,686,Overall,Overall,30,19,30,1.5,1.394161,0.398884,1070,20,
3,687,Overall,Overall,30,23,30,1.5,2.441305,0.45589,1122,23,
3,688,Overall,Overall,30,20,30,1.5,0.954664,0.400309,1048,20,
3,689,Overall,Overall,30,22,30,2.0,2.041862,0.436987,1102,22,
3,690,Overall,Overall,30,15,30,-1.5,-1.117021,0.385645,944,19,
3,691,Overall,Overall,30,12,30,-0.5,-0.396081,0.391688,980,20,
3,692,Overall,Overall,30,13,30,0.0,-0.148237,0.373979,993,19,
3,693,Overall,Overall,30,15,30,-1.0,-1.049138,0.386072,948,19,
3,694,Overall,Overall,30,16,30,1.5,0.915966,0.382323,1046,19,
3,695,Overall,Overall,30,21,30,1.0,1.800233,0.425945,1090,21,
3,696,Overall,Overall,30,4,30,-2.0,-3.149091,0.557774,843,28,
3,697,Overall,Overall,30,9,30,-1.5,-1.645601,0.413979,918,21,
3,698,Overall,Overall,30,8,30,-2.0,-2.159295,0.431416,892,22,
3,699,Overall,Overall,30,20,30,2.0,1.744863,0.415442,1087,21,
3,700,Overall,Overall,30,21,30,1.0,1.698464,0.417921,1085,21,
3,701,Overall,Overall,30,13,30,0.5,0.454832,0.387037,1023,19,
3,702,Overall,Overall,30,7,30,-2.0,-2.383127,0.450995,881,23,
3,703,Overall,Overall,30,17,30,0.0,0.51362,0.386012,1026,19,
3,704,Overall,Overall,30,19,30,-0.5,-0.154856,0.391357,992,20,
3,705,Overall,Overall,30,14,30,-1.0,-0.393544,0.374207,980,19,
3,706,Overall,Overall,30,26,30,2.0,2.985096,0.570943,1149,29,
3,707,Overall,Overall,30,19,30,0.5,1.134474,0.395872,1057,20,
3,708,Overall,Overall,30,17,30,1.0,1.044643,0.388529,1052,19,
3,709,Overall,Overall,30,12,30,-0.5,-0.51092,0.382584,974,19,
3,710,Overall,Overall,30,15,30,1.5,0.641804,0.374628,1032,19,
3,711,Overall,Overall,30,16,30,-1.0,-0.554444,0.378662,972,19,
3,712,Overall,Overall,30,9,30,-1.5,-1.864237,0.42305,907,21,
3,713,Overall,Overall,30,7,30,-2.0,-2.103941,0.465417,895,23,
3,714,Overall,Overall,30,10,30,-1.5,-1.722022,0.409246,914,20,
3,715,Overall,Overall,30,15,30,0.0,-0.260374,0.379204,987,19,
3,716,Overall,Overall,30,17,30,0.5,0.381728,0.385005,1019,19,
3,717,Overall,Overall,30,20,30,0.5,1.093847,0.396694,1055,20,
3,718,Overall,Overall,30,13,30,0.0,-0.824386,0.387429,959,19,
3,719,Overall,Overall,30,19,30,1.0,1.127753,0.392649,1056,20,
3,720,Overall,Overall,30,14,30,-0.5,-0.01989,0.373528,999,19,
3,721,Overall,Overall,30,19,30,1.5,1.595823,0.411464,1080,21,
3,722,Overall,Overall,30,15,30,-1.0,-0.581941,0.377419,971,19,
3,723,Overall,Overall,30,13,30,-1.0,-1.185311,0.390341,941,20,
3,724,Overall,Overall,30,15,30,0.0,-0.362829,0.376487,982,19,
3,725,Overall,Overall,30,14,30,0.0,0.250224,0.378898,1013,19,
3,726,Overall,Overall,30,20,30,2.0,1.682831,0.413553,1084,21,
3,727,Overall,Overall,30,21,30,1.0,1.479197,0.411323,1074,21,
3,728,Overall,Overall,30,11,30,-1.5,-1.44299,0.403481,928,20,
3,729,Overall,Overall,30,23,30,2.0,1.474889,0.439064,1074,22,
3,730,Overall,Overall,30,14,30,-1.0,-1.025201,0.386383,949,19,
3,731,Overall,Overall,30,19,30,1.5,1.205372,0.394286,1060,20,
3,732,Overall,Overall,30,8,30,-1.0,-1.945141,0.433066,903,22,
3,733,Overall,Overall,30,12,30,-0.5,-0.174933,0.381803,991,19,
3,734,Overall,Overall,30,20,30,0.5,0.943051,0.394284,1047,20,
3,735,Overall,Overall,30,14,30,1.0,0.506483,0.38495,1025,19,
3,736,Overall,Overall,30,11,30,-1.5,-1.584543,0.396416,921,20,
3,737,Overall,Overall,30,21,30,1.5,1.815305,0.416276,1091,21,
3,738,Overall,Overall,30,12,30,-1.5,-1.189112,0.38686,941,19,
3,739,Overall,Overall,30,6,30,-2.0,-2.448853,0.482639,878,24,
3,740,Overall,Overall,30,9,30,-2.0,-2.155889,0.417476,892,21,
3,741,Overall,Overall,30,15,30,1.0,0.384347,0.374755,1019,19,
3,742,Overall,Overall,30,14,30,1.0,0.757409,0.389697,1038,19,
3,743,Overall,Overall,30,13,30,-0.5,-0.514455,0.380891,974,19,
3,744,Overall,Overall,30,10,30,-1.5,-1.530821,0.403902,923,20,
3,745,Overall,Overall,30,16,30,-0.5,0.114029,0.374815,1006,19,
3,746,Overall,Overall,30,17,30,1.0,0.934762,0.381685,1047,19,
3,747,Overall,Overall,30,12,30,-1.0,-1.247602,0.385138,938,19,
3,748,Overall,Overall,30,18,30,0.5,0.963663,0.38662,1048,19,
3,749,Overall,Overall,30,23,30,1.5,2.083289,0.449278,1104,22,
3,750,Overall,Overall,30,5,30,-2.0,-2.821981,0.507204,859,25,
3,751,Overall,Overall,30,15,30,-1.0,-0.287408,0.380313,986,19,
3,752,Overall,Overall,30,9,30,-2.0,-2.104389,0.418939,895,21,
3,753,Overall,Overall,30,15,30,0.5,0.529678,0.376589,1026,19,
3,754,Overall,Overall,30,17,30,1.0,1.024801,0.395172,1051,20,
3,755,Overall,Overall,30,11,30,-1.5,-1.583041,0.397047,921,20,
3,756,Overall,Overall,30,14,30,-0.5,-0.914539,0.387253,954,19,
3,757,Overall,Overall,30,19,30,1.0,0.623423,0.392264,1031,20,
3,758,Overall,Overall,30,24,30,2.0,2.371047,0.470896,1119,24,
3,759,Overall,Overall,30,16,30,1.0,0.591749,0.37596,1030,19,
3,760,Overall,Overall,30,17,30,0.5,0.56869,0.374191,1028,19,
3,761,Overall,Overall,30,22,30,2.0,2.147515,0.436519,1107,22,
3,762,Overall,Overall,30,17,30,0.0,-0.213023,0.380143,989,19,
3,763,Overall,Overall,30,8,30,-2.0,-2.255001,0.432968,887,22,
3,764,Overall,Overall,30,15,30,0.5,0.503069,0.376154,1025,19,
3,765,Overall,Overall,30,8,30,-2.0,-2.024103,0.42997,899,21,
3,766,Overall,Overall,30,15,30,-1.0,-0.675059,0.376827,966,19,
3,767,Overall,Overall,30,11,30,-2.0,-1.607793,0.403066,920,20,
3,768,Overall,Overall,30,18,30,1.0,1.200925,0.390154,1060,20,
3,769,Overall,Overall,30,16,30,0.5,0.242889,0.373256,1012,19,
3,770,Overall,Overall,30,14,30,0.5,-0.229393,0.372889,989,19,
3,771,Overall,Overall,30,14,30,-1.0,-0.520814,0.386587,974,19,
3,772,Overall,Overall,30,16,30,-0.5,-0.242103,0.376737,988,19,
3,773,Overall,Overall,30,12,30,-2.0,-1.41841,0.393176,929,20,
3,774,Overall,Overall,30,17,30,0.5,0.568827,0.376662,1028,19,
3,775,Overall,Overall,30,6,30,-2.0,-2.134485,0.474961,893,24,
3,776,Overall,Overall,30,19,30,0.5,0.57102,0.385736,1029,19,
3,777,Overall,Overall,30,13,30,-0.5,-0.117628,0.37488,994,19,
3,778,Overall,Overall,30,12,30,-1.5,-0.977675,0.392768,951,20,
3,779,Overall,Overall,30,14,30,0.0,0.183235,0.376927,1009,19,
3,780,Overall,Overall,30,17,30,1.0,0.295818,0.385237,1015,19,
3,781,Overall,Overall,30,21,30,2.0,2.010941,0.427381,1101,21,
3,782,Overall,Overall,30,20,30,1.0,1.183317,0.409794,1059,20,
3,783,Overall,Overall,30,17,30,1.5,1.443437,0.393912,1072,20,
3,784,Overall,Overall,30,15,30,-0.5,-0.783411,0.384262,961,19,
3,785,Overall,Overall,30,13,30,-1.0,-1.24184,0.389536,938,19,
3,786,Overall,Overall,30,16,30,1.0,1.012933,0.383013,1051,19,
3,787,Overall,Overall,30,15,30,-0.5,-0.685898,0.376044,966,19,
3,788,Overall,Overall,30,15,30,-1.0,-0.516315,0.374464,974,19,
3,789,Overall,Overall,30,22,30,2.0,2.076683,0.43284,1104,22,
3,790,Overall,Overall,30,7,30,-2.0,-2.435749,0.452504,878,23,
3,791,Overall,Overall,30,20,30,1.0,1.021469,0.395371,1051,20,
3,792,Overall,Overall,30,19,30,1.0,0.717349,0.386734,1036,19,
3,793,Overall,Overall,30,26,30,2.0,3.210277,0.558267,1161,28,
3,794,Overall,Overall,30,18,30,-1.0,-0.371425,0.384216,981,19,
3,795,Overall,Overall,30,16,30,0.5,0.486684,0.374441,1024,19,
3,796,Overall,Overall,30,14,30,0.5,0.509172,0.391958,1025,20,
3,797,Overall,Overall,30,12,30,-1.5,-0.733648,0.380333,963,19,
3,798,Overall,Overall,30,21,30,1.5,1.991513,0.416297,1100,21,
3,799,Overall,Overall,30,19,30,1.0,0.937392,0.390822,1047,20,
3,800,Overall,Overall,30,18,30,2.0,0.935524,0.388801,1047,19,
3,801,Overall,Overall,30,15,30,-0.5,-0.087161,0.373115,996,19,
3,802,Overall,Overall,30,12,30,-1.5,-1.492703,0.394845,925,20,
3,803,Overall,Overall,30,19,30,1.5,1.630181,0.405364,1082,20,
3,804,Overall,Overall,30,21,30,2.0,1.756847,0.417784,1088,21,
3,805,Overall,Overall,30,18,30,1.5,1.480319,0.391008,1074,20,
3,806,Overall,Overall,30,24,30,2.0,2.63508,0.486323,1132,24,
3,807,Overall,Overall,30,23,30,1.5,2.05922,0.446959,1103,22,
3,808,Overall,Overall,30,15,30,-0.5,-0.569974,0.379522,972,19,
3,809,Overall,Overall,30,8,30,-1.5,-1.147315,0.428439,943,21,
3,810,Overall,Overall,30,22,30,2.0,2.203787,0.428961,1110,21,
3,811,Overall,Overall,30,8,30,-2.0,-1.953263,0.437133,902,22,
3,812,Overall,Overall,30,11,30,-0.5,-0.482337,0.391569,976,20,
3,813,Overall,Overall,30,15,30,0.0,0.133347,0.372828,1007,19,
3,814,Overall,Overall,30,21,30,1.5,1.698464,0.417921,1085,21,
3,815,Overall,Overall,30,15,30,0.0,-1.086523,0.386961,946,19,
3,816,Overall,Overall,30,25,30,1.5,2.840427,0.51481,1142,26,
3,817,Overall,Overall,30,11,30,-0.5,-0.43958,0.385869,978,19,
3,818,Overall,Overall,30,20,30,1.5,1.497687,0.42362,1075,21,
3,819,Overall,Overall,30,14,30,-1.0,-0.051825,0.375139,997,19,
3,820,Overall,Overall,30,15,30,0.0,-0.324988,0.378712,984,19,
3,821,Overall,Overall,30,21,30,1.5,1.483074,0.419253,1074,21,
3,822,Overall,Overall,30,15,30,0.5,0.469253,0.376393,1023,19,
3,823,Overall,Overall,30,14,30,0.0,-0.297345,0.375269,985,19,
3,824,Overall,Overall,30,16,30,-0.5,-0.708518,0.381037,965,19,
3,825,Overall,Overall,30,21,30,2.0,1.789976,0.424178,1089,21,
3,826,Overall,Overall,30,24,30,2.0,1.711233,0.469409,1086,23,
3,827,Overall,Overall,30,17,30,0.5,-0.094934,0.378779,995,19,
3,828,Overall,Overall,30,16,30,-1.0,-0.636791,0.390283,968,20,
3,829,Overall,Overall,30,11,30,-1.5,-1.16044,0.39266,942,20,
3,830,Overall,Overall,30,12,30,-2.0,-1.62897,0.39664,919,20,
3,831,Overall,Overall,30,24,30,2.0,2.234103,0.474395,1112,24,
3,832,Overall,Overall,30,12,30,-1.5,-1.341854,0.39172,933,20,
3,833,Overall,Overall,30,13,30,-0.5,-0.751635,0.380331,962,19,
3,834,Overall,Overall,30,16,30,0.5,0.279745,0.371753,1014,19,
3,835,Overall,Overall,30,16,30,-0.5,-0.528166,0.378647,974,19,
3,836,Overall,Overall,30,20,30,1.5,1.706673,0.402889,1085,20,
3,837,Overall,Overall,30,16,30,0.0,0.032071,0.375346,1002,19,
3,838,Overall,Overall,30,12,30,-1.0,-0.778819,0.396143,961,20,
3,839,Overall,Overall,30,21,30,2.0,1.739418,0.427051,1087,21,
3,840,Overall,Overall,30,15,30,0.5,0.757806,0.380417,1038,19,
3,841,Overall,Overall,30,16,30,0.0,0.082963,0.372872,1004,19,
3,842,Overall,Overall,30,17,30,0.0,0.182732,0.379682,1009,19,
3,843,Overall,Overall,30,8,30,-1.5,-1.483921,0.430132,926,22,
3,844,Overall,Overall,30,15,30,0.5,-0.64318,0.376487,968,19,
3,845,Overall,Overall,30,13,30,-1.5,-1.355268,0.389532,932,19,
3,846,Overall,Overall,30,12,30,-0.5,-0.969069,0.38629,952,19,
3,847,Overall,Overall,30,11,30,-2.0,-1.69703,0.399914,915,20,
3,848,Overall,Overall,30,13,30,-1.5,-1.207106,0.383538,940,19,
3,849,Overall,Overall,30,13,30,-1.5,-1.352145,0.391153,932,20,
3,850,Overall,Overall,30,18,30,1.5,0.948935,0.386948,1047,19,
3,851,Overall,Overall,30,17,30,0.5,1.315194,0.383337,1066,19,
3,852,Overall,Overall,30,17,30,0.0,0.240038,0.380029,1012,19,
3,853,Overall,Overall,30,17,30,1.5,1.020669,0.383679,1051,19,
3,854,Overall,Overall,30,12,30,-1.0,-1.202234,0.384377,940,19,
3,855,Overall,Overall,30,9,30,-1.5,-1.842151,0.42587,908,21,
3,856,Overall,Overall,30,17,30,-0.5,-0.397423,0.379686,980,19,
3,857,Overall,Overall,30,23,30,2.0,2.327163,0.459773,1116,23,
3,858,Overall,Overall,30,16,30,0.0,0.130016,0.372354,1007,19,
3,859,Overall,Overall,30,7,30,-2.0,-2.49815,0.452814,875,23,
3,860,Overall,Overall,30,15,30,-0.5,-0.77969,0.378411,961,19,
3,861,Overall,Overall,30,11,30,-1.5,-1.406,0.396419,930,20,
3,862,Overall,Overall,30,15,30,0.5,0.302888,0.372124,1015,19,
3,863,Overall,Overall,30,9,30,-1.5,-1.503144,0.412639,925,21,
3,864,Overall,Overall,30,22,30,1.5,1.514903,0.434398,1076,22,
3,865,Overall,Overall,30,15,30,0.0,0.28498,0.377579,1014,19,
3,866,Overall,Overall,30,17,30,1.0,0.725536,0.376915,1036,19,
3,867,Overall,Overall,30,22,30,1.0,0.842843,0.420072,1042,21,
3,868,Overall,Overall,30,7,30,-2.0,-2.098068,0.449991,895,22,
3,869,Overall,Overall,30,14,30,0.0,-0.312303,0.375611,984,19,
3,870,Overall,Overall,30,20,30,2.0,1.928395,0.411163,1096,21,
3,871,Overall,Overall,30,13,30,-0.5,-0.565331,0.377246,972,19,
3,872,Overall,Overall,30,6,30,-2.0,-2.531854,0.472914,873,24,
3,873,Overall,Overall,30,11,30,-1.5,-1.361388,0.396631,932,20,
3,874,Overall,Overall,30,9,30,-1.5,-1.56115,0.422209,922,21,
3,875,Overall,Overall,30,11,30,-0.5,-0.51743,0.390416,974,20,
3,876,Overall,Overall,30,16,30,1.5,1.272481,0.390015,1064,20,
3,877,Overall,Overall,30,9,30,-1.5,-1.749347,0.413435,913,21,
3,878,Overall,Overall,30,8,30,-2.0,-2.089267,0.435456,896,22,
3,879,Overall,Overall,30,14,30,-0.5,-0.608855,0.380546,970,19,
3,880,Overall,Overall,30,18,30,-0.5,0.846903,0.384839,1042,19,
3,881,Overall,Overall,30,11,30,-0.5,-1.578543,0.400254,921,20,
3,882,Overall,Overall,30,16,30,0.0,-0.365082,0.380105,982,19,
3,883,Overall,Overall,30,15,30,-0.5,-0.447838,0.379554,978,19,
3,884,Overall,Overall,30,19,30,0.0,0.499801,0.389129,1025,19,
3,885,Overall,Overall,30,10,30,-1.5,-1.724756,0.403058,914,20,
3,886,Overall,Overall,30,16,30,0.0,-0.02466,0.37637,999,19,
3,887,Overall,Overall,30,20,30,1.0,1.760081,0.413986,1088,21,
3,888,Overall,Overall,30,16,30,0.5,0.416463,0.372885,1021,19,
3,889,Overall,Overall,30,13,30,-1.0,-1.22523,0.383974,939,19,
3,890,Overall,Overall,30,22,30,2.0,2.116485,0.433647,1106,22,
3,891,Overall,Overall,30,11,30,-0.5,-1.238141,0.393399,938,20,
3,892,Overall,Overall,30,17,30,0.0,-0.055935,0.382033,997,19,
3,893,Overall,Overall,30,18,30,0.5,0.09254,0.38257,1005,19,
3,894,Overall,Overall,30,19,30,1.0,1.098837,0.3898,1055,19,
3,895,Overall,Overall,30,16,30,0.0,0.241387,0.371411,1012,19,
3,896,Overall,Overall,30,19,30,1.0,0.963647,0.388624,1048,19,
3,897,Overall,Overall,30,13,30,-1.5,-1.136337,0.380165,943,19,
3,898,Overall,Overall,30,23,30,2.0,2.357895,0.461917,1118,23,
3,899,Overall,Overall,30,21,30,2.0,1.684551,0.416612,1084,21,
3,900,Overall,Overall,30,15,30,0.5,0.330379,0.379719,1017,19,
4,1,Overall,Overall,30,16,30,0.5,0.238155,0.37139,1012,19,
4,2,Overall,Overall,30,12,30,-1.5,-0.867266,0.383243,957,19,
4,3,Overall,Overall,30,22,30,2.0,2.038836,0.442323,1102,22,
4,4,Overall,Overall,30,16,30,-0.5,-0.172483,0.382656,991,19,
4,5,Overall,Overall,30,20,30,2.0,1.560527,0.412723,1078,21,
4,6,Overall,Overall,30,10,30,-2.0,-1.78856,0.406444,911,20,
4,7,Overall,Overall,30,9,30,-2.0,-1.808649,0.415757,910,21,
4,8,Overall,Overall,30,15,30,-0.5,-0.155736,0.372973,992,19,
4,9,Overall,Overall,30,5,30,-2.0,-2.601983,0.512497,870,26,
4,10,Overall,Overall,30,13,30,0.5,-0.12663,0.37921,994,19,
4,11,Overall,Overall,30,18,30,1.0,0.468861,0.386831,1023,19,
4,12,Overall,Overall,30,20,30,2.0,1.66274,0.415411,1083,21,
4,13,Overall,Overall,30,14,30,-0.5,-0.106504,0.373613,995,19,
4,14,Overall,Overall,30,13,30,-0.5,-0.423126,0.378001,979,19,
4,15,Overall,Overall,30,6,30,-2.0,-2.436189,0.476405,878,24,
4,16,Overall,Overall,30,13,30,0.0,0.016947,0.376013,1001,19,
4,17,Overall,Overall,30,20,30,1.5,1.729812,0.407744,1086,20,
4,18,Overall,Overall,30,12,30,-1.5,-1.260149,0.38661,937,19,
4,19,Overall,Overall,30,14,30,-1.5,-1.287553,0.387542,936,19,
4,20,Overall,Overall,30,22,30,2.0,1.957282,0.444092,1098,22,
4,21,Overall,Overall,30,5,30,-1.5,-2.658072,0.503908,867,25,
4,22,Overall,Overall,30,13,30,0.5,-0.54562,0.381659,973,19,
4,23,Overall,Overall,30,12,30,-1.5,-0.94953,0.383453,953,19,
4,24,Overall,Overall,30,6,30,-2.0,-2.383397,0.472888,881,24,
4,25,Overall,Overall,30,22,30,1.5,1.895508,0.437895,1095,22,
4,26,Overall,Overall,30,8,30,-1.5,-2.066163,0.431881,897,22,
4,27,Overall,Overall,30,12,30,-1.0,-1.374065,0.387908,931,19,
4,28,Overall,Overall,30,17,30,0.0,0.157193,0.376025,1008,19,
4,29,Overall,Overall,30,16,30,-1.5,-0.949759,0.386523,953,19,
4,30,Overall,Overall,30,16,30,0.0,-0.176157,0.374667,991,19,
4,31,Overall,Overall,30,21,30,1.5,1.894345,0.420959,1095,21,
4,32,Overall,Overall,30,13,30,-1.0,-0.986763,0.38095,951,19,
4,33,Overall,Overall,30,10,30,-1.0,-1.509053,0.406065,925,20,
4,34,Overall,Overall,30,18,30,1.0,1.407543,0.404521,1070,20,
4,35,Overall,Overall,30,19,30,0.5,0.974499,0.390182,1049,20,
4,36,Overall,Overall,30,19,30,0.5,0.812185,0.386418,1041,19,
4,37,Overall,Overall,30,11,30,-1.5,-1.774731,0.397834,911,20,
4,38,Overall,Overall,30,15,30,-0.5,-0.266855,0.374048,987,19,
4,39,Overall,Overall,30,17,30,1.5,1.337733,0.390631,1067,20,
4,40,Overall,Overall,30,13,30,-1.0,-0.70661,0.377237,965,19,
4,41,Overall,Overall,30,12,30,-0.5,-0.925282,0.383995,954,19,
4,42,Overall,Overall,30,14,30,0.0,0.384035,0.388589,1019,19,
4,43,Overall,Overall,30,12,30,-1.0,-1.046582,0.386797,948,19,
4,44,Overall,Overall,30,9,30,-2.0,-2.114047,0.420467,894,21,
4,45,Overall,Overall,30,19,30,1.5,1.591584,0.401402,1080,20,
4,46,Overall,Overall,30,17,30,1.0,1.188978,0.391535,1059,20,
4,47,Overall,Overall,30,8,30,-2.0,-2.172026,0.430514,891,22,
4,48,Overall,Overall,30,19,30,0.5,0.519387,0.389983,1026,19,
4,49,Overall,Overall,30,16,30,2.0,1.140828,0.385709,1057,19,
4,50,Overall,Overall,30,21,30,1.0,1.406637,0.413828,1070,21,
4,51,Overall,Overall,30,19,30,1.5,0.907704,0.388578,1045,19,
4,52,Overall,Overall,30,11,30,-2.0,-1.582997,0.397512,921,20,
4,53,Overall,Overall,30,11,30,-2.0,-1.655208,0.405037,917,20,
4,54,Overall,Overall,30,18,30,1.0,0.989402,0.384878,1049,19,
4,55,Overall,Overall,30,19,30,1.5,1.235265,0.394439,1062,20,
4,56,Overall,Overall,30,15,30,1.0,0.736912,0.387266,1037,19,
4,57,Overall,Overall,30,16,30,-0.5,-0.450715,0.383567,977,19,
4,58,Overall,Overall,30,14,30,-0.5,-0.602777,0.380814,970,19,
4,59,Overall,Overall,30,15,30,0.0,0.616824,0.375948,1031,19,
4,60,Overall,Overall,30,17,30,1.0,1.256446,0.393066,1063,20,
4,61,Overall,Overall,30,13,30,-0.5,-0.506276,0.37876,975,19,
4,62,Overall,Overall,30,10,30,-1.0,-1.685363,0.406315,916,20,
4,63,Overall,Overall,30,12,30,0.5,0.073179,0.380639,1004,19,
4,64,Overall,Overall,30,9,30,-1.5,-1.782841,0.41354,911,21,
4,65,Overall,Overall,30,20,30,1.5,1.316603,0.410526,1066,21,
4,66,Overall,Overall,30,17,30,0.5,0.802377,0.383121,1040,19,
4,67,Overall,Overall,30,8,30,-2.0,-2.264369,0.432683,887,22,
4,68,Overall,Overall,30,17,30,-1.0,-0.455667,0.386143,977,19,
4,69,Overall,Overall,30,9,30,-2.0,-1.646832,0.409389,918,20,
4,70,Overall,Overall,30,13,30,-0.5,-0.594431,0.379381,970,19,
4,71,Overall,Overall,30,18,30,1.5,1.270441,0.406698,1064,20,
4,72,Overall,Overall,30,15,30,1.0,0.576166,0.382298,1029,19,
4,73,Overall,Overall,30,14,30,-0.5,-0.724943,0.374143,964,19,
4,74,Overall,Overall,30,10,30,-2.0,-1.85911,0.406787,907,20,
4,75,Overall,Overall,30,11,30,-0.5,-0.458519,0.39163,977,20,
4,76,Overall,Overall,30,16,30,0.0,0.268256,0.378255,1013,19,
4,77,Overall,Overall,30,15,30,0.0,-0.123656,0.375065,994,19,
4,78,Overall,Overall,30,16,30,0.5,0.71033,0.376409,1036,19,
4,79,Overall,Overall,30,15,30,-1.0,-0.86166,0.375192,957,19,
4,80,Overall,Overall,30,20,30,1.0,1.365121,0.40598,1068,20,
4,81,Overall,Overall,30,12,30,-0.5,0.007311,0.383615,1000,19,
4,82,Overall,Overall,30,14,30,0.0,-0.291982,0.37952,985,19,
4,83,Overall,Overall,30,22,30,2.0,2.09199,0.445686,1105,22,
4,84,Overall,Overall,30,9,30,-1.5,-2.121476,0.417511,894,21,
4,85,Overall,Overall,30,17,30,0.5,0.923294,0.380416,1046,19,
4,86,Overall,Overall,30,19,30,0.5,0.774153,0.384793,1039,19,
4,87,Overall,Overall,30,7,30,-2.0,-2.529565,0.44965,874,22,
4,88,Overall,Overall,30,15,30,-1.0,-0.540563,0.379961,973,19,
4,89,Overall,Overall,30,13,30,-1.5,-1.259053,0.389017,937,19,
4,90,Overall,Overall,30,13,30,-1.0,-0.901578,0.377381,955,19,
4,91,Overall,Overall,30,10,30,-1.0,-1.473033,0.402371,926,20,
4,92,Overall,Overall,30,13,30,-0.5,-0.40658,0.381077,980,19,
4,93,Overall,Overall,30,20,30,1.0,1.354902,0.401245,1068,20,
4,94,Overall,Overall,30,5,30,-2.0,-2.825234,0.513156,859,26,
4,95,Overall,Overall,30,22,30,1.0,1.789489,0.437809,1089,22,
4,96,Overall,Overall,30,11,30,-0.5,-0.591292,0.385279,970,19,
4,97,Overall,Overall,30,24,30,2.0,2.34272,0.47256,1117,24,
4,98,Overall,Overall,30,19,30,1.5,1.409431,0.408821,1070,20,
4,99,Overall,Overall,30,11,30,-1.5,-1.182548,0.393888,941,20,
4,100,Overall,Overall,30,4,30,-2.0,-2.524371,0.549604,874,27,
4,101,Overall,Overall,30,10,30,-2.0,-1.623619,0.407783,919,20,
4,102,Overall,Overall,30,18,30,1.0,1.204755,0.39494,1060,20,
4,103,Overall,Overall,30,15,30,0.5,0.628272,0.376068,1031,19,
4,104,Overall,Overall,30,10,30,-1.0,-0.540431,0.400805,973,20,
4,105,Overall,Overall,30,21,30,2.0,1.413722,0.410385,1071,21,
4,106,Overall,Overall,30,15,30,-1.5,-0.81072,0.382125,959,19,
4,107,Overall,Overall,30,11,30,-1.5,-1.211405,0.391025,939,20,
4,108,Overall,Overall,30,21,30,1.5,1.593743,0.423106,1080,21,
4,109,Overall,Overall,30,7,30,-2.0,-2.275895,0.456146,886,23,
4,110,Overall,Overall,30,24,30,2.0,2.62357,0.483289,1131,24,
4,111,Overall,Overall,30,16,30,0.5,0.79744,0.379888,1040,19,
4,112,Overall,Overall,30,20,30,2.0,1.935992,0.410416,1097,21,
4,113,Overall,Overall,30,17,30,0.0,0.160635,0.376184,1008,19,
4,114,Overall,Overall,30,16,30,0.5,0.621144,0.375679,1031,19,
4,115,Overall,Overall,30,12,30,-0.5,-0.584592,0.379414,971,19,
4,116,Overall,Overall,30,14,30,0.0,-0.506247,0.374347,975,19,
4,117,Overall,Overall,30,11,30,-1.5,-1.366605,0.404728,932,20,
4,118,Overall,Overall,30,14,30,0.0,-0.371283,0.374276,981,19,
4,119,Overall,Overall,30,21,30,2.0,2.113301,0.4253,1106,21,
4,120,Overall,Overall,30,18,30,0.0,0.643549,0.388016,1032,19,
4,121,Overall,Overall,30,12,30,-2.0,-1.251553,0.398869,937,20,
4,122,Overall,Overall,30,10,30,-1.5,-1.635561,0.410191,918,21,
4,123,Overall,Overall,30,18,30,0.5,0.789318,0.386977,1039,19,
4,124,Overall,Overall,30,19,30,0.5,0.614119,0.392053,1031,20,
4,125,Overall,Overall,30,6,30,-2.0,-2.438599,0.475089,878,24,
4,126,Overall,Overall,30,13,30,-1.0,-1.043835,0.378585,948,19,
4,127,Overall,Overall,30,9,30,-2.0,-1.968185,0.418826,902,21,
4,128,Overall,Overall,30,20,30,1.5,1.51494,0.418779,1076,21,
4,129,Overall,Overall,30,17,30,0.5,0.958894,0.392402,1048,20,
4,130,Overall,Overall,30,20,30,1.0,1.586441,0.414573,1079,21,
4,131,Overall,Overall,30,10,30,-1.5,-1.434195,0.398265,928,20,
4,132,Overall,Overall,30,23,30,1.5,2.317515,0.465995,1116,23,
4,133,Overall,Overall,30,6,30,-2.0,-2.490309,0.475594,875,24,
4,134,Overall,Overall,30,18,30,0.0,0.134554,0.385168,1007,19,
4,135,Overall,Overall,30,22,30,2.0,2.026137,0.444744,1101,22,
4,136,Overall,Overall,30,12,30,-1.5,-1.396018,0.393456,930,20,
4,137,Overall,Overall,30,21,30,1.5,1.672505,0.424752,1084,21,
4,138,Overall,Overall,30,10,30,-1.5,-1.837007,0.410128,908,21,
4,139,Overall,Overall,30,12,30,-1.0,-1.202073,0.388735,940,19,
4,140,Overall,Overall,30,15,30,0.5,0.391667,0.372935,1020,19,
4,141,Overall,Overall,30,12,30,-0.5,-0.42279,0.388731,979,19,
4,142,Overall,Overall,30,19,30,0.5,0.529579,0.386239,1026,19,
4,143,Overall,Overall,30,9,30,-1.5,-1.866621,0.420456,907,21,
4,144,Overall,Overall,30,10,30,-1.0,-0.602732,0.398872,970,20,
4,145,Overall,Overall,30,11,30,0.0,-0.202395,0.389584,990,19,
4,146,Overall,Overall,30,19,30,1.5,1.650489,0.405842,1083,20,
4,147,Overall,Overall,30,15,30,0.5,0.953974,0.385996,1048,19,
4,148,Overall,Overall,30,21,30,2.0,1.410057,0.417647,1071,21,
4,149,Overall,Overall,30,14,30,-1.0,-0.774522,0.378062,961,19,
4,150,Overall,Overall,30,6,30,-2.0,-2.652324,0.481012,867,24,
4,151,Overall,Overall,30,15,30,-1.0,-0.384186,0.378873,981,19,
4,152,Overall,Overall,30,22,30,0.5,1.51361,0.422643,1076,21,
4,153,Overall,Overall,30,16,30,0.5,0.593599,0.374698,1030,19,
4,154,Overall,Overall,30,14,30,-1.0,-0.801486,0.377939,960,19,
4,155,Overall,Overall,30,16,30,-0.5,-0.62488,0.382561,969,19,
4,156,Overall,Overall,30,12,30,-1.5,-1.062706,0.384178,947,19,
4,157,Overall,Overall,30,19,30,0.5,0.456496,0.393877,1023,20,
4,158,Overall,Overall,30,24,30,2.0,2.4466,0.492337,1122,25,
4,159,Overall,Overall,30,14,30,0.0,-0.384864,0.378551,981,19,
4,160,Overall,Overall,30,16,30,0.5,1.029684,0.385267,1051,19,
4,161,Overall,Overall,30,19,30,0.5,1.072038,0.391617,1054,20,
4,162,Overall,Overall,30,10,30,-1.0,-1.231384,0.40377,938,20,
4,163,Overall,Overall,30,19,30,1.5,1.516918,0.401541,1076,20,
4,164,Overall,Overall,30,15,30,0.0,0.059234,0.372261,1003,19,
4,165,Overall,Overall,30,15,30,0.5,0.323446,0.373005,1016,19,
4,166,Overall,Overall,30,20,30,2.0,1.273371,0.407819,1064,20,
4,167,Overall,Overall,30,8,30,-2.0,-2.323824,0.432487,884,22,
4,168,Overall,Overall,30,10,30,-2.0,-1.551218,0.403228,922,20,
4,169,Overall,Overall,30,20,30,2.0,1.634537,0.40713,1082,20,
4,170,Overall,Overall,30,5,30,-2.0,-2.771601,0.514796,861,26,
4,171,Overall,Overall,30,21,30,1.5,1.581582,0.416898,1079,21,
4,172,Overall,Overall,30,11,30,-2.0,-1.596841,0.408864,920,20,
4,173,Overall,Overall,30,7,30,-2.0,-2.216516,0.448078,889,22,
4,174,Overall,Overall,30,17,30,0.0,-0.061057,0.383994,997,19,
4,175,Overall,Overall,30,7,30,-2.0,-2.413002,0.458575,879,23,
4,176,Overall,Overall,30,15,30,1.0,0.162868,0.37735,1008,19,
4,177,Overall,Overall,30,15,30,0.5,0.148166,0.370796,1007,19,
4,178,Overall,Overall,30,14,30,-0.5,-1.079535,0.387637,946,19,
4,179,Overall,Overall,30,16,30,-1.5,-0.693353,0.385863,965,19,
4,180,Overall,Overall,30,19,30,1.0,1.499024,0.40532,1075,20,
4,181,Overall,Overall,30,11,30,-1.5,-1.25953,0.401036,937,20,
4,182,Overall,Overall,30,18,30,1.0,1.111175,0.386637,1056,19,
4,183,Overall,Overall,30,21,30,1.0,0.720173,0.405262,1036,20,
4,184,Overall,Overall,30,10,30,-1.5,-1.787982,0.405766,911,20,
4,185,Overall,Overall,30,23,30,2.0,2.314689,0.450113,1116,23,
4,186,Overall,Overall,30,13,30,-0.5,-0.254476,0.376988,987,19,
4,187,Overall,Overall,30,17,30,0.0,0.082036,0.375441,1004,19,
4,188,Overall,Overall,30,18,30,1.5,1.293352,0.38657,1065,19,
4,189,Overall,Overall,30,7,30,-2.0,-2.152837,0.452895,892,23,
4,190,Overall,Overall,30,22,30,2.0,2.110069,0.44667,1106,22,
4,191,Overall,Overall,30,16,30,0.5,0.845028,0.384925,1042,19,
4,192,Overall,Overall,30,9,30,-0.5,-0.823656,0.411281,959,21,
4,193,Overall,Overall,30,19,30,1.5,1.608897,0.405746,1080,20,
4,194,Overall,Overall,30,13,30,-0.5,-0.266164,0.37343,987,19,
4,195,Overall,Overall,30,13,30,-0.5,-1.027279,0.385663,949,19,
4,196,Overall,Overall,30,16,30,0.0,0.549486,0.375636,1027,19,
4,197,Overall,Overall,30,19,30,1.0,0.922607,0.383643,1046,19,
4,198,Overall,Overall,30,11,30,0.0,-0.241943,0.388986,988,19,
4,199,Overall,Overall,30,21,30,2.0,2.061009,0.427218,1103,21,
4,200,Overall,Overall,30,13,30,-1.0,-0.996308,0.382398,950,19,
4,201,Overall,Overall,30,18,30,1.0,0.847126,0.38339,1042,19,
4,202,Overall,Overall,30,7,30,-1.5,-2.217132,0.452509,889,23,
4,203,Overall,Overall,30,14,30,1.0,0.41361,0.382168,1021,19,
4,204,Overall,Overall,30,7,30,-2.0,-2.273263,0.449733,886,22,
4,205,Overall,Overall,30,18,30,0.0,0.728217,0.383755,1036,19,
4,206,Overall,Overall,30,23,30,2.0,2.119976,0.457938,1106,23,
4,207,Overall,Overall,30,18,30,1.5,1.220643,0.398134,1061,20,
4,208,Overall,Overall,30,5,30,-2.0,-2.687379,0.509381,866,25,
4,209,Overall,Overall,30,17,30,1.0,1.099036,0.386831,1055,19,
4,210,Overall,Overall,30,21,30,2.0,1.760941,0.422908,1088,21,
4,211,Overall,Overall,30,10,30,-1.5,-1.365085,0.39844,932,20,
4,212,Overall,Overall,30,17,30,1.5,0.687493,0.376631,1034,19,
4,213,Overall,Overall,30,16,30,1.5,0.816384,0.388195,1041,19,
4,214,Overall,Overall,30,16,30,0.0,0.067074,0.372743,1003,19,
4,215,Overall,Overall,30,10,30,-1.5,-1.470006,0.399729,926,20,
4,216,Overall,Overall,30,17,30,1.0,0.915139,0.384045,1046,19,
4,217,Overall,Overall,30,17,30,1.0,0.773789,0.378822,1039,19,
4,218,Overall,Overall,30,14,30,-1.0,-0.746224,0.376347,963,19,
4,219,Overall,Overall,30,17,30,0.0,-0.117144,0.378277,994,19,
4,220,Overall,Overall,30,16,30,0.0,0.181205,0.385932,1009,19,
4,221,Overall,Overall,30,13,30,0.0,-0.454251,0.379722,977,19,
4,222,Overall,Overall,30,12,30,0.5,0.143194,0.388035,1007,19,
4,223,Overall,Overall,30,18,30,2.0,1.297666,0.397701,1065,20,
4,224,Overall,Overall,30,17,30,1.5,1.249624,0.390719,1062,20,
4,225,Overall,Overall,30,13,30,-1.5,-1.379026,0.389289,931,19,
4,226,Overall,Overall,30,7,30,-2.0,-2.10708,0.445251,895,22,
4,227,Overall,Overall,30,22,30,1.0,1.511982,0.430169,1076,22,
4,228,Overall,Overall,30,13,30,-0.5,-0.877878,0.379051,956,19,
4,229,Overall,Overall,30,9,30,-1.5,-2.121476,0.417511,894,21,
4,230,Overall,Overall,30,18,30,2.0,1.305863,0.392384,1065,20,
4,231,Overall,Overall,30,19,30,1.5,1.560087,0.401655,1078,20,
4,232,Overall,Overall,30,19,30,0.0,0.113929,0.402402,1006,20,
4,233,Overall,Overall,30,15,30,0.5,0.120413,0.371716,1006,19,
4,234,Overall,Overall,30,10,30,-1.5,-1.24012,0.400325,938,20,
4,235,Overall,Overall,30,14,30,0.0,0.161926,0.373837,1008,19,
4,236,Overall,Overall,30,24,30,2.0,2.673534,0.483401,1134,24,
4,237,Overall,Overall,30,10,30,-1.5,-1.578358,0.411022,921,21,
4,238,Overall,Overall,30,8,30,-1.5,-2.0671,0.435824,897,22,
4,239,Overall,Overall,30,14,30,-1.0,-1.01126,0.38413,949,19,
4,240,Overall,Overall,30,10,30,-0.5,-0.659305,0.39732,967,20,
4,241,Overall,Overall,30,7,30,-2.0,-2.201078,0.451072,890,23,
4,242,Overall,Overall,30,10,30,-1.0,-1.770761,0.405397,911,20,
4,243,Overall,Overall,30,8,30,-2.0,-2.029235,0.43181,899,22,
4,244,Overall,Overall,30,15,30,-0.5,-0.250009,0.373429,987,19,
4,245,Overall,Overall,30,11,30,0.5,-0.311723,0.399834,984,20,
4,246,Overall,Overall,30,19,30,1.0,1.151823,0.393574,1058,20,
4,247,Overall,Overall,30,10,30,-1.5,-1.930466,0.408171,903,20,
4,248,Overall,Overall,30,18,30,0.0,0.632219,0.379806,1032,19,
4,249,Overall,Overall,30,16,30,-1.0,-0.385755,0.376841,981,19,
4,250,Overall,Overall,30,14,30,0.5,0.592324,0.376373,1030,19,
4,251,Overall,Overall,30,20,30,1.0,0.973035,0.391884,1049,20,
4,252,Overall,Overall,30,17,30,0.0,0.405978,0.373016,1020,19,
4,253,Overall,Overall,30,9,30,-2.0,-2.036299,0.420692,898,21,
4,254,Overall,Overall,30,11,30,-1.0,-1.432083,0.40245,928,20,
4,255,Overall,Overall,30,11,30,-1.5,-1.201674,0.39241,940,20,
4,256,Overall,Overall,30,9,30,-2.0,-1.567075,0.413035,922,21,
4,257,Overall,Overall,30,16,30,1.0,0.513296,0.370874,1026,19,
4,258,Overall,Overall,30,15,30,-0.5,-0.905037,0.383363,955,19,
4,259,Overall,Overall,30,10,30,-2.0,-1.953894,0.410857,902,21,
4,260,Overall,Overall,30,24,30,2.0,2.568327,0.487035,1128,24,
4,261,Overall,Overall,30,21,30,1.0,1.718202,0.416526,1086,21,
4,262,Overall,Overall,30,14,30,-1.0,-1.125709,0.380977,944,19,
4,263,Overall,Overall,30,11,30,-1.5,-1.393096,0.394094,930,20,
4,264,Overall,Overall,30,9,30,-1.5,-1.806554,0.415073,910,21,
4,265,Overall,Overall,30,15,30,-1.0,-0.721337,0.382056,964,19,
4,266,Overall,Overall,30,16,30,0.0,0.452112,0.381297,1023,19,
4,267,Overall,Overall,30,24,30,2.0,2.680043,0.479881,1134,24,
4,268,Overall,Overall,30,15,30,-0.5,-0.566807,0.377125,972,19,
4,269,Overall,Overall,30,20,30,1.0,1.382261,0.400571,1069,20,
4,270,Overall,Overall,30,5,30,-2.0,-2.761623,0.517929,862,26,
4,271,Overall,Overall,30,12,30,-1.0,-1.234731,0.382281,938,19,
4,272,Overall,Overall,30,11,30,-2.0,-1.449828,0.405603,928,20,
4,273,Overall,Overall,30,12,30,-0.5,-0.742453,0.379483,963,19,
4,274,Overall,Overall,30,11,30,-2.0,-1.77674,0.39999,911,20,
4,275,Overall,Overall,30,16,30,0.5,-0.03051,0.372336,998,19,
4,276,Overall,Overall,30,19,30,1.0,1.001539,0.393884,1050,20,
4,277,Overall,Overall,30,14,30,-1.0,-0.490626,0.38548,975,19,
4,278,Overall,Overall,30,6,30,-2.0,-2.505522,0.475188,875,24,
4,279,Overall,Overall,30,9,30,-1.5,-1.669387,0.41541,917,21,
4,280,Overall,Overall,30,18,30,2.0,0.936602,0.383588,1047,19,
4,281,Overall,Overall,30,19,30,1.5,1.589441,0.398841,1079,20,
4,282,Overall,Overall,30,9,30,-2.0,-1.7876,0.412515,911,21,
4,283,Overall,Overall,30,11,30,-1.5,-1.052457,0.392021,947,20,
4,284,Overall,Overall,30,22,30,2.0,1.799529,0.428704,1090,21,
4,285,Overall,Overall,30,18,30,1.0,-0.106995,0.382328,995,19,
4,286,Overall,Overall,30,21,30,2.0,2.006521,0.430043,1100,22,
4,287,Overall,Overall,30,13,30,-1.0,-0.798941,0.386511,960,19,
4,288,Overall,Overall,30,14,30,-1.5,-1.306205,0.386888,935,19,
4,289,Overall,Overall,30,12,30,-0.5,-0.581233,0.380753,971,19,
4,290,Overall,Overall,30,20,30,1.5,1.182027,0.397973,1059,20,
4,291,Overall,Overall,30,17,30,0.0,0.475782,0.379818,1024,19,
4,292,Overall,Overall,30,18,30,-0.5,0.007627,0.39238,1000,20,
4,293,Overall,Overall,30,15,30,0.0,0.026127,0.374583,1001,19,
4,294,Overall,Overall,30,20,30,2.0,1.752054,0.409059,1088,20,
4,295,Overall,Overall,30,17,30,1.5,0.402874,0.375428,1020,19,
4,296,Overall,Overall,30,20,30,0.5,0.6687,0.396622,1033,20,
4,297,Overall,Overall,30,5,30,-2.0,-2.745541,0.507663,863,25,
4,298,Overall,Overall,30,16,30,-0.5,-0.492584,0.382932,975,19,
4,299,Overall,Overall,30,15,30,0.0,-0.309071,0.372926,985,19,
4,300,Overall,Overall,30,16,30,1.5,0.699372,0.384878,1035,19,
4,301,Overall,Overall,30,18,30,1.0,0.518978,0.379931,1026,19,
4,302,Overall,Overall,30,14,30,-1.0,-1.072978,0.384277,946,19,
4,303,Overall,Overall,30,20,30,1.5,1.454204,0.403509,1073,20,
4,304,Overall,Overall,30,22,30,1.5,2.000201,0.435033,1100,22,
4,305,Overall,Overall,30,12,30,-2.0,-1.489302,0.393182,926,20,
4,306,Overall,Overall,30,13,30,0.0,-0.338318,0.377406,983,19,
4,307,Overall,Overall,30,13,30,-0.5,-0.615823,0.376655,969,19,
4,308,Overall,Overall,30,7,30,-1.5,-2.338159,0.452565,883,23,
4,309,Overall,Overall,30,15,30,1.0,0.940529,0.390909,1047,20,
4,310,Overall,Overall,30,15,30,0.0,0.008836,0.371431,1000,19,
4,311,Overall,Overall,30,12,30,-1.0,-1.051362,0.387934,947,19,
4,312,Overall,Overall,30,15,30,-0.5,-0.45709,0.375977,977,19,
4,313,Overall,Overall,30,12,30,-1.5,-1.388847,0.391165,931,20,
4,314,Overall,Overall,30,9,30,-2.0,-1.366356,0.41243,932,21,
4,315,Overall,Overall,30,11,30,0.0,-8.72E-4,0.392949,1000,20,
4,316,Overall,Overall,30,17,30,0.0,-0.144913,0.381611,993,19,
4,317,Overall,Overall,30,14,30,-0.5,0.028594,0.372371,1001,19,
4,318,Overall,Overall,30,27,30,2.0,3.532617,0.632851,1177,32,
4,319,Overall,Overall,30,14,30,0.0,0.567869,0.377077,1028,19,
4,320,Overall,Overall,30,15,30,1.0,0.640502,0.381703,1032,19,
4,321,Overall,Overall,30,14,30,-1.0,-1.017968,0.385004,949,19,
4,322,Overall,Overall,30,19,30,2.0,1.332414,0.400521,1067,20,
4,323,Overall,Overall,30,19,30,1.5,1.46087,0.407766,1073,20,
4,324,Overall,Overall,30,15,30,0.5,0.442308,0.373829,1022,19,
4,325,Overall,Overall,30,20,30,0.5,0.559029,0.404106,1028,20,
4,326,Overall,Overall,30,12,30,-1.0,-1.403834,0.392517,930,20,
4,327,Overall,Overall,30,9,30,-1.5,-1.69621,0.415851,915,21,
4,328,Overall,Overall,30,19,30,1.0,0.942386,0.394326,1047,20,
4,329,Overall,Overall,30,18,30,0.0,0.378111,0.383161,1019,19,
4,330,Overall,Overall,30,25,30,2.0,2.590703,0.519475,1130,26,
4,331,Overall,Overall,30,13,30,1.5,0.580723,0.388512,1029,19,
4,332,Overall,Overall,30,19,30,1.0,1.505157,0.406965,1075,20,
4,333,Overall,Overall,30,12,30,-1.5,-1.345649,0.392352,933,20,
4,334,Overall,Overall,30,19,30,1.5,1.466997,0.403639,1073,20,
4,335,Overall,Overall,30,19,30,1.0,0.831964,0.389981,1042,19,
4,336,Overall,Overall,30,18,30,-1.0,-0.445454,0.392315,978,20,
4,337,Overall,Overall,30,10,30,-2.0,-1.755527,0.407743,912,20,
4,338,Overall,Overall,30,11,30,-1.0,-0.79087,0.389363,960,19,
4,339,Overall,Overall,30,18,30,0.0,-0.491042,0.389239,975,19,
4,340,Overall,Overall,30,9,30,-1.5,-1.541205,0.408484,923,20,
4,341,Overall,Overall,30,13,30,-0.5,-0.545812,0.375758,973,19,
4,342,Overall,Overall,30,16,30,0.5,0.300303,0.373737,1015,19,
4,343,Overall,Overall,30,13,30,-2.0,-1.224924,0.386353,939,19,
4,344,Overall,Overall,30,13,30,0.0,-0.229896,0.377992,989,19,
4,345,Overall,Overall,30,19,30,1.0,1.366588,0.398504,1068,20,
4,346,Overall,Overall,30,13,30,-1.0,-1.180014,0.385054,941,19,
4,347,Overall,Overall,30,15,30,0.5,-0.424285,0.377774,979,19,
4,348,Overall,Overall,30,14,30,-1.5,-1.255848,0.387718,937,19,
4,349,Overall,Overall,30,7,30,-2.0,-2.286022,0.449669,886,22,
4,350,Overall,Overall,30,12,30,-1.0,-1.416856,0.391358,929,20,
4,351,Overall,Overall,30,12,30,-2.0,-1.532828,0.392031,923,20,
4,352,Overall,Overall,30,20,30,1.0,1.196085,0.405593,1060,20,
4,353,Overall,Overall,30,13,30,0.5,0.048798,0.373406,1002,19,
4,354,Overall,Overall,30,15,30,0.0,0.269759,0.37626,1013,19,
4,355,Overall,Overall,30,20,30,2.0,1.351193,0.410277,1068,21,
4,356,Overall,Overall,30,18,30,1.0,1.1985,0.401184,1060,20,
4,357,Overall,Overall,30,9,30,-1.0,-1.452411,0.412006,927,21,
4,358,Overall,Overall,30,13,30,0.0,-0.314767,0.375435,984,19,
4,359,Overall,Overall,30,18,30,-1.0,-0.647374,0.39228,968,20,
4,360,Overall,Overall,30,18,30,1.0,1.323737,0.392692,1066,20,
4,361,Overall,Overall,30,15,30,0.0,0.126651,0.375457,1006,19,
4,362,Overall,Overall,30,16,30,1.0,1.139792,0.398677,1057,20,
4,363,Overall,Overall,30,16,30,0.0,-0.043824,0.374865,998,19,
4,364,Overall,Overall,30,17,30,1.5,1.115859,0.381126,1056,19,
4,365,Overall,Overall,30,20,30,2.0,1.626784,0.409051,1081,20,
4,366,Overall,Overall,30,17,30,0.0,-0.215698,0.396632,989,20,
4,367,Overall,Overall,30,24,30,2.0,1.79366,0.474464,1090,24,
4,368,Overall,Overall,30,11,30,-1.0,-1.634845,0.399779,918,20,
4,369,Overall,Overall,30,20,30,1.0,1.162757,0.406322,1058,20,
4,370,Overall,Overall,30,19,30,2.0,1.243213,0.402213,1062,20,
4,371,Overall,Overall,30,13,30,-1.0,-0.81306,0.384273,959,19,
4,372,Overall,Overall,30,14,30,0.0,-0.508261,0.378707,975,19,
4,373,Overall,Overall,30,15,30,-0.5,-0.360805,0.374001,982,19,
4,374,Overall,Overall,30,9,30,-1.5,-1.603364,0.421522,920,21,
4,375,Overall,Overall,30,17,30,0.5,0.280166,0.379163,1014,19,
4,376,Overall,Overall,30,12,30,0.5,0.12915,0.385365,1006,19,
4,377,Overall,Overall,30,19,30,2.0,1.278886,0.398667,1064,20,
4,378,Overall,Overall,30,21,30,1.5,1.864555,0.430602,1093,22,
4,379,Overall,Overall,30,7,30,-1.5,-2.424745,0.452573,879,23,
4,380,Overall,Overall,30,8,30,-2.0,-1.991964,0.431439,900,22,
4,381,Overall,Overall,30,17,30,0.5,0.859727,0.381063,1043,19,
4,382,Overall,Overall,30,12,30,-1.0,-0.788659,0.383756,961,19,
4,383,Overall,Overall,30,10,30,-2.0,-1.77737,0.413717,911,21,
4,384,Overall,Overall,30,13,30,0.0,-0.057024,0.374296,997,19,
4,385,Overall,Overall,30,13,30,0.0,-0.849638,0.381782,958,19,
4,386,Overall,Overall,30,12,30,-2.0,-1.444674,0.390016,928,20,
4,387,Overall,Overall,30,14,30,-1.5,-1.008117,0.383403,950,19,
4,388,Overall,Overall,30,15,30,0.0,0.417708,0.377596,1021,19,
4,389,Overall,Overall,30,16,30,1.5,0.98166,0.379021,1049,19,
4,390,Overall,Overall,30,11,30,-1.5,-1.466493,0.395436,927,20,
4,391,Overall,Overall,30,21,30,0.5,1.000106,0.414914,1050,21,
4,392,Overall,Overall,30,21,30,2.0,1.841743,0.425374,1092,21,
4,393,Overall,Overall,30,13,30,-0.5,-0.875453,0.386028,956,19,
4,394,Overall,Overall,30,21,30,2.0,1.828889,0.422725,1091,21,
4,395,Overall,Overall,30,9,30,-2.0,-1.664838,0.421059,917,21,
4,396,Overall,Overall,30,16,30,1.5,1.242784,0.387479,1062,19,
4,397,Overall,Overall,30,8,30,-1.5,-2.070277,0.442651,896,22,
4,398,Overall,Overall,30,19,30,1.5,1.019528,0.398925,1051,20,
4,399,Overall,Overall,30,21,30,2.0,1.598305,0.428367,1080,21,
4,400,Overall,Overall,30,22,30,1.0,1.655115,0.434113,1083,22,
4,401,Overall,Overall,30,15,30,-0.5,-1.053853,0.385396,947,19,
4,402,Overall,Overall,30,14,30,0.0,-0.359515,0.376883,982,19,
4,403,Overall,Overall,30,9,30,-1.5,-1.80424,0.419989,910,21,
4,404,Overall,Overall,30,15,30,0.0,-0.702276,0.380445,965,19,
4,405,Overall,Overall,30,7,30,-1.5,-2.185879,0.450028,891,23,
4,406,Overall,Overall,30,16,30,0.5,0.70283,0.382623,1035,19,
4,407,Overall,Overall,30,18,30,0.5,1.129606,0.395754,1056,20,
4,408,Overall,Overall,30,13,30,0.0,-0.177711,0.374044,991,19,
4,409,Overall,Overall,30,18,30,1.5,1.458754,0.396403,1073,20,
4,410,Overall,Overall,30,18,30,1.0,1.194588,0.394281,1060,20,
4,411,Overall,Overall,30,16,30,1.0,0.94745,0.385258,1047,19,
4,412,Overall,Overall,30,5,30,-2.0,-2.701487,0.507488,865,25,
4,413,Overall,Overall,30,13,30,-0.5,-0.159577,0.374106,992,19,
4,414,Overall,Overall,30,12,30,-0.5,-0.5784,0.382585,971,19,
4,415,Overall,Overall,30,17,30,0.5,0.46914,0.374992,1023,19,
4,416,Overall,Overall,30,18,30,1.5,1.270668,0.386553,1064,19,
4,417,Overall,Overall,30,14,30,-0.5,-0.698548,0.375118,965,19,
4,418,Overall,Overall,30,18,30,1.0,1.073798,0.385722,1054,19,
4,419,Overall,Overall,30,16,30,0.0,0.42809,0.377848,1021,19,
4,420,Overall,Overall,30,14,30,-1.0,0.193884,0.380392,1010,19,
4,421,Overall,Overall,30,15,30,-1.0,-0.671101,0.375321,966,19,
4,422,Overall,Overall,30,21,30,2.0,1.93316,0.415945,1097,21,
4,423,Overall,Overall,30,13,30,-0.5,-0.373035,0.382753,981,19,
4,424,Overall,Overall,30,22,30,2.0,2.275224,0.436478,1114,22,
4,425,Overall,Overall,30,17,30,0.0,0.11007,0.376348,1006,19,
4,426,Overall,Overall,30,15,30,-0.5,-0.477116,0.391812,976,20,
4,427,Overall,Overall,30,13,30,-1.0,-1.065288,0.381158,947,19,
4,428,Overall,Overall,30,19,30,0.5,0.867303,0.386121,1043,19,
4,429,Overall,Overall,30,21,30,1.5,1.812779,0.433728,1091,22,
4,430,Overall,Overall,30,9,30,-2.0,-1.652765,0.421923,917,21,
4,431,Overall,Overall,30,19,30,1.5,1.045437,0.394129,1052,20,
4,432,Overall,Overall,30,16,30,1.0,0.540954,0.374134,1027,19,
4,433,Overall,Overall,30,18,30,1.0,1.297365,0.401268,1065,20,
4,434,Overall,Overall,30,17,30,1.0,1.106845,0.396957,1055,20,
4,435,Overall,Overall,30,14,30,0.5,0.429852,0.376443,1021,19,
4,436,Overall,Overall,30,17,30,1.5,0.914461,0.377966,1046,19,
4,437,Overall,Overall,30,14,30,-0.5,-0.55159,0.377537,972,19,
4,438,Overall,Overall,30,16,30,0.5,0.248348,0.376473,1012,19,
4,439,Overall,Overall,30,17,30,0.5,0.627268,0.38067,1031,19,
4,440,Overall,Overall,30,15,30,1.0,0.609455,0.385271,1030,19,
4,441,Overall,Overall,30,25,30,2.0,2.852255,0.518414,1143,26,
4,442,Overall,Overall,30,23,30,2.0,2.130134,0.449748,1107,22,
4,443,Overall,Overall,30,16,30,-0.5,0.147918,0.380091,1007,19,
4,444,Overall,Overall,30,23,30,2.0,2.173014,0.456579,1109,23,
4,445,Overall,Overall,30,22,30,1.5,1.985426,0.444987,1099,22,
4,446,Overall,Overall,30,9,30,-2.0,-2.155889,0.417476,892,21,
4,447,Overall,Overall,30,11,30,-1.5,-1.767376,0.399891,912,20,
4,448,Overall,Overall,30,16,30,0.0,0.236161,0.372347,1012,19,
4,449,Overall,Overall,30,16,30,0.5,0.09915,0.374018,1005,19,
4,450,Overall,Overall,30,19,30,0.0,0.864516,0.38707,1043,19,
4,451,Overall,Overall,30,13,30,-2.0,-1.348725,0.3888,933,19,
4,452,Overall,Overall,30,14,30,-1.0,-1.066283,0.387588,947,19,
4,453,Overall,Overall,30,19,30,2.0,1.606823,0.402316,1080,20,
4,454,Overall,Overall,30,21,30,2.0,1.775259,0.424237,1089,21,
4,455,Overall,Overall,30,15,30,-0.5,0.012977,0.370549,1001,19,
4,456,Overall,Overall,30,15,30,1.0,0.72123,0.376649,1036,19,
4,457,Overall,Overall,30,20,30,1.0,1.542824,0.40947,1077,20,
4,458,Overall,Overall,30,12,30,0.0,-0.065,0.379723,997,19,
4,459,Overall,Overall,30,19,30,2.0,1.776124,0.404657,1089,20,
4,460,Overall,Overall,30,14,30,-0.5,-0.243342,0.372183,988,19,
4,461,Overall,Overall,30,18,30,1.5,1.557008,0.397208,1078,20,
4,462,Overall,Overall,30,16,30,1.5,0.83456,0.382255,1042,19,
4,463,Overall,Overall,30,15,30,1.0,0.295973,0.373126,1015,19,
4,464,Overall,Overall,30,17,30,1.0,0.623751,0.380277,1031,19,
4,465,Overall,Overall,30,9,30,-1.5,-1.886676,0.420235,906,21,
4,466,Overall,Overall,30,19,30,0.0,0.871427,0.389262,1044,19,
4,467,Overall,Overall,30,12,30,-1.0,-1.32616,0.385767,934,19,
4,468,Overall,Overall,30,14,30,-0.5,-0.145972,0.372991,993,19,
4,469,Overall,Overall,30,14,30,-0.5,-0.31977,0.374414,984,19,
4,470,Overall,Overall,30,13,30,-0.5,-0.758029,0.377948,962,19,
4,471,Overall,Overall,30,19,30,0.5,0.224941,0.390379,1011,20,
4,472,Overall,Overall,30,18,30,1.5,1.296388,0.386511,1065,19,
4,473,Overall,Overall,30,15,30,-0.5,-0.285455,0.373055,986,19,
4,474,Overall,Overall,30,21,30,2.0,2.113301,0.4253,1106,21,
4,475,Overall,Overall,30,15,30,0.5,0.16017,0.371191,1008,19,
4,476,Overall,Overall,30,15,30,1.0,0.559445,0.379813,1028,19,
4,477,Overall,Overall,30,15,30,-0.5,-0.431907,0.377777,978,19,
4,478,Overall,Overall,30,11,30,-1.0,-1.456187,0.399827,927,20,
4,479,Overall,Overall,30,15,30,0.0,0.241888,0.387131,1012,19,
4,480,Overall,Overall,30,14,30,-1.0,-0.561432,0.37832,972,19,
4,481,Overall,Overall,30,19,30,2.0,1.57792,0.41017,1079,21,
4,482,Overall,Overall,30,10,30,-0.5,-0.925891,0.399784,954,20,
4,483,Overall,Overall,30,16,30,-0.5,-0.58167,0.39971,971,20,
4,484,Overall,Overall,30,11,30,-1.5,-1.5537,0.396649,922,20,
4,485,Overall,Overall,30,10,30,-1.5,-1.590607,0.400955,920,20,
4,486,Overall,Overall,30,15,30,0.5,0.628398,0.375551,1031,19,
4,487,Overall,Overall,30,10,30,-2.0,-1.769208,0.406706,912,20,
4,488,Overall,Overall,30,22,30,2.0,2.069129,0.447056,1103,22,
4,489,Overall,Overall,30,15,30,1.0,0.2315,0.371195,1012,19,
4,490,Overall,Overall,30,19,30,1.5,1.271669,0.393974,1064,20,
4,491,Overall,Overall,30,16,30,0.0,0.446856,0.381116,1022,19,
4,492,Overall,Overall,30,13,30,-1.0,-1.341239,0.390338,933,20,
4,493,Overall,Overall,30,20,30,0.0,0.3925,0.399309,1020,20,
4,494,Overall,Overall,30,25,30,1.5,2.731465,0.523988,1137,26,
4,495,Overall,Overall,30,17,30,1.0,0.383348,0.37282,1019,19,
4,496,Overall,Overall,30,17,30,1.0,0.488317,0.375586,1024,19,
4,497,Overall,Overall,30,14,30,-1.0,-0.778984,0.379785,961,19,
4,498,Overall,Overall,30,17,30,1.0,0.990087,0.387123,1050,19,
4,499,Overall,Overall,30,19,30,1.5,1.492897,0.412226,1075,21,
4,500,Overall,Overall,30,16,30,1.5,0.833601,0.382736,1042,19,
4,501,Overall,Overall,30,11,30,-1.5,-1.521688,0.397282,924,20,
4,502,Overall,Overall,30,19,30,2.0,1.652125,0.406524,1083,20,
4,503,Overall,Overall,30,11,30,-0.5,-0.458169,0.391217,977,20,
4,504,Overall,Overall,30,12,30,-2.0,-1.326226,0.391318,934,20,
4,505,Overall,Overall,30,15,30,-1.0,-0.414643,0.381153,979,19,
4,506,Overall,Overall,30,10,30,-1.0,-1.403174,0.39839,930,20,
4,507,Overall,Overall,30,18,30,0.5,0.705347,0.377684,1035,19,
4,508,Overall,Overall,30,18,30,2.0,1.513024,0.400126,1076,20,
4,509,Overall,Overall,30,17,30,0.0,0.423976,0.377773,1021,19,
4,510,Overall,Overall,30,18,30,1.0,1.252169,0.394803,1063,20,
4,511,Overall,Overall,30,14,30,-0.5,-0.720957,0.380506,964,19,
4,512,Overall,Overall,30,13,30,1.0,0.318137,0.390896,1016,20,
4,513,Overall,Overall,30,23,30,2.0,2.272249,0.455284,1114,23,
4,514,Overall,Overall,30,21,30,1.5,1.797061,0.43167,1090,22,
4,515,Overall,Overall,30,16,30,-1.0,-0.671093,0.378507,966,19,
4,516,Overall,Overall,30,11,30,-1.5,-1.531265,0.400702,923,20,
4,517,Overall,Overall,30,19,30,1.0,0.590055,0.386936,1030,19,
4,518,Overall,Overall,30,11,30,-1.5,-1.273572,0.399767,936,20,
4,519,Overall,Overall,30,18,30,0.5,0.370575,0.388146,1019,19,
4,520,Overall,Overall,30,14,30,-1.0,-0.999094,0.382299,950,19,
4,521,Overall,Overall,30,13,30,-2.0,-1.379902,0.390726,931,20,
4,522,Overall,Overall,30,16,30,1.0,1.27947,0.383184,1064,19,
4,523,Overall,Overall,30,15,30,0.5,-0.159611,0.382721,992,19,
4,524,Overall,Overall,30,24,30,2.0,2.549019,0.483434,1127,24,
4,525,Overall,Overall,30,19,30,1.5,1.503211,0.394449,1075,20,
4,526,Overall,Overall,30,12,30,-1.5,-1.486674,0.39492,926,20,
4,527,Overall,Overall,30,15,30,-1.0,-0.660893,0.37886,967,19,
4,528,Overall,Overall,30,14,30,-0.5,-1.010371,0.390098,949,20,
4,529,Overall,Overall,30,13,30,-1.0,-0.644272,0.384252,968,19,
4,530,Overall,Overall,30,15,30,0.5,0.630447,0.375707,1032,19,
4,531,Overall,Overall,30,17,30,1.5,1.360421,0.38948,1068,19,
4,532,Overall,Overall,30,8,30,-1.5,-1.875341,0.428246,906,21,
4,533,Overall,Overall,30,18,30,0.5,1.06379,0.386783,1053,19,
4,534,Overall,Overall,30,13,30,-1.0,-1.05538,0.381502,947,19,
4,535,Overall,Overall,30,17,30,1.0,0.427729,0.38088,1021,19,
4,536,Overall,Overall,30,21,30,1.5,1.951604,0.417306,1098,21,
4,537,Overall,Overall,30,20,30,1.0,1.356122,0.402028,1068,20,
4,538,Overall,Overall,30,15,30,0.5,0.830246,0.381631,1042,19,
4,539,Overall,Overall,30,23,30,2.0,2.029882,0.452283,1101,23,
4,540,Overall,Overall,30,14,30,1.0,0.718423,0.393003,1036,20,
4,541,Overall,Overall,30,11,30,-0.5,-0.476097,0.387126,976,19,
4,542,Overall,Overall,30,17,30,1.0,1.037734,0.387348,1052,19,
4,543,Overall,Overall,30,17,30,2.0,1.20048,0.389145,1060,19,
4,544,Overall,Overall,30,8,30,-2.0,-1.99985,0.443017,900,22,
4,545,Overall,Overall,30,17,30,1.5,1.25056,0.389933,1063,19,
4,546,Overall,Overall,30,7,30,-2.0,-2.352931,0.449418,882,22,
4,547,Overall,Overall,30,16,30,-1.5,-0.642977,0.378058,968,19,
4,548,Overall,Overall,30,9,30,-2.0,-1.873741,0.418726,906,21,
4,549,Overall,Overall,30,11,30,-1.5,-1.273208,0.40285,936,20,
4,550,Overall,Overall,30,13,30,0.0,-0.644825,0.390472,968,20,
4,551,Overall,Overall,30,18,30,1.0,0.699807,0.38241,1035,19,
4,552,Overall,Overall,30,2,30,-2.0,-3.766872,0.746901,812,37,
4,553,Overall,Overall,30,10,30,0.0,-0.415437,0.399865,979,20,
4,554,Overall,Overall,30,21,30,2.0,1.907027,0.42068,1095,21,
4,555,Overall,Overall,30,20,30,2.0,1.683126,0.412046,1084,21,
4,556,Overall,Overall,30,22,30,2.0,1.560838,0.420182,1078,21,
4,557,Overall,Overall,30,16,30,0.5,0.633606,0.376516,1032,19,
4,558,Overall,Overall,30,18,30,1.0,0.679751,0.379523,1034,19,
4,559,Overall,Overall,30,21,30,1.0,1.689542,0.418955,1084,21,
4,560,Overall,Overall,30,6,30,-2.0,-2.390075,0.4717,880,24,
4,561,Overall,Overall,30,20,30,1.5,1.476701,0.409252,1074,20,
4,562,Overall,Overall,30,14,30,-0.5,-0.183509,0.374685,991,19,
4,563,Overall,Overall,30,19,30,1.5,1.57015,0.396952,1079,20,
4,564,Overall,Overall,30,13,30,-1.5,-1.297155,0.385821,935,19,
4,565,Overall,Overall,30,9,30,-1.5,-1.885957,0.418215,906,21,
4,566,Overall,Overall,30,10,30,-2.0,-1.809438,0.407121,910,20,
4,567,Overall,Overall,30,12,30,-0.5,-0.975944,0.385989,951,19,
4,568,Overall,Overall,30,16,30,0.5,0.438188,0.370632,1022,19,
4,569,Overall,Overall,30,18,30,1.5,1.217749,0.385978,1061,19,
4,570,Overall,Overall,30,21,30,1.5,1.308867,0.413145,1065,21,
4,571,Overall,Overall,30,8,30,-1.5,-1.338315,0.435483,933,22,
4,572,Overall,Overall,30,14,30,0.5,0.414267,0.376354,1021,19,
4,573,Overall,Overall,30,23,30,2.0,2.549366,0.454573,1127,23,
4,574,Overall,Overall,30,15,30,-0.5,-0.52384,0.378505,974,19,
4,575,Overall,Overall,30,18,30,0.0,0.596391,0.377746,1030,19,
4,576,Overall,Overall,30,12,30,-1.0,-1.50543,0.39279,925,20,
4,577,Overall,Overall,30,16,30,0.0,0.322717,0.372426,1016,19,
4,578,Overall,Overall,30,17,30,1.5,0.965685,0.385883,1048,19,
4,579,Overall,Overall,30,12,30,-0.5,-0.121075,0.386547,994,19,
4,580,Overall,Overall,30,14,30,-1.0,-0.888282,0.382821,956,19,
4,581,Overall,Overall,30,14,30,0.0,0.274563,0.375476,1014,19,
4,582,Overall,Overall,30,8,30,-1.5,-2.001235,0.430675,900,22,
4,583,Overall,Overall,30,17,30,0.0,0.415652,0.376638,1021,19,
4,584,Overall,Overall,30,15,30,0.0,-0.311074,0.376219,984,19,
4,585,Overall,Overall,30,14,30,-1.0,-0.979698,0.382165,951,19,
4,586,Overall,Overall,30,9,30,-0.5,-1.123625,0.411312,944,21,
4,587,Overall,Overall,30,17,30,-0.5,-0.047072,0.381895,998,19,
4,588,Overall,Overall,30,21,30,2.0,1.892416,0.417333,1095,21,
4,589,Overall,Overall,30,23,30,1.5,2.290642,0.454504,1115,23,
4,590,Overall,Overall,30,16,30,0.0,-0.314336,0.381449,984,19,
4,591,Overall,Overall,30,17,30,1.5,1.051989,0.380554,1053,19,
4,592,Overall,Overall,30,18,30,1.0,1.406815,0.403222,1070,20,
4,593,Overall,Overall,30,15,30,0.5,0.682444,0.381866,1034,19,
4,594,Overall,Overall,30,13,30,-0.5,-0.997409,0.381993,950,19,
4,595,Overall,Overall,30,17,30,1.5,1.19789,0.387732,1060,19,
4,596,Overall,Overall,30,22,30,2.0,1.936942,0.431536,1097,22,
4,597,Overall,Overall,30,16,30,0.5,0.31013,0.371298,1016,19,
4,598,Overall,Overall,30,20,30,2.0,1.913441,0.417789,1096,21,
4,599,Overall,Overall,30,23,30,2.0,2.093123,0.458547,1105,23,
4,600,Overall,Overall,30,13,30,-1.0,-1.361439,0.388623,932,19,
4,601,Overall,Overall,30,21,30,2.0,1.817602,0.417138,1091,21,
4,602,Overall,Overall,30,19,30,1.5,1.02818,0.387878,1051,19,
4,603,Overall,Overall,30,10,30,-0.5,-0.911861,0.401457,954,20,
4,604,Overall,Overall,30,23,30,2.0,2.042805,0.451782,1102,23,
4,605,Overall,Overall,30,10,30,-2.0,-1.517852,0.4045,924,20,
4,606,Overall,Overall,30,11,30,-1.0,-1.014538,0.395957,949,20,
4,607,Overall,Overall,30,13,30,0.0,-0.125829,0.376879,994,19,
4,608,Overall,Overall,30,21,30,2.0,2.01429,0.415366,1101,21,
4,609,Overall,Overall,30,17,30,1.0,1.126351,0.391079,1056,20,
4,610,Overall,Overall,30,18,30,1.0,0.915573,0.390433,1046,20,
4,611,Overall,Overall,30,10,30,-1.5,-1.596081,0.403465,920,20,
4,612,Overall,Overall,30,8,30,-2.0,-1.843425,0.429607,908,21,
4,613,Overall,Overall,30,11,30,-2.0,-1.469399,0.395083,927,20,
4,614,Overall,Overall,30,12,30,0.5,0.410644,0.390835,1021,20,
4,615,Overall,Overall,30,17,30,1.0,0.733917,0.378419,1037,19,
4,616,Overall,Overall,30,16,30,1.0,0.641973,0.376422,1032,19,
4,617,Overall,Overall,30,11,30,-1.5,-1.413551,0.395716,929,20,
4,618,Overall,Overall,30,14,30,-1.5,-1.211557,0.381887,939,19,
4,619,Overall,Overall,30,26,30,1.5,2.991104,0.570419,1150,29,
4,620,Overall,Overall,30,14,30,0.5,0.069218,0.375414,1003,19,
4,621,Overall,Overall,30,22,30,2.0,2.127229,0.434148,1106,22,
4,622,Overall,Overall,30,13,30,-1.0,-1.242927,0.389371,938,19,
4,623,Overall,Overall,30,8,30,-2.0,-1.931891,0.426282,903,21,
4,624,Overall,Overall,30,16,30,0.5,0.247224,0.37141,1012,19,
4,625,Overall,Overall,30,23,30,2.0,2.211883,0.459123,1111,23,
4,626,Overall,Overall,30,19,30,1.5,1.355622,0.405811,1068,20,
4,627,Overall,Overall,30,17,30,1.0,0.817408,0.379642,1041,19,
4,628,Overall,Overall,30,17,30,1.0,1.251367,0.389002,1063,19,
4,629,Overall,Overall,30,12,30,-2.0,-1.248824,0.394084,938,20,
4,630,Overall,Overall,30,7,30,-2.0,-2.264055,0.447622,887,22,
4,631,Overall,Overall,30,11,30,-1.0,-0.211419,0.388927,989,19,
4,632,Overall,Overall,30,8,30,-2.0,-2.015557,0.440171,899,22,
4,633,Overall,Overall,30,16,30,-0.5,0.407065,0.372555,1020,19,
4,634,Overall,Overall,30,23,30,1.5,1.711026,0.459406,1086,23,
4,635,Overall,Overall,30,18,30,1.0,0.724304,0.383201,1036,19,
4,636,Overall,Overall,30,10,30,-1.5,-1.052118,0.406274,947,20,
4,637,Overall,Overall,30,12,30,-0.5,-0.806787,0.389076,960,19,
4,638,Overall,Overall,30,15,30,0.0,-0.38954,0.377952,981,19,
4,639,Overall,Overall,30,9,30,-2.0,-1.990337,0.417982,900,21,
4,640,Overall,Overall,30,15,30,1.0,0.813802,0.385755,1041,19,
4,641,Overall,Overall,30,17,30,0.5,0.115647,0.376608,1006,19,
4,642,Overall,Overall,30,6,30,-2.0,-2.54289,0.47909,873,24,
4,643,Overall,Overall,30,19,30,1.0,1.328558,0.395448,1066,20,
4,644,Overall,Overall,30,8,30,-2.0,-1.946637,0.437236,903,22,
4,645,Overall,Overall,30,8,30,-2.0,-2.034669,0.433061,898,22,
4,646,Overall,Overall,30,17,30,0.5,0.254126,0.374527,1013,19,
4,647,Overall,Overall,30,10,30,-1.0,-1.497077,0.398042,925,20,
4,648,Overall,Overall,30,21,30,2.0,2.087836,0.422179,1104,21,
4,649,Overall,Overall,30,18,30,-0.5,-0.104604,0.387835,995,19,
4,650,Overall,Overall,30,15,30,-0.5,-0.740202,0.378988,963,19,
4,651,Overall,Overall,30,19,30,1.5,1.566723,0.398661,1078,20,
4,652,Overall,Overall,30,18,30,1.5,0.98397,0.38383,1049,19,
4,653,Overall,Overall,30,20,30,1.5,1.236043,0.397666,1062,20,
4,654,Overall,Overall,30,16,30,0.0,-0.246914,0.377433,988,19,
4,655,Overall,Overall,30,14,30,0.0,-0.517334,0.376238,974,19,
4,656,Overall,Overall,30,20,30,1.0,1.439709,0.398261,1072,20,
4,657,Overall,Overall,30,13,30,0.5,-0.159283,0.379092,992,19,
4,658,Overall,Overall,30,14,30,-0.5,-0.669999,0.377005,967,19,
4,659,Overall,Overall,30,17,30,0.5,0.703679,0.375097,1035,19,
4,660,Overall,Overall,30,15,30,-0.5,-0.636073,0.386388,968,19,
4,661,Overall,Overall,30,20,30,1.5,1.884379,0.413772,1094,21,
4,662,Overall,Overall,30,17,30,0.5,0.063744,0.37665,1003,19,
4,663,Overall,Overall,30,20,30,1.0,1.957536,0.409771,1098,20,
4,664,Overall,Overall,30,8,30,-2.0,-2.059813,0.435414,897,22,
4,665,Overall,Overall,30,11,30,0.0,-0.401411,0.387648,980,19,
4,666,Overall,Overall,30,17,30,0.0,0.536413,0.373357,1027,19,
4,667,Overall,Overall,30,21,30,0.5,1.024324,0.418465,1051,21,
4,668,Overall,Overall,30,18,30,0.0,0.995207,0.385311,1050,19,
4,669,Overall,Overall,30,6,30,-2.0,-2.601681,0.474837,870,24,
4,670,Overall,Overall,30,21,30,1.5,1.786533,0.429706,1089,21,
4,671,Overall,Overall,30,16,30,0.0,-0.02426,0.375157,999,19,
4,672,Overall,Overall,30,9,30,-1.5,-1.494849,0.416291,925,21,
4,673,Overall,Overall,30,12,30,-1.0,-1.380338,0.392965,931,20,
4,674,Overall,Overall,30,8,30,-1.5,-2.132523,0.433193,893,22,
4,675,Overall,Overall,30,12,30,-0.5,-0.156321,0.379818,992,19,
4,676,Overall,Overall,30,7,30,-2.0,-2.407826,0.449878,880,22,
4,677,Overall,Overall,30,22,30,2.0,2.017188,0.434903,1101,22,
4,678,Overall,Overall,30,6,30,-2.0,-2.567809,0.481729,872,24,
4,679,Overall,Overall,30,20,30,1.0,0.821989,0.397555,1041,20,
4,680,Overall,Overall,30,16,30,1.5,1.138871,0.381212,1057,19,
4,681,Overall,Overall,30,10,30,-2.0,-1.691804,0.408283,915,20,
4,682,Overall,Overall,30,10,30,-1.5,-1.659362,0.406566,917,20,
4,683,Overall,Overall,30,12,30,-1.5,-1.384013,0.392805,931,20,
4,684,Overall,Overall,30,15,30,0.5,-0.164571,0.378387,992,19,
4,685,Overall,Overall,30,18,30,0.5,0.945007,0.383339,1047,19,
4,686,Overall,Overall,30,18,30,2.0,1.441031,0.394007,1072,20,
4,687,Overall,Overall,30,15,30,0.5,0.479986,0.377953,1024,19,
4,688,Overall,Overall,30,15,30,0.5,0.659431,0.383115,1033,19,
4,689,Overall,Overall,30,22,30,2.0,1.878761,0.431872,1094,22,
4,690,Overall,Overall,30,12,30,-1.0,-1.191892,0.385385,940,19,
4,691,Overall,Overall,30,20,30,1.5,1.909313,0.412688,1095,21,
4,692,Overall,Overall,30,17,30,0.5,0.589032,0.37644,1029,19,
4,693,Overall,Overall,30,11,30,-1.5,-1.626707,0.397795,919,20,
4,694,Overall,Overall,30,14,30,-0.5,-0.951189,0.386755,952,19,
4,695,Overall,Overall,30,16,30,1.5,0.6975,0.382083,1035,19,
4,696,Overall,Overall,30,15,30,0.5,0.439771,0.376867,1022,19,
4,697,Overall,Overall,30,21,30,1.5,1.622302,0.416163,1081,21,
4,698,Overall,Overall,30,15,30,0.5,0.290353,0.375214,1015,19,
4,699,Overall,Overall,30,21,30,1.5,1.61254,0.418985,1081,21,
4,700,Overall,Overall,30,17,30,-0.5,-0.481068,0.391172,976,20,
4,701,Overall,Overall,30,14,30,-1.0,-0.787167,0.377181,961,19,
4,702,Overall,Overall,30,19,30,2.0,1.476519,0.405825,1074,20,
4,703,Overall,Overall,30,12,30,-1.0,-1.12993,0.381536,944,19,
4,704,Overall,Overall,30,18,30,1.5,1.429834,0.400919,1071,20,
4,705,Overall,Overall,30,8,30,-2.0,-2.301474,0.43158,885,22,
4,706,Overall,Overall,30,11,30,-1.5,-1.433042,0.40415,928,20,
4,707,Overall,Overall,30,15,30,0.5,0.235438,0.371778,1012,19,
4,708,Overall,Overall,30,20,30,1.5,1.904967,0.41127,1095,21,
4,709,Overall,Overall,30,22,30,1.5,2.003866,0.443541,1100,22,
4,710,Overall,Overall,30,6,30,-2.0,-2.329184,0.468704,884,23,
4,711,Overall,Overall,30,9,30,-1.5,-1.563037,0.408705,922,20,
4,712,Overall,Overall,30,14,30,1.0,0.706557,0.396213,1035,20,
4,713,Overall,Overall,30,19,30,0.0,-0.27895,0.391931,986,20,
4,714,Overall,Overall,30,13,30,-1.0,-0.7984,0.383702,960,19,
4,715,Overall,Overall,30,17,30,0.0,-0.142109,0.381141,993,19,
4,716,Overall,Overall,30,12,30,-1.0,-1.267991,0.392873,937,20,
4,717,Overall,Overall,30,11,30,-1.0,-1.207861,0.393245,940,20,
4,718,Overall,Overall,30,12,30,-1.0,-1.578059,0.392282,921,20,
4,719,Overall,Overall,30,11,30,-1.0,-1.377502,0.399175,931,20,
4,720,Overall,Overall,30,13,30,-2.0,-1.404921,0.387608,930,19,
4,721,Overall,Overall,30,13,30,-1.0,-1.033113,0.385014,948,19,
4,722,Overall,Overall,30,12,30,-0.5,-1.170062,0.393244,941,20,
4,723,Overall,Overall,30,12,30,-1.5,-1.325589,0.387756,934,19,
4,724,Overall,Overall,30,14,30,-0.5,-0.844826,0.387796,958,19,
4,725,Overall,Overall,30,16,30,0.0,-0.186195,0.376726,991,19,
4,726,Overall,Overall,30,12,30,-0.5,-0.169802,0.381518,992,19,
4,727,Overall,Overall,30,18,30,0.0,0.180674,0.381269,1009,19,
4,728,Overall,Overall,30,23,30,2.0,2.466785,0.463956,1123,23,
4,729,Overall,Overall,30,13,30,-0.5,-1.102036,0.385966,945,19,
4,730,Overall,Overall,30,12,30,-2.0,-1.498377,0.39866,925,20,
4,731,Overall,Overall,30,14,30,-1.0,-0.376434,0.37977,981,19,
4,732,Overall,Overall,30,10,30,-1.0,-1.045,0.400267,948,20,
4,733,Overall,Overall,30,17,30,0.5,0.632843,0.37278,1032,19,
4,734,Overall,Overall,30,13,30,-0.5,-0.618552,0.38194,969,19,
4,735,Overall,Overall,30,7,30,-1.5,-2.172155,0.461966,891,23,
4,736,Overall,Overall,30,13,30,-0.5,-0.112388,0.379098,994,19,
4,737,Overall,Overall,30,19,30,1.5,1.1416,0.4048,1057,20,
4,738,Overall,Overall,30,18,30,-0.5,-0.228654,0.383687,989,19,
4,739,Overall,Overall,30,16,30,0.0,0.234917,0.370409,1012,19,
4,740,Overall,Overall,30,16,30,0.5,0.773904,0.383574,1039,19,
4,741,Overall,Overall,30,18,30,0.5,0.161209,0.382622,1008,19,
4,742,Overall,Overall,30,18,30,2.0,1.368157,0.393842,1068,20,
4,743,Overall,Overall,30,13,30,-1.5,-1.091663,0.3796,945,19,
4,744,Overall,Overall,30,20,30,1.0,1.41903,0.414188,1071,21,
4,745,Overall,Overall,30,20,30,1.0,1.556656,0.40738,1078,20,
4,746,Overall,Overall,30,13,30,-1.5,-1.51542,0.388533,924,19,
4,747,Overall,Overall,30,23,30,2.0,2.074083,0.449933,1104,22,
4,748,Overall,Overall,30,25,30,2.0,2.968575,0.510353,1148,26,
4,749,Overall,Overall,30,21,30,1.5,1.708785,0.420035,1085,21,
4,750,Overall,Overall,30,16,30,0.0,0.025169,0.38338,1001,19,
4,751,Overall,Overall,30,12,30,-1.0,-0.965737,0.388029,952,19,
4,752,Overall,Overall,30,19,30,-0.5,0.054785,0.396534,1003,20,
4,753,Overall,Overall,30,25,30,2.0,2.73739,0.507095,1137,25,
4,754,Overall,Overall,30,19,30,1.0,0.772848,0.388215,1039,19,
4,755,Overall,Overall,30,10,30,-1.5,-1.787982,0.405766,911,20,
4,756,Overall,Overall,30,13,30,-1.0,-1.094054,0.384819,945,19,
4,757,Overall,Overall,30,7,30,-1.5,-2.214003,0.450155,889,23,
4,758,Overall,Overall,30,19,30,1.5,1.711375,0.400758,1086,20,
4,759,Overall,Overall,30,19,30,2.0,1.683426,0.404032,1084,20,
4,760,Overall,Overall,30,14,30,-1.0,-0.752611,0.378734,962,19,
4,761,Overall,Overall,30,14,30,-1.0,-1.245045,0.385446,938,19,
4,762,Overall,Overall,30,12,30,-0.5,0.057327,0.382099,1003,19,
4,763,Overall,Overall,30,17,30,1.0,0.907025,0.385047,1045,19,
4,764,Overall,Overall,30,17,30,1.0,0.905795,0.383623,1045,19,
4,765,Overall,Overall,30,18,30,1.5,1.521323,0.396155,1076,20,
4,766,Overall,Overall,30,11,30,-1.0,-1.071835,0.390522,946,20,
4,767,Overall,Overall,30,17,30,0.0,0.409373,0.377197,1020,19,
4,768,Overall,Overall,30,20,30,2.0,1.924024,0.40571,1096,20,
4,769,Overall,Overall,30,16,30,0.5,0.555067,0.37439,1028,19,
4,770,Overall,Overall,30,22,30,2.0,2.232702,0.437454,1112,22,
4,771,Overall,Overall,30,14,30,0.0,-0.30152,0.375914,985,19,
4,772,Overall,Overall,30,11,30,-1.5,-1.203938,0.39451,940,20,
4,773,Overall,Overall,30,22,30,1.5,2.058539,0.426724,1103,21,
4,774,Overall,Overall,30,9,30,-2.0,-1.990265,0.422793,900,21,
4,775,Overall,Overall,30,20,30,1.5,1.684414,0.412137,1084,21,
4,776,Overall,Overall,30,12,30,-1.0,-1.203261,0.384726,940,19,
4,777,Overall,Overall,30,19,30,1.0,1.175389,0.392446,1059,20,
4,778,Overall,Overall,30,9,30,-1.5,-1.347569,0.410904,933,21,
4,779,Overall,Overall,30,16,30,1.0,1.194649,0.385277,1060,19,
4,780,Overall,Overall,30,14,30,-0.5,-0.975325,0.383407,951,19,
4,781,Overall,Overall,30,16,30,-0.5,-0.006753,0.382329,1000,19,
4,782,Overall,Overall,30,15,30,-1.0,-0.943008,0.386183,953,19,
4,783,Overall,Overall,30,20,30,2.0,1.374614,0.405172,1069,20,
4,784,Overall,Overall,30,9,30,-1.5,-1.594805,0.415246,920,21,
4,785,Overall,Overall,30,18,30,1.5,1.175127,0.389532,1059,19,
4,786,Overall,Overall,30,12,30,0.0,0.01644,0.379347,1001,19,
4,787,Overall,Overall,30,12,30,-0.5,-0.716907,0.379257,964,19,
4,788,Overall,Overall,30,12,30,-1.5,-1.598086,0.390973,920,20,
4,789,Overall,Overall,30,14,30,-1.0,-0.891294,0.376645,955,19,
4,790,Overall,Overall,30,11,30,-1.0,-1.135051,0.393277,943,20,
4,791,Overall,Overall,30,11,30,0.0,-0.202589,0.386119,990,19,
4,792,Overall,Overall,30,14,30,-1.0,-0.886834,0.378593,956,19,
4,793,Overall,Overall,30,14,30,0.0,0.579487,0.384986,1029,19,
4,794,Overall,Overall,30,21,30,1.5,1.682982,0.429567,1084,21,
4,795,Overall,Overall,30,20,30,0.0,-0.035658,0.401837,998,20,
4,796,Overall,Overall,30,6,30,-2.0,-2.75615,0.477732,862,24,
4,797,Overall,Overall,30,12,30,-0.5,-0.160035,0.382661,992,19,
4,798,Overall,Overall,30,22,30,2.0,2.309757,0.440457,1115,22,
4,799,Overall,Overall,30,20,30,1.0,0.937103,0.39991,1047,20,
4,800,Overall,Overall,30,11,30,-1.0,-1.252492,0.394839,937,20,
4,801,Overall,Overall,30,7,30,-2.0,-2.207698,0.447949,890,22,
4,802,Overall,Overall,30,11,30,-1.0,-1.037571,0.400185,948,20,
4,803,Overall,Overall,30,17,30,-0.5,-0.670922,0.384601,966,19,
4,804,Overall,Overall,30,14,30,-0.5,-0.668524,0.384618,967,19,
4,805,Overall,Overall,30,16,30,0.5,0.782556,0.376595,1039,19,
4,806,Overall,Overall,30,11,30,-1.5,-1.152115,0.395929,942,20,
4,807,Overall,Overall,30,13,30,-0.5,-0.653917,0.375351,967,19,
4,808,Overall,Overall,30,13,30,0.5,0.154782,0.377049,1008,19,
4,809,Overall,Overall,30,18,30,1.5,1.194261,0.393659,1060,20,
4,810,Overall,Overall,30,13,30,-0.5,-0.708655,0.386418,965,19,
4,811,Overall,Overall,30,24,30,2.0,2.605883,0.482305,1130,24,
4,812,Overall,Overall,30,15,30,0.5,-0.31161,0.378467,984,19,
4,813,Overall,Overall,30,20,30,0.5,0.776399,0.392345,1039,20,
4,814,Overall,Overall,30,19,30,1.5,1.002684,0.386821,1050,19,
4,815,Overall,Overall,30,8,30,-1.5,-2.01378,0.433572,899,22,
4,816,Overall,Overall,30,20,30,1.5,1.160982,0.40165,1058,20,
4,817,Overall,Overall,30,20,30,2.0,1.540201,0.406912,1077,20,
4,818,Overall,Overall,30,12,30,-0.5,-0.18434,0.383302,991,19,
4,819,Overall,Overall,30,8,30,-1.5,-2.011705,0.433916,899,22,
4,820,Overall,Overall,30,16,30,-1.0,-0.482285,0.378217,976,19,
4,821,Overall,Overall,30,14,30,-0.5,-0.325313,0.374125,984,19,
4,822,Overall,Overall,30,9,30,-1.5,-1.898229,0.415585,905,21,
4,823,Overall,Overall,30,8,30,-2.0,-2.275871,0.434362,886,22,
4,824,Overall,Overall,30,18,30,1.5,1.363689,0.397635,1068,20,
4,825,Overall,Overall,30,13,30,-0.5,-0.786852,0.385805,961,19,
4,826,Overall,Overall,30,21,30,2.0,1.921458,0.432211,1096,22,
4,827,Overall,Overall,30,25,30,2.0,2.80192,0.516418,1140,26,
4,828,Overall,Overall,30,17,30,0.5,0.690176,0.374008,1035,19,
4,829,Overall,Overall,30,10,30,-2.0,-1.659362,0.406566,917,20,
4,830,Overall,Overall,30,17,30,-1.5,-0.551971,0.382391,972,19,
4,831,Overall,Overall,30,16,30,-1.0,-0.228356,0.374461,989,19,
4,832,Overall,Overall,30,13,30,-2.0,-0.956519,0.387111,952,19,
4,833,Overall,Overall,30,11,30,0.0,-0.370784,0.389077,981,19,
4,834,Overall,Overall,30,19,30,2.0,1.556556,0.40382,1078,20,
4,835,Overall,Overall,30,17,30,0.5,0.655966,0.377784,1033,19,
4,836,Overall,Overall,30,21,30,1.0,1.567029,0.424532,1078,21,
4,837,Overall,Overall,30,17,30,1.0,0.58794,0.376043,1029,19,
4,838,Overall,Overall,30,12,30,0.5,0.069239,0.383412,1003,19,
4,839,Overall,Overall,30,14,30,0.0,-0.009259,0.373881,1000,19,
4,840,Overall,Overall,30,10,30,-1.5,-1.573586,0.399209,921,20,
4,841,Overall,Overall,30,9,30,-2.0,-1.919796,0.427242,904,21,
4,842,Overall,Overall,30,10,30,-2.0,-1.511498,0.412006,924,21,
4,843,Overall,Overall,30,19,30,2.0,1.705181,0.406783,1085,20,
4,844,Overall,Overall,30,26,30,2.0,2.377196,0.556044,1119,28,
4,845,Overall,Overall,30,13,30,0.0,-0.083649,0.377308,996,19,
4,846,Overall,Overall,30,15,30,-1.0,-0.824788,0.392869,959,20,
4,847,Overall,Overall,30,19,30,1.0,0.371202,0.390585,1019,20,
4,848,Overall,Overall,30,7,30,-2.0,-2.333523,0.451751,883,23,
4,849,Overall,Overall,30,11,30,-1.5,-1.419426,0.39555,929,20,
4,850,Overall,Overall,30,12,30,0.0,-0.353854,0.380608,982,19,
4,851,Overall,Overall,30,12,30,-1.0,-1.335326,0.392123,933,20,
4,852,Overall,Overall,30,21,30,1.5,1.69843,0.41833,1085,21,
4,853,Overall,Overall,30,20,30,1.5,1.835679,0.405311,1092,20,
4,854,Overall,Overall,30,7,30,-2.0,-2.095331,0.45129,895,23,
4,855,Overall,Overall,30,23,30,2.0,2.230207,0.461631,1112,23,
4,856,Overall,Overall,30,7,30,-1.5,-1.855213,0.452197,907,23,
4,857,Overall,Overall,30,13,30,-0.5,-0.170031,0.375725,991,19,
4,858,Overall,Overall,30,19,30,1.5,0.858271,0.391914,1043,20,
4,859,Overall,Overall,30,12,30,-0.5,-0.123671,0.376912,994,19,
4,860,Overall,Overall,30,12,30,-1.5,-1.367919,0.394834,932,20,
4,861,Overall,Overall,30,16,30,0.5,0.755743,0.37877,1038,19,
4,862,Overall,Overall,30,20,30,0.5,0.773324,0.398856,1039,20,
4,863,Overall,Overall,30,19,30,1.5,1.082382,0.399892,1054,20,
4,864,Overall,Overall,30,19,30,0.5,0.673647,0.386714,1034,19,
4,865,Overall,Overall,30,12,30,-1.0,-1.524701,0.393148,924,20,
4,866,Overall,Overall,30,4,30,-2.0,-3.161771,0.557367,842,28,
4,867,Overall,Overall,30,19,30,0.5,1.168179,0.390425,1058,20,
4,868,Overall,Overall,30,15,30,0.0,0.191368,0.372143,1010,19,
4,869,Overall,Overall,30,11,30,-1.0,-1.235321,0.392005,938,20,
4,870,Overall,Overall,30,9,30,-2.0,-1.7815,0.420357,911,21,
4,871,Overall,Overall,30,16,30,0.0,0.200763,0.370348,1010,19,
4,872,Overall,Overall,30,20,30,2.0,1.693017,0.412013,1085,21,
4,873,Overall,Overall,30,10,30,-1.0,-1.12848,0.404581,944,20,
4,874,Overall,Overall,30,15,30,-1.0,-0.987615,0.397336,951,20,
4,875,Overall,Overall,30,8,30,-2.0,-1.858016,0.4326,907,22,
4,876,Overall,Overall,30,21,30,1.0,0.812188,0.407482,1041,20,
4,877,Overall,Overall,30,18,30,1.0,1.181885,0.385105,1059,19,
4,878,Overall,Overall,30,21,30,1.5,1.167221,0.413191,1058,21,
4,879,Overall,Overall,30,18,30,0.5,0.792336,0.387336,1040,19,
4,880,Overall,Overall,30,15,30,0.5,0.289867,0.370536,1014,19,
4,881,Overall,Overall,30,6,30,-2.0,-2.314319,0.471318,884,24,
4,882,Overall,Overall,30,19,30,2.0,1.217169,0.396577,1061,20,
4,883,Overall,Overall,30,14,30,0.0,-0.18442,0.373083,991,19,
4,884,Overall,Overall,30,20,30,1.0,1.272995,0.403155,1064,20,
4,885,Overall,Overall,30,20,30,2.0,1.600545,0.40538,1080,20,
4,886,Overall,Overall,30,16,30,-1.0,-0.317743,0.375272,984,19,
4,887,Overall,Overall,30,13,30,-0.5,-1.030393,0.381592,948,19,
4,888,Overall,Overall,30,18,30,2.0,1.66659,0.39788,1083,20,
4,889,Overall,Overall,30,19,30,1.5,1.37641,0.400078,1069,20,
4,890,Overall,Overall,30,14,30,0.0,0.034874,0.373116,1002,19,
4,891,Overall,Overall,30,18,30,-0.5,-0.442233,0.394937,978,20,
4,892,Overall,Overall,30,20,30,1.5,1.10169,0.396395,1055,20,
4,893,Overall,Overall,30,18,30,1.0,1.001042,0.383699,1050,19,
4,894,Overall,Overall,30,15,30,0.0,-0.120813,0.378298,994,19,
4,895,Overall,Overall,30,19,30,0.5,1.128274,0.395509,1056,20,
4,896,Overall,Overall,30,9,30,-1.5,-1.873619,0.421313,906,21,
4,897,Overall,Overall,30,12,30,-1.5,-1.492146,0.393932,925,20,
4,898,Overall,Overall,30,20,30,2.0,1.773798,0.410914,1089,21,
4,899,Overall,Overall,30,22,30,2.0,2.078438,0.436025,1104,22,
4,900,Overall,Overall,30,8,30,-1.5,-1.986115,0.4303,901,22,
