thread,student,domain_name,domain_value,item_count,raw_score,max_points,true_theta,theta,se,scale_score,scale_score_se,performance_level
1,1,Overall,Overall,25,16,25,1.0,1.588119,0.452618,1079,23,
1,2,Overall,Overall,25,12,25,1.0,0.417867,0.409811,1021,20,
1,3,Overall,Overall,25,16,25,1.5,0.936172,0.421696,1047,21,
1,4,Overall,Overall,25,15,25,1.5,1.084182,0.428136,1054,21,
1,5,Overall,Overall,25,9,25,-1.5,-1.430027,0.431317,928,22,
1,6,Overall,Overall,25,10,25,-0.5,-0.456943,0.419524,977,21,
1,7,Overall,Overall,25,12,25,0.0,0.286582,0.410658,1014,21,
1,8,Overall,Overall,25,6,25,-2.0,-2.042173,0.477804,898,24,
1,9,Overall,Overall,25,17,25,1.5,1.400609,0.450034,1070,23,
1,10,Overall,Overall,25,12,25,0.0,-0.740961,0.412364,963,21,
1,11,Overall,Overall,25,13,25,0.0,0.211249,0.406266,1011,20,
1,12,Overall,Overall,25,8,25,-2.0,-1.531806,0.440721,923,22,
1,13,Overall,Overall,25,17,25,1.5,1.385478,0.438041,1069,22,
1,14,Overall,Overall,25,7,25,-2.0,-2.22286,0.467441,889,23,
1,15,Overall,Overall,25,16,25,1.0,1.859973,0.443013,1093,22,
1,16,Overall,Overall,25,9,25,-1.5,-1.550607,0.434155,922,22,
1,17,Overall,Overall,25,12,25,0.5,0.540542,0.410522,1027,21,
1,18,Overall,Overall,25,9,25,-2.0,-1.689182,0.431951,916,22,
1,19,Overall,Overall,25,9,25,-1.5,-1.448138,0.426959,928,21,
1,20,Overall,Overall,25,15,25,1.0,1.37401,0.42783,1069,21,
1,21,Overall,Overall,25,11,25,-1.0,-1.11078,0.41381,944,21,
1,22,Overall,Overall,25,10,25,-1.5,-1.511041,0.423514,924,21,
1,23,Overall,Overall,25,7,25,-2.0,-2.276011,0.465369,886,23,
1,24,Overall,Overall,25,12,25,-1.0,-0.634437,0.415895,968,21,
1,25,Overall,Overall,25,19,25,1.5,1.330669,0.479546,1067,24,
1,26,Overall,Overall,25,7,25,-2.0,-1.720094,0.470802,914,24,
1,27,Overall,Overall,25,13,25,-0.5,-0.587624,0.410497,971,21,
1,28,Overall,Overall,25,11,25,-1.5,-1.368346,0.420961,932,21,
1,29,Overall,Overall,25,7,25,-1.5,-1.933048,0.458396,903,23,
1,30,Overall,Overall,25,11,25,-1.0,-1.020327,0.411009,949,21,
1,31,Overall,Overall,25,12,25,0.0,0.668959,0.421862,1033,21,
1,32,Overall,Overall,25,15,25,2.0,1.387251,0.43038,1069,22,
1,33,Overall,Overall,25,10,25,-0.5,0.18609,0.421382,1009,21,
1,34,Overall,Overall,25,9,25,-1.0,-0.410829,0.423706,979,21,
1,35,Overall,Overall,25,20,25,2.0,2.822901,0.522161,1141,26,
1,36,Overall,Overall,25,11,25,-1.5,-0.882114,0.418099,956,21,
1,37,Overall,Overall,25,14,25,1.0,0.453901,0.409456,1023,20,
1,38,Overall,Overall,25,14,25,0.0,0.258923,0.410566,1013,21,
1,39,Overall,Overall,25,19,25,2.0,1.84614,0.484185,1092,24,
1,40,Overall,Overall,25,14,25,0.5,0.730224,0.409459,1037,20,
1,41,Overall,Overall,25,11,25,-1.5,-1.098584,0.410428,945,21,
1,42,Overall,Overall,25,7,25,-1.5,-2.088573,0.459793,896,23,
1,43,Overall,Overall,25,12,25,-0.5,-0.938081,0.418499,953,21,
1,44,Overall,Overall,25,17,25,0.5,1.724687,0.445914,1086,22,
1,45,Overall,Overall,25,14,25,1.0,0.870549,0.411026,1044,21,
1,46,Overall,Overall,25,7,25,-2.0,-2.036614,0.475929,898,24,
1,47,Overall,Overall,25,10,25,-0.5,-1.017227,0.418018,949,21,
1,48,Overall,Overall,25,9,25,-0.5,-0.629586,0.425313,969,21,
1,49,Overall,Overall,25,14,25,0.0,-0.322753,0.413272,984,21,
1,50,Overall,Overall,25,14,25,1.5,1.3391,0.422047,1067,21,
1,51,Overall,Overall,25,23,25,2.0,3.821797,0.759951,1191,38,
1,52,Overall,Overall,25,5,25,-2.0,-2.538841,0.513743,873,26,
1,53,Overall,Overall,25,12,25,0.5,0.098188,0.412116,1005,21,
1,54,Overall,Overall,25,9,25,-1.0,-0.783479,0.425652,961,21,
1,55,Overall,Overall,25,18,25,2.0,2.337431,0.468514,1117,23,
1,56,Overall,Overall,25,9,25,-0.5,-0.695823,0.426885,965,21,
1,57,Overall,Overall,25,8,25,-1.0,-1.381567,0.446452,931,22,
1,58,Overall,Overall,25,8,25,-1.5,-1.698907,0.445972,915,22,
1,59,Overall,Overall,25,13,25,0.0,0.53128,0.406521,1027,20,
1,60,Overall,Overall,25,12,25,0.5,0.77791,0.416117,1039,21,
1,61,Overall,Overall,25,9,25,-0.5,-0.03205,0.428334,998,21,
1,62,Overall,Overall,25,17,25,2.0,1.917402,0.451998,1096,23,
1,63,Overall,Overall,25,20,25,1.5,2.693142,0.514787,1135,26,
1,64,Overall,Overall,25,15,25,1.0,1.251142,0.422935,1063,21,
1,65,Overall,Overall,25,10,25,-1.0,-1.441102,0.422313,928,21,
1,66,Overall,Overall,25,8,25,-1.5,-1.443444,0.453414,928,23,
1,67,Overall,Overall,25,15,25,1.5,1.712448,0.430359,1086,22,
1,68,Overall,Overall,25,12,25,0.0,-0.032907,0.406802,998,20,
1,69,Overall,Overall,25,21,25,2.0,2.820905,0.566464,1141,28,
1,70,Overall,Overall,25,17,25,0.5,0.908589,0.440563,1045,22,
1,71,Overall,Overall,25,19,25,2.0,2.42396,0.495502,1121,25,
1,72,Overall,Overall,25,20,25,2.0,1.720465,0.509085,1086,25,
1,73,Overall,Overall,25,13,25,0.5,0.210021,0.414497,1011,21,
1,74,Overall,Overall,25,14,25,1.5,1.222271,0.422517,1061,21,
1,75,Overall,Overall,25,12,25,-0.5,-0.693377,0.408973,965,20,
1,76,Overall,Overall,25,14,25,1.0,1.004155,0.413342,1050,21,
1,77,Overall,Overall,25,7,25,-1.0,-1.104704,0.457165,945,23,
1,78,Overall,Overall,25,15,25,1.0,1.331996,0.431231,1067,22,
1,79,Overall,Overall,25,12,25,-1.5,-1.392683,0.422577,930,21,
1,80,Overall,Overall,25,12,25,-0.5,-0.259348,0.407294,987,20,
1,81,Overall,Overall,25,13,25,-1.0,-0.637085,0.408092,968,20,
1,82,Overall,Overall,25,17,25,1.5,1.181119,0.436988,1059,22,
1,83,Overall,Overall,25,18,25,1.0,0.687377,0.464948,1034,23,
1,84,Overall,Overall,25,4,25,-2.0,-3.034756,0.560972,848,28,
1,85,Overall,Overall,25,10,25,0.0,-0.495308,0.413689,975,21,
1,86,Overall,Overall,25,11,25,0.0,-0.226548,0.425329,989,21,
1,87,Overall,Overall,25,6,25,-2.0,-2.47494,0.486559,876,24,
1,88,Overall,Overall,25,7,25,-2.0,-1.463644,0.453839,927,23,
1,89,Overall,Overall,25,13,25,0.5,0.454983,0.410559,1023,21,
1,90,Overall,Overall,25,13,25,0.0,0.277617,0.406952,1014,20,
1,91,Overall,Overall,25,14,25,0.0,0.599269,0.407704,1030,20,
1,92,Overall,Overall,25,11,25,-1.5,-1.261599,0.419862,937,21,
1,93,Overall,Overall,25,15,25,0.0,0.527921,0.415281,1026,21,
1,94,Overall,Overall,25,16,25,0.0,0.261281,0.426685,1013,21,
1,95,Overall,Overall,25,10,25,-1.0,-0.879469,0.416849,956,21,
1,96,Overall,Overall,25,14,25,-0.5,0.217919,0.415653,1011,21,
1,97,Overall,Overall,25,11,25,0.0,-0.189937,0.408146,991,20,
1,98,Overall,Overall,25,16,25,1.5,1.79212,0.436897,1090,22,
1,99,Overall,Overall,25,13,25,-0.5,-0.499137,0.423294,975,21,
1,100,Overall,Overall,25,17,25,2.0,1.780075,0.449763,1089,22,
1,101,Overall,Overall,25,14,25,1.5,0.829182,0.413319,1041,21,
1,102,Overall,Overall,25,14,25,-0.5,-0.312526,0.414172,984,21,
1,103,Overall,Overall,25,17,25,1.5,0.082286,0.446328,1004,22,
1,104,Overall,Overall,25,10,25,-1.0,-1.045457,0.426679,948,21,
1,105,Overall,Overall,25,9,25,-2.0,-1.891404,0.43808,905,22,
1,106,Overall,Overall,25,14,25,-1.0,-0.59547,0.413644,970,21,
1,107,Overall,Overall,25,14,25,-1.5,-0.772307,0.424552,961,21,
1,108,Overall,Overall,25,6,25,-2.0,-2.47494,0.486559,876,24,
1,109,Overall,Overall,25,13,25,0.5,1.165845,0.414838,1058,21,
1,110,Overall,Overall,25,13,25,-0.5,-0.397148,0.407733,980,20,
1,111,Overall,Overall,25,13,25,0.0,-0.386027,0.409124,981,20,
1,112,Overall,Overall,25,11,25,1.0,0.231473,0.410001,1012,21,
1,113,Overall,Overall,25,7,25,-1.5,-2.137408,0.461643,893,23,
1,114,Overall,Overall,25,15,25,0.0,0.160264,0.422445,1008,21,
1,115,Overall,Overall,25,15,25,0.5,0.177149,0.420904,1009,21,
1,116,Overall,Overall,25,8,25,-1.5,-1.740295,0.441237,913,22,
1,117,Overall,Overall,25,17,25,2.0,1.536196,0.450635,1077,23,
1,118,Overall,Overall,25,17,25,1.0,1.372612,0.437289,1069,22,
1,119,Overall,Overall,25,11,25,-1.5,-1.1779,0.423078,941,21,
1,120,Overall,Overall,25,11,25,0.0,0.078536,0.409534,1004,20,
1,121,Overall,Overall,25,7,25,-1.5,-2.084977,0.460587,896,23,
1,122,Overall,Overall,25,16,25,2.0,1.492158,0.438617,1075,22,
1,123,Overall,Overall,25,18,25,2.0,1.879125,0.465728,1094,23,
1,124,Overall,Overall,25,9,25,-0.5,-0.210345,0.425354,989,21,
1,125,Overall,Overall,25,6,25,-2.0,-2.491694,0.486302,875,24,
1,126,Overall,Overall,25,15,25,1.5,0.460954,0.416059,1023,21,
1,127,Overall,Overall,25,16,25,0.5,1.318314,0.438681,1066,22,
1,128,Overall,Overall,25,12,25,-0.5,-0.346214,0.408718,983,20,
1,129,Overall,Overall,25,17,25,1.5,2.151334,0.45117,1108,23,
1,130,Overall,Overall,25,13,25,-0.5,-0.257116,0.408562,987,20,
1,131,Overall,Overall,25,17,25,1.5,1.04648,0.449075,1052,22,
1,132,Overall,Overall,25,14,25,-1.0,-0.772508,0.42198,961,21,
1,133,Overall,Overall,25,16,25,1.5,1.864967,0.444152,1093,22,
1,134,Overall,Overall,25,18,25,2.0,2.111338,0.469314,1106,23,
1,135,Overall,Overall,25,16,25,0.0,-0.017578,0.436414,999,22,
1,136,Overall,Overall,25,17,25,0.5,0.234671,0.438042,1012,22,
1,137,Overall,Overall,25,13,25,-1.0,-0.655434,0.41361,967,21,
1,138,Overall,Overall,25,12,25,0.5,0.182423,0.40765,1009,20,
1,139,Overall,Overall,25,9,25,-1.0,-1.376791,0.432024,931,22,
1,140,Overall,Overall,25,10,25,-1.5,-0.832953,0.417587,958,21,
1,141,Overall,Overall,25,13,25,0.0,0.54635,0.407858,1027,20,
1,142,Overall,Overall,25,8,25,-2.0,-2.153452,0.448308,892,22,
1,143,Overall,Overall,25,11,25,0.0,0.062144,0.407772,1003,20,
1,144,Overall,Overall,25,10,25,-2.0,-1.365229,0.419683,932,21,
1,145,Overall,Overall,25,7,25,-1.5,-1.979009,0.464108,901,23,
1,146,Overall,Overall,25,15,25,1.0,1.630396,0.442883,1082,22,
1,147,Overall,Overall,25,14,25,0.5,0.23228,0.411442,1012,21,
1,148,Overall,Overall,25,14,25,0.0,-0.161966,0.410593,992,21,
1,149,Overall,Overall,25,14,25,-1.0,-0.845693,0.424472,958,21,
1,150,Overall,Overall,25,9,25,-2.0,-1.643917,0.435437,918,22,
1,151,Overall,Overall,25,16,25,1.5,1.850494,0.436981,1093,22,
1,152,Overall,Overall,25,12,25,-0.5,-0.795756,0.4143,960,21,
1,153,Overall,Overall,25,15,25,0.5,1.138001,0.421534,1057,21,
1,154,Overall,Overall,25,11,25,-1.0,-0.799184,0.409454,960,20,
1,155,Overall,Overall,25,10,25,0.0,-0.35523,0.425667,982,21,
1,156,Overall,Overall,25,11,25,-0.5,0.079588,0.409138,1004,20,
1,157,Overall,Overall,25,10,25,-2.0,-1.647499,0.428043,918,21,
1,158,Overall,Overall,25,12,25,0.5,1.004747,0.42336,1050,21,
1,159,Overall,Overall,25,7,25,-2.0,-2.129628,0.463909,894,23,
1,160,Overall,Overall,25,11,25,0.5,0.405719,0.418903,1020,21,
1,161,Overall,Overall,25,15,25,0.5,0.947793,0.41609,1047,21,
1,162,Overall,Overall,25,12,25,-1.0,-0.522612,0.417849,974,21,
1,163,Overall,Overall,25,10,25,-1.0,-0.886343,0.419868,956,21,
1,164,Overall,Overall,25,15,25,2.0,1.710227,0.432571,1086,22,
1,165,Overall,Overall,25,18,25,0.0,0.755614,0.462394,1038,23,
1,166,Overall,Overall,25,13,25,0.5,0.678859,0.407569,1034,20,
1,167,Overall,Overall,25,7,25,-1.5,-1.726114,0.453851,914,23,
1,168,Overall,Overall,25,8,25,-1.0,-1.517265,0.439938,924,22,
1,169,Overall,Overall,25,14,25,1.0,0.811127,0.410238,1041,21,
1,170,Overall,Overall,25,10,25,-1.5,-1.285985,0.426142,936,21,
1,171,Overall,Overall,25,15,25,1.0,1.571146,0.434543,1079,22,
1,172,Overall,Overall,25,9,25,-1.0,-1.475612,0.429036,926,21,
1,173,Overall,Overall,25,11,25,-1.0,-1.158577,0.419832,942,21,
1,174,Overall,Overall,25,9,25,-1.5,-1.665289,0.433457,917,22,
1,175,Overall,Overall,25,16,25,1.5,0.736339,0.424834,1037,21,
1,176,Overall,Overall,25,12,25,-1.0,-0.644673,0.412297,968,21,
1,177,Overall,Overall,25,16,25,1.5,1.869266,0.441116,1093,22,
1,178,Overall,Overall,25,19,25,2.0,2.019044,0.485623,1101,24,
1,179,Overall,Overall,25,11,25,1.0,0.751564,0.424681,1038,21,
1,180,Overall,Overall,25,11,25,-1.0,-0.115722,0.408251,994,20,
1,181,Overall,Overall,25,18,25,1.5,1.774193,0.461936,1089,23,
1,182,Overall,Overall,25,15,25,0.5,0.979253,0.418824,1049,21,
1,183,Overall,Overall,25,12,25,0.5,0.867457,0.420111,1043,21,
1,184,Overall,Overall,25,5,25,-2.0,-2.525757,0.511476,874,26,
1,185,Overall,Overall,25,7,25,-2.0,-2.195407,0.464539,890,23,
1,186,Overall,Overall,25,10,25,-1.0,-0.932427,0.420871,953,21,
1,187,Overall,Overall,25,17,25,1.0,0.962963,0.435534,1048,22,
1,188,Overall,Overall,25,15,25,0.5,0.799106,0.417049,1040,21,
1,189,Overall,Overall,25,8,25,-1.0,-0.892396,0.440085,955,22,
1,190,Overall,Overall,25,17,25,2.0,2.093023,0.452226,1105,23,
1,191,Overall,Overall,25,16,25,0.5,0.866113,0.425165,1043,21,
1,192,Overall,Overall,25,11,25,-0.5,-0.997668,0.410013,950,21,
1,193,Overall,Overall,25,10,25,-1.0,-1.437615,0.441753,928,22,
1,194,Overall,Overall,25,16,25,0.5,0.73509,0.42681,1037,21,
1,195,Overall,Overall,25,12,25,0.0,-0.092032,0.406629,995,20,
1,196,Overall,Overall,25,4,25,-2.0,-2.879832,0.569349,856,28,
1,197,Overall,Overall,25,10,25,-1.5,-1.209189,0.414343,940,21,
1,198,Overall,Overall,25,14,25,0.5,0.138168,0.407956,1007,20,
1,199,Overall,Overall,25,13,25,0.0,0.741262,0.416776,1037,21,
1,200,Overall,Overall,25,14,25,-0.5,-0.3624,0.422467,982,21,
1,201,Overall,Overall,25,13,25,1.5,1.378632,0.42036,1069,21,
1,202,Overall,Overall,25,19,25,1.5,2.353722,0.503078,1118,25,
1,203,Overall,Overall,25,10,25,0.5,0.127781,0.415608,1006,21,
1,204,Overall,Overall,25,20,25,2.0,2.67071,0.527402,1134,26,
1,205,Overall,Overall,25,20,25,2.0,2.158234,0.517321,1108,26,
1,206,Overall,Overall,25,11,25,-1.0,-0.590484,0.421229,970,21,
1,207,Overall,Overall,25,9,25,0.0,-1.131215,0.429038,943,21,
1,208,Overall,Overall,25,7,25,-2.0,-2.060162,0.459623,897,23,
1,209,Overall,Overall,25,14,25,0.0,-0.184029,0.410696,991,21,
1,210,Overall,Overall,25,9,25,-2.0,-1.717045,0.437105,914,22,
1,211,Overall,Overall,25,20,25,2.0,2.918975,0.523635,1146,26,
1,212,Overall,Overall,25,14,25,0.5,0.658821,0.412551,1033,21,
1,213,Overall,Overall,25,12,25,-0.5,-0.078562,0.405213,996,20,
1,214,Overall,Overall,25,5,25,-2.0,-2.504399,0.517281,875,26,
1,215,Overall,Overall,25,11,25,-0.5,-0.056453,0.410152,997,21,
1,216,Overall,Overall,25,11,25,-0.5,-0.942342,0.425041,953,21,
1,217,Overall,Overall,25,6,25,-1.5,-2.28524,0.48316,886,24,
1,218,Overall,Overall,25,11,25,-1.5,-1.439095,0.421529,928,21,
1,219,Overall,Overall,25,17,25,2.0,1.801544,0.457355,1090,23,
1,220,Overall,Overall,25,8,25,-2.0,-1.541749,0.451861,923,23,
1,221,Overall,Overall,25,13,25,0.5,0.113992,0.408782,1006,20,
1,222,Overall,Overall,25,13,25,-1.0,-0.633309,0.408855,968,20,
1,223,Overall,Overall,25,12,25,-0.5,-0.631525,0.411417,968,21,
1,224,Overall,Overall,25,11,25,0.0,-0.16815,0.409406,992,20,
1,225,Overall,Overall,25,17,25,0.5,0.091467,0.446704,1005,22,
1,226,Overall,Overall,25,10,25,-0.5,-0.593081,0.418278,970,21,
1,227,Overall,Overall,25,17,25,1.0,1.071817,0.432408,1054,22,
1,228,Overall,Overall,25,11,25,-1.0,-0.876119,0.428311,956,21,
1,229,Overall,Overall,25,15,25,1.0,1.161189,0.426812,1058,21,
1,230,Overall,Overall,25,10,25,-2.0,-1.249974,0.428657,938,21,
1,231,Overall,Overall,25,17,25,2.0,2.125937,0.452062,1106,23,
1,232,Overall,Overall,25,14,25,0.5,-0.487687,0.409583,976,20,
1,233,Overall,Overall,25,12,25,-0.5,-1.02866,0.414775,949,21,
1,234,Overall,Overall,25,16,25,-0.5,-0.104974,0.442765,995,22,
1,235,Overall,Overall,25,13,25,-2.0,-0.96345,0.417036,952,21,
1,236,Overall,Overall,25,8,25,-1.0,-0.815087,0.44375,959,22,
1,237,Overall,Overall,25,8,25,-0.5,-0.69753,0.446508,965,22,
1,238,Overall,Overall,25,8,25,-2.0,-2.010245,0.4487,899,22,
1,239,Overall,Overall,25,6,25,-2.0,-2.504509,0.491484,875,25,
1,240,Overall,Overall,25,4,25,-2.0,-2.819694,0.565482,859,28,
1,241,Overall,Overall,25,11,25,-0.5,-0.431214,0.410358,978,21,
1,242,Overall,Overall,25,14,25,2.0,1.589384,0.424609,1079,21,
1,243,Overall,Overall,25,12,25,0.0,-0.184354,0.40799,991,20,
1,244,Overall,Overall,25,16,25,2.0,1.707567,0.441716,1085,22,
1,245,Overall,Overall,25,11,25,-1.0,-0.83079,0.414862,958,21,
1,246,Overall,Overall,25,11,25,-1.0,-1.334165,0.421141,933,21,
1,247,Overall,Overall,25,13,25,1.0,1.147471,0.415703,1057,21,
1,248,Overall,Overall,25,15,25,0.0,0.024547,0.421066,1001,21,
1,249,Overall,Overall,25,16,25,0.5,0.64289,0.43606,1032,22,
1,250,Overall,Overall,25,9,25,-1.0,-1.578465,0.431556,921,22,
1,251,Overall,Overall,25,8,25,-1.5,-1.24004,0.441124,938,22,
1,252,Overall,Overall,25,14,25,1.0,1.148984,0.421652,1057,21,
1,253,Overall,Overall,25,9,25,-1.5,-1.917851,0.443135,904,22,
1,254,Overall,Overall,25,5,25,-2.0,-2.525757,0.511476,874,26,
1,255,Overall,Overall,25,15,25,1.5,0.600823,0.418883,1030,21,
1,256,Overall,Overall,25,15,25,1.0,1.536821,0.433024,1077,22,
1,257,Overall,Overall,25,13,25,0.5,-0.211353,0.407256,989,20,
1,258,Overall,Overall,25,10,25,-1.5,-1.328706,0.419674,934,21,
1,259,Overall,Overall,25,14,25,-1.0,-0.618539,0.413517,969,21,
1,260,Overall,Overall,25,13,25,-0.5,-0.029599,0.408539,999,20,
1,261,Overall,Overall,25,4,25,-2.0,-2.85073,0.574037,857,29,
1,262,Overall,Overall,25,17,25,1.5,1.165578,0.436585,1058,22,
1,263,Overall,Overall,25,12,25,-0.5,-0.495861,0.41852,975,21,
1,264,Overall,Overall,25,15,25,1.5,1.219954,0.432337,1061,22,
1,265,Overall,Overall,25,18,25,1.5,1.578937,0.453614,1079,23,
1,266,Overall,Overall,25,14,25,0.0,-0.463248,0.409644,977,20,
1,267,Overall,Overall,25,15,25,1.5,1.722926,0.436039,1086,22,
1,268,Overall,Overall,25,14,25,1.0,0.803681,0.413558,1040,21,
1,269,Overall,Overall,25,13,25,0.5,1.232263,0.414978,1062,21,
1,270,Overall,Overall,25,21,25,2.0,2.631715,0.576552,1132,29,
1,271,Overall,Overall,25,12,25,0.0,-0.190759,0.412576,990,21,
1,272,Overall,Overall,25,10,25,-1.0,-0.41926,0.424138,979,21,
1,273,Overall,Overall,25,12,25,-1.5,-1.165531,0.432072,942,22,
1,274,Overall,Overall,25,5,25,-2.0,-2.612994,0.515388,869,26,
1,275,Overall,Overall,25,10,25,-0.5,-1.073806,0.414317,946,21,
1,276,Overall,Overall,25,14,25,1.0,0.246564,0.410885,1012,21,
1,277,Overall,Overall,25,12,25,-1.5,-0.894702,0.410642,955,21,
1,278,Overall,Overall,25,10,25,0.0,-0.09653,0.415649,995,21,
1,279,Overall,Overall,25,14,25,0.5,1.080921,0.420119,1054,21,
1,280,Overall,Overall,25,16,25,1.0,1.617482,0.449189,1081,22,
1,281,Overall,Overall,25,15,25,1.0,1.215639,0.435076,1061,22,
1,282,Overall,Overall,25,17,25,1.0,0.911747,0.438497,1046,22,
1,283,Overall,Overall,25,15,25,-0.5,-0.475902,0.424845,976,21,
1,284,Overall,Overall,25,9,25,-2.0,-1.978435,0.439028,901,22,
1,285,Overall,Overall,25,13,25,-0.5,-0.561652,0.410537,972,21,
1,286,Overall,Overall,25,12,25,0.0,-0.427685,0.41452,979,21,
1,287,Overall,Overall,25,8,25,-2.0,-1.783758,0.45145,911,23,
1,288,Overall,Overall,25,10,25,-1.5,-0.969764,0.424054,952,21,
1,289,Overall,Overall,25,15,25,1.5,1.488246,0.431158,1074,22,
1,290,Overall,Overall,25,13,25,-0.5,-0.473314,0.408557,976,20,
1,291,Overall,Overall,25,13,25,1.0,0.983987,0.417645,1049,21,
1,292,Overall,Overall,25,11,25,-1.5,-1.059224,0.411653,947,21,
1,293,Overall,Overall,25,8,25,-0.5,-0.668953,0.442972,967,22,
1,294,Overall,Overall,25,4,25,-2.0,-3.006006,0.562923,850,28,
1,295,Overall,Overall,25,12,25,-0.5,-0.897606,0.411525,955,21,
1,296,Overall,Overall,25,18,25,2.0,1.972703,0.468545,1099,23,
1,297,Overall,Overall,25,8,25,-2.0,-1.651472,0.439939,917,22,
1,298,Overall,Overall,25,9,25,-1.0,-0.166428,0.426556,992,21,
1,299,Overall,Overall,25,11,25,-1.5,-0.311683,0.412499,984,21,
1,300,Overall,Overall,25,15,25,0.5,0.302269,0.417078,1015,21,
1,301,Overall,Overall,25,11,25,-0.5,0.633073,0.419822,1032,21,
1,302,Overall,Overall,25,10,25,-1.0,-1.25953,0.416387,937,21,
1,303,Overall,Overall,25,14,25,1.0,1.318375,0.425604,1066,21,
1,304,Overall,Overall,25,15,25,1.0,0.704489,0.426439,1035,21,
1,305,Overall,Overall,25,11,25,0.0,0.581604,0.419643,1029,21,
1,306,Overall,Overall,25,14,25,0.5,0.363712,0.412078,1018,21,
1,307,Overall,Overall,25,6,25,-2.0,-2.248963,0.491758,888,25,
1,308,Overall,Overall,25,14,25,0.0,0.582143,0.410437,1029,21,
1,309,Overall,Overall,25,17,25,1.5,0.931736,0.431768,1047,22,
1,310,Overall,Overall,25,6,25,-2.0,-2.355017,0.486682,882,24,
1,311,Overall,Overall,25,11,25,-0.5,-0.794919,0.412996,960,21,
1,312,Overall,Overall,25,9,25,-1.5,-1.431904,0.4249,928,21,
1,313,Overall,Overall,25,15,25,0.5,-0.157392,0.417336,992,21,
1,314,Overall,Overall,25,17,25,0.5,0.874912,0.441138,1044,22,
1,315,Overall,Overall,25,11,25,1.0,0.717435,0.419983,1036,21,
1,316,Overall,Overall,25,7,25,-2.0,-2.166396,0.475685,892,24,
1,317,Overall,Overall,25,13,25,0.0,0.333983,0.416581,1017,21,
1,318,Overall,Overall,25,10,25,-1.5,-1.547446,0.425899,923,21,
1,319,Overall,Overall,25,9,25,-1.5,-0.550063,0.426927,972,21,
1,320,Overall,Overall,25,15,25,1.0,0.931744,0.418566,1047,21,
1,321,Overall,Overall,25,7,25,-1.5,-2.158657,0.465834,892,23,
1,322,Overall,Overall,25,8,25,-2.0,-1.292532,0.447314,935,22,
1,323,Overall,Overall,25,13,25,1.0,1.259731,0.422739,1063,21,
1,324,Overall,Overall,25,14,25,0.0,0.481332,0.411396,1024,21,
1,325,Overall,Overall,25,14,25,0.0,-0.355187,0.41037,982,21,
1,326,Overall,Overall,25,13,25,0.5,0.458814,0.404356,1023,20,
1,327,Overall,Overall,25,11,25,-1.0,-0.944885,0.411603,953,21,
1,328,Overall,Overall,25,11,25,-2.0,-1.184085,0.433747,941,22,
1,329,Overall,Overall,25,15,25,2.0,1.771735,0.42991,1089,21,
1,330,Overall,Overall,25,14,25,1.5,0.63349,0.409848,1032,20,
1,331,Overall,Overall,25,14,25,1.5,1.274381,0.43207,1064,22,
1,332,Overall,Overall,25,18,25,2.0,1.946104,0.462209,1097,23,
1,333,Overall,Overall,25,15,25,1.5,1.352907,0.439133,1068,22,
1,334,Overall,Overall,25,10,25,-1.0,-0.998512,0.4247,950,21,
1,335,Overall,Overall,25,7,25,-1.5,-2.123494,0.463099,894,23,
1,336,Overall,Overall,25,8,25,-2.0,-2.047834,0.449302,898,22,
1,337,Overall,Overall,25,15,25,2.0,1.260129,0.433589,1063,22,
1,338,Overall,Overall,25,12,25,0.5,-0.174332,0.406986,991,20,
1,339,Overall,Overall,25,14,25,-1.5,-0.08876,0.416618,996,21,
1,340,Overall,Overall,25,12,25,0.0,-0.062784,0.406442,997,20,
1,341,Overall,Overall,25,13,25,1.0,0.623767,0.408108,1031,20,
1,342,Overall,Overall,25,14,25,1.0,0.482346,0.411925,1024,21,
1,343,Overall,Overall,25,13,25,-0.5,0.03021,0.404026,1002,20,
1,344,Overall,Overall,25,18,25,2.0,2.222678,0.475278,1111,24,
1,345,Overall,Overall,25,11,25,-0.5,-1.415295,0.423578,929,21,
1,346,Overall,Overall,25,14,25,1.0,0.976797,0.422689,1049,21,
1,347,Overall,Overall,25,17,25,1.5,1.49735,0.443177,1075,22,
1,348,Overall,Overall,25,10,25,-0.5,-0.577539,0.422801,971,21,
1,349,Overall,Overall,25,14,25,0.0,0.336701,0.412258,1017,21,
1,350,Overall,Overall,25,11,25,-0.5,-0.464501,0.415889,977,21,
1,351,Overall,Overall,25,13,25,-1.0,-1.042113,0.418668,948,21,
1,352,Overall,Overall,25,12,25,0.5,0.305611,0.405144,1015,20,
1,353,Overall,Overall,25,19,25,2.0,2.352252,0.48971,1118,24,
1,354,Overall,Overall,25,16,25,1.5,1.172674,0.425235,1059,21,
1,355,Overall,Overall,25,12,25,-1.0,-1.026854,0.418633,949,21,
1,356,Overall,Overall,25,7,25,-2.0,-2.235236,0.463726,888,23,
1,357,Overall,Overall,25,14,25,1.0,1.553818,0.425878,1078,21,
1,358,Overall,Overall,25,14,25,0.0,-0.189908,0.412235,991,21,
1,359,Overall,Overall,25,14,25,2.0,1.369226,0.426787,1068,21,
1,360,Overall,Overall,25,14,25,1.5,1.213542,0.422916,1061,21,
1,361,Overall,Overall,25,6,25,-1.5,-2.5872,0.486835,871,24,
1,362,Overall,Overall,25,11,25,1.0,0.502825,0.418495,1025,21,
1,363,Overall,Overall,25,14,25,0.5,1.122363,0.415075,1056,21,
1,364,Overall,Overall,25,17,25,2.0,1.805764,0.456423,1090,23,
1,365,Overall,Overall,25,16,25,1.0,1.514549,0.43707,1076,22,
1,366,Overall,Overall,25,12,25,1.0,0.650718,0.41339,1033,21,
1,367,Overall,Overall,25,13,25,0.5,0.428403,0.409503,1021,20,
1,368,Overall,Overall,25,17,25,2.0,2.118527,0.455766,1106,23,
1,369,Overall,Overall,25,6,25,-2.0,-2.492032,0.491418,875,25,
1,370,Overall,Overall,25,9,25,-1.5,-1.771611,0.436109,911,22,
1,371,Overall,Overall,25,12,25,1.5,1.06553,0.414927,1053,21,
1,372,Overall,Overall,25,10,25,-1.0,-0.714498,0.422071,964,21,
1,373,Overall,Overall,25,7,25,-1.0,-1.191003,0.4593,940,23,
1,374,Overall,Overall,25,12,25,1.0,1.044093,0.424966,1052,21,
1,375,Overall,Overall,25,5,25,-2.0,-2.259539,0.509531,887,25,
1,376,Overall,Overall,25,15,25,0.5,0.737462,0.414264,1037,21,
1,377,Overall,Overall,25,19,25,1.5,2.289788,0.490117,1114,25,
1,378,Overall,Overall,25,15,25,0.5,0.114962,0.413961,1006,21,
1,379,Overall,Overall,25,14,25,1.0,1.580729,0.425958,1079,21,
1,380,Overall,Overall,25,13,25,0.5,0.700017,0.408624,1035,20,
1,381,Overall,Overall,25,15,25,-0.5,0.012876,0.420528,1001,21,
1,382,Overall,Overall,25,16,25,1.5,1.040326,0.425405,1052,21,
1,383,Overall,Overall,25,15,25,1.0,1.095627,0.41786,1055,21,
1,384,Overall,Overall,25,13,25,-1.0,-0.965353,0.415576,952,21,
1,385,Overall,Overall,25,11,25,-2.0,-1.440881,0.419494,928,21,
1,386,Overall,Overall,25,12,25,-1.5,-1.217407,0.417828,939,21,
1,387,Overall,Overall,25,5,25,-1.5,-2.554075,0.513359,872,26,
1,388,Overall,Overall,25,19,25,2.0,2.208688,0.480056,1110,24,
1,389,Overall,Overall,25,18,25,2.0,1.959016,0.474407,1098,24,
1,390,Overall,Overall,25,12,25,1.0,0.419145,0.408845,1021,20,
1,391,Overall,Overall,25,11,25,-0.5,-1.016725,0.414961,949,21,
1,392,Overall,Overall,25,14,25,-0.5,-0.570326,0.418255,971,21,
1,393,Overall,Overall,25,12,25,-0.5,-0.27007,0.410817,986,21,
1,394,Overall,Overall,25,12,25,0.5,0.276871,0.404949,1014,20,
1,395,Overall,Overall,25,14,25,0.5,0.690233,0.411527,1035,21,
1,396,Overall,Overall,25,16,25,0.0,0.370243,0.426064,1019,21,
1,397,Overall,Overall,25,13,25,0.0,0.367284,0.403242,1018,20,
1,398,Overall,Overall,25,8,25,-1.5,-1.882254,0.451566,906,23,
1,399,Overall,Overall,25,14,25,0.5,-0.051182,0.420756,997,21,
1,400,Overall,Overall,25,11,25,0.5,0.278278,0.414009,1014,21,
1,401,Overall,Overall,25,11,25,-1.5,-0.977897,0.411814,951,21,
1,402,Overall,Overall,25,10,25,-1.5,-0.944995,0.420351,953,21,
1,403,Overall,Overall,25,12,25,0.0,0.43226,0.407139,1022,20,
1,404,Overall,Overall,25,10,25,0.5,-0.375465,0.418035,981,21,
1,405,Overall,Overall,25,14,25,1.5,1.226301,0.423571,1061,21,
1,406,Overall,Overall,25,15,25,0.5,0.838574,0.413341,1042,21,
1,407,Overall,Overall,25,13,25,0.5,0.111199,0.409754,1006,20,
1,408,Overall,Overall,25,11,25,0.5,-0.051539,0.410964,997,21,
1,409,Overall,Overall,25,15,25,2.0,1.454132,0.424485,1073,21,
1,410,Overall,Overall,25,10,25,-0.5,-0.613073,0.417984,969,21,
1,411,Overall,Overall,25,9,25,-0.5,-0.564623,0.426914,972,21,
1,412,Overall,Overall,25,15,25,1.0,1.055615,0.424726,1053,21,
1,413,Overall,Overall,25,14,25,-1.0,-0.25753,0.414166,987,21,
1,414,Overall,Overall,25,15,25,2.0,1.18357,0.425286,1059,21,
1,415,Overall,Overall,25,17,25,1.0,0.972821,0.441276,1049,22,
1,416,Overall,Overall,25,18,25,1.0,1.34599,0.449781,1067,22,
1,417,Overall,Overall,25,14,25,0.0,1.011491,0.410876,1051,21,
1,418,Overall,Overall,25,11,25,-0.5,-0.169974,0.408877,992,20,
1,419,Overall,Overall,25,16,25,2.0,2.024654,0.440446,1101,22,
1,420,Overall,Overall,25,9,25,-0.5,-0.619329,0.421465,969,21,
1,421,Overall,Overall,25,10,25,-0.5,-1.067221,0.418068,947,21,
1,422,Overall,Overall,25,10,25,-1.5,-1.333393,0.418782,933,21,
1,423,Overall,Overall,25,11,25,0.5,0.512842,0.42094,1026,21,
1,424,Overall,Overall,25,11,25,0.5,0.192163,0.411598,1010,21,
1,425,Overall,Overall,25,18,25,1.5,1.492486,0.451955,1075,23,
1,426,Overall,Overall,25,15,25,1.5,1.190041,0.426642,1060,21,
1,427,Overall,Overall,25,10,25,0.0,0.167997,0.418043,1008,21,
1,428,Overall,Overall,25,14,25,0.5,1.067169,0.418496,1053,21,
1,429,Overall,Overall,25,16,25,1.0,1.191944,0.425257,1060,21,
1,430,Overall,Overall,25,11,25,-2.0,-1.473347,0.423876,926,21,
1,431,Overall,Overall,25,5,25,-2.0,-2.668028,0.518214,867,26,
1,432,Overall,Overall,25,16,25,2.0,1.959931,0.438255,1098,22,
1,433,Overall,Overall,25,18,25,1.0,1.957342,0.462966,1098,23,
1,434,Overall,Overall,25,10,25,-1.0,-0.877828,0.415484,956,21,
1,435,Overall,Overall,25,5,25,-2.0,-2.711022,0.517082,864,26,
1,436,Overall,Overall,25,13,25,-0.5,-0.113473,0.410491,994,21,
1,437,Overall,Overall,25,15,25,0.0,-0.1988,0.414446,990,21,
1,438,Overall,Overall,25,19,25,2.0,2.290188,0.482883,1115,24,
1,439,Overall,Overall,25,10,25,-1.0,-1.242188,0.416325,938,21,
1,440,Overall,Overall,25,13,25,1.0,0.533932,0.40424,1027,20,
1,441,Overall,Overall,25,14,25,1.0,0.577796,0.41225,1029,21,
1,442,Overall,Overall,25,11,25,-1.0,-0.736301,0.411401,963,21,
1,443,Overall,Overall,25,17,25,2.0,1.946804,0.450856,1097,23,
1,444,Overall,Overall,25,12,25,0.0,-0.637805,0.417021,968,21,
1,445,Overall,Overall,25,14,25,-0.5,-0.488998,0.415149,976,21,
1,446,Overall,Overall,25,9,25,-1.5,-1.300552,0.426923,935,21,
1,447,Overall,Overall,25,13,25,-1.0,-0.891686,0.412892,955,21,
1,448,Overall,Overall,25,12,25,2.0,0.742644,0.427013,1037,21,
1,449,Overall,Overall,25,12,25,-1.5,-0.92406,0.414515,954,21,
1,450,Overall,Overall,25,20,25,0.5,1.351432,0.530595,1068,27,
1,451,Overall,Overall,25,14,25,0.0,0.24692,0.411792,1012,21,
1,452,Overall,Overall,25,13,25,-1.0,-0.749378,0.412045,963,21,
1,453,Overall,Overall,25,9,25,-1.5,-1.393149,0.430608,930,22,
1,454,Overall,Overall,25,8,25,-2.0,-1.530234,0.452605,923,23,
1,455,Overall,Overall,25,7,25,-2.0,-1.80443,0.458214,910,23,
1,456,Overall,Overall,25,11,25,-1.0,-1.188717,0.415677,941,21,
1,457,Overall,Overall,25,16,25,1.5,1.928013,0.438459,1096,22,
1,458,Overall,Overall,25,11,25,-0.5,-0.327948,0.413676,984,21,
1,459,Overall,Overall,25,21,25,1.5,2.603293,0.561631,1130,28,
1,460,Overall,Overall,25,8,25,-2.0,-1.497633,0.437949,925,22,
1,461,Overall,Overall,25,12,25,-0.5,-0.622029,0.412935,969,21,
1,462,Overall,Overall,25,5,25,-2.0,-2.436949,0.516292,878,26,
1,463,Overall,Overall,25,15,25,0.0,1.203709,0.419586,1060,21,
1,464,Overall,Overall,25,13,25,0.5,0.13542,0.407335,1007,20,
1,465,Overall,Overall,25,9,25,-0.5,-0.454098,0.422183,977,21,
1,466,Overall,Overall,25,8,25,-2.0,-1.521852,0.444781,924,22,
1,467,Overall,Overall,25,10,25,-1.0,-0.980004,0.41935,951,21,
1,468,Overall,Overall,25,9,25,0.0,-1.080666,0.424435,946,21,
1,469,Overall,Overall,25,7,25,-1.5,-0.957411,0.460291,952,23,
1,470,Overall,Overall,25,15,25,1.0,1.258682,0.4296,1063,21,
1,471,Overall,Overall,25,8,25,-1.0,-1.801466,0.459536,910,23,
1,472,Overall,Overall,25,13,25,1.0,0.590689,0.40673,1030,20,
1,473,Overall,Overall,25,10,25,0.5,0.276182,0.430335,1014,22,
1,474,Overall,Overall,25,13,25,1.5,1.206072,0.427573,1060,21,
1,475,Overall,Overall,25,12,25,-0.5,-0.800296,0.438382,960,22,
1,476,Overall,Overall,25,6,25,-2.0,-1.419026,0.483947,929,24,
1,477,Overall,Overall,25,9,25,-1.5,-1.722378,0.435418,914,22,
1,478,Overall,Overall,25,19,25,1.5,1.469351,0.476662,1073,24,
1,479,Overall,Overall,25,12,25,-0.5,-0.287878,0.408232,986,20,
1,480,Overall,Overall,25,12,25,0.0,0.596979,0.424176,1030,21,
1,481,Overall,Overall,25,9,25,-2.0,-1.846746,0.436061,908,22,
1,482,Overall,Overall,25,14,25,1.5,0.80071,0.411063,1040,21,
1,483,Overall,Overall,25,11,25,0.5,0.160032,0.405598,1008,20,
1,484,Overall,Overall,25,11,25,0.5,-0.387459,0.412185,981,21,
1,485,Overall,Overall,25,14,25,-0.5,-0.452738,0.412256,977,21,
1,486,Overall,Overall,25,14,25,1.5,1.12283,0.430843,1056,22,
1,487,Overall,Overall,25,19,25,2.0,2.373413,0.497921,1119,25,
1,488,Overall,Overall,25,15,25,1.0,1.435601,0.429971,1072,21,
1,489,Overall,Overall,25,16,25,1.0,1.527893,0.435482,1076,22,
1,490,Overall,Overall,25,12,25,0.0,0.206501,0.406816,1010,20,
1,491,Overall,Overall,25,6,25,-2.0,-2.081384,0.491289,896,25,
1,492,Overall,Overall,25,14,25,1.5,1.410016,0.424363,1071,21,
1,493,Overall,Overall,25,10,25,-0.5,-0.687104,0.422025,966,21,
1,494,Overall,Overall,25,6,25,-1.5,-2.170783,0.487006,891,24,
1,495,Overall,Overall,25,12,25,-1.0,-0.926686,0.409101,954,20,
1,496,Overall,Overall,25,14,25,0.0,-0.190613,0.409758,990,20,
1,497,Overall,Overall,25,8,25,-2.0,-1.880512,0.444574,906,22,
1,498,Overall,Overall,25,11,25,0.0,0.028702,0.408492,1001,20,
1,499,Overall,Overall,25,18,25,1.5,1.971526,0.469737,1099,23,
1,500,Overall,Overall,25,10,25,-1.0,-1.259398,0.418475,937,21,
1,501,Overall,Overall,25,14,25,-0.5,-0.826056,0.418595,959,21,
1,502,Overall,Overall,25,5,25,-2.0,-2.742628,0.516732,863,26,
1,503,Overall,Overall,25,14,25,0.0,0.128984,0.411993,1006,21,
1,504,Overall,Overall,25,15,25,2.0,0.990777,0.414707,1050,21,
1,505,Overall,Overall,25,13,25,1.0,1.158584,0.41855,1058,21,
1,506,Overall,Overall,25,5,25,-1.0,-2.023046,0.518786,899,26,
1,507,Overall,Overall,25,12,25,1.0,0.110843,0.405224,1006,20,
1,508,Overall,Overall,25,15,25,-0.5,-0.243984,0.421303,988,21,
1,509,Overall,Overall,25,12,25,0.0,0.603395,0.431132,1030,22,
1,510,Overall,Overall,25,7,25,-1.0,-1.814131,0.465221,909,23,
1,511,Overall,Overall,25,13,25,0.0,-0.367609,0.405681,982,20,
1,512,Overall,Overall,25,12,25,-0.5,-0.972385,0.410088,951,21,
1,513,Overall,Overall,25,12,25,-1.5,-1.074677,0.413087,946,21,
1,514,Overall,Overall,25,14,25,2.0,1.63816,0.428798,1082,21,
1,515,Overall,Overall,25,12,25,0.0,-1.29038,0.419494,935,21,
1,516,Overall,Overall,25,15,25,0.5,0.960675,0.423117,1048,21,
1,517,Overall,Overall,25,18,25,2.0,2.335411,0.467093,1117,23,
1,518,Overall,Overall,25,15,25,0.5,0.857377,0.4228,1043,21,
1,519,Overall,Overall,25,10,25,-0.5,-0.741482,0.419308,963,21,
1,520,Overall,Overall,25,18,25,2.0,2.27541,0.477921,1114,24,
1,521,Overall,Overall,25,17,25,2.0,1.800895,0.448077,1090,22,
1,522,Overall,Overall,25,15,25,0.5,0.401436,0.416874,1020,21,
1,523,Overall,Overall,25,7,25,-1.5,-2.183872,0.471019,891,24,
1,524,Overall,Overall,25,19,25,2.0,2.455734,0.49377,1123,25,
1,525,Overall,Overall,25,15,25,2.0,1.352536,0.433619,1068,22,
1,526,Overall,Overall,25,13,25,1.0,0.950405,0.418133,1048,21,
1,527,Overall,Overall,25,16,25,1.0,1.322221,0.430707,1066,22,
1,528,Overall,Overall,25,19,25,2.0,2.235034,0.492553,1112,25,
1,529,Overall,Overall,25,9,25,0.0,-0.365977,0.428422,982,21,
1,530,Overall,Overall,25,12,25,-1.0,-0.97979,0.435793,951,22,
1,531,Overall,Overall,25,9,25,-1.5,-1.641405,0.431519,918,22,
1,532,Overall,Overall,25,10,25,-0.5,-0.919317,0.419927,954,21,
1,533,Overall,Overall,25,13,25,1.0,0.868624,0.414683,1043,21,
1,534,Overall,Overall,25,19,25,2.0,2.254059,0.489782,1113,24,
1,535,Overall,Overall,25,12,25,-0.5,-1.103988,0.41634,945,21,
1,536,Overall,Overall,25,16,25,1.5,1.2873,0.42672,1064,21,
1,537,Overall,Overall,25,15,25,0.0,0.485949,0.415437,1024,21,
1,538,Overall,Overall,25,12,25,1.0,0.491022,0.406488,1025,20,
1,539,Overall,Overall,25,17,25,1.5,1.35289,0.438595,1068,22,
1,540,Overall,Overall,25,8,25,-2.0,-1.924306,0.442541,904,22,
1,541,Overall,Overall,25,5,25,-1.5,-2.59784,0.527169,870,26,
1,542,Overall,Overall,25,13,25,-0.5,-1.213118,0.417411,939,21,
1,543,Overall,Overall,25,5,25,-1.5,-2.287656,0.516714,886,26,
1,544,Overall,Overall,25,17,25,0.5,0.994537,0.436757,1050,22,
1,545,Overall,Overall,25,9,25,-1.5,-1.314215,0.426449,934,21,
1,546,Overall,Overall,25,16,25,1.5,1.770034,0.439535,1089,22,
1,547,Overall,Overall,25,12,25,-0.5,-0.801268,0.407813,960,20,
1,548,Overall,Overall,25,10,25,-1.0,-1.155642,0.41815,942,21,
1,549,Overall,Overall,25,12,25,-1.0,-0.736177,0.411628,963,21,
1,550,Overall,Overall,25,10,25,-1.5,-1.195873,0.420476,940,21,
1,551,Overall,Overall,25,15,25,-0.5,0.334131,0.41604,1017,21,
1,552,Overall,Overall,25,13,25,-1.0,-0.564822,0.418942,972,21,
1,553,Overall,Overall,25,7,25,-1.5,-1.898646,0.461179,905,23,
1,554,Overall,Overall,25,13,25,1.0,0.160239,0.408129,1008,20,
1,555,Overall,Overall,25,12,25,0.0,0.349396,0.410152,1017,21,
1,556,Overall,Overall,25,9,25,-0.5,-0.805973,0.447336,960,22,
1,557,Overall,Overall,25,16,25,1.5,1.794575,0.443363,1090,22,
1,558,Overall,Overall,25,10,25,-1.0,-1.277252,0.417906,936,21,
1,559,Overall,Overall,25,10,25,-2.0,-1.303298,0.42032,935,21,
1,560,Overall,Overall,25,14,25,0.0,0.655248,0.416963,1033,21,
1,561,Overall,Overall,25,9,25,-2.0,-1.536795,0.436563,923,22,
1,562,Overall,Overall,25,18,25,2.0,2.264751,0.470845,1113,24,
1,563,Overall,Overall,25,14,25,1.0,0.922766,0.412226,1046,21,
1,564,Overall,Overall,25,14,25,1.0,1.359313,0.416654,1068,21,
1,565,Overall,Overall,25,13,25,1.0,0.656365,0.413006,1033,21,
1,566,Overall,Overall,25,11,25,-1.0,-0.636546,0.418854,968,21,
1,567,Overall,Overall,25,14,25,1.0,0.872143,0.411015,1044,21,
1,568,Overall,Overall,25,16,25,1.0,1.595687,0.435834,1080,22,
1,569,Overall,Overall,25,8,25,-1.5,-1.626309,0.435882,919,22,
1,570,Overall,Overall,25,17,25,2.0,1.887971,0.450662,1094,23,
1,571,Overall,Overall,25,14,25,2.0,0.93198,0.41488,1047,21,
1,572,Overall,Overall,25,7,25,-1.0,-0.9753,0.460555,951,23,
1,573,Overall,Overall,25,7,25,-2.0,-2.27473,0.471868,886,24,
1,574,Overall,Overall,25,15,25,0.5,0.403948,0.419027,1020,21,
1,575,Overall,Overall,25,8,25,-1.5,-1.564658,0.439279,922,22,
1,576,Overall,Overall,25,14,25,1.5,1.520491,0.420338,1076,21,
1,577,Overall,Overall,25,15,25,-0.5,-0.576699,0.424926,971,21,
1,578,Overall,Overall,25,6,25,-2.0,-2.384399,0.493982,881,25,
1,579,Overall,Overall,25,16,25,1.5,1.83862,0.432063,1092,22,
1,580,Overall,Overall,25,7,25,-2.0,-1.636232,0.475208,918,24,
1,581,Overall,Overall,25,9,25,-1.5,-1.44951,0.433089,928,22,
1,582,Overall,Overall,25,18,25,2.0,2.100897,0.469244,1105,23,
1,583,Overall,Overall,25,14,25,0.5,-0.245265,0.418878,988,21,
1,584,Overall,Overall,25,5,25,-2.0,-2.530593,0.514299,873,26,
1,585,Overall,Overall,25,16,25,1.5,1.657896,0.434844,1083,22,
1,586,Overall,Overall,25,11,25,-1.5,-1.18394,0.41587,941,21,
1,587,Overall,Overall,25,15,25,1.5,1.713186,0.432414,1086,22,
1,588,Overall,Overall,25,18,25,2.0,1.988753,0.468869,1099,23,
1,589,Overall,Overall,25,14,25,1.0,0.998186,0.413085,1050,21,
1,590,Overall,Overall,25,9,25,-1.5,-1.611998,0.434725,919,22,
1,591,Overall,Overall,25,20,25,2.0,2.650241,0.529088,1133,26,
1,592,Overall,Overall,25,3,25,-2.0,-3.195916,0.633769,840,32,
1,593,Overall,Overall,25,18,25,1.5,1.87163,0.465086,1094,23,
1,594,Overall,Overall,25,11,25,-1.5,-1.353744,0.423533,932,21,
1,595,Overall,Overall,25,11,25,-0.5,-0.926953,0.411918,954,21,
1,596,Overall,Overall,25,17,25,2.0,1.834074,0.460199,1092,23,
1,597,Overall,Overall,25,14,25,1.0,0.734404,0.408587,1037,20,
1,598,Overall,Overall,25,15,25,1.5,1.442414,0.425505,1072,21,
1,599,Overall,Overall,25,8,25,-1.5,-1.896067,0.443021,905,22,
1,600,Overall,Overall,25,6,25,-2.0,-2.286158,0.483228,886,24,
1,601,Overall,Overall,25,14,25,0.0,0.600223,0.409451,1030,20,
1,602,Overall,Overall,25,9,25,-1.5,-1.768225,0.439474,912,22,
1,603,Overall,Overall,25,18,25,1.5,1.484117,0.4677,1074,23,
1,604,Overall,Overall,25,9,25,-1.0,-0.725635,0.427945,964,21,
1,605,Overall,Overall,25,9,25,-1.5,-1.173044,0.429027,941,21,
1,606,Overall,Overall,25,16,25,1.0,1.345816,0.439862,1067,22,
1,607,Overall,Overall,25,14,25,1.5,1.209063,0.427802,1060,21,
1,608,Overall,Overall,25,13,25,0.5,0.658299,0.406344,1033,20,
1,609,Overall,Overall,25,15,25,1.0,0.628678,0.422951,1031,21,
1,610,Overall,Overall,25,12,25,-0.5,-0.782676,0.408538,961,20,
1,611,Overall,Overall,25,10,25,0.5,0.240166,0.422933,1012,21,
1,612,Overall,Overall,25,14,25,1.5,0.915203,0.416042,1046,21,
1,613,Overall,Overall,25,14,25,1.0,0.911689,0.412749,1046,21,
1,614,Overall,Overall,25,13,25,-0.5,-0.549698,0.407538,973,20,
1,615,Overall,Overall,25,7,25,-2.0,-2.217914,0.467424,889,23,
1,616,Overall,Overall,25,10,25,1.0,0.086411,0.416544,1004,21,
1,617,Overall,Overall,25,15,25,0.0,0.727542,0.412787,1036,21,
1,618,Overall,Overall,25,13,25,1.0,1.030481,0.42365,1052,21,
1,619,Overall,Overall,25,17,25,1.5,1.288269,0.438249,1064,22,
1,620,Overall,Overall,25,17,25,2.0,1.966558,0.45211,1098,23,
1,621,Overall,Overall,25,10,25,-2.0,-1.458044,0.42734,927,21,
1,622,Overall,Overall,25,12,25,0.0,-0.042828,0.40567,998,20,
1,623,Overall,Overall,25,12,25,-1.0,-1.111252,0.420647,944,21,
1,624,Overall,Overall,25,10,25,-1.5,-0.419299,0.416825,979,21,
1,625,Overall,Overall,25,16,25,1.5,1.913499,0.43111,1096,22,
1,626,Overall,Overall,25,11,25,-0.5,0.071867,0.412138,1004,21,
1,627,Overall,Overall,25,11,25,-1.5,-1.426444,0.428012,929,21,
1,628,Overall,Overall,25,11,25,-1.0,-1.026621,0.411814,949,21,
1,629,Overall,Overall,25,10,25,0.0,0.387505,0.423513,1019,21,
1,630,Overall,Overall,25,14,25,1.5,0.835005,0.417191,1042,21,
1,631,Overall,Overall,25,21,25,2.0,3.041041,0.569188,1152,28,
1,632,Overall,Overall,25,7,25,-2.0,-2.199365,0.463248,890,23,
1,633,Overall,Overall,25,14,25,0.0,0.029678,0.412063,1001,21,
1,634,Overall,Overall,25,14,25,-1.0,-0.368158,0.409084,982,20,
1,635,Overall,Overall,25,15,25,1.0,0.955624,0.415733,1048,21,
1,636,Overall,Overall,25,4,25,-2.0,-2.840912,0.564786,858,28,
1,637,Overall,Overall,25,14,25,1.0,0.655454,0.410472,1033,21,
1,638,Overall,Overall,25,9,25,-1.0,-0.920491,0.427409,954,21,
1,639,Overall,Overall,25,14,25,0.5,0.327199,0.414004,1016,21,
1,640,Overall,Overall,25,17,25,2.0,1.957739,0.457686,1098,23,
1,641,Overall,Overall,25,13,25,-1.0,-0.65647,0.406849,967,20,
1,642,Overall,Overall,25,15,25,1.5,1.64628,0.435877,1082,22,
1,643,Overall,Overall,25,14,25,1.5,1.073761,0.417778,1054,21,
1,644,Overall,Overall,25,19,25,2.0,2.387138,0.498363,1119,25,
1,645,Overall,Overall,25,14,25,0.0,-0.801786,0.420459,960,21,
1,646,Overall,Overall,25,9,25,-0.5,-0.480443,0.42697,976,21,
1,647,Overall,Overall,25,17,25,1.0,1.217387,0.441542,1061,22,
1,648,Overall,Overall,25,12,25,-0.5,-0.22645,0.411983,989,21,
1,649,Overall,Overall,25,16,25,1.5,1.807862,0.443074,1090,22,
1,650,Overall,Overall,25,15,25,0.0,-0.355269,0.416566,982,21,
1,651,Overall,Overall,25,18,25,2.0,1.98555,0.470212,1099,24,
1,652,Overall,Overall,25,16,25,0.0,-0.112177,0.4284,994,21,
1,653,Overall,Overall,25,13,25,-0.5,-0.471248,0.410072,976,21,
1,654,Overall,Overall,25,11,25,-1.0,-0.536262,0.412839,973,21,
1,655,Overall,Overall,25,10,25,1.0,0.509724,0.427702,1025,21,
1,656,Overall,Overall,25,5,25,-2.0,-2.748769,0.520223,863,26,
1,657,Overall,Overall,25,11,25,0.5,-0.02909,0.408402,999,20,
1,658,Overall,Overall,25,9,25,-0.5,-0.76081,0.426573,962,21,
1,659,Overall,Overall,25,13,25,1.0,1.250142,0.414767,1063,21,
1,660,Overall,Overall,25,9,25,-1.5,-1.555257,0.426414,922,21,
1,661,Overall,Overall,25,13,25,-1.0,-0.909844,0.414953,955,21,
1,662,Overall,Overall,25,19,25,2.0,2.424554,0.498154,1121,25,
1,663,Overall,Overall,25,10,25,-1.5,-0.919883,0.419564,954,21,
1,664,Overall,Overall,25,16,25,1.5,2.002802,0.436791,1100,22,
1,665,Overall,Overall,25,8,25,-1.5,-2.052782,0.451118,897,23,
1,666,Overall,Overall,25,5,25,-2.0,-2.464745,0.514877,877,26,
1,667,Overall,Overall,25,16,25,2.0,1.567159,0.434239,1078,22,
1,668,Overall,Overall,25,12,25,-1.0,-0.953549,0.415446,952,21,
1,669,Overall,Overall,25,11,25,0.5,0.682703,0.423772,1034,21,
1,670,Overall,Overall,25,13,25,0.5,-0.387652,0.405606,981,20,
1,671,Overall,Overall,25,11,25,0.0,-0.616509,0.410602,969,21,
1,672,Overall,Overall,25,16,25,1.0,0.982809,0.425927,1049,21,
1,673,Overall,Overall,25,14,25,0.5,0.723942,0.409112,1036,20,
1,674,Overall,Overall,25,13,25,-0.5,-0.345301,0.407608,983,20,
1,675,Overall,Overall,25,7,25,-2.0,-1.920342,0.469811,904,23,
1,676,Overall,Overall,25,11,25,-1.5,-1.208999,0.42026,940,21,
1,677,Overall,Overall,25,13,25,-0.5,-0.626176,0.410208,969,21,
1,678,Overall,Overall,25,11,25,-2.0,-1.281075,0.418279,936,21,
1,679,Overall,Overall,25,11,25,0.0,0.492623,0.422643,1025,21,
1,680,Overall,Overall,25,16,25,0.5,1.048977,0.425315,1052,21,
1,681,Overall,Overall,25,16,25,2.0,1.853949,0.441709,1093,22,
1,682,Overall,Overall,25,10,25,-1.5,-1.428746,0.428273,929,21,
1,683,Overall,Overall,25,12,25,0.5,-0.236092,0.410151,988,21,
1,684,Overall,Overall,25,13,25,1.0,0.615872,0.41208,1031,21,
1,685,Overall,Overall,25,15,25,1.5,1.53481,0.421657,1077,21,
1,686,Overall,Overall,25,11,25,0.0,0.385457,0.415159,1019,21,
1,687,Overall,Overall,25,9,25,-1.5,-1.695778,0.433833,915,22,
1,688,Overall,Overall,25,17,25,2.0,1.808634,0.446279,1090,22,
1,689,Overall,Overall,25,10,25,-1.0,-1.66747,0.434878,917,22,
1,690,Overall,Overall,25,17,25,1.0,1.072109,0.434058,1054,22,
1,691,Overall,Overall,25,14,25,1.5,0.929759,0.416632,1046,21,
1,692,Overall,Overall,25,12,25,0.5,0.324508,0.409786,1016,20,
1,693,Overall,Overall,25,17,25,1.5,1.726082,0.457787,1086,23,
1,694,Overall,Overall,25,3,25,-2.0,-3.273545,0.635862,836,32,
1,695,Overall,Overall,25,7,25,-2.0,-2.236075,0.465503,888,23,
1,696,Overall,Overall,25,15,25,0.0,0.48347,0.416532,1024,21,
1,697,Overall,Overall,25,13,25,-1.0,-0.213841,0.411333,989,21,
1,698,Overall,Overall,25,9,25,-1.5,-1.728767,0.431174,914,22,
1,699,Overall,Overall,25,19,25,2.0,2.263814,0.494428,1113,25,
1,700,Overall,Overall,25,14,25,-1.0,-0.797682,0.415213,960,21,
1,701,Overall,Overall,25,6,25,-2.0,-1.967038,0.474313,902,24,
1,702,Overall,Overall,25,14,25,2.0,1.287816,0.42625,1064,21,
1,703,Overall,Overall,25,11,25,-1.0,-0.931913,0.417898,953,21,
1,704,Overall,Overall,25,14,25,1.0,0.519254,0.408304,1026,20,
1,705,Overall,Overall,25,16,25,0.5,1.063186,0.424722,1053,21,
1,706,Overall,Overall,25,17,25,1.5,1.977107,0.4479,1099,22,
1,707,Overall,Overall,25,13,25,0.5,0.651278,0.409834,1033,20,
1,708,Overall,Overall,25,18,25,2.0,1.943323,0.463597,1097,23,
1,709,Overall,Overall,25,6,25,-2.0,-2.191761,0.480132,890,24,
1,710,Overall,Overall,25,9,25,-1.5,-1.773527,0.437091,911,22,
1,711,Overall,Overall,25,12,25,0.0,-0.03558,0.407255,998,20,
1,712,Overall,Overall,25,13,25,-1.0,-1.04877,0.417802,948,21,
1,713,Overall,Overall,25,17,25,2.0,2.008428,0.456403,1100,23,
1,714,Overall,Overall,25,13,25,0.0,0.081757,0.404928,1004,20,
1,715,Overall,Overall,25,12,25,-1.5,-0.785048,0.408958,961,20,
1,716,Overall,Overall,25,17,25,1.5,0.714672,0.439331,1036,22,
1,717,Overall,Overall,25,10,25,0.0,-0.883256,0.43759,956,22,
1,718,Overall,Overall,25,10,25,0.0,-0.078783,0.415839,996,21,
1,719,Overall,Overall,25,7,25,-1.5,-2.007435,0.4705,900,24,
1,720,Overall,Overall,25,10,25,-1.0,-0.279946,0.414558,986,21,
1,721,Overall,Overall,25,13,25,1.0,0.811327,0.410017,1041,21,
1,722,Overall,Overall,25,10,25,-2.0,-1.647461,0.42735,918,21,
1,723,Overall,Overall,25,12,25,0.5,0.873421,0.424893,1044,21,
1,724,Overall,Overall,25,14,25,0.5,1.143058,0.42104,1057,21,
1,725,Overall,Overall,25,11,25,-1.0,-0.713055,0.417027,964,21,
1,726,Overall,Overall,25,10,25,-1.0,-1.300907,0.419992,935,21,
1,727,Overall,Overall,25,13,25,1.0,1.184329,0.421063,1059,21,
1,728,Overall,Overall,25,17,25,1.5,1.776845,0.452591,1089,23,
1,729,Overall,Overall,25,11,25,-0.5,-0.938538,0.41082,953,21,
1,730,Overall,Overall,25,14,25,1.0,0.994449,0.411996,1050,21,
1,731,Overall,Overall,25,16,25,0.5,0.678775,0.420929,1034,21,
1,732,Overall,Overall,25,6,25,-1.5,-2.460245,0.486068,877,24,
1,733,Overall,Overall,25,13,25,0.5,-1.81E-4,0.406697,1000,20,
1,734,Overall,Overall,25,8,25,-2.0,-1.675027,0.437081,916,22,
1,735,Overall,Overall,25,11,25,-0.5,-0.764805,0.427969,962,21,
1,736,Overall,Overall,25,20,25,2.0,2.540696,0.527822,1127,26,
1,737,Overall,Overall,25,17,25,2.0,1.933987,0.448533,1097,22,
1,738,Overall,Overall,25,10,25,-1.5,-1.139327,0.418345,943,21,
1,739,Overall,Overall,25,13,25,0.5,0.247003,0.409013,1012,20,
1,740,Overall,Overall,25,10,25,-1.0,-1.646366,0.428898,918,21,
1,741,Overall,Overall,25,21,25,2.0,2.884428,0.561329,1144,28,
1,742,Overall,Overall,25,15,25,0.5,0.70756,0.417217,1035,21,
1,743,Overall,Overall,25,4,25,-2.0,-3.117906,0.566505,844,28,
1,744,Overall,Overall,25,13,25,0.5,0.450435,0.414023,1023,21,
1,745,Overall,Overall,25,18,25,1.0,1.695006,0.458371,1085,23,
1,746,Overall,Overall,25,18,25,1.5,1.204391,0.454057,1060,23,
1,747,Overall,Overall,25,11,25,0.5,-0.291089,0.411012,985,21,
1,748,Overall,Overall,25,15,25,1.5,0.842094,0.414962,1042,21,
1,749,Overall,Overall,25,17,25,2.0,1.655925,0.441844,1083,22,
1,750,Overall,Overall,25,12,25,-1.0,-0.793371,0.407183,960,20,
1,751,Overall,Overall,25,12,25,-0.5,-0.960986,0.412363,952,21,
1,752,Overall,Overall,25,12,25,1.0,0.529862,0.413212,1026,21,
1,753,Overall,Overall,25,10,25,0.0,0.158539,0.414932,1008,21,
1,754,Overall,Overall,25,17,25,1.5,1.596015,0.448652,1080,22,
1,755,Overall,Overall,25,17,25,2.0,1.832222,0.463624,1092,23,
1,756,Overall,Overall,25,6,25,-2.0,-2.162263,0.482403,892,24,
1,757,Overall,Overall,25,11,25,-1.0,-1.329746,0.419529,934,21,
1,758,Overall,Overall,25,17,25,1.5,1.508504,0.441598,1075,22,
1,759,Overall,Overall,25,11,25,-1.0,-0.887623,0.409502,956,20,
1,760,Overall,Overall,25,13,25,-1.0,-0.988459,0.422741,951,21,
1,761,Overall,Overall,25,9,25,-2.0,-1.538297,0.431201,923,22,
1,762,Overall,Overall,25,12,25,-1.0,-0.979084,0.420921,951,21,
1,763,Overall,Overall,25,9,25,-2.0,-1.791947,0.436611,910,22,
1,764,Overall,Overall,25,8,25,-1.0,-0.641823,0.442614,968,22,
1,765,Overall,Overall,25,20,25,2.0,2.475407,0.527434,1124,26,
1,766,Overall,Overall,25,14,25,0.0,0.238116,0.412246,1012,21,
1,767,Overall,Overall,25,16,25,1.0,1.537386,0.437341,1077,22,
1,768,Overall,Overall,25,12,25,0.5,0.497176,0.412303,1025,21,
1,769,Overall,Overall,25,14,25,0.0,0.111952,0.407554,1006,20,
1,770,Overall,Overall,25,13,25,0.5,0.804708,0.418328,1040,21,
1,771,Overall,Overall,25,7,25,-2.0,-1.900366,0.462827,905,23,
1,772,Overall,Overall,25,14,25,0.0,-0.361162,0.413524,982,21,
1,773,Overall,Overall,25,14,25,0.5,0.461926,0.40781,1023,20,
1,774,Overall,Overall,25,11,25,-1.5,-1.03857,0.414094,948,21,
1,775,Overall,Overall,25,10,25,0.0,-0.140544,0.413621,993,21,
1,776,Overall,Overall,25,14,25,1.0,0.869959,0.415387,1043,21,
1,777,Overall,Overall,25,13,25,1.0,1.102012,0.419368,1055,21,
1,778,Overall,Overall,25,10,25,-1.5,-0.986821,0.418556,951,21,
1,779,Overall,Overall,25,19,25,2.0,2.05455,0.507503,1103,25,
1,780,Overall,Overall,25,20,25,1.5,2.359036,0.514295,1118,26,
1,781,Overall,Overall,25,20,25,2.0,2.487954,0.522921,1124,26,
1,782,Overall,Overall,25,19,25,2.0,1.899396,0.480739,1095,24,
1,783,Overall,Overall,25,10,25,-1.5,-1.675011,0.42921,916,21,
1,784,Overall,Overall,25,13,25,0.0,0.261133,0.407917,1013,20,
1,785,Overall,Overall,25,13,25,-0.5,-0.643475,0.41639,968,21,
1,786,Overall,Overall,25,10,25,-1.5,-1.014381,0.427132,949,21,
1,787,Overall,Overall,25,9,25,-1.5,-1.538908,0.429937,923,21,
1,788,Overall,Overall,25,17,25,1.5,1.654855,0.444649,1083,22,
1,789,Overall,Overall,25,13,25,0.5,0.162397,0.40535,1008,20,
1,790,Overall,Overall,25,13,25,0.0,-0.840703,0.420891,958,21,
1,791,Overall,Overall,25,8,25,-1.5,-1.638474,0.442544,918,22,
1,792,Overall,Overall,25,12,25,0.0,-0.100857,0.405225,995,20,
1,793,Overall,Overall,25,14,25,1.5,1.172641,0.414758,1059,21,
1,794,Overall,Overall,25,17,25,1.0,1.316443,0.435372,1066,22,
1,795,Overall,Overall,25,14,25,2.0,1.41558,0.435991,1071,22,
1,796,Overall,Overall,25,18,25,1.0,1.243973,0.454439,1062,23,
1,797,Overall,Overall,25,12,25,-0.5,-0.503736,0.4072,975,20,
1,798,Overall,Overall,25,17,25,2.0,1.585119,0.459684,1079,23,
1,799,Overall,Overall,25,20,25,2.0,2.031087,0.518707,1102,26,
1,800,Overall,Overall,25,12,25,0.0,0.310006,0.404387,1016,20,
1,801,Overall,Overall,25,11,25,-0.5,-1.019156,0.414533,949,21,
1,802,Overall,Overall,25,8,25,-2.0,-2.088213,0.449807,896,22,
1,803,Overall,Overall,25,18,25,2.0,2.048709,0.467431,1102,23,
1,804,Overall,Overall,25,15,25,0.5,-0.049296,0.425742,998,21,
1,805,Overall,Overall,25,14,25,2.0,1.434626,0.423463,1072,21,
1,806,Overall,Overall,25,19,25,2.0,2.206324,0.485039,1110,24,
1,807,Overall,Overall,25,14,25,0.0,0.974374,0.425483,1049,21,
1,808,Overall,Overall,25,10,25,-1.5,-1.817906,0.434497,909,22,
1,809,Overall,Overall,25,8,25,-2.0,-1.83364,0.443025,908,22,
1,810,Overall,Overall,25,10,25,-1.5,-1.542987,0.425808,923,21,
1,811,Overall,Overall,25,13,25,-0.5,-0.701389,0.408306,965,20,
1,812,Overall,Overall,25,11,25,-1.0,-0.276941,0.409033,986,20,
1,813,Overall,Overall,25,10,25,-1.5,-1.688976,0.425515,916,21,
1,814,Overall,Overall,25,15,25,1.5,1.539443,0.435236,1077,22,
1,815,Overall,Overall,25,16,25,1.5,1.820837,0.444596,1091,22,
1,816,Overall,Overall,25,5,25,-2.0,-2.330486,0.516953,883,26,
1,817,Overall,Overall,25,12,25,0.0,-0.324009,0.408213,984,20,
1,818,Overall,Overall,25,11,25,0.0,0.413404,0.412683,1021,21,
1,819,Overall,Overall,25,12,25,0.5,0.149798,0.405738,1007,20,
1,820,Overall,Overall,25,13,25,-1.5,-1.130425,0.41762,943,21,
1,821,Overall,Overall,25,6,25,-1.5,-2.336845,0.49615,883,25,
1,822,Overall,Overall,25,15,25,0.5,0.60447,0.417784,1030,21,
1,823,Overall,Overall,25,14,25,1.5,1.514171,0.428744,1076,21,
1,824,Overall,Overall,25,7,25,-0.5,-1.91989,0.459348,904,23,
1,825,Overall,Overall,25,20,25,2.0,2.715337,0.527148,1136,26,
1,826,Overall,Overall,25,13,25,0.0,0.591052,0.40939,1030,20,
1,827,Overall,Overall,25,15,25,1.0,0.710488,0.413389,1036,21,
1,828,Overall,Overall,25,15,25,1.0,1.076048,0.420488,1054,21,
1,829,Overall,Overall,25,14,25,1.5,1.535206,0.430955,1077,22,
1,830,Overall,Overall,25,16,25,1.5,1.223036,0.438152,1061,22,
1,831,Overall,Overall,25,17,25,2.0,1.735426,0.447793,1087,22,
1,832,Overall,Overall,25,13,25,1.0,1.290691,0.425819,1065,21,
1,833,Overall,Overall,25,5,25,-1.5,-2.676581,0.519535,866,26,
1,834,Overall,Overall,25,17,25,2.0,2.087582,0.454594,1104,23,
1,835,Overall,Overall,25,12,25,-1.0,-0.828341,0.423331,959,21,
1,836,Overall,Overall,25,22,25,2.0,3.198493,0.644104,1160,32,
1,837,Overall,Overall,25,23,25,2.0,3.835553,0.765214,1192,38,
1,838,Overall,Overall,25,14,25,-0.5,-0.069642,0.419058,997,21,
1,839,Overall,Overall,25,7,25,-1.5,-2.031452,0.463886,898,23,
1,840,Overall,Overall,25,11,25,-1.0,-0.998891,0.412812,950,21,
1,841,Overall,Overall,25,15,25,1.5,1.61354,0.429479,1081,21,
1,842,Overall,Overall,25,17,25,1.5,2.051141,0.454321,1103,23,
1,843,Overall,Overall,25,12,25,-1.0,-1.013684,0.415458,949,21,
1,844,Overall,Overall,25,10,25,-0.5,-0.19881,0.415863,990,21,
1,845,Overall,Overall,25,10,25,-1.0,-1.090671,0.418325,945,21,
1,846,Overall,Overall,25,7,25,-2.0,-2.123494,0.463099,894,23,
1,847,Overall,Overall,25,18,25,2.0,2.134555,0.466653,1107,23,
1,848,Overall,Overall,25,15,25,0.0,-0.15936,0.416398,992,21,
1,849,Overall,Overall,25,15,25,2.0,1.008914,0.415917,1050,21,
1,850,Overall,Overall,25,14,25,-0.5,-0.160002,0.413465,992,21,
1,851,Overall,Overall,25,15,25,2.0,1.594603,0.426065,1080,21,
1,852,Overall,Overall,25,12,25,1.5,1.127462,0.420477,1056,21,
1,853,Overall,Overall,25,18,25,1.0,1.148491,0.460813,1057,23,
1,854,Overall,Overall,25,10,25,-2.0,-1.776704,0.431938,911,22,
1,855,Overall,Overall,25,12,25,-1.5,-0.875963,0.410346,956,21,
1,856,Overall,Overall,25,10,25,0.0,0.177339,0.420294,1009,21,
1,857,Overall,Overall,25,12,25,-0.5,-0.797641,0.413426,960,21,
1,858,Overall,Overall,25,16,25,2.0,1.559753,0.43749,1078,22,
1,859,Overall,Overall,25,10,25,-1.0,-0.850731,0.4162,957,21,
1,860,Overall,Overall,25,16,25,1.5,1.509063,0.441646,1075,22,
1,861,Overall,Overall,25,16,25,1.5,1.519327,0.441399,1076,22,
1,862,Overall,Overall,25,10,25,-1.5,-1.649941,0.428244,918,21,
1,863,Overall,Overall,25,12,25,0.5,0.618376,0.418196,1031,21,
1,864,Overall,Overall,25,18,25,2.0,2.174663,0.473187,1109,24,
1,865,Overall,Overall,25,12,25,-0.5,0.393508,0.406641,1020,20,
1,866,Overall,Overall,25,19,25,2.0,2.55478,0.487561,1128,24,
1,867,Overall,Overall,25,12,25,0.0,0.18086,0.406165,1009,20,
1,868,Overall,Overall,25,13,25,-0.5,-0.399396,0.405716,980,20,
1,869,Overall,Overall,25,7,25,-2.0,-2.062853,0.46109,897,23,
1,870,Overall,Overall,25,12,25,0.5,0.144611,0.406286,1007,20,
1,871,Overall,Overall,25,12,25,-1.0,-0.360622,0.417996,982,21,
1,872,Overall,Overall,25,16,25,1.5,1.353364,0.431717,1068,22,
1,873,Overall,Overall,25,18,25,2.0,2.290428,0.469046,1115,23,
1,874,Overall,Overall,25,12,25,-0.5,-0.426876,0.410594,979,21,
1,875,Overall,Overall,25,17,25,1.5,2.048052,0.456824,1102,23,
1,876,Overall,Overall,25,12,25,0.0,-0.206005,0.408542,990,20,
1,877,Overall,Overall,25,9,25,-2.0,-1.791868,0.434665,910,22,
1,878,Overall,Overall,25,10,25,-0.5,-0.235809,0.412598,988,21,
1,879,Overall,Overall,25,11,25,-1.0,-1.212708,0.41481,939,21,
1,880,Overall,Overall,25,13,25,-0.5,-0.002888,0.410918,1000,21,
1,881,Overall,Overall,25,15,25,1.5,1.489948,0.434327,1074,22,
1,882,Overall,Overall,25,5,25,-2.0,-2.76618,0.515598,862,26,
1,883,Overall,Overall,25,12,25,-1.0,-0.757089,0.417827,962,21,
1,884,Overall,Overall,25,9,25,-2.0,-1.560187,0.435148,922,22,
1,885,Overall,Overall,25,5,25,-2.0,-2.56928,0.514259,872,26,
1,886,Overall,Overall,25,14,25,1.5,1.290263,0.434816,1065,22,
1,887,Overall,Overall,25,11,25,-1.0,-1.082025,0.417,946,21,
1,888,Overall,Overall,25,5,25,-2.0,-2.71041,0.526135,864,26,
1,889,Overall,Overall,25,10,25,0.0,-0.317043,0.420113,984,21,
1,890,Overall,Overall,25,15,25,-1.0,0.119344,0.424558,1006,21,
1,891,Overall,Overall,25,15,25,1.5,1.589826,0.431718,1079,22,
1,892,Overall,Overall,25,14,25,0.5,0.988045,0.413504,1049,21,
1,893,Overall,Overall,25,17,25,1.5,1.117344,0.461765,1056,23,
1,894,Overall,Overall,25,16,25,0.5,-1.07E-4,0.431242,1000,22,
1,895,Overall,Overall,25,16,25,1.5,1.83516,0.434481,1092,22,
1,896,Overall,Overall,25,16,25,1.0,1.731459,0.440622,1087,22,
1,897,Overall,Overall,25,13,25,1.0,0.920356,0.411074,1046,21,
1,898,Overall,Overall,25,15,25,1.0,0.695655,0.414175,1035,21,
1,899,Overall,Overall,25,12,25,0.0,0.072526,0.411378,1004,21,
1,900,Overall,Overall,25,12,25,0.5,0.002783,0.405924,1000,20,
2,1,Overall,Overall,25,10,25,-1.5,-1.162083,0.421739,942,21,
2,2,Overall,Overall,25,10,25,-0.5,-1.300225,0.417643,935,21,
2,3,Overall,Overall,25,10,25,-0.5,0.287683,0.420668,1014,21,
2,4,Overall,Overall,25,12,25,-1.0,-0.803947,0.413617,960,21,
2,5,Overall,Overall,25,15,25,0.5,0.666748,0.416646,1033,21,
2,6,Overall,Overall,25,16,25,1.0,1.645978,0.446368,1082,22,
2,7,Overall,Overall,25,13,25,-0.5,0.09057,0.405036,1005,20,
2,8,Overall,Overall,25,11,25,-0.5,0.054011,0.413425,1003,21,
2,9,Overall,Overall,25,20,25,2.0,2.784807,0.5239,1139,26,
2,10,Overall,Overall,25,18,25,2.0,2.172132,0.471613,1109,24,
2,11,Overall,Overall,25,10,25,-2.0,-1.406197,0.422345,930,21,
2,12,Overall,Overall,25,10,25,-0.5,-0.229544,0.427856,989,21,
2,13,Overall,Overall,25,12,25,-1.0,-0.885803,0.409459,956,20,
2,14,Overall,Overall,25,21,25,2.0,2.88975,0.563498,1144,28,
2,15,Overall,Overall,25,18,25,2.0,1.867778,0.469146,1093,23,
2,16,Overall,Overall,25,14,25,1.0,0.482628,0.40631,1024,20,
2,17,Overall,Overall,25,16,25,2.0,1.516576,0.43985,1076,22,
2,18,Overall,Overall,25,18,25,2.0,2.191127,0.464932,1110,23,
2,19,Overall,Overall,25,10,25,0.5,-0.01696,0.444542,999,22,
2,20,Overall,Overall,25,17,25,2.0,1.764052,0.442678,1088,22,
2,21,Overall,Overall,25,18,25,2.0,1.997136,0.463053,1100,23,
2,22,Overall,Overall,25,13,25,0.5,0.712719,0.427727,1036,21,
2,23,Overall,Overall,25,18,25,2.0,2.066982,0.464566,1103,23,
2,24,Overall,Overall,25,11,25,-1.0,-1.220837,0.43093,939,22,
2,25,Overall,Overall,25,19,25,0.0,1.505865,0.483484,1075,24,
2,26,Overall,Overall,25,8,25,-1.0,-1.619322,0.436679,919,22,
2,27,Overall,Overall,25,12,25,0.5,0.388279,0.408656,1019,20,
2,28,Overall,Overall,25,18,25,1.0,2.268792,0.471706,1113,24,
2,29,Overall,Overall,25,12,25,-1.5,-1.02797,0.413837,949,21,
2,30,Overall,Overall,25,8,25,-2.0,-1.745104,0.441784,913,22,
2,31,Overall,Overall,25,6,25,-1.5,-2.38579,0.489098,881,24,
2,32,Overall,Overall,25,19,25,1.5,1.378332,0.477511,1069,24,
2,33,Overall,Overall,25,19,25,2.0,2.305174,0.489527,1115,24,
2,34,Overall,Overall,25,12,25,-1.0,-0.613068,0.414336,969,21,
2,35,Overall,Overall,25,17,25,1.5,1.381438,0.436143,1069,22,
2,36,Overall,Overall,25,16,25,1.5,1.785008,0.438252,1089,22,
2,37,Overall,Overall,25,16,25,1.5,1.357795,0.43156,1068,22,
2,38,Overall,Overall,25,17,25,1.5,1.912027,0.452712,1096,23,
2,39,Overall,Overall,25,6,25,-2.0,-2.37003,0.488822,881,24,
2,40,Overall,Overall,25,9,25,-1.5,-1.100375,0.428528,945,21,
2,41,Overall,Overall,25,11,25,0.0,0.194145,0.412349,1010,21,
2,42,Overall,Overall,25,16,25,0.5,1.052785,0.421391,1053,21,
2,43,Overall,Overall,25,13,25,0.0,-0.629872,0.422792,969,21,
2,44,Overall,Overall,25,12,25,0.0,-0.018697,0.407235,999,20,
2,45,Overall,Overall,25,14,25,1.5,1.19472,0.419275,1060,21,
2,46,Overall,Overall,25,11,25,0.0,-0.984539,0.427832,951,21,
2,47,Overall,Overall,25,9,25,-1.5,-1.538776,0.441179,923,22,
2,48,Overall,Overall,25,9,25,-1.0,-1.414799,0.425199,929,21,
2,49,Overall,Overall,25,15,25,1.0,0.809487,0.418863,1040,21,
2,50,Overall,Overall,25,11,25,-1.0,-1.007472,0.411423,950,21,
2,51,Overall,Overall,25,13,25,1.0,0.711816,0.419055,1036,21,
2,52,Overall,Overall,25,9,25,-1.5,-1.701159,0.436739,915,22,
2,53,Overall,Overall,25,8,25,-2.0,-1.63699,0.436519,918,22,
2,54,Overall,Overall,25,14,25,1.0,0.891575,0.413364,1045,21,
2,55,Overall,Overall,25,15,25,2.0,1.690011,0.431501,1085,22,
2,56,Overall,Overall,25,17,25,1.5,1.067074,0.435924,1053,22,
2,57,Overall,Overall,25,17,25,1.5,1.814522,0.451547,1091,23,
2,58,Overall,Overall,25,11,25,-1.5,-1.044054,0.410402,948,21,
2,59,Overall,Overall,25,13,25,0.5,-0.175971,0.410634,991,21,
2,60,Overall,Overall,25,10,25,-0.5,-1.026595,0.415585,949,21,
2,61,Overall,Overall,25,17,25,2.0,0.820784,0.446195,1041,22,
2,62,Overall,Overall,25,12,25,-0.5,0.035342,0.412607,1002,21,
2,63,Overall,Overall,25,7,25,-0.5,-1.014978,0.462159,949,23,
2,64,Overall,Overall,25,11,25,-1.0,-0.945705,0.415493,953,21,
2,65,Overall,Overall,25,14,25,0.0,-0.153768,0.412715,992,21,
2,66,Overall,Overall,25,8,25,-2.0,-1.958682,0.450186,902,23,
2,67,Overall,Overall,25,11,25,-1.0,-1.004218,0.414643,950,21,
2,68,Overall,Overall,25,10,25,-1.5,-0.849317,0.423594,958,21,
2,69,Overall,Overall,25,18,25,2.0,1.791539,0.462825,1090,23,
2,70,Overall,Overall,25,17,25,1.0,1.74788,0.447748,1087,22,
2,71,Overall,Overall,25,16,25,2.0,1.609532,0.438398,1080,22,
2,72,Overall,Overall,25,18,25,1.5,2.112608,0.47966,1106,24,
2,73,Overall,Overall,25,12,25,0.0,-0.001195,0.406778,1000,20,
2,74,Overall,Overall,25,9,25,-1.5,-1.842961,0.437596,908,22,
2,75,Overall,Overall,25,8,25,-1.0,-1.557386,0.442396,922,22,
2,76,Overall,Overall,25,13,25,1.5,1.230994,0.428634,1062,21,
2,77,Overall,Overall,25,20,25,2.0,2.452977,0.51952,1123,26,
2,78,Overall,Overall,25,12,25,-1.0,-0.241232,0.407965,988,20,
2,79,Overall,Overall,25,13,25,-1.0,-0.98776,0.424848,951,21,
2,80,Overall,Overall,25,13,25,1.0,0.944268,0.417149,1047,21,
2,81,Overall,Overall,25,5,25,-2.0,-2.658511,0.515911,867,26,
2,82,Overall,Overall,25,5,25,-2.0,-2.508389,0.512235,875,26,
2,83,Overall,Overall,25,14,25,-1.0,-0.553223,0.410584,972,21,
2,84,Overall,Overall,25,14,25,0.5,0.66044,0.410296,1033,21,
2,85,Overall,Overall,25,14,25,-0.5,-0.429157,0.411148,979,21,
2,86,Overall,Overall,25,11,25,-0.5,-0.758231,0.413111,962,21,
2,87,Overall,Overall,25,13,25,0.5,0.721301,0.413198,1036,21,
2,88,Overall,Overall,25,15,25,1.5,1.583164,0.427767,1079,21,
2,89,Overall,Overall,25,16,25,2.0,1.517032,0.443523,1076,22,
2,90,Overall,Overall,25,9,25,-1.0,-0.878522,0.429097,956,21,
2,91,Overall,Overall,25,11,25,-2.0,-1.427697,0.418596,929,21,
2,92,Overall,Overall,25,14,25,0.0,0.716777,0.415304,1036,21,
2,93,Overall,Overall,25,6,25,-2.0,-2.079362,0.478336,896,24,
2,94,Overall,Overall,25,10,25,-1.0,-0.629813,0.415919,969,21,
2,95,Overall,Overall,25,6,25,-2.0,-2.23334,0.49128,888,25,
2,96,Overall,Overall,25,11,25,-1.0,-0.318543,0.408394,984,20,
2,97,Overall,Overall,25,14,25,1.0,0.682295,0.409394,1034,20,
2,98,Overall,Overall,25,13,25,0.5,1.074285,0.415587,1054,21,
2,99,Overall,Overall,25,13,25,-1.0,-0.38927,0.407024,981,20,
2,100,Overall,Overall,25,5,25,-2.0,-2.774837,0.526518,861,26,
2,101,Overall,Overall,25,16,25,0.5,0.555213,0.423818,1028,21,
2,102,Overall,Overall,25,13,25,-1.0,-0.608456,0.407909,970,20,
2,103,Overall,Overall,25,14,25,0.0,0.121275,0.409694,1006,20,
2,104,Overall,Overall,25,15,25,1.0,1.557823,0.434736,1078,22,
2,105,Overall,Overall,25,14,25,0.5,0.692527,0.407816,1035,20,
2,106,Overall,Overall,25,15,25,0.5,1.199738,0.429329,1060,21,
2,107,Overall,Overall,25,17,25,2.0,1.702861,0.456271,1085,23,
2,108,Overall,Overall,25,11,25,-0.5,-0.515978,0.414461,974,21,
2,109,Overall,Overall,25,14,25,1.0,0.493006,0.40955,1025,20,
2,110,Overall,Overall,25,9,25,-1.5,-1.622586,0.442375,919,22,
2,111,Overall,Overall,25,9,25,-2.0,-1.665289,0.433457,917,22,
2,112,Overall,Overall,25,14,25,1.0,1.148858,0.415027,1057,21,
2,113,Overall,Overall,25,21,25,2.0,2.848147,0.582542,1142,29,
2,114,Overall,Overall,25,17,25,1.5,2.077967,0.453279,1104,23,
2,115,Overall,Overall,25,16,25,1.0,1.350052,0.436669,1068,22,
2,116,Overall,Overall,25,15,25,1.5,1.684279,0.429547,1084,21,
2,117,Overall,Overall,25,12,25,0.5,0.566589,0.426445,1028,21,
2,118,Overall,Overall,25,10,25,-1.5,-0.875458,0.423224,956,21,
2,119,Overall,Overall,25,9,25,-1.0,-1.765583,0.437197,912,22,
2,120,Overall,Overall,25,8,25,-1.5,-1.398578,0.449847,930,22,
2,121,Overall,Overall,25,16,25,1.5,1.744155,0.436723,1087,22,
2,122,Overall,Overall,25,18,25,1.0,1.133429,0.45458,1057,23,
2,123,Overall,Overall,25,13,25,-0.5,-0.688616,0.409254,966,20,
2,124,Overall,Overall,25,6,25,-2.0,-2.360955,0.494673,882,25,
2,125,Overall,Overall,25,12,25,0.0,-0.372476,0.415952,981,21,
2,126,Overall,Overall,25,8,25,-1.5,-1.555226,0.436189,922,22,
2,127,Overall,Overall,25,12,25,0.5,-0.008606,0.410015,1000,21,
2,128,Overall,Overall,25,10,25,-2.0,-1.465748,0.423097,927,21,
2,129,Overall,Overall,25,9,25,-0.5,-0.41833,0.421967,979,21,
2,130,Overall,Overall,25,15,25,1.0,1.245585,0.420354,1062,21,
2,131,Overall,Overall,25,14,25,0.5,0.690843,0.414394,1035,21,
2,132,Overall,Overall,25,10,25,0.0,-0.770824,0.418162,961,21,
2,133,Overall,Overall,25,17,25,2.0,1.537935,0.444452,1077,22,
2,134,Overall,Overall,25,15,25,1.5,1.109402,0.42878,1055,21,
2,135,Overall,Overall,25,13,25,-0.5,-0.192891,0.414077,990,21,
2,136,Overall,Overall,25,10,25,-0.5,-1.647471,0.428706,918,21,
2,137,Overall,Overall,25,12,25,-1.5,-0.905117,0.412176,955,21,
2,138,Overall,Overall,25,12,25,0.0,-0.770036,0.408727,961,20,
2,139,Overall,Overall,25,15,25,1.5,0.816733,0.413749,1041,21,
2,140,Overall,Overall,25,12,25,0.0,0.289353,0.408361,1014,20,
2,141,Overall,Overall,25,14,25,-0.5,0.072095,0.412847,1004,21,
2,142,Overall,Overall,25,9,25,-1.0,-1.743869,0.438813,913,22,
2,143,Overall,Overall,25,12,25,0.0,0.05138,0.407431,1003,20,
2,144,Overall,Overall,25,8,25,-2.0,-1.996435,0.449959,900,22,
2,145,Overall,Overall,25,12,25,0.0,0.629302,0.410296,1031,21,
2,146,Overall,Overall,25,16,25,1.0,0.305997,0.427954,1015,21,
2,147,Overall,Overall,25,14,25,0.0,0.199399,0.407883,1010,20,
2,148,Overall,Overall,25,7,25,-2.0,-2.217532,0.463627,889,23,
2,149,Overall,Overall,25,12,25,-0.5,-1.018014,0.411924,949,21,
2,150,Overall,Overall,25,15,25,1.5,1.663318,0.428829,1083,21,
2,151,Overall,Overall,25,7,25,-2.0,-2.050487,0.463075,897,23,
2,152,Overall,Overall,25,17,25,1.0,1.752825,0.446991,1088,22,
2,153,Overall,Overall,25,7,25,-2.0,-2.290801,0.47022,885,24,
2,154,Overall,Overall,25,8,25,-1.5,-1.830107,0.447186,908,22,
2,155,Overall,Overall,25,12,25,0.0,-0.360618,0.408746,982,20,
2,156,Overall,Overall,25,10,25,-0.5,-1.098553,0.429169,945,21,
2,157,Overall,Overall,25,11,25,0.5,0.224043,0.408053,1011,20,
2,158,Overall,Overall,25,13,25,-0.5,-0.473314,0.408557,976,20,
2,159,Overall,Overall,25,9,25,-1.0,-1.548816,0.443917,923,22,
2,160,Overall,Overall,25,17,25,1.5,1.87736,0.452271,1094,23,
2,161,Overall,Overall,25,12,25,0.0,-0.421171,0.411421,979,21,
2,162,Overall,Overall,25,9,25,-1.5,-1.76818,0.441159,912,22,
2,163,Overall,Overall,25,14,25,0.5,1.161199,0.415414,1058,21,
2,164,Overall,Overall,25,21,25,2.0,2.721906,0.560288,1136,28,
2,165,Overall,Overall,25,11,25,-2.0,-1.021503,0.418381,949,21,
2,166,Overall,Overall,25,20,25,2.0,2.644749,0.528462,1132,26,
2,167,Overall,Overall,25,21,25,2.0,2.718507,0.55899,1136,28,
2,168,Overall,Overall,25,7,25,-2.0,-2.384628,0.470648,881,24,
2,169,Overall,Overall,25,16,25,2.0,1.934074,0.43937,1097,22,
2,170,Overall,Overall,25,17,25,1.5,1.623847,0.44192,1081,22,
2,171,Overall,Overall,25,16,25,1.0,1.124667,0.424522,1056,21,
2,172,Overall,Overall,25,11,25,-1.0,-1.195617,0.423792,940,21,
2,173,Overall,Overall,25,11,25,-1.0,-1.128134,0.409696,944,20,
2,174,Overall,Overall,25,13,25,0.5,1.008853,0.419146,1050,21,
2,175,Overall,Overall,25,7,25,-1.5,-2.044827,0.464578,898,23,
2,176,Overall,Overall,25,11,25,0.5,0.783928,0.422588,1039,21,
2,177,Overall,Overall,25,5,25,-2.0,-2.59784,0.527169,870,26,
2,178,Overall,Overall,25,13,25,-0.5,-0.302322,0.40666,985,20,
2,179,Overall,Overall,25,9,25,-1.5,-1.474935,0.438724,926,22,
2,180,Overall,Overall,25,12,25,1.0,0.279185,0.406706,1014,20,
2,181,Overall,Overall,25,10,25,-2.0,-1.687957,0.430031,916,22,
2,182,Overall,Overall,25,13,25,-1.0,-0.66802,0.411238,967,21,
2,183,Overall,Overall,25,17,25,2.0,2.125228,0.451792,1106,23,
2,184,Overall,Overall,25,10,25,-0.5,-0.53977,0.419659,973,21,
2,185,Overall,Overall,25,14,25,0.5,0.349404,0.410324,1017,21,
2,186,Overall,Overall,25,13,25,-1.0,-0.348387,0.409344,983,20,
2,187,Overall,Overall,25,17,25,1.5,1.413462,0.437331,1071,22,
2,188,Overall,Overall,25,13,25,0.0,-0.118385,0.40911,994,20,
2,189,Overall,Overall,25,17,25,2.0,1.997269,0.445375,1100,22,
2,190,Overall,Overall,25,14,25,0.5,0.93876,0.413615,1047,21,
2,191,Overall,Overall,25,6,25,-2.0,-2.5673,0.494734,872,25,
2,192,Overall,Overall,25,15,25,0.5,1.156998,0.418954,1058,21,
2,193,Overall,Overall,25,17,25,2.0,2.151334,0.45117,1108,23,
2,194,Overall,Overall,25,11,25,-1.0,-1.205891,0.424146,940,21,
2,195,Overall,Overall,25,11,25,-1.0,-1.196629,0.417704,940,21,
2,196,Overall,Overall,25,8,25,-1.0,-1.473726,0.444122,926,22,
2,197,Overall,Overall,25,4,25,-2.0,-2.706404,0.558476,865,28,
2,198,Overall,Overall,25,10,25,-1.0,-1.60506,0.42416,920,21,
2,199,Overall,Overall,25,11,25,-0.5,0.156947,0.414928,1008,21,
2,200,Overall,Overall,25,15,25,1.0,1.182265,0.42745,1059,21,
2,201,Overall,Overall,25,9,25,-0.5,-0.536119,0.425718,973,21,
2,202,Overall,Overall,25,7,25,-2.0,-2.197834,0.470096,890,24,
2,203,Overall,Overall,25,15,25,2.0,1.584333,0.429473,1079,21,
2,204,Overall,Overall,25,11,25,-1.5,-0.907181,0.41621,955,21,
2,205,Overall,Overall,25,4,25,-2.0,-2.847532,0.573294,858,29,
2,206,Overall,Overall,25,9,25,0.5,-0.044005,0.427606,998,21,
2,207,Overall,Overall,25,8,25,-1.5,-1.883679,0.450804,906,23,
2,208,Overall,Overall,25,13,25,0.0,-0.02878,0.404494,999,20,
2,209,Overall,Overall,25,12,25,-0.5,-0.147995,0.408522,993,20,
2,210,Overall,Overall,25,16,25,1.0,1.738084,0.450365,1087,23,
2,211,Overall,Overall,25,10,25,-0.5,-0.910629,0.417364,954,21,
2,212,Overall,Overall,25,10,25,-1.0,-1.095188,0.4227,945,21,
2,213,Overall,Overall,25,11,25,-1.0,-0.806898,0.41153,960,21,
2,214,Overall,Overall,25,15,25,0.5,-0.117823,0.41608,994,21,
2,215,Overall,Overall,25,14,25,-0.5,-0.262782,0.416939,987,21,
2,216,Overall,Overall,25,13,25,0.0,0.538246,0.406384,1027,20,
2,217,Overall,Overall,25,8,25,-2.0,-1.810051,0.445616,909,22,
2,218,Overall,Overall,25,11,25,-0.5,-1.124444,0.412603,944,21,
2,219,Overall,Overall,25,18,25,1.5,1.72086,0.458422,1086,23,
2,220,Overall,Overall,25,8,25,-1.5,-1.899783,0.457894,905,23,
2,221,Overall,Overall,25,16,25,0.5,0.383147,0.435041,1019,22,
2,222,Overall,Overall,25,12,25,1.0,0.430832,0.407267,1022,20,
2,223,Overall,Overall,25,16,25,1.5,1.933721,0.434927,1097,22,
2,224,Overall,Overall,25,17,25,1.5,1.762781,0.457955,1088,23,
2,225,Overall,Overall,25,19,25,2.0,2.089927,0.491257,1104,25,
2,226,Overall,Overall,25,3,25,-2.0,-3.352949,0.630301,832,32,
2,227,Overall,Overall,25,10,25,-2.0,-1.680658,0.426976,916,21,
2,228,Overall,Overall,25,11,25,-1.0,-0.511099,0.410304,974,21,
2,229,Overall,Overall,25,16,25,1.5,1.837144,0.433739,1092,22,
2,230,Overall,Overall,25,16,25,2.0,1.870429,0.441068,1094,22,
2,231,Overall,Overall,25,9,25,-1.5,-1.578724,0.441605,921,22,
2,232,Overall,Overall,25,12,25,1.0,0.555565,0.415392,1028,21,
2,233,Overall,Overall,25,14,25,0.5,0.291787,0.410955,1015,21,
2,234,Overall,Overall,25,11,25,-0.5,0.041952,0.414737,1002,21,
2,235,Overall,Overall,25,8,25,-2.0,-1.87039,0.444271,906,22,
2,236,Overall,Overall,25,15,25,-0.5,-0.258695,0.419222,987,21,
2,237,Overall,Overall,25,13,25,0.0,0.343663,0.404853,1017,20,
2,238,Overall,Overall,25,7,25,-1.0,-1.30391,0.456369,935,23,
2,239,Overall,Overall,25,16,25,1.5,1.883406,0.433603,1094,22,
2,240,Overall,Overall,25,15,25,1.5,1.651125,0.432099,1083,22,
2,241,Overall,Overall,25,9,25,-0.5,-0.887609,0.430356,956,22,
2,242,Overall,Overall,25,10,25,0.0,0.342972,0.425686,1017,21,
2,243,Overall,Overall,25,15,25,1.0,1.284173,0.420659,1064,21,
2,244,Overall,Overall,25,12,25,-0.5,-1.071757,0.420495,946,21,
2,245,Overall,Overall,25,8,25,-1.5,-1.852006,0.444269,907,22,
2,246,Overall,Overall,25,15,25,2.0,1.544611,0.433929,1077,22,
2,247,Overall,Overall,25,18,25,2.0,2.223901,0.472768,1111,24,
2,248,Overall,Overall,25,6,25,-2.0,-2.272074,0.484371,886,24,
2,249,Overall,Overall,25,11,25,-0.5,-1.113149,0.417672,944,21,
2,250,Overall,Overall,25,13,25,1.5,1.269397,0.416524,1063,21,
2,251,Overall,Overall,25,12,25,0.0,-0.057008,0.408886,997,20,
2,252,Overall,Overall,25,15,25,1.5,1.650145,0.426316,1083,21,
2,253,Overall,Overall,25,11,25,-1.0,-1.314949,0.423915,934,21,
2,254,Overall,Overall,25,7,25,-2.0,-2.08754,0.468836,896,23,
2,255,Overall,Overall,25,8,25,-2.0,-1.749445,0.441465,913,22,
2,256,Overall,Overall,25,13,25,0.0,0.154138,0.410686,1008,21,
2,257,Overall,Overall,25,10,25,-1.0,-0.675429,0.430474,966,22,
2,258,Overall,Overall,25,12,25,-1.0,-1.042731,0.423718,948,21,
2,259,Overall,Overall,25,15,25,1.0,1.399495,0.430356,1070,22,
2,260,Overall,Overall,25,15,25,0.5,0.424996,0.435928,1021,22,
2,261,Overall,Overall,25,14,25,-1.0,-0.690854,0.421675,965,21,
2,262,Overall,Overall,25,11,25,0.5,0.273274,0.416955,1014,21,
2,263,Overall,Overall,25,9,25,-1.0,-1.152583,0.428209,942,21,
2,264,Overall,Overall,25,12,25,0.0,-0.155815,0.405799,992,20,
2,265,Overall,Overall,25,6,25,-2.0,-2.460245,0.486068,877,24,
2,266,Overall,Overall,25,13,25,0.0,-0.403968,0.412595,980,21,
2,267,Overall,Overall,25,17,25,1.0,1.20106,0.446882,1060,22,
2,268,Overall,Overall,25,16,25,0.0,-0.412143,0.433883,979,22,
2,269,Overall,Overall,25,14,25,2.0,1.368631,0.426312,1068,21,
2,270,Overall,Overall,25,9,25,-1.0,-1.082687,0.431586,946,22,
2,271,Overall,Overall,25,16,25,2.0,1.707881,0.437967,1085,22,
2,272,Overall,Overall,25,17,25,1.0,1.933402,0.451717,1097,23,
2,273,Overall,Overall,25,15,25,1.0,1.011711,0.418419,1051,21,
2,274,Overall,Overall,25,12,25,-0.5,-0.999462,0.415968,950,21,
2,275,Overall,Overall,25,8,25,-2.0,-1.654603,0.437764,917,22,
2,276,Overall,Overall,25,15,25,1.0,1.121501,0.422001,1056,21,
2,277,Overall,Overall,25,16,25,1.0,1.209745,0.436165,1060,22,
2,278,Overall,Overall,25,17,25,2.0,1.618127,0.453978,1081,23,
2,279,Overall,Overall,25,14,25,-0.5,-0.007184,0.41754,1000,21,
2,280,Overall,Overall,25,16,25,0.5,1.105144,0.427826,1055,21,
2,281,Overall,Overall,25,17,25,1.0,1.061492,0.437806,1053,22,
2,282,Overall,Overall,25,14,25,0.5,0.616066,0.415884,1031,21,
2,283,Overall,Overall,25,12,25,-2.0,-1.302803,0.419723,935,21,
2,284,Overall,Overall,25,12,25,0.5,0.621606,0.413169,1031,21,
2,285,Overall,Overall,25,17,25,2.0,2.037526,0.45552,1102,23,
2,286,Overall,Overall,25,8,25,-1.5,-1.552091,0.439581,922,22,
2,287,Overall,Overall,25,14,25,0.0,0.232401,0.411081,1012,21,
2,288,Overall,Overall,25,11,25,0.0,-0.452147,0.412476,977,21,
2,289,Overall,Overall,25,13,25,0.5,1.004816,0.41922,1050,21,
2,290,Overall,Overall,25,13,25,1.0,1.142714,0.417521,1057,21,
2,291,Overall,Overall,25,15,25,1.0,0.681393,0.41247,1034,21,
2,292,Overall,Overall,25,13,25,1.0,0.854067,0.418365,1043,21,
2,293,Overall,Overall,25,7,25,-2.0,-2.432685,0.465168,878,23,
2,294,Overall,Overall,25,6,25,-1.5,-2.215062,0.490907,889,25,
2,295,Overall,Overall,25,15,25,0.5,0.644837,0.414281,1032,21,
2,296,Overall,Overall,25,10,25,-0.5,-0.280412,0.414502,986,21,
2,297,Overall,Overall,25,18,25,2.0,2.221931,0.463992,1111,23,
2,298,Overall,Overall,25,17,25,1.0,1.933853,0.451037,1097,23,
2,299,Overall,Overall,25,13,25,0.5,1.216965,0.423409,1061,21,
2,300,Overall,Overall,25,13,25,0.5,0.710927,0.409638,1036,20,
2,301,Overall,Overall,25,13,25,0.5,-0.165531,0.40808,992,20,
2,302,Overall,Overall,25,12,25,0.0,-0.362106,0.408997,982,20,
2,303,Overall,Overall,25,11,25,-1.0,-1.245379,0.415153,938,21,
2,304,Overall,Overall,25,10,25,-1.5,-1.417158,0.423478,929,21,
2,305,Overall,Overall,25,10,25,-1.5,-1.281764,0.419622,936,21,
2,306,Overall,Overall,25,14,25,-0.5,-0.621242,0.415212,969,21,
2,307,Overall,Overall,25,12,25,-0.5,-0.645995,0.410531,968,21,
2,308,Overall,Overall,25,7,25,-2.0,-2.127048,0.464141,894,23,
2,309,Overall,Overall,25,13,25,-0.5,-0.425099,0.407257,979,20,
2,310,Overall,Overall,25,14,25,0.5,0.497057,0.406831,1025,20,
2,311,Overall,Overall,25,9,25,-1.0,-1.456466,0.427575,927,21,
2,312,Overall,Overall,25,14,25,-0.5,-0.247007,0.421458,988,21,
2,313,Overall,Overall,25,8,25,-0.5,-0.735718,0.448646,963,22,
2,314,Overall,Overall,25,10,25,-1.0,-0.769562,0.417854,962,21,
2,315,Overall,Overall,25,13,25,1.5,1.21838,0.419121,1061,21,
2,316,Overall,Overall,25,14,25,0.5,0.698531,0.409692,1035,20,
2,317,Overall,Overall,25,10,25,-1.5,-1.676432,0.427705,916,21,
2,318,Overall,Overall,25,12,25,0.0,0.351074,0.404405,1018,20,
2,319,Overall,Overall,25,16,25,1.5,1.883406,0.433603,1094,22,
2,320,Overall,Overall,25,11,25,0.5,0.249741,0.407588,1012,20,
2,321,Overall,Overall,25,11,25,-0.5,-0.891654,0.410173,955,21,
2,322,Overall,Overall,25,8,25,-2.0,-1.777348,0.438967,911,22,
2,323,Overall,Overall,25,6,25,-2.0,-2.3055,0.488346,885,24,
2,324,Overall,Overall,25,12,25,-0.5,-0.476716,0.410081,976,21,
2,325,Overall,Overall,25,14,25,2.0,1.053828,0.416998,1053,21,
2,326,Overall,Overall,25,11,25,-0.5,-0.253703,0.414447,987,21,
2,327,Overall,Overall,25,13,25,1.0,0.869449,0.416943,1043,21,
2,328,Overall,Overall,25,13,25,1.0,0.913048,0.416273,1046,21,
2,329,Overall,Overall,25,6,25,-2.0,-2.28524,0.48316,886,24,
2,330,Overall,Overall,25,7,25,-1.5,-1.897393,0.461454,905,23,
2,331,Overall,Overall,25,8,25,-0.5,-0.348872,0.44076,983,22,
2,332,Overall,Overall,25,22,25,2.0,3.378554,0.638255,1169,32,
2,333,Overall,Overall,25,13,25,0.5,0.726667,0.4135,1036,21,
2,334,Overall,Overall,25,17,25,1.5,1.889101,0.461943,1094,23,
2,335,Overall,Overall,25,14,25,1.0,0.648563,0.412141,1032,21,
2,336,Overall,Overall,25,14,25,0.0,0.10491,0.410538,1005,21,
2,337,Overall,Overall,25,11,25,-1.5,-1.121562,0.41506,944,21,
2,338,Overall,Overall,25,9,25,-2.0,-1.963444,0.438522,902,22,
2,339,Overall,Overall,25,14,25,1.5,0.656185,0.411166,1033,21,
2,340,Overall,Overall,25,13,25,1.0,0.743841,0.411296,1037,21,
2,341,Overall,Overall,25,13,25,-1.0,-0.750642,0.409102,962,20,
2,342,Overall,Overall,25,13,25,-1.0,-1.08313,0.418255,946,21,
2,343,Overall,Overall,25,21,25,2.0,2.732143,0.578625,1137,29,
2,344,Overall,Overall,25,5,25,-2.0,-2.543455,0.513295,873,26,
2,345,Overall,Overall,25,9,25,-0.5,-0.610495,0.426167,969,21,
2,346,Overall,Overall,25,17,25,1.5,2.156991,0.450213,1108,23,
2,347,Overall,Overall,25,10,25,-2.0,-1.647472,0.429849,918,21,
2,348,Overall,Overall,25,15,25,1.0,0.862096,0.424554,1043,21,
2,349,Overall,Overall,25,16,25,0.5,0.809589,0.422822,1040,21,
2,350,Overall,Overall,25,8,25,-1.5,-1.896067,0.443021,905,22,
2,351,Overall,Overall,25,15,25,1.0,0.751567,0.415828,1038,21,
2,352,Overall,Overall,25,10,25,-0.5,-0.832185,0.415383,958,21,
2,353,Overall,Overall,25,17,25,2.0,2.095666,0.453234,1105,23,
2,354,Overall,Overall,25,18,25,1.0,2.001447,0.461651,1100,23,
2,355,Overall,Overall,25,14,25,1.0,0.682295,0.409394,1034,20,
2,356,Overall,Overall,25,11,25,-1.0,-1.077909,0.410734,946,21,
2,357,Overall,Overall,25,19,25,2.0,1.855183,0.485442,1093,24,
2,358,Overall,Overall,25,9,25,-1.0,-1.784468,0.437426,911,22,
2,359,Overall,Overall,25,16,25,1.0,0.501316,0.427661,1025,21,
2,360,Overall,Overall,25,14,25,0.0,-0.166616,0.410006,992,21,
2,361,Overall,Overall,25,11,25,0.0,0.208658,0.411338,1010,21,
2,362,Overall,Overall,25,11,25,-1.5,-0.867347,0.417631,957,21,
2,363,Overall,Overall,25,16,25,1.0,0.971553,0.422057,1049,21,
2,364,Overall,Overall,25,16,25,1.0,0.942804,0.426196,1047,21,
2,365,Overall,Overall,25,11,25,0.0,-0.075291,0.410578,996,21,
2,366,Overall,Overall,25,15,25,2.0,1.448844,0.444372,1072,22,
2,367,Overall,Overall,25,10,25,-0.5,-0.330889,0.416448,983,21,
2,368,Overall,Overall,25,5,25,-1.5,-2.565292,0.523737,872,26,
2,369,Overall,Overall,25,15,25,0.0,-0.368994,0.421149,982,21,
2,370,Overall,Overall,25,14,25,0.5,1.34822,0.439199,1067,22,
2,371,Overall,Overall,25,9,25,-1.5,-1.635998,0.429341,918,21,
2,372,Overall,Overall,25,15,25,1.0,1.381903,0.436628,1069,22,
2,373,Overall,Overall,25,9,25,-1.0,-0.377175,0.421991,981,21,
2,374,Overall,Overall,25,8,25,-2.0,-1.795642,0.441781,910,22,
2,375,Overall,Overall,25,7,25,-2.0,-2.232973,0.46558,888,23,
2,376,Overall,Overall,25,10,25,-1.0,-0.665551,0.428517,967,21,
2,377,Overall,Overall,25,11,25,0.0,-0.101081,0.409768,995,20,
2,378,Overall,Overall,25,9,25,0.0,-0.007982,0.441683,1000,22,
2,379,Overall,Overall,25,13,25,2.0,1.133238,0.422144,1057,21,
2,380,Overall,Overall,25,15,25,0.5,0.552385,0.414634,1028,21,
2,381,Overall,Overall,25,15,25,0.0,0.084602,0.415789,1004,21,
2,382,Overall,Overall,25,9,25,-1.5,-1.924793,0.433446,904,22,
2,383,Overall,Overall,25,12,25,-0.5,-0.932579,0.409905,953,20,
2,384,Overall,Overall,25,19,25,2.0,2.136443,0.492319,1107,25,
2,385,Overall,Overall,25,11,25,0.5,0.028144,0.407105,1001,20,
2,386,Overall,Overall,25,11,25,0.5,0.083484,0.407273,1004,20,
2,387,Overall,Overall,25,18,25,2.0,2.187079,0.475962,1109,24,
2,388,Overall,Overall,25,12,25,-1.5,-0.837913,0.41536,958,21,
2,389,Overall,Overall,25,15,25,0.5,0.85094,0.413259,1043,21,
2,390,Overall,Overall,25,18,25,1.5,1.843839,0.460756,1092,23,
2,391,Overall,Overall,25,14,25,1.0,1.342147,0.42489,1067,21,
2,392,Overall,Overall,25,10,25,-0.5,-0.986575,0.432277,951,22,
2,393,Overall,Overall,25,18,25,2.0,2.197926,0.473876,1110,24,
2,394,Overall,Overall,25,15,25,1.0,1.163464,0.42568,1058,21,
2,395,Overall,Overall,25,11,25,-1.0,-1.159497,0.410158,942,21,
2,396,Overall,Overall,25,12,25,-0.5,-0.79474,0.409054,960,20,
2,397,Overall,Overall,25,17,25,1.5,0.854202,0.435716,1043,22,
2,398,Overall,Overall,25,14,25,1.0,0.69157,0.411439,1035,21,
2,399,Overall,Overall,25,8,25,-1.5,-2.010513,0.447163,899,22,
2,400,Overall,Overall,25,9,25,-0.5,-0.320243,0.42329,984,21,
2,401,Overall,Overall,25,19,25,1.5,2.200127,0.494281,1110,25,
2,402,Overall,Overall,25,8,25,-1.5,-1.653216,0.436435,917,22,
2,403,Overall,Overall,25,14,25,1.0,1.137555,0.416647,1057,21,
2,404,Overall,Overall,25,11,25,-0.5,-0.503776,0.410799,975,21,
2,405,Overall,Overall,25,11,25,-1.0,-0.662503,0.41245,967,21,
2,406,Overall,Overall,25,12,25,0.0,-0.359195,0.408512,982,20,
2,407,Overall,Overall,25,4,25,-2.0,-3.046286,0.577095,848,29,
2,408,Overall,Overall,25,5,25,-2.0,-2.414879,0.513855,879,26,
2,409,Overall,Overall,25,13,25,-0.5,-0.170553,0.408647,991,20,
2,410,Overall,Overall,25,10,25,-2.0,-1.647461,0.42735,918,21,
2,411,Overall,Overall,25,14,25,0.5,0.533349,0.410523,1027,21,
2,412,Overall,Overall,25,13,25,1.0,1.425144,0.421927,1071,21,
2,413,Overall,Overall,25,7,25,-2.0,-2.236075,0.465503,888,23,
2,414,Overall,Overall,25,9,25,-1.5,-1.432762,0.425871,928,21,
2,415,Overall,Overall,25,7,25,-2.0,-1.943903,0.459999,903,23,
2,416,Overall,Overall,25,12,25,-0.5,-0.515857,0.41757,974,21,
2,417,Overall,Overall,25,17,25,1.5,1.890324,0.44849,1095,22,
2,418,Overall,Overall,25,16,25,2.0,1.807862,0.443074,1090,22,
2,419,Overall,Overall,25,12,25,-1.0,-1.137927,0.415678,943,21,
2,420,Overall,Overall,25,11,25,-1.0,-1.434274,0.422669,928,21,
2,421,Overall,Overall,25,15,25,0.5,1.03689,0.414309,1052,21,
2,422,Overall,Overall,25,17,25,1.5,2.090663,0.455415,1105,23,
2,423,Overall,Overall,25,10,25,-1.5,-1.097883,0.423435,945,21,
2,424,Overall,Overall,25,15,25,1.0,1.43144,0.423315,1072,21,
2,425,Overall,Overall,25,14,25,2.0,1.224425,0.424914,1061,21,
2,426,Overall,Overall,25,14,25,-1.0,-0.462435,0.408686,977,20,
2,427,Overall,Overall,25,16,25,1.0,1.27526,0.43168,1064,22,
2,428,Overall,Overall,25,18,25,1.5,1.867447,0.465123,1093,23,
2,429,Overall,Overall,25,12,25,1.0,0.871311,0.424204,1044,21,
2,430,Overall,Overall,25,18,25,1.5,1.980419,0.463874,1099,23,
2,431,Overall,Overall,25,12,25,0.0,0.207587,0.405569,1010,20,
2,432,Overall,Overall,25,15,25,1.5,1.184888,0.418729,1059,21,
2,433,Overall,Overall,25,9,25,0.0,-0.691716,0.428244,965,21,
2,434,Overall,Overall,25,15,25,2.0,1.726883,0.430378,1086,22,
2,435,Overall,Overall,25,13,25,0.5,0.024645,0.404567,1001,20,
2,436,Overall,Overall,25,11,25,0.5,-0.20774,0.407675,990,20,
2,437,Overall,Overall,25,13,25,0.0,-0.20936,0.40873,990,20,
2,438,Overall,Overall,25,17,25,0.5,0.599692,0.448791,1030,22,
2,439,Overall,Overall,25,18,25,2.0,2.283324,0.47071,1114,24,
2,440,Overall,Overall,25,12,25,-1.0,-1.28709,0.420431,936,21,
2,441,Overall,Overall,25,8,25,-1.5,-1.996147,0.445764,900,22,
2,442,Overall,Overall,25,5,25,-2.0,-2.676513,0.517325,866,26,
2,443,Overall,Overall,25,6,25,-2.0,-2.229903,0.479851,889,24,
2,444,Overall,Overall,25,9,25,-1.5,-1.405807,0.424776,930,21,
2,445,Overall,Overall,25,14,25,0.0,0.06674,0.412114,1003,21,
2,446,Overall,Overall,25,18,25,2.0,2.366808,0.466712,1118,23,
2,447,Overall,Overall,25,13,25,0.5,0.924099,0.415962,1046,21,
2,448,Overall,Overall,25,15,25,-0.5,-0.317309,0.42508,984,21,
2,449,Overall,Overall,25,11,25,-0.5,-0.0486,0.410117,998,21,
2,450,Overall,Overall,25,12,25,-2.0,-0.911773,0.413696,954,21,
2,451,Overall,Overall,25,7,25,-2.0,-1.999148,0.461886,900,23,
2,452,Overall,Overall,25,19,25,2.0,2.422566,0.498464,1121,25,
2,453,Overall,Overall,25,16,25,1.0,1.17971,0.445652,1059,22,
2,454,Overall,Overall,25,10,25,-1.0,-0.728305,0.416487,964,21,
2,455,Overall,Overall,25,14,25,-1.0,-0.782354,0.419991,961,21,
2,456,Overall,Overall,25,12,25,-1.5,-1.105365,0.418659,945,21,
2,457,Overall,Overall,25,14,25,0.5,0.749121,0.410674,1037,21,
2,458,Overall,Overall,25,9,25,-1.5,-1.64205,0.435804,918,22,
2,459,Overall,Overall,25,12,25,-0.5,-0.187654,0.405304,991,20,
2,460,Overall,Overall,25,10,25,-1.0,-1.364572,0.42113,932,21,
2,461,Overall,Overall,25,13,25,0.0,-0.64394,0.409473,968,20,
2,462,Overall,Overall,25,20,25,2.0,2.731656,0.525488,1137,26,
2,463,Overall,Overall,25,8,25,-2.0,-1.389101,0.447092,931,22,
2,464,Overall,Overall,25,11,25,-0.5,-0.367202,0.409883,982,20,
2,465,Overall,Overall,25,16,25,0.0,0.114649,0.426909,1006,21,
2,466,Overall,Overall,25,10,25,-1.5,-1.504367,0.425069,925,21,
2,467,Overall,Overall,25,18,25,1.5,1.757095,0.45868,1088,23,
2,468,Overall,Overall,25,11,25,0.0,0.166594,0.410761,1008,21,
2,469,Overall,Overall,25,16,25,2.0,1.896342,0.442755,1095,22,
2,470,Overall,Overall,25,9,25,-1.5,-1.543312,0.42991,923,21,
2,471,Overall,Overall,25,13,25,1.0,0.633907,0.407629,1032,20,
2,472,Overall,Overall,25,13,25,-0.5,-0.263634,0.407612,987,20,
2,473,Overall,Overall,25,17,25,2.0,1.981806,0.446299,1099,22,
2,474,Overall,Overall,25,13,25,-1.0,-0.726946,0.410802,964,21,
2,475,Overall,Overall,25,16,25,0.0,0.725914,0.424176,1036,21,
2,476,Overall,Overall,25,11,25,-0.5,-1.054437,0.411885,947,21,
2,477,Overall,Overall,25,16,25,0.5,-0.117944,0.42779,994,21,
2,478,Overall,Overall,25,11,25,-1.0,-0.985278,0.413767,951,21,
2,479,Overall,Overall,25,16,25,2.0,1.745362,0.436128,1087,22,
2,480,Overall,Overall,25,7,25,-1.0,-1.775063,0.456388,911,23,
2,481,Overall,Overall,25,16,25,0.5,-0.033992,0.434281,998,22,
2,482,Overall,Overall,25,15,25,1.0,0.69402,0.418733,1035,21,
2,483,Overall,Overall,25,15,25,0.0,0.459043,0.41903,1023,21,
2,484,Overall,Overall,25,11,25,-1.5,-1.33286,0.419893,933,21,
2,485,Overall,Overall,25,11,25,0.5,-0.228936,0.408181,989,20,
2,486,Overall,Overall,25,8,25,-1.5,-1.916777,0.447025,904,22,
2,487,Overall,Overall,25,16,25,1.5,1.505052,0.430634,1075,22,
2,488,Overall,Overall,25,16,25,0.5,0.568113,0.42668,1028,21,
2,489,Overall,Overall,25,18,25,2.0,2.141197,0.466625,1107,23,
2,490,Overall,Overall,25,18,25,1.5,2.025325,0.46957,1101,23,
2,491,Overall,Overall,25,11,25,-1.5,-1.356256,0.422239,932,21,
2,492,Overall,Overall,25,15,25,1.0,0.667107,0.423582,1033,21,
2,493,Overall,Overall,25,15,25,1.0,0.81534,0.415613,1041,21,
2,494,Overall,Overall,25,11,25,-1.0,-0.578618,0.415027,971,21,
2,495,Overall,Overall,25,19,25,1.0,1.40542,0.476763,1070,24,
2,496,Overall,Overall,25,14,25,-0.5,-0.716628,0.420972,964,21,
2,497,Overall,Overall,25,7,25,-2.0,-1.309694,0.457774,935,23,
2,498,Overall,Overall,25,14,25,1.0,0.693151,0.412314,1035,21,
2,499,Overall,Overall,25,14,25,-0.5,-0.4964,0.413552,975,21,
2,500,Overall,Overall,25,19,25,2.0,2.507811,0.49573,1125,25,
2,501,Overall,Overall,25,20,25,2.0,2.747064,0.524265,1137,26,
2,502,Overall,Overall,25,11,25,0.0,-0.542817,0.413162,973,21,
2,503,Overall,Overall,25,18,25,2.0,2.023779,0.470311,1101,24,
2,504,Overall,Overall,25,10,25,-1.0,-1.361141,0.421189,932,21,
2,505,Overall,Overall,25,9,25,-1.5,-1.866986,0.438371,907,22,
2,506,Overall,Overall,25,15,25,0.5,1.480114,0.428003,1074,21,
2,507,Overall,Overall,25,11,25,0.5,0.310996,0.408192,1016,20,
2,508,Overall,Overall,25,14,25,0.5,0.659707,0.409997,1033,20,
2,509,Overall,Overall,25,8,25,-0.5,-1.297933,0.439388,935,22,
2,510,Overall,Overall,25,18,25,2.0,2.11562,0.460512,1106,23,
2,511,Overall,Overall,25,14,25,-0.5,-0.642566,0.412645,968,21,
2,512,Overall,Overall,25,13,25,0.0,-0.807986,0.414585,960,21,
2,513,Overall,Overall,25,16,25,-0.5,-0.12065,0.439488,994,22,
2,514,Overall,Overall,25,12,25,-1.0,-0.872797,0.411064,956,21,
2,515,Overall,Overall,25,15,25,1.5,1.507622,0.425645,1075,21,
2,516,Overall,Overall,25,11,25,-1.0,-1.445805,0.421435,928,21,
2,517,Overall,Overall,25,13,25,-1.0,-0.26372,0.40991,987,20,
2,518,Overall,Overall,25,13,25,1.5,0.873578,0.418942,1044,21,
2,519,Overall,Overall,25,16,25,1.0,0.735749,0.426768,1037,21,
2,520,Overall,Overall,25,9,25,0.5,-0.326024,0.431747,984,22,
2,521,Overall,Overall,25,10,25,-1.0,-1.179491,0.418817,941,21,
2,522,Overall,Overall,25,12,25,0.5,0.509661,0.423367,1025,21,
2,523,Overall,Overall,25,8,25,-1.5,-1.584252,0.454513,921,23,
2,524,Overall,Overall,25,10,25,-1.5,-1.686803,0.426178,916,21,
2,525,Overall,Overall,25,12,25,-0.5,-0.216794,0.407229,989,20,
2,526,Overall,Overall,25,6,25,-2.0,-1.966007,0.485225,902,24,
2,527,Overall,Overall,25,12,25,0.5,0.02895,0.411118,1001,21,
2,528,Overall,Overall,25,13,25,-0.5,-0.442876,0.413485,978,21,
2,529,Overall,Overall,25,10,25,-2.0,-1.142096,0.416801,943,21,
2,530,Overall,Overall,25,12,25,-1.0,-0.722524,0.408598,964,20,
2,531,Overall,Overall,25,17,25,2.0,1.368104,0.442384,1068,22,
2,532,Overall,Overall,25,12,25,0.5,0.794417,0.427286,1040,21,
2,533,Overall,Overall,25,18,25,1.0,1.460489,0.469394,1073,23,
2,534,Overall,Overall,25,12,25,0.5,0.161211,0.408346,1008,20,
2,535,Overall,Overall,25,12,25,-1.0,-0.752461,0.407035,962,20,
2,536,Overall,Overall,25,13,25,1.0,0.576218,0.407078,1029,20,
2,537,Overall,Overall,25,9,25,0.5,-0.497372,0.429601,975,21,
2,538,Overall,Overall,25,18,25,2.0,2.154023,0.457678,1108,23,
2,539,Overall,Overall,25,15,25,0.0,0.111533,0.419697,1006,21,
2,540,Overall,Overall,25,5,25,-2.0,-2.497005,0.519823,875,26,
2,541,Overall,Overall,25,13,25,0.5,0.149796,0.406793,1007,20,
2,542,Overall,Overall,25,12,25,0.5,-0.366766,0.410887,982,21,
2,543,Overall,Overall,25,17,25,1.5,1.432383,0.443106,1072,22,
2,544,Overall,Overall,25,18,25,2.0,2.380193,0.466251,1119,23,
2,545,Overall,Overall,25,10,25,-1.5,-1.661328,0.431668,917,22,
2,546,Overall,Overall,25,17,25,1.5,1.333422,0.465105,1067,23,
2,547,Overall,Overall,25,10,25,-1.5,-1.77295,0.431581,911,22,
2,548,Overall,Overall,25,10,25,0.0,-0.423763,0.416871,979,21,
2,549,Overall,Overall,25,16,25,2.0,1.779995,0.437842,1089,22,
2,550,Overall,Overall,25,10,25,-1.5,-1.362076,0.422785,932,21,
2,551,Overall,Overall,25,14,25,1.5,1.42752,0.429239,1071,21,
2,552,Overall,Overall,25,10,25,-2.0,-1.670752,0.431882,916,22,
2,553,Overall,Overall,25,12,25,-0.5,0.263044,0.406325,1013,20,
2,554,Overall,Overall,25,12,25,0.0,-0.637356,0.411156,968,21,
2,555,Overall,Overall,25,13,25,1.0,0.557431,0.410438,1028,21,
2,556,Overall,Overall,25,13,25,0.5,0.36158,0.40859,1018,20,
2,557,Overall,Overall,25,14,25,0.0,-0.261085,0.420108,987,21,
2,558,Overall,Overall,25,15,25,1.0,0.906636,0.416894,1045,21,
2,559,Overall,Overall,25,6,25,-2.0,-2.282427,0.483628,886,24,
2,560,Overall,Overall,25,17,25,1.5,1.652251,0.444781,1083,22,
2,561,Overall,Overall,25,12,25,0.5,0.195778,0.410294,1010,21,
2,562,Overall,Overall,25,11,25,-1.5,-1.040219,0.41307,948,21,
2,563,Overall,Overall,25,17,25,2.0,1.778014,0.447595,1089,22,
2,564,Overall,Overall,25,13,25,-0.5,-0.63447,0.407358,968,20,
2,565,Overall,Overall,25,18,25,1.5,1.638038,0.465568,1082,23,
2,566,Overall,Overall,25,14,25,-0.5,-0.50183,0.413393,975,21,
2,567,Overall,Overall,25,11,25,-1.5,-1.368346,0.420961,932,21,
2,568,Overall,Overall,25,13,25,1.5,1.17118,0.418037,1059,21,
2,569,Overall,Overall,25,15,25,1.5,1.30341,0.424042,1065,21,
2,570,Overall,Overall,25,6,25,-1.5,-1.685688,0.487743,916,24,
2,571,Overall,Overall,25,11,25,0.5,0.665383,0.418662,1033,21,
2,572,Overall,Overall,25,7,25,-1.5,-1.874486,0.461921,906,23,
2,573,Overall,Overall,25,6,25,-1.5,-2.266422,0.498781,887,25,
2,574,Overall,Overall,25,13,25,0.0,0.183028,0.407617,1009,20,
2,575,Overall,Overall,25,12,25,0.0,-0.684718,0.420843,966,21,
2,576,Overall,Overall,25,16,25,1.5,1.540207,0.43651,1077,22,
2,577,Overall,Overall,25,12,25,-1.0,-1.26786,0.420736,937,21,
2,578,Overall,Overall,25,8,25,-1.0,-1.519236,0.44517,924,22,
2,579,Overall,Overall,25,13,25,1.5,1.350411,0.416205,1068,21,
2,580,Overall,Overall,25,19,25,2.0,2.37323,0.479815,1119,24,
2,581,Overall,Overall,25,17,25,1.5,1.750993,0.449579,1088,22,
2,582,Overall,Overall,25,14,25,-1.5,-0.142556,0.418479,993,21,
2,583,Overall,Overall,25,5,25,-2.0,-2.643153,0.524953,868,26,
2,584,Overall,Overall,25,15,25,1.5,1.65177,0.432156,1083,22,
2,585,Overall,Overall,25,3,25,-2.0,-3.427956,0.634905,829,32,
2,586,Overall,Overall,25,17,25,2.0,2.082028,0.454419,1104,23,
2,587,Overall,Overall,25,10,25,-2.0,-1.487393,0.424588,926,21,
2,588,Overall,Overall,25,11,25,-2.0,-1.481205,0.424605,926,21,
2,589,Overall,Overall,25,14,25,2.0,1.329484,0.416907,1066,21,
2,590,Overall,Overall,25,14,25,1.0,0.994285,0.422334,1050,21,
2,591,Overall,Overall,25,17,25,2.0,1.830074,0.452925,1092,23,
2,592,Overall,Overall,25,11,25,0.0,-0.537551,0.414282,973,21,
2,593,Overall,Overall,25,13,25,-1.0,-0.829412,0.422818,959,21,
2,594,Overall,Overall,25,12,25,-0.5,-0.15959,0.405422,992,20,
2,595,Overall,Overall,25,9,25,-1.0,-0.636584,0.426886,968,21,
2,596,Overall,Overall,25,11,25,-1.0,-1.289103,0.417944,936,21,
2,597,Overall,Overall,25,15,25,0.0,0.388319,0.425547,1019,21,
2,598,Overall,Overall,25,17,25,-0.5,0.034091,0.444558,1002,22,
2,599,Overall,Overall,25,5,25,-2.0,-2.554075,0.513359,872,26,
2,600,Overall,Overall,25,16,25,2.0,1.756474,0.44184,1088,22,
2,601,Overall,Overall,25,12,25,0.0,-0.772334,0.427007,961,21,
2,602,Overall,Overall,25,11,25,0.0,0.078416,0.411501,1004,21,
2,603,Overall,Overall,25,15,25,2.0,1.264684,0.424095,1063,21,
2,604,Overall,Overall,25,12,25,-1.0,-0.847845,0.409741,958,20,
2,605,Overall,Overall,25,19,25,1.5,2.018048,0.491991,1101,25,
2,606,Overall,Overall,25,12,25,1.0,0.960699,0.417618,1048,21,
2,607,Overall,Overall,25,14,25,0.5,1.126219,0.423066,1056,21,
2,608,Overall,Overall,25,17,25,1.0,1.482257,0.448998,1074,22,
2,609,Overall,Overall,25,12,25,0.5,1.044509,0.414354,1052,21,
2,610,Overall,Overall,25,12,25,-0.5,-0.688205,0.408159,966,20,
2,611,Overall,Overall,25,14,25,0.0,-0.247702,0.409694,988,20,
2,612,Overall,Overall,25,11,25,-1.5,-1.151977,0.415536,942,21,
2,613,Overall,Overall,25,7,25,-2.0,-2.293379,0.462149,885,23,
2,614,Overall,Overall,25,11,25,-0.5,-0.263964,0.408698,987,20,
2,615,Overall,Overall,25,5,25,-2.0,-2.534034,0.514109,873,26,
2,616,Overall,Overall,25,13,25,1.5,0.633421,0.406861,1032,20,
2,617,Overall,Overall,25,20,25,2.0,2.800226,0.523895,1140,26,
2,618,Overall,Overall,25,18,25,1.0,1.26565,0.449798,1063,22,
2,619,Overall,Overall,25,13,25,0.5,0.780782,0.411337,1039,21,
2,620,Overall,Overall,25,9,25,-0.5,-1.108865,0.428914,945,21,
2,621,Overall,Overall,25,9,25,-1.5,-1.437256,0.441319,928,22,
2,622,Overall,Overall,25,6,25,-2.0,-2.283921,0.482292,886,24,
2,623,Overall,Overall,25,17,25,1.0,1.461903,0.450983,1073,23,
2,624,Overall,Overall,25,10,25,-1.5,-1.719828,0.428001,914,21,
2,625,Overall,Overall,25,13,25,-1.0,-0.741698,0.408674,963,20,
2,626,Overall,Overall,25,16,25,2.0,1.900763,0.440967,1095,22,
2,627,Overall,Overall,25,17,25,2.0,1.850652,0.457914,1093,23,
2,628,Overall,Overall,25,18,25,2.0,1.98152,0.46274,1099,23,
2,629,Overall,Overall,25,11,25,-2.0,-1.430318,0.42719,928,21,
2,630,Overall,Overall,25,9,25,-1.0,-1.459056,0.429047,927,21,
2,631,Overall,Overall,25,17,25,1.5,1.370526,0.435767,1069,22,
2,632,Overall,Overall,25,11,25,0.5,-0.122868,0.410466,994,21,
2,633,Overall,Overall,25,11,25,-1.0,-0.622735,0.415426,969,21,
2,634,Overall,Overall,25,16,25,0.5,0.802371,0.426373,1040,21,
2,635,Overall,Overall,25,8,25,-2.0,-2.041821,0.447911,898,22,
2,636,Overall,Overall,25,17,25,0.5,0.779884,0.434459,1039,22,
2,637,Overall,Overall,25,17,25,1.5,1.655719,0.461706,1083,23,
2,638,Overall,Overall,25,13,25,-0.5,-0.043524,0.408896,998,20,
2,639,Overall,Overall,25,12,25,0.5,0.742669,0.41464,1037,21,
2,640,Overall,Overall,25,11,25,0.5,0.005395,0.409121,1000,20,
2,641,Overall,Overall,25,12,25,1.5,1.153818,0.429559,1058,21,
2,642,Overall,Overall,25,18,25,2.0,2.019505,0.462142,1101,23,
2,643,Overall,Overall,25,8,25,-2.0,-1.745872,0.445482,913,22,
2,644,Overall,Overall,25,15,25,1.0,1.501528,0.430781,1075,22,
2,645,Overall,Overall,25,19,25,2.0,2.232183,0.490891,1112,25,
2,646,Overall,Overall,25,15,25,1.5,1.412281,0.42922,1071,21,
2,647,Overall,Overall,25,20,25,1.5,2.441024,0.538593,1122,27,
2,648,Overall,Overall,25,11,25,-1.5,-1.595389,0.42049,920,21,
2,649,Overall,Overall,25,11,25,-0.5,-0.343268,0.4072,983,20,
2,650,Overall,Overall,25,16,25,1.5,1.121631,0.422006,1056,21,
2,651,Overall,Overall,25,15,25,1.0,1.022172,0.415963,1051,21,
2,652,Overall,Overall,25,11,25,-1.5,-1.473347,0.423876,926,21,
2,653,Overall,Overall,25,14,25,1.0,0.025791,0.411559,1001,21,
2,654,Overall,Overall,25,6,25,-2.0,-2.518191,0.491685,874,25,
2,655,Overall,Overall,25,13,25,0.0,0.37227,0.407519,1019,20,
2,656,Overall,Overall,25,11,25,1.0,0.360868,0.409868,1018,20,
2,657,Overall,Overall,25,9,25,-1.0,-1.731999,0.433817,913,22,
2,658,Overall,Overall,25,14,25,2.0,0.830152,0.411137,1042,21,
2,659,Overall,Overall,25,16,25,1.5,1.272932,0.428362,1064,21,
2,660,Overall,Overall,25,13,25,0.0,-0.339448,0.408131,983,20,
2,661,Overall,Overall,25,16,25,1.0,1.841438,0.443149,1092,22,
2,662,Overall,Overall,25,11,25,-1.0,-0.401997,0.41806,980,21,
2,663,Overall,Overall,25,17,25,1.0,1.474819,0.458399,1074,23,
2,664,Overall,Overall,25,16,25,1.0,1.697389,0.453392,1085,23,
2,665,Overall,Overall,25,20,25,2.0,2.487657,0.521584,1124,26,
2,666,Overall,Overall,25,6,25,-2.0,-2.442513,0.486105,878,24,
2,667,Overall,Overall,25,13,25,-0.5,-0.799387,0.413159,960,21,
2,668,Overall,Overall,25,13,25,0.0,-0.656707,0.408922,967,20,
2,669,Overall,Overall,25,3,25,-2.0,-3.210042,0.635589,839,32,
2,670,Overall,Overall,25,11,25,-0.5,-0.52941,0.411499,974,21,
2,671,Overall,Overall,25,15,25,1.5,1.284853,0.421403,1064,21,
2,672,Overall,Overall,25,14,25,1.5,1.43657,0.424689,1072,21,
2,673,Overall,Overall,25,11,25,-1.5,-1.235558,0.422921,938,21,
2,674,Overall,Overall,25,9,25,-1.0,-0.884809,0.425275,956,21,
2,675,Overall,Overall,25,14,25,1.0,1.577468,0.426316,1079,21,
2,676,Overall,Overall,25,19,25,1.5,1.983932,0.480657,1099,24,
2,677,Overall,Overall,25,12,25,-1.0,-0.89271,0.409923,955,20,
2,678,Overall,Overall,25,16,25,0.0,0.004532,0.432489,1000,22,
2,679,Overall,Overall,25,9,25,-2.0,-1.802927,0.442132,910,22,
2,680,Overall,Overall,25,17,25,0.5,1.568767,0.44167,1078,22,
2,681,Overall,Overall,25,16,25,1.5,1.959931,0.438255,1098,22,
2,682,Overall,Overall,25,12,25,0.0,-0.354078,0.418384,982,21,
2,683,Overall,Overall,25,10,25,0.5,0.107255,0.418082,1005,21,
2,684,Overall,Overall,25,10,25,-1.5,-1.194884,0.415203,940,21,
2,685,Overall,Overall,25,14,25,1.5,1.074661,0.41554,1054,21,
2,686,Overall,Overall,25,9,25,-2.0,-1.818303,0.442109,909,22,
2,687,Overall,Overall,25,16,25,0.5,0.285284,0.432783,1014,22,
2,688,Overall,Overall,25,11,25,-1.0,-1.013397,0.417383,949,21,
2,689,Overall,Overall,25,8,25,-0.5,-0.17133,0.44518,991,22,
2,690,Overall,Overall,25,16,25,0.5,0.827224,0.424857,1041,21,
2,691,Overall,Overall,25,14,25,1.5,1.349332,0.426564,1067,21,
2,692,Overall,Overall,25,18,25,1.5,1.590221,0.452374,1080,23,
2,693,Overall,Overall,25,18,25,2.0,2.189941,0.473087,1109,24,
2,694,Overall,Overall,25,17,25,1.5,1.871533,0.444194,1094,22,
2,695,Overall,Overall,25,16,25,1.0,0.778022,0.423961,1039,21,
2,696,Overall,Overall,25,16,25,1.0,1.594514,0.446155,1080,22,
2,697,Overall,Overall,25,12,25,0.0,0.449567,0.40611,1022,20,
2,698,Overall,Overall,25,19,25,2.0,1.860252,0.481011,1093,24,
2,699,Overall,Overall,25,8,25,0.0,-0.484114,0.451898,976,23,
2,700,Overall,Overall,25,19,25,2.0,2.553281,0.492265,1128,25,
2,701,Overall,Overall,25,13,25,1.0,0.92543,0.411603,1046,21,
2,702,Overall,Overall,25,9,25,-0.5,-0.957184,0.447581,952,22,
2,703,Overall,Overall,25,6,25,-2.0,-2.47833,0.495637,876,25,
2,704,Overall,Overall,25,12,25,-2.0,-1.261819,0.421987,937,21,
2,705,Overall,Overall,25,9,25,-1.5,-1.543028,0.431257,923,22,
2,706,Overall,Overall,25,13,25,1.0,0.730833,0.410044,1037,21,
2,707,Overall,Overall,25,12,25,-2.0,-1.183426,0.414874,941,21,
2,708,Overall,Overall,25,10,25,0.5,0.024985,0.418686,1001,21,
2,709,Overall,Overall,25,18,25,2.0,1.942888,0.476083,1097,24,
2,710,Overall,Overall,25,17,25,1.5,1.580728,0.444038,1079,22,
2,711,Overall,Overall,25,12,25,-1.5,-1.04555,0.414157,948,21,
2,712,Overall,Overall,25,7,25,-2.0,-2.094954,0.462676,895,23,
2,713,Overall,Overall,25,10,25,-1.5,-1.445454,0.430766,928,22,
2,714,Overall,Overall,25,10,25,-1.5,-1.328253,0.417272,934,21,
2,715,Overall,Overall,25,15,25,0.5,0.047202,0.418561,1002,21,
2,716,Overall,Overall,25,9,25,-1.5,-1.44156,0.424819,928,21,
2,717,Overall,Overall,25,10,25,0.0,-0.273694,0.411942,986,21,
2,718,Overall,Overall,25,12,25,-1.5,-1.129908,0.415543,944,21,
2,719,Overall,Overall,25,15,25,1.5,1.548953,0.431805,1077,22,
2,720,Overall,Overall,25,15,25,0.5,1.394317,0.427888,1070,21,
2,721,Overall,Overall,25,13,25,-1.0,-0.430077,0.409531,978,20,
2,722,Overall,Overall,25,10,25,-0.5,0.136553,0.414504,1007,21,
2,723,Overall,Overall,25,14,25,0.5,-0.127062,0.411577,994,21,
2,724,Overall,Overall,25,16,25,1.5,1.679571,0.432709,1084,22,
2,725,Overall,Overall,25,18,25,1.5,2.000001,0.470207,1100,24,
2,726,Overall,Overall,25,16,25,2.0,1.896342,0.442755,1095,22,
2,727,Overall,Overall,25,13,25,0.5,0.591051,0.402698,1030,20,
2,728,Overall,Overall,25,9,25,-1.5,-1.816157,0.435181,909,22,
2,729,Overall,Overall,25,10,25,0.0,-0.44983,0.417357,978,21,
2,730,Overall,Overall,25,20,25,1.5,2.685712,0.52889,1134,26,
2,731,Overall,Overall,25,15,25,1.0,0.815278,0.411544,1041,21,
2,732,Overall,Overall,25,7,25,-2.0,-2.293379,0.462149,885,23,
2,733,Overall,Overall,25,11,25,0.0,-0.351352,0.409278,982,20,
2,734,Overall,Overall,25,12,25,1.5,0.941771,0.421859,1047,21,
2,735,Overall,Overall,25,16,25,0.0,-0.105005,0.424602,995,21,
2,736,Overall,Overall,25,11,25,0.0,0.22205,0.409744,1011,20,
2,737,Overall,Overall,25,15,25,1.0,1.378668,0.430115,1069,22,
2,738,Overall,Overall,25,14,25,-0.5,0.71131,0.406763,1036,20,
2,739,Overall,Overall,25,18,25,2.0,1.113996,0.458095,1056,23,
2,740,Overall,Overall,25,12,25,0.0,-0.196929,0.410634,990,21,
2,741,Overall,Overall,25,11,25,0.0,0.22637,0.412249,1011,21,
2,742,Overall,Overall,25,12,25,-0.5,-0.369339,0.411631,982,21,
2,743,Overall,Overall,25,13,25,0.5,0.377282,0.410269,1019,21,
2,744,Overall,Overall,25,17,25,2.0,2.009418,0.460086,1100,23,
2,745,Overall,Overall,25,13,25,1.0,0.931731,0.422605,1047,21,
2,746,Overall,Overall,25,12,25,-0.5,-1.093556,0.41707,945,21,
2,747,Overall,Overall,25,12,25,0.0,0.311365,0.403273,1016,20,
2,748,Overall,Overall,25,15,25,0.0,0.43262,0.422561,1022,21,
2,749,Overall,Overall,25,17,25,1.0,2.087447,0.453593,1104,23,
2,750,Overall,Overall,25,13,25,0.0,0.253845,0.409696,1013,20,
2,751,Overall,Overall,25,18,25,1.5,2.127117,0.466566,1106,23,
2,752,Overall,Overall,25,17,25,1.5,1.52429,0.456802,1076,23,
2,753,Overall,Overall,25,5,25,-2.0,-2.562456,0.516899,872,26,
2,754,Overall,Overall,25,15,25,2.0,1.598693,0.427384,1080,21,
2,755,Overall,Overall,25,16,25,1.5,1.098923,0.424259,1055,21,
2,756,Overall,Overall,25,13,25,1.0,1.02175,0.42059,1051,21,
2,757,Overall,Overall,25,15,25,1.0,1.347496,0.439277,1067,22,
2,758,Overall,Overall,25,10,25,-1.0,-1.523814,0.427992,924,21,
2,759,Overall,Overall,25,15,25,1.5,1.502834,0.434477,1075,22,
2,760,Overall,Overall,25,11,25,-1.5,-1.02878,0.415053,949,21,
2,761,Overall,Overall,25,13,25,-1.0,-0.080697,0.416663,996,21,
2,762,Overall,Overall,25,14,25,0.0,0.131087,0.414451,1007,21,
2,763,Overall,Overall,25,11,25,-1.5,-0.500734,0.407966,975,20,
2,764,Overall,Overall,25,11,25,-1.0,-1.314043,0.41951,934,21,
2,765,Overall,Overall,25,8,25,-1.5,-1.720513,0.443087,914,22,
2,766,Overall,Overall,25,12,25,1.0,0.753548,0.43377,1038,22,
2,767,Overall,Overall,25,14,25,1.0,1.170801,0.423665,1059,21,
2,768,Overall,Overall,25,7,25,-1.5,-2.238822,0.465018,888,23,
2,769,Overall,Overall,25,12,25,0.0,0.423458,0.420905,1021,21,
2,770,Overall,Overall,25,18,25,1.5,2.223379,0.471382,1111,24,
2,771,Overall,Overall,25,16,25,2.0,1.744776,0.439253,1087,22,
2,772,Overall,Overall,25,15,25,0.0,0.219245,0.422977,1011,21,
2,773,Overall,Overall,25,14,25,0.0,-0.126954,0.409771,994,20,
2,774,Overall,Overall,25,9,25,-2.0,-1.434179,0.430025,928,22,
2,775,Overall,Overall,25,14,25,0.0,0.269782,0.411821,1013,21,
2,776,Overall,Overall,25,13,25,-1.0,-1.145303,0.419652,943,21,
2,777,Overall,Overall,25,15,25,-0.5,-0.082429,0.426177,996,21,
2,778,Overall,Overall,25,10,25,-1.0,-1.576576,0.432053,921,22,
2,779,Overall,Overall,25,16,25,0.0,1.227336,0.446378,1061,22,
2,780,Overall,Overall,25,12,25,0.0,-0.897606,0.411525,955,21,
2,781,Overall,Overall,25,9,25,-1.5,-1.827988,0.435269,909,22,
2,782,Overall,Overall,25,8,25,-1.5,-1.492358,0.437648,925,22,
2,783,Overall,Overall,25,8,25,-1.5,-1.827307,0.443344,909,22,
2,784,Overall,Overall,25,11,25,-1.0,-0.865123,0.415642,957,21,
2,785,Overall,Overall,25,13,25,1.5,1.327419,0.430848,1066,22,
2,786,Overall,Overall,25,14,25,-0.5,-0.30974,0.411624,985,21,
2,787,Overall,Overall,25,11,25,-1.5,-1.57695,0.426311,921,21,
2,788,Overall,Overall,25,12,25,0.0,-0.750542,0.411096,962,21,
2,789,Overall,Overall,25,10,25,0.0,-0.591237,0.419801,970,21,
2,790,Overall,Overall,25,6,25,-2.0,-2.183067,0.482718,891,24,
2,791,Overall,Overall,25,18,25,2.0,2.011787,0.467901,1101,23,
2,792,Overall,Overall,25,18,25,1.5,1.763728,0.459721,1088,23,
2,793,Overall,Overall,25,8,25,-1.5,-1.728433,0.438853,914,22,
2,794,Overall,Overall,25,11,25,-0.5,-0.88636,0.412814,956,21,
2,795,Overall,Overall,25,12,25,-1.0,-0.496963,0.408628,975,20,
2,796,Overall,Overall,25,8,25,-2.0,-1.771578,0.457136,911,23,
2,797,Overall,Overall,25,16,25,1.5,1.674808,0.442716,1084,22,
2,798,Overall,Overall,25,8,25,-2.0,-1.634088,0.44284,918,22,
2,799,Overall,Overall,25,15,25,1.5,1.366799,0.432098,1068,22,
2,800,Overall,Overall,25,10,25,-1.0,-1.046286,0.417314,948,21,
2,801,Overall,Overall,25,13,25,0.0,0.856316,0.415267,1043,21,
2,802,Overall,Overall,25,16,25,1.5,1.572527,0.442055,1079,22,
2,803,Overall,Overall,25,12,25,-0.5,0.523596,0.417755,1026,21,
2,804,Overall,Overall,25,11,25,0.5,0.574511,0.421695,1029,21,
2,805,Overall,Overall,25,6,25,-2.0,-1.980011,0.475419,901,24,
2,806,Overall,Overall,25,14,25,0.0,-0.119884,0.413915,994,21,
2,807,Overall,Overall,25,12,25,0.0,-0.154161,0.405409,992,20,
2,808,Overall,Overall,25,9,25,-1.5,-1.966527,0.439949,902,22,
2,809,Overall,Overall,25,17,25,0.5,0.964348,0.436635,1048,22,
2,810,Overall,Overall,25,19,25,2.0,2.174491,0.483932,1109,24,
2,811,Overall,Overall,25,9,25,-2.0,-1.832115,0.437738,908,22,
2,812,Overall,Overall,25,10,25,-1.5,-1.342842,0.419734,933,21,
2,813,Overall,Overall,25,12,25,-1.0,-0.288926,0.409208,986,20,
2,814,Overall,Overall,25,13,25,0.5,0.872255,0.420746,1044,21,
2,815,Overall,Overall,25,13,25,0.5,0.506839,0.406057,1025,20,
2,816,Overall,Overall,25,11,25,-1.0,-1.161314,0.414404,942,21,
2,817,Overall,Overall,25,16,25,1.5,1.820356,0.444157,1091,22,
2,818,Overall,Overall,25,12,25,-1.5,-1.334601,0.41879,933,21,
2,819,Overall,Overall,25,16,25,1.0,0.967938,0.426744,1048,21,
2,820,Overall,Overall,25,6,25,-2.0,-2.287919,0.492783,886,25,
2,821,Overall,Overall,25,12,25,-1.5,-0.847468,0.414308,958,21,
2,822,Overall,Overall,25,8,25,-1.5,-1.785388,0.455353,911,23,
2,823,Overall,Overall,25,13,25,0.0,-0.436242,0.409944,978,20,
2,824,Overall,Overall,25,13,25,0.5,0.119742,0.408317,1006,20,
2,825,Overall,Overall,25,10,25,0.0,-0.458234,0.417947,977,21,
2,826,Overall,Overall,25,13,25,0.0,-0.237433,0.412367,988,21,
2,827,Overall,Overall,25,18,25,2.0,1.604406,0.461914,1080,23,
2,828,Overall,Overall,25,11,25,-1.0,-0.879056,0.419875,956,21,
2,829,Overall,Overall,25,11,25,-0.5,-0.777117,0.4166,961,21,
2,830,Overall,Overall,25,15,25,-0.5,0.221387,0.421373,1011,21,
2,831,Overall,Overall,25,9,25,-1.5,-1.784178,0.437304,911,22,
2,832,Overall,Overall,25,12,25,-1.0,-0.711171,0.416036,964,21,
2,833,Overall,Overall,25,12,25,-1.0,-1.146415,0.414682,943,21,
2,834,Overall,Overall,25,14,25,0.0,-0.250902,0.410529,987,21,
2,835,Overall,Overall,25,7,25,-2.0,-2.062026,0.461227,897,23,
2,836,Overall,Overall,25,13,25,0.5,0.643081,0.408398,1032,20,
2,837,Overall,Overall,25,21,25,2.0,2.752626,0.566257,1138,28,
2,838,Overall,Overall,25,14,25,1.5,1.494924,0.427505,1075,21,
2,839,Overall,Overall,25,10,25,-2.0,-1.19067,0.422421,940,21,
2,840,Overall,Overall,25,15,25,0.0,0.46517,0.419827,1023,21,
2,841,Overall,Overall,25,7,25,-2.0,-2.106697,0.465857,895,23,
2,842,Overall,Overall,25,16,25,2.0,1.162756,0.436948,1058,22,
2,843,Overall,Overall,25,20,25,2.0,2.516942,0.514002,1126,26,
2,844,Overall,Overall,25,7,25,-0.5,-1.058561,0.457129,947,23,
2,845,Overall,Overall,25,15,25,1.0,0.928207,0.424959,1046,21,
2,846,Overall,Overall,25,13,25,-1.5,-0.950288,0.416558,952,21,
2,847,Overall,Overall,25,15,25,1.0,0.970834,0.412922,1049,21,
2,848,Overall,Overall,25,8,25,-2.0,-2.08765,0.445803,896,22,
2,849,Overall,Overall,25,9,25,-2.0,-1.700552,0.436017,915,22,
2,850,Overall,Overall,25,13,25,0.0,0.086907,0.406679,1004,20,
2,851,Overall,Overall,25,18,25,2.0,2.361973,0.467549,1118,23,
2,852,Overall,Overall,25,16,25,0.0,0.149949,0.429732,1007,21,
2,853,Overall,Overall,25,13,25,-0.5,-0.854613,0.42425,957,21,
2,854,Overall,Overall,25,15,25,1.0,1.494939,0.430172,1075,22,
2,855,Overall,Overall,25,14,25,1.0,1.423164,0.42411,1071,21,
2,856,Overall,Overall,25,14,25,1.5,1.181409,0.421656,1059,21,
2,857,Overall,Overall,25,11,25,-1.0,-0.499256,0.413414,975,21,
2,858,Overall,Overall,25,11,25,0.5,-0.135775,0.415147,993,21,
2,859,Overall,Overall,25,11,25,-1.0,-1.298457,0.42359,935,21,
2,860,Overall,Overall,25,7,25,-1.5,-1.426019,0.46948,929,23,
2,861,Overall,Overall,25,7,25,-2.0,-2.272436,0.467601,886,23,
2,862,Overall,Overall,25,15,25,1.0,1.037161,0.417426,1052,21,
2,863,Overall,Overall,25,10,25,-2.0,-1.693426,0.429464,915,21,
2,864,Overall,Overall,25,9,25,-1.5,-1.465228,0.428509,927,21,
2,865,Overall,Overall,25,15,25,0.5,0.962863,0.415135,1048,21,
2,866,Overall,Overall,25,15,25,1.0,1.652936,0.424961,1083,21,
2,867,Overall,Overall,25,7,25,-1.5,-2.041807,0.459106,898,23,
2,868,Overall,Overall,25,3,25,-2.0,-3.362401,0.637175,832,32,
2,869,Overall,Overall,25,17,25,2.0,1.852492,0.442713,1093,22,
2,870,Overall,Overall,25,16,25,1.5,1.653388,0.432161,1083,22,
2,871,Overall,Overall,25,13,25,-0.5,-0.016425,0.405189,999,20,
2,872,Overall,Overall,25,11,25,-1.0,-0.914533,0.409764,954,20,
2,873,Overall,Overall,25,8,25,-2.0,-1.983992,0.449031,901,22,
2,874,Overall,Overall,25,13,25,1.5,1.230888,0.428924,1062,21,
2,875,Overall,Overall,25,9,25,-1.5,-1.729921,0.44374,914,22,
2,876,Overall,Overall,25,14,25,-0.5,-0.4794,0.419324,976,21,
2,877,Overall,Overall,25,18,25,2.0,2.332835,0.473067,1117,24,
2,878,Overall,Overall,25,16,25,1.5,1.543767,0.440248,1077,22,
2,879,Overall,Overall,25,19,25,1.5,1.680468,0.491515,1084,25,
2,880,Overall,Overall,25,15,25,0.5,0.487774,0.414893,1024,21,
2,881,Overall,Overall,25,21,25,2.0,2.625991,0.576729,1131,29,
2,882,Overall,Overall,25,16,25,0.5,1.03179,0.423162,1052,21,
2,883,Overall,Overall,25,8,25,-1.5,-1.68418,0.440193,916,22,
2,884,Overall,Overall,25,10,25,-1.0,-0.838367,0.413803,958,21,
2,885,Overall,Overall,25,10,25,-1.5,-1.44206,0.423736,928,21,
2,886,Overall,Overall,25,11,25,-1.5,-0.7379,0.41615,963,21,
2,887,Overall,Overall,25,10,25,-0.5,-0.679759,0.416632,966,21,
2,888,Overall,Overall,25,10,25,-0.5,-0.486781,0.41861,976,21,
2,889,Overall,Overall,25,16,25,1.0,1.359043,0.428375,1068,21,
2,890,Overall,Overall,25,13,25,-0.5,-0.79602,0.422558,960,21,
2,891,Overall,Overall,25,15,25,0.5,0.935239,0.418111,1047,21,
2,892,Overall,Overall,25,14,25,1.5,1.375747,0.423647,1069,21,
2,893,Overall,Overall,25,9,25,-1.5,-0.997503,0.426316,950,21,
2,894,Overall,Overall,25,16,25,1.5,1.703902,0.434306,1085,22,
2,895,Overall,Overall,25,10,25,-0.5,-0.332823,0.416147,983,21,
2,896,Overall,Overall,25,13,25,-0.5,-0.472285,0.417832,976,21,
2,897,Overall,Overall,25,8,25,-1.5,-1.652163,0.437949,917,22,
2,898,Overall,Overall,25,11,25,0.0,0.018501,0.41469,1001,21,
2,899,Overall,Overall,25,16,25,1.5,1.399207,0.432592,1070,22,
2,900,Overall,Overall,25,20,25,2.0,2.697351,0.527054,1135,26,
3,1,Overall,Overall,25,9,25,-1.0,-0.568734,0.430413,972,22,
3,2,Overall,Overall,25,10,25,-1.5,-0.960419,0.424555,952,21,
3,3,Overall,Overall,25,10,25,-1.5,-1.543912,0.426123,923,21,
3,4,Overall,Overall,25,14,25,1.5,1.37136,0.424619,1069,21,
3,5,Overall,Overall,25,15,25,0.0,0.256826,0.415873,1013,21,
3,6,Overall,Overall,25,6,25,-2.0,-2.169562,0.505442,892,25,
3,7,Overall,Overall,25,12,25,-0.5,-0.095933,0.409319,995,20,
3,8,Overall,Overall,25,12,25,-0.5,-0.347975,0.416245,983,21,
3,9,Overall,Overall,25,17,25,2.0,2.017406,0.450719,1101,23,
3,10,Overall,Overall,25,12,25,0.5,0.469363,0.41074,1023,21,
3,11,Overall,Overall,25,22,25,2.0,3.054502,0.627536,1153,31,
3,12,Overall,Overall,25,4,25,-1.5,-2.429105,0.559979,879,28,
3,13,Overall,Overall,25,8,25,-1.5,-2.066112,0.452107,897,23,
3,14,Overall,Overall,25,16,25,1.5,1.584766,0.434784,1079,22,
3,15,Overall,Overall,25,7,25,-2.0,-1.742694,0.457673,913,23,
3,16,Overall,Overall,25,15,25,1.5,1.390379,0.428256,1070,21,
3,17,Overall,Overall,25,17,25,1.5,1.752767,0.449903,1088,22,
3,18,Overall,Overall,25,13,25,0.0,-0.830284,0.421855,958,21,
3,19,Overall,Overall,25,9,25,-1.5,-1.643917,0.435437,918,22,
3,20,Overall,Overall,25,15,25,0.5,0.888253,0.419039,1044,21,
3,21,Overall,Overall,25,14,25,1.5,0.804248,0.408916,1040,20,
3,22,Overall,Overall,25,13,25,-1.0,-0.826763,0.414096,959,21,
3,23,Overall,Overall,25,11,25,-1.0,-1.652953,0.42739,917,21,
3,24,Overall,Overall,25,11,25,0.0,-0.458733,0.410931,977,21,
3,25,Overall,Overall,25,16,25,1.5,2.002802,0.436791,1100,22,
3,26,Overall,Overall,25,8,25,-1.5,-1.662214,0.445779,917,22,
3,27,Overall,Overall,25,14,25,1.0,0.295366,0.412465,1015,21,
3,28,Overall,Overall,25,13,25,0.5,0.601202,0.411178,1030,21,
3,29,Overall,Overall,25,12,25,0.0,-0.165431,0.40736,992,20,
3,30,Overall,Overall,25,12,25,0.5,0.639312,0.413402,1032,21,
3,31,Overall,Overall,25,14,25,1.5,1.022231,0.420254,1051,21,
3,32,Overall,Overall,25,12,25,0.5,0.525033,0.407008,1026,20,
3,33,Overall,Overall,25,14,25,1.0,0.920216,0.42048,1046,21,
3,34,Overall,Overall,25,10,25,-1.0,-1.177774,0.417637,941,21,
3,35,Overall,Overall,25,16,25,1.5,0.958216,0.424765,1048,21,
3,36,Overall,Overall,25,18,25,2.0,2.166524,0.470777,1108,24,
3,37,Overall,Overall,25,18,25,1.5,1.927122,0.461532,1096,23,
3,38,Overall,Overall,25,16,25,1.0,1.346006,0.446768,1067,22,
3,39,Overall,Overall,25,4,25,-2.0,-2.981806,0.570455,851,29,
3,40,Overall,Overall,25,18,25,2.0,2.155135,0.466905,1108,23,
3,41,Overall,Overall,25,8,25,-1.5,-1.413453,0.44899,929,22,
3,42,Overall,Overall,25,16,25,1.5,1.859973,0.443013,1093,22,
3,43,Overall,Overall,25,13,25,-1.0,-0.016303,0.409888,999,20,
3,44,Overall,Overall,25,17,25,1.0,0.853874,0.449648,1043,22,
3,45,Overall,Overall,25,7,25,-1.5,-2.263316,0.467355,887,23,
3,46,Overall,Overall,25,13,25,0.5,0.13903,0.408506,1007,20,
3,47,Overall,Overall,25,14,25,0.0,0.018632,0.409923,1001,20,
3,48,Overall,Overall,25,5,25,-2.0,-2.242836,0.513821,888,26,
3,49,Overall,Overall,25,11,25,-0.5,-0.270425,0.408748,986,20,
3,50,Overall,Overall,25,10,25,-1.0,-1.202817,0.418206,940,21,
3,51,Overall,Overall,25,14,25,0.0,0.37038,0.411811,1019,21,
3,52,Overall,Overall,25,11,25,-0.5,-0.135733,0.4097,993,20,
3,53,Overall,Overall,25,12,25,0.0,0.173258,0.407072,1009,20,
3,54,Overall,Overall,25,7,25,-1.0,-1.278518,0.458485,936,23,
3,55,Overall,Overall,25,10,25,-1.0,-1.481096,0.425417,926,21,
3,56,Overall,Overall,25,13,25,-1.0,-0.874175,0.41834,956,21,
3,57,Overall,Overall,25,16,25,0.0,0.56918,0.427177,1028,21,
3,58,Overall,Overall,25,10,25,-0.5,-0.318137,0.413936,984,21,
3,59,Overall,Overall,25,16,25,2.0,1.863373,0.433239,1093,22,
3,60,Overall,Overall,25,7,25,-2.0,-2.086585,0.46397,896,23,
3,61,Overall,Overall,25,15,25,2.0,1.751614,0.431415,1088,22,
3,62,Overall,Overall,25,21,25,2.0,2.971336,0.571733,1149,29,
3,63,Overall,Overall,25,10,25,-2.0,-1.727403,0.429933,914,21,
3,64,Overall,Overall,25,13,25,1.0,0.881752,0.415866,1044,21,
3,65,Overall,Overall,25,4,25,-2.0,-3.005172,0.573038,850,29,
3,66,Overall,Overall,25,12,25,0.5,0.330723,0.411309,1017,21,
3,67,Overall,Overall,25,20,25,2.0,2.678606,0.515841,1134,26,
3,68,Overall,Overall,25,9,25,-0.5,-1.343385,0.430382,933,22,
3,69,Overall,Overall,25,13,25,0.5,0.439675,0.40762,1022,20,
3,70,Overall,Overall,25,10,25,0.5,0.596768,0.427248,1030,21,
3,71,Overall,Overall,25,14,25,1.0,0.743526,0.407665,1037,20,
3,72,Overall,Overall,25,11,25,-0.5,-0.11415,0.411593,994,21,
3,73,Overall,Overall,25,14,25,1.0,0.77337,0.409818,1039,20,
3,74,Overall,Overall,25,8,25,-1.5,-1.800459,0.441824,910,22,
3,75,Overall,Overall,25,13,25,-0.5,-0.323962,0.408816,984,20,
3,76,Overall,Overall,25,17,25,1.5,1.399965,0.452191,1070,23,
3,77,Overall,Overall,25,21,25,2.0,2.971072,0.575733,1149,29,
3,78,Overall,Overall,25,8,25,-1.5,-1.360808,0.443149,932,22,
3,79,Overall,Overall,25,19,25,2.0,2.307184,0.491615,1115,25,
3,80,Overall,Overall,25,19,25,2.0,2.426007,0.484414,1121,24,
3,81,Overall,Overall,25,7,25,-2.0,-1.485611,0.459956,926,23,
3,82,Overall,Overall,25,10,25,-1.0,-0.890497,0.422665,955,21,
3,83,Overall,Overall,25,15,25,-0.5,-0.272847,0.420577,986,21,
3,84,Overall,Overall,25,12,25,0.5,0.304355,0.40847,1015,20,
3,85,Overall,Overall,25,15,25,1.0,1.522979,0.430813,1076,22,
3,86,Overall,Overall,25,9,25,-2.0,-1.846746,0.436061,908,22,
3,87,Overall,Overall,25,11,25,1.0,0.571272,0.42952,1029,21,
3,88,Overall,Overall,25,18,25,2.0,1.941303,0.470238,1097,24,
3,89,Overall,Overall,25,8,25,-1.5,-1.363459,0.442886,932,22,
3,90,Overall,Overall,25,9,25,-0.5,-1.036171,0.437694,948,22,
3,91,Overall,Overall,25,19,25,1.5,2.335961,0.48925,1117,24,
3,92,Overall,Overall,25,14,25,0.5,0.8802,0.417391,1044,21,
3,93,Overall,Overall,25,8,25,-2.0,-2.119416,0.455406,894,23,
3,94,Overall,Overall,25,13,25,0.0,0.48705,0.406998,1024,20,
3,95,Overall,Overall,25,6,25,-1.5,-2.491694,0.486302,875,24,
3,96,Overall,Overall,25,19,25,2.0,2.293315,0.500415,1115,25,
3,97,Overall,Overall,25,10,25,-1.5,-1.30094,0.417718,935,21,
3,98,Overall,Overall,25,13,25,0.0,-0.693808,0.409562,965,20,
3,99,Overall,Overall,25,10,25,-1.0,-1.314166,0.425542,934,21,
3,100,Overall,Overall,25,13,25,0.5,0.72644,0.406452,1036,20,
3,101,Overall,Overall,25,11,25,-1.0,-0.288147,0.414981,986,21,
3,102,Overall,Overall,25,12,25,-1.0,-0.369828,0.410963,982,21,
3,103,Overall,Overall,25,9,25,-2.0,-1.421288,0.427305,929,21,
3,104,Overall,Overall,25,15,25,0.0,-0.291125,0.416876,985,21,
3,105,Overall,Overall,25,15,25,1.5,1.016138,0.416165,1051,21,
3,106,Overall,Overall,25,7,25,-2.0,-2.320971,0.465068,884,23,
3,107,Overall,Overall,25,9,25,-2.0,-1.611998,0.434725,919,22,
3,108,Overall,Overall,25,12,25,-1.0,-0.838295,0.418693,958,21,
3,109,Overall,Overall,25,19,25,1.5,2.567078,0.491009,1128,25,
3,110,Overall,Overall,25,17,25,2.0,2.003954,0.449939,1100,22,
3,111,Overall,Overall,25,20,25,1.0,1.743423,0.517066,1087,26,
3,112,Overall,Overall,25,9,25,-1.5,-1.773527,0.437091,911,22,
3,113,Overall,Overall,25,9,25,-1.5,-1.611134,0.429964,919,21,
3,114,Overall,Overall,25,11,25,0.0,0.481816,0.416996,1024,21,
3,115,Overall,Overall,25,20,25,2.0,2.532525,0.533779,1127,27,
3,116,Overall,Overall,25,13,25,-1.0,-0.337082,0.412213,983,21,
3,117,Overall,Overall,25,8,25,-1.0,-1.719362,0.465054,914,23,
3,118,Overall,Overall,25,7,25,-1.5,-1.706354,0.46198,915,23,
3,119,Overall,Overall,25,15,25,0.5,0.92957,0.413962,1046,21,
3,120,Overall,Overall,25,13,25,-0.5,-0.962218,0.417139,952,21,
3,121,Overall,Overall,25,15,25,1.0,1.161634,0.429268,1058,21,
3,122,Overall,Overall,25,11,25,1.0,0.422205,0.411394,1021,21,
3,123,Overall,Overall,25,5,25,-2.0,-2.67658,0.519535,866,26,
3,124,Overall,Overall,25,16,25,1.0,1.357189,0.430251,1068,22,
3,125,Overall,Overall,25,15,25,1.5,1.581679,0.42674,1079,21,
3,126,Overall,Overall,25,9,25,-2.0,-1.741843,0.435764,913,22,
3,127,Overall,Overall,25,15,25,1.0,1.579442,0.434255,1079,22,
3,128,Overall,Overall,25,16,25,0.5,0.743159,0.426527,1037,21,
3,129,Overall,Overall,25,13,25,0.5,0.760387,0.40677,1038,20,
3,130,Overall,Overall,25,10,25,-1.5,-1.11344,0.42063,944,21,
3,131,Overall,Overall,25,10,25,-1.5,-0.914746,0.426273,954,21,
3,132,Overall,Overall,25,18,25,1.0,0.784132,0.457829,1039,23,
3,133,Overall,Overall,25,15,25,0.5,-0.498867,0.422326,975,21,
3,134,Overall,Overall,25,14,25,1.0,1.000792,0.415204,1050,21,
3,135,Overall,Overall,25,13,25,1.0,1.12279,0.419063,1056,21,
3,136,Overall,Overall,25,11,25,0.5,0.259254,0.409142,1013,20,
3,137,Overall,Overall,25,15,25,2.0,1.472385,0.424492,1074,21,
3,138,Overall,Overall,25,9,25,-2.0,-1.79573,0.436875,910,22,
3,139,Overall,Overall,25,11,25,-0.5,-0.519286,0.412174,974,21,
3,140,Overall,Overall,25,11,25,-1.0,-1.334824,0.41717,933,21,
3,141,Overall,Overall,25,7,25,-2.0,-2.041807,0.459106,898,23,
3,142,Overall,Overall,25,14,25,0.0,0.169504,0.409528,1008,20,
3,143,Overall,Overall,25,17,25,1.5,2.125228,0.451792,1106,23,
3,144,Overall,Overall,25,19,25,2.0,2.268649,0.488712,1113,24,
3,145,Overall,Overall,25,9,25,-1.5,-0.943785,0.427755,953,21,
3,146,Overall,Overall,25,16,25,1.5,1.76561,0.438884,1088,22,
3,147,Overall,Overall,25,7,25,-1.5,-2.045065,0.463102,898,23,
3,148,Overall,Overall,25,13,25,0.0,1.303478,0.421301,1065,21,
3,149,Overall,Overall,25,19,25,2.0,2.444822,0.48345,1122,24,
3,150,Overall,Overall,25,21,25,2.0,2.863279,0.581054,1143,29,
3,151,Overall,Overall,25,10,25,0.0,0.280829,0.416527,1014,21,
3,152,Overall,Overall,25,16,25,1.0,0.984495,0.423621,1049,21,
3,153,Overall,Overall,25,16,25,1.5,1.328289,0.435383,1066,22,
3,154,Overall,Overall,25,15,25,1.5,1.610025,0.428751,1081,21,
3,155,Overall,Overall,25,15,25,0.5,1.127171,0.442852,1056,22,
3,156,Overall,Overall,25,7,25,-2.0,-2.143552,0.474283,893,24,
3,157,Overall,Overall,25,16,25,1.0,0.829575,0.424933,1041,21,
3,158,Overall,Overall,25,18,25,2.0,2.382434,0.467589,1119,23,
3,159,Overall,Overall,25,9,25,-1.5,-1.41449,0.429218,929,21,
3,160,Overall,Overall,25,10,25,0.0,-0.24575,0.412787,988,21,
3,161,Overall,Overall,25,12,25,0.0,-0.013386,0.417022,999,21,
3,162,Overall,Overall,25,17,25,2.0,1.708502,0.44271,1085,22,
3,163,Overall,Overall,25,8,25,-2.0,-1.890478,0.443692,905,22,
3,164,Overall,Overall,25,11,25,-1.0,-0.935095,0.410991,953,21,
3,165,Overall,Overall,25,8,25,-0.5,-0.732895,0.447783,963,22,
3,166,Overall,Overall,25,16,25,0.5,0.840926,0.419175,1042,21,
3,167,Overall,Overall,25,9,25,-2.0,-1.517656,0.433975,924,22,
3,168,Overall,Overall,25,11,25,0.0,-0.258266,0.414608,987,21,
3,169,Overall,Overall,25,13,25,-1.5,-0.931317,0.422712,953,21,
3,170,Overall,Overall,25,13,25,-0.5,-0.544196,0.407626,973,20,
3,171,Overall,Overall,25,17,25,0.5,1.853535,0.452518,1093,23,
3,172,Overall,Overall,25,13,25,0.5,0.295514,0.406748,1015,20,
3,173,Overall,Overall,25,9,25,-1.5,-1.326242,0.425316,934,21,
3,174,Overall,Overall,25,13,25,1.0,0.763924,0.411166,1038,21,
3,175,Overall,Overall,25,11,25,-1.5,-1.097198,0.413238,945,21,
3,176,Overall,Overall,25,9,25,-0.5,-0.566499,0.433472,972,22,
3,177,Overall,Overall,25,11,25,0.0,0.310678,0.409225,1016,20,
3,178,Overall,Overall,25,18,25,1.0,1.9965,0.461979,1100,23,
3,179,Overall,Overall,25,5,25,-1.5,-2.086927,0.515654,896,26,
3,180,Overall,Overall,25,6,25,-2.0,-2.220235,0.480505,889,24,
3,181,Overall,Overall,25,18,25,2.0,2.336509,0.468318,1117,23,
3,182,Overall,Overall,25,10,25,-1.0,-1.145601,0.415166,943,21,
3,183,Overall,Overall,25,12,25,0.5,0.4764,0.414534,1024,21,
3,184,Overall,Overall,25,17,25,1.5,1.936544,0.453741,1097,23,
3,185,Overall,Overall,25,12,25,0.5,0.577485,0.415298,1029,21,
3,186,Overall,Overall,25,11,25,-0.5,-0.764621,0.417114,962,21,
3,187,Overall,Overall,25,10,25,-1.0,-0.790373,0.425782,960,21,
3,188,Overall,Overall,25,7,25,-1.5,-2.060497,0.470762,897,24,
3,189,Overall,Overall,25,8,25,-1.0,-1.785751,0.445319,911,22,
3,190,Overall,Overall,25,10,25,-0.5,-1.075232,0.430199,946,22,
3,191,Overall,Overall,25,13,25,0.0,0.517511,0.408174,1026,20,
3,192,Overall,Overall,25,20,25,2.0,2.636395,0.530261,1132,27,
3,193,Overall,Overall,25,11,25,-1.0,-1.157879,0.416133,942,21,
3,194,Overall,Overall,25,13,25,-0.5,-0.629691,0.41545,969,21,
3,195,Overall,Overall,25,6,25,-2.0,-2.207779,0.481221,890,24,
3,196,Overall,Overall,25,8,25,-2.0,-1.880931,0.460766,906,23,
3,197,Overall,Overall,25,11,25,0.0,-0.467085,0.415523,977,21,
3,198,Overall,Overall,25,14,25,1.5,1.426042,0.423638,1071,21,
3,199,Overall,Overall,25,15,25,1.0,0.534699,0.412743,1027,21,
3,200,Overall,Overall,25,12,25,0.0,0.11032,0.409061,1006,20,
3,201,Overall,Overall,25,10,25,-0.5,-0.136058,0.417003,993,21,
3,202,Overall,Overall,25,8,25,-1.5,-1.90409,0.44721,905,22,
3,203,Overall,Overall,25,8,25,-1.5,-1.626291,0.452864,919,23,
3,204,Overall,Overall,25,5,25,-2.0,-2.581293,0.526576,871,26,
3,205,Overall,Overall,25,13,25,1.0,0.925459,0.417408,1046,21,
3,206,Overall,Overall,25,7,25,-1.0,-2.297517,0.465986,885,23,
3,207,Overall,Overall,25,13,25,1.0,0.900663,0.410677,1045,21,
3,208,Overall,Overall,25,11,25,1.0,0.445443,0.415205,1022,21,
3,209,Overall,Overall,25,14,25,-0.5,-0.157402,0.417408,992,21,
3,210,Overall,Overall,25,16,25,0.5,0.575934,0.424318,1029,21,
3,211,Overall,Overall,25,9,25,-1.5,-1.72824,0.434921,914,22,
3,212,Overall,Overall,25,14,25,1.5,1.362495,0.42546,1068,21,
3,213,Overall,Overall,25,15,25,0.5,0.747382,0.419044,1037,21,
3,214,Overall,Overall,25,16,25,2.0,1.582628,0.437175,1079,22,
3,215,Overall,Overall,25,10,25,-1.0,-1.123701,0.417051,944,21,
3,216,Overall,Overall,25,20,25,2.0,2.643296,0.51655,1132,26,
3,217,Overall,Overall,25,12,25,0.0,0.009533,0.409217,1000,20,
3,218,Overall,Overall,25,8,25,-2.0,-1.688987,0.446436,916,22,
3,219,Overall,Overall,25,12,25,-1.5,-1.06443,0.414599,947,21,
3,220,Overall,Overall,25,15,25,1.5,1.650145,0.426316,1083,21,
3,221,Overall,Overall,25,13,25,1.5,0.90758,0.415004,1045,21,
3,222,Overall,Overall,25,10,25,-0.5,-0.520725,0.420113,974,21,
3,223,Overall,Overall,25,10,25,-1.5,-1.125984,0.421268,944,21,
3,224,Overall,Overall,25,15,25,0.5,0.145275,0.421299,1007,21,
3,225,Overall,Overall,25,14,25,-1.0,-0.484199,0.414211,976,21,
3,226,Overall,Overall,25,11,25,0.0,0.285883,0.416241,1014,21,
3,227,Overall,Overall,25,9,25,-1.5,-1.433954,0.434142,928,22,
3,228,Overall,Overall,25,11,25,0.5,0.223296,0.411372,1011,21,
3,229,Overall,Overall,25,14,25,0.5,0.286045,0.421096,1014,21,
3,230,Overall,Overall,25,14,25,1.5,0.743526,0.407665,1037,20,
3,231,Overall,Overall,25,13,25,-1.5,-0.599465,0.410385,970,21,
3,232,Overall,Overall,25,10,25,0.5,0.689729,0.43076,1034,22,
3,233,Overall,Overall,25,10,25,-0.5,-0.280539,0.417663,986,21,
3,234,Overall,Overall,25,9,25,-1.5,-1.799203,0.435651,910,22,
3,235,Overall,Overall,25,15,25,1.5,0.853777,0.411667,1043,21,
3,236,Overall,Overall,25,11,25,-1.0,-1.250032,0.416708,937,21,
3,237,Overall,Overall,25,16,25,2.0,1.16608,0.423213,1058,21,
3,238,Overall,Overall,25,11,25,-1.0,-0.892329,0.410837,955,21,
3,239,Overall,Overall,25,10,25,-1.5,-1.570444,0.425773,921,21,
3,240,Overall,Overall,25,15,25,1.0,0.547231,0.415404,1027,21,
3,241,Overall,Overall,25,13,25,0.5,1.160089,0.422629,1058,21,
3,242,Overall,Overall,25,15,25,0.0,0.196409,0.418008,1010,21,
3,243,Overall,Overall,25,22,25,2.0,3.198493,0.644104,1160,32,
3,244,Overall,Overall,25,16,25,1.0,0.87365,0.427341,1044,21,
3,245,Overall,Overall,25,9,25,-1.5,-1.825545,0.436734,909,22,
3,246,Overall,Overall,25,16,25,1.0,1.826863,0.434248,1091,22,
3,247,Overall,Overall,25,13,25,0.5,0.228426,0.405564,1011,20,
3,248,Overall,Overall,25,11,25,-1.0,-1.011751,0.410705,949,21,
3,249,Overall,Overall,25,10,25,-1.0,-1.038158,0.425788,948,21,
3,250,Overall,Overall,25,12,25,0.0,0.237847,0.409428,1012,20,
3,251,Overall,Overall,25,16,25,2.0,1.953368,0.439337,1098,22,
3,252,Overall,Overall,25,16,25,0.0,1.102102,0.42542,1055,21,
3,253,Overall,Overall,25,18,25,2.0,2.025398,0.467675,1101,23,
3,254,Overall,Overall,25,10,25,-1.0,-1.317731,0.421919,934,21,
3,255,Overall,Overall,25,15,25,1.0,0.969383,0.413516,1048,21,
3,256,Overall,Overall,25,13,25,0.5,0.62148,0.410276,1031,21,
3,257,Overall,Overall,25,18,25,2.0,1.770798,0.470787,1089,24,
3,258,Overall,Overall,25,5,25,-2.0,-2.518068,0.518738,874,26,
3,259,Overall,Overall,25,15,25,0.0,0.072095,0.426254,1004,21,
3,260,Overall,Overall,25,15,25,-1.0,-0.143321,0.416231,993,21,
3,261,Overall,Overall,25,16,25,1.0,0.871617,0.427388,1044,21,
3,262,Overall,Overall,25,17,25,2.0,2.013252,0.459,1101,23,
3,263,Overall,Overall,25,10,25,-0.5,-0.670085,0.426353,966,21,
3,264,Overall,Overall,25,11,25,-0.5,-1.113033,0.421447,944,21,
3,265,Overall,Overall,25,12,25,0.5,0.064704,0.416796,1003,21,
3,266,Overall,Overall,25,12,25,-0.5,-0.822622,0.41096,959,21,
3,267,Overall,Overall,25,13,25,1.0,0.63298,0.417139,1032,21,
3,268,Overall,Overall,25,17,25,1.5,1.968695,0.449642,1098,22,
3,269,Overall,Overall,25,13,25,0.5,0.790317,0.410284,1040,21,
3,270,Overall,Overall,25,13,25,-0.5,-0.502551,0.408813,975,20,
3,271,Overall,Overall,25,15,25,1.5,1.581125,0.430281,1079,22,
3,272,Overall,Overall,25,10,25,-0.5,-0.679315,0.416822,966,21,
3,273,Overall,Overall,25,13,25,-1.0,-0.672679,0.418903,966,21,
3,274,Overall,Overall,25,4,25,-2.0,-2.959672,0.563784,852,28,
3,275,Overall,Overall,25,7,25,-2.0,-1.893723,0.46255,905,23,
3,276,Overall,Overall,25,13,25,0.0,-0.395859,0.407608,980,20,
3,277,Overall,Overall,25,11,25,0.0,-0.267252,0.408842,987,20,
3,278,Overall,Overall,25,11,25,-1.0,-0.839951,0.417674,958,21,
3,279,Overall,Overall,25,15,25,1.5,1.010176,0.41571,1051,21,
3,280,Overall,Overall,25,18,25,1.5,1.8115,0.462605,1091,23,
3,281,Overall,Overall,25,15,25,1.5,1.032192,0.418277,1052,21,
3,282,Overall,Overall,25,11,25,-0.5,-0.263608,0.415544,987,21,
3,283,Overall,Overall,25,12,25,0.5,-0.025659,0.408877,999,20,
3,284,Overall,Overall,25,16,25,1.5,1.494659,0.429839,1075,21,
3,285,Overall,Overall,25,13,25,0.5,0.461724,0.405985,1023,20,
3,286,Overall,Overall,25,11,25,-0.5,-1.107433,0.410846,945,21,
3,287,Overall,Overall,25,17,25,2.0,1.749987,0.449765,1087,22,
3,288,Overall,Overall,25,7,25,-2.0,-2.093998,0.461513,895,23,
3,289,Overall,Overall,25,12,25,-2.0,-1.201099,0.419085,940,21,
3,290,Overall,Overall,25,12,25,-0.5,0.355261,0.408523,1018,20,
3,291,Overall,Overall,25,11,25,-1.5,-1.160114,0.415517,942,21,
3,292,Overall,Overall,25,14,25,1.0,0.753653,0.407762,1038,20,
3,293,Overall,Overall,25,7,25,-1.5,-1.537417,0.456799,923,23,
3,294,Overall,Overall,25,12,25,-1.0,-0.568364,0.412952,972,21,
3,295,Overall,Overall,25,14,25,-0.5,-0.583216,0.42268,971,21,
3,296,Overall,Overall,25,9,25,-1.5,-1.722378,0.435418,914,22,
3,297,Overall,Overall,25,12,25,-1.0,-0.173823,0.409326,991,20,
3,298,Overall,Overall,25,14,25,0.0,0.517047,0.413324,1026,21,
3,299,Overall,Overall,25,10,25,-0.5,-0.908755,0.416674,955,21,
3,300,Overall,Overall,25,11,25,0.5,-0.198067,0.408553,990,20,
3,301,Overall,Overall,25,5,25,-2.0,-2.578968,0.536734,871,27,
3,302,Overall,Overall,25,15,25,1.0,0.804444,0.421962,1040,21,
3,303,Overall,Overall,25,16,25,1.5,1.906723,0.439862,1095,22,
3,304,Overall,Overall,25,15,25,2.0,1.737385,0.431796,1087,22,
3,305,Overall,Overall,25,5,25,-2.0,-2.711022,0.517082,864,26,
3,306,Overall,Overall,25,17,25,2.0,1.90623,0.451401,1095,23,
3,307,Overall,Overall,25,9,25,-1.0,-1.700193,0.440782,915,22,
3,308,Overall,Overall,25,6,25,-2.0,-2.352505,0.486597,882,24,
3,309,Overall,Overall,25,11,25,-2.0,-1.165383,0.420798,942,21,
3,310,Overall,Overall,25,13,25,0.5,0.830535,0.409592,1042,20,
3,311,Overall,Overall,25,10,25,-1.0,-0.663679,0.418422,967,21,
3,312,Overall,Overall,25,17,25,2.0,2.118497,0.452461,1106,23,
3,313,Overall,Overall,25,18,25,2.0,2.140628,0.468666,1107,23,
3,314,Overall,Overall,25,10,25,0.0,-0.38223,0.414745,981,21,
3,315,Overall,Overall,25,7,25,-2.0,-1.740787,0.459892,913,23,
3,316,Overall,Overall,25,13,25,0.5,-0.211993,0.408516,989,20,
3,317,Overall,Overall,25,10,25,0.0,-0.366382,0.414288,982,21,
3,318,Overall,Overall,25,13,25,1.0,0.898559,0.411443,1045,21,
3,319,Overall,Overall,25,15,25,-0.5,0.348431,0.415926,1017,21,
3,320,Overall,Overall,25,16,25,0.5,1.132215,0.432943,1057,22,
3,321,Overall,Overall,25,8,25,-2.0,-1.854143,0.445646,907,22,
3,322,Overall,Overall,25,12,25,1.0,0.625124,0.433095,1031,22,
3,323,Overall,Overall,25,11,25,-1.0,-0.910401,0.417959,954,21,
3,324,Overall,Overall,25,9,25,-0.5,-1.152521,0.424177,942,21,
3,325,Overall,Overall,25,14,25,0.0,0.563891,0.410191,1028,21,
3,326,Overall,Overall,25,11,25,-1.0,-0.989416,0.413577,951,21,
3,327,Overall,Overall,25,15,25,1.0,1.786166,0.429615,1089,21,
3,328,Overall,Overall,25,18,25,1.5,1.843415,0.469035,1092,23,
3,329,Overall,Overall,25,17,25,1.0,1.503932,0.452155,1075,23,
3,330,Overall,Overall,25,16,25,1.5,1.540253,0.445555,1077,22,
3,331,Overall,Overall,25,8,25,-1.5,-1.557899,0.457152,922,23,
3,332,Overall,Overall,25,16,25,1.5,1.732077,0.430683,1087,22,
3,333,Overall,Overall,25,10,25,-1.5,-1.202184,0.430231,940,22,
3,334,Overall,Overall,25,15,25,1.5,1.482522,0.443295,1074,22,
3,335,Overall,Overall,25,12,25,0.5,0.412706,0.407384,1021,20,
3,336,Overall,Overall,25,13,25,1.0,0.524244,0.411181,1026,21,
3,337,Overall,Overall,25,13,25,0.5,0.724071,0.410933,1036,21,
3,338,Overall,Overall,25,17,25,1.0,1.055519,0.436107,1053,22,
3,339,Overall,Overall,25,13,25,0.0,0.173869,0.409165,1009,20,
3,340,Overall,Overall,25,9,25,-1.0,-1.72839,0.43646,914,22,
3,341,Overall,Overall,25,17,25,1.0,1.853038,0.455103,1093,23,
3,342,Overall,Overall,25,17,25,1.5,1.873462,0.443455,1094,22,
3,343,Overall,Overall,25,16,25,1.0,1.256927,0.431415,1063,22,
3,344,Overall,Overall,25,8,25,-2.0,-1.975229,0.444012,901,22,
3,345,Overall,Overall,25,12,25,0.0,0.338179,0.406954,1017,20,
3,346,Overall,Overall,25,11,25,-0.5,-0.679542,0.411392,966,21,
3,347,Overall,Overall,25,10,25,-1.0,-0.541891,0.427643,973,21,
3,348,Overall,Overall,25,12,25,0.0,-0.800177,0.411222,960,21,
3,349,Overall,Overall,25,12,25,0.5,0.40591,0.415535,1020,21,
3,350,Overall,Overall,25,13,25,0.0,-0.125302,0.408738,994,20,
3,351,Overall,Overall,25,10,25,-1.0,-0.954359,0.418111,952,21,
3,352,Overall,Overall,25,19,25,1.5,1.5766,0.475014,1079,24,
3,353,Overall,Overall,25,15,25,1.5,1.544623,0.430486,1077,22,
3,354,Overall,Overall,25,3,25,-2.0,-3.272498,0.639298,836,32,
3,355,Overall,Overall,25,8,25,-2.0,-2.041821,0.447911,898,22,
3,356,Overall,Overall,25,11,25,-0.5,-0.077502,0.413514,996,21,
3,357,Overall,Overall,25,15,25,1.5,0.95424,0.420997,1048,21,
3,358,Overall,Overall,25,10,25,-1.0,-0.814238,0.428586,959,21,
3,359,Overall,Overall,25,12,25,-1.0,-0.931828,0.411989,953,21,
3,360,Overall,Overall,25,15,25,1.5,1.550098,0.431376,1078,22,
3,361,Overall,Overall,25,10,25,0.0,0.104598,0.42431,1005,21,
3,362,Overall,Overall,25,14,25,-1.0,-0.195594,0.419532,990,21,
3,363,Overall,Overall,25,9,25,-0.5,-1.114286,0.430695,944,22,
3,364,Overall,Overall,25,8,25,-1.0,-1.413586,0.439121,929,22,
3,365,Overall,Overall,25,9,25,-1.5,-1.652843,0.438276,917,22,
3,366,Overall,Overall,25,18,25,2.0,2.224769,0.473027,1111,24,
3,367,Overall,Overall,25,17,25,1.0,1.24449,0.440461,1062,22,
3,368,Overall,Overall,25,8,25,-2.0,-1.294995,0.442272,935,22,
3,369,Overall,Overall,25,18,25,2.0,1.833193,0.46173,1092,23,
3,370,Overall,Overall,25,15,25,1.0,1.080482,0.416569,1054,21,
3,371,Overall,Overall,25,18,25,1.0,0.855942,0.455185,1043,23,
3,372,Overall,Overall,25,10,25,-0.5,0.08686,0.428126,1004,21,
3,373,Overall,Overall,25,8,25,-2.0,-2.190201,0.449388,890,22,
3,374,Overall,Overall,25,12,25,1.0,0.65948,0.412006,1033,21,
3,375,Overall,Overall,25,12,25,-1.5,-0.978537,0.411761,951,21,
3,376,Overall,Overall,25,18,25,2.0,1.66535,0.46215,1083,23,
3,377,Overall,Overall,25,17,25,1.0,1.318456,0.443481,1066,22,
3,378,Overall,Overall,25,17,25,1.5,1.843405,0.443703,1092,22,
3,379,Overall,Overall,25,10,25,0.0,-0.223631,0.413784,989,21,
3,380,Overall,Overall,25,14,25,-0.5,-0.531633,0.413713,973,21,
3,381,Overall,Overall,25,13,25,0.0,0.916601,0.417528,1046,21,
3,382,Overall,Overall,25,15,25,1.0,0.92202,0.420062,1046,21,
3,383,Overall,Overall,25,16,25,1.0,1.580917,0.435191,1079,22,
3,384,Overall,Overall,25,7,25,-2.0,-2.08754,0.468836,896,23,
3,385,Overall,Overall,25,11,25,1.5,0.888828,0.424208,1044,21,
3,386,Overall,Overall,25,10,25,-1.0,-1.082067,0.419297,946,21,
3,387,Overall,Overall,25,18,25,2.0,2.16651,0.46992,1108,23,
3,388,Overall,Overall,25,13,25,0.5,0.572683,0.404787,1029,20,
3,389,Overall,Overall,25,16,25,1.5,1.577618,0.440725,1079,22,
3,390,Overall,Overall,25,12,25,-1.0,-0.944494,0.411236,953,21,
3,391,Overall,Overall,25,12,25,0.0,0.264405,0.407161,1013,20,
3,392,Overall,Overall,25,13,25,1.0,0.758473,0.430009,1038,22,
3,393,Overall,Overall,25,14,25,1.0,0.789552,0.413493,1039,21,
3,394,Overall,Overall,25,15,25,1.0,1.124079,0.425693,1056,21,
3,395,Overall,Overall,25,12,25,-1.0,-1.252786,0.425144,937,21,
3,396,Overall,Overall,25,15,25,0.5,0.851863,0.414646,1043,21,
3,397,Overall,Overall,25,11,25,1.0,0.787532,0.419479,1039,21,
3,398,Overall,Overall,25,17,25,1.0,1.936548,0.459512,1097,23,
3,399,Overall,Overall,25,13,25,-0.5,0.233142,0.404875,1012,20,
3,400,Overall,Overall,25,4,25,-2.0,-3.035707,0.567821,848,28,
3,401,Overall,Overall,25,14,25,1.5,1.281249,0.427523,1064,21,
3,402,Overall,Overall,25,14,25,-1.0,-0.493086,0.431119,975,22,
3,403,Overall,Overall,25,12,25,0.5,-0.03131,0.406278,998,20,
3,404,Overall,Overall,25,15,25,2.0,1.632076,0.42971,1082,21,
3,405,Overall,Overall,25,15,25,1.0,0.55341,0.416359,1028,21,
3,406,Overall,Overall,25,15,25,1.5,1.764175,0.431123,1088,22,
3,407,Overall,Overall,25,17,25,1.0,0.965097,0.434879,1048,22,
3,408,Overall,Overall,25,18,25,2.0,2.091621,0.469396,1105,23,
3,409,Overall,Overall,25,11,25,-0.5,-0.797545,0.412667,960,21,
3,410,Overall,Overall,25,14,25,0.5,0.221923,0.410625,1011,21,
3,411,Overall,Overall,25,9,25,-2.0,-1.722378,0.435418,914,22,
3,412,Overall,Overall,25,13,25,1.5,1.070763,0.42252,1054,21,
3,413,Overall,Overall,25,14,25,0.0,-0.311595,0.409523,984,20,
3,414,Overall,Overall,25,18,25,1.5,2.180833,0.464781,1109,23,
3,415,Overall,Overall,25,14,25,1.0,0.983975,0.424588,1049,21,
3,416,Overall,Overall,25,14,25,1.0,1.101589,0.424454,1055,21,
3,417,Overall,Overall,25,13,25,-0.5,-0.511614,0.406145,974,20,
3,418,Overall,Overall,25,15,25,0.5,0.550727,0.412836,1028,21,
3,419,Overall,Overall,25,17,25,1.5,1.927885,0.454229,1096,23,
3,420,Overall,Overall,25,19,25,2.0,2.123485,0.485265,1106,24,
3,421,Overall,Overall,25,17,25,0.5,1.01898,0.432745,1051,22,
3,422,Overall,Overall,25,13,25,0.0,-0.484142,0.419027,976,21,
3,423,Overall,Overall,25,15,25,0.5,1.093422,0.42216,1055,21,
3,424,Overall,Overall,25,11,25,-0.5,-0.74682,0.408303,963,20,
3,425,Overall,Overall,25,13,25,0.0,0.37983,0.406054,1019,20,
3,426,Overall,Overall,25,10,25,-2.0,-1.228518,0.417785,939,21,
3,427,Overall,Overall,25,10,25,-0.5,-0.863673,0.423286,957,21,
3,428,Overall,Overall,25,16,25,0.5,0.091505,0.434129,1005,22,
3,429,Overall,Overall,25,7,25,-2.0,-2.084653,0.462361,896,23,
3,430,Overall,Overall,25,17,25,2.0,1.775024,0.457948,1089,23,
3,431,Overall,Overall,25,15,25,0.5,0.561726,0.416592,1028,21,
3,432,Overall,Overall,25,12,25,-1.5,-1.279932,0.420029,936,21,
3,433,Overall,Overall,25,15,25,1.5,1.403165,0.435068,1070,22,
3,434,Overall,Overall,25,11,25,0.0,0.008335,0.41956,1000,21,
3,435,Overall,Overall,25,15,25,0.0,0.023678,0.417444,1001,21,
3,436,Overall,Overall,25,18,25,1.0,1.584514,0.451391,1079,23,
3,437,Overall,Overall,25,13,25,0.0,0.400212,0.406818,1020,20,
3,438,Overall,Overall,25,13,25,0.5,-0.488484,0.407279,976,20,
3,439,Overall,Overall,25,10,25,-1.5,-1.05835,0.41542,947,21,
3,440,Overall,Overall,25,10,25,0.0,0.311933,0.419698,1016,21,
3,441,Overall,Overall,25,15,25,0.0,0.589331,0.4196,1029,21,
3,442,Overall,Overall,25,16,25,1.5,1.696649,0.431802,1085,22,
3,443,Overall,Overall,25,14,25,0.0,-0.481266,0.417775,976,21,
3,444,Overall,Overall,25,12,25,0.5,0.397205,0.408275,1020,20,
3,445,Overall,Overall,25,15,25,1.5,1.64304,0.423955,1082,21,
3,446,Overall,Overall,25,13,25,0.5,0.385708,0.408456,1019,20,
3,447,Overall,Overall,25,11,25,-1.0,-0.74612,0.416965,963,21,
3,448,Overall,Overall,25,18,25,2.0,2.131994,0.459232,1107,23,
3,449,Overall,Overall,25,14,25,-0.5,-0.522819,0.413627,974,21,
3,450,Overall,Overall,25,13,25,1.0,0.692706,0.410527,1035,21,
3,451,Overall,Overall,25,15,25,1.0,0.680763,0.413281,1034,21,
3,452,Overall,Overall,25,12,25,-0.5,-0.879143,0.407754,956,20,
3,453,Overall,Overall,25,15,25,-1.0,-0.542162,0.419382,973,21,
3,454,Overall,Overall,25,13,25,0.0,-0.426704,0.411192,979,21,
3,455,Overall,Overall,25,14,25,-0.5,0.315495,0.415767,1016,21,
3,456,Overall,Overall,25,12,25,0.5,0.333135,0.414616,1017,21,
3,457,Overall,Overall,25,10,25,-1.0,-1.451111,0.42611,927,21,
3,458,Overall,Overall,25,9,25,0.0,-0.002435,0.428233,1000,21,
3,459,Overall,Overall,25,13,25,0.0,-0.03123,0.406947,998,20,
3,460,Overall,Overall,25,13,25,-1.0,-0.601776,0.407609,970,20,
3,461,Overall,Overall,25,14,25,0.5,0.704879,0.408082,1035,20,
3,462,Overall,Overall,25,18,25,2.0,2.337431,0.468514,1117,23,
3,463,Overall,Overall,25,15,25,0.5,0.567486,0.415341,1028,21,
3,464,Overall,Overall,25,16,25,1.0,1.253682,0.43015,1063,22,
3,465,Overall,Overall,25,7,25,-1.5,-2.013584,0.471027,899,24,
3,466,Overall,Overall,25,16,25,-0.5,-0.539516,0.445796,973,22,
3,467,Overall,Overall,25,10,25,-0.5,-1.219139,0.420865,939,21,
3,468,Overall,Overall,25,9,25,-0.5,-0.442327,0.430492,978,22,
3,469,Overall,Overall,25,7,25,-2.0,-1.932828,0.458933,903,23,
3,470,Overall,Overall,25,10,25,-1.0,-0.832322,0.419215,958,21,
3,471,Overall,Overall,25,13,25,0.0,0.407765,0.420135,1020,21,
3,472,Overall,Overall,25,18,25,2.0,2.070024,0.462636,1104,23,
3,473,Overall,Overall,25,14,25,1.0,0.518487,0.41248,1026,21,
3,474,Overall,Overall,25,12,25,0.0,0.042018,0.414132,1002,21,
3,475,Overall,Overall,25,19,25,1.5,1.623145,0.477262,1081,24,
3,476,Overall,Overall,25,15,25,-0.5,-0.457983,0.429997,977,21,
3,477,Overall,Overall,25,17,25,1.5,1.835728,0.444108,1092,22,
3,478,Overall,Overall,25,5,25,-2.0,-2.828468,0.514872,859,26,
3,479,Overall,Overall,25,12,25,1.0,0.99853,0.424576,1050,21,
3,480,Overall,Overall,25,12,25,0.5,0.613904,0.411547,1031,21,
3,481,Overall,Overall,25,15,25,2.0,1.503194,0.438937,1075,22,
3,482,Overall,Overall,25,11,25,0.0,-0.446115,0.411578,978,21,
3,483,Overall,Overall,25,12,25,-1.5,-1.055941,0.412462,947,21,
3,484,Overall,Overall,25,13,25,0.0,0.31294,0.405641,1016,20,
3,485,Overall,Overall,25,13,25,0.5,0.576409,0.411466,1029,21,
3,486,Overall,Overall,25,9,25,-1.5,-1.597296,0.436003,920,22,
3,487,Overall,Overall,25,19,25,2.0,2.547691,0.493875,1127,25,
3,488,Overall,Overall,25,10,25,0.0,-0.547011,0.415835,973,21,
3,489,Overall,Overall,25,21,25,2.0,2.817237,0.565068,1141,28,
3,490,Overall,Overall,25,18,25,2.0,1.91911,0.477511,1096,24,
3,491,Overall,Overall,25,17,25,0.5,1.162992,0.45049,1058,23,
3,492,Overall,Overall,25,14,25,1.5,1.125922,0.419005,1056,21,
3,493,Overall,Overall,25,11,25,-1.5,-0.504559,0.416989,975,21,
3,494,Overall,Overall,25,17,25,2.0,1.758816,0.453459,1088,23,
3,495,Overall,Overall,25,15,25,0.0,-0.626163,0.42205,969,21,
3,496,Overall,Overall,25,14,25,0.5,0.830799,0.437439,1042,22,
3,497,Overall,Overall,25,16,25,1.5,1.776669,0.452149,1089,23,
3,498,Overall,Overall,25,12,25,0.0,0.228138,0.403359,1011,20,
3,499,Overall,Overall,25,16,25,1.5,1.850494,0.436981,1093,22,
3,500,Overall,Overall,25,11,25,-0.5,0.186205,0.409085,1009,20,
3,501,Overall,Overall,25,7,25,-1.5,-1.841226,0.455011,908,23,
3,502,Overall,Overall,25,13,25,0.0,-0.773939,0.409841,961,20,
3,503,Overall,Overall,25,17,25,0.5,0.58273,0.441135,1029,22,
3,504,Overall,Overall,25,12,25,-0.5,0.10805,0.407362,1005,20,
3,505,Overall,Overall,25,4,25,-2.0,-3.060922,0.567768,847,28,
3,506,Overall,Overall,25,16,25,1.0,0.420689,0.426701,1021,21,
3,507,Overall,Overall,25,13,25,0.5,0.118866,0.409067,1006,20,
3,508,Overall,Overall,25,18,25,2.0,1.303245,0.466582,1065,23,
3,509,Overall,Overall,25,10,25,-0.5,-0.251231,0.417204,987,21,
3,510,Overall,Overall,25,12,25,-0.5,-0.898387,0.410281,955,21,
3,511,Overall,Overall,25,7,25,-2.0,-1.955907,0.468298,902,23,
3,512,Overall,Overall,25,12,25,0.0,0.058493,0.411347,1003,21,
3,513,Overall,Overall,25,11,25,-1.5,-1.359663,0.426079,932,21,
3,514,Overall,Overall,25,9,25,-1.5,-1.360038,0.43189,932,22,
3,515,Overall,Overall,25,13,25,0.0,-0.628495,0.40967,969,20,
3,516,Overall,Overall,25,10,25,-0.5,-0.421367,0.416873,979,21,
3,517,Overall,Overall,25,13,25,0.5,0.298297,0.405323,1015,20,
3,518,Overall,Overall,25,15,25,2.0,1.654367,0.435494,1083,22,
3,519,Overall,Overall,25,11,25,-0.5,-0.466243,0.412693,977,21,
3,520,Overall,Overall,25,11,25,-0.5,-1.203088,0.416119,940,21,
3,521,Overall,Overall,25,13,25,-1.0,-0.703653,0.407979,965,20,
3,522,Overall,Overall,25,10,25,-1.5,-1.125207,0.419533,944,21,
3,523,Overall,Overall,25,6,25,-2.0,-2.490042,0.48616,875,24,
3,524,Overall,Overall,25,13,25,0.5,0.257478,0.406226,1013,20,
3,525,Overall,Overall,25,18,25,1.5,1.714392,0.460642,1086,23,
3,526,Overall,Overall,25,14,25,0.5,0.677235,0.410467,1034,21,
3,527,Overall,Overall,25,14,25,1.0,0.47304,0.411242,1024,21,
3,528,Overall,Overall,25,15,25,1.5,1.375082,0.431231,1069,22,
3,529,Overall,Overall,25,10,25,-1.5,-1.349848,0.428185,933,21,
3,530,Overall,Overall,25,20,25,1.5,2.434985,0.524324,1122,26,
3,531,Overall,Overall,25,16,25,1.5,1.565326,0.438027,1078,22,
3,532,Overall,Overall,25,15,25,0.0,-0.337098,0.419983,983,21,
3,533,Overall,Overall,25,14,25,2.0,1.58792,0.425065,1079,21,
3,534,Overall,Overall,25,11,25,-1.5,-1.592165,0.425122,920,21,
3,535,Overall,Overall,25,18,25,2.0,2.119768,0.463619,1106,23,
3,536,Overall,Overall,25,18,25,1.5,1.95054,0.471816,1098,24,
3,537,Overall,Overall,25,16,25,2.0,1.67938,0.450438,1084,23,
3,538,Overall,Overall,25,7,25,-1.0,-1.734804,0.458818,913,23,
3,539,Overall,Overall,25,15,25,1.5,1.731415,0.42285,1087,21,
3,540,Overall,Overall,25,13,25,0.5,0.532179,0.411372,1027,21,
3,541,Overall,Overall,25,16,25,1.0,0.999817,0.42318,1050,21,
3,542,Overall,Overall,25,13,25,-0.5,-0.677777,0.409309,966,20,
3,543,Overall,Overall,25,11,25,-1.5,-1.33286,0.419893,933,21,
3,544,Overall,Overall,25,12,25,0.0,-0.110927,0.40862,994,20,
3,545,Overall,Overall,25,10,25,-0.5,-0.923014,0.416987,954,21,
3,546,Overall,Overall,25,15,25,1.5,0.780249,0.413603,1039,21,
3,547,Overall,Overall,25,16,25,1.0,1.503157,0.43345,1075,22,
3,548,Overall,Overall,25,11,25,-1.0,-0.561298,0.41678,972,21,
3,549,Overall,Overall,25,12,25,0.5,0.758039,0.413476,1038,21,
3,550,Overall,Overall,25,13,25,0.5,0.174174,0.40481,1009,20,
3,551,Overall,Overall,25,6,25,-1.5,-2.295045,0.491638,885,25,
3,552,Overall,Overall,25,10,25,-1.5,-1.327823,0.417025,934,21,
3,553,Overall,Overall,25,10,25,-1.5,-1.511068,0.424858,924,21,
3,554,Overall,Overall,25,13,25,1.5,0.952049,0.412675,1048,21,
3,555,Overall,Overall,25,11,25,-2.0,-1.261336,0.415926,937,21,
3,556,Overall,Overall,25,8,25,-2.0,-1.869385,0.449332,907,22,
3,557,Overall,Overall,25,10,25,-1.5,-1.465748,0.423097,927,21,
3,558,Overall,Overall,25,13,25,-0.5,-0.988129,0.416007,951,21,
3,559,Overall,Overall,25,7,25,-2.0,-1.865065,0.460285,907,23,
3,560,Overall,Overall,25,12,25,-0.5,-0.566872,0.406182,972,20,
3,561,Overall,Overall,25,9,25,-1.0,-1.307561,0.424884,935,21,
3,562,Overall,Overall,25,18,25,2.0,1.816499,0.470905,1091,24,
3,563,Overall,Overall,25,11,25,-1.5,-0.672857,0.417401,966,21,
3,564,Overall,Overall,25,15,25,0.0,-0.438653,0.421605,978,21,
3,565,Overall,Overall,25,13,25,0.5,0.533208,0.405099,1027,20,
3,566,Overall,Overall,25,10,25,-2.0,-1.660428,0.427752,917,21,
3,567,Overall,Overall,25,3,25,-2.0,-3.176521,0.633971,841,32,
3,568,Overall,Overall,25,14,25,-0.5,-0.6057,0.413502,970,21,
3,569,Overall,Overall,25,12,25,-2.0,-1.259441,0.416992,937,21,
3,570,Overall,Overall,25,13,25,-1.5,-0.669643,0.413854,967,21,
3,571,Overall,Overall,25,10,25,-1.0,-1.342876,0.421471,933,21,
3,572,Overall,Overall,25,6,25,-2.0,-2.262395,0.481324,887,24,
3,573,Overall,Overall,25,15,25,0.5,0.635695,0.414791,1032,21,
3,574,Overall,Overall,25,10,25,-0.5,-0.664036,0.422396,967,21,
3,575,Overall,Overall,25,18,25,2.0,2.290612,0.469799,1115,23,
3,576,Overall,Overall,25,17,25,2.0,1.753647,0.44633,1088,22,
3,577,Overall,Overall,25,10,25,-1.0,-1.630651,0.426748,918,21,
3,578,Overall,Overall,25,18,25,1.5,2.038662,0.471222,1102,24,
3,579,Overall,Overall,25,11,25,0.0,-0.371919,0.413751,981,21,
3,580,Overall,Overall,25,10,25,-1.0,-0.934719,0.419479,953,21,
3,581,Overall,Overall,25,7,25,-1.5,-1.983153,0.462902,901,23,
3,582,Overall,Overall,25,13,25,-0.5,-0.156195,0.408553,992,20,
3,583,Overall,Overall,25,15,25,-0.5,-0.671277,0.428984,966,21,
3,584,Overall,Overall,25,11,25,-0.5,-0.003902,0.411138,1000,21,
3,585,Overall,Overall,25,10,25,-1.0,-1.061578,0.418687,947,21,
3,586,Overall,Overall,25,18,25,1.0,1.715797,0.456041,1086,23,
3,587,Overall,Overall,25,8,25,-2.0,-1.916777,0.447025,904,22,
3,588,Overall,Overall,25,11,25,-2.0,-1.112242,0.412861,944,21,
3,589,Overall,Overall,25,11,25,-0.5,-0.741312,0.410943,963,21,
3,590,Overall,Overall,25,9,25,-2.0,-1.797106,0.436336,910,22,
3,591,Overall,Overall,25,10,25,-1.5,-1.228934,0.426176,939,21,
3,592,Overall,Overall,25,12,25,-0.5,-0.377168,0.417116,981,21,
3,593,Overall,Overall,25,15,25,0.5,0.377816,0.41838,1019,21,
3,594,Overall,Overall,25,6,25,-2.0,-2.263549,0.485325,887,24,
3,595,Overall,Overall,25,15,25,2.0,1.500459,0.435831,1075,22,
3,596,Overall,Overall,25,11,25,-1.5,-1.245979,0.420022,938,21,
3,597,Overall,Overall,25,17,25,1.5,1.919458,0.454451,1096,23,
3,598,Overall,Overall,25,14,25,2.0,1.134788,0.425942,1057,21,
3,599,Overall,Overall,25,4,25,-2.0,-3.009268,0.568347,850,28,
3,600,Overall,Overall,25,18,25,2.0,2.307446,0.459415,1115,23,
3,601,Overall,Overall,25,15,25,1.0,1.284401,0.425588,1064,21,
3,602,Overall,Overall,25,17,25,1.0,1.237093,0.440299,1062,22,
3,603,Overall,Overall,25,9,25,-2.0,-2.036509,0.44697,898,22,
3,604,Overall,Overall,25,12,25,-0.5,-0.087178,0.408785,996,20,
3,605,Overall,Overall,25,13,25,0.5,0.994709,0.421489,1050,21,
3,606,Overall,Overall,25,10,25,-0.5,-0.463257,0.416566,977,21,
3,607,Overall,Overall,25,15,25,1.5,1.711908,0.43783,1086,22,
3,608,Overall,Overall,25,22,25,2.0,2.902447,0.629971,1145,31,
3,609,Overall,Overall,25,9,25,-2.0,-2.027625,0.437736,899,22,
3,610,Overall,Overall,25,16,25,1.0,1.275185,0.438195,1064,22,
3,611,Overall,Overall,25,11,25,-0.5,-1.09349,0.412842,945,21,
3,612,Overall,Overall,25,16,25,1.5,1.916364,0.444119,1096,22,
3,613,Overall,Overall,25,9,25,-1.5,-1.182227,0.431057,941,22,
3,614,Overall,Overall,25,15,25,1.0,0.917391,0.417152,1046,21,
3,615,Overall,Overall,25,12,25,-1.0,-0.977034,0.411911,951,21,
3,616,Overall,Overall,25,13,25,0.5,0.628857,0.410989,1031,21,
3,617,Overall,Overall,25,8,25,-2.0,-1.74747,0.445102,913,22,
3,618,Overall,Overall,25,10,25,-1.5,-1.366638,0.427819,932,21,
3,619,Overall,Overall,25,15,25,0.5,0.176479,0.41881,1009,21,
3,620,Overall,Overall,25,12,25,-0.5,-0.841499,0.409505,958,20,
3,621,Overall,Overall,25,11,25,0.0,-0.402112,0.415231,980,21,
3,622,Overall,Overall,25,16,25,1.0,0.98327,0.423955,1049,21,
3,623,Overall,Overall,25,14,25,0.0,-0.403751,0.4318,980,22,
3,624,Overall,Overall,25,13,25,1.5,1.182802,0.422769,1059,21,
3,625,Overall,Overall,25,10,25,-2.0,-1.155754,0.422573,942,21,
3,626,Overall,Overall,25,12,25,0.0,0.192259,0.406966,1010,20,
3,627,Overall,Overall,25,15,25,0.5,0.189258,0.416319,1009,21,
3,628,Overall,Overall,25,17,25,2.0,1.909458,0.456278,1095,23,
3,629,Overall,Overall,25,9,25,0.5,-0.196313,0.42426,990,21,
3,630,Overall,Overall,25,20,25,2.0,2.568554,0.521247,1128,26,
3,631,Overall,Overall,25,11,25,-0.5,-0.678074,0.413291,966,21,
3,632,Overall,Overall,25,18,25,2.0,2.025398,0.467675,1101,23,
3,633,Overall,Overall,25,14,25,1.0,1.371859,0.426321,1069,21,
3,634,Overall,Overall,25,13,25,1.0,0.592208,0.410405,1030,21,
3,635,Overall,Overall,25,12,25,0.5,0.716113,0.412459,1036,21,
3,636,Overall,Overall,25,16,25,1.0,1.15825,0.424409,1058,21,
3,637,Overall,Overall,25,8,25,-1.5,-2.010513,0.447163,899,22,
3,638,Overall,Overall,25,14,25,1.0,1.224345,0.435606,1061,22,
3,639,Overall,Overall,25,15,25,0.5,0.719358,0.413508,1036,21,
3,640,Overall,Overall,25,18,25,2.0,1.911803,0.463292,1096,23,
3,641,Overall,Overall,25,9,25,-1.0,-1.251191,0.431555,937,22,
3,642,Overall,Overall,25,14,25,1.0,0.860798,0.41423,1043,21,
3,643,Overall,Overall,25,16,25,1.5,1.480746,0.432089,1074,22,
3,644,Overall,Overall,25,9,25,-1.5,-1.907724,0.437488,905,22,
3,645,Overall,Overall,25,9,25,-1.0,-1.205428,0.42673,940,21,
3,646,Overall,Overall,25,16,25,1.0,1.361212,0.432062,1068,22,
3,647,Overall,Overall,25,14,25,1.5,1.384114,0.422675,1069,21,
3,648,Overall,Overall,25,17,25,0.5,1.638264,0.456673,1082,23,
3,649,Overall,Overall,25,16,25,1.5,1.56251,0.440001,1078,22,
3,650,Overall,Overall,25,13,25,0.0,0.439819,0.406226,1022,20,
3,651,Overall,Overall,25,13,25,1.0,0.466104,0.40637,1023,20,
3,652,Overall,Overall,25,12,25,0.5,-0.040217,0.408656,998,20,
3,653,Overall,Overall,25,9,25,-2.0,-1.464081,0.429697,927,21,
3,654,Overall,Overall,25,12,25,-1.0,-1.205974,0.420658,940,21,
3,655,Overall,Overall,25,19,25,2.0,2.538527,0.493556,1127,25,
3,656,Overall,Overall,25,9,25,-2.0,-1.669794,0.440169,917,22,
3,657,Overall,Overall,25,8,25,-1.0,-1.148199,0.441518,943,22,
3,658,Overall,Overall,25,12,25,-0.5,-0.025779,0.405392,999,20,
3,659,Overall,Overall,25,10,25,-1.5,-1.339726,0.42149,933,21,
3,660,Overall,Overall,25,18,25,2.0,2.053391,0.468298,1103,23,
3,661,Overall,Overall,25,9,25,-0.5,-0.841329,0.435922,958,22,
3,662,Overall,Overall,25,11,25,0.0,-0.084539,0.419454,996,21,
3,663,Overall,Overall,25,10,25,0.0,0.153287,0.415647,1008,21,
3,664,Overall,Overall,25,17,25,2.0,1.740157,0.446221,1087,22,
3,665,Overall,Overall,25,6,25,-2.0,-2.484814,0.486476,876,24,
3,666,Overall,Overall,25,15,25,0.5,0.433277,0.4143,1022,21,
3,667,Overall,Overall,25,16,25,1.0,1.536758,0.444932,1077,22,
3,668,Overall,Overall,25,18,25,2.0,2.03834,0.471569,1102,24,
3,669,Overall,Overall,25,10,25,-1.0,-1.305464,0.418776,935,21,
3,670,Overall,Overall,25,9,25,-2.0,-1.830833,0.437608,908,22,
3,671,Overall,Overall,25,15,25,2.0,1.206288,0.423642,1060,21,
3,672,Overall,Overall,25,14,25,1.0,1.384114,0.422675,1069,21,
3,673,Overall,Overall,25,10,25,-2.0,-1.606664,0.426566,920,21,
3,674,Overall,Overall,25,9,25,-1.5,-1.668212,0.437679,917,22,
3,675,Overall,Overall,25,17,25,1.5,1.525462,0.440209,1076,22,
3,676,Overall,Overall,25,13,25,-0.5,-0.603296,0.412056,970,21,
3,677,Overall,Overall,25,13,25,-0.5,-0.310293,0.40751,984,20,
3,678,Overall,Overall,25,20,25,2.0,2.37327,0.515907,1119,26,
3,679,Overall,Overall,25,18,25,2.0,2.024683,0.469189,1101,23,
3,680,Overall,Overall,25,11,25,0.0,-0.457038,0.416375,977,21,
3,681,Overall,Overall,25,12,25,-0.5,-0.22675,0.407332,989,20,
3,682,Overall,Overall,25,6,25,-2.0,-2.262395,0.481324,887,24,
3,683,Overall,Overall,25,13,25,0.0,0.133771,0.406274,1007,20,
3,684,Overall,Overall,25,13,25,0.0,0.119907,0.408508,1006,20,
3,685,Overall,Overall,25,13,25,-1.0,-0.836395,0.408792,958,20,
3,686,Overall,Overall,25,19,25,2.0,2.484243,0.494256,1124,25,
3,687,Overall,Overall,25,6,25,-1.5,-2.262395,0.481324,887,24,
3,688,Overall,Overall,25,4,25,-2.0,-2.743605,0.556275,863,28,
3,689,Overall,Overall,25,9,25,-2.0,-1.769473,0.436905,912,22,
3,690,Overall,Overall,25,14,25,0.0,0.786108,0.410346,1039,21,
3,691,Overall,Overall,25,16,25,2.0,1.741838,0.43852,1087,22,
3,692,Overall,Overall,25,15,25,0.0,0.111312,0.419222,1006,21,
3,693,Overall,Overall,25,12,25,-1.0,-0.863395,0.413281,957,21,
3,694,Overall,Overall,25,15,25,1.0,1.547205,0.430657,1077,22,
3,695,Overall,Overall,25,16,25,0.0,0.017773,0.427595,1001,21,
3,696,Overall,Overall,25,12,25,-1.5,-0.662146,0.405799,967,20,
3,697,Overall,Overall,25,15,25,0.0,0.364048,0.415049,1018,21,
3,698,Overall,Overall,25,8,25,-2.0,-1.6385,0.440244,918,22,
3,699,Overall,Overall,25,14,25,2.0,1.074724,0.417566,1054,21,
3,700,Overall,Overall,25,7,25,-2.0,-2.236075,0.465503,888,23,
3,701,Overall,Overall,25,16,25,1.5,1.927219,0.440132,1096,22,
3,702,Overall,Overall,25,11,25,-1.5,-1.275126,0.417099,936,21,
3,703,Overall,Overall,25,13,25,-0.5,-0.6041,0.412378,970,21,
3,704,Overall,Overall,25,11,25,0.5,0.397725,0.419767,1020,21,
3,705,Overall,Overall,25,18,25,2.0,1.597634,0.452723,1080,23,
3,706,Overall,Overall,25,15,25,0.5,0.691884,0.417888,1035,21,
3,707,Overall,Overall,25,11,25,0.5,0.920029,0.423526,1046,21,
3,708,Overall,Overall,25,13,25,0.0,0.081597,0.407613,1004,20,
3,709,Overall,Overall,25,9,25,-1.5,-1.865752,0.442198,907,22,
3,710,Overall,Overall,25,11,25,0.5,0.50155,0.412183,1025,21,
3,711,Overall,Overall,25,15,25,0.5,0.28959,0.413198,1014,21,
3,712,Overall,Overall,25,9,25,-2.0,-1.72824,0.434921,914,22,
3,713,Overall,Overall,25,10,25,0.5,0.486851,0.427283,1024,21,
3,714,Overall,Overall,25,5,25,-2.0,-2.285269,0.522499,886,26,
3,715,Overall,Overall,25,11,25,-1.5,-0.822615,0.414335,959,21,
3,716,Overall,Overall,25,10,25,-0.5,-0.299837,0.416913,985,21,
3,717,Overall,Overall,25,14,25,0.5,0.429852,0.413689,1021,21,
3,718,Overall,Overall,25,15,25,0.0,-0.123344,0.418829,994,21,
3,719,Overall,Overall,25,8,25,-2.0,-2.047834,0.449302,898,22,
3,720,Overall,Overall,25,18,25,1.5,1.949516,0.466395,1097,23,
3,721,Overall,Overall,25,16,25,1.5,1.481836,0.433815,1074,22,
3,722,Overall,Overall,25,17,25,2.0,2.042797,0.454937,1102,23,
3,723,Overall,Overall,25,16,25,1.5,1.483704,0.453721,1074,23,
3,724,Overall,Overall,25,16,25,2.0,1.168172,0.42244,1058,21,
3,725,Overall,Overall,25,6,25,-2.0,-2.425913,0.485102,879,24,
3,726,Overall,Overall,25,9,25,-2.0,-1.846746,0.436061,908,22,
3,727,Overall,Overall,25,12,25,-0.5,-0.466399,0.418209,977,21,
3,728,Overall,Overall,25,12,25,-1.0,-0.932184,0.408549,953,20,
3,729,Overall,Overall,25,12,25,-0.5,-0.79564,0.410991,960,21,
3,730,Overall,Overall,25,11,25,-1.0,-0.885402,0.422592,956,21,
3,731,Overall,Overall,25,13,25,-1.0,-0.682184,0.412563,966,21,
3,732,Overall,Overall,25,14,25,-0.5,-0.094366,0.413141,995,21,
3,733,Overall,Overall,25,12,25,0.5,-0.249357,0.410302,988,21,
3,734,Overall,Overall,25,13,25,-0.5,-0.486965,0.413976,976,21,
3,735,Overall,Overall,25,17,25,1.0,1.380378,0.43828,1069,22,
3,736,Overall,Overall,25,14,25,0.0,0.165067,0.408966,1008,20,
3,737,Overall,Overall,25,14,25,1.5,1.094264,0.42159,1055,21,
3,738,Overall,Overall,25,8,25,-1.5,-1.512002,0.443711,924,22,
3,739,Overall,Overall,25,15,25,1.0,1.496318,0.429982,1075,21,
3,740,Overall,Overall,25,17,25,2.0,2.112022,0.457662,1106,23,
3,741,Overall,Overall,25,16,25,1.5,1.364762,0.442357,1068,22,
3,742,Overall,Overall,25,18,25,2.0,2.068313,0.463378,1103,23,
3,743,Overall,Overall,25,13,25,0.0,0.318239,0.404191,1016,20,
3,744,Overall,Overall,25,13,25,-0.5,-0.768608,0.408197,962,20,
3,745,Overall,Overall,25,11,25,1.0,0.114363,0.412023,1006,21,
3,746,Overall,Overall,25,10,25,-1.5,-1.668248,0.431333,917,22,
3,747,Overall,Overall,25,5,25,-2.0,-2.323852,0.516124,884,26,
3,748,Overall,Overall,25,12,25,0.0,0.170956,0.406226,1009,20,
3,749,Overall,Overall,25,16,25,1.5,1.721244,0.438687,1086,22,
3,750,Overall,Overall,25,14,25,0.0,0.322323,0.408682,1016,20,
3,751,Overall,Overall,25,12,25,-1.0,-0.903482,0.41709,955,21,
3,752,Overall,Overall,25,19,25,2.0,2.320086,0.501459,1116,25,
3,753,Overall,Overall,25,18,25,1.5,1.781209,0.468726,1089,23,
3,754,Overall,Overall,25,12,25,-1.5,-1.072511,0.417731,946,21,
3,755,Overall,Overall,25,11,25,-1.5,-1.071675,0.418297,946,21,
3,756,Overall,Overall,25,12,25,-1.5,-0.859513,0.411191,957,21,
3,757,Overall,Overall,25,9,25,-1.5,-1.688234,0.433048,916,22,
3,758,Overall,Overall,25,8,25,-1.0,-1.60427,0.441466,920,22,
3,759,Overall,Overall,25,20,25,2.0,2.607288,0.53138,1130,27,
3,760,Overall,Overall,25,16,25,2.0,1.913499,0.43111,1096,22,
3,761,Overall,Overall,25,13,25,0.0,0.833401,0.413385,1042,21,
3,762,Overall,Overall,25,16,25,2.0,1.718034,0.435601,1086,22,
3,763,Overall,Overall,25,16,25,1.5,1.790989,0.444733,1090,22,
3,764,Overall,Overall,25,10,25,-0.5,-0.987979,0.425855,951,21,
3,765,Overall,Overall,25,12,25,0.0,0.41466,0.405051,1021,20,
3,766,Overall,Overall,25,17,25,1.0,1.262204,0.450076,1063,23,
3,767,Overall,Overall,25,18,25,2.0,2.064685,0.484907,1103,24,
3,768,Overall,Overall,25,14,25,0.5,0.987362,0.422294,1049,21,
3,769,Overall,Overall,25,13,25,-0.5,-0.643957,0.409309,968,20,
3,770,Overall,Overall,25,13,25,-0.5,-0.508724,0.410932,975,21,
3,771,Overall,Overall,25,20,25,2.0,2.625551,0.524518,1131,26,
3,772,Overall,Overall,25,9,25,-2.0,-1.693189,0.433693,915,22,
3,773,Overall,Overall,25,10,25,0.5,-0.272292,0.416153,986,21,
3,774,Overall,Overall,25,11,25,-1.0,-1.427277,0.423611,929,21,
3,775,Overall,Overall,25,18,25,1.5,2.026476,0.459636,1101,23,
3,776,Overall,Overall,25,10,25,-2.0,-1.52456,0.423942,924,21,
3,777,Overall,Overall,25,10,25,-1.0,-0.611212,0.417114,969,21,
3,778,Overall,Overall,25,11,25,-1.5,-1.07428,0.4139,946,21,
3,779,Overall,Overall,25,14,25,1.5,0.796117,0.408755,1040,20,
3,780,Overall,Overall,25,11,25,0.5,0.3466,0.415814,1017,21,
3,781,Overall,Overall,25,20,25,2.0,2.510484,0.523202,1126,26,
3,782,Overall,Overall,25,10,25,-1.0,-1.37823,0.421344,931,21,
3,783,Overall,Overall,25,8,25,-2.0,-1.900925,0.456301,905,23,
3,784,Overall,Overall,25,17,25,1.0,1.893655,0.459314,1095,23,
3,785,Overall,Overall,25,15,25,1.5,1.230424,0.425795,1062,21,
3,786,Overall,Overall,25,19,25,1.5,2.484243,0.494256,1124,25,
3,787,Overall,Overall,25,9,25,-1.0,-1.246548,0.431655,938,22,
3,788,Overall,Overall,25,16,25,2.0,1.634566,0.430554,1082,22,
3,789,Overall,Overall,25,12,25,-0.5,-0.590051,0.408096,970,20,
3,790,Overall,Overall,25,17,25,2.0,1.960253,0.463321,1098,23,
3,791,Overall,Overall,25,8,25,-1.5,-1.867438,0.452407,907,23,
3,792,Overall,Overall,25,11,25,-1.5,-1.220457,0.41736,939,21,
3,793,Overall,Overall,25,13,25,-1.0,-1.037717,0.419994,948,21,
3,794,Overall,Overall,25,16,25,1.0,0.939711,0.426445,1047,21,
3,795,Overall,Overall,25,18,25,2.0,2.174434,0.474117,1109,24,
3,796,Overall,Overall,25,13,25,0.0,0.205346,0.409228,1010,20,
3,797,Overall,Overall,25,8,25,-1.0,-0.682295,0.442679,966,22,
3,798,Overall,Overall,25,14,25,1.5,1.553818,0.425878,1078,21,
3,799,Overall,Overall,25,5,25,-2.0,-2.478987,0.514375,876,26,
3,800,Overall,Overall,25,6,25,-2.0,-2.005878,0.478436,900,24,
3,801,Overall,Overall,25,18,25,1.0,1.770679,0.470824,1089,24,
3,802,Overall,Overall,25,12,25,-1.0,-0.770636,0.410358,961,21,
3,803,Overall,Overall,25,12,25,-0.5,-0.181636,0.405041,991,20,
3,804,Overall,Overall,25,8,25,-1.5,-1.341476,0.436665,933,22,
3,805,Overall,Overall,25,11,25,-0.5,-0.422742,0.415604,979,21,
3,806,Overall,Overall,25,22,25,2.0,3.110229,0.635927,1156,32,
3,807,Overall,Overall,25,16,25,2.0,1.471325,0.436373,1074,22,
3,808,Overall,Overall,25,15,25,0.5,0.256596,0.415854,1013,21,
3,809,Overall,Overall,25,12,25,-1.0,-0.764377,0.409802,962,20,
3,810,Overall,Overall,25,16,25,1.5,1.235565,0.423847,1062,21,
3,811,Overall,Overall,25,19,25,2.0,2.314959,0.504725,1116,25,
3,812,Overall,Overall,25,14,25,0.5,0.210694,0.411936,1011,21,
3,813,Overall,Overall,25,11,25,-0.5,-0.243562,0.410874,988,21,
3,814,Overall,Overall,25,13,25,0.0,-0.542103,0.409861,973,20,
3,815,Overall,Overall,25,5,25,-2.0,-2.812713,0.529005,859,26,
3,816,Overall,Overall,25,8,25,-0.5,-0.850171,0.440804,957,22,
3,817,Overall,Overall,25,7,25,-2.0,-2.092621,0.472362,895,24,
3,818,Overall,Overall,25,13,25,1.5,1.104859,0.421426,1055,21,
3,819,Overall,Overall,25,12,25,-1.0,-0.971675,0.411374,951,21,
3,820,Overall,Overall,25,18,25,1.5,2.091186,0.459364,1105,23,
3,821,Overall,Overall,25,8,25,-1.5,-1.562635,0.444971,922,22,
3,822,Overall,Overall,25,19,25,2.0,2.456036,0.498774,1123,25,
3,823,Overall,Overall,25,14,25,1.0,0.749121,0.410674,1037,21,
3,824,Overall,Overall,25,12,25,-1.5,-0.637389,0.409284,968,20,
3,825,Overall,Overall,25,13,25,0.5,0.817459,0.410123,1041,21,
3,826,Overall,Overall,25,15,25,1.5,1.277643,0.424637,1064,21,
3,827,Overall,Overall,25,14,25,0.0,-0.181249,0.413172,991,21,
3,828,Overall,Overall,25,13,25,0.0,0.581642,0.407907,1029,20,
3,829,Overall,Overall,25,8,25,-2.0,-2.058232,0.44854,897,22,
3,830,Overall,Overall,25,12,25,0.5,0.175868,0.403926,1009,20,
3,831,Overall,Overall,25,10,25,-1.0,-1.383143,0.439844,931,22,
3,832,Overall,Overall,25,15,25,1.5,1.503545,0.422192,1075,21,
3,833,Overall,Overall,25,8,25,-2.0,-2.01156,0.459405,899,23,
3,834,Overall,Overall,25,18,25,2.0,2.091621,0.469396,1105,23,
3,835,Overall,Overall,25,9,25,-1.5,-1.609187,0.429583,920,21,
3,836,Overall,Overall,25,8,25,0.0,-0.20793,0.444502,990,22,
3,837,Overall,Overall,25,7,25,-1.5,-2.112868,0.463804,894,23,
3,838,Overall,Overall,25,11,25,-2.0,-1.165256,0.416492,942,21,
3,839,Overall,Overall,25,9,25,-1.5,-1.647994,0.431233,918,22,
3,840,Overall,Overall,25,7,25,-1.5,-1.319113,0.468982,934,23,
3,841,Overall,Overall,25,15,25,-0.5,0.288374,0.420844,1014,21,
3,842,Overall,Overall,25,14,25,-1.0,0.293523,0.408145,1015,20,
3,843,Overall,Overall,25,10,25,-2.0,-1.44493,0.434644,928,22,
3,844,Overall,Overall,25,11,25,-1.0,-0.887484,0.412817,956,21,
3,845,Overall,Overall,25,6,25,-1.5,-2.290788,0.490139,885,25,
3,846,Overall,Overall,25,13,25,1.5,1.159735,0.426455,1058,21,
3,847,Overall,Overall,25,10,25,-1.5,-1.368551,0.421538,932,21,
3,848,Overall,Overall,25,14,25,0.0,0.567294,0.406829,1028,20,
3,849,Overall,Overall,25,9,25,-1.0,-1.002071,0.429231,950,21,
3,850,Overall,Overall,25,12,25,1.0,0.305622,0.407061,1015,20,
3,851,Overall,Overall,25,7,25,-2.0,-1.853527,0.455654,907,23,
3,852,Overall,Overall,25,8,25,-1.5,-1.719648,0.439752,914,22,
3,853,Overall,Overall,25,12,25,-1.0,-0.833876,0.413266,958,21,
3,854,Overall,Overall,25,6,25,-2.0,-2.020392,0.482213,899,24,
3,855,Overall,Overall,25,17,25,1.0,1.571284,0.453087,1079,23,
3,856,Overall,Overall,25,10,25,-0.5,-0.775597,0.419083,961,21,
3,857,Overall,Overall,25,13,25,0.0,-0.192464,0.408581,990,20,
3,858,Overall,Overall,25,14,25,1.0,0.865739,0.410639,1043,21,
3,859,Overall,Overall,25,12,25,0.0,0.523673,0.412889,1026,21,
3,860,Overall,Overall,25,9,25,0.0,-0.333053,0.422942,983,21,
3,861,Overall,Overall,25,17,25,0.0,0.140255,0.436192,1007,22,
3,862,Overall,Overall,25,11,25,-1.0,-1.102379,0.412848,945,21,
3,863,Overall,Overall,25,13,25,0.5,0.238656,0.406813,1012,20,
3,864,Overall,Overall,25,19,25,2.0,2.484243,0.494256,1124,25,
3,865,Overall,Overall,25,14,25,-0.5,-0.231167,0.413536,988,21,
3,866,Overall,Overall,25,11,25,-1.0,0.106737,0.410059,1005,21,
3,867,Overall,Overall,25,7,25,-2.0,-2.094171,0.459762,895,23,
3,868,Overall,Overall,25,13,25,0.5,0.368843,0.406372,1018,20,
3,869,Overall,Overall,25,10,25,-1.5,-1.66348,0.429719,917,21,
3,870,Overall,Overall,25,8,25,-1.5,-1.960798,0.444942,902,22,
3,871,Overall,Overall,25,10,25,-1.5,-1.401979,0.424615,930,21,
3,872,Overall,Overall,25,14,25,1.0,1.014923,0.415446,1051,21,
3,873,Overall,Overall,25,3,25,-2.0,-3.18119,0.63792,841,32,
3,874,Overall,Overall,25,16,25,1.5,1.721774,0.440461,1086,22,
3,875,Overall,Overall,25,10,25,-1.0,-0.153822,0.416697,992,21,
3,876,Overall,Overall,25,9,25,-1.0,-0.977252,0.432145,951,22,
3,877,Overall,Overall,25,13,25,1.5,1.200086,0.41577,1060,21,
3,878,Overall,Overall,25,13,25,0.0,0.147605,0.412753,1007,21,
3,879,Overall,Overall,25,9,25,-1.0,-1.0291,0.432664,949,22,
3,880,Overall,Overall,25,11,25,-0.5,0.014848,0.409454,1001,20,
3,881,Overall,Overall,25,10,25,-1.0,-1.386193,0.425575,931,21,
3,882,Overall,Overall,25,15,25,1.0,0.559744,0.416316,1028,21,
3,883,Overall,Overall,25,17,25,1.5,1.979755,0.456215,1099,23,
3,884,Overall,Overall,25,11,25,1.0,0.052522,0.41238,1003,21,
3,885,Overall,Overall,25,9,25,-1.0,-1.403029,0.426718,930,21,
3,886,Overall,Overall,25,12,25,1.0,0.474542,0.412846,1024,21,
3,887,Overall,Overall,25,9,25,-1.0,-0.998383,0.440874,950,22,
3,888,Overall,Overall,25,13,25,-1.0,-0.787269,0.427198,961,21,
3,889,Overall,Overall,25,15,25,1.5,1.551461,0.440539,1078,22,
3,890,Overall,Overall,25,6,25,-2.0,-2.292587,0.490511,885,25,
3,891,Overall,Overall,25,15,25,1.5,0.899165,0.41435,1045,21,
3,892,Overall,Overall,25,9,25,-2.0,-1.715057,0.43342,914,22,
3,893,Overall,Overall,25,10,25,-1.5,-1.363812,0.427818,932,21,
3,894,Overall,Overall,25,8,25,-0.5,-1.87974,0.449643,906,22,
3,895,Overall,Overall,25,14,25,1.0,0.568148,0.409382,1028,20,
3,896,Overall,Overall,25,14,25,1.0,1.101966,0.415581,1055,21,
3,897,Overall,Overall,25,8,25,-1.5,-1.83364,0.443025,908,22,
3,898,Overall,Overall,25,7,25,-1.0,-1.411171,0.464733,929,23,
3,899,Overall,Overall,25,18,25,2.0,2.290428,0.469046,1115,23,
3,900,Overall,Overall,25,13,25,-0.5,-0.440855,0.409007,978,20,
4,1,Overall,Overall,25,16,25,2.0,1.850436,0.442317,1093,22,
4,2,Overall,Overall,25,11,25,-0.5,-0.929505,0.411748,954,21,
4,3,Overall,Overall,25,14,25,-1.0,-0.444378,0.418392,978,21,
4,4,Overall,Overall,25,12,25,-0.5,-0.811127,0.435807,959,22,
4,5,Overall,Overall,25,13,25,0.5,0.337451,0.403522,1017,20,
4,6,Overall,Overall,25,7,25,-2.0,-2.08426,0.468188,896,23,
4,7,Overall,Overall,25,8,25,-2.0,-1.590419,0.446593,920,22,
4,8,Overall,Overall,25,11,25,-0.5,-0.870058,0.421802,956,21,
4,9,Overall,Overall,25,11,25,0.5,0.735265,0.427854,1037,21,
4,10,Overall,Overall,25,20,25,2.0,2.549085,0.527397,1127,26,
4,11,Overall,Overall,25,15,25,1.0,1.311285,0.427752,1066,21,
4,12,Overall,Overall,25,9,25,-1.5,-1.852085,0.438603,907,22,
4,13,Overall,Overall,25,9,25,-0.5,-0.697305,0.427913,965,21,
4,14,Overall,Overall,25,11,25,-1.0,-0.21651,0.40883,989,20,
4,15,Overall,Overall,25,8,25,-1.0,-1.134063,0.440571,943,22,
4,16,Overall,Overall,25,7,25,-2.0,-2.075658,0.46464,896,23,
4,17,Overall,Overall,25,19,25,1.5,2.458635,0.495248,1123,25,
4,18,Overall,Overall,25,12,25,0.0,0.41031,0.406799,1021,20,
4,19,Overall,Overall,25,10,25,-2.0,-1.485804,0.428839,926,21,
4,20,Overall,Overall,25,13,25,1.0,0.47554,0.410821,1024,21,
4,21,Overall,Overall,25,8,25,0.0,-0.350677,0.438242,982,22,
4,22,Overall,Overall,25,13,25,0.0,-0.043968,0.409116,998,20,
4,23,Overall,Overall,25,15,25,0.5,0.65037,0.420447,1033,21,
4,24,Overall,Overall,25,9,25,0.0,-0.219885,0.429944,989,21,
4,25,Overall,Overall,25,14,25,-0.5,-0.373857,0.411831,981,21,
4,26,Overall,Overall,25,14,25,0.5,0.497547,0.413031,1025,21,
4,27,Overall,Overall,25,13,25,1.0,0.79463,0.41176,1040,21,
4,28,Overall,Overall,25,14,25,0.5,0.850639,0.409756,1043,20,
4,29,Overall,Overall,25,9,25,-1.0,-1.55831,0.429222,922,21,
4,30,Overall,Overall,25,10,25,-1.5,-1.427181,0.44612,929,22,
4,31,Overall,Overall,25,16,25,0.0,0.126684,0.444817,1006,22,
4,32,Overall,Overall,25,15,25,0.0,-0.269955,0.431359,987,22,
4,33,Overall,Overall,25,12,25,-1.5,-1.157697,0.41758,942,21,
4,34,Overall,Overall,25,12,25,-1.5,-0.858543,0.409667,957,20,
4,35,Overall,Overall,25,15,25,1.0,1.368787,0.428745,1068,21,
4,36,Overall,Overall,25,9,25,-0.5,-1.212721,0.428981,939,21,
4,37,Overall,Overall,25,6,25,-2.0,-2.442513,0.486105,878,24,
4,38,Overall,Overall,25,13,25,1.0,0.696203,0.410898,1035,21,
4,39,Overall,Overall,25,9,25,-1.5,-1.75012,0.440078,912,22,
4,40,Overall,Overall,25,19,25,2.0,2.501593,0.482652,1125,24,
4,41,Overall,Overall,25,7,25,-1.0,-1.757901,0.460914,912,23,
4,42,Overall,Overall,25,17,25,1.0,1.682357,0.450845,1084,23,
4,43,Overall,Overall,25,9,25,-1.5,-1.694742,0.432809,915,22,
4,44,Overall,Overall,25,9,25,-2.0,-1.831187,0.440324,908,22,
4,45,Overall,Overall,25,17,25,1.5,2.153756,0.449517,1108,22,
4,46,Overall,Overall,25,15,25,1.0,0.98303,0.41821,1049,21,
4,47,Overall,Overall,25,18,25,1.0,1.367996,0.462389,1068,23,
4,48,Overall,Overall,25,14,25,1.5,1.07357,0.416004,1054,21,
4,49,Overall,Overall,25,12,25,1.5,0.947681,0.42212,1047,21,
4,50,Overall,Overall,25,12,25,-1.0,-0.811699,0.410721,959,21,
4,51,Overall,Overall,25,9,25,-2.0,-1.90638,0.436352,905,22,
4,52,Overall,Overall,25,17,25,1.0,1.279863,0.436961,1064,22,
4,53,Overall,Overall,25,11,25,0.5,-0.099024,0.418454,995,21,
4,54,Overall,Overall,25,10,25,-0.5,-1.583183,0.43082,921,22,
4,55,Overall,Overall,25,13,25,0.5,0.942161,0.412203,1047,21,
4,56,Overall,Overall,25,9,25,-1.5,-1.501385,0.446289,925,22,
4,57,Overall,Overall,25,10,25,-1.0,-0.700746,0.415373,965,21,
4,58,Overall,Overall,25,10,25,0.0,-0.076034,0.417401,996,21,
4,59,Overall,Overall,25,9,25,-1.5,-1.581379,0.435172,921,22,
4,60,Overall,Overall,25,7,25,-2.0,-2.277568,0.463481,886,23,
4,61,Overall,Overall,25,15,25,1.0,0.855293,0.415403,1043,21,
4,62,Overall,Overall,25,14,25,1.0,0.122791,0.409657,1006,20,
4,63,Overall,Overall,25,16,25,2.0,1.480677,0.436652,1074,22,
4,64,Overall,Overall,25,14,25,0.0,0.414534,0.411552,1021,21,
4,65,Overall,Overall,25,13,25,-1.5,-0.734465,0.409305,963,20,
4,66,Overall,Overall,25,20,25,2.0,2.848875,0.520514,1142,26,
4,67,Overall,Overall,25,8,25,-1.5,-1.464894,0.43763,927,22,
4,68,Overall,Overall,25,14,25,1.5,0.862192,0.413277,1043,21,
4,69,Overall,Overall,25,10,25,-1.0,-1.053193,0.421331,947,21,
4,70,Overall,Overall,25,16,25,1.5,1.627001,0.431534,1081,22,
4,71,Overall,Overall,25,13,25,1.0,0.984523,0.422101,1049,21,
4,72,Overall,Overall,25,13,25,-1.0,-0.749133,0.409664,963,20,
4,73,Overall,Overall,25,13,25,0.0,-0.102837,0.408396,995,20,
4,74,Overall,Overall,25,6,25,-2.0,-1.747904,0.48943,913,24,
4,75,Overall,Overall,25,15,25,1.0,1.288531,0.428324,1064,21,
4,76,Overall,Overall,25,14,25,1.0,1.116868,0.42314,1056,21,
4,77,Overall,Overall,25,19,25,2.0,2.456036,0.498774,1123,25,
4,78,Overall,Overall,25,13,25,0.0,0.045741,0.404353,1002,20,
4,79,Overall,Overall,25,11,25,-1.5,-0.539301,0.41058,973,21,
4,80,Overall,Overall,25,8,25,-1.0,-0.56628,0.446994,972,22,
4,81,Overall,Overall,25,17,25,1.5,1.539713,0.449321,1077,22,
4,82,Overall,Overall,25,10,25,-0.5,-0.349359,0.414249,983,21,
4,83,Overall,Overall,25,15,25,1.5,1.72385,0.430694,1086,22,
4,84,Overall,Overall,25,12,25,0.5,0.337393,0.406835,1017,20,
4,85,Overall,Overall,25,18,25,2.0,2.290428,0.469046,1115,23,
4,86,Overall,Overall,25,15,25,1.5,1.197854,0.425289,1060,21,
4,87,Overall,Overall,25,18,25,2.0,2.142212,0.468647,1107,23,
4,88,Overall,Overall,25,17,25,1.5,1.720971,0.45457,1086,23,
4,89,Overall,Overall,25,16,25,1.5,1.308921,0.4314,1065,22,
4,90,Overall,Overall,25,16,25,0.5,0.014584,0.427761,1001,21,
4,91,Overall,Overall,25,17,25,1.0,2.139418,0.451597,1107,23,
4,92,Overall,Overall,25,10,25,0.0,0.267742,0.422806,1013,21,
4,93,Overall,Overall,25,11,25,-1.0,-1.116681,0.417345,944,21,
4,94,Overall,Overall,25,16,25,1.0,1.878193,0.441278,1094,22,
4,95,Overall,Overall,25,13,25,1.5,1.112808,0.414699,1056,21,
4,96,Overall,Overall,25,16,25,0.5,1.721244,0.438687,1086,22,
4,97,Overall,Overall,25,9,25,-1.5,-1.617904,0.439573,919,22,
4,98,Overall,Overall,25,10,25,0.0,0.261033,0.43822,1013,22,
4,99,Overall,Overall,25,10,25,-1.0,-0.831937,0.421391,958,21,
4,100,Overall,Overall,25,16,25,0.0,0.376805,0.428593,1019,21,
4,101,Overall,Overall,25,17,25,2.0,1.614427,0.446816,1081,22,
4,102,Overall,Overall,25,15,25,2.0,1.568225,0.440975,1078,22,
4,103,Overall,Overall,25,17,25,1.5,1.581985,0.469273,1079,23,
4,104,Overall,Overall,25,21,25,2.0,2.945615,0.578063,1147,29,
4,105,Overall,Overall,25,13,25,2.0,1.149501,0.425776,1057,21,
4,106,Overall,Overall,25,18,25,2.0,1.972703,0.468545,1099,23,
4,107,Overall,Overall,25,11,25,-1.5,-1.452406,0.4222,927,21,
4,108,Overall,Overall,25,8,25,-1.0,-1.457973,0.436126,927,22,
4,109,Overall,Overall,25,14,25,0.5,0.020958,0.420767,1001,21,
4,110,Overall,Overall,25,13,25,0.0,-0.114219,0.408008,994,20,
4,111,Overall,Overall,25,7,25,-2.0,-2.127048,0.464141,894,23,
4,112,Overall,Overall,25,16,25,1.0,1.556795,0.435795,1078,22,
4,113,Overall,Overall,25,11,25,0.0,-0.627813,0.413278,969,21,
4,114,Overall,Overall,25,11,25,-2.0,-1.277213,0.41785,936,21,
4,115,Overall,Overall,25,12,25,0.5,0.8975,0.42145,1045,21,
4,116,Overall,Overall,25,8,25,-1.5,-2.190201,0.449388,890,22,
4,117,Overall,Overall,25,7,25,-1.5,-2.263316,0.467355,887,23,
4,118,Overall,Overall,25,13,25,0.0,0.144699,0.405692,1007,20,
4,119,Overall,Overall,25,15,25,1.5,1.588928,0.427951,1079,21,
4,120,Overall,Overall,25,21,25,2.0,2.817383,0.568319,1141,28,
4,121,Overall,Overall,25,20,25,2.0,2.418259,0.51488,1121,26,
4,122,Overall,Overall,25,9,25,-1.5,-1.478214,0.427665,926,21,
4,123,Overall,Overall,25,14,25,-0.5,0.145902,0.4094,1007,20,
4,124,Overall,Overall,25,12,25,-0.5,-0.427766,0.408425,979,20,
4,125,Overall,Overall,25,13,25,-0.5,0.196118,0.406089,1010,20,
4,126,Overall,Overall,25,10,25,-1.0,-1.059027,0.423585,947,21,
4,127,Overall,Overall,25,11,25,-2.0,-1.289103,0.417944,936,21,
4,128,Overall,Overall,25,10,25,-0.5,-0.471855,0.412687,976,21,
4,129,Overall,Overall,25,17,25,2.0,1.190928,0.435125,1060,22,
4,130,Overall,Overall,25,14,25,1.5,0.87523,0.40918,1044,20,
4,131,Overall,Overall,25,14,25,0.0,0.277641,0.412,1014,21,
4,132,Overall,Overall,25,16,25,2.0,1.853913,0.440767,1093,22,
4,133,Overall,Overall,25,19,25,2.0,2.202213,0.491936,1110,25,
4,134,Overall,Overall,25,17,25,1.0,1.674002,0.44971,1084,22,
4,135,Overall,Overall,25,9,25,-2.0,-1.833406,0.435601,908,22,
4,136,Overall,Overall,25,9,25,-1.5,-0.679051,0.424549,966,21,
4,137,Overall,Overall,25,20,25,2.0,2.743142,0.524976,1137,26,
4,138,Overall,Overall,25,14,25,1.0,1.186322,0.428979,1059,21,
4,139,Overall,Overall,25,15,25,0.5,0.963037,0.416557,1048,21,
4,140,Overall,Overall,25,10,25,-1.0,-1.507573,0.437281,925,22,
4,141,Overall,Overall,25,13,25,-0.5,0.146956,0.409998,1007,20,
4,142,Overall,Overall,25,12,25,0.5,1.065115,0.4197,1053,21,
4,143,Overall,Overall,25,9,25,-1.5,-1.673778,0.433504,916,22,
4,144,Overall,Overall,25,16,25,0.5,1.318891,0.430501,1066,22,
4,145,Overall,Overall,25,13,25,0.0,-0.677434,0.412162,966,21,
4,146,Overall,Overall,25,16,25,0.5,0.474648,0.432031,1024,22,
4,147,Overall,Overall,25,7,25,-2.0,-2.1225,0.465831,894,23,
4,148,Overall,Overall,25,12,25,-0.5,-0.929714,0.41372,954,21,
4,149,Overall,Overall,25,7,25,-1.5,-2.062853,0.46109,897,23,
4,150,Overall,Overall,25,8,25,-1.5,-0.691367,0.445691,965,22,
4,151,Overall,Overall,25,7,25,-2.0,-1.917239,0.455635,904,23,
4,152,Overall,Overall,25,11,25,0.0,-0.157031,0.412847,992,21,
4,153,Overall,Overall,25,13,25,1.0,1.032945,0.419101,1052,21,
4,154,Overall,Overall,25,12,25,-1.0,-0.792048,0.408094,960,20,
4,155,Overall,Overall,25,12,25,0.5,0.124505,0.404703,1006,20,
4,156,Overall,Overall,25,15,25,1.5,1.357398,0.424166,1068,21,
4,157,Overall,Overall,25,9,25,-1.5,-1.741587,0.434444,913,22,
4,158,Overall,Overall,25,12,25,0.0,-0.740983,0.412977,963,21,
4,159,Overall,Overall,25,9,25,-1.0,-1.06733,0.433558,947,22,
4,160,Overall,Overall,25,14,25,-1.0,-0.654029,0.414636,967,21,
4,161,Overall,Overall,25,14,25,1.0,0.798495,0.410327,1040,21,
4,162,Overall,Overall,25,12,25,1.0,0.576757,0.421997,1029,21,
4,163,Overall,Overall,25,22,25,2.0,3.226304,0.651297,1161,33,
4,164,Overall,Overall,25,11,25,0.0,0.340486,0.413059,1017,21,
4,165,Overall,Overall,25,8,25,-2.0,-1.851676,0.443982,907,22,
4,166,Overall,Overall,25,17,25,1.5,1.724022,0.449408,1086,22,
4,167,Overall,Overall,25,10,25,-2.0,-1.665719,0.430987,917,22,
4,168,Overall,Overall,25,10,25,0.5,0.108641,0.434421,1005,22,
4,169,Overall,Overall,25,14,25,0.5,0.719084,0.41634,1036,21,
4,170,Overall,Overall,25,12,25,-0.5,-0.569511,0.413334,972,21,
4,171,Overall,Overall,25,13,25,0.0,-0.024934,0.405973,999,20,
4,172,Overall,Overall,25,9,25,-0.5,-0.89801,0.429703,955,21,
4,173,Overall,Overall,25,20,25,2.0,2.659482,0.528542,1133,26,
4,174,Overall,Overall,25,12,25,-0.5,-0.09756,0.412189,995,21,
4,175,Overall,Overall,25,7,25,-1.5,-2.235236,0.463726,888,23,
4,176,Overall,Overall,25,12,25,-0.5,-0.657328,0.431264,967,22,
4,177,Overall,Overall,25,9,25,-1.5,-1.14511,0.429793,943,21,
4,178,Overall,Overall,25,15,25,1.0,1.479282,0.432453,1074,22,
4,179,Overall,Overall,25,8,25,-2.0,-1.852006,0.444269,907,22,
4,180,Overall,Overall,25,13,25,-1.0,-1.232249,0.426514,938,21,
4,181,Overall,Overall,25,13,25,-1.5,-0.61347,0.412201,969,21,
4,182,Overall,Overall,25,12,25,1.0,0.814073,0.412818,1041,21,
4,183,Overall,Overall,25,10,25,-1.5,-1.406647,0.427956,930,21,
4,184,Overall,Overall,25,17,25,1.5,1.946059,0.447702,1097,22,
4,185,Overall,Overall,25,6,25,-2.0,-1.84468,0.484174,908,24,
4,186,Overall,Overall,25,16,25,1.0,1.566343,0.435194,1078,22,
4,187,Overall,Overall,25,13,25,-0.5,-1.028326,0.420343,949,21,
4,188,Overall,Overall,25,9,25,0.0,-0.973235,0.433996,951,22,
4,189,Overall,Overall,25,13,25,-1.5,-0.654027,0.411373,967,21,
4,190,Overall,Overall,25,10,25,-1.5,-0.744641,0.437603,963,22,
4,191,Overall,Overall,25,17,25,0.5,1.687121,0.444984,1084,22,
4,192,Overall,Overall,25,14,25,0.0,-0.216837,0.42495,989,21,
4,193,Overall,Overall,25,17,25,1.5,1.423752,0.448733,1071,22,
4,194,Overall,Overall,25,12,25,-1.0,-0.65607,0.410019,967,21,
4,195,Overall,Overall,25,7,25,-2.0,-2.060162,0.459623,897,23,
4,196,Overall,Overall,25,12,25,0.0,0.512401,0.408828,1026,20,
4,197,Overall,Overall,25,9,25,-1.5,-1.790298,0.434386,910,22,
4,198,Overall,Overall,25,8,25,-2.0,-1.882396,0.449355,906,22,
4,199,Overall,Overall,25,17,25,1.5,1.850471,0.454542,1093,23,
4,200,Overall,Overall,25,11,25,-1.5,-1.399228,0.421934,930,21,
4,201,Overall,Overall,25,13,25,-0.5,-0.766961,0.411453,962,21,
4,202,Overall,Overall,25,10,25,-1.0,-1.66348,0.429719,917,21,
4,203,Overall,Overall,25,12,25,0.0,-0.404579,0.406594,980,20,
4,204,Overall,Overall,25,6,25,-1.5,-2.297767,0.492958,885,25,
4,205,Overall,Overall,25,12,25,-1.0,-0.930338,0.410787,953,21,
4,206,Overall,Overall,25,18,25,1.5,2.205565,0.467109,1110,23,
4,207,Overall,Overall,25,14,25,0.5,-0.044215,0.409919,998,20,
4,208,Overall,Overall,25,15,25,-0.5,-0.146324,0.418711,993,21,
4,209,Overall,Overall,25,14,25,2.0,1.650281,0.426823,1083,21,
4,210,Overall,Overall,25,19,25,2.0,2.380799,0.486183,1119,24,
4,211,Overall,Overall,25,9,25,-2.0,-1.808474,0.442567,910,22,
4,212,Overall,Overall,25,14,25,0.5,1.057073,0.413444,1053,21,
4,213,Overall,Overall,25,17,25,1.5,0.884459,0.446808,1044,22,
4,214,Overall,Overall,25,14,25,0.5,0.769337,0.410665,1038,21,
4,215,Overall,Overall,25,19,25,2.0,2.542537,0.492962,1127,25,
4,216,Overall,Overall,25,11,25,-1.5,-1.180676,0.419224,941,21,
4,217,Overall,Overall,25,5,25,-1.5,-2.469639,0.523579,877,26,
4,218,Overall,Overall,25,9,25,-1.0,-1.279911,0.430172,936,22,
4,219,Overall,Overall,25,11,25,-1.5,-1.018043,0.411836,949,21,
4,220,Overall,Overall,25,16,25,1.5,1.101881,0.42802,1055,21,
4,221,Overall,Overall,25,19,25,1.5,1.139884,0.479434,1057,24,
4,222,Overall,Overall,25,9,25,-1.0,-1.364568,0.425116,932,21,
4,223,Overall,Overall,25,16,25,1.0,0.919226,0.423857,1046,21,
4,224,Overall,Overall,25,14,25,-1.0,-0.001385,0.413809,1000,21,
4,225,Overall,Overall,25,13,25,1.0,0.627977,0.409384,1031,20,
4,226,Overall,Overall,25,13,25,0.0,0.221061,0.410305,1011,21,
4,227,Overall,Overall,25,9,25,-0.5,-1.244618,0.430872,938,22,
4,228,Overall,Overall,25,7,25,-1.5,-2.029567,0.467875,899,23,
4,229,Overall,Overall,25,11,25,0.5,0.265688,0.409561,1013,20,
4,230,Overall,Overall,25,9,25,-1.0,-1.943571,0.437121,903,22,
4,231,Overall,Overall,25,15,25,1.0,1.110886,0.416125,1056,21,
4,232,Overall,Overall,25,16,25,1.5,1.92679,0.43977,1096,22,
4,233,Overall,Overall,25,10,25,-2.0,-1.041362,0.421157,948,21,
4,234,Overall,Overall,25,14,25,0.5,1.099683,0.419526,1055,21,
4,235,Overall,Overall,25,9,25,-1.5,-1.597939,0.442994,920,22,
4,236,Overall,Overall,25,16,25,1.0,1.677074,0.434953,1084,22,
4,237,Overall,Overall,25,9,25,-0.5,-0.604494,0.432852,970,22,
4,238,Overall,Overall,25,13,25,0.0,-0.26894,0.41667,987,21,
4,239,Overall,Overall,25,17,25,2.0,2.202975,0.454042,1110,23,
4,240,Overall,Overall,25,10,25,-1.0,-0.460576,0.417352,977,21,
4,241,Overall,Overall,25,12,25,0.5,0.861345,0.421975,1043,21,
4,242,Overall,Overall,25,12,25,-0.5,-0.713552,0.409555,964,20,
4,243,Overall,Overall,25,10,25,-1.5,-1.660689,0.429067,917,21,
4,244,Overall,Overall,25,14,25,0.0,-0.513386,0.412268,974,21,
4,245,Overall,Overall,25,16,25,1.5,1.123726,0.434736,1056,22,
4,246,Overall,Overall,25,13,25,0.0,-0.275997,0.407502,986,20,
4,247,Overall,Overall,25,12,25,-1.0,-0.667364,0.409887,967,20,
4,248,Overall,Overall,25,6,25,-2.0,-2.150939,0.488752,892,24,
4,249,Overall,Overall,25,12,25,-0.5,-0.607103,0.40683,970,20,
4,250,Overall,Overall,25,16,25,0.0,0.030532,0.426311,1002,21,
4,251,Overall,Overall,25,13,25,0.0,0.180508,0.408665,1009,20,
4,252,Overall,Overall,25,9,25,0.5,-0.08143,0.42644,996,21,
4,253,Overall,Overall,25,8,25,-1.5,-1.81618,0.453541,909,23,
4,254,Overall,Overall,25,9,25,-1.0,-1.477918,0.425961,926,21,
4,255,Overall,Overall,25,14,25,1.5,1.136088,0.421236,1057,21,
4,256,Overall,Overall,25,6,25,-2.0,-2.251678,0.483733,887,24,
4,257,Overall,Overall,25,14,25,-0.5,0.100888,0.411481,1005,21,
4,258,Overall,Overall,25,14,25,0.5,0.762314,0.413842,1038,21,
4,259,Overall,Overall,25,21,25,2.0,3.038933,0.568275,1152,28,
4,260,Overall,Overall,25,7,25,-2.0,-2.030805,0.459673,898,23,
4,261,Overall,Overall,25,16,25,1.0,1.206615,0.434506,1060,22,
4,262,Overall,Overall,25,12,25,-0.5,-0.167744,0.416347,992,21,
4,263,Overall,Overall,25,13,25,0.0,-0.270578,0.415436,986,21,
4,264,Overall,Overall,25,12,25,-0.5,-1.025438,0.414678,949,21,
4,265,Overall,Overall,25,8,25,-0.5,-0.459096,0.440096,977,22,
4,266,Overall,Overall,25,12,25,-0.5,0.060068,0.408781,1003,20,
4,267,Overall,Overall,25,10,25,0.0,0.35417,0.422538,1018,21,
4,268,Overall,Overall,25,14,25,1.0,1.185772,0.422523,1059,21,
4,269,Overall,Overall,25,18,25,2.0,2.15221,0.468414,1108,23,
4,270,Overall,Overall,25,12,25,-1.0,-1.020595,0.425357,949,21,
4,271,Overall,Overall,25,10,25,-1.0,-1.280385,0.419258,936,21,
4,272,Overall,Overall,25,12,25,-1.5,-1.049202,0.418016,948,21,
4,273,Overall,Overall,25,8,25,-1.0,-1.515727,0.444734,924,22,
4,274,Overall,Overall,25,4,25,-2.0,-2.682377,0.566452,866,28,
4,275,Overall,Overall,25,18,25,2.0,2.149467,0.469941,1107,23,
4,276,Overall,Overall,25,18,25,2.0,2.068313,0.463378,1103,23,
4,277,Overall,Overall,25,13,25,1.0,0.450198,0.405831,1023,20,
4,278,Overall,Overall,25,6,25,-2.0,-2.579872,0.483917,871,24,
4,279,Overall,Overall,25,8,25,-0.5,-1.434266,0.438924,928,22,
4,280,Overall,Overall,25,21,25,2.0,2.983918,0.570882,1149,29,
4,281,Overall,Overall,25,14,25,0.5,1.051624,0.420356,1053,21,
4,282,Overall,Overall,25,13,25,1.0,0.927389,0.416544,1046,21,
4,283,Overall,Overall,25,11,25,1.0,1.012944,0.426214,1051,21,
4,284,Overall,Overall,25,13,25,0.5,0.304971,0.406147,1015,20,
4,285,Overall,Overall,25,12,25,1.0,0.999357,0.437285,1050,22,
4,286,Overall,Overall,25,8,25,-2.0,-2.010513,0.447163,899,22,
4,287,Overall,Overall,25,10,25,-1.5,-1.64236,0.426948,918,21,
4,288,Overall,Overall,25,10,25,-1.0,-1.596953,0.429149,920,21,
4,289,Overall,Overall,25,14,25,1.0,0.762732,0.409444,1038,20,
4,290,Overall,Overall,25,18,25,2.0,2.020423,0.465021,1101,23,
4,291,Overall,Overall,25,15,25,0.0,-0.192998,0.415995,990,21,
4,292,Overall,Overall,25,17,25,2.0,2.040742,0.457203,1102,23,
4,293,Overall,Overall,25,10,25,-0.5,-0.931559,0.425735,953,21,
4,294,Overall,Overall,25,13,25,0.5,-0.348423,0.41003,983,21,
4,295,Overall,Overall,25,12,25,-0.5,-0.625204,0.420289,969,21,
4,296,Overall,Overall,25,12,25,0.0,0.359957,0.406246,1018,20,
4,297,Overall,Overall,25,18,25,2.0,2.212868,0.464303,1111,23,
4,298,Overall,Overall,25,13,25,-1.0,-0.655105,0.415305,967,21,
4,299,Overall,Overall,25,15,25,0.0,-0.670372,0.427529,966,21,
4,300,Overall,Overall,25,13,25,-1.5,-1.157278,0.417956,942,21,
4,301,Overall,Overall,25,8,25,-2.0,-1.834482,0.449942,908,22,
4,302,Overall,Overall,25,11,25,-1.5,-1.056911,0.411913,947,21,
4,303,Overall,Overall,25,14,25,0.5,0.007012,0.42254,1000,21,
4,304,Overall,Overall,25,11,25,0.0,-0.494308,0.40962,975,20,
4,305,Overall,Overall,25,15,25,1.0,1.27615,0.442863,1064,22,
4,306,Overall,Overall,25,19,25,2.0,2.149955,0.483664,1107,24,
4,307,Overall,Overall,25,18,25,2.0,1.217838,0.465446,1061,23,
4,308,Overall,Overall,25,11,25,-1.0,-1.351356,0.42611,932,21,
4,309,Overall,Overall,25,8,25,-2.0,-1.919541,0.447724,904,22,
4,310,Overall,Overall,25,16,25,1.0,1.83516,0.434481,1092,22,
4,311,Overall,Overall,25,5,25,-1.5,-2.559471,0.528076,872,26,
4,312,Overall,Overall,25,7,25,-2.0,-1.965571,0.469817,902,23,
4,313,Overall,Overall,25,18,25,2.0,2.100583,0.47668,1105,24,
4,314,Overall,Overall,25,11,25,-0.5,-0.835145,0.412486,958,21,
4,315,Overall,Overall,25,8,25,-1.5,-1.298826,0.443075,935,22,
4,316,Overall,Overall,25,10,25,-0.5,-0.974315,0.419096,951,21,
4,317,Overall,Overall,25,11,25,-0.5,-0.270282,0.411443,986,21,
4,318,Overall,Overall,25,8,25,-2.0,-2.043331,0.458392,898,23,
4,319,Overall,Overall,25,12,25,0.5,0.239691,0.411526,1012,21,
4,320,Overall,Overall,25,11,25,0.5,-0.097463,0.410049,995,21,
4,321,Overall,Overall,25,17,25,2.0,1.999072,0.448936,1100,22,
4,322,Overall,Overall,25,7,25,-2.0,-2.432685,0.465168,878,23,
4,323,Overall,Overall,25,12,25,1.5,1.065575,0.423667,1053,21,
4,324,Overall,Overall,25,13,25,-1.0,-0.984267,0.417056,951,21,
4,325,Overall,Overall,25,15,25,1.0,0.91351,0.421901,1046,21,
4,326,Overall,Overall,25,19,25,2.0,2.246567,0.481759,1112,24,
4,327,Overall,Overall,25,8,25,-2.0,-1.886802,0.444317,906,22,
4,328,Overall,Overall,25,9,25,-1.5,-1.406313,0.427139,930,21,
4,329,Overall,Overall,25,11,25,-1.0,-1.466138,0.423415,927,21,
4,330,Overall,Overall,25,9,25,0.0,-0.252102,0.435225,987,22,
4,331,Overall,Overall,25,11,25,0.0,-0.143032,0.40852,993,20,
4,332,Overall,Overall,25,11,25,0.5,0.451126,0.411939,1023,21,
4,333,Overall,Overall,25,19,25,1.5,2.232183,0.490891,1112,25,
4,334,Overall,Overall,25,7,25,-2.0,-2.238822,0.465018,888,23,
4,335,Overall,Overall,25,16,25,0.5,1.288641,0.43932,1064,22,
4,336,Overall,Overall,25,7,25,-0.5,-0.734019,0.466154,963,23,
4,337,Overall,Overall,25,13,25,1.0,1.031882,0.420622,1052,21,
4,338,Overall,Overall,25,20,25,2.0,2.418259,0.51488,1121,26,
4,339,Overall,Overall,25,14,25,1.0,1.429593,0.426369,1071,21,
4,340,Overall,Overall,25,15,25,1.0,1.025736,0.418868,1051,21,
4,341,Overall,Overall,25,14,25,0.0,0.177416,0.408679,1009,20,
4,342,Overall,Overall,25,18,25,1.5,1.949075,0.46513,1097,23,
4,343,Overall,Overall,25,11,25,-1.0,-1.161553,0.418971,942,21,
4,344,Overall,Overall,25,11,25,-1.5,-0.906871,0.412435,955,21,
4,345,Overall,Overall,25,9,25,-0.5,-0.407263,0.422764,980,21,
4,346,Overall,Overall,25,9,25,-2.0,-1.891405,0.43808,905,22,
4,347,Overall,Overall,25,15,25,0.5,0.199181,0.421686,1010,21,
4,348,Overall,Overall,25,9,25,-2.0,-1.320999,0.441808,934,22,
4,349,Overall,Overall,25,11,25,0.0,-0.702263,0.414133,965,21,
4,350,Overall,Overall,25,13,25,0.0,0.423353,0.406232,1021,20,
4,351,Overall,Overall,25,11,25,-2.0,-1.088822,0.410544,946,21,
4,352,Overall,Overall,25,9,25,-1.5,-1.563144,0.438431,922,22,
4,353,Overall,Overall,25,11,25,-0.5,-0.512171,0.412072,974,21,
4,354,Overall,Overall,25,12,25,0.5,0.633438,0.423719,1032,21,
4,355,Overall,Overall,25,11,25,-1.0,-0.792785,0.410052,960,21,
4,356,Overall,Overall,25,15,25,1.5,1.770877,0.435506,1089,22,
4,357,Overall,Overall,25,16,25,1.5,1.488279,0.439473,1074,22,
4,358,Overall,Overall,25,17,25,1.5,1.972889,0.456762,1099,23,
4,359,Overall,Overall,25,11,25,-0.5,-0.761608,0.421606,962,21,
4,360,Overall,Overall,25,10,25,-0.5,-1.275308,0.420568,936,21,
4,361,Overall,Overall,25,12,25,1.5,1.023513,0.416894,1051,21,
4,362,Overall,Overall,25,12,25,0.0,0.125894,0.411493,1006,21,
4,363,Overall,Overall,25,13,25,-0.5,-0.620699,0.412455,969,21,
4,364,Overall,Overall,25,16,25,1.5,1.469178,0.433054,1073,22,
4,365,Overall,Overall,25,12,25,-1.0,-0.869547,0.409809,957,20,
4,366,Overall,Overall,25,11,25,-1.0,-1.309851,0.422468,935,21,
4,367,Overall,Overall,25,17,25,1.5,1.051699,0.44343,1053,22,
4,368,Overall,Overall,25,10,25,-1.0,-1.441855,0.426449,928,21,
4,369,Overall,Overall,25,12,25,-1.5,-0.600897,0.417215,970,21,
4,370,Overall,Overall,25,13,25,0.5,0.928746,0.425969,1046,21,
4,371,Overall,Overall,25,14,25,1.5,1.256346,0.420777,1063,21,
4,372,Overall,Overall,25,11,25,1.0,0.39562,0.411523,1020,21,
4,373,Overall,Overall,25,8,25,-2.0,-1.83364,0.443025,908,22,
4,374,Overall,Overall,25,6,25,-1.5,-1.86255,0.483113,907,24,
4,375,Overall,Overall,25,13,25,-1.0,-0.11852,0.42597,994,21,
4,376,Overall,Overall,25,19,25,1.5,2.611131,0.489952,1131,24,
4,377,Overall,Overall,25,18,25,2.0,2.016473,0.469979,1101,23,
4,378,Overall,Overall,25,14,25,1.0,0.898485,0.41823,1045,21,
4,379,Overall,Overall,25,10,25,-2.0,-1.321563,0.420494,934,21,
4,380,Overall,Overall,25,17,25,2.0,1.826746,0.455896,1091,23,
4,381,Overall,Overall,25,14,25,1.0,1.40492,0.42612,1070,21,
4,382,Overall,Overall,25,19,25,2.0,2.072892,0.490796,1104,25,
4,383,Overall,Overall,25,11,25,0.0,-0.110114,0.410532,994,21,
4,384,Overall,Overall,25,13,25,1.5,1.120942,0.425626,1056,21,
4,385,Overall,Overall,25,17,25,1.5,1.708701,0.462324,1085,23,
4,386,Overall,Overall,25,14,25,1.0,0.812354,0.416446,1041,21,
4,387,Overall,Overall,25,11,25,-2.0,-1.448992,0.426367,928,21,
4,388,Overall,Overall,25,8,25,-1.0,-0.745724,0.445911,963,22,
4,389,Overall,Overall,25,6,25,-1.5,-1.277225,0.486177,936,24,
4,390,Overall,Overall,25,16,25,2.0,1.040767,0.422076,1052,21,
4,391,Overall,Overall,25,14,25,1.0,0.851976,0.408521,1043,20,
4,392,Overall,Overall,25,17,25,0.0,0.266104,0.4369,1013,22,
4,393,Overall,Overall,25,16,25,1.5,1.916364,0.444119,1096,22,
4,394,Overall,Overall,25,15,25,1.0,1.100796,0.419097,1055,21,
4,395,Overall,Overall,25,17,25,2.0,1.724022,0.449408,1086,22,
4,396,Overall,Overall,25,14,25,1.0,1.331656,0.419948,1067,21,
4,397,Overall,Overall,25,12,25,0.5,0.494336,0.41376,1025,21,
4,398,Overall,Overall,25,19,25,1.5,1.972734,0.489242,1099,24,
4,399,Overall,Overall,25,9,25,-1.5,-1.410719,0.426294,929,21,
4,400,Overall,Overall,25,12,25,-0.5,-1.008861,0.410634,950,21,
4,401,Overall,Overall,25,14,25,-1.0,0.634992,0.407991,1032,20,
4,402,Overall,Overall,25,15,25,-0.5,-0.424604,0.423592,979,21,
4,403,Overall,Overall,25,7,25,-2.0,-2.041807,0.459106,898,23,
4,404,Overall,Overall,25,9,25,-1.5,-1.963444,0.438522,902,22,
4,405,Overall,Overall,25,14,25,0.5,0.579321,0.411392,1029,21,
4,406,Overall,Overall,25,15,25,1.5,1.334149,0.423133,1067,21,
4,407,Overall,Overall,25,8,25,-1.5,-1.541476,0.447943,923,22,
4,408,Overall,Overall,25,15,25,2.0,1.726548,0.43276,1086,22,
4,409,Overall,Overall,25,17,25,2.0,1.740364,0.449366,1087,22,
4,410,Overall,Overall,25,18,25,1.5,1.921936,0.47507,1096,24,
4,411,Overall,Overall,25,15,25,0.5,0.791781,0.413006,1040,21,
4,412,Overall,Overall,25,16,25,1.5,1.704084,0.446409,1085,22,
4,413,Overall,Overall,25,7,25,-2.0,-2.348107,0.465197,883,23,
4,414,Overall,Overall,25,17,25,1.5,1.736738,0.446521,1087,22,
4,415,Overall,Overall,25,14,25,0.0,0.088697,0.41249,1004,21,
4,416,Overall,Overall,25,14,25,1.0,1.173075,0.417985,1059,21,
4,417,Overall,Overall,25,17,25,2.0,2.009209,0.454989,1100,23,
4,418,Overall,Overall,25,17,25,1.5,1.418813,0.443881,1071,22,
4,419,Overall,Overall,25,7,25,-2.0,-2.092929,0.468137,895,23,
4,420,Overall,Overall,25,8,25,-1.5,-1.602678,0.447292,920,22,
4,421,Overall,Overall,25,7,25,-2.0,-2.141938,0.470218,893,24,
4,422,Overall,Overall,25,7,25,-1.5,-1.901466,0.46064,905,23,
4,423,Overall,Overall,25,9,25,-1.5,-1.820124,0.433909,909,22,
4,424,Overall,Overall,25,12,25,-0.5,-0.73178,0.40972,963,20,
4,425,Overall,Overall,25,12,25,1.0,0.244961,0.403696,1012,20,
4,426,Overall,Overall,25,15,25,0.5,0.345528,0.422596,1017,21,
4,427,Overall,Overall,25,6,25,-2.0,-2.021051,0.488467,899,24,
4,428,Overall,Overall,25,9,25,-1.5,-1.427801,0.424725,929,21,
4,429,Overall,Overall,25,13,25,-0.5,-0.390688,0.411355,980,21,
4,430,Overall,Overall,25,9,25,-1.5,-1.810806,0.437688,909,22,
4,431,Overall,Overall,25,9,25,-0.5,-0.286539,0.425529,986,21,
4,432,Overall,Overall,25,15,25,1.5,1.442311,0.430239,1072,22,
4,433,Overall,Overall,25,20,25,2.0,2.149553,0.533819,1107,27,
4,434,Overall,Overall,25,14,25,0.0,0.148102,0.415807,1007,21,
4,435,Overall,Overall,25,15,25,1.0,1.050677,0.419423,1053,21,
4,436,Overall,Overall,25,20,25,2.0,1.936718,0.522492,1097,26,
4,437,Overall,Overall,25,11,25,0.0,-0.343854,0.410857,983,21,
4,438,Overall,Overall,25,19,25,2.0,2.321128,0.501709,1116,25,
4,439,Overall,Overall,25,4,25,-2.0,-3.034756,0.560972,848,28,
4,440,Overall,Overall,25,17,25,1.0,1.292386,0.439021,1065,22,
4,441,Overall,Overall,25,10,25,-1.0,-1.463734,0.439745,927,22,
4,442,Overall,Overall,25,17,25,1.5,1.681876,0.459412,1084,23,
4,443,Overall,Overall,25,11,25,-1.5,-0.93499,0.420075,953,21,
4,444,Overall,Overall,25,11,25,-2.0,-0.894766,0.414191,955,21,
4,445,Overall,Overall,25,6,25,-2.0,-2.298027,0.492905,885,25,
4,446,Overall,Overall,25,14,25,1.0,1.262204,0.42629,1063,21,
4,447,Overall,Overall,25,7,25,-2.0,-2.238822,0.465018,888,23,
4,448,Overall,Overall,25,8,25,-2.0,-1.852113,0.448932,907,22,
4,449,Overall,Overall,25,13,25,1.0,0.638254,0.406362,1032,20,
4,450,Overall,Overall,25,16,25,1.5,1.498493,0.43641,1075,22,
4,451,Overall,Overall,25,10,25,0.5,0.349387,0.419139,1017,21,
4,452,Overall,Overall,25,18,25,1.0,1.487335,0.454899,1074,23,
4,453,Overall,Overall,25,11,25,-1.0,-0.307926,0.411698,985,21,
4,454,Overall,Overall,25,8,25,-2.0,-1.487744,0.436643,926,22,
4,455,Overall,Overall,25,16,25,-0.5,0.133052,0.427241,1007,21,
4,456,Overall,Overall,25,19,25,2.0,2.652995,0.491926,1133,25,
4,457,Overall,Overall,25,12,25,0.5,1.061724,0.422743,1053,21,
4,458,Overall,Overall,25,16,25,1.5,1.502354,0.432717,1075,22,
4,459,Overall,Overall,25,17,25,1.5,1.580728,0.444038,1079,22,
4,460,Overall,Overall,25,13,25,0.5,0.94255,0.412411,1047,21,
4,461,Overall,Overall,25,18,25,1.5,1.976141,0.474149,1099,24,
4,462,Overall,Overall,25,17,25,2.0,1.982819,0.445277,1099,22,
4,463,Overall,Overall,25,10,25,-1.5,-1.431408,0.422344,928,21,
4,464,Overall,Overall,25,11,25,0.0,0.12477,0.41057,1006,21,
4,465,Overall,Overall,25,15,25,-0.5,0.185584,0.423108,1009,21,
4,466,Overall,Overall,25,11,25,0.0,0.121572,0.409578,1006,20,
4,467,Overall,Overall,25,9,25,-1.5,-1.343034,0.423163,933,21,
4,468,Overall,Overall,25,12,25,0.0,0.191568,0.408714,1010,20,
4,469,Overall,Overall,25,14,25,0.0,0.430832,0.409279,1022,20,
4,470,Overall,Overall,25,12,25,-0.5,-0.627367,0.406728,969,20,
4,471,Overall,Overall,25,10,25,-1.5,-1.074126,0.417354,946,21,
4,472,Overall,Overall,25,14,25,0.0,0.162341,0.409253,1008,20,
4,473,Overall,Overall,25,13,25,0.5,1.224098,0.422908,1061,21,
4,474,Overall,Overall,25,17,25,2.0,1.753647,0.44633,1088,22,
4,475,Overall,Overall,25,13,25,0.5,-0.114099,0.414783,994,21,
4,476,Overall,Overall,25,12,25,-1.0,-0.685694,0.412531,966,21,
4,477,Overall,Overall,25,13,25,0.0,0.104788,0.407137,1005,20,
4,478,Overall,Overall,25,14,25,0.5,0.822835,0.410997,1041,21,
4,479,Overall,Overall,25,7,25,-1.5,-2.263316,0.467355,887,23,
4,480,Overall,Overall,25,12,25,0.0,-0.53454,0.412038,973,21,
4,481,Overall,Overall,25,9,25,-2.0,-1.876634,0.438692,906,22,
4,482,Overall,Overall,25,8,25,-1.0,-1.694887,0.453533,915,23,
4,483,Overall,Overall,25,7,25,-1.5,-2.181628,0.463234,891,23,
4,484,Overall,Overall,25,14,25,1.5,1.580729,0.425958,1079,21,
4,485,Overall,Overall,25,9,25,-1.5,-1.964928,0.437808,902,22,
4,486,Overall,Overall,25,13,25,0.5,0.183743,0.409253,1009,20,
4,487,Overall,Overall,25,3,25,-2.0,-3.544322,0.635768,823,32,
4,488,Overall,Overall,25,17,25,1.0,0.546804,0.44036,1027,22,
4,489,Overall,Overall,25,10,25,1.0,0.387311,0.425022,1019,21,
4,490,Overall,Overall,25,13,25,1.0,1.231957,0.423335,1062,21,
4,491,Overall,Overall,25,6,25,-1.0,-1.217468,0.481557,939,24,
4,492,Overall,Overall,25,11,25,0.5,0.525728,0.418517,1026,21,
4,493,Overall,Overall,25,13,25,0.5,0.920356,0.411074,1046,21,
4,494,Overall,Overall,25,10,25,0.5,0.02936,0.421048,1001,21,
4,495,Overall,Overall,25,16,25,2.0,1.363883,0.429192,1068,21,
4,496,Overall,Overall,25,7,25,-2.0,-2.035796,0.467092,898,23,
4,497,Overall,Overall,25,9,25,-1.0,-0.446627,0.429494,978,21,
4,498,Overall,Overall,25,13,25,0.5,0.785357,0.410597,1039,21,
4,499,Overall,Overall,25,10,25,-1.0,-1.627429,0.429823,919,21,
4,500,Overall,Overall,25,11,25,-0.5,-0.694233,0.417158,965,21,
4,501,Overall,Overall,25,12,25,-1.5,-0.904991,0.408528,955,20,
4,502,Overall,Overall,25,10,25,-0.5,-0.057313,0.417119,997,21,
4,503,Overall,Overall,25,16,25,1.5,1.911215,0.440264,1096,22,
4,504,Overall,Overall,25,19,25,2.0,2.183027,0.484139,1109,24,
4,505,Overall,Overall,25,10,25,0.5,0.40132,0.43495,1020,22,
4,506,Overall,Overall,25,13,25,0.0,0.362307,0.404491,1018,20,
4,507,Overall,Overall,25,16,25,1.5,1.162034,0.424523,1058,21,
4,508,Overall,Overall,25,8,25,-2.0,-2.094718,0.448006,895,22,
4,509,Overall,Overall,25,10,25,-1.0,-1.003949,0.416934,950,21,
4,510,Overall,Overall,25,9,25,-2.0,-1.666612,0.432418,917,22,
4,511,Overall,Overall,25,5,25,-2.0,-2.598835,0.525485,870,26,
4,512,Overall,Overall,25,10,25,-1.5,-1.37957,0.420268,931,21,
4,513,Overall,Overall,25,13,25,-0.5,-0.036245,0.410546,998,21,
4,514,Overall,Overall,25,16,25,0.5,0.685946,0.422084,1034,21,
4,515,Overall,Overall,25,10,25,0.0,-0.027789,0.417979,999,21,
4,516,Overall,Overall,25,12,25,1.0,0.973452,0.418605,1049,21,
4,517,Overall,Overall,25,18,25,2.0,2.076622,0.45781,1104,23,
4,518,Overall,Overall,25,12,25,0.5,0.117238,0.407067,1006,20,
4,519,Overall,Overall,25,14,25,0.5,-0.016509,0.411791,999,21,
4,520,Overall,Overall,25,12,25,-0.5,-0.046536,0.405701,998,20,
4,521,Overall,Overall,25,16,25,2.0,1.874668,0.442399,1094,22,
4,522,Overall,Overall,25,9,25,-0.5,-0.447262,0.430425,978,22,
4,523,Overall,Overall,25,9,25,-1.0,-1.793081,0.435869,910,22,
4,524,Overall,Overall,25,8,25,-1.5,-1.635177,0.438535,918,22,
4,525,Overall,Overall,25,15,25,2.0,1.594603,0.426065,1080,21,
4,526,Overall,Overall,25,16,25,2.0,1.769894,0.43906,1088,22,
4,527,Overall,Overall,25,18,25,1.5,1.406483,0.469437,1070,23,
4,528,Overall,Overall,25,12,25,-1.0,-0.510478,0.413741,974,21,
4,529,Overall,Overall,25,16,25,1.0,1.21828,0.424916,1061,21,
4,530,Overall,Overall,25,18,25,1.5,1.463064,0.468802,1073,23,
4,531,Overall,Overall,25,14,25,1.0,1.158551,0.426723,1058,21,
4,532,Overall,Overall,25,14,25,0.0,-0.146455,0.408898,993,20,
4,533,Overall,Overall,25,15,25,0.0,0.373037,0.41712,1019,21,
4,534,Overall,Overall,25,16,25,1.5,1.591264,0.440894,1080,22,
4,535,Overall,Overall,25,19,25,2.0,2.118923,0.49041,1106,25,
4,536,Overall,Overall,25,12,25,-1.0,-0.809769,0.421672,960,21,
4,537,Overall,Overall,25,14,25,0.0,-0.100185,0.419247,995,21,
4,538,Overall,Overall,25,11,25,-0.5,0.132369,0.410872,1007,21,
4,539,Overall,Overall,25,12,25,-1.0,-0.894561,0.410975,955,21,
4,540,Overall,Overall,25,12,25,-0.5,-0.834145,0.417791,958,21,
4,541,Overall,Overall,25,10,25,-1.0,-1.018952,0.437315,949,22,
4,542,Overall,Overall,25,17,25,1.5,1.620305,0.45354,1081,23,
4,543,Overall,Overall,25,16,25,0.5,0.036548,0.430557,1002,22,
4,544,Overall,Overall,25,17,25,0.5,1.025327,0.439848,1051,22,
4,545,Overall,Overall,25,5,25,-2.0,-2.522932,0.518589,874,26,
4,546,Overall,Overall,25,11,25,-2.0,-1.552796,0.426161,922,21,
4,547,Overall,Overall,25,12,25,0.5,0.567213,0.410565,1028,21,
4,548,Overall,Overall,25,18,25,2.0,2.100897,0.469244,1105,23,
4,549,Overall,Overall,25,13,25,1.0,0.880377,0.417054,1044,21,
4,550,Overall,Overall,25,11,25,-1.0,-1.099831,0.412135,945,21,
4,551,Overall,Overall,25,8,25,-2.0,-1.844911,0.445319,908,22,
4,552,Overall,Overall,25,17,25,1.5,1.819007,0.444683,1091,22,
4,553,Overall,Overall,25,10,25,-1.5,-1.187939,0.426728,941,21,
4,554,Overall,Overall,25,15,25,1.5,1.764175,0.431123,1088,22,
4,555,Overall,Overall,25,13,25,0.5,0.250532,0.409066,1013,20,
4,556,Overall,Overall,25,20,25,1.5,2.633538,0.518166,1132,26,
4,557,Overall,Overall,25,14,25,0.0,-0.02927,0.414058,999,21,
4,558,Overall,Overall,25,19,25,2.0,2.267671,0.481135,1113,24,
4,559,Overall,Overall,25,9,25,-1.0,-1.380869,0.441375,931,22,
4,560,Overall,Overall,25,11,25,-0.5,-0.411698,0.412747,979,21,
4,561,Overall,Overall,25,4,25,-2.0,-3.030387,0.561616,848,28,
4,562,Overall,Overall,25,20,25,2.0,2.731655,0.525488,1137,26,
4,563,Overall,Overall,25,11,25,-0.5,-0.699605,0.415177,965,21,
4,564,Overall,Overall,25,8,25,-2.0,-1.834332,0.452967,908,23,
4,565,Overall,Overall,25,14,25,0.0,0.268646,0.412051,1013,21,
4,566,Overall,Overall,25,11,25,0.0,-0.053238,0.408077,997,20,
4,567,Overall,Overall,25,14,25,1.5,1.324867,0.435327,1066,22,
4,568,Overall,Overall,25,9,25,-1.5,-1.252441,0.428632,937,21,
4,569,Overall,Overall,25,19,25,1.5,2.405119,0.500508,1120,25,
4,570,Overall,Overall,25,18,25,1.5,2.21129,0.466176,1111,23,
4,571,Overall,Overall,25,11,25,-1.0,-0.76859,0.41593,962,21,
4,572,Overall,Overall,25,15,25,1.0,0.807976,0.414524,1040,21,
4,573,Overall,Overall,25,11,25,0.0,0.0084,0.408664,1000,20,
4,574,Overall,Overall,25,11,25,0.0,0.107881,0.412569,1005,21,
4,575,Overall,Overall,25,11,25,-1.0,-1.089464,0.411617,946,21,
4,576,Overall,Overall,25,12,25,-0.5,-0.584451,0.415896,971,21,
4,577,Overall,Overall,25,7,25,-2.0,-2.154254,0.467925,892,23,
4,578,Overall,Overall,25,12,25,0.0,-0.708693,0.407839,965,20,
4,579,Overall,Overall,25,11,25,-0.5,-0.383721,0.409688,981,20,
4,580,Overall,Overall,25,13,25,0.0,-0.332502,0.408446,983,20,
4,581,Overall,Overall,25,11,25,0.0,0.240684,0.408977,1012,20,
4,582,Overall,Overall,25,20,25,1.5,2.45715,0.523397,1123,26,
4,583,Overall,Overall,25,11,25,0.5,-0.457538,0.409423,977,20,
4,584,Overall,Overall,25,21,25,2.0,2.715308,0.559874,1136,28,
4,585,Overall,Overall,25,16,25,2.0,1.83391,0.444345,1092,22,
4,586,Overall,Overall,25,5,25,-2.0,-2.527472,0.512485,874,26,
4,587,Overall,Overall,25,18,25,2.0,1.93033,0.461766,1097,23,
4,588,Overall,Overall,25,9,25,-2.0,-1.811173,0.435346,909,22,
4,589,Overall,Overall,25,16,25,1.5,1.16608,0.423213,1058,21,
4,590,Overall,Overall,25,13,25,0.5,0.136024,0.406984,1007,20,
4,591,Overall,Overall,25,13,25,1.5,1.161798,0.434474,1058,22,
4,592,Overall,Overall,25,12,25,-1.5,-0.992441,0.407725,950,20,
4,593,Overall,Overall,25,18,25,1.0,1.94614,0.470092,1097,24,
4,594,Overall,Overall,25,17,25,1.0,1.132753,0.443999,1057,22,
4,595,Overall,Overall,25,19,25,2.0,2.231088,0.492298,1112,25,
4,596,Overall,Overall,25,11,25,-1.0,-1.372987,0.41992,931,21,
4,597,Overall,Overall,25,13,25,0.5,0.574949,0.405203,1029,20,
4,598,Overall,Overall,25,4,25,-2.0,-2.908945,0.571335,855,29,
4,599,Overall,Overall,25,6,25,-2.0,-2.242239,0.482716,888,24,
4,600,Overall,Overall,25,11,25,-1.5,-1.208999,0.42026,940,21,
4,601,Overall,Overall,25,12,25,0.0,-0.984353,0.41381,951,21,
4,602,Overall,Overall,25,12,25,-0.5,-0.338724,0.407447,983,20,
4,603,Overall,Overall,25,13,25,-0.5,-0.707517,0.409077,965,20,
4,604,Overall,Overall,25,14,25,1.0,1.431006,0.43576,1072,22,
4,605,Overall,Overall,25,11,25,0.0,-0.066822,0.411541,997,21,
4,606,Overall,Overall,25,9,25,-1.0,-1.45021,0.428237,927,21,
4,607,Overall,Overall,25,11,25,-1.0,-1.038268,0.414996,948,21,
4,608,Overall,Overall,25,15,25,0.5,0.923974,0.417653,1046,21,
4,609,Overall,Overall,25,8,25,-1.5,-1.472441,0.437315,926,22,
4,610,Overall,Overall,25,6,25,-2.0,-2.50922,0.49437,875,25,
4,611,Overall,Overall,25,9,25,-1.0,-1.33285,0.425841,933,21,
4,612,Overall,Overall,25,14,25,-1.0,-0.582723,0.418127,971,21,
4,613,Overall,Overall,25,13,25,0.5,1.283833,0.416703,1064,21,
4,614,Overall,Overall,25,9,25,-1.5,-1.465039,0.425658,927,21,
4,615,Overall,Overall,25,17,25,1.5,1.39213,0.437738,1070,22,
4,616,Overall,Overall,25,10,25,-1.0,-1.407418,0.425647,930,21,
4,617,Overall,Overall,25,11,25,-1.0,-1.288984,0.422944,936,21,
4,618,Overall,Overall,25,7,25,-2.0,-1.950158,0.457748,902,23,
4,619,Overall,Overall,25,15,25,1.5,0.730507,0.412685,1037,21,
4,620,Overall,Overall,25,7,25,-1.0,-1.085444,0.454959,946,23,
4,621,Overall,Overall,25,15,25,1.5,1.484875,0.424837,1074,21,
4,622,Overall,Overall,25,20,25,1.5,1.931849,0.521302,1097,26,
4,623,Overall,Overall,25,16,25,2.0,1.848256,0.440076,1092,22,
4,624,Overall,Overall,25,9,25,-1.5,-0.60967,0.42894,970,21,
4,625,Overall,Overall,25,12,25,-0.5,-0.817587,0.409184,959,20,
4,626,Overall,Overall,25,17,25,1.5,1.990614,0.459183,1100,23,
4,627,Overall,Overall,25,10,25,-1.0,-1.508676,0.428187,925,21,
4,628,Overall,Overall,25,13,25,0.5,0.774366,0.407476,1039,20,
4,629,Overall,Overall,25,9,25,-1.0,-1.175149,0.43392,941,22,
4,630,Overall,Overall,25,17,25,1.0,1.530958,0.443613,1077,22,
4,631,Overall,Overall,25,17,25,1.5,1.975062,0.448755,1099,22,
4,632,Overall,Overall,25,19,25,2.0,2.232446,0.496272,1112,25,
4,633,Overall,Overall,25,13,25,1.0,1.101395,0.415406,1055,21,
4,634,Overall,Overall,25,9,25,-1.0,-0.672416,0.426534,966,21,
4,635,Overall,Overall,25,9,25,0.0,-0.323042,0.424952,984,21,
4,636,Overall,Overall,25,16,25,1.5,0.883024,0.421286,1044,21,
4,637,Overall,Overall,25,15,25,1.0,1.020089,0.414867,1051,21,
4,638,Overall,Overall,25,18,25,2.0,2.119768,0.463619,1106,23,
4,639,Overall,Overall,25,11,25,-1.5,-0.764583,0.412353,962,21,
4,640,Overall,Overall,25,15,25,1.0,0.92138,0.416862,1046,21,
4,641,Overall,Overall,25,16,25,2.0,1.65235,0.440703,1083,22,
4,642,Overall,Overall,25,15,25,0.0,0.250568,0.425612,1013,21,
4,643,Overall,Overall,25,15,25,0.0,0.980795,0.419129,1049,21,
4,644,Overall,Overall,25,19,25,2.0,2.29509,0.490948,1115,25,
4,645,Overall,Overall,25,15,25,1.0,0.981812,0.416212,1049,21,
4,646,Overall,Overall,25,14,25,0.5,0.427861,0.408898,1021,20,
4,647,Overall,Overall,25,10,25,-0.5,-1.142283,0.419039,943,21,
4,648,Overall,Overall,25,14,25,0.5,0.505094,0.408394,1025,20,
4,649,Overall,Overall,25,19,25,2.0,2.435253,0.486922,1122,24,
4,650,Overall,Overall,25,15,25,0.5,1.395707,0.43757,1070,22,
4,651,Overall,Overall,25,10,25,-2.0,-1.302408,0.417977,935,21,
4,652,Overall,Overall,25,14,25,0.0,-0.067602,0.414501,997,21,
4,653,Overall,Overall,25,16,25,0.0,0.28905,0.43145,1014,22,
4,654,Overall,Overall,25,8,25,-1.5,-1.83689,0.444635,908,22,
4,655,Overall,Overall,25,12,25,-0.5,-0.018308,0.40686,999,20,
4,656,Overall,Overall,25,15,25,0.5,0.480077,0.414637,1024,21,
4,657,Overall,Overall,25,15,25,2.0,1.499871,0.423252,1075,21,
4,658,Overall,Overall,25,13,25,0.5,1.317076,0.420259,1066,21,
4,659,Overall,Overall,25,18,25,2.0,1.932755,0.462897,1097,23,
4,660,Overall,Overall,25,15,25,1.0,0.707699,0.412813,1035,21,
4,661,Overall,Overall,25,13,25,-0.5,0.149919,0.40985,1007,20,
4,662,Overall,Overall,25,15,25,1.5,1.35938,0.426866,1068,21,
4,663,Overall,Overall,25,12,25,-1.5,-0.94823,0.409213,953,20,
4,664,Overall,Overall,25,12,25,0.5,0.727978,0.434971,1036,22,
4,665,Overall,Overall,25,17,25,1.0,1.217481,0.436507,1061,22,
4,666,Overall,Overall,25,11,25,1.0,0.678233,0.421753,1034,21,
4,667,Overall,Overall,25,9,25,-2.0,-1.692671,0.435057,915,22,
4,668,Overall,Overall,25,13,25,1.5,1.158927,0.420106,1058,21,
4,669,Overall,Overall,25,13,25,-1.0,-0.513409,0.414058,974,21,
4,670,Overall,Overall,25,11,25,-0.5,-0.644838,0.413902,968,21,
4,671,Overall,Overall,25,14,25,0.5,0.059168,0.418205,1003,21,
4,672,Overall,Overall,25,8,25,-2.0,-1.085094,0.438004,946,22,
4,673,Overall,Overall,25,12,25,-0.5,-1.17919,0.419766,941,21,
4,674,Overall,Overall,25,12,25,0.0,-0.274434,0.416477,986,21,
4,675,Overall,Overall,25,18,25,2.0,1.748377,0.48308,1087,24,
4,676,Overall,Overall,25,14,25,-0.5,0.03803,0.410075,1002,21,
4,677,Overall,Overall,25,14,25,0.5,0.472981,0.406992,1024,20,
4,678,Overall,Overall,25,11,25,0.0,-0.637739,0.417276,968,21,
4,679,Overall,Overall,25,12,25,0.0,-0.477678,0.410078,976,21,
4,680,Overall,Overall,25,8,25,-2.0,-1.810043,0.444051,909,22,
4,681,Overall,Overall,25,17,25,1.5,1.924247,0.469674,1096,23,
4,682,Overall,Overall,25,15,25,0.0,0.174184,0.419179,1009,21,
4,683,Overall,Overall,25,15,25,0.5,0.720044,0.417793,1036,21,
4,684,Overall,Overall,25,13,25,-0.5,-0.014345,0.411585,999,21,
4,685,Overall,Overall,25,14,25,1.0,1.36018,0.417645,1068,21,
4,686,Overall,Overall,25,14,25,1.5,1.10091,0.422453,1055,21,
4,687,Overall,Overall,25,8,25,-2.0,-2.059757,0.456229,897,23,
4,688,Overall,Overall,25,14,25,0.5,0.20526,0.41193,1010,21,
4,689,Overall,Overall,25,12,25,0.0,0.028854,0.413781,1001,21,
4,690,Overall,Overall,25,11,25,0.5,0.347662,0.425298,1017,21,
4,691,Overall,Overall,25,15,25,-0.5,-0.628541,0.424427,969,21,
4,692,Overall,Overall,25,9,25,-1.5,-1.524833,0.431874,924,22,
4,693,Overall,Overall,25,6,25,-2.0,-1.73714,0.482821,913,24,
4,694,Overall,Overall,25,14,25,0.5,1.025023,0.422323,1051,21,
4,695,Overall,Overall,25,14,25,1.5,1.103818,0.421125,1055,21,
4,696,Overall,Overall,25,14,25,-0.5,-0.564558,0.411825,972,21,
4,697,Overall,Overall,25,11,25,-1.5,-0.881841,0.415241,956,21,
4,698,Overall,Overall,25,15,25,1.5,0.692729,0.416252,1035,21,
4,699,Overall,Overall,25,9,25,-1.0,-1.770477,0.441109,911,22,
4,700,Overall,Overall,25,14,25,0.5,-0.110647,0.411599,994,21,
4,701,Overall,Overall,25,19,25,2.0,2.358958,0.50164,1118,25,
4,702,Overall,Overall,25,13,25,-0.5,-0.522957,0.408537,974,20,
4,703,Overall,Overall,25,11,25,-0.5,-0.457538,0.409423,977,20,
4,704,Overall,Overall,25,14,25,-0.5,-0.024471,0.411086,999,21,
4,705,Overall,Overall,25,18,25,1.5,1.675061,0.458122,1084,23,
4,706,Overall,Overall,25,17,25,1.0,1.25385,0.446456,1063,22,
4,707,Overall,Overall,25,16,25,1.0,1.124573,0.422962,1056,21,
4,708,Overall,Overall,25,20,25,2.0,2.717351,0.525916,1136,26,
4,709,Overall,Overall,25,22,25,2.0,3.403705,0.643795,1170,32,
4,710,Overall,Overall,25,16,25,0.0,-0.060891,0.432579,997,22,
4,711,Overall,Overall,25,16,25,0.0,0.424383,0.428057,1021,21,
4,712,Overall,Overall,25,12,25,-1.0,-0.570697,0.411,971,21,
4,713,Overall,Overall,25,16,25,1.5,1.145173,0.42435,1057,21,
4,714,Overall,Overall,25,14,25,0.5,0.166516,0.416929,1008,21,
4,715,Overall,Overall,25,7,25,-1.5,-1.866683,0.460621,907,23,
4,716,Overall,Overall,25,14,25,0.5,0.774679,0.418463,1039,21,
4,717,Overall,Overall,25,14,25,1.5,1.517622,0.429532,1076,21,
4,718,Overall,Overall,25,20,25,2.0,2.778286,0.523303,1139,26,
4,719,Overall,Overall,25,8,25,-1.0,-1.510063,0.441855,924,22,
4,720,Overall,Overall,25,11,25,-1.0,-0.961337,0.412513,952,21,
4,721,Overall,Overall,25,14,25,1.0,1.19813,0.428743,1060,21,
4,722,Overall,Overall,25,6,25,-1.0,-1.224158,0.482527,939,24,
4,723,Overall,Overall,25,20,25,1.5,1.99826,0.534476,1100,27,
4,724,Overall,Overall,25,10,25,-1.0,-1.237797,0.425802,938,21,
4,725,Overall,Overall,25,13,25,-0.5,-0.734658,0.412254,963,21,
4,726,Overall,Overall,25,11,25,0.0,0.352386,0.423982,1018,21,
4,727,Overall,Overall,25,10,25,-0.5,-0.375465,0.418035,981,21,
4,728,Overall,Overall,25,14,25,0.5,0.506699,0.416743,1025,21,
4,729,Overall,Overall,25,17,25,2.0,1.71976,0.450317,1086,23,
4,730,Overall,Overall,25,12,25,1.5,0.981523,0.41683,1049,21,
4,731,Overall,Overall,25,13,25,0.5,0.202516,0.404121,1010,20,
4,732,Overall,Overall,25,13,25,1.5,1.225141,0.416047,1061,21,
4,733,Overall,Overall,25,18,25,1.5,1.946104,0.462209,1097,23,
4,734,Overall,Overall,25,12,25,0.0,-0.738226,0.406726,963,20,
4,735,Overall,Overall,25,18,25,2.0,2.251286,0.472143,1113,24,
4,736,Overall,Overall,25,4,25,-2.0,-2.697915,0.556052,865,28,
4,737,Overall,Overall,25,12,25,0.5,0.288776,0.409495,1014,20,
4,738,Overall,Overall,25,16,25,1.5,1.33487,0.432277,1067,22,
4,739,Overall,Overall,25,11,25,0.0,0.001128,0.408776,1000,20,
4,740,Overall,Overall,25,15,25,1.0,0.436663,0.418892,1022,21,
4,741,Overall,Overall,25,8,25,-2.0,-1.99801,0.446649,900,22,
4,742,Overall,Overall,25,6,25,-2.0,-2.490042,0.48616,875,24,
4,743,Overall,Overall,25,10,25,-1.5,-1.381481,0.42111,931,21,
4,744,Overall,Overall,25,11,25,-1.5,-0.934974,0.416266,953,21,
4,745,Overall,Overall,25,19,25,2.0,2.546124,0.49097,1127,25,
4,746,Overall,Overall,25,16,25,1.5,1.83851,0.439744,1092,22,
4,747,Overall,Overall,25,7,25,-2.0,-2.032608,0.469519,898,23,
4,748,Overall,Overall,25,11,25,-0.5,-1.327864,0.422711,934,21,
4,749,Overall,Overall,25,17,25,1.0,1.908652,0.450695,1095,23,
4,750,Overall,Overall,25,7,25,-2.0,-1.648293,0.456834,918,23,
4,751,Overall,Overall,25,14,25,0.0,0.242343,0.408211,1012,20,
4,752,Overall,Overall,25,7,25,-1.5,-1.974159,0.464308,901,23,
4,753,Overall,Overall,25,12,25,0.5,0.433705,0.405866,1022,20,
4,754,Overall,Overall,25,16,25,0.5,0.625921,0.42422,1031,21,
4,755,Overall,Overall,25,20,25,2.0,2.768182,0.526038,1138,26,
4,756,Overall,Overall,25,14,25,0.0,0.299616,0.408816,1015,20,
4,757,Overall,Overall,25,12,25,-1.0,-0.626023,0.417433,969,21,
4,758,Overall,Overall,25,11,25,-0.5,-0.490241,0.413311,975,21,
4,759,Overall,Overall,25,13,25,0.0,0.06366,0.409327,1003,20,
4,760,Overall,Overall,25,15,25,1.0,1.263379,0.422753,1063,21,
4,761,Overall,Overall,25,12,25,0.5,0.331727,0.407746,1017,20,
4,762,Overall,Overall,25,6,25,-1.0,-1.837541,0.484717,908,24,
4,763,Overall,Overall,25,7,25,-2.0,-1.582434,0.460523,921,23,
4,764,Overall,Overall,25,14,25,0.5,0.808617,0.409207,1040,20,
4,765,Overall,Overall,25,9,25,-1.5,-1.846746,0.436061,908,22,
4,766,Overall,Overall,25,10,25,-0.5,-0.187293,0.414021,991,21,
4,767,Overall,Overall,25,17,25,1.5,1.731911,0.445504,1087,22,
4,768,Overall,Overall,25,15,25,1.5,1.61226,0.43598,1081,22,
4,769,Overall,Overall,25,11,25,-1.0,-1.071582,0.411438,946,21,
4,770,Overall,Overall,25,13,25,1.0,0.924785,0.42944,1046,21,
4,771,Overall,Overall,25,14,25,-1.5,-0.695055,0.416358,965,21,
4,772,Overall,Overall,25,20,25,2.0,2.565021,0.524746,1128,26,
4,773,Overall,Overall,25,13,25,-1.0,-1.071962,0.421033,946,21,
4,774,Overall,Overall,25,11,25,0.0,0.03342,0.410497,1002,21,
4,775,Overall,Overall,25,13,25,0.5,0.429908,0.40622,1021,20,
4,776,Overall,Overall,25,17,25,1.5,2.073429,0.462617,1104,23,
4,777,Overall,Overall,25,18,25,2.0,1.992301,0.471773,1100,24,
4,778,Overall,Overall,25,5,25,-2.0,-2.774264,0.521438,861,26,
4,779,Overall,Overall,25,12,25,-0.5,0.262703,0.407204,1013,20,
4,780,Overall,Overall,25,10,25,0.0,-0.01863,0.412329,999,21,
4,781,Overall,Overall,25,17,25,1.5,1.416159,0.445677,1071,22,
4,782,Overall,Overall,25,9,25,-0.5,-1.483854,0.429097,926,21,
4,783,Overall,Overall,25,8,25,-2.0,-1.919541,0.447724,904,22,
4,784,Overall,Overall,25,13,25,0.5,-0.054291,0.407303,997,20,
4,785,Overall,Overall,25,13,25,1.5,1.072613,0.422511,1054,21,
4,786,Overall,Overall,25,12,25,-1.0,-1.116602,0.416479,944,21,
4,787,Overall,Overall,25,11,25,0.0,0.11469,0.41344,1006,21,
4,788,Overall,Overall,25,18,25,1.5,1.861879,0.472607,1093,24,
4,789,Overall,Overall,25,12,25,0.5,1.173641,0.419485,1059,21,
4,790,Overall,Overall,25,10,25,-1.5,-1.429545,0.427894,929,21,
4,791,Overall,Overall,25,21,25,2.0,2.80321,0.565914,1140,28,
4,792,Overall,Overall,25,11,25,-1.0,-0.989443,0.419267,951,21,
4,793,Overall,Overall,25,17,25,1.0,1.772977,0.453993,1089,23,
4,794,Overall,Overall,25,17,25,1.0,0.871894,0.43477,1044,22,
4,795,Overall,Overall,25,16,25,1.0,0.36377,0.426344,1018,21,
4,796,Overall,Overall,25,10,25,-1.5,-1.566177,0.4266,922,21,
4,797,Overall,Overall,25,7,25,-2.0,-1.985953,0.472192,901,24,
4,798,Overall,Overall,25,16,25,2.0,1.645822,0.437876,1082,22,
4,799,Overall,Overall,25,15,25,1.0,0.990777,0.414707,1050,21,
4,800,Overall,Overall,25,15,25,1.0,0.853721,0.417224,1043,21,
4,801,Overall,Overall,25,20,25,2.0,2.494294,0.51484,1125,26,
4,802,Overall,Overall,25,12,25,-0.5,-0.728361,0.411485,964,21,
4,803,Overall,Overall,25,15,25,-1.0,-0.394613,0.433304,980,22,
4,804,Overall,Overall,25,7,25,-2.0,-2.102224,0.467269,895,23,
4,805,Overall,Overall,25,6,25,-2.0,-2.293468,0.489189,885,24,
4,806,Overall,Overall,25,13,25,-0.5,0.03732,0.407202,1002,20,
4,807,Overall,Overall,25,18,25,2.0,1.689061,0.458722,1084,23,
4,808,Overall,Overall,25,10,25,-0.5,-0.611182,0.419346,969,21,
4,809,Overall,Overall,25,13,25,-0.5,-0.645633,0.410993,968,21,
4,810,Overall,Overall,25,12,25,-0.5,-0.071673,0.405513,996,20,
4,811,Overall,Overall,25,15,25,0.0,0.48768,0.417031,1024,21,
4,812,Overall,Overall,25,14,25,0.5,0.745943,0.407799,1037,20,
4,813,Overall,Overall,25,13,25,-0.5,0.445458,0.407776,1022,20,
4,814,Overall,Overall,25,14,25,1.0,1.315055,0.424368,1066,21,
4,815,Overall,Overall,25,12,25,-0.5,-0.556402,0.407377,972,20,
4,816,Overall,Overall,25,8,25,-2.0,-1.832414,0.443203,908,22,
4,817,Overall,Overall,25,6,25,-1.5,-2.083713,0.477592,896,24,
4,818,Overall,Overall,25,15,25,0.0,0.023537,0.430179,1001,22,
4,819,Overall,Overall,25,8,25,-1.5,-1.095752,0.453377,945,23,
4,820,Overall,Overall,25,11,25,-1.0,-1.416745,0.427858,929,21,
4,821,Overall,Overall,25,17,25,2.0,2.023698,0.452288,1101,23,
4,822,Overall,Overall,25,12,25,-0.5,-0.742906,0.417414,963,21,
4,823,Overall,Overall,25,7,25,-2.0,-2.124728,0.464638,894,23,
4,824,Overall,Overall,25,8,25,-2.0,-2.009321,0.454366,900,23,
4,825,Overall,Overall,25,16,25,2.0,1.418074,0.434136,1071,22,
4,826,Overall,Overall,25,8,25,-1.5,-1.827373,0.446205,909,22,
4,827,Overall,Overall,25,9,25,1.0,-0.085557,0.425883,996,21,
4,828,Overall,Overall,25,14,25,0.5,0.550377,0.40792,1028,20,
4,829,Overall,Overall,25,15,25,1.0,1.784277,0.43133,1089,22,
4,830,Overall,Overall,25,8,25,-1.0,-1.274811,0.444773,936,22,
4,831,Overall,Overall,25,15,25,0.0,0.006984,0.419367,1000,21,
4,832,Overall,Overall,25,12,25,-0.5,-0.120265,0.406842,994,20,
4,833,Overall,Overall,25,15,25,0.5,0.514545,0.41984,1026,21,
4,834,Overall,Overall,25,8,25,-0.5,-0.476807,0.445498,976,22,
4,835,Overall,Overall,25,12,25,-1.0,-0.883097,0.406678,956,20,
4,836,Overall,Overall,25,13,25,-1.0,-0.715252,0.414856,964,21,
4,837,Overall,Overall,25,10,25,-2.0,-1.193069,0.418259,940,21,
4,838,Overall,Overall,25,18,25,1.0,1.864298,0.473338,1093,24,
4,839,Overall,Overall,25,11,25,1.5,0.452482,0.421365,1023,21,
4,840,Overall,Overall,25,13,25,-1.5,-1.158098,0.422791,942,21,
4,841,Overall,Overall,25,12,25,0.0,0.430875,0.406743,1022,20,
4,842,Overall,Overall,25,20,25,2.0,2.86131,0.520016,1143,26,
4,843,Overall,Overall,25,7,25,-2.0,-2.052525,0.471161,897,24,
4,844,Overall,Overall,25,17,25,1.0,0.539076,0.443613,1027,22,
4,845,Overall,Overall,25,14,25,0.0,0.511,0.409404,1026,20,
4,846,Overall,Overall,25,11,25,-1.5,-1.017523,0.419606,949,21,
4,847,Overall,Overall,25,7,25,-2.0,-2.007689,0.461849,900,23,
4,848,Overall,Overall,25,13,25,0.5,0.383802,0.405365,1019,20,
4,849,Overall,Overall,25,15,25,1.0,1.288963,0.424477,1064,21,
4,850,Overall,Overall,25,12,25,-2.0,-1.137346,0.4174,943,21,
4,851,Overall,Overall,25,10,25,-1.5,-1.343412,0.428754,933,21,
4,852,Overall,Overall,25,9,25,0.5,0.198415,0.430604,1010,22,
4,853,Overall,Overall,25,19,25,2.0,2.590671,0.489996,1130,24,
4,854,Overall,Overall,25,10,25,-1.5,-1.481096,0.425417,926,21,
4,855,Overall,Overall,25,15,25,1.0,0.954055,0.415195,1048,21,
4,856,Overall,Overall,25,4,25,-2.0,-2.908318,0.566281,855,28,
4,857,Overall,Overall,25,13,25,1.5,1.244404,0.42192,1062,21,
4,858,Overall,Overall,25,16,25,2.0,1.546428,0.4347,1077,22,
4,859,Overall,Overall,25,12,25,-1.5,-1.314257,0.421949,934,21,
4,860,Overall,Overall,25,13,25,0.0,0.223006,0.409297,1011,20,
4,861,Overall,Overall,25,12,25,1.0,0.655995,0.410351,1033,21,
4,862,Overall,Overall,25,9,25,-1.0,-1.343713,0.428617,933,21,
4,863,Overall,Overall,25,13,25,-0.5,-0.151751,0.405024,992,20,
4,864,Overall,Overall,25,14,25,0.0,0.464696,0.418023,1023,21,
4,865,Overall,Overall,25,13,25,-0.5,0.424126,0.405864,1021,20,
4,866,Overall,Overall,25,14,25,-0.5,-0.465266,0.411436,977,21,
4,867,Overall,Overall,25,9,25,-1.5,-1.93183,0.439772,903,22,
4,868,Overall,Overall,25,9,25,-1.0,-0.867038,0.425457,957,21,
4,869,Overall,Overall,25,12,25,-1.5,-1.150549,0.419889,942,21,
4,870,Overall,Overall,25,12,25,-1.0,-0.681662,0.40828,966,20,
4,871,Overall,Overall,25,9,25,-1.5,-1.090762,0.432925,945,22,
4,872,Overall,Overall,25,15,25,2.0,1.737385,0.431796,1087,22,
4,873,Overall,Overall,25,4,25,-2.0,-3.115106,0.573782,844,29,
4,874,Overall,Overall,25,15,25,2.0,1.59677,0.430007,1080,22,
4,875,Overall,Overall,25,14,25,-0.5,-0.644214,0.414642,968,21,
4,876,Overall,Overall,25,17,25,1.0,1.166241,0.438553,1058,22,
4,877,Overall,Overall,25,12,25,-1.5,-0.799153,0.408297,960,20,
4,878,Overall,Overall,25,12,25,-1.0,-1.184701,0.419704,941,21,
4,879,Overall,Overall,25,10,25,-2.0,-1.669732,0.433843,917,22,
4,880,Overall,Overall,25,13,25,1.0,0.837597,0.410425,1042,21,
4,881,Overall,Overall,25,8,25,-2.0,-1.869385,0.449332,907,22,
4,882,Overall,Overall,25,18,25,1.0,1.386665,0.456758,1069,23,
4,883,Overall,Overall,25,13,25,1.0,1.027401,0.422103,1051,21,
4,884,Overall,Overall,25,12,25,0.5,-0.027389,0.407083,999,20,
4,885,Overall,Overall,25,11,25,0.5,0.28374,0.410392,1014,21,
4,886,Overall,Overall,25,11,25,-1.5,-1.23131,0.418647,938,21,
4,887,Overall,Overall,25,10,25,-0.5,-0.984097,0.420911,951,21,
4,888,Overall,Overall,25,10,25,-1.0,-1.090932,0.421809,945,21,
4,889,Overall,Overall,25,10,25,-1.0,-1.281664,0.422172,936,21,
4,890,Overall,Overall,25,11,25,-0.5,-0.583767,0.411013,971,21,
4,891,Overall,Overall,25,12,25,-1.0,-1.049267,0.41704,948,21,
4,892,Overall,Overall,25,5,25,-2.0,-2.693388,0.517235,865,26,
4,893,Overall,Overall,25,11,25,0.0,0.096941,0.4082,1005,20,
4,894,Overall,Overall,25,16,25,2.0,1.742137,0.438816,1087,22,
4,895,Overall,Overall,25,12,25,-1.0,-0.033693,0.407866,998,20,
4,896,Overall,Overall,25,20,25,2.0,2.764956,0.52493,1138,26,
4,897,Overall,Overall,25,12,25,-1.0,-1.036612,0.412155,948,21,
4,898,Overall,Overall,25,14,25,1.5,0.859778,0.418682,1043,21,
4,899,Overall,Overall,25,10,25,-0.5,-0.391414,0.412576,980,21,
4,900,Overall,Overall,25,18,25,2.0,2.119768,0.463619,1106,23,
