thread,student,domain_name,domain_value,item_count,raw_score,max_points,true_theta,theta,se,scale_score,scale_score_se,performance_level
1,1,Overall,Overall,36,11,48,-1.0,-1.089783,0.429269,946,21,
1,2,Overall,Overall,36,29,48,2.5,2.188578,0.372905,1109,19,
1,3,Overall,Overall,36,8,48,-0.5,-1.095626,0.578333,945,29,
1,4,Overall,Overall,36,21,48,0.5,0.923335,0.341956,1046,17,
1,5,Overall,Overall,36,39,48,3.0,2.905818,0.466926,1145,23,
1,6,Overall,Overall,36,8,48,-2.0,-1.168984,0.547289,942,27,
1,7,Overall,Overall,36,35,48,3.0,3.124114,0.447148,1156,22,
1,8,Overall,Overall,36,33,48,2.5,2.668353,0.441963,1133,22,
1,9,Overall,Overall,36,6,48,-1.0,-1.651242,0.592065,917,30,
1,10,Overall,Overall,36,24,48,1.0,1.36778,0.359749,1068,18,
1,11,Overall,Overall,36,7,48,-1.0,-1.563794,0.589407,922,29,
1,12,Overall,Overall,36,35,48,3.0,3.136418,0.44298,1157,22,
1,13,Overall,Overall,36,9,48,-1.0,-1.070664,0.485417,946,24,
1,14,Overall,Overall,36,27,48,1.5,1.952823,0.357003,1098,18,
1,15,Overall,Overall,36,11,48,-0.5,-0.22589,0.429267,989,21,
1,16,Overall,Overall,36,34,48,3.0,2.745597,0.420175,1137,21,
1,17,Overall,Overall,36,32,48,2.0,2.347877,0.383484,1117,19,
1,18,Overall,Overall,36,6,48,-3.0,-1.993982,0.641322,900,32,
1,19,Overall,Overall,36,16,48,0.5,0.616954,0.358724,1031,18,
1,20,Overall,Overall,36,7,48,-1.5,-1.164019,0.483614,942,24,
1,21,Overall,Overall,36,5,48,-2.5,-2.036013,0.700651,898,35,
1,22,Overall,Overall,36,2,48,-1.0,-3.549028,1.075164,823,54,
1,23,Overall,Overall,36,4,48,-2.5,-3.084404,0.92852,846,46,
1,24,Overall,Overall,36,17,48,0.5,0.237102,0.356975,1012,18,
1,25,Overall,Overall,36,28,48,1.0,1.927258,0.349841,1096,17,
1,26,Overall,Overall,36,24,48,1.5,1.199186,0.354241,1060,18,
1,27,Overall,Overall,36,5,48,-2.0,-2.395467,0.764115,880,38,
1,28,Overall,Overall,36,37,48,2.5,3.321061,0.458207,1166,23,
1,29,Overall,Overall,36,8,48,-0.5,-0.749943,0.430137,963,22,
1,30,Overall,Overall,36,6,48,-2.5,-1.792884,0.619474,910,31,
1,31,Overall,Overall,36,30,48,2.0,2.018099,0.346491,1101,17,
1,32,Overall,Overall,36,8,48,-0.5,-1.145448,0.487564,943,24,
1,33,Overall,Overall,36,33,48,3.0,3.040852,0.434636,1152,22,
1,34,Overall,Overall,36,27,48,2.0,1.929619,0.363977,1096,18,
1,35,Overall,Overall,36,5,48,-2.5,-2.04445,0.673678,898,34,
1,36,Overall,Overall,36,16,48,0.0,0.116791,0.362209,1006,18,
1,37,Overall,Overall,36,2,48,-3.0,-4.499305,1.496772,775,75,
1,38,Overall,Overall,36,7,48,-2.5,-1.499517,0.560168,925,28,
1,39,Overall,Overall,36,16,48,0.5,0.400836,0.364855,1020,18,
1,40,Overall,Overall,36,4,48,-2.0,-2.194362,0.667107,890,33,
1,41,Overall,Overall,36,7,48,-2.5,-2.306204,0.745328,885,37,
1,42,Overall,Overall,36,30,48,1.5,1.855843,0.34734,1093,17,
1,43,Overall,Overall,36,15,48,0.5,0.396427,0.400142,1020,20,
1,44,Overall,Overall,36,4,48,-2.5,-3.253063,0.964642,837,48,
1,45,Overall,Overall,36,2,48,-3.0,-4.554774,1.418159,772,71,
1,46,Overall,Overall,36,18,48,1.5,0.792595,0.334656,1040,17,
1,47,Overall,Overall,36,3,48,-2.5,-4.271676,1.300269,786,65,
1,48,Overall,Overall,36,16,48,0.5,0.01649,0.344173,1001,17,
1,49,Overall,Overall,36,9,48,-1.0,-1.342842,0.565471,933,28,
1,50,Overall,Overall,36,6,48,-2.0,-2.096964,0.673739,895,34,
1,51,Overall,Overall,36,31,48,2.0,2.071255,0.352626,1104,18,
1,52,Overall,Overall,36,4,48,-2.0,-3.055134,0.938001,847,47,
1,53,Overall,Overall,36,9,48,-1.5,-1.162834,0.52473,942,26,
1,54,Overall,Overall,36,29,48,1.5,1.802829,0.32926,1090,16,
1,55,Overall,Overall,36,13,48,0.0,0.217267,0.372012,1011,19,
1,56,Overall,Overall,36,4,48,-2.0,-2.681928,0.779573,866,39,
1,57,Overall,Overall,36,17,48,0.5,0.440992,0.360554,1022,18,
1,58,Overall,Overall,36,8,48,-2.0,-0.946185,0.498419,953,25,
1,59,Overall,Overall,36,35,48,2.5,3.558743,0.50668,1178,25,
1,60,Overall,Overall,36,24,48,2.0,1.625253,0.338508,1081,17,
1,61,Overall,Overall,36,6,48,-2.0,-1.857276,0.614511,907,31,
1,62,Overall,Overall,36,32,48,3.0,2.865335,0.432971,1143,22,
1,63,Overall,Overall,36,13,48,0.0,-0.086317,0.40244,996,20,
1,64,Overall,Overall,36,19,48,1.5,1.14128,0.334907,1057,17,
1,65,Overall,Overall,36,20,48,0.0,0.836934,0.366045,1042,18,
1,66,Overall,Overall,36,18,48,0.5,0.537125,0.359612,1027,18,
1,67,Overall,Overall,36,7,48,-2.0,-1.623439,0.566487,919,28,
1,68,Overall,Overall,36,12,48,0.0,-0.57806,0.483748,971,24,
1,69,Overall,Overall,36,29,48,3.0,2.863307,0.402663,1143,20,
1,70,Overall,Overall,36,15,48,0.0,0.031043,0.406483,1002,20,
1,71,Overall,Overall,36,25,48,2.0,2.098097,0.342292,1105,17,
1,72,Overall,Overall,36,23,48,2.0,1.68796,0.36831,1084,18,
1,73,Overall,Overall,36,5,48,-1.5,-1.897931,0.644469,905,32,
1,74,Overall,Overall,36,34,48,2.5,2.721647,0.402143,1136,20,
1,75,Overall,Overall,36,11,48,-0.5,-0.850702,0.461425,957,23,
1,76,Overall,Overall,36,4,48,-1.5,-2.258096,0.744867,887,37,
1,77,Overall,Overall,36,30,48,2.0,2.434736,0.366489,1122,18,
1,78,Overall,Overall,36,15,48,0.5,-0.044111,0.413058,998,21,
1,79,Overall,Overall,36,30,48,2.0,2.205412,0.345197,1110,17,
1,80,Overall,Overall,36,8,48,-1.0,-1.203472,0.534188,940,27,
1,81,Overall,Overall,36,35,48,3.0,2.948936,0.40431,1147,20,
1,82,Overall,Overall,36,28,48,1.0,1.518094,0.366078,1076,18,
1,83,Overall,Overall,36,18,48,1.0,0.790305,0.349465,1040,17,
1,84,Overall,Overall,36,4,48,-2.5,-2.370958,0.763839,881,38,
1,85,Overall,Overall,36,28,48,2.0,1.858693,0.336451,1093,17,
1,86,Overall,Overall,36,5,48,-1.5,-1.670543,0.598302,916,30,
1,87,Overall,Overall,36,17,48,0.5,0.793306,0.344437,1040,17,
1,88,Overall,Overall,36,2,48,-2.5,-3.168069,0.955436,842,48,
1,89,Overall,Overall,36,10,48,-0.5,-0.70753,0.436427,965,22,
1,90,Overall,Overall,36,11,48,-1.0,-0.828447,0.463637,959,23,
1,91,Overall,Overall,36,27,48,2.0,1.934604,0.368081,1097,18,
1,92,Overall,Overall,36,12,48,0.5,0.35274,0.388055,1018,19,
1,93,Overall,Overall,36,27,48,2.0,2.103049,0.34207,1105,17,
1,94,Overall,Overall,36,32,48,2.0,2.020453,0.381342,1101,19,
1,95,Overall,Overall,36,28,48,2.0,1.903602,0.361437,1095,18,
1,96,Overall,Overall,36,31,48,2.0,2.207351,0.361563,1110,18,
1,97,Overall,Overall,36,19,48,0.0,0.347863,0.371284,1017,19,
1,98,Overall,Overall,36,14,48,0.0,-0.081236,0.354279,996,18,
1,99,Overall,Overall,36,30,48,2.5,2.262768,0.355668,1113,18,
1,100,Overall,Overall,36,12,48,0.0,-0.143219,0.373972,993,19,
1,101,Overall,Overall,36,23,48,2.0,1.57566,0.353436,1079,18,
1,102,Overall,Overall,36,13,48,0.5,0.082965,0.364357,1004,18,
1,103,Overall,Overall,36,35,48,2.5,3.047999,0.456289,1152,23,
1,104,Overall,Overall,36,9,48,-1.0,-1.15993,0.494154,942,25,
1,105,Overall,Overall,36,10,48,-1.5,-0.694276,0.427236,965,21,
1,106,Overall,Overall,36,34,48,3.0,3.36457,0.475048,1168,24,
1,107,Overall,Overall,36,8,48,-2.5,-1.648896,0.575265,918,29,
1,108,Overall,Overall,36,10,48,-0.5,-0.763524,0.479083,962,24,
1,109,Overall,Overall,36,8,48,-0.5,-0.734313,0.433633,963,22,
1,110,Overall,Overall,36,6,48,-2.5,-2.531575,0.776575,873,39,
1,111,Overall,Overall,36,4,48,-2.0,-2.458067,0.828897,877,41,
1,112,Overall,Overall,36,5,48,-2.0,-2.732101,0.841602,863,42,
1,113,Overall,Overall,36,23,48,1.0,1.35111,0.320552,1068,16,
1,114,Overall,Overall,36,34,48,2.0,2.596166,0.38554,1130,19,
1,115,Overall,Overall,36,8,48,-1.0,-1.029104,0.52181,949,26,
1,116,Overall,Overall,36,34,48,3.0,3.118044,0.444001,1156,22,
1,117,Overall,Overall,36,5,48,-1.5,-1.976367,0.625451,901,31,
1,118,Overall,Overall,36,6,48,-2.0,-1.640324,0.618773,918,31,
1,119,Overall,Overall,36,9,48,-3.0,-1.712592,0.628783,914,31,
1,120,Overall,Overall,36,22,48,1.5,1.421305,0.335279,1071,17,
1,121,Overall,Overall,36,3,48,-2.0,-2.713244,0.80753,864,40,
1,122,Overall,Overall,36,6,48,-2.5,-1.71685,0.602165,914,30,
1,123,Overall,Overall,36,19,48,1.0,0.802074,0.366079,1040,18,
1,124,Overall,Overall,36,39,48,2.0,3.261145,0.450998,1163,23,
1,125,Overall,Overall,36,21,48,0.5,0.549272,0.346039,1027,17,
1,126,Overall,Overall,36,3,48,-3.0,-3.063285,0.900513,847,45,
1,127,Overall,Overall,36,31,48,2.5,2.147604,0.3588,1107,18,
1,128,Overall,Overall,36,4,48,-2.0,-2.675611,0.771158,866,39,
1,129,Overall,Overall,36,37,48,3.0,3.66242,0.532641,1183,27,
1,130,Overall,Overall,36,8,48,-1.5,-1.232078,0.509636,938,25,
1,131,Overall,Overall,36,13,48,0.0,-0.084797,0.397107,996,20,
1,132,Overall,Overall,36,24,48,2.0,1.940262,0.345881,1097,17,
1,133,Overall,Overall,36,13,48,-1.5,-0.761375,0.457631,962,23,
1,134,Overall,Overall,36,10,48,-0.5,-0.287981,0.403878,986,20,
1,135,Overall,Overall,36,30,48,2.5,2.585476,0.396846,1129,20,
1,136,Overall,Overall,36,32,48,2.5,2.983267,0.497911,1149,25,
1,137,Overall,Overall,36,4,48,-2.0,-2.381567,0.701969,881,35,
1,138,Overall,Overall,36,0,48,-3.0,-5.0,1.830352,750,92,
1,139,Overall,Overall,36,7,48,-3.0,-1.97616,0.752418,901,38,
1,140,Overall,Overall,36,25,48,2.5,1.787307,0.333035,1089,17,
1,141,Overall,Overall,36,9,48,-1.5,-0.947783,0.49734,953,25,
1,142,Overall,Overall,36,40,48,3.0,3.987248,0.537241,1199,27,
1,143,Overall,Overall,36,7,48,-1.5,-1.181468,0.524159,941,26,
1,144,Overall,Overall,36,9,48,-2.0,-1.552064,0.540816,922,27,
1,145,Overall,Overall,36,11,48,-1.0,-0.643869,0.471481,968,24,
1,146,Overall,Overall,36,4,48,-3.0,-2.406161,0.716309,880,36,
1,147,Overall,Overall,36,10,48,-0.5,-0.541602,0.4345,973,22,
1,148,Overall,Overall,36,14,48,0.0,0.266414,0.36517,1013,18,
1,149,Overall,Overall,36,7,48,-1.5,-1.705421,0.663078,915,33,
1,150,Overall,Overall,36,3,48,-3.0,-4.390858,1.370951,780,69,
1,151,Overall,Overall,36,23,48,1.0,1.409827,0.349145,1070,17,
1,152,Overall,Overall,36,4,48,-2.5,-3.553082,1.110338,822,56,
1,153,Overall,Overall,36,9,48,-1.0,-0.959739,0.525262,952,26,
1,154,Overall,Overall,36,3,48,-3.0,-4.028998,1.215496,799,61,
1,155,Overall,Overall,36,5,48,-1.0,-1.800464,0.68561,910,34,
1,156,Overall,Overall,36,30,48,2.0,2.150168,0.352798,1108,18,
1,157,Overall,Overall,36,16,48,0.5,0.27775,0.372096,1014,19,
1,158,Overall,Overall,36,27,48,2.5,2.346741,0.390131,1117,20,
1,159,Overall,Overall,36,4,48,-2.0,-2.333953,0.718275,883,36,
1,160,Overall,Overall,36,5,48,-2.0,-2.528451,0.880759,874,44,
1,161,Overall,Overall,36,3,48,-3.0,-2.37889,0.736381,881,37,
1,162,Overall,Overall,36,29,48,3.0,2.564513,0.40056,1128,20,
1,163,Overall,Overall,36,15,48,0.0,0.016501,0.351433,1001,18,
1,164,Overall,Overall,36,32,48,3.0,2.484992,0.403082,1124,20,
1,165,Overall,Overall,36,26,48,1.5,1.369871,0.34246,1068,17,
1,166,Overall,Overall,36,18,48,0.5,0.499778,0.380552,1025,19,
1,167,Overall,Overall,36,4,48,-2.0,-2.841708,0.820103,858,41,
1,168,Overall,Overall,36,3,48,-2.5,-3.159191,0.982399,842,49,
1,169,Overall,Overall,36,1,48,-3.0,-5.0,1.691152,750,85,
1,170,Overall,Overall,36,23,48,1.0,1.123242,0.353789,1056,18,
1,171,Overall,Overall,36,12,48,-0.5,-0.268935,0.398534,987,20,
1,172,Overall,Overall,36,24,48,1.0,1.329803,0.358548,1066,18,
1,173,Overall,Overall,36,19,48,1.0,1.136953,0.3528,1057,18,
1,174,Overall,Overall,36,17,48,0.5,0.101962,0.366941,1005,18,
1,175,Overall,Overall,36,4,48,-2.5,-2.353652,0.744005,882,37,
1,176,Overall,Overall,36,9,48,-1.0,-0.910018,0.499524,954,25,
1,177,Overall,Overall,36,18,48,0.0,0.211231,0.345881,1011,17,
1,178,Overall,Overall,36,28,48,2.0,1.883257,0.34322,1094,17,
1,179,Overall,Overall,36,13,48,-1.0,-0.447272,0.419167,978,21,
1,180,Overall,Overall,36,24,48,2.0,1.665865,0.331182,1083,17,
1,181,Overall,Overall,36,6,48,-1.0,-2.247966,0.762794,888,38,
1,182,Overall,Overall,36,32,48,2.5,2.499426,0.398361,1125,20,
1,183,Overall,Overall,36,14,48,0.0,0.005081,0.355735,1000,18,
1,184,Overall,Overall,36,4,48,-2.0,-3.006491,0.874083,850,44,
1,185,Overall,Overall,36,17,48,1.0,0.44961,0.35364,1022,18,
1,186,Overall,Overall,36,4,48,-2.0,-2.715744,0.827866,864,41,
1,187,Overall,Overall,36,37,48,3.0,3.149175,0.448914,1157,22,
1,188,Overall,Overall,36,9,48,-1.0,-1.069427,0.467016,947,23,
1,189,Overall,Overall,36,32,48,3.0,2.65358,0.381104,1133,19,
1,190,Overall,Overall,36,7,48,-2.5,-1.492797,0.584309,925,29,
1,191,Overall,Overall,36,11,48,-1.0,-0.528809,0.436561,974,22,
1,192,Overall,Overall,36,21,48,1.0,1.003164,0.3379,1050,17,
1,193,Overall,Overall,36,15,48,0.5,0.542663,0.364712,1027,18,
1,194,Overall,Overall,36,6,48,-3.0,-2.409219,0.757951,880,38,
1,195,Overall,Overall,36,14,48,0.0,0.002672,0.367604,1000,18,
1,196,Overall,Overall,36,23,48,2.5,1.545127,0.386392,1077,19,
1,197,Overall,Overall,36,27,48,1.5,1.78901,0.343622,1089,17,
1,198,Overall,Overall,36,24,48,0.5,0.955818,0.349931,1048,17,
1,199,Overall,Overall,36,15,48,0.0,0.306536,0.363529,1015,18,
1,200,Overall,Overall,36,35,48,3.0,2.853645,0.407413,1143,20,
1,201,Overall,Overall,36,16,48,0.5,0.214825,0.351137,1011,18,
1,202,Overall,Overall,36,16,48,1.0,0.725496,0.351549,1036,18,
1,203,Overall,Overall,36,33,48,2.5,2.405785,0.406355,1120,20,
1,204,Overall,Overall,36,2,48,-3.0,-4.969368,1.56415,752,78,
1,205,Overall,Overall,36,5,48,-2.5,-2.750007,0.839407,862,42,
1,206,Overall,Overall,36,7,48,-2.0,-1.289657,0.55076,936,28,
1,207,Overall,Overall,36,1,48,-2.5,-5.0,1.717422,750,86,
1,208,Overall,Overall,36,14,48,0.0,0.133832,0.408423,1007,20,
1,209,Overall,Overall,36,22,48,1.0,1.041671,0.31272,1052,16,
1,210,Overall,Overall,36,34,48,3.0,2.742763,0.416733,1137,21,
1,211,Overall,Overall,36,15,48,0.5,0.129359,0.362841,1006,18,
1,212,Overall,Overall,36,4,48,-1.0,-3.057496,0.915745,847,46,
1,213,Overall,Overall,36,7,48,-1.0,-1.666793,0.629715,917,31,
1,214,Overall,Overall,36,9,48,-2.0,-1.122487,0.519273,944,26,
1,215,Overall,Overall,36,3,48,-2.0,-2.942707,0.877458,853,44,
1,216,Overall,Overall,36,22,48,1.5,1.293769,0.371425,1065,19,
1,217,Overall,Overall,36,8,48,-1.0,-0.865241,0.443943,957,22,
1,218,Overall,Overall,36,26,48,1.0,1.596515,0.334211,1080,17,
1,219,Overall,Overall,36,7,48,-2.0,-1.369296,0.555474,932,28,
1,220,Overall,Overall,36,21,48,1.0,1.363062,0.365969,1068,18,
1,221,Overall,Overall,36,5,48,-1.5,-2.28439,0.73482,886,37,
1,222,Overall,Overall,36,13,48,-1.0,-0.282797,0.416634,986,21,
1,223,Overall,Overall,36,11,48,0.0,-0.090925,0.421236,995,21,
1,224,Overall,Overall,36,24,48,1.5,1.386707,0.3802,1069,19,
1,225,Overall,Overall,36,28,48,2.0,1.388266,0.336042,1069,17,
1,226,Overall,Overall,36,9,48,-1.0,-1.213834,0.560765,939,28,
1,227,Overall,Overall,36,29,48,1.0,1.96249,0.337329,1098,17,
1,228,Overall,Overall,36,37,48,3.0,3.241322,0.445749,1162,22,
1,229,Overall,Overall,36,8,48,-1.5,-1.903276,0.615048,905,31,
1,230,Overall,Overall,36,4,48,-1.5,-2.454555,0.766827,877,38,
1,231,Overall,Overall,36,15,48,0.5,0.568568,0.352801,1028,18,
1,232,Overall,Overall,36,14,48,0.5,0.082163,0.396837,1004,20,
1,233,Overall,Overall,36,31,48,2.5,2.417971,0.369347,1121,18,
1,234,Overall,Overall,36,3,48,-3.0,-3.683079,1.160271,816,58,
1,235,Overall,Overall,36,19,48,0.5,0.728616,0.356596,1036,18,
1,236,Overall,Overall,36,6,48,-1.5,-1.774389,0.648068,911,32,
1,237,Overall,Overall,36,4,48,-3.0,-2.88893,0.879082,856,44,
1,238,Overall,Overall,36,4,48,-3.0,-3.262664,1.03094,837,52,
1,239,Overall,Overall,36,20,48,1.5,1.163405,0.32701,1058,16,
1,240,Overall,Overall,36,4,48,-1.5,-2.657569,0.834492,867,42,
1,241,Overall,Overall,36,7,48,-1.5,-1.489418,0.548675,926,27,
1,242,Overall,Overall,36,6,48,-3.0,-2.145575,0.746736,893,37,
1,243,Overall,Overall,36,15,48,0.0,-0.070818,0.374252,996,19,
1,244,Overall,Overall,36,9,48,-1.0,-0.952369,0.503236,952,25,
1,245,Overall,Overall,36,2,48,-3.0,-4.134568,1.334047,793,67,
1,246,Overall,Overall,36,15,48,0.5,-0.054675,0.385381,997,19,
1,247,Overall,Overall,36,26,48,2.5,2.433212,0.384331,1122,19,
1,248,Overall,Overall,36,6,48,-3.0,-1.71849,0.686849,914,34,
1,249,Overall,Overall,36,13,48,0.0,-0.368918,0.395656,982,20,
1,250,Overall,Overall,36,8,48,-1.5,-1.707979,0.5904,915,30,
1,251,Overall,Overall,36,29,48,2.0,1.926352,0.341969,1096,17,
1,252,Overall,Overall,36,27,48,1.5,1.274528,0.335118,1064,17,
1,253,Overall,Overall,36,30,48,2.5,2.299735,0.382622,1115,19,
1,254,Overall,Overall,36,8,48,-2.5,-1.747449,0.600624,913,30,
1,255,Overall,Overall,36,17,48,0.5,0.17169,0.366899,1009,18,
1,256,Overall,Overall,36,28,48,2.0,2.165833,0.383721,1108,19,
1,257,Overall,Overall,36,27,48,1.5,1.502164,0.361819,1075,18,
1,258,Overall,Overall,36,13,48,0.5,0.008692,0.392364,1000,20,
1,259,Overall,Overall,36,36,48,2.5,2.894352,0.409746,1145,20,
1,260,Overall,Overall,36,17,48,1.0,0.558246,0.362576,1028,18,
1,261,Overall,Overall,36,5,48,-1.5,-1.813384,0.628518,909,31,
1,262,Overall,Overall,36,14,48,-0.5,0.08553,0.410964,1004,21,
1,263,Overall,Overall,36,4,48,-1.5,-2.493243,0.750708,875,38,
1,264,Overall,Overall,36,6,48,-3.0,-1.56212,0.621659,922,31,
1,265,Overall,Overall,36,7,48,-0.5,-1.518125,0.529645,924,26,
1,266,Overall,Overall,36,18,48,0.0,0.139769,0.345062,1007,17,
1,267,Overall,Overall,36,22,48,2.0,1.280191,0.322548,1064,16,
1,268,Overall,Overall,36,29,48,1.5,1.897766,0.362935,1095,18,
1,269,Overall,Overall,36,4,48,-3.0,-2.431534,0.743779,878,37,
1,270,Overall,Overall,36,26,48,2.0,1.868083,0.411571,1093,21,
1,271,Overall,Overall,36,5,48,-2.5,-2.975554,0.874281,851,44,
1,272,Overall,Overall,36,6,48,-1.0,-1.913194,0.672369,904,34,
1,273,Overall,Overall,36,24,48,1.0,1.154494,0.33447,1058,17,
1,274,Overall,Overall,36,10,48,-1.0,-0.665983,0.43908,967,22,
1,275,Overall,Overall,36,14,48,0.0,0.210226,0.368999,1011,18,
1,276,Overall,Overall,36,17,48,1.0,0.394375,0.349011,1020,17,
1,277,Overall,Overall,36,35,48,2.5,2.999522,0.449834,1150,22,
1,278,Overall,Overall,36,15,48,-0.5,0.131547,0.343515,1007,17,
1,279,Overall,Overall,36,37,48,2.5,3.033845,0.428759,1152,21,
1,280,Overall,Overall,36,3,48,-2.5,-2.836736,0.852916,858,43,
1,281,Overall,Overall,36,14,48,0.5,0.105438,0.356946,1005,18,
1,282,Overall,Overall,36,9,48,-2.5,-0.705393,0.462637,965,23,
1,283,Overall,Overall,36,30,48,2.5,2.491095,0.372387,1125,19,
1,284,Overall,Overall,36,27,48,1.5,1.814862,0.345072,1091,17,
1,285,Overall,Overall,36,22,48,1.5,1.536354,0.32534,1077,16,
1,286,Overall,Overall,36,4,48,-2.0,-3.077773,0.907683,846,45,
1,287,Overall,Overall,36,12,48,0.0,0.102433,0.382412,1005,19,
1,288,Overall,Overall,36,38,48,2.5,2.951191,0.428275,1148,21,
1,289,Overall,Overall,36,9,48,0.0,-0.822966,0.46515,959,23,
1,290,Overall,Overall,36,30,48,2.5,2.245585,0.410067,1112,21,
1,291,Overall,Overall,36,4,48,-2.0,-1.943357,0.65905,903,33,
1,292,Overall,Overall,36,5,48,-1.0,-1.512092,0.623765,924,31,
1,293,Overall,Overall,36,4,48,-2.5,-2.395979,0.754805,880,38,
1,294,Overall,Overall,36,5,48,-2.0,-2.287255,0.757149,886,38,
1,295,Overall,Overall,36,8,48,-1.5,-1.229293,0.511624,939,26,
1,296,Overall,Overall,36,27,48,1.5,1.836564,0.326505,1092,16,
1,297,Overall,Overall,36,5,48,-2.5,-2.739928,0.829039,863,41,
1,298,Overall,Overall,36,26,48,1.5,1.943738,0.32921,1097,16,
1,299,Overall,Overall,36,21,48,1.0,1.06949,0.326829,1053,16,
1,300,Overall,Overall,36,10,48,-1.0,-1.16676,0.547978,942,27,
1,301,Overall,Overall,36,26,48,1.5,1.277353,0.316355,1064,16,
1,302,Overall,Overall,36,36,48,3.0,2.961061,0.427979,1148,21,
1,303,Overall,Overall,36,22,48,0.5,1.117678,0.349962,1056,17,
1,304,Overall,Overall,36,12,48,-0.5,-0.333475,0.41992,983,21,
1,305,Overall,Overall,36,6,48,-1.5,-1.260964,0.5392,937,27,
1,306,Overall,Overall,36,5,48,-3.0,-3.68748,1.13297,816,57,
1,307,Overall,Overall,36,26,48,1.5,1.465888,0.31936,1073,16,
1,308,Overall,Overall,36,30,48,2.0,2.120625,0.402627,1106,20,
1,309,Overall,Overall,36,17,48,0.0,0.04874,0.350372,1002,18,
1,310,Overall,Overall,36,12,48,0.0,0.20416,0.406102,1010,20,
1,311,Overall,Overall,36,5,48,-2.0,-1.639848,0.594902,918,30,
1,312,Overall,Overall,36,16,48,0.5,0.567003,0.374697,1028,19,
1,313,Overall,Overall,36,22,48,1.0,1.180398,0.339914,1059,17,
1,314,Overall,Overall,36,29,48,2.5,2.026852,0.368597,1101,18,
1,315,Overall,Overall,36,6,48,-2.0,-2.031324,0.64023,898,32,
1,316,Overall,Overall,36,6,48,-1.0,-1.816979,0.690424,909,35,
1,317,Overall,Overall,36,24,48,1.5,1.349704,0.345297,1067,17,
1,318,Overall,Overall,36,31,48,3.0,3.109621,0.423441,1155,21,
1,319,Overall,Overall,36,2,48,-2.5,-4.170747,1.260946,791,63,
1,320,Overall,Overall,36,17,48,1.5,1.132076,0.355267,1057,18,
1,321,Overall,Overall,36,32,48,2.0,2.177661,0.33984,1109,17,
1,322,Overall,Overall,36,19,48,0.0,0.232241,0.353642,1012,18,
1,323,Overall,Overall,36,28,48,1.5,1.635546,0.346303,1082,17,
1,324,Overall,Overall,36,15,48,-0.5,0.083461,0.418455,1004,21,
1,325,Overall,Overall,36,3,48,-2.5,-2.645991,0.816062,868,41,
1,326,Overall,Overall,36,5,48,-1.5,-2.234067,0.775537,888,39,
1,327,Overall,Overall,36,0,48,-3.0,-5.0,1.667913,750,83,
1,328,Overall,Overall,36,31,48,3.0,2.196745,0.380509,1110,19,
1,329,Overall,Overall,36,20,48,0.0,0.22817,0.36404,1011,18,
1,330,Overall,Overall,36,22,48,2.0,1.500617,0.35566,1075,18,
1,331,Overall,Overall,36,6,48,-1.5,-1.690056,0.610861,915,31,
1,332,Overall,Overall,36,37,48,2.5,3.123646,0.442011,1156,22,
1,333,Overall,Overall,36,4,48,-2.5,-2.637757,0.782037,868,39,
1,334,Overall,Overall,36,2,48,-3.0,-4.827921,1.558155,759,78,
1,335,Overall,Overall,36,18,48,0.0,0.139437,0.354752,1007,18,
1,336,Overall,Overall,36,12,48,0.5,-0.025332,0.421735,999,21,
1,337,Overall,Overall,36,24,48,1.5,1.439328,0.349664,1072,17,
1,338,Overall,Overall,36,4,48,-2.0,-4.101071,1.330089,795,67,
1,339,Overall,Overall,36,9,48,-1.5,-1.067031,0.48132,947,24,
1,340,Overall,Overall,36,28,48,2.5,1.956917,0.404006,1098,20,
1,341,Overall,Overall,36,0,48,-3.0,-5.0,1.771475,750,89,
1,342,Overall,Overall,36,36,48,2.0,2.726424,0.419316,1136,21,
1,343,Overall,Overall,36,25,48,1.5,1.305912,0.346672,1065,17,
1,344,Overall,Overall,36,8,48,-3.0,-1.702324,0.630945,915,32,
1,345,Overall,Overall,36,14,48,1.0,0.013762,0.373709,1001,19,
1,346,Overall,Overall,36,6,48,-2.0,-1.728742,0.595505,914,30,
1,347,Overall,Overall,36,9,48,-0.5,-0.871959,0.478333,956,24,
1,348,Overall,Overall,36,4,48,-1.5,-2.847687,0.828745,858,41,
1,349,Overall,Overall,36,18,48,0.0,0.556332,0.345609,1028,17,
1,350,Overall,Overall,36,7,48,-1.5,-1.497089,0.519082,925,26,
1,351,Overall,Overall,36,6,48,-2.0,-1.571519,0.563731,921,28,
1,352,Overall,Overall,36,14,48,0.5,0.154874,0.386072,1008,19,
1,353,Overall,Overall,36,7,48,-0.5,-1.188893,0.580725,941,29,
1,354,Overall,Overall,36,4,48,-2.5,-2.617506,0.764853,869,38,
1,355,Overall,Overall,36,13,48,0.5,-0.076405,0.383484,996,19,
1,356,Overall,Overall,36,31,48,2.5,2.163844,0.347636,1108,17,
1,357,Overall,Overall,36,17,48,0.5,0.410712,0.367215,1021,18,
1,358,Overall,Overall,36,28,48,2.0,2.22795,0.365487,1111,18,
1,359,Overall,Overall,36,34,48,3.0,2.514017,0.375181,1126,19,
1,360,Overall,Overall,36,22,48,1.5,0.886127,0.357827,1044,18,
1,361,Overall,Overall,36,15,48,0.0,0.003058,0.384746,1000,19,
1,362,Overall,Overall,36,5,48,-2.5,-2.227498,0.711538,889,36,
1,363,Overall,Overall,36,31,48,2.5,2.376011,0.384588,1119,19,
1,364,Overall,Overall,36,15,48,0.5,0.16379,0.394947,1008,20,
1,365,Overall,Overall,36,5,48,-2.0,-2.01115,0.706126,899,35,
1,366,Overall,Overall,36,3,48,-2.5,-3.192885,0.947097,840,47,
1,367,Overall,Overall,36,12,48,0.0,-0.46866,0.441798,977,22,
1,368,Overall,Overall,36,27,48,2.0,1.943418,0.353779,1097,18,
1,369,Overall,Overall,36,28,48,1.5,1.514468,0.368215,1076,18,
1,370,Overall,Overall,36,35,48,3.0,3.062397,0.462123,1153,23,
1,371,Overall,Overall,36,2,48,-2.0,-2.831567,0.899644,858,45,
1,372,Overall,Overall,36,8,48,-1.0,-1.015227,0.499658,949,25,
1,373,Overall,Overall,36,8,48,-1.5,-1.173356,0.537509,941,27,
1,374,Overall,Overall,36,30,48,2.5,2.141346,0.341501,1107,17,
1,375,Overall,Overall,36,36,48,3.0,2.856406,0.402706,1143,20,
1,376,Overall,Overall,36,19,48,1.5,0.965931,0.343973,1048,17,
1,377,Overall,Overall,36,14,48,0.0,-0.352399,0.402105,982,20,
1,378,Overall,Overall,36,23,48,1.0,1.181275,0.323771,1059,16,
1,379,Overall,Overall,36,11,48,-0.5,-0.553297,0.41742,972,21,
1,380,Overall,Overall,36,23,48,2.0,1.555627,0.332449,1078,17,
1,381,Overall,Overall,36,31,48,2.5,2.610958,0.37924,1131,19,
1,382,Overall,Overall,36,4,48,-2.0,-2.76023,0.840362,862,42,
1,383,Overall,Overall,36,34,48,1.5,2.121737,0.347687,1106,17,
1,384,Overall,Overall,36,36,48,3.0,3.047443,0.435488,1152,22,
1,385,Overall,Overall,36,35,48,2.5,2.57361,0.400806,1129,20,
1,386,Overall,Overall,36,18,48,1.0,0.823235,0.349599,1041,17,
1,387,Overall,Overall,36,29,48,2.5,1.998795,0.353938,1100,18,
1,388,Overall,Overall,36,10,48,-1.0,-0.682597,0.453872,966,23,
1,389,Overall,Overall,36,2,48,-3.0,-4.329139,1.338628,784,67,
1,390,Overall,Overall,36,27,48,2.5,2.001807,0.36861,1100,18,
1,391,Overall,Overall,36,7,48,-1.0,-1.133243,0.469996,943,23,
1,392,Overall,Overall,36,5,48,-2.5,-2.411131,0.756487,879,38,
1,393,Overall,Overall,36,22,48,1.0,1.21646,0.326852,1061,16,
1,394,Overall,Overall,36,5,48,-1.5,-1.915954,0.697121,904,35,
1,395,Overall,Overall,36,29,48,2.0,1.578569,0.342395,1079,17,
1,396,Overall,Overall,36,3,48,-3.0,-3.89409,1.137016,805,57,
1,397,Overall,Overall,36,9,48,-0.5,-0.542756,0.438303,973,22,
1,398,Overall,Overall,36,8,48,-1.0,-1.095594,0.488024,945,24,
1,399,Overall,Overall,36,7,48,-0.5,-0.981661,0.493916,951,25,
1,400,Overall,Overall,36,4,48,-3.0,-2.86546,0.845961,857,42,
1,401,Overall,Overall,36,10,48,-0.5,-0.643648,0.453563,968,23,
1,402,Overall,Overall,36,15,48,0.0,0.394145,0.359078,1020,18,
1,403,Overall,Overall,36,10,48,-0.5,-0.380915,0.407672,981,20,
1,404,Overall,Overall,36,4,48,-2.0,-2.577594,0.795643,871,40,
1,405,Overall,Overall,36,30,48,2.5,2.55696,0.378908,1128,19,
1,406,Overall,Overall,36,25,48,2.0,1.643467,0.399638,1082,20,
1,407,Overall,Overall,36,26,48,2.0,1.982987,0.358172,1099,18,
1,408,Overall,Overall,36,22,48,0.5,1.338213,0.358595,1067,18,
1,409,Overall,Overall,36,5,48,-2.0,-1.584912,0.563347,921,28,
1,410,Overall,Overall,36,12,48,0.0,-0.649309,0.429424,968,21,
1,411,Overall,Overall,36,13,48,0.0,-0.454488,0.412746,977,21,
1,412,Overall,Overall,36,9,48,-1.0,-0.864871,0.478131,957,24,
1,413,Overall,Overall,36,8,48,-1.0,-1.452265,0.607788,927,30,
1,414,Overall,Overall,36,4,48,-2.0,-2.196955,0.707727,890,35,
1,415,Overall,Overall,36,11,48,-1.5,-0.695391,0.41006,965,21,
1,416,Overall,Overall,36,39,48,3.0,3.775792,0.522525,1189,26,
1,417,Overall,Overall,36,22,48,1.5,1.384779,0.337273,1069,17,
1,418,Overall,Overall,36,5,48,-1.5,-2.284808,0.70957,886,35,
1,419,Overall,Overall,36,27,48,2.0,1.828377,0.330118,1091,17,
1,420,Overall,Overall,36,19,48,1.0,0.732884,0.350489,1037,18,
1,421,Overall,Overall,36,8,48,-1.0,-0.810753,0.463123,959,23,
1,422,Overall,Overall,36,27,48,2.0,1.997763,0.345239,1100,17,
1,423,Overall,Overall,36,0,48,-3.0,-5.0,1.795599,750,90,
1,424,Overall,Overall,36,7,48,-0.5,-0.925023,0.501351,954,25,
1,425,Overall,Overall,36,21,48,1.5,1.21884,0.324573,1061,16,
1,426,Overall,Overall,36,17,48,0.0,0.448216,0.36897,1022,18,
1,427,Overall,Overall,36,26,48,1.0,1.676624,0.334464,1084,17,
1,428,Overall,Overall,36,10,48,-1.0,-0.725784,0.45999,964,23,
1,429,Overall,Overall,36,15,48,0.5,0.22726,0.371313,1011,19,
1,430,Overall,Overall,36,6,48,-1.0,-1.693492,0.609399,915,30,
1,431,Overall,Overall,36,21,48,0.5,1.270661,0.346294,1064,17,
1,432,Overall,Overall,36,3,48,-3.0,-3.70864,1.094518,815,55,
1,433,Overall,Overall,36,37,48,3.0,3.868225,0.514031,1193,26,
1,434,Overall,Overall,36,15,48,0.5,-0.150087,0.369653,992,18,
1,435,Overall,Overall,36,16,48,0.5,0.467984,0.360685,1023,18,
1,436,Overall,Overall,36,17,48,0.5,0.635627,0.357531,1032,18,
1,437,Overall,Overall,36,29,48,1.5,1.693429,0.359866,1085,18,
1,438,Overall,Overall,36,11,48,-0.5,-0.388285,0.390832,981,20,
1,439,Overall,Overall,36,17,48,1.0,0.98788,0.341603,1049,17,
1,440,Overall,Overall,36,18,48,0.5,0.745274,0.389651,1037,19,
1,441,Overall,Overall,36,26,48,2.5,2.231789,0.364628,1112,18,
1,442,Overall,Overall,36,24,48,1.5,1.319123,0.370489,1066,19,
1,443,Overall,Overall,36,32,48,2.5,2.472921,0.400861,1124,20,
1,444,Overall,Overall,36,13,48,-0.5,-0.095042,0.36716,995,18,
1,445,Overall,Overall,36,6,48,-2.0,-1.620219,0.582304,919,29,
1,446,Overall,Overall,36,14,48,-0.5,-0.178147,0.403733,991,20,
1,447,Overall,Overall,36,16,48,0.0,0.423522,0.36719,1021,18,
1,448,Overall,Overall,36,5,48,-1.5,-2.539886,0.770925,873,39,
1,449,Overall,Overall,36,13,48,0.5,0.263874,0.375773,1013,19,
1,450,Overall,Overall,36,5,48,-2.0,-1.925376,0.6505,904,33,
1,451,Overall,Overall,36,7,48,-1.5,-1.982096,0.667426,901,33,
1,452,Overall,Overall,36,21,48,1.0,1.414162,0.34599,1071,17,
1,453,Overall,Overall,36,30,48,1.5,2.043234,0.359357,1102,18,
1,454,Overall,Overall,36,20,48,1.0,1.143176,0.348501,1057,17,
1,455,Overall,Overall,36,16,48,0.0,-0.184607,0.389511,991,19,
1,456,Overall,Overall,36,8,48,-1.0,-1.017757,0.524509,949,26,
1,457,Overall,Overall,36,25,48,1.5,1.58778,0.329775,1079,16,
1,458,Overall,Overall,36,23,48,1.0,1.070619,0.385487,1054,19,
1,459,Overall,Overall,36,12,48,-1.5,-0.606633,0.432226,970,22,
1,460,Overall,Overall,36,14,48,0.0,-0.345226,0.450464,983,23,
1,461,Overall,Overall,36,35,48,3.0,2.804941,0.407247,1140,20,
1,462,Overall,Overall,36,6,48,-1.5,-2.341598,0.739133,883,37,
1,463,Overall,Overall,36,8,48,-1.0,-0.722884,0.447442,964,22,
1,464,Overall,Overall,36,13,48,-0.5,0.128163,0.364151,1006,18,
1,465,Overall,Overall,36,2,48,-3.0,-3.218523,0.994471,839,50,
1,466,Overall,Overall,36,8,48,-1.0,-0.922101,0.485755,954,24,
1,467,Overall,Overall,36,14,48,0.0,0.145443,0.381073,1007,19,
1,468,Overall,Overall,36,4,48,-2.0,-2.283428,0.726253,886,36,
1,469,Overall,Overall,36,8,48,-2.0,-1.582515,0.648671,921,32,
1,470,Overall,Overall,36,6,48,-1.5,-2.160865,0.666157,892,33,
1,471,Overall,Overall,36,19,48,1.5,1.407678,0.360488,1070,18,
1,472,Overall,Overall,36,21,48,0.5,1.149031,0.343641,1057,17,
1,473,Overall,Overall,36,23,48,0.5,0.970273,0.351323,1049,18,
1,474,Overall,Overall,36,33,48,3.0,2.899481,0.420546,1145,21,
1,475,Overall,Overall,36,14,48,0.0,-0.374391,0.392381,981,20,
1,476,Overall,Overall,36,22,48,0.5,0.873591,0.341441,1044,17,
1,477,Overall,Overall,36,5,48,-2.0,-2.461937,0.84673,877,42,
1,478,Overall,Overall,36,3,48,-3.0,-3.046763,0.924333,848,46,
1,479,Overall,Overall,36,24,48,1.5,1.464495,0.360959,1073,18,
1,480,Overall,Overall,36,4,48,-2.5,-3.268136,0.963665,837,48,
1,481,Overall,Overall,36,6,48,-1.0,-1.600835,0.580907,920,29,
1,482,Overall,Overall,36,30,48,2.0,2.007412,0.334647,1100,17,
1,483,Overall,Overall,36,8,48,-1.0,-1.36964,0.532105,932,27,
1,484,Overall,Overall,36,3,48,-3.0,-2.902649,0.884335,855,44,
1,485,Overall,Overall,36,21,48,1.0,1.099653,0.328616,1055,16,
1,486,Overall,Overall,36,3,48,-2.0,-3.085353,0.968619,846,48,
1,487,Overall,Overall,36,29,48,2.5,2.462367,0.366754,1123,18,
1,488,Overall,Overall,36,32,48,2.5,2.5276,0.386969,1126,19,
1,489,Overall,Overall,36,19,48,0.5,0.821414,0.339204,1041,17,
1,490,Overall,Overall,36,9,48,-1.0,-0.847469,0.47813,958,24,
1,491,Overall,Overall,36,16,48,0.0,0.356788,0.343276,1018,17,
1,492,Overall,Overall,36,17,48,0.5,0.555885,0.359494,1028,18,
1,493,Overall,Overall,36,22,48,1.0,1.101437,0.32599,1055,16,
1,494,Overall,Overall,36,6,48,-1.0,-1.376096,0.562133,931,28,
1,495,Overall,Overall,36,18,48,1.0,0.494592,0.336297,1025,17,
1,496,Overall,Overall,36,4,48,-1.5,-2.651097,0.814563,867,41,
1,497,Overall,Overall,36,36,48,3.0,3.135495,0.452118,1157,23,
1,498,Overall,Overall,36,33,48,3.0,2.743007,0.392859,1137,20,
1,499,Overall,Overall,36,22,48,1.0,1.080629,0.360253,1054,18,
1,500,Overall,Overall,36,2,48,-3.0,-3.720789,1.144531,814,57,
1,501,Overall,Overall,36,33,48,3.0,2.525843,0.398592,1126,20,
1,502,Overall,Overall,36,4,48,-2.5,-2.843648,0.86313,858,43,
1,503,Overall,Overall,36,32,48,2.5,2.615198,0.409521,1131,20,
1,504,Overall,Overall,36,4,48,-3.0,-2.895431,0.86848,855,43,
1,505,Overall,Overall,36,31,48,2.5,2.17998,0.349925,1109,17,
1,506,Overall,Overall,36,2,48,-3.0,-3.071856,0.967212,846,48,
1,507,Overall,Overall,36,8,48,-1.0,-1.386599,0.547508,931,27,
1,508,Overall,Overall,36,7,48,-1.5,-1.415357,0.557983,929,28,
1,509,Overall,Overall,36,33,48,3.0,2.322325,0.352146,1116,18,
1,510,Overall,Overall,36,12,48,0.0,-0.1263,0.380245,994,19,
1,511,Overall,Overall,36,20,48,1.0,1.145647,0.34795,1057,17,
1,512,Overall,Overall,36,2,48,-2.0,-4.595276,1.442228,770,72,
1,513,Overall,Overall,36,16,48,0.5,0.697231,0.352859,1035,18,
1,514,Overall,Overall,36,10,48,-1.0,-0.806629,0.430625,960,22,
1,515,Overall,Overall,36,21,48,1.5,1.151898,0.317899,1058,16,
1,516,Overall,Overall,36,3,48,-2.5,-2.83131,0.905942,858,45,
1,517,Overall,Overall,36,18,48,1.5,1.335853,0.327734,1067,16,
1,518,Overall,Overall,36,29,48,2.0,1.706385,0.367329,1085,18,
1,519,Overall,Overall,36,5,48,-1.0,-1.499184,0.557547,925,28,
1,520,Overall,Overall,36,7,48,-1.5,-1.612507,0.582475,919,29,
1,521,Overall,Overall,36,5,48,-3.0,-2.980175,0.85727,851,43,
1,522,Overall,Overall,36,22,48,2.0,1.544695,0.339937,1077,17,
1,523,Overall,Overall,36,8,48,-1.5,-1.268518,0.538477,937,27,
1,524,Overall,Overall,36,16,48,0.5,0.464905,0.346661,1023,17,
1,525,Overall,Overall,36,32,48,2.0,1.988019,0.381173,1099,19,
1,526,Overall,Overall,36,21,48,1.5,0.979496,0.344768,1049,17,
1,527,Overall,Overall,36,32,48,3.0,2.79259,0.40122,1140,20,
1,528,Overall,Overall,36,8,48,-2.5,-1.327268,0.553273,934,28,
1,529,Overall,Overall,36,33,48,2.0,2.273216,0.36587,1114,18,
1,530,Overall,Overall,36,2,48,-3.0,-4.278107,1.288045,786,64,
1,531,Overall,Overall,36,32,48,2.5,2.756888,0.386101,1138,19,
1,532,Overall,Overall,36,5,48,-2.5,-2.754221,0.847419,862,42,
1,533,Overall,Overall,36,11,48,-1.0,-0.60491,0.440463,970,22,
1,534,Overall,Overall,36,8,48,-1.0,-0.591452,0.448797,970,22,
1,535,Overall,Overall,36,12,48,-2.0,-0.935092,0.473061,953,24,
1,536,Overall,Overall,36,6,48,-2.5,-1.870413,0.626814,906,31,
1,537,Overall,Overall,36,12,48,-0.5,-0.48744,0.421918,976,21,
1,538,Overall,Overall,36,22,48,1.0,0.875756,0.344262,1044,17,
1,539,Overall,Overall,36,35,48,3.0,2.749382,0.403597,1137,20,
1,540,Overall,Overall,36,28,48,1.5,1.449826,0.321283,1072,16,
1,541,Overall,Overall,36,26,48,2.0,1.782713,0.349433,1089,17,
1,542,Overall,Overall,36,5,48,-2.5,-2.507552,0.766907,875,38,
1,543,Overall,Overall,36,24,48,2.0,1.378176,0.328249,1069,16,
1,544,Overall,Overall,36,3,48,-2.5,-3.524808,1.03998,824,52,
1,545,Overall,Overall,36,24,48,1.0,1.399281,0.329044,1070,16,
1,546,Overall,Overall,36,22,48,1.5,1.570413,0.331157,1079,17,
1,547,Overall,Overall,36,2,48,-2.5,-3.557691,1.02765,822,51,
1,548,Overall,Overall,36,9,48,-0.5,-0.589194,0.443273,971,22,
1,549,Overall,Overall,36,6,48,-2.5,-2.100909,0.690729,895,35,
1,550,Overall,Overall,36,21,48,0.5,0.7231,0.32597,1036,16,
1,551,Overall,Overall,36,31,48,2.5,2.753209,0.413105,1138,21,
1,552,Overall,Overall,36,33,48,2.5,2.750969,0.416338,1138,21,
1,553,Overall,Overall,36,8,48,-1.5,-1.153621,0.498494,942,25,
1,554,Overall,Overall,36,18,48,0.0,0.111995,0.372173,1006,19,
1,555,Overall,Overall,36,9,48,-1.0,-0.75384,0.475126,962,24,
1,556,Overall,Overall,36,36,48,3.0,2.528962,0.37769,1126,19,
1,557,Overall,Overall,36,15,48,0.5,0.137115,0.379693,1007,19,
1,558,Overall,Overall,36,5,48,-2.0,-1.757,0.623705,912,31,
1,559,Overall,Overall,36,3,48,-2.5,-3.110094,0.945189,844,47,
1,560,Overall,Overall,36,26,48,2.0,1.684338,0.357018,1084,18,
1,561,Overall,Overall,36,24,48,1.5,1.263019,0.331468,1063,17,
1,562,Overall,Overall,36,1,48,-3.0,-4.386093,1.373362,781,69,
1,563,Overall,Overall,36,24,48,2.0,1.500204,0.339971,1075,17,
1,564,Overall,Overall,36,22,48,0.5,0.824862,0.344917,1041,17,
1,565,Overall,Overall,36,18,48,1.0,0.414183,0.362385,1021,18,
1,566,Overall,Overall,36,19,48,1.0,1.015326,0.322995,1051,16,
1,567,Overall,Overall,36,32,48,3.0,2.714461,0.424897,1136,21,
1,568,Overall,Overall,36,22,48,1.0,1.052018,0.337448,1053,17,
1,569,Overall,Overall,36,32,48,3.0,2.811461,0.436878,1141,22,
1,570,Overall,Overall,36,7,48,-2.5,-1.684563,0.601736,916,30,
1,571,Overall,Overall,36,28,48,1.5,1.643071,0.347191,1082,17,
1,572,Overall,Overall,36,5,48,-3.0,-2.859103,0.871745,857,44,
1,573,Overall,Overall,36,3,48,-2.5,-3.819037,1.180162,809,59,
1,574,Overall,Overall,36,3,48,-2.0,-2.575241,0.755163,871,38,
1,575,Overall,Overall,36,33,48,2.5,2.015041,0.356801,1101,18,
1,576,Overall,Overall,36,31,48,2.5,2.347184,0.374533,1117,19,
1,577,Overall,Overall,36,2,48,-3.0,-5.0,1.654319,750,83,
1,578,Overall,Overall,36,6,48,-1.0,-1.329032,0.553137,934,28,
1,579,Overall,Overall,36,22,48,0.5,1.433091,0.323167,1072,16,
1,580,Overall,Overall,36,15,48,1.0,0.524215,0.375243,1026,19,
1,581,Overall,Overall,36,21,48,1.0,1.205106,0.33783,1060,17,
1,582,Overall,Overall,36,19,48,0.5,0.498355,0.38225,1025,19,
1,583,Overall,Overall,36,14,48,-0.5,-0.165554,0.427493,992,21,
1,584,Overall,Overall,36,25,48,1.5,1.742952,0.351811,1087,18,
1,585,Overall,Overall,36,5,48,-2.5,-2.167084,0.690468,892,35,
1,586,Overall,Overall,36,4,48,-3.0,-2.937086,0.879068,853,44,
1,587,Overall,Overall,36,33,48,2.0,2.286296,0.3451,1114,17,
1,588,Overall,Overall,36,8,48,-1.5,-1.035016,0.515948,948,26,
1,589,Overall,Overall,36,4,48,-0.5,-2.415486,0.75882,879,38,
1,590,Overall,Overall,36,8,48,-2.5,-1.913014,0.653129,904,33,
1,591,Overall,Overall,36,22,48,1.0,1.012849,0.33576,1051,17,
1,592,Overall,Overall,36,32,48,3.0,3.042617,0.444429,1152,22,
1,593,Overall,Overall,36,18,48,0.0,0.261155,0.360565,1013,18,
1,594,Overall,Overall,36,32,48,2.0,2.366948,0.359579,1118,18,
1,595,Overall,Overall,36,34,48,3.0,2.833849,0.430301,1142,22,
1,596,Overall,Overall,36,1,48,-2.0,-4.18132,1.420982,791,71,
1,597,Overall,Overall,36,4,48,-2.5,-2.152729,0.703245,892,35,
1,598,Overall,Overall,36,9,48,-1.5,-0.700689,0.461674,965,23,
1,599,Overall,Overall,36,13,48,0.0,-0.201599,0.392782,990,20,
1,600,Overall,Overall,36,39,48,3.0,3.362942,0.473238,1168,24,
1,601,Overall,Overall,36,1,48,-3.0,-4.876543,1.533776,756,77,
1,602,Overall,Overall,36,9,48,-2.5,-1.271006,0.532458,936,27,
1,603,Overall,Overall,36,34,48,2.5,2.55402,0.371021,1128,19,
1,604,Overall,Overall,36,12,48,0.5,0.09168,0.380628,1005,19,
1,605,Overall,Overall,36,29,48,1.5,1.449122,0.387857,1072,19,
1,606,Overall,Overall,36,13,48,-0.5,-0.253283,0.430713,987,22,
1,607,Overall,Overall,36,31,48,2.5,2.383496,0.391038,1119,20,
1,608,Overall,Overall,36,33,48,2.5,2.51912,0.442259,1126,22,
1,609,Overall,Overall,36,3,48,-2.0,-3.718348,1.141945,814,57,
1,610,Overall,Overall,36,4,48,-2.5,-2.710685,0.856143,864,43,
1,611,Overall,Overall,36,27,48,2.0,1.900967,0.321752,1095,16,
1,612,Overall,Overall,36,15,48,0.5,0.236986,0.36527,1012,18,
1,613,Overall,Overall,36,26,48,2.0,2.010871,0.343434,1101,17,
1,614,Overall,Overall,36,4,48,-2.0,-2.77336,0.838325,861,42,
1,615,Overall,Overall,36,11,48,-1.0,-0.51409,0.403748,974,20,
1,616,Overall,Overall,36,11,48,-0.5,-0.708128,0.49219,965,25,
1,617,Overall,Overall,36,4,48,-3.0,-3.755085,1.179139,812,59,
1,618,Overall,Overall,36,9,48,-0.5,-0.954761,0.521982,952,26,
1,619,Overall,Overall,36,41,48,3.0,3.458315,0.481059,1173,24,
1,620,Overall,Overall,36,5,48,-2.0,-1.943483,0.669932,903,33,
1,621,Overall,Overall,36,8,48,0.5,-0.379708,0.42846,981,21,
1,622,Overall,Overall,36,3,48,-2.0,-3.885503,1.172495,806,59,
1,623,Overall,Overall,36,4,48,-2.5,-3.169371,1.055764,842,53,
1,624,Overall,Overall,36,7,48,-1.0,-1.290513,0.525866,935,26,
1,625,Overall,Overall,36,21,48,1.5,1.421613,0.352234,1071,18,
1,626,Overall,Overall,36,20,48,0.5,0.726311,0.344519,1036,17,
1,627,Overall,Overall,36,2,48,-3.0,-4.026727,1.340413,799,67,
1,628,Overall,Overall,36,26,48,2.0,1.802005,0.340599,1090,17,
1,629,Overall,Overall,36,30,48,1.5,1.915277,0.393679,1096,20,
1,630,Overall,Overall,36,17,48,0.5,0.500361,0.343412,1025,17,
1,631,Overall,Overall,36,7,48,-2.5,-1.674125,0.58524,916,29,
1,632,Overall,Overall,36,10,48,-0.5,-0.393877,0.401707,980,20,
1,633,Overall,Overall,36,33,48,1.5,2.543525,0.391333,1127,20,
1,634,Overall,Overall,36,9,48,-1.5,-0.964622,0.506816,952,25,
1,635,Overall,Overall,36,31,48,2.5,2.831166,0.421866,1142,21,
1,636,Overall,Overall,36,13,48,0.0,-0.102674,0.394825,995,20,
1,637,Overall,Overall,36,31,48,3.0,2.706247,0.444313,1135,22,
1,638,Overall,Overall,36,10,48,-0.5,-0.428302,0.421943,979,21,
1,639,Overall,Overall,36,8,48,-1.5,-0.985301,0.50269,951,25,
1,640,Overall,Overall,36,8,48,-1.5,-1.557804,0.582831,922,29,
1,641,Overall,Overall,36,39,48,3.0,3.234939,0.450743,1162,23,
1,642,Overall,Overall,36,27,48,1.5,1.321133,0.337936,1066,17,
1,643,Overall,Overall,36,17,48,0.0,0.775066,0.346144,1039,17,
1,644,Overall,Overall,36,27,48,1.5,1.846815,0.374717,1092,19,
1,645,Overall,Overall,36,4,48,-2.0,-2.648549,0.884112,868,44,
1,646,Overall,Overall,36,5,48,-3.0,-2.505192,0.78502,875,39,
1,647,Overall,Overall,36,4,48,-2.5,-2.791907,0.868607,860,43,
1,648,Overall,Overall,36,5,48,-1.5,-2.073456,0.732859,896,37,
1,649,Overall,Overall,36,16,48,0.0,0.281415,0.37544,1014,19,
1,650,Overall,Overall,36,30,48,2.5,1.935414,0.335021,1097,17,
1,651,Overall,Overall,36,18,48,-0.5,0.177199,0.365256,1009,18,
1,652,Overall,Overall,36,9,48,-1.5,-0.98294,0.525413,951,26,
1,653,Overall,Overall,36,31,48,2.0,1.921184,0.322756,1096,16,
1,654,Overall,Overall,36,16,48,0.0,0.232109,0.355793,1012,18,
1,655,Overall,Overall,36,4,48,-2.0,-2.433681,0.706153,878,35,
1,656,Overall,Overall,36,9,48,-1.5,-0.909162,0.484115,955,24,
1,657,Overall,Overall,36,32,48,3.0,2.838141,0.423973,1142,21,
1,658,Overall,Overall,36,14,48,-0.5,0.083426,0.371715,1004,19,
1,659,Overall,Overall,36,16,48,1.0,0.503394,0.349115,1025,17,
1,660,Overall,Overall,36,36,48,2.5,2.694544,0.406159,1135,20,
1,661,Overall,Overall,36,31,48,2.5,2.248049,0.371044,1112,19,
1,662,Overall,Overall,36,4,48,-2.5,-3.431742,0.992617,828,50,
1,663,Overall,Overall,36,15,48,0.0,0.467161,0.377749,1023,19,
1,664,Overall,Overall,36,34,48,3.0,2.896259,0.417033,1145,21,
1,665,Overall,Overall,36,23,48,0.5,0.543091,0.347089,1027,17,
1,666,Overall,Overall,36,29,48,3.0,2.412695,0.389839,1121,19,
1,667,Overall,Overall,36,23,48,1.5,1.382019,0.335737,1069,17,
1,668,Overall,Overall,36,5,48,-3.0,-2.484142,0.78018,876,39,
1,669,Overall,Overall,36,6,48,-2.0,-1.458612,0.550216,927,28,
1,670,Overall,Overall,36,13,48,-0.5,-0.042471,0.390376,998,20,
1,671,Overall,Overall,36,19,48,0.5,0.344362,0.364621,1017,18,
1,672,Overall,Overall,36,12,48,0.0,0.272335,0.419099,1014,21,
1,673,Overall,Overall,36,30,48,2.5,2.694538,0.390171,1135,20,
1,674,Overall,Overall,36,6,48,-1.0,-0.875717,0.543761,956,27,
1,675,Overall,Overall,36,18,48,0.5,0.389259,0.356215,1019,18,
1,676,Overall,Overall,36,6,48,-1.5,-1.472908,0.536263,926,27,
1,677,Overall,Overall,36,13,48,0.5,0.333598,0.350924,1017,18,
1,678,Overall,Overall,36,29,48,2.0,2.206782,0.370271,1110,19,
1,679,Overall,Overall,36,4,48,-1.5,-3.112527,0.926424,844,46,
1,680,Overall,Overall,36,14,48,0.0,0.008519,0.372707,1000,19,
1,681,Overall,Overall,36,13,48,-0.5,-0.319029,0.430909,984,22,
1,682,Overall,Overall,36,20,48,1.5,1.090845,0.340361,1055,17,
1,683,Overall,Overall,36,30,48,2.0,2.073583,0.357314,1104,18,
1,684,Overall,Overall,36,25,48,1.0,1.276844,0.377307,1064,19,
1,685,Overall,Overall,36,32,48,2.5,2.874158,0.425518,1144,21,
1,686,Overall,Overall,36,12,48,-1.0,-0.514486,0.41705,974,21,
1,687,Overall,Overall,36,3,48,-3.0,-4.089056,1.234637,796,62,
1,688,Overall,Overall,36,6,48,-2.0,-2.137014,0.710019,893,36,
1,689,Overall,Overall,36,30,48,2.0,2.026237,0.334381,1101,17,
1,690,Overall,Overall,36,9,48,-1.0,-0.701592,0.439379,965,22,
1,691,Overall,Overall,36,3,48,-2.0,-2.764554,0.816821,862,41,
1,692,Overall,Overall,36,18,48,0.5,0.372844,0.377766,1019,19,
1,693,Overall,Overall,36,14,48,0.0,-0.357946,0.39935,982,20,
1,694,Overall,Overall,36,29,48,2.5,2.248066,0.388835,1112,19,
1,695,Overall,Overall,36,6,48,-2.0,-1.443638,0.56268,928,28,
1,696,Overall,Overall,36,7,48,-0.5,-0.807109,0.482845,960,24,
1,697,Overall,Overall,36,11,48,-1.5,-0.953715,0.470165,952,24,
1,698,Overall,Overall,36,19,48,1.0,0.868721,0.332245,1043,17,
1,699,Overall,Overall,36,14,48,-0.5,-0.373531,0.416222,981,21,
1,700,Overall,Overall,36,17,48,1.0,0.47782,0.371708,1024,19,
1,701,Overall,Overall,36,17,48,0.0,0.720186,0.350616,1036,18,
1,702,Overall,Overall,36,17,48,0.5,0.496246,0.369476,1025,18,
1,703,Overall,Overall,36,36,48,3.0,2.956975,0.437258,1148,22,
1,704,Overall,Overall,36,22,48,1.0,1.411996,0.391119,1071,20,
1,705,Overall,Overall,36,27,48,1.5,1.569438,0.339806,1078,17,
1,706,Overall,Overall,36,5,48,-2.0,-1.225942,0.561131,939,28,
1,707,Overall,Overall,36,13,48,0.0,-0.139817,0.383256,993,19,
1,708,Overall,Overall,36,10,48,-0.5,-0.902717,0.490322,955,25,
1,709,Overall,Overall,36,3,48,-2.5,-3.153874,0.996035,842,50,
1,710,Overall,Overall,36,35,48,3.0,3.35054,0.522747,1168,26,
1,711,Overall,Overall,36,3,48,-2.0,-3.262508,1.044147,837,52,
1,712,Overall,Overall,36,32,48,2.5,2.26836,0.369743,1113,18,
1,713,Overall,Overall,36,26,48,2.5,2.066267,0.341255,1103,17,
1,714,Overall,Overall,36,2,48,-2.5,-3.811607,1.194628,809,60,
1,715,Overall,Overall,36,23,48,1.0,1.292168,0.357052,1065,18,
1,716,Overall,Overall,36,9,48,-1.5,-1.056976,0.500834,947,25,
1,717,Overall,Overall,36,7,48,-0.5,-1.319303,0.528613,934,26,
1,718,Overall,Overall,36,34,48,2.0,2.835042,0.411019,1142,21,
1,719,Overall,Overall,36,3,48,-3.0,-3.679412,1.118603,816,56,
1,720,Overall,Overall,36,13,48,0.0,-0.044406,0.381155,998,19,
1,721,Overall,Overall,36,15,48,0.0,0.145593,0.368564,1007,18,
1,722,Overall,Overall,36,35,48,2.5,2.919932,0.410662,1146,21,
1,723,Overall,Overall,36,24,48,1.0,1.259731,0.310493,1063,16,
1,724,Overall,Overall,36,26,48,1.0,1.442283,0.340076,1072,17,
1,725,Overall,Overall,36,20,48,1.0,0.910101,0.338139,1046,17,
1,726,Overall,Overall,36,33,48,3.0,2.884874,0.432543,1144,22,
1,727,Overall,Overall,36,8,48,-1.5,-1.389317,0.545741,931,27,
1,728,Overall,Overall,36,24,48,1.0,1.392769,0.370171,1070,19,
1,729,Overall,Overall,36,10,48,-1.0,-0.840597,0.462567,958,23,
1,730,Overall,Overall,36,5,48,-1.5,-2.260083,0.71847,887,36,
1,731,Overall,Overall,36,3,48,-2.0,-3.336653,1.06273,833,53,
1,732,Overall,Overall,36,37,48,2.5,3.162079,0.449634,1158,22,
1,733,Overall,Overall,36,23,48,1.5,1.09766,0.341177,1055,17,
1,734,Overall,Overall,36,28,48,2.0,2.148274,0.363822,1107,18,
1,735,Overall,Overall,36,37,48,2.5,2.860481,0.433684,1143,22,
1,736,Overall,Overall,36,5,48,-2.5,-1.5931,0.592221,920,30,
1,737,Overall,Overall,36,21,48,1.5,0.889523,0.339166,1044,17,
1,738,Overall,Overall,36,14,48,0.5,0.514532,0.373542,1026,19,
1,739,Overall,Overall,36,0,48,-3.0,-5.0,1.838765,750,92,
1,740,Overall,Overall,36,37,48,3.0,3.042988,0.419168,1152,21,
1,741,Overall,Overall,36,9,48,-2.0,-1.535554,0.573494,923,29,
1,742,Overall,Overall,36,12,48,0.0,-0.130922,0.393054,993,20,
1,743,Overall,Overall,36,9,48,-2.5,-0.757399,0.452935,962,23,
1,744,Overall,Overall,36,34,48,1.5,1.889727,0.354448,1094,18,
1,745,Overall,Overall,36,8,48,-1.0,-1.202966,0.490643,940,25,
1,746,Overall,Overall,36,18,48,0.5,0.799703,0.353018,1040,18,
1,747,Overall,Overall,36,20,48,1.0,0.909521,0.340064,1045,17,
1,748,Overall,Overall,36,32,48,3.0,2.413191,0.365996,1121,18,
1,749,Overall,Overall,36,7,48,-0.5,-1.241802,0.500681,938,25,
1,750,Overall,Overall,36,6,48,-3.0,-1.761971,0.635471,912,32,
1,751,Overall,Overall,36,4,48,-2.0,-2.876496,1.005774,856,50,
1,752,Overall,Overall,36,11,48,0.0,-0.468282,0.429265,977,21,
1,753,Overall,Overall,36,35,48,2.5,2.863154,0.392397,1143,20,
1,754,Overall,Overall,36,17,48,0.0,0.240417,0.360152,1012,18,
1,755,Overall,Overall,36,7,48,-2.5,-1.606293,0.585516,920,29,
1,756,Overall,Overall,36,5,48,-2.0,-2.331036,0.78088,883,39,
1,757,Overall,Overall,36,3,48,-3.0,-3.290836,1.004231,835,50,
1,758,Overall,Overall,36,3,48,-2.5,-4.822201,1.578573,759,79,
1,759,Overall,Overall,36,9,48,-0.5,-0.566909,0.413521,972,21,
1,760,Overall,Overall,36,39,48,3.0,3.714039,0.547084,1186,27,
1,761,Overall,Overall,36,38,48,3.0,3.42245,0.485954,1171,24,
1,762,Overall,Overall,36,13,48,0.0,-0.06843,0.37949,997,19,
1,763,Overall,Overall,36,11,48,-0.5,-0.332076,0.422199,983,21,
1,764,Overall,Overall,36,32,48,2.5,2.77677,0.402118,1139,20,
1,765,Overall,Overall,36,3,48,-3.0,-2.867053,0.93279,857,47,
1,766,Overall,Overall,36,2,48,-1.5,-3.088112,0.934148,846,47,
1,767,Overall,Overall,36,13,48,0.5,0.402304,0.373652,1020,19,
1,768,Overall,Overall,36,7,48,-1.5,-1.127366,0.484119,944,24,
1,769,Overall,Overall,36,30,48,3.0,2.434998,0.392131,1122,20,
1,770,Overall,Overall,36,14,48,-0.5,-0.309527,0.383319,985,19,
1,771,Overall,Overall,36,3,48,-2.5,-3.451562,0.995501,827,50,
1,772,Overall,Overall,36,8,48,-1.5,-0.69042,0.432086,965,22,
1,773,Overall,Overall,36,28,48,3.0,2.246212,0.37975,1112,19,
1,774,Overall,Overall,36,5,48,-3.0,-2.398336,0.699676,880,35,
1,775,Overall,Overall,36,14,48,0.0,-0.065122,0.393591,997,20,
1,776,Overall,Overall,36,23,48,1.5,1.622706,0.340009,1081,17,
1,777,Overall,Overall,36,9,48,-1.0,-0.877259,0.453375,956,23,
1,778,Overall,Overall,36,12,48,-0.5,-0.454993,0.441309,977,22,
1,779,Overall,Overall,36,12,48,0.0,-0.403682,0.417105,980,21,
1,780,Overall,Overall,36,17,48,0.5,0.211276,0.387919,1011,19,
1,781,Overall,Overall,36,17,48,0.0,0.222253,0.401813,1011,20,
1,782,Overall,Overall,36,4,48,-1.5,-1.776973,0.64709,911,32,
1,783,Overall,Overall,36,13,48,-0.5,-0.246972,0.389849,988,19,
1,784,Overall,Overall,36,16,48,1.0,0.520385,0.387748,1026,19,
1,785,Overall,Overall,36,30,48,2.5,2.505692,0.374315,1125,19,
1,786,Overall,Overall,36,20,48,1.0,1.253402,0.33461,1063,17,
1,787,Overall,Overall,36,24,48,2.0,1.826377,0.355163,1091,18,
1,788,Overall,Overall,36,4,48,-2.0,-1.989161,0.692076,901,35,
1,789,Overall,Overall,36,12,48,-0.5,-0.750597,0.471851,962,24,
1,790,Overall,Overall,36,8,48,-1.0,-1.112121,0.523762,944,26,
1,791,Overall,Overall,36,9,48,-1.0,-1.096829,0.512924,945,26,
1,792,Overall,Overall,36,2,48,-2.5,-3.144288,1.010863,843,51,
1,793,Overall,Overall,36,32,48,3.0,2.773978,0.39057,1139,20,
1,794,Overall,Overall,36,8,48,-2.0,-1.441915,0.555308,928,28,
1,795,Overall,Overall,36,43,48,3.0,4.771106,0.714727,1239,36,
1,796,Overall,Overall,36,18,48,0.5,0.505096,0.358431,1025,18,
1,797,Overall,Overall,36,2,48,-2.5,-3.856179,1.185078,807,59,
1,798,Overall,Overall,36,5,48,-2.0,-2.379946,0.780657,881,39,
1,799,Overall,Overall,36,34,48,3.0,3.51419,0.480299,1176,24,
1,800,Overall,Overall,36,31,48,2.5,2.50837,0.383764,1125,19,
1,801,Overall,Overall,36,4,48,-3.0,-2.826173,0.802818,859,40,
1,802,Overall,Overall,36,17,48,0.5,0.534932,0.357075,1027,18,
1,803,Overall,Overall,36,34,48,3.0,2.591056,0.386081,1130,19,
1,804,Overall,Overall,36,5,48,-2.0,-2.558602,0.777225,872,39,
1,805,Overall,Overall,36,13,48,-0.5,-0.13603,0.409219,993,20,
1,806,Overall,Overall,36,11,48,-1.5,-0.598562,0.455734,970,23,
1,807,Overall,Overall,36,26,48,2.5,1.856199,0.376434,1093,19,
1,808,Overall,Overall,36,9,48,-2.5,-1.300491,0.500032,935,25,
1,809,Overall,Overall,36,33,48,2.5,2.464166,0.388063,1123,19,
1,810,Overall,Overall,36,41,48,2.5,4.350999,0.642859,1218,32,
1,811,Overall,Overall,36,7,48,-1.0,-1.233482,0.507657,938,25,
1,812,Overall,Overall,36,6,48,-2.5,-1.633273,0.572922,918,29,
1,813,Overall,Overall,36,33,48,2.0,2.476772,0.359006,1124,18,
1,814,Overall,Overall,36,23,48,1.5,1.347262,0.334671,1067,17,
1,815,Overall,Overall,36,5,48,-2.5,-2.562995,0.738632,872,37,
1,816,Overall,Overall,36,3,48,-2.5,-2.941033,0.936325,853,47,
1,817,Overall,Overall,36,11,48,-1.0,-0.413642,0.422387,979,21,
1,818,Overall,Overall,36,11,48,-0.5,-0.762917,0.459374,962,23,
1,819,Overall,Overall,36,15,48,0.5,0.276089,0.392728,1014,20,
1,820,Overall,Overall,36,6,48,-2.0,-1.483511,0.561572,926,28,
1,821,Overall,Overall,36,36,48,2.5,2.746536,0.454832,1137,23,
1,822,Overall,Overall,36,31,48,2.0,1.762317,0.321513,1088,16,
1,823,Overall,Overall,36,32,48,2.5,2.497234,0.366797,1125,18,
1,824,Overall,Overall,36,29,48,1.5,1.801846,0.334069,1090,17,
1,825,Overall,Overall,36,15,48,0.0,-0.001985,0.391124,1000,20,
1,826,Overall,Overall,36,20,48,1.5,1.435045,0.358068,1072,18,
1,827,Overall,Overall,36,7,48,-1.0,-1.238994,0.509761,938,25,
1,828,Overall,Overall,36,29,48,2.5,2.570103,0.397076,1129,20,
1,829,Overall,Overall,36,8,48,-1.0,-0.950152,0.496612,952,25,
1,830,Overall,Overall,36,7,48,-1.0,-1.237961,0.560538,938,28,
1,831,Overall,Overall,36,3,48,-3.0,-3.345675,1.003964,833,50,
1,832,Overall,Overall,36,13,48,-0.5,-0.297628,0.40142,985,20,
1,833,Overall,Overall,36,21,48,0.5,0.520129,0.371509,1026,19,
1,834,Overall,Overall,36,23,48,1.0,1.233783,0.353334,1062,18,
1,835,Overall,Overall,36,16,48,1.0,0.401643,0.376204,1020,19,
1,836,Overall,Overall,36,24,48,1.0,0.937468,0.335664,1047,17,
1,837,Overall,Overall,36,29,48,2.0,1.792087,0.351276,1090,18,
1,838,Overall,Overall,36,36,48,3.0,3.167874,0.468444,1158,23,
1,839,Overall,Overall,36,6,48,-2.0,-1.731012,0.605389,913,30,
1,840,Overall,Overall,36,23,48,1.5,1.537594,0.347616,1077,17,
1,841,Overall,Overall,36,15,48,0.0,0.005324,0.367143,1000,18,
1,842,Overall,Overall,36,26,48,1.5,1.997734,0.375306,1100,19,
1,843,Overall,Overall,36,12,48,0.0,-0.351725,0.386978,982,19,
1,844,Overall,Overall,36,22,48,1.0,0.942955,0.365501,1047,18,
1,845,Overall,Overall,36,33,48,3.0,3.324224,0.473275,1166,24,
1,846,Overall,Overall,36,22,48,2.0,1.297321,0.336095,1065,17,
1,847,Overall,Overall,36,3,48,-2.0,-2.739973,0.864423,863,43,
1,848,Overall,Overall,36,9,48,-0.5,-0.532421,0.45248,973,23,
1,849,Overall,Overall,36,8,48,-2.0,-1.571369,0.601597,921,30,
1,850,Overall,Overall,36,17,48,0.5,0.567156,0.35397,1028,18,
1,851,Overall,Overall,36,13,48,0.0,-0.364519,0.4055,982,20,
1,852,Overall,Overall,36,22,48,1.0,1.440269,0.354545,1072,18,
1,853,Overall,Overall,36,22,48,1.5,1.294257,0.390958,1065,20,
1,854,Overall,Overall,36,16,48,0.0,0.166,0.35504,1008,18,
1,855,Overall,Overall,36,2,48,-3.0,-3.41231,0.976269,829,49,
1,856,Overall,Overall,36,26,48,1.5,1.843974,0.342678,1092,17,
1,857,Overall,Overall,36,29,48,2.0,2.313585,0.363644,1116,18,
1,858,Overall,Overall,36,22,48,1.0,1.305925,0.373709,1065,19,
1,859,Overall,Overall,36,17,48,0.0,0.406577,0.353145,1020,18,
1,860,Overall,Overall,36,30,48,2.5,2.047918,0.395181,1102,20,
1,861,Overall,Overall,36,22,48,1.0,1.215776,0.350484,1061,18,
1,862,Overall,Overall,36,21,48,0.5,0.89184,0.341905,1045,17,
1,863,Overall,Overall,36,16,48,0.5,0.517274,0.381001,1026,19,
1,864,Overall,Overall,36,19,48,1.5,1.276614,0.378976,1064,19,
1,865,Overall,Overall,36,1,48,-3.0,-5.0,1.72427,750,86,
1,866,Overall,Overall,36,6,48,-1.5,-1.682383,0.624666,916,31,
1,867,Overall,Overall,36,23,48,0.5,1.256147,0.343309,1063,17,
1,868,Overall,Overall,36,18,48,0.5,0.475301,0.376054,1024,19,
1,869,Overall,Overall,36,5,48,-0.5,-1.6732,0.589224,916,29,
1,870,Overall,Overall,36,6,48,-3.0,-1.852335,0.651837,907,33,
1,871,Overall,Overall,36,31,48,3.0,2.73848,0.392059,1137,20,
1,872,Overall,Overall,36,10,48,-1.5,-1.017186,0.486742,949,24,
1,873,Overall,Overall,36,13,48,0.0,-0.326196,0.433782,984,22,
1,874,Overall,Overall,36,24,48,2.0,1.511775,0.359853,1076,18,
1,875,Overall,Overall,36,9,48,-1.0,-1.252676,0.489999,937,24,
1,876,Overall,Overall,36,5,48,-2.5,-2.310266,0.773892,884,39,
1,877,Overall,Overall,36,4,48,-1.5,-2.021238,0.676528,899,34,
1,878,Overall,Overall,36,10,48,-1.0,-0.497775,0.395893,975,20,
1,879,Overall,Overall,36,7,48,-1.5,-1.135327,0.528377,943,26,
1,880,Overall,Overall,36,10,48,-1.0,-0.950574,0.482427,952,24,
1,881,Overall,Overall,36,10,48,-0.5,-0.085384,0.430584,996,22,
1,882,Overall,Overall,36,24,48,1.0,1.192003,0.322422,1060,16,
1,883,Overall,Overall,36,20,48,1.0,0.905352,0.355937,1045,18,
1,884,Overall,Overall,36,23,48,1.0,1.191341,0.35028,1060,18,
1,885,Overall,Overall,36,5,48,-2.0,-2.759471,0.840948,862,42,
1,886,Overall,Overall,36,12,48,0.0,0.116981,0.379393,1006,19,
1,887,Overall,Overall,36,3,48,-1.0,-3.224515,1.058246,839,53,
1,888,Overall,Overall,36,6,48,-2.0,-1.852677,0.604977,907,30,
1,889,Overall,Overall,36,10,48,-1.5,-1.074747,0.525834,946,26,
1,890,Overall,Overall,36,16,48,1.0,0.471015,0.333574,1024,17,
1,891,Overall,Overall,36,13,48,-0.5,0.009786,0.391646,1000,20,
1,892,Overall,Overall,36,33,48,2.5,2.693993,0.390076,1135,20,
1,893,Overall,Overall,36,5,48,-3.0,-2.590967,0.838575,870,42,
1,894,Overall,Overall,36,8,48,-1.0,-1.360296,0.507666,932,25,
1,895,Overall,Overall,36,4,48,-3.0,-3.421481,1.110975,829,56,
1,896,Overall,Overall,36,15,48,0.0,0.044591,0.367627,1002,18,
1,897,Overall,Overall,36,4,48,-3.0,-3.077707,0.997145,846,50,
1,898,Overall,Overall,36,37,48,2.5,3.091818,0.441694,1155,22,
1,899,Overall,Overall,36,20,48,1.5,1.293042,0.376142,1065,19,
1,900,Overall,Overall,36,37,48,3.0,3.288393,0.437075,1164,22,
1,901,Overall,Overall,36,30,48,3.0,2.402632,0.396469,1120,20,
1,902,Overall,Overall,36,35,48,3.0,3.134744,0.470839,1157,24,
1,903,Overall,Overall,36,3,48,-3.0,-3.936489,1.164171,803,58,
1,904,Overall,Overall,36,28,48,2.0,2.016767,0.337306,1101,17,
1,905,Overall,Overall,36,23,48,1.5,1.473156,0.358522,1074,18,
1,906,Overall,Overall,36,7,48,-0.5,-1.322619,0.495726,934,25,
1,907,Overall,Overall,36,19,48,1.0,1.004875,0.372593,1050,19,
1,908,Overall,Overall,36,17,48,0.0,0.585073,0.374323,1029,19,
1,909,Overall,Overall,36,27,48,0.5,0.702068,0.331006,1035,17,
1,910,Overall,Overall,36,3,48,-3.0,-3.951921,1.277891,802,64,
1,911,Overall,Overall,36,32,48,2.5,2.643194,0.388443,1132,19,
1,912,Overall,Overall,36,10,48,0.0,-0.400904,0.41626,980,21,
1,913,Overall,Overall,36,10,48,0.0,-0.341183,0.400051,983,20,
1,914,Overall,Overall,36,11,48,-1.0,-0.400278,0.390231,980,20,
1,915,Overall,Overall,36,15,48,1.0,0.501073,0.359276,1025,18,
1,916,Overall,Overall,36,6,48,-3.0,-1.935801,0.688899,903,34,
1,917,Overall,Overall,36,33,48,2.0,2.460726,0.375425,1123,19,
1,918,Overall,Overall,36,30,48,2.5,2.165271,0.339991,1108,17,
1,919,Overall,Overall,36,40,48,3.0,3.228542,0.461787,1161,23,
1,920,Overall,Overall,36,7,48,-2.0,-1.493882,0.55375,925,28,
1,921,Overall,Overall,36,11,48,0.0,-0.270098,0.402535,986,20,
1,922,Overall,Overall,36,34,48,2.5,2.708352,0.414574,1135,21,
1,923,Overall,Overall,36,18,48,1.0,0.617223,0.385169,1031,19,
1,924,Overall,Overall,36,17,48,0.5,0.379231,0.37916,1019,19,
1,925,Overall,Overall,36,27,48,1.0,1.352264,0.372844,1068,19,
1,926,Overall,Overall,36,14,48,-0.5,-0.074626,0.38123,996,19,
1,927,Overall,Overall,36,22,48,1.0,1.203993,0.347955,1060,17,
1,928,Overall,Overall,36,35,48,3.0,2.792866,0.390082,1140,20,
1,929,Overall,Overall,36,25,48,1.0,1.71407,0.378486,1086,19,
1,930,Overall,Overall,36,26,48,2.0,1.937659,0.340923,1097,17,
1,931,Overall,Overall,36,8,48,-2.0,-1.604506,0.606302,920,30,
1,932,Overall,Overall,36,24,48,1.5,1.266683,0.350973,1063,18,
1,933,Overall,Overall,36,12,48,0.0,-0.31277,0.406978,984,20,
1,934,Overall,Overall,36,29,48,1.5,1.901825,0.337022,1095,17,
1,935,Overall,Overall,36,6,48,-1.5,-0.928674,0.511338,954,26,
1,936,Overall,Overall,36,4,48,-2.5,-2.593434,0.761166,870,38,
1,937,Overall,Overall,36,30,48,3.0,2.412177,0.378235,1121,19,
1,938,Overall,Overall,36,18,48,0.5,0.613657,0.356197,1031,18,
1,939,Overall,Overall,36,3,48,-2.5,-2.862118,0.920774,857,46,
1,940,Overall,Overall,36,16,48,-0.5,-0.146984,0.389648,993,19,
1,941,Overall,Overall,36,2,48,-1.5,-3.574608,1.07208,821,54,
1,942,Overall,Overall,36,4,48,-2.5,-2.817829,0.902461,859,45,
1,943,Overall,Overall,36,5,48,-2.5,-2.580479,0.827259,871,41,
1,944,Overall,Overall,36,4,48,-1.5,-2.614005,0.77267,869,39,
1,945,Overall,Overall,36,21,48,0.5,0.583463,0.351362,1029,18,
1,946,Overall,Overall,36,8,48,-0.5,-0.565667,0.434817,972,22,
1,947,Overall,Overall,36,10,48,0.0,-0.365917,0.42095,982,21,
1,948,Overall,Overall,36,35,48,2.5,2.535171,0.389138,1127,19,
1,949,Overall,Overall,36,29,48,2.0,2.257102,0.380207,1113,19,
1,950,Overall,Overall,36,4,48,-2.0,-1.817859,0.645559,909,32,
1,951,Overall,Overall,36,23,48,1.5,0.858034,0.360396,1043,18,
1,952,Overall,Overall,36,4,48,-2.5,-2.486884,0.797441,876,40,
1,953,Overall,Overall,36,23,48,1.5,1.236666,0.333614,1062,17,
1,954,Overall,Overall,36,32,48,2.0,2.206406,0.382805,1110,19,
1,955,Overall,Overall,36,31,48,2.0,2.413711,0.368734,1121,18,
1,956,Overall,Overall,36,1,48,-3.0,-5.0,1.597467,750,80,
1,957,Overall,Overall,36,27,48,2.0,1.640271,0.337528,1082,17,
1,958,Overall,Overall,36,33,48,2.5,2.934326,0.420589,1147,21,
1,959,Overall,Overall,36,34,48,3.0,2.982159,0.434189,1149,22,
1,960,Overall,Overall,36,10,48,-0.5,-1.070032,0.507103,946,25,
1,961,Overall,Overall,36,11,48,0.0,-0.376324,0.395569,981,20,
1,962,Overall,Overall,36,4,48,-2.5,-2.429498,0.702657,879,35,
1,963,Overall,Overall,36,30,48,2.0,2.06402,0.355633,1103,18,
1,964,Overall,Overall,36,12,48,-0.5,-0.497265,0.418229,975,21,
1,965,Overall,Overall,36,8,48,-1.0,-1.001354,0.482581,950,24,
1,966,Overall,Overall,36,25,48,2.0,1.503904,0.364794,1075,18,
1,967,Overall,Overall,36,21,48,1.0,0.844483,0.37091,1042,19,
1,968,Overall,Overall,36,32,48,2.5,2.728496,0.412285,1136,21,
1,969,Overall,Overall,36,35,48,3.0,2.818208,0.437646,1141,22,
1,970,Overall,Overall,36,25,48,1.5,1.412647,0.355518,1071,18,
1,971,Overall,Overall,36,36,48,3.0,3.127821,0.451206,1156,23,
1,972,Overall,Overall,36,8,48,-1.0,-0.915903,0.479131,954,24,
1,973,Overall,Overall,36,20,48,1.0,1.178705,0.343754,1059,17,
1,974,Overall,Overall,36,7,48,-1.0,-1.376236,0.576025,931,29,
1,975,Overall,Overall,36,6,48,-2.0,-2.173852,0.694799,891,35,
1,976,Overall,Overall,36,30,48,2.5,2.219033,0.393003,1111,20,
1,977,Overall,Overall,36,18,48,0.0,0.037516,0.379348,1002,19,
1,978,Overall,Overall,36,10,48,-0.5,-0.550916,0.447914,972,22,
1,979,Overall,Overall,36,17,48,0.5,0.34544,0.35208,1017,18,
1,980,Overall,Overall,36,20,48,1.5,1.219257,0.364487,1061,18,
1,981,Overall,Overall,36,30,48,2.0,2.289211,0.358861,1114,18,
1,982,Overall,Overall,36,7,48,-2.0,-1.948764,0.627384,903,31,
1,983,Overall,Overall,36,6,48,-3.0,-2.047336,0.665986,898,33,
1,984,Overall,Overall,36,18,48,0.5,0.951992,0.348911,1048,17,
1,985,Overall,Overall,36,1,48,-2.0,-4.641997,1.66163,768,83,
1,986,Overall,Overall,36,20,48,0.5,0.901954,0.35895,1045,18,
1,987,Overall,Overall,36,30,48,2.0,2.028233,0.372102,1101,19,
1,988,Overall,Overall,36,3,48,-2.0,-3.030171,0.914564,848,46,
1,989,Overall,Overall,36,9,48,-0.5,-1.169095,0.55387,942,28,
1,990,Overall,Overall,36,12,48,-0.5,-0.554732,0.40111,972,20,
1,991,Overall,Overall,36,17,48,1.0,0.415249,0.376836,1021,19,
1,992,Overall,Overall,36,5,48,-2.0,-2.453308,0.745991,877,37,
1,993,Overall,Overall,36,14,48,-0.5,-0.117428,0.429556,994,21,
1,994,Overall,Overall,36,19,48,1.0,0.709399,0.349514,1035,17,
1,995,Overall,Overall,36,21,48,1.0,1.091813,0.381046,1055,19,
1,996,Overall,Overall,36,3,48,-2.0,-3.027776,0.907859,849,45,
1,997,Overall,Overall,36,26,48,2.5,2.169673,0.375936,1108,19,
1,998,Overall,Overall,36,6,48,-2.0,-1.72032,0.608224,914,30,
1,999,Overall,Overall,36,37,48,3.0,3.676585,0.541815,1184,27,
1,1000,Overall,Overall,36,3,48,-2.5,-3.1229,0.870348,844,44,
1,1001,Overall,Overall,36,21,48,2.0,1.587625,0.346271,1079,17,
1,1002,Overall,Overall,36,5,48,-2.0,-2.708344,0.817766,865,41,
1,1003,Overall,Overall,36,9,48,-0.5,-0.526288,0.4459,974,22,
1,1004,Overall,Overall,36,28,48,2.0,1.965422,0.340111,1098,17,
1,1005,Overall,Overall,36,9,48,-0.5,-0.618331,0.452225,969,23,
1,1006,Overall,Overall,36,22,48,1.0,0.461545,0.356932,1023,18,
1,1007,Overall,Overall,36,33,48,3.0,2.800853,0.452907,1140,23,
1,1008,Overall,Overall,36,16,48,-0.5,-0.082285,0.378681,996,19,
1,1009,Overall,Overall,36,31,48,2.0,2.418318,0.385845,1121,19,
1,1010,Overall,Overall,36,11,48,-1.5,-0.775641,0.46754,961,23,
1,1011,Overall,Overall,36,24,48,1.0,1.305888,0.346441,1065,17,
1,1012,Overall,Overall,36,16,48,0.5,0.468064,0.356526,1023,18,
1,1013,Overall,Overall,36,4,48,-1.5,-3.146829,0.919026,843,46,
1,1014,Overall,Overall,36,18,48,0.5,0.826908,0.335004,1041,17,
1,1015,Overall,Overall,36,2,48,-3.0,-4.498238,1.494619,775,75,
1,1016,Overall,Overall,36,10,48,-0.5,-0.713983,0.47456,964,24,
1,1017,Overall,Overall,36,11,48,-0.5,-0.886158,0.475976,956,24,
1,1018,Overall,Overall,36,5,48,-3.0,-2.920587,0.911157,854,46,
1,1019,Overall,Overall,36,32,48,3.0,2.613636,0.399496,1131,20,
1,1020,Overall,Overall,36,37,48,3.0,2.926427,0.406818,1146,20,
1,1021,Overall,Overall,36,34,48,2.5,2.794403,0.446216,1140,22,
1,1022,Overall,Overall,36,35,48,3.0,3.042824,0.421967,1152,21,
1,1023,Overall,Overall,36,34,48,3.0,2.919938,0.457444,1146,23,
1,1024,Overall,Overall,36,12,48,-1.0,-0.573566,0.431867,971,22,
1,1025,Overall,Overall,36,7,48,-1.5,-1.461803,0.597289,927,30,
1,1026,Overall,Overall,36,30,48,2.5,2.140802,0.346844,1107,17,
1,1027,Overall,Overall,36,20,48,1.5,1.366637,0.332965,1068,17,
1,1028,Overall,Overall,36,27,48,1.5,1.683592,0.343566,1084,17,
1,1029,Overall,Overall,36,8,48,-2.5,-1.849142,0.63556,908,32,
1,1030,Overall,Overall,36,7,48,-1.5,-1.071957,0.489717,946,24,
1,1031,Overall,Overall,36,6,48,-2.0,-1.965297,0.660459,902,33,
1,1032,Overall,Overall,36,28,48,2.5,2.11988,0.371164,1106,19,
1,1033,Overall,Overall,36,9,48,-0.5,-0.681771,0.43703,966,22,
1,1034,Overall,Overall,36,7,48,-0.5,-1.085426,0.518201,946,26,
1,1035,Overall,Overall,36,32,48,2.0,2.870489,0.419471,1144,21,
1,1036,Overall,Overall,36,1,48,-3.0,-3.122725,0.966102,844,48,
1,1037,Overall,Overall,36,15,48,0.0,0.031486,0.386737,1002,19,
1,1038,Overall,Overall,36,1,48,-3.0,-5.0,1.784044,750,89,
1,1039,Overall,Overall,36,5,48,-2.0,-2.661136,0.769565,867,38,
1,1040,Overall,Overall,36,28,48,2.0,2.265601,0.382962,1113,19,
1,1041,Overall,Overall,36,4,48,-1.5,-2.581023,0.802101,871,40,
1,1042,Overall,Overall,36,5,48,-1.5,-2.197684,0.754776,890,38,
1,1043,Overall,Overall,36,11,48,-1.0,-0.919411,0.467034,954,23,
1,1044,Overall,Overall,36,21,48,0.5,0.829624,0.364246,1041,18,
1,1045,Overall,Overall,36,9,48,-0.5,-0.849027,0.449169,958,22,
1,1046,Overall,Overall,36,4,48,-3.0,-2.825584,0.853465,859,43,
1,1047,Overall,Overall,36,15,48,0.5,0.833451,0.335628,1042,17,
1,1048,Overall,Overall,36,4,48,-3.0,-2.711003,0.839509,864,42,
1,1049,Overall,Overall,36,42,48,3.0,4.337922,0.631485,1217,32,
1,1050,Overall,Overall,36,31,48,3.0,2.907821,0.445432,1145,22,
1,1051,Overall,Overall,36,7,48,-1.5,-1.625183,0.541436,919,27,
1,1052,Overall,Overall,36,6,48,-1.5,-1.651734,0.576048,917,29,
1,1053,Overall,Overall,36,9,48,-0.5,-1.497966,0.594647,925,30,
1,1054,Overall,Overall,36,2,48,-2.5,-4.597348,1.5161,770,76,
1,1055,Overall,Overall,36,17,48,0.0,0.573324,0.328716,1029,16,
1,1056,Overall,Overall,36,33,48,3.0,3.291339,0.462478,1165,23,
1,1057,Overall,Overall,36,9,48,-1.0,-0.481814,0.411109,976,21,
1,1058,Overall,Overall,36,17,48,1.0,0.536927,0.375151,1027,19,
1,1059,Overall,Overall,36,16,48,0.0,0.289386,0.375705,1014,19,
1,1060,Overall,Overall,36,38,48,3.0,3.067977,0.478208,1153,24,
1,1061,Overall,Overall,36,5,48,-3.0,-2.087901,0.648197,896,32,
1,1062,Overall,Overall,36,4,48,-3.0,-3.579622,1.095123,821,55,
1,1063,Overall,Overall,36,3,48,-2.5,-3.141537,0.910656,843,46,
1,1064,Overall,Overall,36,18,48,0.0,0.105216,0.384881,1005,19,
1,1065,Overall,Overall,36,1,48,-3.0,-3.783763,1.311048,811,66,
1,1066,Overall,Overall,36,16,48,0.0,0.393558,0.37405,1020,19,
1,1067,Overall,Overall,36,10,48,-1.0,-1.168966,0.517426,942,26,
1,1068,Overall,Overall,36,30,48,2.5,2.692009,0.411736,1135,21,
1,1069,Overall,Overall,36,31,48,2.5,2.659217,0.399479,1133,20,
1,1070,Overall,Overall,36,10,48,-0.5,-0.979037,0.484378,951,24,
1,1071,Overall,Overall,36,27,48,1.5,1.427887,0.317893,1071,16,
1,1072,Overall,Overall,36,10,48,-1.5,-0.889162,0.492597,956,25,
1,1073,Overall,Overall,36,1,48,-3.0,-5.0,1.753227,750,88,
1,1074,Overall,Overall,36,23,48,1.5,1.507351,0.377542,1075,19,
1,1075,Overall,Overall,36,12,48,-0.5,-0.340559,0.403485,983,20,
1,1076,Overall,Overall,36,3,48,-2.5,-3.516404,1.117238,824,56,
1,1077,Overall,Overall,36,24,48,1.5,1.519493,0.338079,1076,17,
1,1078,Overall,Overall,36,10,48,-1.5,-0.634158,0.494311,968,25,
1,1079,Overall,Overall,36,33,48,2.0,2.365471,0.358138,1118,18,
1,1080,Overall,Overall,36,8,48,-2.5,-1.691276,0.581437,915,29,
1,1081,Overall,Overall,36,11,48,-1.0,-0.640541,0.457218,968,23,
1,1082,Overall,Overall,36,6,48,-2.5,-1.490959,0.585744,925,29,
1,1083,Overall,Overall,36,12,48,-0.5,-0.293447,0.421895,985,21,
1,1084,Overall,Overall,36,22,48,1.0,1.008688,0.372813,1050,19,
1,1085,Overall,Overall,36,38,48,3.0,3.662919,0.494484,1183,25,
1,1086,Overall,Overall,36,5,48,-2.0,-1.996354,0.640384,900,32,
1,1087,Overall,Overall,36,4,48,-2.5,-3.165587,0.92735,842,46,
1,1088,Overall,Overall,36,6,48,-1.5,-1.320672,0.527038,934,26,
1,1089,Overall,Overall,36,10,48,-1.5,-0.831895,0.444291,958,22,
1,1090,Overall,Overall,36,9,48,-0.5,-0.450405,0.440535,977,22,
1,1091,Overall,Overall,36,8,48,-1.5,-1.712655,0.615579,914,31,
1,1092,Overall,Overall,36,11,48,-0.5,-0.259607,0.400828,987,20,
1,1093,Overall,Overall,36,3,48,-3.0,-2.956604,0.93708,852,47,
1,1094,Overall,Overall,36,11,48,-0.5,-0.584979,0.453981,971,23,
1,1095,Overall,Overall,36,11,48,-2.0,-1.089423,0.500668,946,25,
1,1096,Overall,Overall,36,32,48,2.0,2.248187,0.347851,1112,17,
1,1097,Overall,Overall,36,25,48,1.0,1.172905,0.332143,1059,17,
1,1098,Overall,Overall,36,24,48,1.5,1.687959,0.37827,1084,19,
1,1099,Overall,Overall,36,11,48,-2.5,-0.976286,0.504102,951,25,
1,1100,Overall,Overall,36,23,48,1.5,1.461467,0.333856,1073,17,
1,1101,Overall,Overall,36,3,48,-3.0,-4.393623,1.402633,780,70,
1,1102,Overall,Overall,36,33,48,3.0,2.700576,0.39539,1135,20,
1,1103,Overall,Overall,36,4,48,-2.5,-2.706224,0.873146,865,44,
1,1104,Overall,Overall,36,13,48,0.0,0.151366,0.402412,1008,20,
1,1105,Overall,Overall,36,32,48,2.0,2.344355,0.398502,1117,20,
1,1106,Overall,Overall,36,6,48,-2.0,-1.994769,0.670651,900,34,
1,1107,Overall,Overall,36,6,48,-3.0,-2.133769,0.689235,893,34,
1,1108,Overall,Overall,36,9,48,-1.5,-1.253824,0.543609,937,27,
1,1109,Overall,Overall,36,31,48,2.5,2.191063,0.363767,1110,18,
1,1110,Overall,Overall,36,12,48,-0.5,-0.365256,0.408682,982,20,
1,1111,Overall,Overall,36,32,48,2.0,2.206635,0.372521,1110,19,
1,1112,Overall,Overall,36,37,48,3.0,3.071582,0.44496,1154,22,
1,1113,Overall,Overall,36,19,48,1.0,0.518442,0.336349,1026,17,
1,1114,Overall,Overall,36,9,48,-1.0,-1.365517,0.540642,932,27,
1,1115,Overall,Overall,36,2,48,-3.0,-3.675398,1.222945,816,61,
1,1116,Overall,Overall,36,6,48,-0.5,-1.703748,0.648929,915,32,
1,1117,Overall,Overall,36,2,48,-2.0,-3.82653,1.267699,809,63,
1,1118,Overall,Overall,36,9,48,-0.5,-1.074512,0.512094,946,26,
1,1119,Overall,Overall,36,7,48,-1.5,-1.071907,0.506495,946,25,
1,1120,Overall,Overall,36,6,48,-2.5,-1.528366,0.584292,924,29,
1,1121,Overall,Overall,36,14,48,-0.5,0.04158,0.38961,1002,19,
1,1122,Overall,Overall,36,6,48,-1.5,-1.718114,0.595498,914,30,
1,1123,Overall,Overall,36,36,48,3.0,2.664944,0.391367,1133,20,
1,1124,Overall,Overall,36,33,48,2.0,2.154298,0.390166,1108,20,
1,1125,Overall,Overall,36,21,48,1.5,1.250897,0.333701,1063,17,
1,1126,Overall,Overall,36,7,48,-1.5,-1.467275,0.600523,927,30,
1,1127,Overall,Overall,36,32,48,2.5,1.94963,0.355498,1097,18,
1,1128,Overall,Overall,36,5,48,-1.5,-1.940286,0.707023,903,35,
1,1129,Overall,Overall,36,36,48,3.0,3.48799,0.480355,1174,24,
1,1130,Overall,Overall,36,6,48,-3.0,-2.164318,0.734966,892,37,
1,1131,Overall,Overall,36,10,48,0.0,-0.248846,0.383203,988,19,
1,1132,Overall,Overall,36,23,48,2.0,1.696712,0.330569,1085,17,
1,1133,Overall,Overall,36,12,48,0.5,-0.112486,0.400524,994,20,
1,1134,Overall,Overall,36,7,48,-2.5,-1.554462,0.572544,922,29,
1,1135,Overall,Overall,36,3,48,-2.5,-2.368044,0.776141,882,39,
1,1136,Overall,Overall,36,15,48,0.0,0.227385,0.375221,1011,19,
1,1137,Overall,Overall,36,33,48,2.0,2.330803,0.383837,1117,19,
1,1138,Overall,Overall,36,24,48,1.5,1.408065,0.330416,1070,17,
1,1139,Overall,Overall,36,11,48,-0.5,-0.538341,0.445715,973,22,
1,1140,Overall,Overall,36,27,48,2.0,1.927751,0.330517,1096,17,
1,1141,Overall,Overall,36,11,48,-0.5,-0.678078,0.472045,966,24,
1,1142,Overall,Overall,36,30,48,2.5,1.805453,0.345014,1090,17,
1,1143,Overall,Overall,36,14,48,-0.5,0.004208,0.36618,1000,18,
1,1144,Overall,Overall,36,9,48,-1.5,-1.015069,0.506649,949,25,
1,1145,Overall,Overall,36,19,48,1.0,0.90301,0.360254,1045,18,
1,1146,Overall,Overall,36,17,48,0.5,0.126313,0.385361,1006,19,
1,1147,Overall,Overall,36,11,48,0.0,-0.495217,0.436637,975,22,
1,1148,Overall,Overall,36,27,48,1.5,1.642477,0.378102,1082,19,
1,1149,Overall,Overall,36,3,48,-2.5,-3.106452,0.896853,845,45,
1,1150,Overall,Overall,36,10,48,-2.0,-1.214625,0.533044,939,27,
1,1151,Overall,Overall,36,4,48,-1.0,-2.21552,0.724136,889,36,
1,1152,Overall,Overall,36,10,48,-1.0,-0.349767,0.412718,983,21,
1,1153,Overall,Overall,36,24,48,1.0,1.123508,0.354984,1056,18,
1,1154,Overall,Overall,36,4,48,-3.0,-2.638162,0.846952,868,42,
1,1155,Overall,Overall,36,3,48,-2.5,-2.708766,0.854945,865,43,
1,1156,Overall,Overall,36,2,48,-3.0,-4.929758,1.730306,754,87,
1,1157,Overall,Overall,36,14,48,-1.0,-0.480758,0.402391,976,20,
1,1158,Overall,Overall,36,19,48,1.5,1.194745,0.347474,1060,17,
1,1159,Overall,Overall,36,16,48,1.0,0.551503,0.370791,1028,19,
1,1160,Overall,Overall,36,13,48,-0.5,-0.394824,0.430854,980,22,
1,1161,Overall,Overall,36,0,48,-3.0,-5.0,1.79162,750,90,
1,1162,Overall,Overall,36,3,48,-3.0,-4.127296,1.349594,794,67,
1,1163,Overall,Overall,36,1,48,-2.5,-4.348714,1.472902,783,74,
1,1164,Overall,Overall,36,8,48,-1.5,-0.989397,0.517719,951,26,
1,1165,Overall,Overall,36,7,48,-1.5,-1.606234,0.561255,920,28,
1,1166,Overall,Overall,36,29,48,1.5,1.919449,0.351582,1096,18,
1,1167,Overall,Overall,36,6,48,-1.5,-1.729233,0.635655,914,32,
1,1168,Overall,Overall,36,12,48,-0.5,-0.503399,0.421141,975,21,
1,1169,Overall,Overall,36,39,48,3.0,3.919767,0.508281,1196,25,
1,1170,Overall,Overall,36,30,48,2.0,1.457251,0.374262,1073,19,
1,1171,Overall,Overall,36,16,48,0.5,0.331585,0.347975,1017,17,
1,1172,Overall,Overall,36,21,48,0.5,1.283188,0.346316,1064,17,
1,1173,Overall,Overall,36,24,48,1.5,1.473404,0.338489,1074,17,
1,1174,Overall,Overall,36,6,48,-1.5,-1.988047,0.664391,901,33,
1,1175,Overall,Overall,36,34,48,2.5,2.732776,0.390019,1137,20,
1,1176,Overall,Overall,36,28,48,2.0,1.917804,0.368783,1096,18,
1,1177,Overall,Overall,36,25,48,1.5,1.471358,0.340649,1074,17,
1,1178,Overall,Overall,36,32,48,2.0,2.294379,0.37905,1115,19,
1,1179,Overall,Overall,36,19,48,1.0,1.020239,0.349197,1051,17,
1,1180,Overall,Overall,36,24,48,1.0,1.68293,0.34691,1084,17,
1,1181,Overall,Overall,36,27,48,1.5,1.946189,0.337333,1097,17,
1,1182,Overall,Overall,36,24,48,2.0,1.683304,0.337657,1084,17,
1,1183,Overall,Overall,36,24,48,1.0,1.300616,0.345219,1065,17,
1,1184,Overall,Overall,36,29,48,2.0,1.951931,0.357604,1098,18,
1,1185,Overall,Overall,36,6,48,-1.0,-2.121623,0.683138,894,34,
1,1186,Overall,Overall,36,9,48,-1.0,-0.771787,0.454646,961,23,
1,1187,Overall,Overall,36,36,48,2.5,3.26099,0.458904,1163,23,
1,1188,Overall,Overall,36,12,48,-1.0,-0.189455,0.380218,991,19,
1,1189,Overall,Overall,36,18,48,0.0,0.33611,0.370225,1017,19,
1,1190,Overall,Overall,36,8,48,-0.5,-1.003237,0.486074,950,24,
1,1191,Overall,Overall,36,4,48,-3.0,-2.805817,0.81778,860,41,
1,1192,Overall,Overall,36,6,48,-2.5,-1.996381,0.656963,900,33,
1,1193,Overall,Overall,36,3,48,-1.5,-2.739171,0.891557,863,45,
1,1194,Overall,Overall,36,7,48,-1.5,-1.559097,0.60711,922,30,
1,1195,Overall,Overall,36,2,48,-3.0,-3.7108,1.114145,814,56,
1,1196,Overall,Overall,36,30,48,2.5,2.388481,0.357732,1119,18,
1,1197,Overall,Overall,36,19,48,0.5,0.809173,0.348357,1040,17,
1,1198,Overall,Overall,36,8,48,-1.5,-1.345296,0.532475,933,27,
1,1199,Overall,Overall,36,36,48,3.0,2.523975,0.38844,1126,19,
1,1200,Overall,Overall,36,35,48,3.0,2.882931,0.408954,1144,20,
1,1201,Overall,Overall,36,16,48,0.5,0.398901,0.367983,1020,18,
1,1202,Overall,Overall,36,33,48,3.0,2.639911,0.374483,1132,19,
1,1203,Overall,Overall,36,18,48,1.0,0.613529,0.352108,1031,18,
1,1204,Overall,Overall,36,10,48,-0.5,-1.09403,0.495876,945,25,
1,1205,Overall,Overall,36,11,48,0.0,0.14857,0.411531,1007,21,
1,1206,Overall,Overall,36,4,48,-2.0,-3.129939,0.969744,844,48,
1,1207,Overall,Overall,36,22,48,1.5,1.36162,0.344548,1068,17,
1,1208,Overall,Overall,36,33,48,3.0,2.874267,0.447005,1144,22,
1,1209,Overall,Overall,36,3,48,-1.5,-2.389031,0.782685,881,39,
1,1210,Overall,Overall,36,7,48,-0.5,-1.145694,0.53199,943,27,
1,1211,Overall,Overall,36,22,48,1.0,1.242253,0.316522,1062,16,
1,1212,Overall,Overall,36,10,48,-0.5,-0.777094,0.45828,961,23,
1,1213,Overall,Overall,36,6,48,-2.0,-1.810649,0.618627,909,31,
1,1214,Overall,Overall,36,4,48,-2.5,-2.903137,0.923172,855,46,
1,1215,Overall,Overall,36,3,48,-3.0,-2.752696,0.911319,862,46,
1,1216,Overall,Overall,36,29,48,2.5,2.294494,0.377096,1115,19,
1,1217,Overall,Overall,36,23,48,1.0,1.52754,0.346046,1076,17,
1,1218,Overall,Overall,36,10,48,-1.5,-1.007038,0.498043,950,25,
1,1219,Overall,Overall,36,2,48,-3.0,-4.489031,1.478915,776,74,
1,1220,Overall,Overall,36,26,48,1.5,1.53666,0.382324,1077,19,
1,1221,Overall,Overall,36,9,48,-1.0,-0.753415,0.45465,962,23,
1,1222,Overall,Overall,36,35,48,3.0,2.839261,0.409412,1142,20,
1,1223,Overall,Overall,36,20,48,0.5,0.981082,0.351109,1049,18,
1,1224,Overall,Overall,36,5,48,-2.5,-2.29712,0.695741,885,35,
1,1225,Overall,Overall,36,10,48,0.0,-0.949756,0.468005,953,23,
1,1226,Overall,Overall,36,28,48,2.0,1.806244,0.358411,1090,18,
1,1227,Overall,Overall,36,7,48,-1.0,-1.745298,0.605735,913,30,
1,1228,Overall,Overall,36,28,48,2.5,2.087296,0.351196,1104,18,
1,1229,Overall,Overall,36,7,48,-2.0,-1.82425,0.626204,909,31,
1,1230,Overall,Overall,36,22,48,2.0,1.412736,0.343664,1071,17,
1,1231,Overall,Overall,36,31,48,2.0,2.541939,0.380844,1127,19,
1,1232,Overall,Overall,36,20,48,1.0,0.871483,0.353428,1044,18,
1,1233,Overall,Overall,36,14,48,0.0,-0.010318,0.387833,999,19,
1,1234,Overall,Overall,36,4,48,-2.5,-2.014998,0.651161,899,33,
1,1235,Overall,Overall,36,3,48,-3.0,-3.874639,1.222606,806,61,
1,1236,Overall,Overall,36,8,48,-1.0,-1.106563,0.492591,945,25,
1,1237,Overall,Overall,36,8,48,-2.0,-1.35607,0.546583,932,27,
1,1238,Overall,Overall,36,4,48,-2.5,-2.157229,0.674882,892,34,
1,1239,Overall,Overall,36,3,48,-3.0,-2.888829,0.921094,856,46,
1,1240,Overall,Overall,36,31,48,2.5,2.395827,0.396535,1120,20,
1,1241,Overall,Overall,36,14,48,0.0,-0.085573,0.348474,996,17,
1,1242,Overall,Overall,36,20,48,1.0,0.96435,0.339834,1048,17,
1,1243,Overall,Overall,36,8,48,-2.0,-2.045079,0.654982,898,33,
1,1244,Overall,Overall,36,7,48,-1.0,-1.25527,0.542296,937,27,
1,1245,Overall,Overall,36,14,48,-0.5,0.421545,0.368648,1021,18,
1,1246,Overall,Overall,36,24,48,2.5,2.0665,0.35092,1103,18,
1,1247,Overall,Overall,36,29,48,1.5,2.084115,0.354095,1104,18,
1,1248,Overall,Overall,36,29,48,1.5,1.675722,0.33145,1084,17,
1,1249,Overall,Overall,36,8,48,-1.0,-0.867008,0.473711,957,24,
1,1250,Overall,Overall,36,17,48,0.5,0.420911,0.340147,1021,17,
1,1251,Overall,Overall,36,18,48,0.0,0.627791,0.389136,1031,19,
1,1252,Overall,Overall,36,0,48,-3.0,-5.0,1.718781,750,86,
1,1253,Overall,Overall,36,19,48,1.0,0.704747,0.365301,1035,18,
1,1254,Overall,Overall,36,28,48,2.0,2.236191,0.39559,1112,20,
1,1255,Overall,Overall,36,29,48,1.5,1.841355,0.354079,1092,18,
1,1256,Overall,Overall,36,5,48,-1.0,-2.646718,0.831578,868,42,
1,1257,Overall,Overall,36,17,48,0.5,0.521552,0.343815,1026,17,
1,1258,Overall,Overall,36,34,48,3.0,3.029633,0.450015,1151,23,
1,1259,Overall,Overall,36,17,48,0.5,0.354649,0.352479,1018,18,
1,1260,Overall,Overall,36,4,48,-2.5,-2.233581,0.713372,888,36,
1,1261,Overall,Overall,36,29,48,2.0,1.843274,0.347495,1092,17,
1,1262,Overall,Overall,36,17,48,1.0,0.481233,0.37072,1024,19,
1,1263,Overall,Overall,36,8,48,-1.0,-1.101203,0.48615,945,24,
1,1264,Overall,Overall,36,17,48,0.0,0.27586,0.387142,1014,19,
1,1265,Overall,Overall,36,5,48,-2.5,-2.539247,0.786571,873,39,
1,1266,Overall,Overall,36,2,48,-3.0,-3.80576,1.171405,810,59,
1,1267,Overall,Overall,36,6,48,-1.5,-1.549847,0.580316,923,29,
1,1268,Overall,Overall,36,27,48,2.5,2.04994,0.336007,1102,17,
1,1269,Overall,Overall,36,20,48,1.5,1.274555,0.359917,1064,18,
1,1270,Overall,Overall,36,19,48,1.0,0.694808,0.373358,1035,19,
1,1271,Overall,Overall,36,35,48,3.0,3.236607,0.429068,1162,21,
1,1272,Overall,Overall,36,22,48,1.5,1.216426,0.343612,1061,17,
1,1273,Overall,Overall,36,6,48,-2.0,-1.040659,0.48251,948,24,
1,1274,Overall,Overall,36,15,48,0.5,0.555703,0.375328,1028,19,
1,1275,Overall,Overall,36,3,48,-2.5,-3.327086,1.000108,834,50,
1,1276,Overall,Overall,36,9,48,-1.0,-0.794665,0.448209,960,22,
1,1277,Overall,Overall,36,31,48,3.0,2.576133,0.381385,1129,19,
1,1278,Overall,Overall,36,11,48,-1.0,-1.300447,0.517456,935,26,
1,1279,Overall,Overall,36,4,48,-1.5,-1.922346,0.686296,904,34,
1,1280,Overall,Overall,36,11,48,-1.0,-0.597609,0.43626,970,22,
1,1281,Overall,Overall,36,18,48,1.5,0.793618,0.348479,1040,17,
1,1282,Overall,Overall,36,2,48,-2.5,-4.406706,1.422357,780,71,
1,1283,Overall,Overall,36,39,48,3.0,3.488156,0.492841,1174,25,
1,1284,Overall,Overall,36,36,48,2.5,3.231693,0.46417,1162,23,
1,1285,Overall,Overall,36,13,48,-1.0,-0.795857,0.459683,960,23,
1,1286,Overall,Overall,36,3,48,-3.0,-2.940546,0.853456,853,43,
1,1287,Overall,Overall,36,34,48,3.0,2.627054,0.416664,1131,21,
1,1288,Overall,Overall,36,6,48,-3.0,-1.676568,0.570712,916,29,
1,1289,Overall,Overall,36,9,48,-1.0,-0.806369,0.465754,960,23,
1,1290,Overall,Overall,36,3,48,-3.0,-3.505622,1.060106,825,53,
1,1291,Overall,Overall,36,13,48,-0.5,0.030075,0.441055,1002,22,
1,1292,Overall,Overall,36,9,48,-0.5,-1.08827,0.463002,946,23,
1,1293,Overall,Overall,36,21,48,1.5,1.27047,0.379039,1064,19,
1,1294,Overall,Overall,36,6,48,-1.5,-1.663683,0.595154,917,30,
1,1295,Overall,Overall,36,35,48,3.0,3.091305,0.41947,1155,21,
1,1296,Overall,Overall,36,13,48,0.0,-0.24467,0.365243,988,18,
1,1297,Overall,Overall,36,30,48,2.5,2.341034,0.430533,1117,22,
1,1298,Overall,Overall,36,26,48,1.5,1.966816,0.343739,1098,17,
1,1299,Overall,Overall,36,2,48,-2.5,-3.360268,0.986298,832,49,
1,1300,Overall,Overall,36,3,48,-3.0,-3.138255,1.011008,843,51,
2,1,Overall,Overall,36,7,48,-1.5,-1.443997,0.48808,928,24,
2,2,Overall,Overall,36,2,48,-3.0,-3.57843,1.128526,821,56,
2,3,Overall,Overall,36,20,48,0.5,1.442324,0.354625,1072,18,
2,4,Overall,Overall,36,29,48,2.5,2.513041,0.367621,1126,18,
2,5,Overall,Overall,36,8,48,-1.5,-2.060924,0.634031,897,32,
2,6,Overall,Overall,36,6,48,-3.0,-1.990654,0.680508,900,34,
2,7,Overall,Overall,36,6,48,-2.5,-2.206536,0.740348,890,37,
2,8,Overall,Overall,36,7,48,-1.5,-1.055033,0.470037,947,24,
2,9,Overall,Overall,36,6,48,-1.0,-1.430314,0.555435,928,28,
2,10,Overall,Overall,36,20,48,1.0,1.041251,0.348087,1052,17,
2,11,Overall,Overall,36,27,48,2.0,1.642496,0.344376,1082,17,
2,12,Overall,Overall,36,15,48,0.0,0.412464,0.352495,1021,18,
2,13,Overall,Overall,36,12,48,0.0,-0.191076,0.398146,990,20,
2,14,Overall,Overall,36,21,48,1.0,1.340043,0.340535,1067,17,
2,15,Overall,Overall,36,8,48,-2.5,-1.084375,0.539907,946,27,
2,16,Overall,Overall,36,30,48,2.5,2.217939,0.387579,1111,19,
2,17,Overall,Overall,36,7,48,-2.0,-1.775629,0.617889,911,31,
2,18,Overall,Overall,36,34,48,3.0,3.170195,0.452902,1159,23,
2,19,Overall,Overall,36,16,48,0.5,0.261657,0.356559,1013,18,
2,20,Overall,Overall,36,6,48,-1.5,-1.595392,0.55874,920,28,
2,21,Overall,Overall,36,22,48,1.0,1.063751,0.356975,1053,18,
2,22,Overall,Overall,36,12,48,-1.5,-0.715262,0.468455,964,23,
2,23,Overall,Overall,36,6,48,-2.0,-1.610638,0.54823,919,27,
2,24,Overall,Overall,36,10,48,-1.5,-0.900615,0.468541,955,23,
2,25,Overall,Overall,36,24,48,2.0,1.717729,0.353687,1086,18,
2,26,Overall,Overall,36,12,48,-0.5,-0.499945,0.399625,975,20,
2,27,Overall,Overall,36,36,48,2.5,2.913125,0.449339,1146,22,
2,28,Overall,Overall,36,8,48,-0.5,-1.069688,0.507064,947,25,
2,29,Overall,Overall,36,7,48,-2.0,-1.606217,0.601474,920,30,
2,30,Overall,Overall,36,7,48,-2.5,-1.45308,0.579077,927,29,
2,31,Overall,Overall,36,22,48,1.5,1.397045,0.327717,1070,16,
2,32,Overall,Overall,36,4,48,-2.0,-2.354708,0.738903,882,37,
2,33,Overall,Overall,36,6,48,-2.0,-1.014783,0.533023,949,27,
2,34,Overall,Overall,36,15,48,0.0,-0.289228,0.394153,986,20,
2,35,Overall,Overall,36,11,48,-0.5,-0.394512,0.461272,980,23,
2,36,Overall,Overall,36,32,48,2.0,2.137125,0.342916,1107,17,
2,37,Overall,Overall,36,16,48,-0.5,-0.235725,0.410412,988,21,
2,38,Overall,Overall,36,10,48,-1.0,-1.176975,0.502166,941,25,
2,39,Overall,Overall,36,14,48,0.5,-0.118381,0.425299,994,21,
2,40,Overall,Overall,36,28,48,2.0,1.673886,0.349448,1084,17,
2,41,Overall,Overall,36,4,48,-3.0,-1.94421,0.627965,903,31,
2,42,Overall,Overall,36,30,48,2.5,2.266845,0.367931,1113,18,
2,43,Overall,Overall,36,8,48,-1.0,-0.915841,0.507593,954,25,
2,44,Overall,Overall,36,30,48,2.0,1.905945,0.334616,1095,17,
2,45,Overall,Overall,36,22,48,1.0,1.004958,0.346321,1050,17,
2,46,Overall,Overall,36,22,48,1.0,0.842661,0.339359,1042,17,
2,47,Overall,Overall,36,29,48,2.0,1.915166,0.349779,1096,17,
2,48,Overall,Overall,36,14,48,0.0,-0.473758,0.392656,976,20,
2,49,Overall,Overall,36,31,48,2.0,2.085253,0.364755,1104,18,
2,50,Overall,Overall,36,10,48,-1.0,-0.596968,0.434963,970,22,
2,51,Overall,Overall,36,12,48,-0.5,-0.171994,0.438322,991,22,
2,52,Overall,Overall,36,29,48,2.5,2.121111,0.362511,1106,18,
2,53,Overall,Overall,36,21,48,1.5,1.087814,0.344058,1054,17,
2,54,Overall,Overall,36,3,48,-3.0,-3.082766,0.920701,846,46,
2,55,Overall,Overall,36,25,48,2.5,1.714568,0.379155,1086,19,
2,56,Overall,Overall,36,22,48,0.5,1.137059,0.335939,1057,17,
2,57,Overall,Overall,36,6,48,-3.0,-1.929565,0.657888,904,33,
2,58,Overall,Overall,36,28,48,1.5,1.546109,0.35353,1077,18,
2,59,Overall,Overall,36,4,48,-2.0,-2.685937,0.821407,866,41,
2,60,Overall,Overall,36,13,48,0.5,-0.088385,0.361485,996,18,
2,61,Overall,Overall,36,10,48,-0.5,-0.652844,0.456679,967,23,
2,62,Overall,Overall,36,39,48,3.0,3.630183,0.516143,1182,26,
2,63,Overall,Overall,36,5,48,-1.0,-1.591054,0.608352,920,30,
2,64,Overall,Overall,36,30,48,2.0,2.141132,0.34935,1107,17,
2,65,Overall,Overall,36,16,48,0.5,0.372429,0.383029,1019,19,
2,66,Overall,Overall,36,4,48,-1.5,-2.571802,0.789437,871,39,
2,67,Overall,Overall,36,11,48,-0.5,-0.269617,0.413829,987,21,
2,68,Overall,Overall,36,7,48,0.0,-0.76197,0.438663,962,22,
2,69,Overall,Overall,36,0,48,-3.0,-5.0,1.988917,750,99,
2,70,Overall,Overall,36,3,48,-3.0,-2.967768,0.904823,852,45,
2,71,Overall,Overall,36,5,48,-3.0,-2.324002,0.717176,884,36,
2,72,Overall,Overall,36,10,48,-0.5,-0.620189,0.434715,969,22,
2,73,Overall,Overall,36,13,48,0.0,-0.459573,0.408799,977,20,
2,74,Overall,Overall,36,19,48,1.0,0.63394,0.350798,1032,18,
2,75,Overall,Overall,36,29,48,1.5,1.55576,0.348029,1078,17,
2,76,Overall,Overall,36,12,48,-1.0,-0.581629,0.43979,971,22,
2,77,Overall,Overall,36,4,48,-2.5,-2.284861,0.7267,886,36,
2,78,Overall,Overall,36,17,48,0.5,0.306274,0.367047,1015,18,
2,79,Overall,Overall,36,3,48,-2.5,-2.953178,0.872313,852,44,
2,80,Overall,Overall,36,7,48,-1.5,-1.677159,0.607582,916,30,
2,81,Overall,Overall,36,7,48,-1.5,-1.899556,0.661721,905,33,
2,82,Overall,Overall,36,18,48,0.0,0.650831,0.348454,1033,17,
2,83,Overall,Overall,36,35,48,3.0,3.521864,0.495971,1176,25,
2,84,Overall,Overall,36,29,48,2.5,2.381034,0.406065,1119,20,
2,85,Overall,Overall,36,5,48,-1.5,-1.936185,0.640989,903,32,
2,86,Overall,Overall,36,5,48,-3.0,-1.780324,0.613363,911,31,
2,87,Overall,Overall,36,25,48,0.5,0.77939,0.35305,1039,18,
2,88,Overall,Overall,36,9,48,-2.0,-1.596903,0.619824,920,31,
2,89,Overall,Overall,36,5,48,-2.0,-2.165452,0.684183,892,34,
2,90,Overall,Overall,36,24,48,1.5,1.504795,0.323117,1075,16,
2,91,Overall,Overall,36,5,48,-2.0,-1.997772,0.642982,900,32,
2,92,Overall,Overall,36,15,48,0.0,-0.192187,0.404765,990,20,
2,93,Overall,Overall,36,16,48,1.5,0.550272,0.37441,1028,19,
2,94,Overall,Overall,36,32,48,2.5,3.251063,0.433144,1163,22,
2,95,Overall,Overall,36,8,48,-1.5,-0.977125,0.467102,951,23,
2,96,Overall,Overall,36,13,48,0.0,0.07346,0.400323,1004,20,
2,97,Overall,Overall,36,20,48,0.5,0.680038,0.353973,1034,18,
2,98,Overall,Overall,36,5,48,-1.5,-2.237495,0.758619,888,38,
2,99,Overall,Overall,36,6,48,-1.5,-1.644154,0.566397,918,28,
2,100,Overall,Overall,36,18,48,1.0,0.845337,0.355158,1042,18,
2,101,Overall,Overall,36,23,48,1.0,1.027493,0.343691,1051,17,
2,102,Overall,Overall,36,17,48,0.0,0.53805,0.38919,1027,19,
2,103,Overall,Overall,36,30,48,2.0,2.331775,0.355677,1117,18,
2,104,Overall,Overall,36,30,48,2.5,2.200362,0.377498,1110,19,
2,105,Overall,Overall,36,35,48,2.5,2.69189,0.411985,1135,21,
2,106,Overall,Overall,36,26,48,2.0,1.3609,0.370169,1068,19,
2,107,Overall,Overall,36,26,48,1.5,1.807153,0.333699,1090,17,
2,108,Overall,Overall,36,16,48,0.0,-0.190996,0.391014,990,20,
2,109,Overall,Overall,36,9,48,-2.0,-0.860695,0.481131,957,24,
2,110,Overall,Overall,36,31,48,2.0,2.433803,0.387792,1122,19,
2,111,Overall,Overall,36,7,48,-1.0,-1.673325,0.58587,916,29,
2,112,Overall,Overall,36,3,48,-2.5,-2.868635,0.981283,857,49,
2,113,Overall,Overall,36,5,48,-1.0,-1.990391,0.713171,900,36,
2,114,Overall,Overall,36,15,48,0.0,0.153272,0.369178,1008,18,
2,115,Overall,Overall,36,11,48,-1.0,-1.155697,0.469871,942,23,
2,116,Overall,Overall,36,4,48,-3.0,-2.377789,0.797636,881,40,
2,117,Overall,Overall,36,30,48,2.5,2.425033,0.391007,1121,20,
2,118,Overall,Overall,36,1,48,-3.0,-5.0,1.756572,750,88,
2,119,Overall,Overall,36,5,48,-1.5,-2.004205,0.677905,900,34,
2,120,Overall,Overall,36,34,48,3.0,3.052896,0.480795,1153,24,
2,121,Overall,Overall,36,14,48,-0.5,-0.445674,0.385709,978,19,
2,122,Overall,Overall,36,18,48,1.5,0.975301,0.36763,1049,18,
2,123,Overall,Overall,36,11,48,-1.5,-0.505668,0.420925,975,21,
2,124,Overall,Overall,36,39,48,3.0,4.156792,0.573002,1208,29,
2,125,Overall,Overall,36,4,48,-2.5,-2.822726,0.854565,859,43,
2,126,Overall,Overall,36,31,48,1.5,1.955636,0.354099,1098,18,
2,127,Overall,Overall,36,17,48,0.5,0.393135,0.379706,1020,19,
2,128,Overall,Overall,36,22,48,0.5,0.68887,0.369204,1034,18,
2,129,Overall,Overall,36,5,48,-2.0,-1.857905,0.603728,907,30,
2,130,Overall,Overall,36,4,48,-1.5,-1.698793,0.612212,915,31,
2,131,Overall,Overall,36,11,48,-1.0,-0.591085,0.411886,970,21,
2,132,Overall,Overall,36,33,48,2.0,2.572762,0.431263,1129,22,
2,133,Overall,Overall,36,23,48,1.5,1.051205,0.318265,1053,16,
2,134,Overall,Overall,36,10,48,-0.5,-0.226622,0.390115,989,20,
2,135,Overall,Overall,36,4,48,-1.5,-2.673809,0.844235,866,42,
2,136,Overall,Overall,36,32,48,2.0,2.603939,0.400938,1130,20,
2,137,Overall,Overall,36,7,48,-2.5,-1.475699,0.562246,926,28,
2,138,Overall,Overall,36,19,48,0.0,0.276393,0.353772,1014,18,
2,139,Overall,Overall,36,29,48,2.5,2.206533,0.358123,1110,18,
2,140,Overall,Overall,36,1,48,-2.0,-5.0,1.794219,750,90,
2,141,Overall,Overall,36,6,48,-1.5,-1.874746,0.627891,906,31,
2,142,Overall,Overall,36,12,48,-1.0,-0.72864,0.432515,964,22,
2,143,Overall,Overall,36,20,48,1.0,1.029201,0.328127,1051,16,
2,144,Overall,Overall,36,23,48,1.0,0.902305,0.332955,1045,17,
2,145,Overall,Overall,36,21,48,1.5,1.301723,0.370233,1065,19,
2,146,Overall,Overall,36,39,48,3.0,3.65918,0.486437,1183,24,
2,147,Overall,Overall,36,5,48,-3.0,-2.919162,0.820817,854,41,
2,148,Overall,Overall,36,11,48,-0.5,-0.729634,0.476968,964,24,
2,149,Overall,Overall,36,40,48,3.0,3.577388,0.506643,1179,25,
2,150,Overall,Overall,36,37,48,3.0,2.851255,0.411867,1143,21,
2,151,Overall,Overall,36,23,48,0.5,0.817846,0.336251,1041,17,
2,152,Overall,Overall,36,4,48,-3.0,-3.108098,0.995634,845,50,
2,153,Overall,Overall,36,11,48,-1.0,-0.574972,0.441413,971,22,
2,154,Overall,Overall,36,6,48,-2.5,-2.457996,0.793193,877,40,
2,155,Overall,Overall,36,15,48,0.0,0.492659,0.363964,1025,18,
2,156,Overall,Overall,36,15,48,0.5,0.016414,0.386222,1001,19,
2,157,Overall,Overall,36,23,48,0.5,1.104054,0.348322,1055,17,
2,158,Overall,Overall,36,6,48,-2.5,-2.393087,0.707166,880,35,
2,159,Overall,Overall,36,35,48,2.5,3.07801,0.451166,1154,23,
2,160,Overall,Overall,36,30,48,1.0,2.062638,0.376834,1103,19,
2,161,Overall,Overall,36,3,48,-3.0,-3.816465,1.237048,809,62,
2,162,Overall,Overall,36,19,48,0.5,0.7559,0.333405,1038,17,
2,163,Overall,Overall,36,3,48,-2.5,-4.64433,1.476201,768,74,
2,164,Overall,Overall,36,7,48,-2.0,-2.062436,0.675951,897,34,
2,165,Overall,Overall,36,3,48,-2.5,-3.463963,1.085889,827,54,
2,166,Overall,Overall,36,30,48,2.5,2.332982,0.375037,1117,19,
2,167,Overall,Overall,36,35,48,3.0,3.24194,0.453892,1162,23,
2,168,Overall,Overall,36,19,48,1.0,0.589924,0.345048,1029,17,
2,169,Overall,Overall,36,8,48,-0.5,-1.413776,0.55134,929,28,
2,170,Overall,Overall,36,16,48,0.5,0.544634,0.365569,1027,18,
2,171,Overall,Overall,36,3,48,-3.0,-3.800106,1.087006,810,54,
2,172,Overall,Overall,36,6,48,-2.5,-2.232679,0.734245,888,37,
2,173,Overall,Overall,36,29,48,1.5,1.872139,0.348597,1094,17,
2,174,Overall,Overall,36,9,48,-1.0,-1.290339,0.523183,935,26,
2,175,Overall,Overall,36,20,48,1.0,1.035416,0.340164,1052,17,
2,176,Overall,Overall,36,11,48,-0.5,-0.295416,0.412113,985,21,
2,177,Overall,Overall,36,36,48,2.5,2.904025,0.42171,1145,21,
2,178,Overall,Overall,36,5,48,-2.0,-2.205078,0.666683,890,33,
2,179,Overall,Overall,36,35,48,2.5,3.021918,0.414788,1151,21,
2,180,Overall,Overall,36,5,48,-2.0,-1.914172,0.648258,904,32,
2,181,Overall,Overall,36,5,48,-1.5,-2.426244,0.777891,879,39,
2,182,Overall,Overall,36,35,48,2.5,2.953006,0.432876,1148,22,
2,183,Overall,Overall,36,5,48,-3.0,-2.10047,0.67795,895,34,
2,184,Overall,Overall,36,11,48,-0.5,-0.750311,0.426653,962,21,
2,185,Overall,Overall,36,4,48,-2.5,-2.936156,0.858707,853,43,
2,186,Overall,Overall,36,10,48,-1.5,-0.812688,0.488816,959,24,
2,187,Overall,Overall,36,10,48,0.0,-0.175564,0.388589,991,19,
2,188,Overall,Overall,36,22,48,0.0,0.972298,0.384538,1049,19,
2,189,Overall,Overall,36,3,48,-2.5,-2.872281,0.820393,856,41,
2,190,Overall,Overall,36,4,48,-1.5,-2.802479,0.919099,860,46,
2,191,Overall,Overall,36,5,48,-1.0,-1.633588,0.605061,918,30,
2,192,Overall,Overall,36,4,48,-3.0,-3.481832,1.053803,826,53,
2,193,Overall,Overall,36,32,48,3.0,2.999491,0.422597,1150,21,
2,194,Overall,Overall,36,19,48,1.5,0.785029,0.359054,1039,18,
2,195,Overall,Overall,36,11,48,-0.5,-0.435035,0.402349,978,20,
2,196,Overall,Overall,36,40,48,2.5,3.787345,0.563304,1189,28,
2,197,Overall,Overall,36,4,48,-0.5,-2.222637,0.734732,889,37,
2,198,Overall,Overall,36,36,48,3.0,3.156407,0.461802,1158,23,
2,199,Overall,Overall,36,11,48,0.0,-0.478679,0.435591,976,22,
2,200,Overall,Overall,36,33,48,2.5,2.391219,0.390884,1120,20,
2,201,Overall,Overall,36,7,48,-1.5,-1.739813,0.609364,913,30,
2,202,Overall,Overall,36,15,48,0.0,0.254371,0.344705,1013,17,
2,203,Overall,Overall,36,26,48,1.5,1.700626,0.33314,1085,17,
2,204,Overall,Overall,36,1,48,-3.0,-3.86758,1.195686,807,60,
2,205,Overall,Overall,36,15,48,0.0,0.193975,0.384729,1010,19,
2,206,Overall,Overall,36,3,48,-2.5,-3.333071,0.984854,833,49,
2,207,Overall,Overall,36,3,48,-3.0,-3.168848,1.010411,842,51,
2,208,Overall,Overall,36,15,48,0.0,0.462206,0.368838,1023,18,
2,209,Overall,Overall,36,16,48,-0.5,0.083657,0.385226,1004,19,
2,210,Overall,Overall,36,38,48,3.0,3.360993,0.484187,1168,24,
2,211,Overall,Overall,36,7,48,-3.0,-1.895886,0.628355,905,31,
2,212,Overall,Overall,36,14,48,0.0,0.161094,0.394815,1008,20,
2,213,Overall,Overall,36,4,48,-2.5,-3.018596,0.914248,849,46,
2,214,Overall,Overall,36,27,48,2.5,2.58094,0.410716,1129,21,
2,215,Overall,Overall,36,13,48,-0.5,-0.570252,0.440152,971,22,
2,216,Overall,Overall,36,9,48,-1.0,-0.683326,0.456187,966,23,
2,217,Overall,Overall,36,26,48,2.5,1.811671,0.325002,1091,16,
2,218,Overall,Overall,36,20,48,1.0,1.077494,0.358794,1054,18,
2,219,Overall,Overall,36,20,48,0.5,0.720472,0.346218,1036,17,
2,220,Overall,Overall,36,1,48,-2.5,-5.0,1.853108,750,93,
2,221,Overall,Overall,36,22,48,1.5,1.394444,0.339649,1070,17,
2,222,Overall,Overall,36,12,48,-1.0,-0.585625,0.408611,971,20,
2,223,Overall,Overall,36,6,48,-2.0,-2.093378,0.729193,895,36,
2,224,Overall,Overall,36,22,48,1.0,0.937104,0.352082,1047,18,
2,225,Overall,Overall,36,25,48,1.5,1.601925,0.364517,1080,18,
2,226,Overall,Overall,36,1,48,-3.0,-5.0,1.641914,750,82,
2,227,Overall,Overall,36,32,48,2.0,2.493249,0.405128,1125,20,
2,228,Overall,Overall,36,2,48,-2.0,-3.13381,0.982419,843,49,
2,229,Overall,Overall,36,6,48,-2.5,-1.719294,0.630451,914,32,
2,230,Overall,Overall,36,15,48,-0.5,0.166903,0.347104,1008,17,
2,231,Overall,Overall,36,18,48,2.0,1.337545,0.362503,1067,18,
2,232,Overall,Overall,36,27,48,1.5,1.500586,0.346208,1075,17,
2,233,Overall,Overall,36,8,48,-3.0,-1.558359,0.595046,922,30,
2,234,Overall,Overall,36,5,48,-2.5,-2.371147,0.725072,881,36,
2,235,Overall,Overall,36,21,48,0.5,0.616975,0.373566,1031,19,
2,236,Overall,Overall,36,13,48,0.0,-0.03413,0.383353,998,19,
2,237,Overall,Overall,36,21,48,1.5,0.978236,0.375327,1049,19,
2,238,Overall,Overall,36,21,48,1.5,0.990181,0.337661,1050,17,
2,239,Overall,Overall,36,35,48,2.0,3.014197,0.43392,1151,22,
2,240,Overall,Overall,36,5,48,-1.5,-2.176873,0.682327,891,34,
2,241,Overall,Overall,36,25,48,1.5,1.71162,0.36736,1086,18,
2,242,Overall,Overall,36,5,48,-1.5,-1.776121,0.606377,911,30,
2,243,Overall,Overall,36,15,48,0.0,0.422567,0.35519,1021,18,
2,244,Overall,Overall,36,7,48,-1.0,-1.083949,0.501511,946,25,
2,245,Overall,Overall,36,13,48,-1.0,-0.300836,0.41092,985,21,
2,246,Overall,Overall,36,6,48,-2.0,-2.4171,0.820909,879,41,
2,247,Overall,Overall,36,3,48,-2.5,-2.978617,0.926519,851,46,
2,248,Overall,Overall,36,19,48,1.0,0.810298,0.344705,1041,17,
2,249,Overall,Overall,36,28,48,2.0,2.414828,0.376424,1121,19,
2,250,Overall,Overall,36,26,48,2.0,1.638545,0.332065,1082,17,
2,251,Overall,Overall,36,35,48,2.5,2.751086,0.416668,1138,21,
2,252,Overall,Overall,36,28,48,2.5,2.163433,0.356963,1108,18,
2,253,Overall,Overall,36,34,48,3.0,3.08923,0.449751,1154,22,
2,254,Overall,Overall,36,33,48,2.5,2.715046,0.420329,1136,21,
2,255,Overall,Overall,36,22,48,1.0,0.992265,0.338188,1050,17,
2,256,Overall,Overall,36,28,48,2.0,1.756067,0.324518,1088,16,
2,257,Overall,Overall,36,18,48,1.0,0.763895,0.357258,1038,18,
2,258,Overall,Overall,36,9,48,-1.0,-1.038412,0.462417,948,23,
2,259,Overall,Overall,36,6,48,-2.0,-1.401644,0.580822,930,29,
2,260,Overall,Overall,36,4,48,-2.5,-3.049601,0.926917,848,46,
2,261,Overall,Overall,36,21,48,0.5,0.843233,0.356067,1042,18,
2,262,Overall,Overall,36,14,48,-0.5,-0.286331,0.409425,986,20,
2,263,Overall,Overall,36,4,48,-3.0,-2.862389,0.889268,857,44,
2,264,Overall,Overall,36,4,48,-1.5,-2.606653,0.791856,870,40,
2,265,Overall,Overall,36,34,48,2.0,2.399748,0.364209,1120,18,
2,266,Overall,Overall,36,3,48,-3.0,-2.855582,0.859363,857,43,
2,267,Overall,Overall,36,35,48,2.5,2.723766,0.40195,1136,20,
2,268,Overall,Overall,36,21,48,1.0,1.091712,0.357845,1055,18,
2,269,Overall,Overall,36,39,48,3.0,3.691574,0.521507,1185,26,
2,270,Overall,Overall,36,31,48,2.0,1.947095,0.357793,1097,18,
2,271,Overall,Overall,36,7,48,-2.5,-1.101272,0.482588,945,24,
2,272,Overall,Overall,36,29,48,2.0,1.816094,0.337405,1091,17,
2,273,Overall,Overall,36,4,48,-3.0,-2.876144,0.91634,856,46,
2,274,Overall,Overall,36,42,48,3.0,4.184455,0.634067,1209,32,
2,275,Overall,Overall,36,9,48,-1.0,-0.742784,0.453048,963,23,
2,276,Overall,Overall,36,35,48,2.5,3.241539,0.456196,1162,23,
2,277,Overall,Overall,36,34,48,2.5,2.712679,0.406124,1136,20,
2,278,Overall,Overall,36,35,48,3.0,3.184469,0.465157,1159,23,
2,279,Overall,Overall,36,19,48,0.0,0.098988,0.379194,1005,19,
2,280,Overall,Overall,36,3,48,-2.5,-3.275992,0.93751,836,47,
2,281,Overall,Overall,36,7,48,-1.5,-1.700398,0.5996,915,30,
2,282,Overall,Overall,36,16,48,1.5,0.865486,0.33718,1043,17,
2,283,Overall,Overall,36,4,48,-1.0,-2.425775,0.752623,879,38,
2,284,Overall,Overall,36,17,48,0.0,0.430288,0.391692,1022,20,
2,285,Overall,Overall,36,4,48,-2.5,-2.935503,0.923728,853,46,
2,286,Overall,Overall,36,8,48,-1.5,-1.045064,0.491919,948,25,
2,287,Overall,Overall,36,28,48,2.0,2.236999,0.373669,1112,19,
2,288,Overall,Overall,36,4,48,-2.5,-2.464108,0.741232,877,37,
2,289,Overall,Overall,36,29,48,2.0,1.960771,0.341179,1098,17,
2,290,Overall,Overall,36,32,48,3.0,2.338474,0.358038,1117,18,
2,291,Overall,Overall,36,35,48,2.5,1.983089,0.384704,1099,19,
2,292,Overall,Overall,36,4,48,-2.5,-2.479608,0.745186,876,37,
2,293,Overall,Overall,36,14,48,0.5,0.29115,0.369669,1015,18,
2,294,Overall,Overall,36,1,48,-3.0,-4.915158,1.679766,754,84,
2,295,Overall,Overall,36,29,48,2.0,2.162735,0.348957,1108,17,
2,296,Overall,Overall,36,4,48,-3.0,-3.308102,0.984606,835,49,
2,297,Overall,Overall,36,17,48,0.5,0.48442,0.341403,1024,17,
2,298,Overall,Overall,36,33,48,2.0,2.467883,0.386577,1123,19,
2,299,Overall,Overall,36,6,48,-3.0,-2.674481,0.838862,866,42,
2,300,Overall,Overall,36,32,48,3.0,2.757492,0.392149,1138,20,
2,301,Overall,Overall,36,9,48,-1.5,-1.099619,0.469544,945,23,
2,302,Overall,Overall,36,4,48,-2.0,-2.694495,0.807415,865,40,
2,303,Overall,Overall,36,23,48,1.5,1.214402,0.315248,1061,16,
2,304,Overall,Overall,36,4,48,-2.0,-2.846976,0.87849,858,44,
2,305,Overall,Overall,36,18,48,0.5,0.536783,0.33504,1027,17,
2,306,Overall,Overall,36,8,48,-2.0,-1.815745,0.667352,909,33,
2,307,Overall,Overall,36,15,48,0.5,0.252626,0.354496,1013,18,
2,308,Overall,Overall,36,32,48,3.0,2.596408,0.384824,1130,19,
2,309,Overall,Overall,36,6,48,-1.5,-1.916808,0.662389,904,33,
2,310,Overall,Overall,36,3,48,-2.5,-2.545474,0.805792,873,40,
2,311,Overall,Overall,36,2,48,-2.5,-4.640712,1.526166,768,76,
2,312,Overall,Overall,36,26,48,2.0,1.412951,0.358716,1071,18,
2,313,Overall,Overall,36,34,48,3.0,2.375267,0.374801,1119,19,
2,314,Overall,Overall,36,22,48,1.5,1.249579,0.341377,1062,17,
2,315,Overall,Overall,36,13,48,1.0,0.344444,0.357549,1017,18,
2,316,Overall,Overall,36,19,48,1.0,1.090127,0.372604,1055,19,
2,317,Overall,Overall,36,17,48,1.0,0.923668,0.334323,1046,17,
2,318,Overall,Overall,36,18,48,1.0,0.552239,0.418133,1028,21,
2,319,Overall,Overall,36,9,48,-0.5,-0.910882,0.447609,954,22,
2,320,Overall,Overall,36,19,48,0.5,1.074948,0.345747,1054,17,
2,321,Overall,Overall,36,8,48,-1.5,-1.805188,0.608275,910,30,
2,322,Overall,Overall,36,5,48,-3.0,-2.294636,0.828704,885,41,
2,323,Overall,Overall,36,32,48,2.0,2.130373,0.346569,1107,17,
2,324,Overall,Overall,36,21,48,0.5,0.376956,0.349538,1019,17,
2,325,Overall,Overall,36,9,48,-1.5,-0.586177,0.445391,971,22,
2,326,Overall,Overall,36,5,48,-2.0,-2.793265,0.889508,860,44,
2,327,Overall,Overall,36,37,48,3.0,3.477712,0.499582,1174,25,
2,328,Overall,Overall,36,13,48,0.5,0.301631,0.369286,1015,18,
2,329,Overall,Overall,36,27,48,3.0,2.491808,0.383646,1125,19,
2,330,Overall,Overall,36,9,48,0.0,-0.423788,0.451328,979,23,
2,331,Overall,Overall,36,7,48,-2.5,-1.552344,0.569934,922,28,
2,332,Overall,Overall,36,27,48,1.5,1.764614,0.372963,1088,19,
2,333,Overall,Overall,36,40,48,2.5,3.515471,0.501993,1176,25,
2,334,Overall,Overall,36,9,48,-0.5,-0.644605,0.455121,968,23,
2,335,Overall,Overall,36,19,48,1.0,0.806606,0.345031,1040,17,
2,336,Overall,Overall,36,19,48,1.0,1.308067,0.395042,1065,20,
2,337,Overall,Overall,36,17,48,0.5,0.233737,0.384286,1012,19,
2,338,Overall,Overall,36,14,48,0.5,0.341743,0.405525,1017,20,
2,339,Overall,Overall,36,4,48,-2.5,-1.872767,0.663512,906,33,
2,340,Overall,Overall,36,3,48,-3.0,-3.397863,1.027268,830,51,
2,341,Overall,Overall,36,16,48,0.5,0.443778,0.361521,1022,18,
2,342,Overall,Overall,36,29,48,2.0,2.342292,0.381962,1117,19,
2,343,Overall,Overall,36,18,48,0.5,0.619865,0.348739,1031,17,
2,344,Overall,Overall,36,9,48,-1.0,-0.816471,0.452148,959,23,
2,345,Overall,Overall,36,3,48,-2.5,-3.11777,0.884379,844,44,
2,346,Overall,Overall,36,4,48,-3.0,-3.147313,0.966478,843,48,
2,347,Overall,Overall,36,34,48,3.0,2.771465,0.406879,1139,20,
2,348,Overall,Overall,36,27,48,1.5,1.950619,0.35155,1098,18,
2,349,Overall,Overall,36,11,48,-1.0,-0.961932,0.447653,952,22,
2,350,Overall,Overall,36,1,48,-3.0,-4.420063,1.390626,779,70,
2,351,Overall,Overall,36,6,48,-1.5,-1.652581,0.630426,917,32,
2,352,Overall,Overall,36,14,48,-0.5,-0.474932,0.420926,976,21,
2,353,Overall,Overall,36,6,48,-3.0,-2.017943,0.628665,899,31,
2,354,Overall,Overall,36,11,48,-0.5,-0.356761,0.421989,982,21,
2,355,Overall,Overall,36,24,48,1.5,1.796768,0.32723,1090,16,
2,356,Overall,Overall,36,11,48,-0.5,-0.564669,0.436823,972,22,
2,357,Overall,Overall,36,17,48,0.0,0.299422,0.345473,1015,17,
2,358,Overall,Overall,36,14,48,0.5,-0.035271,0.376966,998,19,
2,359,Overall,Overall,36,4,48,-3.0,-2.70939,0.827434,865,41,
2,360,Overall,Overall,36,22,48,1.5,1.331243,0.328263,1067,16,
2,361,Overall,Overall,36,5,48,-2.0,-2.276278,0.718836,886,36,
2,362,Overall,Overall,36,36,48,3.0,3.322326,0.444394,1166,22,
2,363,Overall,Overall,36,8,48,-0.5,-0.983135,0.456104,951,23,
2,364,Overall,Overall,36,2,48,-3.0,-3.483931,1.110544,826,56,
2,365,Overall,Overall,36,26,48,1.5,2.038165,0.348967,1102,17,
2,366,Overall,Overall,36,11,48,0.0,-0.672637,0.493475,966,25,
2,367,Overall,Overall,36,31,48,2.0,2.461888,0.378025,1123,19,
2,368,Overall,Overall,36,30,48,2.5,1.955717,0.342015,1098,17,
2,369,Overall,Overall,36,4,48,-3.0,-2.224868,0.712713,889,36,
2,370,Overall,Overall,36,11,48,-0.5,-0.183934,0.382205,991,19,
2,371,Overall,Overall,36,26,48,2.0,1.998248,0.390851,1100,20,
2,372,Overall,Overall,36,8,48,-2.0,-0.92258,0.487191,954,24,
2,373,Overall,Overall,36,25,48,1.5,1.631023,0.342496,1082,17,
2,374,Overall,Overall,36,24,48,1.5,1.340389,0.330566,1067,17,
2,375,Overall,Overall,36,36,48,2.5,3.106919,0.426503,1155,21,
2,376,Overall,Overall,36,4,48,-2.5,-2.332627,0.731708,883,37,
2,377,Overall,Overall,36,8,48,-2.0,-1.294932,0.50893,935,25,
2,378,Overall,Overall,36,15,48,0.5,0.488042,0.362614,1024,18,
2,379,Overall,Overall,36,11,48,-0.5,-0.550956,0.436586,972,22,
2,380,Overall,Overall,36,5,48,-2.0,-2.750403,0.883602,862,44,
2,381,Overall,Overall,36,4,48,-2.0,-2.953418,0.893149,852,45,
2,382,Overall,Overall,36,31,48,2.5,2.316458,0.380215,1116,19,
2,383,Overall,Overall,36,34,48,3.0,2.900511,0.415906,1145,21,
2,384,Overall,Overall,36,6,48,-2.5,-1.929228,0.633978,904,32,
2,385,Overall,Overall,36,20,48,0.5,0.78387,0.320924,1039,16,
2,386,Overall,Overall,36,3,48,-3.0,-3.606318,1.065594,820,53,
2,387,Overall,Overall,36,7,48,-1.0,-1.08839,0.490344,946,25,
2,388,Overall,Overall,36,4,48,-1.5,-2.628958,0.839467,869,42,
2,389,Overall,Overall,36,9,48,-1.0,-0.885997,0.495299,956,25,
2,390,Overall,Overall,36,37,48,2.5,2.652387,0.393202,1133,20,
2,391,Overall,Overall,36,22,48,1.0,1.165617,0.375997,1058,19,
2,392,Overall,Overall,36,8,48,-1.5,-1.187962,0.535116,941,27,
2,393,Overall,Overall,36,31,48,2.0,2.168151,0.355871,1108,18,
2,394,Overall,Overall,36,4,48,-2.0,-2.591867,0.807564,870,40,
2,395,Overall,Overall,36,26,48,1.5,1.710888,0.323115,1086,16,
2,396,Overall,Overall,36,29,48,2.0,1.767889,0.34481,1088,17,
2,397,Overall,Overall,36,9,48,-1.0,-1.192304,0.500728,940,25,
2,398,Overall,Overall,36,33,48,2.5,2.608522,0.38645,1130,19,
2,399,Overall,Overall,36,6,48,-1.0,-1.619578,0.623976,919,31,
2,400,Overall,Overall,36,12,48,0.0,-0.23574,0.383405,988,19,
2,401,Overall,Overall,36,12,48,-0.5,-0.463052,0.438859,977,22,
2,402,Overall,Overall,36,10,48,-1.5,-1.149425,0.497365,943,25,
2,403,Overall,Overall,36,39,48,3.0,3.489092,0.480279,1174,24,
2,404,Overall,Overall,36,16,48,0.5,0.480565,0.344513,1024,17,
2,405,Overall,Overall,36,19,48,0.5,0.883865,0.348452,1044,17,
2,406,Overall,Overall,36,8,48,-1.5,-1.218122,0.508132,939,25,
2,407,Overall,Overall,36,23,48,1.5,1.551655,0.331938,1078,17,
2,408,Overall,Overall,36,25,48,1.5,1.3947,0.368238,1070,18,
2,409,Overall,Overall,36,10,48,-1.0,-1.200574,0.486683,940,24,
2,410,Overall,Overall,36,33,48,3.0,2.75464,0.403176,1138,20,
2,411,Overall,Overall,36,38,48,3.0,3.543815,0.506134,1177,25,
2,412,Overall,Overall,36,40,48,3.0,3.627495,0.542436,1181,27,
2,413,Overall,Overall,36,10,48,-1.0,-0.793766,0.433553,960,22,
2,414,Overall,Overall,36,3,48,-3.0,-4.280846,1.353707,786,68,
2,415,Overall,Overall,36,17,48,0.0,0.598084,0.346506,1030,17,
2,416,Overall,Overall,36,29,48,2.0,1.972888,0.365913,1099,18,
2,417,Overall,Overall,36,16,48,-0.5,-0.220712,0.380491,989,19,
2,418,Overall,Overall,36,33,48,2.5,2.949467,0.427974,1147,21,
2,419,Overall,Overall,36,8,48,-1.5,-0.729108,0.443635,964,22,
2,420,Overall,Overall,36,8,48,0.0,-0.422748,0.414737,979,21,
2,421,Overall,Overall,36,30,48,1.5,1.635082,0.319401,1082,16,
2,422,Overall,Overall,36,7,48,-2.0,-1.65174,0.588507,917,29,
2,423,Overall,Overall,36,8,48,-2.0,-1.452148,0.560327,927,28,
2,424,Overall,Overall,36,15,48,1.0,0.810712,0.369781,1041,18,
2,425,Overall,Overall,36,11,48,-0.5,-0.726302,0.443178,964,22,
2,426,Overall,Overall,36,35,48,3.0,2.936809,0.420088,1147,21,
2,427,Overall,Overall,36,4,48,-2.0,-2.440391,0.809968,878,40,
2,428,Overall,Overall,36,9,48,-3.0,-1.892871,0.628576,905,31,
2,429,Overall,Overall,36,8,48,-1.5,-0.966501,0.521412,952,26,
2,430,Overall,Overall,36,35,48,3.0,2.999738,0.455658,1150,23,
2,431,Overall,Overall,36,23,48,2.0,1.563489,0.333856,1078,17,
2,432,Overall,Overall,36,7,48,-2.0,-1.493339,0.559786,925,28,
2,433,Overall,Overall,36,8,48,-1.0,-1.084492,0.519709,946,26,
2,434,Overall,Overall,36,13,48,-1.0,-0.346364,0.391222,983,20,
2,435,Overall,Overall,36,7,48,-1.5,-1.28914,0.569144,936,28,
2,436,Overall,Overall,36,7,48,-1.5,-1.26132,0.521204,937,26,
2,437,Overall,Overall,36,6,48,-1.0,-2.219821,0.665337,889,33,
2,438,Overall,Overall,36,24,48,1.5,1.871593,0.346895,1094,17,
2,439,Overall,Overall,36,13,48,0.5,0.15851,0.391351,1008,20,
2,440,Overall,Overall,36,27,48,1.5,1.711859,0.357008,1086,18,
2,441,Overall,Overall,36,15,48,0.0,-0.136937,0.384622,993,19,
2,442,Overall,Overall,36,8,48,-1.5,-0.821787,0.468468,959,23,
2,443,Overall,Overall,36,35,48,2.0,2.632026,0.377053,1132,19,
2,444,Overall,Overall,36,21,48,1.5,0.918519,0.366815,1046,18,
2,445,Overall,Overall,36,29,48,2.5,2.119612,0.351768,1106,18,
2,446,Overall,Overall,36,39,48,3.0,3.464159,0.492363,1173,25,
2,447,Overall,Overall,36,34,48,3.0,2.813139,0.394822,1141,20,
2,448,Overall,Overall,36,35,48,2.0,2.091163,0.35673,1105,18,
2,449,Overall,Overall,36,21,48,0.5,0.426732,0.351976,1021,18,
2,450,Overall,Overall,36,8,48,-1.0,-1.322185,0.506812,934,25,
2,451,Overall,Overall,36,9,48,-0.5,-0.666491,0.459009,967,23,
2,452,Overall,Overall,36,13,48,-1.0,-0.221037,0.368823,989,18,
2,453,Overall,Overall,36,8,48,-1.5,-0.91113,0.495312,954,25,
2,454,Overall,Overall,36,8,48,-1.0,-0.905964,0.491379,955,25,
2,455,Overall,Overall,36,11,48,-1.0,-1.100381,0.52648,945,26,
2,456,Overall,Overall,36,2,48,-2.5,-4.292,1.315545,785,66,
2,457,Overall,Overall,36,35,48,2.5,2.800898,0.388834,1140,19,
2,458,Overall,Overall,36,21,48,1.5,1.210184,0.349604,1061,17,
2,459,Overall,Overall,36,30,48,2.5,2.239731,0.351399,1112,18,
2,460,Overall,Overall,36,12,48,0.0,-0.296615,0.391225,985,20,
2,461,Overall,Overall,36,38,48,3.0,2.950948,0.418987,1148,21,
2,462,Overall,Overall,36,19,48,1.5,0.870923,0.36473,1044,18,
2,463,Overall,Overall,36,8,48,-1.0,-1.263948,0.50807,937,25,
2,464,Overall,Overall,36,35,48,3.0,2.65912,0.391907,1133,20,
2,465,Overall,Overall,36,6,48,-1.5,-3.057946,0.905851,847,45,
2,466,Overall,Overall,36,20,48,2.0,1.343004,0.34341,1067,17,
2,467,Overall,Overall,36,15,48,0.5,-0.2428,0.424165,988,21,
2,468,Overall,Overall,36,11,48,-1.5,-0.792441,0.441445,960,22,
2,469,Overall,Overall,36,35,48,3.0,3.185674,0.449485,1159,22,
2,470,Overall,Overall,36,32,48,2.5,2.244841,0.348428,1112,17,
2,471,Overall,Overall,36,15,48,0.5,0.028279,0.373445,1001,19,
2,472,Overall,Overall,36,5,48,-2.5,-2.437399,0.755794,878,38,
2,473,Overall,Overall,36,14,48,0.0,-0.188359,0.418081,991,21,
2,474,Overall,Overall,36,17,48,1.0,0.791695,0.346718,1040,17,
2,475,Overall,Overall,36,27,48,2.0,1.913813,0.35619,1096,18,
2,476,Overall,Overall,36,6,48,-1.5,-1.636725,0.57339,918,29,
2,477,Overall,Overall,36,6,48,-1.5,-1.32193,0.577965,934,29,
2,478,Overall,Overall,36,24,48,1.0,1.111883,0.36311,1056,18,
2,479,Overall,Overall,36,9,48,-1.5,-0.969021,0.489622,952,24,
2,480,Overall,Overall,36,18,48,0.5,0.642508,0.335073,1032,17,
2,481,Overall,Overall,36,27,48,2.5,2.241499,0.360234,1112,18,
2,482,Overall,Overall,36,19,48,0.5,1.124619,0.332693,1056,17,
2,483,Overall,Overall,36,29,48,2.0,2.088665,0.364744,1104,18,
2,484,Overall,Overall,36,33,48,2.5,2.171362,0.385673,1109,19,
2,485,Overall,Overall,36,32,48,2.5,2.640296,0.380058,1132,19,
2,486,Overall,Overall,36,40,48,3.0,3.673731,0.529551,1184,26,
2,487,Overall,Overall,36,6,48,-2.5,-1.825582,0.627518,909,31,
2,488,Overall,Overall,36,4,48,-2.5,-2.953756,0.864235,852,43,
2,489,Overall,Overall,36,9,48,-1.5,-1.3215,0.530715,934,27,
2,490,Overall,Overall,36,37,48,3.0,3.683921,0.517063,1184,26,
2,491,Overall,Overall,36,35,48,2.5,2.916549,0.411115,1146,21,
2,492,Overall,Overall,36,4,48,-2.5,-2.566033,0.756578,872,38,
2,493,Overall,Overall,36,7,48,-0.5,-1.293373,0.527205,935,26,
2,494,Overall,Overall,36,3,48,-3.0,-2.999571,0.887145,850,44,
2,495,Overall,Overall,36,33,48,2.0,2.21102,0.352087,1111,18,
2,496,Overall,Overall,36,34,48,2.5,2.647314,0.404164,1132,20,
2,497,Overall,Overall,36,31,48,3.0,2.735278,0.405531,1137,20,
2,498,Overall,Overall,36,10,48,-1.5,-1.636249,0.569342,918,28,
2,499,Overall,Overall,36,22,48,1.0,1.148558,0.348837,1057,17,
2,500,Overall,Overall,36,5,48,-3.0,-2.134658,0.711433,893,36,
2,501,Overall,Overall,36,21,48,1.0,1.122278,0.336119,1056,17,
2,502,Overall,Overall,36,4,48,-3.0,-2.688584,0.835269,866,42,
2,503,Overall,Overall,36,9,48,-1.0,-1.203403,0.532311,940,27,
2,504,Overall,Overall,36,6,48,-1.0,-1.94076,0.671959,903,34,
2,505,Overall,Overall,36,3,48,-2.0,-4.055601,1.222549,797,61,
2,506,Overall,Overall,36,3,48,-2.0,-3.048558,0.994763,848,50,
2,507,Overall,Overall,36,21,48,0.0,0.395109,0.340923,1020,17,
2,508,Overall,Overall,36,6,48,-2.5,-1.716626,0.654228,914,33,
2,509,Overall,Overall,36,26,48,1.0,1.283378,0.330315,1064,17,
2,510,Overall,Overall,36,11,48,-0.5,-0.465024,0.46113,977,23,
2,511,Overall,Overall,36,8,48,-0.5,-1.105812,0.525198,945,26,
2,512,Overall,Overall,36,3,48,-3.0,-2.371981,0.805872,881,40,
2,513,Overall,Overall,36,4,48,-2.5,-2.771202,0.816828,861,41,
2,514,Overall,Overall,36,3,48,-2.5,-3.789939,1.238606,811,62,
2,515,Overall,Overall,36,4,48,-3.0,-2.456379,0.764976,877,38,
2,516,Overall,Overall,36,12,48,-1.0,-0.915239,0.482821,954,24,
2,517,Overall,Overall,36,4,48,-2.0,-2.872505,0.840879,856,42,
2,518,Overall,Overall,36,5,48,-3.0,-2.096312,0.736809,895,37,
2,519,Overall,Overall,36,21,48,1.5,1.084102,0.353727,1054,18,
2,520,Overall,Overall,36,15,48,1.0,0.388354,0.343291,1019,17,
2,521,Overall,Overall,36,4,48,-2.0,-2.433702,0.778197,878,39,
2,522,Overall,Overall,36,4,48,-2.0,-2.409363,0.757026,880,38,
2,523,Overall,Overall,36,31,48,2.5,2.376563,0.366466,1119,18,
2,524,Overall,Overall,36,6,48,-1.5,-2.36894,0.723422,882,36,
2,525,Overall,Overall,36,7,48,-2.0,-2.379362,0.8058,881,40,
2,526,Overall,Overall,36,19,48,0.5,0.61814,0.355316,1031,18,
2,527,Overall,Overall,36,27,48,2.5,2.295724,0.387877,1115,19,
2,528,Overall,Overall,36,28,48,1.5,1.52975,0.368117,1076,18,
2,529,Overall,Overall,36,37,48,3.0,3.114811,0.463514,1156,23,
2,530,Overall,Overall,36,5,48,-1.0,-1.916028,0.621242,904,31,
2,531,Overall,Overall,36,16,48,0.5,0.317949,0.365562,1016,18,
2,532,Overall,Overall,36,22,48,1.5,1.493706,0.330136,1075,17,
2,533,Overall,Overall,36,17,48,-0.5,0.116883,0.421673,1006,21,
2,534,Overall,Overall,36,32,48,2.0,2.198844,0.348598,1110,17,
2,535,Overall,Overall,36,13,48,-0.5,-0.383818,0.384941,981,19,
2,536,Overall,Overall,36,28,48,2.5,2.165335,0.373745,1108,19,
2,537,Overall,Overall,36,14,48,0.0,0.119854,0.365194,1006,18,
2,538,Overall,Overall,36,23,48,1.0,1.348861,0.376537,1067,19,
2,539,Overall,Overall,36,9,48,0.0,-0.911136,0.450923,954,23,
2,540,Overall,Overall,36,14,48,0.0,-0.297662,0.422567,985,21,
2,541,Overall,Overall,36,4,48,-2.0,-2.766817,0.822984,862,41,
2,542,Overall,Overall,36,6,48,-2.0,-1.541013,0.618685,923,31,
2,543,Overall,Overall,36,2,48,-3.0,-3.897364,1.225768,805,61,
2,544,Overall,Overall,36,10,48,0.0,-0.797192,0.47915,960,24,
2,545,Overall,Overall,36,7,48,-2.5,-1.656002,0.602244,917,30,
2,546,Overall,Overall,36,6,48,-3.0,-1.812697,0.624765,909,31,
2,547,Overall,Overall,36,26,48,1.5,1.510386,0.360317,1076,18,
2,548,Overall,Overall,36,4,48,-3.0,-3.109548,0.961387,845,48,
2,549,Overall,Overall,36,4,48,-2.5,-2.438913,0.745872,878,37,
2,550,Overall,Overall,36,5,48,-1.5,-2.131189,0.724751,893,36,
2,551,Overall,Overall,36,38,48,3.0,3.199736,0.474415,1160,24,
2,552,Overall,Overall,36,22,48,1.5,1.323496,0.395935,1066,20,
2,553,Overall,Overall,36,9,48,-1.0,-1.093876,0.507543,945,25,
2,554,Overall,Overall,36,6,48,-1.5,-1.458614,0.598034,927,30,
2,555,Overall,Overall,36,2,48,-3.0,-4.178109,1.419657,791,71,
2,556,Overall,Overall,36,5,48,-2.5,-1.809268,0.596487,910,30,
2,557,Overall,Overall,36,30,48,2.0,2.458654,0.382953,1123,19,
2,558,Overall,Overall,36,19,48,1.0,0.725188,0.338163,1036,17,
2,559,Overall,Overall,36,31,48,2.5,2.754178,0.42283,1138,21,
2,560,Overall,Overall,36,22,48,1.0,1.086537,0.330688,1054,17,
2,561,Overall,Overall,36,36,48,3.0,3.470785,0.494737,1174,25,
2,562,Overall,Overall,36,9,48,-0.5,-0.619356,0.465084,969,23,
2,563,Overall,Overall,36,27,48,2.5,1.820168,0.371835,1091,19,
2,564,Overall,Overall,36,3,48,-2.0,-2.690702,0.823432,865,41,
2,565,Overall,Overall,36,6,48,-2.0,-2.139935,0.675733,893,34,
2,566,Overall,Overall,36,34,48,2.5,2.97321,0.401902,1149,20,
2,567,Overall,Overall,36,31,48,2.5,2.373793,0.364434,1119,18,
2,568,Overall,Overall,36,4,48,-2.5,-2.471299,0.747253,876,37,
2,569,Overall,Overall,36,4,48,-1.5,-2.536279,0.833474,873,42,
2,570,Overall,Overall,36,17,48,0.5,0.522831,0.35747,1026,18,
2,571,Overall,Overall,36,39,48,3.0,3.565286,0.508196,1178,25,
2,572,Overall,Overall,36,10,48,-1.0,-0.974537,0.472935,951,24,
2,573,Overall,Overall,36,12,48,0.0,-0.117495,0.380294,994,19,
2,574,Overall,Overall,36,34,48,3.0,3.124323,0.464105,1156,23,
2,575,Overall,Overall,36,32,48,2.0,1.821787,0.355131,1091,18,
2,576,Overall,Overall,36,21,48,0.5,0.848064,0.332978,1042,17,
2,577,Overall,Overall,36,4,48,-2.0,-2.785815,0.844981,861,42,
2,578,Overall,Overall,36,7,48,-1.5,-1.575275,0.578015,921,29,
2,579,Overall,Overall,36,14,48,0.5,0.318191,0.36715,1016,18,
2,580,Overall,Overall,36,21,48,1.0,1.016085,0.341973,1051,17,
2,581,Overall,Overall,36,31,48,2.0,1.971154,0.358519,1099,18,
2,582,Overall,Overall,36,1,48,-3.0,-5.0,1.887742,750,94,
2,583,Overall,Overall,36,8,48,-2.0,-1.846157,0.626792,908,31,
2,584,Overall,Overall,36,10,48,-1.0,-1.000712,0.469584,950,23,
2,585,Overall,Overall,36,6,48,-1.5,-1.979857,0.663854,901,33,
2,586,Overall,Overall,36,7,48,-2.5,-1.599281,0.579149,920,29,
2,587,Overall,Overall,36,11,48,-0.5,-0.16603,0.406194,992,20,
2,588,Overall,Overall,36,12,48,-1.0,-0.850651,0.463434,957,23,
2,589,Overall,Overall,36,19,48,0.5,0.908736,0.324544,1045,16,
2,590,Overall,Overall,36,19,48,1.0,0.76474,0.36099,1038,18,
2,591,Overall,Overall,36,26,48,1.0,1.486958,0.311669,1074,16,
2,592,Overall,Overall,36,16,48,0.5,0.477693,0.356474,1024,18,
2,593,Overall,Overall,36,24,48,1.5,1.626822,0.335957,1081,17,
2,594,Overall,Overall,36,16,48,0.0,-0.022827,0.376303,999,19,
2,595,Overall,Overall,36,2,48,-2.0,-4.24906,1.319866,788,66,
2,596,Overall,Overall,36,4,48,-2.0,-3.492971,1.095983,825,55,
2,597,Overall,Overall,36,3,48,-3.0,-3.217025,0.98143,839,49,
2,598,Overall,Overall,36,32,48,1.5,2.011008,0.361815,1101,18,
2,599,Overall,Overall,36,9,48,-1.0,-1.441455,0.58311,928,29,
2,600,Overall,Overall,36,13,48,0.5,-0.061772,0.381554,997,19,
2,601,Overall,Overall,36,23,48,1.5,1.178459,0.325486,1059,16,
2,602,Overall,Overall,36,7,48,-0.5,-1.322399,0.55587,934,28,
2,603,Overall,Overall,36,18,48,1.0,0.82512,0.356932,1041,18,
2,604,Overall,Overall,36,32,48,2.5,2.287812,0.386642,1114,19,
2,605,Overall,Overall,36,37,48,3.0,3.665625,0.515654,1183,26,
2,606,Overall,Overall,36,2,48,-2.5,-4.009754,1.282429,800,64,
2,607,Overall,Overall,36,14,48,-0.5,-0.167617,0.382907,992,19,
2,608,Overall,Overall,36,32,48,2.0,2.62738,0.395203,1131,20,
2,609,Overall,Overall,36,19,48,-0.5,0.337892,0.36772,1017,18,
2,610,Overall,Overall,36,5,48,-1.0,-2.251266,0.712484,887,36,
2,611,Overall,Overall,36,4,48,-3.0,-3.344227,1.083614,833,54,
2,612,Overall,Overall,36,18,48,1.0,0.50925,0.340246,1025,17,
2,613,Overall,Overall,36,33,48,3.0,3.306192,0.455381,1165,23,
2,614,Overall,Overall,36,36,48,3.0,2.782568,0.391189,1139,20,
2,615,Overall,Overall,36,18,48,0.5,0.481417,0.36342,1024,18,
2,616,Overall,Overall,36,21,48,1.5,1.485873,0.3393,1074,17,
2,617,Overall,Overall,36,33,48,2.5,2.338176,0.412079,1117,21,
2,618,Overall,Overall,36,21,48,1.0,0.641654,0.33892,1032,17,
2,619,Overall,Overall,36,2,48,-3.0,-3.805925,1.250586,810,63,
2,620,Overall,Overall,36,16,48,1.0,0.270696,0.354701,1014,18,
2,621,Overall,Overall,36,17,48,1.0,1.202275,0.368898,1060,18,
2,622,Overall,Overall,36,10,48,-0.5,-0.61836,0.39795,969,20,
2,623,Overall,Overall,36,34,48,2.5,2.424055,0.401514,1121,20,
2,624,Overall,Overall,36,7,48,-2.5,-1.819219,0.631087,909,32,
2,625,Overall,Overall,36,17,48,0.5,0.372637,0.364349,1019,18,
2,626,Overall,Overall,36,30,48,2.5,2.497161,0.39135,1125,20,
2,627,Overall,Overall,36,4,48,-2.5,-2.677721,0.838784,866,42,
2,628,Overall,Overall,36,6,48,-2.0,-1.238031,0.512202,938,26,
2,629,Overall,Overall,36,12,48,-1.0,-0.437875,0.408066,978,20,
2,630,Overall,Overall,36,12,48,-0.5,-0.035478,0.402996,998,20,
2,631,Overall,Overall,36,6,48,-2.5,-1.643496,0.615063,918,31,
2,632,Overall,Overall,36,16,48,0.5,0.114748,0.395593,1006,20,
2,633,Overall,Overall,36,19,48,1.0,0.699191,0.393073,1035,20,
2,634,Overall,Overall,36,11,48,-1.0,-0.437985,0.42795,978,21,
2,635,Overall,Overall,36,3,48,-2.5,-2.818575,0.864522,859,43,
2,636,Overall,Overall,36,38,48,3.0,3.277781,0.453372,1164,23,
2,637,Overall,Overall,36,21,48,1.5,1.015503,0.345495,1051,17,
2,638,Overall,Overall,36,8,48,-1.0,-0.923744,0.474525,954,24,
2,639,Overall,Overall,36,28,48,2.0,2.109443,0.375891,1105,19,
2,640,Overall,Overall,36,14,48,0.0,-0.066723,0.390225,997,20,
2,641,Overall,Overall,36,21,48,0.5,0.98516,0.338365,1049,17,
2,642,Overall,Overall,36,6,48,-2.0,-1.832522,0.620304,908,31,
2,643,Overall,Overall,36,17,48,1.0,0.828564,0.348805,1041,17,
2,644,Overall,Overall,36,5,48,-2.0,-1.63965,0.62343,918,31,
2,645,Overall,Overall,36,10,48,-0.5,-0.95573,0.499641,952,25,
2,646,Overall,Overall,36,30,48,3.0,2.554431,0.388917,1128,19,
2,647,Overall,Overall,36,12,48,-0.5,-0.367366,0.428057,982,21,
2,648,Overall,Overall,36,3,48,-3.0,-3.97276,1.24366,801,62,
2,649,Overall,Overall,36,19,48,1.0,0.406,0.356753,1020,18,
2,650,Overall,Overall,36,7,48,-1.0,-1.194091,0.561472,940,28,
2,651,Overall,Overall,36,20,48,0.5,0.697465,0.334679,1035,17,
2,652,Overall,Overall,36,9,48,-1.5,-1.078398,0.505605,946,25,
2,653,Overall,Overall,36,16,48,0.5,0.486921,0.356457,1024,18,
2,654,Overall,Overall,36,6,48,-2.0,-1.602173,0.578817,920,29,
2,655,Overall,Overall,36,14,48,0.0,0.238252,0.413092,1012,21,
2,656,Overall,Overall,36,38,48,3.0,3.389891,0.480143,1169,24,
2,657,Overall,Overall,36,2,48,-2.0,-3.662175,1.089841,817,54,
2,658,Overall,Overall,36,11,48,-1.0,-1.251945,0.520236,937,26,
2,659,Overall,Overall,36,16,48,1.0,0.601746,0.345936,1030,17,
2,660,Overall,Overall,36,30,48,2.5,2.032463,0.346246,1102,17,
2,661,Overall,Overall,36,10,48,-1.0,-0.560511,0.464745,972,23,
2,662,Overall,Overall,36,5,48,-2.5,-2.822678,0.837958,859,42,
2,663,Overall,Overall,36,10,48,-1.0,-1.149187,0.54044,943,27,
2,664,Overall,Overall,36,25,48,2.0,1.801617,0.345999,1090,17,
2,665,Overall,Overall,36,11,48,0.0,-0.345462,0.411387,983,21,
2,666,Overall,Overall,36,15,48,0.0,0.151711,0.38118,1008,19,
2,667,Overall,Overall,36,36,48,3.0,3.473553,0.521126,1174,26,
2,668,Overall,Overall,36,35,48,3.0,3.208573,0.473031,1160,24,
2,669,Overall,Overall,36,0,48,-3.0,-5.0,1.767798,750,88,
2,670,Overall,Overall,36,3,48,-3.0,-4.057434,1.310747,797,66,
2,671,Overall,Overall,36,10,48,-0.5,-0.516425,0.465585,974,23,
2,672,Overall,Overall,36,40,48,3.0,3.777694,0.524466,1189,26,
2,673,Overall,Overall,36,7,48,-2.5,-1.509146,0.555271,925,28,
2,674,Overall,Overall,36,21,48,0.5,0.892138,0.332459,1045,17,
2,675,Overall,Overall,36,39,48,3.0,3.707315,0.526218,1185,26,
2,676,Overall,Overall,36,5,48,-1.0,-2.504099,0.749546,875,37,
2,677,Overall,Overall,36,9,48,-0.5,-0.923359,0.570796,954,29,
2,678,Overall,Overall,36,11,48,-0.5,-0.386645,0.395668,981,20,
2,679,Overall,Overall,36,4,48,-2.0,-2.477329,0.757843,876,38,
2,680,Overall,Overall,36,7,48,-1.0,-1.123231,0.508654,944,25,
2,681,Overall,Overall,36,7,48,-1.5,-1.444533,0.6279,928,31,
2,682,Overall,Overall,36,11,48,-1.0,-0.53612,0.422114,973,21,
2,683,Overall,Overall,36,5,48,-2.0,-2.468159,0.825788,877,41,
2,684,Overall,Overall,36,29,48,2.0,1.736757,0.330939,1087,17,
2,685,Overall,Overall,36,37,48,3.0,3.482403,0.487201,1174,24,
2,686,Overall,Overall,36,8,48,-1.5,-1.373333,0.51187,931,26,
2,687,Overall,Overall,36,3,48,-2.5,-3.036375,0.885479,848,44,
2,688,Overall,Overall,36,3,48,-2.0,-4.117369,1.327863,794,66,
2,689,Overall,Overall,36,26,48,1.0,1.227985,0.326755,1061,16,
2,690,Overall,Overall,36,10,48,0.0,-0.667533,0.422627,967,21,
2,691,Overall,Overall,36,16,48,0.0,0.391229,0.382338,1020,19,
2,692,Overall,Overall,36,9,48,-0.5,-0.52092,0.411234,974,21,
2,693,Overall,Overall,36,7,48,-2.0,-1.4839,0.58569,926,29,
2,694,Overall,Overall,36,22,48,1.5,1.577525,0.341271,1079,17,
2,695,Overall,Overall,36,29,48,2.0,2.128769,0.371442,1106,19,
2,696,Overall,Overall,36,15,48,0.5,0.448415,0.37404,1022,19,
2,697,Overall,Overall,36,3,48,-3.0,-3.077166,0.885899,846,44,
2,698,Overall,Overall,36,35,48,3.0,3.449816,0.460829,1172,23,
2,699,Overall,Overall,36,18,48,0.0,0.422512,0.360258,1021,18,
2,700,Overall,Overall,36,10,48,-0.5,-0.373286,0.399199,981,20,
2,701,Overall,Overall,36,9,48,-1.5,-1.288118,0.520673,936,26,
2,702,Overall,Overall,36,37,48,3.0,3.080714,0.415569,1154,21,
2,703,Overall,Overall,36,14,48,0.0,0.090183,0.361025,1005,18,
2,704,Overall,Overall,36,3,48,-2.5,-4.465618,1.360449,777,68,
2,705,Overall,Overall,36,35,48,3.0,3.290951,0.471607,1165,24,
2,706,Overall,Overall,36,21,48,1.0,1.039685,0.337968,1052,17,
2,707,Overall,Overall,36,20,48,1.0,0.657991,0.367327,1033,18,
2,708,Overall,Overall,36,27,48,2.0,1.713542,0.344247,1086,17,
2,709,Overall,Overall,36,17,48,1.0,0.496689,0.346192,1025,17,
2,710,Overall,Overall,36,12,48,0.0,-0.239429,0.410943,988,21,
2,711,Overall,Overall,36,1,48,-3.0,-5.0,1.753347,750,88,
2,712,Overall,Overall,36,3,48,-2.0,-2.796896,0.838989,860,42,
2,713,Overall,Overall,36,29,48,2.5,2.34112,0.353828,1117,18,
2,714,Overall,Overall,36,17,48,0.0,0.399553,0.370383,1020,19,
2,715,Overall,Overall,36,4,48,-1.5,-2.555889,0.797775,872,40,
2,716,Overall,Overall,36,8,48,-1.5,-1.501224,0.551111,925,28,
2,717,Overall,Overall,36,37,48,3.0,2.841123,0.41096,1142,21,
2,718,Overall,Overall,36,9,48,-0.5,-0.693287,0.437454,965,22,
2,719,Overall,Overall,36,26,48,1.5,1.510767,0.351763,1076,18,
2,720,Overall,Overall,36,12,48,-0.5,-0.631106,0.474683,968,24,
2,721,Overall,Overall,36,5,48,-1.0,-1.878167,0.651229,906,33,
2,722,Overall,Overall,36,3,48,-2.5,-3.004586,0.869871,850,43,
2,723,Overall,Overall,36,7,48,-1.0,-1.371958,0.553645,931,28,
2,724,Overall,Overall,36,15,48,-0.5,-0.38383,0.424926,981,21,
2,725,Overall,Overall,36,22,48,1.0,0.911901,0.363746,1046,18,
2,726,Overall,Overall,36,14,48,0.0,-0.051037,0.389112,997,19,
2,727,Overall,Overall,36,38,48,3.0,3.88868,0.547465,1194,27,
2,728,Overall,Overall,36,10,48,-2.0,-1.312377,0.521554,934,26,
2,729,Overall,Overall,36,12,48,0.5,-0.267577,0.398058,987,20,
2,730,Overall,Overall,36,35,48,3.0,3.137138,0.43757,1157,22,
2,731,Overall,Overall,36,29,48,2.0,2.656724,0.407448,1133,20,
2,732,Overall,Overall,36,29,48,1.5,1.356802,0.333785,1068,17,
2,733,Overall,Overall,36,16,48,0.0,-0.022877,0.39902,999,20,
2,734,Overall,Overall,36,5,48,-2.0,-2.390918,0.731233,880,37,
2,735,Overall,Overall,36,31,48,2.0,2.167399,0.342918,1108,17,
2,736,Overall,Overall,36,32,48,3.0,2.397241,0.374061,1120,19,
2,737,Overall,Overall,36,34,48,2.5,2.886258,0.425182,1144,21,
2,738,Overall,Overall,36,18,48,0.5,0.689077,0.345638,1034,17,
2,739,Overall,Overall,36,27,48,2.0,1.970706,0.399238,1099,20,
2,740,Overall,Overall,36,7,48,-1.5,-1.376584,0.53828,931,27,
2,741,Overall,Overall,36,2,48,-3.0,-4.18972,1.288855,791,64,
2,742,Overall,Overall,36,31,48,2.5,2.516396,0.366058,1126,18,
2,743,Overall,Overall,36,4,48,-1.0,-2.250419,0.742385,887,37,
2,744,Overall,Overall,36,7,48,-1.5,-1.652181,0.574743,917,29,
2,745,Overall,Overall,36,24,48,1.0,1.457343,0.319927,1073,16,
2,746,Overall,Overall,36,29,48,1.0,1.478513,0.357387,1074,18,
2,747,Overall,Overall,36,2,48,-2.5,-3.846216,1.20303,808,60,
2,748,Overall,Overall,36,5,48,-2.5,-2.395702,0.740812,880,37,
2,749,Overall,Overall,36,6,48,-1.5,-1.406785,0.570868,930,29,
2,750,Overall,Overall,36,29,48,3.0,2.66155,0.393092,1133,20,
2,751,Overall,Overall,36,8,48,-1.5,-1.118505,0.538608,944,27,
2,752,Overall,Overall,36,22,48,0.5,0.589093,0.360665,1029,18,
2,753,Overall,Overall,36,5,48,-3.0,-1.755963,0.627196,912,31,
2,754,Overall,Overall,36,4,48,-1.5,-2.776567,0.875458,861,44,
2,755,Overall,Overall,36,6,48,-1.0,-1.246432,0.51709,938,26,
2,756,Overall,Overall,36,27,48,2.0,1.947804,0.367526,1097,18,
2,757,Overall,Overall,36,7,48,-1.0,-1.114965,0.501507,944,25,
2,758,Overall,Overall,36,6,48,-1.0,-2.033677,0.677315,898,34,
2,759,Overall,Overall,36,0,48,-3.0,-5.0,1.909105,750,95,
2,760,Overall,Overall,36,5,48,-3.0,-2.739523,0.884519,863,44,
2,761,Overall,Overall,36,18,48,1.0,0.845481,0.345411,1042,17,
2,762,Overall,Overall,36,24,48,1.0,0.878434,0.34883,1044,17,
2,763,Overall,Overall,36,2,48,-3.0,-3.696892,1.097253,815,55,
2,764,Overall,Overall,36,34,48,2.0,2.566762,0.395929,1128,20,
2,765,Overall,Overall,36,7,48,-1.5,-1.366856,0.543306,932,27,
2,766,Overall,Overall,36,11,48,-0.5,-0.396297,0.412635,980,21,
2,767,Overall,Overall,36,25,48,1.5,1.247445,0.335043,1062,17,
2,768,Overall,Overall,36,4,48,-2.5,-2.631307,0.78284,868,39,
2,769,Overall,Overall,36,19,48,0.5,0.616087,0.349676,1031,17,
2,770,Overall,Overall,36,6,48,-2.0,-1.456847,0.584805,927,29,
2,771,Overall,Overall,36,27,48,1.5,1.773487,0.333998,1089,17,
2,772,Overall,Overall,36,7,48,-1.0,-1.241234,0.534487,938,27,
2,773,Overall,Overall,36,24,48,1.0,1.000664,0.364093,1050,18,
2,774,Overall,Overall,36,12,48,-2.0,-0.81489,0.46755,959,23,
2,775,Overall,Overall,36,23,48,2.0,1.450116,0.348461,1073,17,
2,776,Overall,Overall,36,30,48,2.5,2.5501,0.390437,1128,20,
2,777,Overall,Overall,36,23,48,0.5,1.259491,0.370233,1063,19,
2,778,Overall,Overall,36,4,48,-1.5,-3.116642,0.898337,844,45,
2,779,Overall,Overall,36,28,48,2.5,2.076461,0.394804,1104,20,
2,780,Overall,Overall,36,7,48,-1.5,-1.067576,0.488272,947,24,
2,781,Overall,Overall,36,6,48,-2.5,-2.226135,0.70781,889,35,
2,782,Overall,Overall,36,21,48,0.5,0.781077,0.36129,1039,18,
2,783,Overall,Overall,36,13,48,0.0,0.16148,0.381821,1008,19,
2,784,Overall,Overall,36,13,48,0.0,-0.17533,0.376339,991,19,
2,785,Overall,Overall,36,7,48,-1.0,-1.480019,0.597721,926,30,
2,786,Overall,Overall,36,34,48,2.5,2.678342,0.386559,1134,19,
2,787,Overall,Overall,36,16,48,0.0,0.174279,0.390446,1009,20,
2,788,Overall,Overall,36,7,48,-1.0,-0.997262,0.500783,950,25,
2,789,Overall,Overall,36,4,48,-2.5,-2.665615,0.814904,867,41,
2,790,Overall,Overall,36,25,48,2.0,1.776261,0.329734,1089,16,
2,791,Overall,Overall,36,9,48,-1.0,-0.91299,0.49727,954,25,
2,792,Overall,Overall,36,20,48,0.5,0.738565,0.369842,1037,18,
2,793,Overall,Overall,36,35,48,2.0,2.514375,0.383681,1126,19,
2,794,Overall,Overall,36,2,48,-3.0,-4.73488,1.609039,763,80,
2,795,Overall,Overall,36,24,48,1.0,1.115237,0.31674,1056,16,
2,796,Overall,Overall,36,7,48,-1.5,-1.013082,0.472242,949,24,
2,797,Overall,Overall,36,38,48,3.0,3.606679,0.492837,1180,25,
2,798,Overall,Overall,36,26,48,1.5,1.753317,0.349803,1088,17,
2,799,Overall,Overall,36,25,48,1.5,1.214802,0.347433,1061,17,
2,800,Overall,Overall,36,4,48,-3.0,-2.839622,0.852572,858,43,
2,801,Overall,Overall,36,10,48,-0.5,-0.629772,0.420344,969,21,
2,802,Overall,Overall,36,24,48,1.5,1.80382,0.345471,1090,17,
2,803,Overall,Overall,36,3,48,-3.0,-3.359321,1.030138,832,52,
2,804,Overall,Overall,36,32,48,3.0,2.778866,0.406168,1139,20,
2,805,Overall,Overall,36,3,48,-2.5,-3.368227,0.978712,832,49,
2,806,Overall,Overall,36,26,48,1.5,1.85931,0.344696,1093,17,
2,807,Overall,Overall,36,13,48,0.0,-0.239916,0.401898,988,20,
2,808,Overall,Overall,36,18,48,1.0,0.30371,0.381565,1015,19,
2,809,Overall,Overall,36,14,48,-0.5,-0.366501,0.389399,982,19,
2,810,Overall,Overall,36,21,48,1.5,1.25704,0.358171,1063,18,
2,811,Overall,Overall,36,10,48,-0.5,-0.204594,0.417159,990,21,
2,812,Overall,Overall,36,19,48,0.5,0.300817,0.365274,1015,18,
2,813,Overall,Overall,36,10,48,-2.0,-0.737048,0.485274,963,24,
2,814,Overall,Overall,36,10,48,-0.5,-0.828736,0.461941,959,23,
2,815,Overall,Overall,36,25,48,1.5,1.828094,0.344079,1091,17,
2,816,Overall,Overall,36,5,48,-2.0,-2.073214,0.684877,896,34,
2,817,Overall,Overall,36,35,48,2.0,2.703953,0.382265,1135,19,
2,818,Overall,Overall,36,35,48,3.0,3.439708,0.513369,1172,26,
2,819,Overall,Overall,36,22,48,1.5,0.918017,0.353225,1046,18,
2,820,Overall,Overall,36,21,48,1.5,1.192424,0.373442,1060,19,
2,821,Overall,Overall,36,31,48,3.0,2.88042,0.427339,1144,21,
2,822,Overall,Overall,36,7,48,-1.0,-1.417888,0.523399,929,26,
2,823,Overall,Overall,36,38,48,2.5,3.079844,0.433979,1154,22,
2,824,Overall,Overall,36,39,48,3.0,3.992396,0.564653,1200,28,
2,825,Overall,Overall,36,5,48,-2.0,-1.986615,0.655507,901,33,
2,826,Overall,Overall,36,8,48,-1.0,-0.936203,0.471256,953,24,
2,827,Overall,Overall,36,6,48,-2.0,-1.677609,0.625391,916,31,
2,828,Overall,Overall,36,6,48,-3.0,-2.052458,0.655684,897,33,
2,829,Overall,Overall,36,21,48,1.5,1.268743,0.365004,1063,18,
2,830,Overall,Overall,36,7,48,-2.0,-2.050566,0.665295,897,33,
2,831,Overall,Overall,36,26,48,2.0,2.152761,0.36114,1108,18,
2,832,Overall,Overall,36,15,48,-1.0,0.167359,0.355152,1008,18,
2,833,Overall,Overall,36,6,48,-1.5,-1.22721,0.522313,939,26,
2,834,Overall,Overall,36,32,48,3.0,2.866398,0.442865,1143,22,
2,835,Overall,Overall,36,26,48,1.5,1.2902,0.367929,1065,18,
2,836,Overall,Overall,36,34,48,2.5,2.82896,0.401073,1141,20,
2,837,Overall,Overall,36,13,48,0.0,-0.111588,0.392457,994,20,
2,838,Overall,Overall,36,9,48,-0.5,-0.782076,0.494513,961,25,
2,839,Overall,Overall,36,4,48,-3.0,-2.629314,0.85906,869,43,
2,840,Overall,Overall,36,8,48,-0.5,-1.006944,0.486602,950,24,
2,841,Overall,Overall,36,5,48,-3.0,-2.949594,0.941154,853,47,
2,842,Overall,Overall,36,18,48,1.0,0.877323,0.338426,1044,17,
2,843,Overall,Overall,36,4,48,-2.0,-2.755384,0.818313,862,41,
2,844,Overall,Overall,36,31,48,2.5,2.494571,0.412551,1125,21,
2,845,Overall,Overall,36,35,48,2.5,2.827278,0.436037,1141,22,
2,846,Overall,Overall,36,7,48,-2.5,-1.325812,0.537442,934,27,
2,847,Overall,Overall,36,29,48,2.0,1.71352,0.333711,1086,17,
2,848,Overall,Overall,36,5,48,-2.5,-1.803705,0.664543,910,33,
2,849,Overall,Overall,36,21,48,1.0,1.123878,0.380565,1056,19,
2,850,Overall,Overall,36,8,48,-1.5,-0.839882,0.472723,958,24,
2,851,Overall,Overall,36,22,48,0.5,0.700416,0.331032,1035,17,
2,852,Overall,Overall,36,8,48,-2.0,-1.052361,0.516663,947,26,
2,853,Overall,Overall,36,11,48,-1.0,-0.61702,0.456424,969,23,
2,854,Overall,Overall,36,28,48,2.0,1.834914,0.336673,1092,17,
2,855,Overall,Overall,36,18,48,1.0,0.894972,0.353495,1045,18,
2,856,Overall,Overall,36,32,48,3.0,2.776083,0.412453,1139,21,
2,857,Overall,Overall,36,29,48,2.0,2.045326,0.392476,1102,20,
2,858,Overall,Overall,36,11,48,-0.5,-0.45726,0.43983,977,22,
2,859,Overall,Overall,36,16,48,0.5,0.17912,0.40322,1009,20,
2,860,Overall,Overall,36,6,48,-3.0,-2.228373,0.695425,889,35,
2,861,Overall,Overall,36,19,48,1.0,0.704049,0.358254,1035,18,
2,862,Overall,Overall,36,35,48,3.0,3.172931,0.451385,1159,23,
2,863,Overall,Overall,36,23,48,1.5,1.135381,0.356648,1057,18,
2,864,Overall,Overall,36,23,48,0.5,0.993783,0.349673,1050,17,
2,865,Overall,Overall,36,11,48,-0.5,-0.513426,0.430437,974,22,
2,866,Overall,Overall,36,34,48,2.5,2.554137,0.370075,1128,19,
2,867,Overall,Overall,36,14,48,-1.0,-0.205077,0.380401,990,19,
2,868,Overall,Overall,36,14,48,0.5,0.219625,0.409836,1011,20,
2,869,Overall,Overall,36,20,48,0.5,0.803039,0.379779,1040,19,
2,870,Overall,Overall,36,29,48,2.0,1.920283,0.370354,1096,19,
2,871,Overall,Overall,36,6,48,-1.0,-1.730704,0.592651,913,30,
2,872,Overall,Overall,36,7,48,-1.5,-1.795442,0.618868,910,31,
2,873,Overall,Overall,36,3,48,-3.0,-3.408824,0.999175,830,50,
2,874,Overall,Overall,36,4,48,-2.5,-2.329272,0.741164,884,37,
2,875,Overall,Overall,36,35,48,3.0,2.887914,0.427629,1144,21,
2,876,Overall,Overall,36,9,48,-1.0,-0.744018,0.464229,963,23,
2,877,Overall,Overall,36,20,48,1.0,0.560784,0.362789,1028,18,
2,878,Overall,Overall,36,25,48,1.5,1.557838,0.345838,1078,17,
2,879,Overall,Overall,36,16,48,0.0,-0.211474,0.387734,989,19,
2,880,Overall,Overall,36,3,48,-2.5,-3.504097,1.122065,825,56,
2,881,Overall,Overall,36,34,48,2.5,2.602754,0.387522,1130,19,
2,882,Overall,Overall,36,20,48,0.5,0.881909,0.329904,1044,16,
2,883,Overall,Overall,36,34,48,3.0,3.103184,0.426833,1155,21,
2,884,Overall,Overall,36,16,48,-0.5,-0.357443,0.41949,982,21,
2,885,Overall,Overall,36,23,48,1.0,0.942072,0.372935,1047,19,
2,886,Overall,Overall,36,10,48,-1.5,-0.619187,0.406576,969,20,
2,887,Overall,Overall,36,26,48,1.5,1.657708,0.353144,1083,18,
2,888,Overall,Overall,36,21,48,0.0,0.575735,0.347534,1029,17,
2,889,Overall,Overall,36,11,48,-0.5,-0.370728,0.423352,981,21,
2,890,Overall,Overall,36,8,48,-1.0,-1.056677,0.478625,947,24,
2,891,Overall,Overall,36,29,48,2.5,2.026405,0.364138,1101,18,
2,892,Overall,Overall,36,7,48,-2.5,-1.55076,0.540225,922,27,
2,893,Overall,Overall,36,11,48,-1.5,-0.844706,0.486172,958,24,
2,894,Overall,Overall,36,32,48,1.5,2.085796,0.3358,1104,17,
2,895,Overall,Overall,36,31,48,1.5,1.888587,0.343237,1094,17,
2,896,Overall,Overall,36,15,48,0.0,0.022231,0.388279,1001,19,
2,897,Overall,Overall,36,14,48,0.0,0.044049,0.374115,1002,19,
2,898,Overall,Overall,36,25,48,1.0,1.308231,0.363524,1065,18,
2,899,Overall,Overall,36,13,48,0.5,0.335307,0.363277,1017,18,
2,900,Overall,Overall,36,13,48,0.0,0.07374,0.3726,1004,19,
2,901,Overall,Overall,36,33,48,2.0,2.399978,0.38073,1120,19,
2,902,Overall,Overall,36,6,48,-2.5,-1.981722,0.650508,901,33,
2,903,Overall,Overall,36,32,48,2.5,2.675861,0.41239,1134,21,
2,904,Overall,Overall,36,14,48,0.5,0.186537,0.356247,1009,18,
2,905,Overall,Overall,36,18,48,0.0,0.926575,0.356511,1046,18,
2,906,Overall,Overall,36,21,48,1.0,0.881958,0.340108,1044,17,
2,907,Overall,Overall,36,27,48,1.5,1.723972,0.341881,1086,17,
2,908,Overall,Overall,36,9,48,-3.0,-1.45379,0.535354,927,27,
2,909,Overall,Overall,36,12,48,-0.5,-0.268596,0.40846,987,20,
2,910,Overall,Overall,36,14,48,0.0,-0.283293,0.383575,986,19,
2,911,Overall,Overall,36,11,48,-0.5,-0.281027,0.419173,986,21,
2,912,Overall,Overall,36,40,48,3.0,3.721872,0.510764,1186,26,
2,913,Overall,Overall,36,37,48,3.0,2.758245,0.39682,1138,20,
2,914,Overall,Overall,36,2,48,-3.0,-4.61788,1.548162,769,77,
2,915,Overall,Overall,36,15,48,0.5,-0.152272,0.391686,992,20,
2,916,Overall,Overall,36,7,48,-1.0,-1.439937,0.563489,928,28,
2,917,Overall,Overall,36,30,48,3.0,2.685809,0.392337,1134,20,
2,918,Overall,Overall,36,0,48,-3.0,-5.0,1.775015,750,89,
2,919,Overall,Overall,36,4,48,-3.0,-3.151887,0.99235,842,50,
2,920,Overall,Overall,36,7,48,-1.5,-0.743127,0.462111,963,23,
2,921,Overall,Overall,36,5,48,-2.5,-2.146278,0.707905,893,35,
2,922,Overall,Overall,36,10,48,-0.5,-0.89918,0.454966,955,23,
2,923,Overall,Overall,36,38,48,3.0,3.110261,0.438924,1156,22,
2,924,Overall,Overall,36,22,48,0.5,1.20396,0.376726,1060,19,
2,925,Overall,Overall,36,35,48,3.0,3.046862,0.438958,1152,22,
2,926,Overall,Overall,36,5,48,-2.5,-2.569201,0.790319,872,40,
2,927,Overall,Overall,36,28,48,2.0,2.105309,0.432538,1105,22,
2,928,Overall,Overall,36,28,48,2.5,2.645256,0.395045,1132,20,
2,929,Overall,Overall,36,25,48,2.5,1.998375,0.352289,1100,18,
2,930,Overall,Overall,36,2,48,-3.0,-4.40991,1.430615,780,72,
2,931,Overall,Overall,36,36,48,3.0,3.193983,0.469755,1160,23,
2,932,Overall,Overall,36,10,48,-1.0,-1.085965,0.485207,946,24,
2,933,Overall,Overall,36,8,48,-1.0,-1.000983,0.516139,950,26,
2,934,Overall,Overall,36,28,48,2.0,1.749299,0.346982,1087,17,
2,935,Overall,Overall,36,20,48,1.5,1.3623,0.353906,1068,18,
2,936,Overall,Overall,36,32,48,2.5,2.750331,0.419783,1138,21,
2,937,Overall,Overall,36,28,48,2.0,2.02491,0.353586,1101,18,
2,938,Overall,Overall,36,16,48,0.0,-0.171033,0.365521,991,18,
2,939,Overall,Overall,36,19,48,1.0,0.880957,0.337724,1044,17,
2,940,Overall,Overall,36,16,48,0.5,0.831582,0.365922,1042,18,
2,941,Overall,Overall,36,15,48,0.0,0.158638,0.356504,1008,18,
2,942,Overall,Overall,36,13,48,0.0,-0.040875,0.409076,998,20,
2,943,Overall,Overall,36,18,48,0.0,0.559035,0.334007,1028,17,
2,944,Overall,Overall,36,6,48,-2.5,-2.093993,0.714635,895,36,
2,945,Overall,Overall,36,3,48,-2.5,-3.532998,1.055911,823,53,
2,946,Overall,Overall,36,9,48,-0.5,-0.606683,0.44305,970,22,
2,947,Overall,Overall,36,27,48,2.5,1.913491,0.338029,1096,17,
2,948,Overall,Overall,36,29,48,2.0,1.89248,0.333599,1095,17,
2,949,Overall,Overall,36,6,48,-2.0,-2.038711,0.692262,898,35,
2,950,Overall,Overall,36,5,48,-1.5,-1.977531,0.683115,901,34,
2,951,Overall,Overall,36,19,48,1.0,0.9596,0.366643,1048,18,
2,952,Overall,Overall,36,9,48,0.0,-0.518117,0.467959,974,23,
2,953,Overall,Overall,36,8,48,-1.5,-1.633879,0.595925,918,30,
2,954,Overall,Overall,36,7,48,-2.0,-1.708888,0.556299,915,28,
2,955,Overall,Overall,36,26,48,2.5,1.831951,0.335769,1092,17,
2,956,Overall,Overall,36,3,48,-2.5,-3.479542,1.096253,826,55,
2,957,Overall,Overall,36,18,48,0.5,0.255548,0.371706,1013,19,
2,958,Overall,Overall,36,23,48,0.0,1.007514,0.350042,1050,18,
2,959,Overall,Overall,36,0,48,-3.0,-5.0,1.694714,750,85,
2,960,Overall,Overall,36,6,48,-2.5,-1.725717,0.620743,914,31,
2,961,Overall,Overall,36,8,48,0.0,-1.015479,0.531693,949,27,
2,962,Overall,Overall,36,6,48,-2.0,-1.593353,0.613872,920,31,
2,963,Overall,Overall,36,27,48,2.5,2.492493,0.386044,1125,19,
2,964,Overall,Overall,36,32,48,2.5,2.254855,0.379469,1113,19,
2,965,Overall,Overall,36,3,48,-3.0,-3.578485,1.047734,821,52,
2,966,Overall,Overall,36,25,48,1.5,1.269764,0.343778,1063,17,
2,967,Overall,Overall,36,22,48,0.5,1.400387,0.390457,1070,20,
2,968,Overall,Overall,36,9,48,-1.0,-1.028204,0.479784,949,24,
2,969,Overall,Overall,36,6,48,-1.5,-1.856651,0.641134,907,32,
2,970,Overall,Overall,36,23,48,1.5,1.418807,0.359904,1071,18,
2,971,Overall,Overall,36,36,48,3.0,3.114384,0.427535,1156,21,
2,972,Overall,Overall,36,4,48,-3.0,-3.240744,0.963657,838,48,
2,973,Overall,Overall,36,10,48,0.0,-0.540198,0.442776,973,22,
2,974,Overall,Overall,36,28,48,1.0,1.303953,0.350191,1065,18,
2,975,Overall,Overall,36,6,48,-2.0,-1.611772,0.586371,919,29,
2,976,Overall,Overall,36,8,48,-1.0,-1.032427,0.497112,948,25,
2,977,Overall,Overall,36,6,48,-2.0,-1.191149,0.523713,940,26,
2,978,Overall,Overall,36,31,48,2.5,2.432446,0.375456,1122,19,
2,979,Overall,Overall,36,26,48,1.5,1.538067,0.335004,1077,17,
2,980,Overall,Overall,36,9,48,-0.5,-1.004486,0.474823,950,24,
2,981,Overall,Overall,36,7,48,-2.0,-1.631049,0.590481,918,30,
2,982,Overall,Overall,36,0,48,-3.0,-5.0,1.856963,750,93,
2,983,Overall,Overall,36,20,48,1.0,0.871321,0.364333,1044,18,
2,984,Overall,Overall,36,28,48,1.5,1.548858,0.360984,1077,18,
2,985,Overall,Overall,36,9,48,-0.5,-0.721515,0.440307,964,22,
2,986,Overall,Overall,36,6,48,-1.5,-1.583643,0.583663,921,29,
2,987,Overall,Overall,36,23,48,1.5,1.189144,0.336034,1059,17,
2,988,Overall,Overall,36,14,48,0.0,0.187257,0.369648,1009,18,
2,989,Overall,Overall,36,35,48,3.0,2.820685,0.414186,1141,21,
2,990,Overall,Overall,36,31,48,1.5,1.647926,0.33528,1082,17,
2,991,Overall,Overall,36,17,48,0.5,0.468871,0.358899,1023,18,
2,992,Overall,Overall,36,16,48,0.0,0.175558,0.344702,1009,17,
2,993,Overall,Overall,36,7,48,-0.5,-1.32909,0.549459,934,27,
2,994,Overall,Overall,36,27,48,1.5,1.44795,0.334119,1072,17,
2,995,Overall,Overall,36,28,48,2.5,2.074288,0.350294,1104,18,
2,996,Overall,Overall,36,32,48,2.5,2.290601,0.353169,1115,18,
2,997,Overall,Overall,36,24,48,0.5,1.204143,0.349711,1060,17,
2,998,Overall,Overall,36,24,48,3.0,1.956621,0.398226,1098,20,
2,999,Overall,Overall,36,10,48,0.0,-0.29984,0.411248,985,21,
2,1000,Overall,Overall,36,28,48,2.5,1.624484,0.323577,1081,16,
2,1001,Overall,Overall,36,15,48,1.0,0.597477,0.373019,1030,19,
2,1002,Overall,Overall,36,11,48,-1.0,-0.726329,0.418707,964,21,
2,1003,Overall,Overall,36,35,48,3.0,3.475709,0.480612,1174,24,
2,1004,Overall,Overall,36,28,48,2.0,1.985939,0.352,1099,18,
2,1005,Overall,Overall,36,32,48,1.5,1.975902,0.391185,1099,20,
2,1006,Overall,Overall,36,6,48,-3.0,-1.714427,0.56919,914,28,
2,1007,Overall,Overall,36,7,48,-2.0,-1.095238,0.530425,945,27,
2,1008,Overall,Overall,36,27,48,2.5,1.826634,0.350383,1091,18,
2,1009,Overall,Overall,36,25,48,2.0,1.716131,0.406031,1086,20,
2,1010,Overall,Overall,36,30,48,1.5,1.490547,0.336491,1075,17,
2,1011,Overall,Overall,36,10,48,-1.5,-0.836803,0.479542,958,24,
2,1012,Overall,Overall,36,15,48,0.5,0.261616,0.367665,1013,18,
2,1013,Overall,Overall,36,37,48,3.0,3.061717,0.429155,1153,21,
2,1014,Overall,Overall,36,5,48,-1.5,-1.793009,0.602796,910,30,
2,1015,Overall,Overall,36,19,48,0.5,0.626453,0.353033,1031,18,
2,1016,Overall,Overall,36,31,48,2.0,2.128061,0.348324,1106,17,
2,1017,Overall,Overall,36,14,48,1.0,0.756585,0.372787,1038,19,
2,1018,Overall,Overall,36,10,48,-0.5,-0.607663,0.468592,970,23,
2,1019,Overall,Overall,36,8,48,-1.5,-1.123659,0.493385,944,25,
2,1020,Overall,Overall,36,8,48,-2.5,-1.47777,0.589699,926,29,
2,1021,Overall,Overall,36,4,48,-3.0,-2.379437,0.738913,881,37,
2,1022,Overall,Overall,36,6,48,-1.0,-1.877105,0.657667,906,33,
2,1023,Overall,Overall,36,19,48,1.0,0.97539,0.32845,1049,16,
2,1024,Overall,Overall,36,13,48,0.0,0.013511,0.377368,1001,19,
2,1025,Overall,Overall,36,14,48,0.0,-0.263906,0.393715,987,20,
2,1026,Overall,Overall,36,13,48,-0.5,-0.175362,0.398829,991,20,
2,1027,Overall,Overall,36,6,48,-1.0,-1.657557,0.571876,917,29,
2,1028,Overall,Overall,36,5,48,-2.0,-1.809434,0.660863,910,33,
2,1029,Overall,Overall,36,1,48,-3.0,-5.0,1.725621,750,86,
2,1030,Overall,Overall,36,38,48,3.0,3.620761,0.492145,1181,25,
2,1031,Overall,Overall,36,6,48,-2.0,-1.768104,0.596566,912,30,
2,1032,Overall,Overall,36,4,48,-3.0,-3.156774,0.949873,842,47,
2,1033,Overall,Overall,36,12,48,0.0,-0.351795,0.39127,982,20,
2,1034,Overall,Overall,36,30,48,2.0,2.392841,0.390096,1120,20,
2,1035,Overall,Overall,36,11,48,-0.5,-0.468111,0.434247,977,22,
2,1036,Overall,Overall,36,11,48,-0.5,-0.353479,0.448863,982,22,
2,1037,Overall,Overall,36,34,48,3.0,2.679274,0.390658,1134,20,
2,1038,Overall,Overall,36,5,48,-2.5,-2.377904,0.710244,881,36,
2,1039,Overall,Overall,36,6,48,-2.0,-1.952674,0.657514,902,33,
2,1040,Overall,Overall,36,8,48,-2.0,-1.616921,0.634929,919,32,
2,1041,Overall,Overall,36,26,48,1.5,1.294078,0.351242,1065,18,
2,1042,Overall,Overall,36,16,48,0.0,0.460281,0.353521,1023,18,
2,1043,Overall,Overall,36,14,48,0.0,-0.151587,0.383374,992,19,
2,1044,Overall,Overall,36,34,48,2.5,2.337415,0.366232,1117,18,
2,1045,Overall,Overall,36,35,48,3.0,2.781313,0.398806,1139,20,
2,1046,Overall,Overall,36,36,48,2.5,3.275509,0.483914,1164,24,
2,1047,Overall,Overall,36,6,48,-2.5,-2.348621,0.74112,883,37,
2,1048,Overall,Overall,36,23,48,1.5,1.490348,0.372641,1075,19,
2,1049,Overall,Overall,36,7,48,-2.5,-1.514192,0.572941,924,29,
2,1050,Overall,Overall,36,20,48,1.0,1.235337,0.33425,1062,17,
2,1051,Overall,Overall,36,11,48,-1.0,-1.033995,0.5283,948,26,
2,1052,Overall,Overall,36,10,48,-0.5,-0.83634,0.444744,958,22,
2,1053,Overall,Overall,36,5,48,-2.0,-1.890244,0.619948,905,31,
2,1054,Overall,Overall,36,22,48,1.0,0.873598,0.328996,1044,16,
2,1055,Overall,Overall,36,32,48,2.5,2.699698,0.424144,1135,21,
2,1056,Overall,Overall,36,5,48,-2.0,-2.035085,0.689879,898,34,
2,1057,Overall,Overall,36,13,48,0.0,0.084092,0.390241,1004,20,
2,1058,Overall,Overall,36,32,48,2.0,1.986391,0.329571,1099,16,
2,1059,Overall,Overall,36,23,48,1.0,1.015419,0.35892,1051,18,
2,1060,Overall,Overall,36,13,48,-0.5,-0.45383,0.394581,977,20,
2,1061,Overall,Overall,36,6,48,-2.5,-2.633347,0.836674,868,42,
2,1062,Overall,Overall,36,15,48,0.0,-0.143534,0.3966,993,20,
2,1063,Overall,Overall,36,22,48,1.0,1.196662,0.330483,1060,17,
2,1064,Overall,Overall,36,5,48,-3.0,-2.448132,0.7928,878,40,
2,1065,Overall,Overall,36,28,48,2.0,1.606612,0.335806,1080,17,
2,1066,Overall,Overall,36,25,48,1.0,1.44015,0.325846,1072,16,
2,1067,Overall,Overall,36,14,48,0.5,-0.341211,0.399538,983,20,
2,1068,Overall,Overall,36,23,48,2.0,1.553526,0.361869,1078,18,
2,1069,Overall,Overall,36,11,48,-0.5,-0.344002,0.427156,983,21,
2,1070,Overall,Overall,36,18,48,0.5,0.168321,0.384325,1008,19,
2,1071,Overall,Overall,36,30,48,2.5,2.254777,0.35639,1113,18,
2,1072,Overall,Overall,36,10,48,-1.0,-1.055118,0.476133,947,24,
2,1073,Overall,Overall,36,18,48,0.5,0.836756,0.334438,1042,17,
2,1074,Overall,Overall,36,31,48,2.5,2.54794,0.451035,1127,23,
2,1075,Overall,Overall,36,13,48,-0.5,-0.290615,0.384001,985,19,
2,1076,Overall,Overall,36,26,48,1.0,1.58056,0.350473,1079,18,
2,1077,Overall,Overall,36,9,48,-1.5,-0.927125,0.471813,954,24,
2,1078,Overall,Overall,36,3,48,-2.5,-2.922451,0.923707,854,46,
2,1079,Overall,Overall,36,3,48,-2.5,-3.778019,1.109484,811,55,
2,1080,Overall,Overall,36,36,48,3.0,2.909097,0.407583,1145,20,
2,1081,Overall,Overall,36,0,48,-3.0,-5.0,1.787554,750,89,
2,1082,Overall,Overall,36,9,48,-1.5,-0.788209,0.459642,961,23,
2,1083,Overall,Overall,36,5,48,-1.5,-1.78348,0.632637,911,32,
2,1084,Overall,Overall,36,11,48,0.5,0.016971,0.362592,1001,18,
2,1085,Overall,Overall,36,5,48,-2.5,-2.730563,0.856356,863,43,
2,1086,Overall,Overall,36,21,48,1.0,0.788106,0.3411,1039,17,
2,1087,Overall,Overall,36,33,48,2.5,2.351786,0.367702,1118,18,
2,1088,Overall,Overall,36,19,48,1.0,1.156749,0.338767,1058,17,
2,1089,Overall,Overall,36,10,48,-0.5,-0.464572,0.421292,977,21,
2,1090,Overall,Overall,36,8,48,-1.5,-1.673074,0.614576,916,31,
2,1091,Overall,Overall,36,28,48,2.0,2.386076,0.37099,1119,19,
2,1092,Overall,Overall,36,30,48,2.0,2.334786,0.38445,1117,19,
2,1093,Overall,Overall,36,22,48,1.5,0.901057,0.329669,1045,16,
2,1094,Overall,Overall,36,30,48,2.5,2.482627,0.372877,1124,19,
2,1095,Overall,Overall,36,19,48,1.0,0.523478,0.366933,1026,18,
2,1096,Overall,Overall,36,19,48,1.0,1.005981,0.358677,1050,18,
2,1097,Overall,Overall,36,6,48,-1.0,-1.453517,0.536298,927,27,
2,1098,Overall,Overall,36,20,48,1.5,1.258882,0.332312,1063,17,
2,1099,Overall,Overall,36,22,48,1.0,0.945636,0.352881,1047,18,
2,1100,Overall,Overall,36,13,48,-0.5,-0.405476,0.412158,980,21,
2,1101,Overall,Overall,36,10,48,-0.5,-0.600609,0.4144,970,21,
2,1102,Overall,Overall,36,24,48,1.0,1.582868,0.353073,1079,18,
2,1103,Overall,Overall,36,13,48,0.5,0.104971,0.390344,1005,20,
2,1104,Overall,Overall,36,7,48,-2.0,-1.677228,0.640142,916,32,
2,1105,Overall,Overall,36,36,48,3.0,3.05374,0.424542,1153,21,
2,1106,Overall,Overall,36,21,48,1.0,0.813199,0.357586,1041,18,
2,1107,Overall,Overall,36,6,48,-2.5,-2.244936,0.696812,888,35,
2,1108,Overall,Overall,36,18,48,0.5,0.442746,0.345585,1022,17,
2,1109,Overall,Overall,36,13,48,0.5,-0.111941,0.382049,994,19,
2,1110,Overall,Overall,36,36,48,2.5,2.841642,0.435495,1142,22,
2,1111,Overall,Overall,36,4,48,-2.5,-2.664658,0.770704,867,39,
2,1112,Overall,Overall,36,5,48,-2.5,-2.385665,0.742335,881,37,
2,1113,Overall,Overall,36,19,48,1.0,1.138835,0.339598,1057,17,
2,1114,Overall,Overall,36,26,48,1.5,1.305815,0.348268,1065,17,
2,1115,Overall,Overall,36,33,48,2.0,2.493331,0.38526,1125,19,
2,1116,Overall,Overall,36,19,48,0.5,0.389205,0.340374,1019,17,
2,1117,Overall,Overall,36,2,48,-2.5,-3.578924,1.083421,821,54,
2,1118,Overall,Overall,36,12,48,-0.5,-0.647945,0.484872,968,24,
2,1119,Overall,Overall,36,5,48,-2.0,-2.252594,0.741943,887,37,
2,1120,Overall,Overall,36,7,48,-2.5,-1.257762,0.560669,937,28,
2,1121,Overall,Overall,36,7,48,0.0,-1.164432,0.48489,942,24,
2,1122,Overall,Overall,36,29,48,3.0,2.225265,0.363965,1111,18,
2,1123,Overall,Overall,36,8,48,-1.0,-0.586193,0.434333,971,22,
2,1124,Overall,Overall,36,2,48,-3.0,-4.907242,1.714052,755,86,
2,1125,Overall,Overall,36,19,48,1.0,0.638388,0.353803,1032,18,
2,1126,Overall,Overall,36,31,48,1.5,1.81364,0.347946,1091,17,
2,1127,Overall,Overall,36,17,48,0.5,0.365328,0.364292,1018,18,
2,1128,Overall,Overall,36,27,48,1.5,1.533165,0.336922,1077,17,
2,1129,Overall,Overall,36,14,48,-0.5,-0.159378,0.409019,992,20,
2,1130,Overall,Overall,36,6,48,-1.5,-1.740474,0.598438,913,30,
2,1131,Overall,Overall,36,38,48,2.0,3.086677,0.442078,1154,22,
2,1132,Overall,Overall,36,6,48,-2.0,-2.206619,0.7168,890,36,
2,1133,Overall,Overall,36,6,48,-3.0,-2.425363,0.742822,879,37,
2,1134,Overall,Overall,36,10,48,0.0,-0.376619,0.394748,981,20,
2,1135,Overall,Overall,36,5,48,-2.0,-2.784308,0.880362,861,44,
2,1136,Overall,Overall,36,21,48,1.0,1.017378,0.318045,1051,16,
2,1137,Overall,Overall,36,0,48,-2.5,-5.0,1.78727,750,89,
2,1138,Overall,Overall,36,0,48,-3.0,-5.0,1.634607,750,82,
2,1139,Overall,Overall,36,7,48,-3.0,-1.841135,0.625336,908,31,
2,1140,Overall,Overall,36,6,48,-1.5,-1.73989,0.631581,913,32,
2,1141,Overall,Overall,36,33,48,2.0,2.067702,0.347883,1103,17,
2,1142,Overall,Overall,36,16,48,0.5,0.132584,0.377465,1007,19,
2,1143,Overall,Overall,36,11,48,-0.5,-0.431704,0.40988,978,20,
2,1144,Overall,Overall,36,9,48,-2.5,-1.506263,0.595194,925,30,
2,1145,Overall,Overall,36,31,48,2.0,1.657067,0.379754,1083,19,
2,1146,Overall,Overall,36,14,48,0.0,-0.276018,0.425206,986,21,
2,1147,Overall,Overall,36,33,48,2.0,2.809449,0.403083,1140,20,
2,1148,Overall,Overall,36,5,48,-2.5,-2.245558,0.68979,888,34,
2,1149,Overall,Overall,36,33,48,3.0,2.884469,0.449264,1144,22,
2,1150,Overall,Overall,36,14,48,0.0,-0.412145,0.402514,979,20,
2,1151,Overall,Overall,36,9,48,-1.0,-0.638338,0.435925,968,22,
2,1152,Overall,Overall,36,12,48,1.0,0.302028,0.369625,1015,18,
2,1153,Overall,Overall,36,30,48,2.0,2.30082,0.355215,1115,18,
2,1154,Overall,Overall,36,7,48,-1.0,-1.05345,0.480982,947,24,
2,1155,Overall,Overall,36,10,48,0.0,-0.380249,0.42783,981,21,
2,1156,Overall,Overall,36,5,48,-2.5,-2.267824,0.713844,887,36,
2,1157,Overall,Overall,36,36,48,2.5,3.086495,0.439199,1154,22,
2,1158,Overall,Overall,36,5,48,-2.0,-2.572315,0.787484,871,39,
2,1159,Overall,Overall,36,4,48,-3.0,-2.402379,0.789449,880,39,
2,1160,Overall,Overall,36,28,48,2.0,2.343898,0.377099,1117,19,
2,1161,Overall,Overall,36,38,48,3.0,3.615124,0.512848,1181,26,
2,1162,Overall,Overall,36,4,48,-3.0,-2.601774,0.769878,870,38,
2,1163,Overall,Overall,36,7,48,-1.0,-1.824294,0.660102,909,33,
2,1164,Overall,Overall,36,32,48,2.5,2.170089,0.367338,1109,18,
2,1165,Overall,Overall,36,0,48,-3.0,-5.0,1.708613,750,85,
2,1166,Overall,Overall,36,5,48,-2.0,-2.812455,0.84658,859,42,
2,1167,Overall,Overall,36,17,48,0.0,0.059982,0.411191,1003,21,
2,1168,Overall,Overall,36,11,48,-0.5,-0.475699,0.409305,976,20,
2,1169,Overall,Overall,36,16,48,0.0,0.63421,0.352017,1032,18,
2,1170,Overall,Overall,36,8,48,-1.0,-0.938359,0.463066,953,23,
2,1171,Overall,Overall,36,3,48,-2.5,-3.286784,1.047099,836,52,
2,1172,Overall,Overall,36,14,48,0.5,0.498486,0.376492,1025,19,
2,1173,Overall,Overall,36,2,48,-2.0,-3.638139,1.108962,818,55,
2,1174,Overall,Overall,36,5,48,-2.5,-3.054088,0.979992,847,49,
2,1175,Overall,Overall,36,16,48,0.5,0.470374,0.338132,1024,17,
2,1176,Overall,Overall,36,7,48,-2.0,-1.325426,0.541422,934,27,
2,1177,Overall,Overall,36,3,48,-3.0,-5.0,1.593183,750,80,
2,1178,Overall,Overall,36,8,48,-2.0,-1.726886,0.607513,914,30,
2,1179,Overall,Overall,36,21,48,0.0,0.484971,0.344213,1024,17,
2,1180,Overall,Overall,36,25,48,2.5,1.926612,0.349105,1096,17,
2,1181,Overall,Overall,36,19,48,1.0,0.743651,0.352679,1037,18,
2,1182,Overall,Overall,36,31,48,2.0,2.266354,0.376333,1113,19,
2,1183,Overall,Overall,36,5,48,-2.5,-2.296384,0.731942,885,37,
2,1184,Overall,Overall,36,4,48,-1.5,-2.153419,0.727796,892,36,
2,1185,Overall,Overall,36,26,48,3.0,2.195544,0.381442,1110,19,
2,1186,Overall,Overall,36,6,48,-2.5,-2.212152,0.714218,889,36,
2,1187,Overall,Overall,36,5,48,-2.0,-1.97895,0.658424,901,33,
2,1188,Overall,Overall,36,17,48,0.5,0.175568,0.377196,1009,19,
2,1189,Overall,Overall,36,14,48,-0.5,0.175828,0.355909,1009,18,
2,1190,Overall,Overall,36,3,48,-2.0,-3.275267,0.94207,836,47,
2,1191,Overall,Overall,36,16,48,0.0,-0.350838,0.418623,982,21,
2,1192,Overall,Overall,36,25,48,1.5,1.331206,0.36655,1067,18,
2,1193,Overall,Overall,36,10,48,-1.5,-0.911004,0.470248,954,24,
2,1194,Overall,Overall,36,10,48,-2.0,-1.060378,0.485211,947,24,
2,1195,Overall,Overall,36,24,48,1.5,1.634834,0.380941,1082,19,
2,1196,Overall,Overall,36,8,48,-1.5,-1.130845,0.491747,943,25,
2,1197,Overall,Overall,36,6,48,-1.5,-1.631392,0.617342,918,31,
2,1198,Overall,Overall,36,10,48,-0.5,-0.751104,0.445204,962,22,
2,1199,Overall,Overall,36,4,48,-1.5,-2.744758,0.896782,863,45,
2,1200,Overall,Overall,36,3,48,-3.0,-3.120917,0.909011,844,45,
2,1201,Overall,Overall,36,2,48,-2.0,-3.804552,1.218073,810,61,
2,1202,Overall,Overall,36,5,48,-2.5,-2.677591,0.836138,866,42,
2,1203,Overall,Overall,36,9,48,-1.5,-0.810992,0.505296,959,25,
2,1204,Overall,Overall,36,16,48,0.5,0.094865,0.397203,1005,20,
2,1205,Overall,Overall,36,4,48,-3.0,-3.692366,1.092006,815,55,
2,1206,Overall,Overall,36,8,48,-0.5,-1.098742,0.49565,945,25,
2,1207,Overall,Overall,36,3,48,-1.5,-2.950997,0.883062,852,44,
2,1208,Overall,Overall,36,13,48,0.0,-0.335278,0.391363,983,20,
2,1209,Overall,Overall,36,17,48,0.5,0.271047,0.404119,1014,20,
2,1210,Overall,Overall,36,33,48,3.0,2.640224,0.402803,1132,20,
2,1211,Overall,Overall,36,29,48,2.0,2.718707,0.432434,1136,22,
2,1212,Overall,Overall,36,34,48,3.0,2.538921,0.395485,1127,20,
2,1213,Overall,Overall,36,11,48,-1.0,-0.900639,0.440482,955,22,
2,1214,Overall,Overall,36,2,48,-2.0,-3.603827,1.137321,820,57,
2,1215,Overall,Overall,36,26,48,1.5,1.476954,0.356967,1074,18,
2,1216,Overall,Overall,36,42,48,2.5,3.225869,0.455631,1161,23,
2,1217,Overall,Overall,36,22,48,1.0,1.416709,0.355281,1071,18,
2,1218,Overall,Overall,36,12,48,-0.5,-0.386008,0.408634,981,20,
2,1219,Overall,Overall,36,26,48,2.0,1.570974,0.323216,1079,16,
2,1220,Overall,Overall,36,5,48,-3.0,-2.372659,0.798934,881,40,
2,1221,Overall,Overall,36,24,48,1.5,1.73939,0.350124,1087,18,
2,1222,Overall,Overall,36,36,48,2.5,3.130916,0.475214,1157,24,
2,1223,Overall,Overall,36,26,48,1.5,1.15111,0.338842,1058,17,
2,1224,Overall,Overall,36,34,48,2.5,2.378766,0.377075,1119,19,
2,1225,Overall,Overall,36,35,48,3.0,3.639511,0.509562,1182,25,
2,1226,Overall,Overall,36,33,48,2.0,2.076589,0.377635,1104,19,
2,1227,Overall,Overall,36,21,48,0.0,0.421412,0.355478,1021,18,
2,1228,Overall,Overall,36,13,48,0.0,-0.303522,0.407128,985,20,
2,1229,Overall,Overall,36,4,48,-2.5,-2.737856,0.930164,863,47,
2,1230,Overall,Overall,36,9,48,-1.0,-1.064635,0.504329,947,25,
2,1231,Overall,Overall,36,18,48,0.5,0.425825,0.379785,1021,19,
2,1232,Overall,Overall,36,12,48,-1.0,-0.468299,0.420554,977,21,
2,1233,Overall,Overall,36,6,48,-1.0,-1.20352,0.573213,940,29,
2,1234,Overall,Overall,36,7,48,-1.5,-1.806103,0.615335,910,31,
2,1235,Overall,Overall,36,26,48,2.0,1.883773,0.338599,1094,17,
2,1236,Overall,Overall,36,8,48,-1.0,-1.383763,0.516097,931,26,
2,1237,Overall,Overall,36,10,48,-0.5,-0.733968,0.468333,963,23,
2,1238,Overall,Overall,36,13,48,0.0,-0.031086,0.36357,998,18,
2,1239,Overall,Overall,36,3,48,-2.0,-2.839309,0.851073,858,43,
2,1240,Overall,Overall,36,28,48,2.0,2.127049,0.357602,1106,18,
2,1241,Overall,Overall,36,20,48,1.0,0.889174,0.327699,1044,16,
2,1242,Overall,Overall,36,29,48,2.0,2.281763,0.34744,1114,17,
2,1243,Overall,Overall,36,26,48,2.0,1.95198,0.392768,1098,20,
2,1244,Overall,Overall,36,27,48,2.0,1.904687,0.353567,1095,18,
2,1245,Overall,Overall,36,11,48,-1.0,-0.820955,0.467297,959,23,
2,1246,Overall,Overall,36,16,48,0.0,0.194959,0.366402,1010,18,
2,1247,Overall,Overall,36,12,48,-0.5,-0.107525,0.381916,995,19,
2,1248,Overall,Overall,36,30,48,2.5,2.480553,0.363775,1124,18,
2,1249,Overall,Overall,36,38,48,3.0,3.723441,0.542637,1186,27,
2,1250,Overall,Overall,36,13,48,-0.5,-0.276904,0.392073,986,20,
2,1251,Overall,Overall,36,17,48,-0.5,0.282162,0.365557,1014,18,
2,1252,Overall,Overall,36,17,48,-0.5,-0.0759,0.426247,996,21,
2,1253,Overall,Overall,36,32,48,2.5,2.563849,0.375473,1128,19,
2,1254,Overall,Overall,36,12,48,-0.5,-0.483012,0.402683,976,20,
2,1255,Overall,Overall,36,3,48,-2.0,-2.433786,0.829031,878,41,
2,1256,Overall,Overall,36,2,48,-3.0,-3.447836,1.058894,828,53,
2,1257,Overall,Overall,36,17,48,1.0,0.83826,0.351996,1042,18,
2,1258,Overall,Overall,36,17,48,0.0,0.803914,0.341549,1040,17,
2,1259,Overall,Overall,36,21,48,1.5,0.926503,0.359257,1046,18,
2,1260,Overall,Overall,36,4,48,-2.0,-2.663121,0.783461,867,39,
2,1261,Overall,Overall,36,18,48,1.0,0.585828,0.414812,1029,21,
2,1262,Overall,Overall,36,24,48,2.0,1.59708,0.340006,1080,17,
2,1263,Overall,Overall,36,26,48,1.5,1.721706,0.360052,1086,18,
2,1264,Overall,Overall,36,1,48,-2.5,-3.541048,1.136806,823,57,
2,1265,Overall,Overall,36,37,48,3.0,3.439928,0.478319,1172,24,
2,1266,Overall,Overall,36,32,48,2.0,2.274517,0.347988,1114,17,
2,1267,Overall,Overall,36,6,48,-1.5,-1.716558,0.619902,914,31,
2,1268,Overall,Overall,36,17,48,-0.5,0.004611,0.395629,1000,20,
2,1269,Overall,Overall,36,33,48,2.5,2.631927,0.397557,1132,20,
2,1270,Overall,Overall,36,34,48,3.0,2.447225,0.394431,1122,20,
2,1271,Overall,Overall,36,24,48,1.0,1.512674,0.344866,1076,17,
2,1272,Overall,Overall,36,22,48,1.5,1.121175,0.336783,1056,17,
2,1273,Overall,Overall,36,7,48,-1.0,-1.493552,0.579519,925,29,
2,1274,Overall,Overall,36,7,48,-1.0,-1.384219,0.560503,931,28,
2,1275,Overall,Overall,36,6,48,-2.5,-1.549729,0.569433,923,28,
2,1276,Overall,Overall,36,3,48,-3.0,-4.154933,1.308507,792,65,
2,1277,Overall,Overall,36,27,48,1.5,2.032394,0.360872,1102,18,
2,1278,Overall,Overall,36,32,48,2.0,2.245801,0.413903,1112,21,
2,1279,Overall,Overall,36,6,48,-2.0,-1.823849,0.62054,909,31,
2,1280,Overall,Overall,36,26,48,1.0,1.516081,0.339386,1076,17,
2,1281,Overall,Overall,36,8,48,-1.5,-0.893164,0.474467,955,24,
2,1282,Overall,Overall,36,11,48,0.0,-0.050132,0.37498,997,19,
2,1283,Overall,Overall,36,15,48,0.0,-0.310834,0.414438,984,21,
2,1284,Overall,Overall,36,32,48,3.0,2.769864,0.435222,1138,22,
2,1285,Overall,Overall,36,13,48,-1.0,-0.063486,0.375313,997,19,
2,1286,Overall,Overall,36,4,48,-1.5,-2.339298,0.724243,883,36,
2,1287,Overall,Overall,36,16,48,0.5,0.450127,0.343498,1023,17,
2,1288,Overall,Overall,36,8,48,-0.5,-0.579017,0.463446,971,23,
2,1289,Overall,Overall,36,17,48,0.5,0.354967,0.369174,1018,18,
2,1290,Overall,Overall,36,27,48,1.5,2.209769,0.359143,1110,18,
2,1291,Overall,Overall,36,21,48,1.5,0.87182,0.348412,1044,17,
2,1292,Overall,Overall,36,31,48,2.5,2.112178,0.356527,1106,18,
2,1293,Overall,Overall,36,28,48,1.5,1.587517,0.356205,1079,18,
2,1294,Overall,Overall,36,23,48,1.0,0.713183,0.343947,1036,17,
2,1295,Overall,Overall,36,7,48,-0.5,-0.943114,0.493665,953,25,
2,1296,Overall,Overall,36,25,48,2.0,1.545136,0.331823,1077,17,
2,1297,Overall,Overall,36,23,48,1.5,1.373784,0.344725,1069,17,
2,1298,Overall,Overall,36,4,48,-3.0,-2.834237,0.853681,858,43,
2,1299,Overall,Overall,36,30,48,2.0,2.424251,0.375315,1121,19,
2,1300,Overall,Overall,36,5,48,-2.0,-2.08951,0.728532,896,36,
3,1,Overall,Overall,36,3,48,-3.0,-3.527059,1.023042,824,51,
3,2,Overall,Overall,36,31,48,2.5,2.38922,0.378199,1119,19,
3,3,Overall,Overall,36,4,48,-3.0,-2.349272,0.82386,883,41,
3,4,Overall,Overall,36,17,48,0.5,0.701505,0.354071,1035,18,
3,5,Overall,Overall,36,7,48,-3.0,-2.119716,0.635385,894,32,
3,6,Overall,Overall,36,30,48,3.0,2.286272,0.377239,1114,19,
3,7,Overall,Overall,36,4,48,-2.5,-3.640275,1.109316,818,55,
3,8,Overall,Overall,36,12,48,-0.5,-0.541996,0.393992,973,20,
3,9,Overall,Overall,36,27,48,1.5,1.977602,0.362508,1099,18,
3,10,Overall,Overall,36,29,48,2.0,2.208383,0.380332,1110,19,
3,11,Overall,Overall,36,6,48,-2.0,-2.231215,0.719907,888,36,
3,12,Overall,Overall,36,29,48,2.0,2.149757,0.358093,1107,18,
3,13,Overall,Overall,36,21,48,1.5,1.17865,0.347506,1059,17,
3,14,Overall,Overall,36,32,48,2.5,2.737143,0.410416,1137,21,
3,15,Overall,Overall,36,30,48,3.0,2.749193,0.430521,1137,22,
3,16,Overall,Overall,36,15,48,0.0,-0.023984,0.383299,999,19,
3,17,Overall,Overall,36,29,48,2.0,1.913886,0.347387,1096,17,
3,18,Overall,Overall,36,26,48,2.0,1.65548,0.344868,1083,17,
3,19,Overall,Overall,36,3,48,-2.0,-3.096456,0.994564,845,50,
3,20,Overall,Overall,36,12,48,-0.5,-0.476826,0.420565,976,21,
3,21,Overall,Overall,36,11,48,-0.5,-0.794108,0.480712,960,24,
3,22,Overall,Overall,36,38,48,3.0,3.167139,0.424373,1158,21,
3,23,Overall,Overall,36,28,48,2.0,2.334581,0.375352,1117,19,
3,24,Overall,Overall,36,38,48,3.0,3.677765,0.526147,1184,26,
3,25,Overall,Overall,36,11,48,0.0,-0.590285,0.438328,970,22,
3,26,Overall,Overall,36,36,48,2.5,2.88664,0.405215,1144,20,
3,27,Overall,Overall,36,6,48,-0.5,-1.719081,0.600911,914,30,
3,28,Overall,Overall,36,31,48,3.0,2.558404,0.377323,1128,19,
3,29,Overall,Overall,36,11,48,0.0,-0.354949,0.374221,982,19,
3,30,Overall,Overall,36,9,48,-1.0,-0.809099,0.479239,960,24,
3,31,Overall,Overall,36,5,48,-2.0,-2.26409,0.743195,887,37,
3,32,Overall,Overall,36,28,48,1.5,1.89277,0.338366,1095,17,
3,33,Overall,Overall,36,6,48,-2.0,-1.66852,0.602965,917,30,
3,34,Overall,Overall,36,39,48,3.0,3.58154,0.505886,1179,25,
3,35,Overall,Overall,36,35,48,3.0,3.003783,0.425205,1150,21,
3,36,Overall,Overall,36,9,48,-1.0,-1.0217,0.492675,949,25,
3,37,Overall,Overall,36,4,48,-3.0,-3.303239,1.014365,835,51,
3,38,Overall,Overall,36,19,48,1.0,0.951466,0.329372,1048,16,
3,39,Overall,Overall,36,18,48,0.5,0.462702,0.377419,1023,19,
3,40,Overall,Overall,36,27,48,2.0,1.780207,0.383454,1089,19,
3,41,Overall,Overall,36,4,48,-2.5,-2.513117,0.748895,874,37,
3,42,Overall,Overall,36,28,48,2.5,2.526753,0.391325,1126,20,
3,43,Overall,Overall,36,23,48,1.5,1.43649,0.352807,1072,18,
3,44,Overall,Overall,36,13,48,0.0,-0.311299,0.392966,984,20,
3,45,Overall,Overall,36,33,48,2.0,2.997517,0.462829,1150,23,
3,46,Overall,Overall,36,3,48,-2.0,-2.764109,0.904025,862,45,
3,47,Overall,Overall,36,32,48,3.0,2.698708,0.413999,1135,21,
3,48,Overall,Overall,36,3,48,-2.5,-2.856479,0.892754,857,45,
3,49,Overall,Overall,36,23,48,1.5,1.548119,0.345645,1077,17,
3,50,Overall,Overall,36,14,48,0.5,0.29616,0.360515,1015,18,
3,51,Overall,Overall,36,9,48,0.5,-0.749249,0.515251,963,26,
3,52,Overall,Overall,36,3,48,-3.0,-4.45765,1.37118,777,69,
3,53,Overall,Overall,36,15,48,0.0,-0.147821,0.379478,993,19,
3,54,Overall,Overall,36,10,48,-0.5,-0.7899,0.45731,961,23,
3,55,Overall,Overall,36,7,48,-1.0,-1.391686,0.600504,930,30,
3,56,Overall,Overall,36,27,48,1.5,1.761574,0.342053,1088,17,
3,57,Overall,Overall,36,22,48,1.5,1.028206,0.344423,1051,17,
3,58,Overall,Overall,36,26,48,1.5,1.98432,0.348557,1099,17,
3,59,Overall,Overall,36,7,48,-2.5,-1.976261,0.646409,901,32,
3,60,Overall,Overall,36,3,48,-2.5,-3.168317,1.024447,842,51,
3,61,Overall,Overall,36,25,48,2.0,1.652849,0.353283,1083,18,
3,62,Overall,Overall,36,21,48,1.5,0.805372,0.344349,1040,17,
3,63,Overall,Overall,36,38,48,2.5,3.009755,0.462222,1150,23,
3,64,Overall,Overall,36,16,48,0.0,0.243453,0.365443,1012,18,
3,65,Overall,Overall,36,5,48,-2.5,-1.654199,0.609412,917,30,
3,66,Overall,Overall,36,3,48,-3.0,-3.069512,0.943083,847,47,
3,67,Overall,Overall,36,21,48,1.0,1.279293,0.338192,1064,17,
3,68,Overall,Overall,36,4,48,-2.5,-2.414482,0.785742,879,39,
3,69,Overall,Overall,36,3,48,-2.5,-3.628178,1.208997,819,60,
3,70,Overall,Overall,36,35,48,2.5,3.186123,0.456991,1159,23,
3,71,Overall,Overall,36,5,48,-2.5,-2.314801,0.740364,884,37,
3,72,Overall,Overall,36,29,48,1.5,1.70231,0.333522,1085,17,
3,73,Overall,Overall,36,24,48,2.0,1.801538,0.341807,1090,17,
3,74,Overall,Overall,36,0,48,-3.0,-5.0,1.717649,750,86,
3,75,Overall,Overall,36,30,48,2.0,2.562302,0.417046,1128,21,
3,76,Overall,Overall,36,37,48,3.0,3.158621,0.460797,1158,23,
3,77,Overall,Overall,36,27,48,1.5,1.401423,0.343382,1070,17,
3,78,Overall,Overall,36,34,48,2.5,2.739349,0.398842,1137,20,
3,79,Overall,Overall,36,8,48,-2.0,-0.714076,0.467805,964,23,
3,80,Overall,Overall,36,19,48,1.5,0.831918,0.381852,1042,19,
3,81,Overall,Overall,36,14,48,0.5,0.061941,0.393143,1003,20,
3,82,Overall,Overall,36,21,48,1.0,1.05876,0.348007,1053,17,
3,83,Overall,Overall,36,6,48,-1.0,-2.33449,0.682991,883,34,
3,84,Overall,Overall,36,19,48,1.0,1.239161,0.373313,1062,19,
3,85,Overall,Overall,36,22,48,1.0,0.895726,0.35305,1045,18,
3,86,Overall,Overall,36,20,48,2.0,1.530345,0.351246,1077,18,
3,87,Overall,Overall,36,26,48,2.0,2.033114,0.366493,1102,18,
3,88,Overall,Overall,36,8,48,-0.5,-1.077917,0.489216,946,24,
3,89,Overall,Overall,36,25,48,1.5,1.521808,0.341971,1076,17,
3,90,Overall,Overall,36,17,48,1.0,0.701355,0.373531,1035,19,
3,91,Overall,Overall,36,26,48,2.0,1.631655,0.354738,1082,18,
3,92,Overall,Overall,36,26,48,1.5,1.730554,0.365024,1087,18,
3,93,Overall,Overall,36,6,48,-2.5,-1.552296,0.579397,922,29,
3,94,Overall,Overall,36,22,48,1.0,1.36002,0.360401,1068,18,
3,95,Overall,Overall,36,21,48,1.0,1.222165,0.341616,1061,17,
3,96,Overall,Overall,36,5,48,-1.5,-2.845678,0.848995,858,42,
3,97,Overall,Overall,36,20,48,1.0,1.392675,0.350948,1070,18,
3,98,Overall,Overall,36,9,48,-1.5,-1.123443,0.48473,944,24,
3,99,Overall,Overall,36,3,48,-2.5,-2.64041,0.832605,868,42,
3,100,Overall,Overall,36,24,48,2.0,1.531833,0.357549,1077,18,
3,101,Overall,Overall,36,14,48,0.0,0.085878,0.392607,1004,20,
3,102,Overall,Overall,36,14,48,-1.0,0.010257,0.374082,1001,19,
3,103,Overall,Overall,36,17,48,0.5,0.580511,0.411631,1029,21,
3,104,Overall,Overall,36,3,48,-2.5,-4.026788,1.244865,799,62,
3,105,Overall,Overall,36,6,48,-3.0,-2.063412,0.703245,897,35,
3,106,Overall,Overall,36,21,48,2.5,1.677554,0.348681,1084,17,
3,107,Overall,Overall,36,9,48,-1.5,-1.205644,0.494064,940,25,
3,108,Overall,Overall,36,3,48,-3.0,-3.897401,1.226029,805,61,
3,109,Overall,Overall,36,17,48,1.0,0.351478,0.350202,1018,18,
3,110,Overall,Overall,36,6,48,-2.5,-1.733469,0.601689,913,30,
3,111,Overall,Overall,36,19,48,1.0,0.89061,0.339626,1045,17,
3,112,Overall,Overall,36,32,48,2.5,2.489623,0.375277,1124,19,
3,113,Overall,Overall,36,3,48,-3.0,-3.033395,0.911644,848,46,
3,114,Overall,Overall,36,5,48,-2.5,-2.158459,0.663922,892,33,
3,115,Overall,Overall,36,24,48,1.5,1.583443,0.33178,1079,17,
3,116,Overall,Overall,36,39,48,3.0,3.319856,0.483351,1166,24,
3,117,Overall,Overall,36,5,48,-1.5,-2.562504,0.786063,872,39,
3,118,Overall,Overall,36,23,48,2.0,1.553097,0.316382,1078,16,
3,119,Overall,Overall,36,9,48,-1.5,-0.941221,0.500741,953,25,
3,120,Overall,Overall,36,20,48,1.0,1.006955,0.337296,1050,17,
3,121,Overall,Overall,36,7,48,-3.0,-1.3366,0.550107,933,28,
3,122,Overall,Overall,36,9,48,-1.5,-0.910327,0.474304,954,24,
3,123,Overall,Overall,36,7,48,-2.0,-1.589469,0.609558,921,30,
3,124,Overall,Overall,36,12,48,-0.5,-0.227438,0.371221,989,19,
3,125,Overall,Overall,36,24,48,1.5,1.413077,0.342701,1071,17,
3,126,Overall,Overall,36,29,48,2.0,2.234483,0.37034,1112,19,
3,127,Overall,Overall,36,36,48,3.0,2.824314,0.404493,1141,20,
3,128,Overall,Overall,36,26,48,1.5,1.632768,0.351128,1082,18,
3,129,Overall,Overall,36,8,48,0.0,-0.857646,0.454113,957,23,
3,130,Overall,Overall,36,33,48,3.0,2.674009,0.389021,1134,19,
3,131,Overall,Overall,36,5,48,-2.0,-2.421718,0.739417,879,37,
3,132,Overall,Overall,36,14,48,0.0,-0.165398,0.362269,992,18,
3,133,Overall,Overall,36,8,48,-0.5,-1.039557,0.518148,948,26,
3,134,Overall,Overall,36,9,48,-0.5,-0.703187,0.441916,965,22,
3,135,Overall,Overall,36,13,48,0.0,0.255182,0.391164,1013,20,
3,136,Overall,Overall,36,2,48,-3.0,-4.582962,1.458606,771,73,
3,137,Overall,Overall,36,4,48,-1.5,-2.494957,0.716025,875,36,
3,138,Overall,Overall,36,5,48,-1.5,-2.056165,0.735922,897,37,
3,139,Overall,Overall,36,25,48,1.5,1.837332,0.339264,1092,17,
3,140,Overall,Overall,36,4,48,-3.0,-3.010885,0.947389,849,47,
3,141,Overall,Overall,36,38,48,3.0,3.951212,0.528177,1198,26,
3,142,Overall,Overall,36,3,48,-2.5,-3.856408,1.209016,807,60,
3,143,Overall,Overall,36,18,48,0.5,0.582408,0.374673,1029,19,
3,144,Overall,Overall,36,28,48,3.0,2.313947,0.38358,1116,19,
3,145,Overall,Overall,36,26,48,1.0,1.124612,0.336814,1056,17,
3,146,Overall,Overall,36,17,48,0.0,0.075963,0.37659,1004,19,
3,147,Overall,Overall,36,12,48,-0.5,-0.596671,0.488185,970,24,
3,148,Overall,Overall,36,7,48,-2.0,-1.683768,0.643859,916,32,
3,149,Overall,Overall,36,18,48,0.5,0.763022,0.351533,1038,18,
3,150,Overall,Overall,36,4,48,-3.0,-2.686811,0.810022,866,41,
3,151,Overall,Overall,36,24,48,1.5,1.645234,0.338297,1082,17,
3,152,Overall,Overall,36,10,48,-1.0,-0.325424,0.414659,984,21,
3,153,Overall,Overall,36,25,48,1.0,1.656988,0.347659,1083,17,
3,154,Overall,Overall,36,20,48,1.0,1.056698,0.334227,1053,17,
3,155,Overall,Overall,36,29,48,2.5,2.164933,0.359587,1108,18,
3,156,Overall,Overall,36,6,48,-1.5,-2.106336,0.653232,895,33,
3,157,Overall,Overall,36,17,48,-0.5,0.207204,0.367801,1010,18,
3,158,Overall,Overall,36,16,48,0.5,0.617583,0.377906,1031,19,
3,159,Overall,Overall,36,4,48,-3.0,-3.155424,1.082932,842,54,
3,160,Overall,Overall,36,32,48,2.5,2.434703,0.364116,1122,18,
3,161,Overall,Overall,36,7,48,-1.5,-1.205448,0.491448,940,25,
3,162,Overall,Overall,36,26,48,2.0,1.962862,0.338238,1098,17,
3,163,Overall,Overall,36,35,48,3.0,2.957919,0.429288,1148,21,
3,164,Overall,Overall,36,14,48,-0.5,-0.208677,0.398249,990,20,
3,165,Overall,Overall,36,34,48,2.5,2.689722,0.40104,1134,20,
3,166,Overall,Overall,36,21,48,0.5,0.944424,0.333477,1047,17,
3,167,Overall,Overall,36,29,48,2.5,2.357437,0.371051,1118,19,
3,168,Overall,Overall,36,22,48,0.5,1.082205,0.362411,1054,18,
3,169,Overall,Overall,36,8,48,-1.0,-1.265355,0.50863,937,25,
3,170,Overall,Overall,36,4,48,-2.0,-2.760177,0.879509,862,44,
3,171,Overall,Overall,36,1,48,-2.5,-4.984524,1.722554,751,86,
3,172,Overall,Overall,36,30,48,3.0,2.559341,0.409648,1128,20,
3,173,Overall,Overall,36,29,48,2.5,2.480048,0.395545,1124,20,
3,174,Overall,Overall,36,31,48,2.0,2.215752,0.386124,1111,19,
3,175,Overall,Overall,36,21,48,1.0,1.489893,0.352819,1074,18,
3,176,Overall,Overall,36,20,48,1.0,0.503997,0.373132,1025,19,
3,177,Overall,Overall,36,7,48,-2.0,-1.1449,0.499382,943,25,
3,178,Overall,Overall,36,12,48,-1.0,-0.449574,0.418167,978,21,
3,179,Overall,Overall,36,4,48,-2.5,-3.039115,0.922002,848,46,
3,180,Overall,Overall,36,31,48,2.5,2.401804,0.352839,1120,18,
3,181,Overall,Overall,36,6,48,-2.0,-2.046613,0.662389,898,33,
3,182,Overall,Overall,36,33,48,3.0,2.727837,0.408577,1136,20,
3,183,Overall,Overall,36,10,48,-0.5,-0.778514,0.454592,961,23,
3,184,Overall,Overall,36,33,48,3.0,2.88755,0.427927,1144,21,
3,185,Overall,Overall,36,10,48,-1.5,-0.638178,0.442162,968,22,
3,186,Overall,Overall,36,8,48,-1.0,-0.786141,0.520959,961,26,
3,187,Overall,Overall,36,2,48,-3.0,-3.855726,1.179066,807,59,
3,188,Overall,Overall,36,8,48,-1.0,-0.554682,0.455774,972,23,
3,189,Overall,Overall,36,37,48,2.5,3.371268,0.477004,1169,24,
3,190,Overall,Overall,36,38,48,3.0,3.440157,0.52248,1172,26,
3,191,Overall,Overall,36,5,48,-2.5,-2.609605,0.814146,870,41,
3,192,Overall,Overall,36,4,48,-2.5,-3.417398,0.998266,829,50,
3,193,Overall,Overall,36,11,48,-1.0,-0.913198,0.47107,954,24,
3,194,Overall,Overall,36,39,48,3.0,3.353252,0.454704,1168,23,
3,195,Overall,Overall,36,15,48,0.5,0.262321,0.345066,1013,17,
3,196,Overall,Overall,36,5,48,-2.0,-2.781167,0.852733,861,43,
3,197,Overall,Overall,36,33,48,3.0,3.09728,0.44915,1155,22,
3,198,Overall,Overall,36,15,48,0.5,0.142044,0.389626,1007,19,
3,199,Overall,Overall,36,33,48,2.5,2.310503,0.371259,1116,19,
3,200,Overall,Overall,36,23,48,1.5,1.099572,0.356303,1055,18,
3,201,Overall,Overall,36,5,48,-2.5,-2.145696,0.69132,893,35,
3,202,Overall,Overall,36,18,48,0.5,0.566368,0.365234,1028,18,
3,203,Overall,Overall,36,7,48,-2.0,-1.637546,0.574472,918,29,
3,204,Overall,Overall,36,8,48,-2.0,-1.297762,0.514117,935,26,
3,205,Overall,Overall,36,10,48,-0.5,-0.960024,0.505203,952,25,
3,206,Overall,Overall,36,22,48,2.0,1.844887,0.355629,1092,18,
3,207,Overall,Overall,36,11,48,0.0,-0.332676,0.438303,983,22,
3,208,Overall,Overall,36,30,48,2.5,2.185024,0.385275,1109,19,
3,209,Overall,Overall,36,8,48,-1.0,-1.561103,0.591862,922,30,
3,210,Overall,Overall,36,12,48,0.5,-0.318747,0.393883,984,20,
3,211,Overall,Overall,36,23,48,1.5,1.154735,0.359027,1058,18,
3,212,Overall,Overall,36,19,48,1.0,0.846762,0.343047,1042,17,
3,213,Overall,Overall,36,37,48,2.5,3.305064,0.442615,1165,22,
3,214,Overall,Overall,36,9,48,-2.0,-1.1536,0.521534,942,26,
3,215,Overall,Overall,36,6,48,-3.0,-1.890684,0.639272,905,32,
3,216,Overall,Overall,36,4,48,-2.0,-2.209275,0.694055,890,35,
3,217,Overall,Overall,36,7,48,-0.5,-1.567066,0.597425,922,30,
3,218,Overall,Overall,36,35,48,2.5,2.651213,0.387974,1133,19,
3,219,Overall,Overall,36,17,48,0.5,0.494154,0.354044,1025,18,
3,220,Overall,Overall,36,11,48,0.0,-0.144571,0.36019,993,18,
3,221,Overall,Overall,36,24,48,2.0,1.641426,0.33755,1082,17,
3,222,Overall,Overall,36,25,48,1.5,1.937221,0.37687,1097,19,
3,223,Overall,Overall,36,3,48,-2.0,-2.897103,0.81176,855,41,
3,224,Overall,Overall,36,15,48,1.0,0.208441,0.362992,1010,18,
3,225,Overall,Overall,36,38,48,2.5,3.39577,0.481362,1170,24,
3,226,Overall,Overall,36,14,48,-0.5,-0.124175,0.43042,994,22,
3,227,Overall,Overall,36,15,48,0.0,-0.099398,0.36461,995,18,
3,228,Overall,Overall,36,9,48,-1.5,-1.59012,0.590941,920,30,
3,229,Overall,Overall,36,5,48,-2.5,-2.091482,0.706955,895,35,
3,230,Overall,Overall,36,8,48,-1.5,-1.64335,0.617716,918,31,
3,231,Overall,Overall,36,10,48,-1.0,-1.308658,0.509023,935,25,
3,232,Overall,Overall,36,18,48,1.0,0.644059,0.355959,1032,18,
3,233,Overall,Overall,36,5,48,-0.5,-2.156616,0.671797,892,34,
3,234,Overall,Overall,36,25,48,2.0,2.122811,0.360533,1106,18,
3,235,Overall,Overall,36,5,48,-2.0,-1.93861,0.622809,903,31,
3,236,Overall,Overall,36,36,48,3.0,2.753457,0.399582,1138,20,
3,237,Overall,Overall,36,28,48,1.0,1.798399,0.329665,1090,16,
3,238,Overall,Overall,36,13,48,0.0,-0.386022,0.444081,981,22,
3,239,Overall,Overall,36,12,48,-0.5,-0.43746,0.404893,978,20,
3,240,Overall,Overall,36,38,48,2.5,3.084265,0.429108,1154,21,
3,241,Overall,Overall,36,15,48,0.0,-0.102581,0.382727,995,19,
3,242,Overall,Overall,36,6,48,-1.5,-1.76086,0.659796,912,33,
3,243,Overall,Overall,36,4,48,-3.0,-2.182565,0.761601,891,38,
3,244,Overall,Overall,36,9,48,-0.5,-0.820107,0.469968,959,23,
3,245,Overall,Overall,36,7,48,-2.0,-1.771481,0.613967,911,31,
3,246,Overall,Overall,36,10,48,0.0,-0.02941,0.440314,999,22,
3,247,Overall,Overall,36,15,48,0.0,0.319445,0.36605,1016,18,
3,248,Overall,Overall,36,33,48,2.0,2.103529,0.352465,1105,18,
3,249,Overall,Overall,36,8,48,-2.0,-1.451146,0.576622,927,29,
3,250,Overall,Overall,36,3,48,-3.0,-2.574934,0.82157,871,41,
3,251,Overall,Overall,36,21,48,0.5,0.563111,0.356454,1028,18,
3,252,Overall,Overall,36,21,48,1.0,0.705887,0.363087,1035,18,
3,253,Overall,Overall,36,5,48,-2.0,-1.834616,0.623106,908,31,
3,254,Overall,Overall,36,36,48,2.5,3.350164,0.464627,1168,23,
3,255,Overall,Overall,36,10,48,-1.0,-0.661815,0.427818,967,21,
3,256,Overall,Overall,36,30,48,2.5,2.369786,0.367934,1118,18,
3,257,Overall,Overall,36,4,48,-2.5,-2.774552,0.865236,861,43,
3,258,Overall,Overall,36,5,48,-1.0,-1.309885,0.545763,935,27,
3,259,Overall,Overall,36,41,48,3.0,4.223776,0.605012,1211,30,
3,260,Overall,Overall,36,7,48,-1.5,-1.454598,0.563198,927,28,
3,261,Overall,Overall,36,33,48,3.0,2.766432,0.396596,1138,20,
3,262,Overall,Overall,36,31,48,2.5,2.445756,0.363262,1122,18,
3,263,Overall,Overall,36,18,48,0.5,0.490299,0.371377,1025,19,
3,264,Overall,Overall,36,38,48,3.0,2.859055,0.413846,1143,21,
3,265,Overall,Overall,36,31,48,2.5,2.229517,0.370443,1111,19,
3,266,Overall,Overall,36,9,48,-1.0,-0.755495,0.436187,962,22,
3,267,Overall,Overall,36,40,48,3.0,3.791576,0.571488,1190,29,
3,268,Overall,Overall,36,27,48,2.0,1.887634,0.361639,1094,18,
3,269,Overall,Overall,36,26,48,1.0,1.069509,0.359159,1053,18,
3,270,Overall,Overall,36,8,48,-2.0,-1.44826,0.584295,928,29,
3,271,Overall,Overall,36,18,48,1.0,0.464813,0.344759,1023,17,
3,272,Overall,Overall,36,15,48,0.0,0.115654,0.368116,1006,18,
3,273,Overall,Overall,36,3,48,-2.5,-3.644355,1.151847,818,58,
3,274,Overall,Overall,36,26,48,2.0,1.95196,0.339858,1098,17,
3,275,Overall,Overall,36,30,48,3.0,2.564754,0.421004,1128,21,
3,276,Overall,Overall,36,35,48,3.0,3.086112,0.488124,1154,24,
3,277,Overall,Overall,36,33,48,2.5,2.393512,0.356484,1120,18,
3,278,Overall,Overall,36,18,48,1.0,1.519554,0.333064,1076,17,
3,279,Overall,Overall,36,8,48,-1.5,-1.237735,0.538643,938,27,
3,280,Overall,Overall,36,9,48,-0.5,-0.385348,0.402357,981,20,
3,281,Overall,Overall,36,4,48,-1.5,-2.522651,0.807726,874,40,
3,282,Overall,Overall,36,7,48,-2.0,-1.398571,0.580447,930,29,
3,283,Overall,Overall,36,33,48,2.5,2.185542,0.353417,1109,18,
3,284,Overall,Overall,36,15,48,1.0,0.481142,0.352438,1024,18,
3,285,Overall,Overall,36,3,48,-3.0,-3.727908,1.198787,814,60,
3,286,Overall,Overall,36,27,48,1.5,1.764708,0.350891,1088,18,
3,287,Overall,Overall,36,14,48,-0.5,-0.475672,0.405719,976,20,
3,288,Overall,Overall,36,10,48,-2.0,-1.352188,0.52472,932,26,
3,289,Overall,Overall,36,35,48,2.5,2.675755,0.386562,1134,19,
3,290,Overall,Overall,36,5,48,-2.5,-2.069907,0.680245,897,34,
3,291,Overall,Overall,36,3,48,-3.0,-3.037438,1.005885,848,50,
3,292,Overall,Overall,36,3,48,-1.5,-2.869267,0.864334,857,43,
3,293,Overall,Overall,36,11,48,-0.5,-0.528533,0.414877,974,21,
3,294,Overall,Overall,36,21,48,1.5,1.069108,0.375769,1053,19,
3,295,Overall,Overall,36,4,48,-2.0,-2.454643,0.781395,877,39,
3,296,Overall,Overall,36,7,48,-2.5,-1.571272,0.59227,921,30,
3,297,Overall,Overall,36,9,48,-1.5,-1.185451,0.487749,941,24,
3,298,Overall,Overall,36,14,48,-0.5,0.044347,0.374285,1002,19,
3,299,Overall,Overall,36,3,48,-2.5,-3.045472,0.957649,848,48,
3,300,Overall,Overall,36,18,48,0.0,0.340044,0.366923,1017,18,
3,301,Overall,Overall,36,11,48,-1.0,-0.67939,0.466331,966,23,
3,302,Overall,Overall,36,36,48,3.0,3.077884,0.42328,1154,21,
3,303,Overall,Overall,36,27,48,1.0,1.884613,0.352186,1094,18,
3,304,Overall,Overall,36,9,48,-0.5,-1.007978,0.466154,950,23,
3,305,Overall,Overall,36,33,48,3.0,2.935866,0.411706,1147,21,
3,306,Overall,Overall,36,28,48,2.0,1.989886,0.355988,1099,18,
3,307,Overall,Overall,36,10,48,-1.5,-0.814743,0.427067,959,21,
3,308,Overall,Overall,36,6,48,-1.5,-1.483024,0.603834,926,30,
3,309,Overall,Overall,36,12,48,-1.0,-0.423317,0.394877,979,20,
3,310,Overall,Overall,36,12,48,-1.0,-0.74505,0.474737,963,24,
3,311,Overall,Overall,36,23,48,1.0,1.571604,0.347383,1079,17,
3,312,Overall,Overall,36,5,48,-2.5,-2.229554,0.699472,889,35,
3,313,Overall,Overall,36,31,48,2.0,2.347136,0.370258,1117,19,
3,314,Overall,Overall,36,4,48,-2.5,-3.181971,0.972804,841,49,
3,315,Overall,Overall,36,13,48,-1.0,-0.50943,0.398267,975,20,
3,316,Overall,Overall,36,7,48,-1.5,-1.241258,0.588447,938,29,
3,317,Overall,Overall,36,13,48,-0.5,-0.636851,0.441684,968,22,
3,318,Overall,Overall,36,6,48,-1.0,-1.787768,0.697567,911,35,
3,319,Overall,Overall,36,29,48,2.5,2.336016,0.348517,1117,17,
3,320,Overall,Overall,36,16,48,-0.5,-0.091826,0.371671,995,19,
3,321,Overall,Overall,36,9,48,-1.0,-1.242477,0.56491,938,28,
3,322,Overall,Overall,36,7,48,-1.0,-1.361498,0.58668,932,29,
3,323,Overall,Overall,36,12,48,-2.0,-0.607729,0.434174,970,22,
3,324,Overall,Overall,36,24,48,1.5,1.091812,0.352777,1055,18,
3,325,Overall,Overall,36,16,48,0.0,0.02983,0.374366,1001,19,
3,326,Overall,Overall,36,4,48,-3.0,-2.743479,0.867663,863,43,
3,327,Overall,Overall,36,17,48,0.5,0.198968,0.359516,1010,18,
3,328,Overall,Overall,36,10,48,-0.5,-0.414068,0.40434,979,20,
3,329,Overall,Overall,36,9,48,-0.5,-1.028213,0.492323,949,25,
3,330,Overall,Overall,36,7,48,-1.5,-1.31119,0.546036,934,27,
3,331,Overall,Overall,36,17,48,-0.5,-0.004298,0.343638,1000,17,
3,332,Overall,Overall,36,9,48,-0.5,-1.760207,0.624305,912,31,
3,333,Overall,Overall,36,6,48,-2.5,-1.657209,0.60393,917,30,
3,334,Overall,Overall,36,20,48,1.0,0.907495,0.38309,1045,19,
3,335,Overall,Overall,36,16,48,1.0,0.745797,0.353969,1037,18,
3,336,Overall,Overall,36,28,48,2.5,2.187841,0.386488,1109,19,
3,337,Overall,Overall,36,25,48,2.0,1.76402,0.331286,1088,17,
3,338,Overall,Overall,36,3,48,-2.0,-3.753328,1.156379,812,58,
3,339,Overall,Overall,36,39,48,2.5,3.641396,0.530337,1182,27,
3,340,Overall,Overall,36,14,48,0.0,0.07245,0.383127,1004,19,
3,341,Overall,Overall,36,16,48,0.5,0.713878,0.372254,1036,19,
3,342,Overall,Overall,36,29,48,1.5,1.899325,0.400398,1095,20,
3,343,Overall,Overall,36,38,48,3.0,3.253697,0.474217,1163,24,
3,344,Overall,Overall,36,19,48,1.0,0.755298,0.347502,1038,17,
3,345,Overall,Overall,36,22,48,1.0,1.09011,0.369585,1055,18,
3,346,Overall,Overall,36,30,48,2.0,2.177723,0.368099,1109,18,
3,347,Overall,Overall,36,18,48,0.5,0.562772,0.341407,1028,17,
3,348,Overall,Overall,36,27,48,1.5,1.500777,0.359696,1075,18,
3,349,Overall,Overall,36,9,48,-1.0,-1.321438,0.547002,934,27,
3,350,Overall,Overall,36,4,48,-3.0,-2.494491,0.775466,875,39,
3,351,Overall,Overall,36,36,48,3.0,2.968458,0.435553,1148,22,
3,352,Overall,Overall,36,3,48,-3.0,-2.891543,0.823372,855,41,
3,353,Overall,Overall,36,30,48,3.0,2.553445,0.385355,1128,19,
3,354,Overall,Overall,36,12,48,-0.5,-0.350061,0.451931,982,23,
3,355,Overall,Overall,36,34,48,1.5,2.249635,0.35094,1112,18,
3,356,Overall,Overall,36,4,48,-1.5,-2.945859,0.896409,853,45,
3,357,Overall,Overall,36,16,48,0.0,0.146906,0.388948,1007,19,
3,358,Overall,Overall,36,7,48,-1.5,-1.494537,0.562717,925,28,
3,359,Overall,Overall,36,31,48,2.5,3.009771,0.440781,1150,22,
3,360,Overall,Overall,36,7,48,-1.5,-1.260001,0.501874,937,25,
3,361,Overall,Overall,36,7,48,-1.5,-1.391738,0.577268,930,29,
3,362,Overall,Overall,36,14,48,-0.5,-0.133887,0.391347,993,20,
3,363,Overall,Overall,36,9,48,-1.5,-1.398468,0.573631,930,29,
3,364,Overall,Overall,36,29,48,1.5,2.238448,0.373471,1112,19,
3,365,Overall,Overall,36,32,48,2.0,1.999889,0.34159,1100,17,
3,366,Overall,Overall,36,5,48,-2.0,-2.660263,0.7824,867,39,
3,367,Overall,Overall,36,17,48,0.0,0.203306,0.381427,1010,19,
3,368,Overall,Overall,36,11,48,0.0,-0.417357,0.42772,979,21,
3,369,Overall,Overall,36,6,48,-2.5,-2.795985,0.861319,860,43,
3,370,Overall,Overall,36,30,48,1.5,2.021091,0.366216,1101,18,
3,371,Overall,Overall,36,5,48,-2.0,-2.666359,0.846836,867,42,
3,372,Overall,Overall,36,34,48,2.5,2.444177,0.387423,1122,19,
3,373,Overall,Overall,36,4,48,-2.5,-2.457033,0.766148,877,38,
3,374,Overall,Overall,36,7,48,-2.5,-1.779254,0.608758,911,30,
3,375,Overall,Overall,36,32,48,2.0,2.589791,0.403253,1129,20,
3,376,Overall,Overall,36,29,48,3.0,2.318743,0.376453,1116,19,
3,377,Overall,Overall,36,5,48,-1.5,-2.118441,0.716336,894,36,
3,378,Overall,Overall,36,13,48,-0.5,-0.401574,0.409507,980,20,
3,379,Overall,Overall,36,40,48,3.0,3.735462,0.574222,1187,29,
3,380,Overall,Overall,36,3,48,-2.5,-3.353504,1.030245,832,52,
3,381,Overall,Overall,36,7,48,-0.5,-1.354411,0.522939,932,26,
3,382,Overall,Overall,36,16,48,0.5,0.121177,0.358268,1006,18,
3,383,Overall,Overall,36,18,48,0.5,0.778361,0.359126,1039,18,
3,384,Overall,Overall,36,4,48,-2.5,-3.03721,0.973182,848,49,
3,385,Overall,Overall,36,22,48,0.5,1.123142,0.343476,1056,17,
3,386,Overall,Overall,36,29,48,3.0,2.493064,0.426015,1125,21,
3,387,Overall,Overall,36,5,48,-1.5,-1.74593,0.650585,913,33,
3,388,Overall,Overall,36,30,48,2.5,2.177521,0.34178,1109,17,
3,389,Overall,Overall,36,6,48,-2.5,-1.714419,0.597793,914,30,
3,390,Overall,Overall,36,3,48,-3.0,-4.293116,1.353148,785,68,
3,391,Overall,Overall,36,5,48,-2.0,-2.137711,0.759755,893,38,
3,392,Overall,Overall,36,15,48,0.0,0.35649,0.358593,1018,18,
3,393,Overall,Overall,36,24,48,1.0,1.52975,0.336613,1076,17,
3,394,Overall,Overall,36,16,48,-1.0,-0.024331,0.410561,999,21,
3,395,Overall,Overall,36,33,48,3.0,3.020119,0.445572,1151,22,
3,396,Overall,Overall,36,33,48,2.5,2.785123,0.41256,1139,21,
3,397,Overall,Overall,36,23,48,1.5,1.461588,0.339435,1073,17,
3,398,Overall,Overall,36,16,48,0.5,0.880876,0.366654,1044,18,
3,399,Overall,Overall,36,4,48,-3.0,-3.050406,0.981094,847,49,
3,400,Overall,Overall,36,6,48,-1.5,-1.870243,0.613991,906,31,
3,401,Overall,Overall,36,31,48,2.0,2.240021,0.36779,1112,18,
3,402,Overall,Overall,36,8,48,-0.5,-0.947738,0.481431,953,24,
3,403,Overall,Overall,36,10,48,-1.0,-0.414814,0.415957,979,21,
3,404,Overall,Overall,36,29,48,1.5,2.057183,0.343147,1103,17,
3,405,Overall,Overall,36,22,48,1.0,1.048548,0.355591,1052,18,
3,406,Overall,Overall,36,6,48,-2.0,-1.990259,0.633563,900,32,
3,407,Overall,Overall,36,30,48,3.0,2.268103,0.393767,1113,20,
3,408,Overall,Overall,36,3,48,-2.0,-2.715284,0.806169,864,40,
3,409,Overall,Overall,36,9,48,-0.5,-0.529391,0.462991,974,23,
3,410,Overall,Overall,36,6,48,-2.0,-1.921288,0.70413,904,35,
3,411,Overall,Overall,36,29,48,2.0,2.184454,0.36326,1109,18,
3,412,Overall,Overall,36,6,48,-1.5,-1.920236,0.60339,904,30,
3,413,Overall,Overall,36,4,48,-3.0,-3.260255,1.03635,837,52,
3,414,Overall,Overall,36,17,48,0.5,0.650732,0.343203,1033,17,
3,415,Overall,Overall,36,7,48,-2.0,-1.938394,0.645357,903,32,
3,416,Overall,Overall,36,4,48,-3.0,-2.513483,0.788079,874,39,
3,417,Overall,Overall,36,13,48,0.5,0.089507,0.402024,1004,20,
3,418,Overall,Overall,36,5,48,-3.0,-3.107934,0.944194,845,47,
3,419,Overall,Overall,36,13,48,0.5,-0.116602,0.381128,994,19,
3,420,Overall,Overall,36,4,48,-2.0,-2.316592,0.713145,884,36,
3,421,Overall,Overall,36,4,48,-2.5,-2.761827,0.862616,862,43,
3,422,Overall,Overall,36,26,48,2.0,1.612956,0.339511,1081,17,
3,423,Overall,Overall,36,18,48,1.0,0.574294,0.375314,1029,19,
3,424,Overall,Overall,36,6,48,-3.0,-2.324363,0.727991,884,36,
3,425,Overall,Overall,36,28,48,2.0,2.055439,0.385884,1103,19,
3,426,Overall,Overall,36,8,48,-1.0,-1.137457,0.493103,943,25,
3,427,Overall,Overall,36,9,48,-1.0,-0.978257,0.498026,951,25,
3,428,Overall,Overall,36,7,48,-2.5,-1.667466,0.624765,917,31,
3,429,Overall,Overall,36,10,48,-1.0,-0.892798,0.481457,955,24,
3,430,Overall,Overall,36,32,48,1.5,2.194139,0.34064,1110,17,
3,431,Overall,Overall,36,9,48,-0.5,-0.715525,0.416379,964,21,
3,432,Overall,Overall,36,31,48,1.5,2.083663,0.392614,1104,20,
3,433,Overall,Overall,36,19,48,1.0,0.651842,0.353478,1033,18,
3,434,Overall,Overall,36,12,48,0.0,0.15305,0.397652,1008,20,
3,435,Overall,Overall,36,36,48,3.0,2.942575,0.437895,1147,22,
3,436,Overall,Overall,36,21,48,1.0,1.074439,0.366208,1054,18,
3,437,Overall,Overall,36,9,48,-0.5,-1.236661,0.518013,938,26,
3,438,Overall,Overall,36,14,48,0.5,0.061634,0.386159,1003,19,
3,439,Overall,Overall,36,19,48,0.5,0.696672,0.374117,1035,19,
3,440,Overall,Overall,36,5,48,-2.5,-2.137223,0.670777,893,34,
3,441,Overall,Overall,36,23,48,1.5,1.519699,0.356589,1076,18,
3,442,Overall,Overall,36,30,48,3.0,2.681223,0.414138,1134,21,
3,443,Overall,Overall,36,31,48,2.5,2.429597,0.421004,1121,21,
3,444,Overall,Overall,36,36,48,3.0,2.982087,0.444899,1149,22,
3,445,Overall,Overall,36,39,48,3.0,3.771721,0.540464,1189,27,
3,446,Overall,Overall,36,8,48,-0.5,-0.697686,0.454528,965,23,
3,447,Overall,Overall,36,8,48,-2.0,-1.494269,0.578193,925,29,
3,448,Overall,Overall,36,3,48,-2.0,-2.872214,0.88662,856,44,
3,449,Overall,Overall,36,12,48,0.0,-0.11102,0.403301,994,20,
3,450,Overall,Overall,36,21,48,1.5,1.495695,0.359853,1075,18,
3,451,Overall,Overall,36,7,48,-2.0,-1.766448,0.634208,912,32,
3,452,Overall,Overall,36,11,48,-1.0,-0.297305,0.398213,985,20,
3,453,Overall,Overall,36,32,48,2.0,1.879997,0.338252,1094,17,
3,454,Overall,Overall,36,6,48,-2.5,-2.512968,0.719726,874,36,
3,455,Overall,Overall,36,21,48,0.5,0.773426,0.355605,1039,18,
3,456,Overall,Overall,36,29,48,1.5,1.779573,0.327375,1089,16,
3,457,Overall,Overall,36,2,48,-3.0,-2.681606,0.847541,866,42,
3,458,Overall,Overall,36,3,48,-1.5,-2.436725,0.783582,878,39,
3,459,Overall,Overall,36,24,48,2.0,1.915876,0.373127,1096,19,
3,460,Overall,Overall,36,4,48,-2.0,-2.613991,0.831711,869,42,
3,461,Overall,Overall,36,22,48,0.5,0.777657,0.351358,1039,18,
3,462,Overall,Overall,36,4,48,-2.5,-3.103917,0.972791,845,49,
3,463,Overall,Overall,36,29,48,1.5,1.853855,0.328153,1093,16,
3,464,Overall,Overall,36,17,48,0.5,0.475419,0.37624,1024,19,
3,465,Overall,Overall,36,10,48,-2.0,-0.983237,0.45795,951,23,
3,466,Overall,Overall,36,33,48,2.0,1.97117,0.368535,1099,18,
3,467,Overall,Overall,36,6,48,-1.5,-1.198604,0.529234,940,26,
3,468,Overall,Overall,36,13,48,0.0,-0.41686,0.402811,979,20,
3,469,Overall,Overall,36,21,48,1.0,0.923096,0.340033,1046,17,
3,470,Overall,Overall,36,5,48,-1.5,-2.321567,0.714165,884,36,
3,471,Overall,Overall,36,29,48,2.0,2.280571,0.399893,1114,20,
3,472,Overall,Overall,36,30,48,1.5,2.269746,0.363344,1113,18,
3,473,Overall,Overall,36,29,48,2.0,2.266155,0.400667,1113,20,
3,474,Overall,Overall,36,4,48,-1.5,-2.363163,0.713567,882,36,
3,475,Overall,Overall,36,24,48,1.5,1.102243,0.331806,1055,17,
3,476,Overall,Overall,36,10,48,0.0,-1.123589,0.499209,944,25,
3,477,Overall,Overall,36,10,48,-1.0,-0.515831,0.426306,974,21,
3,478,Overall,Overall,36,7,48,-1.0,-1.060248,0.502207,947,25,
3,479,Overall,Overall,36,3,48,-2.5,-2.536514,0.855804,873,43,
3,480,Overall,Overall,36,30,48,3.0,2.263859,0.376032,1113,19,
3,481,Overall,Overall,36,17,48,0.5,0.500117,0.373752,1025,19,
3,482,Overall,Overall,36,4,48,-3.0,-3.827685,1.23942,809,62,
3,483,Overall,Overall,36,23,48,2.0,1.711537,0.342869,1086,17,
3,484,Overall,Overall,36,4,48,-2.0,-1.774686,0.632505,911,32,
3,485,Overall,Overall,36,9,48,0.0,-0.753972,0.459195,962,23,
3,486,Overall,Overall,36,20,48,0.5,0.90192,0.369597,1045,18,
3,487,Overall,Overall,36,26,48,2.0,1.577515,0.349264,1079,17,
3,488,Overall,Overall,36,37,48,3.0,3.374515,0.505122,1169,25,
3,489,Overall,Overall,36,28,48,2.0,2.177106,0.377884,1109,19,
3,490,Overall,Overall,36,36,48,3.0,3.582215,0.515383,1179,26,
3,491,Overall,Overall,36,26,48,1.0,1.633921,0.3695,1082,18,
3,492,Overall,Overall,36,3,48,-2.0,-3.245157,1.019992,838,51,
3,493,Overall,Overall,36,0,48,-3.0,-5.0,1.873991,750,94,
3,494,Overall,Overall,36,5,48,-2.5,-2.114529,0.68718,894,34,
3,495,Overall,Overall,36,9,48,-1.5,-1.27415,0.544357,936,27,
3,496,Overall,Overall,36,15,48,0.0,-0.060198,0.38525,997,19,
3,497,Overall,Overall,36,21,48,1.0,0.899354,0.355653,1045,18,
3,498,Overall,Overall,36,36,48,3.0,2.970617,0.460613,1149,23,
3,499,Overall,Overall,36,16,48,0.0,0.560561,0.360028,1028,18,
3,500,Overall,Overall,36,41,48,2.5,3.950021,0.563184,1198,28,
3,501,Overall,Overall,36,4,48,-3.0,-2.717364,0.81363,864,41,
3,502,Overall,Overall,36,3,48,-3.0,-3.944098,1.303456,803,65,
3,503,Overall,Overall,36,4,48,-1.5,-2.592091,0.7845,870,39,
3,504,Overall,Overall,36,3,48,-2.5,-3.626051,1.158743,819,58,
3,505,Overall,Overall,36,6,48,-0.5,-1.82393,0.643113,909,32,
3,506,Overall,Overall,36,5,48,-3.0,-2.13908,0.698108,893,35,
3,507,Overall,Overall,36,32,48,2.5,2.752734,0.401737,1138,20,
3,508,Overall,Overall,36,3,48,-2.5,-3.236952,1.021621,838,51,
3,509,Overall,Overall,36,5,48,-1.5,-2.169215,0.670283,892,34,
3,510,Overall,Overall,36,29,48,2.5,2.531279,0.392857,1127,20,
3,511,Overall,Overall,36,24,48,1.0,1.073595,0.319403,1054,16,
3,512,Overall,Overall,36,4,48,-1.5,-2.070338,0.729014,896,36,
3,513,Overall,Overall,36,3,48,-3.0,-3.108173,0.897526,845,45,
3,514,Overall,Overall,36,2,48,-2.0,-2.593634,0.870325,870,44,
3,515,Overall,Overall,36,14,48,0.5,0.644214,0.364563,1032,18,
3,516,Overall,Overall,36,1,48,-3.0,-5.0,1.799381,750,90,
3,517,Overall,Overall,36,7,48,-2.0,-1.243804,0.530506,938,27,
3,518,Overall,Overall,36,5,48,-1.0,-1.942484,0.697933,903,35,
3,519,Overall,Overall,36,7,48,-1.0,-1.509122,0.591494,925,30,
3,520,Overall,Overall,36,9,48,-0.5,-0.853829,0.483004,957,24,
3,521,Overall,Overall,36,13,48,0.5,0.160307,0.401603,1008,20,
3,522,Overall,Overall,36,12,48,0.0,-0.108346,0.396225,995,20,
3,523,Overall,Overall,36,25,48,2.0,1.604804,0.347647,1080,17,
3,524,Overall,Overall,36,32,48,3.0,2.753291,0.435293,1138,22,
3,525,Overall,Overall,36,3,48,-3.0,-3.028618,0.905486,849,45,
3,526,Overall,Overall,36,8,48,-1.0,-1.206192,0.531907,940,27,
3,527,Overall,Overall,36,23,48,1.5,1.35265,0.342911,1068,17,
3,528,Overall,Overall,36,13,48,0.0,-0.057363,0.37454,997,19,
3,529,Overall,Overall,36,4,48,-3.0,-2.435754,0.765816,878,38,
3,530,Overall,Overall,36,3,48,-2.0,-3.804328,1.213573,810,61,
3,531,Overall,Overall,36,28,48,2.0,1.842244,0.333004,1092,17,
3,532,Overall,Overall,36,6,48,-1.0,-1.591334,0.572841,920,29,
3,533,Overall,Overall,36,27,48,2.0,2.073691,0.365287,1104,18,
3,534,Overall,Overall,36,18,48,1.0,1.069862,0.370383,1053,19,
3,535,Overall,Overall,36,19,48,0.0,0.343362,0.36911,1017,18,
3,536,Overall,Overall,36,22,48,1.0,1.171608,0.335255,1059,17,
3,537,Overall,Overall,36,34,48,2.5,2.462121,0.357529,1123,18,
3,538,Overall,Overall,36,4,48,-2.0,-2.442813,0.765778,878,38,
3,539,Overall,Overall,36,2,48,-2.0,-3.610959,1.091532,819,55,
3,540,Overall,Overall,36,33,48,3.0,3.143676,0.451245,1157,23,
3,541,Overall,Overall,36,4,48,-3.0,-2.635557,0.754474,868,38,
3,542,Overall,Overall,36,24,48,1.5,1.580638,0.347529,1079,17,
3,543,Overall,Overall,36,22,48,1.0,1.133958,0.335454,1057,17,
3,544,Overall,Overall,36,17,48,0.0,0.308396,0.363174,1015,18,
3,545,Overall,Overall,36,1,48,-3.0,-5.0,1.6999,750,85,
3,546,Overall,Overall,36,11,48,0.0,0.042358,0.38083,1002,19,
3,547,Overall,Overall,36,31,48,1.5,1.960249,0.367667,1098,18,
3,548,Overall,Overall,36,15,48,0.0,0.303614,0.351944,1015,18,
3,549,Overall,Overall,36,11,48,-0.5,-0.692182,0.450455,965,23,
3,550,Overall,Overall,36,14,48,0.5,0.251051,0.361771,1013,18,
3,551,Overall,Overall,36,6,48,-1.0,-1.276463,0.566795,936,28,
3,552,Overall,Overall,36,6,48,-2.0,-1.92104,0.693505,904,35,
3,553,Overall,Overall,36,14,48,-0.5,-0.529232,0.426207,974,21,
3,554,Overall,Overall,36,1,48,-3.0,-5.0,1.693366,750,85,
3,555,Overall,Overall,36,7,48,-2.5,-1.605274,0.622475,920,31,
3,556,Overall,Overall,36,24,48,2.0,1.611557,0.342302,1081,17,
3,557,Overall,Overall,36,34,48,3.0,2.700622,0.408414,1135,20,
3,558,Overall,Overall,36,18,48,1.0,0.474746,0.368686,1024,18,
3,559,Overall,Overall,36,29,48,2.5,2.188209,0.341284,1109,17,
3,560,Overall,Overall,36,12,48,-0.5,-0.203614,0.406884,990,20,
3,561,Overall,Overall,36,32,48,3.0,2.660654,0.409371,1133,20,
3,562,Overall,Overall,36,5,48,-2.0,-2.264605,0.686805,887,34,
3,563,Overall,Overall,36,29,48,2.0,1.885429,0.337838,1094,17,
3,564,Overall,Overall,36,9,48,-2.0,-1.354167,0.52089,932,26,
3,565,Overall,Overall,36,17,48,0.0,0.308469,0.383171,1015,19,
3,566,Overall,Overall,36,18,48,1.0,0.659154,0.335565,1033,17,
3,567,Overall,Overall,36,7,48,-1.5,-1.499728,0.611817,925,31,
3,568,Overall,Overall,36,30,48,1.5,1.987171,0.350938,1099,18,
3,569,Overall,Overall,36,27,48,2.5,2.233922,0.398354,1112,20,
3,570,Overall,Overall,36,11,48,-1.5,-0.979968,0.463211,951,23,
3,571,Overall,Overall,36,16,48,0.5,0.357826,0.357389,1018,18,
3,572,Overall,Overall,36,25,48,2.0,1.960912,0.3469,1098,17,
3,573,Overall,Overall,36,32,48,3.0,2.492382,0.412862,1125,21,
3,574,Overall,Overall,36,29,48,2.0,2.339432,0.388138,1117,19,
3,575,Overall,Overall,36,12,48,-0.5,-0.388311,0.427622,981,21,
3,576,Overall,Overall,36,16,48,1.0,0.689449,0.346913,1034,17,
3,577,Overall,Overall,36,5,48,-1.5,-2.16871,0.667728,892,33,
3,578,Overall,Overall,36,27,48,1.5,1.22937,0.342421,1061,17,
3,579,Overall,Overall,36,37,48,3.0,3.234762,0.458993,1162,23,
3,580,Overall,Overall,36,28,48,2.0,2.380897,0.376804,1119,19,
3,581,Overall,Overall,36,17,48,1.0,0.525835,0.370605,1026,19,
3,582,Overall,Overall,36,12,48,0.0,-0.039453,0.387224,998,19,
3,583,Overall,Overall,36,14,48,0.0,-0.213818,0.415622,989,21,
3,584,Overall,Overall,36,6,48,-2.0,-1.965008,0.685067,902,34,
3,585,Overall,Overall,36,6,48,-2.0,-1.966136,0.651886,902,33,
3,586,Overall,Overall,36,36,48,3.0,2.927097,0.43681,1146,22,
3,587,Overall,Overall,36,17,48,1.0,1.048558,0.372256,1052,19,
3,588,Overall,Overall,36,7,48,-1.0,-1.391278,0.54297,930,27,
3,589,Overall,Overall,36,4,48,-2.0,-2.436821,0.767518,878,38,
3,590,Overall,Overall,36,12,48,-1.0,-0.364206,0.412556,982,21,
3,591,Overall,Overall,36,36,48,3.0,3.240827,0.456445,1162,23,
3,592,Overall,Overall,36,2,48,-2.0,-3.731018,1.11581,813,56,
3,593,Overall,Overall,36,24,48,1.5,1.681135,0.338385,1084,17,
3,594,Overall,Overall,36,1,48,-3.0,-5.0,1.882025,750,94,
3,595,Overall,Overall,36,36,48,2.5,2.74684,0.403093,1137,20,
3,596,Overall,Overall,36,35,48,2.5,2.663986,0.399752,1133,20,
3,597,Overall,Overall,36,19,48,0.5,0.850333,0.355052,1043,18,
3,598,Overall,Overall,36,4,48,-1.5,-2.169576,0.712992,892,36,
3,599,Overall,Overall,36,33,48,2.5,3.021543,0.430698,1151,22,
3,600,Overall,Overall,36,6,48,-2.5,-2.10229,0.675323,895,34,
3,601,Overall,Overall,36,20,48,1.0,0.962633,0.34572,1048,17,
3,602,Overall,Overall,36,23,48,1.5,1.396832,0.352914,1070,18,
3,603,Overall,Overall,36,3,48,-3.0,-3.91737,1.217831,804,61,
3,604,Overall,Overall,36,5,48,-3.0,-1.918836,0.643307,904,32,
3,605,Overall,Overall,36,30,48,1.5,1.814898,0.33438,1091,17,
3,606,Overall,Overall,36,16,48,-0.5,-0.120143,0.376515,994,19,
3,607,Overall,Overall,36,31,48,2.0,2.19088,0.393544,1110,20,
3,608,Overall,Overall,36,32,48,2.5,2.862711,0.406604,1143,20,
3,609,Overall,Overall,36,4,48,-1.5,-2.379504,0.773846,881,39,
3,610,Overall,Overall,36,5,48,-2.0,-1.94885,0.607994,903,30,
3,611,Overall,Overall,36,4,48,-3.0,-2.820094,0.876623,859,44,
3,612,Overall,Overall,36,18,48,1.5,0.966561,0.332269,1048,17,
3,613,Overall,Overall,36,17,48,0.5,0.156226,0.371254,1008,19,
3,614,Overall,Overall,36,9,48,-1.0,-1.000792,0.479582,950,24,
3,615,Overall,Overall,36,32,48,2.5,2.727363,0.429365,1136,21,
3,616,Overall,Overall,36,5,48,-3.0,-2.441845,0.734062,878,37,
3,617,Overall,Overall,36,6,48,-1.5,-1.968658,0.703817,902,35,
3,618,Overall,Overall,36,12,48,-0.5,-0.388303,0.412989,981,21,
3,619,Overall,Overall,36,35,48,3.0,2.966012,0.433586,1148,22,
3,620,Overall,Overall,36,32,48,2.5,2.457088,0.373235,1123,19,
3,621,Overall,Overall,36,5,48,-2.0,-1.7717,0.643936,911,32,
3,622,Overall,Overall,36,21,48,0.5,0.887208,0.354254,1044,18,
3,623,Overall,Overall,36,4,48,-2.5,-2.321043,0.715348,884,36,
3,624,Overall,Overall,36,24,48,1.5,1.663301,0.315927,1083,16,
3,625,Overall,Overall,36,0,48,-3.0,-5.0,1.790446,750,90,
3,626,Overall,Overall,36,18,48,1.0,1.222409,0.359174,1061,18,
3,627,Overall,Overall,36,7,48,-1.5,-1.608884,0.574512,920,29,
3,628,Overall,Overall,36,12,48,-1.0,-0.731925,0.470776,963,24,
3,629,Overall,Overall,36,15,48,0.5,0.579733,0.361053,1029,18,
3,630,Overall,Overall,36,18,48,1.0,0.762515,0.380526,1038,19,
3,631,Overall,Overall,36,19,48,0.5,0.462694,0.346341,1023,17,
3,632,Overall,Overall,36,40,48,3.0,4.572524,0.716884,1229,36,
3,633,Overall,Overall,36,6,48,-1.5,-1.143588,0.514269,943,26,
3,634,Overall,Overall,36,9,48,-1.0,-1.013591,0.495802,949,25,
3,635,Overall,Overall,36,6,48,-1.0,-1.259036,0.552378,937,28,
3,636,Overall,Overall,36,23,48,1.0,1.020751,0.36168,1051,18,
3,637,Overall,Overall,36,19,48,1.0,0.867513,0.366089,1043,18,
3,638,Overall,Overall,36,17,48,0.5,-0.113824,0.395216,994,20,
3,639,Overall,Overall,36,10,48,-0.5,-0.381362,0.470535,981,24,
3,640,Overall,Overall,36,7,48,-1.5,-1.797151,0.642207,910,32,
3,641,Overall,Overall,36,4,48,-2.5,-2.853492,0.875965,857,44,
3,642,Overall,Overall,36,3,48,-2.5,-3.01013,0.906798,849,45,
3,643,Overall,Overall,36,6,48,-2.5,-1.77243,0.613841,911,31,
3,644,Overall,Overall,36,4,48,-3.0,-2.42718,0.748936,879,37,
3,645,Overall,Overall,36,11,48,0.0,-0.127407,0.404992,994,20,
3,646,Overall,Overall,36,25,48,2.0,1.637482,0.330292,1082,17,
3,647,Overall,Overall,36,17,48,0.5,0.353222,0.348984,1018,17,
3,648,Overall,Overall,36,20,48,0.5,0.303012,0.37547,1015,19,
3,649,Overall,Overall,36,1,48,-3.0,-4.947929,1.660564,753,83,
3,650,Overall,Overall,36,26,48,1.5,1.742896,0.327115,1087,16,
3,651,Overall,Overall,36,16,48,0.5,0.40272,0.360887,1020,18,
3,652,Overall,Overall,36,11,48,0.0,-0.572771,0.425748,971,21,
3,653,Overall,Overall,36,5,48,-2.5,-2.429817,0.81019,879,41,
3,654,Overall,Overall,36,29,48,2.5,2.245587,0.349071,1112,17,
3,655,Overall,Overall,36,38,48,2.5,3.361009,0.493297,1168,25,
3,656,Overall,Overall,36,4,48,-3.0,-2.852665,0.818437,857,41,
3,657,Overall,Overall,36,10,48,-1.0,-1.092241,0.540656,945,27,
3,658,Overall,Overall,36,12,48,0.0,-0.065492,0.387015,997,19,
3,659,Overall,Overall,36,29,48,2.5,2.43794,0.39268,1122,20,
3,660,Overall,Overall,36,10,48,-1.0,-0.812949,0.446324,959,22,
3,661,Overall,Overall,36,5,48,-2.0,-2.116973,0.708426,894,35,
3,662,Overall,Overall,36,20,48,1.0,0.991368,0.350519,1050,18,
3,663,Overall,Overall,36,5,48,-2.0,-2.255399,0.697745,887,35,
3,664,Overall,Overall,36,5,48,-2.0,-2.026145,0.676382,899,34,
3,665,Overall,Overall,36,36,48,2.5,2.92547,0.419331,1146,21,
3,666,Overall,Overall,36,29,48,1.5,1.623246,0.357303,1081,18,
3,667,Overall,Overall,36,5,48,-1.5,-2.305838,0.765496,885,38,
3,668,Overall,Overall,36,18,48,1.0,0.717158,0.349236,1036,17,
3,669,Overall,Overall,36,37,48,3.0,3.061253,0.435082,1153,22,
3,670,Overall,Overall,36,29,48,2.0,1.787138,0.341467,1089,17,
3,671,Overall,Overall,36,18,48,1.0,0.949309,0.374291,1047,19,
3,672,Overall,Overall,36,10,48,-1.0,-0.746699,0.443201,963,22,
3,673,Overall,Overall,36,7,48,-0.5,-1.287306,0.58631,936,29,
3,674,Overall,Overall,36,8,48,-1.0,-1.157667,0.467906,942,23,
3,675,Overall,Overall,36,4,48,-2.5,-2.485531,0.862869,876,43,
3,676,Overall,Overall,36,5,48,-1.5,-1.617248,0.606496,919,30,
3,677,Overall,Overall,36,6,48,-1.5,-1.381039,0.54292,931,27,
3,678,Overall,Overall,36,15,48,0.0,0.382903,0.37051,1019,19,
3,679,Overall,Overall,36,24,48,1.5,1.301749,0.370713,1065,19,
3,680,Overall,Overall,36,17,48,0.0,0.342792,0.370476,1017,19,
3,681,Overall,Overall,36,10,48,-1.0,-0.91146,0.493287,954,25,
3,682,Overall,Overall,36,14,48,0.0,-0.179937,0.391601,991,20,
3,683,Overall,Overall,36,32,48,1.5,1.986696,0.343557,1099,17,
3,684,Overall,Overall,36,4,48,-1.0,-2.409995,0.723932,880,36,
3,685,Overall,Overall,36,15,48,-0.5,-0.137159,0.378226,993,19,
3,686,Overall,Overall,36,9,48,-0.5,-0.08685,0.395181,996,20,
3,687,Overall,Overall,36,33,48,2.0,2.186802,0.370443,1109,19,
3,688,Overall,Overall,36,12,48,-1.0,-0.668596,0.416241,967,21,
3,689,Overall,Overall,36,10,48,-0.5,0.050992,0.396463,1003,20,
3,690,Overall,Overall,36,34,48,3.0,2.89043,0.394108,1145,20,
3,691,Overall,Overall,36,2,48,-2.0,-3.489725,1.080705,826,54,
3,692,Overall,Overall,36,2,48,-3.0,-4.036648,1.230303,798,62,
3,693,Overall,Overall,36,13,48,0.0,-0.268068,0.367195,987,18,
3,694,Overall,Overall,36,28,48,2.5,2.215418,0.387929,1111,19,
3,695,Overall,Overall,36,1,48,-3.0,-4.930181,1.630583,753,82,
3,696,Overall,Overall,36,33,48,2.5,2.656289,0.384808,1133,19,
3,697,Overall,Overall,36,8,48,-1.0,-0.880286,0.478561,956,24,
3,698,Overall,Overall,36,39,48,3.0,3.312216,0.453065,1166,23,
3,699,Overall,Overall,36,26,48,2.0,2.278933,0.410745,1114,21,
3,700,Overall,Overall,36,22,48,1.0,1.207133,0.336289,1060,17,
3,701,Overall,Overall,36,31,48,2.5,2.29539,0.379944,1115,19,
3,702,Overall,Overall,36,30,48,2.5,2.413305,0.376504,1121,19,
3,703,Overall,Overall,36,7,48,-1.0,-1.371231,0.562365,931,28,
3,704,Overall,Overall,36,12,48,-1.0,-0.615424,0.417835,969,21,
3,705,Overall,Overall,36,6,48,-2.0,-1.846157,0.637273,908,32,
3,706,Overall,Overall,36,9,48,-1.5,-0.941921,0.498814,953,25,
3,707,Overall,Overall,36,11,48,0.0,-0.140874,0.376492,993,19,
3,708,Overall,Overall,36,1,48,-3.0,-5.0,1.621551,750,81,
3,709,Overall,Overall,36,17,48,0.5,0.648082,0.368275,1032,18,
3,710,Overall,Overall,36,18,48,1.0,1.106791,0.337376,1055,17,
3,711,Overall,Overall,36,21,48,1.5,1.4559,0.339336,1073,17,
3,712,Overall,Overall,36,13,48,0.0,-0.131399,0.400541,993,20,
3,713,Overall,Overall,36,35,48,2.0,2.46066,0.394492,1123,20,
3,714,Overall,Overall,36,8,48,-0.5,-1.192548,0.513162,940,26,
3,715,Overall,Overall,36,22,48,2.0,1.734747,0.352038,1087,18,
3,716,Overall,Overall,36,10,48,-0.5,-0.422346,0.423288,979,21,
3,717,Overall,Overall,36,27,48,1.5,1.280874,0.332613,1064,17,
3,718,Overall,Overall,36,36,48,3.0,3.571446,0.486955,1179,24,
3,719,Overall,Overall,36,13,48,-0.5,-0.149881,0.398994,993,20,
3,720,Overall,Overall,36,32,48,2.5,1.988385,0.331562,1099,17,
3,721,Overall,Overall,36,13,48,-0.5,-0.274128,0.396528,986,20,
3,722,Overall,Overall,36,7,48,-2.0,-1.507999,0.568053,925,28,
3,723,Overall,Overall,36,6,48,-2.5,-2.12824,0.695519,894,35,
3,724,Overall,Overall,36,5,48,-2.0,-2.502272,0.779937,875,39,
3,725,Overall,Overall,36,11,48,-0.5,-0.514102,0.419129,974,21,
3,726,Overall,Overall,36,5,48,-3.0,-2.186216,0.689517,891,34,
3,727,Overall,Overall,36,24,48,1.5,1.53272,0.325853,1077,16,
3,728,Overall,Overall,36,8,48,-0.5,-1.163278,0.534335,942,27,
3,729,Overall,Overall,36,33,48,1.5,1.664447,0.340308,1083,17,
3,730,Overall,Overall,36,16,48,0.0,0.176928,0.367845,1009,18,
3,731,Overall,Overall,36,29,48,3.0,2.278946,0.388528,1114,19,
3,732,Overall,Overall,36,6,48,-2.0,-1.460668,0.585172,927,29,
3,733,Overall,Overall,36,40,48,3.0,3.37996,0.486242,1169,24,
3,734,Overall,Overall,36,4,48,-2.0,-2.400681,0.758121,880,38,
3,735,Overall,Overall,36,7,48,-2.0,-1.911772,0.625968,904,31,
3,736,Overall,Overall,36,17,48,-0.5,0.254351,0.367682,1013,18,
3,737,Overall,Overall,36,4,48,-2.0,-2.284676,0.715754,886,36,
3,738,Overall,Overall,36,12,48,-1.0,-0.502087,0.406596,975,20,
3,739,Overall,Overall,36,14,48,0.0,-0.200313,0.399054,990,20,
3,740,Overall,Overall,36,6,48,-1.5,-1.812688,0.610626,909,31,
3,741,Overall,Overall,36,16,48,-1.0,-0.105019,0.393094,995,20,
3,742,Overall,Overall,36,12,48,0.0,-0.221382,0.384897,989,19,
3,743,Overall,Overall,36,35,48,3.0,3.074446,0.426045,1154,21,
3,744,Overall,Overall,36,5,48,-2.0,-2.117629,0.718996,894,36,
3,745,Overall,Overall,36,12,48,-0.5,-0.307176,0.405029,985,20,
3,746,Overall,Overall,36,10,48,-0.5,-0.704364,0.469087,965,23,
3,747,Overall,Overall,36,7,48,-1.5,-2.148604,0.68408,893,34,
3,748,Overall,Overall,36,8,48,-0.5,-0.948193,0.497848,953,25,
3,749,Overall,Overall,36,7,48,-1.0,-1.600516,0.63952,920,32,
3,750,Overall,Overall,36,5,48,-3.0,-1.825309,0.571465,909,29,
3,751,Overall,Overall,36,32,48,3.0,2.835548,0.422729,1142,21,
3,752,Overall,Overall,36,8,48,-1.0,-1.511484,0.550637,924,28,
3,753,Overall,Overall,36,18,48,1.0,1.100372,0.349217,1055,17,
3,754,Overall,Overall,36,16,48,1.0,0.677783,0.353519,1034,18,
3,755,Overall,Overall,36,7,48,-1.5,-1.81492,0.675982,909,34,
3,756,Overall,Overall,36,15,48,0.5,0.473719,0.349428,1024,17,
3,757,Overall,Overall,36,33,48,2.0,2.075763,0.371614,1104,19,
3,758,Overall,Overall,36,39,48,3.0,3.353285,0.472857,1168,24,
3,759,Overall,Overall,36,4,48,-3.0,-2.78753,0.859919,861,43,
3,760,Overall,Overall,36,17,48,0.5,0.477902,0.356956,1024,18,
3,761,Overall,Overall,36,27,48,2.5,2.47226,0.396711,1124,20,
3,762,Overall,Overall,36,11,48,-0.5,-0.383254,0.431952,981,22,
3,763,Overall,Overall,36,35,48,3.0,2.800095,0.418014,1140,21,
3,764,Overall,Overall,36,10,48,-0.5,-0.410118,0.407573,979,20,
3,765,Overall,Overall,36,30,48,3.0,2.46371,0.38307,1123,19,
3,766,Overall,Overall,36,27,48,1.5,1.475628,0.327899,1074,16,
3,767,Overall,Overall,36,35,48,2.5,2.667082,0.382584,1133,19,
3,768,Overall,Overall,36,10,48,-1.0,-0.774043,0.456028,961,23,
3,769,Overall,Overall,36,2,48,-2.5,-2.842067,0.942751,858,47,
3,770,Overall,Overall,36,22,48,1.0,1.327334,0.336974,1066,17,
3,771,Overall,Overall,36,21,48,2.0,0.986422,0.363284,1049,18,
3,772,Overall,Overall,36,11,48,-1.5,-0.617613,0.419281,969,21,
3,773,Overall,Overall,36,11,48,-0.5,-0.431496,0.428615,978,21,
3,774,Overall,Overall,36,10,48,-0.5,0.05021,0.397391,1003,20,
3,775,Overall,Overall,36,33,48,2.5,2.828901,0.427399,1141,21,
3,776,Overall,Overall,36,12,48,-1.0,-0.621814,0.417299,969,21,
3,777,Overall,Overall,36,38,48,2.5,3.440501,0.486529,1172,24,
3,778,Overall,Overall,36,7,48,-1.5,-1.457217,0.56135,927,28,
3,779,Overall,Overall,36,34,48,2.5,2.43326,0.375759,1122,19,
3,780,Overall,Overall,36,24,48,2.0,1.35097,0.332881,1068,17,
3,781,Overall,Overall,36,10,48,0.5,-0.43478,0.393189,978,20,
3,782,Overall,Overall,36,8,48,-1.0,-0.682081,0.489272,966,24,
3,783,Overall,Overall,36,38,48,3.0,2.949462,0.453197,1147,23,
3,784,Overall,Overall,36,30,48,3.0,2.506857,0.421989,1125,21,
3,785,Overall,Overall,36,8,48,-1.5,-1.234321,0.519492,938,26,
3,786,Overall,Overall,36,9,48,-2.0,-1.342678,0.543562,933,27,
3,787,Overall,Overall,36,4,48,-2.0,-1.945903,0.678599,903,34,
3,788,Overall,Overall,36,8,48,-1.0,-1.441533,0.54697,928,27,
3,789,Overall,Overall,36,35,48,2.5,2.849037,0.410901,1142,21,
3,790,Overall,Overall,36,3,48,-3.0,-2.816232,0.882594,859,44,
3,791,Overall,Overall,36,9,48,-1.0,-1.102944,0.490744,945,25,
3,792,Overall,Overall,36,10,48,-0.5,-0.697244,0.459097,965,23,
3,793,Overall,Overall,36,12,48,-1.0,-0.506079,0.428271,975,21,
3,794,Overall,Overall,36,2,48,-2.5,-3.939999,1.276673,803,64,
3,795,Overall,Overall,36,7,48,-1.0,-1.018639,0.474737,949,24,
3,796,Overall,Overall,36,17,48,0.5,0.220445,0.355416,1011,18,
3,797,Overall,Overall,36,5,48,-2.5,-2.952569,0.90942,852,45,
3,798,Overall,Overall,36,12,48,0.5,-0.018327,0.385065,999,19,
3,799,Overall,Overall,36,34,48,3.0,2.762069,0.398669,1138,20,
3,800,Overall,Overall,36,8,48,-0.5,-1.036645,0.480151,948,24,
3,801,Overall,Overall,36,28,48,2.5,2.362343,0.371015,1118,19,
3,802,Overall,Overall,36,21,48,0.5,0.882634,0.36737,1044,18,
3,803,Overall,Overall,36,14,48,0.0,-0.206918,0.421646,990,21,
3,804,Overall,Overall,36,11,48,-1.5,-0.894323,0.437464,955,22,
3,805,Overall,Overall,36,3,48,-3.0,-2.735798,0.894746,863,45,
3,806,Overall,Overall,36,3,48,-1.5,-2.69588,0.849526,865,42,
3,807,Overall,Overall,36,10,48,-1.5,-0.905968,0.453303,955,23,
3,808,Overall,Overall,36,21,48,1.0,1.250331,0.330663,1063,17,
3,809,Overall,Overall,36,3,48,-2.5,-3.520243,1.091152,824,55,
3,810,Overall,Overall,36,11,48,-0.5,-0.590308,0.414551,970,21,
3,811,Overall,Overall,36,11,48,0.0,-0.449296,0.403475,978,20,
3,812,Overall,Overall,36,4,48,-2.5,-2.671761,0.772223,866,39,
3,813,Overall,Overall,36,26,48,2.0,1.81684,0.324039,1091,16,
3,814,Overall,Overall,36,6,48,-1.5,-1.611102,0.580822,919,29,
3,815,Overall,Overall,36,5,48,-1.0,-2.200638,0.680295,890,34,
3,816,Overall,Overall,36,3,48,-2.5,-2.61363,0.854976,869,43,
3,817,Overall,Overall,36,16,48,1.0,0.544277,0.35915,1027,18,
3,818,Overall,Overall,36,13,48,-0.5,-0.289837,0.388527,986,19,
3,819,Overall,Overall,36,39,48,2.5,3.277821,0.460588,1164,23,
3,820,Overall,Overall,36,29,48,1.5,1.76514,0.320925,1088,16,
3,821,Overall,Overall,36,6,48,-1.5,-1.200697,0.520977,940,26,
3,822,Overall,Overall,36,4,48,-3.0,-2.511019,0.773918,874,39,
3,823,Overall,Overall,36,25,48,1.0,1.272413,0.326459,1064,16,
3,824,Overall,Overall,36,3,48,-1.0,-2.665376,0.78336,867,39,
3,825,Overall,Overall,36,6,48,-2.0,-2.115372,0.664737,894,33,
3,826,Overall,Overall,36,4,48,-2.5,-2.431706,0.762418,878,38,
3,827,Overall,Overall,36,38,48,3.0,3.542512,0.490481,1177,25,
3,828,Overall,Overall,36,10,48,-0.5,-0.427769,0.446217,979,22,
3,829,Overall,Overall,36,10,48,-0.5,-0.655834,0.439622,967,22,
3,830,Overall,Overall,36,19,48,0.0,0.381161,0.376192,1019,19,
3,831,Overall,Overall,36,34,48,3.0,2.889618,0.405438,1144,20,
3,832,Overall,Overall,36,31,48,2.0,2.237204,0.384397,1112,19,
3,833,Overall,Overall,36,28,48,1.5,1.857882,0.358437,1093,18,
3,834,Overall,Overall,36,25,48,1.5,1.666337,0.331235,1083,17,
3,835,Overall,Overall,36,17,48,0.0,0.608445,0.355417,1030,18,
3,836,Overall,Overall,36,4,48,-2.5,-2.404848,0.769011,880,38,
3,837,Overall,Overall,36,8,48,-1.0,-1.292726,0.515392,935,26,
3,838,Overall,Overall,36,17,48,1.0,0.784375,0.351687,1039,18,
3,839,Overall,Overall,36,8,48,-1.5,-1.04235,0.533685,948,27,
3,840,Overall,Overall,36,4,48,-2.5,-2.498099,0.756391,875,38,
3,841,Overall,Overall,36,10,48,-1.5,-1.139416,0.542895,943,27,
3,842,Overall,Overall,36,26,48,1.5,1.995241,0.342521,1100,17,
3,843,Overall,Overall,36,17,48,0.0,0.35694,0.367509,1018,18,
3,844,Overall,Overall,36,29,48,2.5,2.240293,0.374502,1112,19,
3,845,Overall,Overall,36,14,48,-0.5,-0.408974,0.38667,980,19,
3,846,Overall,Overall,36,3,48,-2.5,-3.506143,1.065305,825,53,
3,847,Overall,Overall,36,9,48,-2.0,-1.088161,0.487701,946,24,
3,848,Overall,Overall,36,26,48,2.0,1.83664,0.342173,1092,17,
3,849,Overall,Overall,36,20,48,0.5,0.549489,0.347524,1027,17,
3,850,Overall,Overall,36,5,48,-3.0,-2.71966,0.861671,864,43,
3,851,Overall,Overall,36,34,48,2.5,2.715848,0.399065,1136,20,
3,852,Overall,Overall,36,20,48,1.0,0.8905,0.382965,1045,19,
3,853,Overall,Overall,36,5,48,-2.5,-2.079269,0.672509,896,34,
3,854,Overall,Overall,36,8,48,-2.0,-1.207538,0.519794,940,26,
3,855,Overall,Overall,36,29,48,2.0,2.120554,0.357065,1106,18,
3,856,Overall,Overall,36,31,48,3.0,2.834279,0.411272,1142,21,
3,857,Overall,Overall,36,11,48,0.0,-0.401673,0.398921,980,20,
3,858,Overall,Overall,36,20,48,1.5,0.785649,0.356181,1039,18,
3,859,Overall,Overall,36,18,48,0.5,0.799313,0.344031,1040,17,
3,860,Overall,Overall,36,12,48,-1.0,-0.451871,0.406371,977,20,
3,861,Overall,Overall,36,6,48,-2.0,-2.380551,0.729321,881,36,
3,862,Overall,Overall,36,35,48,2.0,3.209518,0.450178,1160,23,
3,863,Overall,Overall,36,9,48,-0.5,-1.302441,0.52778,935,26,
3,864,Overall,Overall,36,8,48,-0.5,-1.146603,0.495345,943,25,
3,865,Overall,Overall,36,26,48,1.5,2.020435,0.351695,1101,18,
3,866,Overall,Overall,36,26,48,2.0,2.295773,0.411236,1115,21,
3,867,Overall,Overall,36,11,48,-1.0,-0.297832,0.406168,985,20,
3,868,Overall,Overall,36,32,48,1.5,1.919617,0.351577,1096,18,
3,869,Overall,Overall,36,18,48,0.5,0.483118,0.375135,1024,19,
3,870,Overall,Overall,36,14,48,0.5,-0.057336,0.373321,997,19,
3,871,Overall,Overall,36,39,48,3.0,3.291834,0.482919,1165,24,
3,872,Overall,Overall,36,27,48,2.0,1.650227,0.330329,1083,17,
3,873,Overall,Overall,36,30,48,2.0,2.26017,0.369559,1113,18,
3,874,Overall,Overall,36,8,48,-1.0,-0.422216,0.401219,979,20,
3,875,Overall,Overall,36,5,48,-2.5,-1.921231,0.629146,904,31,
3,876,Overall,Overall,36,25,48,2.0,1.349927,0.340605,1067,17,
3,877,Overall,Overall,36,6,48,-1.5,-1.652894,0.618811,917,31,
3,878,Overall,Overall,36,13,48,-1.0,-0.28367,0.397372,986,20,
3,879,Overall,Overall,36,6,48,-1.5,-1.452002,0.588773,927,29,
3,880,Overall,Overall,36,4,48,-2.0,-3.067538,0.914568,847,46,
3,881,Overall,Overall,36,6,48,-2.0,-1.497041,0.567922,925,28,
3,882,Overall,Overall,36,2,48,-3.0,-3.706344,1.16961,815,58,
3,883,Overall,Overall,36,24,48,2.0,1.76059,0.351918,1088,18,
3,884,Overall,Overall,36,10,48,0.0,-0.546444,0.43305,973,22,
3,885,Overall,Overall,36,22,48,1.5,1.533589,0.334681,1077,17,
3,886,Overall,Overall,36,8,48,-2.5,-1.306266,0.515547,935,26,
3,887,Overall,Overall,36,20,48,1.5,1.520143,0.357702,1076,18,
3,888,Overall,Overall,36,19,48,0.5,0.681822,0.349819,1034,17,
3,889,Overall,Overall,36,9,48,-1.5,-1.20055,0.514028,940,26,
3,890,Overall,Overall,36,4,48,-3.0,-3.589072,1.073927,821,54,
3,891,Overall,Overall,36,9,48,-2.5,-1.389707,0.637458,931,32,
3,892,Overall,Overall,36,28,48,2.5,2.080758,0.335877,1104,17,
3,893,Overall,Overall,36,12,48,-1.0,-0.534341,0.449167,973,22,
3,894,Overall,Overall,36,28,48,2.5,2.462859,0.372975,1123,19,
3,895,Overall,Overall,36,18,48,0.5,0.346905,0.407303,1017,20,
3,896,Overall,Overall,36,23,48,1.5,1.583969,0.342385,1079,17,
3,897,Overall,Overall,36,9,48,-1.5,-1.255161,0.557315,937,28,
3,898,Overall,Overall,36,20,48,0.5,0.587429,0.347001,1029,17,
3,899,Overall,Overall,36,16,48,0.5,0.505235,0.372017,1025,19,
3,900,Overall,Overall,36,10,48,-1.0,-0.95414,0.475453,952,24,
3,901,Overall,Overall,36,17,48,1.0,0.803076,0.35558,1040,18,
3,902,Overall,Overall,36,17,48,0.0,0.391384,0.362356,1020,18,
3,903,Overall,Overall,36,3,48,-2.0,-3.141257,0.975473,843,49,
3,904,Overall,Overall,36,12,48,0.0,-0.215572,0.396155,989,20,
3,905,Overall,Overall,36,20,48,1.0,0.828951,0.38409,1041,19,
3,906,Overall,Overall,36,10,48,0.5,-0.616984,0.419604,969,21,
3,907,Overall,Overall,36,11,48,-1.5,-1.206319,0.535459,940,27,
3,908,Overall,Overall,36,14,48,0.5,0.360737,0.369136,1018,18,
3,909,Overall,Overall,36,21,48,0.5,0.621908,0.34608,1031,17,
3,910,Overall,Overall,36,31,48,2.5,2.596047,0.412597,1130,21,
3,911,Overall,Overall,36,36,48,2.5,3.082777,0.439569,1154,22,
3,912,Overall,Overall,36,6,48,-2.5,-1.375876,0.585687,931,29,
3,913,Overall,Overall,36,4,48,-3.0,-3.350952,0.975711,832,49,
3,914,Overall,Overall,36,37,48,3.0,3.324549,0.482882,1166,24,
3,915,Overall,Overall,36,4,48,-2.5,-2.804095,0.831194,860,42,
3,916,Overall,Overall,36,18,48,1.0,0.808526,0.334112,1040,17,
3,917,Overall,Overall,36,13,48,-0.5,-0.492588,0.406279,975,20,
3,918,Overall,Overall,36,15,48,0.0,0.241557,0.375093,1012,19,
3,919,Overall,Overall,36,8,48,-1.5,-0.980533,0.490051,951,25,
3,920,Overall,Overall,36,24,48,2.5,1.99989,0.339111,1100,17,
3,921,Overall,Overall,36,5,48,-2.0,-2.815988,0.911937,859,46,
3,922,Overall,Overall,36,3,48,-1.5,-3.884098,1.212049,806,61,
3,923,Overall,Overall,36,28,48,1.5,1.677604,0.332415,1084,17,
3,924,Overall,Overall,36,25,48,1.5,1.695526,0.361506,1085,18,
3,925,Overall,Overall,36,24,48,1.5,0.968877,0.35032,1048,18,
3,926,Overall,Overall,36,38,48,3.0,3.427917,0.465261,1171,23,
3,927,Overall,Overall,36,4,48,-2.0,-2.743412,0.81595,863,41,
3,928,Overall,Overall,36,14,48,-0.5,-0.184289,0.38571,991,19,
3,929,Overall,Overall,36,4,48,-3.0,-2.972422,0.924393,851,46,
3,930,Overall,Overall,36,15,48,0.0,0.026931,0.37686,1001,19,
3,931,Overall,Overall,36,4,48,-2.5,-2.905407,0.869441,855,43,
3,932,Overall,Overall,36,8,48,-0.5,-0.903397,0.489735,955,24,
3,933,Overall,Overall,36,24,48,1.5,1.783549,0.368379,1089,18,
3,934,Overall,Overall,36,4,48,-3.0,-3.145311,0.940844,843,47,
3,935,Overall,Overall,36,22,48,1.5,1.776506,0.345525,1089,17,
3,936,Overall,Overall,36,24,48,2.0,1.842627,0.399926,1092,20,
3,937,Overall,Overall,36,27,48,1.5,1.65537,0.357339,1083,18,
3,938,Overall,Overall,36,8,48,-0.5,-1.479251,0.550575,926,28,
3,939,Overall,Overall,36,6,48,-3.0,-2.312408,0.737085,884,37,
3,940,Overall,Overall,36,4,48,-1.5,-2.991407,0.892791,850,45,
3,941,Overall,Overall,36,6,48,-1.0,-0.949454,0.467821,953,23,
3,942,Overall,Overall,36,10,48,-1.0,-0.811703,0.482204,959,24,
3,943,Overall,Overall,36,2,48,-3.0,-2.742381,0.868966,863,43,
3,944,Overall,Overall,36,14,48,0.0,0.107891,0.393367,1005,20,
3,945,Overall,Overall,36,7,48,-1.5,-2.1567,0.713693,892,36,
3,946,Overall,Overall,36,34,48,3.0,2.684947,0.387563,1134,19,
3,947,Overall,Overall,36,16,48,1.0,0.948866,0.353657,1047,18,
3,948,Overall,Overall,36,2,48,-3.0,-4.671578,1.569908,766,78,
3,949,Overall,Overall,36,27,48,1.5,1.659554,0.328384,1083,16,
3,950,Overall,Overall,36,9,48,-1.0,-0.738779,0.485736,963,24,
3,951,Overall,Overall,36,1,48,-2.5,-5.0,1.795966,750,90,
3,952,Overall,Overall,36,5,48,-2.5,-2.239541,0.70185,888,35,
3,953,Overall,Overall,36,17,48,0.5,0.156493,0.355677,1008,18,
3,954,Overall,Overall,36,17,48,0.5,0.039021,0.376382,1002,19,
3,955,Overall,Overall,36,4,48,-2.5,-2.816252,0.78314,859,39,
3,956,Overall,Overall,36,4,48,-3.0,-2.504162,0.791744,875,40,
3,957,Overall,Overall,36,2,48,-2.5,-2.865871,0.913387,857,46,
3,958,Overall,Overall,36,13,48,-0.5,-0.144521,0.370632,993,19,
3,959,Overall,Overall,36,19,48,1.0,0.983432,0.365286,1049,18,
3,960,Overall,Overall,36,30,48,1.5,2.52754,0.386293,1126,19,
3,961,Overall,Overall,36,13,48,0.5,0.048294,0.367409,1002,18,
3,962,Overall,Overall,36,7,48,-1.5,-1.690922,0.621378,915,31,
3,963,Overall,Overall,36,8,48,-1.5,-1.32994,0.551156,934,28,
3,964,Overall,Overall,36,16,48,0.5,0.530142,0.374236,1027,19,
3,965,Overall,Overall,36,34,48,3.0,2.912541,0.441915,1146,22,
3,966,Overall,Overall,36,28,48,2.0,1.881989,0.361647,1094,18,
3,967,Overall,Overall,36,12,48,0.0,-0.332506,0.417938,983,21,
3,968,Overall,Overall,36,16,48,-0.5,-0.070684,0.425677,996,21,
3,969,Overall,Overall,36,21,48,1.0,1.132048,0.335318,1057,17,
3,970,Overall,Overall,36,15,48,0.5,0.244475,0.389562,1012,19,
3,971,Overall,Overall,36,13,48,0.0,-0.20796,0.38387,990,19,
3,972,Overall,Overall,36,22,48,1.0,0.97756,0.372146,1049,19,
3,973,Overall,Overall,36,28,48,2.5,1.745814,0.348509,1087,17,
3,974,Overall,Overall,36,28,48,1.5,1.905677,0.34626,1095,17,
3,975,Overall,Overall,36,3,48,-3.0,-3.269537,0.901348,837,45,
3,976,Overall,Overall,36,4,48,-2.5,-2.87221,0.940056,856,47,
3,977,Overall,Overall,36,3,48,-2.0,-2.161055,0.761966,892,38,
3,978,Overall,Overall,36,10,48,-1.0,-0.518863,0.452517,974,23,
3,979,Overall,Overall,36,21,48,1.5,1.027973,0.359297,1051,18,
3,980,Overall,Overall,36,3,48,-3.0,-3.24831,0.974635,838,49,
3,981,Overall,Overall,36,5,48,-1.5,-1.988161,0.646382,901,32,
3,982,Overall,Overall,36,35,48,2.5,2.291539,0.370936,1115,19,
3,983,Overall,Overall,36,23,48,1.0,1.445682,0.345936,1072,17,
3,984,Overall,Overall,36,17,48,0.5,0.594285,0.406737,1030,20,
3,985,Overall,Overall,36,2,48,-2.5,-3.544124,1.112304,823,56,
3,986,Overall,Overall,36,35,48,3.0,2.65278,0.421205,1133,21,
3,987,Overall,Overall,36,6,48,-1.5,-1.582463,0.591454,921,30,
3,988,Overall,Overall,36,15,48,1.0,0.670354,0.364889,1034,18,
3,989,Overall,Overall,36,5,48,-1.0,-1.609166,0.592598,920,30,
3,990,Overall,Overall,36,28,48,2.0,2.122912,0.367975,1106,18,
3,991,Overall,Overall,36,12,48,-1.0,-0.446061,0.417754,978,21,
3,992,Overall,Overall,36,8,48,-0.5,-1.143246,0.528447,943,26,
3,993,Overall,Overall,36,14,48,1.0,0.566257,0.36599,1028,18,
3,994,Overall,Overall,36,10,48,-0.5,-0.55023,0.435727,972,22,
3,995,Overall,Overall,36,5,48,-3.0,-2.238021,0.682805,888,34,
3,996,Overall,Overall,36,21,48,1.0,1.384327,0.378691,1069,19,
3,997,Overall,Overall,36,5,48,-2.5,-3.237417,1.030197,838,52,
3,998,Overall,Overall,36,6,48,-3.0,-2.253746,0.666486,887,33,
3,999,Overall,Overall,36,37,48,3.0,3.155168,0.497005,1158,25,
3,1000,Overall,Overall,36,7,48,-2.5,-1.529219,0.583413,924,29,
3,1001,Overall,Overall,36,15,48,0.5,0.391169,0.350721,1020,18,
3,1002,Overall,Overall,36,28,48,2.0,2.266786,0.381894,1113,19,
3,1003,Overall,Overall,36,3,48,-3.0,-4.572538,1.469287,771,73,
3,1004,Overall,Overall,36,10,48,0.0,-0.412676,0.440542,979,22,
3,1005,Overall,Overall,36,7,48,-1.5,-1.277258,0.567602,936,28,
3,1006,Overall,Overall,36,11,48,0.0,-0.358626,0.401435,982,20,
3,1007,Overall,Overall,36,7,48,-2.5,-1.548264,0.55155,923,28,
3,1008,Overall,Overall,36,7,48,-2.0,-1.47429,0.57019,926,29,
3,1009,Overall,Overall,36,36,48,3.0,2.97943,0.405732,1149,20,
3,1010,Overall,Overall,36,18,48,0.5,0.648332,0.375868,1032,19,
3,1011,Overall,Overall,36,7,48,-2.0,-1.181141,0.477527,941,24,
3,1012,Overall,Overall,36,31,48,2.0,2.114823,0.343309,1106,17,
3,1013,Overall,Overall,36,16,48,0.0,0.278212,0.384243,1014,19,
3,1014,Overall,Overall,36,8,48,0.0,-0.704077,0.434321,965,22,
3,1015,Overall,Overall,36,15,48,0.0,0.173611,0.371163,1009,19,
3,1016,Overall,Overall,36,4,48,-1.0,-2.199869,0.709983,890,35,
3,1017,Overall,Overall,36,5,48,-2.0,-2.241041,0.71657,888,36,
3,1018,Overall,Overall,36,14,48,0.0,0.16849,0.373173,1008,19,
3,1019,Overall,Overall,36,17,48,0.5,0.498246,0.379338,1025,19,
3,1020,Overall,Overall,36,39,48,3.0,3.512462,0.475189,1176,24,
3,1021,Overall,Overall,36,6,48,-1.0,-1.945681,0.688905,903,34,
3,1022,Overall,Overall,36,37,48,3.0,3.288161,0.450939,1164,23,
3,1023,Overall,Overall,36,17,48,0.0,0.343772,0.379807,1017,19,
3,1024,Overall,Overall,36,3,48,-2.5,-3.205452,0.976059,840,49,
3,1025,Overall,Overall,36,33,48,3.0,2.886864,0.456638,1144,23,
3,1026,Overall,Overall,36,3,48,-3.0,-2.761136,0.801522,862,40,
3,1027,Overall,Overall,36,7,48,-1.0,-2.125752,0.687033,894,34,
3,1028,Overall,Overall,36,8,48,-2.5,-1.525582,0.534288,924,27,
3,1029,Overall,Overall,36,3,48,-2.5,-3.629789,1.145048,819,57,
3,1030,Overall,Overall,36,2,48,-2.5,-3.186112,0.968757,841,48,
3,1031,Overall,Overall,36,22,48,0.5,0.982167,0.345803,1049,17,
3,1032,Overall,Overall,36,17,48,1.0,0.21982,0.354507,1011,18,
3,1033,Overall,Overall,36,31,48,2.0,1.975148,0.368164,1099,18,
3,1034,Overall,Overall,36,30,48,2.0,1.615958,0.329245,1081,16,
3,1035,Overall,Overall,36,32,48,2.5,2.549756,0.376735,1127,19,
3,1036,Overall,Overall,36,8,48,-1.5,-1.061387,0.509253,947,25,
3,1037,Overall,Overall,36,6,48,-1.5,-1.979308,0.669634,901,33,
3,1038,Overall,Overall,36,29,48,1.5,1.544161,0.379294,1077,19,
3,1039,Overall,Overall,36,27,48,2.0,1.844333,0.371607,1092,19,
3,1040,Overall,Overall,36,29,48,2.0,2.074167,0.352978,1104,18,
3,1041,Overall,Overall,36,15,48,0.5,0.899228,0.373146,1045,19,
3,1042,Overall,Overall,36,14,48,0.5,-0.036562,0.365805,998,18,
3,1043,Overall,Overall,36,6,48,-2.0,-1.910966,0.639752,904,32,
3,1044,Overall,Overall,36,6,48,-2.0,-2.121626,0.685158,894,34,
3,1045,Overall,Overall,36,30,48,1.5,1.910847,0.350015,1096,18,
3,1046,Overall,Overall,36,2,48,-3.0,-3.507961,1.096736,825,55,
3,1047,Overall,Overall,36,24,48,1.5,1.349213,0.335845,1067,17,
3,1048,Overall,Overall,36,15,48,0.0,-0.134566,0.393607,993,20,
3,1049,Overall,Overall,36,31,48,3.0,2.659076,0.393537,1133,20,
3,1050,Overall,Overall,36,18,48,0.5,0.768995,0.340329,1038,17,
3,1051,Overall,Overall,36,5,48,-2.5,-2.100338,0.726046,895,36,
3,1052,Overall,Overall,36,22,48,0.5,0.531168,0.34762,1027,17,
3,1053,Overall,Overall,36,21,48,1.5,0.947016,0.362213,1047,18,
3,1054,Overall,Overall,36,25,48,2.0,1.781227,0.327601,1089,16,
3,1055,Overall,Overall,36,3,48,-2.5,-4.273991,1.309811,786,65,
3,1056,Overall,Overall,36,2,48,-3.0,-3.341358,0.988339,833,49,
3,1057,Overall,Overall,36,13,48,0.0,-0.318655,0.411428,984,21,
3,1058,Overall,Overall,36,5,48,-2.5,-2.154621,0.747206,892,37,
3,1059,Overall,Overall,36,18,48,0.5,0.546131,0.348869,1027,17,
3,1060,Overall,Overall,36,6,48,-1.5,-1.956778,0.670933,902,34,
3,1061,Overall,Overall,36,32,48,2.5,2.757599,0.408409,1138,20,
3,1062,Overall,Overall,36,13,48,0.0,-0.083626,0.389166,996,19,
3,1063,Overall,Overall,36,21,48,1.0,1.061485,0.344531,1053,17,
3,1064,Overall,Overall,36,9,48,-0.5,-0.556765,0.424601,972,21,
3,1065,Overall,Overall,36,36,48,3.0,3.048797,0.42251,1152,21,
3,1066,Overall,Overall,36,8,48,-1.0,-1.158472,0.508914,942,25,
3,1067,Overall,Overall,36,22,48,1.0,1.345945,0.323715,1067,16,
3,1068,Overall,Overall,36,29,48,2.0,2.268878,0.365625,1113,18,
3,1069,Overall,Overall,36,15,48,-0.5,-0.182794,0.381345,991,19,
3,1070,Overall,Overall,36,5,48,-2.0,-2.357086,0.779989,882,39,
3,1071,Overall,Overall,36,15,48,0.5,0.36052,0.34884,1018,17,
3,1072,Overall,Overall,36,14,48,0.5,0.183327,0.399833,1009,20,
3,1073,Overall,Overall,36,2,48,-2.5,-5.0,1.526673,750,76,
3,1074,Overall,Overall,36,30,48,1.5,2.08468,0.36807,1104,18,
3,1075,Overall,Overall,36,9,48,-1.0,-0.917259,0.446675,954,22,
3,1076,Overall,Overall,36,4,48,-2.5,-2.825978,0.818625,859,41,
3,1077,Overall,Overall,36,23,48,1.0,1.041406,0.333183,1052,17,
3,1078,Overall,Overall,36,1,48,-3.0,-5.0,1.698883,750,85,
3,1079,Overall,Overall,36,28,48,2.5,2.551409,0.40951,1128,20,
3,1080,Overall,Overall,36,20,48,1.5,1.461547,0.370502,1073,19,
3,1081,Overall,Overall,36,5,48,-3.0,-2.32749,0.706556,884,35,
3,1082,Overall,Overall,36,9,48,-0.5,-0.388462,0.413651,981,21,
3,1083,Overall,Overall,36,25,48,2.5,2.118376,0.373088,1106,19,
3,1084,Overall,Overall,36,18,48,0.5,0.79703,0.355794,1040,18,
3,1085,Overall,Overall,36,9,48,-1.0,-1.517392,0.572453,924,29,
3,1086,Overall,Overall,36,5,48,-2.0,-2.715028,0.838639,864,42,
3,1087,Overall,Overall,36,32,48,2.5,2.435832,0.355253,1122,18,
3,1088,Overall,Overall,36,4,48,-1.5,-2.286891,0.7403,886,37,
3,1089,Overall,Overall,36,4,48,-1.0,-1.869858,0.634337,907,32,
3,1090,Overall,Overall,36,3,48,-1.5,-1.878581,0.661674,906,33,
3,1091,Overall,Overall,36,27,48,1.5,2.357332,0.361813,1118,18,
3,1092,Overall,Overall,36,34,48,2.5,3.106712,0.461551,1155,23,
3,1093,Overall,Overall,36,4,48,-2.0,-2.176571,0.694255,891,35,
3,1094,Overall,Overall,36,9,48,-0.5,-1.172916,0.532757,941,27,
3,1095,Overall,Overall,36,28,48,2.5,2.576923,0.379297,1129,19,
3,1096,Overall,Overall,36,2,48,-3.0,-4.260959,1.419059,787,71,
3,1097,Overall,Overall,36,34,48,3.0,3.071168,0.437573,1154,22,
3,1098,Overall,Overall,36,15,48,-0.5,-0.507716,0.416525,975,21,
3,1099,Overall,Overall,36,36,48,3.0,3.436276,0.489056,1172,24,
3,1100,Overall,Overall,36,16,48,0.5,0.543614,0.366401,1027,18,
3,1101,Overall,Overall,36,15,48,0.5,0.367376,0.378617,1018,19,
3,1102,Overall,Overall,36,40,48,3.0,4.266389,0.59861,1213,30,
3,1103,Overall,Overall,36,5,48,-2.5,-2.37275,0.745113,881,37,
3,1104,Overall,Overall,36,20,48,1.0,1.269112,0.372787,1063,19,
3,1105,Overall,Overall,36,13,48,-0.5,-0.46762,0.418714,977,21,
3,1106,Overall,Overall,36,13,48,0.0,-0.080837,0.386781,996,19,
3,1107,Overall,Overall,36,5,48,-1.5,-2.025134,0.655209,899,33,
3,1108,Overall,Overall,36,14,48,-1.0,-0.260929,0.40712,987,20,
3,1109,Overall,Overall,36,4,48,-2.5,-2.540371,0.807366,873,40,
3,1110,Overall,Overall,36,8,48,-2.0,-0.94574,0.497127,953,25,
3,1111,Overall,Overall,36,30,48,3.0,2.743477,0.39913,1137,20,
3,1112,Overall,Overall,36,3,48,-1.5,-2.857812,0.914817,857,46,
3,1113,Overall,Overall,36,30,48,2.0,2.256388,0.347453,1113,17,
3,1114,Overall,Overall,36,15,48,0.5,0.500545,0.358388,1025,18,
3,1115,Overall,Overall,36,20,48,0.5,0.291576,0.360703,1015,18,
3,1116,Overall,Overall,36,6,48,-1.5,-1.85952,0.639133,907,32,
3,1117,Overall,Overall,36,4,48,-3.0,-2.760543,0.824119,862,41,
3,1118,Overall,Overall,36,16,48,0.5,0.252685,0.371422,1013,19,
3,1119,Overall,Overall,36,22,48,1.5,1.589526,0.344302,1079,17,
3,1120,Overall,Overall,36,33,48,2.5,2.635948,0.441244,1132,22,
3,1121,Overall,Overall,36,0,48,-3.0,-5.0,1.664696,750,83,
3,1122,Overall,Overall,36,6,48,-1.0,-1.797404,0.665876,910,33,
3,1123,Overall,Overall,36,28,48,1.5,1.950285,0.33086,1098,17,
3,1124,Overall,Overall,36,33,48,2.5,2.809726,0.409885,1140,20,
3,1125,Overall,Overall,36,8,48,-1.0,-1.265346,0.537924,937,27,
3,1126,Overall,Overall,36,23,48,1.5,1.416213,0.34226,1071,17,
3,1127,Overall,Overall,36,4,48,-3.0,-2.822006,0.867115,859,43,
3,1128,Overall,Overall,36,4,48,-1.5,-1.823937,0.658259,909,33,
3,1129,Overall,Overall,36,17,48,1.0,0.664684,0.35729,1033,18,
3,1130,Overall,Overall,36,6,48,-1.5,-2.532239,0.766947,873,38,
3,1131,Overall,Overall,36,8,48,-1.5,-1.622339,0.629201,919,31,
3,1132,Overall,Overall,36,26,48,1.5,1.354375,0.322,1068,16,
3,1133,Overall,Overall,36,10,48,-0.5,-0.538581,0.476405,973,24,
3,1134,Overall,Overall,36,10,48,0.0,-0.526096,0.413914,974,21,
3,1135,Overall,Overall,36,28,48,2.0,2.207705,0.388037,1110,19,
3,1136,Overall,Overall,36,20,48,1.0,0.934294,0.316221,1047,16,
3,1137,Overall,Overall,36,7,48,-1.0,-1.50944,0.611305,925,31,
3,1138,Overall,Overall,36,6,48,-2.0,-1.819891,0.61296,909,31,
3,1139,Overall,Overall,36,7,48,-2.0,-1.983208,0.71277,901,36,
3,1140,Overall,Overall,36,4,48,-1.5,-2.00597,0.650411,900,33,
3,1141,Overall,Overall,36,6,48,-1.0,-2.082717,0.665215,896,33,
3,1142,Overall,Overall,36,12,48,-0.5,0.184248,0.366509,1009,18,
3,1143,Overall,Overall,36,14,48,0.0,0.366898,0.391406,1018,20,
3,1144,Overall,Overall,36,28,48,2.0,2.050451,0.366449,1103,18,
3,1145,Overall,Overall,36,20,48,0.5,0.559261,0.366206,1028,18,
3,1146,Overall,Overall,36,18,48,1.0,0.329669,0.353349,1016,18,
3,1147,Overall,Overall,36,37,48,3.0,3.474926,0.463577,1174,23,
3,1148,Overall,Overall,36,6,48,-2.5,-2.141211,0.664946,893,33,
3,1149,Overall,Overall,36,12,48,0.0,-0.346598,0.484527,983,24,
3,1150,Overall,Overall,36,31,48,2.5,2.772046,0.407087,1139,20,
3,1151,Overall,Overall,36,10,48,-1.5,-1.519318,0.543868,924,27,
3,1152,Overall,Overall,36,35,48,2.5,2.64919,0.405578,1132,20,
3,1153,Overall,Overall,36,13,48,-0.5,-0.363161,0.39729,982,20,
3,1154,Overall,Overall,36,16,48,0.0,0.094518,0.35549,1005,18,
3,1155,Overall,Overall,36,7,48,-1.0,-1.453443,0.592808,927,30,
3,1156,Overall,Overall,36,6,48,-0.5,-1.297092,0.573543,935,29,
3,1157,Overall,Overall,36,28,48,2.0,1.787267,0.355988,1089,18,
3,1158,Overall,Overall,36,15,48,0.0,-0.01113,0.386117,999,19,
3,1159,Overall,Overall,36,21,48,1.0,1.296155,0.334149,1065,17,
3,1160,Overall,Overall,36,27,48,2.5,2.257902,0.366289,1113,18,
3,1161,Overall,Overall,36,23,48,0.5,1.003025,0.345733,1050,17,
3,1162,Overall,Overall,36,34,48,2.5,2.6499,0.430179,1132,22,
3,1163,Overall,Overall,36,8,48,-0.5,-1.330038,0.509678,933,25,
3,1164,Overall,Overall,36,4,48,-2.5,-3.965247,1.345277,802,67,
3,1165,Overall,Overall,36,30,48,2.0,2.021423,0.340716,1101,17,
3,1166,Overall,Overall,36,20,48,1.5,1.129944,0.332132,1056,17,
3,1167,Overall,Overall,36,16,48,0.5,0.533081,0.363211,1027,18,
3,1168,Overall,Overall,36,24,48,2.0,1.877066,0.359147,1094,18,
3,1169,Overall,Overall,36,16,48,0.5,0.18438,0.359742,1009,18,
3,1170,Overall,Overall,36,4,48,-3.0,-3.100844,0.936778,845,47,
3,1171,Overall,Overall,36,15,48,0.0,0.208404,0.345531,1010,17,
3,1172,Overall,Overall,36,18,48,1.0,1.001485,0.351121,1050,18,
3,1173,Overall,Overall,36,3,48,-3.0,-3.142971,0.953203,843,48,
3,1174,Overall,Overall,36,21,48,1.0,0.830044,0.356654,1042,18,
3,1175,Overall,Overall,36,38,48,3.0,3.561241,0.487095,1178,24,
3,1176,Overall,Overall,36,13,48,0.0,-0.087133,0.415762,996,21,
3,1177,Overall,Overall,36,18,48,0.0,0.41448,0.36413,1021,18,
3,1178,Overall,Overall,36,14,48,0.0,0.476102,0.396245,1024,20,
3,1179,Overall,Overall,36,14,48,0.0,-0.123573,0.417537,994,21,
3,1180,Overall,Overall,36,13,48,0.0,-0.35489,0.421722,982,21,
3,1181,Overall,Overall,36,10,48,-0.5,-0.551668,0.439702,972,22,
3,1182,Overall,Overall,36,33,48,2.5,2.653138,0.387311,1133,19,
3,1183,Overall,Overall,36,7,48,-2.0,-2.046276,0.674419,898,34,
3,1184,Overall,Overall,36,26,48,2.0,1.465304,0.334317,1073,17,
3,1185,Overall,Overall,36,28,48,2.5,2.643437,0.400545,1132,20,
3,1186,Overall,Overall,36,27,48,2.0,1.625447,0.341531,1081,17,
3,1187,Overall,Overall,36,4,48,-2.5,-2.999265,0.88449,850,44,
3,1188,Overall,Overall,36,39,48,3.0,3.208241,0.45854,1160,23,
3,1189,Overall,Overall,36,2,48,-2.0,-3.978373,1.20797,801,60,
3,1190,Overall,Overall,36,7,48,-3.0,-2.063128,0.680547,897,34,
3,1191,Overall,Overall,36,11,48,0.0,-0.086889,0.426669,996,21,
3,1192,Overall,Overall,36,20,48,0.5,0.577692,0.349783,1029,17,
3,1193,Overall,Overall,36,13,48,0.0,-0.26741,0.403862,987,20,
3,1194,Overall,Overall,36,17,48,0.5,0.480601,0.338018,1024,17,
3,1195,Overall,Overall,36,29,48,2.0,2.208673,0.359111,1110,18,
3,1196,Overall,Overall,36,3,48,-2.0,-3.119432,0.937352,844,47,
3,1197,Overall,Overall,36,36,48,3.0,3.273229,0.464621,1164,23,
3,1198,Overall,Overall,36,22,48,1.0,1.130572,0.345903,1057,17,
3,1199,Overall,Overall,36,8,48,-2.0,-1.597666,0.63269,920,32,
3,1200,Overall,Overall,36,21,48,1.0,1.213651,0.343414,1061,17,
3,1201,Overall,Overall,36,30,48,2.5,2.844458,0.427612,1142,21,
3,1202,Overall,Overall,36,12,48,0.0,0.268462,0.357904,1013,18,
3,1203,Overall,Overall,36,7,48,-0.5,-1.130774,0.53425,943,27,
3,1204,Overall,Overall,36,15,48,1.0,0.140763,0.346414,1007,17,
3,1205,Overall,Overall,36,3,48,-3.0,-2.959683,0.928138,852,46,
3,1206,Overall,Overall,36,25,48,2.5,2.099417,0.359409,1105,18,
3,1207,Overall,Overall,36,13,48,0.0,-0.069704,0.364184,997,18,
3,1208,Overall,Overall,36,18,48,1.0,0.719954,0.346883,1036,17,
3,1209,Overall,Overall,36,24,48,1.0,1.374092,0.33206,1069,17,
3,1210,Overall,Overall,36,33,48,2.5,2.389378,0.387881,1119,19,
3,1211,Overall,Overall,36,7,48,-1.0,-1.011309,0.485834,949,24,
3,1212,Overall,Overall,36,30,48,1.5,2.34109,0.385698,1117,19,
3,1213,Overall,Overall,36,27,48,1.5,1.608457,0.358614,1080,18,
3,1214,Overall,Overall,36,4,48,-3.0,-2.027134,0.656266,899,33,
3,1215,Overall,Overall,36,24,48,0.5,1.233104,0.346399,1062,17,
3,1216,Overall,Overall,36,26,48,1.5,1.678506,0.352829,1084,18,
3,1217,Overall,Overall,36,29,48,2.0,1.846356,0.350102,1092,18,
3,1218,Overall,Overall,36,7,48,-1.5,-1.535677,0.546641,923,27,
3,1219,Overall,Overall,36,30,48,2.5,2.360813,0.3572,1118,18,
3,1220,Overall,Overall,36,3,48,-1.0,-2.700789,0.890029,865,45,
3,1221,Overall,Overall,36,5,48,-3.0,-2.542065,0.741402,873,37,
3,1222,Overall,Overall,36,29,48,2.5,2.177188,0.362321,1109,18,
3,1223,Overall,Overall,36,5,48,-3.0,-2.362857,0.72651,882,36,
3,1224,Overall,Overall,36,26,48,1.5,1.354324,0.372172,1068,19,
3,1225,Overall,Overall,36,4,48,-2.0,-2.776155,0.856752,861,43,
3,1226,Overall,Overall,36,17,48,1.0,0.178223,0.378166,1009,19,
3,1227,Overall,Overall,36,8,48,-1.0,-1.115456,0.48933,944,24,
3,1228,Overall,Overall,36,11,48,-1.5,-0.39513,0.425858,980,21,
3,1229,Overall,Overall,36,24,48,2.0,1.541827,0.33526,1077,17,
3,1230,Overall,Overall,36,23,48,2.0,1.039019,0.351741,1052,18,
3,1231,Overall,Overall,36,4,48,-2.5,-2.300121,0.714802,885,36,
3,1232,Overall,Overall,36,14,48,0.5,0.295302,0.37211,1015,19,
3,1233,Overall,Overall,36,12,48,0.0,-0.406341,0.403666,980,20,
3,1234,Overall,Overall,36,34,48,2.5,2.649128,0.396208,1132,20,
3,1235,Overall,Overall,36,34,48,2.5,2.903754,0.447578,1145,22,
3,1236,Overall,Overall,36,13,48,-1.0,-0.656262,0.436598,967,22,
3,1237,Overall,Overall,36,8,48,-1.0,-1.585001,0.574659,921,29,
3,1238,Overall,Overall,36,9,48,-2.5,-1.60583,0.648173,920,32,
3,1239,Overall,Overall,36,6,48,-1.0,-2.253359,0.711753,887,36,
3,1240,Overall,Overall,36,20,48,1.5,1.445361,0.342,1072,17,
3,1241,Overall,Overall,36,7,48,-0.5,-1.274164,0.518161,936,26,
3,1242,Overall,Overall,36,29,48,3.0,2.18925,0.367191,1109,18,
3,1243,Overall,Overall,36,16,48,1.0,0.969317,0.347133,1048,17,
3,1244,Overall,Overall,36,9,48,-2.0,-1.381149,0.567784,931,28,
3,1245,Overall,Overall,36,3,48,-3.0,-2.754877,0.870428,862,44,
3,1246,Overall,Overall,36,15,48,0.0,0.407801,0.367098,1020,18,
3,1247,Overall,Overall,36,5,48,-2.0,-2.435816,0.766028,878,38,
3,1248,Overall,Overall,36,6,48,-1.5,-1.884197,0.622013,906,31,
3,1249,Overall,Overall,36,36,48,3.0,2.659313,0.382062,1133,19,
3,1250,Overall,Overall,36,25,48,1.0,1.192172,0.33939,1060,17,
3,1251,Overall,Overall,36,5,48,-3.0,-3.036908,0.892472,848,45,
3,1252,Overall,Overall,36,4,48,-3.0,-3.051553,0.8964,847,45,
3,1253,Overall,Overall,36,33,48,2.5,2.289355,0.351652,1114,18,
3,1254,Overall,Overall,36,6,48,-2.5,-1.960961,0.6111,902,31,
3,1255,Overall,Overall,36,25,48,1.5,1.291227,0.349586,1065,17,
3,1256,Overall,Overall,36,21,48,1.0,0.844094,0.343209,1042,17,
3,1257,Overall,Overall,36,41,48,3.0,3.194685,0.453799,1160,23,
3,1258,Overall,Overall,36,4,48,-2.5,-3.467777,1.075757,827,54,
3,1259,Overall,Overall,36,6,48,-1.5,-1.679141,0.603687,916,30,
3,1260,Overall,Overall,36,18,48,1.0,0.512173,0.380729,1026,19,
3,1261,Overall,Overall,36,32,48,2.0,2.502291,0.37479,1125,19,
3,1262,Overall,Overall,36,5,48,-3.0,-2.295239,0.728225,885,36,
3,1263,Overall,Overall,36,9,48,-0.5,-0.767969,0.447888,962,22,
3,1264,Overall,Overall,36,23,48,1.5,1.53859,0.336847,1077,17,
3,1265,Overall,Overall,36,22,48,1.5,1.071847,0.347507,1054,17,
3,1266,Overall,Overall,36,15,48,0.0,-0.035779,0.415221,998,21,
3,1267,Overall,Overall,36,28,48,2.0,2.091878,0.350606,1105,18,
3,1268,Overall,Overall,36,3,48,-3.0,-3.953088,1.216118,802,61,
3,1269,Overall,Overall,36,29,48,2.0,2.258467,0.368481,1113,18,
3,1270,Overall,Overall,36,9,48,-1.5,-0.754046,0.45121,962,23,
3,1271,Overall,Overall,36,11,48,0.5,-0.592544,0.430464,970,22,
3,1272,Overall,Overall,36,12,48,0.5,-0.224093,0.407507,989,20,
3,1273,Overall,Overall,36,23,48,1.0,1.240665,0.331093,1062,17,
3,1274,Overall,Overall,36,32,48,2.5,2.635961,0.395159,1132,20,
3,1275,Overall,Overall,36,18,48,0.5,0.404666,0.36052,1020,18,
3,1276,Overall,Overall,36,31,48,3.0,2.661456,0.426319,1133,21,
3,1277,Overall,Overall,36,9,48,0.0,-1.146819,0.507608,943,25,
3,1278,Overall,Overall,36,6,48,-2.0,-1.663448,0.632233,917,32,
3,1279,Overall,Overall,36,33,48,2.0,2.399788,0.364023,1120,18,
3,1280,Overall,Overall,36,3,48,-2.5,-3.058871,0.934012,847,47,
3,1281,Overall,Overall,36,19,48,2.0,1.293054,0.348877,1065,17,
3,1282,Overall,Overall,36,9,48,-1.5,-1.055833,0.502011,947,25,
3,1283,Overall,Overall,36,14,48,-1.5,-0.676602,0.424506,966,21,
3,1284,Overall,Overall,36,4,48,-3.0,-3.63398,1.133934,818,57,
3,1285,Overall,Overall,36,7,48,-1.0,-1.200478,0.494706,940,25,
3,1286,Overall,Overall,36,25,48,2.0,1.579397,0.370884,1079,19,
3,1287,Overall,Overall,36,31,48,2.0,2.430189,0.371615,1122,19,
3,1288,Overall,Overall,36,32,48,3.0,3.049148,0.440487,1152,22,
3,1289,Overall,Overall,36,7,48,-3.0,-1.734418,0.595895,913,30,
3,1290,Overall,Overall,36,29,48,1.5,1.563955,0.312525,1078,16,
3,1291,Overall,Overall,36,3,48,-2.5,-2.496254,0.770189,875,39,
3,1292,Overall,Overall,36,39,48,3.0,3.620388,0.476959,1181,24,
3,1293,Overall,Overall,36,31,48,2.5,2.714436,0.413634,1136,21,
3,1294,Overall,Overall,36,11,48,0.0,-0.054265,0.37895,997,19,
3,1295,Overall,Overall,36,13,48,-0.5,-0.363757,0.400125,982,20,
3,1296,Overall,Overall,36,6,48,-1.0,-1.855642,0.637037,907,32,
3,1297,Overall,Overall,36,3,48,-3.0,-3.491671,1.042931,825,52,
3,1298,Overall,Overall,36,2,48,-2.5,-3.712452,1.120407,814,56,
3,1299,Overall,Overall,36,13,48,0.0,-0.239147,0.378283,988,19,
3,1300,Overall,Overall,36,10,48,-0.5,-1.152598,0.538544,942,27,
4,1,Overall,Overall,36,9,48,-1.5,-0.901219,0.403132,955,20,
4,2,Overall,Overall,36,4,48,-2.0,-3.126361,0.987136,844,49,
4,3,Overall,Overall,36,8,48,-1.0,-0.861806,0.5636,957,28,
4,4,Overall,Overall,36,35,48,3.0,3.263559,0.43111,1163,22,
4,5,Overall,Overall,36,15,48,-1.0,-0.172833,0.368724,991,18,
4,6,Overall,Overall,36,8,48,-1.0,-0.848987,0.492883,958,25,
4,7,Overall,Overall,36,25,48,1.0,1.561512,0.338135,1078,17,
4,8,Overall,Overall,36,7,48,-1.5,-1.452162,0.538527,927,27,
4,9,Overall,Overall,36,38,48,3.0,3.758744,0.548547,1188,27,
4,10,Overall,Overall,36,33,48,3.0,2.699941,0.445389,1135,22,
4,11,Overall,Overall,36,17,48,0.5,0.36684,0.370859,1018,19,
4,12,Overall,Overall,36,23,48,1.0,1.055677,0.338408,1053,17,
4,13,Overall,Overall,36,9,48,0.0,-0.766692,0.475538,962,24,
4,14,Overall,Overall,36,1,48,-3.0,-5.0,1.72874,750,86,
4,15,Overall,Overall,36,17,48,1.0,0.631856,0.367724,1032,18,
4,16,Overall,Overall,36,5,48,-2.0,-2.497396,0.720691,875,36,
4,17,Overall,Overall,36,8,48,-1.0,-1.50253,0.58797,925,29,
4,18,Overall,Overall,36,10,48,-1.0,-0.655047,0.424819,967,21,
4,19,Overall,Overall,36,28,48,2.0,1.848203,0.35888,1092,18,
4,20,Overall,Overall,36,9,48,-0.5,-1.022146,0.468395,949,23,
4,21,Overall,Overall,36,4,48,-2.0,-2.940836,0.921669,853,46,
4,22,Overall,Overall,36,3,48,-3.0,-3.639139,1.119665,818,56,
4,23,Overall,Overall,36,37,48,3.0,2.930473,0.421604,1147,21,
4,24,Overall,Overall,36,32,48,2.0,2.562282,0.402467,1128,20,
4,25,Overall,Overall,36,3,48,-2.0,-2.943622,0.880822,853,44,
4,26,Overall,Overall,36,18,48,0.5,0.905183,0.345319,1045,17,
4,27,Overall,Overall,36,28,48,1.5,1.573028,0.358715,1079,18,
4,28,Overall,Overall,36,14,48,0.0,0.011425,0.379738,1001,19,
4,29,Overall,Overall,36,6,48,-2.5,-2.116207,0.707026,894,35,
4,30,Overall,Overall,36,9,48,-1.0,-1.002985,0.488205,950,24,
4,31,Overall,Overall,36,3,48,-3.0,-3.051373,1.000942,847,50,
4,32,Overall,Overall,36,17,48,1.0,0.451424,0.363272,1023,18,
4,33,Overall,Overall,36,7,48,-2.0,-2.181485,0.688113,891,34,
4,34,Overall,Overall,36,22,48,2.0,2.074162,0.365981,1104,18,
4,35,Overall,Overall,36,2,48,-3.0,-4.25051,1.337084,787,67,
4,36,Overall,Overall,36,27,48,2.5,2.05799,0.38152,1103,19,
4,37,Overall,Overall,36,10,48,-0.5,-1.046035,0.494968,948,25,
4,38,Overall,Overall,36,27,48,2.0,1.933531,0.364354,1097,18,
4,39,Overall,Overall,36,38,48,3.0,3.312012,0.470953,1166,24,
4,40,Overall,Overall,36,30,48,3.0,2.312121,0.386085,1116,19,
4,41,Overall,Overall,36,22,48,1.5,1.513907,0.354308,1076,18,
4,42,Overall,Overall,36,16,48,-0.5,0.085601,0.360284,1004,18,
4,43,Overall,Overall,36,17,48,0.5,0.150798,0.357584,1008,18,
4,44,Overall,Overall,36,6,48,-2.5,-1.644183,0.592922,918,30,
4,45,Overall,Overall,36,22,48,1.0,0.909648,0.32602,1045,16,
4,46,Overall,Overall,36,7,48,-1.5,-1.661098,0.612404,917,31,
4,47,Overall,Overall,36,13,48,0.0,-0.106653,0.401919,995,20,
4,48,Overall,Overall,36,6,48,-1.0,-1.803132,0.604288,910,30,
4,49,Overall,Overall,36,21,48,1.5,0.907456,0.321401,1045,16,
4,50,Overall,Overall,36,13,48,-0.5,-0.658499,0.441555,967,22,
4,51,Overall,Overall,36,7,48,-1.5,-1.137719,0.507664,943,25,
4,52,Overall,Overall,36,33,48,2.5,3.137648,0.444975,1157,22,
4,53,Overall,Overall,36,27,48,2.0,2.180959,0.40466,1109,20,
4,54,Overall,Overall,36,5,48,-2.5,-2.511963,0.732698,874,37,
4,55,Overall,Overall,36,4,48,-2.5,-2.414328,0.726073,879,36,
4,56,Overall,Overall,36,29,48,2.0,2.173511,0.397128,1109,20,
4,57,Overall,Overall,36,13,48,-1.0,-0.595773,0.39994,970,20,
4,58,Overall,Overall,36,28,48,1.5,1.684341,0.354912,1084,18,
4,59,Overall,Overall,36,35,48,3.0,3.126501,0.443608,1156,22,
4,60,Overall,Overall,36,21,48,1.0,1.252606,0.340232,1063,17,
4,61,Overall,Overall,36,16,48,0.5,0.564495,0.320074,1028,16,
4,62,Overall,Overall,36,12,48,-0.5,-0.784118,0.462497,961,23,
4,63,Overall,Overall,36,41,48,3.0,4.860028,0.754337,1243,38,
4,64,Overall,Overall,36,5,48,-2.0,-2.590601,0.794714,870,40,
4,65,Overall,Overall,36,5,48,-1.0,-2.096121,0.682338,895,34,
4,66,Overall,Overall,36,8,48,-0.5,-1.211042,0.520847,939,26,
4,67,Overall,Overall,36,24,48,2.0,1.647402,0.361993,1082,18,
4,68,Overall,Overall,36,10,48,-1.5,-0.763388,0.447369,962,22,
4,69,Overall,Overall,36,6,48,-3.0,-1.832592,0.657543,908,33,
4,70,Overall,Overall,36,6,48,-1.5,-1.781582,0.633938,911,32,
4,71,Overall,Overall,36,5,48,-3.0,-2.252636,0.685764,887,34,
4,72,Overall,Overall,36,29,48,2.0,1.905319,0.333902,1095,17,
4,73,Overall,Overall,36,11,48,0.0,-0.523823,0.425325,974,21,
4,74,Overall,Overall,36,24,48,1.5,1.205681,0.335051,1060,17,
4,75,Overall,Overall,36,17,48,0.0,0.452719,0.342203,1023,17,
4,76,Overall,Overall,36,23,48,2.0,1.648284,0.393455,1082,20,
4,77,Overall,Overall,36,17,48,1.0,0.628531,0.330943,1031,17,
4,78,Overall,Overall,36,4,48,-2.5,-2.671769,0.829418,866,41,
4,79,Overall,Overall,36,18,48,0.0,0.459039,0.334562,1023,17,
4,80,Overall,Overall,36,18,48,0.0,-0.012022,0.422221,999,21,
4,81,Overall,Overall,36,29,48,2.5,2.231868,0.382013,1112,19,
4,82,Overall,Overall,36,33,48,2.5,2.678804,0.402912,1134,20,
4,83,Overall,Overall,36,22,48,1.0,0.934227,0.344925,1047,17,
4,84,Overall,Overall,36,29,48,2.5,2.283954,0.371219,1114,19,
4,85,Overall,Overall,36,31,48,2.5,2.056319,0.357673,1103,18,
4,86,Overall,Overall,36,7,48,-1.5,-1.319427,0.53728,934,27,
4,87,Overall,Overall,36,4,48,-2.5,-2.7299,0.787135,864,39,
4,88,Overall,Overall,36,8,48,-2.0,-1.586945,0.604053,921,30,
4,89,Overall,Overall,36,24,48,1.0,1.191594,0.328381,1060,16,
4,90,Overall,Overall,36,20,48,1.0,0.738334,0.344928,1037,17,
4,91,Overall,Overall,36,25,48,2.0,1.708197,0.343805,1085,17,
4,92,Overall,Overall,36,27,48,1.0,1.553304,0.374649,1078,19,
4,93,Overall,Overall,36,4,48,-2.5,-2.62969,0.805004,869,40,
4,94,Overall,Overall,36,11,48,0.0,-0.313018,0.418759,984,21,
4,95,Overall,Overall,36,16,48,0.0,0.265028,0.357974,1013,18,
4,96,Overall,Overall,36,9,48,-0.5,-0.60928,0.443948,970,22,
4,97,Overall,Overall,36,9,48,0.0,-0.432159,0.405328,978,20,
4,98,Overall,Overall,36,21,48,1.0,1.087316,0.336525,1054,17,
4,99,Overall,Overall,36,11,48,-0.5,-0.734535,0.434867,963,22,
4,100,Overall,Overall,36,11,48,-0.5,-0.527661,0.462644,974,23,
4,101,Overall,Overall,36,4,48,-3.0,-2.907944,0.903475,855,45,
4,102,Overall,Overall,36,5,48,-3.0,-2.422566,0.734558,879,37,
4,103,Overall,Overall,36,31,48,2.0,2.39849,0.363933,1120,18,
4,104,Overall,Overall,36,19,48,0.5,0.596105,0.378121,1030,19,
4,105,Overall,Overall,36,31,48,2.0,2.592137,0.421289,1130,21,
4,106,Overall,Overall,36,30,48,2.0,1.950174,0.339297,1098,17,
4,107,Overall,Overall,36,37,48,3.0,3.830817,0.52611,1192,26,
4,108,Overall,Overall,36,7,48,-2.0,-1.354437,0.544601,932,27,
4,109,Overall,Overall,36,5,48,-2.0,-2.327882,0.764972,884,38,
4,110,Overall,Overall,36,11,48,-0.5,-0.359522,0.395396,982,20,
4,111,Overall,Overall,36,12,48,-0.5,-0.332779,0.412221,983,21,
4,112,Overall,Overall,36,20,48,1.5,1.503571,0.319267,1075,16,
4,113,Overall,Overall,36,25,48,2.5,1.98722,0.364673,1099,18,
4,114,Overall,Overall,36,33,48,2.5,2.615859,0.378041,1131,19,
4,115,Overall,Overall,36,10,48,-0.5,-0.620158,0.423064,969,21,
4,116,Overall,Overall,36,2,48,-3.0,-4.210134,1.431838,789,72,
4,117,Overall,Overall,36,8,48,-1.0,-1.225084,0.538175,939,27,
4,118,Overall,Overall,36,31,48,2.0,2.22548,0.415157,1111,21,
4,119,Overall,Overall,36,17,48,0.5,0.817294,0.323402,1041,16,
4,120,Overall,Overall,36,18,48,0.5,0.987049,0.411117,1049,21,
4,121,Overall,Overall,36,4,48,-3.0,-2.39105,0.734211,880,37,
4,122,Overall,Overall,36,9,48,-1.0,-0.679844,0.483054,966,24,
4,123,Overall,Overall,36,5,48,-2.0,-2.080931,0.661493,896,33,
4,124,Overall,Overall,36,8,48,-2.0,-0.999977,0.548689,950,27,
4,125,Overall,Overall,36,5,48,-2.0,-2.658517,0.799476,867,40,
4,126,Overall,Overall,36,14,48,0.5,0.437492,0.369256,1022,18,
4,127,Overall,Overall,36,0,48,-3.0,-5.0,1.809883,750,90,
4,128,Overall,Overall,36,34,48,2.0,2.353575,0.393979,1118,20,
4,129,Overall,Overall,36,3,48,-3.0,-3.168692,0.930722,842,47,
4,130,Overall,Overall,36,37,48,3.0,3.134283,0.471945,1157,24,
4,131,Overall,Overall,36,24,48,1.5,1.774903,0.327337,1089,16,
4,132,Overall,Overall,36,12,48,-1.0,-0.815366,0.497843,959,25,
4,133,Overall,Overall,36,10,48,-0.5,-0.715485,0.440212,964,22,
4,134,Overall,Overall,36,6,48,-3.0,-1.640858,0.584802,918,29,
4,135,Overall,Overall,36,5,48,-3.0,-2.093534,0.702652,895,35,
4,136,Overall,Overall,36,37,48,3.0,3.325487,0.466227,1166,23,
4,137,Overall,Overall,36,2,48,-2.5,-3.180174,0.996362,841,50,
4,138,Overall,Overall,36,8,48,-1.5,-1.888162,0.597746,906,30,
4,139,Overall,Overall,36,4,48,-2.0,-2.484223,0.830408,876,42,
4,140,Overall,Overall,36,6,48,-1.0,-1.24975,0.560453,938,28,
4,141,Overall,Overall,36,7,48,-3.0,-2.012534,0.670905,899,34,
4,142,Overall,Overall,36,24,48,1.5,1.620449,0.333588,1081,17,
4,143,Overall,Overall,36,20,48,1.0,0.839279,0.343413,1042,17,
4,144,Overall,Overall,36,18,48,0.5,0.413121,0.369673,1021,18,
4,145,Overall,Overall,36,4,48,-1.5,-3.197552,0.981373,840,49,
4,146,Overall,Overall,36,16,48,0.0,0.398527,0.368334,1020,18,
4,147,Overall,Overall,36,24,48,1.0,1.071736,0.367752,1054,18,
4,148,Overall,Overall,36,37,48,3.0,3.494932,0.470923,1175,24,
4,149,Overall,Overall,36,32,48,2.0,2.136207,0.336265,1107,17,
4,150,Overall,Overall,36,28,48,2.5,1.712826,0.340567,1086,17,
4,151,Overall,Overall,36,26,48,1.5,1.348366,0.323443,1067,16,
4,152,Overall,Overall,36,13,48,0.0,0.161647,0.366018,1008,18,
4,153,Overall,Overall,36,5,48,-2.0,-1.933896,0.691058,903,35,
4,154,Overall,Overall,36,4,48,-2.0,-2.096938,0.677376,895,34,
4,155,Overall,Overall,36,7,48,-2.0,-1.728859,0.622068,914,31,
4,156,Overall,Overall,36,29,48,2.5,2.336038,0.379404,1117,19,
4,157,Overall,Overall,36,28,48,2.5,2.277122,0.425401,1114,21,
4,158,Overall,Overall,36,23,48,1.5,1.614623,0.363576,1081,18,
4,159,Overall,Overall,36,21,48,1.5,1.440278,0.367315,1072,18,
4,160,Overall,Overall,36,4,48,-3.0,-2.97408,0.909193,851,45,
4,161,Overall,Overall,36,5,48,-1.5,-1.974909,0.652407,901,33,
4,162,Overall,Overall,36,12,48,0.5,-0.021417,0.390589,999,20,
4,163,Overall,Overall,36,17,48,1.0,0.908769,0.364298,1045,18,
4,164,Overall,Overall,36,24,48,1.5,1.557719,0.343563,1078,17,
4,165,Overall,Overall,36,8,48,-1.0,-0.83383,0.465807,958,23,
4,166,Overall,Overall,36,38,48,3.0,3.16103,0.44688,1158,22,
4,167,Overall,Overall,36,14,48,-0.5,-0.485186,0.398349,976,20,
4,168,Overall,Overall,36,8,48,-0.5,-1.089594,0.51601,946,26,
4,169,Overall,Overall,36,24,48,1.5,1.670241,0.354604,1084,18,
4,170,Overall,Overall,36,8,48,-2.0,-1.552423,0.549139,922,27,
4,171,Overall,Overall,36,15,48,0.5,0.672468,0.360502,1034,18,
4,172,Overall,Overall,36,31,48,2.5,2.537958,0.362492,1127,18,
4,173,Overall,Overall,36,13,48,0.5,0.081736,0.381568,1004,19,
4,174,Overall,Overall,36,30,48,2.0,2.051599,0.375444,1103,19,
4,175,Overall,Overall,36,3,48,-2.0,-3.046244,0.916096,848,46,
4,176,Overall,Overall,36,2,48,-3.0,-4.935332,1.661386,753,83,
4,177,Overall,Overall,36,16,48,0.0,0.069925,0.390267,1003,20,
4,178,Overall,Overall,36,6,48,-2.5,-2.270524,0.756372,886,38,
4,179,Overall,Overall,36,16,48,0.0,0.267816,0.374291,1013,19,
4,180,Overall,Overall,36,5,48,-2.0,-1.710658,0.633475,914,32,
4,181,Overall,Overall,36,10,48,-1.5,-0.988591,0.503675,951,25,
4,182,Overall,Overall,36,36,48,3.0,3.319119,0.449553,1166,22,
4,183,Overall,Overall,36,26,48,1.5,1.103567,0.34054,1055,17,
4,184,Overall,Overall,36,13,48,0.0,-0.515462,0.445399,974,22,
4,185,Overall,Overall,36,7,48,-0.5,-1.433419,0.573421,928,29,
4,186,Overall,Overall,36,28,48,1.5,2.026065,0.345251,1101,17,
4,187,Overall,Overall,36,4,48,-2.5,-2.761723,0.864047,862,43,
4,188,Overall,Overall,36,17,48,-0.5,0.109055,0.354153,1005,18,
4,189,Overall,Overall,36,22,48,1.0,1.097668,0.324711,1055,16,
4,190,Overall,Overall,36,20,48,1.0,1.104896,0.325773,1055,16,
4,191,Overall,Overall,36,12,48,-0.5,-0.517125,0.430382,974,22,
4,192,Overall,Overall,36,9,48,-0.5,-0.937208,0.476187,953,24,
4,193,Overall,Overall,36,4,48,-2.5,-2.818949,0.863436,859,43,
4,194,Overall,Overall,36,14,48,-0.5,-0.082685,0.382975,996,19,
4,195,Overall,Overall,36,5,48,-1.5,-2.139384,0.703309,893,35,
4,196,Overall,Overall,36,12,48,-0.5,-0.631003,0.420404,968,21,
4,197,Overall,Overall,36,6,48,-1.0,-1.428571,0.585255,929,29,
4,198,Overall,Overall,36,26,48,2.0,1.861139,0.372179,1093,19,
4,199,Overall,Overall,36,8,48,-1.0,-0.732307,0.453313,963,23,
4,200,Overall,Overall,36,26,48,1.5,1.759479,0.334896,1088,17,
4,201,Overall,Overall,36,34,48,3.0,2.724398,0.463743,1136,23,
4,202,Overall,Overall,36,28,48,2.5,2.15351,0.348223,1108,17,
4,203,Overall,Overall,36,18,48,0.0,0.192079,0.359593,1010,18,
4,204,Overall,Overall,36,20,48,1.0,0.735185,0.408679,1037,20,
4,205,Overall,Overall,36,7,48,-0.5,-1.162932,0.494973,942,25,
4,206,Overall,Overall,36,23,48,2.0,1.44902,0.337606,1072,17,
4,207,Overall,Overall,36,33,48,2.0,2.551719,0.367662,1128,18,
4,208,Overall,Overall,36,7,48,-1.5,-1.61463,0.571362,919,29,
4,209,Overall,Overall,36,16,48,0.0,0.467579,0.335483,1023,17,
4,210,Overall,Overall,36,6,48,-2.5,-2.327462,0.739208,884,37,
4,211,Overall,Overall,36,31,48,2.5,2.137134,0.39737,1107,20,
4,212,Overall,Overall,36,24,48,1.5,1.363386,0.341757,1068,17,
4,213,Overall,Overall,36,18,48,0.5,0.494897,0.357062,1025,18,
4,214,Overall,Overall,36,13,48,-0.5,-0.348113,0.405044,983,20,
4,215,Overall,Overall,36,5,48,-1.5,-2.351438,0.741943,882,37,
4,216,Overall,Overall,36,17,48,0.5,0.413367,0.372443,1021,19,
4,217,Overall,Overall,36,38,48,3.0,3.355564,0.485687,1168,24,
4,218,Overall,Overall,36,14,48,1.0,0.132085,0.386682,1007,19,
4,219,Overall,Overall,36,7,48,-1.0,-1.324221,0.540131,934,27,
4,220,Overall,Overall,36,10,48,-0.5,-0.711465,0.511928,964,26,
4,221,Overall,Overall,36,6,48,-2.0,-2.256999,0.740018,887,37,
4,222,Overall,Overall,36,13,48,-1.0,-0.495438,0.419641,975,21,
4,223,Overall,Overall,36,8,48,-1.5,-1.050198,0.496349,947,25,
4,224,Overall,Overall,36,25,48,2.0,1.968637,0.372415,1098,19,
4,225,Overall,Overall,36,8,48,-1.0,-1.218987,0.467013,939,23,
4,226,Overall,Overall,36,1,48,-3.0,-5.0,1.716227,750,86,
4,227,Overall,Overall,36,5,48,-2.0,-1.775997,0.605512,911,30,
4,228,Overall,Overall,36,35,48,2.5,2.57683,0.386665,1129,19,
4,229,Overall,Overall,36,17,48,2.0,1.17786,0.330804,1059,17,
4,230,Overall,Overall,36,22,48,0.5,1.055886,0.339497,1053,17,
4,231,Overall,Overall,36,12,48,0.0,-0.232487,0.405819,988,20,
4,232,Overall,Overall,36,5,48,-3.0,-2.014827,0.680096,899,34,
4,233,Overall,Overall,36,6,48,-1.5,-1.313373,0.523055,934,26,
4,234,Overall,Overall,36,3,48,-3.0,-3.074412,0.98369,846,49,
4,235,Overall,Overall,36,9,48,-0.5,-0.765444,0.438455,962,22,
4,236,Overall,Overall,36,4,48,-2.5,-2.63593,0.842939,868,42,
4,237,Overall,Overall,36,11,48,-0.5,-0.255247,0.394249,987,20,
4,238,Overall,Overall,36,24,48,2.0,1.542696,0.341752,1077,17,
4,239,Overall,Overall,36,29,48,1.0,1.699255,0.33503,1085,17,
4,240,Overall,Overall,36,6,48,-1.5,-1.294968,0.554579,935,28,
4,241,Overall,Overall,36,32,48,3.0,2.840239,0.40533,1142,20,
4,242,Overall,Overall,36,7,48,-2.5,-1.459562,0.599995,927,30,
4,243,Overall,Overall,36,38,48,3.0,3.467268,0.473365,1173,24,
4,244,Overall,Overall,36,18,48,0.5,0.669306,0.359114,1033,18,
4,245,Overall,Overall,36,14,48,0.0,0.046995,0.376286,1002,19,
4,246,Overall,Overall,36,19,48,0.5,0.833334,0.340476,1042,17,
4,247,Overall,Overall,36,5,48,-3.0,-2.204291,0.695588,890,35,
4,248,Overall,Overall,36,33,48,3.0,3.350962,0.449263,1168,22,
4,249,Overall,Overall,36,11,48,-1.5,-1.036859,0.47877,948,24,
4,250,Overall,Overall,36,6,48,-1.5,-1.705876,0.606277,915,30,
4,251,Overall,Overall,36,4,48,-3.0,-2.396338,0.767292,880,38,
4,252,Overall,Overall,36,23,48,1.5,1.201683,0.326995,1060,16,
4,253,Overall,Overall,36,37,48,2.5,2.894429,0.445265,1145,22,
4,254,Overall,Overall,36,7,48,-1.0,-1.519848,0.553692,924,28,
4,255,Overall,Overall,36,10,48,-1.0,-0.726494,0.458143,964,23,
4,256,Overall,Overall,36,3,48,-2.5,-3.04379,0.969074,848,48,
4,257,Overall,Overall,36,4,48,-2.0,-2.749502,0.78619,863,39,
4,258,Overall,Overall,36,5,48,-2.5,-2.710945,0.884775,864,44,
4,259,Overall,Overall,36,6,48,-1.5,-1.785679,0.601967,911,30,
4,260,Overall,Overall,36,12,48,-1.0,-0.110947,0.379192,994,19,
4,261,Overall,Overall,36,28,48,2.0,2.175815,0.365657,1109,18,
4,262,Overall,Overall,36,22,48,1.5,0.97809,0.323707,1049,16,
4,263,Overall,Overall,36,36,48,3.0,3.753068,0.494351,1188,25,
4,264,Overall,Overall,36,32,48,2.5,2.893689,0.416412,1145,21,
4,265,Overall,Overall,36,12,48,-2.0,-0.544851,0.423387,973,21,
4,266,Overall,Overall,36,4,48,-2.0,-2.430603,0.762055,878,38,
4,267,Overall,Overall,36,36,48,3.0,3.385274,0.485867,1169,24,
4,268,Overall,Overall,36,37,48,2.5,3.385893,0.487691,1169,24,
4,269,Overall,Overall,36,2,48,-3.0,-3.705892,1.099448,815,55,
4,270,Overall,Overall,36,8,48,-1.0,-1.159375,0.485802,942,24,
4,271,Overall,Overall,36,35,48,2.5,2.970541,0.424604,1149,21,
4,272,Overall,Overall,36,13,48,0.0,-0.069587,0.368351,997,18,
4,273,Overall,Overall,36,9,48,-0.5,-1.188295,0.498662,941,25,
4,274,Overall,Overall,36,3,48,-2.0,-3.489491,1.074717,826,54,
4,275,Overall,Overall,36,38,48,3.0,3.323366,0.479424,1166,24,
4,276,Overall,Overall,36,35,48,3.0,2.76362,0.446179,1138,22,
4,277,Overall,Overall,36,31,48,2.0,2.048479,0.403916,1102,20,
4,278,Overall,Overall,36,3,48,-3.0,-3.12162,0.926349,844,46,
4,279,Overall,Overall,36,8,48,-2.0,-1.2899,0.548089,936,27,
4,280,Overall,Overall,36,3,48,-3.0,-4.079974,1.295346,796,65,
4,281,Overall,Overall,36,6,48,-1.5,-1.567105,0.569596,922,28,
4,282,Overall,Overall,36,6,48,-2.0,-2.377823,0.727216,881,36,
4,283,Overall,Overall,36,18,48,0.5,0.962392,0.362463,1048,18,
4,284,Overall,Overall,36,5,48,-2.5,-1.791854,0.625548,910,31,
4,285,Overall,Overall,36,10,48,-0.5,-0.835953,0.456323,958,23,
4,286,Overall,Overall,36,21,48,0.5,0.993725,0.350127,1050,18,
4,287,Overall,Overall,36,14,48,0.5,0.001707,0.405959,1000,20,
4,288,Overall,Overall,36,21,48,1.5,1.187555,0.346925,1059,17,
4,289,Overall,Overall,36,13,48,0.0,-0.398794,0.412153,980,21,
4,290,Overall,Overall,36,16,48,0.0,0.212945,0.369401,1011,18,
4,291,Overall,Overall,36,17,48,0.0,0.269064,0.39195,1013,20,
4,292,Overall,Overall,36,8,48,-1.5,-1.240781,0.520522,938,26,
4,293,Overall,Overall,36,4,48,-3.0,-2.029743,0.701768,899,35,
4,294,Overall,Overall,36,30,48,2.5,2.370462,0.354708,1119,18,
4,295,Overall,Overall,36,16,48,0.5,0.46265,0.379784,1023,19,
4,296,Overall,Overall,36,3,48,-3.0,-3.7006,1.170694,815,59,
4,297,Overall,Overall,36,20,48,1.0,0.858985,0.349687,1043,17,
4,298,Overall,Overall,36,29,48,2.0,2.073837,0.351626,1104,18,
4,299,Overall,Overall,36,4,48,-2.5,-2.265653,0.687673,887,34,
4,300,Overall,Overall,36,16,48,-0.5,-0.016355,0.347995,999,17,
4,301,Overall,Overall,36,29,48,1.5,1.863443,0.383458,1093,19,
4,302,Overall,Overall,36,6,48,-1.5,-2.209122,0.68284,890,34,
4,303,Overall,Overall,36,7,48,-1.0,-1.044394,0.527809,948,26,
4,304,Overall,Overall,36,39,48,3.0,4.10696,0.605507,1205,30,
4,305,Overall,Overall,36,10,48,-1.0,-0.770916,0.446374,961,22,
4,306,Overall,Overall,36,9,48,0.0,-0.708534,0.444911,965,22,
4,307,Overall,Overall,36,24,48,2.5,1.979461,0.355277,1099,18,
4,308,Overall,Overall,36,19,48,1.0,0.824946,0.336223,1041,17,
4,309,Overall,Overall,36,3,48,-2.5,-4.82437,1.618936,759,81,
4,310,Overall,Overall,36,5,48,-2.0,-2.077124,0.675981,896,34,
4,311,Overall,Overall,36,2,48,-3.0,-4.592946,1.557937,770,78,
4,312,Overall,Overall,36,5,48,-2.5,-3.195194,1.016257,840,51,
4,313,Overall,Overall,36,22,48,0.0,0.946326,0.357896,1047,18,
4,314,Overall,Overall,36,20,48,0.5,0.777459,0.34527,1039,17,
4,315,Overall,Overall,36,24,48,2.0,1.643821,0.392245,1082,20,
4,316,Overall,Overall,36,6,48,-2.5,-1.774058,0.585286,911,29,
4,317,Overall,Overall,36,7,48,-1.0,-0.711603,0.529756,964,26,
4,318,Overall,Overall,36,21,48,0.0,0.40658,0.355672,1020,18,
4,319,Overall,Overall,36,15,48,0.5,0.560701,0.340356,1028,17,
4,320,Overall,Overall,36,29,48,2.0,2.165262,0.355988,1108,18,
4,321,Overall,Overall,36,5,48,-2.0,-2.055916,0.625019,897,31,
4,322,Overall,Overall,36,37,48,2.5,2.911618,0.428745,1146,21,
4,323,Overall,Overall,36,10,48,-0.5,-0.664596,0.478641,967,24,
4,324,Overall,Overall,36,4,48,-2.5,-2.831816,0.840109,858,42,
4,325,Overall,Overall,36,7,48,-2.0,-1.781799,0.664619,911,33,
4,326,Overall,Overall,36,32,48,2.0,2.269663,0.370164,1113,19,
4,327,Overall,Overall,36,29,48,2.0,1.934945,0.350854,1097,18,
4,328,Overall,Overall,36,23,48,1.5,1.844084,0.365603,1092,18,
4,329,Overall,Overall,36,10,48,-1.5,-0.893212,0.456409,955,23,
4,330,Overall,Overall,36,7,48,-1.0,-1.481791,0.576012,926,29,
4,331,Overall,Overall,36,32,48,2.0,2.268661,0.349812,1113,17,
4,332,Overall,Overall,36,31,48,2.0,1.870405,0.339909,1094,17,
4,333,Overall,Overall,36,21,48,0.0,0.94233,0.392114,1047,20,
4,334,Overall,Overall,36,11,48,-1.0,-0.677691,0.461876,966,23,
4,335,Overall,Overall,36,16,48,1.0,0.628995,0.362645,1031,18,
4,336,Overall,Overall,36,8,48,-0.5,-0.843143,0.458985,958,23,
4,337,Overall,Overall,36,24,48,1.5,1.307009,0.351089,1065,18,
4,338,Overall,Overall,36,5,48,-3.0,-2.070505,0.67496,896,34,
4,339,Overall,Overall,36,26,48,2.0,1.706506,0.357513,1085,18,
4,340,Overall,Overall,36,28,48,2.0,2.337567,0.366275,1117,18,
4,341,Overall,Overall,36,27,48,1.5,1.475799,0.363269,1074,18,
4,342,Overall,Overall,36,29,48,2.0,2.040322,0.35224,1102,18,
4,343,Overall,Overall,36,6,48,-3.0,-2.546492,0.849302,873,42,
4,344,Overall,Overall,36,26,48,1.0,1.176232,0.325474,1059,16,
4,345,Overall,Overall,36,30,48,2.0,1.847276,0.362991,1092,18,
4,346,Overall,Overall,36,17,48,1.0,0.332616,0.392076,1017,20,
4,347,Overall,Overall,36,27,48,2.0,1.928045,0.361685,1096,18,
4,348,Overall,Overall,36,43,48,3.0,3.930449,0.599269,1197,30,
4,349,Overall,Overall,36,38,48,3.0,3.297061,0.484,1165,24,
4,350,Overall,Overall,36,18,48,1.0,1.214503,0.355754,1061,18,
4,351,Overall,Overall,36,22,48,1.0,0.728564,0.378626,1036,19,
4,352,Overall,Overall,36,36,48,2.5,3.045434,0.451139,1152,23,
4,353,Overall,Overall,36,8,48,-0.5,-0.977245,0.447617,951,22,
4,354,Overall,Overall,36,26,48,1.0,1.2853,0.354575,1064,18,
4,355,Overall,Overall,36,5,48,-0.5,-1.914353,0.659693,904,33,
4,356,Overall,Overall,36,6,48,-1.0,-1.68101,0.619567,916,31,
4,357,Overall,Overall,36,3,48,-1.5,-3.095942,0.920473,845,46,
4,358,Overall,Overall,36,23,48,1.0,1.71209,0.347459,1086,17,
4,359,Overall,Overall,36,32,48,2.5,2.601277,0.407361,1130,20,
4,360,Overall,Overall,36,18,48,1.0,0.801076,0.347563,1040,17,
4,361,Overall,Overall,36,7,48,-2.0,-1.634626,0.561014,918,28,
4,362,Overall,Overall,36,25,48,2.0,1.848606,0.36617,1092,18,
4,363,Overall,Overall,36,3,48,-2.0,-2.29979,0.701344,885,35,
4,364,Overall,Overall,36,34,48,3.0,2.660982,0.391843,1133,20,
4,365,Overall,Overall,36,8,48,-1.0,-1.163926,0.516933,942,26,
4,366,Overall,Overall,36,21,48,0.5,0.924441,0.331862,1046,17,
4,367,Overall,Overall,36,26,48,2.0,1.490583,0.379195,1075,19,
4,368,Overall,Overall,36,31,48,2.0,2.329146,0.427967,1116,21,
4,369,Overall,Overall,36,14,48,-0.5,-0.038852,0.388735,998,19,
4,370,Overall,Overall,36,24,48,1.5,1.448178,0.339035,1072,17,
4,371,Overall,Overall,36,10,48,-1.0,-0.563596,0.452759,972,23,
4,372,Overall,Overall,36,28,48,1.5,2.199588,0.382474,1110,19,
4,373,Overall,Overall,36,8,48,-1.5,-1.174756,0.496588,941,25,
4,374,Overall,Overall,36,29,48,3.0,2.539821,0.380918,1127,19,
4,375,Overall,Overall,36,14,48,0.5,0.043255,0.369004,1002,18,
4,376,Overall,Overall,36,12,48,-1.0,-0.808237,0.477354,960,24,
4,377,Overall,Overall,36,11,48,-1.5,-1.104966,0.535852,945,27,
4,378,Overall,Overall,36,14,48,0.0,0.069218,0.366875,1003,18,
4,379,Overall,Overall,36,38,48,3.0,3.444016,0.469515,1172,23,
4,380,Overall,Overall,36,8,48,-1.5,-2.037638,0.669745,898,33,
4,381,Overall,Overall,36,20,48,1.0,0.786231,0.348196,1039,17,
4,382,Overall,Overall,36,21,48,1.0,0.779056,0.380913,1039,19,
4,383,Overall,Overall,36,8,48,-1.0,-0.976088,0.476363,951,24,
4,384,Overall,Overall,36,8,48,-2.5,-1.24694,0.557864,938,28,
4,385,Overall,Overall,36,31,48,2.0,2.385176,0.371151,1119,19,
4,386,Overall,Overall,36,11,48,-0.5,-0.538524,0.425261,973,21,
4,387,Overall,Overall,36,10,48,-1.0,-1.118682,0.481598,944,24,
4,388,Overall,Overall,36,33,48,3.0,2.702051,0.424838,1135,21,
4,389,Overall,Overall,36,6,48,-2.5,-1.625248,0.550513,919,28,
4,390,Overall,Overall,36,7,48,-1.0,-1.471794,0.550131,926,28,
4,391,Overall,Overall,36,9,48,-1.0,-1.110506,0.525374,944,26,
4,392,Overall,Overall,36,5,48,-2.0,-1.707049,0.67883,915,34,
4,393,Overall,Overall,36,9,48,-1.5,-0.856262,0.450353,957,23,
4,394,Overall,Overall,36,25,48,1.5,1.337035,0.357943,1067,18,
4,395,Overall,Overall,36,2,48,-3.0,-3.965437,1.252908,802,63,
4,396,Overall,Overall,36,21,48,1.0,1.273556,0.333003,1064,17,
4,397,Overall,Overall,36,2,48,-2.5,-4.36648,1.41955,782,71,
4,398,Overall,Overall,36,35,48,2.5,2.914044,0.420036,1146,21,
4,399,Overall,Overall,36,13,48,0.0,-0.052213,0.401091,997,20,
4,400,Overall,Overall,36,5,48,-2.0,-2.983031,0.957038,851,48,
4,401,Overall,Overall,36,36,48,2.5,3.242247,0.461048,1162,23,
4,402,Overall,Overall,36,16,48,0.5,0.654464,0.364239,1033,18,
4,403,Overall,Overall,36,31,48,2.5,2.331257,0.388622,1117,19,
4,404,Overall,Overall,36,13,48,0.0,-0.321133,0.403208,984,20,
4,405,Overall,Overall,36,8,48,-1.0,-1.376801,0.513621,931,26,
4,406,Overall,Overall,36,19,48,1.0,0.865513,0.353192,1043,18,
4,407,Overall,Overall,36,23,48,1.0,1.251505,0.355388,1063,18,
4,408,Overall,Overall,36,37,48,3.0,3.006188,0.465945,1150,23,
4,409,Overall,Overall,36,13,48,-1.0,-0.558482,0.401234,972,20,
4,410,Overall,Overall,36,24,48,1.5,1.57103,0.359522,1079,18,
4,411,Overall,Overall,36,34,48,2.5,2.660374,0.401297,1133,20,
4,412,Overall,Overall,36,43,48,3.0,4.728095,0.749371,1236,37,
4,413,Overall,Overall,36,18,48,1.5,0.945815,0.351363,1047,18,
4,414,Overall,Overall,36,9,48,-1.5,-1.286203,0.527463,936,26,
4,415,Overall,Overall,36,3,48,-3.0,-3.840344,1.169051,808,58,
4,416,Overall,Overall,36,6,48,-2.0,-2.153926,0.697258,892,35,
4,417,Overall,Overall,36,31,48,2.5,2.441704,0.355888,1122,18,
4,418,Overall,Overall,36,5,48,-1.5,-2.482769,0.784611,876,39,
4,419,Overall,Overall,36,12,48,-1.0,-0.478001,0.448792,976,22,
4,420,Overall,Overall,36,34,48,3.0,2.865778,0.411865,1143,21,
4,421,Overall,Overall,36,29,48,2.0,2.084275,0.362506,1104,18,
4,422,Overall,Overall,36,27,48,2.0,1.861381,0.344793,1093,17,
4,423,Overall,Overall,36,20,48,1.0,0.94248,0.357318,1047,18,
4,424,Overall,Overall,36,5,48,-2.0,-1.881256,0.63643,906,32,
4,425,Overall,Overall,36,13,48,0.5,0.115036,0.382815,1006,19,
4,426,Overall,Overall,36,20,48,1.0,1.110132,0.371681,1056,19,
4,427,Overall,Overall,36,3,48,-3.0,-4.490319,1.420075,775,71,
4,428,Overall,Overall,36,8,48,-0.5,-0.77515,0.463298,961,23,
4,429,Overall,Overall,36,17,48,1.0,0.75986,0.382065,1038,19,
4,430,Overall,Overall,36,20,48,0.5,0.774725,0.334998,1039,17,
4,431,Overall,Overall,36,3,48,-2.0,-4.008249,1.281882,800,64,
4,432,Overall,Overall,36,29,48,3.0,2.624562,0.378184,1131,19,
4,433,Overall,Overall,36,27,48,2.0,1.621963,0.356812,1081,18,
4,434,Overall,Overall,36,4,48,-3.0,-2.691173,0.789318,865,39,
4,435,Overall,Overall,36,7,48,-1.5,-1.899935,0.624155,905,31,
4,436,Overall,Overall,36,25,48,1.5,1.288579,0.359161,1064,18,
4,437,Overall,Overall,36,29,48,2.5,2.448637,0.401697,1122,20,
4,438,Overall,Overall,36,6,48,-2.0,-1.81432,0.611756,909,31,
4,439,Overall,Overall,36,3,48,-2.5,-2.934591,0.915768,853,46,
4,440,Overall,Overall,36,32,48,2.0,2.210498,0.371198,1111,19,
4,441,Overall,Overall,36,34,48,2.5,2.804246,0.453845,1140,23,
4,442,Overall,Overall,36,2,48,-2.0,-3.661849,1.097613,817,55,
4,443,Overall,Overall,36,7,48,-1.5,-1.182025,0.48836,941,24,
4,444,Overall,Overall,36,35,48,2.5,2.796964,0.446762,1140,22,
4,445,Overall,Overall,36,35,48,3.0,3.113043,0.455399,1156,23,
4,446,Overall,Overall,36,16,48,0.0,-0.409199,0.41696,980,21,
4,447,Overall,Overall,36,14,48,0.0,-0.135492,0.393455,993,20,
4,448,Overall,Overall,36,6,48,-2.0,-1.733199,0.61243,913,31,
4,449,Overall,Overall,36,25,48,1.5,1.850594,0.351922,1093,18,
4,450,Overall,Overall,36,8,48,-1.0,-1.202727,0.524516,940,26,
4,451,Overall,Overall,36,29,48,1.5,1.936192,0.358161,1097,18,
4,452,Overall,Overall,36,5,48,-1.0,-1.628149,0.600198,919,30,
4,453,Overall,Overall,36,26,48,1.5,1.259707,0.334975,1063,17,
4,454,Overall,Overall,36,3,48,-2.5,-3.127928,0.94274,844,47,
4,455,Overall,Overall,36,6,48,-2.5,-2.016876,0.689878,899,34,
4,456,Overall,Overall,36,34,48,3.0,2.979431,0.421064,1149,21,
4,457,Overall,Overall,36,6,48,-1.5,-1.805062,0.619703,910,31,
4,458,Overall,Overall,36,21,48,1.5,1.229829,0.322217,1061,16,
4,459,Overall,Overall,36,26,48,1.0,1.349802,0.367194,1067,18,
4,460,Overall,Overall,36,3,48,-2.0,-3.629007,1.106902,819,55,
4,461,Overall,Overall,36,17,48,0.0,0.14848,0.386943,1007,19,
4,462,Overall,Overall,36,22,48,0.5,0.705012,0.335969,1035,17,
4,463,Overall,Overall,36,28,48,2.0,1.949177,0.348478,1097,17,
4,464,Overall,Overall,36,23,48,1.5,1.289644,0.348111,1064,17,
4,465,Overall,Overall,36,35,48,3.0,3.377907,0.48304,1169,24,
4,466,Overall,Overall,36,4,48,-3.0,-2.969761,0.88923,852,44,
4,467,Overall,Overall,36,4,48,-3.0,-2.369482,0.748369,882,37,
4,468,Overall,Overall,36,33,48,3.0,2.516181,0.384846,1126,19,
4,469,Overall,Overall,36,16,48,1.0,0.627986,0.360234,1031,18,
4,470,Overall,Overall,36,15,48,0.0,0.043966,0.391162,1002,20,
4,471,Overall,Overall,36,10,48,-1.5,-0.625604,0.444448,969,22,
4,472,Overall,Overall,36,23,48,1.5,1.232262,0.34782,1062,17,
4,473,Overall,Overall,36,11,48,-0.5,-0.468695,0.401035,977,20,
4,474,Overall,Overall,36,16,48,0.5,0.318712,0.378541,1016,19,
4,475,Overall,Overall,36,3,48,-3.0,-3.794559,1.154152,810,58,
4,476,Overall,Overall,36,5,48,-1.5,-2.293479,0.733098,885,37,
4,477,Overall,Overall,36,1,48,-3.0,-4.889843,1.725906,756,86,
4,478,Overall,Overall,36,10,48,-1.5,-1.025999,0.505109,949,25,
4,479,Overall,Overall,36,33,48,3.0,2.915474,0.405243,1146,20,
4,480,Overall,Overall,36,12,48,-0.5,-0.550301,0.440766,972,22,
4,481,Overall,Overall,36,6,48,-2.0,-1.283821,0.541714,936,27,
4,482,Overall,Overall,36,21,48,0.5,0.741496,0.335594,1037,17,
4,483,Overall,Overall,36,5,48,-1.5,-2.380494,0.720922,881,36,
4,484,Overall,Overall,36,19,48,0.5,1.017451,0.358488,1051,18,
4,485,Overall,Overall,36,27,48,2.5,2.12963,0.352675,1106,18,
4,486,Overall,Overall,36,12,48,-0.5,-0.592335,0.438461,970,22,
4,487,Overall,Overall,36,8,48,-1.0,-0.801908,0.447118,960,22,
4,488,Overall,Overall,36,10,48,-1.0,-0.919751,0.528664,954,26,
4,489,Overall,Overall,36,6,48,-2.5,-2.279544,0.681955,886,34,
4,490,Overall,Overall,36,7,48,-1.0,-1.526097,0.586036,924,29,
4,491,Overall,Overall,36,23,48,1.5,1.461966,0.337118,1073,17,
4,492,Overall,Overall,36,12,48,-0.5,-0.675674,0.42521,966,21,
4,493,Overall,Overall,36,28,48,2.5,2.474067,0.422314,1124,21,
4,494,Overall,Overall,36,11,48,0.0,-0.178413,0.41254,991,21,
4,495,Overall,Overall,36,37,48,3.0,2.691585,0.418161,1135,21,
4,496,Overall,Overall,36,28,48,1.5,1.657868,0.343553,1083,17,
4,497,Overall,Overall,36,2,48,-2.5,-3.71391,1.156113,814,58,
4,498,Overall,Overall,36,14,48,0.0,-0.263731,0.390394,987,20,
4,499,Overall,Overall,36,19,48,1.5,1.270104,0.346831,1064,17,
4,500,Overall,Overall,36,19,48,0.5,0.375031,0.35713,1019,18,
4,501,Overall,Overall,36,27,48,3.0,2.154385,0.366857,1108,18,
4,502,Overall,Overall,36,35,48,2.5,2.84029,0.426318,1142,21,
4,503,Overall,Overall,36,5,48,-2.0,-1.848066,0.595371,908,30,
4,504,Overall,Overall,36,9,48,-2.0,-1.131707,0.500723,943,25,
4,505,Overall,Overall,36,4,48,-2.0,-2.206407,0.688764,890,34,
4,506,Overall,Overall,36,14,48,0.0,-0.018435,0.400193,999,20,
4,507,Overall,Overall,36,12,48,-0.5,-0.285415,0.395601,986,20,
4,508,Overall,Overall,36,31,48,2.0,2.551623,0.392847,1128,20,
4,509,Overall,Overall,36,5,48,-3.0,-2.906715,0.871517,855,44,
4,510,Overall,Overall,36,29,48,2.0,2.341703,0.36387,1117,18,
4,511,Overall,Overall,36,6,48,-2.0,-1.394107,0.571613,930,29,
4,512,Overall,Overall,36,36,48,3.0,3.213276,0.438621,1161,22,
4,513,Overall,Overall,36,8,48,-0.5,-0.466073,0.423325,977,21,
4,514,Overall,Overall,36,35,48,2.5,3.028163,0.41016,1151,21,
4,515,Overall,Overall,36,4,48,-2.0,-2.518459,0.778237,874,39,
4,516,Overall,Overall,36,20,48,1.0,1.403777,0.334383,1070,17,
4,517,Overall,Overall,36,6,48,-3.0,-1.97791,0.658642,901,33,
4,518,Overall,Overall,36,6,48,-2.5,-2.795605,0.858639,860,43,
4,519,Overall,Overall,36,24,48,1.0,1.63224,0.366897,1082,18,
4,520,Overall,Overall,36,26,48,1.5,1.355239,0.316326,1068,16,
4,521,Overall,Overall,36,32,48,2.5,2.109991,0.357703,1105,18,
4,522,Overall,Overall,36,14,48,0.5,0.230894,0.375949,1012,19,
4,523,Overall,Overall,36,19,48,1.5,0.655383,0.355984,1033,18,
4,524,Overall,Overall,36,8,48,-2.0,-1.093548,0.516342,945,26,
4,525,Overall,Overall,36,26,48,2.0,1.808739,0.342107,1090,17,
4,526,Overall,Overall,36,14,48,0.0,0.019999,0.408586,1001,20,
4,527,Overall,Overall,36,19,48,1.0,0.863542,0.332411,1043,17,
4,528,Overall,Overall,36,14,48,-0.5,-0.110085,0.366684,994,18,
4,529,Overall,Overall,36,34,48,3.0,2.840456,0.427551,1142,21,
4,530,Overall,Overall,36,12,48,-0.5,-0.415682,0.409613,979,20,
4,531,Overall,Overall,36,9,48,-1.5,-0.945393,0.481825,953,24,
4,532,Overall,Overall,36,6,48,-2.5,-2.284541,0.728063,886,36,
4,533,Overall,Overall,36,14,48,-0.5,0.015369,0.368672,1001,18,
4,534,Overall,Overall,36,35,48,3.0,2.716112,0.388947,1136,19,
4,535,Overall,Overall,36,14,48,0.0,-0.324618,0.422875,984,21,
4,536,Overall,Overall,36,36,48,2.5,2.805791,0.412297,1140,21,
4,537,Overall,Overall,36,27,48,2.5,2.160142,0.396528,1108,20,
4,538,Overall,Overall,36,5,48,-2.0,-1.82006,0.630834,909,32,
4,539,Overall,Overall,36,13,48,-0.5,0.204676,0.387328,1010,19,
4,540,Overall,Overall,36,40,48,3.0,3.449738,0.489685,1172,24,
4,541,Overall,Overall,36,9,48,-2.0,-1.37184,0.557909,931,28,
4,542,Overall,Overall,36,30,48,1.5,1.816948,0.355946,1091,18,
4,543,Overall,Overall,36,20,48,1.5,0.688589,0.340951,1034,17,
4,544,Overall,Overall,36,33,48,2.5,2.737529,0.400322,1137,20,
4,545,Overall,Overall,36,22,48,1.0,1.002878,0.369481,1050,18,
4,546,Overall,Overall,36,6,48,-2.0,-2.574306,0.78501,871,39,
4,547,Overall,Overall,36,4,48,-2.5,-2.727853,0.820138,864,41,
4,548,Overall,Overall,36,37,48,2.5,2.954537,0.423641,1148,21,
4,549,Overall,Overall,36,27,48,2.0,1.968478,0.371731,1098,19,
4,550,Overall,Overall,36,8,48,-1.5,-0.923975,0.450462,954,23,
4,551,Overall,Overall,36,13,48,0.0,-0.427564,0.413259,979,21,
4,552,Overall,Overall,36,4,48,-3.0,-2.578187,0.802131,871,40,
4,553,Overall,Overall,36,30,48,3.0,2.481395,0.385914,1124,19,
4,554,Overall,Overall,36,12,48,0.0,0.566092,0.370746,1028,19,
4,555,Overall,Overall,36,4,48,-3.0,-4.497302,1.39048,775,70,
4,556,Overall,Overall,36,11,48,-2.0,-1.459156,0.521895,927,26,
4,557,Overall,Overall,36,25,48,2.0,2.184363,0.374412,1109,19,
4,558,Overall,Overall,36,13,48,-1.0,0.01373,0.371017,1001,19,
4,559,Overall,Overall,36,7,48,-1.5,-1.204478,0.48606,940,24,
4,560,Overall,Overall,36,38,48,3.0,3.204827,0.450614,1160,23,
4,561,Overall,Overall,36,9,48,-1.0,-0.858871,0.437339,957,22,
4,562,Overall,Overall,36,3,48,-1.5,-2.762294,0.851669,862,43,
4,563,Overall,Overall,36,8,48,-1.5,-1.297411,0.49089,935,25,
4,564,Overall,Overall,36,9,48,-1.0,-0.645404,0.451345,968,23,
4,565,Overall,Overall,36,3,48,-3.0,-2.78776,0.842891,861,42,
4,566,Overall,Overall,36,9,48,-0.5,-1.092111,0.490206,945,25,
4,567,Overall,Overall,36,5,48,-1.5,-2.507067,0.809882,875,40,
4,568,Overall,Overall,36,25,48,2.0,1.763593,0.323929,1088,16,
4,569,Overall,Overall,36,15,48,0.0,0.29447,0.416063,1015,21,
4,570,Overall,Overall,36,5,48,-3.0,-2.580419,0.773044,871,39,
4,571,Overall,Overall,36,23,48,2.5,1.868213,0.361159,1093,18,
4,572,Overall,Overall,36,21,48,2.0,1.409779,0.351397,1070,18,
4,573,Overall,Overall,36,32,48,3.0,2.657635,0.406886,1133,20,
4,574,Overall,Overall,36,5,48,-2.0,-2.483548,0.749681,876,37,
4,575,Overall,Overall,36,28,48,2.5,1.625422,0.350486,1081,18,
4,576,Overall,Overall,36,25,48,2.5,2.26445,0.412201,1113,21,
4,577,Overall,Overall,36,36,48,2.5,3.258614,0.449344,1163,22,
4,578,Overall,Overall,36,12,48,-0.5,-0.268437,0.391762,987,20,
4,579,Overall,Overall,36,7,48,-1.5,-1.559768,0.565853,922,28,
4,580,Overall,Overall,36,11,48,0.0,-0.266456,0.371494,987,19,
4,581,Overall,Overall,36,4,48,-1.5,-2.300596,0.759807,885,38,
4,582,Overall,Overall,36,11,48,-0.5,-0.927517,0.465254,954,23,
4,583,Overall,Overall,36,5,48,-1.5,-1.856077,0.65444,907,33,
4,584,Overall,Overall,36,37,48,2.5,3.03806,0.452838,1152,23,
4,585,Overall,Overall,36,4,48,-1.5,-2.325475,0.779582,884,39,
4,586,Overall,Overall,36,7,48,-1.0,-1.6234,0.569645,919,28,
4,587,Overall,Overall,36,2,48,-3.0,-3.944605,1.347612,803,67,
4,588,Overall,Overall,36,5,48,-2.5,-2.236678,0.722606,888,36,
4,589,Overall,Overall,36,9,48,-0.5,-0.95989,0.47949,952,24,
4,590,Overall,Overall,36,3,48,-2.5,-2.379486,0.76778,881,38,
4,591,Overall,Overall,36,12,48,0.5,0.201913,0.384624,1010,19,
4,592,Overall,Overall,36,26,48,2.0,1.880384,0.357813,1094,18,
4,593,Overall,Overall,36,9,48,-1.0,-0.975911,0.507619,951,25,
4,594,Overall,Overall,36,24,48,1.0,1.034108,0.325082,1052,16,
4,595,Overall,Overall,36,18,48,-0.5,0.393877,0.362723,1020,18,
4,596,Overall,Overall,36,14,48,0.5,0.210491,0.392875,1011,20,
4,597,Overall,Overall,36,3,48,-2.5,-3.08537,0.904427,846,45,
4,598,Overall,Overall,36,2,48,-3.0,-3.963595,1.232745,802,62,
4,599,Overall,Overall,36,33,48,2.0,2.639595,0.392087,1132,20,
4,600,Overall,Overall,36,25,48,1.5,1.194801,0.366827,1060,18,
4,601,Overall,Overall,36,17,48,0.0,0.49327,0.395771,1025,20,
4,602,Overall,Overall,36,32,48,3.0,2.841662,0.433299,1142,22,
4,603,Overall,Overall,36,6,48,-1.5,-1.56536,0.552638,922,28,
4,604,Overall,Overall,36,6,48,-1.0,-1.599589,0.554409,920,28,
4,605,Overall,Overall,36,2,48,-3.0,-4.13446,1.322151,793,66,
4,606,Overall,Overall,36,32,48,3.0,2.93423,0.45181,1147,23,
4,607,Overall,Overall,36,28,48,2.0,2.180296,0.370355,1109,19,
4,608,Overall,Overall,36,39,48,3.0,3.508739,0.488424,1175,24,
4,609,Overall,Overall,36,8,48,-1.5,-1.909119,0.640145,905,32,
4,610,Overall,Overall,36,6,48,-2.5,-1.977417,0.684085,901,34,
4,611,Overall,Overall,36,8,48,-0.5,-0.728805,0.443147,964,22,
4,612,Overall,Overall,36,4,48,-2.5,-3.083268,0.995336,846,50,
4,613,Overall,Overall,36,2,48,-2.5,-2.085184,0.740947,896,37,
4,614,Overall,Overall,36,4,48,-2.5,-3.324988,0.981034,834,49,
4,615,Overall,Overall,36,37,48,3.0,3.248684,0.434221,1162,22,
4,616,Overall,Overall,36,32,48,2.5,2.444842,0.421536,1122,21,
4,617,Overall,Overall,36,12,48,-1.0,-0.504213,0.421815,975,21,
4,618,Overall,Overall,36,20,48,1.0,1.001167,0.362534,1050,18,
4,619,Overall,Overall,36,24,48,1.0,1.146284,0.337307,1057,17,
4,620,Overall,Overall,36,4,48,-3.0,-3.140172,1.01877,843,51,
4,621,Overall,Overall,36,5,48,-2.5,-1.806444,0.601062,910,30,
4,622,Overall,Overall,36,10,48,-0.5,-0.850079,0.474808,957,24,
4,623,Overall,Overall,36,12,48,-1.0,-0.432484,0.402625,978,20,
4,624,Overall,Overall,36,7,48,-2.0,-1.76502,0.611146,912,31,
4,625,Overall,Overall,36,6,48,-1.5,-1.870232,0.67446,906,34,
4,626,Overall,Overall,36,2,48,-2.0,-3.792885,1.19489,810,60,
4,627,Overall,Overall,36,20,48,0.5,0.910565,0.327716,1046,16,
4,628,Overall,Overall,36,26,48,1.5,1.721271,0.341938,1086,17,
4,629,Overall,Overall,36,10,48,-2.0,-1.008192,0.486079,950,24,
4,630,Overall,Overall,36,28,48,2.0,1.793051,0.332391,1090,17,
4,631,Overall,Overall,36,13,48,0.0,0.131745,0.397981,1007,20,
4,632,Overall,Overall,36,30,48,2.5,2.279746,0.363371,1114,18,
4,633,Overall,Overall,36,19,48,1.0,0.805134,0.356863,1040,18,
4,634,Overall,Overall,36,3,48,-2.0,-2.629813,0.805256,869,40,
4,635,Overall,Overall,36,11,48,0.0,-0.003546,0.388878,1000,19,
4,636,Overall,Overall,36,18,48,0.5,0.596949,0.33628,1030,17,
4,637,Overall,Overall,36,36,48,3.0,2.739099,0.407338,1137,20,
4,638,Overall,Overall,36,30,48,2.5,2.035462,0.343769,1102,17,
4,639,Overall,Overall,36,14,48,0.0,-0.433538,0.435387,978,22,
4,640,Overall,Overall,36,13,48,-0.5,-0.678275,0.415622,966,21,
4,641,Overall,Overall,36,23,48,1.5,1.547995,0.376582,1077,19,
4,642,Overall,Overall,36,37,48,2.5,3.106584,0.43202,1155,22,
4,643,Overall,Overall,36,25,48,1.0,1.284924,0.343315,1064,17,
4,644,Overall,Overall,36,8,48,-0.5,-0.70798,0.414214,965,21,
4,645,Overall,Overall,36,15,48,0.5,0.408804,0.368824,1020,18,
4,646,Overall,Overall,36,5,48,-1.0,-2.116412,0.688023,894,34,
4,647,Overall,Overall,36,8,48,-1.0,-0.911368,0.467729,954,23,
4,648,Overall,Overall,36,5,48,-2.5,-3.15896,0.963638,842,48,
4,649,Overall,Overall,36,29,48,2.5,2.198064,0.358959,1110,18,
4,650,Overall,Overall,36,10,48,-1.0,-0.885413,0.442435,956,22,
4,651,Overall,Overall,36,32,48,3.0,2.398251,0.3643,1120,18,
4,652,Overall,Overall,36,8,48,-1.0,-1.097134,0.502307,945,25,
4,653,Overall,Overall,36,11,48,-0.5,-0.640714,0.462944,968,23,
4,654,Overall,Overall,36,26,48,2.0,2.161438,0.364524,1108,18,
4,655,Overall,Overall,36,34,48,2.5,2.478177,0.372203,1124,19,
4,656,Overall,Overall,36,3,48,-3.0,-3.974322,1.249286,801,62,
4,657,Overall,Overall,36,35,48,2.0,2.226277,0.366052,1111,18,
4,658,Overall,Overall,36,3,48,-3.0,-3.730609,1.195693,813,60,
4,659,Overall,Overall,36,8,48,-1.5,-1.291804,0.506767,935,25,
4,660,Overall,Overall,36,11,48,-0.5,-0.832159,0.474793,958,24,
4,661,Overall,Overall,36,36,48,3.0,3.046225,0.465793,1152,23,
4,662,Overall,Overall,36,20,48,1.0,0.888056,0.336275,1044,17,
4,663,Overall,Overall,36,13,48,0.0,-0.451729,0.423532,977,21,
4,664,Overall,Overall,36,30,48,2.5,2.101077,0.348487,1105,17,
4,665,Overall,Overall,36,14,48,0.5,-0.095494,0.411634,995,21,
4,666,Overall,Overall,36,27,48,2.5,2.254713,0.378229,1113,19,
4,667,Overall,Overall,36,3,48,-3.0,-3.688347,1.053817,816,53,
4,668,Overall,Overall,36,8,48,-0.5,-0.75519,0.491837,962,25,
4,669,Overall,Overall,36,18,48,0.5,0.308717,0.334694,1015,17,
4,670,Overall,Overall,36,6,48,-1.5,-1.429136,0.582689,929,29,
4,671,Overall,Overall,36,2,48,-3.0,-4.793822,1.660015,760,83,
4,672,Overall,Overall,36,4,48,-2.5,-2.537809,0.781509,873,39,
4,673,Overall,Overall,36,6,48,-2.5,-2.215777,0.695938,889,35,
4,674,Overall,Overall,36,16,48,0.5,0.483052,0.372969,1024,19,
4,675,Overall,Overall,36,7,48,-1.0,-1.167093,0.47426,942,24,
4,676,Overall,Overall,36,5,48,-2.5,-2.773677,0.862373,861,43,
4,677,Overall,Overall,36,29,48,2.5,1.954932,0.342604,1098,17,
4,678,Overall,Overall,36,3,48,-3.0,-2.880847,0.866555,856,43,
4,679,Overall,Overall,36,20,48,1.5,1.299756,0.31914,1065,16,
4,680,Overall,Overall,36,24,48,1.0,1.452223,0.344081,1073,17,
4,681,Overall,Overall,36,2,48,-3.0,-3.924536,1.203914,804,60,
4,682,Overall,Overall,36,14,48,0.5,0.552265,0.355982,1028,18,
4,683,Overall,Overall,36,6,48,-2.5,-1.4903,0.539177,925,27,
4,684,Overall,Overall,36,15,48,-1.5,-0.472178,0.42089,976,21,
4,685,Overall,Overall,36,27,48,3.0,2.469518,0.392367,1123,20,
4,686,Overall,Overall,36,2,48,-3.0,-4.65989,1.52515,767,76,
4,687,Overall,Overall,36,15,48,0.5,0.27652,0.37799,1014,19,
4,688,Overall,Overall,36,21,48,0.5,0.566354,0.339196,1028,17,
4,689,Overall,Overall,36,9,48,-1.5,-1.195467,0.500649,940,25,
4,690,Overall,Overall,36,4,48,-2.0,-2.029761,0.682134,899,34,
4,691,Overall,Overall,36,2,48,-2.0,-4.29879,1.394559,785,70,
4,692,Overall,Overall,36,6,48,-1.5,-1.638894,0.608745,918,30,
4,693,Overall,Overall,36,32,48,3.0,3.030848,0.461934,1152,23,
4,694,Overall,Overall,36,25,48,1.0,1.369401,0.313187,1068,16,
4,695,Overall,Overall,36,8,48,-1.0,-1.461955,0.547798,927,27,
4,696,Overall,Overall,36,16,48,0.0,0.075511,0.391687,1004,20,
4,697,Overall,Overall,36,0,48,-2.5,-5.0,1.828751,750,91,
4,698,Overall,Overall,36,15,48,-0.5,0.158951,0.368633,1008,18,
4,699,Overall,Overall,36,36,48,3.0,3.249677,0.46901,1162,23,
4,700,Overall,Overall,36,4,48,-3.0,-2.309267,0.698355,885,35,
4,701,Overall,Overall,36,10,48,-1.0,-0.768249,0.456989,962,23,
4,702,Overall,Overall,36,21,48,1.0,0.778667,0.333075,1039,17,
4,703,Overall,Overall,36,15,48,-0.5,0.099017,0.39038,1005,20,
4,704,Overall,Overall,36,22,48,1.5,1.345139,0.366742,1067,18,
4,705,Overall,Overall,36,14,48,0.0,0.251297,0.385807,1013,19,
4,706,Overall,Overall,36,13,48,-0.5,-0.44657,0.418109,978,21,
4,707,Overall,Overall,36,25,48,2.0,1.917071,0.374693,1096,19,
4,708,Overall,Overall,36,12,48,-0.5,-0.651816,0.443567,967,22,
4,709,Overall,Overall,36,19,48,1.0,0.537031,0.384675,1027,19,
4,710,Overall,Overall,36,11,48,-0.5,-0.106403,0.39348,995,20,
4,711,Overall,Overall,36,4,48,-2.5,-1.97861,0.684328,901,34,
4,712,Overall,Overall,36,4,48,-2.5,-3.789517,1.144629,811,57,
4,713,Overall,Overall,36,35,48,2.0,2.746933,0.410871,1137,21,
4,714,Overall,Overall,36,2,48,-3.0,-4.710661,1.59858,764,80,
4,715,Overall,Overall,36,12,48,0.0,-0.691207,0.480805,965,24,
4,716,Overall,Overall,36,6,48,-2.5,-2.078849,0.659828,896,33,
4,717,Overall,Overall,36,28,48,2.5,2.292934,0.39933,1115,20,
4,718,Overall,Overall,36,5,48,-2.5,-2.795513,0.835644,860,42,
4,719,Overall,Overall,36,16,48,1.0,0.774856,0.368396,1039,18,
4,720,Overall,Overall,36,4,48,-3.0,-2.59208,0.823457,870,41,
4,721,Overall,Overall,36,4,48,-1.5,-2.18727,0.695337,891,35,
4,722,Overall,Overall,36,16,48,0.0,0.389972,0.337389,1019,17,
4,723,Overall,Overall,36,9,48,-2.0,-1.053085,0.489409,947,24,
4,724,Overall,Overall,36,7,48,-2.0,-1.903415,0.683566,905,34,
4,725,Overall,Overall,36,10,48,-2.0,-0.948843,0.501603,953,25,
4,726,Overall,Overall,36,28,48,3.0,2.413925,0.395611,1121,20,
4,727,Overall,Overall,36,10,48,-0.5,-0.886943,0.494367,956,25,
4,728,Overall,Overall,36,24,48,1.5,1.442153,0.332252,1072,17,
4,729,Overall,Overall,36,11,48,-1.0,-0.385008,0.481552,981,24,
4,730,Overall,Overall,36,13,48,0.0,-0.588455,0.415175,971,21,
4,731,Overall,Overall,36,23,48,1.0,1.166349,0.347168,1058,17,
4,732,Overall,Overall,36,28,48,1.5,1.445203,0.341032,1072,17,
4,733,Overall,Overall,36,8,48,-0.5,-1.342214,0.54573,933,27,
4,734,Overall,Overall,36,8,48,-0.5,-0.267474,0.403796,987,20,
4,735,Overall,Overall,36,15,48,0.5,0.43831,0.3507,1022,18,
4,736,Overall,Overall,36,25,48,1.5,1.616478,0.380959,1081,19,
4,737,Overall,Overall,36,32,48,2.5,2.117707,0.377456,1106,19,
4,738,Overall,Overall,36,28,48,2.0,1.950265,0.367104,1098,18,
4,739,Overall,Overall,36,6,48,-2.0,-1.803258,0.611911,910,31,
4,740,Overall,Overall,36,20,48,1.5,1.438395,0.359241,1072,18,
4,741,Overall,Overall,36,20,48,1.0,0.797611,0.371957,1040,19,
4,742,Overall,Overall,36,14,48,0.5,0.061335,0.373656,1003,19,
4,743,Overall,Overall,36,12,48,-1.5,-0.613792,0.4496,969,22,
4,744,Overall,Overall,36,35,48,3.0,2.799125,0.433069,1140,22,
4,745,Overall,Overall,36,35,48,3.0,3.048619,0.42532,1152,21,
4,746,Overall,Overall,36,3,48,-2.5,-2.424299,0.77046,879,39,
4,747,Overall,Overall,36,35,48,3.0,3.541557,0.469268,1177,23,
4,748,Overall,Overall,36,0,48,-3.0,-5.0,1.819179,750,91,
4,749,Overall,Overall,36,15,48,0.5,0.133645,0.351563,1007,18,
4,750,Overall,Overall,36,21,48,1.5,1.51894,0.355332,1076,18,
4,751,Overall,Overall,36,37,48,3.0,3.368659,0.496293,1168,25,
4,752,Overall,Overall,36,22,48,1.5,1.144296,0.364387,1057,18,
4,753,Overall,Overall,36,10,48,-1.0,-0.646944,0.433236,968,22,
4,754,Overall,Overall,36,4,48,-2.0,-2.578803,0.803462,871,40,
4,755,Overall,Overall,36,15,48,0.0,-0.093439,0.414282,995,21,
4,756,Overall,Overall,36,17,48,1.0,1.003914,0.356901,1050,18,
4,757,Overall,Overall,36,28,48,2.0,1.821769,0.349387,1091,17,
4,758,Overall,Overall,36,24,48,2.0,1.882486,0.352309,1094,18,
4,759,Overall,Overall,36,6,48,-0.5,-0.809091,0.503693,960,25,
4,760,Overall,Overall,36,20,48,1.5,1.260254,0.332116,1063,17,
4,761,Overall,Overall,36,23,48,1.5,1.455261,0.322087,1073,16,
4,762,Overall,Overall,36,3,48,-2.0,-2.639796,0.787325,868,39,
4,763,Overall,Overall,36,27,48,2.0,2.39785,0.391075,1120,20,
4,764,Overall,Overall,36,7,48,-1.5,-1.629286,0.560298,919,28,
4,765,Overall,Overall,36,19,48,0.5,0.669727,0.343858,1033,17,
4,766,Overall,Overall,36,19,48,0.5,0.862198,0.351878,1043,18,
4,767,Overall,Overall,36,5,48,-2.0,-2.456654,0.75088,877,38,
4,768,Overall,Overall,36,27,48,2.0,1.753669,0.331581,1088,17,
4,769,Overall,Overall,36,5,48,-3.0,-3.064364,0.906577,847,45,
4,770,Overall,Overall,36,20,48,1.5,1.138608,0.347368,1057,17,
4,771,Overall,Overall,36,32,48,3.0,2.450078,0.363711,1123,18,
4,772,Overall,Overall,36,31,48,3.0,2.729555,0.410083,1136,21,
4,773,Overall,Overall,36,10,48,-1.0,-0.785079,0.441606,961,22,
4,774,Overall,Overall,36,31,48,2.5,1.927119,0.339046,1096,17,
4,775,Overall,Overall,36,22,48,1.5,1.1463,0.324587,1057,16,
4,776,Overall,Overall,36,35,48,2.0,2.474473,0.403653,1124,20,
4,777,Overall,Overall,36,23,48,0.5,0.762763,0.339745,1038,17,
4,778,Overall,Overall,36,36,48,3.0,3.458219,0.492385,1173,25,
4,779,Overall,Overall,36,2,48,-3.0,-3.84503,1.204803,808,60,
4,780,Overall,Overall,36,4,48,-2.0,-2.983469,0.911345,851,46,
4,781,Overall,Overall,36,3,48,-2.0,-4.470953,1.341241,776,67,
4,782,Overall,Overall,36,27,48,2.0,2.0265,0.364179,1101,18,
4,783,Overall,Overall,36,26,48,2.0,1.837398,0.350246,1092,18,
4,784,Overall,Overall,36,33,48,2.5,2.220716,0.379673,1111,19,
4,785,Overall,Overall,36,9,48,-1.0,-0.847477,0.455235,958,23,
4,786,Overall,Overall,36,19,48,1.0,0.768779,0.351611,1038,18,
4,787,Overall,Overall,36,8,48,-1.0,-1.184442,0.513813,941,26,
4,788,Overall,Overall,36,5,48,-1.5,-1.744986,0.636108,913,32,
4,789,Overall,Overall,36,11,48,-2.0,-0.893836,0.486067,955,24,
4,790,Overall,Overall,36,9,48,-1.0,-0.744598,0.443666,963,22,
4,791,Overall,Overall,36,18,48,0.5,0.922767,0.372835,1046,19,
4,792,Overall,Overall,36,25,48,1.0,1.465167,0.347922,1073,17,
4,793,Overall,Overall,36,16,48,0.5,0.692829,0.381789,1035,19,
4,794,Overall,Overall,36,14,48,0.5,0.14476,0.380926,1007,19,
4,795,Overall,Overall,36,3,48,-2.5,-3.677788,1.108015,816,55,
4,796,Overall,Overall,36,27,48,2.0,1.863646,0.361067,1093,18,
4,797,Overall,Overall,36,13,48,-0.5,-0.119277,0.401054,994,20,
4,798,Overall,Overall,36,34,48,2.5,2.57735,0.392869,1129,20,
4,799,Overall,Overall,36,15,48,0.0,0.057362,0.383512,1003,19,
4,800,Overall,Overall,36,13,48,1.0,0.484543,0.385252,1024,19,
4,801,Overall,Overall,36,6,48,-2.5,-1.884625,0.601035,906,30,
4,802,Overall,Overall,36,9,48,-1.5,-1.196677,0.523374,940,26,
4,803,Overall,Overall,36,12,48,-0.5,-0.179144,0.411993,991,21,
4,804,Overall,Overall,36,5,48,-2.5,-1.921146,0.687836,904,34,
4,805,Overall,Overall,36,25,48,2.0,1.938314,0.38751,1097,19,
4,806,Overall,Overall,36,11,48,0.5,0.026284,0.363994,1001,18,
4,807,Overall,Overall,36,28,48,1.5,1.917529,0.33155,1096,17,
4,808,Overall,Overall,36,29,48,2.0,2.198375,0.352906,1110,18,
4,809,Overall,Overall,36,14,48,1.0,0.809725,0.376038,1040,19,
4,810,Overall,Overall,36,27,48,1.5,1.591456,0.360234,1080,18,
4,811,Overall,Overall,36,33,48,3.0,2.70133,0.419557,1135,21,
4,812,Overall,Overall,36,21,48,1.0,1.18333,0.345173,1059,17,
4,813,Overall,Overall,36,4,48,-2.5,-2.947729,0.871325,853,44,
4,814,Overall,Overall,36,5,48,-2.0,-1.624139,0.619182,919,31,
4,815,Overall,Overall,36,12,48,-0.5,-0.078942,0.359282,996,18,
4,816,Overall,Overall,36,5,48,-2.5,-2.923087,0.868865,854,43,
4,817,Overall,Overall,36,7,48,-1.0,-1.442012,0.586196,928,29,
4,818,Overall,Overall,36,7,48,-0.5,-1.047493,0.483861,948,24,
4,819,Overall,Overall,36,20,48,0.5,0.678404,0.343731,1034,17,
4,820,Overall,Overall,36,4,48,-2.5,-2.380678,0.760377,881,38,
4,821,Overall,Overall,36,25,48,1.5,1.264094,0.320781,1063,16,
4,822,Overall,Overall,36,22,48,1.0,1.360943,0.387615,1068,19,
4,823,Overall,Overall,36,8,48,-2.0,-1.528545,0.564845,924,28,
4,824,Overall,Overall,36,36,48,2.5,3.085339,0.426369,1154,21,
4,825,Overall,Overall,36,5,48,-2.0,-2.157346,0.68132,892,34,
4,826,Overall,Overall,36,30,48,2.0,2.286529,0.39736,1114,20,
4,827,Overall,Overall,36,10,48,-0.5,-0.634773,0.424995,968,21,
4,828,Overall,Overall,36,14,48,0.0,-0.279355,0.396752,986,20,
4,829,Overall,Overall,36,4,48,-3.0,-2.653196,0.790779,867,40,
4,830,Overall,Overall,36,6,48,-1.5,-1.626955,0.646089,919,32,
4,831,Overall,Overall,36,15,48,0.0,0.084964,0.353307,1004,18,
4,832,Overall,Overall,36,19,48,0.5,0.390048,0.358493,1020,18,
4,833,Overall,Overall,36,21,48,0.5,0.563051,0.354138,1028,18,
4,834,Overall,Overall,36,8,48,-1.0,-1.213462,0.525187,939,26,
4,835,Overall,Overall,36,4,48,-3.0,-2.454005,0.775939,877,39,
4,836,Overall,Overall,36,0,48,-3.0,-5.0,1.905516,750,95,
4,837,Overall,Overall,36,30,48,2.5,2.387746,0.394219,1119,20,
4,838,Overall,Overall,36,8,48,-2.0,-1.180841,0.509113,941,25,
4,839,Overall,Overall,36,6,48,-2.0,-1.552938,0.591536,922,30,
4,840,Overall,Overall,36,30,48,2.5,2.203771,0.375957,1110,19,
4,841,Overall,Overall,36,7,48,-2.5,-1.892982,0.66458,905,33,
4,842,Overall,Overall,36,23,48,2.0,1.769532,0.346587,1088,17,
4,843,Overall,Overall,36,35,48,2.5,3.043844,0.440802,1152,22,
4,844,Overall,Overall,36,33,48,3.0,2.585701,0.38728,1129,19,
4,845,Overall,Overall,36,29,48,2.0,1.984471,0.352439,1099,18,
4,846,Overall,Overall,36,7,48,-1.5,-1.778783,0.587473,911,29,
4,847,Overall,Overall,36,32,48,3.0,2.736173,0.431555,1137,22,
4,848,Overall,Overall,36,3,48,-2.5,-3.389411,0.993598,831,50,
4,849,Overall,Overall,36,8,48,-2.5,-1.635278,0.627692,918,31,
4,850,Overall,Overall,36,17,48,-0.5,-0.364932,0.410622,982,21,
4,851,Overall,Overall,36,5,48,-1.5,-1.92912,0.649246,904,32,
4,852,Overall,Overall,36,12,48,0.0,-0.420897,0.413263,979,21,
4,853,Overall,Overall,36,22,48,1.5,1.378197,0.339404,1069,17,
4,854,Overall,Overall,36,3,48,-3.0,-3.824649,1.290948,809,65,
4,855,Overall,Overall,36,7,48,-1.5,-1.725055,0.615038,914,31,
4,856,Overall,Overall,36,10,48,-1.0,-0.734773,0.456091,963,23,
4,857,Overall,Overall,36,28,48,1.5,1.962438,0.368437,1098,18,
4,858,Overall,Overall,36,25,48,1.0,1.65111,0.370829,1083,19,
4,859,Overall,Overall,36,34,48,2.5,2.764482,0.412926,1138,21,
4,860,Overall,Overall,36,31,48,2.5,2.596852,0.388737,1130,19,
4,861,Overall,Overall,36,18,48,0.5,0.71106,0.364913,1036,18,
4,862,Overall,Overall,36,14,48,0.0,-0.046145,0.389476,998,19,
4,863,Overall,Overall,36,23,48,1.5,1.035084,0.367937,1052,18,
4,864,Overall,Overall,36,20,48,2.0,1.487337,0.36341,1074,18,
4,865,Overall,Overall,36,3,48,-2.5,-3.894489,1.176888,805,59,
4,866,Overall,Overall,36,0,48,-3.0,-5.0,1.796791,750,90,
4,867,Overall,Overall,36,8,48,-2.5,-2.329314,0.725489,884,36,
4,868,Overall,Overall,36,15,48,0.5,-0.048697,0.364385,998,18,
4,869,Overall,Overall,36,25,48,2.0,1.450457,0.401728,1073,20,
4,870,Overall,Overall,36,17,48,0.5,0.402022,0.362724,1020,18,
4,871,Overall,Overall,36,32,48,3.0,2.837912,0.424147,1142,21,
4,872,Overall,Overall,36,20,48,0.5,0.47476,0.4018,1024,20,
4,873,Overall,Overall,36,3,48,-3.0,-3.264385,0.966588,837,48,
4,874,Overall,Overall,36,10,48,0.0,-0.649117,0.442604,968,22,
4,875,Overall,Overall,36,13,48,-0.5,-0.136117,0.396831,993,20,
4,876,Overall,Overall,36,8,48,0.0,-0.737808,0.457359,963,23,
4,877,Overall,Overall,36,7,48,-1.0,-1.816599,0.605174,909,30,
4,878,Overall,Overall,36,1,48,-3.0,-5.0,1.66548,750,83,
4,879,Overall,Overall,36,29,48,2.5,2.438663,0.378343,1122,19,
4,880,Overall,Overall,36,10,48,-1.0,-0.851317,0.46014,957,23,
4,881,Overall,Overall,36,8,48,-0.5,-0.437137,0.453935,978,23,
4,882,Overall,Overall,36,17,48,0.0,0.099103,0.386741,1005,19,
4,883,Overall,Overall,36,4,48,-2.5,-2.929475,0.918966,854,46,
4,884,Overall,Overall,36,8,48,-1.0,-0.785869,0.473541,961,24,
4,885,Overall,Overall,36,11,48,-0.5,-0.705075,0.434856,965,22,
4,886,Overall,Overall,36,27,48,2.0,2.17433,0.356934,1109,18,
4,887,Overall,Overall,36,16,48,0.5,0.331473,0.344878,1017,17,
4,888,Overall,Overall,36,26,48,1.5,1.89956,0.350545,1095,18,
4,889,Overall,Overall,36,35,48,3.0,3.420363,0.470566,1171,24,
4,890,Overall,Overall,36,3,48,-1.5,-3.54264,1.102222,823,55,
4,891,Overall,Overall,36,31,48,2.5,2.238218,0.35645,1112,18,
4,892,Overall,Overall,36,8,48,-2.5,-1.425432,0.599547,929,30,
4,893,Overall,Overall,36,2,48,-2.5,-4.270536,1.292382,786,65,
4,894,Overall,Overall,36,4,48,-2.5,-3.506968,1.105713,825,55,
4,895,Overall,Overall,36,18,48,1.0,0.85477,0.346789,1043,17,
4,896,Overall,Overall,36,4,48,-2.0,-3.051302,0.842637,847,42,
4,897,Overall,Overall,36,7,48,-1.5,-1.03134,0.512874,948,26,
4,898,Overall,Overall,36,14,48,0.5,0.265351,0.36246,1013,18,
4,899,Overall,Overall,36,28,48,1.5,1.860474,0.360614,1093,18,
4,900,Overall,Overall,36,33,48,3.0,2.939533,0.436686,1147,22,
4,901,Overall,Overall,36,23,48,1.0,0.884191,0.381684,1044,19,
4,902,Overall,Overall,36,12,48,-1.0,-0.22843,0.441241,989,22,
4,903,Overall,Overall,36,22,48,0.5,1.361295,0.34263,1068,17,
4,904,Overall,Overall,36,2,48,-3.0,-4.639901,1.595445,768,80,
4,905,Overall,Overall,36,3,48,-2.5,-4.091769,1.236646,795,62,
4,906,Overall,Overall,36,3,48,-3.0,-3.546401,1.123109,823,56,
4,907,Overall,Overall,36,39,48,2.5,3.590318,0.51088,1180,26,
4,908,Overall,Overall,36,9,48,-0.5,-0.82899,0.47891,959,24,
4,909,Overall,Overall,36,5,48,-2.0,-1.830851,0.610923,908,31,
4,910,Overall,Overall,36,36,48,3.0,3.017861,0.458585,1151,23,
4,911,Overall,Overall,36,0,48,-3.0,-5.0,1.757307,750,88,
4,912,Overall,Overall,36,6,48,-2.5,-2.010962,0.695247,899,35,
4,913,Overall,Overall,36,4,48,-2.0,-2.96537,0.96176,852,48,
4,914,Overall,Overall,36,40,48,3.0,3.460275,0.473679,1173,24,
4,915,Overall,Overall,36,22,48,0.5,0.946582,0.325617,1047,16,
4,916,Overall,Overall,36,4,48,-2.0,-3.188348,0.956192,841,48,
4,917,Overall,Overall,36,5,48,-1.5,-2.206094,0.707633,890,35,
4,918,Overall,Overall,36,9,48,-1.5,-1.385106,0.584727,931,29,
4,919,Overall,Overall,36,3,48,-2.0,-3.213892,0.953054,839,48,
4,920,Overall,Overall,36,4,48,-2.5,-2.604767,0.832671,870,42,
4,921,Overall,Overall,36,14,48,0.5,0.189056,0.389308,1009,19,
4,922,Overall,Overall,36,2,48,-2.5,-3.41771,1.099911,829,55,
4,923,Overall,Overall,36,12,48,0.0,-0.253713,0.4298,987,21,
4,924,Overall,Overall,36,3,48,-3.0,-3.647953,1.157987,818,58,
4,925,Overall,Overall,36,18,48,1.0,0.653383,0.399534,1033,20,
4,926,Overall,Overall,36,16,48,0.0,0.286361,0.365726,1014,18,
4,927,Overall,Overall,36,15,48,0.0,0.05387,0.366599,1003,18,
4,928,Overall,Overall,36,36,48,3.0,2.763802,0.402688,1138,20,
4,929,Overall,Overall,36,15,48,0.0,-0.054766,0.382108,997,19,
4,930,Overall,Overall,36,8,48,-1.0,-1.080493,0.493217,946,25,
4,931,Overall,Overall,36,28,48,1.5,1.958132,0.367586,1098,18,
4,932,Overall,Overall,36,30,48,2.0,2.156886,0.345551,1108,17,
4,933,Overall,Overall,36,16,48,0.0,0.161914,0.405085,1008,20,
4,934,Overall,Overall,36,16,48,0.0,-0.080796,0.366612,996,18,
4,935,Overall,Overall,36,10,48,-0.5,-0.926543,0.528853,954,26,
4,936,Overall,Overall,36,7,48,-2.5,-2.555877,0.783561,872,39,
4,937,Overall,Overall,36,14,48,0.5,0.36986,0.389911,1018,19,
4,938,Overall,Overall,36,11,48,-1.5,-0.998001,0.469261,950,23,
4,939,Overall,Overall,36,7,48,-2.0,-1.672022,0.601076,916,30,
4,940,Overall,Overall,36,21,48,0.0,0.631677,0.361117,1032,18,
4,941,Overall,Overall,36,28,48,2.0,2.166187,0.383814,1108,19,
4,942,Overall,Overall,36,6,48,-2.0,-1.775752,0.635142,911,32,
4,943,Overall,Overall,36,16,48,1.0,0.505912,0.376645,1025,19,
4,944,Overall,Overall,36,3,48,-3.0,-4.385979,1.325933,781,66,
4,945,Overall,Overall,36,20,48,0.0,0.191391,0.364021,1010,18,
4,946,Overall,Overall,36,10,48,-0.5,-0.322805,0.416782,984,21,
4,947,Overall,Overall,36,30,48,2.5,2.627451,0.394147,1131,20,
4,948,Overall,Overall,36,9,48,-0.5,-0.525193,0.417628,974,21,
4,949,Overall,Overall,36,2,48,-2.5,-4.495208,1.63846,775,82,
4,950,Overall,Overall,36,4,48,-2.0,-2.619896,0.767746,869,38,
4,951,Overall,Overall,36,24,48,1.5,1.265171,0.333873,1063,17,
4,952,Overall,Overall,36,7,48,-1.5,-1.695385,0.619699,915,31,
4,953,Overall,Overall,36,29,48,2.0,2.449504,0.37656,1122,19,
4,954,Overall,Overall,36,4,48,-2.0,-2.977228,0.863966,851,43,
4,955,Overall,Overall,36,36,48,2.5,2.750216,0.414517,1138,21,
4,956,Overall,Overall,36,28,48,3.0,2.245298,0.370055,1112,19,
4,957,Overall,Overall,36,6,48,-1.5,-1.413164,0.559078,929,28,
4,958,Overall,Overall,36,39,48,3.0,3.241882,0.436656,1162,22,
4,959,Overall,Overall,36,31,48,3.0,2.727989,0.419605,1136,21,
4,960,Overall,Overall,36,5,48,-2.0,-2.849326,0.839186,858,42,
4,961,Overall,Overall,36,34,48,2.5,2.412174,0.390893,1121,20,
4,962,Overall,Overall,36,10,48,-0.5,-0.33015,0.412832,983,21,
4,963,Overall,Overall,36,13,48,-1.5,-0.642445,0.434354,968,22,
4,964,Overall,Overall,36,7,48,-1.0,-1.107125,0.504448,945,25,
4,965,Overall,Overall,36,34,48,3.0,2.523228,0.384255,1126,19,
4,966,Overall,Overall,36,11,48,-0.5,-0.612819,0.398549,969,20,
4,967,Overall,Overall,36,36,48,2.5,2.95464,0.43409,1148,22,
4,968,Overall,Overall,36,33,48,2.5,2.537547,0.401204,1127,20,
4,969,Overall,Overall,36,26,48,1.0,1.619449,0.38117,1081,19,
4,970,Overall,Overall,36,13,48,0.0,-0.170558,0.381927,991,19,
4,971,Overall,Overall,36,11,48,0.5,-0.319566,0.438847,984,22,
4,972,Overall,Overall,36,21,48,1.5,1.34461,0.328432,1067,16,
4,973,Overall,Overall,36,32,48,2.0,1.933923,0.352046,1097,18,
4,974,Overall,Overall,36,5,48,-3.0,-2.764903,0.824382,862,41,
4,975,Overall,Overall,36,13,48,0.5,0.190131,0.362348,1010,18,
4,976,Overall,Overall,36,13,48,0.0,0.084225,0.389049,1004,19,
4,977,Overall,Overall,36,5,48,-2.0,-2.187064,0.649476,891,32,
4,978,Overall,Overall,36,40,48,3.0,3.203633,0.445861,1160,22,
4,979,Overall,Overall,36,13,48,0.0,-0.294113,0.396231,985,20,
4,980,Overall,Overall,36,41,48,3.0,3.647037,0.512786,1182,26,
4,981,Overall,Overall,36,14,48,0.0,-0.146153,0.361881,993,18,
4,982,Overall,Overall,36,18,48,0.5,0.733517,0.338875,1037,17,
4,983,Overall,Overall,36,15,48,0.5,0.476463,0.332906,1024,17,
4,984,Overall,Overall,36,4,48,-3.0,-2.733929,0.829393,863,41,
4,985,Overall,Overall,36,19,48,0.0,0.372908,0.375703,1019,19,
4,986,Overall,Overall,36,6,48,-2.5,-1.586865,0.582095,921,29,
4,987,Overall,Overall,36,35,48,2.5,3.123825,0.455082,1156,23,
4,988,Overall,Overall,36,9,48,-1.0,-1.439725,0.551951,928,28,
4,989,Overall,Overall,36,14,48,0.0,-0.043906,0.380581,998,19,
4,990,Overall,Overall,36,31,48,2.5,2.579252,0.380358,1129,19,
4,991,Overall,Overall,36,8,48,-1.5,-1.468592,0.564754,927,28,
4,992,Overall,Overall,36,8,48,-2.5,-1.63327,0.590488,918,30,
4,993,Overall,Overall,36,36,48,3.0,2.590615,0.412797,1130,21,
4,994,Overall,Overall,36,35,48,2.5,3.314716,0.466446,1166,23,
4,995,Overall,Overall,36,9,48,-1.0,-1.307063,0.524178,935,26,
4,996,Overall,Overall,36,26,48,1.5,1.433003,0.350411,1072,18,
4,997,Overall,Overall,36,5,48,-3.0,-3.147362,0.951028,843,48,
4,998,Overall,Overall,36,11,48,-0.5,-0.459089,0.442588,977,22,
4,999,Overall,Overall,36,35,48,3.0,3.055808,0.449384,1153,22,
4,1000,Overall,Overall,36,20,48,1.0,0.749598,0.36734,1037,18,
4,1001,Overall,Overall,36,4,48,-2.5,-2.884981,0.846359,856,42,
4,1002,Overall,Overall,36,9,48,-1.5,-0.895056,0.515571,955,26,
4,1003,Overall,Overall,36,9,48,0.5,-0.393644,0.411148,980,21,
4,1004,Overall,Overall,36,40,48,3.0,3.219396,0.486226,1161,24,
4,1005,Overall,Overall,36,22,48,1.0,0.97272,0.338797,1049,17,
4,1006,Overall,Overall,36,26,48,2.0,1.630204,0.332049,1082,17,
4,1007,Overall,Overall,36,13,48,-0.5,-0.468593,0.417429,977,21,
4,1008,Overall,Overall,36,33,48,2.5,2.621878,0.41573,1131,21,
4,1009,Overall,Overall,36,11,48,-0.5,-0.556398,0.410219,972,21,
4,1010,Overall,Overall,36,12,48,0.0,-0.203539,0.412241,990,21,
4,1011,Overall,Overall,36,30,48,1.5,1.988573,0.362727,1099,18,
4,1012,Overall,Overall,36,1,48,-2.5,-5.0,1.811173,750,91,
4,1013,Overall,Overall,36,31,48,1.5,1.952733,0.342838,1098,17,
4,1014,Overall,Overall,36,20,48,1.5,1.176836,0.354391,1059,18,
4,1015,Overall,Overall,36,29,48,1.5,1.933759,0.399892,1097,20,
4,1016,Overall,Overall,36,28,48,1.5,1.744156,0.366679,1087,18,
4,1017,Overall,Overall,36,3,48,-3.0,-2.944796,0.913793,853,46,
4,1018,Overall,Overall,36,15,48,1.0,0.489544,0.345673,1024,17,
4,1019,Overall,Overall,36,21,48,1.5,1.720834,0.350669,1086,18,
4,1020,Overall,Overall,36,17,48,0.0,0.796709,0.348846,1040,17,
4,1021,Overall,Overall,36,32,48,2.5,2.992876,0.43553,1150,22,
4,1022,Overall,Overall,36,30,48,1.5,2.1009,0.347424,1105,17,
4,1023,Overall,Overall,36,34,48,3.0,2.681457,0.405039,1134,20,
4,1024,Overall,Overall,36,7,48,-1.5,-1.419901,0.555443,929,28,
4,1025,Overall,Overall,36,20,48,2.0,1.484501,0.332171,1074,17,
4,1026,Overall,Overall,36,21,48,1.5,1.238806,0.323315,1062,16,
4,1027,Overall,Overall,36,23,48,1.5,1.243551,0.394191,1062,20,
4,1028,Overall,Overall,36,34,48,2.5,2.413461,0.372316,1121,19,
4,1029,Overall,Overall,36,34,48,3.0,2.822952,0.428035,1141,21,
4,1030,Overall,Overall,36,4,48,-2.0,-2.559365,0.764402,872,38,
4,1031,Overall,Overall,36,33,48,2.5,2.90009,0.399529,1145,20,
4,1032,Overall,Overall,36,2,48,-3.0,-4.566779,1.419169,772,71,
4,1033,Overall,Overall,36,10,48,-1.0,-0.69628,0.46699,965,23,
4,1034,Overall,Overall,36,23,48,1.0,1.279474,0.357365,1064,18,
4,1035,Overall,Overall,36,11,48,0.0,-0.591755,0.458213,970,23,
4,1036,Overall,Overall,36,8,48,-1.0,-0.834602,0.477909,958,24,
4,1037,Overall,Overall,36,10,48,-1.0,-1.029742,0.499919,949,25,
4,1038,Overall,Overall,36,11,48,-0.5,-0.559469,0.427545,972,21,
4,1039,Overall,Overall,36,14,48,0.5,0.264556,0.367428,1013,18,
4,1040,Overall,Overall,36,14,48,-0.5,-0.21741,0.402763,989,20,
4,1041,Overall,Overall,36,5,48,-2.5,-3.031552,0.855481,848,43,
4,1042,Overall,Overall,36,7,48,-0.5,-1.062238,0.476991,947,24,
4,1043,Overall,Overall,36,8,48,-1.5,-1.650522,0.625307,917,31,
4,1044,Overall,Overall,36,11,48,-1.0,-0.501016,0.425069,975,21,
4,1045,Overall,Overall,36,23,48,2.0,1.732906,0.346934,1087,17,
4,1046,Overall,Overall,36,38,48,3.0,3.361146,0.460049,1168,23,
4,1047,Overall,Overall,36,4,48,-3.0,-3.029787,0.926395,849,46,
4,1048,Overall,Overall,36,17,48,0.0,0.569075,0.373312,1028,19,
4,1049,Overall,Overall,36,4,48,-3.0,-3.246513,0.99138,838,50,
4,1050,Overall,Overall,36,11,48,0.5,-0.206739,0.415449,990,21,
4,1051,Overall,Overall,36,2,48,-3.0,-3.099986,0.948819,845,47,
4,1052,Overall,Overall,36,6,48,-3.0,-2.474466,0.791669,876,40,
4,1053,Overall,Overall,36,15,48,0.5,0.392967,0.341508,1020,17,
4,1054,Overall,Overall,36,10,48,-1.5,-1.442305,0.540126,928,27,
4,1055,Overall,Overall,36,4,48,-3.0,-3.288386,1.099991,836,55,
4,1056,Overall,Overall,36,31,48,2.0,2.036755,0.388873,1102,19,
4,1057,Overall,Overall,36,18,48,1.0,0.795248,0.332435,1040,17,
4,1058,Overall,Overall,36,20,48,1.0,0.648485,0.364065,1032,18,
4,1059,Overall,Overall,36,31,48,2.5,2.539835,0.381662,1127,19,
4,1060,Overall,Overall,36,3,48,-3.0,-3.500202,1.052882,825,53,
4,1061,Overall,Overall,36,5,48,-2.5,-2.046622,0.674928,898,34,
4,1062,Overall,Overall,36,9,48,-0.5,-0.920839,0.449838,954,22,
4,1063,Overall,Overall,36,36,48,3.0,3.560605,0.518385,1178,26,
4,1064,Overall,Overall,36,22,48,1.0,0.859705,0.371954,1043,19,
4,1065,Overall,Overall,36,19,48,1.0,0.762266,0.387897,1038,19,
4,1066,Overall,Overall,36,4,48,-2.5,-2.245143,0.756501,888,38,
4,1067,Overall,Overall,36,24,48,1.0,1.277516,0.347042,1064,17,
4,1068,Overall,Overall,36,12,48,-0.5,-0.709023,0.417213,965,21,
4,1069,Overall,Overall,36,38,48,3.0,3.105701,0.443263,1155,22,
4,1070,Overall,Overall,36,31,48,3.0,2.529518,0.407478,1126,20,
4,1071,Overall,Overall,36,9,48,-1.0,-1.183115,0.53307,941,27,
4,1072,Overall,Overall,36,1,48,-3.0,-5.0,1.856361,750,93,
4,1073,Overall,Overall,36,4,48,-2.5,-2.528396,0.827779,874,41,
4,1074,Overall,Overall,36,29,48,2.5,2.178178,0.359199,1109,18,
4,1075,Overall,Overall,36,28,48,2.5,2.22414,0.386216,1111,19,
4,1076,Overall,Overall,36,5,48,-2.0,-2.449658,0.713847,878,36,
4,1077,Overall,Overall,36,3,48,-2.5,-3.269883,0.947129,837,47,
4,1078,Overall,Overall,36,7,48,-2.5,-1.966483,0.683931,902,34,
4,1079,Overall,Overall,36,3,48,-3.0,-4.182026,1.365664,791,68,
4,1080,Overall,Overall,36,10,48,0.0,0.103518,0.395729,1005,20,
4,1081,Overall,Overall,36,34,48,2.5,2.532898,0.391408,1127,20,
4,1082,Overall,Overall,36,6,48,-2.5,-2.162035,0.678177,892,34,
4,1083,Overall,Overall,36,7,48,-1.0,-1.325977,0.530708,934,27,
4,1084,Overall,Overall,36,21,48,1.0,1.273149,0.33861,1064,17,
4,1085,Overall,Overall,36,3,48,-3.0,-2.664241,0.851569,867,43,
4,1086,Overall,Overall,36,8,48,-2.0,-1.437892,0.577403,928,29,
4,1087,Overall,Overall,36,2,48,-2.5,-3.034099,0.950988,848,48,
4,1088,Overall,Overall,36,6,48,-1.0,-1.691059,0.642682,915,32,
4,1089,Overall,Overall,36,20,48,1.0,0.89763,0.328072,1045,16,
4,1090,Overall,Overall,36,7,48,-1.5,-1.224199,0.525177,939,26,
4,1091,Overall,Overall,36,5,48,-3.0,-2.219608,0.756361,889,38,
4,1092,Overall,Overall,36,23,48,0.5,0.90603,0.347012,1045,17,
4,1093,Overall,Overall,36,31,48,2.0,2.04625,0.351013,1102,18,
4,1094,Overall,Overall,36,9,48,0.0,-0.4755,0.419898,976,21,
4,1095,Overall,Overall,36,4,48,-3.0,-2.75397,0.838573,862,42,
4,1096,Overall,Overall,36,5,48,-2.5,-2.475873,0.765328,876,38,
4,1097,Overall,Overall,36,10,48,-1.0,-0.457327,0.417715,977,21,
4,1098,Overall,Overall,36,28,48,1.5,1.676701,0.327764,1084,16,
4,1099,Overall,Overall,36,33,48,2.5,2.319454,0.378204,1116,19,
4,1100,Overall,Overall,36,40,48,3.0,2.844196,0.40094,1142,20,
4,1101,Overall,Overall,36,4,48,-2.5,-3.178851,0.991931,841,50,
4,1102,Overall,Overall,36,9,48,-1.0,-0.782706,0.461749,961,23,
4,1103,Overall,Overall,36,17,48,0.5,0.553986,0.380981,1028,19,
4,1104,Overall,Overall,36,14,48,0.5,0.041914,0.350802,1002,18,
4,1105,Overall,Overall,36,20,48,0.5,0.588326,0.349275,1029,17,
4,1106,Overall,Overall,36,17,48,1.0,0.698887,0.362232,1035,18,
4,1107,Overall,Overall,36,17,48,0.5,0.187664,0.376442,1009,19,
4,1108,Overall,Overall,36,5,48,-1.5,-1.982127,0.682938,901,34,
4,1109,Overall,Overall,36,6,48,-2.0,-1.87202,0.654176,906,33,
4,1110,Overall,Overall,36,31,48,1.5,1.665138,0.344704,1083,17,
4,1111,Overall,Overall,36,6,48,-1.0,-1.629209,0.615287,919,31,
4,1112,Overall,Overall,36,31,48,2.5,2.475375,0.374608,1124,19,
4,1113,Overall,Overall,36,29,48,2.0,2.019933,0.358248,1101,18,
4,1114,Overall,Overall,36,7,48,-1.5,-1.220551,0.526023,939,26,
4,1115,Overall,Overall,36,23,48,1.0,1.446384,0.345002,1072,17,
4,1116,Overall,Overall,36,11,48,-1.0,-0.596256,0.412477,970,21,
4,1117,Overall,Overall,36,12,48,0.0,-0.173119,0.422223,991,21,
4,1118,Overall,Overall,36,3,48,-1.5,-2.741467,0.79692,863,40,
4,1119,Overall,Overall,36,33,48,3.0,2.347033,0.387431,1117,19,
4,1120,Overall,Overall,36,17,48,0.0,0.480273,0.37385,1024,19,
4,1121,Overall,Overall,36,18,48,1.0,0.909199,0.387641,1045,19,
4,1122,Overall,Overall,36,5,48,-1.5,-1.896357,0.631855,905,32,
4,1123,Overall,Overall,36,26,48,1.0,1.498562,0.34894,1075,17,
4,1124,Overall,Overall,36,19,48,1.5,1.228557,0.325287,1061,16,
4,1125,Overall,Overall,36,3,48,-2.0,-3.671333,1.141811,816,57,
4,1126,Overall,Overall,36,27,48,1.5,1.465475,0.322896,1073,16,
4,1127,Overall,Overall,36,12,48,-1.0,-0.459199,0.42795,977,21,
4,1128,Overall,Overall,36,7,48,-1.0,-1.058388,0.506138,947,25,
4,1129,Overall,Overall,36,16,48,0.0,0.279988,0.388711,1014,19,
4,1130,Overall,Overall,36,24,48,1.0,1.210493,0.385763,1061,19,
4,1131,Overall,Overall,36,4,48,-3.0,-3.146865,0.923972,843,46,
4,1132,Overall,Overall,36,26,48,1.5,1.539269,0.352648,1077,18,
4,1133,Overall,Overall,36,24,48,1.5,1.589392,0.344927,1079,17,
4,1134,Overall,Overall,36,13,48,-0.5,-0.341355,0.401371,983,20,
4,1135,Overall,Overall,36,11,48,-0.5,-0.804527,0.502687,960,25,
4,1136,Overall,Overall,36,28,48,2.0,1.861087,0.348016,1093,17,
4,1137,Overall,Overall,36,7,48,-1.5,-1.405414,0.601409,930,30,
4,1138,Overall,Overall,36,7,48,-1.5,-1.22492,0.494426,939,25,
4,1139,Overall,Overall,36,7,48,-2.5,-1.719241,0.649162,914,32,
4,1140,Overall,Overall,36,9,48,-1.5,-1.215821,0.495518,939,25,
4,1141,Overall,Overall,36,27,48,2.0,2.012881,0.362837,1101,18,
4,1142,Overall,Overall,36,17,48,0.5,0.537668,0.334104,1027,17,
4,1143,Overall,Overall,36,22,48,1.0,0.89577,0.336244,1045,17,
4,1144,Overall,Overall,36,25,48,2.0,1.726397,0.331249,1086,17,
4,1145,Overall,Overall,36,24,48,1.0,1.264348,0.339063,1063,17,
4,1146,Overall,Overall,36,4,48,-2.5,-2.907119,0.872733,855,44,
4,1147,Overall,Overall,36,24,48,1.5,1.391219,0.328068,1070,16,
4,1148,Overall,Overall,36,15,48,0.0,0.199683,0.356525,1010,18,
4,1149,Overall,Overall,36,10,48,-1.0,-0.861024,0.46921,957,23,
4,1150,Overall,Overall,36,4,48,-1.5,-1.306527,0.550873,935,28,
4,1151,Overall,Overall,36,7,48,-1.5,-1.442673,0.538351,928,27,
4,1152,Overall,Overall,36,2,48,-2.5,-5.0,1.659129,750,83,
4,1153,Overall,Overall,36,20,48,0.5,0.584272,0.345403,1029,17,
4,1154,Overall,Overall,36,29,48,2.5,2.429844,0.391174,1121,20,
4,1155,Overall,Overall,36,31,48,2.5,2.506792,0.398463,1125,20,
4,1156,Overall,Overall,36,10,48,-1.0,-0.604262,0.435775,970,22,
4,1157,Overall,Overall,36,3,48,-3.0,-3.547473,1.147363,823,57,
4,1158,Overall,Overall,36,31,48,2.5,2.05075,0.343156,1103,17,
4,1159,Overall,Overall,36,16,48,1.0,0.363477,0.371844,1018,19,
4,1160,Overall,Overall,36,31,48,3.0,2.843902,0.443964,1142,22,
4,1161,Overall,Overall,36,12,48,0.0,-0.319367,0.388857,984,19,
4,1162,Overall,Overall,36,4,48,-3.0,-2.795048,0.917732,860,46,
4,1163,Overall,Overall,36,13,48,0.5,0.743829,0.382429,1037,19,
4,1164,Overall,Overall,36,3,48,-2.5,-2.635429,0.818732,868,41,
4,1165,Overall,Overall,36,30,48,2.0,2.124433,0.333952,1106,17,
4,1166,Overall,Overall,36,3,48,-2.0,-3.41933,1.141012,829,57,
4,1167,Overall,Overall,36,2,48,-2.5,-3.975132,1.143919,801,57,
4,1168,Overall,Overall,36,8,48,-1.0,-1.075814,0.509108,946,25,
4,1169,Overall,Overall,36,8,48,-1.0,-0.739644,0.447183,963,22,
4,1170,Overall,Overall,36,26,48,1.5,1.396471,0.375786,1070,19,
4,1171,Overall,Overall,36,16,48,-0.5,-0.108366,0.401927,995,20,
4,1172,Overall,Overall,36,9,48,0.5,-0.327601,0.449131,984,22,
4,1173,Overall,Overall,36,6,48,-1.5,-0.970423,0.498468,951,25,
4,1174,Overall,Overall,36,4,48,-2.0,-2.529082,0.882243,874,44,
4,1175,Overall,Overall,36,20,48,0.5,0.711999,0.32849,1036,16,
4,1176,Overall,Overall,36,5,48,-1.5,-1.439462,0.598144,928,30,
4,1177,Overall,Overall,36,14,48,0.5,0.384278,0.391142,1019,20,
4,1178,Overall,Overall,36,9,48,-0.5,-0.743381,0.445899,963,22,
4,1179,Overall,Overall,36,31,48,2.5,2.19051,0.355318,1110,18,
4,1180,Overall,Overall,36,3,48,-3.0,-3.562676,1.136636,822,57,
4,1181,Overall,Overall,36,8,48,-1.0,-1.112905,0.493306,944,25,
4,1182,Overall,Overall,36,18,48,0.0,0.734452,0.342661,1037,17,
4,1183,Overall,Overall,36,19,48,1.5,1.222617,0.360511,1061,18,
4,1184,Overall,Overall,36,5,48,-1.5,-2.024665,0.682334,899,34,
4,1185,Overall,Overall,36,24,48,1.0,1.540437,0.348611,1077,17,
4,1186,Overall,Overall,36,9,48,-2.0,-1.34871,0.509833,933,25,
4,1187,Overall,Overall,36,15,48,0.5,0.468168,0.404675,1023,20,
4,1188,Overall,Overall,36,6,48,-2.0,-1.921645,0.61009,904,31,
4,1189,Overall,Overall,36,3,48,-2.5,-3.625383,1.09816,819,55,
4,1190,Overall,Overall,36,16,48,0.0,0.756665,0.361523,1038,18,
4,1191,Overall,Overall,36,6,48,-1.5,-1.556627,0.564047,922,28,
4,1192,Overall,Overall,36,4,48,-2.5,-2.292412,0.739204,885,37,
4,1193,Overall,Overall,36,34,48,2.5,2.818865,0.396992,1141,20,
4,1194,Overall,Overall,36,7,48,-1.5,-2.142018,0.699438,893,35,
4,1195,Overall,Overall,36,29,48,2.0,2.266761,0.371724,1113,19,
4,1196,Overall,Overall,36,7,48,-2.0,-1.663463,0.575482,917,29,
4,1197,Overall,Overall,36,17,48,0.0,0.313773,0.408787,1016,20,
4,1198,Overall,Overall,36,25,48,1.5,1.564355,0.339554,1078,17,
4,1199,Overall,Overall,36,35,48,3.0,3.00132,0.439641,1150,22,
4,1200,Overall,Overall,36,30,48,2.0,1.993153,0.345329,1100,17,
4,1201,Overall,Overall,36,17,48,1.0,0.79948,0.417733,1040,21,
4,1202,Overall,Overall,36,7,48,-2.5,-1.856421,0.605691,907,30,
4,1203,Overall,Overall,36,25,48,1.5,1.61937,0.337926,1081,17,
4,1204,Overall,Overall,36,20,48,0.5,1.017007,0.321362,1051,16,
4,1205,Overall,Overall,36,21,48,1.5,1.559476,0.334859,1078,17,
4,1206,Overall,Overall,36,13,48,-0.5,-0.004269,0.369467,1000,18,
4,1207,Overall,Overall,36,21,48,1.0,1.204009,0.338969,1060,17,
4,1208,Overall,Overall,36,7,48,-1.5,-1.537396,0.566683,923,28,
4,1209,Overall,Overall,36,11,48,1.0,0.689164,0.38522,1034,19,
4,1210,Overall,Overall,36,30,48,2.0,1.71818,0.341191,1086,17,
4,1211,Overall,Overall,36,18,48,0.5,0.108663,0.367723,1005,18,
4,1212,Overall,Overall,36,10,48,-1.0,-0.683719,0.455988,966,23,
4,1213,Overall,Overall,36,17,48,1.0,0.582202,0.364375,1029,18,
4,1214,Overall,Overall,36,33,48,3.0,2.420826,0.394373,1121,20,
4,1215,Overall,Overall,36,25,48,2.5,1.873751,0.352261,1094,18,
4,1216,Overall,Overall,36,4,48,-3.0,-2.742928,0.837403,863,42,
4,1217,Overall,Overall,36,3,48,-2.5,-3.618134,1.130885,819,57,
4,1218,Overall,Overall,36,31,48,1.5,2.079223,0.346954,1104,17,
4,1219,Overall,Overall,36,17,48,1.0,0.595819,0.352761,1030,18,
4,1220,Overall,Overall,36,27,48,2.5,2.149559,0.367287,1107,18,
4,1221,Overall,Overall,36,23,48,0.5,0.74859,0.352576,1037,18,
4,1222,Overall,Overall,36,7,48,-2.0,-1.493734,0.581518,925,29,
4,1223,Overall,Overall,36,2,48,-3.0,-3.971712,1.208904,801,60,
4,1224,Overall,Overall,36,3,48,-3.0,-3.129054,0.919595,844,46,
4,1225,Overall,Overall,36,35,48,2.5,2.405761,0.366174,1120,18,
4,1226,Overall,Overall,36,11,48,0.5,0.027762,0.400082,1001,20,
4,1227,Overall,Overall,36,16,48,0.5,0.424844,0.366156,1021,18,
4,1228,Overall,Overall,36,5,48,-1.5,-1.993274,0.632094,900,32,
4,1229,Overall,Overall,36,10,48,-0.5,-0.905523,0.447306,955,22,
4,1230,Overall,Overall,36,30,48,2.5,2.354166,0.387134,1118,19,
4,1231,Overall,Overall,36,25,48,2.5,1.646761,0.368764,1082,18,
4,1232,Overall,Overall,36,14,48,-0.5,0.190203,0.420638,1010,21,
4,1233,Overall,Overall,36,8,48,-1.5,-1.01321,0.489103,949,24,
4,1234,Overall,Overall,36,24,48,1.0,1.131507,0.365884,1057,18,
4,1235,Overall,Overall,36,10,48,0.0,-0.466248,0.440653,977,22,
4,1236,Overall,Overall,36,28,48,2.5,2.172158,0.396664,1109,20,
4,1237,Overall,Overall,36,31,48,2.0,2.718444,0.429361,1136,21,
4,1238,Overall,Overall,36,25,48,2.0,1.715179,0.334471,1086,17,
4,1239,Overall,Overall,36,13,48,0.0,0.067598,0.366327,1003,18,
4,1240,Overall,Overall,36,16,48,0.5,0.219576,0.354415,1011,18,
4,1241,Overall,Overall,36,7,48,-1.0,-0.891423,0.48532,955,24,
4,1242,Overall,Overall,36,2,48,-3.0,-3.108712,0.94421,845,47,
4,1243,Overall,Overall,36,5,48,-3.0,-1.947643,0.688281,903,34,
4,1244,Overall,Overall,36,23,48,1.5,1.255938,0.35212,1063,18,
4,1245,Overall,Overall,36,21,48,1.0,0.946418,0.37143,1047,19,
4,1246,Overall,Overall,36,3,48,-2.5,-3.236425,1.024201,838,51,
4,1247,Overall,Overall,36,6,48,-0.5,-1.124451,0.549755,944,27,
4,1248,Overall,Overall,36,35,48,2.5,3.05179,0.41661,1153,21,
4,1249,Overall,Overall,36,12,48,0.0,0.016427,0.365468,1001,18,
4,1250,Overall,Overall,36,11,48,-0.5,-0.25392,0.387587,987,19,
4,1251,Overall,Overall,36,22,48,1.5,1.180486,0.3485,1059,17,
4,1252,Overall,Overall,36,29,48,2.0,1.632588,0.35235,1082,18,
4,1253,Overall,Overall,36,6,48,-1.5,-2.221818,0.732255,889,37,
4,1254,Overall,Overall,36,39,48,3.0,3.227637,0.426248,1161,21,
4,1255,Overall,Overall,36,11,48,0.0,-0.421003,0.409146,979,20,
4,1256,Overall,Overall,36,20,48,1.5,1.211998,0.325403,1061,16,
4,1257,Overall,Overall,36,17,48,0.0,-0.003375,0.358298,1000,18,
4,1258,Overall,Overall,36,12,48,0.5,-0.248657,0.419542,988,21,
4,1259,Overall,Overall,36,7,48,-2.5,-1.947773,0.693319,903,35,
4,1260,Overall,Overall,36,3,48,-3.0,-2.476658,0.803901,876,40,
4,1261,Overall,Overall,36,7,48,-2.0,-1.824187,0.66422,909,33,
4,1262,Overall,Overall,36,3,48,-1.0,-2.253984,0.722125,887,36,
4,1263,Overall,Overall,36,19,48,0.5,0.86613,0.370802,1043,19,
4,1264,Overall,Overall,36,20,48,0.5,0.693303,0.374187,1035,19,
4,1265,Overall,Overall,36,21,48,1.0,1.264896,0.368275,1063,18,
4,1266,Overall,Overall,36,12,48,0.0,-0.027076,0.390643,999,20,
4,1267,Overall,Overall,36,17,48,0.5,0.30975,0.366774,1015,18,
4,1268,Overall,Overall,36,8,48,-1.0,-1.268859,0.542202,937,27,
4,1269,Overall,Overall,36,35,48,3.0,2.804228,0.443285,1140,22,
4,1270,Overall,Overall,36,5,48,-2.0,-2.167879,0.652154,892,33,
4,1271,Overall,Overall,36,4,48,-3.0,-2.388349,0.785741,881,39,
4,1272,Overall,Overall,36,23,48,2.0,1.339132,0.358953,1067,18,
4,1273,Overall,Overall,36,23,48,0.0,0.620169,0.357346,1031,18,
4,1274,Overall,Overall,36,8,48,-1.0,-0.900823,0.496647,955,25,
4,1275,Overall,Overall,36,33,48,3.0,2.90658,0.414851,1145,21,
4,1276,Overall,Overall,36,16,48,0.0,0.320034,0.369277,1016,18,
4,1277,Overall,Overall,36,10,48,-0.5,-0.519609,0.431704,974,22,
4,1278,Overall,Overall,36,2,48,-2.5,-4.681846,1.526984,766,76,
4,1279,Overall,Overall,36,14,48,1.0,0.336584,0.366712,1017,18,
4,1280,Overall,Overall,36,16,48,1.0,0.748567,0.344711,1037,17,
4,1281,Overall,Overall,36,7,48,-1.5,-1.376267,0.512823,931,26,
4,1282,Overall,Overall,36,8,48,-1.5,-0.899693,0.47173,955,24,
4,1283,Overall,Overall,36,25,48,1.5,1.428334,0.333107,1071,17,
4,1284,Overall,Overall,36,11,48,0.0,-0.64621,0.422259,968,21,
4,1285,Overall,Overall,36,35,48,3.0,3.03035,0.463531,1152,23,
4,1286,Overall,Overall,36,25,48,1.5,1.341786,0.334111,1067,17,
4,1287,Overall,Overall,36,4,48,-2.5,-2.406325,0.763523,880,38,
4,1288,Overall,Overall,36,9,48,-1.5,-0.762128,0.455914,962,23,
4,1289,Overall,Overall,36,31,48,2.0,2.345249,0.377419,1117,19,
4,1290,Overall,Overall,36,22,48,0.5,0.693637,0.374495,1035,19,
4,1291,Overall,Overall,36,26,48,1.5,1.431586,0.356076,1072,18,
4,1292,Overall,Overall,36,10,48,-1.0,-0.9377,0.4657,953,23,
4,1293,Overall,Overall,36,13,48,0.5,0.108926,0.412816,1005,21,
4,1294,Overall,Overall,36,24,48,1.5,1.540786,0.351456,1077,18,
4,1295,Overall,Overall,36,12,48,0.0,-0.185603,0.398499,991,20,
4,1296,Overall,Overall,36,3,48,-2.0,-3.4894,1.009575,826,50,
4,1297,Overall,Overall,36,22,48,1.5,1.296634,0.349472,1065,17,
4,1298,Overall,Overall,36,35,48,2.5,3.05982,0.423566,1153,21,
4,1299,Overall,Overall,36,32,48,3.0,2.430113,0.408623,1122,20,
4,1300,Overall,Overall,36,7,48,-2.0,-2.129463,0.662524,894,33,
5,1,Overall,Overall,36,26,48,1.5,1.419632,0.298604,1071,15,
5,2,Overall,Overall,36,6,48,0.0,-1.116269,0.558235,944,28,
5,3,Overall,Overall,36,19,48,0.5,0.958213,0.382447,1048,19,
5,4,Overall,Overall,36,18,48,2.0,1.322214,0.3371,1066,17,
5,5,Overall,Overall,36,18,48,0.0,0.446927,0.34047,1022,17,
5,6,Overall,Overall,36,17,48,0.0,0.47969,0.364913,1024,18,
5,7,Overall,Overall,36,37,48,2.5,3.244203,0.446059,1162,22,
5,8,Overall,Overall,36,22,48,1.0,0.950809,0.331472,1048,17,
5,9,Overall,Overall,36,34,48,3.0,2.814629,0.423901,1141,21,
5,10,Overall,Overall,36,7,48,-1.0,-1.642634,0.594519,918,30,
5,11,Overall,Overall,36,4,48,-2.5,-3.134635,0.92869,843,46,
5,12,Overall,Overall,36,9,48,-1.0,-0.681137,0.419437,966,21,
5,13,Overall,Overall,36,13,48,-0.5,-0.244859,0.413467,988,21,
5,14,Overall,Overall,36,20,48,1.0,0.846434,0.372249,1042,19,
5,15,Overall,Overall,36,25,48,1.5,1.582064,0.374551,1079,19,
5,16,Overall,Overall,36,17,48,0.5,0.280696,0.37028,1014,19,
5,17,Overall,Overall,36,8,48,-2.0,-1.808141,0.635412,910,32,
5,18,Overall,Overall,36,10,48,-1.5,-0.963002,0.473063,952,24,
5,19,Overall,Overall,36,28,48,2.0,1.974205,0.33216,1099,17,
5,20,Overall,Overall,36,34,48,2.5,2.734299,0.427032,1137,21,
5,21,Overall,Overall,36,5,48,-3.0,-1.989657,0.704447,901,35,
5,22,Overall,Overall,36,36,48,3.0,2.857168,0.395604,1143,20,
5,23,Overall,Overall,36,26,48,2.0,1.553405,0.332205,1078,17,
5,24,Overall,Overall,36,23,48,2.0,1.881786,0.405301,1094,20,
5,25,Overall,Overall,36,11,48,-0.5,-0.759499,0.444113,962,22,
5,26,Overall,Overall,36,31,48,3.0,3.022141,0.436118,1151,22,
5,27,Overall,Overall,36,3,48,-2.5,-3.913789,1.191838,804,60,
5,28,Overall,Overall,36,10,48,-1.5,-0.965828,0.495197,952,25,
5,29,Overall,Overall,36,6,48,-2.5,-2.055416,0.677699,897,34,
5,30,Overall,Overall,36,20,48,1.0,1.168035,0.357102,1058,18,
5,31,Overall,Overall,36,16,48,0.0,0.043294,0.383133,1002,19,
5,32,Overall,Overall,36,32,48,2.5,2.494168,0.36708,1125,18,
5,33,Overall,Overall,36,6,48,-1.0,-1.205029,0.484154,940,24,
5,34,Overall,Overall,36,9,48,0.5,-0.893726,0.535331,955,27,
5,35,Overall,Overall,36,6,48,-2.5,-1.741759,0.604857,913,30,
5,36,Overall,Overall,36,24,48,2.0,1.389603,0.3479,1069,17,
5,37,Overall,Overall,36,15,48,0.0,0.103071,0.367906,1005,18,
5,38,Overall,Overall,36,4,48,-2.0,-2.443118,0.819704,878,41,
5,39,Overall,Overall,36,37,48,2.5,3.058928,0.440317,1153,22,
5,40,Overall,Overall,36,9,48,-0.5,-0.393483,0.435232,980,22,
5,41,Overall,Overall,36,18,48,0.5,0.828372,0.363177,1041,18,
5,42,Overall,Overall,36,4,48,-2.0,-3.164302,0.934052,842,47,
5,43,Overall,Overall,36,3,48,-3.0,-3.032566,0.933705,848,47,
5,44,Overall,Overall,36,8,48,-1.5,-1.358076,0.546143,932,27,
5,45,Overall,Overall,36,13,48,0.0,-0.167502,0.369182,992,18,
5,46,Overall,Overall,36,3,48,-3.0,-3.359335,1.002517,832,50,
5,47,Overall,Overall,36,3,48,-2.5,-2.282522,0.792386,886,40,
5,48,Overall,Overall,36,19,48,1.0,1.448719,0.334664,1072,17,
5,49,Overall,Overall,36,21,48,1.5,1.174138,0.325933,1059,16,
5,50,Overall,Overall,36,9,48,-1.0,-1.268351,0.543133,937,27,
5,51,Overall,Overall,36,16,48,1.0,0.542861,0.363076,1027,18,
5,52,Overall,Overall,36,4,48,-3.0,-2.77227,0.893723,861,45,
5,53,Overall,Overall,36,23,48,1.0,1.161485,0.34836,1058,17,
5,54,Overall,Overall,36,30,48,1.5,1.97306,0.368789,1099,18,
5,55,Overall,Overall,36,29,48,2.0,1.682392,0.338044,1084,17,
5,56,Overall,Overall,36,12,48,0.0,-0.055115,0.401339,997,20,
5,57,Overall,Overall,36,34,48,3.0,3.099547,0.475139,1155,24,
5,58,Overall,Overall,36,23,48,0.5,1.151747,0.336314,1058,17,
5,59,Overall,Overall,36,13,48,-0.5,-0.146065,0.394359,993,20,
5,60,Overall,Overall,36,5,48,-2.5,-2.060319,0.671152,897,34,
5,61,Overall,Overall,36,16,48,0.0,0.468272,0.320791,1023,16,
5,62,Overall,Overall,36,35,48,2.5,2.961656,0.437054,1148,22,
5,63,Overall,Overall,36,6,48,-2.0,-1.370431,0.577201,931,29,
5,64,Overall,Overall,36,11,48,0.0,-0.660188,0.425499,967,21,
5,65,Overall,Overall,36,13,48,-0.5,-0.286296,0.415789,986,21,
5,66,Overall,Overall,36,31,48,2.0,2.189155,0.374233,1109,19,
5,67,Overall,Overall,36,10,48,-1.0,-0.542658,0.429361,973,21,
5,68,Overall,Overall,36,6,48,-1.0,-1.628903,0.574922,919,29,
5,69,Overall,Overall,36,12,48,0.0,-0.353695,0.411978,982,21,
5,70,Overall,Overall,36,38,48,3.0,2.765335,0.389491,1138,19,
5,71,Overall,Overall,36,5,48,-2.0,-1.889793,0.647019,906,32,
5,72,Overall,Overall,36,9,48,-1.5,-0.630349,0.443287,968,22,
5,73,Overall,Overall,36,33,48,2.5,2.954852,0.444634,1148,22,
5,74,Overall,Overall,36,10,48,-1.0,-0.710121,0.4548,964,23,
5,75,Overall,Overall,36,34,48,3.0,3.07327,0.453006,1154,23,
5,76,Overall,Overall,36,8,48,-1.5,-1.674517,0.562089,916,28,
5,77,Overall,Overall,36,10,48,-2.0,-1.071848,0.494161,946,25,
5,78,Overall,Overall,36,7,48,-1.0,-2.247871,0.704575,888,35,
5,79,Overall,Overall,36,35,48,3.0,2.73248,0.420428,1137,21,
5,80,Overall,Overall,36,17,48,0.0,0.178694,0.382173,1009,19,
5,81,Overall,Overall,36,26,48,2.0,1.770891,0.344454,1089,17,
5,82,Overall,Overall,36,40,48,2.5,3.304507,0.460738,1165,23,
5,83,Overall,Overall,36,14,48,-0.5,-0.077255,0.366704,996,18,
5,84,Overall,Overall,36,3,48,-2.5,-2.750683,0.845232,862,42,
5,85,Overall,Overall,36,24,48,1.5,1.24292,0.355597,1062,18,
5,86,Overall,Overall,36,5,48,-2.0,-2.216427,0.692522,889,35,
5,87,Overall,Overall,36,24,48,1.5,1.550146,0.339966,1078,17,
5,88,Overall,Overall,36,38,48,2.5,3.195794,0.431281,1160,22,
5,89,Overall,Overall,36,0,48,-3.0,-5.0,1.81122,750,91,
5,90,Overall,Overall,36,20,48,0.0,0.327666,0.357616,1016,18,
5,91,Overall,Overall,36,34,48,3.0,3.350288,0.485108,1168,24,
5,92,Overall,Overall,36,10,48,0.0,-0.4758,0.431425,976,22,
5,93,Overall,Overall,36,7,48,-1.0,-1.646724,0.604791,918,30,
5,94,Overall,Overall,36,12,48,-0.5,-0.547678,0.424026,973,21,
5,95,Overall,Overall,36,10,48,-0.5,-1.040671,0.477309,948,24,
5,96,Overall,Overall,36,8,48,-0.5,-0.799967,0.456699,960,23,
5,97,Overall,Overall,36,3,48,-2.5,-2.701905,0.829327,865,41,
5,98,Overall,Overall,36,8,48,-1.5,-1.525846,0.605269,924,30,
5,99,Overall,Overall,36,20,48,0.5,0.722615,0.344645,1036,17,
5,100,Overall,Overall,36,13,48,0.5,0.470891,0.381653,1024,19,
5,101,Overall,Overall,36,3,48,-3.0,-2.926911,0.901968,854,45,
5,102,Overall,Overall,36,7,48,-3.0,-2.181949,0.719165,891,36,
5,103,Overall,Overall,36,8,48,-0.5,-0.592806,0.430659,970,22,
5,104,Overall,Overall,36,10,48,-0.5,-0.967005,0.506163,952,25,
5,105,Overall,Overall,36,20,48,0.5,0.254117,0.400326,1013,20,
5,106,Overall,Overall,36,29,48,3.0,2.47819,0.404404,1124,20,
5,107,Overall,Overall,36,19,48,0.5,0.697814,0.34653,1035,17,
5,108,Overall,Overall,36,37,48,3.0,3.175095,0.480241,1159,24,
5,109,Overall,Overall,36,3,48,-2.5,-2.93445,0.947202,853,47,
5,110,Overall,Overall,36,4,48,-2.5,-3.512887,1.131904,824,57,
5,111,Overall,Overall,36,9,48,-1.5,-0.902537,0.482574,955,24,
5,112,Overall,Overall,36,9,48,0.0,-0.48295,0.435808,976,22,
5,113,Overall,Overall,36,30,48,2.0,2.038539,0.3444,1102,17,
5,114,Overall,Overall,36,25,48,2.0,1.435261,0.331731,1072,17,
5,115,Overall,Overall,36,5,48,-2.0,-2.118547,0.653434,894,33,
5,116,Overall,Overall,36,16,48,1.5,0.468517,0.36596,1023,18,
5,117,Overall,Overall,36,26,48,2.5,2.001247,0.356628,1100,18,
5,118,Overall,Overall,36,2,48,-2.5,-3.463842,1.029035,827,51,
5,119,Overall,Overall,36,23,48,1.0,1.384369,0.319498,1069,16,
5,120,Overall,Overall,36,9,48,-0.5,-0.594786,0.437016,970,22,
5,121,Overall,Overall,36,5,48,-3.0,-2.29469,0.736927,885,37,
5,122,Overall,Overall,36,32,48,2.0,2.834203,0.407745,1142,20,
5,123,Overall,Overall,36,35,48,2.5,2.823344,0.414958,1141,21,
5,124,Overall,Overall,36,10,48,0.0,-0.384882,0.450509,981,23,
5,125,Overall,Overall,36,17,48,0.0,0.365877,0.354463,1018,18,
5,126,Overall,Overall,36,29,48,2.0,1.916974,0.34083,1096,17,
5,127,Overall,Overall,36,19,48,0.5,0.558943,0.355413,1028,18,
5,128,Overall,Overall,36,7,48,-1.0,-1.464008,0.55051,927,28,
5,129,Overall,Overall,36,30,48,3.0,2.628866,0.411038,1131,21,
5,130,Overall,Overall,36,8,48,-2.0,-1.173729,0.479087,941,24,
5,131,Overall,Overall,36,32,48,2.5,2.197086,0.361388,1110,18,
5,132,Overall,Overall,36,5,48,-3.0,-2.589232,0.776283,871,39,
5,133,Overall,Overall,36,35,48,3.0,2.99246,0.454042,1150,23,
5,134,Overall,Overall,36,9,48,-2.0,-1.458496,0.590652,927,30,
5,135,Overall,Overall,36,23,48,1.5,1.552206,0.337205,1078,17,
5,136,Overall,Overall,36,31,48,2.0,2.144604,0.355723,1107,18,
5,137,Overall,Overall,36,33,48,3.0,2.342669,0.382838,1117,19,
5,138,Overall,Overall,36,26,48,1.0,1.212627,0.315553,1061,16,
5,139,Overall,Overall,36,6,48,-2.0,-1.621024,0.614262,919,31,
5,140,Overall,Overall,36,7,48,-1.5,-1.792669,0.626909,910,31,
5,141,Overall,Overall,36,15,48,0.0,0.139608,0.347301,1007,17,
5,142,Overall,Overall,36,9,48,-1.0,-0.818637,0.473972,959,24,
5,143,Overall,Overall,36,22,48,1.5,1.534923,0.342362,1077,17,
5,144,Overall,Overall,36,5,48,-1.5,-2.663837,0.795365,867,40,
5,145,Overall,Overall,36,29,48,2.5,2.16581,0.360576,1108,18,
5,146,Overall,Overall,36,11,48,-0.5,-0.353314,0.414565,982,21,
5,147,Overall,Overall,36,4,48,-1.5,-1.962372,0.680903,902,34,
5,148,Overall,Overall,36,4,48,-3.0,-2.93089,0.914277,853,46,
5,149,Overall,Overall,36,7,48,-1.0,-1.188508,0.54663,941,27,
5,150,Overall,Overall,36,5,48,-1.5,-2.574695,0.738368,871,37,
5,151,Overall,Overall,36,4,48,-2.5,-2.758545,0.885378,862,44,
5,152,Overall,Overall,36,19,48,1.0,0.954877,0.339626,1048,17,
5,153,Overall,Overall,36,27,48,2.5,1.936737,0.338656,1097,17,
5,154,Overall,Overall,36,14,48,-0.5,-0.37969,0.408056,981,20,
5,155,Overall,Overall,36,15,48,1.0,0.339827,0.383475,1017,19,
5,156,Overall,Overall,36,20,48,1.5,1.43216,0.333448,1072,17,
5,157,Overall,Overall,36,10,48,-1.5,-1.326426,0.525866,934,26,
5,158,Overall,Overall,36,4,48,-2.5,-2.05889,0.6799,897,34,
5,159,Overall,Overall,36,5,48,-2.0,-2.529607,0.760266,874,38,
5,160,Overall,Overall,36,24,48,2.0,1.957468,0.397038,1098,20,
5,161,Overall,Overall,36,37,48,2.5,3.45231,0.460829,1173,23,
5,162,Overall,Overall,36,6,48,-2.0,-2.333102,0.702119,883,35,
5,163,Overall,Overall,36,6,48,-2.0,-1.718509,0.625881,914,31,
5,164,Overall,Overall,36,3,48,-3.0,-2.854576,0.879128,857,44,
5,165,Overall,Overall,36,16,48,0.5,-0.102905,0.372424,995,19,
5,166,Overall,Overall,36,5,48,-2.0,-2.328259,0.672697,884,34,
5,167,Overall,Overall,36,17,48,0.5,0.630955,0.357614,1032,18,
5,168,Overall,Overall,36,22,48,1.5,1.482105,0.361552,1074,18,
5,169,Overall,Overall,36,4,48,-1.5,-2.048139,0.698687,898,35,
5,170,Overall,Overall,36,28,48,2.5,2.234441,0.378679,1112,19,
5,171,Overall,Overall,36,9,48,-1.5,-1.208617,0.526679,940,26,
5,172,Overall,Overall,36,33,48,3.0,2.925962,0.426014,1146,21,
5,173,Overall,Overall,36,23,48,1.5,1.357717,0.357257,1068,18,
5,174,Overall,Overall,36,7,48,-2.0,-1.868071,0.587111,907,29,
5,175,Overall,Overall,36,35,48,2.0,2.481699,0.404626,1124,20,
5,176,Overall,Overall,36,11,48,0.0,0.211027,0.377596,1011,19,
5,177,Overall,Overall,36,15,48,0.0,-0.351667,0.407274,982,20,
5,178,Overall,Overall,36,30,48,2.5,2.412933,0.358892,1121,18,
5,179,Overall,Overall,36,24,48,1.0,0.931999,0.353359,1047,18,
5,180,Overall,Overall,36,25,48,1.5,1.537556,0.343783,1077,17,
5,181,Overall,Overall,36,15,48,0.5,0.297842,0.366403,1015,18,
5,182,Overall,Overall,36,29,48,2.0,1.759819,0.351368,1088,18,
5,183,Overall,Overall,36,33,48,2.5,2.644462,0.402572,1132,20,
5,184,Overall,Overall,36,9,48,-0.5,-0.621376,0.437201,969,22,
5,185,Overall,Overall,36,25,48,1.0,1.340173,0.367256,1067,18,
5,186,Overall,Overall,36,20,48,1.5,1.167175,0.329737,1058,16,
5,187,Overall,Overall,36,5,48,-2.5,-2.449016,0.835545,878,42,
5,188,Overall,Overall,36,3,48,-2.5,-3.261233,0.980678,837,49,
5,189,Overall,Overall,36,24,48,1.5,1.381072,0.357453,1069,18,
5,190,Overall,Overall,36,24,48,1.5,0.970742,0.341169,1049,17,
5,191,Overall,Overall,36,21,48,1.5,1.101633,0.369121,1055,18,
5,192,Overall,Overall,36,5,48,-2.0,-1.866155,0.628006,907,31,
5,193,Overall,Overall,36,27,48,2.5,2.678063,0.396001,1134,20,
5,194,Overall,Overall,36,38,48,3.0,3.030728,0.444044,1152,22,
5,195,Overall,Overall,36,22,48,1.5,1.400897,0.328991,1070,16,
5,196,Overall,Overall,36,6,48,-1.5,-1.800034,0.590044,910,30,
5,197,Overall,Overall,36,5,48,-2.0,-2.278828,0.743131,886,37,
5,198,Overall,Overall,36,2,48,-2.5,-3.601714,1.096074,820,55,
5,199,Overall,Overall,36,9,48,-0.5,-1.116389,0.484207,944,24,
5,200,Overall,Overall,36,5,48,-2.5,-2.767204,0.804984,862,40,
5,201,Overall,Overall,36,7,48,-0.5,-1.100916,0.501246,945,25,
5,202,Overall,Overall,36,30,48,2.5,2.876924,0.424611,1144,21,
5,203,Overall,Overall,36,4,48,-2.5,-3.338924,0.986497,833,49,
5,204,Overall,Overall,36,15,48,-1.0,0.233893,0.379199,1012,19,
5,205,Overall,Overall,36,24,48,1.0,1.351288,0.32258,1068,16,
5,206,Overall,Overall,36,9,48,-2.0,-1.188073,0.533758,941,27,
5,207,Overall,Overall,36,28,48,1.0,1.864295,0.353641,1093,18,
5,208,Overall,Overall,36,1,48,-3.0,-5.0,1.769867,750,88,
5,209,Overall,Overall,36,16,48,0.5,0.698944,0.358029,1035,18,
5,210,Overall,Overall,36,29,48,1.5,1.926451,0.358421,1096,18,
5,211,Overall,Overall,36,3,48,-2.5,-2.957778,0.880696,852,44,
5,212,Overall,Overall,36,13,48,0.0,0.129893,0.374632,1006,19,
5,213,Overall,Overall,36,5,48,-3.0,-1.924361,0.685691,904,34,
5,214,Overall,Overall,36,26,48,2.0,1.865609,0.328793,1093,16,
5,215,Overall,Overall,36,4,48,-3.0,-2.698355,0.819574,865,41,
5,216,Overall,Overall,36,38,48,3.0,3.044482,0.43416,1152,22,
5,217,Overall,Overall,36,7,48,-1.0,-1.197513,0.490194,940,25,
5,218,Overall,Overall,36,6,48,-2.0,-1.864949,0.648376,907,32,
5,219,Overall,Overall,36,31,48,1.5,1.882648,0.337953,1094,17,
5,220,Overall,Overall,36,5,48,-2.5,-2.421793,0.733818,879,37,
5,221,Overall,Overall,36,2,48,-2.0,-3.906857,1.275993,805,64,
5,222,Overall,Overall,36,25,48,2.0,1.914853,0.357316,1096,18,
5,223,Overall,Overall,36,25,48,2.0,1.676251,0.368591,1084,18,
5,224,Overall,Overall,36,13,48,0.0,-0.39052,0.383134,980,19,
5,225,Overall,Overall,36,18,48,0.0,0.173087,0.360443,1009,18,
5,226,Overall,Overall,36,7,48,-2.0,-1.649314,0.611984,918,31,
5,227,Overall,Overall,36,12,48,0.0,-0.161078,0.452954,992,23,
5,228,Overall,Overall,36,10,48,-0.5,-0.802352,0.429558,960,21,
5,229,Overall,Overall,36,22,48,0.5,1.148898,0.349921,1057,17,
5,230,Overall,Overall,36,2,48,-3.0,-3.584831,1.100619,821,55,
5,231,Overall,Overall,36,17,48,0.5,0.412442,0.36661,1021,18,
5,232,Overall,Overall,36,20,48,1.5,0.869335,0.325411,1043,16,
5,233,Overall,Overall,36,33,48,3.0,2.690631,0.415193,1135,21,
5,234,Overall,Overall,36,29,48,1.0,1.37266,0.332453,1069,17,
5,235,Overall,Overall,36,13,48,-0.5,-0.438352,0.428841,978,21,
5,236,Overall,Overall,36,5,48,-1.5,-2.72513,0.837738,864,42,
5,237,Overall,Overall,36,10,48,-0.5,-0.511694,0.443381,974,22,
5,238,Overall,Overall,36,14,48,0.5,-0.280505,0.404955,986,20,
5,239,Overall,Overall,36,4,48,-3.0,-2.894215,0.868633,855,43,
5,240,Overall,Overall,36,0,48,-3.0,-5.0,1.818583,750,91,
5,241,Overall,Overall,36,8,48,-0.5,-0.788253,0.484468,961,24,
5,242,Overall,Overall,36,5,48,-2.0,-2.240815,0.681635,888,34,
5,243,Overall,Overall,36,12,48,-0.5,-0.066083,0.390123,997,20,
5,244,Overall,Overall,36,21,48,1.5,1.267043,0.36048,1063,18,
5,245,Overall,Overall,36,14,48,0.0,0.047541,0.380164,1002,19,
5,246,Overall,Overall,36,11,48,-0.5,-0.715694,0.459412,964,23,
5,247,Overall,Overall,36,7,48,-1.5,-1.836496,0.691359,908,35,
5,248,Overall,Overall,36,27,48,2.0,2.096746,0.37012,1105,19,
5,249,Overall,Overall,36,7,48,-1.0,-1.584979,0.565223,921,28,
5,250,Overall,Overall,36,2,48,-3.0,-2.985942,0.954582,851,48,
5,251,Overall,Overall,36,33,48,2.0,2.292039,0.348182,1115,17,
5,252,Overall,Overall,36,3,48,-3.0,-3.072082,0.887048,846,44,
5,253,Overall,Overall,36,3,48,-3.0,-3.914267,1.176583,804,59,
5,254,Overall,Overall,36,33,48,2.5,2.350383,0.360396,1118,18,
5,255,Overall,Overall,36,20,48,1.0,0.952117,0.358169,1048,18,
5,256,Overall,Overall,36,30,48,2.0,2.07785,0.392207,1104,20,
5,257,Overall,Overall,36,6,48,-2.0,-1.605523,0.608326,920,30,
5,258,Overall,Overall,36,19,48,0.5,0.479149,0.346073,1024,17,
5,259,Overall,Overall,36,31,48,2.5,2.63344,0.393099,1132,20,
5,260,Overall,Overall,36,2,48,-3.0,-3.730331,1.183761,813,59,
5,261,Overall,Overall,36,6,48,-2.5,-2.400361,0.820719,880,41,
5,262,Overall,Overall,36,22,48,0.5,0.823747,0.331444,1041,17,
5,263,Overall,Overall,36,3,48,-2.5,-2.627372,0.817186,869,41,
5,264,Overall,Overall,36,31,48,2.5,2.28459,0.379311,1114,19,
5,265,Overall,Overall,36,4,48,-2.5,-2.962435,0.902716,852,45,
5,266,Overall,Overall,36,28,48,2.5,2.526803,0.385146,1126,19,
5,267,Overall,Overall,36,8,48,-1.5,-1.581076,0.552017,921,28,
5,268,Overall,Overall,36,15,48,0.0,0.350041,0.328186,1018,16,
5,269,Overall,Overall,36,5,48,-2.0,-2.700751,0.808792,865,40,
5,270,Overall,Overall,36,3,48,-3.0,-2.906343,0.860964,855,43,
5,271,Overall,Overall,36,10,48,-1.0,0.10847,0.375548,1005,19,
5,272,Overall,Overall,36,2,48,-3.0,-4.816561,1.552723,759,78,
5,273,Overall,Overall,36,34,48,2.5,2.890931,0.440811,1145,22,
5,274,Overall,Overall,36,26,48,1.5,1.807216,0.33912,1090,17,
5,275,Overall,Overall,36,16,48,0.5,0.559238,0.381936,1028,19,
5,276,Overall,Overall,36,27,48,2.0,2.078374,0.400704,1104,20,
5,277,Overall,Overall,36,12,48,-0.5,-0.351773,0.408985,982,20,
5,278,Overall,Overall,36,2,48,-2.5,-3.619854,1.066363,819,53,
5,279,Overall,Overall,36,6,48,-1.5,-1.455376,0.563179,927,28,
5,280,Overall,Overall,36,7,48,-1.0,-1.126465,0.480561,944,24,
5,281,Overall,Overall,36,21,48,1.0,0.869074,0.34307,1043,17,
5,282,Overall,Overall,36,8,48,0.0,-0.763443,0.476152,962,24,
5,283,Overall,Overall,36,12,48,-0.5,-0.371967,0.438584,981,22,
5,284,Overall,Overall,36,6,48,-1.5,-1.787047,0.637777,911,32,
5,285,Overall,Overall,36,11,48,-0.5,-0.653829,0.438901,967,22,
5,286,Overall,Overall,36,15,48,1.0,0.680942,0.372446,1034,19,
5,287,Overall,Overall,36,14,48,0.5,-0.030402,0.420541,998,21,
5,288,Overall,Overall,36,32,48,2.5,2.79149,0.444997,1140,22,
5,289,Overall,Overall,36,8,48,-0.5,-0.819805,0.455308,959,23,
5,290,Overall,Overall,36,2,48,-2.5,-3.578667,1.122392,821,56,
5,291,Overall,Overall,36,30,48,2.5,2.203261,0.358835,1110,18,
5,292,Overall,Overall,36,2,48,-3.0,-4.529956,1.559431,774,78,
5,293,Overall,Overall,36,29,48,2.5,2.697351,0.388187,1135,19,
5,294,Overall,Overall,36,0,48,-3.0,-5.0,1.84817,750,92,
5,295,Overall,Overall,36,18,48,1.0,0.635449,0.36906,1032,18,
5,296,Overall,Overall,36,20,48,1.0,0.638529,0.356594,1032,18,
5,297,Overall,Overall,36,7,48,-1.0,-1.458444,0.57676,927,29,
5,298,Overall,Overall,36,28,48,1.5,2.200342,0.360586,1110,18,
5,299,Overall,Overall,36,22,48,2.0,1.427348,0.350666,1071,18,
5,300,Overall,Overall,36,34,48,2.5,2.570017,0.387642,1129,19,
5,301,Overall,Overall,36,3,48,-3.0,-3.405277,1.047642,830,52,
5,302,Overall,Overall,36,7,48,-0.5,-0.879546,0.468605,956,23,
5,303,Overall,Overall,36,33,48,2.5,2.054314,0.355158,1103,18,
5,304,Overall,Overall,36,6,48,-2.5,-2.735749,0.903033,863,45,
5,305,Overall,Overall,36,18,48,0.0,0.394812,0.389279,1020,19,
5,306,Overall,Overall,36,2,48,-3.0,-3.133565,0.979197,843,49,
5,307,Overall,Overall,36,5,48,-1.0,-1.848975,0.636977,908,32,
5,308,Overall,Overall,36,34,48,3.0,2.720684,0.42399,1136,21,
5,309,Overall,Overall,36,34,48,3.0,2.748735,0.386878,1137,19,
5,310,Overall,Overall,36,10,48,-1.0,-1.085022,0.475638,946,24,
5,311,Overall,Overall,36,10,48,-1.0,-0.736677,0.475118,963,24,
5,312,Overall,Overall,36,17,48,1.0,1.0258,0.341995,1051,17,
5,313,Overall,Overall,36,26,48,1.0,1.728155,0.336879,1086,17,
5,314,Overall,Overall,36,16,48,0.0,0.360755,0.360598,1018,18,
5,315,Overall,Overall,36,38,48,3.0,3.642018,0.499742,1182,25,
5,316,Overall,Overall,36,8,48,-2.5,-1.570169,0.558562,921,28,
5,317,Overall,Overall,36,17,48,1.0,0.536379,0.36306,1027,18,
5,318,Overall,Overall,36,4,48,-2.5,-2.782508,0.800466,861,40,
5,319,Overall,Overall,36,4,48,-1.5,-2.192774,0.808055,890,40,
5,320,Overall,Overall,36,20,48,1.5,1.037191,0.330282,1052,17,
5,321,Overall,Overall,36,22,48,1.5,0.821167,0.357802,1041,18,
5,322,Overall,Overall,36,12,48,-0.5,-0.644892,0.460371,968,23,
5,323,Overall,Overall,36,21,48,1.0,0.847549,0.345941,1042,17,
5,324,Overall,Overall,36,29,48,2.5,2.728714,0.413648,1136,21,
5,325,Overall,Overall,36,17,48,1.0,0.826607,0.358928,1041,18,
5,326,Overall,Overall,36,17,48,0.5,0.863593,0.358367,1043,18,
5,327,Overall,Overall,36,27,48,1.5,1.429094,0.340729,1071,17,
5,328,Overall,Overall,36,25,48,1.0,1.194107,0.342728,1060,17,
5,329,Overall,Overall,36,2,48,-2.0,-4.145402,1.288629,793,64,
5,330,Overall,Overall,36,31,48,2.0,2.418207,0.377357,1121,19,
5,331,Overall,Overall,36,6,48,-3.0,-2.568473,0.826415,872,41,
5,332,Overall,Overall,36,20,48,1.5,0.899221,0.342641,1045,17,
5,333,Overall,Overall,36,27,48,2.5,1.885897,0.355504,1094,18,
5,334,Overall,Overall,36,2,48,-3.0,-4.483388,1.4501,776,73,
5,335,Overall,Overall,36,26,48,1.0,1.232671,0.323378,1062,16,
5,336,Overall,Overall,36,23,48,1.0,1.095227,0.348225,1055,17,
5,337,Overall,Overall,36,11,48,-1.0,-1.028423,0.491782,949,25,
5,338,Overall,Overall,36,36,48,2.0,2.501856,0.377832,1125,19,
5,339,Overall,Overall,36,6,48,-1.0,-1.523913,0.583814,924,29,
5,340,Overall,Overall,36,27,48,1.5,1.93729,0.36014,1097,18,
5,341,Overall,Overall,36,20,48,0.0,0.78597,0.336097,1039,17,
5,342,Overall,Overall,36,15,48,-1.0,-0.235849,0.396149,988,20,
5,343,Overall,Overall,36,28,48,2.5,2.292587,0.418067,1115,21,
5,344,Overall,Overall,36,16,48,-0.5,0.383857,0.351735,1019,18,
5,345,Overall,Overall,36,25,48,1.5,1.111148,0.338865,1056,17,
5,346,Overall,Overall,36,28,48,2.5,1.979286,0.387484,1099,19,
5,347,Overall,Overall,36,3,48,-2.5,-2.358516,0.724656,882,36,
5,348,Overall,Overall,36,28,48,2.0,2.183841,0.356127,1109,18,
5,349,Overall,Overall,36,28,48,1.5,2.084275,0.421907,1104,21,
5,350,Overall,Overall,36,3,48,-2.5,-3.611685,1.121187,819,56,
5,351,Overall,Overall,36,14,48,-1.0,-0.318133,0.413787,984,21,
5,352,Overall,Overall,36,9,48,-1.5,-0.895661,0.519514,955,26,
5,353,Overall,Overall,36,39,48,3.0,3.299011,0.463215,1165,23,
5,354,Overall,Overall,36,21,48,1.5,1.369001,0.341693,1068,17,
5,355,Overall,Overall,36,3,48,-3.0,-4.091135,1.292775,795,65,
5,356,Overall,Overall,36,9,48,-1.0,-0.754246,0.457499,962,23,
5,357,Overall,Overall,36,21,48,0.5,0.587659,0.36178,1029,18,
5,358,Overall,Overall,36,3,48,-3.0,-4.682846,1.546675,766,77,
5,359,Overall,Overall,36,31,48,2.0,1.97332,0.365234,1099,18,
5,360,Overall,Overall,36,2,48,-3.0,-5.0,1.886308,750,94,
5,361,Overall,Overall,36,21,48,1.0,0.88702,0.3197,1044,16,
5,362,Overall,Overall,36,22,48,1.0,1.04906,0.340848,1052,17,
5,363,Overall,Overall,36,8,48,-1.5,-1.471247,0.533864,926,27,
5,364,Overall,Overall,36,5,48,-2.5,-2.300529,0.781918,885,39,
5,365,Overall,Overall,36,1,48,-2.5,-5.0,1.989032,750,99,
5,366,Overall,Overall,36,25,48,1.0,1.232887,0.336461,1062,17,
5,367,Overall,Overall,36,23,48,1.0,0.627084,0.3798,1031,19,
5,368,Overall,Overall,36,7,48,-1.0,-1.153927,0.543635,942,27,
5,369,Overall,Overall,36,14,48,0.5,0.15848,0.400136,1008,20,
5,370,Overall,Overall,36,9,48,-1.5,-0.993971,0.498806,950,25,
5,371,Overall,Overall,36,14,48,0.0,0.058218,0.38315,1003,19,
5,372,Overall,Overall,36,12,48,-0.5,-0.491394,0.454346,975,23,
5,373,Overall,Overall,36,12,48,-0.5,-0.497963,0.409261,975,20,
5,374,Overall,Overall,36,7,48,-2.0,-1.642202,0.582578,918,29,
5,375,Overall,Overall,36,22,48,1.5,0.94066,0.357828,1047,18,
5,376,Overall,Overall,36,9,48,-1.0,-0.884902,0.50805,956,25,
5,377,Overall,Overall,36,3,48,-2.5,-3.858378,1.177745,807,59,
5,378,Overall,Overall,36,4,48,-3.0,-3.574777,1.172972,821,59,
5,379,Overall,Overall,36,11,48,0.0,-0.172221,0.4079,991,20,
5,380,Overall,Overall,36,10,48,-1.5,-0.961999,0.492594,952,25,
5,381,Overall,Overall,36,27,48,1.5,2.107056,0.357703,1105,18,
5,382,Overall,Overall,36,17,48,1.0,0.836194,0.383577,1042,19,
5,383,Overall,Overall,36,4,48,-2.0,-2.36881,0.715418,882,36,
5,384,Overall,Overall,36,3,48,-2.0,-3.333849,1.018348,833,51,
5,385,Overall,Overall,36,12,48,0.0,0.115864,0.40288,1006,20,
5,386,Overall,Overall,36,35,48,3.0,2.444281,0.365494,1122,18,
5,387,Overall,Overall,36,15,48,-0.5,-0.426234,0.432591,979,22,
5,388,Overall,Overall,36,7,48,-1.0,-1.009059,0.509372,950,25,
5,389,Overall,Overall,36,15,48,0.0,0.630872,0.360821,1032,18,
5,390,Overall,Overall,36,6,48,-2.0,-1.908308,0.623751,905,31,
5,391,Overall,Overall,36,9,48,-0.5,-0.738217,0.458812,963,23,
5,392,Overall,Overall,36,31,48,2.0,2.240454,0.381552,1112,19,
5,393,Overall,Overall,36,9,48,-1.5,-0.704827,0.429185,965,21,
5,394,Overall,Overall,36,28,48,2.0,1.732576,0.361425,1087,18,
5,395,Overall,Overall,36,6,48,-1.5,-2.121214,0.709098,894,35,
5,396,Overall,Overall,36,37,48,3.0,3.226422,0.482531,1161,24,
5,397,Overall,Overall,36,16,48,0.5,0.353015,0.353588,1018,18,
5,398,Overall,Overall,36,3,48,-3.0,-2.84745,0.855121,858,43,
5,399,Overall,Overall,36,24,48,1.0,1.259038,0.327507,1063,16,
5,400,Overall,Overall,36,18,48,0.5,0.797903,0.350545,1040,18,
5,401,Overall,Overall,36,23,48,1.5,0.926402,0.350038,1046,18,
5,402,Overall,Overall,36,20,48,0.5,0.741251,0.35513,1037,18,
5,403,Overall,Overall,36,36,48,3.0,2.854437,0.41503,1143,21,
5,404,Overall,Overall,36,3,48,-3.0,-2.74799,0.88085,863,44,
5,405,Overall,Overall,36,5,48,-2.5,-2.059705,0.65128,897,33,
5,406,Overall,Overall,36,3,48,-3.0,-2.953927,0.929671,852,46,
5,407,Overall,Overall,36,22,48,1.0,0.931869,0.349166,1047,17,
5,408,Overall,Overall,36,36,48,3.0,2.859811,0.460322,1143,23,
5,409,Overall,Overall,36,16,48,-1.0,-0.326579,0.382328,984,19,
5,410,Overall,Overall,36,3,48,-2.5,-3.46565,1.041244,827,52,
5,411,Overall,Overall,36,28,48,2.5,2.282889,0.374179,1114,19,
5,412,Overall,Overall,36,30,48,3.0,2.33935,0.391282,1117,20,
5,413,Overall,Overall,36,8,48,-1.0,-1.046402,0.488021,948,24,
5,414,Overall,Overall,36,29,48,1.5,2.088001,0.362614,1104,18,
5,415,Overall,Overall,36,5,48,-2.5,-2.356935,0.749759,882,37,
5,416,Overall,Overall,36,11,48,-1.0,-0.860811,0.455233,957,23,
5,417,Overall,Overall,36,14,48,0.0,0.139574,0.357573,1007,18,
5,418,Overall,Overall,36,25,48,1.5,1.313158,0.362017,1066,18,
5,419,Overall,Overall,36,5,48,-3.0,-2.282977,0.700253,886,35,
5,420,Overall,Overall,36,9,48,0.0,-0.317229,0.411756,984,21,
5,421,Overall,Overall,36,5,48,-3.0,-2.097688,0.667255,895,33,
5,422,Overall,Overall,36,8,48,-1.5,-0.966569,0.508891,952,25,
5,423,Overall,Overall,36,18,48,1.0,1.00607,0.323302,1050,16,
5,424,Overall,Overall,36,8,48,-2.0,-1.6104,0.577541,919,29,
5,425,Overall,Overall,36,27,48,1.5,1.752028,0.329788,1088,16,
5,426,Overall,Overall,36,5,48,-3.0,-2.503662,0.803828,875,40,
5,427,Overall,Overall,36,20,48,1.0,0.735887,0.354847,1037,18,
5,428,Overall,Overall,36,28,48,2.0,1.941411,0.345118,1097,17,
5,429,Overall,Overall,36,6,48,-3.0,-2.235083,0.754906,888,38,
5,430,Overall,Overall,36,37,48,2.5,3.185275,0.438405,1159,22,
5,431,Overall,Overall,36,11,48,0.0,-0.822752,0.493569,959,25,
5,432,Overall,Overall,36,28,48,2.0,1.865732,0.338665,1093,17,
5,433,Overall,Overall,36,25,48,1.0,1.551112,0.351584,1078,18,
5,434,Overall,Overall,36,34,48,2.5,2.883691,0.40863,1144,20,
5,435,Overall,Overall,36,16,48,0.5,0.442789,0.379138,1022,19,
5,436,Overall,Overall,36,33,48,3.0,2.427501,0.40127,1121,20,
5,437,Overall,Overall,36,5,48,-2.5,-2.681681,0.797152,866,40,
5,438,Overall,Overall,36,14,48,-0.5,-0.278191,0.389744,986,19,
5,439,Overall,Overall,36,2,48,-2.5,-4.110161,1.386438,794,69,
5,440,Overall,Overall,36,27,48,1.5,1.733772,0.348516,1087,17,
5,441,Overall,Overall,36,23,48,1.0,0.878218,0.375865,1044,19,
5,442,Overall,Overall,36,37,48,2.5,2.744083,0.447009,1137,22,
5,443,Overall,Overall,36,3,48,-2.5,-3.11286,0.887881,844,44,
5,444,Overall,Overall,36,7,48,-2.5,-1.893669,0.639853,905,32,
5,445,Overall,Overall,36,7,48,-2.0,-1.775671,0.605716,911,30,
5,446,Overall,Overall,36,11,48,-2.0,-0.92156,0.444282,954,22,
5,447,Overall,Overall,36,25,48,1.0,1.508435,0.333931,1075,17,
5,448,Overall,Overall,36,2,48,-3.0,-3.559835,1.119448,822,56,
5,449,Overall,Overall,36,8,48,-2.0,-1.640571,0.582224,918,29,
5,450,Overall,Overall,36,13,48,-0.5,-0.477915,0.403899,976,20,
5,451,Overall,Overall,36,19,48,1.0,0.763019,0.342378,1038,17,
5,452,Overall,Overall,36,11,48,-1.0,-0.664715,0.443156,967,22,
5,453,Overall,Overall,36,36,48,3.0,3.165747,0.433825,1158,22,
5,454,Overall,Overall,36,10,48,-1.5,-0.594196,0.44551,970,22,
5,455,Overall,Overall,36,37,48,3.0,3.271322,0.457232,1164,23,
5,456,Overall,Overall,36,6,48,-3.0,-2.006958,0.65459,900,33,
5,457,Overall,Overall,36,4,48,-2.0,-3.145574,0.98956,843,49,
5,458,Overall,Overall,36,19,48,2.0,1.490483,0.360671,1075,18,
5,459,Overall,Overall,36,22,48,1.5,1.644502,0.355638,1082,18,
5,460,Overall,Overall,36,19,48,0.0,0.343771,0.352425,1017,18,
5,461,Overall,Overall,36,37,48,3.0,3.035873,0.443701,1152,22,
5,462,Overall,Overall,36,2,48,-3.0,-2.585038,0.824298,871,41,
5,463,Overall,Overall,36,21,48,1.5,0.882412,0.341071,1044,17,
5,464,Overall,Overall,36,3,48,-2.5,-2.904116,0.880677,855,44,
5,465,Overall,Overall,36,17,48,0.5,0.400104,0.335747,1020,17,
5,466,Overall,Overall,36,30,48,2.0,2.202835,0.37422,1110,19,
5,467,Overall,Overall,36,14,48,-0.5,0.13337,0.363933,1007,18,
5,468,Overall,Overall,36,22,48,1.5,1.114757,0.36699,1056,18,
5,469,Overall,Overall,36,25,48,1.5,1.66614,0.326068,1083,16,
5,470,Overall,Overall,36,10,48,-0.5,-0.853851,0.478307,957,24,
5,471,Overall,Overall,36,15,48,0.0,0.008413,0.422999,1000,21,
5,472,Overall,Overall,36,11,48,-1.5,-1.273707,0.4962,936,25,
5,473,Overall,Overall,36,35,48,2.5,3.065728,0.438591,1153,22,
5,474,Overall,Overall,36,37,48,2.5,3.106064,0.45923,1155,23,
5,475,Overall,Overall,36,4,48,-2.5,-2.122206,0.643949,894,32,
5,476,Overall,Overall,36,5,48,-1.5,-2.180024,0.761509,891,38,
5,477,Overall,Overall,36,23,48,2.0,1.783147,0.353892,1089,18,
5,478,Overall,Overall,36,19,48,1.0,0.754848,0.374444,1038,19,
5,479,Overall,Overall,36,8,48,-1.0,-1.163248,0.508272,942,25,
5,480,Overall,Overall,36,20,48,2.0,1.192655,0.341086,1060,17,
5,481,Overall,Overall,36,23,48,1.5,1.001561,0.336594,1050,17,
5,482,Overall,Overall,36,5,48,-1.5,-2.121904,0.657004,894,33,
5,483,Overall,Overall,36,8,48,-1.5,-1.406351,0.557665,930,28,
5,484,Overall,Overall,36,36,48,2.5,2.871415,0.403152,1144,20,
5,485,Overall,Overall,36,8,48,-2.0,-1.05306,0.501887,947,25,
5,486,Overall,Overall,36,19,48,1.0,0.622537,0.341933,1031,17,
5,487,Overall,Overall,36,6,48,-2.5,-2.255719,0.75896,887,38,
5,488,Overall,Overall,36,10,48,-0.5,-0.949706,0.462551,953,23,
5,489,Overall,Overall,36,6,48,-2.0,-1.637099,0.59087,918,30,
5,490,Overall,Overall,36,39,48,3.0,3.459088,0.476829,1173,24,
5,491,Overall,Overall,36,22,48,0.0,0.78496,0.363395,1039,18,
5,492,Overall,Overall,36,6,48,-2.0,-1.834572,0.639336,908,32,
5,493,Overall,Overall,36,4,48,-2.0,-2.453636,0.717722,877,36,
5,494,Overall,Overall,36,35,48,2.5,2.575537,0.389091,1129,19,
5,495,Overall,Overall,36,13,48,0.5,0.083949,0.400658,1004,20,
5,496,Overall,Overall,36,21,48,1.0,1.218496,0.364346,1061,18,
5,497,Overall,Overall,36,6,48,-1.5,-1.881226,0.633009,906,32,
5,498,Overall,Overall,36,2,48,-3.0,-4.72578,1.542387,764,77,
5,499,Overall,Overall,36,7,48,-2.5,-1.609716,0.565985,920,28,
5,500,Overall,Overall,36,11,48,-0.5,-0.456345,0.399694,977,20,
5,501,Overall,Overall,36,32,48,2.5,2.086999,0.367425,1104,18,
5,502,Overall,Overall,36,34,48,3.0,2.923109,0.43518,1146,22,
5,503,Overall,Overall,36,39,48,3.0,2.870159,0.411483,1144,21,
5,504,Overall,Overall,36,25,48,1.5,1.39369,0.344141,1070,17,
5,505,Overall,Overall,36,33,48,3.0,2.869166,0.411248,1143,21,
5,506,Overall,Overall,36,7,48,-1.0,-1.288463,0.530014,936,27,
5,507,Overall,Overall,36,23,48,1.5,1.611986,0.338878,1081,17,
5,508,Overall,Overall,36,5,48,-1.5,-3.269715,0.986612,837,49,
5,509,Overall,Overall,36,13,48,1.0,0.014096,0.392115,1001,20,
5,510,Overall,Overall,36,15,48,-0.5,0.059978,0.350881,1003,18,
5,511,Overall,Overall,36,3,48,-2.0,-2.534168,0.822696,873,41,
5,512,Overall,Overall,36,5,48,-2.0,-1.903982,0.633503,905,32,
5,513,Overall,Overall,36,2,48,-3.0,-3.071492,0.9461,846,47,
5,514,Overall,Overall,36,5,48,-2.0,-2.581028,0.784874,871,39,
5,515,Overall,Overall,36,20,48,2.0,1.241456,0.326898,1062,16,
5,516,Overall,Overall,36,11,48,-1.0,-0.540734,0.414805,973,21,
5,517,Overall,Overall,36,32,48,2.5,2.48791,0.367761,1124,18,
5,518,Overall,Overall,36,26,48,2.5,2.049744,0.357754,1102,18,
5,519,Overall,Overall,36,7,48,-1.0,-1.071935,0.513806,946,26,
5,520,Overall,Overall,36,44,48,3.0,4.310166,0.643653,1216,32,
5,521,Overall,Overall,36,6,48,-2.0,-2.077663,0.655624,896,33,
5,522,Overall,Overall,36,31,48,3.0,2.614239,0.39383,1131,20,
5,523,Overall,Overall,36,26,48,1.0,1.309316,0.341024,1065,17,
5,524,Overall,Overall,36,6,48,-2.5,-2.226162,0.752668,889,38,
5,525,Overall,Overall,36,5,48,-3.0,-2.879269,0.833887,856,42,
5,526,Overall,Overall,36,7,48,-1.0,-1.628983,0.591453,919,30,
5,527,Overall,Overall,36,3,48,-2.5,-3.222694,0.968071,839,48,
5,528,Overall,Overall,36,32,48,2.5,2.338008,0.393677,1117,20,
5,529,Overall,Overall,36,8,48,-1.0,-0.904431,0.455704,955,23,
5,530,Overall,Overall,36,18,48,1.5,1.050075,0.359091,1053,18,
5,531,Overall,Overall,36,6,48,-1.5,-1.31827,0.549561,934,27,
5,532,Overall,Overall,36,20,48,0.5,0.909786,0.348289,1045,17,
5,533,Overall,Overall,36,33,48,3.0,2.776359,0.405291,1139,20,
5,534,Overall,Overall,36,21,48,1.0,0.986428,0.397961,1049,20,
5,535,Overall,Overall,36,12,48,0.0,-0.378619,0.401422,981,20,
5,536,Overall,Overall,36,19,48,1.0,1.195743,0.365759,1060,18,
5,537,Overall,Overall,36,0,48,-2.5,-5.0,1.67333,750,84,
5,538,Overall,Overall,36,2,48,-2.5,-4.558071,1.452454,772,73,
5,539,Overall,Overall,36,17,48,0.0,0.359616,0.34332,1018,17,
5,540,Overall,Overall,36,22,48,0.5,0.803689,0.361147,1040,18,
5,541,Overall,Overall,36,12,48,0.0,-0.027598,0.369075,999,18,
5,542,Overall,Overall,36,8,48,-1.0,-0.804613,0.451008,960,23,
5,543,Overall,Overall,36,27,48,1.5,1.399888,0.368576,1070,18,
5,544,Overall,Overall,36,35,48,2.0,2.670503,0.407503,1134,20,
5,545,Overall,Overall,36,37,48,2.5,3.224722,0.482003,1161,24,
5,546,Overall,Overall,36,24,48,1.5,1.323761,0.3462,1066,17,
5,547,Overall,Overall,36,20,48,1.0,0.77151,0.324401,1039,16,
5,548,Overall,Overall,36,21,48,1.0,1.048099,0.363109,1052,18,
5,549,Overall,Overall,36,5,48,-2.5,-1.88096,0.646755,906,32,
5,550,Overall,Overall,36,5,48,-2.0,-2.179267,0.680734,891,34,
5,551,Overall,Overall,36,7,48,-0.5,-0.762358,0.463539,962,23,
5,552,Overall,Overall,36,4,48,-3.0,-2.693883,0.832947,865,42,
5,553,Overall,Overall,36,12,48,-1.0,-0.046753,0.362427,998,18,
5,554,Overall,Overall,36,25,48,1.5,1.936828,0.36975,1097,18,
5,555,Overall,Overall,36,33,48,3.0,2.585147,0.390327,1129,20,
5,556,Overall,Overall,36,24,48,1.5,2.09477,0.357876,1105,18,
5,557,Overall,Overall,36,4,48,-2.0,-2.21485,0.70833,889,35,
5,558,Overall,Overall,36,14,48,-0.5,-0.013424,0.409377,999,20,
5,559,Overall,Overall,36,16,48,0.5,0.201246,0.373547,1010,19,
5,560,Overall,Overall,36,17,48,0.0,0.321705,0.383711,1016,19,
5,561,Overall,Overall,36,29,48,2.5,2.221372,0.381863,1111,19,
5,562,Overall,Overall,36,33,48,2.5,2.930287,0.422452,1147,21,
5,563,Overall,Overall,36,19,48,1.0,0.798697,0.33222,1040,17,
5,564,Overall,Overall,36,10,48,-0.5,-0.470169,0.467181,976,23,
5,565,Overall,Overall,36,23,48,1.5,1.271323,0.351485,1064,18,
5,566,Overall,Overall,36,3,48,-1.0,-2.832821,0.85931,858,43,
5,567,Overall,Overall,36,4,48,-2.5,-2.987483,0.959551,851,48,
5,568,Overall,Overall,36,4,48,-3.0,-3.142108,0.964734,843,48,
5,569,Overall,Overall,36,6,48,-1.5,-1.863959,0.61234,907,31,
5,570,Overall,Overall,36,3,48,-3.0,-4.500158,1.395928,775,70,
5,571,Overall,Overall,36,30,48,2.5,1.997494,0.338512,1100,17,
5,572,Overall,Overall,36,4,48,-2.0,-2.138714,0.670584,893,34,
5,573,Overall,Overall,36,21,48,0.5,0.883229,0.344989,1044,17,
5,574,Overall,Overall,36,30,48,2.5,2.163849,0.403432,1108,20,
5,575,Overall,Overall,36,34,48,2.5,2.442017,0.40793,1122,20,
5,576,Overall,Overall,36,32,48,2.5,2.910336,0.444927,1146,22,
5,577,Overall,Overall,36,5,48,-1.0,-2.340878,0.759925,883,38,
5,578,Overall,Overall,36,14,48,0.5,0.031828,0.373665,1002,19,
5,579,Overall,Overall,36,34,48,3.0,2.963258,0.473657,1148,24,
5,580,Overall,Overall,36,14,48,1.0,0.091668,0.372454,1005,19,
5,581,Overall,Overall,36,9,48,-1.0,-0.997147,0.522452,950,26,
5,582,Overall,Overall,36,13,48,0.5,0.190264,0.384848,1010,19,
5,583,Overall,Overall,36,6,48,-2.5,-2.066745,0.726631,897,36,
5,584,Overall,Overall,36,25,48,1.5,1.344443,0.340195,1067,17,
5,585,Overall,Overall,36,30,48,2.5,2.063065,0.383036,1103,19,
5,586,Overall,Overall,36,33,48,3.0,2.885001,0.39568,1144,20,
5,587,Overall,Overall,36,13,48,0.5,0.062505,0.405191,1003,20,
5,588,Overall,Overall,36,4,48,-2.0,-2.75131,0.832402,862,42,
5,589,Overall,Overall,36,3,48,-1.5,-3.006909,0.95895,850,48,
5,590,Overall,Overall,36,15,48,-0.5,0.05451,0.358408,1003,18,
5,591,Overall,Overall,36,9,48,-1.0,-0.947272,0.470061,953,24,
5,592,Overall,Overall,36,25,48,1.0,1.359688,0.361759,1068,18,
5,593,Overall,Overall,36,37,48,3.0,3.138959,0.473063,1157,24,
5,594,Overall,Overall,36,33,48,3.0,2.190377,0.371171,1110,19,
5,595,Overall,Overall,36,9,48,-1.0,-1.598313,0.559341,920,28,
5,596,Overall,Overall,36,12,48,-0.5,0.014712,0.410721,1001,21,
5,597,Overall,Overall,36,7,48,-1.5,-0.966483,0.482162,952,24,
5,598,Overall,Overall,36,7,48,-3.0,-2.019242,0.674916,899,34,
5,599,Overall,Overall,36,1,48,-3.0,-5.0,1.790172,750,90,
5,600,Overall,Overall,36,8,48,-2.5,-1.274715,0.5341,936,27,
5,601,Overall,Overall,36,33,48,3.0,3.176842,0.471333,1159,24,
5,602,Overall,Overall,36,4,48,-3.0,-3.196967,0.924931,840,46,
5,603,Overall,Overall,36,21,48,0.5,0.700586,0.345432,1035,17,
5,604,Overall,Overall,36,34,48,2.5,2.899591,0.426799,1145,21,
5,605,Overall,Overall,36,22,48,1.5,0.980543,0.322657,1049,16,
5,606,Overall,Overall,36,12,48,-0.5,-0.217935,0.396992,989,20,
5,607,Overall,Overall,36,6,48,-1.5,-1.693015,0.565964,915,28,
5,608,Overall,Overall,36,14,48,0.0,-0.508281,0.428416,975,21,
5,609,Overall,Overall,36,13,48,-0.5,0.259203,0.397672,1013,20,
5,610,Overall,Overall,36,7,48,-1.0,-1.222374,0.530527,939,27,
5,611,Overall,Overall,36,8,48,-1.5,-1.346588,0.530159,933,27,
5,612,Overall,Overall,36,0,48,-3.0,-5.0,1.934178,750,97,
5,613,Overall,Overall,36,11,48,-1.5,-0.346287,0.407352,983,20,
5,614,Overall,Overall,36,17,48,1.0,0.444737,0.348109,1022,17,
5,615,Overall,Overall,36,8,48,-0.5,-1.087877,0.486961,946,24,
5,616,Overall,Overall,36,17,48,0.5,0.554506,0.34051,1028,17,
5,617,Overall,Overall,36,31,48,1.5,1.726715,0.335753,1086,17,
5,618,Overall,Overall,36,8,48,-1.5,-1.072866,0.532099,946,27,
5,619,Overall,Overall,36,10,48,-0.5,-0.580205,0.460631,971,23,
5,620,Overall,Overall,36,5,48,-2.5,-2.445071,0.742987,878,37,
5,621,Overall,Overall,36,32,48,2.5,2.580626,0.390276,1129,20,
5,622,Overall,Overall,36,14,48,0.0,-0.211699,0.376282,989,19,
5,623,Overall,Overall,36,7,48,-2.5,-2.41917,0.763911,879,38,
5,624,Overall,Overall,36,31,48,2.0,2.345406,0.361027,1117,18,
5,625,Overall,Overall,36,28,48,1.5,1.569361,0.338783,1078,17,
5,626,Overall,Overall,36,7,48,-1.5,-1.610934,0.57954,919,29,
5,627,Overall,Overall,36,5,48,-2.0,-2.132773,0.689072,893,34,
5,628,Overall,Overall,36,25,48,1.5,1.297676,0.322385,1065,16,
5,629,Overall,Overall,36,9,48,-1.0,-1.48063,0.561555,926,28,
5,630,Overall,Overall,36,28,48,2.5,2.280669,0.361471,1114,18,
5,631,Overall,Overall,36,17,48,0.5,0.165873,0.361825,1008,18,
5,632,Overall,Overall,36,5,48,-2.0,-2.500574,0.811494,875,41,
5,633,Overall,Overall,36,5,48,-2.0,-2.275349,0.690816,886,35,
5,634,Overall,Overall,36,13,48,0.5,0.261231,0.35715,1013,18,
5,635,Overall,Overall,36,10,48,-1.0,-0.535537,0.443692,973,22,
5,636,Overall,Overall,36,19,48,0.5,0.676031,0.36593,1034,18,
5,637,Overall,Overall,36,37,48,3.0,3.1342,0.447007,1157,22,
5,638,Overall,Overall,36,2,48,-3.0,-4.021653,1.163767,799,58,
5,639,Overall,Overall,36,17,48,0.0,0.306093,0.378619,1015,19,
5,640,Overall,Overall,36,25,48,1.0,1.34116,0.325148,1067,16,
5,641,Overall,Overall,36,6,48,-2.5,-1.859755,0.6536,907,33,
5,642,Overall,Overall,36,7,48,-1.5,-1.542928,0.561303,923,28,
5,643,Overall,Overall,36,9,48,-0.5,-0.889329,0.483268,956,24,
5,644,Overall,Overall,36,3,48,-3.0,-4.008358,1.28612,800,64,
5,645,Overall,Overall,36,35,48,2.5,3.394094,0.48854,1170,24,
5,646,Overall,Overall,36,3,48,-2.0,-3.629517,1.076715,819,54,
5,647,Overall,Overall,36,22,48,1.0,0.944251,0.328049,1047,16,
5,648,Overall,Overall,36,9,48,-1.0,-0.623414,0.426,969,21,
5,649,Overall,Overall,36,31,48,2.5,2.529967,0.399489,1126,20,
5,650,Overall,Overall,36,6,48,-2.0,-1.264989,0.555372,937,28,
5,651,Overall,Overall,36,4,48,-2.5,-3.536422,1.125505,823,56,
5,652,Overall,Overall,36,17,48,1.0,0.35932,0.35816,1018,18,
5,653,Overall,Overall,36,22,48,1.0,1.092668,0.358814,1055,18,
5,654,Overall,Overall,36,4,48,-2.0,-2.784521,0.860368,861,43,
5,655,Overall,Overall,36,9,48,-1.0,-0.655775,0.438924,967,22,
5,656,Overall,Overall,36,23,48,1.5,1.565035,0.359181,1078,18,
5,657,Overall,Overall,36,16,48,1.0,0.677056,0.347088,1034,17,
5,658,Overall,Overall,36,30,48,2.0,1.952511,0.345785,1098,17,
5,659,Overall,Overall,36,18,48,0.5,0.518735,0.358783,1026,18,
5,660,Overall,Overall,36,23,48,1.0,1.311931,0.326926,1066,16,
5,661,Overall,Overall,36,14,48,-0.5,-0.181469,0.393869,991,20,
5,662,Overall,Overall,36,14,48,0.5,0.009048,0.402587,1000,20,
5,663,Overall,Overall,36,20,48,2.0,1.845582,0.373796,1092,19,
5,664,Overall,Overall,36,11,48,-0.5,-0.544994,0.413419,973,21,
5,665,Overall,Overall,36,25,48,2.0,1.567848,0.346333,1078,17,
5,666,Overall,Overall,36,20,48,0.5,0.698349,0.354457,1035,18,
5,667,Overall,Overall,36,9,48,-0.5,-1.02026,0.45835,949,23,
5,668,Overall,Overall,36,17,48,0.5,0.555171,0.364341,1028,18,
5,669,Overall,Overall,36,11,48,0.0,-0.406799,0.396219,980,20,
5,670,Overall,Overall,36,32,48,2.0,2.313403,0.365484,1116,18,
5,671,Overall,Overall,36,8,48,0.0,-0.794536,0.458573,960,23,
5,672,Overall,Overall,36,18,48,0.5,0.224733,0.372662,1011,19,
5,673,Overall,Overall,36,10,48,-1.0,-0.55242,0.41973,972,21,
5,674,Overall,Overall,36,19,48,0.5,0.50319,0.398169,1025,20,
5,675,Overall,Overall,36,13,48,-1.5,-0.722817,0.421814,964,21,
5,676,Overall,Overall,36,21,48,1.0,1.013309,0.357121,1051,18,
5,677,Overall,Overall,36,20,48,0.5,0.915927,0.331985,1046,17,
5,678,Overall,Overall,36,34,48,2.5,2.886328,0.415911,1144,21,
5,679,Overall,Overall,36,19,48,0.0,0.44498,0.36411,1022,18,
5,680,Overall,Overall,36,9,48,-1.5,-1.320393,0.582813,934,29,
5,681,Overall,Overall,36,30,48,2.0,2.139705,0.372774,1107,19,
5,682,Overall,Overall,36,34,48,3.0,3.094141,0.436668,1155,22,
5,683,Overall,Overall,36,25,48,2.0,1.700273,0.342111,1085,17,
5,684,Overall,Overall,36,10,48,-1.0,-0.282955,0.418937,986,21,
5,685,Overall,Overall,36,29,48,2.0,2.350776,0.408317,1118,20,
5,686,Overall,Overall,36,31,48,2.0,2.504552,0.396297,1125,20,
5,687,Overall,Overall,36,35,48,3.0,3.440901,0.473052,1172,24,
5,688,Overall,Overall,36,24,48,1.5,1.501487,0.359545,1075,18,
5,689,Overall,Overall,36,13,48,0.5,0.319088,0.368727,1016,18,
5,690,Overall,Overall,36,21,48,0.5,0.826122,0.349057,1041,17,
5,691,Overall,Overall,36,37,48,3.0,3.189771,0.454572,1159,23,
5,692,Overall,Overall,36,36,48,3.0,3.155832,0.434052,1158,22,
5,693,Overall,Overall,36,41,48,3.0,3.582128,0.552715,1179,28,
5,694,Overall,Overall,36,22,48,1.0,1.389,0.378972,1069,19,
5,695,Overall,Overall,36,9,48,-1.0,-1.125369,0.485792,944,24,
5,696,Overall,Overall,36,11,48,0.0,-0.526931,0.42684,974,21,
5,697,Overall,Overall,36,4,48,-2.5,-3.327485,0.976535,834,49,
5,698,Overall,Overall,36,26,48,2.0,1.944112,0.340653,1097,17,
5,699,Overall,Overall,36,3,48,-3.0,-3.855912,1.159774,807,58,
5,700,Overall,Overall,36,20,48,0.0,0.749336,0.329293,1037,16,
5,701,Overall,Overall,36,4,48,-2.0,-2.760132,0.835515,862,42,
5,702,Overall,Overall,36,13,48,-0.5,-0.390691,0.401696,980,20,
5,703,Overall,Overall,36,17,48,0.5,0.207307,0.404061,1010,20,
5,704,Overall,Overall,36,29,48,1.5,1.746105,0.317671,1087,16,
5,705,Overall,Overall,36,29,48,3.0,2.258017,0.386181,1113,19,
5,706,Overall,Overall,36,9,48,-0.5,-0.742409,0.462019,963,23,
5,707,Overall,Overall,36,26,48,1.0,1.43114,0.336719,1072,17,
5,708,Overall,Overall,36,37,48,3.0,3.787687,0.533592,1189,27,
5,709,Overall,Overall,36,7,48,-2.0,-1.439866,0.533913,928,27,
5,710,Overall,Overall,36,8,48,-1.0,-1.345596,0.55533,933,28,
5,711,Overall,Overall,36,27,48,2.0,1.547052,0.322836,1077,16,
5,712,Overall,Overall,36,19,48,1.0,1.02225,0.366467,1051,18,
5,713,Overall,Overall,36,11,48,-1.0,-0.324073,0.387475,984,19,
5,714,Overall,Overall,36,23,48,2.0,1.332572,0.35761,1067,18,
5,715,Overall,Overall,36,14,48,0.0,-0.056725,0.383503,997,19,
5,716,Overall,Overall,36,9,48,-2.0,-1.307449,0.547448,935,27,
5,717,Overall,Overall,36,26,48,1.0,0.703562,0.3504,1035,18,
5,718,Overall,Overall,36,34,48,2.5,3.057248,0.462735,1153,23,
5,719,Overall,Overall,36,8,48,-1.5,-1.116414,0.499025,944,25,
5,720,Overall,Overall,36,37,48,2.5,3.353527,0.452216,1168,23,
5,721,Overall,Overall,36,12,48,0.5,0.327794,0.346306,1016,17,
5,722,Overall,Overall,36,22,48,1.5,1.765547,0.340694,1088,17,
5,723,Overall,Overall,36,6,48,-2.5,-1.673024,0.586426,916,29,
5,724,Overall,Overall,36,7,48,-1.0,-1.74782,0.673144,913,34,
5,725,Overall,Overall,36,21,48,1.5,1.223251,0.31474,1061,16,
5,726,Overall,Overall,36,4,48,-3.0,-3.688144,1.134944,816,57,
5,727,Overall,Overall,36,3,48,-3.0,-3.426595,1.056247,829,53,
5,728,Overall,Overall,36,15,48,-0.5,-0.045406,0.410605,998,21,
5,729,Overall,Overall,36,13,48,-0.5,0.111131,0.352281,1006,18,
5,730,Overall,Overall,36,28,48,2.0,2.236132,0.393661,1112,20,
5,731,Overall,Overall,36,7,48,-2.0,-1.276875,0.531013,936,27,
5,732,Overall,Overall,36,7,48,-2.0,-1.63385,0.581147,918,29,
5,733,Overall,Overall,36,10,48,-0.5,-0.691498,0.445749,965,22,
5,734,Overall,Overall,36,6,48,-0.5,-1.594842,0.644144,920,32,
5,735,Overall,Overall,36,26,48,2.0,1.627017,0.322106,1081,16,
5,736,Overall,Overall,36,3,48,-2.5,-4.084805,1.193195,796,60,
5,737,Overall,Overall,36,13,48,0.0,-0.241959,0.39951,988,20,
5,738,Overall,Overall,36,31,48,3.0,2.591693,0.424314,1130,21,
5,739,Overall,Overall,36,31,48,1.5,2.27578,0.368442,1114,18,
5,740,Overall,Overall,36,26,48,1.0,1.638476,0.358621,1082,18,
5,741,Overall,Overall,36,10,48,-0.5,-0.666131,0.401463,967,20,
5,742,Overall,Overall,36,21,48,2.0,1.455718,0.332978,1073,17,
5,743,Overall,Overall,36,12,48,0.0,-0.34611,0.399856,983,20,
5,744,Overall,Overall,36,3,48,-3.0,-3.313161,1.031929,834,52,
5,745,Overall,Overall,36,9,48,-0.5,-1.062552,0.481613,947,24,
5,746,Overall,Overall,36,17,48,0.5,0.697202,0.363999,1035,18,
5,747,Overall,Overall,36,18,48,1.0,1.094105,0.360636,1055,18,
5,748,Overall,Overall,36,7,48,-1.5,-1.710481,0.61356,914,31,
5,749,Overall,Overall,36,32,48,2.5,2.693476,0.386711,1135,19,
5,750,Overall,Overall,36,8,48,-1.0,-0.959884,0.495201,952,25,
5,751,Overall,Overall,36,31,48,2.0,2.330062,0.372166,1117,19,
5,752,Overall,Overall,36,11,48,0.0,-0.127015,0.389392,994,19,
5,753,Overall,Overall,36,12,48,0.5,-0.065078,0.373523,997,19,
5,754,Overall,Overall,36,10,48,-0.5,-0.54788,0.426102,973,21,
5,755,Overall,Overall,36,5,48,-1.0,-1.466745,0.611156,927,31,
5,756,Overall,Overall,36,16,48,0.5,0.373446,0.382673,1019,19,
5,757,Overall,Overall,36,8,48,-2.0,-1.390933,0.569622,930,28,
5,758,Overall,Overall,36,13,48,-0.5,-0.229877,0.393044,989,20,
5,759,Overall,Overall,36,1,48,-3.0,-5.0,1.586676,750,79,
5,760,Overall,Overall,36,21,48,0.0,0.944702,0.326464,1047,16,
5,761,Overall,Overall,36,20,48,2.0,1.42623,0.341798,1071,17,
5,762,Overall,Overall,36,18,48,0.5,0.495507,0.357799,1025,18,
5,763,Overall,Overall,36,6,48,-2.5,-2.321059,0.752423,884,38,
5,764,Overall,Overall,36,6,48,-1.5,-1.590981,0.546924,920,27,
5,765,Overall,Overall,36,8,48,-1.5,-1.547137,0.581966,923,29,
5,766,Overall,Overall,36,5,48,-2.5,-2.735121,0.845513,863,42,
5,767,Overall,Overall,36,4,48,-2.5,-2.811085,0.851604,859,43,
5,768,Overall,Overall,36,6,48,-1.5,-1.702814,0.578414,915,29,
5,769,Overall,Overall,36,6,48,-2.0,-1.947385,0.647974,903,32,
5,770,Overall,Overall,36,5,48,-2.5,-3.079246,0.9651,846,48,
5,771,Overall,Overall,36,14,48,-1.0,-0.479169,0.406331,976,20,
5,772,Overall,Overall,36,34,48,3.0,2.375644,0.380289,1119,19,
5,773,Overall,Overall,36,3,48,-2.5,-3.772423,1.170537,811,59,
5,774,Overall,Overall,36,12,48,-0.5,-0.656623,0.477822,967,24,
5,775,Overall,Overall,36,27,48,1.5,1.87184,0.342901,1094,17,
5,776,Overall,Overall,36,13,48,0.0,-0.137192,0.39645,993,20,
5,777,Overall,Overall,36,38,48,3.0,3.180978,0.487938,1159,24,
5,778,Overall,Overall,36,4,48,-2.0,-2.251779,0.702841,887,35,
5,779,Overall,Overall,36,1,48,-3.0,-5.0,1.701569,750,85,
5,780,Overall,Overall,36,31,48,2.0,2.108094,0.342369,1105,17,
5,781,Overall,Overall,36,36,48,2.5,2.38345,0.368676,1119,18,
5,782,Overall,Overall,36,5,48,-1.5,-2.004147,0.662225,900,33,
5,783,Overall,Overall,36,22,48,1.0,1.203847,0.325934,1060,16,
5,784,Overall,Overall,36,5,48,-2.5,-2.473579,0.728937,876,36,
5,785,Overall,Overall,36,31,48,2.5,2.265535,0.364459,1113,18,
5,786,Overall,Overall,36,8,48,-1.5,-1.541561,0.545119,923,27,
5,787,Overall,Overall,36,3,48,-3.0,-3.453518,1.068385,827,53,
5,788,Overall,Overall,36,26,48,2.0,1.836158,0.323046,1092,16,
5,789,Overall,Overall,36,8,48,-2.0,-1.582911,0.577341,921,29,
5,790,Overall,Overall,36,30,48,3.0,2.240939,0.35372,1112,18,
5,791,Overall,Overall,36,13,48,0.5,-0.250245,0.396363,987,20,
5,792,Overall,Overall,36,19,48,0.5,0.571963,0.359378,1029,18,
5,793,Overall,Overall,36,25,48,1.0,1.307591,0.35195,1065,18,
5,794,Overall,Overall,36,33,48,2.5,2.821959,0.429793,1141,21,
5,795,Overall,Overall,36,32,48,2.5,2.317245,0.365197,1116,18,
5,796,Overall,Overall,36,8,48,-2.0,-1.792634,0.620782,910,31,
5,797,Overall,Overall,36,15,48,-0.5,-0.207615,0.393679,990,20,
5,798,Overall,Overall,36,11,48,-0.5,-0.470996,0.42675,976,21,
5,799,Overall,Overall,36,5,48,-2.0,-1.982375,0.65892,901,33,
5,800,Overall,Overall,36,35,48,3.0,2.893852,0.426265,1145,21,
5,801,Overall,Overall,36,1,48,-3.0,-4.980739,1.713817,751,86,
5,802,Overall,Overall,36,16,48,0.5,0.24807,0.361887,1012,18,
5,803,Overall,Overall,36,2,48,-2.5,-4.665633,1.587141,767,79,
5,804,Overall,Overall,36,16,48,1.0,0.709444,0.344576,1035,17,
5,805,Overall,Overall,36,5,48,-1.5,-2.116905,0.667805,894,33,
5,806,Overall,Overall,36,0,48,-3.0,-5.0,1.863746,750,93,
5,807,Overall,Overall,36,8,48,-1.0,-1.011406,0.475998,949,24,
5,808,Overall,Overall,36,5,48,-3.0,-2.75496,0.831267,862,42,
5,809,Overall,Overall,36,27,48,1.5,1.697129,0.337237,1085,17,
5,810,Overall,Overall,36,32,48,2.5,2.758635,0.428303,1138,21,
5,811,Overall,Overall,36,29,48,2.0,1.590479,0.343092,1080,17,
5,812,Overall,Overall,36,28,48,2.5,2.341115,0.387387,1117,19,
5,813,Overall,Overall,36,34,48,3.0,2.899439,0.411987,1145,21,
5,814,Overall,Overall,36,5,48,-3.0,-2.623973,0.812085,869,41,
5,815,Overall,Overall,36,13,48,0.0,-0.072912,0.392857,996,20,
5,816,Overall,Overall,36,19,48,1.0,1.136138,0.380232,1057,19,
5,817,Overall,Overall,36,33,48,2.5,2.484469,0.366162,1124,18,
5,818,Overall,Overall,36,4,48,-2.0,-2.615676,0.821395,869,41,
5,819,Overall,Overall,36,8,48,-2.0,-1.23509,0.50465,938,25,
5,820,Overall,Overall,36,20,48,1.5,0.8544,0.360526,1043,18,
5,821,Overall,Overall,36,29,48,1.0,1.304943,0.322017,1065,16,
5,822,Overall,Overall,36,4,48,-2.5,-2.670157,0.823356,866,41,
5,823,Overall,Overall,36,10,48,-0.5,-0.65105,0.463722,967,23,
5,824,Overall,Overall,36,29,48,2.0,2.105301,0.353149,1105,18,
5,825,Overall,Overall,36,36,48,3.0,3.329859,0.481863,1166,24,
5,826,Overall,Overall,36,7,48,-0.5,-1.366544,0.513273,932,26,
5,827,Overall,Overall,36,13,48,0.0,-0.399453,0.412597,980,21,
5,828,Overall,Overall,36,21,48,2.0,1.240682,0.330932,1062,17,
5,829,Overall,Overall,36,1,48,-3.0,-4.010808,1.284623,799,64,
5,830,Overall,Overall,36,29,48,2.0,2.29414,0.377921,1115,19,
5,831,Overall,Overall,36,11,48,0.5,-0.32136,0.401487,984,20,
5,832,Overall,Overall,36,2,48,-2.0,-3.415076,1.060638,829,53,
5,833,Overall,Overall,36,10,48,-1.5,-1.01899,0.513415,949,26,
5,834,Overall,Overall,36,16,48,0.0,-0.109948,0.36696,995,18,
5,835,Overall,Overall,36,29,48,2.0,2.347363,0.398678,1117,20,
5,836,Overall,Overall,36,36,48,2.5,3.315482,0.493731,1166,25,
5,837,Overall,Overall,36,31,48,3.0,2.87733,0.417112,1144,21,
5,838,Overall,Overall,36,6,48,-0.5,-1.530257,0.571458,923,29,
5,839,Overall,Overall,36,13,48,-0.5,0.081523,0.388334,1004,19,
5,840,Overall,Overall,36,28,48,2.0,1.667803,0.335811,1083,17,
5,841,Overall,Overall,36,20,48,2.0,0.941055,0.372009,1047,19,
5,842,Overall,Overall,36,20,48,1.0,0.858648,0.348406,1043,17,
5,843,Overall,Overall,36,12,48,0.0,-0.315193,0.431676,984,22,
5,844,Overall,Overall,36,28,48,2.0,1.960424,0.356872,1098,18,
5,845,Overall,Overall,36,34,48,2.5,2.557659,0.382666,1128,19,
5,846,Overall,Overall,36,9,48,-0.5,-0.903353,0.44342,955,22,
5,847,Overall,Overall,36,14,48,0.5,-0.073759,0.390781,996,20,
5,848,Overall,Overall,36,6,48,-3.0,-2.149664,0.677816,893,34,
5,849,Overall,Overall,36,16,48,0.5,0.422675,0.367223,1021,18,
5,850,Overall,Overall,36,14,48,0.0,0.190548,0.373229,1010,19,
5,851,Overall,Overall,36,21,48,1.5,1.042867,0.332852,1052,17,
5,852,Overall,Overall,36,5,48,-1.5,-1.658628,0.591423,917,30,
5,853,Overall,Overall,36,16,48,0.5,0.01123,0.381377,1001,19,
5,854,Overall,Overall,36,27,48,3.0,2.359491,0.397546,1118,20,
5,855,Overall,Overall,36,14,48,-1.0,-0.033771,0.380444,998,19,
5,856,Overall,Overall,36,5,48,-1.5,-1.813585,0.631589,909,32,
5,857,Overall,Overall,36,18,48,0.5,0.751169,0.38721,1038,19,
5,858,Overall,Overall,36,6,48,-2.0,-1.720459,0.591553,914,30,
5,859,Overall,Overall,36,10,48,-1.0,-0.575185,0.428144,971,21,
5,860,Overall,Overall,36,8,48,-1.0,-1.385686,0.522776,931,26,
5,861,Overall,Overall,36,31,48,2.5,2.386197,0.357508,1119,18,
5,862,Overall,Overall,36,19,48,1.0,0.795439,0.3775,1040,19,
5,863,Overall,Overall,36,19,48,0.5,0.464127,0.324633,1023,16,
5,864,Overall,Overall,36,16,48,0.0,0.122035,0.379081,1006,19,
5,865,Overall,Overall,36,1,48,-2.5,-4.943261,1.576465,753,79,
5,866,Overall,Overall,36,14,48,0.0,-0.36867,0.40692,982,20,
5,867,Overall,Overall,36,29,48,2.0,2.222429,0.366766,1111,18,
5,868,Overall,Overall,36,9,48,-3.0,-1.198114,0.489096,940,24,
5,869,Overall,Overall,36,15,48,0.0,0.727659,0.363424,1036,18,
5,870,Overall,Overall,36,34,48,2.0,2.336499,0.372724,1117,19,
5,871,Overall,Overall,36,14,48,0.5,0.333468,0.355892,1017,18,
5,872,Overall,Overall,36,26,48,1.5,2.050634,0.383453,1103,19,
5,873,Overall,Overall,36,3,48,-2.5,-2.892341,0.896416,855,45,
5,874,Overall,Overall,36,16,48,0.5,0.481895,0.331294,1024,17,
5,875,Overall,Overall,36,31,48,2.0,2.445177,0.384082,1122,19,
5,876,Overall,Overall,36,23,48,1.5,1.526712,0.334684,1076,17,
5,877,Overall,Overall,36,7,48,-1.5,-1.335963,0.541661,933,27,
5,878,Overall,Overall,36,22,48,1.0,1.161264,0.348383,1058,17,
5,879,Overall,Overall,36,4,48,-3.0,-2.644806,0.804237,868,40,
5,880,Overall,Overall,36,27,48,2.0,1.827256,0.334364,1091,17,
5,881,Overall,Overall,36,5,48,-1.5,-2.598434,0.838284,870,42,
5,882,Overall,Overall,36,31,48,3.0,2.449719,0.37532,1122,19,
5,883,Overall,Overall,36,5,48,-2.5,-2.312597,0.753941,884,38,
5,884,Overall,Overall,36,29,48,2.5,2.22981,0.360222,1111,18,
5,885,Overall,Overall,36,20,48,2.0,1.629164,0.35743,1081,18,
5,886,Overall,Overall,36,5,48,-1.5,-2.196265,0.691525,890,35,
5,887,Overall,Overall,36,42,48,3.0,4.09003,0.599292,1205,30,
5,888,Overall,Overall,36,12,48,-0.5,-0.797056,0.450218,960,23,
5,889,Overall,Overall,36,20,48,0.5,0.994742,0.381249,1050,19,
5,890,Overall,Overall,36,23,48,2.0,1.355837,0.37057,1068,19,
5,891,Overall,Overall,36,5,48,-2.0,-2.725083,0.81768,864,41,
5,892,Overall,Overall,36,6,48,-2.5,-1.264264,0.502631,937,25,
5,893,Overall,Overall,36,14,48,0.0,0.648216,0.373538,1032,19,
5,894,Overall,Overall,36,32,48,2.0,2.35479,0.360394,1118,18,
5,895,Overall,Overall,36,4,48,-1.5,-2.086237,0.727612,896,36,
5,896,Overall,Overall,36,9,48,0.5,-0.512057,0.408414,974,20,
5,897,Overall,Overall,36,6,48,-2.5,-2.11333,0.637822,894,32,
5,898,Overall,Overall,36,1,48,-2.0,-3.576883,1.221791,821,61,
5,899,Overall,Overall,36,14,48,0.0,0.219014,0.378521,1011,19,
5,900,Overall,Overall,36,4,48,-3.0,-2.545447,0.781084,873,39,
5,901,Overall,Overall,36,14,48,0.5,0.271698,0.356468,1014,18,
5,902,Overall,Overall,36,31,48,2.0,2.431932,0.375456,1122,19,
5,903,Overall,Overall,36,16,48,0.0,0.483203,0.372594,1024,19,
5,904,Overall,Overall,36,5,48,-2.5,-2.13875,0.67065,893,34,
5,905,Overall,Overall,36,19,48,0.0,0.592375,0.336191,1030,17,
5,906,Overall,Overall,36,20,48,1.5,0.96343,0.342361,1048,17,
5,907,Overall,Overall,36,26,48,1.0,1.562788,0.343586,1078,17,
5,908,Overall,Overall,36,9,48,-1.5,-0.861665,0.428817,957,21,
5,909,Overall,Overall,36,29,48,2.5,2.299422,0.376937,1115,19,
5,910,Overall,Overall,36,6,48,-1.5,-1.889638,0.59942,906,30,
5,911,Overall,Overall,36,7,48,-1.0,-1.374075,0.562422,931,28,
5,912,Overall,Overall,36,10,48,-0.5,-0.529141,0.409341,974,20,
5,913,Overall,Overall,36,4,48,-2.5,-2.41003,0.763126,879,38,
5,914,Overall,Overall,36,29,48,3.0,2.479334,0.388735,1124,19,
5,915,Overall,Overall,36,7,48,-3.0,-1.918911,0.611051,904,31,
5,916,Overall,Overall,36,27,48,2.0,1.821512,0.375303,1091,19,
5,917,Overall,Overall,36,33,48,2.5,2.534241,0.387819,1127,19,
5,918,Overall,Overall,36,2,48,-3.0,-3.815334,1.130006,809,57,
5,919,Overall,Overall,36,25,48,1.5,1.339835,0.333334,1067,17,
5,920,Overall,Overall,36,5,48,-1.5,-2.154105,0.695947,892,35,
5,921,Overall,Overall,36,4,48,-2.5,-2.609858,0.818677,870,41,
5,922,Overall,Overall,36,34,48,3.0,2.81708,0.411222,1141,21,
5,923,Overall,Overall,36,8,48,-2.5,-1.983364,0.690566,901,35,
5,924,Overall,Overall,36,29,48,2.0,1.789585,0.343873,1089,17,
5,925,Overall,Overall,36,7,48,-1.0,-1.286694,0.544946,936,27,
5,926,Overall,Overall,36,18,48,0.5,0.432156,0.357293,1022,18,
5,927,Overall,Overall,36,17,48,1.0,0.426401,0.37687,1021,19,
5,928,Overall,Overall,36,32,48,3.0,2.299807,0.358952,1115,18,
5,929,Overall,Overall,36,5,48,-3.0,-1.886406,0.616711,906,31,
5,930,Overall,Overall,36,18,48,0.5,0.899773,0.346423,1045,17,
5,931,Overall,Overall,36,18,48,1.0,0.750659,0.36564,1038,18,
5,932,Overall,Overall,36,8,48,-2.0,-1.643135,0.602726,918,30,
5,933,Overall,Overall,36,19,48,1.0,0.837876,0.33839,1042,17,
5,934,Overall,Overall,36,1,48,-3.0,-5.0,1.766585,750,88,
5,935,Overall,Overall,36,17,48,0.0,0.280112,0.350312,1014,18,
5,936,Overall,Overall,36,7,48,-2.0,-1.992707,0.652717,900,33,
5,937,Overall,Overall,36,10,48,0.0,-0.433339,0.442122,978,22,
5,938,Overall,Overall,36,20,48,1.0,1.068741,0.358887,1053,18,
5,939,Overall,Overall,36,30,48,2.5,2.386075,0.396305,1119,20,
5,940,Overall,Overall,36,19,48,0.5,0.786984,0.371109,1039,19,
5,941,Overall,Overall,36,36,48,3.0,3.137579,0.436311,1157,22,
5,942,Overall,Overall,36,8,48,-1.0,-1.310017,0.540187,934,27,
5,943,Overall,Overall,36,4,48,-1.5,-2.22439,0.706751,889,35,
5,944,Overall,Overall,36,37,48,3.0,3.31608,0.482852,1166,24,
5,945,Overall,Overall,36,8,48,-1.5,-1.169406,0.507953,942,25,
5,946,Overall,Overall,36,5,48,-3.0,-1.952164,0.663867,902,33,
5,947,Overall,Overall,36,19,48,0.5,0.667415,0.335857,1033,17,
5,948,Overall,Overall,36,7,48,-1.0,-0.872473,0.512865,956,26,
5,949,Overall,Overall,36,38,48,3.0,3.029134,0.431361,1151,22,
5,950,Overall,Overall,36,12,48,-0.5,-0.449619,0.420745,978,21,
5,951,Overall,Overall,36,6,48,-1.0,-1.392074,0.536245,930,27,
5,952,Overall,Overall,36,19,48,1.0,0.745114,0.354151,1037,18,
5,953,Overall,Overall,36,2,48,-2.0,-3.77161,1.118783,811,56,
5,954,Overall,Overall,36,26,48,2.0,2.087968,0.367036,1104,18,
5,955,Overall,Overall,36,29,48,2.5,2.235938,0.366175,1112,18,
5,956,Overall,Overall,36,24,48,2.0,1.78563,0.34249,1089,17,
5,957,Overall,Overall,36,3,48,-3.0,-4.437451,1.397949,778,70,
5,958,Overall,Overall,36,33,48,2.5,2.521455,0.371996,1126,19,
5,959,Overall,Overall,36,15,48,-0.5,-0.2741,0.384548,986,19,
5,960,Overall,Overall,36,34,48,2.5,2.457368,0.376366,1123,19,
5,961,Overall,Overall,36,6,48,-1.5,-1.91115,0.623526,904,31,
5,962,Overall,Overall,36,14,48,-0.5,0.059985,0.360202,1003,18,
5,963,Overall,Overall,36,2,48,-2.5,-3.950452,1.309571,802,65,
5,964,Overall,Overall,36,4,48,-1.5,-2.467902,0.771453,877,39,
5,965,Overall,Overall,36,13,48,-0.5,0.242683,0.38745,1012,19,
5,966,Overall,Overall,36,37,48,3.0,2.991303,0.427526,1150,21,
5,967,Overall,Overall,36,12,48,-1.0,-0.670837,0.457707,966,23,
5,968,Overall,Overall,36,31,48,2.0,1.792809,0.317222,1090,16,
5,969,Overall,Overall,36,22,48,1.5,1.310418,0.392682,1066,20,
5,970,Overall,Overall,36,20,48,0.5,0.661898,0.347111,1033,17,
5,971,Overall,Overall,36,21,48,1.5,1.290461,0.372278,1065,19,
5,972,Overall,Overall,36,27,48,2.0,1.915888,0.365115,1096,18,
5,973,Overall,Overall,36,19,48,0.5,-0.015462,0.376436,999,19,
5,974,Overall,Overall,36,15,48,-0.5,-0.492537,0.402939,975,20,
5,975,Overall,Overall,36,10,48,-0.5,-0.918914,0.493388,954,25,
5,976,Overall,Overall,36,8,48,-3.0,-1.032266,0.507941,948,25,
5,977,Overall,Overall,36,23,48,0.5,1.076617,0.331771,1054,17,
5,978,Overall,Overall,36,12,48,-0.5,-0.134276,0.361881,993,18,
5,979,Overall,Overall,36,9,48,-1.0,-1.585092,0.613822,921,31,
5,980,Overall,Overall,36,19,48,1.5,1.319655,0.353907,1066,18,
5,981,Overall,Overall,36,15,48,0.0,-0.012956,0.388412,999,19,
5,982,Overall,Overall,36,3,48,-2.0,-2.842433,0.818347,858,41,
5,983,Overall,Overall,36,38,48,3.0,3.043547,0.434386,1152,22,
5,984,Overall,Overall,36,8,48,-1.5,-1.232334,0.549112,938,27,
5,985,Overall,Overall,36,16,48,0.5,0.521838,0.377169,1026,19,
5,986,Overall,Overall,36,10,48,-0.5,-0.484263,0.445742,976,22,
5,987,Overall,Overall,36,28,48,2.0,2.493062,0.408537,1125,20,
5,988,Overall,Overall,36,9,48,-0.5,-0.914485,0.458182,954,23,
5,989,Overall,Overall,36,8,48,-1.5,-1.090335,0.527795,945,26,
5,990,Overall,Overall,36,19,48,1.5,1.471495,0.340005,1074,17,
5,991,Overall,Overall,36,20,48,0.0,0.712022,0.365405,1036,18,
5,992,Overall,Overall,36,29,48,3.0,2.299578,0.38272,1115,19,
5,993,Overall,Overall,36,24,48,1.0,1.189437,0.353715,1059,18,
5,994,Overall,Overall,36,4,48,-1.5,-2.545097,0.798163,873,40,
5,995,Overall,Overall,36,23,48,1.0,1.063728,0.323192,1053,16,
5,996,Overall,Overall,36,38,48,2.5,3.238516,0.456858,1162,23,
5,997,Overall,Overall,36,10,48,-1.0,-0.99895,0.472979,950,24,
5,998,Overall,Overall,36,27,48,3.0,2.392245,0.377662,1120,19,
5,999,Overall,Overall,36,27,48,3.0,2.053586,0.361998,1103,18,
5,1000,Overall,Overall,36,22,48,1.0,0.83002,0.350741,1042,18,
5,1001,Overall,Overall,36,23,48,1.0,1.406787,0.374804,1070,19,
5,1002,Overall,Overall,36,19,48,1.0,0.553198,0.37166,1028,19,
5,1003,Overall,Overall,36,14,48,0.5,-0.254123,0.391477,987,20,
5,1004,Overall,Overall,36,10,48,-1.0,-0.927995,0.498997,954,25,
5,1005,Overall,Overall,36,8,48,-1.5,-1.920036,0.603176,904,30,
5,1006,Overall,Overall,36,22,48,1.0,1.023414,0.379391,1051,19,
5,1007,Overall,Overall,36,34,48,2.5,2.344395,0.382412,1117,19,
5,1008,Overall,Overall,36,7,48,-1.5,-1.374948,0.542006,931,27,
5,1009,Overall,Overall,36,6,48,-2.0,-1.966048,0.63347,902,32,
5,1010,Overall,Overall,36,32,48,2.0,2.207193,0.359796,1110,18,
5,1011,Overall,Overall,36,20,48,1.5,1.178317,0.330434,1059,17,
5,1012,Overall,Overall,36,32,48,2.0,2.40393,0.435943,1120,22,
5,1013,Overall,Overall,36,17,48,0.5,0.249404,0.342672,1012,17,
5,1014,Overall,Overall,36,19,48,0.0,0.678852,0.34958,1034,17,
5,1015,Overall,Overall,36,5,48,-1.5,-2.081008,0.683549,896,34,
5,1016,Overall,Overall,36,10,48,-1.0,-0.547759,0.438786,973,22,
5,1017,Overall,Overall,36,27,48,2.5,2.096456,0.390998,1105,20,
5,1018,Overall,Overall,36,9,48,-1.0,-0.954746,0.502519,952,25,
5,1019,Overall,Overall,36,5,48,-2.5,-2.657745,0.816674,867,41,
5,1020,Overall,Overall,36,37,48,3.0,3.509923,0.474541,1175,24,
5,1021,Overall,Overall,36,16,48,0.0,0.050541,0.400418,1003,20,
5,1022,Overall,Overall,36,11,48,-1.0,-0.982339,0.483134,951,24,
5,1023,Overall,Overall,36,34,48,3.0,2.491991,0.408078,1125,20,
5,1024,Overall,Overall,36,7,48,-1.0,-1.168753,0.500046,942,25,
5,1025,Overall,Overall,36,18,48,0.0,0.123702,0.374771,1006,19,
5,1026,Overall,Overall,36,4,48,-3.0,-2.207215,0.698431,890,35,
5,1027,Overall,Overall,36,14,48,-0.5,-0.437636,0.414476,978,21,
5,1028,Overall,Overall,36,19,48,1.0,0.293592,0.345062,1015,17,
5,1029,Overall,Overall,36,20,48,0.5,0.757926,0.378163,1038,19,
5,1030,Overall,Overall,36,36,48,2.0,2.552417,0.392523,1128,20,
5,1031,Overall,Overall,36,33,48,3.0,3.006422,0.440295,1150,22,
5,1032,Overall,Overall,36,28,48,1.0,1.745167,0.329734,1087,16,
5,1033,Overall,Overall,36,3,48,-2.5,-4.139513,1.368104,793,68,
5,1034,Overall,Overall,36,22,48,1.5,1.093389,0.337911,1055,17,
5,1035,Overall,Overall,36,10,48,-1.0,-1.066875,0.502675,947,25,
5,1036,Overall,Overall,36,9,48,-0.5,-0.601641,0.427684,970,21,
5,1037,Overall,Overall,36,34,48,2.5,2.755232,0.396072,1138,20,
5,1038,Overall,Overall,36,17,48,0.5,0.439572,0.352278,1022,18,
5,1039,Overall,Overall,36,5,48,-3.0,-2.578193,0.846289,871,42,
5,1040,Overall,Overall,36,28,48,2.5,2.193809,0.352676,1110,18,
5,1041,Overall,Overall,36,4,48,-1.5,-1.860065,0.638697,907,32,
5,1042,Overall,Overall,36,16,48,0.0,0.201132,0.353589,1010,18,
5,1043,Overall,Overall,36,25,48,1.5,1.741061,0.335577,1087,17,
5,1044,Overall,Overall,36,30,48,1.5,1.890812,0.327578,1095,16,
5,1045,Overall,Overall,36,14,48,0.0,0.257775,0.381585,1013,19,
5,1046,Overall,Overall,36,7,48,-1.5,-1.498581,0.564689,925,28,
5,1047,Overall,Overall,36,4,48,-1.5,-1.932757,0.697893,903,35,
5,1048,Overall,Overall,36,9,48,0.0,-0.476512,0.410147,976,21,
5,1049,Overall,Overall,36,2,48,-3.0,-3.306871,1.030802,835,52,
5,1050,Overall,Overall,36,34,48,3.0,2.6205,0.397104,1131,20,
5,1051,Overall,Overall,36,21,48,1.5,1.384109,0.357901,1069,18,
5,1052,Overall,Overall,36,20,48,0.5,0.560777,0.336462,1028,17,
5,1053,Overall,Overall,36,11,48,-0.5,-0.350986,0.420473,982,21,
5,1054,Overall,Overall,36,18,48,0.0,-0.171996,0.4129,991,21,
5,1055,Overall,Overall,36,14,48,0.0,0.313412,0.404172,1016,20,
5,1056,Overall,Overall,36,27,48,1.5,1.627328,0.315866,1081,16,
5,1057,Overall,Overall,36,29,48,2.5,2.746515,0.436458,1137,22,
5,1058,Overall,Overall,36,36,48,3.0,3.23581,0.466641,1162,23,
5,1059,Overall,Overall,36,4,48,-2.5,-2.390302,0.741496,880,37,
5,1060,Overall,Overall,36,13,48,0.0,-0.099322,0.386599,995,19,
5,1061,Overall,Overall,36,13,48,-1.0,-0.251739,0.40802,987,20,
5,1062,Overall,Overall,36,33,48,2.5,2.663234,0.387923,1133,19,
5,1063,Overall,Overall,36,4,48,-2.0,-2.970322,0.879501,851,44,
5,1064,Overall,Overall,36,13,48,-0.5,-0.774481,0.441124,961,22,
5,1065,Overall,Overall,36,16,48,1.0,0.59275,0.348469,1030,17,
5,1066,Overall,Overall,36,5,48,-2.5,-2.457892,0.741585,877,37,
5,1067,Overall,Overall,36,28,48,3.0,2.687294,0.411827,1134,21,
5,1068,Overall,Overall,36,28,48,2.0,2.127134,0.375511,1106,19,
5,1069,Overall,Overall,36,5,48,-1.5,-1.81557,0.573063,909,29,
5,1070,Overall,Overall,36,31,48,3.0,2.752745,0.392298,1138,20,
5,1071,Overall,Overall,36,19,48,1.5,1.047588,0.333741,1052,17,
5,1072,Overall,Overall,36,5,48,-2.5,-1.723417,0.608797,914,30,
5,1073,Overall,Overall,36,3,48,-2.5,-4.934636,1.667584,753,83,
5,1074,Overall,Overall,36,29,48,2.5,2.066858,0.335236,1103,17,
5,1075,Overall,Overall,36,16,48,0.0,0.469509,0.377337,1023,19,
5,1076,Overall,Overall,36,9,48,-1.0,-0.675648,0.433672,966,22,
5,1077,Overall,Overall,36,37,48,3.0,3.174339,0.458653,1159,23,
5,1078,Overall,Overall,36,6,48,-3.0,-2.379046,0.697396,881,35,
5,1079,Overall,Overall,36,5,48,-3.0,-2.738776,0.880989,863,44,
5,1080,Overall,Overall,36,18,48,0.5,0.412462,0.369627,1021,18,
5,1081,Overall,Overall,36,30,48,2.0,2.365871,0.370024,1118,19,
5,1082,Overall,Overall,36,14,48,0.0,0.118142,0.371196,1006,19,
5,1083,Overall,Overall,36,13,48,-1.5,-0.751504,0.453439,962,23,
5,1084,Overall,Overall,36,9,48,-1.0,-0.74523,0.46309,963,23,
5,1085,Overall,Overall,36,18,48,0.5,0.388406,0.339941,1019,17,
5,1086,Overall,Overall,36,7,48,-0.5,-1.513075,0.588178,924,29,
5,1087,Overall,Overall,36,26,48,1.5,1.9944,0.357286,1100,18,
5,1088,Overall,Overall,36,16,48,0.0,0.270424,0.338196,1014,17,
5,1089,Overall,Overall,36,41,48,3.0,3.781455,0.497507,1189,25,
5,1090,Overall,Overall,36,6,48,-1.5,-1.798212,0.644184,910,32,
5,1091,Overall,Overall,36,4,48,-2.5,-2.16084,0.735969,892,37,
5,1092,Overall,Overall,36,4,48,-2.5,-2.792333,0.876172,860,44,
5,1093,Overall,Overall,36,5,48,-2.0,-2.326876,0.733866,884,37,
5,1094,Overall,Overall,36,5,48,-2.5,-1.970761,0.64303,901,32,
5,1095,Overall,Overall,36,7,48,-1.0,-1.186017,0.535592,941,27,
5,1096,Overall,Overall,36,31,48,3.0,2.655863,0.400522,1133,20,
5,1097,Overall,Overall,36,6,48,-1.5,-2.317332,0.720343,884,36,
5,1098,Overall,Overall,36,9,48,-1.5,-0.884692,0.480664,956,24,
5,1099,Overall,Overall,36,4,48,-1.5,-2.787366,0.885263,861,44,
5,1100,Overall,Overall,36,8,48,-2.0,-1.61471,0.609664,919,30,
5,1101,Overall,Overall,36,27,48,2.0,1.735836,0.317091,1087,16,
5,1102,Overall,Overall,36,17,48,0.5,0.291342,0.379425,1015,19,
5,1103,Overall,Overall,36,11,48,-0.5,-0.594365,0.441984,970,22,
5,1104,Overall,Overall,36,11,48,-1.5,-0.842665,0.46309,958,23,
5,1105,Overall,Overall,36,25,48,2.5,2.151938,0.348054,1108,17,
5,1106,Overall,Overall,36,7,48,-0.5,-0.768517,0.459243,962,23,
5,1107,Overall,Overall,36,5,48,-2.5,-2.029828,0.655769,899,33,
5,1108,Overall,Overall,36,12,48,-1.5,-0.748897,0.43697,963,22,
5,1109,Overall,Overall,36,4,48,-2.0,-2.655276,0.805927,867,40,
5,1110,Overall,Overall,36,4,48,-1.5,-2.327811,0.758007,884,38,
5,1111,Overall,Overall,36,10,48,-1.0,-0.48862,0.435479,976,22,
5,1112,Overall,Overall,36,18,48,0.5,0.201963,0.360872,1010,18,
5,1113,Overall,Overall,36,10,48,-0.5,0.157695,0.413606,1008,21,
5,1114,Overall,Overall,36,18,48,0.5,0.19943,0.401204,1010,20,
5,1115,Overall,Overall,36,19,48,1.0,0.987478,0.356339,1049,18,
5,1116,Overall,Overall,36,6,48,-2.5,-2.488871,0.767183,876,38,
5,1117,Overall,Overall,36,30,48,2.5,2.187023,0.352277,1109,18,
5,1118,Overall,Overall,36,36,48,2.5,3.130055,0.463942,1157,23,
5,1119,Overall,Overall,36,22,48,1.5,1.170161,0.334545,1059,17,
5,1120,Overall,Overall,36,4,48,-3.0,-2.57558,0.851788,871,43,
5,1121,Overall,Overall,36,11,48,0.0,-0.181171,0.395668,991,20,
5,1122,Overall,Overall,36,5,48,-1.0,-1.735716,0.584834,913,29,
5,1123,Overall,Overall,36,31,48,2.5,2.479986,0.368214,1124,18,
5,1124,Overall,Overall,36,5,48,-1.5,-1.66807,0.61754,917,31,
5,1125,Overall,Overall,36,3,48,-2.5,-4.390346,1.368135,780,68,
5,1126,Overall,Overall,36,6,48,-2.0,-2.05248,0.66362,897,33,
5,1127,Overall,Overall,36,14,48,0.0,0.283826,0.370836,1014,19,
5,1128,Overall,Overall,36,20,48,1.5,0.993393,0.389377,1050,19,
5,1129,Overall,Overall,36,3,48,-2.5,-4.402461,1.398018,780,70,
5,1130,Overall,Overall,36,35,48,3.0,3.222326,0.446694,1161,22,
5,1131,Overall,Overall,36,34,48,3.0,3.065419,0.44064,1153,22,
5,1132,Overall,Overall,36,9,48,-1.5,-1.00416,0.505088,950,25,
5,1133,Overall,Overall,36,6,48,-1.0,-1.220566,0.521329,939,26,
5,1134,Overall,Overall,36,5,48,-1.5,-1.984994,0.693242,901,35,
5,1135,Overall,Overall,36,16,48,0.5,0.067791,0.377988,1003,19,
5,1136,Overall,Overall,36,13,48,0.5,0.216427,0.40173,1011,20,
5,1137,Overall,Overall,36,5,48,-3.0,-2.003202,0.672557,900,34,
5,1138,Overall,Overall,36,5,48,-2.0,-2.138131,0.728352,893,36,
5,1139,Overall,Overall,36,21,48,1.0,0.996221,0.345,1050,17,
5,1140,Overall,Overall,36,38,48,3.0,3.205756,0.437304,1160,22,
5,1141,Overall,Overall,36,6,48,-2.5,-2.88995,0.903801,856,45,
5,1142,Overall,Overall,36,38,48,3.0,3.731495,0.526516,1187,26,
5,1143,Overall,Overall,36,26,48,3.0,2.342266,0.385474,1117,19,
5,1144,Overall,Overall,36,23,48,2.0,1.754483,0.345288,1088,17,
5,1145,Overall,Overall,36,15,48,0.0,-0.113143,0.412575,994,21,
5,1146,Overall,Overall,36,26,48,1.5,1.6758,0.330917,1084,17,
5,1147,Overall,Overall,36,3,48,-3.0,-3.491062,1.07387,825,54,
5,1148,Overall,Overall,36,3,48,-2.5,-2.996332,0.949104,850,47,
5,1149,Overall,Overall,36,5,48,-3.0,-2.190747,0.769022,890,38,
5,1150,Overall,Overall,36,19,48,0.5,0.698422,0.34537,1035,17,
5,1151,Overall,Overall,36,20,48,1.0,1.07932,0.361153,1054,18,
5,1152,Overall,Overall,36,11,48,-1.0,-0.275473,0.396371,986,20,
5,1153,Overall,Overall,36,4,48,-3.0,-2.837343,0.884948,858,44,
5,1154,Overall,Overall,36,31,48,2.0,2.465064,0.367468,1123,18,
5,1155,Overall,Overall,36,33,48,2.0,2.942927,0.439416,1147,22,
5,1156,Overall,Overall,36,11,48,-1.5,-0.617535,0.430512,969,22,
5,1157,Overall,Overall,36,11,48,0.0,-0.187058,0.379748,991,19,
5,1158,Overall,Overall,36,4,48,-2.0,-3.017308,0.954533,849,48,
5,1159,Overall,Overall,36,30,48,2.5,2.104324,0.347677,1105,17,
5,1160,Overall,Overall,36,28,48,2.0,2.256998,0.374578,1113,19,
5,1161,Overall,Overall,36,13,48,0.0,-0.401726,0.439812,980,22,
5,1162,Overall,Overall,36,4,48,-1.0,-2.380382,0.738268,881,37,
5,1163,Overall,Overall,36,6,48,-2.0,-1.25411,0.53491,937,27,
5,1164,Overall,Overall,36,7,48,-2.5,-1.33566,0.551133,933,28,
5,1165,Overall,Overall,36,6,48,-3.0,-2.057777,0.653285,897,33,
5,1166,Overall,Overall,36,3,48,-3.0,-2.671891,0.84183,866,42,
5,1167,Overall,Overall,36,33,48,2.0,2.857457,0.423184,1143,21,
5,1168,Overall,Overall,36,7,48,-2.0,-1.302214,0.497938,935,25,
5,1169,Overall,Overall,36,27,48,3.0,2.263807,0.363056,1113,18,
5,1170,Overall,Overall,36,37,48,3.0,3.569011,0.528645,1178,26,
5,1171,Overall,Overall,36,16,48,1.0,0.683621,0.345628,1034,17,
5,1172,Overall,Overall,36,18,48,1.0,1.038492,0.350752,1052,18,
5,1173,Overall,Overall,36,11,48,-1.0,-0.719663,0.505666,964,25,
5,1174,Overall,Overall,36,6,48,-1.0,-1.633127,0.602165,918,30,
5,1175,Overall,Overall,36,30,48,2.0,2.195515,0.362218,1110,18,
5,1176,Overall,Overall,36,2,48,-3.0,-4.404422,1.479697,780,74,
5,1177,Overall,Overall,36,13,48,0.0,0.105099,0.382593,1005,19,
5,1178,Overall,Overall,36,6,48,-2.0,-1.815983,0.666735,909,33,
5,1179,Overall,Overall,36,27,48,2.0,2.047299,0.346747,1102,17,
5,1180,Overall,Overall,36,13,48,0.0,-0.374707,0.426498,981,21,
5,1181,Overall,Overall,36,6,48,-1.0,-1.508614,0.591289,925,30,
5,1182,Overall,Overall,36,8,48,-1.0,-0.926599,0.4608,954,23,
5,1183,Overall,Overall,36,20,48,1.5,1.14107,0.339426,1057,17,
5,1184,Overall,Overall,36,15,48,0.0,0.177219,0.375176,1009,19,
5,1185,Overall,Overall,36,5,48,-2.5,-2.020346,0.651767,899,33,
5,1186,Overall,Overall,36,33,48,3.0,2.855511,0.414619,1143,21,
5,1187,Overall,Overall,36,5,48,-3.0,-2.647711,0.795762,868,40,
5,1188,Overall,Overall,36,19,48,0.5,0.805172,0.385379,1040,19,
5,1189,Overall,Overall,36,30,48,2.0,1.98389,0.348524,1099,17,
5,1190,Overall,Overall,36,16,48,1.0,0.747177,0.383611,1037,19,
5,1191,Overall,Overall,36,15,48,0.0,0.343831,0.354805,1017,18,
5,1192,Overall,Overall,36,15,48,0.0,-0.042082,0.394875,998,20,
5,1193,Overall,Overall,36,9,48,-1.0,-0.615491,0.420346,969,21,
5,1194,Overall,Overall,36,6,48,-2.0,-2.249808,0.713113,888,36,
5,1195,Overall,Overall,36,25,48,1.5,1.234692,0.350814,1062,18,
5,1196,Overall,Overall,36,11,48,0.0,-0.298616,0.444035,985,22,
5,1197,Overall,Overall,36,24,48,2.0,1.451428,0.318998,1073,16,
5,1198,Overall,Overall,36,19,48,1.0,0.868507,0.372803,1043,19,
5,1199,Overall,Overall,36,4,48,-3.0,-2.479483,0.752351,876,38,
5,1200,Overall,Overall,36,21,48,1.5,1.260462,0.375682,1063,19,
5,1201,Overall,Overall,36,34,48,2.5,2.770274,0.415426,1139,21,
5,1202,Overall,Overall,36,24,48,1.5,1.594805,0.351073,1080,18,
5,1203,Overall,Overall,36,26,48,2.5,1.884953,0.366535,1094,18,
5,1204,Overall,Overall,36,7,48,-1.5,-1.661552,0.606908,917,30,
5,1205,Overall,Overall,36,6,48,-0.5,-1.542785,0.593582,923,30,
5,1206,Overall,Overall,36,9,48,-0.5,-1.150207,0.524836,942,26,
5,1207,Overall,Overall,36,3,48,-2.5,-3.470927,1.014769,826,51,
5,1208,Overall,Overall,36,5,48,-2.0,-2.215434,0.778997,889,39,
5,1209,Overall,Overall,36,17,48,0.5,0.910559,0.359806,1046,18,
5,1210,Overall,Overall,36,21,48,1.5,1.417721,0.339236,1071,17,
5,1211,Overall,Overall,36,18,48,-0.5,0.185653,0.377674,1009,19,
5,1212,Overall,Overall,36,6,48,-2.0,-2.027106,0.66972,899,33,
5,1213,Overall,Overall,36,38,48,2.5,3.625745,0.540811,1181,27,
5,1214,Overall,Overall,36,6,48,-1.5,-1.718537,0.606597,914,30,
5,1215,Overall,Overall,36,27,48,2.5,2.578411,0.407991,1129,20,
5,1216,Overall,Overall,36,11,48,-0.5,-0.211405,0.373263,989,19,
5,1217,Overall,Overall,36,10,48,-1.0,-0.707702,0.46106,965,23,
5,1218,Overall,Overall,36,18,48,1.0,0.870707,0.340717,1044,17,
5,1219,Overall,Overall,36,6,48,-2.0,-1.393284,0.524112,930,26,
5,1220,Overall,Overall,36,6,48,-2.0,-1.89101,0.612145,905,31,
5,1221,Overall,Overall,36,3,48,-3.0,-2.568374,0.7684,872,38,
5,1222,Overall,Overall,36,4,48,-2.0,-2.24881,0.744312,888,37,
5,1223,Overall,Overall,36,5,48,-2.0,-2.085911,0.699284,896,35,
5,1224,Overall,Overall,36,30,48,3.0,2.441213,0.380596,1122,19,
5,1225,Overall,Overall,36,18,48,0.5,0.450139,0.36342,1023,18,
5,1226,Overall,Overall,36,11,48,-1.0,-0.717945,0.459292,964,23,
5,1227,Overall,Overall,36,9,48,-0.5,-0.744688,0.455318,963,23,
5,1228,Overall,Overall,36,23,48,1.0,1.441659,0.334049,1072,17,
5,1229,Overall,Overall,36,8,48,-1.0,-1.709135,0.602742,915,30,
5,1230,Overall,Overall,36,24,48,1.5,1.294586,0.341795,1065,17,
5,1231,Overall,Overall,36,39,48,3.0,2.651584,0.429205,1133,21,
5,1232,Overall,Overall,36,6,48,-2.0,-1.009863,0.505833,950,25,
5,1233,Overall,Overall,36,7,48,-1.5,-1.709564,0.569487,915,28,
5,1234,Overall,Overall,36,5,48,-2.5,-2.695958,0.780092,865,39,
5,1235,Overall,Overall,36,25,48,1.5,1.693668,0.338352,1085,17,
5,1236,Overall,Overall,36,7,48,-2.0,-0.987072,0.472242,951,24,
5,1237,Overall,Overall,36,28,48,2.5,2.625915,0.39744,1131,20,
5,1238,Overall,Overall,36,23,48,0.5,0.988141,0.336154,1049,17,
5,1239,Overall,Overall,36,27,48,2.0,2.249325,0.40364,1112,20,
5,1240,Overall,Overall,36,4,48,-1.5,-2.794273,0.852099,860,43,
5,1241,Overall,Overall,36,3,48,-2.5,-3.136218,1.01104,843,51,
5,1242,Overall,Overall,36,24,48,0.5,0.780178,0.333145,1039,17,
5,1243,Overall,Overall,36,4,48,-1.5,-2.128878,0.736356,894,37,
5,1244,Overall,Overall,36,34,48,1.5,2.359771,0.375504,1118,19,
5,1245,Overall,Overall,36,8,48,0.0,-0.5609,0.445608,972,22,
5,1246,Overall,Overall,36,6,48,-1.0,-1.483905,0.550645,926,28,
5,1247,Overall,Overall,36,37,48,3.0,3.162238,0.478251,1158,24,
5,1248,Overall,Overall,36,25,48,1.5,1.686044,0.341974,1084,17,
5,1249,Overall,Overall,36,2,48,-2.5,-4.726357,1.539352,764,77,
5,1250,Overall,Overall,36,7,48,-2.5,-1.507291,0.563437,925,28,
5,1251,Overall,Overall,36,36,48,3.0,3.579658,0.525155,1179,26,
5,1252,Overall,Overall,36,16,48,0.0,0.28164,0.359041,1014,18,
5,1253,Overall,Overall,36,20,48,1.0,1.545274,0.358919,1077,18,
5,1254,Overall,Overall,36,6,48,-1.0,-1.232583,0.500998,938,25,
5,1255,Overall,Overall,36,5,48,-1.5,-1.054986,0.507422,947,25,
5,1256,Overall,Overall,36,4,48,-3.0,-2.532381,0.840036,873,42,
5,1257,Overall,Overall,36,24,48,1.5,1.520157,0.351053,1076,18,
5,1258,Overall,Overall,36,34,48,2.0,2.588074,0.389477,1129,19,
5,1259,Overall,Overall,36,3,48,-3.0,-3.011395,0.923776,849,46,
5,1260,Overall,Overall,36,10,48,-0.5,-0.896931,0.459215,955,23,
5,1261,Overall,Overall,36,11,48,-1.0,-0.66155,0.486151,967,24,
5,1262,Overall,Overall,36,3,48,-2.0,-3.209701,0.937489,840,47,
5,1263,Overall,Overall,36,30,48,2.0,2.454607,0.402595,1123,20,
5,1264,Overall,Overall,36,33,48,2.0,2.292076,0.352759,1115,18,
5,1265,Overall,Overall,36,27,48,1.5,2.092976,0.383527,1105,19,
5,1266,Overall,Overall,36,17,48,0.0,0.012139,0.401681,1001,20,
5,1267,Overall,Overall,36,6,48,-1.5,-1.527361,0.599746,924,30,
5,1268,Overall,Overall,36,4,48,-2.0,-2.544943,0.762036,873,38,
5,1269,Overall,Overall,36,10,48,-0.5,-0.780266,0.466408,961,23,
5,1270,Overall,Overall,36,34,48,3.0,2.53513,0.381863,1127,19,
5,1271,Overall,Overall,36,6,48,-3.0,-1.98137,0.652235,901,33,
5,1272,Overall,Overall,36,8,48,-1.0,-1.018428,0.442871,949,22,
5,1273,Overall,Overall,36,9,48,-1.5,-1.273699,0.530125,936,27,
5,1274,Overall,Overall,36,11,48,-1.0,-0.603351,0.424518,970,21,
5,1275,Overall,Overall,36,7,48,-1.5,-1.186269,0.53966,941,27,
5,1276,Overall,Overall,36,37,48,3.0,3.031548,0.420147,1152,21,
5,1277,Overall,Overall,36,38,48,3.0,3.437676,0.484994,1172,24,
5,1278,Overall,Overall,36,22,48,1.5,0.960627,0.350048,1048,18,
5,1279,Overall,Overall,36,34,48,2.5,3.154609,0.466815,1158,23,
5,1280,Overall,Overall,36,2,48,-3.0,-4.304854,1.297284,785,65,
5,1281,Overall,Overall,36,14,48,0.5,0.260625,0.384722,1013,19,
5,1282,Overall,Overall,36,39,48,3.0,3.409405,0.470292,1170,24,
5,1283,Overall,Overall,36,5,48,-2.5,-1.833013,0.628545,908,31,
5,1284,Overall,Overall,36,21,48,1.5,1.448943,0.351814,1072,18,
5,1285,Overall,Overall,36,25,48,2.0,1.74795,0.332151,1087,17,
5,1286,Overall,Overall,36,24,48,0.5,0.887807,0.351102,1044,18,
5,1287,Overall,Overall,36,25,48,2.5,2.244553,0.394601,1112,20,
5,1288,Overall,Overall,36,15,48,0.0,0.512028,0.351584,1026,18,
5,1289,Overall,Overall,36,2,48,-3.0,-4.118301,1.333752,794,67,
5,1290,Overall,Overall,36,4,48,-2.0,-2.654067,0.851911,867,43,
5,1291,Overall,Overall,36,5,48,-2.0,-2.411518,0.756623,879,38,
5,1292,Overall,Overall,36,10,48,-0.5,-0.811645,0.43518,959,22,
5,1293,Overall,Overall,36,27,48,1.5,1.489028,0.325646,1074,16,
5,1294,Overall,Overall,36,4,48,-3.0,-2.668801,0.800007,867,40,
5,1295,Overall,Overall,36,8,48,-2.0,-1.654906,0.607203,917,30,
5,1296,Overall,Overall,36,16,48,0.5,0.766769,0.366801,1038,18,
5,1297,Overall,Overall,36,37,48,2.5,3.360511,0.490887,1168,25,
5,1298,Overall,Overall,36,12,48,-0.5,-0.16011,0.380041,992,19,
5,1299,Overall,Overall,36,7,48,-2.0,-1.975699,0.642548,901,32,
5,1300,Overall,Overall,36,38,48,3.0,3.566049,0.481555,1178,24,
