thread,student,domain_name,domain_value,item_count,raw_score,max_points,true_theta,theta,se,scale_score,scale_score_se,performance_level
1,1,Overall,Overall,35,7,41,-1.0,-1.162806,0.449203,942,22,
1,2,Overall,Overall,35,10,41,-0.5,-0.886401,0.501209,956,25,
1,3,Overall,Overall,35,18,41,0.5,0.63468,0.354254,1032,18,
1,4,Overall,Overall,35,6,41,-1.5,-1.805572,0.652552,910,33,
1,5,Overall,Overall,35,26,41,2.0,1.906078,0.34963,1095,17,
1,6,Overall,Overall,35,29,41,2.5,2.627202,0.386983,1131,19,
1,7,Overall,Overall,35,5,41,-2.5,-2.060343,0.638999,897,32,
1,8,Overall,Overall,35,7,41,-2.5,-2.006492,0.652592,900,33,
1,9,Overall,Overall,35,26,41,2.5,2.238265,0.355661,1112,18,
1,10,Overall,Overall,35,31,41,2.0,2.823517,0.396997,1141,20,
1,11,Overall,Overall,35,33,41,3.0,3.073882,0.449938,1154,22,
1,12,Overall,Overall,35,5,41,-1.5,-1.835008,0.587284,908,29,
1,13,Overall,Overall,35,12,41,0.5,-0.009854,0.369036,1000,18,
1,14,Overall,Overall,35,7,41,-1.0,-1.428443,0.558933,929,28,
1,15,Overall,Overall,35,14,41,-1.0,0.017553,0.40169,1001,20,
1,16,Overall,Overall,35,5,41,-2.5,-2.160794,0.667401,892,33,
1,17,Overall,Overall,35,9,41,-0.5,-0.561246,0.415817,972,21,
1,18,Overall,Overall,35,4,41,-1.5,-2.551442,0.807753,872,40,
1,19,Overall,Overall,35,26,41,2.0,2.189854,0.353197,1109,18,
1,20,Overall,Overall,35,6,41,-2.0,-1.88221,0.613879,906,31,
1,21,Overall,Overall,35,9,41,-1.5,-0.960307,0.484162,952,24,
1,22,Overall,Overall,35,26,41,2.5,2.250781,0.349365,1113,17,
1,23,Overall,Overall,35,9,41,0.0,-0.427227,0.415995,979,21,
1,24,Overall,Overall,35,21,41,1.0,1.109852,0.334998,1055,17,
1,25,Overall,Overall,35,26,41,2.5,2.13011,0.359246,1107,18,
1,26,Overall,Overall,35,30,41,3.0,2.854483,0.406442,1143,20,
1,27,Overall,Overall,35,24,41,1.5,1.309549,0.327689,1065,16,
1,28,Overall,Overall,35,23,41,1.5,1.818996,0.342747,1091,17,
1,29,Overall,Overall,35,3,41,-1.5,-2.617792,0.799178,869,40,
1,30,Overall,Overall,35,14,41,0.0,0.029998,0.349181,1001,17,
1,31,Overall,Overall,35,11,41,0.0,-0.159157,0.399282,992,20,
1,32,Overall,Overall,35,18,41,1.5,1.118284,0.361254,1056,18,
1,33,Overall,Overall,35,32,41,3.0,3.264008,0.450471,1163,23,
1,34,Overall,Overall,35,9,41,0.0,-0.410215,0.390617,979,20,
1,35,Overall,Overall,35,11,41,0.0,-0.5409,0.433994,973,22,
1,36,Overall,Overall,35,6,41,-0.5,-1.981656,0.649436,901,32,
1,37,Overall,Overall,35,15,41,1.5,1.164096,0.373446,1058,19,
1,38,Overall,Overall,35,4,41,-1.0,-2.073972,0.645417,896,32,
1,39,Overall,Overall,35,18,41,0.5,0.600501,0.325457,1030,16,
1,40,Overall,Overall,35,5,41,-1.5,-2.198396,0.673797,890,34,
1,41,Overall,Overall,35,21,41,2.0,1.469515,0.364752,1073,18,
1,42,Overall,Overall,35,10,41,-1.0,-0.818655,0.466376,959,23,
1,43,Overall,Overall,35,3,41,-2.5,-3.646316,1.016156,818,51,
1,44,Overall,Overall,35,12,41,0.0,-0.293616,0.393718,985,20,
1,45,Overall,Overall,35,5,41,-2.0,-2.029445,0.66071,899,33,
1,46,Overall,Overall,35,10,41,0.0,-0.607394,0.457532,970,23,
1,47,Overall,Overall,35,23,41,1.5,1.85845,0.364214,1093,18,
1,48,Overall,Overall,35,3,41,-3.0,-2.735009,0.818257,863,41,
1,49,Overall,Overall,35,10,41,0.0,-0.24377,0.361299,988,18,
1,50,Overall,Overall,35,30,41,2.5,2.698599,0.376561,1135,19,
1,51,Overall,Overall,35,4,41,-3.0,-2.655543,0.83061,867,42,
1,52,Overall,Overall,35,15,41,-0.5,0.208546,0.386093,1010,19,
1,53,Overall,Overall,35,5,41,-2.0,-2.055681,0.638382,897,32,
1,54,Overall,Overall,35,31,41,3.0,2.745849,0.387104,1137,19,
1,55,Overall,Overall,35,29,41,2.5,2.675984,0.377708,1134,19,
1,56,Overall,Overall,35,3,41,-3.0,-2.886949,0.869766,856,43,
1,57,Overall,Overall,35,23,41,1.0,1.071291,0.321363,1054,16,
1,58,Overall,Overall,35,16,41,1.0,0.510685,0.358963,1026,18,
1,59,Overall,Overall,35,24,41,2.0,1.753796,0.345003,1088,17,
1,60,Overall,Overall,35,10,41,-1.0,-0.235108,0.402126,988,20,
1,61,Overall,Overall,35,12,41,0.0,-0.436605,0.421766,978,21,
1,62,Overall,Overall,35,2,41,-2.5,-4.318716,1.333936,784,67,
1,63,Overall,Overall,35,8,41,-0.5,-0.726763,0.427294,964,21,
1,64,Overall,Overall,35,9,41,-1.0,-0.561765,0.451937,972,23,
1,65,Overall,Overall,35,25,41,2.0,2.125417,0.36207,1106,18,
1,66,Overall,Overall,35,30,41,2.5,2.714112,0.39602,1136,20,
1,67,Overall,Overall,35,29,41,2.0,2.774545,0.395118,1139,20,
1,68,Overall,Overall,35,18,41,1.0,0.615769,0.335369,1031,17,
1,69,Overall,Overall,35,25,41,2.0,1.70003,0.355304,1085,18,
1,70,Overall,Overall,35,24,41,1.5,1.380607,0.323424,1069,16,
1,71,Overall,Overall,35,26,41,2.0,2.142925,0.352215,1107,18,
1,72,Overall,Overall,35,32,41,3.0,2.96285,0.428328,1148,21,
1,73,Overall,Overall,35,4,41,-1.5,-2.34278,0.713903,883,36,
1,74,Overall,Overall,35,20,41,1.0,1.084111,0.316177,1054,16,
1,75,Overall,Overall,35,9,41,-0.5,-0.327823,0.430317,984,22,
1,76,Overall,Overall,35,14,41,1.0,0.313052,0.337363,1016,17,
1,77,Overall,Overall,35,24,41,1.5,1.617382,0.343605,1081,17,
1,78,Overall,Overall,35,22,41,2.0,1.786126,0.349808,1089,17,
1,79,Overall,Overall,35,2,41,-3.0,-4.013229,1.246786,799,62,
1,80,Overall,Overall,35,5,41,-2.0,-2.461873,0.747222,877,37,
1,81,Overall,Overall,35,22,41,2.0,1.486735,0.327883,1074,16,
1,82,Overall,Overall,35,10,41,-1.0,-0.978613,0.461722,951,23,
1,83,Overall,Overall,35,0,41,-2.5,-5.0,1.781022,750,89,
1,84,Overall,Overall,35,17,41,1.0,0.723406,0.365275,1036,18,
1,85,Overall,Overall,35,5,41,-1.5,-1.610316,0.58084,919,29,
1,86,Overall,Overall,35,32,41,3.0,3.421185,0.47154,1171,24,
1,87,Overall,Overall,35,33,41,3.0,4.398901,0.546156,1220,27,
1,88,Overall,Overall,35,9,41,-1.0,-0.231049,0.416499,988,21,
1,89,Overall,Overall,35,27,41,2.0,2.171393,0.341104,1109,17,
1,90,Overall,Overall,35,21,41,1.5,1.79117,0.367098,1090,18,
1,91,Overall,Overall,35,15,41,1.0,0.694745,0.340007,1035,17,
1,92,Overall,Overall,35,13,41,-0.5,-0.015983,0.407114,999,20,
1,93,Overall,Overall,35,24,41,2.5,2.045454,0.344222,1102,17,
1,94,Overall,Overall,35,18,41,1.0,0.957897,0.337816,1048,17,
1,95,Overall,Overall,35,24,41,1.0,1.189487,0.340822,1059,17,
1,96,Overall,Overall,35,20,41,1.5,1.791932,0.376326,1090,19,
1,97,Overall,Overall,35,7,41,-0.5,-1.547799,0.558506,923,28,
1,98,Overall,Overall,35,5,41,-2.0,-2.188676,0.644263,891,32,
1,99,Overall,Overall,35,9,41,-1.0,-0.90309,0.489302,955,24,
1,100,Overall,Overall,35,10,41,-0.5,-0.630712,0.449409,968,22,
1,101,Overall,Overall,35,4,41,-2.0,-2.389018,0.748899,881,37,
1,102,Overall,Overall,35,8,41,-1.0,-1.07865,0.532491,946,27,
1,103,Overall,Overall,35,21,41,1.0,1.510793,0.340915,1076,17,
1,104,Overall,Overall,35,24,41,2.0,1.848354,0.349554,1092,17,
1,105,Overall,Overall,35,29,41,2.0,1.990407,0.367163,1100,18,
1,106,Overall,Overall,35,25,41,1.5,1.912782,0.350501,1096,18,
1,107,Overall,Overall,35,31,41,3.0,2.937478,0.408491,1147,20,
1,108,Overall,Overall,35,31,41,3.0,3.363973,0.447766,1168,22,
1,109,Overall,Overall,35,11,41,-1.5,-0.745406,0.448848,963,22,
1,110,Overall,Overall,35,29,41,3.0,2.452132,0.406641,1123,20,
1,111,Overall,Overall,35,3,41,-2.0,-2.867542,0.832413,857,42,
1,112,Overall,Overall,35,25,41,2.5,2.322666,0.351595,1116,18,
1,113,Overall,Overall,35,25,41,1.0,1.232736,0.334177,1062,17,
1,114,Overall,Overall,35,29,41,3.0,2.608448,0.377001,1130,19,
1,115,Overall,Overall,35,30,41,3.0,3.774421,0.536821,1189,27,
1,116,Overall,Overall,35,12,41,0.0,-0.288463,0.383229,986,19,
1,117,Overall,Overall,35,14,41,-0.5,0.26078,0.368028,1013,18,
1,118,Overall,Overall,35,28,41,2.5,2.199731,0.353154,1110,18,
1,119,Overall,Overall,35,27,41,2.0,1.842352,0.36461,1092,18,
1,120,Overall,Overall,35,17,41,0.5,0.651836,0.36169,1033,18,
1,121,Overall,Overall,35,10,41,-1.0,-1.200235,0.513109,940,26,
1,122,Overall,Overall,35,8,41,-1.0,-1.140363,0.536254,943,27,
1,123,Overall,Overall,35,8,41,-2.0,-0.921304,0.487565,954,24,
1,124,Overall,Overall,35,7,41,-2.5,-1.677647,0.554879,916,28,
1,125,Overall,Overall,35,7,41,-0.5,-1.115346,0.521073,944,26,
1,126,Overall,Overall,35,14,41,-0.5,0.164256,0.365602,1008,18,
1,127,Overall,Overall,35,18,41,1.0,1.288034,0.360029,1064,18,
1,128,Overall,Overall,35,19,41,0.5,0.511866,0.337323,1026,17,
1,129,Overall,Overall,35,2,41,-3.0,-3.743891,1.133452,813,57,
1,130,Overall,Overall,35,3,41,-2.5,-3.277347,0.957743,836,48,
1,131,Overall,Overall,35,8,41,-1.5,-0.8132,0.476252,959,24,
1,132,Overall,Overall,35,29,41,2.5,2.663292,0.393455,1133,20,
1,133,Overall,Overall,35,5,41,-2.0,-1.539536,0.570867,923,29,
1,134,Overall,Overall,35,7,41,-1.5,-1.380265,0.552586,931,28,
1,135,Overall,Overall,35,30,41,3.0,3.033779,0.404723,1152,20,
1,136,Overall,Overall,35,15,41,0.5,0.343861,0.344584,1017,17,
1,137,Overall,Overall,35,13,41,0.0,-0.267422,0.428099,987,21,
1,138,Overall,Overall,35,11,41,-1.0,-0.732858,0.413256,963,21,
1,139,Overall,Overall,35,10,41,0.0,-0.742653,0.446338,963,22,
1,140,Overall,Overall,35,13,41,-0.5,-0.423605,0.45504,979,23,
1,141,Overall,Overall,35,11,41,-0.5,-0.134118,0.414445,993,21,
1,142,Overall,Overall,35,10,41,-1.5,-0.981234,0.463188,951,23,
1,143,Overall,Overall,35,19,41,1.5,1.233671,0.358746,1062,18,
1,144,Overall,Overall,35,8,41,-1.0,-0.699355,0.447196,965,22,
1,145,Overall,Overall,35,26,41,3.0,2.828145,0.384015,1141,19,
1,146,Overall,Overall,35,6,41,-1.0,-1.435532,0.559101,928,28,
1,147,Overall,Overall,35,6,41,-1.0,-1.006195,0.508429,950,25,
1,148,Overall,Overall,35,14,41,0.0,0.019563,0.369529,1001,18,
1,149,Overall,Overall,35,3,41,-3.0,-3.026337,0.838919,849,42,
1,150,Overall,Overall,35,31,41,3.0,3.158919,0.425682,1158,21,
1,151,Overall,Overall,35,4,41,-1.5,-2.643156,0.8075,868,40,
1,152,Overall,Overall,35,5,41,-2.5,-1.725818,0.624496,914,31,
1,153,Overall,Overall,35,12,41,0.0,-0.534648,0.438253,973,22,
1,154,Overall,Overall,35,4,41,-2.5,-2.080399,0.656115,896,33,
1,155,Overall,Overall,35,32,41,3.0,3.255467,0.465362,1163,23,
1,156,Overall,Overall,35,13,41,0.0,0.053268,0.341797,1003,17,
1,157,Overall,Overall,35,7,41,-1.0,-1.085038,0.520223,946,26,
1,158,Overall,Overall,35,23,41,1.0,1.43396,0.315235,1072,16,
1,159,Overall,Overall,35,2,41,-3.0,-4.051391,1.279677,797,64,
1,160,Overall,Overall,35,32,41,3.0,3.312541,0.457876,1166,23,
1,161,Overall,Overall,35,14,41,0.5,-0.003672,0.352903,1000,18,
1,162,Overall,Overall,35,10,41,-1.0,-1.226584,0.526666,939,26,
1,163,Overall,Overall,35,13,41,0.0,0.231301,0.379867,1012,19,
1,164,Overall,Overall,35,20,41,1.5,0.938741,0.366887,1047,18,
1,165,Overall,Overall,35,1,41,-2.5,-4.743155,1.642322,763,82,
1,166,Overall,Overall,35,10,41,0.0,-0.372127,0.394518,981,20,
1,167,Overall,Overall,35,8,41,-2.0,-1.098827,0.504009,945,25,
1,168,Overall,Overall,35,12,41,0.5,0.13783,0.374669,1007,19,
1,169,Overall,Overall,35,14,41,0.5,0.120125,0.398304,1006,20,
1,170,Overall,Overall,35,5,41,-2.5,-2.33891,0.719565,883,36,
1,171,Overall,Overall,35,5,41,-2.5,-1.936118,0.623486,903,31,
1,172,Overall,Overall,35,8,41,-2.0,-1.446007,0.548094,928,27,
1,173,Overall,Overall,35,21,41,2.0,1.399982,0.357526,1070,18,
1,174,Overall,Overall,35,32,41,3.0,3.206952,0.425535,1160,21,
1,175,Overall,Overall,35,12,41,0.0,-0.028839,0.377335,999,19,
1,176,Overall,Overall,35,7,41,-1.5,-1.075994,0.467478,946,23,
1,177,Overall,Overall,35,6,41,-2.0,-1.94844,0.628171,903,31,
1,178,Overall,Overall,35,27,41,2.0,2.184742,0.360185,1109,18,
1,179,Overall,Overall,35,30,41,3.0,3.138693,0.432683,1157,22,
1,180,Overall,Overall,35,7,41,-2.0,-1.40166,0.509825,930,25,
1,181,Overall,Overall,35,22,41,1.0,1.29103,0.317853,1065,16,
1,182,Overall,Overall,35,10,41,-0.5,-1.01914,0.481839,949,24,
1,183,Overall,Overall,35,7,41,-1.5,-1.963979,0.650064,902,33,
1,184,Overall,Overall,35,29,41,3.0,3.461922,0.489747,1173,24,
1,185,Overall,Overall,35,27,41,2.0,1.954113,0.349607,1098,17,
1,186,Overall,Overall,35,9,41,-1.0,-1.149376,0.477537,943,24,
1,187,Overall,Overall,35,30,41,3.0,2.860827,0.40842,1143,20,
1,188,Overall,Overall,35,10,41,-1.5,-1.1274,0.506348,944,25,
1,189,Overall,Overall,35,17,41,1.0,0.529117,0.350644,1026,18,
1,190,Overall,Overall,35,29,41,2.5,2.703451,0.391847,1135,20,
1,191,Overall,Overall,35,29,41,2.5,2.955715,0.395698,1148,20,
1,192,Overall,Overall,35,13,41,0.0,0.064207,0.387139,1003,19,
1,193,Overall,Overall,35,15,41,0.5,0.56078,0.345013,1028,17,
1,194,Overall,Overall,35,5,41,-3.0,-2.358033,0.724653,882,36,
1,195,Overall,Overall,35,11,41,-1.0,-0.819627,0.458788,959,23,
1,196,Overall,Overall,35,5,41,-2.5,-1.846119,0.614931,908,31,
1,197,Overall,Overall,35,9,41,-1.0,-0.608126,0.453988,970,23,
1,198,Overall,Overall,35,7,41,-1.0,-1.083628,0.482692,946,24,
1,199,Overall,Overall,35,6,41,-1.0,-1.466287,0.564876,927,28,
1,200,Overall,Overall,35,8,41,-2.0,-1.305601,0.523663,935,26,
1,201,Overall,Overall,35,7,41,-0.5,-1.462423,0.552742,927,28,
1,202,Overall,Overall,35,9,41,-1.0,-0.943854,0.466582,953,23,
1,203,Overall,Overall,35,24,41,2.0,1.992202,0.341872,1100,17,
1,204,Overall,Overall,35,20,41,1.5,1.070586,0.341973,1054,17,
1,205,Overall,Overall,35,15,41,1.0,0.16056,0.365432,1008,18,
1,206,Overall,Overall,35,31,41,3.0,3.922579,0.529835,1196,26,
1,207,Overall,Overall,35,14,41,0.0,0.30755,0.366895,1015,18,
1,208,Overall,Overall,35,11,41,0.0,-0.555766,0.436372,972,22,
1,209,Overall,Overall,35,22,41,2.0,1.8429,0.339515,1092,17,
1,210,Overall,Overall,35,2,41,-3.0,-3.307437,1.006864,835,50,
1,211,Overall,Overall,35,25,41,2.0,2.21074,0.353044,1111,18,
1,212,Overall,Overall,35,18,41,0.5,0.76438,0.349716,1038,17,
1,213,Overall,Overall,35,28,41,2.5,2.829062,0.391576,1141,20,
1,214,Overall,Overall,35,12,41,0.5,0.236271,0.353823,1012,18,
1,215,Overall,Overall,35,3,41,-2.0,-2.940547,0.838761,853,42,
1,216,Overall,Overall,35,23,41,1.5,1.476402,0.346523,1074,17,
1,217,Overall,Overall,35,16,41,1.0,0.689985,0.338519,1034,17,
1,218,Overall,Overall,35,32,41,3.0,3.534098,0.481998,1177,24,
1,219,Overall,Overall,35,22,41,1.0,1.09397,0.346305,1055,17,
1,220,Overall,Overall,35,28,41,3.0,2.62905,0.377236,1131,19,
1,221,Overall,Overall,35,29,41,3.0,2.333863,0.374847,1117,19,
1,222,Overall,Overall,35,6,41,-2.5,-1.46275,0.544171,927,27,
1,223,Overall,Overall,35,31,41,3.0,3.788193,0.516628,1189,26,
1,224,Overall,Overall,35,5,41,-1.0,-1.787463,0.624178,911,31,
1,225,Overall,Overall,35,25,41,2.5,1.770889,0.353809,1089,18,
1,226,Overall,Overall,35,20,41,0.5,1.144478,0.365277,1057,18,
1,227,Overall,Overall,35,5,41,-1.0,-1.917994,0.647142,904,32,
1,228,Overall,Overall,35,24,41,1.5,1.999824,0.335836,1100,17,
1,229,Overall,Overall,35,5,41,-2.0,-1.846521,0.633775,908,32,
1,230,Overall,Overall,35,23,41,2.5,2.092978,0.368224,1105,18,
1,231,Overall,Overall,35,29,41,2.5,2.803349,0.39421,1140,20,
1,232,Overall,Overall,35,21,41,1.5,1.233191,0.324427,1062,16,
1,233,Overall,Overall,35,27,41,2.0,2.016228,0.389472,1101,19,
1,234,Overall,Overall,35,3,41,-3.0,-2.762825,0.869465,862,43,
1,235,Overall,Overall,35,21,41,1.0,0.935486,0.324231,1047,16,
1,236,Overall,Overall,35,6,41,-2.0,-1.942707,0.626229,903,31,
1,237,Overall,Overall,35,3,41,-2.5,-3.456735,1.022403,827,51,
1,238,Overall,Overall,35,27,41,1.5,1.512782,0.332365,1076,17,
1,239,Overall,Overall,35,18,41,0.5,0.583145,0.366783,1029,18,
1,240,Overall,Overall,35,20,41,0.5,0.891872,0.353746,1045,18,
1,241,Overall,Overall,35,26,41,1.5,1.789347,0.33846,1089,17,
1,242,Overall,Overall,35,30,41,3.0,3.134098,0.418594,1157,21,
1,243,Overall,Overall,35,1,41,-3.0,-5.0,1.648715,750,82,
1,244,Overall,Overall,35,6,41,-2.0,-1.923424,0.641965,904,32,
1,245,Overall,Overall,35,12,41,0.0,-0.303366,0.379944,985,19,
1,246,Overall,Overall,35,3,41,-2.5,-2.39902,0.748031,880,37,
1,247,Overall,Overall,35,6,41,-1.5,-1.791931,0.595188,910,30,
1,248,Overall,Overall,35,14,41,0.5,0.34316,0.336386,1017,17,
1,249,Overall,Overall,35,3,41,-2.0,-3.237594,0.925926,838,46,
1,250,Overall,Overall,35,2,41,-2.5,-3.08989,1.004198,846,50,
1,251,Overall,Overall,35,3,41,-3.0,-2.793524,0.828714,860,41,
1,252,Overall,Overall,35,10,41,-0.5,-0.39698,0.381809,980,19,
1,253,Overall,Overall,35,24,41,1.0,1.184893,0.370903,1059,19,
1,254,Overall,Overall,35,7,41,-1.5,-1.881296,0.608574,906,30,
1,255,Overall,Overall,35,27,41,1.0,2.268449,0.383614,1113,19,
1,256,Overall,Overall,35,5,41,-2.0,-2.246728,0.680785,888,34,
1,257,Overall,Overall,35,10,41,-0.5,-0.180323,0.358569,991,18,
1,258,Overall,Overall,35,8,41,-1.5,-1.094171,0.509717,945,25,
1,259,Overall,Overall,35,3,41,-3.0,-2.769204,0.811623,862,41,
1,260,Overall,Overall,35,19,41,1.5,1.078411,0.342985,1054,17,
1,261,Overall,Overall,35,7,41,-1.0,-1.465405,0.607402,927,30,
1,262,Overall,Overall,35,9,41,-1.0,-0.725809,0.425934,964,21,
1,263,Overall,Overall,35,4,41,-2.0,-3.007455,0.848641,850,42,
1,264,Overall,Overall,35,23,41,2.0,1.411575,0.338079,1071,17,
1,265,Overall,Overall,35,10,41,0.0,-0.234187,0.387752,988,19,
1,266,Overall,Overall,35,20,41,1.0,0.830636,0.351332,1042,18,
1,267,Overall,Overall,35,16,41,0.0,0.463311,0.329667,1023,16,
1,268,Overall,Overall,35,1,41,-3.0,-5.0,1.734158,750,87,
1,269,Overall,Overall,35,31,41,2.0,2.670418,0.374772,1134,19,
1,270,Overall,Overall,35,7,41,-1.0,-1.555835,0.592003,922,30,
1,271,Overall,Overall,35,15,41,1.0,0.507693,0.32864,1025,16,
1,272,Overall,Overall,35,16,41,0.5,0.558249,0.354778,1028,18,
1,273,Overall,Overall,35,25,41,2.5,2.338011,0.364631,1117,18,
1,274,Overall,Overall,35,5,41,-2.5,-2.503681,0.73997,875,37,
1,275,Overall,Overall,35,4,41,-2.0,-2.312289,0.718666,884,36,
1,276,Overall,Overall,35,22,41,1.5,1.399745,0.313174,1070,16,
1,277,Overall,Overall,35,24,41,1.5,1.570922,0.333682,1079,17,
1,278,Overall,Overall,35,28,41,2.0,1.9422,0.347206,1097,17,
1,279,Overall,Overall,35,4,41,-1.5,-1.905116,0.64126,905,32,
1,280,Overall,Overall,35,6,41,-2.0,-1.747103,0.609336,913,30,
1,281,Overall,Overall,35,11,41,-0.5,-0.24566,0.377655,988,19,
1,282,Overall,Overall,35,14,41,0.0,0.35794,0.34806,1018,17,
1,283,Overall,Overall,35,20,41,0.5,0.964813,0.347107,1048,17,
1,284,Overall,Overall,35,26,41,2.5,1.987173,0.343327,1099,17,
1,285,Overall,Overall,35,1,41,-2.5,-4.532177,1.487603,773,74,
1,286,Overall,Overall,35,26,41,1.5,1.515808,0.341874,1076,17,
1,287,Overall,Overall,35,5,41,-2.0,-2.030994,0.64496,898,32,
1,288,Overall,Overall,35,29,41,2.5,2.913788,0.397459,1146,20,
1,289,Overall,Overall,35,3,41,-2.5,-3.166686,0.881015,842,44,
1,290,Overall,Overall,35,9,41,-0.5,-0.85349,0.452088,957,23,
1,291,Overall,Overall,35,16,41,-0.5,0.179604,0.376344,1009,19,
1,292,Overall,Overall,35,6,41,-1.0,-1.240198,0.516169,938,26,
1,293,Overall,Overall,35,20,41,0.5,1.32671,0.354021,1066,18,
1,294,Overall,Overall,35,5,41,-3.0,-2.539233,0.752628,873,38,
1,295,Overall,Overall,35,12,41,0.0,-0.16499,0.354825,992,18,
1,296,Overall,Overall,35,2,41,-2.5,-3.445179,1.062344,828,53,
1,297,Overall,Overall,35,34,41,2.5,3.441254,0.490025,1172,25,
1,298,Overall,Overall,35,3,41,-2.5,-2.769547,0.827097,862,41,
1,299,Overall,Overall,35,8,41,-1.0,-0.92944,0.453165,954,23,
1,300,Overall,Overall,35,2,41,-2.5,-3.96783,1.185774,802,59,
1,301,Overall,Overall,35,23,41,1.5,1.423951,0.338263,1071,17,
1,302,Overall,Overall,35,23,41,1.5,1.267195,0.346269,1063,17,
1,303,Overall,Overall,35,19,41,1.5,0.77952,0.329881,1039,16,
1,304,Overall,Overall,35,14,41,0.5,0.301905,0.333146,1015,17,
1,305,Overall,Overall,35,11,41,0.5,-0.257947,0.391692,987,20,
1,306,Overall,Overall,35,4,41,-3.0,-2.330204,0.720393,883,36,
1,307,Overall,Overall,35,27,41,1.5,1.588733,0.355814,1079,18,
1,308,Overall,Overall,35,17,41,0.5,0.599442,0.35569,1030,18,
1,309,Overall,Overall,35,11,41,0.0,-0.159658,0.376416,992,19,
1,310,Overall,Overall,35,8,41,-0.5,-1.381638,0.506604,931,25,
1,311,Overall,Overall,35,29,41,2.5,2.964602,0.412733,1148,21,
1,312,Overall,Overall,35,13,41,0.0,0.312968,0.362932,1016,18,
1,313,Overall,Overall,35,30,41,3.0,2.857617,0.397642,1143,20,
1,314,Overall,Overall,35,30,41,3.0,2.460464,0.381531,1123,19,
1,315,Overall,Overall,35,12,41,0.0,-0.320632,0.407903,984,20,
1,316,Overall,Overall,35,4,41,-2.0,-2.497681,0.74377,875,37,
1,317,Overall,Overall,35,7,41,-1.5,-1.168893,0.534756,942,27,
1,318,Overall,Overall,35,6,41,-3.0,-1.895155,0.64549,905,32,
1,319,Overall,Overall,35,27,41,2.0,2.251571,0.358354,1113,18,
1,320,Overall,Overall,35,33,41,2.5,2.393349,0.399439,1120,20,
1,321,Overall,Overall,35,25,41,2.0,1.713554,0.369846,1086,18,
1,322,Overall,Overall,35,25,41,2.0,1.753493,0.372263,1088,19,
1,323,Overall,Overall,35,22,41,2.0,1.891275,0.395511,1095,20,
1,324,Overall,Overall,35,17,41,0.5,0.7122,0.332227,1036,17,
1,325,Overall,Overall,35,20,41,1.5,1.280274,0.372169,1064,19,
1,326,Overall,Overall,35,16,41,1.0,0.734717,0.342272,1037,17,
1,327,Overall,Overall,35,15,41,0.0,0.362276,0.358193,1018,18,
1,328,Overall,Overall,35,7,41,-2.0,-1.6672,0.61292,917,31,
1,329,Overall,Overall,35,8,41,-0.5,-0.549677,0.418934,973,21,
1,330,Overall,Overall,35,3,41,-3.0,-3.170108,0.939559,841,47,
1,331,Overall,Overall,35,3,41,-2.0,-2.718367,0.814498,864,41,
1,332,Overall,Overall,35,28,41,2.5,2.168354,0.360099,1108,18,
1,333,Overall,Overall,35,3,41,-2.5,-3.382738,0.99434,831,50,
1,334,Overall,Overall,35,11,41,-0.5,-0.304008,0.395103,985,20,
1,335,Overall,Overall,35,20,41,1.5,1.114672,0.315424,1056,16,
1,336,Overall,Overall,35,29,41,2.0,1.936566,0.383992,1097,19,
1,337,Overall,Overall,35,21,41,1.0,0.903699,0.346793,1045,17,
1,338,Overall,Overall,35,22,41,1.0,1.029335,0.358333,1051,18,
1,339,Overall,Overall,35,20,41,0.5,0.797943,0.337211,1040,17,
1,340,Overall,Overall,35,29,41,3.0,2.647843,0.374334,1132,19,
1,341,Overall,Overall,35,23,41,1.5,1.203166,0.337182,1060,17,
1,342,Overall,Overall,35,22,41,1.0,1.463508,0.340949,1073,17,
1,343,Overall,Overall,35,3,41,-2.5,-3.164703,0.917258,842,46,
1,344,Overall,Overall,35,0,41,-3.0,-5.0,1.751512,750,88,
1,345,Overall,Overall,35,5,41,-1.5,-1.767721,0.618846,912,31,
1,346,Overall,Overall,35,31,41,3.0,2.551762,0.368861,1128,18,
1,347,Overall,Overall,35,10,41,-0.5,-0.697179,0.445574,965,22,
1,348,Overall,Overall,35,0,41,-3.0,-5.0,1.710939,750,86,
1,349,Overall,Overall,35,5,41,-2.0,-1.802354,0.585664,910,29,
1,350,Overall,Overall,35,12,41,-1.0,-0.484873,0.438416,976,22,
1,351,Overall,Overall,35,26,41,1.5,1.892734,0.389328,1095,19,
1,352,Overall,Overall,35,6,41,-1.5,-1.650442,0.585772,917,29,
1,353,Overall,Overall,35,19,41,1.5,1.403568,0.352187,1070,18,
1,354,Overall,Overall,35,25,41,2.0,1.671967,0.341239,1084,17,
1,355,Overall,Overall,35,30,41,3.0,3.1544,0.436254,1158,22,
1,356,Overall,Overall,35,18,41,1.5,1.02908,0.337119,1051,17,
1,357,Overall,Overall,35,0,41,-2.5,-5.0,1.764916,750,88,
1,358,Overall,Overall,35,15,41,0.5,0.423093,0.367791,1021,18,
1,359,Overall,Overall,35,32,41,2.5,2.988989,0.416045,1149,21,
1,360,Overall,Overall,35,5,41,-2.5,-2.435837,0.708933,878,35,
1,361,Overall,Overall,35,20,41,1.5,1.127346,0.339448,1056,17,
1,362,Overall,Overall,35,11,41,-0.5,-0.613043,0.414898,969,21,
1,363,Overall,Overall,35,10,41,-1.0,-0.912706,0.488859,954,24,
1,364,Overall,Overall,35,29,41,3.0,2.492376,0.371647,1125,19,
1,365,Overall,Overall,35,21,41,2.0,1.721332,0.348733,1086,17,
1,366,Overall,Overall,35,17,41,0.5,0.725214,0.349648,1036,17,
1,367,Overall,Overall,35,4,41,-2.5,-2.746355,0.821967,863,41,
1,368,Overall,Overall,35,30,41,3.0,3.454545,0.481724,1173,24,
1,369,Overall,Overall,35,21,41,1.0,0.820712,0.310338,1041,16,
1,370,Overall,Overall,35,6,41,-2.5,-1.805481,0.598834,910,30,
1,371,Overall,Overall,35,4,41,-3.0,-2.602011,0.752292,870,38,
1,372,Overall,Overall,35,4,41,-2.5,-2.308139,0.713418,885,36,
1,373,Overall,Overall,35,18,41,1.0,0.877234,0.325076,1044,16,
1,374,Overall,Overall,35,17,41,0.5,0.524773,0.334701,1026,17,
1,375,Overall,Overall,35,5,41,-1.5,-1.686265,0.611474,916,31,
1,376,Overall,Overall,35,11,41,-0.5,-0.098037,0.401835,995,20,
1,377,Overall,Overall,35,13,41,0.0,0.001024,0.38513,1000,19,
1,378,Overall,Overall,35,14,41,0.5,0.376643,0.363461,1019,18,
1,379,Overall,Overall,35,25,41,1.5,1.635843,0.332616,1082,17,
1,380,Overall,Overall,35,27,41,2.0,2.247509,0.362533,1112,18,
1,381,Overall,Overall,35,18,41,1.0,0.849843,0.35118,1042,18,
1,382,Overall,Overall,35,19,41,1.0,1.111073,0.337503,1056,17,
1,383,Overall,Overall,35,29,41,3.0,3.106472,0.4249,1155,21,
1,384,Overall,Overall,35,5,41,-1.5,-1.907787,0.588296,905,29,
1,385,Overall,Overall,35,14,41,0.5,0.361684,0.35565,1018,18,
1,386,Overall,Overall,35,5,41,-2.0,-2.087566,0.661138,896,33,
1,387,Overall,Overall,35,29,41,2.5,2.929165,0.405075,1146,20,
1,388,Overall,Overall,35,7,41,-1.5,-1.227648,0.507714,939,25,
1,389,Overall,Overall,35,3,41,-1.5,-2.993871,0.887581,850,44,
1,390,Overall,Overall,35,11,41,0.0,-0.503174,0.42765,975,21,
1,391,Overall,Overall,35,11,41,-0.5,-0.429711,0.39624,979,20,
1,392,Overall,Overall,35,29,41,3.0,2.512622,0.36191,1126,18,
1,393,Overall,Overall,35,7,41,-0.5,-0.875945,0.455047,956,23,
1,394,Overall,Overall,35,4,41,-2.5,-2.421348,0.73244,879,37,
1,395,Overall,Overall,35,28,41,3.0,1.937103,0.341702,1097,17,
1,396,Overall,Overall,35,5,41,-2.5,-2.42535,0.707913,879,35,
1,397,Overall,Overall,35,12,41,-0.5,-0.184405,0.354194,991,18,
1,398,Overall,Overall,35,20,41,2.0,1.488796,0.341496,1074,17,
1,399,Overall,Overall,35,4,41,-3.0,-1.610461,0.595945,919,30,
1,400,Overall,Overall,35,10,41,-0.5,-0.220116,0.413001,989,21,
1,401,Overall,Overall,35,6,41,-1.5,-1.272089,0.503,936,25,
1,402,Overall,Overall,35,1,41,-2.5,-5.0,1.728366,750,86,
1,403,Overall,Overall,35,8,41,-1.0,-0.435091,0.425334,978,21,
1,404,Overall,Overall,35,20,41,1.0,0.925086,0.340814,1046,17,
1,405,Overall,Overall,35,7,41,-0.5,-1.510904,0.557782,924,28,
1,406,Overall,Overall,35,5,41,-1.5,-1.521694,0.573563,924,29,
1,407,Overall,Overall,35,25,41,2.0,2.546928,0.365252,1127,18,
1,408,Overall,Overall,35,22,41,2.0,1.803364,0.337167,1090,17,
1,409,Overall,Overall,35,26,41,2.5,2.869553,0.415439,1143,21,
1,410,Overall,Overall,35,11,41,-0.5,-0.351509,0.402176,982,20,
1,411,Overall,Overall,35,13,41,0.0,-0.224581,0.3952,989,20,
1,412,Overall,Overall,35,30,41,2.0,2.870756,0.388896,1144,19,
1,413,Overall,Overall,35,10,41,-0.5,-0.244156,0.391524,988,20,
1,414,Overall,Overall,35,30,41,3.0,3.101162,0.416755,1155,21,
1,415,Overall,Overall,35,7,41,-1.5,-1.65376,0.550688,917,28,
1,416,Overall,Overall,35,22,41,2.0,1.622528,0.330713,1081,17,
1,417,Overall,Overall,35,22,41,1.0,1.394565,0.341444,1070,17,
1,418,Overall,Overall,35,27,41,3.0,2.871607,0.399823,1144,20,
1,419,Overall,Overall,35,16,41,1.0,0.498264,0.339989,1025,17,
1,420,Overall,Overall,35,4,41,-3.0,-2.543885,0.737341,873,37,
1,421,Overall,Overall,35,19,41,1.0,0.947597,0.324812,1047,16,
1,422,Overall,Overall,35,20,41,1.0,1.16972,0.342338,1058,17,
1,423,Overall,Overall,35,6,41,-1.5,-1.892976,0.595856,905,30,
1,424,Overall,Overall,35,6,41,-1.0,-1.968547,0.643768,902,32,
1,425,Overall,Overall,35,12,41,0.0,-0.012761,0.3683,999,18,
1,426,Overall,Overall,35,28,41,3.0,2.370422,0.347295,1119,17,
1,427,Overall,Overall,35,27,41,2.5,2.531364,0.371175,1127,19,
1,428,Overall,Overall,35,4,41,-2.0,-2.222561,0.680004,889,34,
1,429,Overall,Overall,35,12,41,-0.5,-0.544216,0.440356,973,22,
1,430,Overall,Overall,35,14,41,0.5,0.515721,0.357292,1026,18,
1,431,Overall,Overall,35,21,41,1.0,1.652139,0.348693,1083,17,
1,432,Overall,Overall,35,10,41,0.5,-0.483067,0.412114,976,21,
1,433,Overall,Overall,35,9,41,-1.5,-1.195959,0.495552,940,25,
1,434,Overall,Overall,35,6,41,-3.0,-2.257826,0.697022,887,35,
1,435,Overall,Overall,35,25,41,2.5,2.17156,0.354126,1109,18,
1,436,Overall,Overall,35,26,41,2.5,2.068235,0.338683,1103,17,
1,437,Overall,Overall,35,15,41,0.0,0.378701,0.35454,1019,18,
1,438,Overall,Overall,35,1,41,-2.5,-4.438309,1.365262,778,68,
1,439,Overall,Overall,35,5,41,-1.5,-1.9823,0.636708,901,32,
1,440,Overall,Overall,35,17,41,0.0,0.559032,0.344411,1028,17,
1,441,Overall,Overall,35,21,41,2.0,1.681815,0.356635,1084,18,
1,442,Overall,Overall,35,3,41,-2.5,-3.194068,0.895083,840,45,
1,443,Overall,Overall,35,4,41,-2.5,-2.501453,0.758679,875,38,
1,444,Overall,Overall,35,4,41,-1.0,-2.020847,0.702529,899,35,
1,445,Overall,Overall,35,4,41,-2.0,-2.428394,0.728212,879,36,
1,446,Overall,Overall,35,4,41,-2.5,-2.726361,0.785665,864,39,
1,447,Overall,Overall,35,14,41,0.0,0.396493,0.363906,1020,18,
1,448,Overall,Overall,35,28,41,2.5,2.623834,0.378851,1131,19,
1,449,Overall,Overall,35,29,41,2.5,2.646979,0.372717,1132,19,
1,450,Overall,Overall,35,22,41,1.5,1.003786,0.3277,1050,16,
1,451,Overall,Overall,35,27,41,2.5,2.117178,0.356882,1106,18,
1,452,Overall,Overall,35,27,41,2.5,2.600199,0.373571,1130,19,
1,453,Overall,Overall,35,6,41,-1.5,-1.558318,0.551283,922,28,
1,454,Overall,Overall,35,32,41,3.0,3.280949,0.458517,1164,23,
1,455,Overall,Overall,35,5,41,-1.5,-2.072047,0.658828,896,33,
1,456,Overall,Overall,35,5,41,-2.5,-1.718688,0.59799,914,30,
1,457,Overall,Overall,35,29,41,3.0,3.561617,0.469173,1178,23,
1,458,Overall,Overall,35,0,41,-3.0,-5.0,1.671859,750,84,
1,459,Overall,Overall,35,8,41,-1.0,-1.011732,0.467523,949,23,
1,460,Overall,Overall,35,9,41,-1.0,-1.008406,0.493136,950,25,
1,461,Overall,Overall,35,4,41,-2.5,-2.592127,0.770825,870,39,
1,462,Overall,Overall,35,4,41,-2.5,-2.44027,0.726199,878,36,
1,463,Overall,Overall,35,5,41,-1.5,-1.900778,0.637367,905,32,
1,464,Overall,Overall,35,5,41,-1.5,-1.66842,0.587375,917,29,
1,465,Overall,Overall,35,12,41,-0.5,-0.72752,0.461226,964,23,
1,466,Overall,Overall,35,3,41,-2.5,-2.790601,0.821456,860,41,
1,467,Overall,Overall,35,25,41,2.5,2.221228,0.369823,1111,18,
1,468,Overall,Overall,35,16,41,1.0,0.269477,0.343741,1013,17,
1,469,Overall,Overall,35,31,41,3.0,3.079668,0.412187,1154,21,
1,470,Overall,Overall,35,11,41,0.0,-0.241529,0.363234,988,18,
1,471,Overall,Overall,35,32,41,3.0,3.335294,0.453987,1167,23,
1,472,Overall,Overall,35,6,41,-2.0,-1.674858,0.584591,916,29,
1,473,Overall,Overall,35,13,41,0.5,0.418482,0.330643,1021,17,
1,474,Overall,Overall,35,15,41,0.0,0.119121,0.381991,1006,19,
1,475,Overall,Overall,35,27,41,2.5,2.343849,0.374499,1117,19,
1,476,Overall,Overall,35,31,41,2.5,2.817395,0.390565,1141,20,
1,477,Overall,Overall,35,7,41,-2.0,-1.58691,0.551456,921,28,
1,478,Overall,Overall,35,2,41,-2.5,-4.181819,1.322457,791,66,
1,479,Overall,Overall,35,2,41,-3.0,-3.31688,0.985559,834,49,
1,480,Overall,Overall,35,2,41,-2.5,-3.681945,1.116785,816,56,
1,481,Overall,Overall,35,13,41,0.0,-0.116909,0.356992,994,18,
1,482,Overall,Overall,35,30,41,2.5,2.792288,0.38083,1140,19,
1,483,Overall,Overall,35,21,41,1.5,1.438305,0.333731,1072,17,
1,484,Overall,Overall,35,4,41,-2.0,-2.456026,0.730153,877,37,
1,485,Overall,Overall,35,21,41,1.0,1.051586,0.355085,1053,18,
1,486,Overall,Overall,35,3,41,-3.0,-3.383832,1.006664,831,50,
1,487,Overall,Overall,35,10,41,-0.5,-0.651758,0.470855,967,24,
1,488,Overall,Overall,35,25,41,2.0,1.877994,0.344248,1094,17,
1,489,Overall,Overall,35,9,41,-1.0,-0.593295,0.447673,970,22,
1,490,Overall,Overall,35,3,41,-2.5,-2.932147,0.848682,853,42,
1,491,Overall,Overall,35,19,41,2.0,1.84822,0.35571,1092,18,
1,492,Overall,Overall,35,6,41,-1.0,-1.545976,0.591462,923,30,
1,493,Overall,Overall,35,26,41,2.0,2.027908,0.36159,1101,18,
1,494,Overall,Overall,35,18,41,1.0,0.726418,0.352858,1036,18,
1,495,Overall,Overall,35,3,41,-3.0,-3.495955,0.988613,825,49,
1,496,Overall,Overall,35,16,41,0.5,0.016794,0.352713,1001,18,
1,497,Overall,Overall,35,2,41,-3.0,-3.752617,1.180812,812,59,
1,498,Overall,Overall,35,15,41,1.5,1.303817,0.370086,1065,19,
1,499,Overall,Overall,35,6,41,-2.5,-2.115943,0.648134,894,32,
1,500,Overall,Overall,35,4,41,-1.5,-2.809947,0.809057,860,40,
1,501,Overall,Overall,35,15,41,0.0,0.362966,0.338027,1018,17,
1,502,Overall,Overall,35,5,41,-2.5,-2.474391,0.766018,876,38,
1,503,Overall,Overall,35,5,41,-2.5,-1.756455,0.596425,912,30,
1,504,Overall,Overall,35,17,41,1.0,0.515001,0.370767,1026,19,
1,505,Overall,Overall,35,12,41,0.0,-0.160986,0.377213,992,19,
1,506,Overall,Overall,35,23,41,1.5,1.951994,0.352138,1098,18,
1,507,Overall,Overall,35,3,41,-2.5,-3.056081,0.928407,847,46,
1,508,Overall,Overall,35,13,41,0.5,0.350408,0.337197,1018,17,
1,509,Overall,Overall,35,23,41,2.0,1.660885,0.334425,1083,17,
1,510,Overall,Overall,35,20,41,0.5,1.05918,0.319084,1053,16,
1,511,Overall,Overall,35,7,41,-2.0,-1.579678,0.553491,921,28,
1,512,Overall,Overall,35,3,41,-3.0,-2.782973,0.852937,861,43,
1,513,Overall,Overall,35,2,41,-2.0,-3.548673,1.034124,823,52,
1,514,Overall,Overall,35,11,41,0.0,-0.452328,0.389933,977,19,
1,515,Overall,Overall,35,12,41,-1.5,-0.497968,0.442142,975,22,
1,516,Overall,Overall,35,25,41,2.0,2.226098,0.358388,1111,18,
1,517,Overall,Overall,35,32,41,3.0,3.984112,0.539347,1199,27,
1,518,Overall,Overall,35,7,41,-1.0,-1.48083,0.51694,926,26,
1,519,Overall,Overall,35,6,41,-1.5,-1.356779,0.560591,932,28,
1,520,Overall,Overall,35,6,41,-1.5,-2.067391,0.668416,897,33,
1,521,Overall,Overall,35,7,41,-2.0,-1.15604,0.506731,942,25,
1,522,Overall,Overall,35,7,41,0.0,-1.514327,0.549367,924,27,
1,523,Overall,Overall,35,13,41,0.0,0.006773,0.374198,1000,19,
1,524,Overall,Overall,35,22,41,0.5,0.880407,0.344388,1044,17,
1,525,Overall,Overall,35,9,41,-1.0,-1.14594,0.496937,943,25,
1,526,Overall,Overall,35,16,41,0.5,0.630146,0.36359,1032,18,
1,527,Overall,Overall,35,6,41,-0.5,-1.812899,0.590193,909,30,
1,528,Overall,Overall,35,4,41,-1.5,-2.493716,0.748384,875,37,
1,529,Overall,Overall,35,16,41,0.5,0.546684,0.321032,1027,16,
1,530,Overall,Overall,35,7,41,-1.0,-1.267933,0.557021,937,28,
1,531,Overall,Overall,35,0,41,-3.0,-5.0,1.789892,750,89,
1,532,Overall,Overall,35,16,41,0.5,0.885395,0.36567,1044,18,
1,533,Overall,Overall,35,9,41,-1.5,-1.149616,0.486404,943,24,
1,534,Overall,Overall,35,4,41,-2.5,-2.158352,0.694773,892,35,
1,535,Overall,Overall,35,19,41,2.0,1.296082,0.339148,1065,17,
1,536,Overall,Overall,35,3,41,-2.0,-2.733037,0.814696,863,41,
1,537,Overall,Overall,35,13,41,-0.5,-0.095274,0.351115,995,18,
1,538,Overall,Overall,35,14,41,0.0,0.332608,0.347486,1017,17,
1,539,Overall,Overall,35,34,41,3.0,3.300775,0.476394,1165,24,
1,540,Overall,Overall,35,3,41,-3.0,-3.068379,0.96676,847,48,
1,541,Overall,Overall,35,5,41,-1.5,-1.970161,0.657575,901,33,
1,542,Overall,Overall,35,17,41,0.5,0.737941,0.31878,1037,16,
1,543,Overall,Overall,35,6,41,-2.0,-1.570281,0.549158,921,27,
1,544,Overall,Overall,35,7,41,-1.0,-1.384752,0.542491,931,27,
1,545,Overall,Overall,35,10,41,-0.5,-0.44087,0.428669,978,21,
1,546,Overall,Overall,35,26,41,1.5,1.622625,0.34208,1081,17,
1,547,Overall,Overall,35,10,41,-0.5,-0.351107,0.439825,982,22,
1,548,Overall,Overall,35,18,41,0.5,0.692677,0.338323,1035,17,
1,549,Overall,Overall,35,22,41,1.5,1.736883,0.350441,1087,18,
1,550,Overall,Overall,35,14,41,0.5,0.262452,0.379101,1013,19,
1,551,Overall,Overall,35,4,41,-2.5,-2.259826,0.689878,887,34,
1,552,Overall,Overall,35,3,41,-3.0,-3.160943,0.902405,842,45,
1,553,Overall,Overall,35,15,41,0.0,-0.175739,0.35872,991,18,
1,554,Overall,Overall,35,15,41,0.5,-0.090682,0.411949,995,21,
1,555,Overall,Overall,35,9,41,-0.5,-0.958163,0.493432,952,25,
1,556,Overall,Overall,35,27,41,2.5,2.286725,0.352381,1114,18,
1,557,Overall,Overall,35,9,41,-1.0,-1.023192,0.455702,949,23,
1,558,Overall,Overall,35,14,41,0.0,0.109062,0.396503,1005,20,
1,559,Overall,Overall,35,14,41,-0.5,0.182971,0.369494,1009,18,
1,560,Overall,Overall,35,20,41,0.5,0.797941,0.338553,1040,17,
1,561,Overall,Overall,35,3,41,-2.5,-2.933878,0.884262,853,44,
1,562,Overall,Overall,35,13,41,0.0,0.278759,0.365035,1014,18,
1,563,Overall,Overall,35,26,41,2.5,2.442439,0.379521,1122,19,
1,564,Overall,Overall,35,15,41,1.0,0.50894,0.354243,1025,18,
1,565,Overall,Overall,35,28,41,3.0,2.686927,0.388731,1134,19,
1,566,Overall,Overall,35,2,41,-2.5,-3.90163,1.181096,805,59,
1,567,Overall,Overall,35,3,41,-3.0,-3.168131,0.905075,842,45,
1,568,Overall,Overall,35,7,41,-2.5,-1.531291,0.59096,923,30,
1,569,Overall,Overall,35,26,41,3.0,2.493835,0.364155,1125,18,
1,570,Overall,Overall,35,7,41,-1.5,-1.59544,0.558741,920,28,
1,571,Overall,Overall,35,4,41,-1.5,-1.64818,0.583886,918,29,
1,572,Overall,Overall,35,11,41,-0.5,-0.292997,0.407679,985,20,
1,573,Overall,Overall,35,3,41,-2.0,-2.936704,0.83148,853,42,
1,574,Overall,Overall,35,24,41,2.0,2.334155,0.357233,1117,18,
1,575,Overall,Overall,35,17,41,1.5,0.544854,0.341788,1027,17,
1,576,Overall,Overall,35,32,41,3.0,3.178438,0.431228,1159,22,
1,577,Overall,Overall,35,11,41,-1.0,-0.548522,0.401487,973,20,
1,578,Overall,Overall,35,29,41,2.0,2.156399,0.378084,1108,19,
1,579,Overall,Overall,35,8,41,-0.5,-0.917435,0.440906,954,22,
1,580,Overall,Overall,35,24,41,2.0,2.144677,0.360981,1107,18,
1,581,Overall,Overall,35,5,41,-2.0,-2.0829,0.667445,896,33,
1,582,Overall,Overall,35,13,41,0.5,-0.123797,0.377964,994,19,
1,583,Overall,Overall,35,2,41,-2.5,-3.667518,1.104718,817,55,
1,584,Overall,Overall,35,3,41,-2.0,-3.007251,0.863235,850,43,
1,585,Overall,Overall,35,21,41,1.0,0.880061,0.316543,1044,16,
1,586,Overall,Overall,35,5,41,-1.5,-2.062924,0.640055,897,32,
1,587,Overall,Overall,35,6,41,-1.5,-1.382756,0.572202,931,29,
1,588,Overall,Overall,35,1,41,-2.0,-4.804531,1.663183,760,83,
1,589,Overall,Overall,35,13,41,0.0,0.210205,0.33946,1011,17,
1,590,Overall,Overall,35,27,41,2.0,1.856706,0.348352,1093,17,
1,591,Overall,Overall,35,3,41,-3.0,-2.821184,0.876845,859,44,
1,592,Overall,Overall,35,19,41,1.5,1.258758,0.340575,1063,17,
1,593,Overall,Overall,35,6,41,-1.0,-1.163238,0.48055,942,24,
1,594,Overall,Overall,35,15,41,0.0,0.486496,0.346204,1024,17,
1,595,Overall,Overall,35,7,41,-0.5,-1.255739,0.5237,937,26,
1,596,Overall,Overall,35,9,41,-0.5,-0.263457,0.432318,987,22,
1,597,Overall,Overall,35,16,41,0.0,0.34477,0.377041,1017,19,
1,598,Overall,Overall,35,1,41,-2.5,-3.875199,1.237275,806,62,
1,599,Overall,Overall,35,7,41,-2.0,-1.115605,0.488671,944,24,
1,600,Overall,Overall,35,17,41,0.0,0.479115,0.357711,1024,18,
1,601,Overall,Overall,35,15,41,0.0,0.080043,0.394993,1004,20,
1,602,Overall,Overall,35,4,41,-2.5,-2.812598,0.81941,859,41,
1,603,Overall,Overall,35,14,41,0.5,0.592634,0.349852,1030,17,
1,604,Overall,Overall,35,8,41,-1.0,-1.321537,0.494733,934,25,
1,605,Overall,Overall,35,20,41,1.5,1.166784,0.351967,1058,18,
1,606,Overall,Overall,35,2,41,-3.0,-3.350154,1.017251,832,51,
1,607,Overall,Overall,35,23,41,1.5,2.134097,0.347307,1107,17,
1,608,Overall,Overall,35,33,41,3.0,3.437875,0.450139,1172,23,
1,609,Overall,Overall,35,10,41,-1.5,-0.946682,0.494114,953,25,
1,610,Overall,Overall,35,0,41,-2.5,-5.0,1.802119,750,90,
1,611,Overall,Overall,35,5,41,-1.5,-2.14916,0.728283,893,36,
1,612,Overall,Overall,35,4,41,-3.0,-2.537627,0.726502,873,36,
1,613,Overall,Overall,35,8,41,-1.5,-1.254171,0.539593,937,27,
1,614,Overall,Overall,35,7,41,0.0,-0.779047,0.474245,961,24,
1,615,Overall,Overall,35,8,41,-1.5,-0.506469,0.436351,975,22,
1,616,Overall,Overall,35,13,41,-0.5,-0.234073,0.378704,988,19,
1,617,Overall,Overall,35,5,41,-3.0,-2.169503,0.674243,892,34,
1,618,Overall,Overall,35,22,41,1.0,1.371193,0.324026,1069,16,
1,619,Overall,Overall,35,28,41,2.5,2.167237,0.358307,1108,18,
1,620,Overall,Overall,35,5,41,-3.0,-2.052163,0.63568,897,32,
1,621,Overall,Overall,35,4,41,-3.0,-3.090372,0.894014,845,45,
1,622,Overall,Overall,35,19,41,1.0,0.757109,0.33224,1038,17,
1,623,Overall,Overall,35,7,41,-3.0,-1.546826,0.552908,923,28,
1,624,Overall,Overall,35,19,41,1.0,0.828958,0.34146,1041,17,
1,625,Overall,Overall,35,23,41,1.0,1.42583,0.328012,1071,16,
1,626,Overall,Overall,35,7,41,-1.5,-1.710553,0.600928,914,30,
1,627,Overall,Overall,35,2,41,-2.5,-3.821162,1.183281,809,59,
1,628,Overall,Overall,35,7,41,-2.0,-0.98345,0.458398,951,23,
1,629,Overall,Overall,35,4,41,-3.0,-2.125478,0.687733,894,34,
1,630,Overall,Overall,35,21,41,1.5,1.111032,0.35688,1056,18,
1,631,Overall,Overall,35,7,41,-1.5,-0.974298,0.469978,951,23,
1,632,Overall,Overall,35,10,41,-0.5,-0.374477,0.431,981,22,
1,633,Overall,Overall,35,31,41,3.0,2.208615,0.39224,1110,20,
1,634,Overall,Overall,35,23,41,1.0,1.932991,0.364137,1097,18,
1,635,Overall,Overall,35,22,41,1.5,1.397948,0.347954,1070,17,
1,636,Overall,Overall,35,26,41,2.5,2.400704,0.35818,1120,18,
1,637,Overall,Overall,35,1,41,-3.0,-4.901182,1.671381,755,84,
1,638,Overall,Overall,35,22,41,2.0,1.824678,0.355498,1091,18,
1,639,Overall,Overall,35,3,41,-2.0,-3.275274,0.9358,836,47,
1,640,Overall,Overall,35,8,41,-0.5,-0.576694,0.419271,971,21,
1,641,Overall,Overall,35,24,41,1.5,1.613643,0.341063,1081,17,
1,642,Overall,Overall,35,12,41,-1.0,-0.106519,0.366157,995,18,
1,643,Overall,Overall,35,11,41,-1.0,-0.445059,0.43248,978,22,
1,644,Overall,Overall,35,29,41,2.5,3.459301,0.484168,1173,24,
1,645,Overall,Overall,35,13,41,0.0,0.285231,0.382244,1014,19,
1,646,Overall,Overall,35,29,41,3.0,3.516586,0.487188,1176,24,
1,647,Overall,Overall,35,31,41,3.0,3.604751,0.475574,1180,24,
1,648,Overall,Overall,35,25,41,1.0,1.334231,0.330502,1067,17,
1,649,Overall,Overall,35,5,41,-2.0,-2.202555,0.7163,890,36,
1,650,Overall,Overall,35,6,41,-1.0,-1.799751,0.636907,910,32,
1,651,Overall,Overall,35,13,41,-0.5,0.071029,0.335708,1004,17,
1,652,Overall,Overall,35,1,41,-3.0,-5.0,1.605304,750,80,
1,653,Overall,Overall,35,30,41,3.0,2.911301,0.413742,1146,21,
1,654,Overall,Overall,35,18,41,0.5,0.638727,0.324473,1032,16,
1,655,Overall,Overall,35,2,41,-2.5,-3.098927,0.932313,845,47,
1,656,Overall,Overall,35,24,41,1.5,1.499012,0.320543,1075,16,
1,657,Overall,Overall,35,31,41,2.5,3.65465,0.501242,1183,25,
1,658,Overall,Overall,35,16,41,1.0,0.469101,0.327962,1023,16,
1,659,Overall,Overall,35,21,41,0.5,1.153124,0.354099,1058,18,
1,660,Overall,Overall,35,4,41,-2.0,-2.647937,0.827857,868,41,
1,661,Overall,Overall,35,8,41,-2.0,-1.456632,0.520851,927,26,
1,662,Overall,Overall,35,17,41,1.0,0.92803,0.337446,1046,17,
1,663,Overall,Overall,35,19,41,2.0,1.588231,0.351973,1079,18,
1,664,Overall,Overall,35,4,41,-3.0,-2.502775,0.743509,875,37,
1,665,Overall,Overall,35,17,41,0.5,0.504097,0.316187,1025,16,
1,666,Overall,Overall,35,31,41,2.5,2.677043,0.376907,1134,19,
1,667,Overall,Overall,35,22,41,1.5,1.874077,0.36536,1094,18,
1,668,Overall,Overall,35,3,41,-2.5,-3.268034,0.956976,837,48,
1,669,Overall,Overall,35,8,41,-1.5,-0.976703,0.51187,951,26,
1,670,Overall,Overall,35,30,41,2.5,2.780055,0.38583,1139,19,
1,671,Overall,Overall,35,23,41,2.5,2.296998,0.364287,1115,18,
1,672,Overall,Overall,35,7,41,-1.5,-1.297937,0.516822,935,26,
1,673,Overall,Overall,35,30,41,2.0,2.956389,0.417437,1148,21,
1,674,Overall,Overall,35,4,41,-3.0,-2.868324,0.865418,857,43,
1,675,Overall,Overall,35,24,41,1.5,1.473281,0.369514,1074,18,
1,676,Overall,Overall,35,3,41,-2.5,-3.134184,0.912841,843,46,
1,677,Overall,Overall,35,7,41,-2.0,-1.31433,0.530201,934,27,
1,678,Overall,Overall,35,28,41,2.5,2.447042,0.367241,1122,18,
1,679,Overall,Overall,35,20,41,1.0,0.917906,0.352093,1046,18,
1,680,Overall,Overall,35,12,41,-1.5,-0.576847,0.458982,971,23,
1,681,Overall,Overall,35,4,41,-2.5,-2.756407,0.821601,862,41,
1,682,Overall,Overall,35,1,41,-3.0,-4.137164,1.246618,793,62,
1,683,Overall,Overall,35,7,41,-1.5,-1.710407,0.592749,914,30,
1,684,Overall,Overall,35,31,41,3.0,2.879845,0.39043,1144,20,
1,685,Overall,Overall,35,30,41,2.5,2.486646,0.368803,1124,18,
1,686,Overall,Overall,35,1,41,-2.5,-4.811648,1.526825,759,76,
1,687,Overall,Overall,35,23,41,1.5,1.233189,0.369161,1062,18,
1,688,Overall,Overall,35,9,41,-0.5,-0.901107,0.468303,955,23,
1,689,Overall,Overall,35,5,41,-2.0,-2.374171,0.755339,881,38,
1,690,Overall,Overall,35,16,41,0.5,0.725386,0.343129,1036,17,
1,691,Overall,Overall,35,5,41,-2.0,-1.9002,0.633872,905,32,
1,692,Overall,Overall,35,31,41,3.0,2.97757,0.419011,1149,21,
1,693,Overall,Overall,35,15,41,0.0,0.267771,0.362211,1013,18,
1,694,Overall,Overall,35,23,41,1.0,1.46394,0.350458,1073,18,
1,695,Overall,Overall,35,32,41,2.5,3.934395,0.513772,1197,26,
1,696,Overall,Overall,35,22,41,2.0,1.886961,0.355434,1094,18,
1,697,Overall,Overall,35,10,41,0.0,-0.280471,0.396798,986,20,
1,698,Overall,Overall,35,11,41,-1.5,-0.672144,0.438916,966,22,
1,699,Overall,Overall,35,8,41,-1.5,-0.836881,0.459168,958,23,
1,700,Overall,Overall,35,23,41,1.5,1.211679,0.353756,1061,18,
1,701,Overall,Overall,35,3,41,-1.0,-2.91617,0.875867,854,44,
1,702,Overall,Overall,35,19,41,1.0,1.085937,0.333486,1054,17,
1,703,Overall,Overall,35,19,41,1.5,1.431337,0.358233,1072,18,
1,704,Overall,Overall,35,33,41,2.5,3.869225,0.539698,1193,27,
1,705,Overall,Overall,35,1,41,-2.5,-5.0,1.684166,750,84,
1,706,Overall,Overall,35,4,41,-2.5,-2.634223,0.770493,868,39,
1,707,Overall,Overall,35,21,41,2.0,1.621967,0.341837,1081,17,
1,708,Overall,Overall,35,4,41,-2.5,-2.817857,0.823936,859,41,
1,709,Overall,Overall,35,6,41,-3.0,-1.150132,0.518642,942,26,
1,710,Overall,Overall,35,19,41,1.5,0.919587,0.34522,1046,17,
1,711,Overall,Overall,35,13,41,1.0,0.550383,0.379552,1028,19,
1,712,Overall,Overall,35,13,41,0.0,-0.0025,0.408659,1000,20,
1,713,Overall,Overall,35,8,41,-1.0,-1.015585,0.527745,949,26,
1,714,Overall,Overall,35,4,41,-2.0,-1.867278,0.595583,907,30,
1,715,Overall,Overall,35,26,41,3.0,2.46764,0.360914,1123,18,
1,716,Overall,Overall,35,14,41,0.5,0.199443,0.344345,1010,17,
1,717,Overall,Overall,35,8,41,-1.5,-1.014533,0.482863,949,24,
1,718,Overall,Overall,35,27,41,2.5,2.329504,0.366586,1116,18,
1,719,Overall,Overall,35,23,41,2.0,1.466451,0.334197,1073,17,
1,720,Overall,Overall,35,29,41,2.5,2.734398,0.374233,1137,19,
1,721,Overall,Overall,35,23,41,1.5,1.212418,0.332337,1061,17,
1,722,Overall,Overall,35,30,41,3.0,3.108708,0.441322,1155,22,
1,723,Overall,Overall,35,26,41,2.0,2.080397,0.354486,1104,18,
1,724,Overall,Overall,35,0,41,-2.5,-5.0,1.710307,750,86,
1,725,Overall,Overall,35,4,41,-3.0,-2.173957,0.673603,891,34,
1,726,Overall,Overall,35,20,41,1.0,1.090589,0.325465,1055,16,
1,727,Overall,Overall,35,6,41,-1.5,-1.589431,0.555793,921,28,
1,728,Overall,Overall,35,10,41,-0.5,-0.63877,0.409811,968,20,
1,729,Overall,Overall,35,8,41,-1.0,-1.232181,0.518254,938,26,
1,730,Overall,Overall,35,2,41,-3.0,-3.593407,1.041304,820,52,
1,731,Overall,Overall,35,6,41,-2.0,-1.864654,0.630995,907,32,
1,732,Overall,Overall,35,11,41,-1.0,-0.869181,0.482335,957,24,
1,733,Overall,Overall,35,20,41,0.5,0.963262,0.339944,1048,17,
1,734,Overall,Overall,35,3,41,-3.0,-3.394391,0.989276,830,49,
1,735,Overall,Overall,35,18,41,0.5,0.637889,0.336745,1032,17,
1,736,Overall,Overall,35,8,41,-2.0,-1.036461,0.473379,948,24,
1,737,Overall,Overall,35,9,41,-1.5,-0.897532,0.471952,955,24,
1,738,Overall,Overall,35,22,41,2.0,1.754572,0.33879,1088,17,
1,739,Overall,Overall,35,7,41,-1.0,-1.398906,0.503203,930,25,
1,740,Overall,Overall,35,2,41,-3.0,-3.100643,0.968427,845,48,
1,741,Overall,Overall,35,14,41,1.0,0.290583,0.360334,1015,18,
1,742,Overall,Overall,35,6,41,-2.0,-1.713663,0.601769,914,30,
1,743,Overall,Overall,35,4,41,-1.5,-2.164789,0.677951,892,34,
1,744,Overall,Overall,35,16,41,1.0,0.633168,0.317517,1032,16,
1,745,Overall,Overall,35,10,41,-0.5,-0.640767,0.414424,968,21,
1,746,Overall,Overall,35,29,41,3.0,2.746085,0.394875,1137,20,
1,747,Overall,Overall,35,25,41,2.0,2.220134,0.363009,1111,18,
1,748,Overall,Overall,35,4,41,-1.0,-2.362776,0.682069,882,34,
1,749,Overall,Overall,35,7,41,-1.0,-1.120259,0.477694,944,24,
1,750,Overall,Overall,35,23,41,2.5,2.077818,0.355746,1104,18,
1,751,Overall,Overall,35,6,41,-2.0,-1.935645,0.59064,903,30,
1,752,Overall,Overall,35,4,41,-3.0,-2.267393,0.761137,887,38,
1,753,Overall,Overall,35,5,41,-1.5,-1.758334,0.62077,912,31,
1,754,Overall,Overall,35,10,41,-0.5,-0.436038,0.388485,978,19,
1,755,Overall,Overall,35,1,41,-3.0,-4.871447,1.571407,756,79,
1,756,Overall,Overall,35,22,41,1.5,1.994439,0.340168,1100,17,
1,757,Overall,Overall,35,12,41,-0.5,-0.368974,0.39802,982,20,
1,758,Overall,Overall,35,5,41,-2.0,-2.054368,0.661681,897,33,
1,759,Overall,Overall,35,12,41,0.5,0.20144,0.375158,1010,19,
1,760,Overall,Overall,35,5,41,-3.0,-2.083181,0.686327,896,34,
1,761,Overall,Overall,35,28,41,3.0,2.753839,0.386183,1138,19,
1,762,Overall,Overall,35,6,41,-1.0,-1.434905,0.552171,928,28,
1,763,Overall,Overall,35,20,41,0.5,0.738341,0.32157,1037,16,
1,764,Overall,Overall,35,29,41,3.0,3.449514,0.479583,1172,24,
1,765,Overall,Overall,35,8,41,-0.5,-1.248079,0.492348,938,25,
1,766,Overall,Overall,35,28,41,1.5,1.941201,0.36211,1097,18,
1,767,Overall,Overall,35,11,41,-0.5,-0.572229,0.433701,971,22,
1,768,Overall,Overall,35,32,41,3.0,3.033736,0.417448,1152,21,
1,769,Overall,Overall,35,20,41,1.5,1.201161,0.335529,1060,17,
1,770,Overall,Overall,35,12,41,0.0,0.023262,0.373152,1001,19,
1,771,Overall,Overall,35,19,41,0.0,0.528566,0.33678,1026,17,
1,772,Overall,Overall,35,8,41,-0.5,-1.341883,0.512566,933,26,
1,773,Overall,Overall,35,9,41,-0.5,-0.242427,0.395771,988,20,
1,774,Overall,Overall,35,19,41,2.0,0.738337,0.350585,1037,18,
1,775,Overall,Overall,35,6,41,-1.5,-1.562187,0.553093,922,28,
1,776,Overall,Overall,35,27,41,2.5,2.30806,0.349722,1115,17,
1,777,Overall,Overall,35,18,41,1.0,0.474923,0.333992,1024,17,
1,778,Overall,Overall,35,25,41,2.5,2.287806,0.370568,1114,19,
1,779,Overall,Overall,35,6,41,-2.0,-1.856055,0.608671,907,30,
1,780,Overall,Overall,35,19,41,1.5,1.08299,0.327336,1054,16,
1,781,Overall,Overall,35,13,41,0.0,0.140757,0.338501,1007,17,
1,782,Overall,Overall,35,2,41,-2.5,-3.475528,1.024079,826,51,
1,783,Overall,Overall,35,23,41,1.5,1.269921,0.378058,1063,19,
1,784,Overall,Overall,35,15,41,0.5,0.274123,0.369213,1014,18,
1,785,Overall,Overall,35,15,41,0.5,0.584948,0.325707,1029,16,
1,786,Overall,Overall,35,7,41,-1.0,-1.244792,0.519982,938,26,
1,787,Overall,Overall,35,22,41,1.5,1.734292,0.346973,1087,17,
1,788,Overall,Overall,35,23,41,1.0,1.111792,0.362775,1056,18,
1,789,Overall,Overall,35,28,41,1.5,2.028687,0.357717,1101,18,
1,790,Overall,Overall,35,26,41,2.0,2.115571,0.362291,1106,18,
1,791,Overall,Overall,35,15,41,0.5,0.21727,0.358187,1011,18,
1,792,Overall,Overall,35,26,41,2.5,2.674111,0.397357,1134,20,
1,793,Overall,Overall,35,6,41,-1.5,-1.903173,0.648399,905,32,
1,794,Overall,Overall,35,28,41,2.5,2.957055,0.398339,1148,20,
1,795,Overall,Overall,35,4,41,-3.0,-2.905448,0.842208,855,42,
1,796,Overall,Overall,35,25,41,2.5,2.327117,0.350637,1116,18,
1,797,Overall,Overall,35,30,41,2.5,2.520135,0.362517,1126,18,
1,798,Overall,Overall,35,24,41,2.5,2.127245,0.38231,1106,19,
1,799,Overall,Overall,35,28,41,2.5,2.280659,0.39125,1114,20,
1,800,Overall,Overall,35,2,41,-2.5,-3.966692,1.158489,802,58,
1,801,Overall,Overall,35,5,41,-2.5,-1.781318,0.599012,911,30,
1,802,Overall,Overall,35,11,41,-1.0,-0.234134,0.388263,988,19,
1,803,Overall,Overall,35,15,41,1.0,0.264814,0.371968,1013,19,
1,804,Overall,Overall,35,4,41,-2.5,-3.057459,0.877236,847,44,
1,805,Overall,Overall,35,6,41,-2.0,-1.814344,0.614893,909,31,
1,806,Overall,Overall,35,33,41,3.0,3.143868,0.421228,1157,21,
1,807,Overall,Overall,35,16,41,1.0,0.652434,0.337646,1033,17,
1,808,Overall,Overall,35,17,41,1.5,1.198253,0.373939,1060,19,
1,809,Overall,Overall,35,12,41,0.0,-0.15653,0.40639,992,20,
1,810,Overall,Overall,35,8,41,-1.0,-0.918912,0.464834,954,23,
1,811,Overall,Overall,35,23,41,2.5,2.290357,0.34735,1115,17,
1,812,Overall,Overall,35,14,41,1.0,0.404423,0.3622,1020,18,
1,813,Overall,Overall,35,3,41,-2.0,-2.583466,0.773533,871,39,
1,814,Overall,Overall,35,27,41,2.5,1.826397,0.35749,1091,18,
1,815,Overall,Overall,35,6,41,-1.0,-1.801363,0.576385,910,29,
1,816,Overall,Overall,35,6,41,-2.0,-1.852442,0.607138,907,30,
1,817,Overall,Overall,35,2,41,-3.0,-3.955658,1.209596,802,60,
1,818,Overall,Overall,35,10,41,-0.5,-0.818275,0.44654,959,22,
1,819,Overall,Overall,35,5,41,-1.5,-2.169615,0.672501,892,34,
1,820,Overall,Overall,35,4,41,-3.0,-2.066891,0.715137,897,36,
1,821,Overall,Overall,35,6,41,-1.0,-2.12093,0.685006,894,34,
1,822,Overall,Overall,35,11,41,-0.5,-0.487267,0.423338,976,21,
1,823,Overall,Overall,35,14,41,1.0,0.489273,0.323903,1024,16,
1,824,Overall,Overall,35,14,41,0.5,0.430755,0.36918,1022,18,
1,825,Overall,Overall,35,7,41,-2.5,-1.390987,0.534813,930,27,
1,826,Overall,Overall,35,12,41,0.0,-0.127435,0.414111,994,21,
1,827,Overall,Overall,35,5,41,-2.0,-1.395969,0.522335,930,26,
1,828,Overall,Overall,35,10,41,-0.5,-0.389342,0.406272,981,20,
1,829,Overall,Overall,35,27,41,3.0,2.654839,0.37345,1133,19,
1,830,Overall,Overall,35,9,41,-3.0,-1.39675,0.543215,930,27,
1,831,Overall,Overall,35,33,41,2.5,2.88026,0.413244,1144,21,
1,832,Overall,Overall,35,12,41,-0.5,-0.25366,0.372038,987,19,
1,833,Overall,Overall,35,15,41,0.5,0.454,0.359445,1023,18,
1,834,Overall,Overall,35,14,41,0.5,-0.058272,0.383175,997,19,
1,835,Overall,Overall,35,10,41,-1.5,-0.869755,0.487976,957,24,
1,836,Overall,Overall,35,5,41,-2.0,-2.283207,0.693754,886,35,
1,837,Overall,Overall,35,15,41,0.5,0.232571,0.391799,1012,20,
1,838,Overall,Overall,35,13,41,0.0,-0.179209,0.382283,991,19,
1,839,Overall,Overall,35,5,41,-1.5,-2.461548,0.722928,877,36,
1,840,Overall,Overall,35,4,41,-2.5,-2.37979,0.754688,881,38,
1,841,Overall,Overall,35,6,41,-2.0,-1.252306,0.497825,937,25,
1,842,Overall,Overall,35,32,41,3.0,4.330191,0.536387,1217,27,
1,843,Overall,Overall,35,17,41,0.5,0.877741,0.346577,1044,17,
1,844,Overall,Overall,35,25,41,2.5,2.02453,0.342504,1101,17,
1,845,Overall,Overall,35,11,41,-1.0,-0.431046,0.406336,978,20,
1,846,Overall,Overall,35,29,41,2.5,2.478759,0.360522,1124,18,
1,847,Overall,Overall,35,29,41,2.5,2.724548,0.401922,1136,20,
1,848,Overall,Overall,35,1,41,-3.0,-4.014874,1.25586,799,63,
1,849,Overall,Overall,35,17,41,1.0,0.791851,0.339089,1040,17,
1,850,Overall,Overall,35,25,41,2.0,1.636912,0.343923,1082,17,
1,851,Overall,Overall,35,16,41,0.0,0.056433,0.366992,1003,18,
1,852,Overall,Overall,35,0,41,-3.0,-5.0,1.646301,750,82,
1,853,Overall,Overall,35,3,41,-2.5,-2.658532,0.770609,867,39,
1,854,Overall,Overall,35,14,41,0.0,0.263572,0.332768,1013,17,
1,855,Overall,Overall,35,22,41,2.0,2.111242,0.354087,1106,18,
1,856,Overall,Overall,35,4,41,-3.0,-2.837917,0.813005,858,41,
1,857,Overall,Overall,35,2,41,-3.0,-3.402469,1.074133,830,54,
1,858,Overall,Overall,35,15,41,0.5,0.556065,0.32204,1028,16,
1,859,Overall,Overall,35,9,41,-1.0,-0.661763,0.437911,967,22,
1,860,Overall,Overall,35,8,41,-1.5,-0.979877,0.489677,951,24,
1,861,Overall,Overall,35,18,41,1.0,0.924376,0.361529,1046,18,
1,862,Overall,Overall,35,17,41,1.5,1.013546,0.352415,1051,18,
1,863,Overall,Overall,35,2,41,-2.0,-3.460413,0.999783,827,50,
1,864,Overall,Overall,35,2,41,-3.0,-3.916407,1.176151,804,59,
1,865,Overall,Overall,35,30,41,3.0,3.17128,0.412095,1159,21,
1,866,Overall,Overall,35,7,41,-2.0,-1.771436,0.608098,911,30,
1,867,Overall,Overall,35,20,41,1.0,1.134692,0.331144,1057,17,
1,868,Overall,Overall,35,19,41,1.0,0.818339,0.334497,1041,17,
1,869,Overall,Overall,35,4,41,-3.0,-2.460161,0.751437,877,38,
1,870,Overall,Overall,35,34,41,3.0,3.420519,0.48044,1171,24,
1,871,Overall,Overall,35,4,41,-2.0,-2.434544,0.749779,878,37,
1,872,Overall,Overall,35,7,41,-1.0,-0.892962,0.511107,955,26,
1,873,Overall,Overall,35,3,41,-3.0,-3.271662,0.94097,836,47,
1,874,Overall,Overall,35,22,41,0.5,1.08862,0.355923,1054,18,
1,875,Overall,Overall,35,4,41,-1.0,-1.879759,0.651531,906,33,
1,876,Overall,Overall,35,21,41,0.5,1.009527,0.364713,1050,18,
1,877,Overall,Overall,35,30,41,3.0,3.144422,0.446216,1157,22,
1,878,Overall,Overall,35,28,41,2.0,2.400288,0.370677,1120,19,
1,879,Overall,Overall,35,25,41,2.5,2.207186,0.356136,1110,18,
1,880,Overall,Overall,35,12,41,0.0,-0.170486,0.359078,991,18,
1,881,Overall,Overall,35,8,41,-0.5,-0.913292,0.464177,954,23,
1,882,Overall,Overall,35,6,41,-1.0,-1.59303,0.572555,920,29,
1,883,Overall,Overall,35,5,41,-2.0,-1.995937,0.638464,900,32,
1,884,Overall,Overall,35,8,41,-1.0,-0.515096,0.394919,974,20,
1,885,Overall,Overall,35,23,41,2.5,2.124451,0.37029,1106,19,
1,886,Overall,Overall,35,6,41,-2.5,-1.943036,0.645109,903,32,
1,887,Overall,Overall,35,26,41,1.5,1.619253,0.343153,1081,17,
1,888,Overall,Overall,35,11,41,-0.5,-0.491139,0.384581,975,19,
1,889,Overall,Overall,35,11,41,0.5,-0.014796,0.384024,999,19,
1,890,Overall,Overall,35,19,41,0.5,0.66112,0.374977,1033,19,
1,891,Overall,Overall,35,5,41,-1.5,-1.400576,0.560829,930,28,
1,892,Overall,Overall,35,13,41,0.5,0.359438,0.355448,1018,18,
1,893,Overall,Overall,35,19,41,1.0,0.873784,0.330778,1044,17,
1,894,Overall,Overall,35,23,41,1.5,1.208435,0.374879,1060,19,
1,895,Overall,Overall,35,5,41,-2.0,-1.733975,0.600788,913,30,
1,896,Overall,Overall,35,31,41,3.0,2.86644,0.397258,1143,20,
1,897,Overall,Overall,35,16,41,-0.5,0.305968,0.398285,1015,20,
1,898,Overall,Overall,35,9,41,-1.0,-1.064549,0.458548,947,23,
1,899,Overall,Overall,35,4,41,-2.0,-2.159042,0.742759,892,37,
1,900,Overall,Overall,35,14,41,0.0,0.129867,0.345858,1006,17,
1,901,Overall,Overall,35,25,41,2.0,1.436992,0.355653,1072,18,
1,902,Overall,Overall,35,13,41,-0.5,-0.183368,0.384346,991,19,
1,903,Overall,Overall,35,8,41,0.0,-0.38246,0.384778,981,19,
1,904,Overall,Overall,35,17,41,1.5,1.352008,0.384386,1068,19,
1,905,Overall,Overall,35,1,41,-3.0,-4.567798,1.482511,772,74,
1,906,Overall,Overall,35,31,41,3.0,2.787748,0.400296,1139,20,
1,907,Overall,Overall,35,7,41,-2.5,-1.508287,0.562638,925,28,
1,908,Overall,Overall,35,13,41,1.0,0.378808,0.340978,1019,17,
1,909,Overall,Overall,35,19,41,1.0,0.968359,0.342341,1048,17,
1,910,Overall,Overall,35,11,41,0.5,-0.34848,0.418849,983,21,
1,911,Overall,Overall,35,8,41,-2.0,-0.884152,0.46625,956,23,
1,912,Overall,Overall,35,26,41,2.0,2.392056,0.371012,1120,19,
1,913,Overall,Overall,35,11,41,0.0,-0.494139,0.400049,975,20,
1,914,Overall,Overall,35,8,41,0.0,-0.66302,0.495283,967,25,
1,915,Overall,Overall,35,12,41,-0.5,-0.267035,0.402149,987,20,
1,916,Overall,Overall,35,15,41,0.5,0.539847,0.388529,1027,19,
1,917,Overall,Overall,35,3,41,-2.0,-2.976838,0.881921,851,44,
1,918,Overall,Overall,35,1,41,-2.5,-5.0,1.709659,750,85,
1,919,Overall,Overall,35,20,41,0.5,0.796716,0.327888,1040,16,
1,920,Overall,Overall,35,7,41,-2.5,-1.787847,0.597747,911,30,
1,921,Overall,Overall,35,20,41,1.0,1.443905,0.348203,1072,17,
1,922,Overall,Overall,35,10,41,-1.5,-1.081724,0.511752,946,26,
1,923,Overall,Overall,35,31,41,3.0,3.032019,0.418549,1152,21,
1,924,Overall,Overall,35,3,41,-2.5,-2.968522,0.87079,852,44,
1,925,Overall,Overall,35,26,41,1.0,1.647321,0.333869,1082,17,
1,926,Overall,Overall,35,20,41,1.0,0.747714,0.358127,1037,18,
1,927,Overall,Overall,35,9,41,-0.5,-1.065191,0.485609,947,24,
1,928,Overall,Overall,35,20,41,1.0,1.225532,0.343253,1061,17,
1,929,Overall,Overall,35,22,41,2.5,2.028843,0.360703,1101,18,
1,930,Overall,Overall,35,10,41,-1.0,-0.79555,0.420332,960,21,
1,931,Overall,Overall,35,9,41,-0.5,-0.212428,0.402958,989,20,
1,932,Overall,Overall,35,1,41,-2.0,-4.37114,1.457215,781,73,
1,933,Overall,Overall,35,17,41,1.0,0.94314,0.363695,1047,18,
1,934,Overall,Overall,35,18,41,1.0,0.603332,0.347139,1030,17,
1,935,Overall,Overall,35,15,41,0.5,0.56766,0.354656,1028,18,
1,936,Overall,Overall,35,8,41,-1.0,-1.296397,0.516136,935,26,
1,937,Overall,Overall,35,4,41,-2.5,-2.435268,0.746833,878,37,
1,938,Overall,Overall,35,19,41,2.0,1.442493,0.364468,1072,18,
1,939,Overall,Overall,35,6,41,-0.5,-1.078145,0.53829,946,27,
1,940,Overall,Overall,35,25,41,2.0,2.056455,0.340498,1103,17,
1,941,Overall,Overall,35,14,41,-0.5,-0.159868,0.378207,992,19,
1,942,Overall,Overall,35,28,41,3.0,2.287809,0.353525,1114,18,
1,943,Overall,Overall,35,14,41,-0.5,0.173115,0.436551,1009,22,
1,944,Overall,Overall,35,21,41,2.0,1.642306,0.351846,1082,18,
1,945,Overall,Overall,35,10,41,-1.0,-0.753778,0.4167,962,21,
1,946,Overall,Overall,35,32,41,3.0,3.79964,0.514238,1190,26,
1,947,Overall,Overall,35,5,41,-2.5,-2.136476,0.679194,893,34,
1,948,Overall,Overall,35,7,41,-2.5,-1.679672,0.598632,916,30,
1,949,Overall,Overall,35,4,41,-3.0,-2.670475,0.815656,866,41,
1,950,Overall,Overall,35,30,41,2.0,2.993494,0.417897,1150,21,
1,951,Overall,Overall,35,23,41,1.5,1.703508,0.326293,1085,16,
1,952,Overall,Overall,35,20,41,1.0,0.865239,0.350621,1043,18,
1,953,Overall,Overall,35,6,41,-1.0,-1.536932,0.589623,923,29,
1,954,Overall,Overall,35,4,41,-1.5,-2.561401,0.781218,872,39,
1,955,Overall,Overall,35,9,41,-2.0,-1.358207,0.514803,932,26,
1,956,Overall,Overall,35,3,41,-3.0,-3.145646,0.94682,843,47,
1,957,Overall,Overall,35,2,41,-3.0,-4.104708,1.335268,795,67,
1,958,Overall,Overall,35,29,41,3.0,2.912583,0.386829,1146,19,
1,959,Overall,Overall,35,34,41,3.0,3.226143,0.453683,1161,23,
1,960,Overall,Overall,35,1,41,-3.0,-5.0,1.678059,750,84,
1,961,Overall,Overall,35,8,41,0.0,-0.608755,0.4667,970,23,
1,962,Overall,Overall,35,27,41,3.0,2.716994,0.386644,1136,19,
1,963,Overall,Overall,35,21,41,1.0,1.055847,0.355412,1053,18,
1,964,Overall,Overall,35,16,41,0.0,0.336577,0.358616,1017,18,
1,965,Overall,Overall,35,2,41,-3.0,-3.19207,0.959116,840,48,
1,966,Overall,Overall,35,13,41,0.0,-0.107492,0.37789,995,19,
1,967,Overall,Overall,35,7,41,-2.0,-1.284906,0.529611,936,26,
1,968,Overall,Overall,35,4,41,-2.0,-2.629876,0.780368,869,39,
1,969,Overall,Overall,35,6,41,-2.5,-1.702252,0.59079,915,30,
1,970,Overall,Overall,35,9,41,-2.0,-0.877689,0.455562,956,23,
1,971,Overall,Overall,35,23,41,1.0,1.706715,0.338214,1085,17,
1,972,Overall,Overall,35,30,41,2.5,2.414213,0.395743,1121,20,
1,973,Overall,Overall,35,34,41,3.0,3.547697,0.521163,1177,26,
1,974,Overall,Overall,35,33,41,2.5,3.533195,0.487263,1177,24,
1,975,Overall,Overall,35,31,41,3.0,3.137159,0.429479,1157,21,
1,976,Overall,Overall,35,5,41,-2.0,-2.382406,0.719128,881,36,
1,977,Overall,Overall,35,9,41,-1.5,-1.144316,0.491361,943,25,
1,978,Overall,Overall,35,25,41,2.0,1.332304,0.36051,1067,18,
1,979,Overall,Overall,35,14,41,0.5,0.359237,0.363932,1018,18,
1,980,Overall,Overall,35,19,41,1.5,1.138161,0.350547,1057,18,
1,981,Overall,Overall,35,18,41,2.0,1.498084,0.370996,1075,19,
1,982,Overall,Overall,35,4,41,-2.5,-2.783759,0.82426,861,41,
1,983,Overall,Overall,35,28,41,2.0,2.553978,0.362914,1128,18,
1,984,Overall,Overall,35,14,41,0.0,-0.302011,0.386751,985,19,
1,985,Overall,Overall,35,6,41,-1.5,-1.016083,0.474962,949,24,
1,986,Overall,Overall,35,14,41,1.0,0.377864,0.365244,1019,18,
1,987,Overall,Overall,35,4,41,-2.5,-1.902663,0.616536,905,31,
1,988,Overall,Overall,35,24,41,2.0,1.683835,0.337729,1084,17,
1,989,Overall,Overall,35,11,41,0.0,-0.160863,0.375295,992,19,
1,990,Overall,Overall,35,2,41,-2.0,-3.581795,1.095499,821,55,
1,991,Overall,Overall,35,15,41,0.0,0.41909,0.356012,1021,18,
1,992,Overall,Overall,35,26,41,1.5,1.651462,0.352957,1083,18,
1,993,Overall,Overall,35,13,41,-0.5,-0.216528,0.430791,989,22,
1,994,Overall,Overall,35,10,41,-0.5,-0.81347,0.448101,959,22,
1,995,Overall,Overall,35,34,41,3.0,3.510222,0.492108,1176,25,
1,996,Overall,Overall,35,10,41,-1.0,-0.467066,0.392011,977,20,
1,997,Overall,Overall,35,4,41,-3.0,-2.471881,0.726606,876,36,
1,998,Overall,Overall,35,18,41,1.5,0.803729,0.342006,1040,17,
1,999,Overall,Overall,35,27,41,2.5,2.719566,0.379755,1136,19,
1,1000,Overall,Overall,35,16,41,0.0,0.427302,0.327456,1021,16,
1,1001,Overall,Overall,35,14,41,0.5,0.177946,0.401229,1009,20,
1,1002,Overall,Overall,35,11,41,-0.5,-0.725831,0.443598,964,22,
1,1003,Overall,Overall,35,21,41,1.0,1.296107,0.328872,1065,16,
1,1004,Overall,Overall,35,13,41,0.0,0.021848,0.358742,1001,18,
1,1005,Overall,Overall,35,20,41,0.5,0.834803,0.354826,1042,18,
1,1006,Overall,Overall,35,9,41,-0.5,-0.859935,0.46934,957,23,
1,1007,Overall,Overall,35,21,41,2.0,1.784626,0.36982,1089,18,
1,1008,Overall,Overall,35,4,41,-3.0,-2.874025,0.818779,856,41,
1,1009,Overall,Overall,35,19,41,1.5,1.232124,0.321852,1062,16,
1,1010,Overall,Overall,35,3,41,-2.0,-2.678428,0.831715,866,42,
1,1011,Overall,Overall,35,22,41,1.5,1.563745,0.34963,1078,17,
1,1012,Overall,Overall,35,7,41,-2.0,-1.384608,0.517182,931,26,
1,1013,Overall,Overall,35,21,41,2.0,0.886907,0.348998,1044,17,
1,1014,Overall,Overall,35,27,41,2.5,2.512481,0.372663,1126,19,
1,1015,Overall,Overall,35,3,41,-2.5,-2.666375,0.826055,867,41,
1,1016,Overall,Overall,35,9,41,-1.0,-0.69864,0.454182,965,23,
1,1017,Overall,Overall,35,7,41,-1.5,-1.5208,0.555668,924,28,
1,1018,Overall,Overall,35,20,41,1.0,0.898826,0.34798,1045,17,
1,1019,Overall,Overall,35,22,41,0.5,1.291911,0.326716,1065,16,
1,1020,Overall,Overall,35,19,41,1.0,0.630566,0.358964,1032,18,
1,1021,Overall,Overall,35,7,41,-2.0,-1.700938,0.590644,915,30,
1,1022,Overall,Overall,35,9,41,-1.0,-1.04883,0.462369,948,23,
1,1023,Overall,Overall,35,22,41,1.0,1.42803,0.320726,1071,16,
1,1024,Overall,Overall,35,4,41,-2.5,-2.640397,0.774379,868,39,
1,1025,Overall,Overall,35,21,41,1.0,0.79381,0.344747,1040,17,
1,1026,Overall,Overall,35,11,41,-0.5,-0.442074,0.445662,978,22,
1,1027,Overall,Overall,35,26,41,1.5,2.00448,0.339803,1100,17,
1,1028,Overall,Overall,35,17,41,0.5,0.349736,0.337947,1017,17,
1,1029,Overall,Overall,35,30,41,3.0,3.497479,0.485053,1175,24,
1,1030,Overall,Overall,35,10,41,-0.5,-0.732839,0.444319,963,22,
1,1031,Overall,Overall,35,1,41,-3.0,-5.0,1.727623,750,86,
1,1032,Overall,Overall,35,27,41,2.0,1.862107,0.339151,1093,17,
1,1033,Overall,Overall,35,4,41,-2.0,-2.786564,0.797915,861,40,
1,1034,Overall,Overall,35,10,41,-0.5,-0.565757,0.44129,972,22,
1,1035,Overall,Overall,35,8,41,-1.0,-0.998707,0.479984,950,24,
1,1036,Overall,Overall,35,31,41,3.0,3.106769,0.415238,1155,21,
1,1037,Overall,Overall,35,4,41,-2.0,-2.125529,0.691438,894,35,
1,1038,Overall,Overall,35,22,41,1.5,1.481688,0.329572,1074,16,
1,1039,Overall,Overall,35,30,41,2.5,2.801518,0.403272,1140,20,
1,1040,Overall,Overall,35,6,41,-1.0,-1.562634,0.624679,922,31,
1,1041,Overall,Overall,35,21,41,1.5,1.461628,0.343215,1073,17,
1,1042,Overall,Overall,35,35,41,2.5,3.321549,0.456819,1166,23,
1,1043,Overall,Overall,35,15,41,-0.5,0.156631,0.374884,1008,19,
1,1044,Overall,Overall,35,32,41,3.0,3.367856,0.457955,1168,23,
1,1045,Overall,Overall,35,5,41,-2.0,-2.0433,0.678719,898,34,
1,1046,Overall,Overall,35,29,41,3.0,3.230854,0.472515,1162,24,
1,1047,Overall,Overall,35,28,41,2.5,2.497698,0.3741,1125,19,
1,1048,Overall,Overall,35,8,41,-1.0,-0.929978,0.468165,954,23,
1,1049,Overall,Overall,35,28,41,2.5,2.225354,0.37856,1111,19,
1,1050,Overall,Overall,35,20,41,1.5,1.020151,0.359546,1051,18,
1,1051,Overall,Overall,35,6,41,-0.5,-1.813474,0.607483,909,30,
1,1052,Overall,Overall,35,6,41,-3.0,-1.710876,0.589397,914,29,
1,1053,Overall,Overall,35,31,41,3.0,3.572016,0.491201,1179,25,
1,1054,Overall,Overall,35,25,41,2.0,2.535958,0.363249,1127,18,
1,1055,Overall,Overall,35,24,41,1.0,1.507358,0.35871,1075,18,
1,1056,Overall,Overall,35,27,41,2.5,2.276724,0.351608,1114,18,
1,1057,Overall,Overall,35,21,41,0.5,0.735839,0.320064,1037,16,
1,1058,Overall,Overall,35,8,41,-1.5,-1.422846,0.540706,929,27,
1,1059,Overall,Overall,35,9,41,0.0,-0.443399,0.385337,978,19,
1,1060,Overall,Overall,35,2,41,-2.0,-4.062232,1.18926,797,59,
1,1061,Overall,Overall,35,3,41,-3.0,-3.491571,0.996172,825,50,
1,1062,Overall,Overall,35,18,41,1.0,0.982832,0.33047,1049,17,
1,1063,Overall,Overall,35,4,41,-1.5,-2.694281,0.754536,865,38,
1,1064,Overall,Overall,35,4,41,-1.5,-2.096132,0.673026,895,34,
1,1065,Overall,Overall,35,18,41,0.5,0.615807,0.341883,1031,17,
1,1066,Overall,Overall,35,12,41,-1.0,-0.741903,0.450801,963,23,
1,1067,Overall,Overall,35,28,41,3.0,2.883677,0.435131,1144,22,
1,1068,Overall,Overall,35,14,41,0.5,0.433368,0.335322,1022,17,
1,1069,Overall,Overall,35,26,41,2.5,2.59735,0.381838,1130,19,
1,1070,Overall,Overall,35,8,41,-1.5,-1.388366,0.52939,931,26,
1,1071,Overall,Overall,35,11,41,0.0,-0.09672,0.355977,995,18,
1,1072,Overall,Overall,35,18,41,0.5,0.875568,0.360379,1044,18,
1,1073,Overall,Overall,35,13,41,0.5,0.376317,0.37265,1019,19,
1,1074,Overall,Overall,35,30,41,3.0,2.860967,0.406648,1143,20,
1,1075,Overall,Overall,35,1,41,-3.0,-4.564216,1.415988,772,71,
1,1076,Overall,Overall,35,28,41,2.0,1.85657,0.335184,1093,17,
1,1077,Overall,Overall,35,6,41,-1.5,-1.773604,0.614709,911,31,
1,1078,Overall,Overall,35,16,41,0.5,0.738228,0.362128,1037,18,
1,1079,Overall,Overall,35,3,41,-3.0,-3.498584,1.058299,825,53,
1,1080,Overall,Overall,35,21,41,1.5,1.498884,0.345141,1075,17,
1,1081,Overall,Overall,35,15,41,0.5,0.199386,0.347641,1010,17,
1,1082,Overall,Overall,35,21,41,0.5,1.373259,0.353878,1069,18,
1,1083,Overall,Overall,35,3,41,-3.0,-3.05447,0.860562,847,43,
1,1084,Overall,Overall,35,5,41,-3.0,-2.202049,0.693478,890,35,
1,1085,Overall,Overall,35,2,41,-2.5,-3.673061,1.114307,816,56,
1,1086,Overall,Overall,35,4,41,-3.0,-2.340843,0.715643,883,36,
1,1087,Overall,Overall,35,5,41,-2.0,-1.601627,0.606916,920,30,
1,1088,Overall,Overall,35,8,41,-1.0,-1.22798,0.523912,939,26,
1,1089,Overall,Overall,35,23,41,2.5,2.302434,0.373422,1115,19,
1,1090,Overall,Overall,35,5,41,-2.5,-1.925233,0.593644,904,30,
1,1091,Overall,Overall,35,30,41,3.0,3.121823,0.431295,1156,22,
1,1092,Overall,Overall,35,9,41,-1.0,-0.46906,0.441676,977,22,
1,1093,Overall,Overall,35,26,41,2.0,1.671634,0.36858,1084,18,
1,1094,Overall,Overall,35,14,41,0.0,0.311139,0.352922,1016,18,
1,1095,Overall,Overall,35,3,41,-3.0,-3.224182,0.919596,839,46,
1,1096,Overall,Overall,35,16,41,1.5,0.916677,0.345898,1046,17,
1,1097,Overall,Overall,35,7,41,-1.5,-1.691112,0.620787,915,31,
1,1098,Overall,Overall,35,23,41,1.5,1.226655,0.347975,1061,17,
1,1099,Overall,Overall,35,7,41,-1.5,-1.358123,0.553828,932,28,
1,1100,Overall,Overall,35,17,41,1.0,0.660488,0.341401,1033,17,
1,1101,Overall,Overall,35,23,41,2.0,1.59074,0.349984,1080,17,
1,1102,Overall,Overall,35,3,41,-2.0,-3.124498,0.938874,844,47,
1,1103,Overall,Overall,35,13,41,0.0,-0.18043,0.401467,991,20,
1,1104,Overall,Overall,35,30,41,2.5,2.770803,0.389068,1139,19,
1,1105,Overall,Overall,35,7,41,-1.0,-1.08186,0.487944,946,24,
1,1106,Overall,Overall,35,25,41,1.5,2.027879,0.358026,1101,18,
1,1107,Overall,Overall,35,6,41,-1.5,-1.504539,0.551602,925,28,
1,1108,Overall,Overall,35,32,41,3.0,3.261151,0.462139,1163,23,
1,1109,Overall,Overall,35,29,41,2.0,2.320455,0.388452,1116,19,
1,1110,Overall,Overall,35,27,41,3.0,2.444758,0.35706,1122,18,
1,1111,Overall,Overall,35,28,41,2.0,2.139546,0.347332,1107,17,
1,1112,Overall,Overall,35,30,41,2.5,2.850029,0.419056,1143,21,
1,1113,Overall,Overall,35,25,41,2.0,2.045147,0.366088,1102,18,
1,1114,Overall,Overall,35,9,41,-1.0,-0.871756,0.46334,956,23,
1,1115,Overall,Overall,35,23,41,1.5,1.920481,0.340114,1096,17,
1,1116,Overall,Overall,35,2,41,-2.5,-3.601951,1.083225,820,54,
1,1117,Overall,Overall,35,26,41,2.0,2.1494,0.348946,1107,17,
1,1118,Overall,Overall,35,7,41,-2.0,-1.857259,0.619001,907,31,
1,1119,Overall,Overall,35,26,41,1.5,1.554227,0.35455,1078,18,
1,1120,Overall,Overall,35,8,41,-0.5,-0.774812,0.44343,961,22,
1,1121,Overall,Overall,35,17,41,0.5,0.984516,0.356962,1049,18,
1,1122,Overall,Overall,35,14,41,0.0,0.120089,0.369338,1006,18,
1,1123,Overall,Overall,35,6,41,-2.0,-1.707692,0.59148,915,30,
1,1124,Overall,Overall,35,6,41,-0.5,-1.829573,0.635518,909,32,
1,1125,Overall,Overall,35,4,41,-2.5,-2.737191,0.8154,863,41,
1,1126,Overall,Overall,35,10,41,0.0,-0.414687,0.394621,979,20,
1,1127,Overall,Overall,35,11,41,-0.5,-0.243196,0.413035,988,21,
1,1128,Overall,Overall,35,30,41,2.5,2.689637,0.376349,1134,19,
1,1129,Overall,Overall,35,14,41,0.0,0.066391,0.373447,1003,19,
1,1130,Overall,Overall,35,12,41,0.5,-0.044851,0.378414,998,19,
1,1131,Overall,Overall,35,12,41,-0.5,-0.448814,0.38089,978,19,
1,1132,Overall,Overall,35,13,41,0.5,0.551039,0.361678,1028,18,
1,1133,Overall,Overall,35,27,41,2.5,2.496123,0.372561,1125,19,
1,1134,Overall,Overall,35,18,41,1.5,0.880189,0.338506,1044,17,
1,1135,Overall,Overall,35,7,41,-1.0,-1.102648,0.491215,945,25,
1,1136,Overall,Overall,35,20,41,1.5,1.539882,0.335908,1077,17,
1,1137,Overall,Overall,35,16,41,1.0,0.902431,0.382578,1045,19,
1,1138,Overall,Overall,35,4,41,-2.5,-2.648349,0.773578,868,39,
1,1139,Overall,Overall,35,28,41,2.5,2.280828,0.343554,1114,17,
1,1140,Overall,Overall,35,5,41,-1.0,-1.996611,0.645468,900,32,
1,1141,Overall,Overall,35,27,41,2.0,1.790228,0.340814,1090,17,
1,1142,Overall,Overall,35,4,41,-3.0,-2.228309,0.692264,889,35,
1,1143,Overall,Overall,35,19,41,1.0,1.232816,0.35886,1062,18,
1,1144,Overall,Overall,35,28,41,2.5,2.375754,0.357448,1119,18,
1,1145,Overall,Overall,35,24,41,2.0,1.643701,0.341653,1082,17,
1,1146,Overall,Overall,35,19,41,1.5,1.189507,0.343087,1059,17,
1,1147,Overall,Overall,35,12,41,-0.5,-0.236325,0.363855,988,18,
1,1148,Overall,Overall,35,6,41,-1.0,-1.795119,0.608863,910,30,
1,1149,Overall,Overall,35,8,41,-1.0,-1.326903,0.531311,934,27,
1,1150,Overall,Overall,35,3,41,-3.0,-2.897247,0.894744,855,45,
1,1151,Overall,Overall,35,5,41,-2.0,-1.945322,0.671325,903,34,
1,1152,Overall,Overall,35,29,41,3.0,2.860622,0.400282,1143,20,
1,1153,Overall,Overall,35,4,41,-2.5,-2.562926,0.758175,872,38,
1,1154,Overall,Overall,35,10,41,-1.0,-0.957597,0.463062,952,23,
1,1155,Overall,Overall,35,25,41,2.5,2.028372,0.341985,1101,17,
1,1156,Overall,Overall,35,14,41,1.0,0.334886,0.383021,1017,19,
1,1157,Overall,Overall,35,3,41,-3.0,-3.165296,0.910987,842,46,
1,1158,Overall,Overall,35,22,41,1.0,1.595899,0.345823,1080,17,
1,1159,Overall,Overall,35,12,41,-0.5,-0.306936,0.407606,985,20,
1,1160,Overall,Overall,35,14,41,0.5,0.191194,0.352789,1010,18,
1,1161,Overall,Overall,35,26,41,2.5,2.358038,0.361646,1118,18,
1,1162,Overall,Overall,35,25,41,2.5,2.317838,0.360658,1116,18,
1,1163,Overall,Overall,35,12,41,-0.5,-0.57888,0.406576,971,20,
1,1164,Overall,Overall,35,27,41,2.5,2.561255,0.378141,1128,19,
1,1165,Overall,Overall,35,2,41,-3.0,-3.605422,1.062854,820,53,
1,1166,Overall,Overall,35,17,41,1.5,0.998379,0.351032,1050,18,
1,1167,Overall,Overall,35,24,41,2.0,1.944465,0.352781,1097,18,
1,1168,Overall,Overall,35,7,41,-1.5,-1.854152,0.605215,907,30,
1,1169,Overall,Overall,35,7,41,-2.5,-1.37016,0.554817,931,28,
1,1170,Overall,Overall,35,27,41,3.0,2.406785,0.359409,1120,18,
1,1171,Overall,Overall,35,28,41,2.0,1.964509,0.33808,1098,17,
1,1172,Overall,Overall,35,31,41,2.5,2.942715,0.416279,1147,21,
1,1173,Overall,Overall,35,20,41,1.0,1.349165,0.34436,1067,17,
1,1174,Overall,Overall,35,26,41,1.5,1.481663,0.348877,1074,17,
1,1175,Overall,Overall,35,9,41,-1.0,-1.097821,0.507169,945,25,
1,1176,Overall,Overall,35,27,41,1.5,2.229011,0.364171,1111,18,
1,1177,Overall,Overall,35,13,41,0.0,0.321664,0.353357,1016,18,
1,1178,Overall,Overall,35,16,41,1.5,0.920537,0.356949,1046,18,
1,1179,Overall,Overall,35,6,41,-1.5,-1.472805,0.557794,926,28,
1,1180,Overall,Overall,35,10,41,0.0,-0.44426,0.412064,978,21,
1,1181,Overall,Overall,35,4,41,-2.0,-2.401438,0.740727,880,37,
1,1182,Overall,Overall,35,18,41,1.0,0.544712,0.333039,1027,17,
1,1183,Overall,Overall,35,3,41,-1.5,-2.793332,0.848792,860,42,
1,1184,Overall,Overall,35,11,41,0.5,-0.046983,0.384784,998,19,
1,1185,Overall,Overall,35,8,41,-1.0,-1.177834,0.526197,941,26,
1,1186,Overall,Overall,35,4,41,-3.0,-2.839853,0.806756,858,40,
1,1187,Overall,Overall,35,7,41,-0.5,-1.155918,0.537938,942,27,
1,1188,Overall,Overall,35,23,41,2.0,2.112273,0.354013,1106,18,
1,1189,Overall,Overall,35,8,41,-2.0,-1.500573,0.558861,925,28,
1,1190,Overall,Overall,35,29,41,2.5,2.765403,0.381998,1138,19,
1,1191,Overall,Overall,35,26,41,2.5,1.951296,0.363748,1098,18,
1,1192,Overall,Overall,35,7,41,-1.5,-1.46247,0.554789,927,28,
1,1193,Overall,Overall,35,9,41,-0.5,-0.770218,0.473466,961,24,
1,1194,Overall,Overall,35,7,41,-0.5,-1.382683,0.54476,931,27,
1,1195,Overall,Overall,35,2,41,-3.0,-3.730994,1.095559,813,55,
1,1196,Overall,Overall,35,31,41,3.0,3.7469,0.512729,1187,26,
1,1197,Overall,Overall,35,9,41,-1.0,-0.526629,0.412908,974,21,
1,1198,Overall,Overall,35,15,41,0.0,0.141907,0.390487,1007,20,
1,1199,Overall,Overall,35,24,41,1.5,1.568479,0.338389,1078,17,
1,1200,Overall,Overall,35,13,41,0.5,-0.068359,0.36852,997,18,
1,1201,Overall,Overall,35,10,41,0.0,-0.536862,0.431883,973,22,
1,1202,Overall,Overall,35,3,41,-2.5,-3.082609,0.910303,846,46,
1,1203,Overall,Overall,35,22,41,1.5,1.830853,0.350087,1092,18,
1,1204,Overall,Overall,35,1,41,-3.0,-5.0,1.688601,750,84,
1,1205,Overall,Overall,35,6,41,-3.0,-2.035984,0.626967,898,31,
1,1206,Overall,Overall,35,3,41,-2.0,-2.803522,0.85811,860,43,
1,1207,Overall,Overall,35,14,41,0.5,0.386184,0.370059,1019,19,
1,1208,Overall,Overall,35,15,41,0.5,0.304291,0.33582,1015,17,
1,1209,Overall,Overall,35,15,41,0.0,0.197606,0.345806,1010,17,
1,1210,Overall,Overall,35,2,41,-2.0,-3.097792,0.923117,845,46,
1,1211,Overall,Overall,35,22,41,2.0,1.831601,0.369313,1092,18,
1,1212,Overall,Overall,35,4,41,-3.0,-2.906624,0.807142,855,40,
1,1213,Overall,Overall,35,10,41,0.0,-0.272876,0.388184,986,19,
1,1214,Overall,Overall,35,4,41,-2.5,-2.269094,0.680339,887,34,
1,1215,Overall,Overall,35,16,41,0.0,0.524765,0.352485,1026,18,
1,1216,Overall,Overall,35,22,41,1.5,1.483432,0.3466,1074,17,
1,1217,Overall,Overall,35,28,41,3.0,3.022282,0.409709,1151,20,
1,1218,Overall,Overall,35,25,41,1.5,1.829276,0.349349,1091,17,
1,1219,Overall,Overall,35,2,41,-3.0,-3.910832,1.187238,804,59,
1,1220,Overall,Overall,35,26,41,3.0,2.360303,0.361311,1118,18,
1,1221,Overall,Overall,35,18,41,1.0,1.046505,0.357268,1052,18,
1,1222,Overall,Overall,35,21,41,0.5,1.305032,0.331356,1065,17,
1,1223,Overall,Overall,35,28,41,2.0,2.292653,0.358875,1115,18,
1,1224,Overall,Overall,35,18,41,1.0,0.505899,0.352768,1025,18,
1,1225,Overall,Overall,35,31,41,3.0,3.312707,0.451523,1166,23,
1,1226,Overall,Overall,35,31,41,3.0,3.197918,0.46187,1160,23,
1,1227,Overall,Overall,35,5,41,-1.5,-2.200498,0.679736,890,34,
1,1228,Overall,Overall,35,9,41,-1.0,-1.013604,0.464705,949,23,
1,1229,Overall,Overall,35,13,41,0.0,-0.163068,0.39333,992,20,
1,1230,Overall,Overall,35,13,41,0.5,0.527732,0.362744,1026,18,
1,1231,Overall,Overall,35,10,41,0.0,-0.500489,0.452886,975,23,
1,1232,Overall,Overall,35,2,41,-3.0,-3.240682,0.938893,838,47,
1,1233,Overall,Overall,35,4,41,-3.0,-2.145976,0.666475,893,33,
1,1234,Overall,Overall,35,29,41,3.0,2.668846,0.3813,1133,19,
1,1235,Overall,Overall,35,6,41,-2.5,-2.277359,0.705862,886,35,
1,1236,Overall,Overall,35,4,41,-2.0,-1.743393,0.629211,913,31,
1,1237,Overall,Overall,35,24,41,2.0,1.53929,0.334851,1077,17,
1,1238,Overall,Overall,35,2,41,-3.0,-3.568345,1.075288,822,54,
1,1239,Overall,Overall,35,27,41,2.5,2.285781,0.362408,1114,18,
1,1240,Overall,Overall,35,14,41,0.0,-0.1852,0.401686,991,20,
1,1241,Overall,Overall,35,28,41,2.0,2.333905,0.366387,1117,18,
1,1242,Overall,Overall,35,21,41,1.5,1.413229,0.33331,1071,17,
1,1243,Overall,Overall,35,11,41,-1.5,-0.495704,0.409755,975,20,
1,1244,Overall,Overall,35,10,41,-1.0,-0.562752,0.455578,972,23,
1,1245,Overall,Overall,35,6,41,-3.0,-1.828322,0.601872,909,30,
1,1246,Overall,Overall,35,8,41,-2.0,-1.346058,0.55156,933,28,
1,1247,Overall,Overall,35,5,41,-0.5,-1.502958,0.552534,925,28,
1,1248,Overall,Overall,35,32,41,3.0,3.017527,0.437826,1151,22,
1,1249,Overall,Overall,35,21,41,0.5,0.904353,0.344812,1045,17,
1,1250,Overall,Overall,35,8,41,-0.5,-1.406713,0.540285,930,27,
1,1251,Overall,Overall,35,5,41,-2.5,-2.273221,0.674999,886,34,
1,1252,Overall,Overall,35,5,41,-1.5,-2.067477,0.693488,897,35,
1,1253,Overall,Overall,35,18,41,1.0,0.770415,0.346839,1039,17,
1,1254,Overall,Overall,35,10,41,-1.5,-0.96551,0.504041,952,25,
1,1255,Overall,Overall,35,8,41,-1.5,-1.267217,0.514596,937,26,
1,1256,Overall,Overall,35,6,41,-1.5,-1.600367,0.5864,920,29,
1,1257,Overall,Overall,35,21,41,2.0,1.737291,0.376997,1087,19,
1,1258,Overall,Overall,35,32,41,3.0,3.078839,0.42375,1154,21,
1,1259,Overall,Overall,35,18,41,0.5,0.688201,0.354301,1034,18,
1,1260,Overall,Overall,35,27,41,2.0,2.355494,0.372977,1118,19,
1,1261,Overall,Overall,35,17,41,1.5,1.084003,0.373624,1054,19,
1,1262,Overall,Overall,35,2,41,-3.0,-4.039111,1.206434,798,60,
1,1263,Overall,Overall,35,6,41,-1.5,-1.615999,0.584881,919,29,
1,1264,Overall,Overall,35,8,41,-0.5,-0.968303,0.48082,952,24,
1,1265,Overall,Overall,35,12,41,0.0,-0.179285,0.360446,991,18,
1,1266,Overall,Overall,35,22,41,2.0,1.585156,0.347558,1079,17,
1,1267,Overall,Overall,35,6,41,-2.0,-1.625162,0.584408,919,29,
1,1268,Overall,Overall,35,8,41,-0.5,-1.253262,0.512699,937,26,
1,1269,Overall,Overall,35,21,41,2.0,1.615823,0.339813,1081,17,
1,1270,Overall,Overall,35,30,41,3.0,3.45894,0.492592,1173,25,
1,1271,Overall,Overall,35,24,41,2.0,1.523816,0.349675,1076,17,
1,1272,Overall,Overall,35,23,41,1.0,1.015157,0.362111,1051,18,
1,1273,Overall,Overall,35,3,41,-3.0,-2.735892,0.850599,863,43,
1,1274,Overall,Overall,35,14,41,0.5,0.292406,0.366758,1015,18,
1,1275,Overall,Overall,35,8,41,-1.0,-1.142106,0.470636,943,24,
1,1276,Overall,Overall,35,24,41,1.5,1.399363,0.34005,1070,17,
1,1277,Overall,Overall,35,7,41,-0.5,-0.906919,0.466028,955,23,
1,1278,Overall,Overall,35,22,41,2.0,1.368412,0.327655,1068,16,
1,1279,Overall,Overall,35,8,41,-1.5,-1.585343,0.590786,921,30,
1,1280,Overall,Overall,35,6,41,-1.0,-1.174216,0.480831,941,24,
1,1281,Overall,Overall,35,7,41,-2.5,-1.535101,0.594841,923,30,
1,1282,Overall,Overall,35,31,41,2.5,2.792408,0.387649,1140,19,
1,1283,Overall,Overall,35,22,41,0.5,1.084399,0.353496,1054,18,
1,1284,Overall,Overall,35,1,41,-3.0,-4.653268,1.51925,767,76,
1,1285,Overall,Overall,35,21,41,1.5,1.162167,0.327212,1058,16,
1,1286,Overall,Overall,35,5,41,-1.5,-2.15753,0.710322,892,36,
1,1287,Overall,Overall,35,8,41,-1.5,-0.853136,0.425368,957,21,
1,1288,Overall,Overall,35,4,41,-2.0,-2.470233,0.739909,876,37,
1,1289,Overall,Overall,35,23,41,2.0,1.495165,0.323229,1075,16,
1,1290,Overall,Overall,35,4,41,-1.5,-1.924366,0.600978,904,30,
1,1291,Overall,Overall,35,15,41,0.0,0.290959,0.421026,1015,21,
1,1292,Overall,Overall,35,8,41,-1.0,-1.022751,0.484202,949,24,
1,1293,Overall,Overall,35,30,41,2.5,3.11709,0.414798,1156,21,
1,1294,Overall,Overall,35,20,41,1.5,1.165918,0.33369,1058,17,
1,1295,Overall,Overall,35,23,41,1.5,1.335407,0.323119,1067,16,
1,1296,Overall,Overall,35,30,41,2.5,2.648751,0.397035,1132,20,
1,1297,Overall,Overall,35,26,41,2.5,2.221507,0.344226,1111,17,
1,1298,Overall,Overall,35,8,41,-0.5,-0.907828,0.506861,955,25,
1,1299,Overall,Overall,35,11,41,0.0,-0.153208,0.367896,992,18,
1,1300,Overall,Overall,35,8,41,-0.5,-0.587289,0.396753,971,20,
2,1,Overall,Overall,35,8,41,-0.5,-0.605377,0.373801,970,19,
2,2,Overall,Overall,35,16,41,0.5,0.215282,0.41539,1011,21,
2,3,Overall,Overall,35,5,41,-1.0,-1.652698,0.60375,917,30,
2,4,Overall,Overall,35,22,41,1.5,1.79436,0.348895,1090,17,
2,5,Overall,Overall,35,3,41,-2.0,-3.053561,0.939425,847,47,
2,6,Overall,Overall,35,6,41,-2.0,-1.819162,0.649797,909,32,
2,7,Overall,Overall,35,8,41,-1.5,-1.064139,0.477154,947,24,
2,8,Overall,Overall,35,15,41,0.5,0.750622,0.333567,1038,17,
2,9,Overall,Overall,35,8,41,-1.0,-1.070063,0.50397,946,25,
2,10,Overall,Overall,35,5,41,-1.5,-2.28631,0.722349,886,36,
2,11,Overall,Overall,35,6,41,-1.5,-1.752293,0.580845,912,29,
2,12,Overall,Overall,35,24,41,1.0,1.753316,0.331773,1088,17,
2,13,Overall,Overall,35,14,41,0.0,-0.074993,0.368849,996,18,
2,14,Overall,Overall,35,25,41,2.5,1.621656,0.352933,1081,18,
2,15,Overall,Overall,35,20,41,0.5,0.802167,0.375574,1040,19,
2,16,Overall,Overall,35,20,41,1.0,0.92011,0.356057,1046,18,
2,17,Overall,Overall,35,23,41,1.5,1.7327,0.347865,1087,17,
2,18,Overall,Overall,35,8,41,-1.5,-0.617572,0.439853,969,22,
2,19,Overall,Overall,35,10,41,0.0,-0.355215,0.462766,982,23,
2,20,Overall,Overall,35,5,41,-2.0,-2.260033,0.693889,887,35,
2,21,Overall,Overall,35,3,41,-3.0,-2.915031,0.902881,854,45,
2,22,Overall,Overall,35,17,41,0.5,0.578007,0.330851,1029,17,
2,23,Overall,Overall,35,9,41,-0.5,-0.395332,0.415448,980,21,
2,24,Overall,Overall,35,5,41,-2.0,-1.609422,0.566393,920,28,
2,25,Overall,Overall,35,13,41,0.5,0.416723,0.367588,1021,18,
2,26,Overall,Overall,35,12,41,-0.5,-0.263252,0.366066,987,18,
2,27,Overall,Overall,35,5,41,-2.5,-1.768979,0.590432,912,30,
2,28,Overall,Overall,35,19,41,1.5,0.750364,0.361858,1038,18,
2,29,Overall,Overall,35,13,41,0.5,0.280493,0.346329,1014,17,
2,30,Overall,Overall,35,3,41,-3.0,-2.906541,0.876526,855,44,
2,31,Overall,Overall,35,6,41,-2.0,-1.411879,0.586906,929,29,
2,32,Overall,Overall,35,16,41,-1.0,-0.166806,0.388571,992,19,
2,33,Overall,Overall,35,24,41,2.0,2.090472,0.347139,1105,17,
2,34,Overall,Overall,35,9,41,-1.5,-0.903489,0.469913,955,23,
2,35,Overall,Overall,35,24,41,1.5,1.685907,0.348848,1084,17,
2,36,Overall,Overall,35,9,41,-1.0,-0.586503,0.479715,971,24,
2,37,Overall,Overall,35,25,41,2.0,1.865974,0.35753,1093,18,
2,38,Overall,Overall,35,33,41,2.5,3.171596,0.454399,1159,23,
2,39,Overall,Overall,35,10,41,-0.5,-0.540595,0.395887,973,20,
2,40,Overall,Overall,35,16,41,0.0,0.354028,0.361539,1018,18,
2,41,Overall,Overall,35,3,41,-2.5,-3.445513,1.018186,828,51,
2,42,Overall,Overall,35,21,41,1.0,1.170379,0.354611,1059,18,
2,43,Overall,Overall,35,9,41,-2.5,-1.249047,0.499236,938,25,
2,44,Overall,Overall,35,11,41,0.0,0.122841,0.38013,1006,19,
2,45,Overall,Overall,35,14,41,0.5,-0.196977,0.377033,990,19,
2,46,Overall,Overall,35,29,41,2.5,3.033214,0.411257,1152,21,
2,47,Overall,Overall,35,21,41,2.0,1.376574,0.358145,1069,18,
2,48,Overall,Overall,35,1,41,-3.0,-4.663514,1.475453,767,74,
2,49,Overall,Overall,35,6,41,-2.0,-1.486131,0.561357,926,28,
2,50,Overall,Overall,35,2,41,-3.0,-3.929032,1.209369,804,60,
2,51,Overall,Overall,35,29,41,3.0,2.694576,0.380474,1135,19,
2,52,Overall,Overall,35,25,41,2.5,2.647659,0.372148,1132,19,
2,53,Overall,Overall,35,24,41,2.0,1.916001,0.343713,1096,17,
2,54,Overall,Overall,35,5,41,-1.0,-1.963617,0.62149,902,31,
2,55,Overall,Overall,35,2,41,-2.5,-3.70207,1.137786,815,57,
2,56,Overall,Overall,35,4,41,-2.5,-2.772,0.825773,861,41,
2,57,Overall,Overall,35,1,41,-3.0,-4.576653,1.45702,771,73,
2,58,Overall,Overall,35,16,41,1.0,0.62137,0.349518,1031,17,
2,59,Overall,Overall,35,18,41,0.5,0.468454,0.344703,1023,17,
2,60,Overall,Overall,35,10,41,-1.0,-0.982377,0.482297,951,24,
2,61,Overall,Overall,35,29,41,3.0,3.068955,0.431142,1153,22,
2,62,Overall,Overall,35,4,41,-2.0,-2.632076,0.75017,868,38,
2,63,Overall,Overall,35,5,41,-1.5,-1.888405,0.634535,906,32,
2,64,Overall,Overall,35,23,41,2.0,2.013969,0.355649,1101,18,
2,65,Overall,Overall,35,21,41,1.0,1.47943,0.359704,1074,18,
2,66,Overall,Overall,35,9,41,0.0,-0.863342,0.474955,957,24,
2,67,Overall,Overall,35,17,41,0.5,0.682629,0.329819,1034,16,
2,68,Overall,Overall,35,0,41,-3.0,-5.0,1.678564,750,84,
2,69,Overall,Overall,35,5,41,-2.5,-1.923375,0.623666,904,31,
2,70,Overall,Overall,35,6,41,-2.5,-1.818906,0.633296,909,32,
2,71,Overall,Overall,35,13,41,0.5,0.256323,0.353196,1013,18,
2,72,Overall,Overall,35,26,41,2.5,1.618085,0.351937,1081,18,
2,73,Overall,Overall,35,7,41,-1.5,-1.703804,0.569474,915,28,
2,74,Overall,Overall,35,7,41,-1.0,-1.082227,0.480364,946,24,
2,75,Overall,Overall,35,3,41,-1.0,-2.077648,0.719451,896,36,
2,76,Overall,Overall,35,10,41,-1.0,-0.581951,0.403941,971,20,
2,77,Overall,Overall,35,3,41,-3.0,-3.162609,0.934472,842,47,
2,78,Overall,Overall,35,3,41,-2.0,-2.914099,0.866878,854,43,
2,79,Overall,Overall,35,14,41,0.0,0.109237,0.340045,1005,17,
2,80,Overall,Overall,35,13,41,-0.5,-0.114637,0.424962,994,21,
2,81,Overall,Overall,35,20,41,1.0,1.078711,0.320073,1054,16,
2,82,Overall,Overall,35,16,41,0.5,0.501939,0.357799,1025,18,
2,83,Overall,Overall,35,26,41,2.5,2.659689,0.375474,1133,19,
2,84,Overall,Overall,35,4,41,-2.5,-2.677031,0.793368,866,40,
2,85,Overall,Overall,35,7,41,-1.5,-1.740805,0.595529,913,30,
2,86,Overall,Overall,35,11,41,0.0,0.014874,0.358021,1001,18,
2,87,Overall,Overall,35,14,41,0.5,0.290541,0.374369,1015,19,
2,88,Overall,Overall,35,19,41,0.5,0.769486,0.353611,1038,18,
2,89,Overall,Overall,35,7,41,-1.0,-1.026096,0.505635,949,25,
2,90,Overall,Overall,35,1,41,-3.0,-5.0,1.744716,750,87,
2,91,Overall,Overall,35,11,41,0.0,-0.040076,0.349577,998,17,
2,92,Overall,Overall,35,3,41,-3.0,-3.441208,0.989753,828,49,
2,93,Overall,Overall,35,9,41,-1.5,-0.424019,0.400945,979,20,
2,94,Overall,Overall,35,20,41,1.0,1.063977,0.330726,1053,17,
2,95,Overall,Overall,35,4,41,-3.0,-2.686033,0.779477,866,39,
2,96,Overall,Overall,35,25,41,2.5,2.205417,0.369825,1110,18,
2,97,Overall,Overall,35,22,41,1.5,1.631269,0.340957,1082,17,
2,98,Overall,Overall,35,31,41,2.5,3.046184,0.428327,1152,21,
2,99,Overall,Overall,35,28,41,2.0,2.517253,0.408715,1126,20,
2,100,Overall,Overall,35,26,41,1.5,1.593691,0.3444,1080,17,
2,101,Overall,Overall,35,11,41,-0.5,-0.303507,0.374284,985,19,
2,102,Overall,Overall,35,5,41,-2.0,-2.237655,0.691583,888,35,
2,103,Overall,Overall,35,29,41,2.5,2.588047,0.361645,1129,18,
2,104,Overall,Overall,35,30,41,3.0,2.698296,0.373333,1135,19,
2,105,Overall,Overall,35,3,41,-3.0,-2.638834,0.763078,868,38,
2,106,Overall,Overall,35,5,41,-2.5,-2.235963,0.683753,888,34,
2,107,Overall,Overall,35,5,41,-2.0,-2.490739,0.752359,875,38,
2,108,Overall,Overall,35,24,41,1.5,1.374555,0.32501,1069,16,
2,109,Overall,Overall,35,10,41,-1.5,-0.892644,0.451365,955,23,
2,110,Overall,Overall,35,25,41,2.0,2.194014,0.383917,1110,19,
2,111,Overall,Overall,35,9,41,-1.0,-0.84033,0.447383,958,22,
2,112,Overall,Overall,35,17,41,0.0,0.522904,0.344678,1026,17,
2,113,Overall,Overall,35,26,41,2.5,2.175167,0.356111,1109,18,
2,114,Overall,Overall,35,22,41,2.0,1.385861,0.354017,1069,18,
2,115,Overall,Overall,35,31,41,3.0,2.718548,0.399408,1136,20,
2,116,Overall,Overall,35,28,41,2.5,2.245378,0.349005,1112,17,
2,117,Overall,Overall,35,10,41,-0.5,-0.538342,0.410792,973,21,
2,118,Overall,Overall,35,26,41,1.5,2.121829,0.358234,1106,18,
2,119,Overall,Overall,35,11,41,-0.5,-0.83145,0.451081,958,23,
2,120,Overall,Overall,35,10,41,-0.5,-0.325939,0.418116,984,21,
2,121,Overall,Overall,35,6,41,-2.0,-1.883589,0.622507,906,31,
2,122,Overall,Overall,35,5,41,-2.5,-2.136648,0.69355,893,35,
2,123,Overall,Overall,35,22,41,2.0,2.197628,0.353727,1110,18,
2,124,Overall,Overall,35,11,41,-0.5,-0.512007,0.410762,974,21,
2,125,Overall,Overall,35,8,41,-0.5,-0.720349,0.475483,964,24,
2,126,Overall,Overall,35,7,41,-1.0,-1.502886,0.54558,925,27,
2,127,Overall,Overall,35,28,41,2.0,2.469144,0.364767,1123,18,
2,128,Overall,Overall,35,3,41,-3.0,-3.103361,0.883815,845,44,
2,129,Overall,Overall,35,9,41,-1.0,-0.630441,0.44472,968,22,
2,130,Overall,Overall,35,2,41,-3.0,-3.469162,1.009749,827,50,
2,131,Overall,Overall,35,4,41,-2.5,-2.09281,0.662619,895,33,
2,132,Overall,Overall,35,7,41,-2.0,-1.220779,0.501257,939,25,
2,133,Overall,Overall,35,27,41,1.5,2.236064,0.349455,1112,17,
2,134,Overall,Overall,35,2,41,-2.5,-3.423327,1.007829,829,50,
2,135,Overall,Overall,35,23,41,1.0,1.751913,0.343561,1088,17,
2,136,Overall,Overall,35,23,41,1.5,1.529369,0.32504,1076,16,
2,137,Overall,Overall,35,18,41,1.5,1.183659,0.356316,1059,18,
2,138,Overall,Overall,35,23,41,1.5,1.302751,0.326026,1065,16,
2,139,Overall,Overall,35,29,41,2.0,1.981547,0.365871,1099,18,
2,140,Overall,Overall,35,31,41,3.0,2.789459,0.393853,1139,20,
2,141,Overall,Overall,35,0,41,-3.0,-5.0,1.651464,750,83,
2,142,Overall,Overall,35,10,41,-0.5,-0.504745,0.42121,975,21,
2,143,Overall,Overall,35,7,41,-1.0,-1.112967,0.482609,944,24,
2,144,Overall,Overall,35,6,41,-2.0,-1.691913,0.568348,915,28,
2,145,Overall,Overall,35,8,41,-1.5,-0.744494,0.471219,963,24,
2,146,Overall,Overall,35,16,41,0.0,0.038705,0.366816,1002,18,
2,147,Overall,Overall,35,24,41,1.0,1.678238,0.34731,1084,17,
2,148,Overall,Overall,35,17,41,-0.5,0.260573,0.336123,1013,17,
2,149,Overall,Overall,35,4,41,-3.0,-2.309072,0.739152,885,37,
2,150,Overall,Overall,35,2,41,-2.5,-3.875523,1.186341,806,59,
2,151,Overall,Overall,35,15,41,0.5,0.255432,0.335408,1013,17,
2,152,Overall,Overall,35,30,41,3.0,3.032604,0.399961,1152,20,
2,153,Overall,Overall,35,4,41,-2.5,-2.701773,0.771983,865,39,
2,154,Overall,Overall,35,18,41,1.5,1.181904,0.346717,1059,17,
2,155,Overall,Overall,35,5,41,-2.0,-2.086855,0.634273,896,32,
2,156,Overall,Overall,35,6,41,-1.0,-1.607159,0.614976,920,31,
2,157,Overall,Overall,35,32,41,3.0,3.224599,0.431723,1161,22,
2,158,Overall,Overall,35,12,41,0.0,-0.196264,0.368189,990,18,
2,159,Overall,Overall,35,4,41,-3.0,-2.358538,0.733387,882,37,
2,160,Overall,Overall,35,21,41,0.5,0.969329,0.320815,1048,16,
2,161,Overall,Overall,35,5,41,-2.5,-2.328795,0.724295,884,36,
2,162,Overall,Overall,35,28,41,2.0,2.042636,0.352771,1102,18,
2,163,Overall,Overall,35,5,41,-1.0,-1.788198,0.620769,911,31,
2,164,Overall,Overall,35,17,41,1.5,1.094336,0.360947,1055,18,
2,165,Overall,Overall,35,9,41,-0.5,-0.433118,0.402532,978,20,
2,166,Overall,Overall,35,4,41,-1.5,-1.962147,0.66749,902,33,
2,167,Overall,Overall,35,4,41,-2.5,-2.72381,0.816814,864,41,
2,168,Overall,Overall,35,2,41,-2.0,-3.79971,1.129659,810,56,
2,169,Overall,Overall,35,9,41,-1.0,-0.699115,0.450208,965,23,
2,170,Overall,Overall,35,8,41,-1.5,-1.000182,0.461517,950,23,
2,171,Overall,Overall,35,24,41,1.5,2.219901,0.345576,1111,17,
2,172,Overall,Overall,35,4,41,-3.0,-2.688131,0.783279,866,39,
2,173,Overall,Overall,35,0,41,-3.0,-5.0,1.906723,750,95,
2,174,Overall,Overall,35,4,41,-1.0,-2.283155,0.712634,886,36,
2,175,Overall,Overall,35,17,41,1.0,1.03668,0.328596,1052,16,
2,176,Overall,Overall,35,26,41,2.0,1.852524,0.348083,1093,17,
2,177,Overall,Overall,35,13,41,0.0,-0.562609,0.433539,972,22,
2,178,Overall,Overall,35,26,41,1.5,1.612057,0.332323,1081,17,
2,179,Overall,Overall,35,6,41,-1.0,-1.938405,0.594141,903,30,
2,180,Overall,Overall,35,15,41,0.5,0.217413,0.325961,1011,16,
2,181,Overall,Overall,35,18,41,0.5,0.643974,0.330125,1032,17,
2,182,Overall,Overall,35,25,41,2.0,2.11753,0.363229,1106,18,
2,183,Overall,Overall,35,29,41,2.5,2.629288,0.390391,1131,20,
2,184,Overall,Overall,35,3,41,-2.0,-3.001803,0.865799,850,43,
2,185,Overall,Overall,35,27,41,2.5,2.485936,0.374582,1124,19,
2,186,Overall,Overall,35,11,41,0.0,0.022897,0.375711,1001,19,
2,187,Overall,Overall,35,23,41,1.0,1.530297,0.337112,1077,17,
2,188,Overall,Overall,35,27,41,2.0,1.938525,0.380987,1097,19,
2,189,Overall,Overall,35,20,41,1.0,1.437913,0.352318,1072,18,
2,190,Overall,Overall,35,28,41,3.0,2.718469,0.378464,1136,19,
2,191,Overall,Overall,35,6,41,-1.5,-1.394238,0.522014,930,26,
2,192,Overall,Overall,35,8,41,-1.0,-0.60492,0.467287,970,23,
2,193,Overall,Overall,35,16,41,1.0,0.548598,0.344967,1027,17,
2,194,Overall,Overall,35,23,41,1.5,1.483968,0.368929,1074,18,
2,195,Overall,Overall,35,4,41,-3.0,-2.671626,0.792778,866,40,
2,196,Overall,Overall,35,4,41,-2.5,-2.064384,0.679076,897,34,
2,197,Overall,Overall,35,28,41,2.0,2.184347,0.348747,1109,17,
2,198,Overall,Overall,35,4,41,-2.5,-2.855756,0.856951,857,43,
2,199,Overall,Overall,35,28,41,2.5,2.812618,0.37867,1141,19,
2,200,Overall,Overall,35,7,41,-2.0,-1.464242,0.562214,927,28,
2,201,Overall,Overall,35,5,41,-1.5,-2.239979,0.713353,888,36,
2,202,Overall,Overall,35,28,41,2.0,1.805248,0.351761,1090,18,
2,203,Overall,Overall,35,3,41,-2.5,-3.477809,1.012535,826,51,
2,204,Overall,Overall,35,19,41,1.0,1.286463,0.335429,1064,17,
2,205,Overall,Overall,35,18,41,0.0,1.029239,0.350918,1051,18,
2,206,Overall,Overall,35,8,41,-0.5,-1.271056,0.511667,936,26,
2,207,Overall,Overall,35,5,41,-2.0,-2.232525,0.728049,888,36,
2,208,Overall,Overall,35,4,41,-1.5,-1.752625,0.63973,912,32,
2,209,Overall,Overall,35,28,41,2.5,2.643263,0.385547,1132,19,
2,210,Overall,Overall,35,5,41,-1.5,-1.115948,0.521194,944,26,
2,211,Overall,Overall,35,22,41,1.0,1.183616,0.359248,1059,18,
2,212,Overall,Overall,35,35,41,3.0,3.246971,0.489587,1162,24,
2,213,Overall,Overall,35,17,41,1.5,0.715401,0.329637,1036,16,
2,214,Overall,Overall,35,5,41,-3.0,-2.241509,0.658286,888,33,
2,215,Overall,Overall,35,3,41,-3.0,-3.242983,0.954423,838,48,
2,216,Overall,Overall,35,3,41,-3.0,-3.648857,1.06654,818,53,
2,217,Overall,Overall,35,4,41,-2.0,-2.158298,0.707516,892,35,
2,218,Overall,Overall,35,6,41,-1.5,-1.484378,0.576542,926,29,
2,219,Overall,Overall,35,10,41,-0.5,-0.646254,0.42276,968,21,
2,220,Overall,Overall,35,23,41,1.0,1.238531,0.332183,1062,17,
2,221,Overall,Overall,35,12,41,0.0,-0.080741,0.376129,996,19,
2,222,Overall,Overall,35,5,41,-2.5,-1.986473,0.622403,901,31,
2,223,Overall,Overall,35,9,41,0.0,-0.215254,0.435334,989,22,
2,224,Overall,Overall,35,18,41,0.5,0.738679,0.353206,1037,18,
2,225,Overall,Overall,35,3,41,-2.0,-2.849703,0.829905,858,41,
2,226,Overall,Overall,35,25,41,1.0,1.459108,0.320661,1073,16,
2,227,Overall,Overall,35,6,41,-1.5,-1.843828,0.620473,908,31,
2,228,Overall,Overall,35,31,41,3.0,2.751674,0.381098,1138,19,
2,229,Overall,Overall,35,23,41,2.0,1.549029,0.348914,1077,17,
2,230,Overall,Overall,35,4,41,-2.0,-2.391771,0.70736,880,35,
2,231,Overall,Overall,35,33,41,2.5,3.066175,0.407556,1153,20,
2,232,Overall,Overall,35,20,41,1.0,1.12129,0.349098,1056,17,
2,233,Overall,Overall,35,4,41,-2.5,-2.616743,0.756529,869,38,
2,234,Overall,Overall,35,19,41,1.0,0.655017,0.352843,1033,18,
2,235,Overall,Overall,35,5,41,-2.5,-2.394809,0.710417,880,36,
2,236,Overall,Overall,35,29,41,3.0,2.674986,0.376504,1134,19,
2,237,Overall,Overall,35,31,41,3.0,3.131585,0.432225,1157,22,
2,238,Overall,Overall,35,8,41,-1.5,-1.298506,0.507165,935,25,
2,239,Overall,Overall,35,13,41,0.0,-0.114663,0.378234,994,19,
2,240,Overall,Overall,35,20,41,1.5,1.391332,0.354241,1070,18,
2,241,Overall,Overall,35,22,41,1.5,1.465644,0.346171,1073,17,
2,242,Overall,Overall,35,16,41,1.0,0.683793,0.33665,1034,17,
2,243,Overall,Overall,35,20,41,1.0,0.951742,0.35268,1048,18,
2,244,Overall,Overall,35,1,41,-3.0,-4.98026,1.63575,751,82,
2,245,Overall,Overall,35,9,41,-1.0,-0.679503,0.479618,966,24,
2,246,Overall,Overall,35,28,41,3.0,2.70482,0.375985,1135,19,
2,247,Overall,Overall,35,9,41,-1.0,-0.887534,0.435455,956,22,
2,248,Overall,Overall,35,29,41,2.5,2.675738,0.38402,1134,19,
2,249,Overall,Overall,35,27,41,2.5,2.651278,0.409132,1133,20,
2,250,Overall,Overall,35,28,41,2.5,2.461084,0.364337,1123,18,
2,251,Overall,Overall,35,9,41,-0.5,-0.633054,0.405901,968,20,
2,252,Overall,Overall,35,19,41,1.0,0.786877,0.34368,1039,17,
2,253,Overall,Overall,35,22,41,1.5,1.68584,0.350684,1084,18,
2,254,Overall,Overall,35,13,41,0.0,0.031412,0.375158,1002,19,
2,255,Overall,Overall,35,12,41,-0.5,-0.166422,0.385297,992,19,
2,256,Overall,Overall,35,25,41,2.0,2.118299,0.337117,1106,17,
2,257,Overall,Overall,35,14,41,1.0,0.530257,0.384177,1027,19,
2,258,Overall,Overall,35,26,41,3.0,2.440908,0.368963,1122,18,
2,259,Overall,Overall,35,16,41,0.0,0.297051,0.348242,1015,17,
2,260,Overall,Overall,35,28,41,3.0,2.779855,0.38575,1139,19,
2,261,Overall,Overall,35,9,41,-0.5,-0.682222,0.436627,966,22,
2,262,Overall,Overall,35,18,41,0.0,0.589782,0.354706,1029,18,
2,263,Overall,Overall,35,5,41,-2.0,-1.772639,0.64662,911,32,
2,264,Overall,Overall,35,30,41,3.0,3.570873,0.494197,1179,25,
2,265,Overall,Overall,35,22,41,1.0,0.995321,0.337865,1050,17,
2,266,Overall,Overall,35,7,41,-2.0,-1.82655,0.59578,909,30,
2,267,Overall,Overall,35,1,41,-3.0,-4.568021,1.540504,772,77,
2,268,Overall,Overall,35,6,41,-2.0,-1.829889,0.62707,909,31,
2,269,Overall,Overall,35,1,41,-3.0,-4.474114,1.482788,776,74,
2,270,Overall,Overall,35,15,41,0.0,0.36928,0.327997,1018,16,
2,271,Overall,Overall,35,2,41,-2.5,-3.022115,0.879738,849,44,
2,272,Overall,Overall,35,6,41,-1.5,-1.624763,0.596945,919,30,
2,273,Overall,Overall,35,25,41,1.0,1.500871,0.352513,1075,18,
2,274,Overall,Overall,35,24,41,2.5,2.374047,0.363714,1119,18,
2,275,Overall,Overall,35,1,41,-3.0,-4.977663,1.665851,751,83,
2,276,Overall,Overall,35,4,41,-2.5,-3.088228,0.875387,846,44,
2,277,Overall,Overall,35,12,41,-0.5,-0.044691,0.399968,998,20,
2,278,Overall,Overall,35,19,41,1.0,0.803675,0.343496,1040,17,
2,279,Overall,Overall,35,15,41,1.0,0.485215,0.338145,1024,17,
2,280,Overall,Overall,35,27,41,2.5,3.180646,0.490151,1159,25,
2,281,Overall,Overall,35,25,41,1.5,1.979071,0.348626,1099,17,
2,282,Overall,Overall,35,12,41,-1.0,-0.602857,0.437264,970,22,
2,283,Overall,Overall,35,3,41,-3.0,-2.734011,0.832986,863,42,
2,284,Overall,Overall,35,3,41,-2.5,-3.049356,0.911471,848,46,
2,285,Overall,Overall,35,31,41,3.0,3.05965,0.425104,1153,21,
2,286,Overall,Overall,35,5,41,-1.5,-2.188759,0.66474,891,33,
2,287,Overall,Overall,35,16,41,0.5,0.80024,0.35694,1040,18,
2,288,Overall,Overall,35,21,41,2.5,1.805854,0.368259,1090,18,
2,289,Overall,Overall,35,22,41,1.0,1.249204,0.329122,1062,16,
2,290,Overall,Overall,35,20,41,1.0,0.99622,0.345924,1050,17,
2,291,Overall,Overall,35,23,41,1.5,1.843167,0.352024,1092,18,
2,292,Overall,Overall,35,4,41,-2.0,-2.446524,0.758074,878,38,
2,293,Overall,Overall,35,3,41,-2.5,-3.622774,1.057154,819,53,
2,294,Overall,Overall,35,25,41,2.0,2.137431,0.350561,1107,18,
2,295,Overall,Overall,35,2,41,-2.0,-3.247086,1.009962,838,50,
2,296,Overall,Overall,35,21,41,1.0,1.331337,0.338003,1067,17,
2,297,Overall,Overall,35,2,41,-3.0,-3.535007,1.066827,823,53,
2,298,Overall,Overall,35,16,41,0.5,0.473552,0.317112,1024,16,
2,299,Overall,Overall,35,5,41,-2.0,-1.659056,0.595323,917,30,
2,300,Overall,Overall,35,31,41,3.0,2.972327,0.413606,1149,21,
2,301,Overall,Overall,35,30,41,3.0,3.635656,0.504703,1182,25,
2,302,Overall,Overall,35,21,41,1.5,1.803614,0.364729,1090,18,
2,303,Overall,Overall,35,24,41,2.5,2.346255,0.364572,1117,18,
2,304,Overall,Overall,35,2,41,-3.0,-3.56281,1.07301,822,54,
2,305,Overall,Overall,35,28,41,2.5,2.109141,0.380975,1105,19,
2,306,Overall,Overall,35,21,41,1.0,1.231612,0.335322,1062,17,
2,307,Overall,Overall,35,14,41,0.5,0.322667,0.361343,1016,18,
2,308,Overall,Overall,35,27,41,2.5,1.958232,0.355888,1098,18,
2,309,Overall,Overall,35,11,41,-2.0,-0.926466,0.443722,954,22,
2,310,Overall,Overall,35,3,41,-2.5,-2.408119,0.75635,880,38,
2,311,Overall,Overall,35,5,41,-1.5,-1.976141,0.694296,901,35,
2,312,Overall,Overall,35,28,41,2.5,2.658665,0.377321,1133,19,
2,313,Overall,Overall,35,19,41,0.5,1.080699,0.345298,1054,17,
2,314,Overall,Overall,35,20,41,1.0,1.007927,0.355718,1050,18,
2,315,Overall,Overall,35,7,41,-1.0,-0.775003,0.498294,961,25,
2,316,Overall,Overall,35,3,41,-3.0,-3.179733,0.952981,841,48,
2,317,Overall,Overall,35,8,41,-1.0,-1.011029,0.484792,949,24,
2,318,Overall,Overall,35,11,41,-0.5,-0.300357,0.376812,985,19,
2,319,Overall,Overall,35,28,41,1.5,1.539061,0.346506,1077,17,
2,320,Overall,Overall,35,19,41,2.0,1.541931,0.372841,1077,19,
2,321,Overall,Overall,35,2,41,-3.0,-3.571829,1.052485,821,53,
2,322,Overall,Overall,35,24,41,1.5,1.481593,0.351052,1074,18,
2,323,Overall,Overall,35,23,41,1.5,1.979059,0.332229,1099,17,
2,324,Overall,Overall,35,23,41,2.0,1.930194,0.374966,1097,19,
2,325,Overall,Overall,35,14,41,0.0,0.388759,0.352732,1019,18,
2,326,Overall,Overall,35,5,41,-2.5,-2.489234,0.752982,876,38,
2,327,Overall,Overall,35,11,41,-1.0,-0.072041,0.406511,996,20,
2,328,Overall,Overall,35,16,41,0.5,0.499813,0.321035,1025,16,
2,329,Overall,Overall,35,3,41,-2.5,-2.504232,0.765,875,38,
2,330,Overall,Overall,35,10,41,-1.0,-0.78056,0.472592,961,24,
2,331,Overall,Overall,35,8,41,0.0,-0.315063,0.419133,984,21,
2,332,Overall,Overall,35,1,41,-3.0,-5.0,1.594397,750,80,
2,333,Overall,Overall,35,25,41,2.0,2.116714,0.357776,1106,18,
2,334,Overall,Overall,35,32,41,3.0,2.514977,0.361851,1126,18,
2,335,Overall,Overall,35,12,41,0.0,-0.32641,0.416658,984,21,
2,336,Overall,Overall,35,29,41,3.0,2.999575,0.424387,1150,21,
2,337,Overall,Overall,35,29,41,3.0,2.41122,0.391305,1121,20,
2,338,Overall,Overall,35,0,41,-3.0,-5.0,1.669384,750,83,
2,339,Overall,Overall,35,4,41,-1.5,-2.627337,0.781711,869,39,
2,340,Overall,Overall,35,19,41,0.0,0.992055,0.353023,1050,18,
2,341,Overall,Overall,35,5,41,-2.0,-2.000642,0.640902,900,32,
2,342,Overall,Overall,35,16,41,0.5,0.373088,0.350498,1019,18,
2,343,Overall,Overall,35,30,41,3.0,2.781861,0.397347,1139,20,
2,344,Overall,Overall,35,21,41,1.0,1.160021,0.33884,1058,17,
2,345,Overall,Overall,35,5,41,-1.5,-1.652339,0.591983,917,30,
2,346,Overall,Overall,35,4,41,-2.0,-2.12363,0.674737,894,34,
2,347,Overall,Overall,35,29,41,3.0,3.491064,0.479632,1175,24,
2,348,Overall,Overall,35,28,41,2.0,1.832835,0.328114,1092,16,
2,349,Overall,Overall,35,18,41,1.0,1.142798,0.333854,1057,17,
2,350,Overall,Overall,35,25,41,2.5,2.609997,0.414629,1130,21,
2,351,Overall,Overall,35,11,41,0.0,-0.178729,0.377919,991,19,
2,352,Overall,Overall,35,9,41,-1.0,-0.911175,0.475299,954,24,
2,353,Overall,Overall,35,3,41,-3.0,-3.168013,0.930631,842,47,
2,354,Overall,Overall,35,3,41,-2.5,-2.87362,0.838625,856,42,
2,355,Overall,Overall,35,23,41,1.0,0.91864,0.338532,1046,17,
2,356,Overall,Overall,35,8,41,-1.5,-1.375742,0.54167,931,27,
2,357,Overall,Overall,35,32,41,3.0,4.05004,0.549272,1203,27,
2,358,Overall,Overall,35,29,41,2.5,2.158722,0.355811,1108,18,
2,359,Overall,Overall,35,8,41,-1.5,-1.288966,0.485442,936,24,
2,360,Overall,Overall,35,19,41,0.5,0.819723,0.347166,1041,17,
2,361,Overall,Overall,35,15,41,0.0,0.091962,0.395667,1005,20,
2,362,Overall,Overall,35,7,41,-1.5,-1.167004,0.537831,942,27,
2,363,Overall,Overall,35,11,41,0.0,-0.0371,0.37473,998,19,
2,364,Overall,Overall,35,8,41,-2.0,-1.315522,0.536255,934,27,
2,365,Overall,Overall,35,3,41,-3.0,-3.215431,0.953808,839,48,
2,366,Overall,Overall,35,4,41,-3.0,-2.288403,0.747874,886,37,
2,367,Overall,Overall,35,8,41,-0.5,-0.775218,0.474808,961,24,
2,368,Overall,Overall,35,8,41,-1.0,-1.124514,0.457715,944,23,
2,369,Overall,Overall,35,22,41,1.5,1.285295,0.35279,1064,18,
2,370,Overall,Overall,35,29,41,3.0,2.464653,0.362086,1123,18,
2,371,Overall,Overall,35,29,41,2.5,2.404871,0.375212,1120,19,
2,372,Overall,Overall,35,18,41,0.5,1.020316,0.326144,1051,16,
2,373,Overall,Overall,35,5,41,-1.5,-1.829801,0.593861,909,30,
2,374,Overall,Overall,35,8,41,-1.0,-0.840393,0.469048,958,23,
2,375,Overall,Overall,35,21,41,1.5,1.223039,0.34355,1061,17,
2,376,Overall,Overall,35,23,41,1.5,1.785154,0.34888,1089,17,
2,377,Overall,Overall,35,2,41,-3.0,-3.918386,1.142617,804,57,
2,378,Overall,Overall,35,4,41,-3.0,-2.694121,0.822217,865,41,
2,379,Overall,Overall,35,3,41,-2.0,-2.845812,0.901609,858,45,
2,380,Overall,Overall,35,4,41,-3.0,-2.412698,0.714075,879,36,
2,381,Overall,Overall,35,15,41,0.0,0.477435,0.337914,1024,17,
2,382,Overall,Overall,35,23,41,2.5,2.310621,0.370038,1116,19,
2,383,Overall,Overall,35,6,41,-1.5,-1.575671,0.531599,921,27,
2,384,Overall,Overall,35,22,41,1.5,1.42419,0.333893,1071,17,
2,385,Overall,Overall,35,8,41,-1.5,-1.43346,0.545133,928,27,
2,386,Overall,Overall,35,14,41,1.0,0.459749,0.355644,1023,18,
2,387,Overall,Overall,35,8,41,-1.5,-0.769442,0.443139,962,22,
2,388,Overall,Overall,35,4,41,-1.5,-2.410516,0.732901,879,37,
2,389,Overall,Overall,35,30,41,3.0,2.874347,0.394873,1144,20,
2,390,Overall,Overall,35,13,41,-0.5,0.030237,0.367504,1002,18,
2,391,Overall,Overall,35,6,41,-3.0,-1.784142,0.627768,911,31,
2,392,Overall,Overall,35,11,41,-0.5,-0.290283,0.403018,985,20,
2,393,Overall,Overall,35,30,41,3.0,3.585957,0.496097,1179,25,
2,394,Overall,Overall,35,4,41,-1.5,-2.36791,0.70054,882,35,
2,395,Overall,Overall,35,24,41,1.5,1.566291,0.326003,1078,16,
2,396,Overall,Overall,35,0,41,-3.0,-5.0,1.610037,750,81,
2,397,Overall,Overall,35,7,41,-1.5,-1.673602,0.629672,916,31,
2,398,Overall,Overall,35,3,41,-2.5,-2.5574,0.760983,872,38,
2,399,Overall,Overall,35,2,41,-2.5,-3.839826,1.179264,808,59,
2,400,Overall,Overall,35,9,41,-1.0,-0.778975,0.448589,961,22,
2,401,Overall,Overall,35,22,41,1.5,1.471457,0.34607,1074,17,
2,402,Overall,Overall,35,13,41,0.0,0.224531,0.356279,1011,18,
2,403,Overall,Overall,35,2,41,-3.0,-3.640441,1.104355,818,55,
2,404,Overall,Overall,35,29,41,3.0,3.337416,0.470306,1167,24,
2,405,Overall,Overall,35,3,41,-2.5,-2.8443,0.82387,858,41,
2,406,Overall,Overall,35,21,41,0.5,0.92375,0.333289,1046,17,
2,407,Overall,Overall,35,27,41,3.0,3.073712,0.429333,1154,21,
2,408,Overall,Overall,35,7,41,-0.5,-0.841195,0.478572,958,24,
2,409,Overall,Overall,35,29,41,2.5,2.307853,0.365283,1115,18,
2,410,Overall,Overall,35,7,41,-1.0,-1.46648,0.537277,927,27,
2,411,Overall,Overall,35,26,41,1.5,1.741542,0.339521,1087,17,
2,412,Overall,Overall,35,8,41,-0.5,-0.870665,0.453486,956,23,
2,413,Overall,Overall,35,9,41,0.0,-0.376432,0.40012,981,20,
2,414,Overall,Overall,35,28,41,3.0,2.729022,0.391041,1136,20,
2,415,Overall,Overall,35,32,41,2.5,3.33257,0.456713,1167,23,
2,416,Overall,Overall,35,24,41,2.0,1.466161,0.342539,1073,17,
2,417,Overall,Overall,35,11,41,-1.0,-0.436554,0.420509,978,21,
2,418,Overall,Overall,35,8,41,-0.5,-0.61161,0.465269,969,23,
2,419,Overall,Overall,35,7,41,-1.5,-1.713683,0.591346,914,30,
2,420,Overall,Overall,35,4,41,-1.0,-1.528322,0.570647,924,29,
2,421,Overall,Overall,35,3,41,-1.0,-2.151292,0.742419,892,37,
2,422,Overall,Overall,35,11,41,-0.5,-0.891463,0.469365,955,23,
2,423,Overall,Overall,35,6,41,-3.0,-1.875899,0.627376,906,31,
2,424,Overall,Overall,35,8,41,-1.0,-1.430848,0.569159,928,28,
2,425,Overall,Overall,35,21,41,1.5,1.20812,0.331297,1060,17,
2,426,Overall,Overall,35,3,41,-2.5,-2.96147,0.883567,852,44,
2,427,Overall,Overall,35,23,41,2.0,2.10483,0.353536,1105,18,
2,428,Overall,Overall,35,27,41,1.5,1.878581,0.339945,1094,17,
2,429,Overall,Overall,35,29,41,2.5,3.533999,0.489993,1177,24,
2,430,Overall,Overall,35,3,41,-2.0,-3.030422,0.853029,848,43,
2,431,Overall,Overall,35,23,41,1.5,1.429684,0.327406,1071,16,
2,432,Overall,Overall,35,2,41,-3.0,-3.840412,1.150931,808,58,
2,433,Overall,Overall,35,27,41,2.5,3.106012,0.437839,1155,22,
2,434,Overall,Overall,35,3,41,-3.0,-2.948246,0.874512,853,44,
2,435,Overall,Overall,35,12,41,0.0,0.074595,0.367853,1004,18,
2,436,Overall,Overall,35,11,41,0.0,-0.594498,0.427443,970,21,
2,437,Overall,Overall,35,28,41,2.0,2.435404,0.366654,1122,18,
2,438,Overall,Overall,35,3,41,-3.0,-3.395668,0.996105,830,50,
2,439,Overall,Overall,35,26,41,2.5,2.314015,0.357237,1116,18,
2,440,Overall,Overall,35,11,41,0.0,-0.273908,0.41175,986,21,
2,441,Overall,Overall,35,13,41,0.0,0.003384,0.371867,1000,19,
2,442,Overall,Overall,35,5,41,-2.0,-1.952892,0.631067,902,32,
2,443,Overall,Overall,35,24,41,2.0,1.666563,0.335457,1083,17,
2,444,Overall,Overall,35,17,41,-0.5,0.687131,0.339806,1034,17,
2,445,Overall,Overall,35,4,41,-2.5,-2.445586,0.738975,878,37,
2,446,Overall,Overall,35,25,41,2.0,2.010783,0.354602,1101,18,
2,447,Overall,Overall,35,3,41,-2.5,-2.48183,0.7318,876,37,
2,448,Overall,Overall,35,27,41,2.5,2.419145,0.352917,1121,18,
2,449,Overall,Overall,35,17,41,0.0,0.285837,0.329035,1014,16,
2,450,Overall,Overall,35,2,41,-3.0,-3.807623,1.260828,810,63,
2,451,Overall,Overall,35,7,41,-1.5,-1.617985,0.600543,919,30,
2,452,Overall,Overall,35,8,41,-1.0,-0.734451,0.430798,963,22,
2,453,Overall,Overall,35,7,41,-1.5,-1.220894,0.542673,939,27,
2,454,Overall,Overall,35,26,41,3.0,3.092359,0.425477,1155,21,
2,455,Overall,Overall,35,25,41,2.0,2.005668,0.339474,1100,17,
2,456,Overall,Overall,35,10,41,-0.5,-0.414715,0.429485,979,21,
2,457,Overall,Overall,35,28,41,2.5,2.504671,0.369459,1125,18,
2,458,Overall,Overall,35,30,41,2.5,2.808778,0.407816,1140,20,
2,459,Overall,Overall,35,18,41,0.5,0.740682,0.334705,1037,17,
2,460,Overall,Overall,35,23,41,1.0,1.452252,0.330346,1073,17,
2,461,Overall,Overall,35,18,41,0.0,0.666878,0.367718,1033,18,
2,462,Overall,Overall,35,4,41,-3.0,-2.157704,0.677783,892,34,
2,463,Overall,Overall,35,19,41,1.5,1.666314,0.347099,1083,17,
2,464,Overall,Overall,35,8,41,-1.5,-0.922974,0.476346,954,24,
2,465,Overall,Overall,35,20,41,2.5,2.044251,0.360418,1102,18,
2,466,Overall,Overall,35,0,41,-2.5,-5.0,1.769336,750,88,
2,467,Overall,Overall,35,6,41,-2.0,-1.372226,0.521321,931,26,
2,468,Overall,Overall,35,3,41,-2.5,-2.713123,0.862848,864,43,
2,469,Overall,Overall,35,14,41,0.5,0.029361,0.37474,1001,19,
2,470,Overall,Overall,35,29,41,2.0,2.34832,0.367151,1117,18,
2,471,Overall,Overall,35,32,41,3.0,3.571796,0.509101,1179,25,
2,472,Overall,Overall,35,9,41,-0.5,-0.962292,0.457909,952,23,
2,473,Overall,Overall,35,19,41,1.0,1.020024,0.348627,1051,17,
2,474,Overall,Overall,35,20,41,1.0,0.573322,0.362499,1029,18,
2,475,Overall,Overall,35,33,41,3.0,3.533866,0.491999,1177,25,
2,476,Overall,Overall,35,2,41,-2.5,-3.911988,1.172352,804,59,
2,477,Overall,Overall,35,8,41,-0.5,-0.682805,0.442327,966,22,
2,478,Overall,Overall,35,21,41,1.0,1.046494,0.341696,1052,17,
2,479,Overall,Overall,35,31,41,2.5,2.654452,0.376116,1133,19,
2,480,Overall,Overall,35,27,41,3.0,2.705716,0.386812,1135,19,
2,481,Overall,Overall,35,14,41,0.5,0.254599,0.346499,1013,17,
2,482,Overall,Overall,35,19,41,0.5,0.780035,0.329673,1039,16,
2,483,Overall,Overall,35,21,41,0.5,1.055994,0.342394,1053,17,
2,484,Overall,Overall,35,4,41,-1.5,-2.679157,0.82713,866,41,
2,485,Overall,Overall,35,26,41,1.5,1.375755,0.324172,1069,16,
2,486,Overall,Overall,35,16,41,0.5,1.02313,0.366172,1051,18,
2,487,Overall,Overall,35,32,41,3.0,3.009952,0.422779,1150,21,
2,488,Overall,Overall,35,28,41,2.5,2.604954,0.397341,1130,20,
2,489,Overall,Overall,35,26,41,2.5,2.117012,0.362217,1106,18,
2,490,Overall,Overall,35,6,41,-1.5,-1.750108,0.57014,912,29,
2,491,Overall,Overall,35,16,41,0.5,0.53897,0.328871,1027,16,
2,492,Overall,Overall,35,10,41,-0.5,-0.587929,0.4535,971,23,
2,493,Overall,Overall,35,29,41,2.0,2.266717,0.356563,1113,18,
2,494,Overall,Overall,35,10,41,-0.5,-0.623325,0.451973,969,23,
2,495,Overall,Overall,35,2,41,-2.5,-3.46635,1.05952,827,53,
2,496,Overall,Overall,35,2,41,-3.0,-3.677372,1.162986,816,58,
2,497,Overall,Overall,35,21,41,1.0,1.361541,0.36379,1068,18,
2,498,Overall,Overall,35,18,41,0.5,0.674733,0.330198,1034,17,
2,499,Overall,Overall,35,25,41,2.0,1.740322,0.348549,1087,17,
2,500,Overall,Overall,35,27,41,1.5,2.254229,0.353453,1113,18,
2,501,Overall,Overall,35,20,41,0.5,0.82234,0.386618,1041,19,
2,502,Overall,Overall,35,16,41,0.0,0.292316,0.374519,1015,19,
2,503,Overall,Overall,35,9,41,-0.5,-0.929833,0.501959,954,25,
2,504,Overall,Overall,35,9,41,-0.5,-0.703916,0.430134,965,22,
2,505,Overall,Overall,35,10,41,-1.0,-0.239652,0.394582,988,20,
2,506,Overall,Overall,35,33,41,3.0,3.50069,0.47871,1175,24,
2,507,Overall,Overall,35,11,41,0.0,-0.199449,0.367487,990,18,
2,508,Overall,Overall,35,24,41,2.0,1.808236,0.354982,1090,18,
2,509,Overall,Overall,35,30,41,2.0,2.541067,0.374374,1127,19,
2,510,Overall,Overall,35,4,41,-2.0,-2.441177,0.705372,878,35,
2,511,Overall,Overall,35,12,41,0.5,0.145251,0.379295,1007,19,
2,512,Overall,Overall,35,28,41,2.0,1.976564,0.345683,1099,17,
2,513,Overall,Overall,35,3,41,-2.5,-2.629644,0.777245,869,39,
2,514,Overall,Overall,35,22,41,2.0,1.85853,0.365416,1093,18,
2,515,Overall,Overall,35,4,41,-2.5,-2.286435,0.723547,886,36,
2,516,Overall,Overall,35,2,41,-3.0,-3.341228,1.001601,833,50,
2,517,Overall,Overall,35,20,41,1.0,1.055879,0.304242,1053,15,
2,518,Overall,Overall,35,8,41,-1.5,-0.965817,0.464623,952,23,
2,519,Overall,Overall,35,3,41,-3.0,-3.154924,0.879812,842,44,
2,520,Overall,Overall,35,17,41,0.0,0.617466,0.361567,1031,18,
2,521,Overall,Overall,35,27,41,2.5,1.911157,0.343202,1096,17,
2,522,Overall,Overall,35,29,41,3.0,3.487163,0.490979,1174,25,
2,523,Overall,Overall,35,28,41,2.0,2.409854,0.359418,1120,18,
2,524,Overall,Overall,35,14,41,0.5,0.506969,0.354811,1025,18,
2,525,Overall,Overall,35,28,41,3.0,3.237461,0.484123,1162,24,
2,526,Overall,Overall,35,4,41,-2.0,-2.471648,0.723549,876,36,
2,527,Overall,Overall,35,10,41,-2.0,-0.475367,0.418941,976,21,
2,528,Overall,Overall,35,30,41,2.0,2.035637,0.371117,1102,19,
2,529,Overall,Overall,35,17,41,0.5,0.750425,0.378471,1038,19,
2,530,Overall,Overall,35,5,41,-2.0,-2.241007,0.703751,888,35,
2,531,Overall,Overall,35,7,41,-1.5,-1.35381,0.575942,932,29,
2,532,Overall,Overall,35,7,41,-0.5,-1.539349,0.551206,923,28,
2,533,Overall,Overall,35,4,41,-2.5,-2.605645,0.770297,870,39,
2,534,Overall,Overall,35,5,41,-1.5,-1.559554,0.595505,922,30,
2,535,Overall,Overall,35,7,41,-2.0,-1.413697,0.543156,929,27,
2,536,Overall,Overall,35,10,41,-0.5,-0.742143,0.429607,963,21,
2,537,Overall,Overall,35,28,41,2.0,1.838807,0.342304,1092,17,
2,538,Overall,Overall,35,24,41,1.5,1.538122,0.358331,1077,18,
2,539,Overall,Overall,35,19,41,0.5,0.843244,0.362845,1042,18,
2,540,Overall,Overall,35,8,41,-1.0,-0.962925,0.465855,952,23,
2,541,Overall,Overall,35,12,41,-0.5,-0.226981,0.357324,989,18,
2,542,Overall,Overall,35,22,41,1.5,1.505824,0.351565,1075,18,
2,543,Overall,Overall,35,4,41,-2.5,-2.773921,0.794719,861,40,
2,544,Overall,Overall,35,16,41,0.5,0.470177,0.351783,1024,18,
2,545,Overall,Overall,35,10,41,-1.0,-0.579294,0.450831,971,23,
2,546,Overall,Overall,35,27,41,2.0,2.306201,0.357981,1115,18,
2,547,Overall,Overall,35,3,41,-3.0,-2.471174,0.742312,876,37,
2,548,Overall,Overall,35,1,41,-2.5,-4.507944,1.601384,775,80,
2,549,Overall,Overall,35,14,41,0.0,0.535468,0.3781,1027,19,
2,550,Overall,Overall,35,19,41,0.5,0.824646,0.359729,1041,18,
2,551,Overall,Overall,35,7,41,-1.0,-1.708776,0.591131,915,30,
2,552,Overall,Overall,35,25,41,2.0,1.811757,0.351666,1091,18,
2,553,Overall,Overall,35,2,41,-2.5,-4.211834,1.303438,789,65,
2,554,Overall,Overall,35,14,41,0.5,0.519016,0.357804,1026,18,
2,555,Overall,Overall,35,8,41,-0.5,-1.171562,0.512986,941,26,
2,556,Overall,Overall,35,11,41,-1.0,-0.74981,0.42438,963,21,
2,557,Overall,Overall,35,5,41,-1.0,-2.276765,0.692215,886,35,
2,558,Overall,Overall,35,30,41,3.0,2.659883,0.38138,1133,19,
2,559,Overall,Overall,35,27,41,2.5,2.573723,0.367365,1129,18,
2,560,Overall,Overall,35,13,41,0.5,0.148588,0.337608,1007,17,
2,561,Overall,Overall,35,31,41,3.0,3.34208,0.446956,1167,22,
2,562,Overall,Overall,35,17,41,1.0,0.792472,0.336982,1040,17,
2,563,Overall,Overall,35,27,41,2.5,2.786273,0.385551,1139,19,
2,564,Overall,Overall,35,3,41,-3.0,-3.195024,0.993303,840,50,
2,565,Overall,Overall,35,29,41,2.0,2.185609,0.342744,1109,17,
2,566,Overall,Overall,35,6,41,-1.0,-1.47435,0.527985,926,26,
2,567,Overall,Overall,35,1,41,-2.5,-5.0,1.747201,750,87,
2,568,Overall,Overall,35,3,41,-2.5,-2.963532,0.924682,852,46,
2,569,Overall,Overall,35,9,41,-0.5,-0.624126,0.428116,969,21,
2,570,Overall,Overall,35,6,41,-1.0,-1.845951,0.624352,908,31,
2,571,Overall,Overall,35,30,41,3.0,3.545578,0.466152,1177,23,
2,572,Overall,Overall,35,24,41,1.0,1.11364,0.322854,1056,16,
2,573,Overall,Overall,35,19,41,1.5,1.172409,0.335265,1059,17,
2,574,Overall,Overall,35,13,41,-0.5,-0.225648,0.394964,989,20,
2,575,Overall,Overall,35,9,41,-1.0,-1.006933,0.479666,950,24,
2,576,Overall,Overall,35,24,41,1.5,1.907334,0.337085,1095,17,
2,577,Overall,Overall,35,22,41,1.5,1.122264,0.335838,1056,17,
2,578,Overall,Overall,35,6,41,-2.0,-1.82256,0.582969,909,29,
2,579,Overall,Overall,35,25,41,2.0,1.995081,0.350539,1100,18,
2,580,Overall,Overall,35,5,41,-1.5,-2.018105,0.657852,899,33,
2,581,Overall,Overall,35,6,41,-1.0,-1.331351,0.518354,933,26,
2,582,Overall,Overall,35,26,41,3.0,2.523022,0.373446,1126,19,
2,583,Overall,Overall,35,5,41,-3.0,-1.953995,0.637335,902,32,
2,584,Overall,Overall,35,25,41,1.0,1.610234,0.331442,1081,17,
2,585,Overall,Overall,35,13,41,-1.0,-0.402092,0.443254,980,22,
2,586,Overall,Overall,35,8,41,-2.0,-1.131879,0.504732,943,25,
2,587,Overall,Overall,35,7,41,-1.0,-1.110009,0.50229,944,25,
2,588,Overall,Overall,35,14,41,0.0,0.164338,0.351319,1008,18,
2,589,Overall,Overall,35,22,41,1.0,1.799093,0.356765,1090,18,
2,590,Overall,Overall,35,6,41,-1.5,-1.409189,0.550281,930,28,
2,591,Overall,Overall,35,31,41,3.0,3.458695,0.485377,1173,24,
2,592,Overall,Overall,35,20,41,0.5,0.916034,0.339906,1046,17,
2,593,Overall,Overall,35,16,41,1.0,0.732652,0.345231,1037,17,
2,594,Overall,Overall,35,22,41,2.0,1.748501,0.364908,1087,18,
2,595,Overall,Overall,35,8,41,-1.5,-1.149449,0.525999,943,26,
2,596,Overall,Overall,35,12,41,0.0,-0.019469,0.392617,999,20,
2,597,Overall,Overall,35,5,41,-2.5,-2.179554,0.701629,891,35,
2,598,Overall,Overall,35,11,41,-0.5,-0.543765,0.410208,973,21,
2,599,Overall,Overall,35,14,41,0.0,0.024224,0.383217,1001,19,
2,600,Overall,Overall,35,8,41,-1.0,-1.34901,0.560961,933,28,
2,601,Overall,Overall,35,15,41,1.0,0.675135,0.355431,1034,18,
2,602,Overall,Overall,35,27,41,2.0,2.076855,0.339954,1104,17,
2,603,Overall,Overall,35,26,41,2.5,2.318631,0.362797,1116,18,
2,604,Overall,Overall,35,6,41,-1.0,-1.557708,0.599686,922,30,
2,605,Overall,Overall,35,5,41,-1.5,-1.88027,0.618861,906,31,
2,606,Overall,Overall,35,8,41,-1.0,-1.032462,0.501453,948,25,
2,607,Overall,Overall,35,16,41,0.0,0.361959,0.349436,1018,17,
2,608,Overall,Overall,35,8,41,-1.0,-1.38841,0.541563,931,27,
2,609,Overall,Overall,35,25,41,2.0,1.862344,0.355009,1093,18,
2,610,Overall,Overall,35,0,41,-3.0,-5.0,1.661869,750,83,
2,611,Overall,Overall,35,13,41,0.0,0.158839,0.3521,1008,18,
2,612,Overall,Overall,35,25,41,3.0,2.394696,0.359807,1120,18,
2,613,Overall,Overall,35,20,41,1.0,0.996077,0.324317,1050,16,
2,614,Overall,Overall,35,5,41,-2.0,-2.323202,0.755525,884,38,
2,615,Overall,Overall,35,14,41,0.0,0.032768,0.354728,1002,18,
2,616,Overall,Overall,35,5,41,-2.0,-2.087411,0.679466,896,34,
2,617,Overall,Overall,35,31,41,3.0,3.397172,0.48233,1170,24,
2,618,Overall,Overall,35,13,41,0.0,-0.421129,0.378723,979,19,
2,619,Overall,Overall,35,25,41,3.0,2.451978,0.365962,1123,18,
2,620,Overall,Overall,35,2,41,-2.5,-3.656586,1.113684,817,56,
2,621,Overall,Overall,35,6,41,-1.5,-1.058229,0.506217,947,25,
2,622,Overall,Overall,35,1,41,-2.5,-4.360845,1.381752,782,69,
2,623,Overall,Overall,35,2,41,-2.5,-3.690189,1.1052,815,55,
2,624,Overall,Overall,35,14,41,0.5,0.456392,0.342303,1023,17,
2,625,Overall,Overall,35,29,41,2.5,2.60841,0.37435,1130,19,
2,626,Overall,Overall,35,12,41,0.0,-0.073259,0.375177,996,19,
2,627,Overall,Overall,35,8,41,0.0,-0.521648,0.439908,974,22,
2,628,Overall,Overall,35,25,41,2.0,1.637189,0.335665,1082,17,
2,629,Overall,Overall,35,4,41,-3.0,-2.43537,0.759734,878,38,
2,630,Overall,Overall,35,18,41,0.5,0.678775,0.334269,1034,17,
2,631,Overall,Overall,35,19,41,1.0,1.012941,0.381965,1051,19,
2,632,Overall,Overall,35,10,41,-1.0,-0.868998,0.485122,957,24,
2,633,Overall,Overall,35,9,41,-0.5,-0.486146,0.4051,976,20,
2,634,Overall,Overall,35,16,41,-0.5,0.360792,0.359161,1018,18,
2,635,Overall,Overall,35,28,41,2.0,1.979859,0.356886,1099,18,
2,636,Overall,Overall,35,11,41,0.0,-0.272879,0.418481,986,21,
2,637,Overall,Overall,35,22,41,1.5,1.455216,0.348211,1073,17,
2,638,Overall,Overall,35,21,41,0.5,1.024334,0.360554,1051,18,
2,639,Overall,Overall,35,6,41,-2.5,-1.531117,0.559341,923,28,
2,640,Overall,Overall,35,33,41,2.5,3.093694,0.422635,1155,21,
2,641,Overall,Overall,35,7,41,-1.5,-1.593285,0.540539,920,27,
2,642,Overall,Overall,35,3,41,-3.0,-2.720373,0.785211,864,39,
2,643,Overall,Overall,35,7,41,-1.0,-1.217761,0.525646,939,26,
2,644,Overall,Overall,35,6,41,-1.5,-1.705747,0.589669,915,29,
2,645,Overall,Overall,35,24,41,2.5,2.161815,0.355589,1108,18,
2,646,Overall,Overall,35,27,41,2.5,2.390697,0.364065,1120,18,
2,647,Overall,Overall,35,5,41,-2.0,-2.263262,0.670135,887,34,
2,648,Overall,Overall,35,4,41,-2.5,-2.515189,0.766082,874,38,
2,649,Overall,Overall,35,27,41,2.0,2.142006,0.355381,1107,18,
2,650,Overall,Overall,35,7,41,-1.0,-1.406046,0.522949,930,26,
2,651,Overall,Overall,35,31,41,3.0,2.93807,0.402607,1147,20,
2,652,Overall,Overall,35,24,41,1.5,1.33094,0.345082,1067,17,
2,653,Overall,Overall,35,10,41,-0.5,-1.272251,0.508478,936,25,
2,654,Overall,Overall,35,18,41,0.5,0.78928,0.327603,1039,16,
2,655,Overall,Overall,35,7,41,-1.0,-1.155363,0.479959,942,24,
2,656,Overall,Overall,35,26,41,1.5,1.99419,0.353445,1100,18,
2,657,Overall,Overall,35,15,41,0.0,0.006864,0.34452,1000,17,
2,658,Overall,Overall,35,5,41,-2.0,-2.14027,0.685587,893,34,
2,659,Overall,Overall,35,3,41,-2.0,-3.111238,0.956689,844,48,
2,660,Overall,Overall,35,2,41,-3.0,-3.466429,1.031612,827,52,
2,661,Overall,Overall,35,32,41,3.0,3.187507,0.433387,1159,22,
2,662,Overall,Overall,35,8,41,-0.5,-1.104882,0.501747,945,25,
2,663,Overall,Overall,35,4,41,-3.0,-2.620629,0.764481,869,38,
2,664,Overall,Overall,35,24,41,1.0,1.213326,0.331789,1061,17,
2,665,Overall,Overall,35,8,41,-1.5,-1.601817,0.576145,920,29,
2,666,Overall,Overall,35,5,41,-1.5,-1.554333,0.561629,922,28,
2,667,Overall,Overall,35,7,41,-1.0,-1.205879,0.514742,940,26,
2,668,Overall,Overall,35,8,41,-0.5,-0.804261,0.459196,960,23,
2,669,Overall,Overall,35,12,41,0.5,-0.005301,0.366436,1000,18,
2,670,Overall,Overall,35,5,41,-3.0,-2.619733,0.752795,869,38,
2,671,Overall,Overall,35,10,41,-0.5,-0.628855,0.437557,969,22,
2,672,Overall,Overall,35,6,41,-1.0,-1.238506,0.526028,938,26,
2,673,Overall,Overall,35,0,41,-2.5,-5.0,1.751983,750,88,
2,674,Overall,Overall,35,14,41,0.5,0.583956,0.354293,1029,18,
2,675,Overall,Overall,35,18,41,0.0,0.319055,0.347918,1016,17,
2,676,Overall,Overall,35,20,41,0.5,1.038513,0.333377,1052,17,
2,677,Overall,Overall,35,13,41,0.5,0.279944,0.375366,1014,19,
2,678,Overall,Overall,35,19,41,0.5,0.578202,0.350858,1029,18,
2,679,Overall,Overall,35,4,41,-2.5,-2.234972,0.761569,888,38,
2,680,Overall,Overall,35,16,41,0.5,0.392015,0.320411,1020,16,
2,681,Overall,Overall,35,26,41,3.0,2.554691,0.362641,1128,18,
2,682,Overall,Overall,35,2,41,-2.5,-3.945463,1.213646,803,61,
2,683,Overall,Overall,35,7,41,-1.0,-0.839845,0.455775,958,23,
2,684,Overall,Overall,35,34,41,2.5,3.060022,0.42876,1153,21,
2,685,Overall,Overall,35,30,41,3.0,2.995745,0.404035,1150,20,
2,686,Overall,Overall,35,6,41,-2.0,-1.778637,0.604985,911,30,
2,687,Overall,Overall,35,4,41,-3.0,-2.197952,0.696825,890,35,
2,688,Overall,Overall,35,3,41,-2.0,-2.780004,0.874239,861,44,
2,689,Overall,Overall,35,25,41,2.5,2.473295,0.362453,1124,18,
2,690,Overall,Overall,35,11,41,0.5,0.037013,0.417063,1002,21,
2,691,Overall,Overall,35,12,41,-0.5,-0.678884,0.451202,966,23,
2,692,Overall,Overall,35,24,41,1.5,1.840597,0.342357,1092,17,
2,693,Overall,Overall,35,15,41,0.5,0.737856,0.345865,1037,17,
2,694,Overall,Overall,35,11,41,-0.5,-0.404165,0.410504,980,21,
2,695,Overall,Overall,35,8,41,-1.5,-1.151198,0.49723,942,25,
2,696,Overall,Overall,35,32,41,3.0,3.885909,0.521095,1194,26,
2,697,Overall,Overall,35,31,41,3.0,2.897456,0.403436,1145,20,
2,698,Overall,Overall,35,25,41,2.0,2.23862,0.342206,1112,17,
2,699,Overall,Overall,35,23,41,2.0,1.490771,0.355498,1075,18,
2,700,Overall,Overall,35,3,41,-1.5,-3.466756,0.994145,827,50,
2,701,Overall,Overall,35,20,41,1.0,0.804135,0.334205,1040,17,
2,702,Overall,Overall,35,5,41,-3.0,-2.331902,0.742572,883,37,
2,703,Overall,Overall,35,26,41,1.5,1.876474,0.352885,1094,18,
2,704,Overall,Overall,35,21,41,1.5,1.174076,0.330811,1059,17,
2,705,Overall,Overall,35,30,41,2.5,2.745427,0.381975,1137,19,
2,706,Overall,Overall,35,19,41,1.0,1.231358,0.372278,1062,19,
2,707,Overall,Overall,35,5,41,-2.5,-2.310943,0.716116,884,36,
2,708,Overall,Overall,35,25,41,2.5,2.121452,0.342276,1106,17,
2,709,Overall,Overall,35,10,41,0.0,-0.178663,0.368843,991,18,
2,710,Overall,Overall,35,28,41,2.5,2.987756,0.421667,1149,21,
2,711,Overall,Overall,35,0,41,-3.0,-5.0,1.675852,750,84,
2,712,Overall,Overall,35,21,41,1.0,1.3202,0.340027,1066,17,
2,713,Overall,Overall,35,31,41,2.0,2.525737,0.371894,1126,19,
2,714,Overall,Overall,35,3,41,-2.5,-3.22286,0.973699,839,49,
2,715,Overall,Overall,35,25,41,1.0,1.341362,0.337001,1067,17,
2,716,Overall,Overall,35,31,41,3.0,2.891499,0.399703,1145,20,
2,717,Overall,Overall,35,3,41,-2.5,-2.998291,0.898487,850,45,
2,718,Overall,Overall,35,3,41,-2.5,-2.939746,0.828152,853,41,
2,719,Overall,Overall,35,30,41,2.5,3.078211,0.409427,1154,20,
2,720,Overall,Overall,35,10,41,-0.5,-0.475483,0.400774,976,20,
2,721,Overall,Overall,35,25,41,1.0,1.480742,0.355286,1074,18,
2,722,Overall,Overall,35,34,41,3.0,3.145964,0.456278,1157,23,
2,723,Overall,Overall,35,31,41,3.0,3.037997,0.412294,1152,21,
2,724,Overall,Overall,35,3,41,-2.5,-2.721166,0.841255,864,42,
2,725,Overall,Overall,35,30,41,3.0,3.763042,0.503032,1188,25,
2,726,Overall,Overall,35,33,41,3.0,3.886607,0.526004,1194,26,
2,727,Overall,Overall,35,20,41,1.0,0.998732,0.324955,1050,16,
2,728,Overall,Overall,35,10,41,0.0,-0.509191,0.430407,975,22,
2,729,Overall,Overall,35,11,41,-0.5,-0.525943,0.426777,974,21,
2,730,Overall,Overall,35,8,41,0.0,-0.719265,0.442868,964,22,
2,731,Overall,Overall,35,21,41,1.5,1.411943,0.342617,1071,17,
2,732,Overall,Overall,35,6,41,-1.5,-1.662753,0.619865,917,31,
2,733,Overall,Overall,35,28,41,3.0,2.538105,0.369537,1127,18,
2,734,Overall,Overall,35,16,41,0.5,0.401602,0.336461,1020,17,
2,735,Overall,Overall,35,13,41,0.0,-0.291955,0.39664,985,20,
2,736,Overall,Overall,35,12,41,-0.5,-0.498524,0.437991,975,22,
2,737,Overall,Overall,35,5,41,-2.0,-2.151709,0.675839,892,34,
2,738,Overall,Overall,35,7,41,-2.0,-1.442609,0.512659,928,26,
2,739,Overall,Overall,35,4,41,-1.5,-2.27771,0.727032,886,36,
2,740,Overall,Overall,35,26,41,2.0,2.014384,0.357584,1101,18,
2,741,Overall,Overall,35,8,41,-2.5,-1.332558,0.549844,933,27,
2,742,Overall,Overall,35,15,41,0.0,0.158501,0.379859,1008,19,
2,743,Overall,Overall,35,6,41,-0.5,-1.185712,0.509121,941,25,
2,744,Overall,Overall,35,2,41,-2.0,-3.497211,1.022399,825,51,
2,745,Overall,Overall,35,28,41,1.5,1.744037,0.354032,1087,18,
2,746,Overall,Overall,35,19,41,1.5,1.230695,0.352057,1062,18,
2,747,Overall,Overall,35,6,41,-2.5,-1.99821,0.641849,900,32,
2,748,Overall,Overall,35,5,41,-1.0,-1.591936,0.559167,920,28,
2,749,Overall,Overall,35,11,41,0.0,-0.36933,0.421891,982,21,
2,750,Overall,Overall,35,28,41,2.0,2.415949,0.37646,1121,19,
2,751,Overall,Overall,35,16,41,0.5,0.66488,0.373785,1033,19,
2,752,Overall,Overall,35,31,41,3.0,2.607519,0.405461,1130,20,
2,753,Overall,Overall,35,2,41,-3.0,-3.373707,1.004588,831,50,
2,754,Overall,Overall,35,11,41,-0.5,-0.264958,0.41073,987,21,
2,755,Overall,Overall,35,2,41,-2.5,-3.189395,0.965958,841,48,
2,756,Overall,Overall,35,11,41,-0.5,-0.391273,0.400562,980,20,
2,757,Overall,Overall,35,3,41,-1.5,-3.195293,0.968937,840,48,
2,758,Overall,Overall,35,24,41,2.0,1.559512,0.341306,1078,17,
2,759,Overall,Overall,35,6,41,-2.0,-1.612935,0.565444,919,28,
2,760,Overall,Overall,35,4,41,-2.5,-2.486889,0.797002,876,40,
2,761,Overall,Overall,35,4,41,-2.0,-2.239246,0.727262,888,36,
2,762,Overall,Overall,35,28,41,2.5,2.354095,0.36958,1118,18,
2,763,Overall,Overall,35,13,41,0.0,-0.205873,0.380822,990,19,
2,764,Overall,Overall,35,8,41,-1.5,-1.283149,0.514389,936,26,
2,765,Overall,Overall,35,11,41,0.5,0.264443,0.36807,1013,18,
2,766,Overall,Overall,35,24,41,1.0,1.449508,0.353404,1072,18,
2,767,Overall,Overall,35,24,41,2.0,1.680061,0.360567,1084,18,
2,768,Overall,Overall,35,6,41,-2.5,-1.718672,0.577516,914,29,
2,769,Overall,Overall,35,25,41,1.5,1.64587,0.350016,1082,18,
2,770,Overall,Overall,35,28,41,2.5,2.487839,0.371189,1124,19,
2,771,Overall,Overall,35,12,41,0.0,-0.122735,0.409973,994,20,
2,772,Overall,Overall,35,6,41,-2.5,-1.890939,0.626571,905,31,
2,773,Overall,Overall,35,5,41,-0.5,-1.487548,0.553961,926,28,
2,774,Overall,Overall,35,27,41,2.0,2.411599,0.366206,1121,18,
2,775,Overall,Overall,35,16,41,0.5,0.485657,0.360106,1024,18,
2,776,Overall,Overall,35,30,41,2.0,2.741353,0.394048,1137,20,
2,777,Overall,Overall,35,20,41,1.5,1.103981,0.338527,1055,17,
2,778,Overall,Overall,35,12,41,-0.5,-0.347065,0.409195,983,20,
2,779,Overall,Overall,35,12,41,0.0,-0.260251,0.412178,987,21,
2,780,Overall,Overall,35,33,41,3.0,3.240443,0.447767,1162,22,
2,781,Overall,Overall,35,32,41,2.5,3.19162,0.449447,1160,22,
2,782,Overall,Overall,35,27,41,2.0,1.6003,0.343784,1080,17,
2,783,Overall,Overall,35,16,41,1.0,0.435168,0.362267,1022,18,
2,784,Overall,Overall,35,7,41,-2.0,-1.721708,0.604244,914,30,
2,785,Overall,Overall,35,3,41,-3.0,-3.24943,0.936313,838,47,
2,786,Overall,Overall,35,22,41,1.0,1.329499,0.330172,1066,17,
2,787,Overall,Overall,35,12,41,0.0,-0.57718,0.42009,971,21,
2,788,Overall,Overall,35,15,41,0.0,-0.087972,0.375442,996,19,
2,789,Overall,Overall,35,23,41,1.0,1.328588,0.351652,1066,18,
2,790,Overall,Overall,35,10,41,-1.0,-0.360855,0.38865,982,19,
2,791,Overall,Overall,35,25,41,1.0,1.720229,0.346365,1086,17,
2,792,Overall,Overall,35,4,41,-2.0,-2.663463,0.77526,867,39,
2,793,Overall,Overall,35,6,41,-1.5,-1.013544,0.493536,949,25,
2,794,Overall,Overall,35,4,41,-2.5,-2.492633,0.742886,875,37,
2,795,Overall,Overall,35,6,41,-2.5,-1.935318,0.607634,903,30,
2,796,Overall,Overall,35,18,41,0.5,0.621069,0.32591,1031,16,
2,797,Overall,Overall,35,21,41,1.5,1.323599,0.364031,1066,18,
2,798,Overall,Overall,35,12,41,-0.5,-0.494514,0.419606,975,21,
2,799,Overall,Overall,35,10,41,-2.0,-1.210847,0.501725,939,25,
2,800,Overall,Overall,35,5,41,-2.0,-1.807448,0.610858,910,31,
2,801,Overall,Overall,35,17,41,0.5,0.524411,0.334718,1026,17,
2,802,Overall,Overall,35,14,41,0.0,0.33784,0.365156,1017,18,
2,803,Overall,Overall,35,3,41,-2.0,-2.796266,0.84961,860,42,
2,804,Overall,Overall,35,16,41,0.5,0.461278,0.337147,1023,17,
2,805,Overall,Overall,35,8,41,-2.0,-1.408997,0.531592,930,27,
2,806,Overall,Overall,35,27,41,2.5,1.995444,0.338579,1100,17,
2,807,Overall,Overall,35,9,41,-0.5,-0.907681,0.449459,955,22,
2,808,Overall,Overall,35,4,41,-1.5,-2.530771,0.766971,873,38,
2,809,Overall,Overall,35,23,41,1.0,1.229763,0.351042,1061,18,
2,810,Overall,Overall,35,8,41,-3.0,-1.38903,0.543183,931,27,
2,811,Overall,Overall,35,22,41,1.5,1.770932,0.341181,1089,17,
2,812,Overall,Overall,35,21,41,1.5,1.617353,0.346983,1081,17,
2,813,Overall,Overall,35,29,41,2.5,2.565619,0.371233,1128,19,
2,814,Overall,Overall,35,13,41,0.0,0.204762,0.353056,1010,18,
2,815,Overall,Overall,35,21,41,1.0,1.368745,0.331562,1068,17,
2,816,Overall,Overall,35,5,41,-2.0,-2.327987,0.712276,884,36,
2,817,Overall,Overall,35,6,41,-1.5,-1.656294,0.575464,917,29,
2,818,Overall,Overall,35,15,41,0.5,0.629394,0.344677,1031,17,
2,819,Overall,Overall,35,24,41,3.0,2.233587,0.361761,1112,18,
2,820,Overall,Overall,35,10,41,-0.5,-0.628245,0.439173,969,22,
2,821,Overall,Overall,35,2,41,-2.0,-4.059271,1.233504,797,62,
2,822,Overall,Overall,35,14,41,0.5,0.297608,0.335277,1015,17,
2,823,Overall,Overall,35,3,41,-3.0,-3.408923,1.009369,830,50,
2,824,Overall,Overall,35,5,41,-1.5,-1.70922,0.593219,915,30,
2,825,Overall,Overall,35,21,41,1.5,1.642272,0.351819,1082,18,
2,826,Overall,Overall,35,1,41,-2.5,-4.600998,1.467451,770,73,
2,827,Overall,Overall,35,18,41,1.0,0.718146,0.326573,1036,16,
2,828,Overall,Overall,35,13,41,1.0,0.607393,0.393291,1030,20,
2,829,Overall,Overall,35,18,41,0.5,0.919975,0.356843,1046,18,
2,830,Overall,Overall,35,11,41,-1.0,-0.97954,0.447394,951,22,
2,831,Overall,Overall,35,7,41,-1.0,-1.194361,0.477809,940,24,
2,832,Overall,Overall,35,10,41,-1.0,-0.64659,0.449964,968,22,
2,833,Overall,Overall,35,22,41,1.0,1.249133,0.35478,1062,18,
2,834,Overall,Overall,35,27,41,2.5,2.345756,0.357477,1117,18,
2,835,Overall,Overall,35,19,41,1.5,1.290471,0.333542,1065,17,
2,836,Overall,Overall,35,32,41,3.0,3.744924,0.521058,1187,26,
2,837,Overall,Overall,35,26,41,2.5,2.576457,0.378035,1129,19,
2,838,Overall,Overall,35,31,41,3.0,3.561962,0.520347,1178,26,
2,839,Overall,Overall,35,26,41,2.5,2.304823,0.368806,1115,18,
2,840,Overall,Overall,35,1,41,-3.0,-4.381535,1.453816,781,73,
2,841,Overall,Overall,35,7,41,-1.0,-0.874139,0.491043,956,25,
2,842,Overall,Overall,35,27,41,2.5,2.281299,0.357976,1114,18,
2,843,Overall,Overall,35,29,41,3.0,2.747213,0.397713,1137,20,
2,844,Overall,Overall,35,5,41,-1.5,-2.144516,0.652106,893,33,
2,845,Overall,Overall,35,5,41,-2.0,-2.144469,0.631756,893,32,
2,846,Overall,Overall,35,22,41,2.0,1.760394,0.365221,1088,18,
2,847,Overall,Overall,35,7,41,-1.5,-1.062393,0.474788,947,24,
2,848,Overall,Overall,35,31,41,2.5,3.082618,0.413393,1154,21,
2,849,Overall,Overall,35,9,41,-1.0,-0.868519,0.49305,957,25,
2,850,Overall,Overall,35,29,41,3.0,2.873523,0.407668,1144,20,
2,851,Overall,Overall,35,23,41,1.5,1.890371,0.351525,1095,18,
2,852,Overall,Overall,35,33,41,3.0,3.261079,0.446731,1163,22,
2,853,Overall,Overall,35,8,41,-0.5,-0.62366,0.435676,969,22,
2,854,Overall,Overall,35,17,41,0.5,0.557473,0.338915,1028,17,
2,855,Overall,Overall,35,28,41,2.0,2.792872,0.395246,1140,20,
2,856,Overall,Overall,35,5,41,-2.0,-2.322952,0.753135,884,38,
2,857,Overall,Overall,35,15,41,0.0,0.22457,0.333556,1011,17,
2,858,Overall,Overall,35,4,41,-2.5,-2.607328,0.756571,870,38,
2,859,Overall,Overall,35,16,41,1.0,0.573592,0.3659,1029,18,
2,860,Overall,Overall,35,30,41,3.0,3.117385,0.412144,1156,21,
2,861,Overall,Overall,35,13,41,0.0,-0.104213,0.391941,995,20,
2,862,Overall,Overall,35,3,41,-2.0,-3.029827,0.854078,849,43,
2,863,Overall,Overall,35,11,41,0.0,-0.050683,0.359935,997,18,
2,864,Overall,Overall,35,21,41,1.5,1.76298,0.343964,1088,17,
2,865,Overall,Overall,35,29,41,3.0,2.891874,0.415616,1145,21,
2,866,Overall,Overall,35,31,41,3.0,2.944709,0.418286,1147,21,
2,867,Overall,Overall,35,11,41,-0.5,-0.839709,0.436261,958,22,
2,868,Overall,Overall,35,4,41,-1.5,-2.564332,0.760732,872,38,
2,869,Overall,Overall,35,3,41,-2.5,-2.596272,0.779851,870,39,
2,870,Overall,Overall,35,10,41,-0.5,-0.200694,0.378781,990,19,
2,871,Overall,Overall,35,9,41,-1.0,-0.825338,0.508579,959,25,
2,872,Overall,Overall,35,12,41,-0.5,-0.052161,0.391405,997,20,
2,873,Overall,Overall,35,6,41,-1.5,-1.353346,0.522218,932,26,
2,874,Overall,Overall,35,28,41,2.5,2.112735,0.357066,1106,18,
2,875,Overall,Overall,35,7,41,-1.5,-1.242055,0.558574,938,28,
2,876,Overall,Overall,35,24,41,2.0,2.148101,0.387841,1107,19,
2,877,Overall,Overall,35,5,41,-1.5,-2.037689,0.622301,898,31,
2,878,Overall,Overall,35,9,41,-2.0,-1.316175,0.50601,934,25,
2,879,Overall,Overall,35,10,41,-0.5,-0.678697,0.431292,966,22,
2,880,Overall,Overall,35,12,41,-0.5,-0.279444,0.384343,986,19,
2,881,Overall,Overall,35,19,41,2.0,1.654053,0.360133,1083,18,
2,882,Overall,Overall,35,4,41,-3.0,-2.536305,0.757292,873,38,
2,883,Overall,Overall,35,10,41,-0.5,-0.14304,0.35432,993,18,
2,884,Overall,Overall,35,31,41,2.5,3.113604,0.432003,1156,22,
2,885,Overall,Overall,35,28,41,2.5,3.03273,0.415675,1152,21,
2,886,Overall,Overall,35,14,41,0.5,0.147189,0.347557,1007,17,
2,887,Overall,Overall,35,10,41,-0.5,-0.807826,0.415424,960,21,
2,888,Overall,Overall,35,8,41,-1.5,-0.920914,0.510977,954,26,
2,889,Overall,Overall,35,2,41,-3.0,-3.524875,1.066924,824,53,
2,890,Overall,Overall,35,3,41,-2.0,-2.818908,0.849292,859,42,
2,891,Overall,Overall,35,25,41,1.5,1.662378,0.346163,1083,17,
2,892,Overall,Overall,35,24,41,1.5,1.506424,0.331937,1075,17,
2,893,Overall,Overall,35,11,41,-1.0,-0.677452,0.443593,966,22,
2,894,Overall,Overall,35,12,41,0.5,-0.106607,0.378993,995,19,
2,895,Overall,Overall,35,30,41,2.0,2.610196,0.373664,1131,19,
2,896,Overall,Overall,35,26,41,2.0,1.803028,0.382119,1090,19,
2,897,Overall,Overall,35,4,41,-2.0,-2.771592,0.79948,861,40,
2,898,Overall,Overall,35,32,41,3.0,3.165828,0.439258,1158,22,
2,899,Overall,Overall,35,22,41,1.5,1.486452,0.345206,1074,17,
2,900,Overall,Overall,35,13,41,0.5,-0.065672,0.457299,997,23,
2,901,Overall,Overall,35,15,41,1.0,0.727573,0.344632,1036,17,
2,902,Overall,Overall,35,31,41,3.0,3.794331,0.543353,1190,27,
2,903,Overall,Overall,35,4,41,-2.5,-2.226875,0.679566,889,34,
2,904,Overall,Overall,35,13,41,-1.0,-0.169112,0.375616,992,19,
2,905,Overall,Overall,35,27,41,1.5,1.820157,0.359755,1091,18,
2,906,Overall,Overall,35,22,41,1.5,1.356453,0.332511,1068,17,
2,907,Overall,Overall,35,3,41,-1.5,-3.255247,0.898994,837,45,
2,908,Overall,Overall,35,7,41,-2.5,-1.340411,0.529762,933,26,
2,909,Overall,Overall,35,19,41,1.5,1.003976,0.344054,1050,17,
2,910,Overall,Overall,35,28,41,2.5,2.600062,0.389433,1130,19,
2,911,Overall,Overall,35,15,41,0.0,-0.07433,0.41798,996,21,
2,912,Overall,Overall,35,4,41,-2.0,-2.923617,0.862939,854,43,
2,913,Overall,Overall,35,8,41,0.0,-0.62201,0.482231,969,24,
2,914,Overall,Overall,35,4,41,-2.0,-2.473837,0.807226,876,40,
2,915,Overall,Overall,35,6,41,-1.0,-1.874991,0.627754,906,31,
2,916,Overall,Overall,35,29,41,2.5,2.463709,0.363235,1123,18,
2,917,Overall,Overall,35,33,41,3.0,3.242014,0.437311,1162,22,
2,918,Overall,Overall,35,30,41,3.0,2.366598,0.350304,1118,18,
2,919,Overall,Overall,35,2,41,-2.5,-3.777752,1.107465,811,55,
2,920,Overall,Overall,35,21,41,1.5,1.201031,0.361739,1060,18,
2,921,Overall,Overall,35,15,41,0.0,0.226631,0.364805,1011,18,
2,922,Overall,Overall,35,5,41,-1.5,-1.680623,0.619495,916,31,
2,923,Overall,Overall,35,15,41,1.0,0.645689,0.37597,1032,19,
2,924,Overall,Overall,35,25,41,1.5,1.663923,0.321361,1083,16,
2,925,Overall,Overall,35,22,41,2.0,1.861164,0.345401,1093,17,
2,926,Overall,Overall,35,8,41,-1.0,-0.661483,0.451353,967,23,
2,927,Overall,Overall,35,0,41,-2.5,-5.0,1.801412,750,90,
2,928,Overall,Overall,35,29,41,3.0,3.039364,0.414161,1152,21,
2,929,Overall,Overall,35,1,41,-2.5,-4.047486,1.221925,798,61,
2,930,Overall,Overall,35,7,41,0.0,-0.562362,0.426043,972,21,
2,931,Overall,Overall,35,9,41,-0.5,-0.330445,0.417463,983,21,
2,932,Overall,Overall,35,16,41,0.5,0.47439,0.381211,1024,19,
2,933,Overall,Overall,35,4,41,-2.5,-2.167219,0.705934,892,35,
2,934,Overall,Overall,35,25,41,3.0,2.539528,0.367931,1127,18,
2,935,Overall,Overall,35,5,41,-2.5,-2.268442,0.687868,887,34,
2,936,Overall,Overall,35,13,41,0.0,0.043914,0.369716,1002,18,
2,937,Overall,Overall,35,11,41,-0.5,-0.225584,0.391739,989,20,
2,938,Overall,Overall,35,9,41,-1.5,-1.057228,0.531364,947,27,
2,939,Overall,Overall,35,28,41,2.5,2.765518,0.377035,1138,19,
2,940,Overall,Overall,35,11,41,-0.5,-0.734217,0.447372,963,22,
2,941,Overall,Overall,35,23,41,1.5,1.602917,0.341831,1080,17,
2,942,Overall,Overall,35,23,41,2.5,1.461233,0.411273,1073,21,
2,943,Overall,Overall,35,17,41,1.0,0.595363,0.351067,1030,18,
2,944,Overall,Overall,35,6,41,-2.0,-1.358978,0.498597,932,25,
2,945,Overall,Overall,35,16,41,1.0,0.786464,0.347855,1039,17,
2,946,Overall,Overall,35,29,41,1.5,2.194956,0.359928,1110,18,
2,947,Overall,Overall,35,23,41,2.0,1.818168,0.352435,1091,18,
2,948,Overall,Overall,35,20,41,1.0,1.415867,0.325386,1071,16,
2,949,Overall,Overall,35,4,41,-3.0,-2.586539,0.737593,871,37,
2,950,Overall,Overall,35,7,41,-0.5,-0.708999,0.435934,965,22,
2,951,Overall,Overall,35,13,41,-0.5,-0.240434,0.397067,988,20,
2,952,Overall,Overall,35,9,41,-1.0,-0.793857,0.505447,960,25,
2,953,Overall,Overall,35,3,41,-3.0,-2.950908,0.895252,852,45,
2,954,Overall,Overall,35,25,41,2.0,2.014061,0.332898,1101,17,
2,955,Overall,Overall,35,4,41,-2.5,-2.504897,0.746366,875,37,
2,956,Overall,Overall,35,4,41,-1.5,-2.328621,0.765497,884,38,
2,957,Overall,Overall,35,24,41,1.0,1.210288,0.353843,1061,18,
2,958,Overall,Overall,35,22,41,1.0,1.341677,0.342871,1067,17,
2,959,Overall,Overall,35,20,41,1.5,1.32496,0.333064,1066,17,
2,960,Overall,Overall,35,5,41,-1.5,-1.579292,0.586625,921,29,
2,961,Overall,Overall,35,32,41,3.0,2.936099,0.393978,1147,20,
2,962,Overall,Overall,35,30,41,3.0,3.532236,0.471198,1177,24,
2,963,Overall,Overall,35,9,41,-0.5,-0.692326,0.4314,965,22,
2,964,Overall,Overall,35,25,41,2.0,2.297447,0.357764,1115,18,
2,965,Overall,Overall,35,3,41,-2.5,-2.838147,0.857326,858,43,
2,966,Overall,Overall,35,17,41,0.5,0.182789,0.376262,1009,19,
2,967,Overall,Overall,35,23,41,2.5,1.840975,0.35162,1092,18,
2,968,Overall,Overall,35,21,41,2.0,1.598846,0.366455,1080,18,
2,969,Overall,Overall,35,21,41,3.0,2.18338,0.346721,1109,17,
2,970,Overall,Overall,35,23,41,2.0,1.899573,0.364235,1095,18,
2,971,Overall,Overall,35,14,41,0.0,-0.183883,0.365047,991,18,
2,972,Overall,Overall,35,10,41,-1.0,-0.648151,0.45092,968,23,
2,973,Overall,Overall,35,33,41,2.5,4.249588,0.538432,1212,27,
2,974,Overall,Overall,35,7,41,-1.5,-0.765045,0.417464,962,21,
2,975,Overall,Overall,35,5,41,-2.0,-2.517188,0.741464,874,37,
2,976,Overall,Overall,35,24,41,2.0,1.452828,0.339454,1073,17,
2,977,Overall,Overall,35,10,41,-1.0,-1.046315,0.529289,948,26,
2,978,Overall,Overall,35,6,41,-3.0,-1.639368,0.573537,918,29,
2,979,Overall,Overall,35,17,41,1.5,0.985251,0.365695,1049,18,
2,980,Overall,Overall,35,6,41,-1.5,-1.810384,0.606265,909,30,
2,981,Overall,Overall,35,28,41,2.5,2.210355,0.358844,1111,18,
2,982,Overall,Overall,35,21,41,1.5,1.723202,0.33118,1086,17,
2,983,Overall,Overall,35,11,41,-1.0,-0.759434,0.432519,962,22,
2,984,Overall,Overall,35,26,41,2.5,1.853667,0.336125,1093,17,
2,985,Overall,Overall,35,14,41,0.5,0.09971,0.376651,1005,19,
2,986,Overall,Overall,35,20,41,1.0,1.366177,0.333739,1068,17,
2,987,Overall,Overall,35,30,41,3.0,3.207466,0.47452,1160,24,
2,988,Overall,Overall,35,31,41,3.0,3.164647,0.447482,1158,22,
2,989,Overall,Overall,35,4,41,-3.0,-1.913566,0.647516,904,32,
2,990,Overall,Overall,35,12,41,-1.0,-0.522535,0.409871,974,20,
2,991,Overall,Overall,35,6,41,-1.5,-1.92406,0.620859,904,31,
2,992,Overall,Overall,35,1,41,-3.0,-5.0,1.597975,750,80,
2,993,Overall,Overall,35,17,41,1.5,1.228675,0.36495,1061,18,
2,994,Overall,Overall,35,10,41,-2.0,-1.193262,0.481442,940,24,
2,995,Overall,Overall,35,7,41,-1.5,-1.143498,0.532342,943,27,
2,996,Overall,Overall,35,17,41,2.0,1.318818,0.368493,1066,18,
2,997,Overall,Overall,35,0,41,-3.0,-5.0,1.696855,750,85,
2,998,Overall,Overall,35,29,41,2.5,2.679585,0.395701,1134,20,
2,999,Overall,Overall,35,3,41,-2.5,-3.145007,0.964725,843,48,
2,1000,Overall,Overall,35,6,41,-2.0,-1.355149,0.531083,932,27,
2,1001,Overall,Overall,35,6,41,-2.0,-1.924744,0.644361,904,32,
2,1002,Overall,Overall,35,14,41,0.0,0.253803,0.391104,1013,20,
2,1003,Overall,Overall,35,13,41,0.0,0.098253,0.372701,1005,19,
2,1004,Overall,Overall,35,12,41,-1.0,-0.298753,0.448787,985,22,
2,1005,Overall,Overall,35,9,41,-1.0,-0.677355,0.421604,966,21,
2,1006,Overall,Overall,35,0,41,-2.5,-5.0,1.672911,750,84,
2,1007,Overall,Overall,35,2,41,-3.0,-3.932432,1.197993,803,60,
2,1008,Overall,Overall,35,33,41,3.0,3.1145,0.42914,1156,21,
2,1009,Overall,Overall,35,6,41,-2.0,-2.159113,0.690255,892,35,
2,1010,Overall,Overall,35,25,41,2.0,2.175948,0.358605,1109,18,
2,1011,Overall,Overall,35,14,41,0.5,0.633617,0.326054,1032,16,
2,1012,Overall,Overall,35,18,41,1.0,0.718375,0.34683,1036,17,
2,1013,Overall,Overall,35,6,41,-1.5,-1.769148,0.619279,912,31,
2,1014,Overall,Overall,35,14,41,0.0,0.2961,0.336047,1015,17,
2,1015,Overall,Overall,35,27,41,2.0,1.960855,0.355796,1098,18,
2,1016,Overall,Overall,35,14,41,0.0,0.223368,0.356383,1011,18,
2,1017,Overall,Overall,35,29,41,2.5,3.090904,0.424238,1155,21,
2,1018,Overall,Overall,35,5,41,-2.5,-1.772238,0.602231,911,30,
2,1019,Overall,Overall,35,25,41,2.5,2.417185,0.363343,1121,18,
2,1020,Overall,Overall,35,15,41,0.5,0.499685,0.375954,1025,19,
2,1021,Overall,Overall,35,7,41,-1.5,-1.58826,0.553342,921,28,
2,1022,Overall,Overall,35,25,41,1.5,1.999664,0.3418,1100,17,
2,1023,Overall,Overall,35,21,41,1.0,1.231033,0.348681,1062,17,
2,1024,Overall,Overall,35,5,41,-2.0,-2.325844,0.693987,884,35,
2,1025,Overall,Overall,35,1,41,-3.0,-5.0,1.685555,750,84,
2,1026,Overall,Overall,35,18,41,1.0,0.934538,0.305964,1047,15,
2,1027,Overall,Overall,35,4,41,-2.0,-2.516237,0.739382,874,37,
2,1028,Overall,Overall,35,14,41,0.5,-0.005404,0.37475,1000,19,
2,1029,Overall,Overall,35,15,41,0.5,0.187969,0.377517,1009,19,
2,1030,Overall,Overall,35,25,41,2.0,2.329831,0.376811,1116,19,
2,1031,Overall,Overall,35,28,41,2.5,2.560077,0.378758,1128,19,
2,1032,Overall,Overall,35,25,41,1.5,1.951025,0.359816,1098,18,
2,1033,Overall,Overall,35,26,41,2.0,2.107101,0.386116,1105,19,
2,1034,Overall,Overall,35,1,41,-2.5,-4.928103,1.65623,754,83,
2,1035,Overall,Overall,35,7,41,-2.0,-1.403226,0.559124,930,28,
2,1036,Overall,Overall,35,26,41,2.5,2.16323,0.35015,1108,18,
2,1037,Overall,Overall,35,23,41,0.5,0.946506,0.345342,1047,17,
2,1038,Overall,Overall,35,9,41,-1.5,-0.737306,0.438595,963,22,
2,1039,Overall,Overall,35,10,41,-0.5,-0.537496,0.476315,973,24,
2,1040,Overall,Overall,35,0,41,-2.5,-5.0,1.71278,750,86,
2,1041,Overall,Overall,35,5,41,-2.0,-1.867086,0.62056,907,31,
2,1042,Overall,Overall,35,25,41,2.5,2.138769,0.348826,1107,17,
2,1043,Overall,Overall,35,14,41,1.0,0.83895,0.363329,1042,18,
2,1044,Overall,Overall,35,5,41,-2.5,-2.33714,0.732856,883,37,
2,1045,Overall,Overall,35,24,41,1.0,1.785995,0.335956,1089,17,
2,1046,Overall,Overall,35,4,41,-2.5,-2.649961,0.760184,868,38,
2,1047,Overall,Overall,35,31,41,2.5,3.430036,0.486957,1172,24,
2,1048,Overall,Overall,35,8,41,-1.5,-1.053577,0.477349,947,24,
2,1049,Overall,Overall,35,3,41,-2.0,-3.254362,0.99385,837,50,
2,1050,Overall,Overall,35,9,41,-1.0,-0.892123,0.455941,955,23,
2,1051,Overall,Overall,35,2,41,-3.0,-3.410095,1.039499,829,52,
2,1052,Overall,Overall,35,2,41,-2.5,-3.27763,1.019967,836,51,
2,1053,Overall,Overall,35,11,41,-1.5,-0.463955,0.446853,977,22,
2,1054,Overall,Overall,35,19,41,1.0,1.438957,0.387909,1072,19,
2,1055,Overall,Overall,35,28,41,1.5,3.257566,0.451614,1163,23,
2,1056,Overall,Overall,35,10,41,-0.5,-0.44372,0.390409,978,20,
2,1057,Overall,Overall,35,29,41,2.5,3.375857,0.489362,1169,24,
2,1058,Overall,Overall,35,15,41,0.5,0.198526,0.366345,1010,18,
2,1059,Overall,Overall,35,26,41,1.5,2.437802,0.378551,1122,19,
2,1060,Overall,Overall,35,4,41,-2.0,-2.49813,0.731632,875,37,
2,1061,Overall,Overall,35,27,41,2.5,2.338074,0.35025,1117,18,
2,1062,Overall,Overall,35,26,41,2.5,2.001479,0.38096,1100,19,
2,1063,Overall,Overall,35,5,41,-3.0,-2.281186,0.707038,886,35,
2,1064,Overall,Overall,35,24,41,1.5,1.742936,0.349836,1087,17,
2,1065,Overall,Overall,35,20,41,1.0,0.968167,0.351303,1048,18,
2,1066,Overall,Overall,35,2,41,-3.0,-3.864375,1.140782,807,57,
2,1067,Overall,Overall,35,25,41,3.0,1.977555,0.370788,1099,19,
2,1068,Overall,Overall,35,28,41,1.5,1.784751,0.374193,1089,19,
2,1069,Overall,Overall,35,1,41,-3.0,-5.0,1.668188,750,83,
2,1070,Overall,Overall,35,12,41,-0.5,-0.234082,0.380698,988,19,
2,1071,Overall,Overall,35,18,41,1.0,1.14404,0.360252,1057,18,
2,1072,Overall,Overall,35,14,41,0.0,0.404298,0.37475,1020,19,
2,1073,Overall,Overall,35,19,41,0.5,1.037303,0.367723,1052,18,
2,1074,Overall,Overall,35,9,41,-2.0,-1.056629,0.4729,947,24,
2,1075,Overall,Overall,35,5,41,-2.0,-2.062209,0.689658,897,34,
2,1076,Overall,Overall,35,28,41,2.0,1.943049,0.336721,1097,17,
2,1077,Overall,Overall,35,4,41,-3.0,-2.574503,0.750527,871,38,
2,1078,Overall,Overall,35,8,41,-1.5,-0.895321,0.484116,955,24,
2,1079,Overall,Overall,35,30,41,3.0,2.961765,0.421078,1148,21,
2,1080,Overall,Overall,35,21,41,1.0,1.596097,0.363322,1080,18,
2,1081,Overall,Overall,35,9,41,-1.0,-1.0127,0.487344,949,24,
2,1082,Overall,Overall,35,2,41,-2.5,-2.779016,0.831123,861,42,
2,1083,Overall,Overall,35,5,41,-2.0,-1.835409,0.638498,908,32,
2,1084,Overall,Overall,35,5,41,-1.5,-1.566201,0.573493,922,29,
2,1085,Overall,Overall,35,6,41,-2.0,-1.433156,0.527391,928,26,
2,1086,Overall,Overall,35,25,41,2.0,2.089396,0.342308,1104,17,
2,1087,Overall,Overall,35,31,41,3.0,3.09966,0.432074,1155,22,
2,1088,Overall,Overall,35,9,41,-0.5,-0.75286,0.454375,962,23,
2,1089,Overall,Overall,35,18,41,0.5,0.861582,0.339988,1043,17,
2,1090,Overall,Overall,35,25,41,2.0,2.274604,0.357652,1114,18,
2,1091,Overall,Overall,35,29,41,2.5,2.480848,0.368547,1124,18,
2,1092,Overall,Overall,35,4,41,-1.5,-2.575333,0.760364,871,38,
2,1093,Overall,Overall,35,17,41,0.5,0.211071,0.349786,1011,17,
2,1094,Overall,Overall,35,23,41,2.0,1.94476,0.368884,1097,18,
2,1095,Overall,Overall,35,20,41,1.0,1.19337,0.344148,1060,17,
2,1096,Overall,Overall,35,28,41,2.5,2.376391,0.352889,1119,18,
2,1097,Overall,Overall,35,5,41,-3.0,-2.228085,0.675497,889,34,
2,1098,Overall,Overall,35,7,41,-0.5,-1.297622,0.528897,935,26,
2,1099,Overall,Overall,35,9,41,0.0,-0.72906,0.442363,964,22,
2,1100,Overall,Overall,35,27,41,2.0,2.222736,0.34829,1111,17,
2,1101,Overall,Overall,35,22,41,1.0,1.491423,0.355729,1075,18,
2,1102,Overall,Overall,35,13,41,-1.0,-0.424406,0.413145,979,21,
2,1103,Overall,Overall,35,32,41,3.0,3.097228,0.414024,1155,21,
2,1104,Overall,Overall,35,24,41,1.0,1.496217,0.36409,1075,18,
2,1105,Overall,Overall,35,23,41,1.5,1.485404,0.342254,1074,17,
2,1106,Overall,Overall,35,27,41,2.0,2.332361,0.388921,1117,19,
2,1107,Overall,Overall,35,11,41,0.0,0.165156,0.378205,1008,19,
2,1108,Overall,Overall,35,8,41,-1.0,-1.332859,0.543566,933,27,
2,1109,Overall,Overall,35,5,41,-2.0,-2.411291,0.715072,879,36,
2,1110,Overall,Overall,35,24,41,1.5,1.851744,0.340469,1093,17,
2,1111,Overall,Overall,35,30,41,3.0,2.87034,0.42935,1144,21,
2,1112,Overall,Overall,35,18,41,0.5,0.472866,0.379614,1024,19,
2,1113,Overall,Overall,35,25,41,2.0,1.830966,0.334675,1092,17,
2,1114,Overall,Overall,35,16,41,0.0,0.15775,0.358464,1008,18,
2,1115,Overall,Overall,35,31,41,3.0,3.642573,0.529482,1182,26,
2,1116,Overall,Overall,35,25,41,1.5,2.006677,0.34874,1100,17,
2,1117,Overall,Overall,35,25,41,1.5,1.432216,0.350351,1072,18,
2,1118,Overall,Overall,35,3,41,-3.0,-2.880348,0.80939,856,40,
2,1119,Overall,Overall,35,15,41,0.5,0.223445,0.353341,1011,18,
2,1120,Overall,Overall,35,33,41,3.0,4.170331,0.545903,1209,27,
2,1121,Overall,Overall,35,30,41,3.0,3.052982,0.411725,1153,21,
2,1122,Overall,Overall,35,12,41,0.5,-0.237451,0.398369,988,20,
2,1123,Overall,Overall,35,29,41,3.0,3.480789,0.508357,1174,25,
2,1124,Overall,Overall,35,31,41,2.5,2.479431,0.36764,1124,18,
2,1125,Overall,Overall,35,10,41,-0.5,-0.417805,0.401108,979,20,
2,1126,Overall,Overall,35,4,41,-2.0,-2.428739,0.743703,879,37,
2,1127,Overall,Overall,35,32,41,3.0,3.401684,0.443044,1170,22,
2,1128,Overall,Overall,35,8,41,-1.5,-1.435982,0.540026,928,27,
2,1129,Overall,Overall,35,12,41,0.0,-0.054653,0.37997,997,19,
2,1130,Overall,Overall,35,5,41,-2.0,-2.127593,0.641454,894,32,
2,1131,Overall,Overall,35,12,41,0.0,-0.383174,0.43161,981,22,
2,1132,Overall,Overall,35,4,41,-2.5,-2.655877,0.825704,867,41,
2,1133,Overall,Overall,35,5,41,-2.0,-2.205579,0.681385,890,34,
2,1134,Overall,Overall,35,4,41,-3.0,-2.267753,0.694846,887,35,
2,1135,Overall,Overall,35,9,41,-0.5,-0.803581,0.441926,960,22,
2,1136,Overall,Overall,35,4,41,-1.0,-2.098318,0.727743,895,36,
2,1137,Overall,Overall,35,11,41,-0.5,-0.326146,0.393046,984,20,
2,1138,Overall,Overall,35,29,41,3.0,3.256288,0.449081,1163,22,
2,1139,Overall,Overall,35,13,41,0.0,0.231608,0.338535,1012,17,
2,1140,Overall,Overall,35,2,41,-3.0,-3.859299,1.122431,807,56,
2,1141,Overall,Overall,35,4,41,-2.5,-2.567292,0.788545,872,39,
2,1142,Overall,Overall,35,5,41,-3.0,-1.950384,0.629077,902,31,
2,1143,Overall,Overall,35,13,41,0.0,-0.098577,0.373005,995,19,
2,1144,Overall,Overall,35,7,41,-2.0,-1.038746,0.491005,948,25,
2,1145,Overall,Overall,35,22,41,2.0,1.643558,0.357367,1082,18,
2,1146,Overall,Overall,35,14,41,0.5,0.434505,0.334472,1022,17,
2,1147,Overall,Overall,35,6,41,-1.0,-1.724467,0.631008,914,32,
2,1148,Overall,Overall,35,3,41,-1.0,-2.813219,0.831819,859,42,
2,1149,Overall,Overall,35,11,41,-0.5,-0.478664,0.433657,976,22,
2,1150,Overall,Overall,35,6,41,-1.5,-1.939465,0.680975,903,34,
2,1151,Overall,Overall,35,17,41,1.0,0.695866,0.339275,1035,17,
2,1152,Overall,Overall,35,12,41,0.0,0.30742,0.370412,1015,19,
2,1153,Overall,Overall,35,19,41,2.0,1.318348,0.36642,1066,18,
2,1154,Overall,Overall,35,24,41,1.0,1.335249,0.330424,1067,17,
2,1155,Overall,Overall,35,25,41,2.5,2.143832,0.378909,1107,19,
2,1156,Overall,Overall,35,27,41,2.0,1.734348,0.373212,1087,19,
2,1157,Overall,Overall,35,4,41,-2.5,-3.08247,0.872926,846,44,
2,1158,Overall,Overall,35,12,41,0.0,-0.055931,0.404953,997,20,
2,1159,Overall,Overall,35,31,41,3.0,3.197117,0.445716,1160,22,
2,1160,Overall,Overall,35,26,41,2.0,1.820542,0.346826,1091,17,
2,1161,Overall,Overall,35,16,41,0.0,0.404847,0.387459,1020,19,
2,1162,Overall,Overall,35,4,41,-1.0,-2.302982,0.6832,885,34,
2,1163,Overall,Overall,35,26,41,2.0,1.801589,0.35258,1090,18,
2,1164,Overall,Overall,35,7,41,-1.0,-0.628328,0.447035,969,22,
2,1165,Overall,Overall,35,11,41,0.5,-0.2834,0.394057,986,20,
2,1166,Overall,Overall,35,17,41,1.0,0.900488,0.335038,1045,17,
2,1167,Overall,Overall,35,11,41,-1.0,-0.466587,0.395887,977,20,
2,1168,Overall,Overall,35,9,41,-0.5,-0.629805,0.452557,969,23,
2,1169,Overall,Overall,35,4,41,-1.5,-1.805688,0.661753,910,33,
2,1170,Overall,Overall,35,12,41,-0.5,-0.122769,0.351922,994,18,
2,1171,Overall,Overall,35,19,41,1.0,0.845182,0.350796,1042,18,
2,1172,Overall,Overall,35,24,41,2.0,2.086829,0.357752,1104,18,
2,1173,Overall,Overall,35,18,41,0.0,0.204444,0.355949,1010,18,
2,1174,Overall,Overall,35,15,41,-0.5,0.2752,0.35753,1014,18,
2,1175,Overall,Overall,35,8,41,-0.5,-1.447737,0.544976,928,27,
2,1176,Overall,Overall,35,7,41,-0.5,-0.944135,0.469591,953,23,
2,1177,Overall,Overall,35,4,41,-2.0,-2.400702,0.717788,880,36,
2,1178,Overall,Overall,35,3,41,-1.5,-3.16792,0.939562,842,47,
2,1179,Overall,Overall,35,13,41,0.0,0.160929,0.359739,1008,18,
2,1180,Overall,Overall,35,25,41,2.0,2.140025,0.354112,1107,18,
2,1181,Overall,Overall,35,15,41,1.0,0.421572,0.361832,1021,18,
2,1182,Overall,Overall,35,4,41,-2.0,-2.590785,0.802782,870,40,
2,1183,Overall,Overall,35,19,41,0.5,0.90131,0.347669,1045,17,
2,1184,Overall,Overall,35,5,41,-1.5,-1.563789,0.598674,922,30,
2,1185,Overall,Overall,35,12,41,0.5,-0.251079,0.403418,987,20,
2,1186,Overall,Overall,35,3,41,-3.0,-3.34244,1.038059,833,52,
2,1187,Overall,Overall,35,9,41,-0.5,-0.489461,0.427914,976,21,
2,1188,Overall,Overall,35,6,41,-2.0,-1.491943,0.578117,925,29,
2,1189,Overall,Overall,35,15,41,0.5,0.27413,0.339654,1014,17,
2,1190,Overall,Overall,35,8,41,-2.0,-0.763527,0.436393,962,22,
2,1191,Overall,Overall,35,10,41,-0.5,-0.912525,0.473782,954,24,
2,1192,Overall,Overall,35,6,41,-3.0,-2.343616,0.712606,883,36,
2,1193,Overall,Overall,35,24,41,2.0,2.027897,0.35316,1101,18,
2,1194,Overall,Overall,35,27,41,1.5,1.445631,0.324228,1072,16,
2,1195,Overall,Overall,35,5,41,-1.0,-1.23952,0.526037,938,26,
2,1196,Overall,Overall,35,16,41,1.0,0.451989,0.345639,1023,17,
2,1197,Overall,Overall,35,2,41,-2.5,-3.393873,1.030382,830,52,
2,1198,Overall,Overall,35,30,41,2.5,2.689011,0.378579,1134,19,
2,1199,Overall,Overall,35,3,41,-2.0,-3.196264,0.933533,840,47,
2,1200,Overall,Overall,35,27,41,2.5,2.496318,0.364289,1125,18,
2,1201,Overall,Overall,35,31,41,2.5,2.86117,0.40147,1143,20,
2,1202,Overall,Overall,35,4,41,-2.0,-2.193018,0.704383,890,35,
2,1203,Overall,Overall,35,32,41,3.0,2.782035,0.393429,1139,20,
2,1204,Overall,Overall,35,14,41,0.5,0.066514,0.376897,1003,19,
2,1205,Overall,Overall,35,13,41,-0.5,-0.246772,0.412458,988,21,
2,1206,Overall,Overall,35,6,41,-1.0,-1.598186,0.610542,920,31,
2,1207,Overall,Overall,35,1,41,-2.5,-4.556163,1.378414,772,69,
2,1208,Overall,Overall,35,10,41,0.0,-0.117115,0.361029,994,18,
2,1209,Overall,Overall,35,28,41,2.0,2.241599,0.359577,1112,18,
2,1210,Overall,Overall,35,30,41,3.0,2.592246,0.425141,1130,21,
2,1211,Overall,Overall,35,27,41,2.5,2.787156,0.39564,1139,20,
2,1212,Overall,Overall,35,33,41,2.5,2.806393,0.413,1140,21,
2,1213,Overall,Overall,35,28,41,2.0,1.681802,0.357731,1084,18,
2,1214,Overall,Overall,35,12,41,-1.5,-0.600217,0.442278,970,22,
2,1215,Overall,Overall,35,18,41,0.5,0.768593,0.359391,1038,18,
2,1216,Overall,Overall,35,0,41,-3.0,-5.0,1.842169,750,92,
2,1217,Overall,Overall,35,28,41,2.5,2.261033,0.349419,1113,17,
2,1218,Overall,Overall,35,9,41,-2.5,-1.055329,0.505013,947,25,
2,1219,Overall,Overall,35,19,41,0.5,0.554564,0.353483,1028,18,
2,1220,Overall,Overall,35,4,41,-3.0,-2.288322,0.681572,886,34,
2,1221,Overall,Overall,35,5,41,-3.0,-1.961788,0.713975,902,36,
2,1222,Overall,Overall,35,2,41,-2.0,-2.431878,0.782695,878,39,
2,1223,Overall,Overall,35,26,41,1.5,1.649521,0.360599,1082,18,
2,1224,Overall,Overall,35,20,41,0.0,0.737875,0.367595,1037,18,
2,1225,Overall,Overall,35,24,41,1.5,1.397087,0.35757,1070,18,
2,1226,Overall,Overall,35,19,41,1.5,0.955495,0.342855,1048,17,
2,1227,Overall,Overall,35,28,41,2.5,2.417214,0.359078,1121,18,
2,1228,Overall,Overall,35,12,41,-0.5,-0.227452,0.371058,989,19,
2,1229,Overall,Overall,35,5,41,-1.5,-2.104678,0.670705,895,34,
2,1230,Overall,Overall,35,7,41,-1.5,-1.29448,0.546293,935,27,
2,1231,Overall,Overall,35,12,41,-1.0,-0.464694,0.415798,977,21,
2,1232,Overall,Overall,35,12,41,-1.0,-0.417153,0.391237,979,20,
2,1233,Overall,Overall,35,30,41,2.0,2.778541,0.391429,1139,20,
2,1234,Overall,Overall,35,3,41,-3.0,-3.220548,0.938879,839,47,
2,1235,Overall,Overall,35,27,41,2.0,1.714113,0.336028,1086,17,
2,1236,Overall,Overall,35,11,41,0.0,-0.087967,0.369413,996,18,
2,1237,Overall,Overall,35,6,41,-2.0,-1.16761,0.491666,942,25,
2,1238,Overall,Overall,35,20,41,1.5,0.947816,0.359159,1047,18,
2,1239,Overall,Overall,35,21,41,1.0,1.296631,0.363078,1065,18,
2,1240,Overall,Overall,35,1,41,-3.0,-4.415977,1.429408,779,71,
2,1241,Overall,Overall,35,5,41,-1.5,-2.324655,0.705414,884,35,
2,1242,Overall,Overall,35,13,41,-0.5,-0.027969,0.360395,999,18,
2,1243,Overall,Overall,35,16,41,0.5,0.474487,0.371929,1024,19,
2,1244,Overall,Overall,35,5,41,-1.5,-1.884974,0.638947,906,32,
2,1245,Overall,Overall,35,9,41,0.5,0.059133,0.390826,1003,20,
2,1246,Overall,Overall,35,1,41,-3.0,-4.557307,1.457296,772,73,
2,1247,Overall,Overall,35,22,41,1.5,1.978043,0.37096,1099,19,
2,1248,Overall,Overall,35,17,41,0.0,0.4508,0.339816,1023,17,
2,1249,Overall,Overall,35,9,41,-1.0,-0.87648,0.447143,956,22,
2,1250,Overall,Overall,35,2,41,-2.5,-3.41044,0.992521,829,50,
2,1251,Overall,Overall,35,17,41,1.0,0.728448,0.3285,1036,16,
2,1252,Overall,Overall,35,17,41,0.0,0.663844,0.373575,1033,19,
2,1253,Overall,Overall,35,11,41,-0.5,-0.630516,0.438928,968,22,
2,1254,Overall,Overall,35,13,41,-0.5,0.037464,0.382626,1002,19,
2,1255,Overall,Overall,35,23,41,2.5,2.03805,0.347145,1102,17,
2,1256,Overall,Overall,35,25,41,1.5,1.575568,0.357489,1079,18,
2,1257,Overall,Overall,35,10,41,-1.0,-0.553334,0.437073,972,22,
2,1258,Overall,Overall,35,18,41,1.0,1.49943,0.361743,1075,18,
2,1259,Overall,Overall,35,11,41,-1.5,-0.852656,0.417025,957,21,
2,1260,Overall,Overall,35,16,41,0.5,0.36812,0.397362,1018,20,
2,1261,Overall,Overall,35,20,41,1.5,1.264622,0.329745,1063,16,
2,1262,Overall,Overall,35,22,41,2.0,1.983733,0.354432,1099,18,
2,1263,Overall,Overall,35,28,41,2.0,1.814733,0.360457,1091,18,
2,1264,Overall,Overall,35,6,41,-1.0,-1.509507,0.538215,925,27,
2,1265,Overall,Overall,35,13,41,0.0,0.201918,0.369637,1010,18,
2,1266,Overall,Overall,35,18,41,0.0,0.814745,0.351795,1041,18,
2,1267,Overall,Overall,35,13,41,-0.5,-0.062024,0.39974,997,20,
2,1268,Overall,Overall,35,2,41,-3.0,-3.908913,1.228571,805,61,
2,1269,Overall,Overall,35,19,41,1.0,1.009893,0.331277,1050,17,
2,1270,Overall,Overall,35,8,41,-1.0,-0.698679,0.442216,965,22,
2,1271,Overall,Overall,35,4,41,-2.5,-2.937635,0.850007,853,43,
2,1272,Overall,Overall,35,17,41,1.5,0.982619,0.355986,1049,18,
2,1273,Overall,Overall,35,5,41,-2.0,-1.908788,0.652866,905,33,
2,1274,Overall,Overall,35,23,41,1.0,1.043846,0.33185,1052,17,
2,1275,Overall,Overall,35,7,41,-1.5,-1.550689,0.570395,922,29,
2,1276,Overall,Overall,35,8,41,-0.5,-0.650922,0.442774,967,22,
2,1277,Overall,Overall,35,13,41,0.5,0.23549,0.375357,1012,19,
2,1278,Overall,Overall,35,24,41,2.0,1.918241,0.397138,1096,20,
2,1279,Overall,Overall,35,6,41,-1.0,-2.058379,0.637988,897,32,
2,1280,Overall,Overall,35,29,41,3.0,3.306806,0.450642,1165,23,
2,1281,Overall,Overall,35,24,41,1.5,1.570603,0.334443,1079,17,
2,1282,Overall,Overall,35,28,41,1.5,1.749752,0.391116,1087,20,
2,1283,Overall,Overall,35,28,41,2.5,2.273542,0.374291,1114,19,
2,1284,Overall,Overall,35,17,41,0.5,0.40399,0.33368,1020,17,
2,1285,Overall,Overall,35,17,41,1.5,1.138129,0.392782,1057,20,
2,1286,Overall,Overall,35,10,41,-0.5,-0.459945,0.389826,977,19,
2,1287,Overall,Overall,35,3,41,-3.0,-3.14911,0.91764,843,46,
2,1288,Overall,Overall,35,4,41,-2.5,-2.864798,0.912577,857,46,
2,1289,Overall,Overall,35,15,41,0.5,0.246287,0.330001,1012,17,
2,1290,Overall,Overall,35,32,41,3.0,3.464523,0.476299,1173,24,
2,1291,Overall,Overall,35,7,41,0.0,-1.332817,0.544121,933,27,
2,1292,Overall,Overall,35,30,41,3.0,2.471108,0.379023,1124,19,
2,1293,Overall,Overall,35,9,41,-1.0,-0.627031,0.397271,969,20,
2,1294,Overall,Overall,35,4,41,-1.5,-2.382998,0.710971,881,36,
2,1295,Overall,Overall,35,10,41,-1.0,-0.70498,0.473053,965,24,
2,1296,Overall,Overall,35,5,41,-3.0,-2.162154,0.645177,892,32,
2,1297,Overall,Overall,35,3,41,-3.0,-2.996098,0.943795,850,47,
2,1298,Overall,Overall,35,27,41,3.0,2.461897,0.358043,1123,18,
2,1299,Overall,Overall,35,22,41,1.0,1.329548,0.314756,1066,16,
2,1300,Overall,Overall,35,22,41,1.5,1.960314,0.394668,1098,20,
3,1,Overall,Overall,35,25,41,2.0,1.73573,0.323416,1087,16,
3,2,Overall,Overall,35,5,41,-2.0,-2.64561,0.768928,868,38,
3,3,Overall,Overall,35,7,41,-2.0,-1.332534,0.550768,933,28,
3,4,Overall,Overall,35,2,41,-3.0,-3.772621,1.193836,811,60,
3,5,Overall,Overall,35,5,41,-3.0,-1.944197,0.664197,903,33,
3,6,Overall,Overall,35,6,41,-1.0,-1.411939,0.607056,929,30,
3,7,Overall,Overall,35,5,41,-1.0,-1.672268,0.577888,916,29,
3,8,Overall,Overall,35,17,41,0.5,0.593653,0.330913,1030,17,
3,9,Overall,Overall,35,7,41,-1.0,-1.158284,0.507003,942,25,
3,10,Overall,Overall,35,29,41,2.5,2.685642,0.39175,1134,20,
3,11,Overall,Overall,35,13,41,-0.5,-0.026784,0.376184,999,19,
3,12,Overall,Overall,35,5,41,-2.0,-2.095379,0.623911,895,31,
3,13,Overall,Overall,35,28,41,2.0,2.576086,0.393201,1129,20,
3,14,Overall,Overall,35,11,41,-1.0,-0.40306,0.424032,980,21,
3,15,Overall,Overall,35,21,41,1.5,1.002804,0.370762,1050,19,
3,16,Overall,Overall,35,29,41,3.0,3.123652,0.430401,1156,22,
3,17,Overall,Overall,35,9,41,-1.5,-0.765877,0.43792,962,22,
3,18,Overall,Overall,35,15,41,0.5,0.184795,0.377626,1009,19,
3,19,Overall,Overall,35,7,41,-1.5,-1.331679,0.553579,933,28,
3,20,Overall,Overall,35,5,41,-3.0,-2.268948,0.712896,887,36,
3,21,Overall,Overall,35,19,41,0.5,1.01397,0.316377,1051,16,
3,22,Overall,Overall,35,29,41,2.5,3.442023,0.446048,1172,22,
3,23,Overall,Overall,35,19,41,0.5,1.111523,0.329576,1056,16,
3,24,Overall,Overall,35,7,41,-1.5,-1.287567,0.556779,936,28,
3,25,Overall,Overall,35,7,41,-1.0,-1.686649,0.60649,916,30,
3,26,Overall,Overall,35,24,41,2.0,2.054273,0.375107,1103,19,
3,27,Overall,Overall,35,2,41,-2.0,-3.386295,0.993345,831,50,
3,28,Overall,Overall,35,8,41,-1.0,-1.109851,0.526743,945,26,
3,29,Overall,Overall,35,5,41,-2.0,-2.385276,0.711001,881,36,
3,30,Overall,Overall,35,3,41,-3.0,-2.860577,0.879518,857,44,
3,31,Overall,Overall,35,13,41,-0.5,0.052789,0.373519,1003,19,
3,32,Overall,Overall,35,27,41,2.0,1.76989,0.340617,1088,17,
3,33,Overall,Overall,35,18,41,1.0,0.636241,0.368153,1032,18,
3,34,Overall,Overall,35,19,41,0.0,0.535085,0.347712,1027,17,
3,35,Overall,Overall,35,16,41,0.5,0.139139,0.375331,1007,19,
3,36,Overall,Overall,35,21,41,1.5,1.126465,0.320686,1056,16,
3,37,Overall,Overall,35,25,41,1.5,1.797653,0.359978,1090,18,
3,38,Overall,Overall,35,10,41,-0.5,-0.975882,0.459383,951,23,
3,39,Overall,Overall,35,26,41,2.5,2.730426,0.38848,1137,19,
3,40,Overall,Overall,35,1,41,-3.0,-4.53097,1.42911,773,71,
3,41,Overall,Overall,35,29,41,2.0,2.787742,0.394188,1139,20,
3,42,Overall,Overall,35,23,41,1.5,2.088569,0.364749,1104,18,
3,43,Overall,Overall,35,13,41,0.0,0.21212,0.357347,1011,18,
3,44,Overall,Overall,35,24,41,1.5,1.650688,0.339967,1083,17,
3,45,Overall,Overall,35,19,41,0.5,0.889849,0.335989,1044,17,
3,46,Overall,Overall,35,34,41,3.0,3.329063,0.45539,1166,23,
3,47,Overall,Overall,35,27,41,1.5,2.074948,0.363047,1104,18,
3,48,Overall,Overall,35,6,41,-1.0,-1.586808,0.559115,921,28,
3,49,Overall,Overall,35,26,41,2.5,3.045556,0.431233,1152,22,
3,50,Overall,Overall,35,7,41,-1.5,-0.917335,0.461032,954,23,
3,51,Overall,Overall,35,6,41,-2.5,-2.035482,0.651256,898,33,
3,52,Overall,Overall,35,6,41,-2.5,-1.80124,0.583999,910,29,
3,53,Overall,Overall,35,31,41,3.0,2.963259,0.419207,1148,21,
3,54,Overall,Overall,35,18,41,1.0,0.791173,0.333758,1040,17,
3,55,Overall,Overall,35,7,41,-1.5,-1.173308,0.467724,941,23,
3,56,Overall,Overall,35,10,41,-0.5,-0.274385,0.377337,986,19,
3,57,Overall,Overall,35,13,41,0.0,0.212453,0.347323,1011,17,
3,58,Overall,Overall,35,14,41,-0.5,-0.313323,0.417213,984,21,
3,59,Overall,Overall,35,25,41,1.5,2.065422,0.345925,1103,17,
3,60,Overall,Overall,35,31,41,2.5,2.565735,0.386075,1128,19,
3,61,Overall,Overall,35,23,41,1.0,1.407427,0.356803,1070,18,
3,62,Overall,Overall,35,7,41,-1.5,-1.559415,0.564778,922,28,
3,63,Overall,Overall,35,2,41,-2.0,-3.398363,0.984385,830,49,
3,64,Overall,Overall,35,29,41,3.0,2.498294,0.366846,1125,18,
3,65,Overall,Overall,35,19,41,0.5,0.805088,0.353146,1040,18,
3,66,Overall,Overall,35,10,41,-1.0,-0.157102,0.398385,992,20,
3,67,Overall,Overall,35,3,41,-1.5,-3.213807,0.940631,839,47,
3,68,Overall,Overall,35,16,41,0.0,0.364938,0.328069,1018,16,
3,69,Overall,Overall,35,33,41,3.0,3.111443,0.457282,1156,23,
3,70,Overall,Overall,35,9,41,-0.5,-0.869809,0.466827,957,23,
3,71,Overall,Overall,35,2,41,-3.0,-3.605306,1.126325,820,56,
3,72,Overall,Overall,35,7,41,-2.0,-1.613418,0.580303,919,29,
3,73,Overall,Overall,35,32,41,3.0,3.330126,0.498124,1167,25,
3,74,Overall,Overall,35,1,41,-3.0,-5.0,1.617073,750,81,
3,75,Overall,Overall,35,6,41,-1.5,-1.412412,0.522635,929,26,
3,76,Overall,Overall,35,9,41,-2.0,-0.942594,0.507567,953,25,
3,77,Overall,Overall,35,24,41,1.5,1.116536,0.350436,1056,18,
3,78,Overall,Overall,35,23,41,2.5,2.1115,0.348276,1106,17,
3,79,Overall,Overall,35,11,41,-0.5,-0.399136,0.427349,980,21,
3,80,Overall,Overall,35,5,41,-2.5,-2.104693,0.695087,895,35,
3,81,Overall,Overall,35,14,41,0.5,0.285465,0.359026,1014,18,
3,82,Overall,Overall,35,9,41,-1.0,-0.729524,0.483342,964,24,
3,83,Overall,Overall,35,24,41,1.5,1.696794,0.351689,1085,18,
3,84,Overall,Overall,35,3,41,-2.0,-3.172114,0.911836,841,46,
3,85,Overall,Overall,35,28,41,2.0,1.746485,0.357897,1087,18,
3,86,Overall,Overall,35,3,41,-2.5,-3.059684,0.880171,847,44,
3,87,Overall,Overall,35,5,41,-1.5,-1.871182,0.620712,906,31,
3,88,Overall,Overall,35,6,41,-1.0,-1.191876,0.478591,940,24,
3,89,Overall,Overall,35,12,41,-0.5,0.1073,0.388455,1005,19,
3,90,Overall,Overall,35,1,41,-3.0,-4.624138,1.396119,769,70,
3,91,Overall,Overall,35,7,41,-1.0,-1.285918,0.544635,936,27,
3,92,Overall,Overall,35,9,41,-0.5,-0.989779,0.48855,951,24,
3,93,Overall,Overall,35,10,41,-0.5,-0.697253,0.40827,965,20,
3,94,Overall,Overall,35,17,41,-0.5,0.165047,0.389768,1008,19,
3,95,Overall,Overall,35,6,41,-2.0,-1.802724,0.649726,910,32,
3,96,Overall,Overall,35,31,41,3.0,2.627603,0.384417,1131,19,
3,97,Overall,Overall,35,29,41,2.0,1.928515,0.387034,1096,19,
3,98,Overall,Overall,35,11,41,0.0,-0.355258,0.413921,982,21,
3,99,Overall,Overall,35,24,41,1.5,1.733903,0.340096,1087,17,
3,100,Overall,Overall,35,5,41,-2.5,-2.525413,0.722892,874,36,
3,101,Overall,Overall,35,8,41,-0.5,-1.414829,0.559346,929,28,
3,102,Overall,Overall,35,4,41,-3.0,-2.442124,0.733936,878,37,
3,103,Overall,Overall,35,6,41,-1.5,-1.578985,0.575146,921,29,
3,104,Overall,Overall,35,15,41,1.0,0.572878,0.399229,1029,20,
3,105,Overall,Overall,35,6,41,-1.0,-1.552692,0.588603,922,29,
3,106,Overall,Overall,35,20,41,1.5,1.238649,0.343191,1062,17,
3,107,Overall,Overall,35,13,41,0.0,0.002728,0.380244,1000,19,
3,108,Overall,Overall,35,20,41,1.0,0.794421,0.310077,1040,16,
3,109,Overall,Overall,35,16,41,-1.0,0.083883,0.382639,1004,19,
3,110,Overall,Overall,35,28,41,1.5,2.150155,0.356173,1108,18,
3,111,Overall,Overall,35,20,41,1.0,0.919859,0.362911,1046,18,
3,112,Overall,Overall,35,6,41,-3.0,-1.935506,0.617891,903,31,
3,113,Overall,Overall,35,5,41,-1.5,-1.858025,0.598115,907,30,
3,114,Overall,Overall,35,29,41,2.0,2.234799,0.358328,1112,18,
3,115,Overall,Overall,35,4,41,-3.0,-2.560795,0.776799,872,39,
3,116,Overall,Overall,35,15,41,1.0,0.823224,0.36595,1041,18,
3,117,Overall,Overall,35,27,41,1.0,1.764856,0.379816,1088,19,
3,118,Overall,Overall,35,10,41,-1.5,-0.824706,0.429766,959,21,
3,119,Overall,Overall,35,23,41,1.5,1.764041,0.351368,1088,18,
3,120,Overall,Overall,35,30,41,2.5,2.77303,0.408188,1139,20,
3,121,Overall,Overall,35,5,41,-1.5,-1.906619,0.586366,905,29,
3,122,Overall,Overall,35,27,41,1.5,2.470882,0.393035,1124,20,
3,123,Overall,Overall,35,14,41,-0.5,0.146277,0.348633,1007,17,
3,124,Overall,Overall,35,21,41,1.5,1.366179,0.342428,1068,17,
3,125,Overall,Overall,35,13,41,0.5,0.028963,0.381397,1001,19,
3,126,Overall,Overall,35,3,41,-3.0,-3.334472,0.926503,833,46,
3,127,Overall,Overall,35,16,41,1.0,0.742675,0.367586,1037,18,
3,128,Overall,Overall,35,15,41,1.0,0.882041,0.349488,1044,17,
3,129,Overall,Overall,35,12,41,0.5,-0.011964,0.350544,999,18,
3,130,Overall,Overall,35,31,41,3.0,2.840229,0.389217,1142,19,
3,131,Overall,Overall,35,6,41,-2.0,-1.966773,0.625509,902,31,
3,132,Overall,Overall,35,13,41,0.0,0.04122,0.373248,1002,19,
3,133,Overall,Overall,35,15,41,1.0,0.419813,0.342571,1021,17,
3,134,Overall,Overall,35,27,41,3.0,2.634423,0.369958,1132,18,
3,135,Overall,Overall,35,11,41,-0.5,-0.492935,0.397349,975,20,
3,136,Overall,Overall,35,16,41,0.0,0.785447,0.341705,1039,17,
3,137,Overall,Overall,35,18,41,0.5,0.737771,0.349702,1037,17,
3,138,Overall,Overall,35,11,41,-0.5,-0.229662,0.413872,989,21,
3,139,Overall,Overall,35,30,41,3.0,3.534025,0.503486,1177,25,
3,140,Overall,Overall,35,4,41,-2.5,-2.449966,0.724751,878,36,
3,141,Overall,Overall,35,29,41,2.0,2.340369,0.373674,1117,19,
3,142,Overall,Overall,35,19,41,0.5,0.585641,0.377196,1029,19,
3,143,Overall,Overall,35,6,41,-1.5,-1.665409,0.615003,917,31,
3,144,Overall,Overall,35,10,41,0.0,-0.624557,0.455855,969,23,
3,145,Overall,Overall,35,23,41,1.0,1.401698,0.331901,1070,17,
3,146,Overall,Overall,35,19,41,1.0,0.78343,0.337351,1039,17,
3,147,Overall,Overall,35,28,41,2.0,2.116221,0.358308,1106,18,
3,148,Overall,Overall,35,9,41,-1.0,-1.195279,0.536399,940,27,
3,149,Overall,Overall,35,21,41,1.5,1.470739,0.331807,1074,17,
3,150,Overall,Overall,35,28,41,2.5,2.341131,0.373539,1117,19,
3,151,Overall,Overall,35,20,41,1.0,0.985714,0.355209,1049,18,
3,152,Overall,Overall,35,16,41,0.0,0.211341,0.339047,1011,17,
3,153,Overall,Overall,35,5,41,-2.5,-1.935571,0.667545,903,33,
3,154,Overall,Overall,35,16,41,0.0,0.497671,0.364598,1025,18,
3,155,Overall,Overall,35,2,41,-2.5,-3.305922,1.022399,835,51,
3,156,Overall,Overall,35,32,41,3.0,3.061942,0.405253,1153,20,
3,157,Overall,Overall,35,17,41,1.0,0.561877,0.335378,1028,17,
3,158,Overall,Overall,35,28,41,1.5,1.937854,0.356029,1097,18,
3,159,Overall,Overall,35,6,41,-2.0,-1.51849,0.595843,924,30,
3,160,Overall,Overall,35,3,41,-2.5,-3.144546,0.98741,843,49,
3,161,Overall,Overall,35,11,41,-0.5,-0.055056,0.399821,997,20,
3,162,Overall,Overall,35,24,41,2.0,2.116578,0.355414,1106,18,
3,163,Overall,Overall,35,13,41,0.0,-0.107421,0.370092,995,19,
3,164,Overall,Overall,35,9,41,-1.5,-1.196191,0.531037,940,27,
3,165,Overall,Overall,35,27,41,2.0,1.516671,0.360877,1076,18,
3,166,Overall,Overall,35,22,41,2.0,1.966481,0.357127,1098,18,
3,167,Overall,Overall,35,7,41,-1.0,-1.110231,0.485118,944,24,
3,168,Overall,Overall,35,5,41,-2.5,-2.225672,0.669396,889,33,
3,169,Overall,Overall,35,6,41,-2.5,-1.457818,0.559083,927,28,
3,170,Overall,Overall,35,5,41,-1.5,-1.854361,0.639082,907,32,
3,171,Overall,Overall,35,21,41,1.0,1.690816,0.355746,1085,18,
3,172,Overall,Overall,35,20,41,0.5,1.276619,0.329031,1064,16,
3,173,Overall,Overall,35,13,41,-0.5,0.187862,0.368914,1009,18,
3,174,Overall,Overall,35,26,41,2.0,2.344733,0.354192,1117,18,
3,175,Overall,Overall,35,12,41,-0.5,-0.224863,0.371977,989,19,
3,176,Overall,Overall,35,23,41,1.5,1.162461,0.337801,1058,17,
3,177,Overall,Overall,35,16,41,1.0,0.903476,0.360439,1045,18,
3,178,Overall,Overall,35,2,41,-3.0,-3.702155,1.181571,815,59,
3,179,Overall,Overall,35,12,41,-0.5,-0.291936,0.398807,985,20,
3,180,Overall,Overall,35,14,41,-0.5,-0.51234,0.412914,974,21,
3,181,Overall,Overall,35,4,41,-1.5,-2.605731,0.772345,870,39,
3,182,Overall,Overall,35,31,41,2.5,3.083898,0.425605,1154,21,
3,183,Overall,Overall,35,32,41,3.0,2.984504,0.424839,1149,21,
3,184,Overall,Overall,35,36,41,3.0,3.393894,0.50094,1170,25,
3,185,Overall,Overall,35,30,41,3.0,3.042954,0.411515,1152,21,
3,186,Overall,Overall,35,29,41,3.0,3.205118,0.448554,1160,22,
3,187,Overall,Overall,35,21,41,1.5,1.218104,0.351443,1061,18,
3,188,Overall,Overall,35,29,41,2.5,2.596198,0.386921,1130,19,
3,189,Overall,Overall,35,4,41,-3.0,-2.748291,0.778506,863,39,
3,190,Overall,Overall,35,18,41,0.5,0.703011,0.319894,1035,16,
3,191,Overall,Overall,35,13,41,0.0,0.168167,0.332494,1008,17,
3,192,Overall,Overall,35,32,41,3.0,3.079764,0.415846,1154,21,
3,193,Overall,Overall,35,7,41,-2.0,-1.571674,0.555384,921,28,
3,194,Overall,Overall,35,8,41,-1.5,-1.10797,0.529319,945,26,
3,195,Overall,Overall,35,13,41,-0.5,-0.079142,0.353589,996,18,
3,196,Overall,Overall,35,7,41,-2.5,-1.878612,0.614386,906,31,
3,197,Overall,Overall,35,4,41,-2.0,-2.573477,0.735476,871,37,
3,198,Overall,Overall,35,14,41,0.0,0.341127,0.376513,1017,19,
3,199,Overall,Overall,35,30,41,2.5,2.808601,0.403389,1140,20,
3,200,Overall,Overall,35,23,41,1.5,1.293542,0.32844,1065,16,
3,201,Overall,Overall,35,7,41,-2.0,-1.283025,0.524401,936,26,
3,202,Overall,Overall,35,19,41,1.0,0.965105,0.338839,1048,17,
3,203,Overall,Overall,35,5,41,-2.5,-2.073854,0.65426,896,33,
3,204,Overall,Overall,35,5,41,-2.5,-1.766554,0.616539,912,31,
3,205,Overall,Overall,35,8,41,-2.0,-1.334007,0.532788,933,27,
3,206,Overall,Overall,35,27,41,2.5,2.468643,0.364615,1123,18,
3,207,Overall,Overall,35,19,41,1.0,1.041661,0.336222,1052,17,
3,208,Overall,Overall,35,13,41,-1.0,-0.289726,0.381006,986,19,
3,209,Overall,Overall,35,2,41,-2.5,-3.879346,1.147937,806,57,
3,210,Overall,Overall,35,6,41,-1.5,-1.529524,0.536047,924,27,
3,211,Overall,Overall,35,12,41,-0.5,-0.387959,0.415706,981,21,
3,212,Overall,Overall,35,7,41,-1.5,-1.427249,0.54024,929,27,
3,213,Overall,Overall,35,4,41,-1.5,-1.732291,0.638387,913,32,
3,214,Overall,Overall,35,3,41,-3.0,-2.93097,0.899348,853,45,
3,215,Overall,Overall,35,5,41,-2.0,-2.329809,0.704713,884,35,
3,216,Overall,Overall,35,5,41,-1.5,-1.886371,0.639633,906,32,
3,217,Overall,Overall,35,20,41,1.0,0.991814,0.340196,1050,17,
3,218,Overall,Overall,35,4,41,-1.0,-1.759658,0.644016,912,32,
3,219,Overall,Overall,35,25,41,2.0,2.167965,0.349868,1108,17,
3,220,Overall,Overall,35,15,41,-0.5,0.093325,0.35351,1005,18,
3,221,Overall,Overall,35,22,41,1.5,1.44716,0.373706,1072,19,
3,222,Overall,Overall,35,10,41,-1.0,-0.91941,0.50386,954,25,
3,223,Overall,Overall,35,6,41,-1.0,-1.579794,0.567662,921,28,
3,224,Overall,Overall,35,30,41,3.0,2.787323,0.387105,1139,19,
3,225,Overall,Overall,35,6,41,-1.0,-1.766124,0.565811,912,28,
3,226,Overall,Overall,35,2,41,-3.0,-4.240318,1.297193,788,65,
3,227,Overall,Overall,35,28,41,1.5,1.919673,0.348905,1096,17,
3,228,Overall,Overall,35,6,41,0.0,-1.620618,0.604351,919,30,
3,229,Overall,Overall,35,25,41,2.0,1.808741,0.33695,1090,17,
3,230,Overall,Overall,35,22,41,1.0,1.424696,0.33476,1071,17,
3,231,Overall,Overall,35,3,41,-2.0,-2.763691,0.788629,862,39,
3,232,Overall,Overall,35,6,41,-1.0,-1.67757,0.606787,916,30,
3,233,Overall,Overall,35,4,41,-3.0,-2.375899,0.776076,881,39,
3,234,Overall,Overall,35,28,41,2.0,2.186061,0.351456,1109,18,
3,235,Overall,Overall,35,7,41,-1.0,-1.47025,0.532956,926,27,
3,236,Overall,Overall,35,6,41,-2.5,-1.621519,0.605027,919,30,
3,237,Overall,Overall,35,2,41,-3.0,-3.536289,1.021489,823,51,
3,238,Overall,Overall,35,21,41,1.5,1.178486,0.322731,1059,16,
3,239,Overall,Overall,35,4,41,-3.0,-2.141533,0.698654,893,35,
3,240,Overall,Overall,35,29,41,2.5,2.803136,0.421624,1140,21,
3,241,Overall,Overall,35,8,41,-2.0,-1.467073,0.531242,927,27,
3,242,Overall,Overall,35,19,41,1.0,0.905847,0.335794,1045,17,
3,243,Overall,Overall,35,32,41,3.0,3.27315,0.432346,1164,22,
3,244,Overall,Overall,35,21,41,1.5,1.052553,0.327722,1053,16,
3,245,Overall,Overall,35,7,41,-1.0,-1.400119,0.530912,930,27,
3,246,Overall,Overall,35,3,41,-2.5,-2.914515,0.82115,854,41,
3,247,Overall,Overall,35,10,41,0.0,-0.140838,0.38249,993,19,
3,248,Overall,Overall,35,8,41,-2.0,-0.824713,0.496118,959,25,
3,249,Overall,Overall,35,26,41,2.5,2.207647,0.351163,1110,18,
3,250,Overall,Overall,35,4,41,-2.5,-1.985481,0.649075,901,32,
3,251,Overall,Overall,35,26,41,2.0,1.924014,0.349976,1096,17,
3,252,Overall,Overall,35,1,41,-3.0,-4.961312,1.662542,752,83,
3,253,Overall,Overall,35,25,41,2.5,2.182828,0.34511,1109,17,
3,254,Overall,Overall,35,4,41,-2.5,-2.284177,0.68593,886,34,
3,255,Overall,Overall,35,9,41,0.0,-0.869949,0.489576,957,24,
3,256,Overall,Overall,35,9,41,0.0,-0.128368,0.420221,994,21,
3,257,Overall,Overall,35,11,41,-0.5,-0.253654,0.390528,987,20,
3,258,Overall,Overall,35,31,41,2.5,2.87482,0.412772,1144,21,
3,259,Overall,Overall,35,18,41,0.5,0.740841,0.351325,1037,18,
3,260,Overall,Overall,35,13,41,0.0,-0.313951,0.42606,984,21,
3,261,Overall,Overall,35,23,41,1.0,1.340144,0.35638,1067,18,
3,262,Overall,Overall,35,4,41,-1.0,-2.784757,0.809578,861,40,
3,263,Overall,Overall,35,9,41,-1.0,-1.484991,0.557908,926,28,
3,264,Overall,Overall,35,21,41,1.5,1.690573,0.352206,1085,18,
3,265,Overall,Overall,35,23,41,1.0,1.255249,0.331328,1063,17,
3,266,Overall,Overall,35,0,41,-3.0,-5.0,1.755036,750,88,
3,267,Overall,Overall,35,8,41,-1.0,-1.174958,0.555412,941,28,
3,268,Overall,Overall,35,9,41,-0.5,-0.600334,0.41709,970,21,
3,269,Overall,Overall,35,4,41,-2.0,-2.771789,0.803561,861,40,
3,270,Overall,Overall,35,29,41,2.5,2.804733,0.395522,1140,20,
3,271,Overall,Overall,35,6,41,-2.5,-1.460461,0.5745,927,29,
3,272,Overall,Overall,35,16,41,1.0,0.560277,0.355154,1028,18,
3,273,Overall,Overall,35,5,41,-1.0,-1.897558,0.612889,905,31,
3,274,Overall,Overall,35,3,41,-3.0,-3.245281,1.002147,838,50,
3,275,Overall,Overall,35,6,41,-2.0,-1.85052,0.630705,907,32,
3,276,Overall,Overall,35,20,41,1.5,1.28409,0.352235,1064,18,
3,277,Overall,Overall,35,23,41,1.5,1.439262,0.333891,1072,17,
3,278,Overall,Overall,35,5,41,-1.5,-1.850107,0.60552,907,30,
3,279,Overall,Overall,35,17,41,0.0,0.506808,0.388868,1025,19,
3,280,Overall,Overall,35,21,41,1.0,1.253356,0.332084,1063,17,
3,281,Overall,Overall,35,8,41,-0.5,-0.806066,0.463845,960,23,
3,282,Overall,Overall,35,4,41,-2.5,-2.058621,0.678378,897,34,
3,283,Overall,Overall,35,4,41,-3.0,-2.659985,0.788833,867,39,
3,284,Overall,Overall,35,27,41,3.0,2.662133,0.376008,1133,19,
3,285,Overall,Overall,35,27,41,1.5,1.847197,0.366183,1092,18,
3,286,Overall,Overall,35,2,41,-2.5,-3.760638,1.132614,812,57,
3,287,Overall,Overall,35,32,41,3.0,3.128877,0.434706,1156,22,
3,288,Overall,Overall,35,22,41,1.0,1.096863,0.319924,1055,16,
3,289,Overall,Overall,35,2,41,-2.5,-4.036343,1.199622,798,60,
3,290,Overall,Overall,35,17,41,0.0,0.444318,0.352348,1022,18,
3,291,Overall,Overall,35,9,41,-0.5,-0.595188,0.438108,970,22,
3,292,Overall,Overall,35,19,41,1.0,0.858867,0.325373,1043,16,
3,293,Overall,Overall,35,15,41,0.5,0.38446,0.347817,1019,17,
3,294,Overall,Overall,35,13,41,0.0,-0.027691,0.408552,999,20,
3,295,Overall,Overall,35,18,41,0.5,0.673093,0.332513,1034,17,
3,296,Overall,Overall,35,31,41,3.0,3.194115,0.446455,1160,22,
3,297,Overall,Overall,35,28,41,2.5,2.495576,0.378363,1125,19,
3,298,Overall,Overall,35,3,41,-2.0,-2.831682,0.845432,858,42,
3,299,Overall,Overall,35,3,41,-3.0,-2.758966,0.83925,862,42,
3,300,Overall,Overall,35,6,41,-1.0,-1.369051,0.544028,932,27,
3,301,Overall,Overall,35,22,41,1.5,1.799386,0.336022,1090,17,
3,302,Overall,Overall,35,1,41,-3.0,-4.092454,1.310536,795,66,
3,303,Overall,Overall,35,4,41,-2.5,-2.528988,0.794383,874,40,
3,304,Overall,Overall,35,11,41,0.5,-0.119109,0.374391,994,19,
3,305,Overall,Overall,35,25,41,1.5,1.921058,0.342771,1096,17,
3,306,Overall,Overall,35,17,41,1.5,0.999664,0.347036,1050,17,
3,307,Overall,Overall,35,29,41,2.5,2.44061,0.364823,1122,18,
3,308,Overall,Overall,35,28,41,2.5,2.589478,0.394337,1129,20,
3,309,Overall,Overall,35,11,41,-1.5,-0.703051,0.438205,965,22,
3,310,Overall,Overall,35,6,41,-2.5,-1.649923,0.579916,918,29,
3,311,Overall,Overall,35,15,41,0.0,-0.069233,0.386602,997,19,
3,312,Overall,Overall,35,31,41,2.5,3.196944,0.44174,1160,22,
3,313,Overall,Overall,35,8,41,-1.0,-0.900068,0.460834,955,23,
3,314,Overall,Overall,35,7,41,-1.5,-1.065887,0.507873,947,25,
3,315,Overall,Overall,35,3,41,-2.5,-3.40643,0.990402,830,50,
3,316,Overall,Overall,35,29,41,2.0,3.049398,0.416875,1152,21,
3,317,Overall,Overall,35,3,41,-2.0,-2.790094,0.775034,860,39,
3,318,Overall,Overall,35,21,41,1.0,1.013344,0.316284,1051,16,
3,319,Overall,Overall,35,5,41,-1.0,-1.472255,0.59857,926,30,
3,320,Overall,Overall,35,15,41,0.5,0.497912,0.349425,1025,17,
3,321,Overall,Overall,35,16,41,0.0,0.022523,0.359441,1001,18,
3,322,Overall,Overall,35,9,41,-0.5,-0.955805,0.470862,952,24,
3,323,Overall,Overall,35,22,41,2.5,1.951101,0.34899,1098,17,
3,324,Overall,Overall,35,5,41,-2.5,-2.170518,0.705471,891,35,
3,325,Overall,Overall,35,28,41,2.5,2.586559,0.378301,1129,19,
3,326,Overall,Overall,35,28,41,2.5,2.80196,0.395962,1140,20,
3,327,Overall,Overall,35,30,41,3.0,2.703015,0.395924,1135,20,
3,328,Overall,Overall,35,12,41,-0.5,-0.373145,0.420856,981,21,
3,329,Overall,Overall,35,9,41,-0.5,-0.774815,0.463769,961,23,
3,330,Overall,Overall,35,19,41,1.0,0.786909,0.334031,1039,17,
3,331,Overall,Overall,35,13,41,0.0,-0.011974,0.371877,999,19,
3,332,Overall,Overall,35,2,41,-2.5,-3.562595,1.012289,822,51,
3,333,Overall,Overall,35,16,41,1.0,1.036011,0.338482,1052,17,
3,334,Overall,Overall,35,6,41,-1.5,-2.040349,0.642595,898,32,
3,335,Overall,Overall,35,6,41,-2.0,-1.925464,0.631068,904,32,
3,336,Overall,Overall,35,29,41,2.5,2.789482,0.396546,1139,20,
3,337,Overall,Overall,35,13,41,0.5,0.223141,0.356636,1011,18,
3,338,Overall,Overall,35,2,41,-3.0,-3.448689,1.031726,828,52,
3,339,Overall,Overall,35,17,41,0.5,0.743691,0.353407,1037,18,
3,340,Overall,Overall,35,11,41,-0.5,-0.559967,0.414319,972,21,
3,341,Overall,Overall,35,31,41,3.0,3.51324,0.511073,1176,26,
3,342,Overall,Overall,35,12,41,-0.5,-0.454784,0.387743,977,19,
3,343,Overall,Overall,35,17,41,1.0,0.706588,0.369621,1035,18,
3,344,Overall,Overall,35,34,41,2.5,3.249019,0.471476,1162,24,
3,345,Overall,Overall,35,8,41,-2.0,-1.376345,0.501859,931,25,
3,346,Overall,Overall,35,16,41,0.5,0.56391,0.328648,1028,16,
3,347,Overall,Overall,35,24,41,1.5,1.833712,0.35244,1092,18,
3,348,Overall,Overall,35,11,41,-0.5,-0.240497,0.39292,988,20,
3,349,Overall,Overall,35,12,41,-0.5,-0.236311,0.406473,988,20,
3,350,Overall,Overall,35,6,41,-1.5,-1.797452,0.590736,910,30,
3,351,Overall,Overall,35,5,41,-1.5,-1.925929,0.663461,904,33,
3,352,Overall,Overall,35,4,41,-3.0,-2.525654,0.772518,874,39,
3,353,Overall,Overall,35,9,41,-0.5,-0.572032,0.459323,971,23,
3,354,Overall,Overall,35,22,41,1.5,1.389664,0.341664,1069,17,
3,355,Overall,Overall,35,8,41,-1.0,-0.563878,0.432439,972,22,
3,356,Overall,Overall,35,27,41,1.5,2.214656,0.345229,1111,17,
3,357,Overall,Overall,35,25,41,2.5,2.166465,0.346499,1108,17,
3,358,Overall,Overall,35,4,41,-2.5,-2.839281,0.817308,858,41,
3,359,Overall,Overall,35,25,41,2.0,1.971087,0.348711,1099,17,
3,360,Overall,Overall,35,28,41,2.0,1.883462,0.348458,1094,17,
3,361,Overall,Overall,35,25,41,2.5,1.743803,0.333017,1087,17,
3,362,Overall,Overall,35,12,41,0.0,-0.059056,0.354612,997,18,
3,363,Overall,Overall,35,11,41,-0.5,-0.370303,0.391133,981,20,
3,364,Overall,Overall,35,10,41,0.0,-0.47737,0.439338,976,22,
3,365,Overall,Overall,35,24,41,2.0,2.031768,0.360389,1102,18,
3,366,Overall,Overall,35,31,41,2.5,3.001981,0.403844,1150,20,
3,367,Overall,Overall,35,11,41,-0.5,-0.581079,0.395553,971,20,
3,368,Overall,Overall,35,8,41,-0.5,-1.084374,0.517414,946,26,
3,369,Overall,Overall,35,6,41,-1.5,-1.479486,0.572924,926,29,
3,370,Overall,Overall,35,12,41,-0.5,-0.40191,0.43982,980,22,
3,371,Overall,Overall,35,25,41,1.5,1.765868,0.364055,1088,18,
3,372,Overall,Overall,35,4,41,-3.0,-2.289305,0.718175,886,36,
3,373,Overall,Overall,35,4,41,-2.0,-2.393019,0.751556,880,38,
3,374,Overall,Overall,35,24,41,2.0,2.097705,0.367569,1105,18,
3,375,Overall,Overall,35,20,41,1.5,1.105786,0.319725,1055,16,
3,376,Overall,Overall,35,34,41,2.5,3.007226,0.43475,1150,22,
3,377,Overall,Overall,35,23,41,1.5,1.484917,0.337293,1074,17,
3,378,Overall,Overall,35,18,41,0.5,0.757659,0.375613,1038,19,
3,379,Overall,Overall,35,6,41,-1.5,-1.488127,0.575271,926,29,
3,380,Overall,Overall,35,8,41,-1.5,-1.502331,0.562573,925,28,
3,381,Overall,Overall,35,7,41,-1.5,-1.352209,0.507664,932,25,
3,382,Overall,Overall,35,26,41,2.5,2.394007,0.358805,1120,18,
3,383,Overall,Overall,35,6,41,-2.0,-1.780674,0.637988,911,32,
3,384,Overall,Overall,35,28,41,3.0,2.562734,0.372587,1128,19,
3,385,Overall,Overall,35,4,41,-2.5,-2.571151,0.750969,871,38,
3,386,Overall,Overall,35,1,41,-3.0,-4.433475,1.452334,778,73,
3,387,Overall,Overall,35,10,41,0.0,-0.20666,0.376666,990,19,
3,388,Overall,Overall,35,20,41,0.5,1.020882,0.368031,1051,18,
3,389,Overall,Overall,35,29,41,2.5,2.799241,0.387981,1140,19,
3,390,Overall,Overall,35,25,41,1.5,1.799603,0.368006,1090,18,
3,391,Overall,Overall,35,5,41,-1.0,-2.247615,0.662856,888,33,
3,392,Overall,Overall,35,3,41,-3.0,-3.360636,0.990021,832,50,
3,393,Overall,Overall,35,15,41,0.5,0.446756,0.385229,1022,19,
3,394,Overall,Overall,35,4,41,-3.0,-2.3854,0.721743,881,36,
3,395,Overall,Overall,35,29,41,2.5,2.734037,0.385105,1137,19,
3,396,Overall,Overall,35,13,41,-0.5,0.149615,0.350289,1007,18,
3,397,Overall,Overall,35,5,41,-2.0,-1.803297,0.618449,910,31,
3,398,Overall,Overall,35,22,41,1.0,1.781135,0.359531,1089,18,
3,399,Overall,Overall,35,2,41,-2.0,-3.212768,1.027715,839,51,
3,400,Overall,Overall,35,11,41,-0.5,-0.392728,0.414581,980,21,
3,401,Overall,Overall,35,5,41,-2.0,-2.298008,0.721438,885,36,
3,402,Overall,Overall,35,24,41,1.5,2.188278,0.344556,1109,17,
3,403,Overall,Overall,35,30,41,2.5,3.225053,0.468408,1161,23,
3,404,Overall,Overall,35,7,41,-1.5,-0.986957,0.477144,951,24,
3,405,Overall,Overall,35,20,41,1.0,0.863583,0.342614,1043,17,
3,406,Overall,Overall,35,8,41,-1.5,-1.13107,0.487845,943,24,
3,407,Overall,Overall,35,17,41,0.5,0.657621,0.360157,1033,18,
3,408,Overall,Overall,35,4,41,-2.0,-2.474321,0.767005,876,38,
3,409,Overall,Overall,35,19,41,1.0,1.014931,0.339374,1051,17,
3,410,Overall,Overall,35,28,41,2.5,2.700936,0.410552,1135,21,
3,411,Overall,Overall,35,29,41,3.0,2.847659,0.387743,1142,19,
3,412,Overall,Overall,35,4,41,-1.0,-1.865673,0.639661,907,32,
3,413,Overall,Overall,35,9,41,-0.5,-0.608742,0.433734,970,22,
3,414,Overall,Overall,35,4,41,-3.0,-2.530314,0.775446,873,39,
3,415,Overall,Overall,35,12,41,0.0,-0.102569,0.40042,995,20,
3,416,Overall,Overall,35,17,41,1.0,0.672301,0.321333,1034,16,
3,417,Overall,Overall,35,5,41,-2.0,-1.988937,0.628744,901,31,
3,418,Overall,Overall,35,15,41,0.5,0.297258,0.342731,1015,17,
3,419,Overall,Overall,35,1,41,-2.5,-4.651187,1.484577,767,74,
3,420,Overall,Overall,35,30,41,3.0,2.875671,0.401698,1144,20,
3,421,Overall,Overall,35,5,41,-2.5,-2.205196,0.690578,890,35,
3,422,Overall,Overall,35,30,41,3.0,2.750091,0.379033,1138,19,
3,423,Overall,Overall,35,5,41,-2.5,-2.275456,0.671983,886,34,
3,424,Overall,Overall,35,27,41,2.0,1.970975,0.340548,1099,17,
3,425,Overall,Overall,35,8,41,-1.0,-1.008161,0.480162,950,24,
3,426,Overall,Overall,35,10,41,0.0,-0.299385,0.412174,985,21,
3,427,Overall,Overall,35,14,41,0.5,0.520487,0.345393,1026,17,
3,428,Overall,Overall,35,8,41,-1.5,-1.365366,0.532301,932,27,
3,429,Overall,Overall,35,15,41,0.0,0.304498,0.354073,1015,18,
3,430,Overall,Overall,35,9,41,-2.0,-0.992543,0.508911,950,25,
3,431,Overall,Overall,35,30,41,2.5,2.709825,0.37739,1135,19,
3,432,Overall,Overall,35,28,41,3.0,2.792927,0.397873,1140,20,
3,433,Overall,Overall,35,5,41,-2.0,-1.739279,0.633142,913,32,
3,434,Overall,Overall,35,7,41,-0.5,-1.462954,0.547405,927,27,
3,435,Overall,Overall,35,22,41,2.0,2.172617,0.35,1109,18,
3,436,Overall,Overall,35,10,41,0.0,-0.267009,0.377333,987,19,
3,437,Overall,Overall,35,29,41,3.0,2.927621,0.408329,1146,20,
3,438,Overall,Overall,35,34,41,3.0,3.28881,0.461135,1164,23,
3,439,Overall,Overall,35,11,41,0.0,-0.47556,0.386432,976,19,
3,440,Overall,Overall,35,31,41,3.0,3.039954,0.422405,1152,21,
3,441,Overall,Overall,35,5,41,-2.5,-2.402731,0.708746,880,35,
3,442,Overall,Overall,35,28,41,3.0,2.791941,0.394653,1140,20,
3,443,Overall,Overall,35,23,41,1.0,1.134042,0.321862,1057,16,
3,444,Overall,Overall,35,6,41,-2.0,-1.649024,0.543974,918,27,
3,445,Overall,Overall,35,32,41,3.0,3.191454,0.443646,1160,22,
3,446,Overall,Overall,35,0,41,-3.0,-5.0,1.718927,750,86,
3,447,Overall,Overall,35,20,41,1.0,1.111333,0.333337,1056,17,
3,448,Overall,Overall,35,5,41,-1.5,-1.324811,0.548811,934,27,
3,449,Overall,Overall,35,19,41,1.5,1.321182,0.330484,1066,17,
3,450,Overall,Overall,35,12,41,0.0,-0.413714,0.403166,979,20,
3,451,Overall,Overall,35,25,41,1.5,1.833712,0.334257,1092,17,
3,452,Overall,Overall,35,5,41,-1.5,-1.787189,0.650525,911,33,
3,453,Overall,Overall,35,3,41,-3.0,-2.822109,0.85703,859,43,
3,454,Overall,Overall,35,26,41,2.0,2.153334,0.344208,1108,17,
3,455,Overall,Overall,35,26,41,2.5,2.22859,0.36246,1111,18,
3,456,Overall,Overall,35,2,41,-3.0,-3.608571,1.087292,820,54,
3,457,Overall,Overall,35,5,41,-2.0,-1.61133,0.577617,919,29,
3,458,Overall,Overall,35,5,41,-2.5,-2.199031,0.656549,890,33,
3,459,Overall,Overall,35,6,41,-1.0,-1.597265,0.550286,920,28,
3,460,Overall,Overall,35,5,41,-2.0,-2.253008,0.693798,887,35,
3,461,Overall,Overall,35,3,41,-2.5,-2.654172,0.804447,867,40,
3,462,Overall,Overall,35,8,41,-0.5,-0.852027,0.440048,957,22,
3,463,Overall,Overall,35,19,41,0.5,1.081397,0.36035,1054,18,
3,464,Overall,Overall,35,7,41,-1.0,-1.429674,0.548609,929,27,
3,465,Overall,Overall,35,12,41,-0.5,-0.397658,0.410395,980,21,
3,466,Overall,Overall,35,14,41,0.0,0.537444,0.349907,1027,17,
3,467,Overall,Overall,35,21,41,1.5,1.280388,0.334981,1064,17,
3,468,Overall,Overall,35,9,41,-2.0,-1.290714,0.498584,935,25,
3,469,Overall,Overall,35,2,41,-2.0,-3.571077,1.123093,821,56,
3,470,Overall,Overall,35,19,41,1.5,0.857554,0.318595,1043,16,
3,471,Overall,Overall,35,10,41,-0.5,-0.896988,0.476332,955,24,
3,472,Overall,Overall,35,29,41,2.5,3.292735,0.465868,1165,23,
3,473,Overall,Overall,35,31,41,3.0,3.268811,0.43212,1163,22,
3,474,Overall,Overall,35,21,41,1.0,1.291864,0.342673,1065,17,
3,475,Overall,Overall,35,1,41,-2.5,-5.0,1.780418,750,89,
3,476,Overall,Overall,35,4,41,-1.5,-2.284726,0.693582,886,35,
3,477,Overall,Overall,35,33,41,3.0,3.119035,0.426031,1156,21,
3,478,Overall,Overall,35,22,41,2.0,1.643601,0.339513,1082,17,
3,479,Overall,Overall,35,21,41,2.0,1.661551,0.377571,1083,19,
3,480,Overall,Overall,35,6,41,-1.5,-1.938956,0.633883,903,32,
3,481,Overall,Overall,35,15,41,0.5,0.444967,0.347449,1022,17,
3,482,Overall,Overall,35,31,41,3.0,2.76088,0.393575,1138,20,
3,483,Overall,Overall,35,22,41,2.0,1.822825,0.367258,1091,18,
3,484,Overall,Overall,35,22,41,1.5,1.935494,0.383252,1097,19,
3,485,Overall,Overall,35,20,41,1.5,1.587679,0.376492,1079,19,
3,486,Overall,Overall,35,5,41,-2.0,-2.310374,0.688385,884,34,
3,487,Overall,Overall,35,5,41,-1.0,-2.159452,0.693446,892,35,
3,488,Overall,Overall,35,4,41,-2.5,-2.534619,0.776271,873,39,
3,489,Overall,Overall,35,13,41,0.0,0.093196,0.360636,1005,18,
3,490,Overall,Overall,35,30,41,3.0,2.585316,0.379424,1129,19,
3,491,Overall,Overall,35,3,41,-3.0,-2.733247,0.861805,863,43,
3,492,Overall,Overall,35,6,41,-2.0,-1.923513,0.638411,904,32,
3,493,Overall,Overall,35,23,41,1.5,1.848162,0.346512,1092,17,
3,494,Overall,Overall,35,5,41,-2.5,-2.400835,0.737846,880,37,
3,495,Overall,Overall,35,24,41,2.5,1.811757,0.367896,1091,18,
3,496,Overall,Overall,35,21,41,0.5,1.212115,0.306487,1061,15,
3,497,Overall,Overall,35,8,41,-1.0,-1.294138,0.512209,935,26,
3,498,Overall,Overall,35,5,41,-2.0,-1.932007,0.603167,903,30,
3,499,Overall,Overall,35,3,41,-3.0,-2.837402,0.839366,858,42,
3,500,Overall,Overall,35,11,41,-0.5,-0.235321,0.409936,988,20,
3,501,Overall,Overall,35,10,41,0.0,-0.527991,0.418435,974,21,
3,502,Overall,Overall,35,17,41,0.5,0.690647,0.349275,1035,17,
3,503,Overall,Overall,35,11,41,0.0,-0.336369,0.38989,983,19,
3,504,Overall,Overall,35,8,41,-0.5,-0.961865,0.472671,952,24,
3,505,Overall,Overall,35,7,41,-2.0,-1.194373,0.517318,940,26,
3,506,Overall,Overall,35,7,41,-1.5,-1.297201,0.501609,935,25,
3,507,Overall,Overall,35,23,41,2.0,1.959306,0.342548,1098,17,
3,508,Overall,Overall,35,31,41,3.0,3.430643,0.477417,1172,24,
3,509,Overall,Overall,35,16,41,0.5,0.335233,0.344815,1017,17,
3,510,Overall,Overall,35,6,41,-2.5,-1.613915,0.574998,919,29,
3,511,Overall,Overall,35,18,41,1.0,1.119757,0.321541,1056,16,
3,512,Overall,Overall,35,5,41,-2.5,-1.955246,0.636152,902,32,
3,513,Overall,Overall,35,3,41,-2.5,-2.955885,0.887884,852,44,
3,514,Overall,Overall,35,29,41,3.0,2.452226,0.391394,1123,20,
3,515,Overall,Overall,35,5,41,-2.0,-1.744711,0.58854,913,29,
3,516,Overall,Overall,35,7,41,-1.5,-1.029306,0.480807,949,24,
3,517,Overall,Overall,35,18,41,1.0,1.201007,0.334108,1060,17,
3,518,Overall,Overall,35,3,41,-3.0,-3.20771,0.946179,840,47,
3,519,Overall,Overall,35,5,41,-3.0,-2.229,0.688638,889,34,
3,520,Overall,Overall,35,21,41,2.0,1.496172,0.355492,1075,18,
3,521,Overall,Overall,35,28,41,2.5,2.303216,0.366994,1115,18,
3,522,Overall,Overall,35,8,41,-1.0,-1.328704,0.521182,934,26,
3,523,Overall,Overall,35,28,41,2.5,2.5184,0.373496,1126,19,
3,524,Overall,Overall,35,8,41,-1.0,-1.175019,0.480193,941,24,
3,525,Overall,Overall,35,4,41,-3.0,-2.643649,0.802959,868,40,
3,526,Overall,Overall,35,20,41,1.0,1.101507,0.328287,1055,16,
3,527,Overall,Overall,35,31,41,3.0,2.995245,0.416946,1150,21,
3,528,Overall,Overall,35,28,41,1.5,1.959025,0.343701,1098,17,
3,529,Overall,Overall,35,9,41,-1.0,-0.713317,0.411288,964,21,
3,530,Overall,Overall,35,16,41,0.5,0.703424,0.36555,1035,18,
3,531,Overall,Overall,35,10,41,0.0,-0.51224,0.448724,974,22,
3,532,Overall,Overall,35,13,41,1.0,0.238125,0.346388,1012,17,
3,533,Overall,Overall,35,4,41,-3.0,-1.66915,0.582322,917,29,
3,534,Overall,Overall,35,24,41,2.0,1.844353,0.340652,1092,17,
3,535,Overall,Overall,35,13,41,-0.5,-0.363158,0.398324,982,20,
3,536,Overall,Overall,35,14,41,0.0,0.09441,0.362329,1005,18,
3,537,Overall,Overall,35,21,41,2.0,1.864205,0.377174,1093,19,
3,538,Overall,Overall,35,4,41,-2.0,-2.368854,0.706501,882,35,
3,539,Overall,Overall,35,12,41,0.0,-0.369874,0.395876,982,20,
3,540,Overall,Overall,35,3,41,-3.0,-2.823737,0.894478,859,45,
3,541,Overall,Overall,35,20,41,0.5,0.947003,0.369991,1047,18,
3,542,Overall,Overall,35,21,41,1.5,1.13584,0.335087,1057,17,
3,543,Overall,Overall,35,16,41,1.0,0.84359,0.378335,1042,19,
3,544,Overall,Overall,35,30,41,3.0,2.964375,0.41539,1148,21,
3,545,Overall,Overall,35,29,41,2.5,2.211344,0.352836,1111,18,
3,546,Overall,Overall,35,6,41,-1.5,-1.65835,0.609914,917,30,
3,547,Overall,Overall,35,3,41,-2.5,-2.487298,0.756024,876,38,
3,548,Overall,Overall,35,1,41,-3.0,-4.863388,1.566916,757,78,
3,549,Overall,Overall,35,34,41,3.0,3.390768,0.48253,1170,24,
3,550,Overall,Overall,35,8,41,-1.0,-1.467269,0.534945,927,27,
3,551,Overall,Overall,35,4,41,-1.5,-2.340754,0.696682,883,35,
3,552,Overall,Overall,35,1,41,-2.0,-4.437118,1.479572,778,74,
3,553,Overall,Overall,35,15,41,1.0,0.891406,0.334053,1045,17,
3,554,Overall,Overall,35,27,41,2.5,2.098696,0.35366,1105,18,
3,555,Overall,Overall,35,11,41,-1.0,-0.515151,0.414962,974,21,
3,556,Overall,Overall,35,9,41,-0.5,-0.856774,0.463171,957,23,
3,557,Overall,Overall,35,28,41,2.0,2.550499,0.36567,1128,18,
3,558,Overall,Overall,35,2,41,-2.5,-3.615267,1.123652,819,56,
3,559,Overall,Overall,35,9,41,-1.5,-1.222991,0.491943,939,25,
3,560,Overall,Overall,35,22,41,2.0,1.776535,0.344795,1089,17,
3,561,Overall,Overall,35,22,41,1.5,1.240401,0.330162,1062,17,
3,562,Overall,Overall,35,30,41,2.0,2.833776,0.393122,1142,20,
3,563,Overall,Overall,35,11,41,0.0,-0.434135,0.426608,978,21,
3,564,Overall,Overall,35,28,41,2.5,2.687214,0.386698,1134,19,
3,565,Overall,Overall,35,13,41,0.5,0.344999,0.350891,1017,18,
3,566,Overall,Overall,35,28,41,3.0,2.859676,0.390605,1143,20,
3,567,Overall,Overall,35,15,41,1.0,0.675309,0.346147,1034,17,
3,568,Overall,Overall,35,23,41,2.0,1.716655,0.349476,1086,17,
3,569,Overall,Overall,35,33,41,2.5,3.23473,0.439514,1162,22,
3,570,Overall,Overall,35,4,41,-2.0,-2.493695,0.751227,875,38,
3,571,Overall,Overall,35,11,41,-0.5,-0.551083,0.440404,972,22,
3,572,Overall,Overall,35,5,41,-2.0,-2.274873,0.692481,886,35,
3,573,Overall,Overall,35,13,41,1.0,0.344444,0.344751,1017,17,
3,574,Overall,Overall,35,27,41,2.0,2.624156,0.371606,1131,19,
3,575,Overall,Overall,35,7,41,-1.0,-1.330465,0.523278,933,26,
3,576,Overall,Overall,35,6,41,-1.0,-1.427477,0.539831,929,27,
3,577,Overall,Overall,35,14,41,0.5,0.114109,0.342335,1006,17,
3,578,Overall,Overall,35,4,41,-3.0,-3.04032,0.891516,848,45,
3,579,Overall,Overall,35,4,41,-2.5,-2.641056,0.770794,868,39,
3,580,Overall,Overall,35,3,41,-2.0,-2.516817,0.785813,874,39,
3,581,Overall,Overall,35,10,41,0.0,-0.371712,0.409438,981,20,
3,582,Overall,Overall,35,2,41,-2.5,-3.670932,1.134908,816,57,
3,583,Overall,Overall,35,31,41,3.0,3.243958,0.437233,1162,22,
3,584,Overall,Overall,35,24,41,3.0,2.683126,0.393368,1134,20,
3,585,Overall,Overall,35,17,41,1.0,0.368093,0.331877,1018,17,
3,586,Overall,Overall,35,2,41,-3.0,-4.099563,1.279628,795,64,
3,587,Overall,Overall,35,10,41,-0.5,-0.200897,0.394675,990,20,
3,588,Overall,Overall,35,23,41,1.0,1.1424,0.363363,1057,18,
3,589,Overall,Overall,35,31,41,2.5,2.646905,0.372875,1132,19,
3,590,Overall,Overall,35,23,41,1.0,1.555397,0.336734,1078,17,
3,591,Overall,Overall,35,14,41,1.0,0.097125,0.373665,1005,19,
3,592,Overall,Overall,35,6,41,-2.0,-1.5171,0.574041,924,29,
3,593,Overall,Overall,35,3,41,-3.0,-3.697229,1.064162,815,53,
3,594,Overall,Overall,35,15,41,0.0,0.380183,0.333281,1019,17,
3,595,Overall,Overall,35,10,41,-1.0,-0.985728,0.487729,951,24,
3,596,Overall,Overall,35,29,41,2.5,2.976919,0.410679,1149,21,
3,597,Overall,Overall,35,9,41,0.0,-0.063199,0.368539,997,18,
3,598,Overall,Overall,35,18,41,1.0,0.777244,0.357604,1039,18,
3,599,Overall,Overall,35,4,41,-2.5,-2.693647,0.801427,865,40,
3,600,Overall,Overall,35,8,41,-2.0,-1.363092,0.53272,932,27,
3,601,Overall,Overall,35,3,41,-1.5,-2.539342,0.781353,873,39,
3,602,Overall,Overall,35,25,41,2.0,2.043248,0.343664,1102,17,
3,603,Overall,Overall,35,3,41,-2.5,-2.963006,0.857613,852,43,
3,604,Overall,Overall,35,6,41,-1.5,-1.918983,0.63403,904,32,
3,605,Overall,Overall,35,19,41,1.0,1.09224,0.328334,1055,16,
3,606,Overall,Overall,35,8,41,-0.5,-0.817258,0.437081,959,22,
3,607,Overall,Overall,35,5,41,-1.0,-0.976137,0.541386,951,27,
3,608,Overall,Overall,35,25,41,2.0,1.703048,0.365918,1085,18,
3,609,Overall,Overall,35,31,41,2.5,3.678494,0.506415,1184,25,
3,610,Overall,Overall,35,12,41,-0.5,-0.208132,0.390518,990,20,
3,611,Overall,Overall,35,3,41,-2.5,-3.060726,0.921785,847,46,
3,612,Overall,Overall,35,3,41,-2.5,-2.973518,0.887654,851,44,
3,613,Overall,Overall,35,9,41,-0.5,-0.67206,0.449894,966,22,
3,614,Overall,Overall,35,32,41,2.5,3.025988,0.421862,1151,21,
3,615,Overall,Overall,35,5,41,-3.0,-1.907792,0.63772,905,32,
3,616,Overall,Overall,35,12,41,0.0,0.03868,0.365784,1002,18,
3,617,Overall,Overall,35,3,41,-1.5,-2.676877,0.751493,866,38,
3,618,Overall,Overall,35,21,41,0.5,1.040075,0.336677,1052,17,
3,619,Overall,Overall,35,8,41,-1.0,-0.819848,0.470501,959,24,
3,620,Overall,Overall,35,7,41,-1.0,-0.904871,0.470975,955,24,
3,621,Overall,Overall,35,7,41,-0.5,-1.79714,0.580179,910,29,
3,622,Overall,Overall,35,10,41,-1.0,-0.60944,0.441778,970,22,
3,623,Overall,Overall,35,7,41,-1.0,-0.701457,0.459121,965,23,
3,624,Overall,Overall,35,25,41,2.0,2.137656,0.356156,1107,18,
3,625,Overall,Overall,35,9,41,-1.0,-0.904917,0.442315,955,22,
3,626,Overall,Overall,35,32,41,2.5,2.916191,0.416861,1146,21,
3,627,Overall,Overall,35,13,41,0.0,-0.348029,0.4215,983,21,
3,628,Overall,Overall,35,25,41,1.5,1.744834,0.340677,1087,17,
3,629,Overall,Overall,35,22,41,2.0,1.917984,0.371869,1096,19,
3,630,Overall,Overall,35,13,41,0.0,0.414706,0.379786,1021,19,
3,631,Overall,Overall,35,4,41,-2.0,-1.9778,0.670459,901,34,
3,632,Overall,Overall,35,22,41,1.5,1.335105,0.327568,1067,16,
3,633,Overall,Overall,35,5,41,-1.0,-2.257175,0.671711,887,34,
3,634,Overall,Overall,35,25,41,2.0,1.499627,0.351999,1075,18,
3,635,Overall,Overall,35,3,41,-2.5,-3.084067,0.950681,846,48,
3,636,Overall,Overall,35,23,41,1.5,1.472197,0.350303,1074,18,
3,637,Overall,Overall,35,20,41,1.0,1.066284,0.339477,1053,17,
3,638,Overall,Overall,35,24,41,1.5,1.609404,0.345147,1080,17,
3,639,Overall,Overall,35,16,41,0.5,0.183,0.360197,1009,18,
3,640,Overall,Overall,35,3,41,-3.0,-2.961136,0.871302,852,44,
3,641,Overall,Overall,35,4,41,-2.5,-2.093867,0.665698,895,33,
3,642,Overall,Overall,35,22,41,1.5,1.29087,0.340381,1065,17,
3,643,Overall,Overall,35,16,41,0.0,-0.138965,0.37713,993,19,
3,644,Overall,Overall,35,11,41,0.0,-0.604656,0.441432,970,22,
3,645,Overall,Overall,35,8,41,0.0,-0.769012,0.421063,962,21,
3,646,Overall,Overall,35,18,41,1.0,1.0142,0.376742,1051,19,
3,647,Overall,Overall,35,11,41,-1.5,-0.804873,0.472128,960,24,
3,648,Overall,Overall,35,7,41,-1.5,-1.42745,0.526731,929,26,
3,649,Overall,Overall,35,12,41,0.0,-0.37815,0.416261,981,21,
3,650,Overall,Overall,35,25,41,2.5,2.3872,0.357717,1119,18,
3,651,Overall,Overall,35,11,41,-0.5,-0.338705,0.423227,983,21,
3,652,Overall,Overall,35,10,41,-0.5,-0.329292,0.409427,984,20,
3,653,Overall,Overall,35,1,41,-3.0,-5.0,1.618921,750,81,
3,654,Overall,Overall,35,30,41,3.0,2.628039,0.364639,1131,18,
3,655,Overall,Overall,35,9,41,-1.0,-1.016917,0.487517,949,24,
3,656,Overall,Overall,35,3,41,-3.0,-3.220327,0.907424,839,45,
3,657,Overall,Overall,35,26,41,2.0,2.066128,0.356545,1103,18,
3,658,Overall,Overall,35,7,41,-1.5,-1.096794,0.504811,945,25,
3,659,Overall,Overall,35,16,41,1.0,0.519291,0.349602,1026,17,
3,660,Overall,Overall,35,22,41,1.5,1.270414,0.331433,1064,17,
3,661,Overall,Overall,35,27,41,2.0,2.133975,0.362519,1107,18,
3,662,Overall,Overall,35,22,41,2.5,1.890556,0.37096,1095,19,
3,663,Overall,Overall,35,0,41,-3.0,-5.0,1.717178,750,86,
3,664,Overall,Overall,35,30,41,3.0,3.14011,0.432562,1157,22,
3,665,Overall,Overall,35,21,41,1.5,1.281684,0.314381,1064,16,
3,666,Overall,Overall,35,22,41,1.5,1.220396,0.345824,1061,17,
3,667,Overall,Overall,35,9,41,-1.5,-1.184871,0.50698,941,25,
3,668,Overall,Overall,35,30,41,2.5,2.564668,0.400563,1128,20,
3,669,Overall,Overall,35,28,41,2.5,2.246976,0.354847,1112,18,
3,670,Overall,Overall,35,27,41,3.0,3.193436,0.480442,1160,24,
3,671,Overall,Overall,35,30,41,2.5,3.430984,0.507688,1172,25,
3,672,Overall,Overall,35,21,41,0.5,1.130696,0.332793,1057,17,
3,673,Overall,Overall,35,14,41,-0.5,0.189257,0.381761,1009,19,
3,674,Overall,Overall,35,27,41,3.0,2.582943,0.367139,1129,18,
3,675,Overall,Overall,35,6,41,-2.0,-1.560465,0.548107,922,27,
3,676,Overall,Overall,35,5,41,-2.5,-2.236985,0.683774,888,34,
3,677,Overall,Overall,35,9,41,0.0,-0.559198,0.430101,972,22,
3,678,Overall,Overall,35,12,41,0.5,-0.106072,0.403265,995,20,
3,679,Overall,Overall,35,5,41,-1.0,-1.85955,0.613314,907,31,
3,680,Overall,Overall,35,16,41,1.0,0.420348,0.372453,1021,19,
3,681,Overall,Overall,35,6,41,-2.5,-2.008629,0.665405,900,33,
3,682,Overall,Overall,35,10,41,-1.0,-0.85027,0.482182,957,24,
3,683,Overall,Overall,35,13,41,0.5,0.305409,0.347808,1015,17,
3,684,Overall,Overall,35,6,41,-1.5,-1.834262,0.628018,908,31,
3,685,Overall,Overall,35,17,41,0.5,0.511615,0.346266,1026,17,
3,686,Overall,Overall,35,16,41,0.0,0.16314,0.364078,1008,18,
3,687,Overall,Overall,35,4,41,-1.0,-2.730387,0.850574,863,43,
3,688,Overall,Overall,35,9,41,-0.5,-0.565216,0.454651,972,23,
3,689,Overall,Overall,35,17,41,0.5,0.579749,0.340801,1029,17,
3,690,Overall,Overall,35,7,41,-2.5,-1.732274,0.570134,913,29,
3,691,Overall,Overall,35,17,41,0.5,0.447257,0.339473,1022,17,
3,692,Overall,Overall,35,14,41,0.0,0.107387,0.403976,1005,20,
3,693,Overall,Overall,35,10,41,-1.0,-0.762704,0.454424,962,23,
3,694,Overall,Overall,35,29,41,3.0,2.8935,0.393989,1145,20,
3,695,Overall,Overall,35,11,41,0.0,0.161977,0.352571,1008,18,
3,696,Overall,Overall,35,5,41,-2.0,-2.13375,0.638471,893,32,
3,697,Overall,Overall,35,1,41,-3.0,-4.212169,1.371738,789,69,
3,698,Overall,Overall,35,5,41,-2.0,-1.841694,0.640959,908,32,
3,699,Overall,Overall,35,25,41,1.5,1.288206,0.324943,1064,16,
3,700,Overall,Overall,35,4,41,-2.5,-2.544066,0.747936,873,37,
3,701,Overall,Overall,35,6,41,-2.0,-1.02721,0.490196,949,25,
3,702,Overall,Overall,35,14,41,0.5,0.359,0.374171,1018,19,
3,703,Overall,Overall,35,18,41,1.0,0.913184,0.30979,1046,15,
3,704,Overall,Overall,35,10,41,-0.5,-0.299956,0.385026,985,19,
3,705,Overall,Overall,35,31,41,3.0,3.653639,0.502761,1183,25,
3,706,Overall,Overall,35,5,41,-2.5,-2.108273,0.656409,895,33,
3,707,Overall,Overall,35,18,41,1.0,0.81046,0.326732,1041,16,
3,708,Overall,Overall,35,15,41,-0.5,-0.073004,0.355981,996,18,
3,709,Overall,Overall,35,5,41,-1.5,-1.958695,0.623629,902,31,
3,710,Overall,Overall,35,6,41,-2.0,-1.910184,0.619431,904,31,
3,711,Overall,Overall,35,14,41,0.0,-0.50127,0.430236,975,22,
3,712,Overall,Overall,35,5,41,-2.5,-2.066699,0.64965,897,32,
3,713,Overall,Overall,35,23,41,1.5,2.213246,0.349919,1111,17,
3,714,Overall,Overall,35,3,41,-3.0,-3.021703,0.8496,849,42,
3,715,Overall,Overall,35,13,41,0.5,-0.097225,0.361025,995,18,
3,716,Overall,Overall,35,13,41,0.5,0.180612,0.352008,1009,18,
3,717,Overall,Overall,35,4,41,-3.0,-2.355606,0.773124,882,39,
3,718,Overall,Overall,35,14,41,-0.5,0.135178,0.344526,1007,17,
3,719,Overall,Overall,35,27,41,2.0,1.699382,0.368438,1085,18,
3,720,Overall,Overall,35,18,41,0.5,0.875948,0.340807,1044,17,
3,721,Overall,Overall,35,18,41,0.5,0.84656,0.36693,1042,18,
3,722,Overall,Overall,35,4,41,-2.0,-2.392343,0.717712,880,36,
3,723,Overall,Overall,35,4,41,-2.0,-2.084701,0.692302,896,35,
3,724,Overall,Overall,35,12,41,0.0,-0.004662,0.347275,1000,17,
3,725,Overall,Overall,35,14,41,-0.5,-0.048928,0.407432,998,20,
3,726,Overall,Overall,35,31,41,3.0,3.33918,0.460656,1167,23,
3,727,Overall,Overall,35,6,41,-2.5,-1.860036,0.633879,907,32,
3,728,Overall,Overall,35,5,41,-1.5,-1.63076,0.570227,918,29,
3,729,Overall,Overall,35,7,41,-0.5,-0.703222,0.486828,965,24,
3,730,Overall,Overall,35,34,41,3.0,3.236118,0.451776,1162,23,
3,731,Overall,Overall,35,15,41,-0.5,0.294,0.357243,1015,18,
3,732,Overall,Overall,35,8,41,-2.0,-1.394304,0.551405,930,28,
3,733,Overall,Overall,35,14,41,0.0,-0.125597,0.369698,994,18,
3,734,Overall,Overall,35,22,41,2.5,1.90502,0.343228,1095,17,
3,735,Overall,Overall,35,7,41,-1.5,-1.722325,0.589283,914,29,
3,736,Overall,Overall,35,12,41,0.5,-0.325645,0.399065,984,20,
3,737,Overall,Overall,35,3,41,-2.5,-2.965051,0.890744,852,45,
3,738,Overall,Overall,35,5,41,-2.0,-2.196405,0.65973,890,33,
3,739,Overall,Overall,35,22,41,1.5,1.534742,0.323002,1077,16,
3,740,Overall,Overall,35,18,41,1.0,1.130393,0.326544,1057,16,
3,741,Overall,Overall,35,30,41,2.5,3.497739,0.485717,1175,24,
3,742,Overall,Overall,35,25,41,2.0,1.547466,0.325363,1077,16,
3,743,Overall,Overall,35,22,41,1.5,1.466629,0.35402,1073,18,
3,744,Overall,Overall,35,16,41,0.5,0.459864,0.358509,1023,18,
3,745,Overall,Overall,35,33,41,3.0,4.018789,0.55429,1201,28,
3,746,Overall,Overall,35,7,41,-1.0,-1.100542,0.533665,945,27,
3,747,Overall,Overall,35,18,41,0.5,0.903814,0.350481,1045,18,
3,748,Overall,Overall,35,26,41,1.5,1.752001,0.339616,1088,17,
3,749,Overall,Overall,35,23,41,1.5,1.761463,0.337788,1088,17,
3,750,Overall,Overall,35,24,41,2.5,1.994405,0.358956,1100,18,
3,751,Overall,Overall,35,24,41,2.0,2.115912,0.381729,1106,19,
3,752,Overall,Overall,35,11,41,-0.5,-0.218022,0.401773,989,20,
3,753,Overall,Overall,35,4,41,-2.0,-2.32548,0.676178,884,34,
3,754,Overall,Overall,35,13,41,0.0,0.032321,0.388264,1002,19,
3,755,Overall,Overall,35,29,41,2.5,2.583449,0.38102,1129,19,
3,756,Overall,Overall,35,27,41,2.0,1.719198,0.389217,1086,19,
3,757,Overall,Overall,35,24,41,1.5,2.192201,0.360412,1110,18,
3,758,Overall,Overall,35,30,41,3.0,2.38609,0.364365,1119,18,
3,759,Overall,Overall,35,17,41,0.0,0.273255,0.36358,1014,18,
3,760,Overall,Overall,35,26,41,2.0,2.093528,0.361773,1105,18,
3,761,Overall,Overall,35,12,41,-0.5,-0.582898,0.435989,971,22,
3,762,Overall,Overall,35,10,41,-1.0,-0.955542,0.482918,952,24,
3,763,Overall,Overall,35,29,41,2.0,2.867419,0.393083,1143,20,
3,764,Overall,Overall,35,14,41,0.5,0.011135,0.383603,1001,19,
3,765,Overall,Overall,35,12,41,0.0,-0.276074,0.378836,986,19,
3,766,Overall,Overall,35,23,41,2.5,2.007146,0.348153,1100,17,
3,767,Overall,Overall,35,4,41,-2.0,-2.507541,0.762054,875,38,
3,768,Overall,Overall,35,34,41,3.0,4.239784,0.548143,1212,27,
3,769,Overall,Overall,35,31,41,3.0,3.565328,0.46599,1178,23,
3,770,Overall,Overall,35,22,41,2.0,1.18325,0.324142,1059,16,
3,771,Overall,Overall,35,5,41,-3.0,-2.117693,0.670333,894,34,
3,772,Overall,Overall,35,5,41,-2.5,-1.846722,0.622519,908,31,
3,773,Overall,Overall,35,7,41,-2.0,-1.377732,0.563641,931,28,
3,774,Overall,Overall,35,20,41,2.0,1.747874,0.380801,1087,19,
3,775,Overall,Overall,35,31,41,2.5,3.146207,0.422543,1157,21,
3,776,Overall,Overall,35,27,41,2.5,2.124462,0.361501,1106,18,
3,777,Overall,Overall,35,27,41,2.5,2.585909,0.370668,1129,19,
3,778,Overall,Overall,35,30,41,3.0,3.009783,0.408208,1150,20,
3,779,Overall,Overall,35,13,41,0.0,0.197732,0.354692,1010,18,
3,780,Overall,Overall,35,15,41,0.5,0.200454,0.36085,1010,18,
3,781,Overall,Overall,35,15,41,0.0,0.231498,0.380681,1012,19,
3,782,Overall,Overall,35,6,41,-2.5,-1.914416,0.657587,904,33,
3,783,Overall,Overall,35,25,41,1.5,1.551131,0.316799,1078,16,
3,784,Overall,Overall,35,21,41,1.5,1.283778,0.33938,1064,17,
3,785,Overall,Overall,35,24,41,3.0,2.351588,0.368341,1118,18,
3,786,Overall,Overall,35,20,41,2.0,1.432421,0.35908,1072,18,
3,787,Overall,Overall,35,5,41,-2.0,-2.382464,0.71817,881,36,
3,788,Overall,Overall,35,17,41,0.0,0.486794,0.339994,1024,17,
3,789,Overall,Overall,35,7,41,-0.5,-1.422121,0.529918,929,26,
3,790,Overall,Overall,35,16,41,0.5,0.652591,0.358226,1033,18,
3,791,Overall,Overall,35,10,41,-0.5,-0.10469,0.395087,995,20,
3,792,Overall,Overall,35,5,41,-2.5,-1.967931,0.626675,902,31,
3,793,Overall,Overall,35,26,41,1.5,1.566061,0.346789,1078,17,
3,794,Overall,Overall,35,8,41,-1.5,-1.183921,0.494059,941,25,
3,795,Overall,Overall,35,17,41,0.5,1.069441,0.344587,1053,17,
3,796,Overall,Overall,35,9,41,-1.5,-0.921833,0.476149,954,24,
3,797,Overall,Overall,35,9,41,-0.5,-0.471422,0.43479,976,22,
3,798,Overall,Overall,35,27,41,1.5,1.606314,0.329261,1080,16,
3,799,Overall,Overall,35,10,41,-1.0,-0.563057,0.416073,972,21,
3,800,Overall,Overall,35,9,41,-1.5,-1.160513,0.514787,942,26,
3,801,Overall,Overall,35,17,41,0.5,0.780596,0.34425,1039,17,
3,802,Overall,Overall,35,4,41,-3.0,-2.398416,0.699844,880,35,
3,803,Overall,Overall,35,6,41,-1.5,-1.401763,0.529949,930,26,
3,804,Overall,Overall,35,30,41,3.0,3.100151,0.422711,1155,21,
3,805,Overall,Overall,35,13,41,0.0,-0.211646,0.39066,989,20,
3,806,Overall,Overall,35,20,41,1.0,1.303155,0.354949,1065,18,
3,807,Overall,Overall,35,26,41,2.0,1.482349,0.356159,1074,18,
3,808,Overall,Overall,35,4,41,-2.5,-2.297636,0.698252,885,35,
3,809,Overall,Overall,35,20,41,1.0,1.31556,0.32379,1066,16,
3,810,Overall,Overall,35,8,41,-0.5,-0.963272,0.469724,952,23,
3,811,Overall,Overall,35,14,41,0.5,-0.094903,0.357557,995,18,
3,812,Overall,Overall,35,34,41,3.0,3.577241,0.510896,1179,26,
3,813,Overall,Overall,35,25,41,1.5,1.664266,0.362279,1083,18,
3,814,Overall,Overall,35,29,41,3.0,2.32743,0.350678,1116,18,
3,815,Overall,Overall,35,29,41,2.5,2.91674,0.408195,1146,20,
3,816,Overall,Overall,35,7,41,-1.0,-1.151164,0.50017,942,25,
3,817,Overall,Overall,35,6,41,-2.5,-2.110914,0.670487,894,34,
3,818,Overall,Overall,35,17,41,1.0,0.95127,0.333618,1048,17,
3,819,Overall,Overall,35,20,41,1.0,1.124677,0.325572,1056,16,
3,820,Overall,Overall,35,0,41,-3.0,-5.0,1.822689,750,91,
3,821,Overall,Overall,35,4,41,-3.0,-2.441256,0.71184,878,36,
3,822,Overall,Overall,35,8,41,-0.5,-0.971815,0.495328,951,25,
3,823,Overall,Overall,35,7,41,-0.5,-1.235921,0.504777,938,25,
3,824,Overall,Overall,35,7,41,-2.5,-1.398499,0.571312,930,29,
3,825,Overall,Overall,35,5,41,-1.5,-2.020446,0.638524,899,32,
3,826,Overall,Overall,35,2,41,-3.0,-3.949155,1.224211,803,61,
3,827,Overall,Overall,35,8,41,-1.0,-0.653279,0.434667,967,22,
3,828,Overall,Overall,35,12,41,0.0,0.016989,0.370513,1001,19,
3,829,Overall,Overall,35,27,41,2.5,2.422198,0.370348,1121,19,
3,830,Overall,Overall,35,10,41,-1.0,-0.664963,0.421141,967,21,
3,831,Overall,Overall,35,22,41,2.5,1.917577,0.34881,1096,17,
3,832,Overall,Overall,35,26,41,2.0,1.528575,0.328057,1076,16,
3,833,Overall,Overall,35,21,41,1.5,1.470646,0.349062,1074,17,
3,834,Overall,Overall,35,10,41,0.0,-0.608928,0.433235,970,22,
3,835,Overall,Overall,35,5,41,-2.0,-1.66195,0.637646,917,32,
3,836,Overall,Overall,35,5,41,-3.0,-1.834048,0.623324,908,31,
3,837,Overall,Overall,35,1,41,-3.0,-4.107106,1.248099,795,62,
3,838,Overall,Overall,35,16,41,1.5,0.942385,0.333572,1047,17,
3,839,Overall,Overall,35,14,41,0.0,0.186446,0.383456,1009,19,
3,840,Overall,Overall,35,21,41,1.5,1.085603,0.353214,1054,18,
3,841,Overall,Overall,35,6,41,-1.5,-1.96631,0.633309,902,32,
3,842,Overall,Overall,35,19,41,1.0,0.952386,0.337644,1048,17,
3,843,Overall,Overall,35,6,41,-1.5,-1.179926,0.512588,941,26,
3,844,Overall,Overall,35,9,41,-0.5,-0.840126,0.505463,958,25,
3,845,Overall,Overall,35,8,41,-0.5,-0.916439,0.511606,954,26,
3,846,Overall,Overall,35,29,41,2.0,2.640288,0.365876,1132,18,
3,847,Overall,Overall,35,28,41,3.0,2.891935,0.424469,1145,21,
3,848,Overall,Overall,35,8,41,-1.5,-0.536702,0.446411,973,22,
3,849,Overall,Overall,35,20,41,1.5,1.375903,0.345351,1069,17,
3,850,Overall,Overall,35,21,41,1.0,1.321887,0.342061,1066,17,
3,851,Overall,Overall,35,21,41,1.5,1.24364,0.34873,1062,17,
3,852,Overall,Overall,35,16,41,1.0,0.832554,0.387625,1042,19,
3,853,Overall,Overall,35,22,41,1.5,1.38446,0.333857,1069,17,
3,854,Overall,Overall,35,8,41,-1.5,-1.088436,0.501573,946,25,
3,855,Overall,Overall,35,5,41,-3.0,-2.190138,0.698524,890,35,
3,856,Overall,Overall,35,5,41,-1.5,-1.719241,0.587132,914,29,
3,857,Overall,Overall,35,15,41,0.5,0.271948,0.377251,1014,19,
3,858,Overall,Overall,35,4,41,-1.5,-2.497545,0.792555,875,40,
3,859,Overall,Overall,35,4,41,-2.0,-2.408745,0.762781,880,38,
3,860,Overall,Overall,35,25,41,2.0,1.913635,0.381673,1096,19,
3,861,Overall,Overall,35,22,41,1.5,1.414188,0.318821,1071,16,
3,862,Overall,Overall,35,18,41,1.5,1.470863,0.349306,1074,17,
3,863,Overall,Overall,35,19,41,0.5,0.681071,0.34122,1034,17,
3,864,Overall,Overall,35,6,41,-2.0,-1.663728,0.582099,917,29,
3,865,Overall,Overall,35,13,41,0.0,0.035388,0.41681,1002,21,
3,866,Overall,Overall,35,11,41,0.0,-0.407109,0.397327,980,20,
3,867,Overall,Overall,35,29,41,2.0,2.677554,0.377689,1134,19,
3,868,Overall,Overall,35,15,41,-0.5,0.38943,0.358708,1019,18,
3,869,Overall,Overall,35,3,41,-3.0,-3.089578,0.954535,846,48,
3,870,Overall,Overall,35,2,41,-2.5,-3.980888,1.182406,801,59,
3,871,Overall,Overall,35,6,41,-1.0,-1.409124,0.519763,930,26,
3,872,Overall,Overall,35,9,41,-1.0,-0.507595,0.459168,975,23,
3,873,Overall,Overall,35,28,41,2.5,2.623242,0.367741,1131,18,
3,874,Overall,Overall,35,3,41,-2.0,-3.377321,0.993442,831,50,
3,875,Overall,Overall,35,4,41,-2.5,-2.127304,0.688391,894,34,
3,876,Overall,Overall,35,26,41,1.5,1.744826,0.344871,1087,17,
3,877,Overall,Overall,35,26,41,2.5,2.062031,0.353723,1103,18,
3,878,Overall,Overall,35,6,41,-2.0,-1.53088,0.560945,923,28,
3,879,Overall,Overall,35,28,41,2.5,2.3001,0.347397,1115,17,
3,880,Overall,Overall,35,6,41,-2.0,-1.681818,0.606993,916,30,
3,881,Overall,Overall,35,27,41,2.0,2.122934,0.355006,1106,18,
3,882,Overall,Overall,35,30,41,3.0,2.984203,0.419934,1149,21,
3,883,Overall,Overall,35,12,41,-1.0,-0.186922,0.352249,991,18,
3,884,Overall,Overall,35,17,41,1.0,0.558694,0.356827,1028,18,
3,885,Overall,Overall,35,4,41,-2.0,-2.941322,0.865089,853,43,
3,886,Overall,Overall,35,9,41,-1.0,-0.99449,0.440823,950,22,
3,887,Overall,Overall,35,30,41,2.5,2.20749,0.364687,1110,18,
3,888,Overall,Overall,35,13,41,0.5,0.620042,0.36883,1031,18,
3,889,Overall,Overall,35,23,41,1.5,1.828422,0.352577,1091,18,
3,890,Overall,Overall,35,8,41,-1.5,-1.504636,0.532865,925,27,
3,891,Overall,Overall,35,13,41,0.0,-0.061262,0.368237,997,18,
3,892,Overall,Overall,35,25,41,2.5,2.349362,0.357135,1117,18,
3,893,Overall,Overall,35,27,41,2.5,2.271688,0.372735,1114,19,
3,894,Overall,Overall,35,8,41,-1.5,-1.525299,0.514967,924,26,
3,895,Overall,Overall,35,31,41,2.5,2.778266,0.380979,1139,19,
3,896,Overall,Overall,35,27,41,3.0,3.10014,0.443582,1155,22,
3,897,Overall,Overall,35,4,41,-3.0,-2.15523,0.692023,892,35,
3,898,Overall,Overall,35,3,41,-3.0,-3.203455,0.92582,840,46,
3,899,Overall,Overall,35,19,41,1.0,0.801343,0.316181,1040,16,
3,900,Overall,Overall,35,7,41,-2.0,-1.626361,0.585197,919,29,
3,901,Overall,Overall,35,3,41,-2.0,-2.788495,0.808067,861,40,
3,902,Overall,Overall,35,28,41,3.0,3.504667,0.467639,1175,23,
3,903,Overall,Overall,35,29,41,2.5,2.429653,0.369515,1121,18,
3,904,Overall,Overall,35,11,41,-0.5,-0.646254,0.406887,968,20,
3,905,Overall,Overall,35,5,41,-1.5,-2.493088,0.772622,875,39,
3,906,Overall,Overall,35,31,41,3.0,3.661164,0.479046,1183,24,
3,907,Overall,Overall,35,6,41,-1.5,-1.426638,0.557172,929,28,
3,908,Overall,Overall,35,26,41,2.0,1.90983,0.352555,1095,18,
3,909,Overall,Overall,35,9,41,0.5,-0.16045,0.413817,992,21,
3,910,Overall,Overall,35,6,41,-2.0,-1.610138,0.550822,919,28,
3,911,Overall,Overall,35,23,41,1.0,1.171616,0.340738,1059,17,
3,912,Overall,Overall,35,10,41,0.0,-0.243599,0.412787,988,21,
3,913,Overall,Overall,35,3,41,-3.0,-2.993308,0.886124,850,44,
3,914,Overall,Overall,35,11,41,-1.0,-0.583326,0.396734,971,20,
3,915,Overall,Overall,35,8,41,-1.5,-1.269875,0.553781,937,28,
3,916,Overall,Overall,35,11,41,0.0,-0.550779,0.397673,972,20,
3,917,Overall,Overall,35,10,41,-0.5,-0.689086,0.495938,966,25,
3,918,Overall,Overall,35,20,41,0.5,1.260113,0.331767,1063,17,
3,919,Overall,Overall,35,28,41,3.0,2.204751,0.360767,1110,18,
3,920,Overall,Overall,35,31,41,3.0,3.589963,0.495414,1179,25,
3,921,Overall,Overall,35,4,41,-1.5,-2.410499,0.72365,879,36,
3,922,Overall,Overall,35,17,41,0.5,0.306043,0.353071,1015,18,
3,923,Overall,Overall,35,28,41,1.5,2.223597,0.361791,1111,18,
3,924,Overall,Overall,35,13,41,-0.5,-0.027309,0.372099,999,19,
3,925,Overall,Overall,35,5,41,-1.0,-1.99867,0.647927,900,32,
3,926,Overall,Overall,35,23,41,2.0,1.578676,0.337878,1079,17,
3,927,Overall,Overall,35,4,41,-3.0,-2.802484,0.807113,860,40,
3,928,Overall,Overall,35,5,41,-2.5,-1.818417,0.642431,909,32,
3,929,Overall,Overall,35,9,41,-1.5,-1.408632,0.51982,930,26,
3,930,Overall,Overall,35,18,41,1.0,0.861313,0.384247,1043,19,
3,931,Overall,Overall,35,7,41,-2.0,-1.774137,0.645288,911,32,
3,932,Overall,Overall,35,13,41,0.5,0.162346,0.391665,1008,20,
3,933,Overall,Overall,35,16,41,1.0,0.418051,0.329992,1021,16,
3,934,Overall,Overall,35,3,41,-2.0,-3.050427,0.892959,847,45,
3,935,Overall,Overall,35,28,41,2.0,1.859962,0.335998,1093,17,
3,936,Overall,Overall,35,5,41,-2.5,-1.926676,0.639464,904,32,
3,937,Overall,Overall,35,6,41,-1.5,-1.721917,0.636363,914,32,
3,938,Overall,Overall,35,3,41,-1.5,-3.040182,0.869674,848,43,
3,939,Overall,Overall,35,15,41,0.5,0.318397,0.337905,1016,17,
3,940,Overall,Overall,35,30,41,3.0,3.126731,0.421734,1156,21,
3,941,Overall,Overall,35,20,41,0.5,0.985894,0.344788,1049,17,
3,942,Overall,Overall,35,5,41,-3.0,-2.355441,0.717136,882,36,
3,943,Overall,Overall,35,17,41,1.0,0.580344,0.330481,1029,17,
3,944,Overall,Overall,35,7,41,-2.5,-1.676634,0.577524,916,29,
3,945,Overall,Overall,35,8,41,-1.0,-0.867686,0.487836,957,24,
3,946,Overall,Overall,35,16,41,1.0,0.950783,0.341389,1048,17,
3,947,Overall,Overall,35,20,41,1.0,0.96438,0.329106,1048,16,
3,948,Overall,Overall,35,30,41,3.0,2.506217,0.368063,1125,18,
3,949,Overall,Overall,35,7,41,-1.5,-1.320268,0.527282,934,26,
3,950,Overall,Overall,35,1,41,-3.0,-4.769338,1.542309,762,77,
3,951,Overall,Overall,35,8,41,0.0,-1.046417,0.480185,948,24,
3,952,Overall,Overall,35,15,41,0.5,0.336618,0.376315,1017,19,
3,953,Overall,Overall,35,29,41,3.0,2.84786,0.384733,1142,19,
3,954,Overall,Overall,35,14,41,0.5,0.498122,0.362614,1025,18,
3,955,Overall,Overall,35,25,41,2.5,2.030828,0.348183,1102,17,
3,956,Overall,Overall,35,7,41,-1.5,-1.253426,0.519404,937,26,
3,957,Overall,Overall,35,8,41,-2.0,-1.2787,0.498201,936,25,
3,958,Overall,Overall,35,31,41,3.0,2.881522,0.398446,1144,20,
3,959,Overall,Overall,35,16,41,0.5,0.022593,0.364541,1001,18,
3,960,Overall,Overall,35,24,41,1.5,1.574802,0.349007,1079,17,
3,961,Overall,Overall,35,32,41,3.0,3.192058,0.426929,1160,21,
3,962,Overall,Overall,35,3,41,-2.0,-2.895802,0.838047,855,42,
3,963,Overall,Overall,35,12,41,-1.0,-0.233737,0.407666,988,20,
3,964,Overall,Overall,35,5,41,-0.5,-1.737104,0.597845,913,30,
3,965,Overall,Overall,35,29,41,3.0,3.467205,0.46799,1173,23,
3,966,Overall,Overall,35,23,41,2.0,1.727751,0.332579,1086,17,
3,967,Overall,Overall,35,6,41,-2.0,-1.396454,0.510272,930,26,
3,968,Overall,Overall,35,6,41,-1.5,-1.120842,0.515459,944,26,
3,969,Overall,Overall,35,6,41,-2.0,-2.024434,0.638471,899,32,
3,970,Overall,Overall,35,24,41,2.0,2.093779,0.353345,1105,18,
3,971,Overall,Overall,35,4,41,-2.5,-2.383574,0.726269,881,36,
3,972,Overall,Overall,35,3,41,-3.0,-2.786774,0.818059,861,41,
3,973,Overall,Overall,35,23,41,2.0,1.957272,0.344184,1098,17,
3,974,Overall,Overall,35,8,41,0.0,-0.571732,0.426346,971,21,
3,975,Overall,Overall,35,8,41,-1.0,-1.403463,0.568936,930,28,
3,976,Overall,Overall,35,25,41,1.5,1.39116,0.3391,1070,17,
3,977,Overall,Overall,35,5,41,-3.0,-2.788016,0.797793,861,40,
3,978,Overall,Overall,35,12,41,0.0,-0.043832,0.388336,998,19,
3,979,Overall,Overall,35,4,41,-3.0,-2.001346,0.659652,900,33,
3,980,Overall,Overall,35,9,41,-1.0,-1.054283,0.495546,947,25,
3,981,Overall,Overall,35,18,41,0.5,0.554348,0.352506,1028,18,
3,982,Overall,Overall,35,4,41,-2.5,-2.057166,0.669979,897,33,
3,983,Overall,Overall,35,23,41,2.0,1.904343,0.364053,1095,18,
3,984,Overall,Overall,35,26,41,2.0,2.261339,0.353257,1113,18,
3,985,Overall,Overall,35,26,41,2.5,2.224827,0.354018,1111,18,
3,986,Overall,Overall,35,7,41,-2.0,-1.294778,0.509867,935,25,
3,987,Overall,Overall,35,9,41,-1.0,-1.007957,0.458825,950,23,
3,988,Overall,Overall,35,24,41,1.5,1.39486,0.336707,1070,17,
3,989,Overall,Overall,35,25,41,2.5,1.874698,0.369223,1094,18,
3,990,Overall,Overall,35,6,41,-2.0,-1.727467,0.597419,914,30,
3,991,Overall,Overall,35,4,41,-2.5,-2.18354,0.694795,891,35,
3,992,Overall,Overall,35,30,41,3.0,3.648315,0.486765,1182,24,
3,993,Overall,Overall,35,28,41,2.0,1.636972,0.354809,1082,18,
3,994,Overall,Overall,35,4,41,-2.5,-2.295498,0.690374,885,35,
3,995,Overall,Overall,35,9,41,-1.0,-0.832679,0.477751,958,24,
3,996,Overall,Overall,35,1,41,-3.0,-4.819934,1.675354,759,84,
3,997,Overall,Overall,35,9,41,-0.5,-0.389784,0.385038,981,19,
3,998,Overall,Overall,35,9,41,-0.5,-0.778729,0.470471,961,24,
3,999,Overall,Overall,35,23,41,2.0,1.449226,0.321986,1072,16,
3,1000,Overall,Overall,35,3,41,-2.0,-2.128384,0.674474,894,34,
3,1001,Overall,Overall,35,27,41,2.5,2.757373,0.403621,1138,20,
3,1002,Overall,Overall,35,8,41,-1.0,-0.952744,0.45506,952,23,
3,1003,Overall,Overall,35,21,41,1.5,1.134133,0.314407,1057,16,
3,1004,Overall,Overall,35,12,41,0.5,-0.156663,0.393967,992,20,
3,1005,Overall,Overall,35,28,41,2.0,2.396207,0.351161,1120,18,
3,1006,Overall,Overall,35,7,41,-0.5,-1.632318,0.578903,918,29,
3,1007,Overall,Overall,35,5,41,-2.0,-2.27136,0.696376,886,35,
3,1008,Overall,Overall,35,6,41,-2.5,-1.935449,0.62909,903,31,
3,1009,Overall,Overall,35,15,41,0.5,0.532211,0.376651,1027,19,
3,1010,Overall,Overall,35,11,41,-0.5,-0.278414,0.411735,986,21,
3,1011,Overall,Overall,35,24,41,2.5,1.957364,0.346755,1098,17,
3,1012,Overall,Overall,35,32,41,3.0,3.204714,0.433435,1160,22,
3,1013,Overall,Overall,35,10,41,-1.0,-0.552209,0.387933,972,19,
3,1014,Overall,Overall,35,19,41,1.5,1.020341,0.372226,1051,19,
3,1015,Overall,Overall,35,30,41,2.0,2.196267,0.380155,1110,19,
3,1016,Overall,Overall,35,3,41,-2.5,-2.636671,0.789503,868,39,
3,1017,Overall,Overall,35,9,41,-1.5,-1.104827,0.487192,945,24,
3,1018,Overall,Overall,35,14,41,0.5,0.032364,0.397231,1002,20,
3,1019,Overall,Overall,35,10,41,-1.5,-0.566179,0.441009,972,22,
3,1020,Overall,Overall,35,15,41,0.5,0.747714,0.367469,1037,18,
3,1021,Overall,Overall,35,4,41,-2.5,-2.501824,0.733753,875,37,
3,1022,Overall,Overall,35,9,41,-1.0,-0.830517,0.441141,958,22,
3,1023,Overall,Overall,35,27,41,2.5,3.048334,0.421542,1152,21,
3,1024,Overall,Overall,35,12,41,0.0,0.183815,0.370995,1009,19,
3,1025,Overall,Overall,35,23,41,2.5,1.751256,0.347615,1088,17,
3,1026,Overall,Overall,35,6,41,-2.0,-1.360431,0.531809,932,27,
3,1027,Overall,Overall,35,6,41,-1.0,-1.541451,0.547605,923,27,
3,1028,Overall,Overall,35,23,41,1.5,1.392435,0.330989,1070,17,
3,1029,Overall,Overall,35,7,41,-2.5,-1.820846,0.62746,909,31,
3,1030,Overall,Overall,35,28,41,2.0,2.296939,0.370962,1115,19,
3,1031,Overall,Overall,35,3,41,-2.0,-2.980935,0.894996,851,45,
3,1032,Overall,Overall,35,33,41,3.0,3.369022,0.477272,1168,24,
3,1033,Overall,Overall,35,25,41,2.5,2.002851,0.333932,1100,17,
3,1034,Overall,Overall,35,3,41,-1.5,-2.367106,0.717438,882,36,
3,1035,Overall,Overall,35,30,41,2.5,3.050992,0.39993,1153,20,
3,1036,Overall,Overall,35,13,41,1.0,0.232759,0.39365,1012,20,
3,1037,Overall,Overall,35,7,41,-1.5,-1.517457,0.545452,924,27,
3,1038,Overall,Overall,35,4,41,-2.5,-2.493201,0.726302,875,36,
3,1039,Overall,Overall,35,18,41,0.0,0.875329,0.361435,1044,18,
3,1040,Overall,Overall,35,16,41,0.5,1.059784,0.336323,1053,17,
3,1041,Overall,Overall,35,20,41,1.5,1.330298,0.330553,1067,17,
3,1042,Overall,Overall,35,22,41,2.0,1.973173,0.375238,1099,19,
3,1043,Overall,Overall,35,26,41,2.0,2.321066,0.39308,1116,20,
3,1044,Overall,Overall,35,16,41,0.5,0.131371,0.389566,1007,19,
3,1045,Overall,Overall,35,8,41,-1.0,-0.910146,0.438356,954,22,
3,1046,Overall,Overall,35,32,41,3.0,3.410496,0.484703,1171,24,
3,1047,Overall,Overall,35,25,41,1.0,1.618092,0.340819,1081,17,
3,1048,Overall,Overall,35,3,41,-1.5,-3.249301,0.934088,838,47,
3,1049,Overall,Overall,35,8,41,-1.5,-1.133685,0.515512,943,26,
3,1050,Overall,Overall,35,5,41,-1.0,-2.080444,0.651853,896,33,
3,1051,Overall,Overall,35,23,41,1.5,1.64314,0.366971,1082,18,
3,1052,Overall,Overall,35,10,41,-1.0,-0.693653,0.452391,965,23,
3,1053,Overall,Overall,35,2,41,-2.5,-3.797014,1.147357,810,57,
3,1054,Overall,Overall,35,1,41,-3.0,-5.0,1.685905,750,84,
3,1055,Overall,Overall,35,25,41,1.5,1.6551,0.320528,1083,16,
3,1056,Overall,Overall,35,10,41,0.0,-0.424924,0.402761,979,20,
3,1057,Overall,Overall,35,11,41,0.0,-0.253763,0.387011,987,19,
3,1058,Overall,Overall,35,23,41,1.0,1.640503,0.344284,1082,17,
3,1059,Overall,Overall,35,14,41,0.0,0.090264,0.373847,1005,19,
3,1060,Overall,Overall,35,19,41,1.5,1.079866,0.316528,1054,16,
3,1061,Overall,Overall,35,8,41,0.0,-0.645533,0.458273,968,23,
3,1062,Overall,Overall,35,3,41,-1.5,-2.921486,0.859468,854,43,
3,1063,Overall,Overall,35,11,41,0.0,0.002423,0.369218,1000,18,
3,1064,Overall,Overall,35,19,41,0.5,0.754601,0.337354,1038,17,
3,1065,Overall,Overall,35,10,41,-0.5,-0.395439,0.404926,980,20,
3,1066,Overall,Overall,35,6,41,-1.5,-1.327786,0.526554,934,26,
3,1067,Overall,Overall,35,1,41,-2.5,-5.0,1.75105,750,88,
3,1068,Overall,Overall,35,2,41,-3.0,-3.127738,0.96237,844,48,
3,1069,Overall,Overall,35,4,41,-3.0,-2.604232,0.798569,870,40,
3,1070,Overall,Overall,35,19,41,1.0,1.008134,0.317893,1050,16,
3,1071,Overall,Overall,35,19,41,1.0,1.095081,0.342001,1055,17,
3,1072,Overall,Overall,35,9,41,-1.0,-0.652246,0.45407,967,23,
3,1073,Overall,Overall,35,10,41,-1.0,-0.552572,0.455699,972,23,
3,1074,Overall,Overall,35,3,41,-2.5,-3.080572,0.925768,846,46,
3,1075,Overall,Overall,35,27,41,2.0,2.001918,0.349384,1100,17,
3,1076,Overall,Overall,35,23,41,1.5,2.02594,0.355982,1101,18,
3,1077,Overall,Overall,35,31,41,2.5,2.529857,0.364833,1126,18,
3,1078,Overall,Overall,35,27,41,3.0,2.727467,0.416365,1136,21,
3,1079,Overall,Overall,35,29,41,2.5,2.406334,0.400113,1120,20,
3,1080,Overall,Overall,35,14,41,1.0,0.716285,0.346861,1036,17,
3,1081,Overall,Overall,35,12,41,-0.5,-0.035781,0.378592,998,19,
3,1082,Overall,Overall,35,26,41,2.5,2.256995,0.397123,1113,20,
3,1083,Overall,Overall,35,31,41,2.5,2.777756,0.39666,1139,20,
3,1084,Overall,Overall,35,15,41,0.5,0.412625,0.349013,1021,17,
3,1085,Overall,Overall,35,4,41,-2.0,-2.670027,0.777335,866,39,
3,1086,Overall,Overall,35,9,41,-0.5,-1.013365,0.476519,949,24,
3,1087,Overall,Overall,35,9,41,-1.0,-0.917126,0.494218,954,25,
3,1088,Overall,Overall,35,6,41,-3.0,-1.702524,0.580946,915,29,
3,1089,Overall,Overall,35,7,41,-0.5,-1.236434,0.498134,938,25,
3,1090,Overall,Overall,35,8,41,-1.0,-1.144562,0.542122,943,27,
3,1091,Overall,Overall,35,32,41,3.0,2.788724,0.388408,1139,19,
3,1092,Overall,Overall,35,26,41,1.5,1.41825,0.380727,1071,19,
3,1093,Overall,Overall,35,14,41,0.0,-0.012362,0.364418,999,18,
3,1094,Overall,Overall,35,33,41,3.0,4.030639,0.546883,1202,27,
3,1095,Overall,Overall,35,2,41,-3.0,-4.064264,1.264765,797,63,
3,1096,Overall,Overall,35,19,41,1.0,1.032266,0.345725,1052,17,
3,1097,Overall,Overall,35,8,41,-0.5,-0.79489,0.459596,960,23,
3,1098,Overall,Overall,35,16,41,0.5,0.53534,0.349328,1027,17,
3,1099,Overall,Overall,35,23,41,1.5,1.237513,0.32931,1062,16,
3,1100,Overall,Overall,35,5,41,-2.0,-2.191509,0.695035,890,35,
3,1101,Overall,Overall,35,28,41,2.5,2.29312,0.360158,1115,18,
3,1102,Overall,Overall,35,5,41,-2.0,-1.947108,0.665713,903,33,
3,1103,Overall,Overall,35,1,41,-3.0,-4.499489,1.520425,775,76,
3,1104,Overall,Overall,35,12,41,0.0,-0.44081,0.394814,978,20,
3,1105,Overall,Overall,35,0,41,-3.0,-5.0,1.921832,750,96,
3,1106,Overall,Overall,35,10,41,-0.5,-0.233236,0.417968,988,21,
3,1107,Overall,Overall,35,22,41,2.5,1.880535,0.352614,1094,18,
3,1108,Overall,Overall,35,8,41,-1.5,-1.211159,0.503347,939,25,
3,1109,Overall,Overall,35,15,41,0.0,0.316795,0.340828,1016,17,
3,1110,Overall,Overall,35,24,41,2.0,1.545811,0.331109,1077,17,
3,1111,Overall,Overall,35,4,41,-2.5,-2.51988,0.737443,874,37,
3,1112,Overall,Overall,35,19,41,1.0,1.112772,0.367124,1056,18,
3,1113,Overall,Overall,35,21,41,2.0,1.643852,0.366673,1082,18,
3,1114,Overall,Overall,35,7,41,-1.0,-1.270703,0.51205,936,26,
3,1115,Overall,Overall,35,7,41,-1.5,-1.050937,0.49902,947,25,
3,1116,Overall,Overall,35,14,41,0.0,-0.082265,0.393681,996,20,
3,1117,Overall,Overall,35,5,41,-2.5,-2.056318,0.662686,897,33,
3,1118,Overall,Overall,35,11,41,-0.5,-0.42949,0.398841,979,20,
3,1119,Overall,Overall,35,17,41,0.5,0.527352,0.347454,1026,17,
3,1120,Overall,Overall,35,3,41,-2.0,-2.902603,0.863895,855,43,
3,1121,Overall,Overall,35,18,41,1.0,0.71438,0.356284,1036,18,
3,1122,Overall,Overall,35,20,41,1.0,1.070545,0.346698,1054,17,
3,1123,Overall,Overall,35,22,41,1.0,1.350794,0.362771,1068,18,
3,1124,Overall,Overall,35,9,41,-1.0,-0.639958,0.424738,968,21,
3,1125,Overall,Overall,35,13,41,0.0,-0.223092,0.396024,989,20,
3,1126,Overall,Overall,35,3,41,-3.0,-2.963625,0.894638,852,45,
3,1127,Overall,Overall,35,12,41,0.0,-0.279045,0.402189,986,20,
3,1128,Overall,Overall,35,6,41,-2.5,-1.999609,0.665381,900,33,
3,1129,Overall,Overall,35,22,41,0.5,1.178909,0.335147,1059,17,
3,1130,Overall,Overall,35,20,41,0.5,0.66082,0.34948,1033,17,
3,1131,Overall,Overall,35,5,41,-1.0,-2.143048,0.656831,893,33,
3,1132,Overall,Overall,35,9,41,-2.0,-1.427193,0.540671,929,27,
3,1133,Overall,Overall,35,19,41,1.0,0.86885,0.345353,1043,17,
3,1134,Overall,Overall,35,25,41,2.5,2.32697,0.388467,1116,19,
3,1135,Overall,Overall,35,8,41,-1.5,-1.209144,0.501505,940,25,
3,1136,Overall,Overall,35,8,41,-0.5,-1.263628,0.516306,937,26,
3,1137,Overall,Overall,35,8,41,-2.0,-1.295777,0.517295,935,26,
3,1138,Overall,Overall,35,29,41,2.5,2.557876,0.359516,1128,18,
3,1139,Overall,Overall,35,0,41,-3.0,-5.0,1.759209,750,88,
3,1140,Overall,Overall,35,23,41,2.0,1.765608,0.352211,1088,18,
3,1141,Overall,Overall,35,10,41,-1.5,-0.999311,0.498165,950,25,
3,1142,Overall,Overall,35,3,41,-2.5,-3.138386,0.957313,843,48,
3,1143,Overall,Overall,35,9,41,-1.0,-0.652844,0.411604,967,21,
3,1144,Overall,Overall,35,7,41,-2.0,-1.382515,0.529031,931,26,
3,1145,Overall,Overall,35,4,41,-3.0,-2.504389,0.769213,875,38,
3,1146,Overall,Overall,35,27,41,3.0,3.020655,0.424639,1151,21,
3,1147,Overall,Overall,35,30,41,3.0,3.672905,0.499884,1184,25,
3,1148,Overall,Overall,35,2,41,-3.0,-4.117832,1.239304,794,62,
3,1149,Overall,Overall,35,4,41,-1.5,-2.033082,0.619973,898,31,
3,1150,Overall,Overall,35,4,41,-1.5,-2.372759,0.775933,881,39,
3,1151,Overall,Overall,35,15,41,1.0,0.660337,0.385699,1033,19,
3,1152,Overall,Overall,35,30,41,3.0,3.180576,0.44398,1159,22,
3,1153,Overall,Overall,35,3,41,-3.0,-3.134518,0.943098,843,47,
3,1154,Overall,Overall,35,20,41,1.0,1.028447,0.314103,1051,16,
3,1155,Overall,Overall,35,21,41,1.0,1.163503,0.35996,1058,18,
3,1156,Overall,Overall,35,4,41,-3.0,-2.756389,0.856588,862,43,
3,1157,Overall,Overall,35,3,41,-3.0,-2.34957,0.752841,883,38,
3,1158,Overall,Overall,35,6,41,-0.5,-1.549187,0.566625,923,28,
3,1159,Overall,Overall,35,14,41,0.0,0.070368,0.346706,1004,17,
3,1160,Overall,Overall,35,30,41,2.5,2.887752,0.407168,1144,20,
3,1161,Overall,Overall,35,3,41,-2.5,-2.637204,0.815743,868,41,
3,1162,Overall,Overall,35,2,41,-3.0,-3.336886,0.991882,833,50,
3,1163,Overall,Overall,35,27,41,2.0,2.404826,0.353591,1120,18,
3,1164,Overall,Overall,35,18,41,0.5,0.92933,0.350705,1046,18,
3,1165,Overall,Overall,35,8,41,-1.5,-1.42252,0.523863,929,26,
3,1166,Overall,Overall,35,17,41,0.5,0.532146,0.33887,1027,17,
3,1167,Overall,Overall,35,27,41,2.5,2.558511,0.36231,1128,18,
3,1168,Overall,Overall,35,8,41,0.0,-0.910046,0.468737,954,23,
3,1169,Overall,Overall,35,6,41,-1.0,-1.723873,0.577475,914,29,
3,1170,Overall,Overall,35,25,41,2.0,2.15688,0.34616,1108,17,
3,1171,Overall,Overall,35,24,41,1.5,2.077039,0.355973,1104,18,
3,1172,Overall,Overall,35,12,41,0.5,0.240776,0.367611,1012,18,
3,1173,Overall,Overall,35,4,41,-2.5,-2.577645,0.743454,871,37,
3,1174,Overall,Overall,35,17,41,1.0,0.629272,0.328105,1031,16,
3,1175,Overall,Overall,35,33,41,3.0,3.799075,0.50334,1190,25,
3,1176,Overall,Overall,35,9,41,-1.0,-0.976031,0.465503,951,23,
3,1177,Overall,Overall,35,15,41,0.5,0.112315,0.357753,1006,18,
3,1178,Overall,Overall,35,1,41,-3.0,-4.994875,1.638804,750,82,
3,1179,Overall,Overall,35,14,41,0.5,0.216537,0.342526,1011,17,
3,1180,Overall,Overall,35,5,41,-2.5,-1.678141,0.662498,916,33,
3,1181,Overall,Overall,35,8,41,-0.5,-1.005328,0.485376,950,24,
3,1182,Overall,Overall,35,31,41,3.0,3.580648,0.515666,1179,26,
3,1183,Overall,Overall,35,19,41,0.5,0.722903,0.338926,1036,17,
3,1184,Overall,Overall,35,17,41,0.0,0.768818,0.344501,1038,17,
3,1185,Overall,Overall,35,28,41,2.0,2.369371,0.37191,1118,19,
3,1186,Overall,Overall,35,27,41,3.0,2.704851,0.390108,1135,20,
3,1187,Overall,Overall,35,28,41,2.0,1.700976,0.36122,1085,18,
3,1188,Overall,Overall,35,3,41,-2.0,-2.940567,0.880349,853,44,
3,1189,Overall,Overall,35,22,41,1.5,1.25227,0.344273,1063,17,
3,1190,Overall,Overall,35,15,41,0.5,0.59669,0.326655,1030,16,
3,1191,Overall,Overall,35,21,41,2.0,1.656666,0.37197,1083,19,
3,1192,Overall,Overall,35,29,41,3.0,3.044068,0.407789,1152,20,
3,1193,Overall,Overall,35,6,41,-2.5,-1.763916,0.57063,912,29,
3,1194,Overall,Overall,35,22,41,2.0,1.35554,0.379614,1068,19,
3,1195,Overall,Overall,35,18,41,1.0,0.958931,0.348402,1048,17,
3,1196,Overall,Overall,35,5,41,-1.5,-2.191456,0.676722,890,34,
3,1197,Overall,Overall,35,4,41,-2.5,-2.879537,0.832703,856,42,
3,1198,Overall,Overall,35,12,41,0.0,-0.208197,0.39378,990,20,
3,1199,Overall,Overall,35,16,41,1.0,0.901577,0.371999,1045,19,
3,1200,Overall,Overall,35,25,41,2.0,1.789602,0.356811,1089,18,
3,1201,Overall,Overall,35,0,41,-3.0,-5.0,1.694254,750,85,
3,1202,Overall,Overall,35,1,41,-3.0,-4.864261,1.586428,757,79,
3,1203,Overall,Overall,35,11,41,0.5,-0.121853,0.379723,994,19,
3,1204,Overall,Overall,35,19,41,0.5,1.071831,0.365467,1054,18,
3,1205,Overall,Overall,35,26,41,1.5,1.775971,0.338989,1089,17,
3,1206,Overall,Overall,35,6,41,-3.0,-2.125623,0.653464,894,33,
3,1207,Overall,Overall,35,7,41,-1.5,-1.274626,0.529793,936,26,
3,1208,Overall,Overall,35,27,41,2.0,2.463931,0.370269,1123,19,
3,1209,Overall,Overall,35,34,41,3.0,3.203725,0.438012,1160,22,
3,1210,Overall,Overall,35,30,41,3.0,3.065965,0.415552,1153,21,
3,1211,Overall,Overall,35,3,41,-2.0,-3.274116,0.932003,836,47,
3,1212,Overall,Overall,35,20,41,0.5,0.859584,0.329804,1043,16,
3,1213,Overall,Overall,35,7,41,-1.0,-1.269398,0.532568,937,27,
3,1214,Overall,Overall,35,20,41,1.5,1.452973,0.336507,1073,17,
3,1215,Overall,Overall,35,28,41,2.5,2.639262,0.383591,1132,19,
3,1216,Overall,Overall,35,19,41,0.5,0.628761,0.36086,1031,18,
3,1217,Overall,Overall,35,5,41,-2.5,-2.108729,0.644558,895,32,
3,1218,Overall,Overall,35,6,41,-1.5,-1.222495,0.538358,939,27,
3,1219,Overall,Overall,35,6,41,-2.5,-2.055573,0.666822,897,33,
3,1220,Overall,Overall,35,7,41,-2.0,-1.502549,0.543805,925,27,
3,1221,Overall,Overall,35,13,41,0.0,0.181013,0.395858,1009,20,
3,1222,Overall,Overall,35,1,41,-3.0,-4.530468,1.469733,773,73,
3,1223,Overall,Overall,35,17,41,1.0,1.121971,0.347159,1056,17,
3,1224,Overall,Overall,35,14,41,0.0,-0.042794,0.367924,998,18,
3,1225,Overall,Overall,35,16,41,0.5,0.374574,0.351023,1019,18,
3,1226,Overall,Overall,35,30,41,3.0,2.657767,0.369196,1133,18,
3,1227,Overall,Overall,35,25,41,2.5,2.279962,0.365786,1114,18,
3,1228,Overall,Overall,35,26,41,2.0,1.874509,0.361623,1094,18,
3,1229,Overall,Overall,35,24,41,2.0,2.100908,0.350102,1105,18,
3,1230,Overall,Overall,35,19,41,1.0,1.142908,0.339405,1057,17,
3,1231,Overall,Overall,35,4,41,-2.0,-2.01031,0.644241,899,32,
3,1232,Overall,Overall,35,2,41,-2.5,-3.924209,1.140446,804,57,
3,1233,Overall,Overall,35,25,41,2.0,1.963167,0.335533,1098,17,
3,1234,Overall,Overall,35,21,41,2.0,1.780509,0.35075,1089,18,
3,1235,Overall,Overall,35,6,41,-1.0,-1.765065,0.611621,912,31,
3,1236,Overall,Overall,35,5,41,-1.5,-2.00023,0.654969,900,33,
3,1237,Overall,Overall,35,8,41,0.0,-0.725634,0.439592,964,22,
3,1238,Overall,Overall,35,14,41,0.5,0.234227,0.348098,1012,17,
3,1239,Overall,Overall,35,6,41,-2.5,-1.961404,0.63034,902,32,
3,1240,Overall,Overall,35,8,41,-1.5,-1.440581,0.531164,928,27,
3,1241,Overall,Overall,35,11,41,-1.0,-0.507731,0.409156,975,20,
3,1242,Overall,Overall,35,11,41,0.0,-0.307741,0.389915,985,19,
3,1243,Overall,Overall,35,28,41,2.5,2.768819,0.386911,1138,19,
3,1244,Overall,Overall,35,18,41,1.0,0.774399,0.331671,1039,17,
3,1245,Overall,Overall,35,24,41,1.5,2.050401,0.35453,1103,18,
3,1246,Overall,Overall,35,3,41,-2.5,-3.091359,0.886172,845,44,
3,1247,Overall,Overall,35,28,41,2.5,2.330064,0.37741,1117,19,
3,1248,Overall,Overall,35,26,41,2.0,2.267632,0.352764,1113,18,
3,1249,Overall,Overall,35,24,41,0.5,1.035108,0.342883,1052,17,
3,1250,Overall,Overall,35,15,41,0.5,0.578068,0.357309,1029,18,
3,1251,Overall,Overall,35,8,41,-1.5,-1.182096,0.532907,941,27,
3,1252,Overall,Overall,35,11,41,-0.5,-0.389253,0.424811,981,21,
3,1253,Overall,Overall,35,32,41,3.0,4.044301,0.525014,1202,26,
3,1254,Overall,Overall,35,4,41,-3.0,-2.51893,0.787572,874,39,
3,1255,Overall,Overall,35,3,41,-2.5,-3.081796,0.888298,846,44,
3,1256,Overall,Overall,35,22,41,1.0,0.965006,0.324136,1048,16,
3,1257,Overall,Overall,35,28,41,3.0,2.51488,0.362721,1126,18,
3,1258,Overall,Overall,35,1,41,-2.5,-4.869625,1.672994,757,84,
3,1259,Overall,Overall,35,21,41,1.0,0.763177,0.356578,1038,18,
3,1260,Overall,Overall,35,24,41,2.0,1.950671,0.346412,1098,17,
3,1261,Overall,Overall,35,7,41,-1.0,-1.110186,0.508783,944,25,
3,1262,Overall,Overall,35,22,41,1.5,1.821945,0.346568,1091,17,
3,1263,Overall,Overall,35,1,41,-2.0,-4.875581,1.647071,756,82,
3,1264,Overall,Overall,35,8,41,-1.0,-0.582699,0.444981,971,22,
3,1265,Overall,Overall,35,3,41,-3.0,-2.884629,0.875748,856,44,
3,1266,Overall,Overall,35,24,41,2.0,2.186002,0.355638,1109,18,
3,1267,Overall,Overall,35,23,41,1.5,1.683838,0.348791,1084,17,
3,1268,Overall,Overall,35,29,41,2.5,2.576239,0.368106,1129,18,
3,1269,Overall,Overall,35,21,41,2.0,1.778736,0.362837,1089,18,
3,1270,Overall,Overall,35,17,41,0.0,0.211358,0.348687,1011,17,
3,1271,Overall,Overall,35,7,41,-1.5,-1.66599,0.575806,917,29,
3,1272,Overall,Overall,35,2,41,-3.0,-3.946402,1.177435,803,59,
3,1273,Overall,Overall,35,30,41,2.5,2.698085,0.387867,1135,19,
3,1274,Overall,Overall,35,8,41,-1.0,-0.677461,0.469018,966,23,
3,1275,Overall,Overall,35,27,41,3.0,3.036419,0.453343,1152,23,
3,1276,Overall,Overall,35,24,41,1.0,1.491364,0.324158,1075,16,
3,1277,Overall,Overall,35,31,41,3.0,3.50581,0.496682,1175,25,
3,1278,Overall,Overall,35,2,41,-3.0,-3.748838,1.084988,813,54,
3,1279,Overall,Overall,35,30,41,3.0,2.198129,0.39865,1110,20,
3,1280,Overall,Overall,35,24,41,2.0,1.63124,0.352622,1082,18,
3,1281,Overall,Overall,35,21,41,1.0,1.001645,0.334744,1050,17,
3,1282,Overall,Overall,35,5,41,-2.5,-2.160459,0.656345,892,33,
3,1283,Overall,Overall,35,12,41,-0.5,-0.776618,0.446082,961,22,
3,1284,Overall,Overall,35,12,41,-0.5,0.06333,0.361997,1003,18,
3,1285,Overall,Overall,35,11,41,0.5,-0.181604,0.400524,991,20,
3,1286,Overall,Overall,35,25,41,2.0,2.128025,0.362838,1106,18,
3,1287,Overall,Overall,35,3,41,-3.0,-2.61259,0.778369,869,39,
3,1288,Overall,Overall,35,11,41,-0.5,-0.126421,0.387082,994,19,
3,1289,Overall,Overall,35,6,41,-3.0,-2.174464,0.658315,891,33,
3,1290,Overall,Overall,35,14,41,0.0,-0.045066,0.380396,998,19,
3,1291,Overall,Overall,35,23,41,2.0,1.685379,0.340777,1084,17,
3,1292,Overall,Overall,35,11,41,-0.5,-0.568783,0.419155,972,21,
3,1293,Overall,Overall,35,26,41,2.0,2.641104,0.400346,1132,20,
3,1294,Overall,Overall,35,21,41,2.0,1.414368,0.356609,1071,18,
3,1295,Overall,Overall,35,29,41,3.0,2.500034,0.376891,1125,19,
3,1296,Overall,Overall,35,30,41,3.0,2.762757,0.390666,1138,20,
3,1297,Overall,Overall,35,30,41,3.0,2.861646,0.395154,1143,20,
3,1298,Overall,Overall,35,3,41,-3.0,-3.435407,1.036118,828,52,
3,1299,Overall,Overall,35,12,41,-1.0,-0.313881,0.412145,984,21,
3,1300,Overall,Overall,35,26,41,2.5,2.941835,0.43843,1147,22,
4,1,Overall,Overall,35,30,41,2.5,2.604664,0.365106,1130,18,
4,2,Overall,Overall,35,12,41,-0.5,-0.423198,0.447806,979,22,
4,3,Overall,Overall,35,3,41,-1.5,-2.537893,0.829825,873,41,
4,4,Overall,Overall,35,9,41,0.0,-0.32978,0.430466,984,22,
4,5,Overall,Overall,35,9,41,-0.5,-0.184847,0.400717,991,20,
4,6,Overall,Overall,35,4,41,-1.5,-2.852238,0.895263,857,45,
4,7,Overall,Overall,35,30,41,3.0,3.406727,0.452309,1170,23,
4,8,Overall,Overall,35,3,41,-3.0,-3.12802,0.94276,844,47,
4,9,Overall,Overall,35,5,41,-2.0,-1.741921,0.621372,913,31,
4,10,Overall,Overall,35,33,41,3.0,2.934248,0.429001,1147,21,
4,11,Overall,Overall,35,29,41,2.5,2.413055,0.388901,1121,19,
4,12,Overall,Overall,35,27,41,2.0,2.119315,0.346088,1106,17,
4,13,Overall,Overall,35,13,41,-0.5,-0.704599,0.428771,965,21,
4,14,Overall,Overall,35,20,41,0.5,0.949175,0.337247,1047,17,
4,15,Overall,Overall,35,17,41,0.5,0.760213,0.369917,1038,18,
4,16,Overall,Overall,35,6,41,-1.5,-1.805136,0.600251,910,30,
4,17,Overall,Overall,35,13,41,0.0,-0.32143,0.381171,984,19,
4,18,Overall,Overall,35,11,41,0.0,-0.144226,0.388097,993,19,
4,19,Overall,Overall,35,13,41,0.0,-0.327637,0.426346,984,21,
4,20,Overall,Overall,35,3,41,-2.5,-3.264324,0.973605,837,49,
4,21,Overall,Overall,35,4,41,-2.0,-2.37877,0.776804,881,39,
4,22,Overall,Overall,35,1,41,-3.0,-4.695266,1.731074,765,87,
4,23,Overall,Overall,35,3,41,-3.0,-2.936681,0.863032,853,43,
4,24,Overall,Overall,35,20,41,1.5,1.673944,0.34907,1084,17,
4,25,Overall,Overall,35,23,41,2.0,1.892471,0.354774,1095,18,
4,26,Overall,Overall,35,12,41,-1.0,-0.37198,0.412792,981,21,
4,27,Overall,Overall,35,5,41,-2.5,-2.447989,0.728751,878,36,
4,28,Overall,Overall,35,10,41,0.0,-0.22046,0.394418,989,20,
4,29,Overall,Overall,35,14,41,-0.5,-0.284892,0.435366,986,22,
4,30,Overall,Overall,35,24,41,2.0,1.919899,0.346645,1096,17,
4,31,Overall,Overall,35,5,41,-2.0,-1.954239,0.654821,902,33,
4,32,Overall,Overall,35,20,41,1.0,1.113746,0.319849,1056,16,
4,33,Overall,Overall,35,7,41,-1.0,-1.494131,0.532567,925,27,
4,34,Overall,Overall,35,20,41,1.0,1.120296,0.340082,1056,17,
4,35,Overall,Overall,35,8,41,-0.5,-1.081332,0.492338,946,25,
4,36,Overall,Overall,35,11,41,-0.5,-0.531381,0.426917,973,21,
4,37,Overall,Overall,35,16,41,1.0,0.625182,0.406929,1031,20,
4,38,Overall,Overall,35,30,41,3.0,2.855638,0.398779,1143,20,
4,39,Overall,Overall,35,33,41,2.5,2.642095,0.421089,1132,21,
4,40,Overall,Overall,35,24,41,2.0,1.416885,0.32267,1071,16,
4,41,Overall,Overall,35,17,41,1.0,0.656965,0.347762,1033,17,
4,42,Overall,Overall,35,10,41,-0.5,-0.546991,0.440634,973,22,
4,43,Overall,Overall,35,2,41,-3.0,-3.340377,1.000345,833,50,
4,44,Overall,Overall,35,3,41,-2.5,-3.04327,0.852696,848,43,
4,45,Overall,Overall,35,22,41,2.0,1.371481,0.323888,1069,16,
4,46,Overall,Overall,35,3,41,-2.5,-2.344797,0.738622,883,37,
4,47,Overall,Overall,35,11,41,-0.5,-0.569976,0.44595,972,22,
4,48,Overall,Overall,35,5,41,-2.5,-1.855461,0.620982,907,31,
4,49,Overall,Overall,35,4,41,-2.0,-2.31687,0.719091,884,36,
4,50,Overall,Overall,35,23,41,1.5,1.460155,0.312533,1073,16,
4,51,Overall,Overall,35,3,41,-3.0,-2.879378,0.880225,856,44,
4,52,Overall,Overall,35,9,41,-0.5,-0.116631,0.385898,994,19,
4,53,Overall,Overall,35,19,41,0.5,0.898359,0.341333,1045,17,
4,54,Overall,Overall,35,14,41,0.0,0.157123,0.341406,1008,17,
4,55,Overall,Overall,35,4,41,-3.0,-2.466538,0.746561,877,37,
4,56,Overall,Overall,35,23,41,1.0,1.344391,0.314947,1067,16,
4,57,Overall,Overall,35,25,41,2.5,2.227948,0.35624,1111,18,
4,58,Overall,Overall,35,14,41,-0.5,0.325391,0.338637,1016,17,
4,59,Overall,Overall,35,19,41,1.5,1.571533,0.357662,1079,18,
4,60,Overall,Overall,35,7,41,-1.5,-1.612742,0.546004,919,27,
4,61,Overall,Overall,35,24,41,2.5,1.960454,0.347096,1098,17,
4,62,Overall,Overall,35,19,41,2.0,1.580509,0.371879,1079,19,
4,63,Overall,Overall,35,26,41,2.5,1.851385,0.347768,1093,17,
4,64,Overall,Overall,35,8,41,-0.5,-0.974902,0.456606,951,23,
4,65,Overall,Overall,35,28,41,2.5,2.65658,0.370942,1133,19,
4,66,Overall,Overall,35,15,41,0.5,0.417787,0.352807,1021,18,
4,67,Overall,Overall,35,6,41,-2.0,-1.690868,0.58622,915,29,
4,68,Overall,Overall,35,26,41,2.5,2.438621,0.36035,1122,18,
4,69,Overall,Overall,35,25,41,2.5,2.185964,0.360567,1109,18,
4,70,Overall,Overall,35,4,41,-3.0,-2.503294,0.730039,875,37,
4,71,Overall,Overall,35,28,41,3.0,3.236001,0.434271,1162,22,
4,72,Overall,Overall,35,8,41,-1.0,-0.766674,0.443366,962,22,
4,73,Overall,Overall,35,30,41,2.5,2.870415,0.392651,1144,20,
4,74,Overall,Overall,35,23,41,1.0,1.505017,0.358115,1075,18,
4,75,Overall,Overall,35,25,41,1.5,2.074028,0.350302,1104,18,
4,76,Overall,Overall,35,25,41,2.0,2.03798,0.359684,1102,18,
4,77,Overall,Overall,35,32,41,3.0,3.473061,0.485475,1174,24,
4,78,Overall,Overall,35,11,41,0.5,-0.396458,0.388258,980,19,
4,79,Overall,Overall,35,10,41,-1.0,-0.673563,0.445001,966,22,
4,80,Overall,Overall,35,4,41,-2.0,-2.470579,0.756268,876,38,
4,81,Overall,Overall,35,24,41,1.0,0.953537,0.324056,1048,16,
4,82,Overall,Overall,35,22,41,2.0,2.450261,0.374075,1123,19,
4,83,Overall,Overall,35,21,41,1.0,1.235915,0.313742,1062,16,
4,84,Overall,Overall,35,1,41,-2.0,-5.0,1.721643,750,86,
4,85,Overall,Overall,35,26,41,2.0,2.159327,0.346425,1108,17,
4,86,Overall,Overall,35,29,41,2.0,2.691639,0.387837,1135,19,
4,87,Overall,Overall,35,32,41,3.0,4.022753,0.542025,1201,27,
4,88,Overall,Overall,35,22,41,1.5,1.333639,0.310284,1067,16,
4,89,Overall,Overall,35,10,41,-2.0,-0.956492,0.496165,952,25,
4,90,Overall,Overall,35,7,41,-3.0,-1.282043,0.536947,936,27,
4,91,Overall,Overall,35,26,41,1.5,1.86839,0.338357,1093,17,
4,92,Overall,Overall,35,31,41,3.0,2.874422,0.40583,1144,20,
4,93,Overall,Overall,35,33,41,3.0,3.073835,0.426409,1154,21,
4,94,Overall,Overall,35,5,41,-3.0,-2.177289,0.686263,891,34,
4,95,Overall,Overall,35,26,41,3.0,2.663405,0.380223,1133,19,
4,96,Overall,Overall,35,31,41,2.5,2.361416,0.362129,1118,18,
4,97,Overall,Overall,35,3,41,-2.5,-2.09129,0.657484,895,33,
4,98,Overall,Overall,35,15,41,0.5,0.249296,0.374516,1012,19,
4,99,Overall,Overall,35,28,41,2.0,2.368094,0.368047,1118,18,
4,100,Overall,Overall,35,26,41,1.5,1.755221,0.366606,1088,18,
4,101,Overall,Overall,35,17,41,0.0,0.670835,0.353318,1034,18,
4,102,Overall,Overall,35,9,41,-1.5,-1.229944,0.509429,939,25,
4,103,Overall,Overall,35,26,41,1.5,1.528512,0.336697,1076,17,
4,104,Overall,Overall,35,4,41,-2.5,-2.818428,0.836073,859,42,
4,105,Overall,Overall,35,26,41,1.5,1.958708,0.353323,1098,18,
4,106,Overall,Overall,35,26,41,1.5,1.730642,0.343111,1087,17,
4,107,Overall,Overall,35,32,41,3.0,3.085902,0.442523,1154,22,
4,108,Overall,Overall,35,28,41,2.0,2.491318,0.387287,1125,19,
4,109,Overall,Overall,35,18,41,1.0,0.871033,0.36753,1044,18,
4,110,Overall,Overall,35,22,41,1.5,1.36017,0.330358,1068,17,
4,111,Overall,Overall,35,27,41,2.5,2.530679,0.392081,1127,20,
4,112,Overall,Overall,35,8,41,-0.5,-0.740098,0.431484,963,22,
4,113,Overall,Overall,35,4,41,-2.0,-2.380416,0.704364,881,35,
4,114,Overall,Overall,35,26,41,2.5,2.662185,0.378534,1133,19,
4,115,Overall,Overall,35,33,41,1.5,2.341625,0.419562,1117,21,
4,116,Overall,Overall,35,4,41,-3.0,-2.865751,0.87109,857,44,
4,117,Overall,Overall,35,13,41,-0.5,-0.395287,0.389918,980,19,
4,118,Overall,Overall,35,1,41,-3.0,-4.463173,1.422645,777,71,
4,119,Overall,Overall,35,21,41,1.5,1.148639,0.35597,1057,18,
4,120,Overall,Overall,35,30,41,2.5,2.955783,0.425975,1148,21,
4,121,Overall,Overall,35,2,41,-3.0,-3.908905,1.155423,805,58,
4,122,Overall,Overall,35,7,41,-2.0,-1.609323,0.588661,920,29,
4,123,Overall,Overall,35,9,41,-0.5,-0.580754,0.410508,971,21,
4,124,Overall,Overall,35,4,41,-2.5,-1.896837,0.674632,905,34,
4,125,Overall,Overall,35,12,41,0.5,0.002986,0.380355,1000,19,
4,126,Overall,Overall,35,9,41,-1.0,-1.003198,0.48944,950,24,
4,127,Overall,Overall,35,13,41,0.0,0.728189,0.370108,1036,19,
4,128,Overall,Overall,35,5,41,-2.0,-2.093527,0.688509,895,34,
4,129,Overall,Overall,35,29,41,2.5,2.888671,0.384385,1144,19,
4,130,Overall,Overall,35,10,41,-1.0,-0.437488,0.421746,978,21,
4,131,Overall,Overall,35,8,41,-1.5,-1.386977,0.519737,931,26,
4,132,Overall,Overall,35,31,41,3.0,3.11708,0.433522,1156,22,
4,133,Overall,Overall,35,11,41,-0.5,-0.255879,0.406706,987,20,
4,134,Overall,Overall,35,26,41,2.5,2.449372,0.370818,1122,19,
4,135,Overall,Overall,35,10,41,-0.5,-0.684649,0.432675,966,22,
4,136,Overall,Overall,35,4,41,-1.5,-2.448617,0.749412,878,37,
4,137,Overall,Overall,35,3,41,-3.0,-3.273197,1.018968,836,51,
4,138,Overall,Overall,35,20,41,1.0,1.01016,0.343607,1051,17,
4,139,Overall,Overall,35,8,41,-1.0,-1.198917,0.494344,940,25,
4,140,Overall,Overall,35,29,41,2.0,1.714054,0.352574,1086,18,
4,141,Overall,Overall,35,32,41,3.0,2.996882,0.414032,1150,21,
4,142,Overall,Overall,35,9,41,-0.5,-0.997514,0.464372,950,23,
4,143,Overall,Overall,35,24,41,1.5,1.991367,0.357333,1100,18,
4,144,Overall,Overall,35,2,41,-2.5,-3.837157,1.128898,808,56,
4,145,Overall,Overall,35,26,41,2.0,1.997038,0.340832,1100,17,
4,146,Overall,Overall,35,9,41,0.0,-0.416541,0.459742,979,23,
4,147,Overall,Overall,35,3,41,-2.5,-2.784437,0.833161,861,42,
4,148,Overall,Overall,35,4,41,-2.5,-3.015437,0.872321,849,44,
4,149,Overall,Overall,35,23,41,2.0,1.846023,0.364067,1092,18,
4,150,Overall,Overall,35,5,41,-2.5,-2.009028,0.64156,900,32,
4,151,Overall,Overall,35,31,41,3.0,3.640476,0.518541,1182,26,
4,152,Overall,Overall,35,10,41,-1.5,-1.005815,0.453066,950,23,
4,153,Overall,Overall,35,31,41,3.0,3.179963,0.416175,1159,21,
4,154,Overall,Overall,35,5,41,-2.5,-2.513073,0.777407,874,39,
4,155,Overall,Overall,35,11,41,0.0,-0.131968,0.373201,993,19,
4,156,Overall,Overall,35,14,41,0.0,0.136034,0.394158,1007,20,
4,157,Overall,Overall,35,25,41,1.5,1.53222,0.339128,1077,17,
4,158,Overall,Overall,35,9,41,-1.5,-1.129799,0.510809,944,26,
4,159,Overall,Overall,35,2,41,-2.0,-3.454529,1.049973,827,52,
4,160,Overall,Overall,35,2,41,-2.5,-3.628319,1.137029,819,57,
4,161,Overall,Overall,35,30,41,3.0,3.02059,0.418567,1151,21,
4,162,Overall,Overall,35,16,41,0.0,-0.007342,0.352044,1000,18,
4,163,Overall,Overall,35,15,41,0.5,0.412608,0.357606,1021,18,
4,164,Overall,Overall,35,29,41,3.0,3.024685,0.422125,1151,21,
4,165,Overall,Overall,35,22,41,1.0,1.111551,0.358568,1056,18,
4,166,Overall,Overall,35,15,41,-0.5,0.134155,0.39689,1007,20,
4,167,Overall,Overall,35,7,41,-1.0,-1.481594,0.537979,926,27,
4,168,Overall,Overall,35,4,41,-3.0,-2.37782,0.741673,881,37,
4,169,Overall,Overall,35,4,41,-3.0,-2.478055,0.761148,876,38,
4,170,Overall,Overall,35,10,41,-0.5,-0.232284,0.405693,988,20,
4,171,Overall,Overall,35,4,41,-1.5,-1.951414,0.664452,902,33,
4,172,Overall,Overall,35,23,41,1.0,1.009174,0.337327,1050,17,
4,173,Overall,Overall,35,23,41,1.5,1.472977,0.362183,1074,18,
4,174,Overall,Overall,35,30,41,3.0,3.464699,0.460241,1173,23,
4,175,Overall,Overall,35,12,41,0.5,0.002805,0.34503,1000,17,
4,176,Overall,Overall,35,12,41,-0.5,-0.205452,0.414864,990,21,
4,177,Overall,Overall,35,9,41,-0.5,-0.792272,0.478074,960,24,
4,178,Overall,Overall,35,19,41,1.5,1.286858,0.354178,1064,18,
4,179,Overall,Overall,35,25,41,2.0,1.955482,0.343206,1098,17,
4,180,Overall,Overall,35,25,41,2.0,2.077349,0.358345,1104,18,
4,181,Overall,Overall,35,18,41,1.0,1.134381,0.340898,1057,17,
4,182,Overall,Overall,35,4,41,-1.5,-2.428766,0.757615,879,38,
4,183,Overall,Overall,35,0,41,-3.0,-5.0,1.758974,750,88,
4,184,Overall,Overall,35,13,41,0.0,0.213091,0.351504,1011,18,
4,185,Overall,Overall,35,34,41,3.0,3.422877,0.468746,1171,23,
4,186,Overall,Overall,35,26,41,2.5,2.003709,0.365972,1100,18,
4,187,Overall,Overall,35,8,41,-2.5,-1.511965,0.576676,924,29,
4,188,Overall,Overall,35,6,41,-1.0,-1.363102,0.534491,932,27,
4,189,Overall,Overall,35,26,41,2.0,1.851075,0.347917,1093,17,
4,190,Overall,Overall,35,6,41,-2.5,-2.143648,0.652567,893,33,
4,191,Overall,Overall,35,12,41,-0.5,0.016342,0.375207,1001,19,
4,192,Overall,Overall,35,7,41,-3.0,-1.739824,0.591173,913,30,
4,193,Overall,Overall,35,30,41,2.5,2.864796,0.411834,1143,21,
4,194,Overall,Overall,35,4,41,-1.5,-2.098149,0.678844,895,34,
4,195,Overall,Overall,35,6,41,-1.0,-1.561807,0.538425,922,27,
4,196,Overall,Overall,35,15,41,0.5,0.389146,0.368354,1019,18,
4,197,Overall,Overall,35,9,41,-1.0,-0.925451,0.471864,954,24,
4,198,Overall,Overall,35,25,41,2.5,1.815914,0.370781,1091,19,
4,199,Overall,Overall,35,15,41,0.0,0.120098,0.347597,1006,17,
4,200,Overall,Overall,35,2,41,-3.0,-3.828306,1.186919,809,59,
4,201,Overall,Overall,35,5,41,-2.5,-2.230532,0.702985,888,35,
4,202,Overall,Overall,35,22,41,2.0,1.813147,0.357773,1091,18,
4,203,Overall,Overall,35,13,41,-0.5,0.08609,0.387462,1004,19,
4,204,Overall,Overall,35,24,41,1.5,1.629812,0.325333,1081,16,
4,205,Overall,Overall,35,2,41,-2.5,-3.735222,1.165063,813,58,
4,206,Overall,Overall,35,24,41,1.5,1.516768,0.333463,1076,17,
4,207,Overall,Overall,35,2,41,-2.5,-3.556295,1.111285,822,56,
4,208,Overall,Overall,35,13,41,0.0,0.43799,0.37422,1022,19,
4,209,Overall,Overall,35,18,41,0.0,0.483407,0.323266,1024,16,
4,210,Overall,Overall,35,3,41,-2.5,-2.826193,0.86986,859,43,
4,211,Overall,Overall,35,4,41,-2.5,-2.05132,0.669271,897,33,
4,212,Overall,Overall,35,24,41,1.5,2.008442,0.348629,1100,17,
4,213,Overall,Overall,35,14,41,0.5,0.157654,0.390826,1008,20,
4,214,Overall,Overall,35,9,41,-2.0,-1.229906,0.498149,939,25,
4,215,Overall,Overall,35,30,41,3.0,2.757844,0.386034,1138,19,
4,216,Overall,Overall,35,22,41,1.5,1.550926,0.344606,1078,17,
4,217,Overall,Overall,35,18,41,1.5,1.212493,0.360978,1061,18,
4,218,Overall,Overall,35,8,41,-0.5,-0.999997,0.479832,950,24,
4,219,Overall,Overall,35,10,41,-0.5,-0.571365,0.389239,971,19,
4,220,Overall,Overall,35,30,41,3.0,3.396976,0.462457,1170,23,
4,221,Overall,Overall,35,5,41,-2.5,-2.140727,0.682622,893,34,
4,222,Overall,Overall,35,18,41,0.5,0.450973,0.338931,1023,17,
4,223,Overall,Overall,35,12,41,0.5,-0.022383,0.37822,999,19,
4,224,Overall,Overall,35,33,41,2.0,2.277403,0.383643,1114,19,
4,225,Overall,Overall,35,14,41,0.5,0.319387,0.359445,1016,18,
4,226,Overall,Overall,35,3,41,-1.5,-2.836708,0.857791,858,43,
4,227,Overall,Overall,35,7,41,-2.0,-1.665965,0.588083,917,29,
4,228,Overall,Overall,35,17,41,0.5,0.659803,0.325653,1033,16,
4,229,Overall,Overall,35,21,41,1.5,1.578696,0.339586,1079,17,
4,230,Overall,Overall,35,13,41,-0.5,-0.254913,0.388512,987,19,
4,231,Overall,Overall,35,4,41,-3.0,-3.026532,0.878071,849,44,
4,232,Overall,Overall,35,7,41,-0.5,-1.163901,0.511542,942,26,
4,233,Overall,Overall,35,14,41,0.0,-0.107476,0.408578,995,20,
4,234,Overall,Overall,35,9,41,-1.0,-0.96287,0.456209,952,23,
4,235,Overall,Overall,35,5,41,-2.0,-1.950708,0.624116,902,31,
4,236,Overall,Overall,35,31,41,3.0,3.732999,0.529179,1187,26,
4,237,Overall,Overall,35,5,41,-2.0,-1.945067,0.625123,903,31,
4,238,Overall,Overall,35,25,41,1.5,1.398547,0.339556,1070,17,
4,239,Overall,Overall,35,27,41,2.0,2.277353,0.359145,1114,18,
4,240,Overall,Overall,35,13,41,0.5,0.293092,0.351525,1015,18,
4,241,Overall,Overall,35,7,41,-2.5,-1.900268,0.644854,905,32,
4,242,Overall,Overall,35,26,41,2.0,1.97917,0.335504,1099,17,
4,243,Overall,Overall,35,13,41,-0.5,-0.03632,0.36119,998,18,
4,244,Overall,Overall,35,8,41,-1.5,-0.993159,0.468112,950,23,
4,245,Overall,Overall,35,3,41,-3.0,-2.475517,0.814786,876,41,
4,246,Overall,Overall,35,16,41,-0.5,0.096255,0.394092,1005,20,
4,247,Overall,Overall,35,7,41,-1.0,-1.36533,0.510489,932,26,
4,248,Overall,Overall,35,10,41,-1.0,-0.93493,0.457236,953,23,
4,249,Overall,Overall,35,31,41,3.0,2.740077,0.392651,1137,20,
4,250,Overall,Overall,35,22,41,2.0,1.316592,0.335164,1066,17,
4,251,Overall,Overall,35,23,41,2.0,1.619429,0.343197,1081,17,
4,252,Overall,Overall,35,3,41,-2.0,-2.509314,0.725485,875,36,
4,253,Overall,Overall,35,30,41,2.5,2.802338,0.398904,1140,20,
4,254,Overall,Overall,35,24,41,2.5,2.054722,0.355197,1103,18,
4,255,Overall,Overall,35,11,41,-0.5,-0.037474,0.387932,998,19,
4,256,Overall,Overall,35,17,41,0.5,0.655762,0.340264,1033,17,
4,257,Overall,Overall,35,7,41,-1.0,-1.290973,0.502623,935,25,
4,258,Overall,Overall,35,26,41,2.5,2.372255,0.356945,1119,18,
4,259,Overall,Overall,35,27,41,2.5,2.230617,0.36391,1112,18,
4,260,Overall,Overall,35,9,41,-1.5,-1.221727,0.527161,939,26,
4,261,Overall,Overall,35,7,41,-2.5,-1.53213,0.548306,923,27,
4,262,Overall,Overall,35,3,41,-3.0,-2.888121,0.857211,856,43,
4,263,Overall,Overall,35,2,41,-2.0,-3.303344,0.988505,835,49,
4,264,Overall,Overall,35,20,41,0.5,0.99167,0.333923,1050,17,
4,265,Overall,Overall,35,32,41,3.0,2.720994,0.37552,1136,19,
4,266,Overall,Overall,35,7,41,-1.5,-1.529149,0.59795,924,30,
4,267,Overall,Overall,35,1,41,-2.5,-4.673612,1.686578,766,84,
4,268,Overall,Overall,35,8,41,-1.5,-1.429057,0.55123,929,28,
4,269,Overall,Overall,35,6,41,-1.5,-1.716899,0.636934,914,32,
4,270,Overall,Overall,35,9,41,0.0,-0.337879,0.430274,983,22,
4,271,Overall,Overall,35,4,41,-1.5,-2.487899,0.747626,876,37,
4,272,Overall,Overall,35,7,41,-1.0,-1.063447,0.467418,947,23,
4,273,Overall,Overall,35,25,41,2.0,2.197946,0.34572,1110,17,
4,274,Overall,Overall,35,23,41,1.0,1.229239,0.332375,1061,17,
4,275,Overall,Overall,35,4,41,-3.0,-2.951244,0.901967,852,45,
4,276,Overall,Overall,35,14,41,0.5,0.200497,0.336864,1010,17,
4,277,Overall,Overall,35,12,41,-1.0,-0.27892,0.393743,986,20,
4,278,Overall,Overall,35,31,41,3.0,3.745481,0.520573,1187,26,
4,279,Overall,Overall,35,16,41,0.0,0.083332,0.373319,1004,19,
4,280,Overall,Overall,35,24,41,2.5,2.404574,0.366305,1120,18,
4,281,Overall,Overall,35,16,41,1.0,1.029004,0.355274,1051,18,
4,282,Overall,Overall,35,10,41,-1.0,-0.465092,0.388007,977,19,
4,283,Overall,Overall,35,5,41,-0.5,-1.443875,0.555256,928,28,
4,284,Overall,Overall,35,19,41,0.5,0.678807,0.343664,1034,17,
4,285,Overall,Overall,35,8,41,-1.5,-1.384991,0.532207,931,27,
4,286,Overall,Overall,35,21,41,1.5,1.835172,0.361763,1092,18,
4,287,Overall,Overall,35,5,41,-2.0,-2.641768,0.755369,868,38,
4,288,Overall,Overall,35,5,41,-3.0,-2.068592,0.625138,897,31,
4,289,Overall,Overall,35,27,41,2.0,2.46316,0.359691,1123,18,
4,290,Overall,Overall,35,5,41,-1.5,-2.152091,0.695354,892,35,
4,291,Overall,Overall,35,8,41,-1.0,-0.993999,0.484425,950,24,
4,292,Overall,Overall,35,15,41,0.5,0.781747,0.338356,1039,17,
4,293,Overall,Overall,35,29,41,2.5,3.132929,0.412922,1157,21,
4,294,Overall,Overall,35,31,41,2.5,2.699321,0.381611,1135,19,
4,295,Overall,Overall,35,8,41,-1.0,-1.489842,0.539176,926,27,
4,296,Overall,Overall,35,30,41,3.0,3.004484,0.423636,1150,21,
4,297,Overall,Overall,35,2,41,-2.5,-3.45878,0.994865,827,50,
4,298,Overall,Overall,35,10,41,-0.5,-0.589789,0.420435,971,21,
4,299,Overall,Overall,35,8,41,-1.0,-1.059974,0.483045,947,24,
4,300,Overall,Overall,35,2,41,-2.5,-2.545408,0.822901,873,41,
4,301,Overall,Overall,35,1,41,-3.0,-4.475343,1.575786,776,79,
4,302,Overall,Overall,35,7,41,-1.0,-0.809957,0.451261,960,23,
4,303,Overall,Overall,35,35,41,3.0,4.115983,0.562597,1206,28,
4,304,Overall,Overall,35,25,41,1.5,1.503904,0.340176,1075,17,
4,305,Overall,Overall,35,17,41,0.0,0.46063,0.352736,1023,18,
4,306,Overall,Overall,35,13,41,0.0,0.253656,0.376928,1013,19,
4,307,Overall,Overall,35,9,41,-0.5,-1.065935,0.465377,947,23,
4,308,Overall,Overall,35,29,41,2.5,2.452574,0.367329,1123,18,
4,309,Overall,Overall,35,16,41,0.0,0.322397,0.364409,1016,18,
4,310,Overall,Overall,35,3,41,-2.5,-3.234149,0.952158,838,48,
4,311,Overall,Overall,35,30,41,3.0,2.895701,0.413397,1145,21,
4,312,Overall,Overall,35,4,41,-2.0,-2.590477,0.728059,870,36,
4,313,Overall,Overall,35,19,41,2.0,0.964835,0.32371,1048,16,
4,314,Overall,Overall,35,16,41,1.0,0.347893,0.373879,1017,19,
4,315,Overall,Overall,35,25,41,2.0,1.820019,0.350755,1091,18,
4,316,Overall,Overall,35,4,41,-2.0,-2.410317,0.723368,879,36,
4,317,Overall,Overall,35,2,41,-2.5,-3.071126,0.979755,846,49,
4,318,Overall,Overall,35,4,41,-3.0,-2.344357,0.793144,883,40,
4,319,Overall,Overall,35,22,41,1.0,1.473187,0.330785,1074,17,
4,320,Overall,Overall,35,17,41,1.0,0.72599,0.345774,1036,17,
4,321,Overall,Overall,35,22,41,0.5,1.10926,0.354422,1055,18,
4,322,Overall,Overall,35,7,41,-0.5,-1.149422,0.518448,943,26,
4,323,Overall,Overall,35,11,41,0.0,-0.327834,0.420679,984,21,
4,324,Overall,Overall,35,26,41,2.0,1.789812,0.347405,1089,17,
4,325,Overall,Overall,35,32,41,2.5,3.313245,0.471968,1166,24,
4,326,Overall,Overall,35,25,41,2.0,1.404015,0.329188,1070,16,
4,327,Overall,Overall,35,16,41,0.5,0.37806,0.383905,1019,19,
4,328,Overall,Overall,35,19,41,1.0,0.911347,0.376339,1046,19,
4,329,Overall,Overall,35,5,41,-0.5,-1.784623,0.610561,911,31,
4,330,Overall,Overall,35,4,41,-2.0,-2.524973,0.747977,874,37,
4,331,Overall,Overall,35,17,41,0.5,0.547789,0.35855,1027,18,
4,332,Overall,Overall,35,7,41,-1.5,-1.326013,0.52548,934,26,
4,333,Overall,Overall,35,21,41,1.5,0.81424,0.366013,1041,18,
4,334,Overall,Overall,35,21,41,1.0,1.021935,0.376431,1051,19,
4,335,Overall,Overall,35,3,41,-2.0,-2.756076,0.805873,862,40,
4,336,Overall,Overall,35,12,41,0.0,-0.092082,0.365684,995,18,
4,337,Overall,Overall,35,10,41,0.0,-0.481095,0.447376,976,22,
4,338,Overall,Overall,35,31,41,2.5,2.579674,0.369505,1129,18,
4,339,Overall,Overall,35,15,41,0.5,0.746427,0.379734,1037,19,
4,340,Overall,Overall,35,31,41,2.0,2.885228,0.406696,1144,20,
4,341,Overall,Overall,35,29,41,2.0,2.088126,0.346616,1104,17,
4,342,Overall,Overall,35,30,41,2.5,2.951087,0.437609,1148,22,
4,343,Overall,Overall,35,23,41,1.5,1.576288,0.375648,1079,19,
4,344,Overall,Overall,35,3,41,-2.5,-2.98867,0.875469,851,44,
4,345,Overall,Overall,35,25,41,2.0,2.211164,0.344833,1111,17,
4,346,Overall,Overall,35,15,41,0.0,0.166938,0.383292,1008,19,
4,347,Overall,Overall,35,15,41,0.5,-0.017631,0.383263,999,19,
4,348,Overall,Overall,35,30,41,1.5,2.023403,0.355239,1101,18,
4,349,Overall,Overall,35,20,41,1.0,0.88116,0.34568,1044,17,
4,350,Overall,Overall,35,21,41,1.0,1.133014,0.316699,1057,16,
4,351,Overall,Overall,35,7,41,-1.5,-1.207578,0.514245,940,26,
4,352,Overall,Overall,35,2,41,-2.0,-3.613868,1.090866,819,55,
4,353,Overall,Overall,35,29,41,3.0,2.864577,0.38974,1143,19,
4,354,Overall,Overall,35,22,41,0.0,0.736332,0.344663,1037,17,
4,355,Overall,Overall,35,9,41,0.0,-0.656838,0.41128,967,21,
4,356,Overall,Overall,35,4,41,-2.5,-2.212999,0.68415,889,34,
4,357,Overall,Overall,35,1,41,-2.5,-5.0,1.583669,750,79,
4,358,Overall,Overall,35,7,41,-1.5,-1.903237,0.643893,905,32,
4,359,Overall,Overall,35,2,41,-3.0,-3.632683,1.074998,818,54,
4,360,Overall,Overall,35,22,41,3.0,2.148346,0.355863,1107,18,
4,361,Overall,Overall,35,20,41,1.0,1.413692,0.368446,1071,18,
4,362,Overall,Overall,35,25,41,1.5,1.891473,0.368692,1095,18,
4,363,Overall,Overall,35,11,41,-1.0,-0.5634,0.426747,972,21,
4,364,Overall,Overall,35,8,41,-1.0,-1.550319,0.580773,922,29,
4,365,Overall,Overall,35,20,41,1.0,1.237764,0.314485,1062,16,
4,366,Overall,Overall,35,29,41,1.5,2.447125,0.416817,1122,21,
4,367,Overall,Overall,35,3,41,-2.0,-3.275318,0.973374,836,49,
4,368,Overall,Overall,35,7,41,-2.0,-1.347064,0.520851,933,26,
4,369,Overall,Overall,35,1,41,-3.0,-5.0,1.735576,750,87,
4,370,Overall,Overall,35,1,41,-3.0,-4.882725,1.578832,756,79,
4,371,Overall,Overall,35,2,41,-3.0,-3.627806,1.086109,819,54,
4,372,Overall,Overall,35,13,41,0.0,-0.124117,0.376927,994,19,
4,373,Overall,Overall,35,10,41,-0.5,-0.212585,0.429461,989,21,
4,374,Overall,Overall,35,4,41,-3.0,-2.518178,0.77284,874,39,
4,375,Overall,Overall,35,25,41,1.5,1.14179,0.316188,1057,16,
4,376,Overall,Overall,35,26,41,2.5,2.077206,0.357134,1104,18,
4,377,Overall,Overall,35,22,41,2.0,1.440228,0.362341,1072,18,
4,378,Overall,Overall,35,6,41,-1.5,-1.463336,0.549258,927,27,
4,379,Overall,Overall,35,21,41,1.5,1.700908,0.330993,1085,17,
4,380,Overall,Overall,35,9,41,-1.0,-1.113436,0.470148,944,24,
4,381,Overall,Overall,35,24,41,2.5,2.085637,0.353836,1104,18,
4,382,Overall,Overall,35,3,41,-3.0,-2.727448,0.82512,864,41,
4,383,Overall,Overall,35,4,41,-3.0,-2.267417,0.694754,887,35,
4,384,Overall,Overall,35,2,41,-2.5,-3.371563,0.972883,831,49,
4,385,Overall,Overall,35,16,41,0.5,0.695997,0.328467,1035,16,
4,386,Overall,Overall,35,21,41,1.0,1.325702,0.325424,1066,16,
4,387,Overall,Overall,35,10,41,0.0,-0.749627,0.440669,963,22,
4,388,Overall,Overall,35,7,41,-1.5,-1.288113,0.535093,936,27,
4,389,Overall,Overall,35,28,41,2.5,2.681862,0.380523,1134,19,
4,390,Overall,Overall,35,11,41,-0.5,-0.524077,0.375465,974,19,
4,391,Overall,Overall,35,26,41,2.5,1.909602,0.356908,1095,18,
4,392,Overall,Overall,35,24,41,2.0,1.643923,0.363502,1082,18,
4,393,Overall,Overall,35,32,41,3.0,3.238681,0.44992,1162,22,
4,394,Overall,Overall,35,7,41,-0.5,-1.188429,0.504722,941,25,
4,395,Overall,Overall,35,28,41,2.5,2.760419,0.387391,1138,19,
4,396,Overall,Overall,35,12,41,0.0,-0.368167,0.427947,982,21,
4,397,Overall,Overall,35,3,41,-3.0,-3.070028,0.87776,846,44,
4,398,Overall,Overall,35,6,41,-1.5,-0.885238,0.517566,956,26,
4,399,Overall,Overall,35,3,41,-2.5,-3.287545,1.055829,836,53,
4,400,Overall,Overall,35,27,41,2.5,2.599005,0.371525,1130,19,
4,401,Overall,Overall,35,31,41,3.0,3.06105,0.429466,1153,21,
4,402,Overall,Overall,35,7,41,-0.5,-1.160274,0.510825,942,26,
4,403,Overall,Overall,35,27,41,2.5,2.560939,0.380195,1128,19,
4,404,Overall,Overall,35,28,41,2.5,1.702553,0.359617,1085,18,
4,405,Overall,Overall,35,14,41,0.0,0.043053,0.339041,1002,17,
4,406,Overall,Overall,35,2,41,-3.0,-3.536014,1.069025,823,53,
4,407,Overall,Overall,35,10,41,-1.0,-0.351561,0.40672,982,20,
4,408,Overall,Overall,35,1,41,-3.0,-5.0,1.863682,750,93,
4,409,Overall,Overall,35,3,41,-3.0,-3.441305,1.072921,828,54,
4,410,Overall,Overall,35,19,41,0.5,0.72505,0.337645,1036,17,
4,411,Overall,Overall,35,18,41,0.0,0.637637,0.330304,1032,17,
4,412,Overall,Overall,35,25,41,1.5,1.432369,0.358409,1072,18,
4,413,Overall,Overall,35,22,41,1.0,1.583161,0.338594,1079,17,
4,414,Overall,Overall,35,0,41,-3.0,-5.0,1.845954,750,92,
4,415,Overall,Overall,35,4,41,-2.0,-2.720104,0.782052,864,39,
4,416,Overall,Overall,35,22,41,1.5,1.071751,0.325989,1054,16,
4,417,Overall,Overall,35,5,41,-2.0,-1.986851,0.650591,901,33,
4,418,Overall,Overall,35,27,41,2.5,2.554263,0.37564,1128,19,
4,419,Overall,Overall,35,35,41,3.0,4.671011,0.587523,1234,29,
4,420,Overall,Overall,35,6,41,-1.5,-2.000502,0.630309,900,32,
4,421,Overall,Overall,35,5,41,-2.0,-2.314516,0.70801,884,35,
4,422,Overall,Overall,35,3,41,-2.0,-2.891349,0.813126,855,41,
4,423,Overall,Overall,35,5,41,-1.0,-1.721601,0.609499,914,30,
4,424,Overall,Overall,35,1,41,-2.5,-4.587341,1.442598,771,72,
4,425,Overall,Overall,35,2,41,-3.0,-3.307273,0.977181,835,49,
4,426,Overall,Overall,35,11,41,0.0,-0.423379,0.413,979,21,
4,427,Overall,Overall,35,7,41,-1.0,-1.496608,0.554837,925,28,
4,428,Overall,Overall,35,24,41,3.0,2.327387,0.350437,1116,18,
4,429,Overall,Overall,35,31,41,2.5,3.580035,0.492144,1179,25,
4,430,Overall,Overall,35,20,41,0.0,0.835352,0.334478,1042,17,
4,431,Overall,Overall,35,7,41,-1.5,-1.521768,0.555858,924,28,
4,432,Overall,Overall,35,5,41,-2.0,-2.133481,0.698206,893,35,
4,433,Overall,Overall,35,11,41,0.0,-0.144443,0.401361,993,20,
4,434,Overall,Overall,35,2,41,-2.5,-3.752415,1.131421,812,57,
4,435,Overall,Overall,35,5,41,-2.0,-1.649294,0.571389,918,29,
4,436,Overall,Overall,35,11,41,0.5,-0.119599,0.372731,994,19,
4,437,Overall,Overall,35,24,41,1.5,1.677099,0.355721,1084,18,
4,438,Overall,Overall,35,32,41,3.0,3.411214,0.495893,1171,25,
4,439,Overall,Overall,35,23,41,1.5,1.153701,0.332234,1058,17,
4,440,Overall,Overall,35,8,41,-1.5,-1.32514,0.5268,934,26,
4,441,Overall,Overall,35,3,41,-3.0,-3.386227,1.016399,831,51,
4,442,Overall,Overall,35,3,41,-2.5,-3.30098,0.952808,835,48,
4,443,Overall,Overall,35,18,41,0.5,0.878916,0.313337,1044,16,
4,444,Overall,Overall,35,8,41,-1.5,-1.531699,0.570507,923,29,
4,445,Overall,Overall,35,15,41,0.5,0.342344,0.349815,1017,17,
4,446,Overall,Overall,35,4,41,-2.5,-2.114579,0.677413,894,34,
4,447,Overall,Overall,35,23,41,2.0,1.703951,0.336164,1085,17,
4,448,Overall,Overall,35,16,41,1.0,0.350804,0.362021,1018,18,
4,449,Overall,Overall,35,2,41,-2.5,-3.382978,0.979194,831,49,
4,450,Overall,Overall,35,2,41,-3.0,-3.73937,1.147567,813,57,
4,451,Overall,Overall,35,3,41,-2.0,-2.415437,0.8146,879,41,
4,452,Overall,Overall,35,12,41,0.5,0.461868,0.3746,1023,19,
4,453,Overall,Overall,35,21,41,1.0,1.143922,0.321833,1057,16,
4,454,Overall,Overall,35,26,41,1.5,1.331247,0.344911,1067,17,
4,455,Overall,Overall,35,2,41,-2.5,-3.333126,1.001453,833,50,
4,456,Overall,Overall,35,28,41,2.0,1.744713,0.335508,1087,17,
4,457,Overall,Overall,35,27,41,3.0,2.552118,0.37066,1128,19,
4,458,Overall,Overall,35,5,41,-2.5,-2.050678,0.630365,897,32,
4,459,Overall,Overall,35,7,41,-2.0,-1.265821,0.522455,937,26,
4,460,Overall,Overall,35,18,41,1.5,0.893588,0.341127,1045,17,
4,461,Overall,Overall,35,13,41,0.0,-0.088876,0.348548,996,17,
4,462,Overall,Overall,35,28,41,2.5,2.737023,0.388606,1137,19,
4,463,Overall,Overall,35,3,41,-3.0,-3.23757,0.920141,838,46,
4,464,Overall,Overall,35,9,41,-1.5,-0.65014,0.428756,967,21,
4,465,Overall,Overall,35,25,41,2.5,2.20896,0.349727,1110,17,
4,466,Overall,Overall,35,10,41,-0.5,-0.519911,0.414881,974,21,
4,467,Overall,Overall,35,1,41,-3.0,-4.5501,1.468239,772,73,
4,468,Overall,Overall,35,3,41,-2.5,-2.725793,0.869184,864,43,
4,469,Overall,Overall,35,21,41,0.5,0.860418,0.325572,1043,16,
4,470,Overall,Overall,35,10,41,-0.5,-0.531233,0.420754,973,21,
4,471,Overall,Overall,35,22,41,0.5,0.942154,0.346839,1047,17,
4,472,Overall,Overall,35,27,41,1.5,2.289911,0.35526,1114,18,
4,473,Overall,Overall,35,24,41,1.0,1.983694,0.378235,1099,19,
4,474,Overall,Overall,35,26,41,1.5,1.712474,0.349197,1086,17,
4,475,Overall,Overall,35,2,41,-3.0,-3.108378,0.904812,845,45,
4,476,Overall,Overall,35,4,41,-1.5,-1.655297,0.625202,917,31,
4,477,Overall,Overall,35,24,41,2.0,1.853313,0.342906,1093,17,
4,478,Overall,Overall,35,24,41,2.0,1.565008,0.358458,1078,18,
4,479,Overall,Overall,35,15,41,0.5,0.323384,0.373141,1016,19,
4,480,Overall,Overall,35,8,41,-1.0,-0.902717,0.459339,955,23,
4,481,Overall,Overall,35,26,41,2.5,2.552258,0.388341,1128,19,
4,482,Overall,Overall,35,22,41,1.0,1.243745,0.361358,1062,18,
4,483,Overall,Overall,35,8,41,-1.0,-1.409582,0.53644,930,27,
4,484,Overall,Overall,35,5,41,-2.0,-2.399462,0.729839,880,36,
4,485,Overall,Overall,35,21,41,1.0,0.98731,0.315583,1049,16,
4,486,Overall,Overall,35,7,41,-2.5,-1.288388,0.525622,936,26,
4,487,Overall,Overall,35,14,41,-1.0,-0.460354,0.427323,977,21,
4,488,Overall,Overall,35,17,41,1.5,0.946615,0.349275,1047,17,
4,489,Overall,Overall,35,3,41,-2.5,-2.937122,0.882492,853,44,
4,490,Overall,Overall,35,5,41,-2.5,-2.255145,0.67961,887,34,
4,491,Overall,Overall,35,5,41,-1.5,-2.204566,0.680375,890,34,
4,492,Overall,Overall,35,8,41,-1.5,-0.874187,0.450421,956,23,
4,493,Overall,Overall,35,32,41,3.0,2.562452,0.396949,1128,20,
4,494,Overall,Overall,35,4,41,-2.0,-2.485556,0.761326,876,38,
4,495,Overall,Overall,35,9,41,-1.5,-0.760145,0.478761,962,24,
4,496,Overall,Overall,35,21,41,0.5,0.931827,0.341972,1047,17,
4,497,Overall,Overall,35,32,41,3.0,3.214124,0.444904,1161,22,
4,498,Overall,Overall,35,6,41,-1.5,-1.217403,0.511216,939,26,
4,499,Overall,Overall,35,19,41,0.5,0.858004,0.326632,1043,16,
4,500,Overall,Overall,35,7,41,-2.0,-1.480969,0.542757,926,27,
4,501,Overall,Overall,35,2,41,-3.0,-3.833389,1.143369,808,57,
4,502,Overall,Overall,35,11,41,-0.5,0.016662,0.382202,1001,19,
4,503,Overall,Overall,35,3,41,-3.0,-2.603864,0.77281,870,39,
4,504,Overall,Overall,35,23,41,1.5,1.86878,0.334605,1093,17,
4,505,Overall,Overall,35,24,41,2.0,1.284356,0.323448,1064,16,
4,506,Overall,Overall,35,26,41,1.0,1.480939,0.370223,1074,19,
4,507,Overall,Overall,35,28,41,2.0,1.819314,0.374238,1091,19,
4,508,Overall,Overall,35,17,41,0.5,0.534688,0.365,1027,18,
4,509,Overall,Overall,35,7,41,-1.0,-1.433728,0.521259,928,26,
4,510,Overall,Overall,35,19,41,1.0,1.055664,0.347165,1053,17,
4,511,Overall,Overall,35,12,41,0.0,-0.012787,0.390945,999,20,
4,512,Overall,Overall,35,1,41,-2.5,-4.657892,1.570284,767,79,
4,513,Overall,Overall,35,0,41,-3.0,-5.0,1.778738,750,89,
4,514,Overall,Overall,35,31,41,3.0,3.774383,0.524589,1189,26,
4,515,Overall,Overall,35,3,41,-3.0,-3.080147,0.866274,846,43,
4,516,Overall,Overall,35,6,41,-0.5,-1.422018,0.532619,929,27,
4,517,Overall,Overall,35,4,41,-1.5,-1.534723,0.589717,923,29,
4,518,Overall,Overall,35,9,41,0.0,-0.359621,0.426043,982,21,
4,519,Overall,Overall,35,20,41,1.5,1.194454,0.334611,1060,17,
4,520,Overall,Overall,35,30,41,1.5,1.984987,0.38781,1099,19,
4,521,Overall,Overall,35,29,41,2.5,2.639002,0.381634,1132,19,
4,522,Overall,Overall,35,16,41,0.0,0.493629,0.331526,1025,17,
4,523,Overall,Overall,35,13,41,0.0,-0.0828,0.407811,996,20,
4,524,Overall,Overall,35,5,41,-1.5,-1.610396,0.572574,919,29,
4,525,Overall,Overall,35,8,41,-2.0,-1.442605,0.572507,928,29,
4,526,Overall,Overall,35,1,41,-3.0,-5.0,1.596145,750,80,
4,527,Overall,Overall,35,32,41,3.0,3.121074,0.431557,1156,22,
4,528,Overall,Overall,35,15,41,-0.5,0.162853,0.363337,1008,18,
4,529,Overall,Overall,35,2,41,-2.0,-3.668857,1.150384,817,58,
4,530,Overall,Overall,35,8,41,-1.0,-0.878374,0.444125,956,22,
4,531,Overall,Overall,35,31,41,3.0,2.900061,0.399741,1145,20,
4,532,Overall,Overall,35,23,41,1.5,1.930094,0.353113,1097,18,
4,533,Overall,Overall,35,24,41,2.0,1.805111,0.355433,1090,18,
4,534,Overall,Overall,35,28,41,2.5,2.520524,0.36206,1126,18,
4,535,Overall,Overall,35,31,41,3.0,3.097575,0.441486,1155,22,
4,536,Overall,Overall,35,2,41,-3.0,-3.501795,1.021396,825,51,
4,537,Overall,Overall,35,19,41,1.0,1.10016,0.319111,1055,16,
4,538,Overall,Overall,35,7,41,-1.5,-0.98731,0.485519,951,24,
4,539,Overall,Overall,35,3,41,-3.0,-2.630268,0.761681,868,38,
4,540,Overall,Overall,35,12,41,-1.0,-0.276721,0.389978,986,19,
4,541,Overall,Overall,35,15,41,0.0,0.027738,0.392701,1001,20,
4,542,Overall,Overall,35,18,41,1.0,0.690436,0.330765,1035,17,
4,543,Overall,Overall,35,26,41,1.5,1.494375,0.321553,1075,16,
4,544,Overall,Overall,35,8,41,-2.5,-1.072548,0.500731,946,25,
4,545,Overall,Overall,35,25,41,3.0,2.472426,0.361815,1124,18,
4,546,Overall,Overall,35,11,41,-1.0,-0.258219,0.383438,987,19,
4,547,Overall,Overall,35,26,41,3.0,2.475591,0.355821,1124,18,
4,548,Overall,Overall,35,12,41,-0.5,-0.590327,0.429875,970,21,
4,549,Overall,Overall,35,1,41,-2.5,-4.506361,1.551948,775,78,
4,550,Overall,Overall,35,3,41,-3.0,-2.939357,0.871941,853,44,
4,551,Overall,Overall,35,3,41,-2.5,-3.061201,0.901067,847,45,
4,552,Overall,Overall,35,23,41,1.5,1.65711,0.348733,1083,17,
4,553,Overall,Overall,35,10,41,0.5,-0.86966,0.463887,957,23,
4,554,Overall,Overall,35,9,41,-1.5,-0.713618,0.459571,964,23,
4,555,Overall,Overall,35,12,41,-1.5,-0.073844,0.391768,996,20,
4,556,Overall,Overall,35,14,41,0.0,0.424453,0.37034,1021,19,
4,557,Overall,Overall,35,6,41,-1.0,-1.469661,0.54122,927,27,
4,558,Overall,Overall,35,11,41,-0.5,-0.152308,0.400153,992,20,
4,559,Overall,Overall,35,10,41,0.0,-0.485992,0.437638,976,22,
4,560,Overall,Overall,35,4,41,-3.0,-2.705265,0.772216,865,39,
4,561,Overall,Overall,35,20,41,1.0,0.903336,0.332002,1045,17,
4,562,Overall,Overall,35,23,41,1.5,1.487308,0.32416,1074,16,
4,563,Overall,Overall,35,14,41,0.5,0.046308,0.38078,1002,19,
4,564,Overall,Overall,35,4,41,-2.0,-2.482664,0.766923,876,38,
4,565,Overall,Overall,35,28,41,2.5,2.850802,0.401141,1143,20,
4,566,Overall,Overall,35,17,41,1.0,0.795229,0.328915,1040,16,
4,567,Overall,Overall,35,13,41,-0.5,0.121276,0.370266,1006,19,
4,568,Overall,Overall,35,4,41,-3.0,-1.937979,0.655916,903,33,
4,569,Overall,Overall,35,35,41,3.0,3.378958,0.466291,1169,23,
4,570,Overall,Overall,35,19,41,0.5,0.785349,0.334364,1039,17,
4,571,Overall,Overall,35,14,41,-1.0,-0.749851,0.444863,963,22,
4,572,Overall,Overall,35,5,41,-2.0,-2.158115,0.668496,892,33,
4,573,Overall,Overall,35,9,41,-2.0,-1.382384,0.519076,931,26,
4,574,Overall,Overall,35,3,41,-3.0,-2.860275,0.922647,857,46,
4,575,Overall,Overall,35,8,41,-1.5,-0.557045,0.420224,972,21,
4,576,Overall,Overall,35,29,41,2.5,2.811296,0.395445,1141,20,
4,577,Overall,Overall,35,20,41,1.0,0.979271,0.330208,1049,17,
4,578,Overall,Overall,35,5,41,-2.5,-1.946226,0.673284,903,34,
4,579,Overall,Overall,35,4,41,-3.0,-2.111887,0.679733,894,34,
4,580,Overall,Overall,35,14,41,0.5,0.328483,0.345597,1016,17,
4,581,Overall,Overall,35,21,41,1.0,1.249931,0.324842,1062,16,
4,582,Overall,Overall,35,2,41,-2.0,-3.844888,1.14087,808,57,
4,583,Overall,Overall,35,9,41,-0.5,-0.828054,0.466886,959,23,
4,584,Overall,Overall,35,22,41,2.0,1.994664,0.361795,1100,18,
4,585,Overall,Overall,35,4,41,-3.0,-2.656119,0.790811,867,40,
4,586,Overall,Overall,35,17,41,0.5,0.480372,0.332422,1024,17,
4,587,Overall,Overall,35,29,41,3.0,2.662057,0.379413,1133,19,
4,588,Overall,Overall,35,20,41,1.0,1.069739,0.363398,1053,18,
4,589,Overall,Overall,35,23,41,1.0,1.336915,0.377556,1067,19,
4,590,Overall,Overall,35,27,41,2.0,2.369579,0.375683,1118,19,
4,591,Overall,Overall,35,5,41,-1.5,-1.49334,0.527997,925,26,
4,592,Overall,Overall,35,12,41,-0.5,-0.256587,0.39425,987,20,
4,593,Overall,Overall,35,6,41,-1.0,-0.727022,0.504989,964,25,
4,594,Overall,Overall,35,3,41,-2.0,-2.902493,0.904792,855,45,
4,595,Overall,Overall,35,17,41,0.5,0.612505,0.348777,1031,17,
4,596,Overall,Overall,35,21,41,1.5,1.763872,0.33719,1088,17,
4,597,Overall,Overall,35,10,41,-0.5,-0.341221,0.400042,983,20,
4,598,Overall,Overall,35,27,41,2.0,2.617804,0.370074,1131,19,
4,599,Overall,Overall,35,4,41,-3.0,-3.038608,0.909857,848,45,
4,600,Overall,Overall,35,6,41,-0.5,-1.618681,0.589678,919,29,
4,601,Overall,Overall,35,7,41,-0.5,-1.455586,0.566735,927,28,
4,602,Overall,Overall,35,15,41,1.0,0.741642,0.356352,1037,18,
4,603,Overall,Overall,35,6,41,-1.0,-1.892195,0.61726,905,31,
4,604,Overall,Overall,35,9,41,-1.5,-0.834682,0.465843,958,23,
4,605,Overall,Overall,35,8,41,-1.0,-0.990349,0.485961,950,24,
4,606,Overall,Overall,35,5,41,-3.0,-2.378592,0.735525,881,37,
4,607,Overall,Overall,35,5,41,-1.0,-2.127072,0.68077,894,34,
4,608,Overall,Overall,35,6,41,-0.5,-1.027615,0.502559,949,25,
4,609,Overall,Overall,35,16,41,0.5,0.583663,0.330143,1029,17,
4,610,Overall,Overall,35,22,41,2.0,1.578534,0.337664,1079,17,
4,611,Overall,Overall,35,20,41,1.0,1.522679,0.364254,1076,18,
4,612,Overall,Overall,35,30,41,3.0,3.452644,0.475207,1173,24,
4,613,Overall,Overall,35,15,41,0.5,0.407068,0.351272,1020,18,
4,614,Overall,Overall,35,7,41,-1.5,-1.310224,0.495583,934,25,
4,615,Overall,Overall,35,15,41,0.0,0.175756,0.368333,1009,18,
4,616,Overall,Overall,35,21,41,1.0,1.227577,0.356644,1061,18,
4,617,Overall,Overall,35,7,41,-1.5,-1.174149,0.520539,941,26,
4,618,Overall,Overall,35,23,41,1.5,1.364393,0.342571,1068,17,
4,619,Overall,Overall,35,10,41,-0.5,-0.429694,0.384128,979,19,
4,620,Overall,Overall,35,5,41,-3.0,-2.018387,0.644172,899,32,
4,621,Overall,Overall,35,22,41,1.5,1.261162,0.32635,1063,16,
4,622,Overall,Overall,35,16,41,0.0,0.79213,0.358065,1040,18,
4,623,Overall,Overall,35,5,41,-2.0,-1.920148,0.661586,904,33,
4,624,Overall,Overall,35,2,41,-2.5,-3.318661,0.947835,834,47,
4,625,Overall,Overall,35,9,41,-1.0,-1.305459,0.517199,935,26,
4,626,Overall,Overall,35,21,41,0.5,1.45662,0.357579,1073,18,
4,627,Overall,Overall,35,9,41,0.0,-0.565462,0.414349,972,21,
4,628,Overall,Overall,35,30,41,3.0,2.782152,0.386342,1139,19,
4,629,Overall,Overall,35,4,41,-1.5,-1.78506,0.637164,911,32,
4,630,Overall,Overall,35,9,41,-0.5,-0.577558,0.397842,971,20,
4,631,Overall,Overall,35,16,41,1.0,0.482221,0.374244,1024,19,
4,632,Overall,Overall,35,18,41,1.0,0.875563,0.324456,1044,16,
4,633,Overall,Overall,35,32,41,3.0,3.194368,0.444701,1160,22,
4,634,Overall,Overall,35,11,41,0.0,-0.233836,0.392415,988,20,
4,635,Overall,Overall,35,5,41,-2.0,-2.136899,0.667512,893,33,
4,636,Overall,Overall,35,20,41,1.0,1.051122,0.32845,1053,16,
4,637,Overall,Overall,35,4,41,-3.0,-2.546254,0.756075,873,38,
4,638,Overall,Overall,35,7,41,-0.5,-1.381037,0.535054,931,27,
4,639,Overall,Overall,35,22,41,2.0,2.028904,0.339992,1101,17,
4,640,Overall,Overall,35,11,41,-0.5,-0.548602,0.410959,973,21,
4,641,Overall,Overall,35,29,41,3.0,3.061995,0.420558,1153,21,
4,642,Overall,Overall,35,23,41,2.0,1.90021,0.33273,1095,17,
4,643,Overall,Overall,35,11,41,-0.5,-0.441317,0.454463,978,23,
4,644,Overall,Overall,35,25,41,2.5,2.012308,0.355629,1101,18,
4,645,Overall,Overall,35,28,41,2.0,2.351092,0.359006,1118,18,
4,646,Overall,Overall,35,13,41,-0.5,-0.240301,0.397538,988,20,
4,647,Overall,Overall,35,10,41,-0.5,-0.18113,0.391978,991,20,
4,648,Overall,Overall,35,6,41,-2.0,-1.723653,0.591842,914,30,
4,649,Overall,Overall,35,12,41,0.0,-0.27249,0.405962,986,20,
4,650,Overall,Overall,35,25,41,1.0,1.598539,0.346621,1080,17,
4,651,Overall,Overall,35,25,41,2.5,1.756965,0.359027,1088,18,
4,652,Overall,Overall,35,24,41,2.0,1.955739,0.352558,1098,18,
4,653,Overall,Overall,35,33,41,3.0,3.330461,0.464536,1167,23,
4,654,Overall,Overall,35,25,41,2.0,2.059896,0.347458,1103,17,
4,655,Overall,Overall,35,9,41,-1.0,-0.812621,0.484259,959,24,
4,656,Overall,Overall,35,25,41,2.5,2.007484,0.35192,1100,18,
4,657,Overall,Overall,35,7,41,-1.0,-1.524203,0.539435,924,27,
4,658,Overall,Overall,35,23,41,1.0,1.151668,0.352475,1058,18,
4,659,Overall,Overall,35,2,41,-2.0,-2.386675,0.716525,881,36,
4,660,Overall,Overall,35,17,41,1.0,0.796482,0.375598,1040,19,
4,661,Overall,Overall,35,4,41,-3.0,-2.492396,0.782858,875,39,
4,662,Overall,Overall,35,10,41,-0.5,-0.387702,0.37159,981,19,
4,663,Overall,Overall,35,22,41,2.0,1.354608,0.339982,1068,17,
4,664,Overall,Overall,35,23,41,2.0,2.099221,0.367218,1105,18,
4,665,Overall,Overall,35,5,41,-2.5,-2.18526,0.684094,891,34,
4,666,Overall,Overall,35,30,41,3.0,3.104709,0.427197,1155,21,
4,667,Overall,Overall,35,4,41,-2.5,-2.532503,0.745698,873,37,
4,668,Overall,Overall,35,18,41,0.5,0.827262,0.356505,1041,18,
4,669,Overall,Overall,35,22,41,1.0,0.868681,0.338696,1043,17,
4,670,Overall,Overall,35,28,41,2.5,2.993714,0.429267,1150,21,
4,671,Overall,Overall,35,17,41,0.5,0.479214,0.373394,1024,19,
4,672,Overall,Overall,35,16,41,0.5,0.389498,0.338679,1019,17,
4,673,Overall,Overall,35,5,41,-2.0,-1.900509,0.641976,905,32,
4,674,Overall,Overall,35,8,41,-1.5,-1.043511,0.510298,948,26,
4,675,Overall,Overall,35,27,41,2.5,2.428768,0.361482,1121,18,
4,676,Overall,Overall,35,8,41,-1.0,-0.99824,0.460725,950,23,
4,677,Overall,Overall,35,6,41,-1.5,-1.608317,0.582946,920,29,
4,678,Overall,Overall,35,4,41,-2.0,-1.778418,0.636097,911,32,
4,679,Overall,Overall,35,6,41,-3.0,-1.853193,0.646265,907,32,
4,680,Overall,Overall,35,22,41,1.5,1.21109,0.336026,1061,17,
4,681,Overall,Overall,35,6,41,-0.5,-0.765437,0.453023,962,23,
4,682,Overall,Overall,35,24,41,1.0,1.61701,0.334646,1081,17,
4,683,Overall,Overall,35,21,41,1.5,1.173502,0.33247,1059,17,
4,684,Overall,Overall,35,5,41,-1.5,-1.939566,0.670638,903,34,
4,685,Overall,Overall,35,6,41,-2.0,-1.580562,0.60951,921,30,
4,686,Overall,Overall,35,19,41,0.5,0.772196,0.36033,1039,18,
4,687,Overall,Overall,35,18,41,2.0,1.135489,0.33976,1057,17,
4,688,Overall,Overall,35,24,41,1.5,1.686445,0.340431,1084,17,
4,689,Overall,Overall,35,4,41,-2.0,-2.627231,0.77272,869,39,
4,690,Overall,Overall,35,14,41,0.0,-0.136599,0.433878,993,22,
4,691,Overall,Overall,35,9,41,-2.0,-1.174243,0.49615,941,25,
4,692,Overall,Overall,35,31,41,3.0,2.932387,0.41317,1147,21,
4,693,Overall,Overall,35,3,41,-1.5,-2.743388,0.804544,863,40,
4,694,Overall,Overall,35,3,41,-3.0,-2.786364,0.905217,861,45,
4,695,Overall,Overall,35,2,41,-3.0,-3.678143,1.161142,816,58,
4,696,Overall,Overall,35,5,41,-3.0,-2.280502,0.727945,886,36,
4,697,Overall,Overall,35,27,41,2.0,1.597461,0.331172,1080,17,
4,698,Overall,Overall,35,22,41,1.0,1.503721,0.317619,1075,16,
4,699,Overall,Overall,35,9,41,-1.0,-1.171964,0.480732,941,24,
4,700,Overall,Overall,35,7,41,-1.5,-1.64436,0.581251,918,29,
4,701,Overall,Overall,35,15,41,0.5,0.36714,0.362217,1018,18,
4,702,Overall,Overall,35,7,41,-2.5,-1.366827,0.521458,932,26,
4,703,Overall,Overall,35,19,41,0.5,0.457146,0.338607,1023,17,
4,704,Overall,Overall,35,9,41,-2.0,-1.009511,0.474787,950,24,
4,705,Overall,Overall,35,27,41,2.5,1.871206,0.365291,1094,18,
4,706,Overall,Overall,35,25,41,2.5,2.516399,0.372111,1126,19,
4,707,Overall,Overall,35,3,41,-2.5,-3.103159,0.868587,845,43,
4,708,Overall,Overall,35,25,41,2.0,2.048836,0.345928,1102,17,
4,709,Overall,Overall,35,32,41,3.0,3.964776,0.532732,1198,27,
4,710,Overall,Overall,35,13,41,0.0,-0.195821,0.384276,990,19,
4,711,Overall,Overall,35,16,41,0.5,0.503315,0.365079,1025,18,
4,712,Overall,Overall,35,29,41,3.0,3.048474,0.410762,1152,21,
4,713,Overall,Overall,35,27,41,2.5,2.329181,0.370094,1116,19,
4,714,Overall,Overall,35,14,41,0.0,0.335902,0.334497,1017,17,
4,715,Overall,Overall,35,9,41,-2.0,-1.04408,0.495728,948,25,
4,716,Overall,Overall,35,19,41,1.0,0.580385,0.340101,1029,17,
4,717,Overall,Overall,35,7,41,-1.5,-1.905331,0.620756,905,31,
4,718,Overall,Overall,35,15,41,-0.5,0.168783,0.365172,1008,18,
4,719,Overall,Overall,35,7,41,-1.5,-1.052157,0.480563,947,24,
4,720,Overall,Overall,35,5,41,-2.5,-2.182417,0.705591,891,35,
4,721,Overall,Overall,35,5,41,-1.0,-1.72728,0.620086,914,31,
4,722,Overall,Overall,35,7,41,-1.0,-0.916142,0.468552,954,23,
4,723,Overall,Overall,35,3,41,-3.0,-3.025905,0.860781,849,43,
4,724,Overall,Overall,35,28,41,3.0,2.849247,0.391776,1142,20,
4,725,Overall,Overall,35,31,41,3.0,3.31164,0.44991,1166,22,
4,726,Overall,Overall,35,4,41,-2.5,-1.918317,0.626007,904,31,
4,727,Overall,Overall,35,23,41,1.5,1.477559,0.339116,1074,17,
4,728,Overall,Overall,35,1,41,-3.0,-4.957003,1.713836,752,86,
4,729,Overall,Overall,35,10,41,-1.5,-1.217361,0.513163,939,26,
4,730,Overall,Overall,35,26,41,3.0,2.447123,0.369612,1122,18,
4,731,Overall,Overall,35,11,41,-1.0,-0.415692,0.385909,979,19,
4,732,Overall,Overall,35,19,41,1.0,0.991565,0.351271,1050,18,
4,733,Overall,Overall,35,4,41,-2.5,-2.713113,0.800957,864,40,
4,734,Overall,Overall,35,5,41,-1.5,-1.991507,0.649894,900,32,
4,735,Overall,Overall,35,21,41,0.5,0.917459,0.356928,1046,18,
4,736,Overall,Overall,35,11,41,-1.0,-0.452296,0.390489,977,20,
4,737,Overall,Overall,35,4,41,-1.5,-2.398885,0.756324,880,38,
4,738,Overall,Overall,35,8,41,-2.0,-1.391234,0.567551,930,28,
4,739,Overall,Overall,35,25,41,2.5,2.416955,0.370165,1121,19,
4,740,Overall,Overall,35,6,41,-1.0,-1.447277,0.519218,928,26,
4,741,Overall,Overall,35,1,41,-3.0,-5.0,1.678243,750,84,
4,742,Overall,Overall,35,20,41,1.5,0.982232,0.342819,1049,17,
4,743,Overall,Overall,35,6,41,-2.0,-1.50699,0.578769,925,29,
4,744,Overall,Overall,35,17,41,0.0,0.548334,0.390818,1027,20,
4,745,Overall,Overall,35,7,41,-0.5,-0.516227,0.430685,974,22,
4,746,Overall,Overall,35,5,41,-1.0,-1.99355,0.626589,900,31,
4,747,Overall,Overall,35,32,41,3.0,3.245059,0.449387,1162,22,
4,748,Overall,Overall,35,32,41,2.5,3.033052,0.423345,1152,21,
4,749,Overall,Overall,35,2,41,-3.0,-3.761486,1.139075,812,57,
4,750,Overall,Overall,35,22,41,1.0,1.595955,0.342452,1080,17,
4,751,Overall,Overall,35,20,41,0.5,0.515878,0.329232,1026,16,
4,752,Overall,Overall,35,2,41,-2.5,-3.329518,1.006716,834,50,
4,753,Overall,Overall,35,5,41,-0.5,-1.306457,0.581491,935,29,
4,754,Overall,Overall,35,11,41,-0.5,-0.828144,0.472384,959,24,
4,755,Overall,Overall,35,6,41,-1.5,-1.548288,0.556984,923,28,
4,756,Overall,Overall,35,4,41,-2.5,-2.996243,0.878891,850,44,
4,757,Overall,Overall,35,6,41,-2.0,-1.522982,0.547017,924,27,
4,758,Overall,Overall,35,20,41,1.0,1.292465,0.35675,1065,18,
4,759,Overall,Overall,35,28,41,3.0,2.547704,0.371226,1127,19,
4,760,Overall,Overall,35,9,41,-0.5,-0.858326,0.447906,957,22,
4,761,Overall,Overall,35,26,41,2.5,2.694106,0.378709,1135,19,
4,762,Overall,Overall,35,20,41,1.0,1.34249,0.339852,1067,17,
4,763,Overall,Overall,35,13,41,-0.5,-0.451634,0.395121,977,20,
4,764,Overall,Overall,35,6,41,-2.0,-2.046135,0.6887,898,34,
4,765,Overall,Overall,35,29,41,2.0,2.112669,0.372623,1106,19,
4,766,Overall,Overall,35,14,41,0.0,-0.017372,0.359451,999,18,
4,767,Overall,Overall,35,5,41,-2.5,-2.373684,0.714104,881,36,
4,768,Overall,Overall,35,24,41,1.5,1.718028,0.347223,1086,17,
4,769,Overall,Overall,35,8,41,-1.5,-1.412668,0.528872,929,26,
4,770,Overall,Overall,35,14,41,0.5,0.464896,0.356961,1023,18,
4,771,Overall,Overall,35,15,41,0.5,0.503483,0.343344,1025,17,
4,772,Overall,Overall,35,10,41,-1.0,-0.289188,0.421792,986,21,
4,773,Overall,Overall,35,9,41,-1.0,-0.794346,0.46186,960,23,
4,774,Overall,Overall,35,26,41,2.0,1.72078,0.350196,1086,18,
4,775,Overall,Overall,35,17,41,0.0,0.563551,0.349757,1028,17,
4,776,Overall,Overall,35,8,41,-2.0,-0.966842,0.461368,952,23,
4,777,Overall,Overall,35,14,41,-1.0,-0.144766,0.392365,993,20,
4,778,Overall,Overall,35,30,41,3.0,2.93952,0.412697,1147,21,
4,779,Overall,Overall,35,10,41,0.0,-0.634655,0.454266,968,23,
4,780,Overall,Overall,35,6,41,-1.0,-1.08419,0.560145,946,28,
4,781,Overall,Overall,35,5,41,-2.5,-1.796784,0.588945,910,29,
4,782,Overall,Overall,35,3,41,-1.5,-2.601358,0.776917,870,39,
4,783,Overall,Overall,35,3,41,-3.0,-3.222165,0.980423,839,49,
4,784,Overall,Overall,35,33,41,3.0,3.88787,0.507947,1194,25,
4,785,Overall,Overall,35,23,41,2.0,1.525424,0.354656,1076,18,
4,786,Overall,Overall,35,27,41,3.0,2.914224,0.423575,1146,21,
4,787,Overall,Overall,35,2,41,-3.0,-2.916091,0.873092,854,44,
4,788,Overall,Overall,35,14,41,0.5,-0.159962,0.415001,992,21,
4,789,Overall,Overall,35,26,41,3.0,2.484947,0.366212,1124,18,
4,790,Overall,Overall,35,20,41,0.5,0.83881,0.349376,1042,17,
4,791,Overall,Overall,35,33,41,3.0,3.314337,0.461507,1166,23,
4,792,Overall,Overall,35,18,41,1.0,0.972619,0.334054,1049,17,
4,793,Overall,Overall,35,8,41,-2.0,-1.403228,0.552111,930,28,
4,794,Overall,Overall,35,26,41,2.5,2.548422,0.38272,1127,19,
4,795,Overall,Overall,35,33,41,3.0,3.262302,0.466395,1163,23,
4,796,Overall,Overall,35,22,41,1.5,1.157527,0.345305,1058,17,
4,797,Overall,Overall,35,21,41,1.5,1.53036,0.352145,1077,18,
4,798,Overall,Overall,35,30,41,2.5,2.913214,0.399877,1146,20,
4,799,Overall,Overall,35,27,41,2.5,2.11556,0.367834,1106,18,
4,800,Overall,Overall,35,20,41,1.0,1.161448,0.34412,1058,17,
4,801,Overall,Overall,35,21,41,1.5,1.533911,0.362901,1077,18,
4,802,Overall,Overall,35,3,41,-3.0,-3.120333,0.903521,844,45,
4,803,Overall,Overall,35,5,41,-3.0,-2.080185,0.648785,896,32,
4,804,Overall,Overall,35,7,41,-1.5,-1.765786,0.58159,912,29,
4,805,Overall,Overall,35,0,41,-2.5,-5.0,1.764269,750,88,
4,806,Overall,Overall,35,10,41,-1.0,-0.48153,0.412294,976,21,
4,807,Overall,Overall,35,8,41,-1.0,-0.882807,0.479872,956,24,
4,808,Overall,Overall,35,25,41,3.0,2.267636,0.362973,1113,18,
4,809,Overall,Overall,35,5,41,-2.0,-1.929895,0.63591,904,32,
4,810,Overall,Overall,35,22,41,2.0,1.440665,0.33263,1072,17,
4,811,Overall,Overall,35,28,41,2.5,2.216791,0.393742,1111,20,
4,812,Overall,Overall,35,11,41,-1.5,-0.658946,0.427082,967,21,
4,813,Overall,Overall,35,4,41,-3.0,-2.723252,0.798139,864,40,
4,814,Overall,Overall,35,9,41,-0.5,-0.707489,0.431266,965,22,
4,815,Overall,Overall,35,33,41,3.0,3.502048,0.45396,1175,23,
4,816,Overall,Overall,35,27,41,2.0,1.934739,0.345764,1097,17,
4,817,Overall,Overall,35,6,41,-1.5,-1.857045,0.628305,907,31,
4,818,Overall,Overall,35,3,41,-2.0,-3.398,1.048817,830,52,
4,819,Overall,Overall,35,28,41,2.0,1.86475,0.338648,1093,17,
4,820,Overall,Overall,35,23,41,2.0,1.962467,0.350932,1098,18,
4,821,Overall,Overall,35,5,41,-1.5,-1.641623,0.54727,918,27,
4,822,Overall,Overall,35,5,41,-2.0,-2.185646,0.723714,891,36,
4,823,Overall,Overall,35,11,41,-0.5,-0.404425,0.427285,980,21,
4,824,Overall,Overall,35,24,41,2.5,1.983589,0.342917,1099,17,
4,825,Overall,Overall,35,26,41,1.5,1.681858,0.326732,1084,16,
4,826,Overall,Overall,35,9,41,-0.5,-0.608769,0.422106,970,21,
4,827,Overall,Overall,35,5,41,-2.0,-1.797353,0.613231,910,31,
4,828,Overall,Overall,35,28,41,2.5,2.305596,0.392266,1115,20,
4,829,Overall,Overall,35,7,41,-2.5,-1.828142,0.5897,909,29,
4,830,Overall,Overall,35,25,41,2.0,2.055207,0.343717,1103,17,
4,831,Overall,Overall,35,5,41,-2.0,-1.458839,0.58246,927,29,
4,832,Overall,Overall,35,21,41,1.0,1.06869,0.367762,1053,18,
4,833,Overall,Overall,35,7,41,-1.0,-1.023882,0.494532,949,25,
4,834,Overall,Overall,35,8,41,-1.0,-0.763175,0.435704,962,22,
4,835,Overall,Overall,35,22,41,2.5,2.024762,0.342472,1101,17,
4,836,Overall,Overall,35,5,41,-2.0,-1.981486,0.699827,901,35,
4,837,Overall,Overall,35,2,41,-3.0,-3.257121,0.975546,837,49,
4,838,Overall,Overall,35,22,41,1.5,1.257828,0.374525,1063,19,
4,839,Overall,Overall,35,19,41,1.0,1.181589,0.325168,1059,16,
4,840,Overall,Overall,35,16,41,0.5,0.778811,0.351138,1039,18,
4,841,Overall,Overall,35,15,41,0.0,0.237557,0.347614,1012,17,
4,842,Overall,Overall,35,6,41,-2.5,-1.643401,0.612575,918,31,
4,843,Overall,Overall,35,15,41,0.5,0.159675,0.399703,1008,20,
4,844,Overall,Overall,35,24,41,2.0,1.935268,0.333604,1097,17,
4,845,Overall,Overall,35,24,41,2.5,2.009264,0.358736,1100,18,
4,846,Overall,Overall,35,2,41,-3.0,-3.782929,1.067864,811,53,
4,847,Overall,Overall,35,9,41,-1.0,-1.053539,0.476568,947,24,
4,848,Overall,Overall,35,14,41,0.5,0.41661,0.366874,1021,18,
4,849,Overall,Overall,35,22,41,1.0,1.108003,0.335824,1055,17,
4,850,Overall,Overall,35,16,41,0.0,0.109033,0.368505,1005,18,
4,851,Overall,Overall,35,6,41,-0.5,-1.205069,0.501441,940,25,
4,852,Overall,Overall,35,15,41,0.5,0.32627,0.374803,1016,19,
4,853,Overall,Overall,35,7,41,-2.0,-1.232025,0.545794,938,27,
4,854,Overall,Overall,35,14,41,0.0,0.406435,0.325785,1020,16,
4,855,Overall,Overall,35,3,41,-2.5,-3.052385,0.915016,847,46,
4,856,Overall,Overall,35,16,41,0.0,0.598592,0.359264,1030,18,
4,857,Overall,Overall,35,10,41,-1.0,-0.386747,0.418108,981,21,
4,858,Overall,Overall,35,23,41,2.0,1.595107,0.346821,1080,17,
4,859,Overall,Overall,35,23,41,1.0,1.061074,0.325586,1053,16,
4,860,Overall,Overall,35,18,41,0.5,0.630707,0.341523,1032,17,
4,861,Overall,Overall,35,19,41,1.0,1.067148,0.343392,1053,17,
4,862,Overall,Overall,35,14,41,0.5,-0.05445,0.391844,997,20,
4,863,Overall,Overall,35,20,41,1.0,0.979532,0.377449,1049,19,
4,864,Overall,Overall,35,9,41,0.0,-0.7922,0.446804,960,22,
4,865,Overall,Overall,35,12,41,0.0,0.146351,0.350533,1007,18,
4,866,Overall,Overall,35,5,41,-1.5,-2.019729,0.644071,899,32,
4,867,Overall,Overall,35,23,41,1.5,2.005329,0.36602,1100,18,
4,868,Overall,Overall,35,6,41,-1.5,-1.473909,0.583078,926,29,
4,869,Overall,Overall,35,19,41,0.5,0.727585,0.318254,1036,16,
4,870,Overall,Overall,35,5,41,-1.5,-2.174341,0.66729,891,33,
4,871,Overall,Overall,35,7,41,-1.0,-0.570059,0.431394,971,22,
4,872,Overall,Overall,35,1,41,-2.5,-4.817264,1.627784,759,81,
4,873,Overall,Overall,35,21,41,2.5,1.797526,0.354958,1090,18,
4,874,Overall,Overall,35,7,41,-1.5,-1.297841,0.521408,935,26,
4,875,Overall,Overall,35,10,41,-0.5,-0.641557,0.434991,968,22,
4,876,Overall,Overall,35,30,41,2.5,2.703708,0.408057,1135,20,
4,877,Overall,Overall,35,21,41,1.0,0.974102,0.322295,1049,16,
4,878,Overall,Overall,35,13,41,0.0,0.129417,0.407987,1006,20,
4,879,Overall,Overall,35,8,41,-1.0,-0.835111,0.442643,958,22,
4,880,Overall,Overall,35,4,41,-2.5,-2.74045,0.797413,863,40,
4,881,Overall,Overall,35,28,41,2.0,2.270636,0.356578,1114,18,
4,882,Overall,Overall,35,27,41,2.0,1.811749,0.355158,1091,18,
4,883,Overall,Overall,35,30,41,2.5,2.888614,0.411043,1144,21,
4,884,Overall,Overall,35,5,41,-2.0,-2.058232,0.612048,897,31,
4,885,Overall,Overall,35,19,41,1.5,1.031613,0.307734,1052,15,
4,886,Overall,Overall,35,24,41,1.5,1.540965,0.364258,1077,18,
4,887,Overall,Overall,35,16,41,0.0,0.481939,0.345978,1024,17,
4,888,Overall,Overall,35,12,41,0.0,-0.415736,0.397734,979,20,
4,889,Overall,Overall,35,18,41,1.0,0.756359,0.32094,1038,16,
4,890,Overall,Overall,35,29,41,2.5,2.642118,0.377899,1132,19,
4,891,Overall,Overall,35,20,41,1.5,1.546803,0.361541,1077,18,
4,892,Overall,Overall,35,17,41,0.5,0.353831,0.327751,1018,16,
4,893,Overall,Overall,35,6,41,-2.0,-1.988031,0.655892,901,33,
4,894,Overall,Overall,35,27,41,2.5,2.405079,0.37543,1120,19,
4,895,Overall,Overall,35,27,41,2.0,1.846532,0.359531,1092,18,
4,896,Overall,Overall,35,3,41,-2.0,-2.909897,0.871843,855,44,
4,897,Overall,Overall,35,4,41,-2.0,-2.506605,0.754469,875,38,
4,898,Overall,Overall,35,22,41,1.0,1.240638,0.309174,1062,15,
4,899,Overall,Overall,35,5,41,-1.0,-1.077761,0.535609,946,27,
4,900,Overall,Overall,35,29,41,3.0,2.778997,0.389283,1139,19,
4,901,Overall,Overall,35,3,41,-3.0,-2.937986,0.832294,853,42,
4,902,Overall,Overall,35,12,41,0.5,-0.104395,0.342866,995,17,
4,903,Overall,Overall,35,28,41,2.5,2.813026,0.388933,1141,19,
4,904,Overall,Overall,35,7,41,-1.0,-1.429663,0.58309,929,29,
4,905,Overall,Overall,35,10,41,0.0,-0.587721,0.443255,971,22,
4,906,Overall,Overall,35,31,41,3.0,2.932207,0.40361,1147,20,
4,907,Overall,Overall,35,28,41,2.0,2.378541,0.367019,1119,18,
4,908,Overall,Overall,35,5,41,-2.5,-2.413747,0.709535,879,35,
4,909,Overall,Overall,35,18,41,1.0,0.725327,0.346458,1036,17,
4,910,Overall,Overall,35,6,41,-2.5,-1.849845,0.645355,908,32,
4,911,Overall,Overall,35,8,41,-1.5,-0.789863,0.500391,961,25,
4,912,Overall,Overall,35,31,41,3.0,3.588748,0.517762,1179,26,
4,913,Overall,Overall,35,3,41,-2.5,-2.667983,0.798781,867,40,
4,914,Overall,Overall,35,18,41,0.0,0.459202,0.343787,1023,17,
4,915,Overall,Overall,35,18,41,1.0,1.182016,0.365281,1059,18,
4,916,Overall,Overall,35,20,41,1.0,0.924159,0.344625,1046,17,
4,917,Overall,Overall,35,3,41,-3.0,-3.268414,0.927837,837,46,
4,918,Overall,Overall,35,27,41,1.5,1.928592,0.355801,1096,18,
4,919,Overall,Overall,35,7,41,-2.0,-1.037381,0.467285,948,23,
4,920,Overall,Overall,35,31,41,3.0,3.196559,0.465378,1160,23,
4,921,Overall,Overall,35,4,41,-2.0,-2.275044,0.711631,886,36,
4,922,Overall,Overall,35,31,41,3.0,3.548949,0.519876,1177,26,
4,923,Overall,Overall,35,33,41,3.0,3.337548,0.45321,1167,23,
4,924,Overall,Overall,35,27,41,2.0,1.954917,0.361491,1098,18,
4,925,Overall,Overall,35,13,41,-0.5,-0.04982,0.371821,998,19,
4,926,Overall,Overall,35,4,41,-2.5,-2.711397,0.853334,864,43,
4,927,Overall,Overall,35,9,41,-1.0,-1.040727,0.456479,948,23,
4,928,Overall,Overall,35,9,41,-1.5,-0.682757,0.449276,966,22,
4,929,Overall,Overall,35,8,41,-1.0,-0.883824,0.495887,956,25,
4,930,Overall,Overall,35,18,41,1.0,0.905708,0.357481,1045,18,
4,931,Overall,Overall,35,5,41,-1.0,-2.049594,0.665602,898,33,
4,932,Overall,Overall,35,16,41,0.0,0.225813,0.345005,1011,17,
4,933,Overall,Overall,35,31,41,3.0,3.920444,0.539929,1196,27,
4,934,Overall,Overall,35,15,41,0.0,0.23917,0.359748,1012,18,
4,935,Overall,Overall,35,9,41,0.0,-0.380616,0.421179,981,21,
4,936,Overall,Overall,35,3,41,-2.0,-2.496376,0.795326,875,40,
4,937,Overall,Overall,35,3,41,-2.5,-2.740674,0.864068,863,43,
4,938,Overall,Overall,35,13,41,0.0,-0.095045,0.371904,995,19,
4,939,Overall,Overall,35,2,41,-2.5,-3.318348,0.935613,834,47,
4,940,Overall,Overall,35,26,41,2.5,2.074749,0.345496,1104,17,
4,941,Overall,Overall,35,7,41,-2.0,-1.459106,0.539185,927,27,
4,942,Overall,Overall,35,27,41,2.5,2.699061,0.390341,1135,20,
4,943,Overall,Overall,35,8,41,-2.0,-1.259602,0.538306,937,27,
4,944,Overall,Overall,35,6,41,-1.5,-1.573033,0.59636,921,30,
4,945,Overall,Overall,35,12,41,0.0,-0.265218,0.357281,987,18,
4,946,Overall,Overall,35,8,41,-2.0,-1.279526,0.557044,936,28,
4,947,Overall,Overall,35,18,41,1.0,0.664406,0.350694,1033,18,
4,948,Overall,Overall,35,13,41,1.0,0.277111,0.40076,1014,20,
4,949,Overall,Overall,35,15,41,0.5,0.571834,0.352523,1029,18,
4,950,Overall,Overall,35,17,41,1.0,0.903318,0.325969,1045,16,
4,951,Overall,Overall,35,10,41,-1.0,-0.656703,0.44261,967,22,
4,952,Overall,Overall,35,26,41,1.0,1.427358,0.333839,1071,17,
4,953,Overall,Overall,35,4,41,-3.0,-2.076172,0.681955,896,34,
4,954,Overall,Overall,35,21,41,1.5,1.636861,0.344563,1082,17,
4,955,Overall,Overall,35,5,41,-2.0,-2.385527,0.71038,881,36,
4,956,Overall,Overall,35,13,41,0.5,0.07191,0.371252,1004,19,
4,957,Overall,Overall,35,8,41,-1.0,-0.969849,0.467175,952,23,
4,958,Overall,Overall,35,25,41,2.0,2.009455,0.395099,1100,20,
4,959,Overall,Overall,35,22,41,2.0,1.704797,0.354076,1085,18,
4,960,Overall,Overall,35,18,41,0.5,0.716535,0.317839,1036,16,
4,961,Overall,Overall,35,10,41,-0.5,-0.532646,0.43487,973,22,
4,962,Overall,Overall,35,7,41,-1.0,-1.3182,0.546415,934,27,
4,963,Overall,Overall,35,6,41,-3.0,-1.969477,0.656701,902,33,
4,964,Overall,Overall,35,26,41,2.0,2.140026,0.347516,1107,17,
4,965,Overall,Overall,35,6,41,-1.5,-1.870135,0.57821,906,29,
4,966,Overall,Overall,35,28,41,1.5,1.783355,0.324622,1089,16,
4,967,Overall,Overall,35,27,41,2.5,2.632959,0.39106,1132,20,
4,968,Overall,Overall,35,27,41,2.0,2.467768,0.37279,1123,19,
4,969,Overall,Overall,35,13,41,0.0,-0.146098,0.394344,993,20,
4,970,Overall,Overall,35,14,41,0.0,0.431992,0.32719,1022,16,
4,971,Overall,Overall,35,10,41,-0.5,-0.654423,0.442912,967,22,
4,972,Overall,Overall,35,22,41,2.0,1.801015,0.339269,1090,17,
4,973,Overall,Overall,35,5,41,-2.5,-2.11314,0.714692,894,36,
4,974,Overall,Overall,35,11,41,-1.0,-0.477995,0.406706,976,20,
4,975,Overall,Overall,35,26,41,1.5,1.55717,0.347433,1078,17,
4,976,Overall,Overall,35,14,41,-0.5,-0.119885,0.374686,994,19,
4,977,Overall,Overall,35,27,41,2.0,1.754055,0.342692,1088,17,
4,978,Overall,Overall,35,7,41,-2.0,-1.629678,0.579911,919,29,
4,979,Overall,Overall,35,32,41,2.5,3.005737,0.421078,1150,21,
4,980,Overall,Overall,35,8,41,-1.5,-0.850396,0.43722,957,22,
4,981,Overall,Overall,35,16,41,-0.5,0.293114,0.356671,1015,18,
4,982,Overall,Overall,35,24,41,2.0,1.974163,0.347524,1099,17,
4,983,Overall,Overall,35,8,41,-1.5,-0.987923,0.475174,951,24,
4,984,Overall,Overall,35,16,41,0.0,0.216222,0.35398,1011,18,
4,985,Overall,Overall,35,2,41,-2.5,-3.389635,0.994053,831,50,
4,986,Overall,Overall,35,30,41,3.0,3.455802,0.45636,1173,23,
4,987,Overall,Overall,35,20,41,1.5,0.8268,0.344496,1041,17,
4,988,Overall,Overall,35,6,41,-2.0,-1.979738,0.658315,901,33,
4,989,Overall,Overall,35,3,41,-3.0,-2.781936,0.822012,861,41,
4,990,Overall,Overall,35,23,41,1.0,0.977235,0.311149,1049,16,
4,991,Overall,Overall,35,5,41,-1.5,-2.238989,0.692037,888,35,
4,992,Overall,Overall,35,10,41,0.0,-0.306297,0.39611,985,20,
4,993,Overall,Overall,35,23,41,1.5,1.469819,0.337933,1073,17,
4,994,Overall,Overall,35,4,41,-2.5,-1.798792,0.610848,910,31,
4,995,Overall,Overall,35,4,41,-3.0,-2.473997,0.711022,876,36,
4,996,Overall,Overall,35,32,41,2.5,3.383671,0.449829,1169,22,
4,997,Overall,Overall,35,8,41,-0.5,-1.168931,0.513944,942,26,
4,998,Overall,Overall,35,27,41,3.0,2.469759,0.378856,1123,19,
4,999,Overall,Overall,35,31,41,3.0,3.946861,0.53039,1197,27,
4,1000,Overall,Overall,35,31,41,3.0,3.78812,0.533451,1189,27,
4,1001,Overall,Overall,35,6,41,-1.5,-1.475807,0.562648,926,28,
4,1002,Overall,Overall,35,0,41,-2.5,-5.0,1.762303,750,88,
4,1003,Overall,Overall,35,7,41,-1.5,-1.82471,0.627503,909,31,
4,1004,Overall,Overall,35,9,41,0.0,-0.73396,0.437129,963,22,
4,1005,Overall,Overall,35,11,41,-0.5,-0.519643,0.407577,974,20,
4,1006,Overall,Overall,35,7,41,-1.0,-1.037084,0.47742,948,24,
4,1007,Overall,Overall,35,13,41,0.0,-0.001593,0.400387,1000,20,
4,1008,Overall,Overall,35,9,41,-0.5,-0.622405,0.44538,969,22,
4,1009,Overall,Overall,35,18,41,0.5,0.684957,0.335703,1034,17,
4,1010,Overall,Overall,35,33,41,3.0,4.066313,0.512956,1203,26,
4,1011,Overall,Overall,35,12,41,0.0,-0.222288,0.355875,989,18,
4,1012,Overall,Overall,35,23,41,1.5,1.608972,0.352444,1080,18,
4,1013,Overall,Overall,35,17,41,1.5,0.817634,0.354328,1041,18,
4,1014,Overall,Overall,35,4,41,-1.5,-2.352159,0.711379,882,36,
4,1015,Overall,Overall,35,5,41,-0.5,-1.394835,0.545732,930,27,
4,1016,Overall,Overall,35,11,41,-1.0,-0.83596,0.493835,958,25,
4,1017,Overall,Overall,35,14,41,0.5,0.187017,0.359734,1009,18,
4,1018,Overall,Overall,35,21,41,1.5,1.36913,0.348332,1068,17,
4,1019,Overall,Overall,35,24,41,2.0,2.079307,0.35397,1104,18,
4,1020,Overall,Overall,35,11,41,-0.5,-0.723547,0.436338,964,22,
4,1021,Overall,Overall,35,14,41,0.0,0.463662,0.374899,1023,19,
4,1022,Overall,Overall,35,8,41,-1.5,-1.178207,0.53493,941,27,
4,1023,Overall,Overall,35,4,41,-2.5,-2.11919,0.702522,894,35,
4,1024,Overall,Overall,35,15,41,0.5,0.284433,0.342616,1014,17,
4,1025,Overall,Overall,35,17,41,0.0,0.460063,0.349198,1023,17,
4,1026,Overall,Overall,35,6,41,-1.5,-2.067258,0.676931,897,34,
4,1027,Overall,Overall,35,22,41,1.5,1.374433,0.330671,1069,17,
4,1028,Overall,Overall,35,6,41,-1.5,-1.756971,0.62333,912,31,
4,1029,Overall,Overall,35,19,41,1.0,0.479083,0.378694,1024,19,
4,1030,Overall,Overall,35,7,41,-1.0,-1.714846,0.601023,914,30,
4,1031,Overall,Overall,35,23,41,1.5,1.467166,0.3501,1073,18,
4,1032,Overall,Overall,35,15,41,0.0,0.607294,0.379701,1030,19,
4,1033,Overall,Overall,35,28,41,2.5,2.679684,0.376572,1134,19,
4,1034,Overall,Overall,35,25,41,3.0,2.344366,0.399425,1117,20,
4,1035,Overall,Overall,35,15,41,1.0,0.565865,0.350257,1028,18,
4,1036,Overall,Overall,35,19,41,0.5,0.877564,0.324827,1044,16,
4,1037,Overall,Overall,35,7,41,-1.5,-1.442538,0.548591,928,27,
4,1038,Overall,Overall,35,3,41,-2.0,-3.343597,1.029219,833,51,
4,1039,Overall,Overall,35,23,41,2.5,2.195999,0.342294,1110,17,
4,1040,Overall,Overall,35,28,41,3.0,3.352363,0.496703,1168,25,
4,1041,Overall,Overall,35,25,41,3.0,2.492383,0.409098,1125,20,
4,1042,Overall,Overall,35,26,41,2.0,2.665793,0.38001,1133,19,
4,1043,Overall,Overall,35,35,41,3.0,3.351746,0.463373,1168,23,
4,1044,Overall,Overall,35,27,41,2.0,2.30246,0.377665,1115,19,
4,1045,Overall,Overall,35,7,41,-2.0,-1.502466,0.530084,925,27,
4,1046,Overall,Overall,35,17,41,1.0,0.646328,0.348556,1032,17,
4,1047,Overall,Overall,35,18,41,0.5,0.762,0.335125,1038,17,
4,1048,Overall,Overall,35,15,41,0.0,0.126633,0.353819,1006,18,
4,1049,Overall,Overall,35,4,41,-3.0,-2.248711,0.68501,888,34,
4,1050,Overall,Overall,35,24,41,1.0,1.332577,0.344601,1067,17,
4,1051,Overall,Overall,35,14,41,-0.5,0.009824,0.36855,1000,18,
4,1052,Overall,Overall,35,4,41,-2.5,-2.439602,0.765218,878,38,
4,1053,Overall,Overall,35,4,41,-1.5,-2.567161,0.787666,872,39,
4,1054,Overall,Overall,35,3,41,-3.0,-2.915266,0.836917,854,42,
4,1055,Overall,Overall,35,20,41,0.5,0.61769,0.345089,1031,17,
4,1056,Overall,Overall,35,18,41,1.5,1.19207,0.361283,1060,18,
4,1057,Overall,Overall,35,9,41,-1.5,-1.270079,0.523802,936,26,
4,1058,Overall,Overall,35,9,41,0.0,-0.27923,0.363553,986,18,
4,1059,Overall,Overall,35,6,41,-2.0,-1.684609,0.597153,916,30,
4,1060,Overall,Overall,35,8,41,-1.0,-1.103746,0.49811,945,25,
4,1061,Overall,Overall,35,5,41,-2.0,-2.194918,0.702525,890,35,
4,1062,Overall,Overall,35,9,41,-1.0,-0.463242,0.410281,977,21,
4,1063,Overall,Overall,35,24,41,2.0,1.354186,0.358185,1068,18,
4,1064,Overall,Overall,35,16,41,0.5,0.604686,0.336061,1030,17,
4,1065,Overall,Overall,35,6,41,-1.0,-2.184949,0.695536,891,35,
4,1066,Overall,Overall,35,4,41,-2.5,-2.614395,0.823277,869,41,
4,1067,Overall,Overall,35,1,41,-2.5,-4.161504,1.301491,792,65,
4,1068,Overall,Overall,35,5,41,-2.0,-1.716277,0.589454,914,29,
4,1069,Overall,Overall,35,11,41,-0.5,0.010794,0.376165,1001,19,
4,1070,Overall,Overall,35,8,41,-1.5,-1.48347,0.549523,926,27,
4,1071,Overall,Overall,35,5,41,-2.0,-1.793225,0.646422,910,32,
4,1072,Overall,Overall,35,32,41,2.5,2.826026,0.396573,1141,20,
4,1073,Overall,Overall,35,3,41,-3.0,-3.350753,0.941516,832,47,
4,1074,Overall,Overall,35,30,41,3.0,3.55693,0.48698,1178,24,
4,1075,Overall,Overall,35,14,41,0.5,0.238749,0.346466,1012,17,
4,1076,Overall,Overall,35,23,41,1.5,1.563373,0.365783,1078,18,
4,1077,Overall,Overall,35,29,41,2.5,1.945277,0.398099,1097,20,
4,1078,Overall,Overall,35,8,41,-1.0,-0.644305,0.417033,968,21,
4,1079,Overall,Overall,35,31,41,3.0,3.426037,0.481301,1171,24,
4,1080,Overall,Overall,35,7,41,-1.5,-1.245544,0.53326,938,27,
4,1081,Overall,Overall,35,3,41,-1.5,-2.81804,0.820268,859,41,
4,1082,Overall,Overall,35,25,41,2.5,2.408366,0.363991,1120,18,
4,1083,Overall,Overall,35,30,41,2.0,2.354935,0.374222,1118,19,
4,1084,Overall,Overall,35,4,41,-3.0,-2.380364,0.685514,881,34,
4,1085,Overall,Overall,35,12,41,0.0,-0.152139,0.365626,992,18,
4,1086,Overall,Overall,35,10,41,-1.5,-1.095891,0.510025,945,26,
4,1087,Overall,Overall,35,5,41,-2.0,-2.104879,0.690829,895,35,
4,1088,Overall,Overall,35,10,41,0.5,-0.518253,0.422725,974,21,
4,1089,Overall,Overall,35,8,41,-1.0,-1.127601,0.507476,944,25,
4,1090,Overall,Overall,35,10,41,-1.0,-0.582149,0.433655,971,22,
4,1091,Overall,Overall,35,11,41,0.0,-0.460134,0.407191,977,20,
4,1092,Overall,Overall,35,17,41,1.0,0.50652,0.357413,1025,18,
4,1093,Overall,Overall,35,30,41,3.0,2.596396,0.379769,1130,19,
4,1094,Overall,Overall,35,30,41,2.0,2.592349,0.373768,1130,19,
4,1095,Overall,Overall,35,6,41,-1.5,-1.704904,0.566317,915,28,
4,1096,Overall,Overall,35,15,41,0.5,0.446687,0.371256,1022,19,
4,1097,Overall,Overall,35,30,41,2.5,2.746233,0.39842,1137,20,
4,1098,Overall,Overall,35,28,41,2.0,2.315828,0.369388,1116,18,
4,1099,Overall,Overall,35,21,41,1.0,1.131358,0.351647,1057,18,
4,1100,Overall,Overall,35,10,41,-0.5,-0.625482,0.426004,969,21,
4,1101,Overall,Overall,35,24,41,1.5,1.517543,0.335681,1076,17,
4,1102,Overall,Overall,35,16,41,0.0,0.293453,0.365013,1015,18,
4,1103,Overall,Overall,35,4,41,-3.0,-2.49234,0.738924,875,37,
4,1104,Overall,Overall,35,30,41,2.0,2.579903,0.375888,1129,19,
4,1105,Overall,Overall,35,12,41,0.5,0.272256,0.361206,1014,18,
4,1106,Overall,Overall,35,26,41,2.0,1.747758,0.345879,1087,17,
4,1107,Overall,Overall,35,11,41,-1.0,-0.840197,0.443905,958,22,
4,1108,Overall,Overall,35,19,41,1.0,1.243053,0.338779,1062,17,
4,1109,Overall,Overall,35,22,41,2.5,1.855442,0.346666,1093,17,
4,1110,Overall,Overall,35,25,41,1.5,1.660245,0.375644,1083,19,
4,1111,Overall,Overall,35,25,41,2.0,2.221975,0.362396,1111,18,
4,1112,Overall,Overall,35,12,41,0.5,-0.018682,0.370504,999,19,
4,1113,Overall,Overall,35,3,41,-2.5,-2.846388,0.832337,858,42,
4,1114,Overall,Overall,35,17,41,0.0,0.403709,0.376461,1020,19,
4,1115,Overall,Overall,35,31,41,3.0,3.585708,0.491045,1179,25,
4,1116,Overall,Overall,35,9,41,0.0,-0.548977,0.441775,973,22,
4,1117,Overall,Overall,35,2,41,-3.0,-3.553223,1.049808,822,52,
4,1118,Overall,Overall,35,13,41,0.0,0.394162,0.371033,1020,19,
4,1119,Overall,Overall,35,20,41,2.0,1.319533,0.350801,1066,18,
4,1120,Overall,Overall,35,3,41,-2.5,-3.0185,0.865427,849,43,
4,1121,Overall,Overall,35,18,41,0.5,0.600603,0.349886,1030,17,
4,1122,Overall,Overall,35,24,41,2.0,2.209849,0.375284,1110,19,
4,1123,Overall,Overall,35,24,41,1.5,1.442148,0.321869,1072,16,
4,1124,Overall,Overall,35,10,41,-0.5,-1.041249,0.490313,948,25,
4,1125,Overall,Overall,35,4,41,-3.0,-2.804722,0.855849,860,43,
4,1126,Overall,Overall,35,15,41,-0.5,0.102201,0.390022,1005,20,
4,1127,Overall,Overall,35,31,41,3.0,2.986036,0.403785,1149,20,
4,1128,Overall,Overall,35,9,41,-1.0,-0.84346,0.425335,958,21,
4,1129,Overall,Overall,35,23,41,1.5,1.230248,0.345579,1062,17,
4,1130,Overall,Overall,35,3,41,-3.0,-2.878574,0.836826,856,42,
4,1131,Overall,Overall,35,24,41,3.0,2.246349,0.363694,1112,18,
4,1132,Overall,Overall,35,27,41,2.5,2.606908,0.363198,1130,18,
4,1133,Overall,Overall,35,4,41,-3.0,-2.340782,0.704799,883,35,
4,1134,Overall,Overall,35,3,41,-3.0,-2.998078,0.876067,850,44,
4,1135,Overall,Overall,35,19,41,0.5,0.720416,0.324037,1036,16,
4,1136,Overall,Overall,35,9,41,-1.5,-0.987058,0.488641,951,24,
4,1137,Overall,Overall,35,6,41,-1.0,-1.014164,0.514645,949,26,
4,1138,Overall,Overall,35,6,41,-2.0,-1.249418,0.534294,938,27,
4,1139,Overall,Overall,35,7,41,-1.5,-1.310347,0.500709,934,25,
4,1140,Overall,Overall,35,31,41,3.0,3.008844,0.424157,1150,21,
4,1141,Overall,Overall,35,24,41,2.5,2.287382,0.369741,1114,18,
4,1142,Overall,Overall,35,9,41,-1.0,-0.961625,0.469478,952,23,
4,1143,Overall,Overall,35,7,41,-1.0,-1.205733,0.480627,940,24,
4,1144,Overall,Overall,35,3,41,-2.0,-3.044302,0.921798,848,46,
4,1145,Overall,Overall,35,6,41,-0.5,-0.738471,0.473468,963,24,
4,1146,Overall,Overall,35,11,41,0.5,-0.25851,0.402596,987,20,
4,1147,Overall,Overall,35,26,41,2.0,2.121539,0.353103,1106,18,
4,1148,Overall,Overall,35,6,41,-2.0,-1.889061,0.5898,906,29,
4,1149,Overall,Overall,35,18,41,1.0,0.863137,0.335108,1043,17,
4,1150,Overall,Overall,35,4,41,-2.5,-2.034677,0.708805,898,35,
4,1151,Overall,Overall,35,2,41,-3.0,-4.060042,1.271476,797,64,
4,1152,Overall,Overall,35,9,41,-0.5,-1.146469,0.50609,943,25,
4,1153,Overall,Overall,35,19,41,1.0,0.848667,0.316875,1042,16,
4,1154,Overall,Overall,35,21,41,1.5,1.89585,0.380618,1095,19,
4,1155,Overall,Overall,35,12,41,0.5,-0.110361,0.388699,994,19,
4,1156,Overall,Overall,35,5,41,-2.5,-1.746939,0.611966,913,31,
4,1157,Overall,Overall,35,31,41,3.0,3.863636,0.519243,1193,26,
4,1158,Overall,Overall,35,30,41,2.5,2.885516,0.385659,1144,19,
4,1159,Overall,Overall,35,17,41,0.0,0.35934,0.37327,1018,19,
4,1160,Overall,Overall,35,10,41,-1.0,-0.635439,0.425393,968,21,
4,1161,Overall,Overall,35,32,41,3.0,3.047924,0.420266,1152,21,
4,1162,Overall,Overall,35,4,41,-2.0,-2.550721,0.773579,872,39,
4,1163,Overall,Overall,35,25,41,1.0,1.470629,0.355794,1074,18,
4,1164,Overall,Overall,35,34,41,3.0,4.228526,0.553863,1211,28,
4,1165,Overall,Overall,35,4,41,-2.0,-2.737837,0.779863,863,39,
4,1166,Overall,Overall,35,17,41,0.5,0.934966,0.333889,1047,17,
4,1167,Overall,Overall,35,29,41,2.5,2.500437,0.374483,1125,19,
4,1168,Overall,Overall,35,30,41,3.0,3.437293,0.473884,1172,24,
4,1169,Overall,Overall,35,8,41,-0.5,0.146645,0.375693,1007,19,
4,1170,Overall,Overall,35,19,41,1.0,1.396512,0.332145,1070,17,
4,1171,Overall,Overall,35,10,41,-0.5,-0.550219,0.401371,972,20,
4,1172,Overall,Overall,35,4,41,-3.0,-2.371924,0.714931,881,36,
4,1173,Overall,Overall,35,22,41,1.5,1.514644,0.327973,1076,16,
4,1174,Overall,Overall,35,23,41,1.5,1.747692,0.384501,1087,19,
4,1175,Overall,Overall,35,21,41,1.0,0.922574,0.34365,1046,17,
4,1176,Overall,Overall,35,14,41,0.0,0.141482,0.357853,1007,18,
4,1177,Overall,Overall,35,13,41,0.0,-0.105196,0.399632,995,20,
4,1178,Overall,Overall,35,7,41,-1.5,-1.173031,0.481428,941,24,
4,1179,Overall,Overall,35,30,41,2.5,3.630934,0.516302,1182,26,
4,1180,Overall,Overall,35,5,41,-2.5,-1.382927,0.577344,931,29,
4,1181,Overall,Overall,35,4,41,-3.0,-2.053652,0.629258,897,31,
4,1182,Overall,Overall,35,31,41,2.5,2.43642,0.367804,1122,18,
4,1183,Overall,Overall,35,9,41,-1.0,-0.810903,0.464698,959,23,
4,1184,Overall,Overall,35,15,41,0.0,0.403264,0.376955,1020,19,
4,1185,Overall,Overall,35,27,41,1.5,1.690939,0.380173,1085,19,
4,1186,Overall,Overall,35,3,41,-3.0,-2.910263,0.840117,854,42,
4,1187,Overall,Overall,35,1,41,-2.5,-5.0,1.744955,750,87,
4,1188,Overall,Overall,35,5,41,-2.5,-2.485136,0.797187,876,40,
4,1189,Overall,Overall,35,23,41,1.5,1.690601,0.34744,1085,17,
4,1190,Overall,Overall,35,5,41,-2.0,-2.207643,0.687939,890,34,
4,1191,Overall,Overall,35,11,41,-0.5,-0.348822,0.402985,983,20,
4,1192,Overall,Overall,35,6,41,-1.5,-1.704452,0.558393,915,28,
4,1193,Overall,Overall,35,5,41,-3.0,-2.33738,0.700627,883,35,
4,1194,Overall,Overall,35,25,41,2.0,1.899748,0.37731,1095,19,
4,1195,Overall,Overall,35,6,41,-1.5,-1.299067,0.524255,935,26,
4,1196,Overall,Overall,35,8,41,-1.5,-1.340193,0.525053,933,26,
4,1197,Overall,Overall,35,23,41,1.5,1.973518,0.345037,1099,17,
4,1198,Overall,Overall,35,3,41,-2.0,-2.6637,0.824221,867,41,
4,1199,Overall,Overall,35,24,41,2.0,1.842269,0.347624,1092,17,
4,1200,Overall,Overall,35,16,41,0.0,0.199111,0.408139,1010,20,
4,1201,Overall,Overall,35,14,41,0.0,0.032908,0.339889,1002,17,
4,1202,Overall,Overall,35,15,41,0.5,0.308051,0.331758,1015,17,
4,1203,Overall,Overall,35,18,41,0.5,0.940699,0.35319,1047,18,
4,1204,Overall,Overall,35,9,41,0.0,-0.712394,0.497615,964,25,
4,1205,Overall,Overall,35,3,41,-2.5,-3.354857,0.98729,832,49,
4,1206,Overall,Overall,35,29,41,2.0,2.37211,0.351553,1119,18,
4,1207,Overall,Overall,35,29,41,2.5,2.546879,0.372262,1127,19,
4,1208,Overall,Overall,35,23,41,1.5,1.232784,0.347822,1062,17,
4,1209,Overall,Overall,35,25,41,1.5,1.399022,0.329083,1070,16,
4,1210,Overall,Overall,35,16,41,0.5,-0.027242,0.357281,999,18,
4,1211,Overall,Overall,35,12,41,-1.0,-0.324857,0.406536,984,20,
4,1212,Overall,Overall,35,29,41,2.0,2.644102,0.376961,1132,19,
4,1213,Overall,Overall,35,14,41,0.0,-0.001862,0.403628,1000,20,
4,1214,Overall,Overall,35,6,41,-0.5,-1.411729,0.525487,929,26,
4,1215,Overall,Overall,35,24,41,1.0,1.329281,0.347629,1066,17,
4,1216,Overall,Overall,35,5,41,-2.5,-2.080934,0.645103,896,32,
4,1217,Overall,Overall,35,5,41,-2.0,-2.463557,0.793705,877,40,
4,1218,Overall,Overall,35,11,41,0.0,-0.238146,0.405174,988,20,
4,1219,Overall,Overall,35,7,41,-2.5,-1.713805,0.579383,914,29,
4,1220,Overall,Overall,35,23,41,2.0,1.288451,0.320051,1064,16,
4,1221,Overall,Overall,35,25,41,1.5,2.055426,0.348174,1103,17,
4,1222,Overall,Overall,35,14,41,1.0,0.385679,0.357922,1019,18,
4,1223,Overall,Overall,35,26,41,1.5,1.960148,0.344595,1098,17,
4,1224,Overall,Overall,35,12,41,-0.5,-0.500204,0.396517,975,20,
4,1225,Overall,Overall,35,4,41,-1.5,-2.654586,0.814551,867,41,
4,1226,Overall,Overall,35,21,41,1.0,1.081175,0.361237,1054,18,
4,1227,Overall,Overall,35,30,41,2.5,3.21611,0.446807,1161,22,
4,1228,Overall,Overall,35,23,41,1.5,1.721681,0.333864,1086,17,
4,1229,Overall,Overall,35,8,41,-1.0,-0.91992,0.482595,954,24,
4,1230,Overall,Overall,35,13,41,-0.5,-0.120464,0.384666,994,19,
4,1231,Overall,Overall,35,10,41,-0.5,-0.550983,0.444131,972,22,
4,1232,Overall,Overall,35,8,41,-2.5,-1.137654,0.490915,943,25,
4,1233,Overall,Overall,35,2,41,-2.5,-3.481656,1.064003,826,53,
4,1234,Overall,Overall,35,16,41,0.5,0.290809,0.357217,1015,18,
4,1235,Overall,Overall,35,9,41,-1.5,-1.023873,0.503314,949,25,
4,1236,Overall,Overall,35,3,41,-2.0,-3.044502,0.913462,848,46,
4,1237,Overall,Overall,35,27,41,1.5,1.955067,0.344286,1098,17,
4,1238,Overall,Overall,35,32,41,2.5,3.115458,0.458119,1156,23,
4,1239,Overall,Overall,35,22,41,1.0,1.151353,0.327524,1058,16,
4,1240,Overall,Overall,35,7,41,-2.0,-1.300608,0.492544,935,25,
4,1241,Overall,Overall,35,8,41,-0.5,-1.21307,0.556831,939,28,
4,1242,Overall,Overall,35,7,41,-1.0,-0.57623,0.4926,971,25,
4,1243,Overall,Overall,35,15,41,0.5,0.472307,0.361019,1024,18,
4,1244,Overall,Overall,35,33,41,2.5,4.089599,0.553493,1204,28,
4,1245,Overall,Overall,35,25,41,2.5,1.75586,0.347942,1088,17,
4,1246,Overall,Overall,35,6,41,-3.0,-1.963592,0.624687,902,31,
4,1247,Overall,Overall,35,26,41,2.5,2.009577,0.367796,1100,18,
4,1248,Overall,Overall,35,5,41,-2.5,-1.74144,0.569254,913,28,
4,1249,Overall,Overall,35,8,41,-1.5,-1.264732,0.523333,937,26,
4,1250,Overall,Overall,35,30,41,3.0,3.026994,0.396317,1151,20,
4,1251,Overall,Overall,35,15,41,0.5,0.454157,0.358752,1023,18,
4,1252,Overall,Overall,35,7,41,-2.5,-1.337791,0.527917,933,26,
4,1253,Overall,Overall,35,9,41,0.0,-0.526754,0.419909,974,21,
4,1254,Overall,Overall,35,11,41,0.5,0.102318,0.36128,1005,18,
4,1255,Overall,Overall,35,30,41,2.5,2.839259,0.403731,1142,20,
4,1256,Overall,Overall,35,30,41,3.0,3.640229,0.510709,1182,26,
4,1257,Overall,Overall,35,15,41,0.5,0.432178,0.347325,1022,17,
4,1258,Overall,Overall,35,19,41,0.5,0.545316,0.330282,1027,17,
4,1259,Overall,Overall,35,3,41,-3.0,-3.569215,1.02076,822,51,
4,1260,Overall,Overall,35,4,41,-2.0,-2.237064,0.725495,888,36,
4,1261,Overall,Overall,35,20,41,1.0,1.006463,0.34193,1050,17,
4,1262,Overall,Overall,35,30,41,2.5,2.774839,0.383454,1139,19,
4,1263,Overall,Overall,35,5,41,-2.5,-2.069422,0.650786,897,33,
4,1264,Overall,Overall,35,24,41,2.5,2.113868,0.354404,1106,18,
4,1265,Overall,Overall,35,5,41,-1.0,-2.21903,0.714027,889,36,
4,1266,Overall,Overall,35,9,41,-1.0,-0.965215,0.484288,952,24,
4,1267,Overall,Overall,35,28,41,2.0,2.261866,0.365933,1113,18,
4,1268,Overall,Overall,35,20,41,1.0,1.355848,0.331425,1068,17,
4,1269,Overall,Overall,35,30,41,3.0,3.542418,0.483894,1177,24,
4,1270,Overall,Overall,35,24,41,2.0,1.757624,0.35965,1088,18,
4,1271,Overall,Overall,35,2,41,-3.0,-3.903169,1.1747,805,59,
4,1272,Overall,Overall,35,9,41,-1.0,-0.581314,0.419989,971,21,
4,1273,Overall,Overall,35,6,41,-1.5,-1.562433,0.586172,922,29,
4,1274,Overall,Overall,35,11,41,-1.0,-0.355124,0.412936,982,21,
4,1275,Overall,Overall,35,20,41,1.0,0.727244,0.34441,1036,17,
4,1276,Overall,Overall,35,11,41,-0.5,-0.756187,0.460955,962,23,
4,1277,Overall,Overall,35,19,41,1.5,0.946269,0.337528,1047,17,
4,1278,Overall,Overall,35,23,41,1.0,1.123791,0.345308,1056,17,
4,1279,Overall,Overall,35,21,41,1.0,1.094131,0.343819,1055,17,
4,1280,Overall,Overall,35,19,41,1.5,1.704317,0.348739,1085,17,
4,1281,Overall,Overall,35,18,41,0.5,0.612955,0.327847,1031,16,
4,1282,Overall,Overall,35,31,41,3.0,3.166771,0.451434,1158,23,
4,1283,Overall,Overall,35,4,41,-2.5,-2.64193,0.771915,868,39,
4,1284,Overall,Overall,35,5,41,-1.0,-1.901292,0.61967,905,31,
4,1285,Overall,Overall,35,32,41,3.0,3.001622,0.405867,1150,20,
4,1286,Overall,Overall,35,1,41,-2.5,-4.461344,1.381144,777,69,
4,1287,Overall,Overall,35,27,41,2.5,2.191959,0.348418,1110,17,
4,1288,Overall,Overall,35,30,41,3.0,3.68675,0.505871,1184,25,
4,1289,Overall,Overall,35,28,41,1.5,1.955967,0.374611,1098,19,
4,1290,Overall,Overall,35,24,41,2.0,1.22296,0.372384,1061,19,
4,1291,Overall,Overall,35,25,41,1.0,1.486208,0.319284,1074,16,
4,1292,Overall,Overall,35,4,41,-2.5,-2.182299,0.68091,891,34,
4,1293,Overall,Overall,35,10,41,-0.5,-0.579551,0.443083,971,22,
4,1294,Overall,Overall,35,9,41,-1.0,-0.625451,0.463158,969,23,
4,1295,Overall,Overall,35,26,41,2.0,2.161511,0.35313,1108,18,
4,1296,Overall,Overall,35,5,41,-2.0,-1.75779,0.570629,912,29,
4,1297,Overall,Overall,35,9,41,-1.0,-1.172765,0.527121,941,26,
4,1298,Overall,Overall,35,13,41,0.5,0.479314,0.325743,1024,16,
4,1299,Overall,Overall,35,21,41,1.5,1.71774,0.349365,1086,17,
4,1300,Overall,Overall,35,7,41,-1.0,-1.522113,0.566069,924,28,
