thread,student,domain_name,domain_value,item_count,raw_score,max_points,true_theta,theta,se,scale_score,scale_score_se,performance_level
1,1,Overall,Overall,35,17,41,1.0,0.492714,0.223969,1025,11,
1,2,Overall,Overall,35,5,41,-1.5,-1.296273,0.274592,935,14,
1,3,Overall,Overall,35,15,41,0.0,0.225365,0.295957,1011,15,
1,4,Overall,Overall,35,29,41,2.0,2.133266,0.351309,1107,18,
1,5,Overall,Overall,35,23,41,1.5,1.273332,0.210284,1064,11,
1,6,Overall,Overall,35,22,41,1.5,1.351594,0.354455,1068,18,
1,7,Overall,Overall,35,8,41,-1.0,-0.543781,0.312957,973,16,
1,8,Overall,Overall,35,8,41,-1.0,-1.782325,0.090889,911,5,
1,9,Overall,Overall,35,13,41,0.0,-0.946442,0.114993,953,6,
1,10,Overall,Overall,35,20,41,1.0,1.11209,0.187614,1056,9,
1,11,Overall,Overall,35,23,41,1.5,1.17343,0.345871,1059,17,
1,12,Overall,Overall,35,10,41,-0.5,-0.247414,0.40632,988,20,
1,13,Overall,Overall,35,9,41,-1.5,-2.125417,0.06275,894,3,
1,14,Overall,Overall,35,18,41,1.0,1.592184,0.127309,1080,6,
1,15,Overall,Overall,35,10,41,-1.0,-0.828452,0.578847,959,29,
1,16,Overall,Overall,35,4,41,-1.5,-1.7292,0.275639,914,14,
1,17,Overall,Overall,35,26,41,1.0,0.654122,0.075375,1033,4,
1,18,Overall,Overall,35,11,41,-0.5,-0.629282,0.195158,969,10,
1,19,Overall,Overall,35,11,41,-1.5,-0.801276,0.645182,960,32,
1,20,Overall,Overall,35,8,41,-1.0,-1.101746,0.663504,945,33,
1,21,Overall,Overall,35,10,41,-0.5,-0.411808,0.552359,979,28,
1,22,Overall,Overall,35,24,41,1.5,0.982324,0.321167,1049,16,
1,23,Overall,Overall,35,4,41,-2.0,-1.857606,0.693409,907,35,
1,24,Overall,Overall,35,28,41,2.0,1.871499,0.358467,1094,18,
1,25,Overall,Overall,35,19,41,1.0,0.637592,0.370601,1032,19,
1,26,Overall,Overall,35,9,41,-1.0,-0.668947,0.328346,967,16,
1,27,Overall,Overall,35,16,41,0.0,-0.082113,0.93417,996,47,
1,28,Overall,Overall,35,16,41,0.5,0.233198,0.724464,1012,36,
1,29,Overall,Overall,35,30,41,1.5,2.501078,0.257828,1125,13,
1,30,Overall,Overall,35,15,41,0.5,-0.082579,0.4474,996,22,
1,31,Overall,Overall,35,19,41,1.0,0.953052,0.483107,1048,24,
1,32,Overall,Overall,35,10,41,-0.5,0.080025,0.440205,1004,22,
1,33,Overall,Overall,35,20,41,1.0,0.650033,0.080912,1033,4,
1,34,Overall,Overall,35,15,41,0.5,0.578839,0.194836,1029,10,
1,35,Overall,Overall,35,15,41,0.0,0.630537,0.371465,1032,19,
1,36,Overall,Overall,35,11,41,-1.0,-0.867875,0.508648,957,25,
1,37,Overall,Overall,35,5,41,-2.0,-2.940757,0.74415,853,37,
1,38,Overall,Overall,35,12,41,0.0,-0.357581,0.254208,982,13,
1,39,Overall,Overall,35,5,41,-1.5,-2.018052,0.059121,899,3,
1,40,Overall,Overall,35,8,41,-1.0,-0.456871,0.57489,977,29,
1,41,Overall,Overall,35,17,41,0.5,0.81226,0.246807,1041,12,
1,42,Overall,Overall,35,6,41,-1.5,-4.498541,0.952925,775,48,
1,43,Overall,Overall,35,6,41,-2.0,-1.716892,0.875096,914,44,
1,44,Overall,Overall,35,16,41,1.0,0.793067,0.443864,1040,22,
1,45,Overall,Overall,35,28,41,2.0,2.533102,0.301348,1127,15,
1,46,Overall,Overall,35,28,41,2.0,2.195224,0.422944,1110,21,
1,47,Overall,Overall,35,1,41,-2.0,-2.937768,0.426426,853,21,
1,48,Overall,Overall,35,14,41,0.0,-0.549971,0.597602,973,30,
1,49,Overall,Overall,35,8,41,-1.5,-2.42289,0.762505,879,38,
1,50,Overall,Overall,35,6,41,-1.0,-0.799703,0.548171,960,27,
1,51,Overall,Overall,35,21,41,1.0,1.239234,0.226206,1062,11,
1,52,Overall,Overall,35,17,41,0.0,0.363279,0.232331,1018,12,
1,53,Overall,Overall,35,9,41,-1.0,-1.4922,0.53257,925,27,
1,54,Overall,Overall,35,8,41,-1.0,-0.359372,0.32078,982,16,
1,55,Overall,Overall,35,5,41,-1.5,-1.9499,0.982207,903,49,
1,56,Overall,Overall,35,5,41,-1.5,-1.316106,0.430346,934,22,
1,57,Overall,Overall,35,10,41,-0.5,-1.586182,0.697101,921,35,
1,58,Overall,Overall,35,25,41,2.0,2.466334,0.221352,1123,11,
1,59,Overall,Overall,35,14,41,0.5,-0.165682,0.50869,992,25,
1,60,Overall,Overall,35,19,41,1.0,1.100775,0.241109,1055,12,
1,61,Overall,Overall,35,6,41,-1.5,-2.040373,0.302092,898,15,
1,62,Overall,Overall,35,6,41,-2.0,-1.727444,0.883068,914,44,
1,63,Overall,Overall,35,16,41,1.0,-0.042687,0.377954,998,19,
1,64,Overall,Overall,35,8,41,-1.0,-1.70918,1.030492,915,52,
1,65,Overall,Overall,35,5,41,-1.0,-1.004411,0.459773,950,23,
1,66,Overall,Overall,35,22,41,1.0,1.271227,0.139024,1064,7,
1,67,Overall,Overall,35,24,41,1.5,1.198988,0.411437,1060,21,
1,68,Overall,Overall,35,19,41,1.0,0.399839,0.337016,1020,17,
1,69,Overall,Overall,35,22,41,1.5,1.110122,0.358033,1056,18,
1,70,Overall,Overall,35,14,41,0.0,0.292555,0.585258,1015,29,
1,71,Overall,Overall,35,19,41,0.5,0.367447,0.341632,1018,17,
1,72,Overall,Overall,35,6,41,-2.0,-1.923947,0.657554,904,33,
1,73,Overall,Overall,35,4,41,-2.0,-2.09001,0.090121,895,5,
1,74,Overall,Overall,35,10,41,-1.0,0.060316,0.203776,1003,10,
1,75,Overall,Overall,35,11,41,0.0,0.060366,0.5268,1003,26,
1,76,Overall,Overall,35,10,41,0.0,0.589607,0.249368,1029,12,
1,77,Overall,Overall,35,8,41,-1.0,-0.793567,0.601745,960,30,
1,78,Overall,Overall,35,23,41,0.5,0.365368,0.194918,1018,10,
1,79,Overall,Overall,35,23,41,2.0,2.004905,0.251752,1100,13,
1,80,Overall,Overall,35,18,41,0.5,0.868777,0.254041,1043,13,
1,81,Overall,Overall,35,26,41,2.0,1.795119,0.436247,1090,22,
1,82,Overall,Overall,35,13,41,0.0,0.281477,0.301023,1014,15,
1,83,Overall,Overall,35,14,41,-0.5,-0.298201,0.291031,985,15,
1,84,Overall,Overall,35,7,41,-1.5,-2.991697,1.003741,850,50,
1,85,Overall,Overall,35,11,41,0.0,0.27244,0.44046,1014,22,
1,86,Overall,Overall,35,4,41,-2.0,-2.804011,0.637435,860,32,
1,87,Overall,Overall,35,7,41,-0.5,-1.05981,0.282313,947,14,
1,88,Overall,Overall,35,4,41,-2.0,-3.360486,1.198584,832,60,
1,89,Overall,Overall,35,27,41,2.0,2.099172,0.529971,1105,26,
1,90,Overall,Overall,35,25,41,1.5,1.560131,0.663187,1078,33,
1,91,Overall,Overall,35,20,41,1.0,0.538374,0.26281,1027,13,
1,92,Overall,Overall,35,7,41,-1.0,-0.431312,0.591301,978,30,
1,93,Overall,Overall,35,6,41,-1.0,-1.480148,0.51051,926,26,
1,94,Overall,Overall,35,14,41,-0.5,-0.223051,0.442432,989,22,
1,95,Overall,Overall,35,14,41,-0.5,-0.161767,0.363445,992,18,
1,96,Overall,Overall,35,27,41,1.5,0.72648,0.095825,1036,5,
1,97,Overall,Overall,35,14,41,0.0,0.402897,0.25732,1020,13,
1,98,Overall,Overall,35,3,41,-2.0,-1.234531,0.652018,938,33,
1,99,Overall,Overall,35,22,41,1.0,0.622707,0.459342,1031,23,
1,100,Overall,Overall,35,15,41,0.0,0.148527,0.616109,1007,31,
1,101,Overall,Overall,35,17,41,1.0,1.404384,0.173343,1070,9,
1,102,Overall,Overall,35,24,41,2.0,2.484804,0.311198,1124,16,
1,103,Overall,Overall,35,11,41,-0.5,-1.322699,0.802836,934,40,
1,104,Overall,Overall,35,10,41,-1.0,-0.558277,0.049676,972,2,
1,105,Overall,Overall,35,9,41,-1.0,-0.621175,0.53385,969,27,
1,106,Overall,Overall,35,17,41,0.5,0.130574,0.549487,1007,27,
1,107,Overall,Overall,35,12,41,0.5,0.287187,0.626063,1014,31,
1,108,Overall,Overall,35,12,41,0.0,0.407382,0.907199,1020,45,
1,109,Overall,Overall,35,22,41,1.5,1.333527,0.329164,1067,16,
1,110,Overall,Overall,35,13,41,-0.5,-0.806836,0.251909,960,13,
1,111,Overall,Overall,35,27,41,1.5,1.339406,0.419182,1067,21,
1,112,Overall,Overall,35,5,41,-2.0,-0.993813,0.815798,950,41,
1,113,Overall,Overall,35,8,41,-1.5,-0.829972,0.186255,959,9,
1,114,Overall,Overall,35,11,41,-0.5,-0.01603,0.845329,999,42,
1,115,Overall,Overall,35,17,41,0.0,-0.407335,0.08065,980,4,
1,116,Overall,Overall,35,8,41,-1.0,-1.437266,0.677058,928,34,
1,117,Overall,Overall,35,10,41,-1.0,-1.099695,0.448202,945,22,
1,118,Overall,Overall,35,9,41,-0.5,-1.48707,0.896765,926,45,
1,119,Overall,Overall,35,5,41,-1.0,-2.273527,0.87618,886,44,
1,120,Overall,Overall,35,5,41,-1.5,-2.867012,0.597369,857,30,
1,121,Overall,Overall,35,11,41,-0.5,-1.664255,0.431098,917,22,
1,122,Overall,Overall,35,21,41,1.0,1.222373,0.123826,1061,6,
1,123,Overall,Overall,35,25,41,1.0,1.317503,0.513313,1066,26,
1,124,Overall,Overall,35,6,41,-1.0,-0.443054,0.233472,978,12,
1,125,Overall,Overall,35,6,41,-2.0,-1.499226,0.431181,925,22,
1,126,Overall,Overall,35,16,41,0.5,0.740496,0.34221,1037,17,
1,127,Overall,Overall,35,5,41,-1.5,-3.163621,1.30396,842,65,
1,128,Overall,Overall,35,22,41,1.5,1.45276,0.115562,1073,6,
1,129,Overall,Overall,35,27,41,2.0,1.923197,0.341839,1096,17,
1,130,Overall,Overall,35,14,41,0.0,-0.108372,0.259582,995,13,
1,131,Overall,Overall,35,24,41,2.0,1.345562,0.333996,1067,17,
1,132,Overall,Overall,35,10,41,-1.0,0.018547,0.529876,1001,26,
1,133,Overall,Overall,35,7,41,-1.5,-0.982689,0.06039,951,3,
1,134,Overall,Overall,35,10,41,0.0,-0.232004,0.438894,988,22,
1,135,Overall,Overall,35,16,41,0.5,0.291005,0.187052,1015,9,
1,136,Overall,Overall,35,7,41,-1.5,0.151973,0.19232,1008,10,
1,137,Overall,Overall,35,4,41,-2.0,-1.734142,0.365042,913,18,
1,138,Overall,Overall,35,9,41,-1.0,-1.235318,0.154242,938,8,
1,139,Overall,Overall,35,20,41,1.5,0.992195,0.341703,1050,17,
1,140,Overall,Overall,35,14,41,0.0,-0.107586,0.214282,995,11,
1,141,Overall,Overall,35,4,41,-2.0,-0.998667,0.782451,950,39,
1,142,Overall,Overall,35,10,41,-0.5,-0.836938,0.859942,958,43,
1,143,Overall,Overall,35,3,41,-2.0,-1.39455,0.24818,930,12,
1,144,Overall,Overall,35,21,41,1.0,0.501639,0.108949,1025,5,
1,145,Overall,Overall,35,22,41,1.5,1.133042,0.358726,1057,18,
1,146,Overall,Overall,35,15,41,0.0,-0.708192,0.201586,965,10,
1,147,Overall,Overall,35,3,41,-2.0,-1.477244,0.191876,926,10,
1,148,Overall,Overall,35,22,41,1.0,0.749404,0.123296,1037,6,
1,149,Overall,Overall,35,19,41,0.5,0.335336,0.51647,1017,26,
1,150,Overall,Overall,35,6,41,-2.0,-2.66554,0.427658,867,21,
1,151,Overall,Overall,35,17,41,0.5,0.271304,0.171832,1014,9,
1,152,Overall,Overall,35,23,41,1.5,0.83695,0.215722,1042,11,
1,153,Overall,Overall,35,24,41,2.0,1.865651,0.225669,1093,11,
1,154,Overall,Overall,35,29,41,2.0,2.535855,0.417831,1127,21,
1,155,Overall,Overall,35,30,41,2.0,3.201014,0.681945,1160,34,
1,156,Overall,Overall,35,17,41,0.5,-0.34507,0.415071,983,21,
1,157,Overall,Overall,35,5,41,-1.0,-1.32094,0.624394,934,31,
1,158,Overall,Overall,35,17,41,1.5,2.217506,0.139298,1111,7,
1,159,Overall,Overall,35,25,41,1.5,1.256154,0.481184,1063,24,
1,160,Overall,Overall,35,5,41,-1.5,-1.199789,1.138748,940,57,
1,161,Overall,Overall,35,16,41,0.0,0.228269,0.183069,1011,9,
1,162,Overall,Overall,35,8,41,-0.5,-0.940817,0.360851,953,18,
1,163,Overall,Overall,35,13,41,0.0,0.514245,0.148902,1026,7,
1,164,Overall,Overall,35,8,41,-1.5,-1.414429,0.407266,929,20,
1,165,Overall,Overall,35,7,41,0.0,-0.192502,0.180905,990,9,
1,166,Overall,Overall,35,12,41,0.0,-0.038159,0.148521,998,7,
1,167,Overall,Overall,35,6,41,-1.0,-2.174934,0.349159,891,17,
1,168,Overall,Overall,35,5,41,-2.0,-2.262324,0.612496,887,31,
1,169,Overall,Overall,35,13,41,-0.5,-0.424459,0.284918,979,14,
1,170,Overall,Overall,35,27,41,2.0,2.071297,0.130868,1104,7,
1,171,Overall,Overall,35,20,41,1.0,1.387688,0.220371,1069,11,
1,172,Overall,Overall,35,14,41,0.5,-0.030985,0.617607,998,31,
1,173,Overall,Overall,35,17,41,0.5,0.813904,0.190306,1041,10,
1,174,Overall,Overall,35,10,41,-1.0,-1.120586,0.18913,944,9,
1,175,Overall,Overall,35,25,41,2.0,1.573068,0.408342,1079,20,
1,176,Overall,Overall,35,3,41,-2.0,-4.295755,1.184917,785,59,
1,177,Overall,Overall,35,6,41,-1.5,-1.530545,0.378342,923,19,
1,178,Overall,Overall,35,24,41,1.0,1.067807,0.235846,1053,12,
1,179,Overall,Overall,35,8,41,-1.0,-1.061185,0.170155,947,9,
1,180,Overall,Overall,35,25,41,1.5,2.012417,0.502482,1101,25,
1,181,Overall,Overall,35,28,41,2.0,1.364349,0.399297,1068,20,
1,182,Overall,Overall,35,22,41,1.5,1.685467,0.345386,1084,17,
1,183,Overall,Overall,35,6,41,-2.0,-2.294879,0.605801,885,30,
1,184,Overall,Overall,35,21,41,1.0,0.871844,0.301432,1044,15,
1,185,Overall,Overall,35,24,41,1.5,1.774098,0.546797,1089,27,
1,186,Overall,Overall,35,9,41,-1.0,-1.286828,0.412004,936,21,
1,187,Overall,Overall,35,10,41,-1.0,-0.269982,0.622546,987,31,
1,188,Overall,Overall,35,7,41,-0.5,-0.761937,0.758916,962,38,
1,189,Overall,Overall,35,28,41,1.5,1.797502,0.424364,1090,21,
1,190,Overall,Overall,35,5,41,-2.0,-1.625359,0.615678,919,31,
1,191,Overall,Overall,35,3,41,-2.0,-2.163066,0.159112,892,8,
1,192,Overall,Overall,35,5,41,-2.0,-1.076222,0.774626,946,39,
1,193,Overall,Overall,35,24,41,2.0,1.501497,0.48165,1075,24,
1,194,Overall,Overall,35,25,41,1.5,1.310489,0.267588,1066,13,
1,195,Overall,Overall,35,17,41,1.0,1.265936,0.119344,1063,6,
1,196,Overall,Overall,35,6,41,-1.5,-1.74804,0.921322,913,46,
1,197,Overall,Overall,35,20,41,1.0,0.833543,0.152706,1042,8,
1,198,Overall,Overall,35,13,41,0.0,-0.32756,0.286719,984,14,
1,199,Overall,Overall,35,13,41,-0.5,-0.006283,0.567443,1000,28,
1,200,Overall,Overall,35,15,41,0.5,0.62867,0.279036,1031,14,
1,201,Overall,Overall,35,13,41,-0.5,-0.398709,0.467884,980,23,
1,202,Overall,Overall,35,7,41,-1.5,-1.437758,0.486557,928,24,
1,203,Overall,Overall,35,11,41,-0.5,-0.759387,0.151516,962,8,
1,204,Overall,Overall,35,6,41,-1.5,-0.804023,0.278133,960,14,
1,205,Overall,Overall,35,12,41,-0.5,-0.210538,0.800591,989,40,
1,206,Overall,Overall,35,4,41,-2.0,-1.24733,0.293079,938,15,
1,207,Overall,Overall,35,14,41,-0.5,0.150837,0.379859,1008,19,
1,208,Overall,Overall,35,28,41,1.5,1.831647,0.569069,1092,28,
1,209,Overall,Overall,35,23,41,1.5,2.150962,0.319626,1108,16,
1,210,Overall,Overall,35,5,41,-2.0,-1.048823,0.481041,948,24,
1,211,Overall,Overall,35,8,41,-1.5,-0.424422,0.677827,979,34,
1,212,Overall,Overall,35,20,41,1.0,0.897636,0.175263,1045,9,
1,213,Overall,Overall,35,14,41,0.5,-0.095495,0.400853,995,20,
1,214,Overall,Overall,35,27,41,2.0,1.475149,0.400765,1074,20,
1,215,Overall,Overall,35,28,41,2.0,1.791721,0.193645,1090,10,
1,216,Overall,Overall,35,17,41,0.5,0.663933,0.322361,1033,16,
1,217,Overall,Overall,35,26,41,2.0,1.771559,0.617795,1089,31,
1,218,Overall,Overall,35,11,41,0.0,0.384907,0.418178,1019,21,
1,219,Overall,Overall,35,14,41,0.0,0.57786,0.095515,1029,5,
1,220,Overall,Overall,35,22,41,1.5,1.430477,0.332459,1072,17,
1,221,Overall,Overall,35,5,41,-1.5,-2.740688,0.88065,863,44,
1,222,Overall,Overall,35,26,41,2.0,1.358462,0.278957,1068,14,
1,223,Overall,Overall,35,26,41,1.5,1.999156,0.201319,1100,10,
1,224,Overall,Overall,35,14,41,-0.5,0.136883,0.173178,1007,9,
1,225,Overall,Overall,35,20,41,0.5,0.705863,0.439,1035,22,
1,226,Overall,Overall,35,14,41,-0.5,-0.264447,0.465273,987,23,
1,227,Overall,Overall,35,3,41,-2.0,-2.880107,0.350173,856,18,
1,228,Overall,Overall,35,26,41,2.0,2.576719,0.667221,1129,33,
1,229,Overall,Overall,35,10,41,-1.0,-1.179839,0.320991,941,16,
1,230,Overall,Overall,35,13,41,0.0,-0.267507,0.327464,987,16,
1,231,Overall,Overall,35,17,41,0.0,0.976066,0.251912,1049,13,
1,232,Overall,Overall,35,20,41,0.5,0.665305,0.382425,1033,19,
1,233,Overall,Overall,35,5,41,-1.5,-1.686415,0.760445,916,38,
1,234,Overall,Overall,35,5,41,-2.0,-1.694622,0.380209,915,19,
1,235,Overall,Overall,35,23,41,1.0,0.6862,0.193907,1034,10,
1,236,Overall,Overall,35,6,41,-1.0,-0.683559,0.521659,966,26,
1,237,Overall,Overall,35,17,41,0.5,0.291974,0.179778,1015,9,
1,238,Overall,Overall,35,7,41,-1.0,-1.896914,0.420964,905,21,
1,239,Overall,Overall,35,11,41,-0.5,-0.91146,0.709665,954,35,
1,240,Overall,Overall,35,14,41,0.5,0.105853,0.52185,1005,26,
1,241,Overall,Overall,35,12,41,0.0,0.184239,0.168111,1009,8,
1,242,Overall,Overall,35,7,41,-0.5,-0.628236,0.053344,969,3,
1,243,Overall,Overall,35,23,41,1.0,0.24649,0.168376,1012,8,
1,244,Overall,Overall,35,3,41,-2.0,-2.755519,0.456699,862,23,
1,245,Overall,Overall,35,18,41,1.0,0.528804,0.154995,1026,8,
1,246,Overall,Overall,35,21,41,1.0,0.913239,0.406941,1046,20,
1,247,Overall,Overall,35,18,41,0.5,0.996882,0.31652,1050,16,
1,248,Overall,Overall,35,16,41,1.0,0.266742,0.107961,1013,5,
1,249,Overall,Overall,35,19,41,1.0,0.818487,0.640176,1041,32,
1,250,Overall,Overall,35,24,41,2.0,1.850681,0.217283,1093,11,
1,251,Overall,Overall,35,7,41,-2.0,-1.490534,0.351792,925,18,
1,252,Overall,Overall,35,25,41,2.0,2.136721,0.62383,1107,31,
1,253,Overall,Overall,35,24,41,2.0,1.71853,0.131531,1086,7,
1,254,Overall,Overall,35,7,41,-1.5,-2.284997,1.284136,886,64,
1,255,Overall,Overall,35,7,41,-1.0,-1.215287,0.531305,939,27,
1,256,Overall,Overall,35,21,41,1.5,1.33774,0.118549,1067,6,
1,257,Overall,Overall,35,6,41,-1.0,-1.443821,0.84773,928,42,
1,258,Overall,Overall,35,7,41,0.0,-1.377179,0.267303,931,13,
1,259,Overall,Overall,35,25,41,1.5,1.483503,0.532953,1074,27,
1,260,Overall,Overall,35,15,41,0.0,0.754732,0.335988,1038,17,
1,261,Overall,Overall,35,14,41,0.5,0.199552,0.30961,1010,15,
1,262,Overall,Overall,35,7,41,-1.0,-1.010018,0.306176,949,15,
1,263,Overall,Overall,35,9,41,-1.5,-1.450666,0.665439,927,33,
1,264,Overall,Overall,35,10,41,0.0,-0.561121,0.429389,972,21,
1,265,Overall,Overall,35,8,41,-1.5,-2.108503,0.669119,895,33,
1,266,Overall,Overall,35,15,41,0.5,0.114192,0.251846,1006,13,
1,267,Overall,Overall,35,23,41,1.0,1.156935,0.243972,1058,12,
1,268,Overall,Overall,35,11,41,-0.5,0.26861,0.181069,1013,9,
1,269,Overall,Overall,35,18,41,1.0,-0.065149,0.493926,997,25,
1,270,Overall,Overall,35,10,41,-1.5,-0.670786,0.230424,966,12,
1,271,Overall,Overall,35,8,41,-1.0,-0.855134,0.160201,957,8,
1,272,Overall,Overall,35,20,41,1.0,0.387622,0.329984,1019,16,
1,273,Overall,Overall,35,12,41,-1.0,-0.755375,0.230836,962,12,
1,274,Overall,Overall,35,5,41,-2.0,-1.064736,0.486843,947,24,
1,275,Overall,Overall,35,22,41,1.5,1.350478,0.296854,1068,15,
1,276,Overall,Overall,35,26,41,2.0,2.123285,0.259401,1106,13,
1,277,Overall,Overall,35,4,41,-1.5,-1.569468,0.57144,922,29,
1,278,Overall,Overall,35,25,41,2.0,1.667096,0.420589,1083,21,
1,279,Overall,Overall,35,21,41,1.5,1.955231,0.320757,1098,16,
1,280,Overall,Overall,35,7,41,-2.0,-0.716111,0.883183,964,44,
1,281,Overall,Overall,35,16,41,1.0,0.443179,0.612159,1022,31,
1,282,Overall,Overall,35,14,41,0.5,0.299187,0.250266,1015,13,
1,283,Overall,Overall,35,22,41,0.0,0.919276,0.461663,1046,23,
1,284,Overall,Overall,35,11,41,-1.5,-0.686101,0.19955,966,10,
1,285,Overall,Overall,35,25,41,1.0,0.540645,0.210166,1027,11,
1,286,Overall,Overall,35,18,41,0.5,0.466019,0.322626,1023,16,
1,287,Overall,Overall,35,1,41,-2.0,-6.532216,1.286369,673,64,
1,288,Overall,Overall,35,14,41,0.0,0.640588,0.378806,1032,19,
1,289,Overall,Overall,35,17,41,1.0,1.546779,0.253744,1077,13,
1,290,Overall,Overall,35,17,41,0.5,0.379653,0.356801,1019,18,
1,291,Overall,Overall,35,13,41,0.0,-0.556093,0.701013,972,35,
1,292,Overall,Overall,35,22,41,1.0,1.297262,0.446956,1065,22,
1,293,Overall,Overall,35,28,41,2.0,2.104626,0.50574,1105,25,
1,294,Overall,Overall,35,16,41,0.5,0.705258,0.479915,1035,24,
1,295,Overall,Overall,35,6,41,-2.0,-1.864956,0.37734,907,19,
1,296,Overall,Overall,35,6,41,-2.0,-1.666711,0.21963,917,11,
1,297,Overall,Overall,35,4,41,-1.5,-1.95953,0.146682,902,7,
1,298,Overall,Overall,35,7,41,-1.0,-1.155585,0.295365,942,15,
1,299,Overall,Overall,35,11,41,0.0,-0.168053,0.378426,992,19,
1,300,Overall,Overall,35,5,41,-1.5,-1.79622,0.225336,910,11,
1,301,Overall,Overall,35,7,41,-1.5,-1.561783,0.0552,922,3,
1,302,Overall,Overall,35,5,41,-2.0,-1.706171,0.744329,915,37,
1,303,Overall,Overall,35,8,41,-1.5,-1.770547,0.741159,911,37,
1,304,Overall,Overall,35,5,41,-1.5,-1.03193,0.314305,948,16,
1,305,Overall,Overall,35,15,41,0.5,0.597287,0.219115,1030,11,
1,306,Overall,Overall,35,19,41,1.0,0.602102,0.364952,1030,18,
1,307,Overall,Overall,35,12,41,-0.5,-0.318424,0.580728,984,29,
1,308,Overall,Overall,35,14,41,-0.5,0.027117,0.43823,1001,22,
1,309,Overall,Overall,35,11,41,0.0,-0.314063,0.525796,984,26,
1,310,Overall,Overall,35,17,41,0.5,0.346005,0.644807,1017,32,
1,311,Overall,Overall,35,25,41,1.5,1.12637,0.301085,1056,15,
1,312,Overall,Overall,35,19,41,0.5,1.236984,0.260619,1062,13,
1,313,Overall,Overall,35,12,41,-0.5,0.294485,0.439045,1015,22,
1,314,Overall,Overall,35,19,41,0.5,1.295793,0.431111,1065,22,
1,315,Overall,Overall,35,4,41,-2.0,-1.915304,0.178032,904,9,
1,316,Overall,Overall,35,8,41,-1.5,-1.63897,0.206783,918,10,
1,317,Overall,Overall,35,8,41,-1.5,-1.883813,0.391654,906,20,
1,318,Overall,Overall,35,15,41,0.5,0.223228,0.108318,1011,5,
1,319,Overall,Overall,35,15,41,0.0,-0.186621,0.606471,991,30,
1,320,Overall,Overall,35,20,41,1.0,1.580094,0.199444,1079,10,
1,321,Overall,Overall,35,8,41,-1.0,-0.456317,0.455457,977,23,
1,322,Overall,Overall,35,9,41,-1.0,-0.970885,0.423281,951,21,
1,323,Overall,Overall,35,3,41,-1.5,-2.342525,0.283278,883,14,
1,324,Overall,Overall,35,6,41,-2.0,-1.481598,0.313561,926,16,
1,325,Overall,Overall,35,27,41,2.0,1.765463,0.189405,1088,9,
1,326,Overall,Overall,35,3,41,-1.5,-1.206777,0.21813,940,11,
1,327,Overall,Overall,35,23,41,2.0,2.32948,0.268866,1116,13,
1,328,Overall,Overall,35,8,41,-1.5,-2.140627,0.284006,893,14,
1,329,Overall,Overall,35,8,41,-1.0,-1.348755,0.276797,933,14,
1,330,Overall,Overall,35,21,41,1.5,0.436507,0.246987,1022,12,
1,331,Overall,Overall,35,21,41,1.5,1.147527,0.167099,1057,8,
1,332,Overall,Overall,35,10,41,-0.5,-0.211355,0.317161,989,16,
1,333,Overall,Overall,35,20,41,0.5,0.865772,0.360663,1043,18,
1,334,Overall,Overall,35,25,41,2.0,2.018217,0.319972,1101,16,
1,335,Overall,Overall,35,10,41,-0.5,-0.683315,0.502652,966,25,
1,336,Overall,Overall,35,13,41,0.0,0.46871,0.38782,1023,19,
1,337,Overall,Overall,35,28,41,2.0,2.96304,0.139846,1148,7,
1,338,Overall,Overall,35,21,41,1.0,1.003911,0.337207,1050,17,
1,339,Overall,Overall,35,17,41,0.5,0.584118,0.460688,1029,23,
1,340,Overall,Overall,35,16,41,0.5,0.275035,0.375509,1014,19,
1,341,Overall,Overall,35,7,41,-1.0,-1.799016,1.105271,910,55,
1,342,Overall,Overall,35,20,41,1.0,0.667882,0.347754,1033,17,
1,343,Overall,Overall,35,4,41,-2.0,-4.165184,0.738725,792,37,
1,344,Overall,Overall,35,8,41,-1.5,-1.687988,0.159407,916,8,
1,345,Overall,Overall,35,23,41,1.0,1.140673,0.153779,1057,8,
1,346,Overall,Overall,35,11,41,0.5,-0.057074,0.293588,997,15,
1,347,Overall,Overall,35,7,41,-2.0,-1.585364,0.327975,921,16,
1,348,Overall,Overall,35,9,41,-0.5,-0.495729,0.312918,975,16,
1,349,Overall,Overall,35,8,41,-1.0,-1.58593,0.904151,921,45,
1,350,Overall,Overall,35,27,41,2.0,1.285568,0.200808,1064,10,
1,351,Overall,Overall,35,29,41,2.0,1.589906,0.295369,1079,15,
1,352,Overall,Overall,35,23,41,0.5,1.264651,0.206091,1063,10,
1,353,Overall,Overall,35,13,41,0.0,0.455571,0.234076,1023,12,
1,354,Overall,Overall,35,4,41,-2.0,-2.135044,0.351878,893,18,
1,355,Overall,Overall,35,10,41,0.0,0.003866,0.297884,1000,15,
1,356,Overall,Overall,35,20,41,0.5,0.941287,0.181106,1047,9,
1,357,Overall,Overall,35,4,41,-2.0,-2.418101,0.636751,879,32,
1,358,Overall,Overall,35,24,41,1.5,1.005263,0.493354,1050,25,
1,359,Overall,Overall,35,27,41,2.0,1.013289,0.047568,1051,2,
1,360,Overall,Overall,35,3,41,-2.0,-3.418495,1.161149,829,58,
1,361,Overall,Overall,35,8,41,-1.5,-1.942951,0.770289,903,39,
1,362,Overall,Overall,35,10,41,-2.0,-0.862505,0.577524,957,29,
1,363,Overall,Overall,35,7,41,-1.5,-1.598063,0.253478,920,13,
1,364,Overall,Overall,35,12,41,-0.5,-0.98252,0.339754,951,17,
1,365,Overall,Overall,35,10,41,-0.5,0.031169,0.217148,1002,11,
1,366,Overall,Overall,35,7,41,-1.5,-0.244397,0.212135,988,11,
1,367,Overall,Overall,35,28,41,1.5,1.601056,0.138159,1080,7,
1,368,Overall,Overall,35,8,41,-0.5,-0.721151,0.528635,964,26,
1,369,Overall,Overall,35,6,41,-1.5,-1.320389,0.682336,934,34,
1,370,Overall,Overall,35,3,41,-2.0,-2.268427,0.443959,887,22,
1,371,Overall,Overall,35,16,41,0.5,-0.154032,0.424046,992,21,
1,372,Overall,Overall,35,19,41,1.0,0.946799,0.451542,1047,23,
1,373,Overall,Overall,35,21,41,1.5,1.516099,0.378119,1076,19,
1,374,Overall,Overall,35,13,41,-0.5,-0.457273,0.256335,977,13,
1,375,Overall,Overall,35,15,41,0.0,0.351841,0.095325,1018,5,
1,376,Overall,Overall,35,4,41,-1.5,-1.348348,0.761824,933,38,
1,377,Overall,Overall,35,10,41,-0.5,0.02134,0.492143,1001,25,
1,378,Overall,Overall,35,23,41,2.0,2.497544,0.30657,1125,15,
1,379,Overall,Overall,35,5,41,-2.0,-1.523191,0.202476,924,10,
1,380,Overall,Overall,35,6,41,-2.0,-2.647307,0.191629,868,10,
1,381,Overall,Overall,35,5,41,-1.5,-1.74206,0.200344,913,10,
1,382,Overall,Overall,35,7,41,-1.0,-1.393548,0.609352,930,30,
1,383,Overall,Overall,35,7,41,-1.5,-1.585059,0.939189,921,47,
1,384,Overall,Overall,35,21,41,1.0,1.052527,0.545958,1053,27,
1,385,Overall,Overall,35,7,41,-1.0,-1.238999,0.720309,938,36,
1,386,Overall,Overall,35,10,41,-1.5,-0.51183,0.207535,974,10,
1,387,Overall,Overall,35,21,41,0.5,0.785433,0.527172,1039,26,
1,388,Overall,Overall,35,18,41,1.5,2.146046,0.115438,1107,6,
1,389,Overall,Overall,35,9,41,0.0,0.135316,0.528338,1007,26,
1,390,Overall,Overall,35,12,41,0.0,-0.276281,0.243508,986,12,
1,391,Overall,Overall,35,3,41,-2.0,-2.90539,0.868863,855,43,
1,392,Overall,Overall,35,21,41,1.0,1.045395,0.320256,1052,16,
1,393,Overall,Overall,35,8,41,-1.0,-1.486715,0.43722,926,22,
1,394,Overall,Overall,35,10,41,-1.0,-0.962716,0.128294,952,6,
1,395,Overall,Overall,35,7,41,-0.5,-0.304612,0.246624,985,12,
1,396,Overall,Overall,35,29,41,2.0,2.212808,0.401579,1111,20,
1,397,Overall,Overall,35,23,41,1.0,1.501059,0.404096,1075,20,
1,398,Overall,Overall,35,24,41,1.5,1.304814,0.400636,1065,20,
1,399,Overall,Overall,35,27,41,2.0,2.358335,0.473709,1118,24,
1,400,Overall,Overall,35,8,41,-1.5,-1.546531,0.999077,923,50,
1,401,Overall,Overall,35,4,41,-2.0,-2.111403,0.447473,894,22,
1,402,Overall,Overall,35,28,41,2.0,1.121591,0.245004,1056,12,
1,403,Overall,Overall,35,8,41,-1.0,-0.733157,0.993651,963,50,
1,404,Overall,Overall,35,8,41,-2.0,-0.864557,0.373376,957,19,
1,405,Overall,Overall,35,26,41,1.5,1.602747,0.319526,1080,16,
1,406,Overall,Overall,35,26,41,1.5,2.656393,0.552704,1133,28,
1,407,Overall,Overall,35,10,41,-0.5,-0.900998,0.627535,955,31,
1,408,Overall,Overall,35,10,41,-0.5,-0.243515,0.616298,988,31,
1,409,Overall,Overall,35,29,41,2.0,1.902542,0.234405,1095,12,
1,410,Overall,Overall,35,11,41,0.0,-0.563171,0.916864,972,46,
1,411,Overall,Overall,35,25,41,1.5,1.373883,0.558215,1069,28,
1,412,Overall,Overall,35,7,41,-1.5,-1.079392,0.453798,946,23,
1,413,Overall,Overall,35,20,41,1.0,0.603239,0.428874,1030,21,
1,414,Overall,Overall,35,13,41,0.0,0.542948,0.283173,1027,14,
1,415,Overall,Overall,35,4,41,-2.0,-2.182229,0.710579,891,36,
1,416,Overall,Overall,35,7,41,-1.0,-1.523016,0.199617,924,10,
1,417,Overall,Overall,35,4,41,-2.0,-2.471718,0.765022,876,38,
1,418,Overall,Overall,35,4,41,-2.0,-1.490345,0.926539,925,46,
1,419,Overall,Overall,35,25,41,1.5,2.315683,0.341708,1116,17,
1,420,Overall,Overall,35,11,41,-1.0,-1.368648,0.525008,932,26,
1,421,Overall,Overall,35,23,41,0.5,1.339273,0.250499,1067,13,
1,422,Overall,Overall,35,6,41,-1.0,-0.492258,0.560557,975,28,
1,423,Overall,Overall,35,27,41,2.0,1.974454,0.419173,1099,21,
1,424,Overall,Overall,35,12,41,0.0,0.362082,0.458424,1018,23,
1,425,Overall,Overall,35,15,41,1.0,0.874163,0.298405,1044,15,
1,426,Overall,Overall,35,19,41,0.0,0.824811,0.517199,1041,26,
1,427,Overall,Overall,35,24,41,2.0,2.007396,0.563171,1100,28,
1,428,Overall,Overall,35,11,41,-0.5,-0.054389,0.237034,997,12,
1,429,Overall,Overall,35,6,41,-2.0,-1.662909,0.777185,917,39,
1,430,Overall,Overall,35,8,41,-1.5,-1.085072,0.512903,946,26,
1,431,Overall,Overall,35,11,41,-0.5,-0.185557,0.467997,991,23,
1,432,Overall,Overall,35,26,41,2.0,1.880102,0.128873,1094,6,
1,433,Overall,Overall,35,17,41,0.5,0.669956,0.505833,1033,25,
1,434,Overall,Overall,35,26,41,1.5,2.056888,0.498542,1103,25,
1,435,Overall,Overall,35,17,41,1.0,0.08155,0.423703,1004,21,
1,436,Overall,Overall,35,16,41,1.0,1.05594,0.376296,1053,19,
1,437,Overall,Overall,35,19,41,1.0,0.296405,0.398976,1015,20,
1,438,Overall,Overall,35,10,41,0.0,-0.23713,0.477356,988,24,
1,439,Overall,Overall,35,10,41,-0.5,-0.07748,0.138417,996,7,
1,440,Overall,Overall,35,10,41,-1.5,-2.07634,0.338432,896,17,
1,441,Overall,Overall,35,25,41,1.5,1.604025,0.361239,1080,18,
1,442,Overall,Overall,35,27,41,2.0,1.392775,0.225687,1070,11,
1,443,Overall,Overall,35,12,41,0.0,-0.138245,0.173375,993,9,
1,444,Overall,Overall,35,17,41,0.5,0.502872,0.461185,1025,23,
1,445,Overall,Overall,35,22,41,2.0,1.377534,0.612745,1069,31,
1,446,Overall,Overall,35,12,41,0.0,0.65503,0.166467,1033,8,
1,447,Overall,Overall,35,26,41,1.5,1.685149,0.335555,1084,17,
1,448,Overall,Overall,35,19,41,0.5,0.514919,0.175285,1026,9,
1,449,Overall,Overall,35,28,41,1.5,1.335956,0.379992,1067,19,
1,450,Overall,Overall,35,23,41,1.0,1.510318,0.18468,1076,9,
1,451,Overall,Overall,35,21,41,1.5,1.779118,0.096249,1089,5,
1,452,Overall,Overall,35,19,41,1.0,1.485516,0.197573,1074,10,
1,453,Overall,Overall,35,17,41,0.0,0.852272,0.641825,1043,32,
1,454,Overall,Overall,35,9,41,0.0,-0.726976,0.599357,964,30,
1,455,Overall,Overall,35,26,41,2.0,1.960706,0.215608,1098,11,
1,456,Overall,Overall,35,8,41,-0.5,-0.273849,0.194327,986,10,
1,457,Overall,Overall,35,15,41,0.0,0.003717,0.373451,1000,19,
1,458,Overall,Overall,35,6,41,-1.5,-1.431527,0.304043,928,15,
1,459,Overall,Overall,35,15,41,0.5,1.758015,0.098914,1088,5,
1,460,Overall,Overall,35,18,41,0.0,0.641894,0.722357,1032,36,
1,461,Overall,Overall,35,19,41,2.0,0.943509,0.322145,1047,16,
1,462,Overall,Overall,35,5,41,-2.0,-0.796003,0.794329,960,40,
1,463,Overall,Overall,35,14,41,0.5,0.388112,0.153001,1019,8,
1,464,Overall,Overall,35,4,41,-2.0,-0.866758,0.139884,957,7,
1,465,Overall,Overall,35,19,41,1.5,1.756092,0.243109,1088,12,
1,466,Overall,Overall,35,27,41,2.0,1.204049,0.213512,1060,11,
1,467,Overall,Overall,35,9,41,-0.5,-1.090192,0.487643,945,24,
1,468,Overall,Overall,35,15,41,0.5,0.515953,0.294363,1026,15,
1,469,Overall,Overall,35,8,41,-0.5,-0.933331,0.793429,953,40,
1,470,Overall,Overall,35,21,41,0.5,1.242423,0.380203,1062,19,
1,471,Overall,Overall,35,7,41,-1.5,-1.09349,0.253247,945,13,
1,472,Overall,Overall,35,10,41,-1.0,-1.136953,0.626295,943,31,
1,473,Overall,Overall,35,15,41,0.5,0.500502,0.332013,1025,17,
1,474,Overall,Overall,35,8,41,-0.5,-0.948868,0.531202,953,27,
1,475,Overall,Overall,35,25,41,2.0,2.582674,0.220198,1129,11,
1,476,Overall,Overall,35,10,41,-0.5,-0.914347,0.191686,954,10,
1,477,Overall,Overall,35,22,41,0.5,0.144336,0.23787,1007,12,
1,478,Overall,Overall,35,10,41,0.0,0.257188,0.220462,1013,11,
1,479,Overall,Overall,35,8,41,-1.0,-1.807794,0.3847,910,19,
1,480,Overall,Overall,35,18,41,1.5,0.788499,0.682156,1039,34,
1,481,Overall,Overall,35,25,41,1.5,1.382739,0.426673,1069,21,
1,482,Overall,Overall,35,30,41,2.0,2.238511,0.146155,1112,7,
1,483,Overall,Overall,35,23,41,1.0,0.952029,0.177584,1048,9,
1,484,Overall,Overall,35,9,41,-1.0,-0.309575,0.078037,985,4,
1,485,Overall,Overall,35,22,41,1.0,1.37973,0.254507,1069,13,
1,486,Overall,Overall,35,24,41,1.5,1.399726,0.340465,1070,17,
1,487,Overall,Overall,35,8,41,-1.5,-1.34027,0.432825,933,22,
1,488,Overall,Overall,35,8,41,-0.5,-1.091948,0.205942,945,10,
1,489,Overall,Overall,35,25,41,1.5,1.966159,0.606364,1098,30,
1,490,Overall,Overall,35,20,41,0.5,1.111352,0.240971,1056,12,
1,491,Overall,Overall,35,23,41,1.0,1.306278,0.350025,1065,18,
1,492,Overall,Overall,35,29,41,2.0,2.007255,0.665385,1100,33,
1,493,Overall,Overall,35,7,41,-1.0,-2.047825,0.778264,898,39,
1,494,Overall,Overall,35,8,41,-1.0,-0.916602,0.36822,954,18,
1,495,Overall,Overall,35,21,41,1.0,1.154934,0.432736,1058,22,
1,496,Overall,Overall,35,19,41,1.5,1.738096,0.075431,1087,4,
1,497,Overall,Overall,35,10,41,0.0,-1.029395,0.254584,949,13,
1,498,Overall,Overall,35,5,41,-2.0,-1.448222,0.299915,928,15,
1,499,Overall,Overall,35,7,41,-1.5,-2.470106,0.295409,876,15,
1,500,Overall,Overall,35,26,41,1.5,1.907389,0.390146,1095,20,
1,501,Overall,Overall,35,8,41,-0.5,-2.168865,0.478589,892,24,
1,502,Overall,Overall,35,23,41,1.5,0.871902,0.446141,1044,22,
1,503,Overall,Overall,35,7,41,-1.5,-2.037706,0.364129,898,18,
1,504,Overall,Overall,35,13,41,0.5,0.252262,0.37165,1013,19,
1,505,Overall,Overall,35,10,41,-1.0,-0.871216,0.578531,956,29,
1,506,Overall,Overall,35,17,41,0.5,0.777888,0.365935,1039,18,
1,507,Overall,Overall,35,5,41,-1.5,-2.07503,0.814198,896,41,
1,508,Overall,Overall,35,23,41,1.5,2.518171,0.574335,1126,29,
1,509,Overall,Overall,35,5,41,-1.5,-1.459474,0.059479,927,3,
1,510,Overall,Overall,35,25,41,2.0,1.415859,0.433591,1071,22,
1,511,Overall,Overall,35,26,41,2.0,1.684217,0.251909,1084,13,
1,512,Overall,Overall,35,6,41,-0.5,-0.460744,0.231037,977,12,
1,513,Overall,Overall,35,3,41,-1.5,-2.401224,0.148802,880,7,
1,514,Overall,Overall,35,10,41,-0.5,-0.881753,0.161821,956,8,
1,515,Overall,Overall,35,5,41,-1.5,-1.62796,0.439013,919,22,
1,516,Overall,Overall,35,25,41,2.0,2.13823,0.291236,1107,15,
1,517,Overall,Overall,35,24,41,1.5,1.678701,0.574212,1084,29,
1,518,Overall,Overall,35,3,41,-2.0,-3.667836,0.701806,817,35,
1,519,Overall,Overall,35,24,41,2.0,0.892969,0.419469,1045,21,
1,520,Overall,Overall,35,7,41,-0.5,-1.367719,0.363283,932,18,
1,521,Overall,Overall,35,26,41,2.0,2.101779,0.266695,1105,13,
1,522,Overall,Overall,35,13,41,-1.0,-0.013056,0.45647,999,23,
1,523,Overall,Overall,35,14,41,0.0,0.59518,0.495218,1030,25,
1,524,Overall,Overall,35,7,41,-0.5,-0.872868,0.293385,956,15,
1,525,Overall,Overall,35,11,41,-0.5,-0.488911,0.473948,976,24,
1,526,Overall,Overall,35,12,41,-0.5,-2.764697,0.254083,862,13,
1,527,Overall,Overall,35,6,41,-2.0,-0.84916,0.08049,958,4,
1,528,Overall,Overall,35,32,41,2.0,1.802234,0.443601,1090,22,
1,529,Overall,Overall,35,8,41,-1.5,-1.666613,0.49256,917,25,
1,530,Overall,Overall,35,5,41,-1.5,-1.467213,0.236628,927,12,
1,531,Overall,Overall,35,4,41,-2.0,-1.379739,0.599956,931,30,
1,532,Overall,Overall,35,23,41,1.5,0.792312,0.396239,1040,20,
1,533,Overall,Overall,35,12,41,0.0,0.969454,0.14124,1048,7,
1,534,Overall,Overall,35,9,41,-1.0,-0.723267,1.052194,964,53,
1,535,Overall,Overall,35,11,41,0.0,0.204952,0.091029,1010,5,
1,536,Overall,Overall,35,25,41,1.0,1.658059,0.084516,1083,4,
1,537,Overall,Overall,35,11,41,-0.5,0.036381,0.377393,1002,19,
1,538,Overall,Overall,35,12,41,0.0,-1.386987,0.214397,931,11,
1,539,Overall,Overall,35,3,41,-2.0,-2.722959,0.234329,864,12,
1,540,Overall,Overall,35,27,41,2.0,2.416951,0.334284,1121,17,
1,541,Overall,Overall,35,5,41,-1.5,-2.431056,0.355354,878,18,
1,542,Overall,Overall,35,28,41,1.5,1.851923,0.305742,1093,15,
1,543,Overall,Overall,35,22,41,2.0,2.351025,0.301668,1118,15,
1,544,Overall,Overall,35,4,41,-2.0,-2.100713,0.881065,895,44,
1,545,Overall,Overall,35,12,41,0.0,0.07662,0.750788,1004,38,
1,546,Overall,Overall,35,28,41,2.0,1.82662,0.259806,1091,13,
1,547,Overall,Overall,35,3,41,-2.0,-1.909583,0.295615,905,15,
1,548,Overall,Overall,35,6,41,-2.0,-2.084354,0.238867,896,12,
1,549,Overall,Overall,35,11,41,0.0,0.419645,0.172,1021,9,
1,550,Overall,Overall,35,22,41,1.0,0.685622,0.448618,1034,22,
1,551,Overall,Overall,35,27,41,2.0,3.002671,0.196541,1150,10,
1,552,Overall,Overall,35,8,41,-1.0,-1.947634,0.908474,903,45,
1,553,Overall,Overall,35,6,41,-2.0,-1.921378,0.376221,904,19,
1,554,Overall,Overall,35,9,41,-1.5,-2.351641,0.356927,882,18,
1,555,Overall,Overall,35,7,41,-0.5,-0.432933,0.130916,978,7,
1,556,Overall,Overall,35,17,41,0.5,0.433785,0.080926,1022,4,
1,557,Overall,Overall,35,29,41,2.0,2.705664,0.61987,1135,31,
1,558,Overall,Overall,35,21,41,1.5,1.105182,0.550014,1055,28,
1,559,Overall,Overall,35,28,41,2.0,1.676324,0.823032,1084,41,
1,560,Overall,Overall,35,27,41,1.5,1.690701,0.356868,1085,18,
1,561,Overall,Overall,35,16,41,0.5,0.226141,0.483133,1011,24,
1,562,Overall,Overall,35,11,41,-1.0,-0.687333,0.733016,966,37,
1,563,Overall,Overall,35,7,41,-1.0,-0.739502,0.395283,963,20,
1,564,Overall,Overall,35,4,41,-2.0,-3.052689,0.707458,847,35,
1,565,Overall,Overall,35,8,41,-1.0,-0.827108,0.174174,959,9,
1,566,Overall,Overall,35,26,41,1.5,0.423732,0.127221,1021,6,
1,567,Overall,Overall,35,24,41,1.0,0.969643,0.277761,1048,14,
1,568,Overall,Overall,35,15,41,0.0,0.354557,0.779377,1018,39,
1,569,Overall,Overall,35,17,41,0.5,0.715488,0.189227,1036,9,
1,570,Overall,Overall,35,26,41,1.5,1.56673,0.105439,1078,5,
1,571,Overall,Overall,35,6,41,-1.5,-0.643877,0.495181,968,25,
1,572,Overall,Overall,35,22,41,1.5,0.700327,0.212986,1035,11,
1,573,Overall,Overall,35,9,41,-1.0,-0.840705,0.527755,958,26,
1,574,Overall,Overall,35,11,41,-0.5,-0.387103,0.519176,981,26,
1,575,Overall,Overall,35,21,41,0.5,1.468676,0.402565,1073,20,
1,576,Overall,Overall,35,9,41,-1.5,-1.009656,0.10615,950,5,
1,577,Overall,Overall,35,17,41,0.5,1.084846,0.3124,1054,16,
1,578,Overall,Overall,35,26,41,1.5,1.637642,0.331254,1082,17,
1,579,Overall,Overall,35,11,41,-1.0,-1.112275,0.284466,944,14,
1,580,Overall,Overall,35,8,41,-1.0,-1.072066,0.57184,946,29,
1,581,Overall,Overall,35,11,41,-0.5,-0.645213,0.377391,968,19,
1,582,Overall,Overall,35,25,41,1.0,1.246011,0.150261,1062,8,
1,583,Overall,Overall,35,8,41,-1.5,-0.840247,0.723554,958,36,
1,584,Overall,Overall,35,5,41,-2.0,-2.436474,1.044262,878,52,
1,585,Overall,Overall,35,27,41,2.0,2.030933,0.082499,1102,4,
1,586,Overall,Overall,35,22,41,1.0,1.298141,0.45496,1065,23,
1,587,Overall,Overall,35,24,41,1.5,2.055313,0.456924,1103,23,
1,588,Overall,Overall,35,25,41,1.5,2.426016,0.270989,1121,14,
1,589,Overall,Overall,35,21,41,1.0,0.78768,0.395639,1039,20,
1,590,Overall,Overall,35,19,41,1.0,0.482723,0.33944,1024,17,
1,591,Overall,Overall,35,13,41,-0.5,-0.122824,0.283715,994,14,
1,592,Overall,Overall,35,28,41,1.5,2.144617,0.463818,1107,23,
1,593,Overall,Overall,35,29,41,1.5,0.932184,0.229244,1047,11,
1,594,Overall,Overall,35,7,41,-0.5,-0.961661,0.776997,952,39,
1,595,Overall,Overall,35,21,41,1.5,0.982181,0.236706,1049,12,
1,596,Overall,Overall,35,25,41,2.0,1.469539,0.249138,1073,12,
1,597,Overall,Overall,35,11,41,0.0,-0.448574,0.498429,978,25,
1,598,Overall,Overall,35,10,41,-1.0,-1.695566,0.311527,915,16,
1,599,Overall,Overall,35,13,41,0.5,-0.195076,0.479793,990,24,
1,600,Overall,Overall,35,22,41,1.0,1.263905,0.224037,1063,11,
1,601,Overall,Overall,35,23,41,1.5,1.063081,0.261584,1053,13,
1,602,Overall,Overall,35,7,41,-1.0,-1.099117,0.299188,945,15,
1,603,Overall,Overall,35,26,41,1.5,2.241542,0.39733,1112,20,
1,604,Overall,Overall,35,9,41,-0.5,-0.073511,0.199149,996,10,
1,605,Overall,Overall,35,15,41,0.0,0.544105,0.354146,1027,18,
1,606,Overall,Overall,35,3,41,-1.5,-2.92128,0.595936,854,30,
1,607,Overall,Overall,35,3,41,-2.0,-2.722693,0.739736,864,37,
1,608,Overall,Overall,35,18,41,0.0,0.128863,0.1795,1006,9,
1,609,Overall,Overall,35,3,41,-2.0,-2.774493,1.033412,861,52,
1,610,Overall,Overall,35,4,41,-2.0,-3.587607,1.232404,821,62,
1,611,Overall,Overall,35,26,41,2.0,2.715889,0.531767,1136,27,
1,612,Overall,Overall,35,5,41,-2.0,-2.561206,0.160304,872,8,
1,613,Overall,Overall,35,19,41,0.5,0.028051,0.26211,1001,13,
1,614,Overall,Overall,35,6,41,-2.0,-2.401521,0.934575,880,47,
1,615,Overall,Overall,35,8,41,-1.0,-0.703665,0.36908,965,18,
1,616,Overall,Overall,35,10,41,-0.5,-1.496552,0.157181,925,8,
1,617,Overall,Overall,35,12,41,0.0,0.161787,0.140053,1008,7,
1,618,Overall,Overall,35,16,41,0.0,0.206377,0.254924,1010,13,
1,619,Overall,Overall,35,19,41,0.5,0.536307,0.424586,1027,21,
1,620,Overall,Overall,35,4,41,-1.5,-2.533514,0.810475,873,41,
1,621,Overall,Overall,35,20,41,1.0,1.306286,0.211567,1065,11,
1,622,Overall,Overall,35,14,41,0.0,-0.843255,0.430287,958,22,
1,623,Overall,Overall,35,12,41,0.0,-0.276279,0.38358,986,19,
1,624,Overall,Overall,35,25,41,2.0,2.247453,0.208466,1112,10,
1,625,Overall,Overall,35,24,41,1.5,2.265453,0.265045,1113,13,
1,626,Overall,Overall,35,6,41,-1.5,-0.6189,0.740303,969,37,
1,627,Overall,Overall,35,12,41,0.0,-0.309842,0.528106,985,26,
1,628,Overall,Overall,35,8,41,-0.5,-0.499541,0.280201,975,14,
1,629,Overall,Overall,35,18,41,0.0,0.425404,0.082833,1021,4,
1,630,Overall,Overall,35,16,41,0.0,-0.176706,0.154933,991,8,
1,631,Overall,Overall,35,8,41,-1.0,-1.10783,0.251274,945,13,
1,632,Overall,Overall,35,27,41,2.0,2.076958,0.311348,1104,16,
1,633,Overall,Overall,35,14,41,-0.5,-0.409833,0.381312,980,19,
1,634,Overall,Overall,35,7,41,-1.0,-1.243906,0.318576,938,16,
1,635,Overall,Overall,35,24,41,1.5,1.57294,0.376752,1079,19,
1,636,Overall,Overall,35,11,41,-0.5,-0.557196,0.72044,972,36,
1,637,Overall,Overall,35,21,41,1.0,0.912654,0.203041,1046,10,
1,638,Overall,Overall,35,25,41,2.0,1.83123,0.48199,1092,24,
1,639,Overall,Overall,35,27,41,2.0,1.832362,0.343463,1092,17,
1,640,Overall,Overall,35,27,41,2.0,1.447401,0.218803,1072,11,
1,641,Overall,Overall,35,28,41,2.0,2.912959,0.479117,1146,24,
1,642,Overall,Overall,35,25,41,1.5,1.60712,0.459199,1080,23,
1,643,Overall,Overall,35,11,41,-0.5,-0.39671,0.281938,980,14,
1,644,Overall,Overall,35,25,41,2.0,1.643782,0.310065,1082,16,
1,645,Overall,Overall,35,18,41,1.0,0.980764,0.380831,1049,19,
1,646,Overall,Overall,35,11,41,-0.5,-0.294454,0.249241,985,12,
1,647,Overall,Overall,35,10,41,-1.5,-1.062872,0.204503,947,10,
1,648,Overall,Overall,35,23,41,1.0,0.506235,0.32739,1025,16,
1,649,Overall,Overall,35,9,41,-0.5,-0.772013,0.204757,961,10,
1,650,Overall,Overall,35,7,41,-1.0,-2.338589,0.157965,883,8,
1,651,Overall,Overall,35,24,41,1.0,0.888632,0.204422,1044,10,
1,652,Overall,Overall,35,10,41,-0.5,-0.546856,0.310714,973,16,
1,653,Overall,Overall,35,21,41,1.5,1.097561,0.4485,1055,22,
1,654,Overall,Overall,35,10,41,-0.5,-0.524165,0.279837,974,14,
1,655,Overall,Overall,35,18,41,0.5,0.155192,0.191639,1008,10,
1,656,Overall,Overall,35,3,41,-2.0,-2.028513,0.355318,899,18,
1,657,Overall,Overall,35,13,41,0.0,-0.903677,0.407217,955,20,
1,658,Overall,Overall,35,21,41,1.0,1.665519,0.353881,1083,18,
1,659,Overall,Overall,35,16,41,0.5,0.562171,0.262846,1028,13,
1,660,Overall,Overall,35,21,41,1.0,1.240789,0.411144,1062,21,
1,661,Overall,Overall,35,19,41,0.5,0.985722,0.758533,1049,38,
1,662,Overall,Overall,35,19,41,0.5,0.281243,0.263396,1014,13,
1,663,Overall,Overall,35,22,41,1.5,1.58569,0.48139,1079,24,
1,664,Overall,Overall,35,21,41,0.5,0.682843,0.237735,1034,12,
1,665,Overall,Overall,35,12,41,-1.0,-1.003148,0.559883,950,28,
1,666,Overall,Overall,35,28,41,2.0,2.692054,0.328492,1135,16,
1,667,Overall,Overall,35,10,41,-1.0,-0.877232,0.124499,956,6,
1,668,Overall,Overall,35,17,41,0.5,0.230391,0.308368,1012,15,
1,669,Overall,Overall,35,10,41,-1.0,-0.847727,0.283556,958,14,
1,670,Overall,Overall,35,29,41,1.5,1.311699,0.230989,1066,12,
1,671,Overall,Overall,35,13,41,0.0,-0.53024,0.195969,973,10,
1,672,Overall,Overall,35,11,41,-0.5,0.481277,0.174477,1024,9,
1,673,Overall,Overall,35,12,41,0.0,-1.096385,0.739224,945,37,
1,674,Overall,Overall,35,21,41,0.5,1.008386,0.215038,1050,11,
1,675,Overall,Overall,35,11,41,0.0,-0.23916,0.12116,988,6,
1,676,Overall,Overall,35,14,41,1.0,0.071833,0.1059,1004,5,
1,677,Overall,Overall,35,7,41,-1.0,-1.332367,0.738286,933,37,
1,678,Overall,Overall,35,24,41,1.5,1.715645,0.326117,1086,16,
1,679,Overall,Overall,35,29,41,2.0,1.692129,0.426491,1085,21,
1,680,Overall,Overall,35,4,41,-1.5,-1.422463,0.717585,929,36,
1,681,Overall,Overall,35,2,41,-2.0,-4.257067,1.118149,787,56,
1,682,Overall,Overall,35,25,41,1.0,1.195279,0.116609,1060,6,
1,683,Overall,Overall,35,4,41,-2.0,-2.035201,0.406567,898,20,
1,684,Overall,Overall,35,25,41,2.0,2.340642,0.246282,1117,12,
1,685,Overall,Overall,35,19,41,0.5,0.944307,0.323784,1047,16,
1,686,Overall,Overall,35,7,41,-1.5,-1.572141,0.431794,921,22,
1,687,Overall,Overall,35,7,41,-2.0,-2.143348,0.467511,893,23,
1,688,Overall,Overall,35,25,41,1.5,1.605894,0.4298,1080,21,
1,689,Overall,Overall,35,32,41,2.0,1.676743,0.171907,1084,9,
1,690,Overall,Overall,35,22,41,1.0,1.082451,0.256257,1054,13,
1,691,Overall,Overall,35,10,41,-0.5,-0.182514,0.542263,991,27,
1,692,Overall,Overall,35,17,41,0.5,1.117023,0.127779,1056,6,
1,693,Overall,Overall,35,8,41,-0.5,-0.443465,0.156405,978,8,
1,694,Overall,Overall,35,8,41,-1.5,-1.632665,0.415999,918,21,
1,695,Overall,Overall,35,7,41,-0.5,-0.338602,0.408176,983,20,
1,696,Overall,Overall,35,10,41,-1.0,-0.688244,0.578267,966,29,
1,697,Overall,Overall,35,16,41,0.5,0.635091,0.114951,1032,6,
1,698,Overall,Overall,35,23,41,1.0,0.798869,0.354815,1040,18,
1,699,Overall,Overall,35,9,41,-1.0,-1.303106,0.801701,935,40,
1,700,Overall,Overall,35,27,41,2.0,2.241468,0.321889,1112,16,
1,701,Overall,Overall,35,21,41,1.0,0.736753,0.247541,1037,12,
1,702,Overall,Overall,35,21,41,1.0,1.333535,0.541794,1067,27,
1,703,Overall,Overall,35,4,41,-2.0,-2.944825,0.215764,853,11,
1,704,Overall,Overall,35,14,41,0.0,-0.597959,0.350475,970,18,
1,705,Overall,Overall,35,24,41,1.5,1.516551,0.353794,1076,18,
1,706,Overall,Overall,35,8,41,-1.0,-1.0523,0.289913,947,14,
1,707,Overall,Overall,35,11,41,-0.5,0.483304,0.197966,1024,10,
1,708,Overall,Overall,35,24,41,1.0,2.080156,0.537378,1104,27,
1,709,Overall,Overall,35,6,41,-2.0,-1.307691,0.530806,935,27,
1,710,Overall,Overall,35,21,41,0.5,0.949284,0.458274,1047,23,
1,711,Overall,Overall,35,31,41,2.0,2.529771,0.205672,1126,10,
1,712,Overall,Overall,35,17,41,0.5,0.196305,0.348538,1010,17,
1,713,Overall,Overall,35,7,41,-2.0,-2.530374,0.363404,873,18,
1,714,Overall,Overall,35,21,41,1.5,1.079838,0.544434,1054,27,
1,715,Overall,Overall,35,25,41,1.5,1.746656,0.507008,1087,25,
1,716,Overall,Overall,35,11,41,-0.5,-0.491356,0.840979,975,42,
1,717,Overall,Overall,35,9,41,-0.5,-0.199649,0.118518,990,6,
1,718,Overall,Overall,35,10,41,-1.0,-1.430801,0.67965,928,34,
1,719,Overall,Overall,35,9,41,-1.0,-0.648348,0.917975,968,46,
1,720,Overall,Overall,35,11,41,-0.5,-1.089836,0.384536,946,19,
1,721,Overall,Overall,35,6,41,-1.0,-1.110959,0.427085,944,21,
1,722,Overall,Overall,35,17,41,0.5,0.140477,0.238068,1007,12,
1,723,Overall,Overall,35,2,41,-1.5,-3.563898,0.821609,822,41,
1,724,Overall,Overall,35,5,41,-1.5,-1.968768,0.750277,902,38,
1,725,Overall,Overall,35,28,41,2.0,1.567502,0.501371,1078,25,
1,726,Overall,Overall,35,23,41,1.5,1.774543,0.208569,1089,10,
1,727,Overall,Overall,35,8,41,-1.0,-0.939269,0.359286,953,18,
1,728,Overall,Overall,35,8,41,-1.5,-2.267338,0.212968,887,11,
1,729,Overall,Overall,35,26,41,2.0,1.681829,0.467963,1084,23,
1,730,Overall,Overall,35,7,41,-2.0,-2.740119,0.651783,863,33,
1,731,Overall,Overall,35,6,41,-1.5,-0.497452,0.647083,975,32,
1,732,Overall,Overall,35,3,41,-2.0,-1.395334,0.548165,930,27,
1,733,Overall,Overall,35,25,41,1.5,1.351023,0.279083,1068,14,
1,734,Overall,Overall,35,2,41,-2.0,-2.555983,0.781051,872,39,
1,735,Overall,Overall,35,7,41,0.0,-0.172388,0.366171,991,18,
1,736,Overall,Overall,35,21,41,2.0,2.488216,0.092983,1124,5,
1,737,Overall,Overall,35,20,41,0.5,0.42115,0.50744,1021,25,
1,738,Overall,Overall,35,20,41,1.0,1.194903,0.280193,1060,14,
1,739,Overall,Overall,35,12,41,0.5,-0.32534,0.318186,984,16,
1,740,Overall,Overall,35,22,41,2.0,3.633037,0.120664,1182,6,
1,741,Overall,Overall,35,7,41,-1.0,-1.12594,0.470077,944,24,
1,742,Overall,Overall,35,13,41,0.0,0.005748,0.297207,1000,15,
1,743,Overall,Overall,35,10,41,0.0,1.061599,0.133629,1053,7,
1,744,Overall,Overall,35,10,41,-1.5,-1.690079,0.650703,915,33,
1,745,Overall,Overall,35,32,41,2.0,2.934184,0.410014,1147,21,
1,746,Overall,Overall,35,12,41,0.0,-0.271448,0.169429,986,8,
1,747,Overall,Overall,35,21,41,0.5,1.477175,0.252787,1074,13,
1,748,Overall,Overall,35,19,41,1.5,0.596213,0.542982,1030,27,
1,749,Overall,Overall,35,20,41,0.5,0.42412,0.233707,1021,12,
1,750,Overall,Overall,35,8,41,-1.0,-1.746132,0.103826,913,5,
1,751,Overall,Overall,35,26,41,2.0,1.864269,0.297248,1093,15,
1,752,Overall,Overall,35,24,41,1.5,1.763898,0.274505,1088,14,
1,753,Overall,Overall,35,7,41,-1.0,-1.758266,0.64347,912,32,
1,754,Overall,Overall,35,20,41,0.5,0.640072,0.210435,1032,11,
1,755,Overall,Overall,35,6,41,-2.0,-2.55807,0.650518,872,33,
1,756,Overall,Overall,35,2,41,-2.0,-4.216362,0.636038,789,32,
1,757,Overall,Overall,35,23,41,1.0,0.754148,0.580631,1038,29,
1,758,Overall,Overall,35,23,41,2.0,2.041241,0.401355,1102,20,
1,759,Overall,Overall,35,9,41,-1.0,-0.394416,0.249418,980,12,
1,760,Overall,Overall,35,10,41,-1.5,-0.901073,0.116112,955,6,
1,761,Overall,Overall,35,9,41,-0.5,-0.871873,0.308889,956,15,
1,762,Overall,Overall,35,22,41,1.5,1.237723,0.222659,1062,11,
1,763,Overall,Overall,35,17,41,0.5,0.395164,0.432364,1020,22,
1,764,Overall,Overall,35,6,41,-1.5,-1.36308,0.314295,932,16,
1,765,Overall,Overall,35,3,41,-1.5,-2.295106,0.963655,885,48,
1,766,Overall,Overall,35,15,41,0.5,-0.017977,0.812178,999,41,
1,767,Overall,Overall,35,9,41,0.0,0.07702,0.454135,1004,23,
1,768,Overall,Overall,35,29,41,1.5,1.800309,0.263387,1090,13,
1,769,Overall,Overall,35,8,41,-2.0,-2.139447,0.477616,893,24,
1,770,Overall,Overall,35,21,41,1.0,1.066865,0.331152,1053,17,
1,771,Overall,Overall,35,12,41,-1.0,-0.904396,0.346125,955,17,
1,772,Overall,Overall,35,8,41,-0.5,-1.336916,0.440048,933,22,
1,773,Overall,Overall,35,13,41,0.0,-0.002296,0.34259,1000,17,
1,774,Overall,Overall,35,28,41,2.0,1.51509,0.277505,1076,14,
1,775,Overall,Overall,35,5,41,-1.5,-1.091566,0.488347,945,24,
1,776,Overall,Overall,35,14,41,0.0,0.209493,0.471838,1010,24,
1,777,Overall,Overall,35,13,41,0.0,-0.627736,0.162848,969,8,
1,778,Overall,Overall,35,23,41,1.5,1.83709,0.320498,1092,16,
1,779,Overall,Overall,35,9,41,-1.0,-1.001225,0.347365,950,17,
1,780,Overall,Overall,35,10,41,-0.5,-0.100517,0.290463,995,15,
1,781,Overall,Overall,35,26,41,2.0,1.347952,0.3244,1067,16,
1,782,Overall,Overall,35,10,41,0.0,-0.148381,0.520755,993,26,
1,783,Overall,Overall,35,19,41,1.0,-0.224431,0.240606,989,12,
1,784,Overall,Overall,35,24,41,1.0,0.664481,0.386414,1033,19,
1,785,Overall,Overall,35,6,41,-1.5,-1.584985,0.098104,921,5,
1,786,Overall,Overall,35,5,41,-2.0,-1.442146,0.460354,928,23,
1,787,Overall,Overall,35,7,41,-1.5,-1.134142,0.708091,943,35,
1,788,Overall,Overall,35,22,41,2.0,2.699534,0.268979,1135,13,
1,789,Overall,Overall,35,5,41,-1.5,-1.556327,0.204402,922,10,
1,790,Overall,Overall,35,10,41,-1.0,-1.644024,0.564397,918,28,
1,791,Overall,Overall,35,26,41,2.0,2.085042,0.416395,1104,21,
1,792,Overall,Overall,35,18,41,0.5,0.354052,0.410807,1018,21,
1,793,Overall,Overall,35,14,41,0.5,0.343721,0.352131,1017,18,
1,794,Overall,Overall,35,27,41,1.5,1.329486,0.489308,1066,24,
1,795,Overall,Overall,35,16,41,0.5,0.082008,0.781001,1004,39,
1,796,Overall,Overall,35,18,41,1.0,0.676392,0.603174,1034,30,
1,797,Overall,Overall,35,5,41,-1.5,-1.861655,0.791343,907,40,
1,798,Overall,Overall,35,23,41,1.5,1.367175,0.37789,1068,19,
1,799,Overall,Overall,35,2,41,-1.5,-3.030776,0.98371,848,49,
1,800,Overall,Overall,35,11,41,-0.5,-0.163657,0.2252,992,11,
1,801,Overall,Overall,35,9,41,-0.5,-0.904443,0.336859,955,17,
1,802,Overall,Overall,35,11,41,-0.5,-2.451708,0.500186,877,25,
1,803,Overall,Overall,35,14,41,0.5,0.50449,0.593663,1025,30,
1,804,Overall,Overall,35,24,41,1.0,1.36102,0.150912,1068,8,
1,805,Overall,Overall,35,5,41,-1.0,-2.661251,1.052117,867,53,
1,806,Overall,Overall,35,23,41,1.0,0.393341,0.16283,1020,8,
1,807,Overall,Overall,35,12,41,-0.5,-1.213312,0.109917,939,5,
1,808,Overall,Overall,35,27,41,2.0,2.212929,0.630773,1111,32,
1,809,Overall,Overall,35,28,41,2.0,1.882937,0.036224,1094,2,
1,810,Overall,Overall,35,8,41,-1.5,-1.73572,0.27634,913,14,
1,811,Overall,Overall,35,22,41,1.5,1.319192,0.134752,1066,7,
1,812,Overall,Overall,35,8,41,0.0,-0.155507,0.363095,992,18,
1,813,Overall,Overall,35,12,41,-0.5,0.207642,0.574632,1010,29,
1,814,Overall,Overall,35,9,41,-0.5,-0.611694,0.31969,969,16,
1,815,Overall,Overall,35,6,41,-2.0,-0.642914,0.51663,968,26,
1,816,Overall,Overall,35,27,41,2.0,1.274077,0.188965,1064,9,
1,817,Overall,Overall,35,4,41,-2.0,-0.824817,0.238746,959,12,
1,818,Overall,Overall,35,7,41,-2.0,-1.443095,0.193835,928,10,
1,819,Overall,Overall,35,11,41,0.0,0.170955,0.285648,1009,14,
1,820,Overall,Overall,35,20,41,1.5,1.011931,0.079545,1051,4,
1,821,Overall,Overall,35,29,41,1.5,1.364129,0.146258,1068,7,
1,822,Overall,Overall,35,12,41,0.0,-0.79963,0.429833,960,21,
1,823,Overall,Overall,35,30,41,2.0,2.497797,0.652672,1125,33,
1,824,Overall,Overall,35,7,41,-2.0,-1.920792,0.396139,904,20,
1,825,Overall,Overall,35,27,41,1.5,1.172776,0.269453,1059,13,
1,826,Overall,Overall,35,28,41,1.0,1.630379,0.138278,1082,7,
1,827,Overall,Overall,35,12,41,0.0,-0.142789,0.345503,993,17,
1,828,Overall,Overall,35,16,41,0.5,0.234517,0.511188,1012,26,
1,829,Overall,Overall,35,12,41,0.0,0.381803,0.258993,1019,13,
1,830,Overall,Overall,35,20,41,1.0,0.516861,0.518056,1026,26,
1,831,Overall,Overall,35,6,41,-1.0,-1.559322,0.332482,922,17,
1,832,Overall,Overall,35,14,41,0.0,0.512527,0.15185,1026,8,
1,833,Overall,Overall,35,18,41,1.0,1.215713,0.323228,1061,16,
1,834,Overall,Overall,35,12,41,0.0,0.185327,0.299561,1009,15,
1,835,Overall,Overall,35,14,41,0.0,0.195178,0.347167,1010,17,
1,836,Overall,Overall,35,6,41,-2.0,-1.605793,0.428484,920,21,
1,837,Overall,Overall,35,28,41,2.0,2.196252,0.357227,1110,18,
1,838,Overall,Overall,35,8,41,-1.5,-1.328453,0.258147,934,13,
1,839,Overall,Overall,35,4,41,-2.0,-2.705514,0.382969,865,19,
1,840,Overall,Overall,35,25,41,1.0,1.002217,0.092069,1050,5,
1,841,Overall,Overall,35,3,41,-2.0,-1.433615,0.894242,928,45,
1,842,Overall,Overall,35,14,41,-0.5,-0.415349,0.500956,979,25,
1,843,Overall,Overall,35,29,41,2.0,2.107957,0.227655,1105,11,
1,844,Overall,Overall,35,16,41,0.5,0.655266,0.215177,1033,11,
1,845,Overall,Overall,35,5,41,-2.0,-3.159483,0.707447,842,35,
1,846,Overall,Overall,35,20,41,0.5,0.568067,0.080994,1028,4,
1,847,Overall,Overall,35,16,41,1.0,0.766138,0.456367,1038,23,
1,848,Overall,Overall,35,6,41,-2.0,-0.855359,1.168695,957,58,
1,849,Overall,Overall,35,9,41,-0.5,-1.266421,0.717448,937,36,
1,850,Overall,Overall,35,7,41,-1.0,-0.281798,0.134003,986,7,
1,851,Overall,Overall,35,8,41,-1.5,-1.448747,0.420815,928,21,
1,852,Overall,Overall,35,30,41,2.0,1.774183,0.028551,1089,1,
1,853,Overall,Overall,35,18,41,0.5,0.980997,0.405144,1049,20,
1,854,Overall,Overall,35,22,41,1.0,0.805157,0.131681,1040,7,
1,855,Overall,Overall,35,7,41,-1.0,-1.241908,0.447381,938,22,
1,856,Overall,Overall,35,14,41,0.5,0.802664,0.295958,1040,15,
1,857,Overall,Overall,35,12,41,-0.5,-0.184427,0.485431,991,24,
1,858,Overall,Overall,35,8,41,-1.5,-1.12966,0.72816,944,36,
1,859,Overall,Overall,35,18,41,0.5,0.786562,0.192268,1039,10,
1,860,Overall,Overall,35,7,41,-2.0,-1.487762,0.455981,926,23,
1,861,Overall,Overall,35,29,41,1.5,1.438577,0.088403,1072,4,
1,862,Overall,Overall,35,4,41,-1.5,-1.279586,0.577096,936,29,
1,863,Overall,Overall,35,22,41,0.5,1.443113,0.316745,1072,16,
1,864,Overall,Overall,35,8,41,0.0,-0.557594,0.270373,972,14,
1,865,Overall,Overall,35,12,41,0.0,-0.860527,0.098093,957,5,
1,866,Overall,Overall,35,22,41,2.0,1.848606,0.339195,1092,17,
1,867,Overall,Overall,35,15,41,0.0,0.534246,0.46908,1027,23,
1,868,Overall,Overall,35,8,41,-1.5,-1.234797,0.461259,938,23,
1,869,Overall,Overall,35,20,41,0.5,1.447609,0.120688,1072,6,
1,870,Overall,Overall,35,20,41,1.5,1.327351,0.169192,1066,8,
1,871,Overall,Overall,35,5,41,-2.0,-2.08097,0.468854,896,23,
1,872,Overall,Overall,35,7,41,-2.0,-3.642542,1.124665,818,56,
1,873,Overall,Overall,35,21,41,1.0,0.950436,0.436479,1048,22,
1,874,Overall,Overall,35,20,41,1.0,1.116016,0.136649,1056,7,
1,875,Overall,Overall,35,9,41,-0.5,-1.171534,0.409614,941,20,
1,876,Overall,Overall,35,12,41,-1.0,-0.791855,0.551505,960,28,
1,877,Overall,Overall,35,9,41,-0.5,-0.349355,0.505457,983,25,
1,878,Overall,Overall,35,12,41,-1.0,-1.363223,0.126548,932,6,
1,879,Overall,Overall,35,6,41,-1.5,-0.553721,0.33878,972,17,
1,880,Overall,Overall,35,22,41,1.0,0.859665,0.142429,1043,7,
1,881,Overall,Overall,35,21,41,1.5,0.739381,0.435793,1037,22,
1,882,Overall,Overall,35,6,41,-1.5,-0.27102,0.330963,986,17,
1,883,Overall,Overall,35,6,41,-1.0,-0.276402,0.227474,986,11,
1,884,Overall,Overall,35,2,41,-2.0,-3.58438,0.543621,821,27,
1,885,Overall,Overall,35,19,41,0.5,1.00313,0.487791,1050,24,
1,886,Overall,Overall,35,17,41,0.5,0.97811,0.094483,1049,5,
1,887,Overall,Overall,35,17,41,0.5,0.294042,0.519588,1015,26,
1,888,Overall,Overall,35,10,41,-0.5,-0.953554,0.904475,952,45,
1,889,Overall,Overall,35,6,41,-1.0,-0.715359,0.542421,964,27,
1,890,Overall,Overall,35,29,41,2.0,1.995951,0.150873,1100,8,
1,891,Overall,Overall,35,18,41,1.0,0.946751,0.441116,1047,22,
1,892,Overall,Overall,35,28,41,1.5,1.681691,0.303624,1084,15,
1,893,Overall,Overall,35,4,41,-2.0,-2.155173,0.144254,892,7,
1,894,Overall,Overall,35,8,41,-0.5,-0.950593,0.582283,952,29,
1,895,Overall,Overall,35,11,41,-0.5,-1.236608,0.121216,938,6,
1,896,Overall,Overall,35,23,41,1.0,1.008525,0.314066,1050,16,
1,897,Overall,Overall,35,9,41,-1.0,-0.94621,0.549202,953,27,
1,898,Overall,Overall,35,10,41,-0.5,-0.602472,0.402269,970,20,
1,899,Overall,Overall,35,4,41,-2.0,-2.515834,0.193044,874,10,
1,900,Overall,Overall,35,7,41,-1.5,-0.483567,0.480941,976,24,
2,1,Overall,Overall,35,6,41,-1.0,-1.566508,0.537878,922,27,
2,2,Overall,Overall,35,20,41,0.5,0.77601,0.435689,1039,22,
2,3,Overall,Overall,35,15,41,0.0,-0.41556,0.214856,979,11,
2,4,Overall,Overall,35,14,41,0.0,-0.023472,0.532066,999,27,
2,5,Overall,Overall,35,5,41,-1.5,-2.122938,1.108593,894,55,
2,6,Overall,Overall,35,6,41,-0.5,-1.465963,0.841345,927,42,
2,7,Overall,Overall,35,6,41,-1.5,-1.734879,0.657796,913,33,
2,8,Overall,Overall,35,18,41,0.5,0.839813,0.294075,1042,15,
2,9,Overall,Overall,35,20,41,1.0,1.127929,0.182909,1056,9,
2,10,Overall,Overall,35,26,41,1.0,1.409894,0.135858,1070,7,
2,11,Overall,Overall,35,5,41,-1.5,-3.020729,0.76228,849,38,
2,12,Overall,Overall,35,26,41,1.0,1.73482,0.256615,1087,13,
2,13,Overall,Overall,35,7,41,-1.5,-1.188045,0.480096,941,24,
2,14,Overall,Overall,35,9,41,-0.5,-0.768528,0.472352,962,24,
2,15,Overall,Overall,35,20,41,0.5,0.408871,0.281623,1020,14,
2,16,Overall,Overall,35,11,41,-0.5,-0.368193,0.083607,982,4,
2,17,Overall,Overall,35,8,41,-2.0,-0.717121,0.458,964,23,
2,18,Overall,Overall,35,25,41,1.5,1.193274,0.15498,1060,8,
2,19,Overall,Overall,35,26,41,2.0,1.382921,0.364013,1069,18,
2,20,Overall,Overall,35,25,41,2.0,2.482324,0.26976,1124,13,
2,21,Overall,Overall,35,13,41,-1.0,-0.664363,0.602297,967,30,
2,22,Overall,Overall,35,15,41,0.0,-0.353807,0.708981,982,35,
2,23,Overall,Overall,35,16,41,1.0,1.044224,0.261073,1052,13,
2,24,Overall,Overall,35,11,41,-0.5,-0.079028,0.286983,996,14,
2,25,Overall,Overall,35,8,41,-1.5,-1.895943,0.274738,905,14,
2,26,Overall,Overall,35,13,41,0.0,0.397828,0.066599,1020,3,
2,27,Overall,Overall,35,9,41,0.0,-1.041065,0.40332,948,20,
2,28,Overall,Overall,35,15,41,-0.5,0.151889,0.136289,1008,7,
2,29,Overall,Overall,35,16,41,0.5,0.192418,0.419628,1010,21,
2,30,Overall,Overall,35,4,41,-2.0,-3.014911,0.761646,849,38,
2,31,Overall,Overall,35,5,41,-2.0,-1.589116,0.108601,921,5,
2,32,Overall,Overall,35,4,41,-2.0,-1.883489,0.69399,906,35,
2,33,Overall,Overall,35,19,41,1.0,1.213979,0.179181,1061,9,
2,34,Overall,Overall,35,5,41,-1.5,-2.024442,0.941635,899,47,
2,35,Overall,Overall,35,6,41,-1.5,-1.988041,0.217339,901,11,
2,36,Overall,Overall,35,6,41,-1.5,-0.434103,0.436118,978,22,
2,37,Overall,Overall,35,5,41,-2.0,-0.941766,0.106903,953,5,
2,38,Overall,Overall,35,10,41,-2.0,-1.919534,0.427557,904,21,
2,39,Overall,Overall,35,26,41,2.0,1.38918,0.508497,1069,25,
2,40,Overall,Overall,35,13,41,0.0,0.674152,0.166622,1034,8,
2,41,Overall,Overall,35,8,41,-1.5,-1.299933,0.70739,935,35,
2,42,Overall,Overall,35,26,41,2.0,1.474786,0.314075,1074,16,
2,43,Overall,Overall,35,10,41,0.0,-0.314057,0.432008,984,22,
2,44,Overall,Overall,35,27,41,2.0,1.612909,0.470814,1081,24,
2,45,Overall,Overall,35,5,41,-2.0,-1.44587,0.364869,928,18,
2,46,Overall,Overall,35,10,41,-0.5,-0.790625,0.140231,960,7,
2,47,Overall,Overall,35,29,41,2.0,1.625939,0.274355,1081,14,
2,48,Overall,Overall,35,19,41,0.5,0.601303,0.082916,1030,4,
2,49,Overall,Overall,35,22,41,1.0,0.938957,0.49452,1047,25,
2,50,Overall,Overall,35,16,41,0.5,0.321664,0.645626,1016,32,
2,51,Overall,Overall,35,22,41,1.5,1.775087,0.346739,1089,17,
2,52,Overall,Overall,35,17,41,-0.5,0.330614,0.504207,1017,25,
2,53,Overall,Overall,35,28,41,2.0,1.765849,0.558053,1088,28,
2,54,Overall,Overall,35,4,41,-1.0,-1.959835,0.296465,902,15,
2,55,Overall,Overall,35,26,41,2.0,1.425302,0.326771,1071,16,
2,56,Overall,Overall,35,4,41,-1.5,-1.244131,0.444278,938,22,
2,57,Overall,Overall,35,18,41,1.0,1.853728,0.279399,1093,14,
2,58,Overall,Overall,35,12,41,0.0,0.205077,0.105979,1010,5,
2,59,Overall,Overall,35,5,41,-1.5,-2.651372,0.543162,867,27,
2,60,Overall,Overall,35,6,41,-1.0,-1.97006,0.601961,901,30,
2,61,Overall,Overall,35,11,41,0.0,0.560066,0.437329,1028,22,
2,62,Overall,Overall,35,18,41,1.0,1.052096,0.376773,1053,19,
2,63,Overall,Overall,35,5,41,-1.5,-2.412089,0.920196,879,46,
2,64,Overall,Overall,35,27,41,1.5,1.550928,0.540682,1078,27,
2,65,Overall,Overall,35,25,41,2.0,1.948572,0.448669,1097,22,
2,66,Overall,Overall,35,8,41,-2.0,-1.74361,0.40842,913,20,
2,67,Overall,Overall,35,14,41,0.0,0.05366,0.454159,1003,23,
2,68,Overall,Overall,35,4,41,-1.5,-0.465427,0.047462,977,2,
2,69,Overall,Overall,35,4,41,-2.0,-2.640879,0.533801,868,27,
2,70,Overall,Overall,35,11,41,0.0,-0.897698,0.304433,955,15,
2,71,Overall,Overall,35,25,41,1.0,1.426157,0.226784,1071,11,
2,72,Overall,Overall,35,20,41,0.5,0.94441,0.362647,1047,18,
2,73,Overall,Overall,35,7,41,-1.0,-1.901107,0.769291,905,38,
2,74,Overall,Overall,35,12,41,0.0,0.059119,0.29669,1003,15,
2,75,Overall,Overall,35,6,41,-2.0,-2.959559,0.550831,852,28,
2,76,Overall,Overall,35,15,41,0.0,0.171388,0.151686,1009,8,
2,77,Overall,Overall,35,10,41,-0.5,-0.270912,0.476973,986,24,
2,78,Overall,Overall,35,21,41,1.0,0.21389,0.228434,1011,11,
2,79,Overall,Overall,35,9,41,-0.5,-1.009006,0.097976,950,5,
2,80,Overall,Overall,35,7,41,-1.5,-0.909966,1.08305,955,54,
2,81,Overall,Overall,35,13,41,0.0,-0.081382,0.240668,996,12,
2,82,Overall,Overall,35,8,41,-0.5,-0.373421,0.920523,981,46,
2,83,Overall,Overall,35,12,41,-0.5,-0.413353,0.420186,979,21,
2,84,Overall,Overall,35,18,41,1.0,0.492354,0.421278,1025,21,
2,85,Overall,Overall,35,6,41,-1.0,-1.740522,0.188641,913,9,
2,86,Overall,Overall,35,16,41,0.5,0.683198,0.283573,1034,14,
2,87,Overall,Overall,35,14,41,0.0,-0.363589,0.568093,982,28,
2,88,Overall,Overall,35,7,41,-1.0,-1.525417,0.521883,924,26,
2,89,Overall,Overall,35,22,41,1.5,1.868729,0.501905,1093,25,
2,90,Overall,Overall,35,2,41,-2.0,-4.193873,1.450758,790,73,
2,91,Overall,Overall,35,8,41,-1.0,-1.730717,0.924086,913,46,
2,92,Overall,Overall,35,12,41,0.5,-0.205377,0.447381,990,22,
2,93,Overall,Overall,35,3,41,-2.0,-2.965822,0.189074,852,9,
2,94,Overall,Overall,35,4,41,-1.5,-2.366425,0.885902,882,44,
2,95,Overall,Overall,35,26,41,2.0,1.846418,0.176423,1092,9,
2,96,Overall,Overall,35,4,41,-1.5,-2.08867,0.839494,896,42,
2,97,Overall,Overall,35,12,41,-0.5,-0.789943,0.146855,961,7,
2,98,Overall,Overall,35,16,41,1.0,0.731038,0.316704,1037,16,
2,99,Overall,Overall,35,26,41,1.5,1.778129,0.164253,1089,8,
2,100,Overall,Overall,35,22,41,1.0,1.797738,0.279485,1090,14,
2,101,Overall,Overall,35,4,41,-2.0,-1.6382,0.518315,918,26,
2,102,Overall,Overall,35,26,41,2.0,1.458144,0.354754,1073,18,
2,103,Overall,Overall,35,9,41,-0.5,-0.204723,0.240699,990,12,
2,104,Overall,Overall,35,24,41,1.5,1.057333,0.223997,1053,11,
2,105,Overall,Overall,35,9,41,-1.0,-1.220695,0.859411,939,43,
2,106,Overall,Overall,35,21,41,1.5,2.429726,0.144115,1121,7,
2,107,Overall,Overall,35,4,41,-2.0,-2.590183,1.749582,870,87,
2,108,Overall,Overall,35,24,41,1.0,0.757127,0.295317,1038,15,
2,109,Overall,Overall,35,17,41,0.5,0.227712,0.466979,1011,23,
2,110,Overall,Overall,35,9,41,-1.0,-0.840753,0.676102,958,34,
2,111,Overall,Overall,35,21,41,1.0,1.059077,0.615964,1053,31,
2,112,Overall,Overall,35,10,41,-1.0,0.188867,0.589385,1009,29,
2,113,Overall,Overall,35,6,41,-2.0,-1.39728,0.265136,930,13,
2,114,Overall,Overall,35,28,41,2.0,1.539706,0.349766,1077,17,
2,115,Overall,Overall,35,11,41,-1.0,-0.597294,0.23104,970,12,
2,116,Overall,Overall,35,10,41,-0.5,-0.105074,0.110871,995,6,
2,117,Overall,Overall,35,19,41,1.0,1.812316,0.292834,1091,15,
2,118,Overall,Overall,35,22,41,1.0,0.796491,0.560358,1040,28,
2,119,Overall,Overall,35,16,41,0.0,-0.145977,0.357676,993,18,
2,120,Overall,Overall,35,5,41,-1.5,-1.192627,0.253286,940,13,
2,121,Overall,Overall,35,25,41,2.0,1.595454,0.24179,1080,12,
2,122,Overall,Overall,35,15,41,0.0,-0.811795,0.184917,959,9,
2,123,Overall,Overall,35,20,41,0.5,0.987037,0.608365,1049,30,
2,124,Overall,Overall,35,13,41,0.5,0.36958,0.430281,1018,22,
2,125,Overall,Overall,35,26,41,1.5,2.430832,0.446125,1122,22,
2,126,Overall,Overall,35,21,41,0.5,0.78303,0.441392,1039,22,
2,127,Overall,Overall,35,15,41,0.0,0.547441,0.489542,1027,24,
2,128,Overall,Overall,35,16,41,0.5,1.035758,0.521259,1052,26,
2,129,Overall,Overall,35,7,41,-1.5,-1.190573,0.395985,940,20,
2,130,Overall,Overall,35,18,41,1.0,0.574837,0.42454,1029,21,
2,131,Overall,Overall,35,16,41,0.5,0.664786,0.544141,1033,27,
2,132,Overall,Overall,35,25,41,1.5,1.802509,0.22959,1090,11,
2,133,Overall,Overall,35,5,41,-2.0,-2.054312,0.799667,897,40,
2,134,Overall,Overall,35,8,41,-0.5,-1.377061,0.66033,931,33,
2,135,Overall,Overall,35,20,41,0.0,-0.310492,0.300414,984,15,
2,136,Overall,Overall,35,13,41,0.0,0.064186,0.423168,1003,21,
2,137,Overall,Overall,35,11,41,-1.0,-0.889512,0.151317,956,8,
2,138,Overall,Overall,35,8,41,-1.0,-0.823277,0.455951,959,23,
2,139,Overall,Overall,35,9,41,-1.5,-0.410452,0.217606,979,11,
2,140,Overall,Overall,35,7,41,-0.5,-1.425439,0.283036,929,14,
2,141,Overall,Overall,35,29,41,2.0,2.562233,0.314489,1128,16,
2,142,Overall,Overall,35,10,41,-0.5,-1.358717,0.555849,932,28,
2,143,Overall,Overall,35,24,41,1.0,0.217716,0.466788,1011,23,
2,144,Overall,Overall,35,17,41,0.5,0.24855,0.672038,1012,34,
2,145,Overall,Overall,35,5,41,-1.5,-1.56981,0.085858,922,4,
2,146,Overall,Overall,35,26,41,1.5,0.814682,0.439438,1041,22,
2,147,Overall,Overall,35,7,41,-0.5,-2.811051,0.475467,859,24,
2,148,Overall,Overall,35,26,41,1.5,2.113617,0.315933,1106,16,
2,149,Overall,Overall,35,21,41,1.0,0.676754,0.261079,1034,13,
2,150,Overall,Overall,35,15,41,0.0,0.047916,0.259117,1002,13,
2,151,Overall,Overall,35,11,41,-0.5,-1.506195,0.376032,925,19,
2,152,Overall,Overall,35,6,41,-1.5,-1.498292,0.471787,925,24,
2,153,Overall,Overall,35,4,41,-2.0,-3.293982,1.344213,835,67,
2,154,Overall,Overall,35,22,41,1.5,1.573824,0.267491,1079,13,
2,155,Overall,Overall,35,9,41,-1.0,-0.323508,0.158422,984,8,
2,156,Overall,Overall,35,8,41,-1.5,-0.619482,0.314765,969,16,
2,157,Overall,Overall,35,4,41,-2.0,-1.535572,0.518664,923,26,
2,158,Overall,Overall,35,7,41,-1.5,-1.906268,0.934975,905,47,
2,159,Overall,Overall,35,26,41,1.5,1.838586,0.441282,1092,22,
2,160,Overall,Overall,35,7,41,-1.5,-2.021689,0.313681,899,16,
2,161,Overall,Overall,35,7,41,-2.0,-1.871216,0.506081,906,25,
2,162,Overall,Overall,35,10,41,-1.5,-1.284208,0.579431,936,29,
2,163,Overall,Overall,35,18,41,1.0,0.106691,0.399877,1005,20,
2,164,Overall,Overall,35,25,41,2.0,2.57475,0.239138,1129,12,
2,165,Overall,Overall,35,28,41,1.5,1.572134,0.348599,1079,17,
2,166,Overall,Overall,35,21,41,1.0,0.948806,0.360251,1047,18,
2,167,Overall,Overall,35,25,41,1.0,1.094915,0.403767,1055,20,
2,168,Overall,Overall,35,24,41,1.5,1.459527,0.390997,1073,20,
2,169,Overall,Overall,35,4,41,-2.0,-3.550345,0.42949,822,21,
2,170,Overall,Overall,35,6,41,-1.5,-1.411987,0.440518,929,22,
2,171,Overall,Overall,35,12,41,-0.5,-0.056547,0.254806,997,13,
2,172,Overall,Overall,35,23,41,2.0,2.115759,0.282901,1106,14,
2,173,Overall,Overall,35,25,41,1.5,1.999875,0.396154,1100,20,
2,174,Overall,Overall,35,17,41,0.0,-0.071506,0.108521,996,5,
2,175,Overall,Overall,35,28,41,2.0,2.250247,0.572755,1113,29,
2,176,Overall,Overall,35,14,41,0.5,-0.207392,0.717023,990,36,
2,177,Overall,Overall,35,11,41,0.0,-1.226794,0.273236,939,14,
2,178,Overall,Overall,35,11,41,0.0,0.355309,0.239389,1018,12,
2,179,Overall,Overall,35,22,41,1.0,1.358428,0.600201,1068,30,
2,180,Overall,Overall,35,9,41,-1.5,-1.178973,0.631612,941,32,
2,181,Overall,Overall,35,6,41,-1.5,-2.76346,0.435531,862,22,
2,182,Overall,Overall,35,23,41,1.5,1.049103,0.217225,1052,11,
2,183,Overall,Overall,35,7,41,-2.0,-2.196926,0.283576,890,14,
2,184,Overall,Overall,35,6,41,-0.5,-1.953128,0.762916,902,38,
2,185,Overall,Overall,35,17,41,1.0,0.714712,0.579389,1036,29,
2,186,Overall,Overall,35,12,41,0.0,0.662373,0.21301,1033,11,
2,187,Overall,Overall,35,9,41,-1.0,-1.928573,0.937829,904,47,
2,188,Overall,Overall,35,9,41,-0.5,-1.089997,0.526801,946,26,
2,189,Overall,Overall,35,4,41,-2.0,-1.483623,0.997624,926,50,
2,190,Overall,Overall,35,15,41,1.0,1.074096,0.142455,1054,7,
2,191,Overall,Overall,35,26,41,1.5,1.347731,0.256646,1067,13,
2,192,Overall,Overall,35,21,41,1.0,1.250288,0.548425,1063,27,
2,193,Overall,Overall,35,3,41,-2.0,-2.525449,0.95945,874,48,
2,194,Overall,Overall,35,13,41,0.5,0.170679,0.264562,1009,13,
2,195,Overall,Overall,35,7,41,-1.5,-2.556825,0.663009,872,33,
2,196,Overall,Overall,35,28,41,1.5,1.642177,0.554104,1082,28,
2,197,Overall,Overall,35,9,41,-1.0,-1.102611,0.368761,945,18,
2,198,Overall,Overall,35,15,41,0.5,0.59587,0.496899,1030,25,
2,199,Overall,Overall,35,23,41,1.5,1.824157,0.174848,1091,9,
2,200,Overall,Overall,35,20,41,0.5,0.339155,0.245792,1017,12,
2,201,Overall,Overall,35,23,41,1.5,1.37846,0.249564,1069,12,
2,202,Overall,Overall,35,7,41,-1.5,-0.980318,0.64805,951,32,
2,203,Overall,Overall,35,14,41,0.0,0.084783,0.19378,1004,10,
2,204,Overall,Overall,35,4,41,-2.0,-1.976993,0.344912,901,17,
2,205,Overall,Overall,35,23,41,1.5,0.963464,0.43937,1048,22,
2,206,Overall,Overall,35,5,41,-1.0,-1.2008,0.477489,940,24,
2,207,Overall,Overall,35,15,41,1.0,0.316134,0.34636,1016,17,
2,208,Overall,Overall,35,22,41,1.5,1.32004,0.389928,1066,19,
2,209,Overall,Overall,35,19,41,0.5,0.110628,0.239981,1006,12,
2,210,Overall,Overall,35,26,41,2.0,2.10461,0.241809,1105,12,
2,211,Overall,Overall,35,22,41,1.5,1.62434,0.696251,1081,35,
2,212,Overall,Overall,35,17,41,0.5,0.908801,0.31895,1045,16,
2,213,Overall,Overall,35,5,41,-2.0,-1.80313,1.1227,910,56,
2,214,Overall,Overall,35,20,41,2.0,1.678534,0.091426,1084,5,
2,215,Overall,Overall,35,16,41,0.5,0.442291,0.418196,1022,21,
2,216,Overall,Overall,35,14,41,0.0,0.112582,0.201847,1006,10,
2,217,Overall,Overall,35,8,41,-2.0,-1.108153,0.711768,945,36,
2,218,Overall,Overall,35,23,41,0.5,1.109604,0.234138,1055,12,
2,219,Overall,Overall,35,25,41,1.5,2.370487,0.521014,1119,26,
2,220,Overall,Overall,35,11,41,-0.5,-0.984983,0.230263,951,12,
2,221,Overall,Overall,35,4,41,-2.0,-3.092618,0.376263,845,19,
2,222,Overall,Overall,35,17,41,1.0,0.685249,0.311142,1034,16,
2,223,Overall,Overall,35,19,41,0.5,1.202601,0.63903,1060,32,
2,224,Overall,Overall,35,11,41,-0.5,0.255459,0.507627,1013,25,
2,225,Overall,Overall,35,23,41,1.5,1.100812,0.105917,1055,5,
2,226,Overall,Overall,35,10,41,-1.5,-1.243038,0.427459,938,21,
2,227,Overall,Overall,35,23,41,2.0,2.072769,0.244855,1104,12,
2,228,Overall,Overall,35,20,41,1.0,1.386078,0.350338,1069,18,
2,229,Overall,Overall,35,6,41,-1.5,-2.521206,0.754713,874,38,
2,230,Overall,Overall,35,34,41,2.0,2.24479,0.290638,1112,15,
2,231,Overall,Overall,35,5,41,-1.5,-2.005352,0.715048,900,36,
2,232,Overall,Overall,35,28,41,2.0,1.630741,0.289404,1082,14,
2,233,Overall,Overall,35,2,41,-2.0,-3.365889,0.780216,832,39,
2,234,Overall,Overall,35,15,41,0.0,-0.042557,0.268632,998,13,
2,235,Overall,Overall,35,28,41,2.0,2.163697,0.483613,1108,24,
2,236,Overall,Overall,35,15,41,0.5,0.682811,0.374943,1034,19,
2,237,Overall,Overall,35,5,41,-1.0,-3.349434,1.626267,833,81,
2,238,Overall,Overall,35,10,41,-0.5,-0.760905,0.325174,962,16,
2,239,Overall,Overall,35,16,41,0.5,0.23079,0.391322,1012,20,
2,240,Overall,Overall,35,9,41,-1.5,-1.822585,0.661171,909,33,
2,241,Overall,Overall,35,6,41,-2.0,-1.959454,0.967075,902,48,
2,242,Overall,Overall,35,34,41,2.0,1.907474,0.197191,1095,10,
2,243,Overall,Overall,35,12,41,-1.0,-1.89945,0.170231,905,9,
2,244,Overall,Overall,35,19,41,1.0,1.296716,0.200181,1065,10,
2,245,Overall,Overall,35,5,41,-2.0,-1.710704,0.505957,914,25,
2,246,Overall,Overall,35,7,41,-2.0,-1.775287,0.707722,911,35,
2,247,Overall,Overall,35,25,41,1.5,1.199383,0.354533,1060,18,
2,248,Overall,Overall,35,8,41,-1.5,-1.235399,0.440175,938,22,
2,249,Overall,Overall,35,23,41,1.5,1.469824,0.255215,1073,13,
2,250,Overall,Overall,35,16,41,0.5,0.652265,0.211555,1033,11,
2,251,Overall,Overall,35,5,41,-1.5,-0.652194,0.350345,967,18,
2,252,Overall,Overall,35,7,41,-1.5,-1.404668,0.294978,930,15,
2,253,Overall,Overall,35,22,41,1.5,1.439106,0.713633,1072,36,
2,254,Overall,Overall,35,26,41,2.0,1.43579,0.655618,1072,33,
2,255,Overall,Overall,35,17,41,0.0,0.551704,0.519167,1028,26,
2,256,Overall,Overall,35,17,41,0.5,0.509578,0.242062,1025,12,
2,257,Overall,Overall,35,25,41,1.5,1.386369,0.171281,1069,9,
2,258,Overall,Overall,35,12,41,0.0,-0.797345,0.154959,960,8,
2,259,Overall,Overall,35,16,41,0.0,0.17959,0.416122,1009,21,
2,260,Overall,Overall,35,11,41,-0.5,-0.53038,0.189398,973,9,
2,261,Overall,Overall,35,13,41,-0.5,-1.046483,0.301164,948,15,
2,262,Overall,Overall,35,10,41,-1.0,-1.013976,0.26603,949,13,
2,263,Overall,Overall,35,28,41,2.0,1.77158,0.267205,1089,13,
2,264,Overall,Overall,35,13,41,0.0,0.484382,0.226654,1024,11,
2,265,Overall,Overall,35,3,41,-2.0,-2.129082,0.395495,894,20,
2,266,Overall,Overall,35,27,41,1.5,1.908356,0.376888,1095,19,
2,267,Overall,Overall,35,23,41,1.5,0.591705,0.341402,1030,17,
2,268,Overall,Overall,35,28,41,2.0,2.492441,0.151673,1125,8,
2,269,Overall,Overall,35,20,41,1.0,0.410386,0.209142,1021,10,
2,270,Overall,Overall,35,6,41,-1.0,-0.811288,0.769034,959,38,
2,271,Overall,Overall,35,23,41,2.0,2.088272,0.16702,1104,8,
2,272,Overall,Overall,35,22,41,1.0,1.627809,0.388875,1081,19,
2,273,Overall,Overall,35,19,41,1.5,0.843068,0.468927,1042,23,
2,274,Overall,Overall,35,5,41,-1.5,-0.933528,0.857819,953,43,
2,275,Overall,Overall,35,10,41,-1.0,-0.956204,0.150147,952,8,
2,276,Overall,Overall,35,7,41,-1.0,-1.086711,0.472836,946,24,
2,277,Overall,Overall,35,15,41,0.0,0.267678,0.232882,1013,12,
2,278,Overall,Overall,35,23,41,1.0,1.339914,0.471327,1067,24,
2,279,Overall,Overall,35,12,41,-0.5,-0.13381,0.152831,993,8,
2,280,Overall,Overall,35,10,41,-1.0,-1.977364,0.175528,901,9,
2,281,Overall,Overall,35,2,41,-1.0,-2.929923,1.082382,854,54,
2,282,Overall,Overall,35,7,41,-1.0,-1.269476,0.696083,937,35,
2,283,Overall,Overall,35,13,41,0.0,-0.626337,0.240593,969,12,
2,284,Overall,Overall,35,11,41,0.0,-1.49951,0.148359,925,7,
2,285,Overall,Overall,35,4,41,-2.0,-3.360574,0.424259,832,21,
2,286,Overall,Overall,35,5,41,-2.0,-2.321736,0.370585,884,19,
2,287,Overall,Overall,35,29,41,1.5,1.494848,0.393358,1075,20,
2,288,Overall,Overall,35,19,41,0.5,1.084905,0.422172,1054,21,
2,289,Overall,Overall,35,25,41,2.0,1.057433,0.299511,1053,15,
2,290,Overall,Overall,35,16,41,0.5,0.600849,0.412526,1030,21,
2,291,Overall,Overall,35,9,41,0.0,-0.014265,0.25136,999,13,
2,292,Overall,Overall,35,10,41,-0.5,-0.473354,0.371438,976,19,
2,293,Overall,Overall,35,18,41,0.5,0.542492,0.364241,1027,18,
2,294,Overall,Overall,35,22,41,1.5,1.972675,0.26247,1099,13,
2,295,Overall,Overall,35,7,41,-1.5,-1.977364,0.482217,901,24,
2,296,Overall,Overall,35,12,41,0.5,0.455687,0.182391,1023,9,
2,297,Overall,Overall,35,5,41,-2.0,-1.481309,0.736674,926,37,
2,298,Overall,Overall,35,6,41,-2.0,-1.655979,0.408062,917,20,
2,299,Overall,Overall,35,7,41,-0.5,-1.003867,0.727117,950,36,
2,300,Overall,Overall,35,13,41,0.5,0.533479,0.25938,1027,13,
2,301,Overall,Overall,35,7,41,-1.5,-3.245387,0.868066,838,43,
2,302,Overall,Overall,35,30,41,2.0,1.913654,0.274654,1096,14,
2,303,Overall,Overall,35,7,41,-2.0,-1.876401,0.802446,906,40,
2,304,Overall,Overall,35,14,41,0.0,0.179373,0.340657,1009,17,
2,305,Overall,Overall,35,23,41,1.5,1.40511,0.290794,1070,15,
2,306,Overall,Overall,35,5,41,-2.0,-2.643207,1.452324,868,73,
2,307,Overall,Overall,35,32,41,2.0,2.458471,0.492415,1123,25,
2,308,Overall,Overall,35,6,41,-2.0,-2.177,0.36327,891,18,
2,309,Overall,Overall,35,19,41,0.5,0.840339,0.303243,1042,15,
2,310,Overall,Overall,35,6,41,-1.5,-1.38682,0.486374,931,24,
2,311,Overall,Overall,35,4,41,-1.5,-1.514491,0.325791,924,16,
2,312,Overall,Overall,35,29,41,2.0,2.61337,0.29662,1131,15,
2,313,Overall,Overall,35,19,41,1.0,0.625917,0.195198,1031,10,
2,314,Overall,Overall,35,12,41,0.0,-0.047985,0.174593,998,9,
2,315,Overall,Overall,35,11,41,0.0,0.001368,0.234455,1000,12,
2,316,Overall,Overall,35,29,41,2.0,2.067414,0.057397,1103,3,
2,317,Overall,Overall,35,9,41,-1.0,-1.147338,0.263319,943,13,
2,318,Overall,Overall,35,27,41,2.0,1.899137,0.222279,1095,11,
2,319,Overall,Overall,35,2,41,-2.0,-2.298352,0.262443,885,13,
2,320,Overall,Overall,35,26,41,1.5,1.255997,0.31756,1063,16,
2,321,Overall,Overall,35,25,41,1.5,2.273622,0.062751,1114,3,
2,322,Overall,Overall,35,10,41,-0.5,-1.6767,0.654943,916,33,
2,323,Overall,Overall,35,8,41,-0.5,0.310989,0.18555,1016,9,
2,324,Overall,Overall,35,11,41,-0.5,-0.712033,0.43311,964,22,
2,325,Overall,Overall,35,24,41,2.0,2.317815,0.384259,1116,19,
2,326,Overall,Overall,35,24,41,1.0,1.843363,0.483652,1092,24,
2,327,Overall,Overall,35,6,41,-1.0,-1.458465,0.260378,927,13,
2,328,Overall,Overall,35,5,41,-1.5,-0.996158,0.150567,950,8,
2,329,Overall,Overall,35,12,41,-0.5,-0.988385,0.405699,951,20,
2,330,Overall,Overall,35,9,41,-0.5,0.174459,0.807344,1009,40,
2,331,Overall,Overall,35,10,41,-0.5,-1.313787,0.412515,934,21,
2,332,Overall,Overall,35,22,41,1.0,0.95954,0.42789,1048,21,
2,333,Overall,Overall,35,9,41,-0.5,-0.296,0.528149,985,26,
2,334,Overall,Overall,35,22,41,1.5,1.43808,0.25993,1072,13,
2,335,Overall,Overall,35,9,41,-0.5,-1.175452,0.703694,941,35,
2,336,Overall,Overall,35,10,41,-1.5,-1.030941,0.133027,948,7,
2,337,Overall,Overall,35,6,41,-1.5,-2.434794,1.408922,878,70,
2,338,Overall,Overall,35,5,41,-2.0,-2.588958,1.244807,871,62,
2,339,Overall,Overall,35,4,41,-1.5,-2.35435,0.213272,882,11,
2,340,Overall,Overall,35,23,41,1.0,0.984828,0.185055,1049,9,
2,341,Overall,Overall,35,12,41,0.5,-0.409901,0.060361,980,3,
2,342,Overall,Overall,35,10,41,-0.5,-0.752434,0.179725,962,9,
2,343,Overall,Overall,35,18,41,1.0,-0.063081,0.531998,997,27,
2,344,Overall,Overall,35,26,41,2.0,2.329429,0.423862,1116,21,
2,345,Overall,Overall,35,7,41,-1.5,-2.325777,0.457732,884,23,
2,346,Overall,Overall,35,25,41,1.5,1.849353,0.255894,1092,13,
2,347,Overall,Overall,35,27,41,1.5,0.998922,0.597386,1050,30,
2,348,Overall,Overall,35,9,41,-2.0,-1.586459,0.281506,921,14,
2,349,Overall,Overall,35,11,41,-1.5,-1.858772,0.529622,907,26,
2,350,Overall,Overall,35,26,41,1.5,1.41901,0.505749,1071,25,
2,351,Overall,Overall,35,16,41,0.0,0.544893,0.28807,1027,14,
2,352,Overall,Overall,35,22,41,0.5,0.585782,0.167063,1029,8,
2,353,Overall,Overall,35,11,41,-1.0,-0.516896,0.294905,974,15,
2,354,Overall,Overall,35,12,41,0.0,-0.059342,0.375065,997,19,
2,355,Overall,Overall,35,25,41,1.0,1.641758,0.3822,1082,19,
2,356,Overall,Overall,35,12,41,0.5,0.656231,0.198757,1033,10,
2,357,Overall,Overall,35,23,41,0.5,0.022375,0.194656,1001,10,
2,358,Overall,Overall,35,5,41,-1.0,-2.056063,0.886922,897,44,
2,359,Overall,Overall,35,22,41,1.5,2.113379,0.269979,1106,13,
2,360,Overall,Overall,35,25,41,1.0,1.364997,0.336276,1068,17,
2,361,Overall,Overall,35,6,41,-2.0,-0.703939,0.39379,965,20,
2,362,Overall,Overall,35,12,41,-1.5,-0.644814,0.696449,968,35,
2,363,Overall,Overall,35,3,41,-2.0,-2.343695,0.694226,883,35,
2,364,Overall,Overall,35,14,41,0.5,0.214347,0.486301,1011,24,
2,365,Overall,Overall,35,7,41,-1.0,-1.663003,0.863216,917,43,
2,366,Overall,Overall,35,5,41,-1.5,-1.161204,0.27759,942,14,
2,367,Overall,Overall,35,5,41,-1.5,-1.616124,0.120946,919,6,
2,368,Overall,Overall,35,11,41,0.0,0.475779,0.261954,1024,13,
2,369,Overall,Overall,35,20,41,0.5,0.766498,0.307852,1038,15,
2,370,Overall,Overall,35,23,41,1.5,1.589502,0.241744,1079,12,
2,371,Overall,Overall,35,7,41,-2.0,-1.474001,0.756253,926,38,
2,372,Overall,Overall,35,26,41,2.0,2.624023,0.577909,1131,29,
2,373,Overall,Overall,35,5,41,-1.5,-0.917982,0.256414,954,13,
2,374,Overall,Overall,35,18,41,0.5,0.330322,0.212512,1017,11,
2,375,Overall,Overall,35,21,41,1.0,0.944981,0.425973,1047,21,
2,376,Overall,Overall,35,11,41,-0.5,-0.392013,0.467954,980,23,
2,377,Overall,Overall,35,15,41,0.0,-0.029561,0.308133,999,15,
2,378,Overall,Overall,35,5,41,-2.0,-2.806834,1.070446,860,54,
2,379,Overall,Overall,35,24,41,1.5,1.630998,0.370521,1082,19,
2,380,Overall,Overall,35,15,41,0.0,0.107664,0.593182,1005,30,
2,381,Overall,Overall,35,25,41,1.5,1.475221,0.340048,1074,17,
2,382,Overall,Overall,35,9,41,-1.0,-1.397215,0.532329,930,27,
2,383,Overall,Overall,35,9,41,-0.5,-0.065275,0.167714,997,8,
2,384,Overall,Overall,35,23,41,1.5,2.073915,0.094667,1104,5,
2,385,Overall,Overall,35,24,41,2.0,1.75205,0.331262,1088,17,
2,386,Overall,Overall,35,22,41,1.0,1.027638,0.350838,1051,18,
2,387,Overall,Overall,35,14,41,0.0,-0.373101,0.42961,981,21,
2,388,Overall,Overall,35,27,41,2.0,1.307886,0.546842,1065,27,
2,389,Overall,Overall,35,15,41,-0.5,0.033074,0.324485,1002,16,
2,390,Overall,Overall,35,14,41,-0.5,-0.22852,0.346331,989,17,
2,391,Overall,Overall,35,4,41,-2.0,-2.172339,1.029107,891,51,
2,392,Overall,Overall,35,16,41,0.0,0.541097,0.554068,1027,28,
2,393,Overall,Overall,35,17,41,0.5,-0.023259,0.363007,999,18,
2,394,Overall,Overall,35,6,41,-2.0,-2.265099,0.970714,887,49,
2,395,Overall,Overall,35,9,41,0.0,-0.347688,0.355674,983,18,
2,396,Overall,Overall,35,14,41,0.0,-0.07337,0.507667,996,25,
2,397,Overall,Overall,35,20,41,1.0,1.145597,0.174757,1057,9,
2,398,Overall,Overall,35,17,41,0.0,-0.054488,0.19694,997,10,
2,399,Overall,Overall,35,14,41,0.0,-0.010782,0.563457,999,28,
2,400,Overall,Overall,35,10,41,-0.5,-0.225228,0.66976,989,33,
2,401,Overall,Overall,35,0,41,-2.0,-3.920686,0.311005,804,16,
2,402,Overall,Overall,35,11,41,0.0,-1.599534,0.911875,920,46,
2,403,Overall,Overall,35,13,41,-0.5,-0.360407,0.548725,982,27,
2,404,Overall,Overall,35,29,41,2.0,2.132313,0.503539,1107,25,
2,405,Overall,Overall,35,6,41,-1.0,-0.969734,0.258306,952,13,
2,406,Overall,Overall,35,14,41,0.0,-0.383693,0.210424,981,11,
2,407,Overall,Overall,35,8,41,-1.0,-1.254391,0.593943,937,30,
2,408,Overall,Overall,35,11,41,0.0,0.009088,0.114666,1000,6,
2,409,Overall,Overall,35,18,41,0.5,-0.042818,0.367399,998,18,
2,410,Overall,Overall,35,5,41,-1.5,-1.989641,0.371388,901,19,
2,411,Overall,Overall,35,9,41,-1.0,-1.809054,0.085761,910,4,
2,412,Overall,Overall,35,11,41,-1.0,-0.407314,0.186615,980,9,
2,413,Overall,Overall,35,30,41,2.0,1.546687,0.201403,1077,10,
2,414,Overall,Overall,35,15,41,0.0,0.374634,0.209827,1019,10,
2,415,Overall,Overall,35,28,41,1.5,1.918374,0.389145,1096,19,
2,416,Overall,Overall,35,26,41,2.0,2.102475,0.474309,1105,24,
2,417,Overall,Overall,35,23,41,1.5,2.111,0.252,1106,13,
2,418,Overall,Overall,35,5,41,-1.5,-0.969593,0.059066,952,3,
2,419,Overall,Overall,35,4,41,-1.5,-0.077041,0.157359,996,8,
2,420,Overall,Overall,35,26,41,2.0,3.239305,0.652955,1162,33,
2,421,Overall,Overall,35,7,41,-1.0,-0.946933,0.25899,953,13,
2,422,Overall,Overall,35,6,41,-1.0,0.013215,0.368111,1001,18,
2,423,Overall,Overall,35,5,41,-1.5,-0.623357,0.236769,969,12,
2,424,Overall,Overall,35,25,41,2.0,2.132728,0.258095,1107,13,
2,425,Overall,Overall,35,27,41,2.0,1.769793,0.192326,1088,10,
2,426,Overall,Overall,35,7,41,-1.0,-0.411136,0.32802,979,16,
2,427,Overall,Overall,35,2,41,-2.0,-2.114305,0.76307,894,38,
2,428,Overall,Overall,35,23,41,1.0,0.849434,0.59104,1042,30,
2,429,Overall,Overall,35,15,41,0.5,-1.180287,0.763034,941,38,
2,430,Overall,Overall,35,13,41,0.0,0.152705,0.732194,1008,37,
2,431,Overall,Overall,35,8,41,-1.0,-1.113599,0.313332,944,16,
2,432,Overall,Overall,35,27,41,2.0,1.905729,0.33929,1095,17,
2,433,Overall,Overall,35,23,41,1.5,1.154742,0.309016,1058,15,
2,434,Overall,Overall,35,3,41,-2.0,-1.897189,0.23346,905,12,
2,435,Overall,Overall,35,21,41,0.5,-0.139283,0.047623,993,2,
2,436,Overall,Overall,35,11,41,0.0,0.28239,0.273843,1014,14,
2,437,Overall,Overall,35,12,41,-1.0,-1.070611,0.67842,946,34,
2,438,Overall,Overall,35,24,41,2.0,2.270262,0.609771,1114,30,
2,439,Overall,Overall,35,5,41,-1.5,-1.212539,0.108794,939,5,
2,440,Overall,Overall,35,9,41,-0.5,-1.954435,0.40302,902,20,
2,441,Overall,Overall,35,18,41,1.0,0.622468,0.232985,1031,12,
2,442,Overall,Overall,35,5,41,-2.0,-0.627407,0.30049,969,15,
2,443,Overall,Overall,35,6,41,-1.5,-1.811329,0.264287,909,13,
2,444,Overall,Overall,35,16,41,1.0,1.339378,0.114461,1067,6,
2,445,Overall,Overall,35,8,41,-2.0,-0.79353,0.323107,960,16,
2,446,Overall,Overall,35,6,41,-1.0,-1.027758,0.70996,949,35,
2,447,Overall,Overall,35,18,41,0.5,0.747722,0.266991,1037,13,
2,448,Overall,Overall,35,15,41,0.5,0.012346,0.171854,1001,9,
2,449,Overall,Overall,35,24,41,1.0,1.781797,0.301847,1089,15,
2,450,Overall,Overall,35,19,41,1.0,-0.02274,0.330381,999,17,
2,451,Overall,Overall,35,2,41,-1.5,-2.115294,0.506926,894,25,
2,452,Overall,Overall,35,17,41,0.5,0.732745,0.25463,1037,13,
2,453,Overall,Overall,35,7,41,-1.0,-0.890841,0.545388,955,27,
2,454,Overall,Overall,35,18,41,0.5,0.771738,0.314262,1039,16,
2,455,Overall,Overall,35,10,41,-1.0,-0.591936,0.732717,970,37,
2,456,Overall,Overall,35,17,41,0.5,0.99696,0.285898,1050,14,
2,457,Overall,Overall,35,23,41,1.5,1.340794,0.357262,1067,18,
2,458,Overall,Overall,35,12,41,-0.5,-0.576945,0.484443,971,24,
2,459,Overall,Overall,35,20,41,1.0,1.38684,0.297752,1069,15,
2,460,Overall,Overall,35,10,41,-0.5,-0.59503,0.592244,970,30,
2,461,Overall,Overall,35,33,41,2.0,1.574904,0.280913,1079,14,
2,462,Overall,Overall,35,18,41,0.5,0.795693,0.295629,1040,15,
2,463,Overall,Overall,35,16,41,0.5,0.395217,0.283953,1020,14,
2,464,Overall,Overall,35,8,41,-1.5,-1.500062,0.653229,925,33,
2,465,Overall,Overall,35,27,41,2.0,1.736824,0.425349,1087,21,
2,466,Overall,Overall,35,9,41,-1.0,-0.750229,0.661751,962,33,
2,467,Overall,Overall,35,24,41,2.0,2.142397,0.243674,1107,12,
2,468,Overall,Overall,35,12,41,-0.5,-0.899698,0.107785,955,5,
2,469,Overall,Overall,35,31,41,2.0,1.419096,0.110427,1071,6,
2,470,Overall,Overall,35,13,41,-0.5,-0.325897,0.155863,984,8,
2,471,Overall,Overall,35,19,41,1.0,1.196764,0.242642,1060,12,
2,472,Overall,Overall,35,6,41,-1.0,-0.171601,0.273903,991,14,
2,473,Overall,Overall,35,15,41,0.5,1.032883,0.096493,1052,5,
2,474,Overall,Overall,35,5,41,-0.5,-0.780131,0.649149,961,32,
2,475,Overall,Overall,35,6,41,-2.0,-0.971083,0.709023,951,35,
2,476,Overall,Overall,35,7,41,-1.5,-2.686706,0.848914,866,42,
2,477,Overall,Overall,35,16,41,0.5,1.309006,0.155778,1065,8,
2,478,Overall,Overall,35,22,41,1.0,0.9234,0.440492,1046,22,
2,479,Overall,Overall,35,7,41,-1.5,-1.099916,0.625372,945,31,
2,480,Overall,Overall,35,28,41,2.0,2.141962,0.171119,1107,9,
2,481,Overall,Overall,35,25,41,1.5,1.248224,0.159401,1062,8,
2,482,Overall,Overall,35,26,41,2.0,2.206611,0.144275,1110,7,
2,483,Overall,Overall,35,12,41,-1.5,-0.789114,0.101323,961,5,
2,484,Overall,Overall,35,26,41,1.5,0.738988,0.256695,1037,13,
2,485,Overall,Overall,35,17,41,0.5,-0.169215,0.307577,992,15,
2,486,Overall,Overall,35,21,41,1.0,1.339332,0.292941,1067,15,
2,487,Overall,Overall,35,4,41,-2.0,-2.582508,0.283101,871,14,
2,488,Overall,Overall,35,4,41,-1.5,-1.087803,0.862847,946,43,
2,489,Overall,Overall,35,20,41,1.5,0.993792,0.492137,1050,25,
2,490,Overall,Overall,35,5,41,-1.5,-0.464107,0.203416,977,10,
2,491,Overall,Overall,35,5,41,-1.5,-0.361262,0.164922,982,8,
2,492,Overall,Overall,35,9,41,-1.5,-1.712758,0.26638,914,13,
2,493,Overall,Overall,35,18,41,1.0,0.884301,0.402234,1044,20,
2,494,Overall,Overall,35,10,41,-0.5,-0.911834,0.343003,954,17,
2,495,Overall,Overall,35,13,41,0.0,-0.157133,0.473066,992,24,
2,496,Overall,Overall,35,7,41,-2.0,-1.304355,0.670027,935,34,
2,497,Overall,Overall,35,18,41,1.0,1.897215,0.193543,1095,10,
2,498,Overall,Overall,35,20,41,1.0,0.974748,0.419945,1049,21,
2,499,Overall,Overall,35,4,41,-1.5,-2.524834,0.801641,874,40,
2,500,Overall,Overall,35,11,41,0.0,-1.018753,0.720235,949,36,
2,501,Overall,Overall,35,19,41,0.5,0.500337,0.337598,1025,17,
2,502,Overall,Overall,35,28,41,2.0,2.187289,0.232707,1109,12,
2,503,Overall,Overall,35,27,41,2.0,1.999546,0.164548,1100,8,
2,504,Overall,Overall,35,24,41,1.0,1.869142,0.189538,1093,9,
2,505,Overall,Overall,35,25,41,2.0,1.824382,0.593251,1091,30,
2,506,Overall,Overall,35,3,41,-1.5,-2.279102,0.428836,886,21,
2,507,Overall,Overall,35,3,41,-1.5,-1.462665,0.568545,927,28,
2,508,Overall,Overall,35,5,41,-2.0,-1.530792,0.468582,923,23,
2,509,Overall,Overall,35,14,41,0.0,0.69621,0.127426,1035,6,
2,510,Overall,Overall,35,3,41,-2.0,-0.838712,0.395437,958,20,
2,511,Overall,Overall,35,27,41,2.0,1.765331,0.247898,1088,12,
2,512,Overall,Overall,35,17,41,0.0,-1.151232,0.236819,942,12,
2,513,Overall,Overall,35,6,41,-0.5,-0.798199,0.310667,960,16,
2,514,Overall,Overall,35,6,41,-1.0,-1.664548,0.893919,917,45,
2,515,Overall,Overall,35,19,41,1.0,1.08643,0.364771,1054,18,
2,516,Overall,Overall,35,15,41,0.5,0.896312,0.213041,1045,11,
2,517,Overall,Overall,35,15,41,0.5,0.432275,0.157784,1022,8,
2,518,Overall,Overall,35,9,41,-1.0,-0.015707,0.731449,999,37,
2,519,Overall,Overall,35,4,41,-2.0,-2.127,1.312834,894,66,
2,520,Overall,Overall,35,10,41,-1.0,-1.546911,0.319647,923,16,
2,521,Overall,Overall,35,6,41,-1.0,-1.969165,0.548932,902,27,
2,522,Overall,Overall,35,10,41,-0.5,-0.461357,0.400437,977,20,
2,523,Overall,Overall,35,16,41,0.0,-0.41803,0.289309,979,14,
2,524,Overall,Overall,35,15,41,0.0,0.094727,0.524913,1005,26,
2,525,Overall,Overall,35,4,41,-2.0,-1.441998,0.309683,928,15,
2,526,Overall,Overall,35,20,41,1.0,0.905794,0.259625,1045,13,
2,527,Overall,Overall,35,9,41,-1.0,-2.688964,0.108409,866,5,
2,528,Overall,Overall,35,28,41,1.5,1.466741,0.440283,1073,22,
2,529,Overall,Overall,35,28,41,2.0,2.178082,0.578971,1109,29,
2,530,Overall,Overall,35,10,41,-1.0,-2.461798,0.063604,877,3,
2,531,Overall,Overall,35,20,41,1.0,1.042521,0.333884,1052,17,
2,532,Overall,Overall,35,20,41,0.5,0.899528,0.334832,1045,17,
2,533,Overall,Overall,35,15,41,-1.0,0.298501,0.373614,1015,19,
2,534,Overall,Overall,35,9,41,-2.0,-1.76526,0.19247,912,10,
2,535,Overall,Overall,35,21,41,1.5,0.913725,0.295075,1046,15,
2,536,Overall,Overall,35,7,41,-1.0,-0.553454,0.387861,972,19,
2,537,Overall,Overall,35,3,41,-1.5,-1.41076,0.376242,929,19,
2,538,Overall,Overall,35,26,41,1.5,1.388521,0.313278,1069,16,
2,539,Overall,Overall,35,5,41,-1.0,-1.211969,0.838897,939,42,
2,540,Overall,Overall,35,9,41,-1.5,-1.792024,0.242675,910,12,
2,541,Overall,Overall,35,21,41,1.5,1.738237,0.500536,1087,25,
2,542,Overall,Overall,35,10,41,-1.0,-1.093312,0.536729,945,27,
2,543,Overall,Overall,35,16,41,0.5,-0.472566,0.452883,976,23,
2,544,Overall,Overall,35,2,41,-2.0,-1.30069,0.408845,935,20,
2,545,Overall,Overall,35,24,41,1.5,1.692968,0.358237,1085,18,
2,546,Overall,Overall,35,7,41,-1.0,-0.522007,0.496124,974,25,
2,547,Overall,Overall,35,29,41,2.0,3.54046,0.390075,1177,20,
2,548,Overall,Overall,35,5,41,-1.5,-1.322571,0.700036,934,35,
2,549,Overall,Overall,35,15,41,-0.5,-0.938477,0.340182,953,17,
2,550,Overall,Overall,35,26,41,2.0,2.00281,0.511943,1100,26,
2,551,Overall,Overall,35,8,41,-0.5,-0.193862,0.338954,990,17,
2,552,Overall,Overall,35,9,41,-0.5,-1.047392,0.511325,948,26,
2,553,Overall,Overall,35,13,41,0.5,0.403795,0.433052,1020,22,
2,554,Overall,Overall,35,13,41,0.0,0.25155,0.502229,1013,25,
2,555,Overall,Overall,35,10,41,-0.5,-0.367234,0.351543,982,18,
2,556,Overall,Overall,35,17,41,0.5,0.359896,0.476704,1018,24,
2,557,Overall,Overall,35,28,41,2.0,1.886006,0.379488,1094,19,
2,558,Overall,Overall,35,24,41,1.5,1.257604,0.319911,1063,16,
2,559,Overall,Overall,35,13,41,-0.5,0.340762,0.488553,1017,24,
2,560,Overall,Overall,35,31,41,2.0,1.760123,0.298286,1088,15,
2,561,Overall,Overall,35,4,41,-2.0,-2.497927,0.120171,875,6,
2,562,Overall,Overall,35,5,41,-1.5,-1.315509,0.518251,934,26,
2,563,Overall,Overall,35,15,41,0.5,0.100738,0.42928,1005,21,
2,564,Overall,Overall,35,12,41,-0.5,-0.493359,0.642383,975,32,
2,565,Overall,Overall,35,15,41,0.0,0.262288,0.176459,1013,9,
2,566,Overall,Overall,35,28,41,2.0,2.497613,0.665196,1125,33,
2,567,Overall,Overall,35,8,41,-1.0,-0.469747,0.256076,977,13,
2,568,Overall,Overall,35,7,41,-1.0,-0.250637,0.133451,987,7,
2,569,Overall,Overall,35,15,41,0.5,0.086651,0.137048,1004,7,
2,570,Overall,Overall,35,9,41,-0.5,-0.355182,0.287992,982,14,
2,571,Overall,Overall,35,16,41,0.5,0.85139,0.301742,1043,15,
2,572,Overall,Overall,35,28,41,2.0,1.771421,0.327938,1089,16,
2,573,Overall,Overall,35,18,41,0.5,1.215922,0.516246,1061,26,
2,574,Overall,Overall,35,12,41,0.5,0.203,0.225402,1010,11,
2,575,Overall,Overall,35,18,41,1.0,0.95974,0.470283,1048,24,
2,576,Overall,Overall,35,12,41,-0.5,-1.273138,0.999076,936,50,
2,577,Overall,Overall,35,23,41,1.5,1.712999,0.473537,1086,24,
2,578,Overall,Overall,35,9,41,-1.0,-0.957631,0.212626,952,11,
2,579,Overall,Overall,35,28,41,2.0,1.312496,0.296318,1066,15,
2,580,Overall,Overall,35,13,41,0.0,0.054975,0.061879,1003,3,
2,581,Overall,Overall,35,16,41,0.5,0.05929,0.315426,1003,16,
2,582,Overall,Overall,35,8,41,-2.0,-2.080093,0.485172,896,24,
2,583,Overall,Overall,35,20,41,1.0,1.267798,0.183254,1063,9,
2,584,Overall,Overall,35,27,41,1.5,1.405698,0.268418,1070,13,
2,585,Overall,Overall,35,18,41,1.0,1.250993,0.111061,1063,6,
2,586,Overall,Overall,35,26,41,1.5,1.460062,0.385876,1073,19,
2,587,Overall,Overall,35,12,41,-0.5,-0.517275,0.452504,974,23,
2,588,Overall,Overall,35,10,41,-1.0,-1.096116,0.540118,945,27,
2,589,Overall,Overall,35,11,41,-0.5,-0.607657,0.400939,970,20,
2,590,Overall,Overall,35,6,41,-2.0,-1.680849,0.259736,916,13,
2,591,Overall,Overall,35,10,41,-1.0,-0.262969,0.10962,987,5,
2,592,Overall,Overall,35,19,41,1.0,1.583874,0.222989,1079,11,
2,593,Overall,Overall,35,19,41,1.0,0.50453,0.334916,1025,17,
2,594,Overall,Overall,35,9,41,-0.5,-0.313047,0.388963,984,19,
2,595,Overall,Overall,35,27,41,2.0,1.860303,0.360663,1093,18,
2,596,Overall,Overall,35,6,41,-1.5,-1.92158,0.139891,904,7,
2,597,Overall,Overall,35,6,41,-1.5,-1.410388,0.597652,929,30,
2,598,Overall,Overall,35,9,41,-1.0,-1.379592,0.337841,931,17,
2,599,Overall,Overall,35,10,41,-0.5,-0.359997,0.754472,982,38,
2,600,Overall,Overall,35,11,41,-0.5,-1.230081,0.628109,938,31,
2,601,Overall,Overall,35,7,41,-1.5,-1.866589,0.151901,907,8,
2,602,Overall,Overall,35,28,41,2.0,2.036803,0.386958,1102,19,
2,603,Overall,Overall,35,17,41,-1.0,-0.008274,0.218174,1000,11,
2,604,Overall,Overall,35,22,41,0.5,0.999138,0.2652,1050,13,
2,605,Overall,Overall,35,27,41,1.5,1.872691,0.46465,1094,23,
2,606,Overall,Overall,35,8,41,-0.5,-1.062268,0.568525,947,28,
2,607,Overall,Overall,35,28,41,1.5,1.179561,0.324004,1059,16,
2,608,Overall,Overall,35,6,41,-1.0,-1.426473,0.255226,929,13,
2,609,Overall,Overall,35,25,41,1.5,1.733421,0.552138,1087,28,
2,610,Overall,Overall,35,10,41,0.0,-0.134013,0.552975,993,28,
2,611,Overall,Overall,35,9,41,-0.5,-1.183942,0.213956,941,11,
2,612,Overall,Overall,35,8,41,-1.0,-1.334567,0.650656,933,33,
2,613,Overall,Overall,35,12,41,0.0,-0.817651,0.176877,959,9,
2,614,Overall,Overall,35,24,41,1.0,1.578579,0.3309,1079,17,
2,615,Overall,Overall,35,11,41,-1.0,-2.123668,0.283363,894,14,
2,616,Overall,Overall,35,19,41,0.5,0.579922,0.157875,1029,8,
2,617,Overall,Overall,35,26,41,2.0,2.823757,0.431916,1141,22,
2,618,Overall,Overall,35,13,41,-0.5,0.080917,0.518431,1004,26,
2,619,Overall,Overall,35,29,41,2.0,1.680866,0.37701,1084,19,
2,620,Overall,Overall,35,7,41,-0.5,-1.134351,1.050217,943,53,
2,621,Overall,Overall,35,31,41,2.0,2.108349,0.538528,1105,27,
2,622,Overall,Overall,35,5,41,-2.0,-1.807495,0.821438,910,41,
2,623,Overall,Overall,35,7,41,-1.0,-0.915012,0.579768,954,29,
2,624,Overall,Overall,35,21,41,1.0,0.972992,0.163051,1049,8,
2,625,Overall,Overall,35,24,41,1.5,1.541268,0.410785,1077,21,
2,626,Overall,Overall,35,12,41,0.0,0.015012,0.335527,1001,17,
2,627,Overall,Overall,35,24,41,1.0,0.546001,0.243889,1027,12,
2,628,Overall,Overall,35,27,41,1.5,1.346324,0.290221,1067,15,
2,629,Overall,Overall,35,28,41,1.5,1.979367,0.499141,1099,25,
2,630,Overall,Overall,35,13,41,0.0,0.218795,0.3693,1011,18,
2,631,Overall,Overall,35,7,41,-1.5,-2.598831,0.195774,870,10,
2,632,Overall,Overall,35,6,41,-1.5,-1.347022,0.514736,933,26,
2,633,Overall,Overall,35,7,41,-2.0,-2.821286,0.122651,859,6,
2,634,Overall,Overall,35,8,41,-1.0,-0.524951,0.574397,974,29,
2,635,Overall,Overall,35,14,41,0.0,0.387919,0.592956,1019,30,
2,636,Overall,Overall,35,19,41,1.0,1.082583,0.256508,1054,13,
2,637,Overall,Overall,35,9,41,-1.0,-0.897705,0.186018,955,9,
2,638,Overall,Overall,35,30,41,2.0,1.43484,0.286572,1072,14,
2,639,Overall,Overall,35,20,41,1.0,1.072864,0.645632,1054,32,
2,640,Overall,Overall,35,17,41,0.5,0.418692,0.408023,1021,20,
2,641,Overall,Overall,35,9,41,-1.0,-0.571362,0.569399,971,28,
2,642,Overall,Overall,35,25,41,1.5,1.929988,0.550067,1096,28,
2,643,Overall,Overall,35,8,41,-1.5,-1.395249,0.171006,930,9,
2,644,Overall,Overall,35,8,41,-0.5,-1.085348,0.386779,946,19,
2,645,Overall,Overall,35,25,41,1.5,2.541286,0.1773,1127,9,
2,646,Overall,Overall,35,23,41,1.5,1.268593,0.060742,1063,3,
2,647,Overall,Overall,35,14,41,0.5,-0.12014,0.247423,994,12,
2,648,Overall,Overall,35,26,41,2.0,2.347024,0.268393,1117,13,
2,649,Overall,Overall,35,5,41,-2.0,-1.197331,0.138972,940,7,
2,650,Overall,Overall,35,25,41,1.5,1.756635,0.359198,1088,18,
2,651,Overall,Overall,35,5,41,-2.0,-1.214326,0.283978,939,14,
2,652,Overall,Overall,35,7,41,-1.0,-0.475013,0.589068,976,29,
2,653,Overall,Overall,35,10,41,-0.5,-0.380639,0.537998,981,27,
2,654,Overall,Overall,35,19,41,1.0,0.67617,0.554545,1034,28,
2,655,Overall,Overall,35,13,41,0.0,-0.521944,0.657287,974,33,
2,656,Overall,Overall,35,8,41,-1.0,-0.804831,1.131265,960,57,
2,657,Overall,Overall,35,16,41,0.0,0.145169,0.577296,1007,29,
2,658,Overall,Overall,35,16,41,0.0,-0.163954,0.35214,992,18,
2,659,Overall,Overall,35,27,41,2.0,2.46864,0.188291,1123,9,
2,660,Overall,Overall,35,24,41,1.5,1.829068,0.322574,1091,16,
2,661,Overall,Overall,35,7,41,-1.0,-0.140069,0.747427,993,37,
2,662,Overall,Overall,35,9,41,-1.0,-1.426106,0.578209,929,29,
2,663,Overall,Overall,35,10,41,-0.5,-0.297711,0.527174,985,26,
2,664,Overall,Overall,35,11,41,0.5,0.599181,0.150076,1030,8,
2,665,Overall,Overall,35,12,41,-0.5,-1.405706,0.495788,930,25,
2,666,Overall,Overall,35,7,41,-1.0,-1.214539,0.11593,939,6,
2,667,Overall,Overall,35,8,41,-1.0,-0.712779,0.203375,964,10,
2,668,Overall,Overall,35,24,41,1.5,1.681635,0.464608,1084,23,
2,669,Overall,Overall,35,26,41,1.5,1.701857,0.412557,1085,21,
2,670,Overall,Overall,35,16,41,0.5,-0.240604,0.266613,988,13,
2,671,Overall,Overall,35,7,41,-2.0,-1.283935,0.60056,936,30,
2,672,Overall,Overall,35,6,41,-2.0,-1.598052,0.624393,920,31,
2,673,Overall,Overall,35,10,41,-0.5,-0.33828,0.414653,983,21,
2,674,Overall,Overall,35,17,41,1.0,1.342773,0.261454,1067,13,
2,675,Overall,Overall,35,25,41,2.0,2.670809,0.071487,1134,4,
2,676,Overall,Overall,35,12,41,0.0,0.217657,0.185809,1011,9,
2,677,Overall,Overall,35,5,41,-2.0,-2.292556,0.509571,885,25,
2,678,Overall,Overall,35,23,41,1.0,1.033789,0.122212,1052,6,
2,679,Overall,Overall,35,10,41,0.0,0.402583,0.405291,1020,20,
2,680,Overall,Overall,35,19,41,0.5,0.809705,0.147314,1040,7,
2,681,Overall,Overall,35,7,41,-0.5,-0.996474,0.677135,950,34,
2,682,Overall,Overall,35,9,41,-0.5,-1.076038,0.301505,946,15,
2,683,Overall,Overall,35,25,41,2.0,1.657753,0.392569,1083,20,
2,684,Overall,Overall,35,6,41,-1.0,-2.504145,0.623103,875,31,
2,685,Overall,Overall,35,14,41,0.0,-0.104099,0.203291,995,10,
2,686,Overall,Overall,35,15,41,0.0,0.317774,0.256494,1016,13,
2,687,Overall,Overall,35,13,41,0.5,-0.400646,0.25719,980,13,
2,688,Overall,Overall,35,8,41,-0.5,-0.650443,0.138059,967,7,
2,689,Overall,Overall,35,6,41,-2.0,-1.116462,0.66874,944,33,
2,690,Overall,Overall,35,27,41,1.5,1.733359,0.607643,1087,30,
2,691,Overall,Overall,35,27,41,2.0,1.447707,0.616248,1072,31,
2,692,Overall,Overall,35,8,41,-1.0,-0.479765,0.48316,976,24,
2,693,Overall,Overall,35,22,41,1.5,2.107285,0.279187,1105,14,
2,694,Overall,Overall,35,19,41,0.5,0.576597,0.225815,1029,11,
2,695,Overall,Overall,35,20,41,0.5,1.139245,0.477166,1057,24,
2,696,Overall,Overall,35,12,41,-0.5,-1.051781,0.540164,947,27,
2,697,Overall,Overall,35,5,41,-1.5,-1.87067,0.640864,906,32,
2,698,Overall,Overall,35,7,41,-2.0,-1.92241,0.276662,904,14,
2,699,Overall,Overall,35,6,41,-0.5,-0.848476,0.698356,958,35,
2,700,Overall,Overall,35,13,41,0.0,-0.298098,0.356084,985,18,
2,701,Overall,Overall,35,5,41,-2.0,-1.547986,0.597991,923,30,
2,702,Overall,Overall,35,3,41,-1.5,-1.355378,0.691839,932,35,
2,703,Overall,Overall,35,8,41,-1.0,-1.148365,0.178098,943,9,
2,704,Overall,Overall,35,5,41,-1.5,-1.464862,0.384611,927,19,
2,705,Overall,Overall,35,4,41,-2.0,-1.347043,0.510453,933,26,
2,706,Overall,Overall,35,6,41,-2.0,-2.133111,1.027376,893,51,
2,707,Overall,Overall,35,7,41,0.0,-1.49911,0.832083,925,42,
2,708,Overall,Overall,35,17,41,0.0,-0.563217,0.169554,972,8,
2,709,Overall,Overall,35,22,41,1.5,1.114125,0.05892,1056,3,
2,710,Overall,Overall,35,16,41,0.5,-0.095311,0.208621,995,10,
2,711,Overall,Overall,35,6,41,-1.0,-2.159869,0.66025,892,33,
2,712,Overall,Overall,35,20,41,0.5,0.804803,0.46373,1040,23,
2,713,Overall,Overall,35,6,41,-0.5,-1.013953,0.833344,949,42,
2,714,Overall,Overall,35,21,41,1.0,1.752136,0.651254,1088,33,
2,715,Overall,Overall,35,9,41,-0.5,-0.190631,0.589718,990,29,
2,716,Overall,Overall,35,8,41,-1.0,-0.430867,0.113188,978,6,
2,717,Overall,Overall,35,7,41,-0.5,-1.537167,0.840152,923,42,
2,718,Overall,Overall,35,7,41,-2.0,-1.174277,0.554234,941,28,
2,719,Overall,Overall,35,18,41,0.5,-0.133234,0.296954,993,15,
2,720,Overall,Overall,35,7,41,-1.0,-1.531006,0.354719,923,18,
2,721,Overall,Overall,35,21,41,1.5,2.091875,0.379424,1105,19,
2,722,Overall,Overall,35,4,41,-2.0,-2.07827,0.852712,896,43,
2,723,Overall,Overall,35,17,41,0.5,0.568765,0.321943,1028,16,
2,724,Overall,Overall,35,14,41,0.0,-1.025264,0.233819,949,12,
2,725,Overall,Overall,35,26,41,2.0,2.850002,0.273998,1143,14,
2,726,Overall,Overall,35,12,41,0.0,-0.167913,0.463489,992,23,
2,727,Overall,Overall,35,22,41,1.0,1.039293,0.481931,1052,24,
2,728,Overall,Overall,35,11,41,-0.5,0.709911,0.196535,1035,10,
2,729,Overall,Overall,35,19,41,0.5,0.162884,0.166565,1008,8,
2,730,Overall,Overall,35,25,41,2.0,2.475592,0.602435,1124,30,
2,731,Overall,Overall,35,3,41,-1.5,-4.00421,1.742303,800,87,
2,732,Overall,Overall,35,12,41,-0.5,-1.131068,0.619393,943,31,
2,733,Overall,Overall,35,6,41,-1.5,-1.484622,0.708104,926,35,
2,734,Overall,Overall,35,22,41,1.0,1.008468,0.621146,1050,31,
2,735,Overall,Overall,35,25,41,1.5,1.595909,0.335531,1080,17,
2,736,Overall,Overall,35,10,41,-0.5,-0.111099,0.204378,994,10,
2,737,Overall,Overall,35,32,41,2.0,2.006821,0.281421,1100,14,
2,738,Overall,Overall,35,22,41,1.0,1.228432,0.316691,1061,16,
2,739,Overall,Overall,35,25,41,2.0,2.227407,0.288439,1111,14,
2,740,Overall,Overall,35,7,41,-2.0,-1.323499,0.430996,934,22,
2,741,Overall,Overall,35,5,41,-2.0,-2.169913,0.148888,892,7,
2,742,Overall,Overall,35,5,41,-1.0,-1.143993,0.227318,943,11,
2,743,Overall,Overall,35,24,41,1.5,1.059152,0.280862,1053,14,
2,744,Overall,Overall,35,5,41,-0.5,-0.503004,0.732761,975,37,
2,745,Overall,Overall,35,14,41,0.0,0.456858,0.295603,1023,15,
2,746,Overall,Overall,35,8,41,-1.0,-0.701394,0.073068,965,4,
2,747,Overall,Overall,35,8,41,0.0,-0.450673,0.553763,977,28,
2,748,Overall,Overall,35,15,41,0.5,0.07,0.516892,1004,26,
2,749,Overall,Overall,35,23,41,1.0,1.98399,0.785293,1099,39,
2,750,Overall,Overall,35,23,41,1.0,1.450238,0.133821,1073,7,
2,751,Overall,Overall,35,5,41,-1.5,-1.858406,0.13916,907,7,
2,752,Overall,Overall,35,8,41,-2.0,-1.447281,0.5075,928,25,
2,753,Overall,Overall,35,9,41,-1.5,-0.976944,0.38044,951,19,
2,754,Overall,Overall,35,25,41,2.0,2.150422,0.403948,1108,20,
2,755,Overall,Overall,35,12,41,-0.5,-0.790699,0.225112,960,11,
2,756,Overall,Overall,35,11,41,0.0,-0.177528,0.419614,991,21,
2,757,Overall,Overall,35,13,41,-0.5,-1.209342,0.213572,940,11,
2,758,Overall,Overall,35,11,41,0.0,-0.089396,0.641505,996,32,
2,759,Overall,Overall,35,9,41,-1.0,-0.196031,0.280011,990,14,
2,760,Overall,Overall,35,14,41,0.5,0.235486,0.312515,1012,16,
2,761,Overall,Overall,35,17,41,0.5,0.251478,0.451154,1013,23,
2,762,Overall,Overall,35,15,41,0.5,0.61601,0.351695,1031,18,
2,763,Overall,Overall,35,8,41,-1.0,-1.10414,0.951644,945,48,
2,764,Overall,Overall,35,12,41,0.0,0.062004,0.610639,1003,31,
2,765,Overall,Overall,35,15,41,-0.5,-0.680894,0.12892,966,6,
2,766,Overall,Overall,35,5,41,-1.5,-2.960054,0.464098,852,23,
2,767,Overall,Overall,35,22,41,2.0,2.105492,0.156567,1105,8,
2,768,Overall,Overall,35,29,41,2.0,1.473599,0.185302,1074,9,
2,769,Overall,Overall,35,10,41,-0.5,-0.724061,0.306348,964,15,
2,770,Overall,Overall,35,19,41,0.5,0.829124,0.429262,1041,21,
2,771,Overall,Overall,35,7,41,-1.0,-1.716387,0.155381,914,8,
2,772,Overall,Overall,35,17,41,0.5,1.071476,0.343751,1054,17,
2,773,Overall,Overall,35,7,41,-1.5,-0.677341,0.113227,966,6,
2,774,Overall,Overall,35,19,41,1.0,0.756017,0.121571,1038,6,
2,775,Overall,Overall,35,15,41,0.0,0.408593,0.331559,1020,17,
2,776,Overall,Overall,35,14,41,0.0,0.387068,0.504099,1019,25,
2,777,Overall,Overall,35,25,41,1.5,1.368447,0.31509,1068,16,
2,778,Overall,Overall,35,22,41,1.5,0.823963,0.268217,1041,13,
2,779,Overall,Overall,35,5,41,-2.0,-1.453803,0.578139,927,29,
2,780,Overall,Overall,35,25,41,2.0,2.262804,0.468797,1113,23,
2,781,Overall,Overall,35,31,41,2.0,1.929701,0.041301,1096,2,
2,782,Overall,Overall,35,9,41,-1.0,-0.72797,0.120692,964,6,
2,783,Overall,Overall,35,13,41,-0.5,-0.045189,0.247993,998,12,
2,784,Overall,Overall,35,8,41,-1.0,-1.169109,0.20954,942,10,
2,785,Overall,Overall,35,21,41,1.0,1.043198,0.60525,1052,30,
2,786,Overall,Overall,35,27,41,2.0,2.836843,0.099909,1142,5,
2,787,Overall,Overall,35,7,41,-1.5,-0.901068,0.45205,955,23,
2,788,Overall,Overall,35,24,41,1.5,0.825664,0.380061,1041,19,
2,789,Overall,Overall,35,13,41,-0.5,0.568577,0.349122,1028,17,
2,790,Overall,Overall,35,6,41,-2.0,-1.592643,0.453072,920,23,
2,791,Overall,Overall,35,11,41,0.0,-1.279071,0.291852,936,15,
2,792,Overall,Overall,35,7,41,-2.0,-4.023092,0.773527,799,39,
2,793,Overall,Overall,35,18,41,1.0,0.977779,0.398225,1049,20,
2,794,Overall,Overall,35,16,41,1.0,0.424532,0.439547,1021,22,
2,795,Overall,Overall,35,16,41,1.0,0.079298,0.498724,1004,25,
2,796,Overall,Overall,35,9,41,-1.5,-2.412391,0.217432,879,11,
2,797,Overall,Overall,35,26,41,1.5,1.690832,0.613951,1085,31,
2,798,Overall,Overall,35,9,41,0.0,-0.706923,0.309009,965,15,
2,799,Overall,Overall,35,31,41,2.0,2.091792,0.416091,1105,21,
2,800,Overall,Overall,35,23,41,1.5,1.2249,0.726482,1061,36,
2,801,Overall,Overall,35,22,41,1.0,1.208193,0.198287,1060,10,
2,802,Overall,Overall,35,4,41,-2.0,-1.586799,0.264834,921,13,
2,803,Overall,Overall,35,4,41,-2.0,-1.731038,0.582388,913,29,
2,804,Overall,Overall,35,11,41,0.0,-0.753223,0.532921,962,27,
2,805,Overall,Overall,35,20,41,1.0,0.672152,0.371219,1034,19,
2,806,Overall,Overall,35,23,41,1.0,0.943964,0.217807,1047,11,
2,807,Overall,Overall,35,23,41,1.5,1.125855,0.467542,1056,23,
2,808,Overall,Overall,35,6,41,-2.0,-1.982001,0.616236,901,31,
2,809,Overall,Overall,35,24,41,2.0,1.625368,0.490685,1081,25,
2,810,Overall,Overall,35,23,41,1.0,1.066657,0.165617,1053,8,
2,811,Overall,Overall,35,3,41,-2.0,-1.753487,0.67178,912,34,
2,812,Overall,Overall,35,18,41,1.0,0.377148,0.511009,1019,26,
2,813,Overall,Overall,35,19,41,1.0,0.883368,0.233527,1044,12,
2,814,Overall,Overall,35,5,41,-1.5,-1.447096,0.431792,928,22,
2,815,Overall,Overall,35,14,41,0.5,1.098945,0.315393,1055,16,
2,816,Overall,Overall,35,16,41,0.5,0.299978,0.340419,1015,17,
2,817,Overall,Overall,35,27,41,1.5,1.294463,0.106703,1065,5,
2,818,Overall,Overall,35,6,41,-1.0,-0.091165,0.455355,995,23,
2,819,Overall,Overall,35,5,41,-1.0,-3.271137,0.923104,836,46,
2,820,Overall,Overall,35,25,41,2.0,1.921144,0.655974,1096,33,
2,821,Overall,Overall,35,7,41,-1.0,-1.379878,0.658289,931,33,
2,822,Overall,Overall,35,26,41,2.0,1.708705,0.627291,1085,31,
2,823,Overall,Overall,35,22,41,1.0,1.443123,0.244482,1072,12,
2,824,Overall,Overall,35,14,41,0.0,0.228498,0.428344,1011,21,
2,825,Overall,Overall,35,30,41,2.0,1.465158,0.347637,1073,17,
2,826,Overall,Overall,35,12,41,1.0,0.325742,0.296177,1016,15,
2,827,Overall,Overall,35,8,41,-1.5,-0.922738,0.268827,954,13,
2,828,Overall,Overall,35,4,41,-2.0,-1.822054,0.450046,909,23,
2,829,Overall,Overall,35,25,41,1.0,1.188262,0.315895,1059,16,
2,830,Overall,Overall,35,7,41,-2.0,-1.671879,0.890683,916,45,
2,831,Overall,Overall,35,12,41,0.0,-0.035269,0.379186,998,19,
2,832,Overall,Overall,35,4,41,-2.0,-1.318171,0.213574,934,11,
2,833,Overall,Overall,35,25,41,1.5,1.412853,0.224042,1071,11,
2,834,Overall,Overall,35,22,41,1.0,0.492943,0.163343,1025,8,
2,835,Overall,Overall,35,18,41,1.0,0.402675,0.591098,1020,30,
2,836,Overall,Overall,35,19,41,0.5,0.384772,0.455936,1019,23,
2,837,Overall,Overall,35,9,41,-1.0,-0.003055,0.237518,1000,12,
2,838,Overall,Overall,35,7,41,-0.5,-2.233999,0.476619,888,24,
2,839,Overall,Overall,35,6,41,-1.0,-1.868286,0.284127,907,14,
2,840,Overall,Overall,35,25,41,2.0,1.730016,0.428431,1087,21,
2,841,Overall,Overall,35,20,41,0.5,1.029057,0.513853,1051,26,
2,842,Overall,Overall,35,10,41,0.0,0.093003,0.433718,1005,22,
2,843,Overall,Overall,35,14,41,0.0,1.181095,0.658844,1059,33,
2,844,Overall,Overall,35,24,41,1.5,2.010116,0.470384,1101,24,
2,845,Overall,Overall,35,10,41,-0.5,-0.666202,0.367318,967,18,
2,846,Overall,Overall,35,25,41,2.0,1.380676,0.172468,1069,9,
2,847,Overall,Overall,35,22,41,1.5,0.926328,0.765065,1046,38,
2,848,Overall,Overall,35,8,41,-0.5,-0.59335,0.319299,970,16,
2,849,Overall,Overall,35,22,41,1.5,0.997073,0.255821,1050,13,
2,850,Overall,Overall,35,9,41,-2.0,-2.065138,0.385872,897,19,
2,851,Overall,Overall,35,4,41,-2.0,-2.574094,0.760743,871,38,
2,852,Overall,Overall,35,18,41,0.5,0.011181,0.612245,1001,31,
2,853,Overall,Overall,35,9,41,-1.5,-1.047929,0.26733,948,13,
2,854,Overall,Overall,35,26,41,1.5,2.450162,0.308023,1123,15,
2,855,Overall,Overall,35,25,41,2.0,1.115066,0.283591,1056,14,
2,856,Overall,Overall,35,18,41,1.0,1.519066,0.317337,1076,16,
2,857,Overall,Overall,35,28,41,2.0,2.459383,0.403807,1123,20,
2,858,Overall,Overall,35,20,41,1.0,1.234331,0.387158,1062,19,
2,859,Overall,Overall,35,19,41,2.0,2.052916,0.106164,1103,5,
2,860,Overall,Overall,35,7,41,-2.0,-1.170625,0.420628,941,21,
2,861,Overall,Overall,35,15,41,0.0,0.316102,0.124804,1016,6,
2,862,Overall,Overall,35,9,41,-1.5,-1.774583,0.406067,911,20,
2,863,Overall,Overall,35,7,41,-1.0,-1.171339,0.271573,941,14,
2,864,Overall,Overall,35,16,41,0.5,0.769018,0.349207,1038,17,
2,865,Overall,Overall,35,3,41,-2.0,-1.197193,0.538336,940,27,
2,866,Overall,Overall,35,12,41,-0.5,-0.481139,0.407661,976,20,
2,867,Overall,Overall,35,31,41,1.5,2.149804,0.32414,1107,16,
2,868,Overall,Overall,35,22,41,1.0,0.977814,0.376135,1049,19,
2,869,Overall,Overall,35,15,41,1.0,0.900953,0.455647,1045,23,
2,870,Overall,Overall,35,4,41,-1.5,-1.796335,0.337591,910,17,
2,871,Overall,Overall,35,19,41,1.0,0.357917,0.569519,1018,28,
2,872,Overall,Overall,35,33,41,2.0,2.880193,0.262201,1144,13,
2,873,Overall,Overall,35,29,41,2.0,2.130401,0.379106,1107,19,
2,874,Overall,Overall,35,33,41,2.0,1.715056,0.187355,1086,9,
2,875,Overall,Overall,35,24,41,1.5,1.413072,0.315906,1071,16,
2,876,Overall,Overall,35,30,41,1.5,1.859714,0.187758,1093,9,
2,877,Overall,Overall,35,8,41,-1.0,-2.115871,0.56935,894,28,
2,878,Overall,Overall,35,17,41,0.5,0.516355,0.409529,1026,20,
2,879,Overall,Overall,35,9,41,-1.5,-1.442983,0.507886,928,25,
2,880,Overall,Overall,35,10,41,-1.0,-0.828333,0.359317,959,18,
2,881,Overall,Overall,35,6,41,-2.0,-1.099543,0.422991,945,21,
2,882,Overall,Overall,35,13,41,0.0,-0.218385,0.387713,989,19,
2,883,Overall,Overall,35,13,41,0.0,-0.692544,0.315484,965,16,
2,884,Overall,Overall,35,23,41,0.5,1.365111,0.433958,1068,22,
2,885,Overall,Overall,35,7,41,-1.5,-1.290888,0.373592,935,19,
2,886,Overall,Overall,35,14,41,0.5,0.729824,0.034252,1036,2,
2,887,Overall,Overall,35,8,41,-1.0,-0.894517,0.209331,955,10,
2,888,Overall,Overall,35,14,41,0.0,-0.441117,0.186828,978,9,
2,889,Overall,Overall,35,28,41,2.0,2.420022,0.379075,1121,19,
2,890,Overall,Overall,35,13,41,-0.5,-0.936031,0.131799,953,7,
2,891,Overall,Overall,35,15,41,0.5,0.090157,0.49152,1005,25,
2,892,Overall,Overall,35,27,41,1.5,1.92952,0.43281,1096,22,
2,893,Overall,Overall,35,3,41,-2.0,-2.540404,0.640291,873,32,
2,894,Overall,Overall,35,6,41,-1.5,-2.353522,0.991864,882,50,
2,895,Overall,Overall,35,4,41,-2.0,-2.163974,0.826467,892,41,
2,896,Overall,Overall,35,10,41,-0.5,-0.294513,0.280838,985,14,
2,897,Overall,Overall,35,24,41,1.5,1.964111,0.472175,1098,24,
2,898,Overall,Overall,35,22,41,1.5,1.430423,0.357506,1072,18,
2,899,Overall,Overall,35,7,41,-2.0,-0.485025,0.180286,976,9,
2,900,Overall,Overall,35,7,41,-1.5,-1.662919,0.332984,917,17,
3,1,Overall,Overall,35,9,41,-1.5,-1.431024,0.058429,928,3,
3,2,Overall,Overall,35,7,41,-0.5,-0.579144,0.197266,971,10,
3,3,Overall,Overall,35,25,41,2.0,1.257015,0.529825,1063,26,
3,4,Overall,Overall,35,17,41,0.5,0.627197,0.34381,1031,17,
3,5,Overall,Overall,35,22,41,1.5,1.541493,0.203366,1077,10,
3,6,Overall,Overall,35,13,41,0.5,0.765076,0.1391,1038,7,
3,7,Overall,Overall,35,11,41,0.0,0.336091,0.163956,1017,8,
3,8,Overall,Overall,35,18,41,1.0,0.707742,0.297628,1035,15,
3,9,Overall,Overall,35,8,41,-1.0,-0.667281,0.782969,967,39,
3,10,Overall,Overall,35,20,41,1.0,0.891552,0.129292,1045,6,
3,11,Overall,Overall,35,9,41,-0.5,-1.706735,0.37484,915,19,
3,12,Overall,Overall,35,25,41,2.0,1.271213,0.135614,1064,7,
3,13,Overall,Overall,35,26,41,2.0,2.044014,0.376304,1102,19,
3,14,Overall,Overall,35,5,41,-2.0,-1.898021,0.677991,905,34,
3,15,Overall,Overall,35,7,41,-0.5,-1.324104,0.342252,934,17,
3,16,Overall,Overall,35,4,41,-1.5,-1.167156,0.172194,942,9,
3,17,Overall,Overall,35,19,41,1.0,0.966378,0.235324,1048,12,
3,18,Overall,Overall,35,3,41,-2.0,-2.143704,0.101459,893,5,
3,19,Overall,Overall,35,6,41,-2.0,-2.673401,1.263669,866,63,
3,20,Overall,Overall,35,21,41,0.5,1.096235,0.402271,1055,20,
3,21,Overall,Overall,35,6,41,-1.5,-1.267441,1.068199,937,53,
3,22,Overall,Overall,35,12,41,-0.5,0.008329,0.168668,1000,8,
3,23,Overall,Overall,35,7,41,-2.0,-1.294816,0.403859,935,20,
3,24,Overall,Overall,35,24,41,2.0,1.32309,0.419352,1066,21,
3,25,Overall,Overall,35,30,41,2.0,2.231141,0.322946,1112,16,
3,26,Overall,Overall,35,28,41,2.0,1.837329,0.094481,1092,5,
3,27,Overall,Overall,35,26,41,2.0,2.162751,0.456211,1108,23,
3,28,Overall,Overall,35,5,41,-2.0,-1.99483,0.694676,900,35,
3,29,Overall,Overall,35,25,41,1.0,0.858952,0.417868,1043,21,
3,30,Overall,Overall,35,12,41,0.0,-0.32894,0.635353,984,32,
3,31,Overall,Overall,35,3,41,-2.0,-1.229232,0.152932,939,8,
3,32,Overall,Overall,35,8,41,0.0,-0.215896,0.603096,989,30,
3,33,Overall,Overall,35,10,41,-1.5,-0.467508,0.185544,977,9,
3,34,Overall,Overall,35,25,41,1.5,1.081751,0.161369,1054,8,
3,35,Overall,Overall,35,16,41,0.0,-0.121211,0.376839,994,19,
3,36,Overall,Overall,35,31,41,1.5,1.602867,0.12957,1080,6,
3,37,Overall,Overall,35,18,41,0.5,0.885733,0.453216,1044,23,
3,38,Overall,Overall,35,7,41,-1.0,-0.131339,0.426553,993,21,
3,39,Overall,Overall,35,27,41,1.5,1.325078,0.073866,1066,4,
3,40,Overall,Overall,35,13,41,0.5,-0.170958,0.555382,991,28,
3,41,Overall,Overall,35,14,41,0.0,-0.199686,0.312679,990,16,
3,42,Overall,Overall,35,13,41,0.5,-0.01109,0.583841,999,29,
3,43,Overall,Overall,35,6,41,-2.0,-1.451642,0.104042,927,5,
3,44,Overall,Overall,35,25,41,1.5,1.331387,0.369815,1067,18,
3,45,Overall,Overall,35,5,41,-2.0,-1.838652,0.46521,908,23,
3,46,Overall,Overall,35,12,41,-1.0,-0.287758,0.285849,986,14,
3,47,Overall,Overall,35,4,41,-1.5,-3.015155,0.686769,849,34,
3,48,Overall,Overall,35,11,41,0.5,0.729305,0.206303,1036,10,
3,49,Overall,Overall,35,27,41,2.0,2.636966,0.537665,1132,27,
3,50,Overall,Overall,35,25,41,1.5,1.562672,0.087604,1078,4,
3,51,Overall,Overall,35,16,41,0.5,0.659238,0.352251,1033,18,
3,52,Overall,Overall,35,18,41,0.5,0.332037,0.384346,1017,19,
3,53,Overall,Overall,35,9,41,-1.0,-1.595623,0.183059,920,9,
3,54,Overall,Overall,35,31,41,1.5,2.189291,0.596085,1109,30,
3,55,Overall,Overall,35,13,41,0.0,-0.890454,0.230515,955,12,
3,56,Overall,Overall,35,11,41,-0.5,-0.743433,0.181819,963,9,
3,57,Overall,Overall,35,21,41,1.5,1.016036,0.087942,1051,4,
3,58,Overall,Overall,35,26,41,2.0,3.425659,0.898318,1171,45,
3,59,Overall,Overall,35,9,41,0.0,0.259751,0.221751,1013,11,
3,60,Overall,Overall,35,18,41,0.5,0.357267,0.104563,1018,5,
3,61,Overall,Overall,35,15,41,0.0,0.004895,0.470914,1000,24,
3,62,Overall,Overall,35,27,41,2.0,1.243465,0.214841,1062,11,
3,63,Overall,Overall,35,20,41,1.0,0.724734,0.125811,1036,6,
3,64,Overall,Overall,35,7,41,-0.5,-1.218512,0.605089,939,30,
3,65,Overall,Overall,35,14,41,0.5,0.134365,0.163737,1007,8,
3,66,Overall,Overall,35,7,41,-1.0,-1.438192,0.426689,928,21,
3,67,Overall,Overall,35,13,41,0.0,0.338689,0.120159,1017,6,
3,68,Overall,Overall,35,4,41,-2.0,-2.170597,0.270939,891,14,
3,69,Overall,Overall,35,4,41,-2.0,-1.605209,0.665574,920,33,
3,70,Overall,Overall,35,25,41,1.0,1.529859,0.465241,1076,23,
3,71,Overall,Overall,35,26,41,1.5,1.645532,0.233807,1082,12,
3,72,Overall,Overall,35,5,41,-0.5,-0.720343,0.36028,964,18,
3,73,Overall,Overall,35,15,41,0.5,0.653684,0.301827,1033,15,
3,74,Overall,Overall,35,12,41,-1.0,-1.302451,0.877485,935,44,
3,75,Overall,Overall,35,10,41,-0.5,-0.885467,0.598821,956,30,
3,76,Overall,Overall,35,28,41,2.0,1.880767,0.208746,1094,10,
3,77,Overall,Overall,35,6,41,-1.0,-1.497892,0.297145,925,15,
3,78,Overall,Overall,35,7,41,-2.0,-1.323984,0.7206,934,36,
3,79,Overall,Overall,35,4,41,-1.5,-1.863939,0.724689,907,36,
3,80,Overall,Overall,35,3,41,-1.5,-1.711215,0.634335,914,32,
3,81,Overall,Overall,35,5,41,-2.0,-1.986569,0.416083,901,21,
3,82,Overall,Overall,35,13,41,-0.5,0.354043,0.576287,1018,29,
3,83,Overall,Overall,35,8,41,-1.5,-1.249618,1.1319,938,57,
3,84,Overall,Overall,35,19,41,1.0,1.034713,0.286823,1052,14,
3,85,Overall,Overall,35,7,41,-2.0,-2.104822,0.171516,895,9,
3,86,Overall,Overall,35,9,41,-1.0,-0.351476,0.254762,982,13,
3,87,Overall,Overall,35,9,41,-1.0,-1.536192,0.300431,923,15,
3,88,Overall,Overall,35,22,41,1.0,1.462137,0.225809,1073,11,
3,89,Overall,Overall,35,16,41,1.0,0.640385,0.628027,1032,31,
3,90,Overall,Overall,35,8,41,-1.0,-1.561475,0.940776,922,47,
3,91,Overall,Overall,35,9,41,-1.0,-1.40148,0.391779,930,20,
3,92,Overall,Overall,35,18,41,0.5,0.231601,0.093811,1012,5,
3,93,Overall,Overall,35,9,41,-1.5,-1.16642,0.458453,942,23,
3,94,Overall,Overall,35,21,41,1.0,1.017542,0.081657,1051,4,
3,95,Overall,Overall,35,9,41,-0.5,-0.829605,0.532938,959,27,
3,96,Overall,Overall,35,6,41,-2.0,-2.398629,0.780718,880,39,
3,97,Overall,Overall,35,26,41,2.0,3.260567,0.199768,1163,10,
3,98,Overall,Overall,35,19,41,0.5,0.178833,0.123123,1009,6,
3,99,Overall,Overall,35,9,41,-1.0,-1.191152,0.613629,940,31,
3,100,Overall,Overall,35,24,41,1.5,1.736881,0.663174,1087,33,
3,101,Overall,Overall,35,24,41,1.5,1.630446,0.717945,1082,36,
3,102,Overall,Overall,35,20,41,0.5,0.826213,0.156925,1041,8,
3,103,Overall,Overall,35,13,41,0.0,0.524117,0.665756,1026,33,
3,104,Overall,Overall,35,24,41,1.5,1.415425,0.199633,1071,10,
3,105,Overall,Overall,35,10,41,-1.0,-2.11769,0.498457,894,25,
3,106,Overall,Overall,35,10,41,-0.5,-1.650655,1.063156,917,53,
3,107,Overall,Overall,35,8,41,-1.0,-1.391402,0.841214,930,42,
3,108,Overall,Overall,35,5,41,-2.0,-1.825808,0.834098,909,42,
3,109,Overall,Overall,35,23,41,1.0,1.042687,0.12206,1052,6,
3,110,Overall,Overall,35,16,41,0.0,0.598294,0.403173,1030,20,
3,111,Overall,Overall,35,12,41,-0.5,-0.078967,0.6203,996,31,
3,112,Overall,Overall,35,12,41,-0.5,-0.130123,0.630907,993,32,
3,113,Overall,Overall,35,14,41,0.5,0.455193,0.17688,1023,9,
3,114,Overall,Overall,35,4,41,-2.0,-1.198509,0.413931,940,21,
3,115,Overall,Overall,35,5,41,-1.5,-2.123385,0.476687,894,24,
3,116,Overall,Overall,35,9,41,-2.0,-1.578303,1.013736,921,51,
3,117,Overall,Overall,35,26,41,1.5,1.33365,0.073374,1067,4,
3,118,Overall,Overall,35,6,41,-2.0,-2.590718,0.344605,870,17,
3,119,Overall,Overall,35,21,41,1.0,0.633675,0.568444,1032,28,
3,120,Overall,Overall,35,16,41,0.0,-0.184964,0.547864,991,27,
3,121,Overall,Overall,35,16,41,0.0,0.183807,0.278117,1009,14,
3,122,Overall,Overall,35,7,41,-1.5,-1.904144,0.253574,905,13,
3,123,Overall,Overall,35,23,41,1.0,1.133741,0.408515,1057,20,
3,124,Overall,Overall,35,29,41,2.0,1.683737,0.2614,1084,13,
3,125,Overall,Overall,35,3,41,-1.5,-3.123916,0.171974,844,9,
3,126,Overall,Overall,35,15,41,0.5,1.293691,0.158094,1065,8,
3,127,Overall,Overall,35,19,41,1.0,1.225011,0.17797,1061,9,
3,128,Overall,Overall,35,13,41,-0.5,0.205417,0.296324,1010,15,
3,129,Overall,Overall,35,9,41,-1.0,-1.159847,0.238792,942,12,
3,130,Overall,Overall,35,9,41,-0.5,-0.125674,0.067596,994,3,
3,131,Overall,Overall,35,24,41,1.0,1.676181,0.390053,1084,20,
3,132,Overall,Overall,35,10,41,-1.5,-0.528111,0.59781,974,30,
3,133,Overall,Overall,35,20,41,1.0,0.56961,0.475524,1028,24,
3,134,Overall,Overall,35,19,41,0.5,0.67254,0.260453,1034,13,
3,135,Overall,Overall,35,23,41,1.5,1.548458,0.471087,1077,24,
3,136,Overall,Overall,35,13,41,-0.5,-0.078807,0.142899,996,7,
3,137,Overall,Overall,35,22,41,1.5,1.937817,0.300443,1097,15,
3,138,Overall,Overall,35,19,41,0.5,0.413489,0.141845,1021,7,
3,139,Overall,Overall,35,5,41,-2.0,-2.677891,0.966736,866,48,
3,140,Overall,Overall,35,24,41,1.5,1.580356,0.187287,1079,9,
3,141,Overall,Overall,35,1,41,-2.0,-2.781907,0.812461,861,41,
3,142,Overall,Overall,35,7,41,-1.0,-1.216315,0.229371,939,11,
3,143,Overall,Overall,35,19,41,1.5,1.215806,0.789278,1061,39,
3,144,Overall,Overall,35,19,41,0.5,0.195024,0.526697,1010,26,
3,145,Overall,Overall,35,8,41,-1.0,-1.146495,0.570034,943,29,
3,146,Overall,Overall,35,23,41,2.0,1.704457,0.682286,1085,34,
3,147,Overall,Overall,35,15,41,0.0,-0.26126,0.163719,987,8,
3,148,Overall,Overall,35,9,41,-1.0,-0.880847,0.431642,956,22,
3,149,Overall,Overall,35,9,41,-1.0,-1.796535,0.361784,910,18,
3,150,Overall,Overall,35,25,41,1.5,2.064312,0.631686,1103,32,
3,151,Overall,Overall,35,9,41,0.0,-0.559328,0.335201,972,17,
3,152,Overall,Overall,35,15,41,1.0,2.139817,0.245185,1107,12,
3,153,Overall,Overall,35,5,41,-1.0,-0.763119,0.179516,962,9,
3,154,Overall,Overall,35,25,41,1.0,1.538827,0.506072,1077,25,
3,155,Overall,Overall,35,9,41,-0.5,-0.682921,0.277962,966,14,
3,156,Overall,Overall,35,5,41,-2.0,-1.545027,0.17277,923,9,
3,157,Overall,Overall,35,23,41,2.0,1.179036,0.291798,1059,15,
3,158,Overall,Overall,35,12,41,0.5,0.238636,0.313131,1012,16,
3,159,Overall,Overall,35,8,41,-1.5,-0.839959,0.858729,958,43,
3,160,Overall,Overall,35,23,41,1.5,1.94038,0.471057,1097,24,
3,161,Overall,Overall,35,13,41,-1.0,-0.925951,0.342282,954,17,
3,162,Overall,Overall,35,5,41,-1.5,-1.678682,0.364273,916,18,
3,163,Overall,Overall,35,10,41,-0.5,-0.004286,0.127155,1000,6,
3,164,Overall,Overall,35,21,41,1.0,0.891909,0.082411,1045,4,
3,165,Overall,Overall,35,9,41,-1.0,-1.597381,0.815512,920,41,
3,166,Overall,Overall,35,28,41,1.5,1.894618,0.391649,1095,20,
3,167,Overall,Overall,35,27,41,2.0,1.909515,0.374727,1095,19,
3,168,Overall,Overall,35,6,41,-1.5,-1.23513,0.405019,938,20,
3,169,Overall,Overall,35,28,41,2.0,2.673335,0.356046,1134,18,
3,170,Overall,Overall,35,11,41,0.0,-0.158818,0.698588,992,35,
3,171,Overall,Overall,35,4,41,-2.0,-2.133189,0.876977,893,44,
3,172,Overall,Overall,35,23,41,1.5,1.365105,0.383429,1068,19,
3,173,Overall,Overall,35,5,41,-1.5,-1.493383,0.348322,925,17,
3,174,Overall,Overall,35,14,41,0.0,0.437995,0.18886,1022,9,
3,175,Overall,Overall,35,29,41,1.5,1.568003,0.300698,1078,15,
3,176,Overall,Overall,35,8,41,-1.5,-1.380776,0.072715,931,4,
3,177,Overall,Overall,35,21,41,1.0,0.779969,0.233696,1039,12,
3,178,Overall,Overall,35,4,41,-2.0,-2.384263,0.935381,881,47,
3,179,Overall,Overall,35,17,41,0.5,0.260265,0.493499,1013,25,
3,180,Overall,Overall,35,23,41,1.0,0.35254,0.304332,1018,15,
3,181,Overall,Overall,35,20,41,1.0,0.742903,0.256427,1037,13,
3,182,Overall,Overall,35,15,41,0.0,0.715693,0.307504,1036,15,
3,183,Overall,Overall,35,11,41,-0.5,0.088455,0.312112,1004,16,
3,184,Overall,Overall,35,28,41,2.0,2.213952,0.211462,1111,11,
3,185,Overall,Overall,35,14,41,0.0,-0.040139,0.283191,998,14,
3,186,Overall,Overall,35,12,41,0.0,0.093334,0.288637,1005,14,
3,187,Overall,Overall,35,10,41,-0.5,-0.837589,0.157979,958,8,
3,188,Overall,Overall,35,24,41,1.5,1.496074,0.127388,1075,6,
3,189,Overall,Overall,35,16,41,0.5,0.86952,0.167648,1043,8,
3,190,Overall,Overall,35,8,41,-1.5,-0.457958,0.432355,977,22,
3,191,Overall,Overall,35,12,41,0.5,-0.668659,0.546276,967,27,
3,192,Overall,Overall,35,7,41,-1.5,-1.043347,0.546708,948,27,
3,193,Overall,Overall,35,28,41,1.5,1.736231,0.397278,1087,20,
3,194,Overall,Overall,35,21,41,1.0,0.977176,0.25783,1049,13,
3,195,Overall,Overall,35,14,41,0.0,0.603347,0.209208,1030,10,
3,196,Overall,Overall,35,22,41,1.5,1.733685,0.266791,1087,13,
3,197,Overall,Overall,35,19,41,0.5,0.41829,0.210848,1021,11,
3,198,Overall,Overall,35,3,41,-2.0,-1.946342,1.064893,903,53,
3,199,Overall,Overall,35,7,41,-1.5,-2.789297,0.183103,861,9,
3,200,Overall,Overall,35,19,41,1.5,1.905336,0.092751,1095,5,
3,201,Overall,Overall,35,20,41,0.5,0.028962,0.112191,1001,6,
3,202,Overall,Overall,35,13,41,0.5,0.03722,0.231519,1002,12,
3,203,Overall,Overall,35,8,41,-0.5,-1.226654,0.839838,939,42,
3,204,Overall,Overall,35,11,41,-1.0,-0.359294,0.208913,982,10,
3,205,Overall,Overall,35,14,41,-0.5,-0.055975,0.357976,997,18,
3,206,Overall,Overall,35,23,41,1.5,1.289989,0.542167,1064,27,
3,207,Overall,Overall,35,17,41,0.5,-0.309366,0.366415,985,18,
3,208,Overall,Overall,35,12,41,-0.5,-0.092716,0.35235,995,18,
3,209,Overall,Overall,35,3,41,-2.0,-3.814898,0.531559,809,27,
3,210,Overall,Overall,35,10,41,-0.5,-1.243807,0.218528,938,11,
3,211,Overall,Overall,35,24,41,2.0,2.064613,0.381933,1103,19,
3,212,Overall,Overall,35,7,41,-1.0,-1.551138,0.808067,922,40,
3,213,Overall,Overall,35,12,41,0.0,-0.375446,0.3372,981,17,
3,214,Overall,Overall,35,13,41,0.5,0.409383,0.226348,1020,11,
3,215,Overall,Overall,35,16,41,0.5,0.471749,0.258436,1024,13,
3,216,Overall,Overall,35,10,41,-1.5,-1.586315,0.075486,921,4,
3,217,Overall,Overall,35,17,41,0.5,1.016981,0.552405,1051,28,
3,218,Overall,Overall,35,11,41,-1.0,-1.327147,0.54617,934,27,
3,219,Overall,Overall,35,22,41,1.0,1.23346,0.112584,1062,6,
3,220,Overall,Overall,35,8,41,-1.5,-0.971077,0.656343,951,33,
3,221,Overall,Overall,35,10,41,-0.5,-1.405909,0.539392,930,27,
3,222,Overall,Overall,35,6,41,-1.5,-2.136406,0.188955,893,9,
3,223,Overall,Overall,35,8,41,-2.0,-0.979157,0.139997,951,7,
3,224,Overall,Overall,35,11,41,-0.5,-0.262091,0.597451,987,30,
3,225,Overall,Overall,35,5,41,-2.0,-1.954473,0.554571,902,28,
3,226,Overall,Overall,35,5,41,-2.0,-2.788299,0.740554,861,37,
3,227,Overall,Overall,35,10,41,-1.0,-1.210973,0.227608,939,11,
3,228,Overall,Overall,35,3,41,-2.0,-1.814548,0.563427,909,28,
3,229,Overall,Overall,35,10,41,-2.0,-2.571277,0.833853,871,42,
3,230,Overall,Overall,35,10,41,-0.5,-0.461806,0.742116,977,37,
3,231,Overall,Overall,35,5,41,-1.0,-0.84551,0.189373,958,9,
3,232,Overall,Overall,35,22,41,1.0,1.193013,0.456833,1060,23,
3,233,Overall,Overall,35,21,41,1.5,0.983788,0.364318,1049,18,
3,234,Overall,Overall,35,16,41,0.5,0.770637,0.458825,1039,23,
3,235,Overall,Overall,35,4,41,-1.5,-1.619712,0.330229,919,17,
3,236,Overall,Overall,35,25,41,1.5,1.488898,0.539058,1074,27,
3,237,Overall,Overall,35,29,41,2.0,2.352004,0.272635,1118,14,
3,238,Overall,Overall,35,12,41,0.0,0.338193,0.558151,1017,28,
3,239,Overall,Overall,35,6,41,-1.5,-1.866312,0.453048,907,23,
3,240,Overall,Overall,35,18,41,1.0,0.646752,0.240595,1032,12,
3,241,Overall,Overall,35,19,41,0.0,0.713619,0.609969,1036,30,
3,242,Overall,Overall,35,16,41,0.0,0.704612,0.214659,1035,11,
3,243,Overall,Overall,35,7,41,-2.0,-1.451286,0.953007,927,48,
3,244,Overall,Overall,35,8,41,-1.5,-1.353564,0.369835,932,18,
3,245,Overall,Overall,35,5,41,-2.0,-1.808834,0.163258,910,8,
3,246,Overall,Overall,35,14,41,0.0,-0.228308,0.113066,989,6,
3,247,Overall,Overall,35,17,41,0.5,0.790491,0.572867,1040,29,
3,248,Overall,Overall,35,11,41,-0.5,-0.382706,0.203085,981,10,
3,249,Overall,Overall,35,26,41,1.0,0.801431,0.335774,1040,17,
3,250,Overall,Overall,35,27,41,1.5,1.119097,0.160046,1056,8,
3,251,Overall,Overall,35,11,41,-0.5,-2.136791,0.480301,893,24,
3,252,Overall,Overall,35,22,41,1.5,1.722537,0.428091,1086,21,
3,253,Overall,Overall,35,7,41,-1.5,-2.485486,0.148294,876,7,
3,254,Overall,Overall,35,3,41,-2.0,-3.30468,0.581252,835,29,
3,255,Overall,Overall,35,18,41,1.0,0.934163,0.312456,1047,16,
3,256,Overall,Overall,35,14,41,0.0,0.582007,0.346412,1029,17,
3,257,Overall,Overall,35,4,41,-1.5,-0.292684,0.215707,985,11,
3,258,Overall,Overall,35,24,41,1.0,1.517642,0.339345,1076,17,
3,259,Overall,Overall,35,5,41,-2.0,-1.147927,0.549464,943,27,
3,260,Overall,Overall,35,19,41,0.5,0.881473,0.283944,1044,14,
3,261,Overall,Overall,35,3,41,-2.0,-2.537378,0.610896,873,31,
3,262,Overall,Overall,35,9,41,-0.5,-0.207489,0.405904,990,20,
3,263,Overall,Overall,35,26,41,2.0,1.525557,0.345142,1076,17,
3,264,Overall,Overall,35,6,41,-1.0,-0.861404,0.268297,957,13,
3,265,Overall,Overall,35,10,41,0.0,-0.843669,0.36296,958,18,
3,266,Overall,Overall,35,22,41,1.5,1.755386,0.084621,1088,4,
3,267,Overall,Overall,35,8,41,-1.5,-0.917961,0.178205,954,9,
3,268,Overall,Overall,35,27,41,2.0,2.292266,0.450775,1115,23,
3,269,Overall,Overall,35,31,41,2.0,1.602542,0.260848,1080,13,
3,270,Overall,Overall,35,30,41,1.5,1.34188,0.2803,1067,14,
3,271,Overall,Overall,35,15,41,1.0,0.299144,0.718136,1015,36,
3,272,Overall,Overall,35,20,41,0.5,0.880948,0.406915,1044,20,
3,273,Overall,Overall,35,6,41,-2.0,-1.46172,0.616888,927,31,
3,274,Overall,Overall,35,6,41,-0.5,-1.620866,0.339892,919,17,
3,275,Overall,Overall,35,21,41,1.0,0.933594,0.337928,1047,17,
3,276,Overall,Overall,35,23,41,1.5,1.909925,0.210719,1095,11,
3,277,Overall,Overall,35,9,41,-1.0,-0.369943,0.315929,982,16,
3,278,Overall,Overall,35,27,41,1.5,1.662204,0.201655,1083,10,
3,279,Overall,Overall,35,24,41,1.5,1.650778,0.594149,1083,30,
3,280,Overall,Overall,35,22,41,1.5,1.081867,0.317085,1054,16,
3,281,Overall,Overall,35,18,41,1.0,0.784702,0.201876,1039,10,
3,282,Overall,Overall,35,6,41,-2.0,-1.961778,0.652512,902,33,
3,283,Overall,Overall,35,20,41,1.5,1.249756,0.374608,1062,19,
3,284,Overall,Overall,35,8,41,-1.0,-2.117549,1.047414,894,52,
3,285,Overall,Overall,35,25,41,1.0,1.189263,0.251562,1059,13,
3,286,Overall,Overall,35,8,41,-1.0,-1.143395,0.37406,943,19,
3,287,Overall,Overall,35,28,41,2.0,2.572249,0.350079,1129,18,
3,288,Overall,Overall,35,26,41,2.0,2.213155,0.244723,1111,12,
3,289,Overall,Overall,35,29,41,2.0,2.982525,0.508675,1149,25,
3,290,Overall,Overall,35,15,41,0.0,0.401384,0.74055,1020,37,
3,291,Overall,Overall,35,23,41,1.0,1.511406,0.090851,1076,5,
3,292,Overall,Overall,35,21,41,1.0,1.424012,0.188962,1071,9,
3,293,Overall,Overall,35,24,41,1.0,1.183734,0.449996,1059,22,
3,294,Overall,Overall,35,8,41,-1.0,-1.318344,0.282652,934,14,
3,295,Overall,Overall,35,15,41,0.0,0.037303,0.30603,1002,15,
3,296,Overall,Overall,35,27,41,2.0,3.021455,1.055222,1151,53,
3,297,Overall,Overall,35,9,41,-1.0,-1.000889,0.952183,950,48,
3,298,Overall,Overall,35,12,41,-1.0,-0.591881,0.504508,970,25,
3,299,Overall,Overall,35,15,41,0.5,1.511017,0.14146,1076,7,
3,300,Overall,Overall,35,10,41,-1.0,-0.809344,0.811987,960,41,
3,301,Overall,Overall,35,13,41,-0.5,0.376197,0.290329,1019,15,
3,302,Overall,Overall,35,16,41,0.5,-0.041277,0.407149,998,20,
3,303,Overall,Overall,35,10,41,-0.5,-0.895779,0.511557,955,26,
3,304,Overall,Overall,35,6,41,-0.5,-0.609821,0.422386,970,21,
3,305,Overall,Overall,35,23,41,1.0,1.496019,0.324204,1075,16,
3,306,Overall,Overall,35,31,41,2.0,3.019365,0.34194,1151,17,
3,307,Overall,Overall,35,25,41,2.0,2.184725,0.60176,1109,30,
3,308,Overall,Overall,35,29,41,2.0,1.605591,0.296404,1080,15,
3,309,Overall,Overall,35,10,41,-0.5,-0.323604,0.44628,984,22,
3,310,Overall,Overall,35,20,41,1.0,0.764652,0.182685,1038,9,
3,311,Overall,Overall,35,6,41,-2.0,-2.503168,0.714007,875,36,
3,312,Overall,Overall,35,7,41,-1.0,-1.71236,0.761296,914,38,
3,313,Overall,Overall,35,14,41,0.0,-0.91816,0.189306,954,9,
3,314,Overall,Overall,35,8,41,-1.5,-1.339768,0.168064,933,8,
3,315,Overall,Overall,35,7,41,-1.5,-1.221484,0.327284,939,16,
3,316,Overall,Overall,35,15,41,-0.5,-0.299325,0.215481,985,11,
3,317,Overall,Overall,35,9,41,-1.0,-2.037333,0.22904,898,11,
3,318,Overall,Overall,35,29,41,1.5,2.36227,0.741056,1118,37,
3,319,Overall,Overall,35,11,41,0.0,-0.307322,0.346534,985,17,
3,320,Overall,Overall,35,8,41,-1.5,-1.684484,0.414318,916,21,
3,321,Overall,Overall,35,23,41,1.5,1.717724,0.133772,1086,7,
3,322,Overall,Overall,35,9,41,-1.0,-2.199326,0.415812,890,21,
3,323,Overall,Overall,35,9,41,-1.0,-1.807101,0.380542,910,19,
3,324,Overall,Overall,35,25,41,2.0,1.882111,0.340749,1094,17,
3,325,Overall,Overall,35,24,41,2.0,2.017148,0.370981,1101,19,
3,326,Overall,Overall,35,11,41,0.0,-0.570458,0.143918,971,7,
3,327,Overall,Overall,35,17,41,0.0,0.507225,0.154689,1025,8,
3,328,Overall,Overall,35,11,41,-0.5,0.056426,0.431421,1003,22,
3,329,Overall,Overall,35,6,41,-2.0,-1.354706,0.768098,932,38,
3,330,Overall,Overall,35,23,41,1.0,0.530788,0.510665,1027,26,
3,331,Overall,Overall,35,12,41,0.0,0.549945,0.556714,1027,28,
3,332,Overall,Overall,35,17,41,0.5,0.106194,0.686965,1005,34,
3,333,Overall,Overall,35,6,41,-2.0,-2.6058,0.847668,870,42,
3,334,Overall,Overall,35,5,41,-1.0,-1.398033,0.393071,930,20,
3,335,Overall,Overall,35,7,41,-2.0,-1.019123,0.459872,949,23,
3,336,Overall,Overall,35,3,41,-1.5,-1.54697,0.340101,923,17,
3,337,Overall,Overall,35,7,41,-1.5,-2.262553,0.536561,887,27,
3,338,Overall,Overall,35,19,41,1.0,0.860654,0.348878,1043,17,
3,339,Overall,Overall,35,24,41,1.5,1.286483,0.292273,1064,15,
3,340,Overall,Overall,35,19,41,0.5,-0.110222,0.210404,994,11,
3,341,Overall,Overall,35,5,41,-1.5,-1.308921,0.334993,935,17,
3,342,Overall,Overall,35,17,41,0.0,0.166065,0.094268,1008,5,
3,343,Overall,Overall,35,17,41,1.5,0.873653,0.502288,1044,25,
3,344,Overall,Overall,35,20,41,1.0,1.814782,0.578391,1091,29,
3,345,Overall,Overall,35,9,41,-0.5,-0.731196,0.458884,963,23,
3,346,Overall,Overall,35,26,41,1.5,1.455639,0.450134,1073,23,
3,347,Overall,Overall,35,13,41,0.0,-0.49903,0.351879,975,18,
3,348,Overall,Overall,35,7,41,-2.0,-1.563566,0.471006,922,24,
3,349,Overall,Overall,35,13,41,0.5,-0.14788,0.326019,993,16,
3,350,Overall,Overall,35,12,41,0.0,-0.388251,0.344879,981,17,
3,351,Overall,Overall,35,21,41,1.0,1.439605,0.287056,1072,14,
3,352,Overall,Overall,35,24,41,2.0,1.98083,0.798372,1099,40,
3,353,Overall,Overall,35,29,41,2.0,1.651072,0.399893,1083,20,
3,354,Overall,Overall,35,7,41,-1.5,-0.995382,0.75212,950,38,
3,355,Overall,Overall,35,12,41,0.0,0.075995,0.580201,1004,29,
3,356,Overall,Overall,35,12,41,-1.0,-0.743042,0.199871,963,10,
3,357,Overall,Overall,35,10,41,0.0,-0.065738,0.249842,997,12,
3,358,Overall,Overall,35,8,41,-1.0,-1.78264,0.214832,911,11,
3,359,Overall,Overall,35,31,41,2.0,2.171778,0.227159,1109,11,
3,360,Overall,Overall,35,21,41,1.0,0.729098,0.193259,1036,10,
3,361,Overall,Overall,35,16,41,1.0,0.379032,0.041444,1019,2,
3,362,Overall,Overall,35,14,41,-0.5,0.732548,0.747871,1037,37,
3,363,Overall,Overall,35,23,41,2.0,1.76158,0.293223,1088,15,
3,364,Overall,Overall,35,10,41,-1.0,-0.291279,0.440214,985,22,
3,365,Overall,Overall,35,25,41,2.0,1.506742,0.28775,1075,14,
3,366,Overall,Overall,35,23,41,1.0,0.199611,0.18038,1010,9,
3,367,Overall,Overall,35,18,41,1.0,0.553706,0.379666,1028,19,
3,368,Overall,Overall,35,21,41,2.0,2.863967,0.022694,1143,1,
3,369,Overall,Overall,35,4,41,-1.5,-2.718183,0.445543,864,22,
3,370,Overall,Overall,35,23,41,2.0,1.13112,0.468233,1057,23,
3,371,Overall,Overall,35,26,41,1.5,1.140285,0.379229,1057,19,
3,372,Overall,Overall,35,8,41,-0.5,-1.110983,0.845007,944,42,
3,373,Overall,Overall,35,21,41,1.0,1.243112,0.283153,1062,14,
3,374,Overall,Overall,35,15,41,0.0,-0.074957,0.54521,996,27,
3,375,Overall,Overall,35,19,41,0.5,0.725375,0.26439,1036,13,
3,376,Overall,Overall,35,14,41,0.5,0.189286,0.271937,1009,14,
3,377,Overall,Overall,35,7,41,-1.0,-1.086257,0.350977,946,18,
3,378,Overall,Overall,35,4,41,-2.0,-1.808027,0.676452,910,34,
3,379,Overall,Overall,35,8,41,-0.5,-0.674069,0.316154,966,16,
3,380,Overall,Overall,35,19,41,0.5,1.08894,0.31952,1054,16,
3,381,Overall,Overall,35,19,41,1.0,0.718426,0.440746,1036,22,
3,382,Overall,Overall,35,9,41,-0.5,-0.262611,0.375046,987,19,
3,383,Overall,Overall,35,3,41,-1.5,-2.096321,0.165856,895,8,
3,384,Overall,Overall,35,9,41,-1.0,-0.528113,0.451642,974,23,
3,385,Overall,Overall,35,31,41,1.5,1.924139,0.309115,1096,15,
3,386,Overall,Overall,35,17,41,0.5,0.116291,0.239735,1006,12,
3,387,Overall,Overall,35,1,41,-2.0,-1.928847,0.304273,904,15,
3,388,Overall,Overall,35,23,41,1.5,2.099753,0.256611,1105,13,
3,389,Overall,Overall,35,15,41,0.5,-0.630084,0.432085,968,22,
3,390,Overall,Overall,35,25,41,2.0,2.385141,0.139916,1119,7,
3,391,Overall,Overall,35,16,41,0.5,0.411331,0.281074,1021,14,
3,392,Overall,Overall,35,12,41,0.0,-0.666884,0.367878,967,18,
3,393,Overall,Overall,35,7,41,-1.5,-1.827805,0.290748,909,15,
3,394,Overall,Overall,35,27,41,1.5,1.044662,0.515589,1052,26,
3,395,Overall,Overall,35,30,41,2.0,2.724224,0.158538,1136,8,
3,396,Overall,Overall,35,15,41,-0.5,0.048222,0.3351,1002,17,
3,397,Overall,Overall,35,4,41,-2.0,-3.300225,1.258705,835,63,
3,398,Overall,Overall,35,5,41,-2.0,-1.230346,0.524109,938,26,
3,399,Overall,Overall,35,29,41,2.0,1.588594,0.194252,1079,10,
3,400,Overall,Overall,35,26,41,2.0,1.265829,0.09892,1063,5,
3,401,Overall,Overall,35,8,41,-1.0,-0.973974,0.379292,951,19,
3,402,Overall,Overall,35,16,41,0.0,-0.465659,0.174078,977,9,
3,403,Overall,Overall,35,6,41,-1.0,-1.182516,0.442979,941,22,
3,404,Overall,Overall,35,28,41,2.0,1.73459,0.269351,1087,13,
3,405,Overall,Overall,35,16,41,0.5,-0.146017,0.369313,993,18,
3,406,Overall,Overall,35,8,41,-1.0,-1.430544,0.60825,928,30,
3,407,Overall,Overall,35,21,41,1.0,1.17328,0.444342,1059,22,
3,408,Overall,Overall,35,15,41,1.0,1.226742,0.221361,1061,11,
3,409,Overall,Overall,35,15,41,0.5,0.200298,0.378276,1010,19,
3,410,Overall,Overall,35,13,41,-0.5,0.69536,0.49193,1035,25,
3,411,Overall,Overall,35,6,41,-1.5,-2.053582,0.215187,897,11,
3,412,Overall,Overall,35,8,41,-1.5,-0.598856,0.161039,970,8,
3,413,Overall,Overall,35,13,41,0.5,-0.079557,0.171112,996,9,
3,414,Overall,Overall,35,9,41,-1.0,-1.20817,0.157358,940,8,
3,415,Overall,Overall,35,8,41,-1.5,-1.712229,0.274553,914,14,
3,416,Overall,Overall,35,11,41,-0.5,-0.32111,0.801928,984,40,
3,417,Overall,Overall,35,14,41,-0.5,-0.468639,0.621191,977,31,
3,418,Overall,Overall,35,21,41,0.5,0.840165,0.369718,1042,18,
3,419,Overall,Overall,35,12,41,0.0,-0.610226,0.379789,969,19,
3,420,Overall,Overall,35,14,41,0.0,-0.013983,0.396837,999,20,
3,421,Overall,Overall,35,8,41,-1.5,-0.790904,0.270246,960,14,
3,422,Overall,Overall,35,25,41,2.0,2.065655,0.376427,1103,19,
3,423,Overall,Overall,35,3,41,-1.5,-1.836785,0.449412,908,22,
3,424,Overall,Overall,35,20,41,1.0,0.099511,0.47986,1005,24,
3,425,Overall,Overall,35,6,41,-1.5,-1.769051,1.037397,912,52,
3,426,Overall,Overall,35,23,41,1.5,1.921893,0.217998,1096,11,
3,427,Overall,Overall,35,8,41,-1.0,-1.556091,1.052714,922,53,
3,428,Overall,Overall,35,29,41,1.5,2.302128,0.505513,1115,25,
3,429,Overall,Overall,35,7,41,-1.0,-0.776179,0.530883,961,27,
3,430,Overall,Overall,35,9,41,-1.5,-0.98729,0.26814,951,13,
3,431,Overall,Overall,35,10,41,-0.5,-0.385494,0.477305,981,24,
3,432,Overall,Overall,35,10,41,-1.0,-2.059471,0.806606,897,40,
3,433,Overall,Overall,35,6,41,-1.5,-1.892144,0.712585,905,36,
3,434,Overall,Overall,35,8,41,-0.5,-1.082691,0.618337,946,31,
3,435,Overall,Overall,35,19,41,1.0,0.825851,0.257886,1041,13,
3,436,Overall,Overall,35,8,41,-1.0,-0.857372,0.194675,957,10,
3,437,Overall,Overall,35,28,41,2.0,2.414215,0.390756,1121,20,
3,438,Overall,Overall,35,7,41,-1.5,-1.228836,0.437792,939,22,
3,439,Overall,Overall,35,17,41,0.0,0.63363,0.659632,1032,33,
3,440,Overall,Overall,35,9,41,-1.5,-0.825619,0.353581,959,18,
3,441,Overall,Overall,35,22,41,1.5,1.742763,0.310066,1087,16,
3,442,Overall,Overall,35,8,41,-1.5,-1.544354,0.601675,923,30,
3,443,Overall,Overall,35,8,41,-1.5,-1.197556,0.749218,940,37,
3,444,Overall,Overall,35,8,41,-1.0,-0.269805,0.250419,987,13,
3,445,Overall,Overall,35,8,41,-1.0,-1.734222,0.501522,913,25,
3,446,Overall,Overall,35,13,41,0.0,-0.449308,0.503875,978,25,
3,447,Overall,Overall,35,26,41,1.5,1.14128,0.168748,1057,8,
3,448,Overall,Overall,35,32,41,2.0,2.441635,0.411716,1122,21,
3,449,Overall,Overall,35,11,41,0.0,0.490225,0.142525,1025,7,
3,450,Overall,Overall,35,24,41,1.5,1.505781,0.291475,1075,15,
3,451,Overall,Overall,35,22,41,1.0,0.939707,0.50131,1047,25,
3,452,Overall,Overall,35,24,41,2.0,2.430805,0.502564,1122,25,
3,453,Overall,Overall,35,22,41,1.0,0.830937,0.440599,1042,22,
3,454,Overall,Overall,35,18,41,0.5,0.69688,0.430453,1035,22,
3,455,Overall,Overall,35,5,41,-1.5,-2.509065,1.069797,875,53,
3,456,Overall,Overall,35,14,41,0.0,-1.12774,0.374841,944,19,
3,457,Overall,Overall,35,12,41,0.5,0.683134,0.569397,1034,28,
3,458,Overall,Overall,35,13,41,0.0,0.018164,0.183118,1001,9,
3,459,Overall,Overall,35,3,41,-2.0,-1.326929,0.320565,934,16,
3,460,Overall,Overall,35,8,41,-1.0,-0.836874,0.279922,958,14,
3,461,Overall,Overall,35,17,41,0.5,0.563343,0.362902,1028,18,
3,462,Overall,Overall,35,22,41,1.5,2.049671,0.280057,1102,14,
3,463,Overall,Overall,35,6,41,-1.5,-0.655058,0.106377,967,5,
3,464,Overall,Overall,35,6,41,-1.0,-1.84017,0.301174,908,15,
3,465,Overall,Overall,35,14,41,-0.5,-0.950932,0.255961,952,13,
3,466,Overall,Overall,35,10,41,-1.0,-1.598139,0.324609,920,16,
3,467,Overall,Overall,35,24,41,1.5,2.228377,0.41931,1111,21,
3,468,Overall,Overall,35,11,41,0.0,-0.84134,0.35858,958,18,
3,469,Overall,Overall,35,5,41,-1.0,-1.750207,0.377152,912,19,
3,470,Overall,Overall,35,8,41,-0.5,-0.26122,0.130179,987,7,
3,471,Overall,Overall,35,9,41,-0.5,-0.882438,0.433572,956,22,
3,472,Overall,Overall,35,13,41,0.0,0.502747,0.275048,1025,14,
3,473,Overall,Overall,35,2,41,-2.0,-3.054486,1.234986,847,62,
3,474,Overall,Overall,35,13,41,-0.5,-0.085893,0.767862,996,38,
3,475,Overall,Overall,35,5,41,-2.0,-0.501725,0.75814,975,38,
3,476,Overall,Overall,35,20,41,1.0,0.837104,0.61415,1042,31,
3,477,Overall,Overall,35,18,41,1.0,0.526338,0.28183,1026,14,
3,478,Overall,Overall,35,26,41,1.5,1.570595,0.238476,1079,12,
3,479,Overall,Overall,35,5,41,-2.0,-1.768667,0.383932,912,19,
3,480,Overall,Overall,35,32,41,2.0,1.911419,0.02657,1096,1,
3,481,Overall,Overall,35,19,41,1.0,0.576571,0.516662,1029,26,
3,482,Overall,Overall,35,25,41,1.5,1.466514,0.281445,1073,14,
3,483,Overall,Overall,35,11,41,-0.5,-0.994781,0.493056,950,25,
3,484,Overall,Overall,35,14,41,0.0,-0.600492,0.204582,970,10,
3,485,Overall,Overall,35,10,41,-0.5,-0.387921,0.366917,981,18,
3,486,Overall,Overall,35,7,41,-1.0,-2.571498,0.98476,871,49,
3,487,Overall,Overall,35,10,41,-0.5,-0.544536,0.075592,973,4,
3,488,Overall,Overall,35,16,41,0.0,-0.083709,0.164871,996,8,
3,489,Overall,Overall,35,6,41,-1.5,-1.589429,0.64132,921,32,
3,490,Overall,Overall,35,22,41,2.0,2.662183,0.189087,1133,9,
3,491,Overall,Overall,35,1,41,-2.0,-2.578143,0.258157,871,13,
3,492,Overall,Overall,35,23,41,1.5,1.758016,0.11086,1088,6,
3,493,Overall,Overall,35,4,41,-2.0,-1.381698,0.388125,931,19,
3,494,Overall,Overall,35,7,41,-1.0,-0.898607,0.25809,955,13,
3,495,Overall,Overall,35,2,41,-2.0,-3.960474,1.423608,802,71,
3,496,Overall,Overall,35,18,41,1.0,1.474507,0.240115,1074,12,
3,497,Overall,Overall,35,5,41,-2.0,-2.256955,0.17823,887,9,
3,498,Overall,Overall,35,8,41,-0.5,-1.095596,0.380514,945,19,
3,499,Overall,Overall,35,5,41,-1.5,-2.030543,0.292309,898,15,
3,500,Overall,Overall,35,22,41,1.5,1.736817,0.292564,1087,15,
3,501,Overall,Overall,35,13,41,-1.0,-1.373298,0.151246,931,8,
3,502,Overall,Overall,35,18,41,0.0,0.567751,0.441077,1028,22,
3,503,Overall,Overall,35,9,41,-0.5,0.138618,0.281577,1007,14,
3,504,Overall,Overall,35,6,41,-1.5,-2.927039,0.773445,854,39,
3,505,Overall,Overall,35,8,41,-2.0,-1.172223,0.155826,941,8,
3,506,Overall,Overall,35,18,41,1.0,0.590349,0.373096,1030,19,
3,507,Overall,Overall,35,6,41,-2.0,-2.787114,1.15395,861,58,
3,508,Overall,Overall,35,20,41,1.0,1.245151,0.317954,1062,16,
3,509,Overall,Overall,35,7,41,-2.0,-1.413512,0.635865,929,32,
3,510,Overall,Overall,35,23,41,1.5,1.196449,0.09572,1060,5,
3,511,Overall,Overall,35,27,41,1.5,2.706328,0.484241,1135,24,
3,512,Overall,Overall,35,28,41,1.5,1.633638,0.362174,1082,18,
3,513,Overall,Overall,35,24,41,2.0,1.699728,0.527993,1085,26,
3,514,Overall,Overall,35,6,41,-2.0,-0.892654,0.122944,955,6,
3,515,Overall,Overall,35,27,41,2.0,1.702037,0.322671,1085,16,
3,516,Overall,Overall,35,15,41,0.0,-0.730467,0.308167,963,15,
3,517,Overall,Overall,35,5,41,-1.5,-2.260886,0.555897,887,28,
3,518,Overall,Overall,35,25,41,1.5,1.585384,0.096108,1079,5,
3,519,Overall,Overall,35,20,41,1.0,1.785951,0.151551,1089,8,
3,520,Overall,Overall,35,3,41,-2.0,-3.543487,0.822655,823,41,
3,521,Overall,Overall,35,2,41,-1.0,-2.903839,0.448538,855,22,
3,522,Overall,Overall,35,7,41,-2.0,-2.106154,0.589316,895,29,
3,523,Overall,Overall,35,25,41,1.0,1.611653,0.35694,1081,18,
3,524,Overall,Overall,35,2,41,-1.5,-0.413925,0.213612,979,11,
3,525,Overall,Overall,35,25,41,2.0,2.162933,0.086331,1108,4,
3,526,Overall,Overall,35,11,41,-0.5,-0.663348,0.444984,967,22,
3,527,Overall,Overall,35,12,41,0.0,-0.374156,0.278883,981,14,
3,528,Overall,Overall,35,18,41,1.0,0.440709,0.324201,1022,16,
3,529,Overall,Overall,35,22,41,1.0,1.315733,0.564233,1066,28,
3,530,Overall,Overall,35,28,41,1.5,1.520558,0.238057,1076,12,
3,531,Overall,Overall,35,9,41,-1.0,-0.477027,0.592125,976,30,
3,532,Overall,Overall,35,2,41,-1.5,-1.865644,0.662945,907,33,
3,533,Overall,Overall,35,22,41,0.5,1.048005,0.358845,1052,18,
3,534,Overall,Overall,35,11,41,-0.5,-0.796268,0.803367,960,40,
3,535,Overall,Overall,35,29,41,2.0,2.164504,0.333407,1108,17,
3,536,Overall,Overall,35,5,41,-1.0,-0.291934,0.22201,985,11,
3,537,Overall,Overall,35,7,41,-1.0,-1.454378,0.942553,927,47,
3,538,Overall,Overall,35,11,41,0.0,-0.473001,0.297061,976,15,
3,539,Overall,Overall,35,28,41,2.0,2.377649,0.271741,1119,14,
3,540,Overall,Overall,35,17,41,0.5,0.809714,0.162817,1040,8,
3,541,Overall,Overall,35,8,41,-1.5,-2.277898,0.230447,886,12,
3,542,Overall,Overall,35,29,41,2.0,2.421977,0.498623,1121,25,
3,543,Overall,Overall,35,22,41,1.5,2.157553,0.371938,1108,19,
3,544,Overall,Overall,35,22,41,1.0,0.772078,0.394793,1039,20,
3,545,Overall,Overall,35,4,41,-2.0,-2.586929,0.675144,871,34,
3,546,Overall,Overall,35,6,41,-1.5,-0.972269,0.248758,951,12,
3,547,Overall,Overall,35,8,41,-1.5,-1.359489,0.363125,932,18,
3,548,Overall,Overall,35,6,41,-1.5,-2.001859,1.363091,900,68,
3,549,Overall,Overall,35,19,41,0.5,0.780557,0.182562,1039,9,
3,550,Overall,Overall,35,9,41,-1.0,-1.938011,0.469985,903,23,
3,551,Overall,Overall,35,30,41,2.0,2.317702,0.229952,1116,11,
3,552,Overall,Overall,35,15,41,0.0,0.006411,0.324639,1000,16,
3,553,Overall,Overall,35,13,41,-1.0,-1.415975,0.13468,929,7,
3,554,Overall,Overall,35,15,41,0.0,0.001837,0.48132,1000,24,
3,555,Overall,Overall,35,14,41,0.5,-0.29232,0.430972,985,22,
3,556,Overall,Overall,35,7,41,-0.5,-0.42887,0.096403,979,5,
3,557,Overall,Overall,35,20,41,0.5,-0.068833,0.09958,997,5,
3,558,Overall,Overall,35,6,41,-1.5,-1.5931,0.556999,920,28,
3,559,Overall,Overall,35,5,41,-2.0,-0.999884,0.443102,950,22,
3,560,Overall,Overall,35,18,41,0.5,0.928505,0.466775,1046,23,
3,561,Overall,Overall,35,6,41,-1.5,-1.362588,0.271838,932,14,
3,562,Overall,Overall,35,26,41,1.5,1.013831,0.350926,1051,18,
3,563,Overall,Overall,35,29,41,2.0,1.041432,0.257889,1052,13,
3,564,Overall,Overall,35,8,41,-0.5,-0.254808,0.106634,987,5,
3,565,Overall,Overall,35,14,41,0.0,0.318423,0.159975,1016,8,
3,566,Overall,Overall,35,6,41,-1.5,-1.964515,0.763338,902,38,
3,567,Overall,Overall,35,13,41,0.0,-0.120532,0.429054,994,21,
3,568,Overall,Overall,35,29,41,2.0,1.890758,0.097838,1095,5,
3,569,Overall,Overall,35,9,41,-1.5,-0.388915,0.844127,981,42,
3,570,Overall,Overall,35,23,41,1.0,1.43756,0.483458,1072,24,
3,571,Overall,Overall,35,5,41,-2.0,-2.105306,0.917069,895,46,
3,572,Overall,Overall,35,6,41,-2.0,-1.718441,0.354192,914,18,
3,573,Overall,Overall,35,6,41,-1.0,-0.430727,0.338119,978,17,
3,574,Overall,Overall,35,11,41,0.5,-1.119333,0.988186,944,49,
3,575,Overall,Overall,35,26,41,1.5,0.73736,0.199484,1037,10,
3,576,Overall,Overall,35,7,41,-2.0,-1.006454,0.142584,950,7,
3,577,Overall,Overall,35,28,41,1.0,1.733062,0.449309,1087,22,
3,578,Overall,Overall,35,26,41,1.5,1.265537,0.345263,1063,17,
3,579,Overall,Overall,35,5,41,-2.0,-1.869845,0.375212,907,19,
3,580,Overall,Overall,35,14,41,0.0,-0.27945,0.335434,986,17,
3,581,Overall,Overall,35,30,41,1.5,1.171582,0.165933,1059,8,
3,582,Overall,Overall,35,26,41,2.0,2.095232,0.121852,1105,6,
3,583,Overall,Overall,35,6,41,-2.0,-1.937844,0.515459,903,26,
3,584,Overall,Overall,35,9,41,-1.0,-0.663223,0.235158,967,12,
3,585,Overall,Overall,35,18,41,0.0,0.548552,0.484881,1027,24,
3,586,Overall,Overall,35,10,41,-1.0,-0.877032,0.258899,956,13,
3,587,Overall,Overall,35,27,41,2.0,1.585227,0.23291,1079,12,
3,588,Overall,Overall,35,25,41,1.5,1.638162,0.226485,1082,11,
3,589,Overall,Overall,35,9,41,-1.0,-0.717682,0.23239,964,12,
3,590,Overall,Overall,35,7,41,-1.5,-1.323631,0.333436,934,17,
3,591,Overall,Overall,35,5,41,-1.5,-1.322264,0.138773,934,7,
3,592,Overall,Overall,35,7,41,-1.5,-2.186329,0.298338,891,15,
3,593,Overall,Overall,35,13,41,0.0,-0.919587,0.410359,954,21,
3,594,Overall,Overall,35,22,41,1.5,1.998478,0.13458,1100,7,
3,595,Overall,Overall,35,9,41,-1.0,-0.209389,0.739264,990,37,
3,596,Overall,Overall,35,28,41,1.5,1.551279,0.293515,1078,15,
3,597,Overall,Overall,35,16,41,0.5,1.458474,0.157963,1073,8,
3,598,Overall,Overall,35,27,41,2.0,2.237106,0.23618,1112,12,
3,599,Overall,Overall,35,7,41,-1.5,-2.059812,0.903394,897,45,
3,600,Overall,Overall,35,2,41,-1.0,-1.43274,0.403193,928,20,
3,601,Overall,Overall,35,15,41,0.5,0.068253,0.529927,1003,26,
3,602,Overall,Overall,35,6,41,-1.0,-1.102181,0.268815,945,13,
3,603,Overall,Overall,35,26,41,1.5,0.967473,0.330603,1048,17,
3,604,Overall,Overall,35,23,41,1.0,0.902073,0.0606,1045,3,
3,605,Overall,Overall,35,13,41,0.5,-0.16417,0.533003,992,27,
3,606,Overall,Overall,35,25,41,1.5,1.919408,0.186166,1096,9,
3,607,Overall,Overall,35,29,41,1.5,1.874172,0.40441,1094,20,
3,608,Overall,Overall,35,23,41,2.0,2.095863,0.338512,1105,17,
3,609,Overall,Overall,35,26,41,1.0,1.609296,0.552473,1080,28,
3,610,Overall,Overall,35,9,41,-1.0,-0.806306,0.411618,960,21,
3,611,Overall,Overall,35,7,41,-1.5,-2.399577,0.31416,880,16,
3,612,Overall,Overall,35,25,41,1.0,1.013015,0.317441,1051,16,
3,613,Overall,Overall,35,10,41,-0.5,-0.539218,0.342669,973,17,
3,614,Overall,Overall,35,31,41,2.0,1.414707,0.245768,1071,12,
3,615,Overall,Overall,35,7,41,-1.5,-1.079629,0.175208,946,9,
3,616,Overall,Overall,35,6,41,-1.0,-2.459292,1.022895,877,51,
3,617,Overall,Overall,35,11,41,-0.5,-0.400344,0.361572,980,18,
3,618,Overall,Overall,35,25,41,2.0,1.888427,0.086909,1094,4,
3,619,Overall,Overall,35,6,41,-1.0,-2.802331,0.466986,860,23,
3,620,Overall,Overall,35,10,41,-0.5,0.073304,0.431921,1004,22,
3,621,Overall,Overall,35,15,41,1.0,0.454424,0.1634,1023,8,
3,622,Overall,Overall,35,21,41,1.0,0.862218,0.30404,1043,15,
3,623,Overall,Overall,35,12,41,0.0,-0.470278,0.479388,976,24,
3,624,Overall,Overall,35,7,41,-0.5,-0.286859,0.456857,986,23,
3,625,Overall,Overall,35,9,41,-1.0,-1.240662,0.311283,938,16,
3,626,Overall,Overall,35,19,41,0.5,0.616599,0.495507,1031,25,
3,627,Overall,Overall,35,14,41,0.0,0.067105,0.25828,1003,13,
3,628,Overall,Overall,35,4,41,-1.5,-2.444704,0.898503,878,45,
3,629,Overall,Overall,35,4,41,-2.0,-1.645955,0.622171,918,31,
3,630,Overall,Overall,35,6,41,-0.5,-0.322677,0.187315,984,9,
3,631,Overall,Overall,35,24,41,1.0,1.383986,0.371371,1069,19,
3,632,Overall,Overall,35,11,41,-0.5,-1.070451,0.175593,946,9,
3,633,Overall,Overall,35,25,41,2.0,2.237809,0.538386,1112,27,
3,634,Overall,Overall,35,30,41,2.0,1.90698,0.276539,1095,14,
3,635,Overall,Overall,35,18,41,0.5,-0.156406,0.201468,992,10,
3,636,Overall,Overall,35,18,41,0.0,0.607526,0.190414,1030,10,
3,637,Overall,Overall,35,10,41,0.0,-1.100622,0.33538,945,17,
3,638,Overall,Overall,35,8,41,-0.5,-1.784413,0.791001,911,40,
3,639,Overall,Overall,35,19,41,0.5,0.666422,0.408959,1033,20,
3,640,Overall,Overall,35,22,41,2.0,2.045494,0.323071,1102,16,
3,641,Overall,Overall,35,7,41,-0.5,-0.681174,0.283272,966,14,
3,642,Overall,Overall,35,20,41,0.5,0.73691,0.311674,1037,16,
3,643,Overall,Overall,35,7,41,-1.5,-2.005505,0.867918,900,43,
3,644,Overall,Overall,35,23,41,1.0,1.253093,0.320604,1063,16,
3,645,Overall,Overall,35,5,41,-2.0,-1.619708,0.543262,919,27,
3,646,Overall,Overall,35,11,41,0.0,0.628446,0.191296,1031,10,
3,647,Overall,Overall,35,28,41,2.0,2.529244,0.552628,1126,28,
3,648,Overall,Overall,35,19,41,0.5,0.747659,0.365304,1037,18,
3,649,Overall,Overall,35,3,41,-1.5,-2.548298,0.802265,873,40,
3,650,Overall,Overall,35,12,41,-0.5,-0.466503,0.352532,977,18,
3,651,Overall,Overall,35,24,41,2.0,1.843158,0.184356,1092,9,
3,652,Overall,Overall,35,7,41,-1.0,-0.644871,0.717402,968,36,
3,653,Overall,Overall,35,24,41,1.5,0.93698,0.111774,1047,6,
3,654,Overall,Overall,35,5,41,-2.0,-1.592899,0.374057,920,19,
3,655,Overall,Overall,35,10,41,0.0,-0.096774,0.467929,995,23,
3,656,Overall,Overall,35,20,41,1.0,0.577195,0.295382,1029,15,
3,657,Overall,Overall,35,21,41,1.0,1.392511,0.387968,1070,19,
3,658,Overall,Overall,35,6,41,-1.5,-1.155049,0.142979,942,7,
3,659,Overall,Overall,35,18,41,0.5,0.29228,0.403099,1015,20,
3,660,Overall,Overall,35,6,41,-1.0,-1.507685,0.796959,925,40,
3,661,Overall,Overall,35,11,41,0.0,0.443398,0.701752,1022,35,
3,662,Overall,Overall,35,25,41,2.0,2.185295,0.432365,1109,22,
3,663,Overall,Overall,35,11,41,-0.5,0.10174,0.123616,1005,6,
3,664,Overall,Overall,35,26,41,2.0,0.984619,0.276603,1049,14,
3,665,Overall,Overall,35,8,41,-0.5,-0.431657,1.105688,978,55,
3,666,Overall,Overall,35,3,41,-2.0,-1.265851,0.499092,937,25,
3,667,Overall,Overall,35,7,41,-1.0,-0.286265,0.420041,986,21,
3,668,Overall,Overall,35,15,41,0.0,0.932119,0.219975,1047,11,
3,669,Overall,Overall,35,12,41,-0.5,-0.381354,0.122216,981,6,
3,670,Overall,Overall,35,5,41,-1.5,-2.139946,0.139589,893,7,
3,671,Overall,Overall,35,28,41,2.0,2.548411,0.486618,1127,24,
3,672,Overall,Overall,35,20,41,0.5,1.070924,0.289086,1054,14,
3,673,Overall,Overall,35,19,41,1.0,0.970425,0.499747,1049,25,
3,674,Overall,Overall,35,10,41,-0.5,0.194601,0.433565,1010,22,
3,675,Overall,Overall,35,21,41,1.0,0.698066,0.550479,1035,28,
3,676,Overall,Overall,35,29,41,2.0,2.068407,0.170712,1103,9,
3,677,Overall,Overall,35,6,41,-2.0,-1.176039,0.331137,941,17,
3,678,Overall,Overall,35,26,41,2.0,1.273582,0.148978,1064,7,
3,679,Overall,Overall,35,9,41,-0.5,-1.701932,1.027625,915,51,
3,680,Overall,Overall,35,2,41,-2.0,-2.060567,0.426017,897,21,
3,681,Overall,Overall,35,7,41,-2.0,-2.014386,0.851337,899,43,
3,682,Overall,Overall,35,15,41,0.0,0.456787,0.238243,1023,12,
3,683,Overall,Overall,35,6,41,-1.5,-1.518203,0.383245,924,19,
3,684,Overall,Overall,35,11,41,0.0,0.222549,0.345247,1011,17,
3,685,Overall,Overall,35,9,41,0.0,-0.669827,0.344264,967,17,
3,686,Overall,Overall,35,15,41,0.0,0.111804,0.81899,1006,41,
3,687,Overall,Overall,35,17,41,0.5,0.100827,0.566197,1005,28,
3,688,Overall,Overall,35,11,41,-0.5,-0.492793,0.625956,975,31,
3,689,Overall,Overall,35,5,41,-1.5,-1.948911,0.778256,903,39,
3,690,Overall,Overall,35,18,41,0.5,0.489496,0.72851,1024,36,
3,691,Overall,Overall,35,25,41,2.0,2.16917,0.404429,1108,20,
3,692,Overall,Overall,35,8,41,-0.5,-0.62788,0.370306,969,19,
3,693,Overall,Overall,35,17,41,0.5,0.455082,0.334991,1023,17,
3,694,Overall,Overall,35,25,41,1.5,1.731992,0.56837,1087,28,
3,695,Overall,Overall,35,22,41,1.0,0.831052,0.245981,1042,12,
3,696,Overall,Overall,35,5,41,-2.0,-1.297967,0.530027,935,27,
3,697,Overall,Overall,35,29,41,2.0,2.247069,0.292524,1112,15,
3,698,Overall,Overall,35,4,41,-2.0,-1.308199,0.2631,935,13,
3,699,Overall,Overall,35,9,41,-0.5,-1.494553,1.007187,925,50,
3,700,Overall,Overall,35,5,41,-1.5,-1.361087,0.958799,932,48,
3,701,Overall,Overall,35,10,41,-0.5,-0.743382,0.38368,963,19,
3,702,Overall,Overall,35,9,41,0.0,-0.0979,0.190022,995,10,
3,703,Overall,Overall,35,14,41,0.5,0.448306,0.274009,1022,14,
3,704,Overall,Overall,35,24,41,2.0,2.727331,0.36364,1136,18,
3,705,Overall,Overall,35,12,41,0.0,-0.22826,0.494408,989,25,
3,706,Overall,Overall,35,19,41,0.5,-0.167894,0.205276,992,10,
3,707,Overall,Overall,35,5,41,-1.0,-0.028442,0.228783,999,11,
3,708,Overall,Overall,35,11,41,-1.0,-1.084082,0.34798,946,17,
3,709,Overall,Overall,35,9,41,-1.0,-1.269218,0.303826,937,15,
3,710,Overall,Overall,35,3,41,-2.0,-1.358584,0.425176,932,21,
3,711,Overall,Overall,35,11,41,-0.5,-0.538213,0.400394,973,20,
3,712,Overall,Overall,35,24,41,1.0,1.381598,0.393706,1069,20,
3,713,Overall,Overall,35,17,41,0.5,0.425383,0.185658,1021,9,
3,714,Overall,Overall,35,22,41,1.5,0.402755,0.354488,1020,18,
3,715,Overall,Overall,35,10,41,0.0,-0.828179,0.596419,959,30,
3,716,Overall,Overall,35,25,41,2.0,1.838663,0.51923,1092,26,
3,717,Overall,Overall,35,26,41,1.5,1.144291,0.310276,1057,16,
3,718,Overall,Overall,35,23,41,1.0,1.355127,0.507665,1068,25,
3,719,Overall,Overall,35,18,41,1.5,2.066958,0.272863,1103,14,
3,720,Overall,Overall,35,5,41,-1.5,-1.213611,0.323676,939,16,
3,721,Overall,Overall,35,22,41,1.5,0.908542,0.450707,1045,23,
3,722,Overall,Overall,35,5,41,-2.0,-1.835366,0.427345,908,21,
3,723,Overall,Overall,35,18,41,0.5,1.121217,0.269045,1056,13,
3,724,Overall,Overall,35,9,41,-1.5,-2.515068,0.346188,874,17,
3,725,Overall,Overall,35,8,41,-2.0,-1.361873,0.150861,932,8,
3,726,Overall,Overall,35,4,41,-2.0,-4.385966,0.910424,781,46,
3,727,Overall,Overall,35,11,41,-1.0,-1.052007,0.241988,947,12,
3,728,Overall,Overall,35,13,41,-0.5,-0.29665,0.518844,985,26,
3,729,Overall,Overall,35,24,41,1.5,2.308527,0.186374,1115,9,
3,730,Overall,Overall,35,3,41,-2.0,-2.349537,0.75475,883,38,
3,731,Overall,Overall,35,16,41,0.0,0.24315,0.322248,1012,16,
3,732,Overall,Overall,35,28,41,2.0,2.18616,0.261358,1109,13,
3,733,Overall,Overall,35,6,41,-1.0,-1.987339,0.88562,901,44,
3,734,Overall,Overall,35,14,41,0.0,0.895241,0.340659,1045,17,
3,735,Overall,Overall,35,9,41,-0.5,-1.111402,0.463763,944,23,
3,736,Overall,Overall,35,12,41,0.5,0.232275,0.403206,1012,20,
3,737,Overall,Overall,35,3,41,-2.0,-2.540538,0.324341,873,16,
3,738,Overall,Overall,35,19,41,0.5,0.726351,0.165934,1036,8,
3,739,Overall,Overall,35,14,41,0.5,-0.184471,0.600915,991,30,
3,740,Overall,Overall,35,7,41,-1.0,-2.406127,0.841083,880,42,
3,741,Overall,Overall,35,31,41,2.0,2.400717,0.294574,1120,15,
3,742,Overall,Overall,35,27,41,1.5,1.163771,0.32353,1058,16,
3,743,Overall,Overall,35,17,41,0.5,0.929487,0.614811,1046,31,
3,744,Overall,Overall,35,22,41,1.0,0.972248,0.210463,1049,11,
3,745,Overall,Overall,35,6,41,-1.5,-1.919379,0.693545,904,35,
3,746,Overall,Overall,35,24,41,1.0,1.868452,0.303818,1093,15,
3,747,Overall,Overall,35,11,41,-0.5,0.288815,0.095555,1014,5,
3,748,Overall,Overall,35,4,41,-2.0,-1.251204,0.745487,937,37,
3,749,Overall,Overall,35,7,41,0.0,-1.394009,0.704215,930,35,
3,750,Overall,Overall,35,16,41,0.0,0.508119,0.449174,1025,22,
3,751,Overall,Overall,35,11,41,0.0,0.034253,0.31599,1002,16,
3,752,Overall,Overall,35,7,41,-0.5,-0.217076,0.477868,989,24,
3,753,Overall,Overall,35,9,41,-1.5,-0.857657,0.42549,957,21,
3,754,Overall,Overall,35,11,41,0.0,-0.228103,0.616145,989,31,
3,755,Overall,Overall,35,16,41,0.5,0.542859,0.196987,1027,10,
3,756,Overall,Overall,35,9,41,-0.5,-0.208615,0.635482,990,32,
3,757,Overall,Overall,35,8,41,-1.0,-0.901808,0.445708,955,22,
3,758,Overall,Overall,35,10,41,0.0,-1.748065,0.481697,913,24,
3,759,Overall,Overall,35,26,41,2.0,2.314014,0.291386,1116,15,
3,760,Overall,Overall,35,6,41,-1.5,-1.937377,0.866292,903,43,
3,761,Overall,Overall,35,17,41,0.5,0.237244,0.364764,1012,18,
3,762,Overall,Overall,35,27,41,2.0,2.063658,0.246204,1103,12,
3,763,Overall,Overall,35,30,41,2.0,2.568235,0.762964,1128,38,
3,764,Overall,Overall,35,9,41,-0.5,-0.899967,0.300638,955,15,
3,765,Overall,Overall,35,24,41,1.5,1.854276,0.273175,1093,14,
3,766,Overall,Overall,35,16,41,0.0,0.508649,0.322707,1025,16,
3,767,Overall,Overall,35,10,41,-1.0,-1.391838,0.187667,930,9,
3,768,Overall,Overall,35,8,41,-0.5,-1.420676,0.767208,929,38,
3,769,Overall,Overall,35,6,41,-1.0,-1.177025,0.409227,941,20,
3,770,Overall,Overall,35,17,41,0.5,0.490288,0.3021,1025,15,
3,771,Overall,Overall,35,26,41,2.0,2.268511,0.197753,1113,10,
3,772,Overall,Overall,35,17,41,1.0,0.757754,0.33412,1038,17,
3,773,Overall,Overall,35,14,41,0.0,0.559899,0.057606,1028,3,
3,774,Overall,Overall,35,26,41,2.0,1.839228,0.242768,1092,12,
3,775,Overall,Overall,35,13,41,0.0,0.211041,0.50504,1011,25,
3,776,Overall,Overall,35,12,41,-0.5,0.049492,0.256214,1002,13,
3,777,Overall,Overall,35,5,41,-2.0,-2.241695,0.632035,888,32,
3,778,Overall,Overall,35,18,41,1.0,0.50308,0.384069,1025,19,
3,779,Overall,Overall,35,23,41,1.0,1.412185,0.251216,1071,13,
3,780,Overall,Overall,35,2,41,-1.5,-2.424953,0.495956,879,25,
3,781,Overall,Overall,35,10,41,-0.5,0.06626,0.391578,1003,20,
3,782,Overall,Overall,35,18,41,0.5,0.252991,0.218372,1013,11,
3,783,Overall,Overall,35,15,41,0.0,0.625302,0.348945,1031,17,
3,784,Overall,Overall,35,15,41,0.5,0.913301,0.076402,1046,4,
3,785,Overall,Overall,35,9,41,-1.5,-1.11533,0.345381,944,17,
3,786,Overall,Overall,35,28,41,1.5,1.182699,0.155067,1059,8,
3,787,Overall,Overall,35,4,41,-1.5,-1.903688,0.400175,905,20,
3,788,Overall,Overall,35,6,41,-2.0,-2.030048,0.36709,898,18,
3,789,Overall,Overall,35,12,41,-0.5,0.045695,0.348047,1002,17,
3,790,Overall,Overall,35,26,41,2.0,1.778435,0.251015,1089,13,
3,791,Overall,Overall,35,29,41,1.5,1.811173,0.167989,1091,8,
3,792,Overall,Overall,35,15,41,0.5,0.25707,0.321675,1013,16,
3,793,Overall,Overall,35,7,41,-1.5,-1.818837,0.23978,909,12,
3,794,Overall,Overall,35,12,41,0.5,0.044435,0.290474,1002,15,
3,795,Overall,Overall,35,11,41,-0.5,-1.547524,0.64885,923,32,
3,796,Overall,Overall,35,25,41,2.0,2.317483,0.132262,1116,7,
3,797,Overall,Overall,35,4,41,-2.0,-1.431896,0.068405,928,3,
3,798,Overall,Overall,35,18,41,0.5,-0.08394,0.273557,996,14,
3,799,Overall,Overall,35,7,41,-1.5,-1.061162,0.445641,947,22,
3,800,Overall,Overall,35,32,41,2.0,1.846053,0.299396,1092,15,
3,801,Overall,Overall,35,10,41,0.0,-0.255115,0.282841,987,14,
3,802,Overall,Overall,35,3,41,-2.0,-1.605222,0.263137,920,13,
3,803,Overall,Overall,35,13,41,0.0,-0.106492,0.335629,995,17,
3,804,Overall,Overall,35,22,41,1.0,1.391459,0.540113,1070,27,
3,805,Overall,Overall,35,25,41,1.0,0.96022,0.233609,1048,12,
3,806,Overall,Overall,35,21,41,1.0,0.630223,0.193841,1032,10,
3,807,Overall,Overall,35,3,41,-2.0,-1.659932,0.820697,917,41,
3,808,Overall,Overall,35,23,41,1.5,1.575485,0.581347,1079,29,
3,809,Overall,Overall,35,7,41,-1.5,-0.517205,0.659697,974,33,
3,810,Overall,Overall,35,14,41,0.5,0.205927,0.085595,1010,4,
3,811,Overall,Overall,35,13,41,0.0,-0.007615,0.447405,1000,22,
3,812,Overall,Overall,35,7,41,-0.5,-0.318755,0.26933,984,13,
3,813,Overall,Overall,35,17,41,0.0,0.729555,0.2941,1036,15,
3,814,Overall,Overall,35,4,41,-1.5,-1.923501,0.209541,904,10,
3,815,Overall,Overall,35,12,41,0.0,-0.341856,0.628734,983,31,
3,816,Overall,Overall,35,26,41,2.0,2.334108,0.51274,1117,26,
3,817,Overall,Overall,35,7,41,-1.5,-0.942349,0.240578,953,12,
3,818,Overall,Overall,35,13,41,0.5,-0.297655,0.235834,985,12,
3,819,Overall,Overall,35,7,41,-1.0,-0.690812,0.49194,965,25,
3,820,Overall,Overall,35,9,41,-1.5,-1.991087,0.332089,900,17,
3,821,Overall,Overall,35,9,41,-1.0,-0.717652,0.621442,964,31,
3,822,Overall,Overall,35,24,41,1.5,1.6053,0.250447,1080,13,
3,823,Overall,Overall,35,12,41,0.0,-0.50759,0.664141,975,33,
3,824,Overall,Overall,35,19,41,1.0,0.795801,0.445064,1040,22,
3,825,Overall,Overall,35,22,41,2.0,1.880634,0.205664,1094,10,
3,826,Overall,Overall,35,10,41,-0.5,-0.791702,0.326874,960,16,
3,827,Overall,Overall,35,25,41,1.5,1.619296,0.500686,1081,25,
3,828,Overall,Overall,35,27,41,2.0,1.739573,0.562644,1087,28,
3,829,Overall,Overall,35,20,41,1.0,0.905174,0.401206,1045,20,
3,830,Overall,Overall,35,30,41,2.0,1.998912,0.176081,1100,9,
3,831,Overall,Overall,35,28,41,1.5,2.039743,0.482908,1102,24,
3,832,Overall,Overall,35,28,41,2.0,2.577549,0.203515,1129,10,
3,833,Overall,Overall,35,7,41,-2.0,-0.456399,0.118524,977,6,
3,834,Overall,Overall,35,11,41,-1.0,-0.524644,0.558801,974,28,
3,835,Overall,Overall,35,21,41,1.0,2.085299,0.156064,1104,8,
3,836,Overall,Overall,35,24,41,1.0,1.403393,0.419164,1070,21,
3,837,Overall,Overall,35,14,41,0.0,-0.56489,0.129961,972,6,
3,838,Overall,Overall,35,17,41,0.5,0.013705,0.503594,1001,25,
3,839,Overall,Overall,35,18,41,0.5,0.704411,0.43677,1035,22,
3,840,Overall,Overall,35,5,41,-1.0,-2.863415,0.98316,857,49,
3,841,Overall,Overall,35,19,41,0.5,0.551008,0.213605,1028,11,
3,842,Overall,Overall,35,21,41,1.0,0.951419,0.037919,1048,2,
3,843,Overall,Overall,35,10,41,-0.5,-0.33502,0.676065,983,34,
3,844,Overall,Overall,35,21,41,1.5,1.573965,0.17352,1079,9,
3,845,Overall,Overall,35,8,41,-1.0,-1.927146,1.264893,904,63,
3,846,Overall,Overall,35,10,41,-0.5,-0.146565,0.336619,993,17,
3,847,Overall,Overall,35,6,41,-1.5,-1.083243,0.700905,946,35,
3,848,Overall,Overall,35,5,41,-2.0,-3.502551,1.091836,825,55,
3,849,Overall,Overall,35,3,41,-2.0,-3.30491,0.766352,835,38,
3,850,Overall,Overall,35,6,41,-0.5,-0.727757,0.187106,964,9,
3,851,Overall,Overall,35,23,41,1.5,1.890067,0.707593,1095,35,
3,852,Overall,Overall,35,26,41,2.0,2.21427,0.195315,1111,10,
3,853,Overall,Overall,35,22,41,0.5,-0.263691,0.096375,987,5,
3,854,Overall,Overall,35,2,41,-2.0,-2.209586,0.174645,890,9,
3,855,Overall,Overall,35,9,41,-1.0,-1.307495,0.693709,935,35,
3,856,Overall,Overall,35,9,41,-1.0,-2.207869,0.416679,890,21,
3,857,Overall,Overall,35,12,41,-0.5,0.19027,0.217391,1010,11,
3,858,Overall,Overall,35,3,41,-2.0,-2.529751,1.059347,874,53,
3,859,Overall,Overall,35,26,41,1.5,1.215602,0.177798,1061,9,
3,860,Overall,Overall,35,18,41,0.5,1.03188,0.076265,1052,4,
3,861,Overall,Overall,35,24,41,1.5,1.32652,0.554044,1066,28,
3,862,Overall,Overall,35,10,41,-0.5,-0.119955,0.277821,994,14,
3,863,Overall,Overall,35,26,41,1.5,0.747981,0.138593,1037,7,
3,864,Overall,Overall,35,7,41,-1.0,-0.835604,0.410627,958,21,
3,865,Overall,Overall,35,19,41,1.0,0.293027,0.468054,1015,23,
3,866,Overall,Overall,35,13,41,0.0,0.163225,0.235315,1008,12,
3,867,Overall,Overall,35,25,41,2.0,2.208948,0.453577,1110,23,
3,868,Overall,Overall,35,26,41,1.5,1.900196,0.375652,1095,19,
3,869,Overall,Overall,35,27,41,1.5,1.073414,0.303758,1054,15,
3,870,Overall,Overall,35,28,41,1.5,1.554447,0.15152,1078,8,
3,871,Overall,Overall,35,23,41,1.0,1.138875,0.334224,1057,17,
3,872,Overall,Overall,35,28,41,2.0,2.925969,0.249869,1146,12,
3,873,Overall,Overall,35,1,41,-2.0,-3.525277,0.351551,824,18,
3,874,Overall,Overall,35,18,41,0.5,0.943076,0.701013,1047,35,
3,875,Overall,Overall,35,5,41,-1.5,-1.681381,0.573605,916,29,
3,876,Overall,Overall,35,20,41,1.0,1.203963,0.283015,1060,14,
3,877,Overall,Overall,35,23,41,1.0,1.141854,0.454556,1057,23,
3,878,Overall,Overall,35,29,41,2.0,1.80877,0.313756,1090,16,
3,879,Overall,Overall,35,7,41,-1.5,-1.34625,0.267857,933,13,
3,880,Overall,Overall,35,8,41,-2.0,-1.537621,0.179487,923,9,
3,881,Overall,Overall,35,3,41,-1.5,-1.438163,0.976191,928,49,
3,882,Overall,Overall,35,8,41,-1.0,-0.762917,0.088012,962,4,
3,883,Overall,Overall,35,8,41,-0.5,-0.33459,0.423304,983,21,
3,884,Overall,Overall,35,18,41,0.5,0.805626,0.334279,1040,17,
3,885,Overall,Overall,35,27,41,1.5,1.280782,0.427862,1064,21,
3,886,Overall,Overall,35,19,41,1.0,0.682945,0.283297,1034,14,
3,887,Overall,Overall,35,15,41,0.5,-0.850988,0.148869,957,7,
3,888,Overall,Overall,35,6,41,-2.0,-1.281703,0.062793,936,3,
3,889,Overall,Overall,35,4,41,-2.0,-2.395332,0.179853,880,9,
3,890,Overall,Overall,35,24,41,1.0,0.789075,0.090085,1039,5,
3,891,Overall,Overall,35,4,41,-2.0,-2.984523,0.496118,851,25,
3,892,Overall,Overall,35,30,41,1.5,1.600501,0.423262,1080,21,
3,893,Overall,Overall,35,10,41,0.0,0.188068,0.449905,1009,22,
3,894,Overall,Overall,35,24,41,2.0,2.261096,0.289605,1113,14,
3,895,Overall,Overall,35,26,41,1.5,1.919542,0.157476,1096,8,
3,896,Overall,Overall,35,9,41,0.5,-0.079979,0.22291,996,11,
3,897,Overall,Overall,35,5,41,-2.0,-2.960018,1.237527,852,62,
3,898,Overall,Overall,35,9,41,-0.5,-0.562927,0.477888,972,24,
3,899,Overall,Overall,35,4,41,-2.0,-1.721434,0.426926,914,21,
3,900,Overall,Overall,35,30,41,2.0,2.268975,0.333787,1113,17,
4,1,Overall,Overall,35,26,41,1.5,1.09926,0.311379,1055,16,
4,2,Overall,Overall,35,22,41,1.5,0.411855,0.140844,1021,7,
4,3,Overall,Overall,35,14,41,0.0,0.129149,0.390796,1006,20,
4,4,Overall,Overall,35,22,41,2.0,1.030366,0.325224,1052,16,
4,5,Overall,Overall,35,14,41,0.0,-0.118212,0.412416,994,21,
4,6,Overall,Overall,35,21,41,2.0,1.051867,0.144056,1053,7,
4,7,Overall,Overall,35,22,41,1.0,1.438322,0.302132,1072,15,
4,8,Overall,Overall,35,5,41,-1.5,-3.230447,0.34791,838,17,
4,9,Overall,Overall,35,8,41,-1.0,-0.645419,0.140984,968,7,
4,10,Overall,Overall,35,26,41,1.0,1.235434,0.249878,1062,12,
4,11,Overall,Overall,35,25,41,1.5,1.669029,0.141622,1083,7,
4,12,Overall,Overall,35,12,41,0.0,0.313197,0.384706,1016,19,
4,13,Overall,Overall,35,2,41,-2.0,-2.70364,0.360733,865,18,
4,14,Overall,Overall,35,8,41,-1.0,-1.404574,0.812403,930,41,
4,15,Overall,Overall,35,11,41,-0.5,-0.646848,0.328628,968,16,
4,16,Overall,Overall,35,11,41,0.0,-0.313965,0.09261,984,5,
4,17,Overall,Overall,35,22,41,1.0,1.198039,0.202224,1060,10,
4,18,Overall,Overall,35,23,41,1.0,1.715199,0.156088,1086,8,
4,19,Overall,Overall,35,18,41,0.5,0.750924,0.157982,1038,8,
4,20,Overall,Overall,35,26,41,1.0,1.716521,0.297638,1086,15,
4,21,Overall,Overall,35,9,41,-1.0,-0.803912,0.361685,960,18,
4,22,Overall,Overall,35,19,41,0.5,0.841343,0.163726,1042,8,
4,23,Overall,Overall,35,24,41,2.0,1.647393,0.336108,1082,17,
4,24,Overall,Overall,35,4,41,-1.0,-1.700147,0.406643,915,20,
4,25,Overall,Overall,35,26,41,2.0,1.879377,0.250506,1094,13,
4,26,Overall,Overall,35,5,41,-2.0,-2.159687,0.769557,892,38,
4,27,Overall,Overall,35,18,41,0.5,0.010786,0.189259,1001,9,
4,28,Overall,Overall,35,5,41,-2.0,-2.420675,0.836728,879,42,
4,29,Overall,Overall,35,13,41,0.5,0.227708,0.370584,1011,19,
4,30,Overall,Overall,35,13,41,0.0,1.302108,0.048569,1065,2,
4,31,Overall,Overall,35,14,41,-0.5,-0.574638,0.216001,971,11,
4,32,Overall,Overall,35,17,41,0.0,0.118776,0.376759,1006,19,
4,33,Overall,Overall,35,14,41,0.5,0.434868,0.416696,1022,21,
4,34,Overall,Overall,35,21,41,1.0,0.814547,0.151571,1041,8,
4,35,Overall,Overall,35,14,41,0.5,-0.513068,0.351301,974,18,
4,36,Overall,Overall,35,27,41,2.0,1.336379,0.138085,1067,7,
4,37,Overall,Overall,35,28,41,2.0,2.862625,0.211469,1143,11,
4,38,Overall,Overall,35,24,41,1.5,0.903964,0.179683,1045,9,
4,39,Overall,Overall,35,4,41,-1.5,-1.384995,0.183047,931,9,
4,40,Overall,Overall,35,12,41,-0.5,-0.197122,0.192065,990,10,
4,41,Overall,Overall,35,4,41,-1.5,-2.458245,0.113103,877,6,
4,42,Overall,Overall,35,22,41,1.5,0.967548,0.57321,1048,29,
4,43,Overall,Overall,35,3,41,-1.5,-1.914343,0.730252,904,37,
4,44,Overall,Overall,35,18,41,0.5,0.554882,0.13983,1028,7,
4,45,Overall,Overall,35,16,41,0.5,0.226199,0.361879,1011,18,
4,46,Overall,Overall,35,6,41,-2.0,-2.040206,0.860213,898,43,
4,47,Overall,Overall,35,6,41,-1.0,-1.85598,0.24899,907,12,
4,48,Overall,Overall,35,10,41,-0.5,-0.324871,0.371394,984,19,
4,49,Overall,Overall,35,20,41,1.0,1.050328,0.298754,1053,15,
4,50,Overall,Overall,35,29,41,1.5,1.812107,0.315765,1091,16,
4,51,Overall,Overall,35,8,41,-1.0,-1.085413,0.545385,946,27,
4,52,Overall,Overall,35,27,41,2.0,2.381429,0.327001,1119,16,
4,53,Overall,Overall,35,28,41,2.0,2.31178,0.236969,1116,12,
4,54,Overall,Overall,35,7,41,-1.5,-2.105337,0.97181,895,49,
4,55,Overall,Overall,35,18,41,0.0,0.900718,0.307117,1045,15,
4,56,Overall,Overall,35,4,41,-2.0,-1.299916,0.278297,935,14,
4,57,Overall,Overall,35,5,41,-1.0,-0.931918,0.153854,953,8,
4,58,Overall,Overall,35,11,41,-0.5,-0.244908,0.434184,988,22,
4,59,Overall,Overall,35,7,41,-1.0,-1.498854,0.315438,925,16,
4,60,Overall,Overall,35,15,41,0.5,0.279138,0.421755,1014,21,
4,61,Overall,Overall,35,27,41,1.5,1.866374,0.472609,1093,24,
4,62,Overall,Overall,35,4,41,-1.5,-3.657871,0.505091,817,25,
4,63,Overall,Overall,35,27,41,2.0,2.293819,0.585351,1115,29,
4,64,Overall,Overall,35,25,41,2.0,2.169218,0.027154,1108,1,
4,65,Overall,Overall,35,8,41,-1.0,-0.907794,0.371037,955,19,
4,66,Overall,Overall,35,17,41,0.5,1.00281,0.118354,1050,6,
4,67,Overall,Overall,35,4,41,-1.5,-1.430227,0.193935,928,10,
4,68,Overall,Overall,35,15,41,0.0,0.03195,0.625225,1002,31,
4,69,Overall,Overall,35,18,41,1.0,0.418593,0.458278,1021,23,
4,70,Overall,Overall,35,4,41,-2.0,-2.3793,0.463238,881,23,
4,71,Overall,Overall,35,12,41,0.5,-0.503263,0.353542,975,18,
4,72,Overall,Overall,35,9,41,-1.5,-1.218101,0.571448,939,29,
4,73,Overall,Overall,35,30,41,2.0,2.030104,0.57979,1102,29,
4,74,Overall,Overall,35,29,41,2.0,2.179203,0.458331,1109,23,
4,75,Overall,Overall,35,23,41,2.0,1.659527,0.330958,1083,17,
4,76,Overall,Overall,35,24,41,1.5,2.579476,0.376324,1129,19,
4,77,Overall,Overall,35,26,41,1.5,0.858582,0.328745,1043,16,
4,78,Overall,Overall,35,5,41,-2.0,-3.831654,1.390031,808,70,
4,79,Overall,Overall,35,15,41,0.5,0.237104,0.302454,1012,15,
4,80,Overall,Overall,35,2,41,-2.0,-2.494467,0.640903,875,32,
4,81,Overall,Overall,35,20,41,1.5,1.790208,0.376908,1090,19,
4,82,Overall,Overall,35,18,41,1.0,0.973658,0.482414,1049,24,
4,83,Overall,Overall,35,6,41,-1.5,-1.538818,0.902762,923,45,
4,84,Overall,Overall,35,18,41,0.5,0.794243,0.326408,1040,16,
4,85,Overall,Overall,35,7,41,-1.0,-1.937824,0.892699,903,45,
4,86,Overall,Overall,35,17,41,0.5,0.999519,0.374614,1050,19,
4,87,Overall,Overall,35,11,41,0.0,0.596067,0.360486,1030,18,
4,88,Overall,Overall,35,22,41,0.5,0.749159,0.32724,1037,16,
4,89,Overall,Overall,35,16,41,0.5,0.082338,0.300328,1004,15,
4,90,Overall,Overall,35,16,41,0.5,0.108243,0.308361,1005,15,
4,91,Overall,Overall,35,20,41,1.5,1.24034,0.229806,1062,11,
4,92,Overall,Overall,35,6,41,-1.0,-2.30848,0.495842,885,25,
4,93,Overall,Overall,35,20,41,1.5,2.079609,0.211194,1104,11,
4,94,Overall,Overall,35,23,41,2.0,2.23806,0.505078,1112,25,
4,95,Overall,Overall,35,7,41,-2.0,-2.065798,0.862583,897,43,
4,96,Overall,Overall,35,16,41,0.5,0.780953,0.368218,1039,18,
4,97,Overall,Overall,35,23,41,1.0,1.119861,0.275074,1056,14,
4,98,Overall,Overall,35,21,41,1.5,0.956738,0.356683,1048,18,
4,99,Overall,Overall,35,12,41,0.0,0.194505,0.119837,1010,6,
4,100,Overall,Overall,35,8,41,-2.0,-2.432492,0.275319,878,14,
4,101,Overall,Overall,35,26,41,1.5,1.077693,0.285284,1054,14,
4,102,Overall,Overall,35,13,41,0.0,0.03885,0.408049,1002,20,
4,103,Overall,Overall,35,25,41,1.5,2.494075,0.406495,1125,20,
4,104,Overall,Overall,35,18,41,0.0,0.419621,0.515484,1021,26,
4,105,Overall,Overall,35,27,41,2.0,2.200781,0.234747,1110,12,
4,106,Overall,Overall,35,8,41,-1.0,-0.771194,0.654673,961,33,
4,107,Overall,Overall,35,26,41,2.0,1.345269,0.781254,1067,39,
4,108,Overall,Overall,35,9,41,-1.5,-1.258572,0.55111,937,28,
4,109,Overall,Overall,35,9,41,-1.5,-0.490464,0.558607,975,28,
4,110,Overall,Overall,35,6,41,-1.5,-1.835495,0.723438,908,36,
4,111,Overall,Overall,35,27,41,1.5,2.092472,0.51386,1105,26,
4,112,Overall,Overall,35,18,41,0.5,0.374437,0.070131,1019,4,
4,113,Overall,Overall,35,5,41,-1.5,-2.299998,0.922963,885,46,
4,114,Overall,Overall,35,24,41,1.5,2.252698,0.256626,1113,13,
4,115,Overall,Overall,35,9,41,-1.0,-1.311948,0.389495,934,19,
4,116,Overall,Overall,35,6,41,-2.0,-2.097973,0.156713,895,8,
4,117,Overall,Overall,35,5,41,-2.0,-2.585619,0.615666,871,31,
4,118,Overall,Overall,35,19,41,1.0,1.180405,0.462335,1059,23,
4,119,Overall,Overall,35,5,41,-1.5,-1.616632,0.491604,919,25,
4,120,Overall,Overall,35,24,41,2.0,2.002451,0.168768,1100,8,
4,121,Overall,Overall,35,9,41,-0.5,-0.645252,0.316694,968,16,
4,122,Overall,Overall,35,16,41,0.5,0.541822,0.670445,1027,34,
4,123,Overall,Overall,35,12,41,0.5,0.206983,0.197981,1010,10,
4,124,Overall,Overall,35,27,41,1.5,1.30055,0.314268,1065,16,
4,125,Overall,Overall,35,23,41,2.0,2.026063,0.434844,1101,22,
4,126,Overall,Overall,35,16,41,0.5,0.478728,0.737128,1024,37,
4,127,Overall,Overall,35,10,41,-0.5,-0.50378,0.285824,975,14,
4,128,Overall,Overall,35,10,41,-1.0,0.268179,0.181163,1013,9,
4,129,Overall,Overall,35,8,41,-1.0,-1.699838,0.20932,915,10,
4,130,Overall,Overall,35,24,41,2.0,1.457128,0.421799,1073,21,
4,131,Overall,Overall,35,15,41,0.5,0.737905,0.266111,1037,13,
4,132,Overall,Overall,35,5,41,-2.0,-1.707766,0.638448,915,32,
4,133,Overall,Overall,35,29,41,2.0,2.420029,0.553363,1121,28,
4,134,Overall,Overall,35,20,41,1.0,0.816974,0.075322,1041,4,
4,135,Overall,Overall,35,23,41,1.5,1.632418,0.069327,1082,3,
4,136,Overall,Overall,35,27,41,1.5,1.249353,0.379759,1062,19,
4,137,Overall,Overall,35,30,41,2.0,2.619472,0.411812,1131,21,
4,138,Overall,Overall,35,5,41,-2.0,-2.064044,0.524681,897,26,
4,139,Overall,Overall,35,25,41,1.5,0.97438,0.29765,1049,15,
4,140,Overall,Overall,35,5,41,-2.0,-2.324736,0.977274,884,49,
4,141,Overall,Overall,35,5,41,-2.0,-2.263494,0.859468,887,43,
4,142,Overall,Overall,35,4,41,-2.0,-3.032932,1.156076,848,58,
4,143,Overall,Overall,35,6,41,-2.0,-0.994172,0.245627,950,12,
4,144,Overall,Overall,35,27,41,2.0,2.255801,0.21979,1113,11,
4,145,Overall,Overall,35,10,41,-1.0,-1.485931,0.379343,926,19,
4,146,Overall,Overall,35,7,41,-1.0,-0.680642,0.304199,966,15,
4,147,Overall,Overall,35,4,41,-1.5,-2.765116,0.840429,862,42,
4,148,Overall,Overall,35,11,41,-0.5,-0.219069,0.103084,989,5,
4,149,Overall,Overall,35,8,41,-2.0,-1.880279,0.091853,906,5,
4,150,Overall,Overall,35,17,41,0.5,0.764153,0.701956,1038,35,
4,151,Overall,Overall,35,7,41,-1.5,-1.666981,0.870305,917,44,
4,152,Overall,Overall,35,9,41,-0.5,-1.345835,0.567217,933,28,
4,153,Overall,Overall,35,29,41,2.0,2.223825,0.198422,1111,10,
4,154,Overall,Overall,35,13,41,0.0,0.007863,0.110364,1000,6,
4,155,Overall,Overall,35,9,41,-1.0,-0.274631,0.731862,986,37,
4,156,Overall,Overall,35,11,41,-0.5,-0.691142,0.229892,965,11,
4,157,Overall,Overall,35,6,41,-1.0,-0.533861,0.454802,973,23,
4,158,Overall,Overall,35,14,41,-0.5,-0.379982,0.182484,981,9,
4,159,Overall,Overall,35,25,41,1.5,1.443999,0.449635,1072,22,
4,160,Overall,Overall,35,16,41,0.5,0.423338,0.248547,1021,12,
4,161,Overall,Overall,35,10,41,-1.0,-1.216347,0.193775,939,10,
4,162,Overall,Overall,35,10,41,-0.5,-0.629881,0.388025,969,19,
4,163,Overall,Overall,35,5,41,-1.5,-1.357954,0.378899,932,19,
4,164,Overall,Overall,35,4,41,-2.0,-1.353333,0.357369,932,18,
4,165,Overall,Overall,35,1,41,-1.5,-3.308447,1.307265,835,65,
4,166,Overall,Overall,35,6,41,-1.5,-0.745551,0.698654,963,35,
4,167,Overall,Overall,35,21,41,1.5,2.889848,0.498061,1144,25,
4,168,Overall,Overall,35,9,41,-0.5,-1.358304,0.608629,932,30,
4,169,Overall,Overall,35,24,41,1.5,2.059334,0.533919,1103,27,
4,170,Overall,Overall,35,11,41,0.0,-0.38777,0.607001,981,30,
4,171,Overall,Overall,35,25,41,2.0,1.85464,0.261724,1093,13,
4,172,Overall,Overall,35,7,41,-1.5,-1.470042,0.389287,926,19,
4,173,Overall,Overall,35,12,41,-0.5,-1.226016,0.219336,939,11,
4,174,Overall,Overall,35,7,41,-0.5,-1.360368,0.534783,932,27,
4,175,Overall,Overall,35,5,41,-1.5,-2.050051,0.803662,897,40,
4,176,Overall,Overall,35,9,41,-1.0,-1.479883,0.453692,926,23,
4,177,Overall,Overall,35,4,41,-2.0,-1.402465,0.141479,930,7,
4,178,Overall,Overall,35,16,41,0.0,-0.172657,0.18295,991,9,
4,179,Overall,Overall,35,5,41,-2.0,-2.136606,0.963999,893,48,
4,180,Overall,Overall,35,28,41,2.0,1.580622,0.152252,1079,8,
4,181,Overall,Overall,35,7,41,-1.5,-1.16309,0.178828,942,9,
4,182,Overall,Overall,35,21,41,0.5,1.053507,0.263107,1053,13,
4,183,Overall,Overall,35,24,41,2.0,1.706159,0.10061,1085,5,
4,184,Overall,Overall,35,23,41,1.0,1.359315,0.103118,1068,5,
4,185,Overall,Overall,35,18,41,1.0,1.2276,0.092277,1061,5,
4,186,Overall,Overall,35,12,41,0.0,-0.164924,0.502058,992,25,
4,187,Overall,Overall,35,10,41,-1.0,-1.349993,0.178169,933,9,
4,188,Overall,Overall,35,22,41,1.0,1.313032,0.507633,1066,25,
4,189,Overall,Overall,35,25,41,1.5,1.90643,0.130413,1095,7,
4,190,Overall,Overall,35,22,41,1.5,0.882745,0.527857,1044,26,
4,191,Overall,Overall,35,24,41,2.0,1.582146,0.182809,1079,9,
4,192,Overall,Overall,35,20,41,1.0,0.368902,0.615076,1018,31,
4,193,Overall,Overall,35,10,41,-0.5,-0.687191,0.038133,966,2,
4,194,Overall,Overall,35,22,41,1.0,1.154122,0.489546,1058,24,
4,195,Overall,Overall,35,7,41,-0.5,-1.371559,1.015171,931,51,
4,196,Overall,Overall,35,6,41,-1.0,-1.523673,0.478545,924,24,
4,197,Overall,Overall,35,27,41,2.0,2.094809,0.443698,1105,22,
4,198,Overall,Overall,35,27,41,1.5,1.366861,0.224656,1068,11,
4,199,Overall,Overall,35,18,41,1.0,0.236782,0.200607,1012,10,
4,200,Overall,Overall,35,29,41,1.5,1.881311,0.227251,1094,11,
4,201,Overall,Overall,35,3,41,-1.5,-2.564888,0.118807,872,6,
4,202,Overall,Overall,35,19,41,0.5,1.241613,0.331538,1062,17,
4,203,Overall,Overall,35,15,41,1.0,0.58754,0.255136,1029,13,
4,204,Overall,Overall,35,8,41,-1.0,-0.374546,0.416341,981,21,
4,205,Overall,Overall,35,19,41,0.0,0.270303,0.12247,1014,6,
4,206,Overall,Overall,35,20,41,1.0,1.071955,0.262234,1054,13,
4,207,Overall,Overall,35,25,41,1.0,1.160804,0.277025,1058,14,
4,208,Overall,Overall,35,16,41,0.5,0.260412,0.24686,1013,12,
4,209,Overall,Overall,35,4,41,-1.5,-2.808208,0.177441,860,9,
4,210,Overall,Overall,35,27,41,2.0,1.949546,0.59092,1097,30,
4,211,Overall,Overall,35,2,41,-2.0,-1.177966,0.443868,941,22,
4,212,Overall,Overall,35,14,41,0.0,0.632814,0.156603,1032,8,
4,213,Overall,Overall,35,3,41,-2.0,-1.372918,0.459434,931,23,
4,214,Overall,Overall,35,22,41,1.0,0.788432,0.179145,1039,9,
4,215,Overall,Overall,35,17,41,1.0,0.639563,0.4089,1032,20,
4,216,Overall,Overall,35,5,41,-1.5,-3.504291,0.987862,825,49,
4,217,Overall,Overall,35,7,41,-1.0,-1.110721,0.060802,944,3,
4,218,Overall,Overall,35,6,41,-0.5,-2.148393,0.813517,893,41,
4,219,Overall,Overall,35,30,41,2.0,1.500028,0.195785,1075,10,
4,220,Overall,Overall,35,7,41,-1.5,-1.836036,0.722459,908,36,
4,221,Overall,Overall,35,11,41,0.5,0.998312,0.206541,1050,10,
4,222,Overall,Overall,35,18,41,0.0,0.0512,0.558023,1003,28,
4,223,Overall,Overall,35,26,41,1.0,1.455965,0.208409,1073,10,
4,224,Overall,Overall,35,22,41,2.0,2.109787,0.336528,1105,17,
4,225,Overall,Overall,35,15,41,0.5,-0.620845,0.340695,969,17,
4,226,Overall,Overall,35,12,41,0.5,0.126658,0.300847,1006,15,
4,227,Overall,Overall,35,26,41,2.0,2.194454,0.497663,1110,25,
4,228,Overall,Overall,35,7,41,-1.0,-2.137401,0.609465,893,30,
4,229,Overall,Overall,35,14,41,0.5,0.205763,0.306562,1010,15,
4,230,Overall,Overall,35,25,41,2.0,2.02056,0.423706,1101,21,
4,231,Overall,Overall,35,25,41,1.0,1.458399,0.381977,1073,19,
4,232,Overall,Overall,35,13,41,-0.5,-1.292305,0.362113,935,18,
4,233,Overall,Overall,35,17,41,1.0,0.535249,0.40952,1027,20,
4,234,Overall,Overall,35,24,41,2.0,1.655145,0.46768,1083,23,
4,235,Overall,Overall,35,13,41,0.5,-0.251856,0.437207,987,22,
4,236,Overall,Overall,35,6,41,-1.5,-2.018728,0.4149,899,21,
4,237,Overall,Overall,35,15,41,0.5,0.316596,0.318157,1016,16,
4,238,Overall,Overall,35,7,41,-1.5,-1.508761,0.253904,925,13,
4,239,Overall,Overall,35,27,41,2.0,2.532896,0.320458,1127,16,
4,240,Overall,Overall,35,6,41,-1.5,-1.168624,0.58908,942,29,
4,241,Overall,Overall,35,7,41,-2.0,-1.484179,0.499119,926,25,
4,242,Overall,Overall,35,10,41,-1.0,-0.796644,0.398879,960,20,
4,243,Overall,Overall,35,27,41,1.5,2.432955,0.531067,1122,27,
4,244,Overall,Overall,35,5,41,-2.0,-1.994668,0.439642,900,22,
4,245,Overall,Overall,35,27,41,2.0,1.99091,0.358889,1100,18,
4,246,Overall,Overall,35,22,41,1.5,1.137937,0.251098,1057,13,
4,247,Overall,Overall,35,16,41,0.0,-0.014452,0.059037,999,3,
4,248,Overall,Overall,35,5,41,-2.0,-1.005297,0.572029,950,29,
4,249,Overall,Overall,35,6,41,-2.0,-2.641581,0.414584,868,21,
4,250,Overall,Overall,35,6,41,-1.0,-1.567699,0.879063,922,44,
4,251,Overall,Overall,35,21,41,0.5,1.066934,0.294737,1053,15,
4,252,Overall,Overall,35,15,41,0.0,0.371498,0.590049,1019,30,
4,253,Overall,Overall,35,12,41,0.0,0.131184,0.423713,1007,21,
4,254,Overall,Overall,35,10,41,-1.5,-0.638206,0.245895,968,12,
4,255,Overall,Overall,35,12,41,0.0,-0.352035,0.32945,982,16,
4,256,Overall,Overall,35,21,41,0.5,0.897511,0.397883,1045,20,
4,257,Overall,Overall,35,5,41,-1.5,-1.755526,0.690908,912,35,
4,258,Overall,Overall,35,5,41,-1.0,-1.83654,0.823278,908,41,
4,259,Overall,Overall,35,9,41,-0.5,-0.478698,1.131232,976,57,
4,260,Overall,Overall,35,7,41,-1.5,-2.922489,0.182315,854,9,
4,261,Overall,Overall,35,19,41,0.5,0.602835,0.650125,1030,33,
4,262,Overall,Overall,35,21,41,1.0,0.564933,0.256332,1028,13,
4,263,Overall,Overall,35,10,41,-1.0,-0.918213,0.302067,954,15,
4,264,Overall,Overall,35,12,41,0.0,0.07455,0.206314,1004,10,
4,265,Overall,Overall,35,24,41,2.0,2.166852,0.59961,1108,30,
4,266,Overall,Overall,35,2,41,-2.0,-2.850762,0.254069,857,13,
4,267,Overall,Overall,35,24,41,1.0,1.917614,0.405515,1096,20,
4,268,Overall,Overall,35,17,41,0.0,0.584061,0.165883,1029,8,
4,269,Overall,Overall,35,8,41,-2.0,-2.298708,0.453851,885,23,
4,270,Overall,Overall,35,21,41,1.0,1.095549,0.303907,1055,15,
4,271,Overall,Overall,35,22,41,1.0,1.372965,0.150267,1069,8,
4,272,Overall,Overall,35,23,41,1.0,1.607666,0.450783,1080,23,
4,273,Overall,Overall,35,21,41,1.0,0.528303,0.40088,1026,20,
4,274,Overall,Overall,35,4,41,-2.0,-1.875795,0.625724,906,31,
4,275,Overall,Overall,35,15,41,0.0,-0.510916,0.68497,974,34,
4,276,Overall,Overall,35,15,41,0.5,-0.212027,0.312594,989,16,
4,277,Overall,Overall,35,14,41,0.0,-0.288788,0.249067,986,12,
4,278,Overall,Overall,35,27,41,1.0,1.64423,0.300096,1082,15,
4,279,Overall,Overall,35,5,41,-2.0,-1.450537,0.31628,927,16,
4,280,Overall,Overall,35,8,41,-1.5,-0.684436,0.482616,966,24,
4,281,Overall,Overall,35,5,41,-1.0,-1.537648,0.623033,923,31,
4,282,Overall,Overall,35,10,41,-0.5,-0.899152,0.574508,955,29,
4,283,Overall,Overall,35,6,41,-1.0,-1.383898,0.406317,931,20,
4,284,Overall,Overall,35,14,41,-0.5,0.256741,0.21072,1013,11,
4,285,Overall,Overall,35,8,41,-0.5,-0.721189,0.538028,964,27,
4,286,Overall,Overall,35,17,41,1.0,0.818025,0.197391,1041,10,
4,287,Overall,Overall,35,11,41,-1.0,-0.841752,0.138461,958,7,
4,288,Overall,Overall,35,15,41,0.5,-0.326324,0.420226,984,21,
4,289,Overall,Overall,35,9,41,-1.5,-0.806135,0.499362,960,25,
4,290,Overall,Overall,35,15,41,0.0,0.653141,0.07429,1033,4,
4,291,Overall,Overall,35,23,41,1.0,1.198044,0.260111,1060,13,
4,292,Overall,Overall,35,17,41,0.5,0.091847,0.270457,1005,14,
4,293,Overall,Overall,35,26,41,2.0,2.349133,0.276678,1117,14,
4,294,Overall,Overall,35,4,41,-2.0,-2.463774,0.361615,877,18,
4,295,Overall,Overall,35,8,41,-1.0,-1.526279,0.507445,924,25,
4,296,Overall,Overall,35,23,41,2.0,1.980018,0.241386,1099,12,
4,297,Overall,Overall,35,9,41,-1.5,-2.416564,0.355437,879,18,
4,298,Overall,Overall,35,7,41,-2.0,-1.206896,0.438595,940,22,
4,299,Overall,Overall,35,19,41,1.0,0.673603,0.303715,1034,15,
4,300,Overall,Overall,35,3,41,-2.0,-3.641499,1.370148,818,69,
4,301,Overall,Overall,35,13,41,-0.5,-0.220559,0.568348,989,28,
4,302,Overall,Overall,35,2,41,-2.0,-1.647202,0.371052,918,19,
4,303,Overall,Overall,35,28,41,2.0,2.711707,0.528587,1136,26,
4,304,Overall,Overall,35,17,41,0.5,-0.33506,0.774442,983,39,
4,305,Overall,Overall,35,28,41,1.5,1.473656,0.274671,1074,14,
4,306,Overall,Overall,35,12,41,0.0,-0.061667,0.454291,997,23,
4,307,Overall,Overall,35,14,41,0.5,-0.671758,0.150533,966,8,
4,308,Overall,Overall,35,21,41,1.0,1.090083,0.264388,1055,13,
4,309,Overall,Overall,35,18,41,1.0,0.741949,0.390572,1037,20,
4,310,Overall,Overall,35,12,41,0.0,0.528551,0.390687,1026,20,
4,311,Overall,Overall,35,12,41,0.0,-0.482086,0.307124,976,15,
4,312,Overall,Overall,35,21,41,1.0,1.355588,0.304855,1068,15,
4,313,Overall,Overall,35,7,41,-2.0,-1.9576,0.594064,902,30,
4,314,Overall,Overall,35,7,41,-1.5,-2.291792,0.399568,885,20,
4,315,Overall,Overall,35,8,41,-0.5,-0.298642,0.342079,985,17,
4,316,Overall,Overall,35,14,41,0.5,0.313903,0.306505,1016,15,
4,317,Overall,Overall,35,18,41,0.5,0.708827,0.258509,1035,13,
4,318,Overall,Overall,35,6,41,-2.0,-2.526359,1.042706,874,52,
4,319,Overall,Overall,35,12,41,-1.0,-0.422068,0.814142,979,41,
4,320,Overall,Overall,35,22,41,1.5,1.798714,0.324401,1090,16,
4,321,Overall,Overall,35,16,41,0.5,0.616794,0.289097,1031,14,
4,322,Overall,Overall,35,26,41,1.5,1.736222,0.335862,1087,17,
4,323,Overall,Overall,35,24,41,1.0,1.38648,0.149544,1069,7,
4,324,Overall,Overall,35,13,41,0.0,-0.92159,0.367829,954,18,
4,325,Overall,Overall,35,25,41,0.5,1.495396,0.146538,1075,7,
4,326,Overall,Overall,35,7,41,-0.5,-0.175917,0.203243,991,10,
4,327,Overall,Overall,35,4,41,-1.5,-0.332819,0.304868,983,15,
4,328,Overall,Overall,35,11,41,-0.5,-0.372527,0.576967,981,29,
4,329,Overall,Overall,35,15,41,-0.5,-0.013531,0.286312,999,14,
4,330,Overall,Overall,35,10,41,0.0,0.079456,0.431996,1004,22,
4,331,Overall,Overall,35,16,41,-0.5,-0.165195,0.132197,992,7,
4,332,Overall,Overall,35,23,41,1.0,1.395622,0.473087,1070,24,
4,333,Overall,Overall,35,20,41,1.0,0.821774,0.478348,1041,24,
4,334,Overall,Overall,35,24,41,1.0,1.3084,0.527645,1065,26,
4,335,Overall,Overall,35,28,41,1.5,1.457753,0.199863,1073,10,
4,336,Overall,Overall,35,10,41,0.0,-0.050224,0.484944,997,24,
4,337,Overall,Overall,35,8,41,-1.0,-1.102458,0.309442,945,15,
4,338,Overall,Overall,35,21,41,1.0,0.904887,0.475499,1045,24,
4,339,Overall,Overall,35,26,41,2.0,2.794697,0.233813,1140,12,
4,340,Overall,Overall,35,16,41,0.0,0.313581,0.188503,1016,9,
4,341,Overall,Overall,35,28,41,2.0,1.97448,0.176781,1099,9,
4,342,Overall,Overall,35,16,41,0.0,0.369473,0.240361,1018,12,
4,343,Overall,Overall,35,7,41,-0.5,-1.466498,0.833252,927,42,
4,344,Overall,Overall,35,5,41,-2.0,-3.702065,0.670229,815,34,
4,345,Overall,Overall,35,12,41,-0.5,-0.33763,0.622635,983,31,
4,346,Overall,Overall,35,4,41,-2.0,-1.985296,0.311546,901,16,
4,347,Overall,Overall,35,7,41,-1.5,-1.695762,0.416166,915,21,
4,348,Overall,Overall,35,24,41,1.5,1.861059,0.724304,1093,36,
4,349,Overall,Overall,35,19,41,0.0,-0.205563,0.208798,990,10,
4,350,Overall,Overall,35,7,41,-1.0,-0.892201,0.360258,955,18,
4,351,Overall,Overall,35,9,41,-0.5,-0.854034,0.769162,957,38,
4,352,Overall,Overall,35,14,41,0.0,0.055464,0.343457,1003,17,
4,353,Overall,Overall,35,5,41,-1.0,-0.830473,0.888575,958,44,
4,354,Overall,Overall,35,10,41,-0.5,-0.30049,0.222425,985,11,
4,355,Overall,Overall,35,8,41,0.0,-0.637333,0.186292,968,9,
4,356,Overall,Overall,35,10,41,-1.0,-1.430487,0.701206,928,35,
4,357,Overall,Overall,35,5,41,-0.5,-1.416462,0.370774,929,19,
4,358,Overall,Overall,35,13,41,0.0,0.812131,0.129186,1041,6,
4,359,Overall,Overall,35,4,41,-2.0,-1.716897,1.361602,914,68,
4,360,Overall,Overall,35,7,41,-1.0,-2.400595,0.70068,880,35,
4,361,Overall,Overall,35,4,41,-2.0,-2.729358,0.535278,864,27,
4,362,Overall,Overall,35,21,41,1.0,1.208965,0.340548,1060,17,
4,363,Overall,Overall,35,16,41,0.0,0.542103,0.129713,1027,6,
4,364,Overall,Overall,35,16,41,0.0,-0.303927,0.169068,985,8,
4,365,Overall,Overall,35,7,41,-0.5,-1.223071,0.383228,939,19,
4,366,Overall,Overall,35,27,41,2.0,1.832312,0.13353,1092,7,
4,367,Overall,Overall,35,27,41,1.5,2.343007,0.170144,1117,9,
4,368,Overall,Overall,35,8,41,-0.5,-1.223194,0.432558,939,22,
4,369,Overall,Overall,35,4,41,-1.0,-2.565432,0.978616,872,49,
4,370,Overall,Overall,35,26,41,1.5,1.275565,0.270509,1064,14,
4,371,Overall,Overall,35,27,41,2.0,1.733988,0.387075,1087,19,
4,372,Overall,Overall,35,7,41,-1.5,-1.793419,0.253392,910,13,
4,373,Overall,Overall,35,6,41,-1.5,-1.983115,0.551128,901,28,
4,374,Overall,Overall,35,27,41,2.0,2.673946,0.543251,1134,27,
4,375,Overall,Overall,35,17,41,0.5,0.055793,0.307233,1003,15,
4,376,Overall,Overall,35,8,41,-1.5,-2.652737,0.450829,867,23,
4,377,Overall,Overall,35,9,41,-2.0,-0.460165,0.251933,977,13,
4,378,Overall,Overall,35,26,41,2.0,2.023988,0.176598,1101,9,
4,379,Overall,Overall,35,25,41,2.0,1.120166,0.207229,1056,10,
4,380,Overall,Overall,35,20,41,0.5,1.166719,0.1604,1058,8,
4,381,Overall,Overall,35,29,41,2.0,1.945084,0.442016,1097,22,
4,382,Overall,Overall,35,10,41,-0.5,-0.868655,0.43411,957,22,
4,383,Overall,Overall,35,26,41,1.5,1.602515,0.260019,1080,13,
4,384,Overall,Overall,35,7,41,-1.5,-1.09593,0.407255,945,20,
4,385,Overall,Overall,35,24,41,1.5,0.817589,0.106895,1041,5,
4,386,Overall,Overall,35,10,41,-0.5,-0.785241,0.114687,961,6,
4,387,Overall,Overall,35,19,41,1.0,0.986135,0.23696,1049,12,
4,388,Overall,Overall,35,20,41,1.5,0.855624,0.308985,1043,15,
4,389,Overall,Overall,35,8,41,-0.5,-0.972551,0.288298,951,14,
4,390,Overall,Overall,35,6,41,-1.5,-2.591737,0.800727,870,40,
4,391,Overall,Overall,35,5,41,-1.5,-3.510017,1.728306,824,86,
4,392,Overall,Overall,35,18,41,0.5,0.357741,0.378435,1018,19,
4,393,Overall,Overall,35,7,41,-0.5,-1.313826,1.102743,934,55,
4,394,Overall,Overall,35,8,41,-1.5,-1.038038,0.194015,948,10,
4,395,Overall,Overall,35,2,41,-2.0,-1.737722,0.497147,913,25,
4,396,Overall,Overall,35,4,41,-2.0,-2.647068,0.057987,868,3,
4,397,Overall,Overall,35,19,41,1.0,0.087722,0.12853,1004,6,
4,398,Overall,Overall,35,20,41,1.0,0.419773,0.252834,1021,13,
4,399,Overall,Overall,35,22,41,1.0,0.501908,0.199995,1025,10,
4,400,Overall,Overall,35,14,41,0.0,-0.151788,0.299803,992,15,
4,401,Overall,Overall,35,18,41,1.5,1.970705,0.183124,1099,9,
4,402,Overall,Overall,35,18,41,0.0,0.233937,0.210178,1012,11,
4,403,Overall,Overall,35,27,41,1.5,1.482565,0.252099,1074,13,
4,404,Overall,Overall,35,17,41,0.5,0.685615,0.57149,1034,29,
4,405,Overall,Overall,35,5,41,-2.0,-1.338255,0.20521,933,10,
4,406,Overall,Overall,35,11,41,-1.0,-0.038457,0.693844,998,35,
4,407,Overall,Overall,35,25,41,2.0,2.277803,0.386772,1114,19,
4,408,Overall,Overall,35,5,41,-1.5,-1.009592,0.578639,950,29,
4,409,Overall,Overall,35,10,41,-1.0,-0.543137,0.195749,973,10,
4,410,Overall,Overall,35,17,41,0.5,0.608697,0.417857,1030,21,
4,411,Overall,Overall,35,12,41,0.0,-0.178067,0.445129,991,22,
4,412,Overall,Overall,35,22,41,1.5,2.189541,0.07319,1109,4,
4,413,Overall,Overall,35,16,41,1.0,0.511893,0.18579,1026,9,
4,414,Overall,Overall,35,6,41,-2.0,-3.473703,1.388037,826,69,
4,415,Overall,Overall,35,8,41,-0.5,-1.800455,0.574855,910,29,
4,416,Overall,Overall,35,16,41,1.0,0.790451,0.308261,1040,15,
4,417,Overall,Overall,35,18,41,0.5,-0.132257,0.518818,993,26,
4,418,Overall,Overall,35,8,41,-1.0,-1.8124,0.281593,909,14,
4,419,Overall,Overall,35,7,41,-1.0,-1.156122,0.489551,942,24,
4,420,Overall,Overall,35,21,41,1.5,2.03978,0.800406,1102,40,
4,421,Overall,Overall,35,9,41,-0.5,0.095263,0.378822,1005,19,
4,422,Overall,Overall,35,14,41,0.0,0.792659,0.124811,1040,6,
4,423,Overall,Overall,35,29,41,2.0,1.619447,0.203396,1081,10,
4,424,Overall,Overall,35,3,41,-2.0,-1.926871,0.326202,904,16,
4,425,Overall,Overall,35,10,41,-1.0,-1.568162,0.258015,922,13,
4,426,Overall,Overall,35,15,41,1.0,0.587312,0.20643,1029,10,
4,427,Overall,Overall,35,10,41,-0.5,-0.658005,0.211921,967,11,
4,428,Overall,Overall,35,23,41,1.0,1.114989,0.248631,1056,12,
4,429,Overall,Overall,35,14,41,0.0,-0.148157,0.478622,993,24,
4,430,Overall,Overall,35,7,41,-1.0,-0.432487,0.213509,978,11,
4,431,Overall,Overall,35,10,41,-0.5,0.006292,0.760542,1000,38,
4,432,Overall,Overall,35,8,41,-1.5,-1.569677,0.265781,922,13,
4,433,Overall,Overall,35,5,41,-1.0,-1.58402,0.351777,921,18,
4,434,Overall,Overall,35,8,41,-1.5,-1.739663,0.46446,913,23,
4,435,Overall,Overall,35,7,41,-1.5,-1.945887,0.480597,903,24,
4,436,Overall,Overall,35,6,41,-1.5,-1.261695,0.878269,937,44,
4,437,Overall,Overall,35,12,41,-0.5,-0.86892,0.306039,957,15,
4,438,Overall,Overall,35,13,41,0.5,0.234033,0.640747,1012,32,
4,439,Overall,Overall,35,9,41,-1.0,-0.478831,0.342615,976,17,
4,440,Overall,Overall,35,8,41,-1.0,-0.792151,0.64606,960,32,
4,441,Overall,Overall,35,8,41,-1.0,-1.373348,0.349952,931,17,
4,442,Overall,Overall,35,13,41,0.0,0.050838,0.439261,1003,22,
4,443,Overall,Overall,35,28,41,2.0,1.303591,0.241401,1065,12,
4,444,Overall,Overall,35,28,41,2.0,1.932945,0.434666,1097,22,
4,445,Overall,Overall,35,24,41,1.5,1.38983,0.098035,1069,5,
4,446,Overall,Overall,35,24,41,1.0,1.701836,0.391802,1085,20,
4,447,Overall,Overall,35,7,41,-1.5,-1.423392,0.40805,929,20,
4,448,Overall,Overall,35,7,41,-2.0,-3.460494,1.221579,827,61,
4,449,Overall,Overall,35,7,41,-1.0,-0.925536,0.262509,954,13,
4,450,Overall,Overall,35,7,41,-2.0,-1.876809,0.331764,906,17,
4,451,Overall,Overall,35,6,41,-1.0,-0.534815,0.060727,973,3,
4,452,Overall,Overall,35,27,41,1.5,1.961308,0.539824,1098,27,
4,453,Overall,Overall,35,21,41,1.5,1.748721,0.534342,1087,27,
4,454,Overall,Overall,35,4,41,-1.5,-0.500639,0.874813,975,44,
4,455,Overall,Overall,35,17,41,0.5,0.441438,0.234604,1022,12,
4,456,Overall,Overall,35,5,41,-2.0,-2.729448,0.668657,864,33,
4,457,Overall,Overall,35,5,41,-2.0,0.115961,0.206151,1006,10,
4,458,Overall,Overall,35,26,41,2.0,2.216127,0.261577,1111,13,
4,459,Overall,Overall,35,21,41,0.5,0.510161,0.129536,1026,6,
4,460,Overall,Overall,35,20,41,1.0,0.561317,0.660967,1028,33,
4,461,Overall,Overall,35,5,41,-2.0,-1.467559,0.287511,927,14,
4,462,Overall,Overall,35,24,41,1.5,1.930365,0.422558,1097,21,
4,463,Overall,Overall,35,19,41,1.0,0.26451,0.412135,1013,21,
4,464,Overall,Overall,35,18,41,0.5,0.278125,0.752612,1014,38,
4,465,Overall,Overall,35,19,41,0.5,0.718758,0.516509,1036,26,
4,466,Overall,Overall,35,12,41,-0.5,-0.584658,0.261051,971,13,
4,467,Overall,Overall,35,12,41,-0.5,-0.687448,0.353173,966,18,
4,468,Overall,Overall,35,28,41,2.0,1.671438,0.390398,1084,20,
4,469,Overall,Overall,35,7,41,-1.0,-1.105946,1.066196,945,53,
4,470,Overall,Overall,35,22,41,0.5,1.176205,0.546753,1059,27,
4,471,Overall,Overall,35,9,41,-0.5,-0.215228,0.570251,989,29,
4,472,Overall,Overall,35,4,41,-1.5,-1.815883,0.356188,909,18,
4,473,Overall,Overall,35,6,41,-1.5,-0.884792,0.64419,956,32,
4,474,Overall,Overall,35,24,41,1.5,2.191217,0.543826,1110,27,
4,475,Overall,Overall,35,21,41,1.0,0.54313,0.553257,1027,28,
4,476,Overall,Overall,35,6,41,-1.5,-1.405622,0.296135,930,15,
4,477,Overall,Overall,35,22,41,1.5,1.232746,0.368384,1062,18,
4,478,Overall,Overall,35,20,41,1.0,0.816927,0.20833,1041,10,
4,479,Overall,Overall,35,31,41,2.0,1.587148,0.209068,1079,10,
4,480,Overall,Overall,35,12,41,-1.0,0.103917,0.550967,1005,28,
4,481,Overall,Overall,35,10,41,-1.0,-0.890161,0.831932,955,42,
4,482,Overall,Overall,35,28,41,2.0,2.10185,0.268933,1105,13,
4,483,Overall,Overall,35,6,41,-1.0,-0.839592,0.117053,958,6,
4,484,Overall,Overall,35,19,41,1.5,0.454797,0.59012,1023,30,
4,485,Overall,Overall,35,14,41,0.0,-0.316524,0.114958,984,6,
4,486,Overall,Overall,35,25,41,2.0,2.837249,0.398442,1142,20,
4,487,Overall,Overall,35,9,41,-0.5,-0.23018,0.3082,988,15,
4,488,Overall,Overall,35,13,41,0.5,0.521274,0.383211,1026,19,
4,489,Overall,Overall,35,6,41,-1.5,-1.610913,0.161731,919,8,
4,490,Overall,Overall,35,5,41,-1.0,-1.416557,1.182274,929,59,
4,491,Overall,Overall,35,13,41,-0.5,0.158846,0.093628,1008,5,
4,492,Overall,Overall,35,12,41,-0.5,0.047565,0.298831,1002,15,
4,493,Overall,Overall,35,16,41,0.0,0.883244,0.228458,1044,11,
4,494,Overall,Overall,35,13,41,0.0,0.297844,0.219494,1015,11,
4,495,Overall,Overall,35,19,41,0.5,0.776459,0.493177,1039,25,
4,496,Overall,Overall,35,6,41,-1.5,-1.375274,0.631152,931,32,
4,497,Overall,Overall,35,8,41,-1.5,-1.247446,0.857944,938,43,
4,498,Overall,Overall,35,29,41,2.0,2.342459,0.151244,1117,8,
4,499,Overall,Overall,35,13,41,-0.5,0.090219,0.660041,1005,33,
4,500,Overall,Overall,35,8,41,-1.5,-0.127219,0.648209,994,32,
4,501,Overall,Overall,35,10,41,-0.5,-0.977544,0.275238,951,14,
4,502,Overall,Overall,35,9,41,-0.5,-1.267909,0.549857,937,27,
4,503,Overall,Overall,35,28,41,2.0,2.443666,0.37475,1122,19,
4,504,Overall,Overall,35,16,41,0.5,0.024762,0.397144,1001,20,
4,505,Overall,Overall,35,25,41,1.5,2.506311,0.567511,1125,28,
4,506,Overall,Overall,35,21,41,1.5,2.053718,0.127793,1103,6,
4,507,Overall,Overall,35,16,41,0.5,0.110047,0.313422,1006,16,
4,508,Overall,Overall,35,16,41,0.5,0.775369,0.147551,1039,7,
4,509,Overall,Overall,35,7,41,-1.5,-0.784485,0.702396,961,35,
4,510,Overall,Overall,35,16,41,0.5,0.249901,0.801184,1012,40,
4,511,Overall,Overall,35,6,41,-1.0,-1.621104,0.384579,919,19,
4,512,Overall,Overall,35,15,41,0.0,-0.229109,0.12886,989,6,
4,513,Overall,Overall,35,23,41,1.5,1.474734,0.448644,1074,22,
4,514,Overall,Overall,35,26,41,1.5,1.200961,0.374559,1060,19,
4,515,Overall,Overall,35,7,41,-2.0,-1.837002,0.504321,908,25,
4,516,Overall,Overall,35,24,41,1.5,1.647826,0.323606,1082,16,
4,517,Overall,Overall,35,6,41,-0.5,-0.969676,0.885635,952,44,
4,518,Overall,Overall,35,23,41,1.5,1.166262,0.206528,1058,10,
4,519,Overall,Overall,35,18,41,0.5,0.676983,0.516969,1034,26,
4,520,Overall,Overall,35,13,41,0.0,0.393948,0.815202,1020,41,
4,521,Overall,Overall,35,11,41,-1.0,-0.84893,0.500859,958,25,
4,522,Overall,Overall,35,9,41,-1.0,-1.620634,0.576131,919,29,
4,523,Overall,Overall,35,21,41,1.5,1.174348,0.455921,1059,23,
4,524,Overall,Overall,35,7,41,-1.5,-1.430716,0.342116,928,17,
4,525,Overall,Overall,35,12,41,-0.5,-0.452494,0.167537,977,8,
4,526,Overall,Overall,35,6,41,-2.0,-2.554039,0.655008,872,33,
4,527,Overall,Overall,35,23,41,1.0,1.274775,0.149416,1064,7,
4,528,Overall,Overall,35,25,41,2.0,1.055579,0.402399,1053,20,
4,529,Overall,Overall,35,16,41,0.5,0.641188,0.26958,1032,13,
4,530,Overall,Overall,35,4,41,-2.0,-2.260182,0.499649,887,25,
4,531,Overall,Overall,35,11,41,0.0,-0.415374,0.881195,979,44,
4,532,Overall,Overall,35,6,41,-1.0,-1.10508,0.499364,945,25,
4,533,Overall,Overall,35,23,41,1.5,1.108808,0.111979,1055,6,
4,534,Overall,Overall,35,12,41,-0.5,-0.183211,0.434564,991,22,
4,535,Overall,Overall,35,4,41,-2.0,-1.452695,1.03625,927,52,
4,536,Overall,Overall,35,11,41,0.0,-0.337872,0.347412,983,17,
4,537,Overall,Overall,35,5,41,-1.0,-1.617986,0.386317,919,19,
4,538,Overall,Overall,35,7,41,-1.5,-0.607029,0.400424,970,20,
4,539,Overall,Overall,35,9,41,-1.5,-1.329042,0.351009,934,18,
4,540,Overall,Overall,35,14,41,0.0,0.599112,0.113215,1030,6,
4,541,Overall,Overall,35,10,41,-2.0,-2.445275,0.551982,878,28,
4,542,Overall,Overall,35,20,41,1.0,0.424841,0.384196,1021,19,
4,543,Overall,Overall,35,23,41,1.0,1.320263,0.286248,1066,14,
4,544,Overall,Overall,35,6,41,-1.5,-0.85582,0.610856,957,31,
4,545,Overall,Overall,35,6,41,-2.0,-1.39255,0.306509,930,15,
4,546,Overall,Overall,35,20,41,0.5,0.523715,0.517671,1026,26,
4,547,Overall,Overall,35,24,41,2.0,2.787412,0.608635,1139,30,
4,548,Overall,Overall,35,21,41,1.0,1.020298,0.501553,1051,25,
4,549,Overall,Overall,35,26,41,2.0,1.617056,0.442031,1081,22,
4,550,Overall,Overall,35,5,41,-1.5,-1.367732,0.375067,932,19,
4,551,Overall,Overall,35,4,41,-1.5,-2.531568,0.27582,873,14,
4,552,Overall,Overall,35,23,41,1.5,0.862741,0.346413,1043,17,
4,553,Overall,Overall,35,3,41,-2.0,-2.865358,0.066117,857,3,
4,554,Overall,Overall,35,3,41,-2.0,-3.500416,1.246033,825,62,
4,555,Overall,Overall,35,27,41,2.0,2.539742,0.562934,1127,28,
4,556,Overall,Overall,35,3,41,-2.0,-1.495387,0.241745,925,12,
4,557,Overall,Overall,35,22,41,1.0,1.006497,0.428981,1050,21,
4,558,Overall,Overall,35,27,41,1.5,1.308035,0.094152,1065,5,
4,559,Overall,Overall,35,17,41,0.0,-0.130748,0.77728,993,39,
4,560,Overall,Overall,35,4,41,-2.0,-2.798309,1.10443,860,55,
4,561,Overall,Overall,35,25,41,1.5,1.711541,0.190673,1086,10,
4,562,Overall,Overall,35,8,41,-1.5,-1.056448,0.49681,947,25,
4,563,Overall,Overall,35,6,41,-2.0,-1.5632,0.440652,922,22,
4,564,Overall,Overall,35,26,41,2.0,2.355709,0.200468,1118,10,
4,565,Overall,Overall,35,29,41,2.0,1.631674,0.368182,1082,18,
4,566,Overall,Overall,35,4,41,-2.0,-0.507037,0.353751,975,18,
4,567,Overall,Overall,35,26,41,1.5,1.597693,0.370241,1080,19,
4,568,Overall,Overall,35,21,41,1.0,1.086496,0.313689,1054,16,
4,569,Overall,Overall,35,10,41,0.0,0.49321,0.13137,1025,7,
4,570,Overall,Overall,35,20,41,1.0,0.858485,0.212478,1043,11,
4,571,Overall,Overall,35,20,41,1.0,0.261534,0.044704,1013,2,
4,572,Overall,Overall,35,8,41,-1.5,-2.739848,0.817385,863,41,
4,573,Overall,Overall,35,5,41,-2.0,-2.352762,1.141813,882,57,
4,574,Overall,Overall,35,29,41,1.5,1.48632,0.227737,1074,11,
4,575,Overall,Overall,35,20,41,0.5,0.498255,0.41245,1025,21,
4,576,Overall,Overall,35,9,41,-0.5,0.197729,0.208541,1010,10,
4,577,Overall,Overall,35,19,41,0.5,0.7406,0.281905,1037,14,
4,578,Overall,Overall,35,9,41,-2.0,-0.971447,0.19145,951,10,
4,579,Overall,Overall,35,4,41,-2.0,-2.412461,0.644408,879,32,
4,580,Overall,Overall,35,11,41,-1.0,-0.720707,0.404698,964,20,
4,581,Overall,Overall,35,11,41,-1.0,-1.547592,0.584891,923,29,
4,582,Overall,Overall,35,3,41,-2.0,-1.715087,0.413765,914,21,
4,583,Overall,Overall,35,4,41,-2.0,-1.383954,0.277142,931,14,
4,584,Overall,Overall,35,6,41,-1.5,-1.638818,0.719606,918,36,
4,585,Overall,Overall,35,20,41,1.5,0.975185,0.440697,1049,22,
4,586,Overall,Overall,35,17,41,0.5,0.757497,0.370279,1038,19,
4,587,Overall,Overall,35,27,41,2.0,1.737567,0.235675,1087,12,
4,588,Overall,Overall,35,5,41,-2.0,-0.792512,0.195729,960,10,
4,589,Overall,Overall,35,28,41,2.0,1.392296,0.11928,1070,6,
4,590,Overall,Overall,35,20,41,0.5,0.631982,0.380384,1032,19,
4,591,Overall,Overall,35,5,41,-2.0,-2.430318,0.337734,878,17,
4,592,Overall,Overall,35,7,41,-0.5,-0.138936,0.345218,993,17,
4,593,Overall,Overall,35,24,41,1.5,0.886229,0.389709,1044,19,
4,594,Overall,Overall,35,24,41,1.5,1.622682,0.259743,1081,13,
4,595,Overall,Overall,35,23,41,1.0,1.131714,0.257508,1057,13,
4,596,Overall,Overall,35,15,41,0.5,-0.042782,0.166551,998,8,
4,597,Overall,Overall,35,16,41,0.0,0.237966,0.208083,1012,10,
4,598,Overall,Overall,35,12,41,0.0,-0.095109,0.394341,995,20,
4,599,Overall,Overall,35,13,41,0.0,0.285406,0.158511,1014,8,
4,600,Overall,Overall,35,9,41,-0.5,-1.081105,0.42119,946,21,
4,601,Overall,Overall,35,7,41,-0.5,-2.555654,0.186738,872,9,
4,602,Overall,Overall,35,3,41,-2.0,-2.275415,0.789414,886,39,
4,603,Overall,Overall,35,12,41,-0.5,-0.377669,0.309003,981,15,
4,604,Overall,Overall,35,13,41,0.0,-1.32263,0.1604,934,8,
4,605,Overall,Overall,35,26,41,2.0,1.622677,0.444334,1081,22,
4,606,Overall,Overall,35,26,41,2.0,2.59783,0.220612,1130,11,
4,607,Overall,Overall,35,10,41,0.0,-0.750126,0.303525,962,15,
4,608,Overall,Overall,35,6,41,-1.5,-2.218135,0.327211,889,16,
4,609,Overall,Overall,35,4,41,-2.0,0.055317,0.177665,1003,9,
4,610,Overall,Overall,35,8,41,0.0,-0.096135,0.289253,995,14,
4,611,Overall,Overall,35,24,41,1.5,1.580501,0.185469,1079,9,
4,612,Overall,Overall,35,15,41,0.0,0.181636,0.240476,1009,12,
4,613,Overall,Overall,35,20,41,1.5,1.556397,0.110253,1078,6,
4,614,Overall,Overall,35,22,41,1.5,1.589477,0.163411,1079,8,
4,615,Overall,Overall,35,7,41,-1.0,-1.341114,0.372896,933,19,
4,616,Overall,Overall,35,13,41,0.5,-0.629693,0.374297,969,19,
4,617,Overall,Overall,35,11,41,-1.0,-0.767279,0.190889,962,10,
4,618,Overall,Overall,35,5,41,-2.0,-3.521405,0.347082,824,17,
4,619,Overall,Overall,35,5,41,-1.5,-1.892447,0.622899,905,31,
4,620,Overall,Overall,35,24,41,1.0,0.517633,0.213354,1026,11,
4,621,Overall,Overall,35,27,41,2.0,2.07184,0.634581,1104,32,
4,622,Overall,Overall,35,28,41,1.5,2.188899,0.394011,1109,20,
4,623,Overall,Overall,35,6,41,-1.0,-2.39349,1.191816,880,60,
4,624,Overall,Overall,35,8,41,-1.5,-1.276768,0.497091,936,25,
4,625,Overall,Overall,35,6,41,-1.5,-1.521643,0.121477,924,6,
4,626,Overall,Overall,35,25,41,1.5,1.404625,0.267982,1070,13,
4,627,Overall,Overall,35,11,41,-1.0,-1.006448,0.692838,950,35,
4,628,Overall,Overall,35,26,41,1.5,1.441824,0.162516,1072,8,
4,629,Overall,Overall,35,8,41,-2.0,-2.46235,0.487357,877,24,
4,630,Overall,Overall,35,5,41,-1.0,-0.585791,0.513852,971,26,
4,631,Overall,Overall,35,13,41,-0.5,0.416417,0.423684,1021,21,
4,632,Overall,Overall,35,10,41,-0.5,-0.808671,0.78781,960,39,
4,633,Overall,Overall,35,13,41,0.0,-0.13094,0.438657,993,22,
4,634,Overall,Overall,35,23,41,1.5,0.720057,0.223039,1036,11,
4,635,Overall,Overall,35,8,41,-1.0,-0.665325,0.15171,967,8,
4,636,Overall,Overall,35,3,41,-2.0,-1.632502,0.149929,918,7,
4,637,Overall,Overall,35,8,41,0.0,-0.657052,0.223558,967,11,
4,638,Overall,Overall,35,7,41,-1.5,-1.356667,0.595335,932,30,
4,639,Overall,Overall,35,25,41,2.0,2.819282,0.701325,1141,35,
4,640,Overall,Overall,35,13,41,0.0,0.369551,0.30765,1018,15,
4,641,Overall,Overall,35,21,41,1.0,1.425301,0.276392,1071,14,
4,642,Overall,Overall,35,15,41,-0.5,-0.78114,0.281669,961,14,
4,643,Overall,Overall,35,9,41,-0.5,-0.887305,0.406983,956,20,
4,644,Overall,Overall,35,15,41,0.5,0.498897,0.326216,1025,16,
4,645,Overall,Overall,35,11,41,-0.5,-0.953872,0.620847,952,31,
4,646,Overall,Overall,35,20,41,2.0,1.552035,0.31915,1078,16,
4,647,Overall,Overall,35,6,41,-2.0,-1.658802,0.097386,917,5,
4,648,Overall,Overall,35,21,41,1.0,0.778452,0.119159,1039,6,
4,649,Overall,Overall,35,12,41,0.0,-0.25507,0.561306,987,28,
4,650,Overall,Overall,35,11,41,-0.5,-0.394152,0.582628,980,29,
4,651,Overall,Overall,35,8,41,0.0,-0.380406,0.409063,981,20,
4,652,Overall,Overall,35,8,41,-1.0,-0.745595,0.37981,963,19,
4,653,Overall,Overall,35,9,41,-2.0,-1.204744,0.460054,940,23,
4,654,Overall,Overall,35,23,41,1.0,1.27848,0.398544,1064,20,
4,655,Overall,Overall,35,24,41,1.5,1.562113,0.429023,1078,21,
4,656,Overall,Overall,35,16,41,0.0,0.457763,0.447708,1023,22,
4,657,Overall,Overall,35,22,41,1.5,1.860216,0.205552,1093,10,
4,658,Overall,Overall,35,7,41,-2.0,-1.872093,0.597088,906,30,
4,659,Overall,Overall,35,23,41,1.0,1.330757,0.37614,1067,19,
4,660,Overall,Overall,35,25,41,1.5,1.619361,0.329019,1081,16,
4,661,Overall,Overall,35,29,41,2.0,1.775094,0.641255,1089,32,
4,662,Overall,Overall,35,8,41,-1.0,-1.311459,0.495073,934,25,
4,663,Overall,Overall,35,9,41,-0.5,-0.627536,0.627738,969,31,
4,664,Overall,Overall,35,25,41,1.0,1.574725,0.385538,1079,19,
4,665,Overall,Overall,35,15,41,0.0,-0.404784,0.523976,980,26,
4,666,Overall,Overall,35,18,41,1.5,1.546188,0.389044,1077,19,
4,667,Overall,Overall,35,16,41,-0.5,-0.050113,0.189628,997,9,
4,668,Overall,Overall,35,24,41,2.0,1.890219,0.194409,1095,10,
4,669,Overall,Overall,35,21,41,1.0,0.754453,0.216302,1038,11,
4,670,Overall,Overall,35,23,41,1.5,1.801584,0.34027,1090,17,
4,671,Overall,Overall,35,11,41,-0.5,-0.246867,0.133521,988,7,
4,672,Overall,Overall,35,31,41,2.0,2.12713,0.607773,1106,30,
4,673,Overall,Overall,35,21,41,1.0,0.944125,0.158505,1047,8,
4,674,Overall,Overall,35,5,41,-2.0,-0.961325,0.782187,952,39,
4,675,Overall,Overall,35,23,41,2.0,1.623373,0.225715,1081,11,
4,676,Overall,Overall,35,21,41,1.0,0.777101,0.437376,1039,22,
4,677,Overall,Overall,35,24,41,2.0,2.181725,0.461473,1109,23,
4,678,Overall,Overall,35,8,41,-0.5,0.136408,0.253841,1007,13,
4,679,Overall,Overall,35,21,41,0.5,1.278673,0.291074,1064,15,
4,680,Overall,Overall,35,20,41,1.0,1.610783,0.205615,1081,10,
4,681,Overall,Overall,35,6,41,-1.0,-1.938024,0.308423,903,15,
4,682,Overall,Overall,35,27,41,1.0,0.90121,0.245432,1045,12,
4,683,Overall,Overall,35,11,41,0.0,0.69556,0.130351,1035,7,
4,684,Overall,Overall,35,12,41,0.0,0.083868,0.772836,1004,39,
4,685,Overall,Overall,35,18,41,0.0,0.492009,0.140993,1025,7,
4,686,Overall,Overall,35,20,41,0.5,-0.247159,0.102901,988,5,
4,687,Overall,Overall,35,6,41,-1.5,-1.576325,0.157391,921,8,
4,688,Overall,Overall,35,32,41,2.0,2.449197,0.492091,1122,25,
4,689,Overall,Overall,35,15,41,0.0,-0.282753,0.470414,986,24,
4,690,Overall,Overall,35,15,41,0.5,0.815604,0.229821,1041,11,
4,691,Overall,Overall,35,14,41,-0.5,0.059564,0.545572,1003,27,
4,692,Overall,Overall,35,2,41,-2.0,-2.198185,0.604614,890,30,
4,693,Overall,Overall,35,6,41,-1.0,-0.652983,0.279495,967,14,
4,694,Overall,Overall,35,8,41,-0.5,-1.153654,0.075573,942,4,
4,695,Overall,Overall,35,24,41,1.5,1.453043,0.467189,1073,23,
4,696,Overall,Overall,35,16,41,0.5,0.564212,0.421149,1028,21,
4,697,Overall,Overall,35,24,41,2.0,1.933621,0.652042,1097,33,
4,698,Overall,Overall,35,9,41,-1.5,-0.82262,0.622306,959,31,
4,699,Overall,Overall,35,17,41,0.5,0.716451,0.38049,1036,19,
4,700,Overall,Overall,35,5,41,-2.0,-1.858682,0.83595,907,42,
4,701,Overall,Overall,35,28,41,2.0,1.727571,0.213998,1086,11,
4,702,Overall,Overall,35,23,41,1.0,1.594876,0.370986,1080,19,
4,703,Overall,Overall,35,22,41,0.5,0.932439,0.304559,1047,15,
4,704,Overall,Overall,35,13,41,-0.5,-0.779838,0.590869,961,30,
4,705,Overall,Overall,35,10,41,-0.5,-1.283977,0.418282,936,21,
4,706,Overall,Overall,35,25,41,2.0,2.129096,0.174147,1106,9,
4,707,Overall,Overall,35,6,41,-2.0,-1.706062,0.547838,915,27,
4,708,Overall,Overall,35,2,41,-2.0,-3.114936,0.632054,844,32,
4,709,Overall,Overall,35,26,41,1.5,1.457569,0.388696,1073,19,
4,710,Overall,Overall,35,16,41,1.0,0.371619,0.311683,1019,16,
4,711,Overall,Overall,35,19,41,1.0,1.470033,0.426722,1074,21,
4,712,Overall,Overall,35,6,41,-1.5,-1.438674,0.314889,928,16,
4,713,Overall,Overall,35,29,41,1.0,1.289021,0.212019,1064,11,
4,714,Overall,Overall,35,10,41,-0.5,-0.333194,0.382452,983,19,
4,715,Overall,Overall,35,19,41,1.0,1.112485,0.303912,1056,15,
4,716,Overall,Overall,35,9,41,-1.0,-0.789601,0.512556,961,26,
4,717,Overall,Overall,35,24,41,1.5,1.699004,0.12685,1085,6,
4,718,Overall,Overall,35,8,41,-1.0,-1.117333,0.611351,944,31,
4,719,Overall,Overall,35,14,41,-0.5,-0.484302,0.407774,976,20,
4,720,Overall,Overall,35,6,41,-1.5,-1.341416,0.200593,933,10,
4,721,Overall,Overall,35,12,41,0.0,0.044873,0.302283,1002,15,
4,722,Overall,Overall,35,10,41,0.0,-1.073931,0.222384,946,11,
4,723,Overall,Overall,35,8,41,-1.5,-1.060433,0.59499,947,30,
4,724,Overall,Overall,35,9,41,-1.5,-0.667325,0.140718,967,7,
4,725,Overall,Overall,35,7,41,-1.5,-1.708275,0.468955,915,23,
4,726,Overall,Overall,35,12,41,-1.0,-0.290154,0.146888,985,7,
4,727,Overall,Overall,35,15,41,0.0,-0.084011,0.144242,996,7,
4,728,Overall,Overall,35,4,41,-1.5,-1.732274,0.559994,913,28,
4,729,Overall,Overall,35,21,41,1.0,1.638537,0.449256,1082,22,
4,730,Overall,Overall,35,28,41,2.0,1.986052,0.580742,1099,29,
4,731,Overall,Overall,35,24,41,1.5,1.888056,0.239266,1094,12,
4,732,Overall,Overall,35,20,41,1.0,0.570991,0.383803,1029,19,
4,733,Overall,Overall,35,23,41,2.0,1.415382,0.665255,1071,33,
4,734,Overall,Overall,35,9,41,-1.5,-1.969835,0.314493,902,16,
4,735,Overall,Overall,35,13,41,0.0,-0.445823,0.476743,978,24,
4,736,Overall,Overall,35,4,41,-1.0,-2.055169,0.82818,897,41,
4,737,Overall,Overall,35,8,41,0.0,-1.130353,0.595296,943,30,
4,738,Overall,Overall,35,16,41,0.5,0.409985,0.512559,1020,26,
4,739,Overall,Overall,35,10,41,-0.5,0.806053,0.484433,1040,24,
4,740,Overall,Overall,35,16,41,0.0,0.187096,0.30818,1009,15,
4,741,Overall,Overall,35,18,41,0.5,0.705717,0.518449,1035,26,
4,742,Overall,Overall,35,10,41,-0.5,-0.660184,0.53897,967,27,
4,743,Overall,Overall,35,19,41,1.0,0.415933,0.106764,1021,5,
4,744,Overall,Overall,35,14,41,0.0,-0.03667,0.348714,998,17,
4,745,Overall,Overall,35,17,41,1.0,0.32961,0.139073,1016,7,
4,746,Overall,Overall,35,10,41,-0.5,-0.550229,0.356419,972,18,
4,747,Overall,Overall,35,7,41,-1.5,-0.588565,0.34685,971,17,
4,748,Overall,Overall,35,7,41,-1.5,-1.4184,1.241324,929,62,
4,749,Overall,Overall,35,8,41,0.0,-0.987396,0.204764,951,10,
4,750,Overall,Overall,35,9,41,-1.0,-0.9461,0.23012,953,12,
4,751,Overall,Overall,35,6,41,-1.0,-0.867204,0.461364,957,23,
4,752,Overall,Overall,35,6,41,-1.5,-0.868091,0.603355,957,30,
4,753,Overall,Overall,35,4,41,-1.0,-1.769189,0.842924,912,42,
4,754,Overall,Overall,35,10,41,-1.0,-3.170842,0.409883,841,20,
4,755,Overall,Overall,35,24,41,1.5,1.469208,0.344279,1073,17,
4,756,Overall,Overall,35,7,41,-2.0,-1.144855,0.707661,943,35,
4,757,Overall,Overall,35,5,41,-1.5,-0.994116,0.271561,950,14,
4,758,Overall,Overall,35,20,41,1.0,1.067815,0.161511,1053,8,
4,759,Overall,Overall,35,10,41,-1.0,-1.518193,0.402167,924,20,
4,760,Overall,Overall,35,22,41,1.0,1.00344,0.274588,1050,14,
4,761,Overall,Overall,35,10,41,-0.5,-0.700624,0.412586,965,21,
4,762,Overall,Overall,35,21,41,0.5,0.675073,0.23963,1034,12,
4,763,Overall,Overall,35,10,41,0.0,-0.761012,0.226837,962,11,
4,764,Overall,Overall,35,16,41,0.5,0.577336,0.274375,1029,14,
4,765,Overall,Overall,35,25,41,2.0,1.957434,0.458307,1098,23,
4,766,Overall,Overall,35,6,41,-1.0,-0.164181,0.249168,992,12,
4,767,Overall,Overall,35,13,41,0.0,-0.190262,0.251226,990,13,
4,768,Overall,Overall,35,6,41,-2.0,-2.49354,0.392892,875,20,
4,769,Overall,Overall,35,25,41,1.5,1.58965,0.460462,1079,23,
4,770,Overall,Overall,35,7,41,-1.0,-1.913081,0.56401,904,28,
4,771,Overall,Overall,35,5,41,-1.5,-2.275373,0.950948,886,48,
4,772,Overall,Overall,35,15,41,0.0,-0.593067,0.226016,970,11,
4,773,Overall,Overall,35,6,41,-1.5,-1.917766,0.4114,904,21,
4,774,Overall,Overall,35,8,41,-1.5,-1.209861,0.176621,940,9,
4,775,Overall,Overall,35,9,41,-1.5,-0.569958,0.433535,972,22,
4,776,Overall,Overall,35,7,41,-0.5,-2.246452,1.037907,888,52,
4,777,Overall,Overall,35,21,41,1.0,1.172231,0.149954,1059,7,
4,778,Overall,Overall,35,18,41,0.5,0.435377,0.230841,1022,12,
4,779,Overall,Overall,35,5,41,-2.0,-2.520453,0.333842,874,17,
4,780,Overall,Overall,35,23,41,1.0,1.165087,0.303919,1058,15,
4,781,Overall,Overall,35,7,41,-1.5,-2.288548,0.780472,886,39,
4,782,Overall,Overall,35,20,41,0.5,1.153794,0.676079,1058,34,
4,783,Overall,Overall,35,9,41,-0.5,-1.356929,0.457212,932,23,
4,784,Overall,Overall,35,11,41,-1.0,-1.110646,0.177493,944,9,
4,785,Overall,Overall,35,15,41,0.5,0.399414,0.48358,1020,24,
4,786,Overall,Overall,35,12,41,-0.5,-0.68235,0.491431,966,25,
4,787,Overall,Overall,35,4,41,-2.0,-1.803752,0.302872,910,15,
4,788,Overall,Overall,35,12,41,-0.5,-0.588199,0.629015,971,31,
4,789,Overall,Overall,35,26,41,2.0,2.648892,0.228219,1132,11,
4,790,Overall,Overall,35,11,41,0.5,-0.097251,0.174492,995,9,
4,791,Overall,Overall,35,30,41,2.0,1.951255,0.139014,1098,7,
4,792,Overall,Overall,35,13,41,0.0,-0.258976,0.218586,987,11,
4,793,Overall,Overall,35,8,41,-0.5,-0.535767,0.539267,973,27,
4,794,Overall,Overall,35,10,41,0.0,-0.655315,0.676881,967,34,
4,795,Overall,Overall,35,22,41,1.0,1.076528,0.249823,1054,12,
4,796,Overall,Overall,35,30,41,2.0,1.74786,0.265015,1087,13,
4,797,Overall,Overall,35,8,41,-0.5,-0.539192,0.789931,973,39,
4,798,Overall,Overall,35,15,41,1.0,1.026555,0.160219,1051,8,
4,799,Overall,Overall,35,26,41,1.5,1.607827,0.272921,1080,14,
4,800,Overall,Overall,35,8,41,-1.0,-0.79707,0.355148,960,18,
4,801,Overall,Overall,35,28,41,1.5,1.117265,0.162907,1056,8,
4,802,Overall,Overall,35,22,41,2.0,1.831609,0.294687,1092,15,
4,803,Overall,Overall,35,28,41,2.0,1.771209,0.117583,1089,6,
4,804,Overall,Overall,35,27,41,1.5,1.469812,0.462704,1073,23,
4,805,Overall,Overall,35,26,41,2.0,2.112441,0.35437,1106,18,
4,806,Overall,Overall,35,18,41,0.5,0.859916,0.143276,1043,7,
4,807,Overall,Overall,35,26,41,1.5,1.599831,0.578998,1080,29,
4,808,Overall,Overall,35,22,41,1.5,1.081873,0.555744,1054,28,
4,809,Overall,Overall,35,12,41,-0.5,0.323543,0.170839,1016,9,
4,810,Overall,Overall,35,4,41,-2.0,-1.518452,0.78101,924,39,
4,811,Overall,Overall,35,13,41,0.0,0.125375,0.253103,1006,13,
4,812,Overall,Overall,35,20,41,2.0,0.546228,0.568822,1027,28,
4,813,Overall,Overall,35,22,41,1.5,1.726511,0.324647,1086,16,
4,814,Overall,Overall,35,28,41,1.5,2.062674,0.465279,1103,23,
4,815,Overall,Overall,35,6,41,-2.0,-0.596802,0.506968,970,25,
4,816,Overall,Overall,35,26,41,2.0,1.671298,0.433097,1084,22,
4,817,Overall,Overall,35,12,41,0.0,-0.374052,0.477323,981,24,
4,818,Overall,Overall,35,15,41,0.5,-0.162002,0.1769,992,9,
4,819,Overall,Overall,35,10,41,-0.5,-1.390598,0.547813,930,27,
4,820,Overall,Overall,35,7,41,-1.5,-2.493238,0.798547,875,40,
4,821,Overall,Overall,35,10,41,-0.5,-0.584127,0.620667,971,31,
4,822,Overall,Overall,35,5,41,-1.5,-1.76333,0.438059,912,22,
4,823,Overall,Overall,35,6,41,-1.0,-1.50171,1.029721,925,51,
4,824,Overall,Overall,35,14,41,0.0,0.956906,0.26557,1048,13,
4,825,Overall,Overall,35,24,41,2.0,1.410413,0.52204,1071,26,
4,826,Overall,Overall,35,17,41,0.5,0.577706,0.31189,1029,16,
4,827,Overall,Overall,35,17,41,0.0,0.341661,0.420909,1017,21,
4,828,Overall,Overall,35,9,41,-1.0,-0.768015,0.654049,962,33,
4,829,Overall,Overall,35,23,41,1.5,1.22178,0.34674,1061,17,
4,830,Overall,Overall,35,5,41,-2.0,-1.802221,0.365263,910,18,
4,831,Overall,Overall,35,21,41,1.5,1.610395,0.147064,1081,7,
4,832,Overall,Overall,35,24,41,2.0,2.354267,0.151754,1118,8,
4,833,Overall,Overall,35,21,41,1.0,1.07829,0.356979,1054,18,
4,834,Overall,Overall,35,10,41,-1.5,-2.821652,0.556474,859,28,
4,835,Overall,Overall,35,13,41,0.5,0.48602,0.260388,1024,13,
4,836,Overall,Overall,35,3,41,-2.0,-0.544006,0.061388,973,3,
4,837,Overall,Overall,35,17,41,0.5,1.223277,0.071446,1061,4,
4,838,Overall,Overall,35,13,41,0.0,0.017134,0.283904,1001,14,
4,839,Overall,Overall,35,6,41,-1.5,-1.564499,0.18996,922,9,
4,840,Overall,Overall,35,10,41,-1.0,-1.04752,0.515937,948,26,
4,841,Overall,Overall,35,9,41,0.0,-0.353665,0.384564,982,19,
4,842,Overall,Overall,35,20,41,1.0,0.667245,0.310489,1033,16,
4,843,Overall,Overall,35,10,41,0.5,0.028098,0.195499,1001,10,
4,844,Overall,Overall,35,11,41,-1.0,-0.807687,0.111326,960,6,
4,845,Overall,Overall,35,22,41,1.0,0.925976,0.305872,1046,15,
4,846,Overall,Overall,35,9,41,-1.0,-0.687578,0.52869,966,26,
4,847,Overall,Overall,35,10,41,-0.5,-0.850928,0.535084,957,27,
4,848,Overall,Overall,35,16,41,0.5,-0.239117,0.660662,988,33,
4,849,Overall,Overall,35,6,41,-1.5,-2.494731,0.721127,875,36,
4,850,Overall,Overall,35,8,41,-1.0,-1.123827,0.512402,944,26,
4,851,Overall,Overall,35,8,41,0.0,0.731215,0.065826,1037,3,
4,852,Overall,Overall,35,27,41,2.0,1.605061,0.279207,1080,14,
4,853,Overall,Overall,35,25,41,1.5,1.496742,0.071671,1075,4,
4,854,Overall,Overall,35,7,41,-1.0,-0.369896,0.05741,982,3,
4,855,Overall,Overall,35,6,41,-1.0,-1.044028,0.58858,948,29,
4,856,Overall,Overall,35,9,41,-1.0,-0.04827,0.078904,998,4,
4,857,Overall,Overall,35,5,41,-2.0,-2.252119,0.600233,887,30,
4,858,Overall,Overall,35,16,41,1.0,-0.385491,0.606403,981,30,
4,859,Overall,Overall,35,5,41,-2.0,-1.573588,0.205081,921,10,
4,860,Overall,Overall,35,26,41,2.0,2.123385,0.154401,1106,8,
4,861,Overall,Overall,35,22,41,1.5,2.036793,0.431939,1102,22,
4,862,Overall,Overall,35,20,41,0.5,0.83769,0.467317,1042,23,
4,863,Overall,Overall,35,17,41,0.5,0.814457,0.207997,1041,10,
4,864,Overall,Overall,35,14,41,-0.5,-1.860866,0.112315,907,6,
4,865,Overall,Overall,35,22,41,1.0,1.178108,0.607516,1059,30,
4,866,Overall,Overall,35,21,41,1.0,1.11811,0.182203,1056,9,
4,867,Overall,Overall,35,28,41,2.0,2.021637,0.188551,1101,9,
4,868,Overall,Overall,35,16,41,-0.5,-1.223583,0.233683,939,12,
4,869,Overall,Overall,35,17,41,0.5,0.820969,0.187864,1041,9,
4,870,Overall,Overall,35,8,41,-0.5,-0.29206,0.549662,985,27,
4,871,Overall,Overall,35,7,41,-2.0,-1.140369,0.286695,943,14,
4,872,Overall,Overall,35,13,41,0.5,0.177886,0.406816,1009,20,
4,873,Overall,Overall,35,11,41,-0.5,0.193089,0.248119,1010,12,
4,874,Overall,Overall,35,11,41,-0.5,-2.006039,0.141194,900,7,
4,875,Overall,Overall,35,20,41,1.5,0.518625,0.439416,1026,22,
4,876,Overall,Overall,35,24,41,1.5,1.399534,0.404248,1070,20,
4,877,Overall,Overall,35,22,41,1.5,1.201464,0.403335,1060,20,
4,878,Overall,Overall,35,11,41,-0.5,-0.812781,0.261615,959,13,
4,879,Overall,Overall,35,25,41,1.0,1.151683,0.259705,1058,13,
4,880,Overall,Overall,35,13,41,0.0,0.283989,0.09889,1014,5,
4,881,Overall,Overall,35,16,41,0.0,0.515395,0.100898,1026,5,
4,882,Overall,Overall,35,12,41,0.0,-0.25675,0.536674,987,27,
4,883,Overall,Overall,35,30,41,2.0,2.625476,0.315422,1131,16,
4,884,Overall,Overall,35,10,41,-1.5,-0.762974,0.59353,962,30,
4,885,Overall,Overall,35,23,41,1.5,1.824532,0.36791,1091,18,
4,886,Overall,Overall,35,10,41,-0.5,-0.441906,0.662039,978,33,
4,887,Overall,Overall,35,8,41,-2.0,-2.193421,0.572816,890,29,
4,888,Overall,Overall,35,9,41,-1.0,-0.177306,0.365523,991,18,
4,889,Overall,Overall,35,20,41,2.0,1.958018,0.389947,1098,19,
4,890,Overall,Overall,35,16,41,0.0,0.629633,0.104494,1031,5,
4,891,Overall,Overall,35,24,41,2.0,1.374544,0.219522,1069,11,
4,892,Overall,Overall,35,11,41,-1.0,-0.75065,0.62202,962,31,
4,893,Overall,Overall,35,10,41,-0.5,-1.72699,0.367042,914,18,
4,894,Overall,Overall,35,7,41,-1.5,-0.690518,0.484921,965,24,
4,895,Overall,Overall,35,5,41,-2.0,-1.507583,0.645789,925,32,
4,896,Overall,Overall,35,7,41,-1.0,-0.46914,0.370188,977,19,
4,897,Overall,Overall,35,10,41,0.5,-0.136846,0.227439,993,11,
4,898,Overall,Overall,35,6,41,-1.5,-0.641169,0.528735,968,26,
4,899,Overall,Overall,35,4,41,-2.0,-2.218924,0.958598,889,48,
4,900,Overall,Overall,35,6,41,-2.0,-2.164003,0.8736,892,44,
