thread,student,domain_name,domain_value,item_count,raw_score,max_points,true_theta,theta,se,scale_score,scale_score_se,performance_level
1,1,Overall,Overall,35,25,41,1.5,1.1732,0.305756,1059,15,
1,2,Overall,Overall,35,11,41,-0.5,-0.123773,0.327777,994,16,
1,3,Overall,Overall,35,7,41,-2.0,-1.592447,0.511318,920,26,
1,4,Overall,Overall,35,9,41,-1.0,-1.273855,0.459939,936,23,
1,5,Overall,Overall,35,4,41,-2.0,-3.041611,0.832946,848,42,
1,6,Overall,Overall,35,33,41,2.0,2.857748,0.392018,1143,20,
1,7,Overall,Overall,35,28,41,2.0,2.141994,0.334625,1107,17,
1,8,Overall,Overall,35,15,41,0.0,0.003996,0.318509,1000,16,
1,9,Overall,Overall,35,6,41,-2.0,-1.693375,0.530536,915,27,
1,10,Overall,Overall,35,17,41,0.0,0.429635,0.302158,1021,15,
1,11,Overall,Overall,35,18,41,0.5,0.637336,0.294807,1032,15,
1,12,Overall,Overall,35,10,41,0.0,-0.674341,0.382154,966,19,
1,13,Overall,Overall,35,7,41,-2.0,-1.467183,0.489836,927,24,
1,14,Overall,Overall,35,29,41,2.0,1.98688,0.331017,1099,17,
1,15,Overall,Overall,35,25,41,1.5,1.512313,0.306036,1076,15,
1,16,Overall,Overall,35,20,41,1.5,1.499491,0.322305,1075,16,
1,17,Overall,Overall,35,19,41,0.5,0.528832,0.296935,1026,15,
1,18,Overall,Overall,35,20,41,1.0,0.784872,0.297726,1039,15,
1,19,Overall,Overall,35,19,41,1.0,0.755476,0.297176,1038,15,
1,20,Overall,Overall,35,24,41,2.0,1.925089,0.333166,1096,17,
1,21,Overall,Overall,35,17,41,0.5,0.641258,0.295125,1032,15,
1,22,Overall,Overall,35,27,41,2.0,2.164357,0.335961,1108,17,
1,23,Overall,Overall,35,23,41,2.0,1.965605,0.33308,1098,17,
1,24,Overall,Overall,35,6,41,-2.0,-1.631617,0.517623,918,26,
1,25,Overall,Overall,35,13,41,0.5,-0.244534,0.337106,988,17,
1,26,Overall,Overall,35,16,41,0.0,0.258256,0.307329,1013,15,
1,27,Overall,Overall,35,26,41,2.0,2.109471,0.333561,1105,17,
1,28,Overall,Overall,35,10,41,-0.5,-0.488129,0.358683,976,18,
1,29,Overall,Overall,35,8,41,-1.0,-1.215394,0.451632,939,23,
1,30,Overall,Overall,35,26,41,2.0,1.330242,0.308343,1067,15,
1,31,Overall,Overall,35,8,41,-0.5,-0.877938,0.405681,956,20,
1,32,Overall,Overall,35,3,41,-2.0,-3.440359,0.954357,828,48,
1,33,Overall,Overall,35,7,41,-1.5,-1.362219,0.476838,932,24,
1,34,Overall,Overall,35,23,41,1.0,1.171469,0.299417,1059,15,
1,35,Overall,Overall,35,7,41,-1.0,-1.189476,0.447099,941,22,
1,36,Overall,Overall,35,24,41,2.0,1.697474,0.314653,1085,16,
1,37,Overall,Overall,35,7,41,-2.0,-1.444278,0.486344,928,24,
1,38,Overall,Overall,35,12,41,0.0,-0.577759,0.372733,971,19,
1,39,Overall,Overall,35,14,41,-0.5,-0.098046,0.326711,995,16,
1,40,Overall,Overall,35,8,41,-0.5,-0.759359,0.389468,962,19,
1,41,Overall,Overall,35,9,41,-1.5,-0.770617,0.392469,961,20,
1,42,Overall,Overall,35,28,41,1.5,1.786941,0.319225,1089,16,
1,43,Overall,Overall,35,10,41,-1.0,-0.776837,0.391266,961,20,
1,44,Overall,Overall,35,24,41,1.5,1.290814,0.305924,1065,15,
1,45,Overall,Overall,35,5,41,-2.0,-2.151085,0.614604,892,31,
1,46,Overall,Overall,35,11,41,-1.0,-0.683686,0.380437,966,19,
1,47,Overall,Overall,35,8,41,-2.0,-1.825487,0.554906,909,28,
1,48,Overall,Overall,35,9,41,-1.0,-0.631557,0.376884,968,19,
1,49,Overall,Overall,35,3,41,-2.0,-2.81117,0.769307,859,38,
1,50,Overall,Overall,35,10,41,-1.5,-0.911755,0.40881,954,20,
1,51,Overall,Overall,35,26,41,1.5,1.630565,0.310659,1082,16,
1,52,Overall,Overall,35,26,41,2.0,1.719196,0.315384,1086,16,
1,53,Overall,Overall,35,26,41,2.0,1.727589,0.316739,1086,16,
1,54,Overall,Overall,35,25,41,2.0,2.034346,0.330666,1102,17,
1,55,Overall,Overall,35,7,41,-1.0,-1.179251,0.446219,941,22,
1,56,Overall,Overall,35,8,41,-1.5,-1.443848,0.490438,928,25,
1,57,Overall,Overall,35,8,41,-1.0,-0.859523,0.403434,957,20,
1,58,Overall,Overall,35,8,41,-2.0,-1.200183,0.449243,940,22,
1,59,Overall,Overall,35,18,41,0.5,0.694585,0.294745,1035,15,
1,60,Overall,Overall,35,28,41,2.0,1.572844,0.320071,1079,16,
1,61,Overall,Overall,35,16,41,0.0,0.127172,0.314823,1006,16,
1,62,Overall,Overall,35,6,41,-2.0,-1.727364,0.53684,914,27,
1,63,Overall,Overall,35,8,41,-1.0,-1.067113,0.429751,947,21,
1,64,Overall,Overall,35,20,41,1.0,0.997033,0.297379,1050,15,
1,65,Overall,Overall,35,30,41,2.0,2.732789,0.374584,1137,19,
1,66,Overall,Overall,35,6,41,-2.0,-1.947226,0.574991,903,29,
1,67,Overall,Overall,35,10,41,-1.0,-0.690465,0.383422,965,19,
1,68,Overall,Overall,35,5,41,-2.0,-1.551545,0.507732,922,25,
1,69,Overall,Overall,35,7,41,-1.5,-1.377412,0.477435,931,24,
1,70,Overall,Overall,35,23,41,2.0,2.072141,0.337817,1104,17,
1,71,Overall,Overall,35,29,41,2.0,2.766628,0.378665,1138,19,
1,72,Overall,Overall,35,23,41,1.5,1.334645,0.300271,1067,15,
1,73,Overall,Overall,35,19,41,0.5,0.888817,0.29801,1044,15,
1,74,Overall,Overall,35,22,41,1.0,0.980663,0.296037,1049,15,
1,75,Overall,Overall,35,7,41,-1.5,-1.755058,0.541086,912,27,
1,76,Overall,Overall,35,20,41,0.5,0.768735,0.294605,1038,15,
1,77,Overall,Overall,35,10,41,-1.0,-0.59125,0.36975,970,18,
1,78,Overall,Overall,35,17,41,0.5,0.574213,0.300272,1029,15,
1,79,Overall,Overall,35,13,41,0.0,-0.128485,0.328808,994,16,
1,80,Overall,Overall,35,24,41,1.0,1.015395,0.30012,1051,15,
1,81,Overall,Overall,35,3,41,-2.0,-3.290239,0.90568,835,45,
1,82,Overall,Overall,35,12,41,-0.5,-0.11583,0.325548,994,16,
1,83,Overall,Overall,35,7,41,-1.5,-1.476648,0.494808,926,25,
1,84,Overall,Overall,35,14,41,0.0,-0.138865,0.332919,993,17,
1,85,Overall,Overall,35,4,41,-1.5,-2.835563,0.772545,858,39,
1,86,Overall,Overall,35,15,41,0.5,0.386346,0.299743,1019,15,
1,87,Overall,Overall,35,11,41,0.0,-0.666423,0.381452,967,19,
1,88,Overall,Overall,35,7,41,-1.5,-1.107021,0.43578,945,22,
1,89,Overall,Overall,35,31,41,2.0,2.57736,0.363121,1129,18,
1,90,Overall,Overall,35,26,41,1.5,1.98197,0.3288,1099,16,
1,91,Overall,Overall,35,9,41,-1.0,-0.961368,0.415798,952,21,
1,92,Overall,Overall,35,8,41,0.0,-0.891125,0.409746,955,20,
1,93,Overall,Overall,35,10,41,-1.0,-0.663263,0.379247,967,19,
1,94,Overall,Overall,35,20,41,1.5,0.943473,0.296067,1047,15,
1,95,Overall,Overall,35,9,41,-0.5,-0.419398,0.352119,979,18,
1,96,Overall,Overall,35,25,41,1.0,1.405965,0.308951,1070,15,
1,97,Overall,Overall,35,26,41,1.5,2.025614,0.329279,1101,16,
1,98,Overall,Overall,35,29,41,2.0,2.276867,0.341529,1114,17,
1,99,Overall,Overall,35,8,41,-1.0,-1.251613,0.456646,937,23,
1,100,Overall,Overall,35,26,41,2.0,1.960825,0.327294,1098,16,
1,101,Overall,Overall,35,11,41,-0.5,-0.262039,0.336473,987,17,
1,102,Overall,Overall,35,6,41,-1.5,-1.589619,0.510314,921,26,
1,103,Overall,Overall,35,32,41,1.5,2.091372,0.364557,1105,18,
1,104,Overall,Overall,35,27,41,1.5,1.799292,0.319744,1090,16,
1,105,Overall,Overall,35,11,41,0.5,-0.641305,0.376939,968,19,
1,106,Overall,Overall,35,9,41,-1.0,-0.628497,0.374616,969,19,
1,107,Overall,Overall,35,19,41,1.0,0.571897,0.298372,1029,15,
1,108,Overall,Overall,35,11,41,-0.5,-0.111914,0.325283,994,16,
1,109,Overall,Overall,35,27,41,1.5,1.550046,0.307593,1078,15,
1,110,Overall,Overall,35,13,41,0.0,-0.13352,0.327055,993,16,
1,111,Overall,Overall,35,7,41,-1.5,-1.449768,0.491125,928,25,
1,112,Overall,Overall,35,6,41,-2.0,-1.66809,0.52716,917,26,
1,113,Overall,Overall,35,9,41,0.0,-0.32742,0.34504,984,17,
1,114,Overall,Overall,35,10,41,-0.5,-0.616311,0.375733,969,19,
1,115,Overall,Overall,35,10,41,-0.5,-0.40586,0.352037,980,18,
1,116,Overall,Overall,35,11,41,-1.0,-0.811573,0.397489,959,20,
1,117,Overall,Overall,35,12,41,0.0,-0.040699,0.321997,998,16,
1,118,Overall,Overall,35,9,41,-1.0,-0.831103,0.397961,958,20,
1,119,Overall,Overall,35,12,41,0.0,-0.369352,0.348546,982,17,
1,120,Overall,Overall,35,15,41,0.0,0.209606,0.306288,1010,15,
1,121,Overall,Overall,35,19,41,0.5,0.70879,0.29452,1035,15,
1,122,Overall,Overall,35,19,41,0.5,1.052435,0.297556,1053,15,
1,123,Overall,Overall,35,19,41,1.0,0.780246,0.299909,1039,15,
1,124,Overall,Overall,35,5,41,-1.5,-2.216079,0.628522,889,31,
1,125,Overall,Overall,35,8,41,-1.5,-1.221595,0.454133,939,23,
1,126,Overall,Overall,35,2,41,-2.0,-3.967697,1.131796,802,57,
1,127,Overall,Overall,35,17,41,0.5,0.782916,0.300059,1039,15,
1,128,Overall,Overall,35,21,41,1.0,0.992519,0.296343,1050,15,
1,129,Overall,Overall,35,15,41,0.0,0.045577,0.31613,1002,16,
1,130,Overall,Overall,35,22,41,1.0,1.293106,0.299461,1065,15,
1,131,Overall,Overall,35,13,41,-0.5,-0.008511,0.319258,1000,16,
1,132,Overall,Overall,35,8,41,-1.0,-0.697144,0.384206,965,19,
1,133,Overall,Overall,35,9,41,-0.5,-0.205871,0.336026,990,17,
1,134,Overall,Overall,35,28,41,2.0,1.779925,0.318576,1089,16,
1,135,Overall,Overall,35,19,41,0.0,0.454152,0.301199,1023,15,
1,136,Overall,Overall,35,9,41,-1.0,-1.061267,0.429045,947,21,
1,137,Overall,Overall,35,27,41,1.5,1.468721,0.307778,1073,15,
1,138,Overall,Overall,35,27,41,1.5,1.798299,0.319134,1090,16,
1,139,Overall,Overall,35,27,41,2.0,1.744801,0.316523,1087,16,
1,140,Overall,Overall,35,15,41,-0.5,0.038681,0.317622,1002,16,
1,141,Overall,Overall,35,19,41,0.5,0.664785,0.294654,1033,15,
1,142,Overall,Overall,35,19,41,1.0,0.989422,0.300468,1049,15,
1,143,Overall,Overall,35,14,41,0.0,0.048725,0.313917,1002,16,
1,144,Overall,Overall,35,12,41,-0.5,-0.033778,0.320486,998,16,
1,145,Overall,Overall,35,6,41,-2.0,-1.569186,0.508014,922,25,
1,146,Overall,Overall,35,27,41,1.5,2.2113,0.337441,1111,17,
1,147,Overall,Overall,35,8,41,-0.5,-0.812203,0.397539,959,20,
1,148,Overall,Overall,35,7,41,-1.0,-1.318109,0.468209,934,23,
1,149,Overall,Overall,35,8,41,-1.0,-1.166759,0.444358,942,22,
1,150,Overall,Overall,35,7,41,-2.0,-1.661573,0.525263,917,26,
1,151,Overall,Overall,35,4,41,-2.0,-2.657152,0.730245,867,37,
1,152,Overall,Overall,35,13,41,-0.5,-0.295913,0.342134,985,17,
1,153,Overall,Overall,35,11,41,-0.5,-0.572143,0.369428,971,18,
1,154,Overall,Overall,35,11,41,-0.5,-0.215418,0.335623,989,17,
1,155,Overall,Overall,35,28,41,1.5,1.81044,0.331605,1091,17,
1,156,Overall,Overall,35,21,41,1.0,0.958186,0.296148,1048,15,
1,157,Overall,Overall,35,19,41,1.0,1.024574,0.306208,1051,15,
1,158,Overall,Overall,35,6,41,-2.0,-1.778976,0.546134,911,27,
1,159,Overall,Overall,35,9,41,-0.5,-0.792143,0.397965,960,20,
1,160,Overall,Overall,35,25,41,1.5,1.620931,0.310162,1081,16,
1,161,Overall,Overall,35,7,41,-1.5,-1.347072,0.47438,933,24,
1,162,Overall,Overall,35,13,41,0.0,0.245915,0.306333,1012,15,
1,163,Overall,Overall,35,12,41,-0.5,-0.489734,0.362333,976,18,
1,164,Overall,Overall,35,6,41,-2.0,-1.675232,0.528439,916,26,
1,165,Overall,Overall,35,29,41,1.5,1.658322,0.316495,1083,16,
1,166,Overall,Overall,35,10,41,-2.0,-0.792561,0.395293,960,20,
1,167,Overall,Overall,35,24,41,1.0,1.291319,0.300446,1065,15,
1,168,Overall,Overall,35,14,41,0.0,-0.120102,0.335503,994,17,
1,169,Overall,Overall,35,8,41,-0.5,-0.691634,0.38147,965,19,
1,170,Overall,Overall,35,25,41,1.5,1.447591,0.30348,1072,15,
1,171,Overall,Overall,35,6,41,-2.0,-1.421079,0.48671,929,24,
1,172,Overall,Overall,35,17,41,0.5,0.482534,0.29792,1024,15,
1,173,Overall,Overall,35,27,41,2.0,1.748557,0.316891,1087,16,
1,174,Overall,Overall,35,4,41,-1.0,-2.339443,0.656208,883,33,
1,175,Overall,Overall,35,5,41,-1.0,-1.385822,0.484096,931,24,
1,176,Overall,Overall,35,4,41,-1.5,-2.85563,0.780999,857,39,
1,177,Overall,Overall,35,12,41,0.0,-0.041352,0.322022,998,16,
1,178,Overall,Overall,35,13,41,0.0,-0.130258,0.327382,993,16,
1,179,Overall,Overall,35,8,41,-1.0,-1.092543,0.433475,945,22,
1,180,Overall,Overall,35,27,41,2.0,2.146811,0.336447,1107,17,
1,181,Overall,Overall,35,26,41,1.5,1.548366,0.306615,1077,15,
1,182,Overall,Overall,35,22,41,1.0,0.996454,0.295948,1050,15,
1,183,Overall,Overall,35,14,41,0.5,0.322943,0.310477,1016,16,
1,184,Overall,Overall,35,10,41,-0.5,-0.971619,0.427259,951,21,
1,185,Overall,Overall,35,8,41,-1.5,-1.095642,0.435038,945,22,
1,186,Overall,Overall,35,7,41,-1.5,-1.329055,0.46832,934,23,
1,187,Overall,Overall,35,21,41,2.0,1.771318,0.332051,1089,17,
1,188,Overall,Overall,35,24,41,1.5,1.844631,0.323984,1092,16,
1,189,Overall,Overall,35,10,41,-1.0,-0.426459,0.352267,979,18,
1,190,Overall,Overall,35,18,41,0.5,0.441292,0.298916,1022,15,
1,191,Overall,Overall,35,27,41,2.0,2.111149,0.33283,1106,17,
1,192,Overall,Overall,35,25,41,2.0,1.988931,0.328261,1099,16,
1,193,Overall,Overall,35,25,41,2.0,1.547802,0.306793,1077,15,
1,194,Overall,Overall,35,12,41,0.0,-0.290458,0.340327,985,17,
1,195,Overall,Overall,35,8,41,-2.0,-0.975712,0.416581,951,21,
1,196,Overall,Overall,35,17,41,0.5,0.410906,0.29927,1021,15,
1,197,Overall,Overall,35,25,41,2.0,1.603567,0.309175,1080,15,
1,198,Overall,Overall,35,21,41,1.0,0.929777,0.296862,1046,15,
1,199,Overall,Overall,35,15,41,0.0,-0.071539,0.324768,996,16,
1,200,Overall,Overall,35,24,41,0.5,0.927079,0.297771,1046,15,
1,201,Overall,Overall,35,14,41,0.0,-0.115971,0.328135,994,16,
1,202,Overall,Overall,35,22,41,2.0,1.802541,0.326156,1090,16,
1,203,Overall,Overall,35,4,41,-2.0,-2.655467,0.726034,867,36,
1,204,Overall,Overall,35,28,41,1.5,1.664305,0.312915,1083,16,
1,205,Overall,Overall,35,6,41,-1.0,-2.094447,0.603138,895,30,
1,206,Overall,Overall,35,13,41,0.5,0.143481,0.309113,1007,15,
1,207,Overall,Overall,35,5,41,-1.5,-2.077499,0.601243,896,30,
1,208,Overall,Overall,35,7,41,-2.0,-1.661534,0.523039,917,26,
1,209,Overall,Overall,35,7,41,-1.5,-1.26576,0.458468,937,23,
1,210,Overall,Overall,35,26,41,1.5,1.658792,0.321681,1083,16,
1,211,Overall,Overall,35,12,41,-0.5,-0.398406,0.3499,980,17,
1,212,Overall,Overall,35,10,41,-0.5,-0.515318,0.36268,974,18,
1,213,Overall,Overall,35,17,41,0.0,0.187388,0.310683,1009,16,
1,214,Overall,Overall,35,11,41,-1.0,-0.734479,0.388761,963,19,
1,215,Overall,Overall,35,25,41,1.5,1.619841,0.313261,1081,16,
1,216,Overall,Overall,35,9,41,-1.5,-1.159859,0.444675,942,22,
1,217,Overall,Overall,35,7,41,-2.0,-1.699801,0.532593,915,27,
1,218,Overall,Overall,35,6,41,-1.0,-1.662001,0.523259,917,26,
1,219,Overall,Overall,35,9,41,-1.0,-0.79349,0.394902,960,20,
1,220,Overall,Overall,35,16,41,0.5,0.349213,0.300631,1017,15,
1,221,Overall,Overall,35,22,41,1.0,0.980724,0.297635,1049,15,
1,222,Overall,Overall,35,6,41,-2.0,-1.769468,0.541786,912,27,
1,223,Overall,Overall,35,9,41,0.0,-0.575345,0.368867,971,18,
1,224,Overall,Overall,35,22,41,1.5,1.42551,0.308194,1071,15,
1,225,Overall,Overall,35,14,41,0.5,0.460612,0.30881,1023,15,
1,226,Overall,Overall,35,9,41,-0.5,-0.910812,0.40942,954,20,
1,227,Overall,Overall,35,10,41,-1.5,-1.050884,0.42808,947,21,
1,228,Overall,Overall,35,6,41,-1.0,-2.509385,0.693586,875,35,
1,229,Overall,Overall,35,22,41,1.0,0.852516,0.295562,1043,15,
1,230,Overall,Overall,35,10,41,-0.5,-0.846531,0.401603,958,20,
1,231,Overall,Overall,35,28,41,1.5,1.861615,0.323965,1093,16,
1,232,Overall,Overall,35,7,41,-1.5,-1.470546,0.490382,926,25,
1,233,Overall,Overall,35,12,41,-0.5,-0.255072,0.336968,987,17,
1,234,Overall,Overall,35,29,41,2.0,2.344038,0.345665,1117,17,
1,235,Overall,Overall,35,23,41,1.0,1.052015,0.299292,1053,15,
1,236,Overall,Overall,35,19,41,0.5,0.799454,0.299113,1040,15,
1,237,Overall,Overall,35,2,41,-2.0,-3.706592,1.042674,815,52,
1,238,Overall,Overall,35,6,41,-1.5,-1.570849,0.511401,921,26,
1,239,Overall,Overall,35,4,41,-2.0,-2.054787,0.599711,897,30,
1,240,Overall,Overall,35,15,41,0.0,0.507975,0.31087,1025,16,
1,241,Overall,Overall,35,5,41,-2.0,-2.229104,0.632308,889,32,
1,242,Overall,Overall,35,21,41,0.5,0.910861,0.297317,1046,15,
1,243,Overall,Overall,35,8,41,-1.0,-1.141222,0.440422,943,22,
1,244,Overall,Overall,35,17,41,0.0,0.449319,0.297998,1022,15,
1,245,Overall,Overall,35,26,41,2.0,1.724324,0.316444,1086,16,
1,246,Overall,Overall,35,13,41,0.0,-0.237398,0.337388,988,17,
1,247,Overall,Overall,35,28,41,1.5,1.694444,0.314755,1085,16,
1,248,Overall,Overall,35,9,41,-0.5,-0.966389,0.416442,952,21,
1,249,Overall,Overall,35,6,41,-2.0,-1.640163,0.521111,918,26,
1,250,Overall,Overall,35,14,41,-0.5,-0.172941,0.332688,991,17,
1,251,Overall,Overall,35,18,41,0.0,0.526679,0.296284,1026,15,
1,252,Overall,Overall,35,6,41,-1.5,-1.388991,0.478447,931,24,
1,253,Overall,Overall,35,20,41,0.5,0.860693,0.297282,1043,15,
1,254,Overall,Overall,35,8,41,-0.5,-0.691232,0.38427,965,19,
1,255,Overall,Overall,35,10,41,-0.5,-0.572269,0.367853,971,18,
1,256,Overall,Overall,35,23,41,1.5,1.133826,0.297703,1057,15,
1,257,Overall,Overall,35,28,41,2.0,1.850525,0.324599,1093,16,
1,258,Overall,Overall,35,24,41,1.0,1.578192,0.313058,1079,16,
1,259,Overall,Overall,35,24,41,1.0,1.361179,0.301275,1068,15,
1,260,Overall,Overall,35,22,41,1.0,1.319303,0.303012,1066,15,
1,261,Overall,Overall,35,17,41,0.5,0.270195,0.307733,1014,15,
1,262,Overall,Overall,35,27,41,1.5,1.781159,0.31862,1089,16,
1,263,Overall,Overall,35,10,41,-0.5,-0.85659,0.404748,957,20,
1,264,Overall,Overall,35,22,41,1.0,1.644681,0.327068,1082,16,
1,265,Overall,Overall,35,24,41,1.5,1.770721,0.321268,1089,16,
1,266,Overall,Overall,35,8,41,-1.5,-1.085233,0.432448,946,22,
1,267,Overall,Overall,35,23,41,1.0,1.351978,0.300653,1068,15,
1,268,Overall,Overall,35,17,41,0.5,0.446523,0.299928,1022,15,
1,269,Overall,Overall,35,6,41,-1.5,-2.028065,0.591544,899,30,
1,270,Overall,Overall,35,13,41,0.5,-0.093783,0.326013,995,16,
1,271,Overall,Overall,35,14,41,0.5,0.244199,0.307034,1012,15,
1,272,Overall,Overall,35,17,41,0.5,0.299739,0.304712,1015,15,
1,273,Overall,Overall,35,21,41,1.0,1.120728,0.300692,1056,15,
1,274,Overall,Overall,35,9,41,-1.5,-1.106324,0.442777,945,22,
1,275,Overall,Overall,35,29,41,2.0,2.01798,0.333665,1101,17,
1,276,Overall,Overall,35,7,41,-1.0,-1.578233,0.509894,921,25,
1,277,Overall,Overall,35,9,41,-1.0,-0.933767,0.410998,953,21,
1,278,Overall,Overall,35,27,41,1.5,2.123805,0.333139,1106,17,
1,279,Overall,Overall,35,5,41,-2.0,-2.18612,0.623221,891,31,
1,280,Overall,Overall,35,26,41,1.5,1.409907,0.303079,1070,15,
1,281,Overall,Overall,35,26,41,2.0,2.137061,0.33607,1107,17,
1,282,Overall,Overall,35,4,41,-2.0,-2.909045,0.79532,855,40,
1,283,Overall,Overall,35,7,41,-1.0,-1.487834,0.494707,926,25,
1,284,Overall,Overall,35,11,41,0.0,-0.592263,0.374075,970,19,
1,285,Overall,Overall,35,29,41,2.0,2.439923,0.35089,1122,18,
1,286,Overall,Overall,35,5,41,-2.0,-2.145727,0.619126,893,31,
1,287,Overall,Overall,35,1,41,-2.0,-4.933368,1.609592,753,80,
1,288,Overall,Overall,35,12,41,0.0,0.018072,0.316908,1001,16,
1,289,Overall,Overall,35,13,41,0.5,0.10551,0.321273,1005,16,
1,290,Overall,Overall,35,17,41,0.0,0.72568,0.300329,1036,15,
1,291,Overall,Overall,35,15,41,0.0,0.334847,0.302249,1017,15,
1,292,Overall,Overall,35,11,41,0.0,-0.406256,0.349851,980,17,
1,293,Overall,Overall,35,5,41,-1.5,-1.994352,0.597639,900,30,
1,294,Overall,Overall,35,15,41,-0.5,-0.005434,0.32268,1000,16,
1,295,Overall,Overall,35,9,41,-1.0,-0.881437,0.404244,956,20,
1,296,Overall,Overall,35,6,41,-2.0,-2.025558,0.589828,899,29,
1,297,Overall,Overall,35,11,41,-0.5,-0.617298,0.373515,969,19,
1,298,Overall,Overall,35,9,41,-1.5,-1.186705,0.449296,941,22,
1,299,Overall,Overall,35,3,41,-2.0,-2.674931,0.734547,866,37,
1,300,Overall,Overall,35,15,41,-0.5,0.161096,0.309191,1008,15,
1,301,Overall,Overall,35,5,41,-1.5,-1.89788,0.571093,905,29,
1,302,Overall,Overall,35,4,41,-2.0,-2.347214,0.657933,883,33,
1,303,Overall,Overall,35,30,41,2.0,2.017059,0.333471,1101,17,
1,304,Overall,Overall,35,9,41,-1.5,-1.266767,0.460532,937,23,
1,305,Overall,Overall,35,14,41,0.0,-0.163772,0.332331,992,17,
1,306,Overall,Overall,35,25,41,1.5,1.317744,0.301388,1066,15,
1,307,Overall,Overall,35,6,41,-2.0,-1.802548,0.548358,910,27,
1,308,Overall,Overall,35,24,41,1.0,1.140499,0.302121,1057,15,
1,309,Overall,Overall,35,9,41,-1.0,-1.107539,0.436536,945,22,
1,310,Overall,Overall,35,24,41,1.5,1.747396,0.326446,1087,16,
1,311,Overall,Overall,35,22,41,1.5,1.768741,0.324355,1088,16,
1,312,Overall,Overall,35,4,41,-2.0,-2.239057,0.638581,888,32,
1,313,Overall,Overall,35,11,41,0.0,-0.249445,0.336537,988,17,
1,314,Overall,Overall,35,27,41,2.0,2.130024,0.335469,1107,17,
1,315,Overall,Overall,35,10,41,-0.5,-0.693631,0.381852,965,19,
1,316,Overall,Overall,35,24,41,1.0,1.322716,0.302289,1066,15,
1,317,Overall,Overall,35,7,41,-1.5,-1.424599,0.482997,929,24,
1,318,Overall,Overall,35,24,41,2.0,1.358731,0.302025,1068,15,
1,319,Overall,Overall,35,12,41,-0.5,-0.340545,0.34607,983,17,
1,320,Overall,Overall,35,26,41,1.5,1.661665,0.312746,1083,16,
1,321,Overall,Overall,35,5,41,-1.5,-2.088431,0.602888,896,30,
1,322,Overall,Overall,35,4,41,-1.5,-2.329812,0.663076,884,33,
1,323,Overall,Overall,35,6,41,-1.5,-2.229316,0.630658,889,32,
1,324,Overall,Overall,35,6,41,-2.0,-1.78748,0.545006,911,27,
1,325,Overall,Overall,35,25,41,1.5,1.632479,0.315431,1082,16,
1,326,Overall,Overall,35,17,41,0.0,0.251487,0.304206,1013,15,
1,327,Overall,Overall,35,11,41,-0.5,-0.593642,0.372511,970,19,
1,328,Overall,Overall,35,5,41,-1.0,-2.027659,0.590655,899,30,
1,329,Overall,Overall,35,18,41,0.5,0.811619,0.298876,1041,15,
1,330,Overall,Overall,35,15,41,0.5,0.072922,0.317207,1004,16,
1,331,Overall,Overall,35,9,41,-1.0,-0.682177,0.380316,966,19,
1,332,Overall,Overall,35,12,41,-1.0,-0.276083,0.339202,986,17,
1,333,Overall,Overall,35,16,41,0.0,0.400471,0.299165,1020,15,
1,334,Overall,Overall,35,8,41,-1.5,-1.120163,0.43746,944,22,
1,335,Overall,Overall,35,16,41,0.5,0.645248,0.302548,1032,15,
1,336,Overall,Overall,35,9,41,-1.5,-1.000918,0.420589,950,21,
1,337,Overall,Overall,35,24,41,1.5,1.447683,0.303483,1072,15,
1,338,Overall,Overall,35,12,41,-0.5,-0.471475,0.3574,976,18,
1,339,Overall,Overall,35,11,41,-0.5,-0.818105,0.40213,959,20,
1,340,Overall,Overall,35,29,41,2.0,2.588358,0.361378,1129,18,
1,341,Overall,Overall,35,29,41,2.0,1.847339,0.32425,1092,16,
1,342,Overall,Overall,35,26,41,1.0,1.158772,0.306238,1058,15,
1,343,Overall,Overall,35,15,41,0.0,0.107849,0.313148,1005,16,
1,344,Overall,Overall,35,16,41,0.0,0.029048,0.318538,1001,16,
1,345,Overall,Overall,35,24,41,1.0,1.384438,0.303127,1069,15,
1,346,Overall,Overall,35,7,41,-1.5,-1.325644,0.467483,934,23,
1,347,Overall,Overall,35,25,41,1.5,1.935879,0.326241,1097,16,
1,348,Overall,Overall,35,9,41,-1.0,-0.93632,0.412613,953,21,
1,349,Overall,Overall,35,6,41,-2.0,-1.559348,0.507953,922,25,
1,350,Overall,Overall,35,6,41,-1.5,-1.740568,0.538878,913,27,
1,351,Overall,Overall,35,15,41,0.5,0.355272,0.30031,1018,15,
1,352,Overall,Overall,35,9,41,-1.0,-0.784604,0.394075,961,20,
1,353,Overall,Overall,35,17,41,1.0,0.853709,0.302451,1043,15,
1,354,Overall,Overall,35,11,41,-0.5,-0.69693,0.386631,965,19,
1,355,Overall,Overall,35,27,41,2.0,1.77077,0.317893,1089,16,
1,356,Overall,Overall,35,10,41,-1.0,-0.799087,0.396442,960,20,
1,357,Overall,Overall,35,7,41,-1.5,-1.364254,0.47648,932,24,
1,358,Overall,Overall,35,20,41,1.5,1.439954,0.324463,1072,16,
1,359,Overall,Overall,35,23,41,1.0,1.266549,0.304127,1063,15,
1,360,Overall,Overall,35,22,41,1.0,1.217568,0.30572,1061,15,
1,361,Overall,Overall,35,11,41,0.5,-0.200367,0.33242,990,17,
1,362,Overall,Overall,35,31,41,2.0,2.627169,0.366196,1131,18,
1,363,Overall,Overall,35,5,41,-2.0,-2.121986,0.610212,894,31,
1,364,Overall,Overall,35,4,41,-2.0,-2.57935,0.708119,871,35,
1,365,Overall,Overall,35,10,41,-0.5,-0.625376,0.379834,969,19,
1,366,Overall,Overall,35,27,41,2.0,2.159727,0.335418,1108,17,
1,367,Overall,Overall,35,14,41,0.5,0.373365,0.299736,1019,15,
1,368,Overall,Overall,35,22,41,1.0,1.131038,0.301969,1057,15,
1,369,Overall,Overall,35,15,41,-0.5,0.123025,0.311844,1006,16,
1,370,Overall,Overall,35,26,41,1.0,1.287545,0.306386,1064,15,
1,371,Overall,Overall,35,4,41,-1.5,-2.243568,0.635378,888,32,
1,372,Overall,Overall,35,25,41,1.5,1.504371,0.305442,1075,15,
1,373,Overall,Overall,35,25,41,2.0,2.152695,0.335613,1108,17,
1,374,Overall,Overall,35,26,41,1.5,1.43106,0.312811,1072,16,
1,375,Overall,Overall,35,8,41,-1.5,-1.276997,0.462828,936,23,
1,376,Overall,Overall,35,19,41,0.5,0.772184,0.295232,1039,15,
1,377,Overall,Overall,35,8,41,-1.0,-1.29609,0.464768,935,23,
1,378,Overall,Overall,35,22,41,1.5,1.359732,0.30387,1068,15,
1,379,Overall,Overall,35,23,41,2.0,1.829857,0.326314,1091,16,
1,380,Overall,Overall,35,24,41,1.0,1.148519,0.302321,1057,15,
1,381,Overall,Overall,35,10,41,-0.5,-0.917774,0.410664,954,21,
1,382,Overall,Overall,35,11,41,-1.0,-0.777285,0.393127,961,20,
1,383,Overall,Overall,35,14,41,0.5,0.328274,0.302875,1016,15,
1,384,Overall,Overall,35,24,41,1.5,1.12669,0.303051,1056,15,
1,385,Overall,Overall,35,27,41,1.5,1.754703,0.318054,1088,16,
1,386,Overall,Overall,35,5,41,-2.0,-2.258988,0.638672,887,32,
1,387,Overall,Overall,35,21,41,1.0,1.010912,0.297221,1051,15,
1,388,Overall,Overall,35,7,41,-1.5,-2.207584,0.629918,890,31,
1,389,Overall,Overall,35,5,41,-1.5,-2.144342,0.612831,893,31,
1,390,Overall,Overall,35,16,41,0.5,0.370324,0.300186,1019,15,
1,391,Overall,Overall,35,23,41,1.0,1.421516,0.308589,1071,15,
1,392,Overall,Overall,35,21,41,0.5,0.877466,0.295373,1044,15,
1,393,Overall,Overall,35,28,41,1.5,1.748608,0.31665,1087,16,
1,394,Overall,Overall,35,6,41,-1.5,-1.630925,0.517894,918,26,
1,395,Overall,Overall,35,17,41,0.5,0.708657,0.300879,1035,15,
1,396,Overall,Overall,35,8,41,-1.0,-1.230675,0.454961,938,23,
1,397,Overall,Overall,35,15,41,0.5,0.268099,0.30388,1013,15,
1,398,Overall,Overall,35,13,41,0.0,-0.16062,0.330571,992,17,
1,399,Overall,Overall,35,9,41,-1.0,-0.916247,0.411545,954,21,
1,400,Overall,Overall,35,26,41,1.5,1.720548,0.315487,1086,16,
1,401,Overall,Overall,35,14,41,0.0,0.236151,0.304888,1012,15,
1,402,Overall,Overall,35,28,41,1.5,1.521922,0.318426,1076,16,
1,403,Overall,Overall,35,23,41,0.5,0.943051,0.298025,1047,15,
1,404,Overall,Overall,35,28,41,1.5,1.702145,0.315878,1085,16,
1,405,Overall,Overall,35,14,41,0.0,0.138683,0.309045,1007,15,
1,406,Overall,Overall,35,21,41,1.5,1.201005,0.299927,1060,15,
1,407,Overall,Overall,35,6,41,-2.0,-1.315184,0.474202,934,24,
1,408,Overall,Overall,35,24,41,1.0,1.254979,0.305502,1063,15,
1,409,Overall,Overall,35,24,41,1.0,1.122024,0.3016,1056,15,
1,410,Overall,Overall,35,7,41,-2.0,-1.779475,0.545871,911,27,
1,411,Overall,Overall,35,23,41,1.0,1.299749,0.299908,1065,15,
1,412,Overall,Overall,35,20,41,0.5,0.619037,0.297159,1031,15,
1,413,Overall,Overall,35,31,41,2.0,2.022183,0.341429,1101,17,
1,414,Overall,Overall,35,6,41,-1.5,-1.830079,0.55436,908,28,
1,415,Overall,Overall,35,12,41,0.0,-0.450015,0.355295,977,18,
1,416,Overall,Overall,35,27,41,2.0,1.674607,0.313695,1084,16,
1,417,Overall,Overall,35,14,41,0.0,0.119096,0.312392,1006,16,
1,418,Overall,Overall,35,12,41,0.0,-0.099649,0.324376,995,16,
1,419,Overall,Overall,35,17,41,0.0,0.418434,0.300953,1021,15,
1,420,Overall,Overall,35,17,41,0.5,0.530567,0.297136,1027,15,
1,421,Overall,Overall,35,20,41,1.0,0.820537,0.296983,1041,15,
1,422,Overall,Overall,35,9,41,-1.5,-0.985456,0.418869,951,21,
1,423,Overall,Overall,35,25,41,1.5,1.185923,0.303264,1059,15,
1,424,Overall,Overall,35,9,41,-1.5,-0.914672,0.4099,954,20,
1,425,Overall,Overall,35,9,41,-0.5,-0.701233,0.384637,965,19,
1,426,Overall,Overall,35,3,41,-1.5,-2.004644,0.604222,900,30,
1,427,Overall,Overall,35,5,41,-1.5,-2.65469,0.73371,867,37,
1,428,Overall,Overall,35,12,41,0.5,0.178689,0.319104,1009,16,
1,429,Overall,Overall,35,6,41,-1.5,-2.032627,0.602901,898,30,
1,430,Overall,Overall,35,19,41,1.0,0.82085,0.296164,1041,15,
1,431,Overall,Overall,35,6,41,-2.0,-1.951845,0.574768,902,29,
1,432,Overall,Overall,35,16,41,0.5,0.381174,0.300277,1019,15,
1,433,Overall,Overall,35,7,41,-1.5,-1.2928,0.463028,935,23,
1,434,Overall,Overall,35,15,41,0.0,0.326866,0.302912,1016,15,
1,435,Overall,Overall,35,15,41,0.0,0.137647,0.311937,1007,16,
1,436,Overall,Overall,35,18,41,1.0,0.747811,0.298464,1037,15,
1,437,Overall,Overall,35,16,41,0.0,0.669009,0.305833,1033,15,
1,438,Overall,Overall,35,17,41,1.0,0.841155,0.304206,1042,15,
1,439,Overall,Overall,35,27,41,1.5,1.716645,0.315228,1086,16,
1,440,Overall,Overall,35,23,41,0.5,1.227245,0.298828,1061,15,
1,441,Overall,Overall,35,29,41,2.0,2.008785,0.335067,1100,17,
1,442,Overall,Overall,35,14,41,0.0,-0.073414,0.325324,996,16,
1,443,Overall,Overall,35,26,41,1.5,1.617513,0.319199,1081,16,
1,444,Overall,Overall,35,10,41,-1.0,-0.847225,0.404459,958,20,
1,445,Overall,Overall,35,7,41,-1.5,-1.176738,0.445807,941,22,
1,446,Overall,Overall,35,28,41,1.0,1.564803,0.322649,1078,16,
1,447,Overall,Overall,35,22,41,1.0,1.015684,0.29759,1051,15,
1,448,Overall,Overall,35,3,41,-2.0,-2.271466,0.65883,886,33,
1,449,Overall,Overall,35,11,41,-0.5,-0.71266,0.385255,964,19,
1,450,Overall,Overall,35,7,41,-1.0,-1.341008,0.47168,933,24,
1,451,Overall,Overall,35,17,41,1.0,0.628555,0.29522,1031,15,
1,452,Overall,Overall,35,5,41,-2.0,-2.463628,0.681267,877,34,
1,453,Overall,Overall,35,24,41,0.5,0.893789,0.296625,1045,15,
1,454,Overall,Overall,35,7,41,-1.5,-1.318627,0.467931,934,23,
1,455,Overall,Overall,35,10,41,-0.5,-0.659004,0.379434,967,19,
1,456,Overall,Overall,35,30,41,2.0,2.115822,0.340817,1106,17,
1,457,Overall,Overall,35,11,41,-0.5,-0.431806,0.354171,978,18,
1,458,Overall,Overall,35,25,41,1.5,1.329624,0.302136,1066,15,
1,459,Overall,Overall,35,7,41,-1.0,-1.840681,0.554676,908,28,
1,460,Overall,Overall,35,26,41,1.5,1.585072,0.308353,1079,15,
1,461,Overall,Overall,35,5,41,-1.0,-1.034763,0.435347,948,22,
1,462,Overall,Overall,35,23,41,1.5,1.905328,0.326018,1095,16,
1,463,Overall,Overall,35,7,41,-1.5,-1.304377,0.464221,935,23,
1,464,Overall,Overall,35,27,41,1.0,1.51118,0.316711,1076,16,
1,465,Overall,Overall,35,5,41,-2.0,-1.947886,0.574019,903,29,
1,466,Overall,Overall,35,7,41,-1.0,-0.985461,0.4179,951,21,
1,467,Overall,Overall,35,18,41,0.5,0.668611,0.298508,1033,15,
1,468,Overall,Overall,35,12,41,-0.5,-0.234675,0.335563,988,17,
1,469,Overall,Overall,35,12,41,0.0,0.095824,0.312844,1005,16,
1,470,Overall,Overall,35,17,41,0.5,0.554165,0.296106,1028,15,
1,471,Overall,Overall,35,4,41,-2.0,-2.497194,0.689443,875,34,
1,472,Overall,Overall,35,10,41,0.0,-0.193449,0.334934,990,17,
1,473,Overall,Overall,35,22,41,1.5,1.236642,0.305838,1062,15,
1,474,Overall,Overall,35,22,41,1.5,0.913799,0.297441,1046,15,
1,475,Overall,Overall,35,5,41,-1.0,-2.37481,0.664179,881,33,
1,476,Overall,Overall,35,22,41,1.0,0.714326,0.298875,1036,15,
1,477,Overall,Overall,35,10,41,0.0,-0.338822,0.344502,983,17,
1,478,Overall,Overall,35,18,41,1.0,0.714523,0.298105,1036,15,
1,479,Overall,Overall,35,23,41,1.0,1.127175,0.30034,1056,15,
1,480,Overall,Overall,35,9,41,-0.5,-0.552188,0.366302,972,18,
1,481,Overall,Overall,35,11,41,-0.5,-0.208948,0.333687,990,17,
1,482,Overall,Overall,35,24,41,1.0,1.296251,0.305803,1065,15,
1,483,Overall,Overall,35,3,41,-2.0,-3.204012,0.872795,840,44,
1,484,Overall,Overall,35,24,41,1.5,1.806795,0.322766,1090,16,
1,485,Overall,Overall,35,12,41,-0.5,-0.329773,0.344765,984,17,
1,486,Overall,Overall,35,8,41,-1.0,-1.171964,0.446571,941,22,
1,487,Overall,Overall,35,8,41,-0.5,-0.966903,0.423855,952,21,
1,488,Overall,Overall,35,12,41,0.0,0.018821,0.318659,1001,16,
1,489,Overall,Overall,35,25,41,1.0,1.273811,0.300214,1064,15,
1,490,Overall,Overall,35,7,41,-1.0,-1.316751,0.469579,934,23,
1,491,Overall,Overall,35,7,41,-1.0,-1.307691,0.466199,935,23,
1,492,Overall,Overall,35,12,41,-0.5,-0.094216,0.325732,995,16,
1,493,Overall,Overall,35,18,41,0.5,0.566472,0.296742,1028,15,
1,494,Overall,Overall,35,26,41,1.0,1.634426,0.312334,1082,16,
1,495,Overall,Overall,35,4,41,-1.5,-1.657123,0.540215,917,27,
1,496,Overall,Overall,35,6,41,-2.0,-1.890095,0.56387,905,28,
1,497,Overall,Overall,35,17,41,0.5,0.523756,0.297444,1026,15,
1,498,Overall,Overall,35,14,41,0.0,0.230401,0.305878,1012,15,
1,499,Overall,Overall,35,13,41,-1.0,-0.308985,0.349865,985,17,
1,500,Overall,Overall,35,11,41,-1.0,-0.465778,0.357209,977,18,
1,501,Overall,Overall,35,15,41,1.0,0.303201,0.310329,1015,16,
1,502,Overall,Overall,35,8,41,-1.0,-0.95108,0.413563,952,21,
1,503,Overall,Overall,35,6,41,-1.0,-0.929503,0.422219,954,21,
1,504,Overall,Overall,35,7,41,-2.0,-2.101369,0.608892,895,30,
1,505,Overall,Overall,35,24,41,2.0,1.285904,0.299963,1064,15,
1,506,Overall,Overall,35,16,41,0.0,0.2094,0.308481,1010,15,
1,507,Overall,Overall,35,27,41,2.0,2.331342,0.34385,1117,17,
1,508,Overall,Overall,35,23,41,2.0,1.842962,0.327611,1092,16,
1,509,Overall,Overall,35,5,41,-2.0,-2.295352,0.646759,885,32,
1,510,Overall,Overall,35,22,41,0.5,0.60975,0.301047,1030,15,
1,511,Overall,Overall,35,7,41,-2.0,-1.596273,0.511668,920,26,
1,512,Overall,Overall,35,13,41,-0.5,-0.070237,0.324526,996,16,
1,513,Overall,Overall,35,11,41,-0.5,-0.26029,0.338249,987,17,
1,514,Overall,Overall,35,27,41,2.0,2.353619,0.347945,1118,17,
1,515,Overall,Overall,35,9,41,-0.5,-0.63658,0.375778,968,19,
1,516,Overall,Overall,35,18,41,1.0,0.687214,0.299357,1034,15,
1,517,Overall,Overall,35,25,41,1.5,1.53251,0.305997,1077,15,
1,518,Overall,Overall,35,9,41,-0.5,-0.703342,0.383499,965,19,
1,519,Overall,Overall,35,19,41,1.0,0.876902,0.297032,1044,15,
1,520,Overall,Overall,35,26,41,2.0,1.750028,0.318335,1088,16,
1,521,Overall,Overall,35,10,41,-1.0,-0.714593,0.384067,964,19,
1,522,Overall,Overall,35,14,41,0.5,0.101852,0.310944,1005,16,
1,523,Overall,Overall,35,12,41,-0.5,-0.411721,0.352242,979,18,
1,524,Overall,Overall,35,20,41,1.0,1.062086,0.297558,1053,15,
1,525,Overall,Overall,35,17,41,0.5,0.206207,0.309485,1010,15,
1,526,Overall,Overall,35,22,41,1.0,0.864414,0.300328,1043,15,
1,527,Overall,Overall,35,25,41,2.0,1.722027,0.319927,1086,16,
1,528,Overall,Overall,35,26,41,1.5,1.645127,0.312975,1082,16,
1,529,Overall,Overall,35,6,41,-1.5,-1.445779,0.487648,928,24,
1,530,Overall,Overall,35,6,41,-1.5,-1.801805,0.547587,910,27,
1,531,Overall,Overall,35,6,41,-1.5,-1.756753,0.544128,912,27,
1,532,Overall,Overall,35,24,41,1.0,1.220427,0.2989,1061,15,
1,533,Overall,Overall,35,8,41,-2.0,-1.363387,0.479855,932,24,
1,534,Overall,Overall,35,10,41,-1.0,-0.876548,0.404345,956,20,
1,535,Overall,Overall,35,11,41,-0.5,-0.220939,0.333661,989,17,
1,536,Overall,Overall,35,14,41,0.5,0.081656,0.312682,1004,16,
1,537,Overall,Overall,35,11,41,-1.0,-0.51204,0.361494,974,18,
1,538,Overall,Overall,35,10,41,-0.5,-0.625246,0.37536,969,19,
1,539,Overall,Overall,35,25,41,1.5,1.443139,0.305764,1072,15,
1,540,Overall,Overall,35,27,41,2.0,2.191635,0.337068,1110,17,
1,541,Overall,Overall,35,26,41,1.0,1.30851,0.301565,1065,15,
1,542,Overall,Overall,35,16,41,0.0,0.42778,0.29894,1021,15,
1,543,Overall,Overall,35,8,41,0.0,-0.435872,0.356578,978,18,
1,544,Overall,Overall,35,15,41,0.0,0.319393,0.310898,1016,16,
1,545,Overall,Overall,35,28,41,2.0,2.013561,0.335046,1101,17,
1,546,Overall,Overall,35,10,41,-0.5,-0.858183,0.402996,957,20,
1,547,Overall,Overall,35,15,41,0.5,0.19682,0.306639,1010,15,
1,548,Overall,Overall,35,23,41,1.0,1.158778,0.300893,1058,15,
1,549,Overall,Overall,35,23,41,1.5,1.364736,0.30095,1068,15,
1,550,Overall,Overall,35,28,41,2.0,1.992523,0.333734,1100,17,
1,551,Overall,Overall,35,10,41,-1.0,-0.631525,0.376672,968,19,
1,552,Overall,Overall,35,23,41,1.5,1.370425,0.301354,1069,15,
1,553,Overall,Overall,35,12,41,-1.0,-0.663591,0.381709,967,19,
1,554,Overall,Overall,35,8,41,-1.5,-1.045293,0.426688,948,21,
1,555,Overall,Overall,35,25,41,2.0,2.213019,0.340893,1111,17,
1,556,Overall,Overall,35,4,41,-1.5,-2.605828,0.717849,870,36,
1,557,Overall,Overall,35,4,41,-1.5,-2.180456,0.62034,891,31,
1,558,Overall,Overall,35,9,41,-0.5,-0.74599,0.388072,963,19,
1,559,Overall,Overall,35,9,41,-1.5,-0.940003,0.412067,953,21,
1,560,Overall,Overall,35,10,41,-1.0,-0.817883,0.3979,959,20,
1,561,Overall,Overall,35,19,41,0.5,0.934514,0.296616,1047,15,
1,562,Overall,Overall,35,3,41,-1.5,-3.183816,0.873892,841,44,
1,563,Overall,Overall,35,12,41,0.0,-0.217896,0.333412,989,17,
1,564,Overall,Overall,35,10,41,-1.0,-0.822167,0.398879,959,20,
1,565,Overall,Overall,35,6,41,-1.5,-1.713716,0.532337,914,27,
1,566,Overall,Overall,35,7,41,-2.0,-1.220767,0.453353,939,23,
1,567,Overall,Overall,35,10,41,-1.0,-1.118689,0.440127,944,22,
1,568,Overall,Overall,35,29,41,2.0,2.0488,0.337936,1102,17,
1,569,Overall,Overall,35,9,41,0.0,-0.978785,0.41765,951,21,
1,570,Overall,Overall,35,9,41,-1.0,-0.774635,0.392263,961,20,
1,571,Overall,Overall,35,23,41,2.0,1.997285,0.333733,1100,17,
1,572,Overall,Overall,35,23,41,2.0,1.355259,0.301687,1068,15,
1,573,Overall,Overall,35,22,41,1.0,0.95821,0.296894,1048,15,
1,574,Overall,Overall,35,16,41,0.0,0.059715,0.317076,1003,16,
1,575,Overall,Overall,35,21,41,1.0,0.800429,0.29761,1040,15,
1,576,Overall,Overall,35,8,41,-1.5,-0.689317,0.3831,966,19,
1,577,Overall,Overall,35,23,41,1.5,1.466319,0.306637,1073,15,
1,578,Overall,Overall,35,9,41,-1.0,-1.159229,0.443916,942,22,
1,579,Overall,Overall,35,7,41,-1.5,-1.252591,0.45684,937,23,
1,580,Overall,Overall,35,7,41,-2.0,-1.350268,0.471517,932,24,
1,581,Overall,Overall,35,4,41,-2.0,-2.476825,0.685058,876,34,
1,582,Overall,Overall,35,5,41,-2.0,-1.762297,0.549894,912,27,
1,583,Overall,Overall,35,28,41,2.0,2.2542,0.339748,1113,17,
1,584,Overall,Overall,35,9,41,-1.0,-1.057127,0.42891,947,21,
1,585,Overall,Overall,35,21,41,1.0,0.848633,0.295197,1042,15,
1,586,Overall,Overall,35,22,41,1.5,1.677997,0.321615,1084,16,
1,587,Overall,Overall,35,17,41,1.0,0.698508,0.304495,1035,15,
1,588,Overall,Overall,35,13,41,0.0,-0.195237,0.332163,990,17,
1,589,Overall,Overall,35,15,41,0.0,0.179671,0.308529,1009,15,
1,590,Overall,Overall,35,3,41,-1.5,-2.935282,0.804121,853,40,
1,591,Overall,Overall,35,5,41,-1.5,-2.239133,0.634435,888,32,
1,592,Overall,Overall,35,18,41,0.5,0.717444,0.297363,1036,15,
1,593,Overall,Overall,35,7,41,-1.5,-1.478986,0.491757,926,25,
1,594,Overall,Overall,35,3,41,-2.0,-2.842535,0.772491,858,39,
1,595,Overall,Overall,35,25,41,1.5,1.695904,0.314429,1085,16,
1,596,Overall,Overall,35,6,41,-1.0,-1.806374,0.548113,910,27,
1,597,Overall,Overall,35,13,41,0.0,0.031038,0.315605,1002,16,
1,598,Overall,Overall,35,11,41,0.0,-0.529813,0.36765,974,18,
1,599,Overall,Overall,35,7,41,-0.5,-0.634329,0.396635,968,20,
1,600,Overall,Overall,35,25,41,1.5,1.227015,0.307099,1061,15,
1,601,Overall,Overall,35,21,41,0.5,0.64341,0.296554,1032,15,
1,602,Overall,Overall,35,11,41,-0.5,-0.469548,0.359088,977,18,
1,603,Overall,Overall,35,8,41,-1.0,-0.96828,0.415908,952,21,
1,604,Overall,Overall,35,25,41,1.5,2.058711,0.331776,1103,17,
1,605,Overall,Overall,35,28,41,2.0,2.642458,0.377835,1132,19,
1,606,Overall,Overall,35,11,41,0.0,-0.505822,0.363942,975,18,
1,607,Overall,Overall,35,22,41,0.5,1.252911,0.301084,1063,15,
1,608,Overall,Overall,35,5,41,-2.0,-1.638405,0.530646,918,27,
1,609,Overall,Overall,35,31,41,2.0,2.020542,0.335033,1101,17,
1,610,Overall,Overall,35,5,41,-2.0,-2.133093,0.612401,893,31,
1,611,Overall,Overall,35,24,41,1.5,1.495886,0.304902,1075,15,
1,612,Overall,Overall,35,9,41,-1.5,-1.229114,0.453481,939,23,
1,613,Overall,Overall,35,8,41,-1.0,-0.993848,0.420708,950,21,
1,614,Overall,Overall,35,6,41,-1.5,-2.213489,0.627416,889,31,
1,615,Overall,Overall,35,23,41,1.0,1.249229,0.299433,1062,15,
1,616,Overall,Overall,35,25,41,2.0,1.53413,0.306867,1077,15,
1,617,Overall,Overall,35,25,41,2.0,1.622532,0.314771,1081,16,
1,618,Overall,Overall,35,22,41,0.5,1.054067,0.296755,1053,15,
1,619,Overall,Overall,35,6,41,-2.0,-1.446295,0.491505,928,25,
1,620,Overall,Overall,35,9,41,-1.5,-1.060057,0.429069,947,21,
1,621,Overall,Overall,35,7,41,-1.5,-1.618432,0.519049,919,26,
1,622,Overall,Overall,35,19,41,1.0,0.878275,0.298476,1044,15,
1,623,Overall,Overall,35,13,41,0.0,-0.291965,0.340453,985,17,
1,624,Overall,Overall,35,23,41,1.5,1.728795,0.322262,1086,16,
1,625,Overall,Overall,35,11,41,-0.5,-0.734773,0.388741,963,19,
1,626,Overall,Overall,35,8,41,-0.5,-1.027235,0.426735,949,21,
1,627,Overall,Overall,35,9,41,-1.0,-0.709755,0.385984,965,19,
1,628,Overall,Overall,35,9,41,-0.5,-0.965515,0.41553,952,21,
1,629,Overall,Overall,35,7,41,-2.0,-0.981194,0.418968,951,21,
1,630,Overall,Overall,35,10,41,-0.5,-0.334378,0.34557,983,17,
1,631,Overall,Overall,35,8,41,-1.0,-1.083005,0.433316,946,22,
1,632,Overall,Overall,35,21,41,1.5,1.218217,0.298605,1061,15,
1,633,Overall,Overall,35,15,41,0.5,0.33526,0.301362,1017,15,
1,634,Overall,Overall,35,25,41,1.5,1.533923,0.316828,1077,16,
1,635,Overall,Overall,35,18,41,1.5,0.837572,0.299134,1042,15,
1,636,Overall,Overall,35,12,41,-0.5,-0.172585,0.330612,991,17,
1,637,Overall,Overall,35,27,41,1.5,2.036956,0.330011,1102,17,
1,638,Overall,Overall,35,8,41,-1.0,-1.334463,0.468996,933,23,
1,639,Overall,Overall,35,19,41,1.0,0.65528,0.295485,1033,15,
1,640,Overall,Overall,35,26,41,1.5,2.131758,0.336046,1107,17,
1,641,Overall,Overall,35,8,41,-0.5,-0.82818,0.399645,959,20,
1,642,Overall,Overall,35,11,41,0.0,-0.475439,0.357793,976,18,
1,643,Overall,Overall,35,10,41,-0.5,-0.479278,0.357898,976,18,
1,644,Overall,Overall,35,19,41,1.0,0.530831,0.297842,1027,15,
1,645,Overall,Overall,35,11,41,-0.5,-0.473764,0.362164,976,18,
1,646,Overall,Overall,35,25,41,1.5,1.563577,0.307675,1078,15,
1,647,Overall,Overall,35,15,41,1.0,0.402247,0.299704,1020,15,
1,648,Overall,Overall,35,2,41,-2.0,-4.059739,1.174722,797,59,
1,649,Overall,Overall,35,4,41,-2.0,-2.594876,0.712157,870,36,
1,650,Overall,Overall,35,20,41,0.5,0.735939,0.29452,1037,15,
1,651,Overall,Overall,35,14,41,0.5,-0.044883,0.323116,998,16,
1,652,Overall,Overall,35,14,41,0.0,0.028491,0.315612,1001,16,
1,653,Overall,Overall,35,14,41,0.0,0.09446,0.311584,1005,16,
1,654,Overall,Overall,35,14,41,0.5,0.038439,0.314763,1002,16,
1,655,Overall,Overall,35,29,41,2.0,1.91631,0.326439,1096,16,
1,656,Overall,Overall,35,15,41,0.0,0.228677,0.304874,1011,15,
1,657,Overall,Overall,35,15,41,-0.5,0.221832,0.305765,1011,15,
1,658,Overall,Overall,35,16,41,0.5,0.398183,0.299387,1020,15,
1,659,Overall,Overall,35,15,41,0.0,0.124873,0.311754,1006,16,
1,660,Overall,Overall,35,22,41,1.0,1.06829,0.298978,1053,15,
1,661,Overall,Overall,35,19,41,0.0,0.284258,0.308232,1014,15,
1,662,Overall,Overall,35,15,41,0.0,0.355033,0.300459,1018,15,
1,663,Overall,Overall,35,8,41,-2.0,-0.829367,0.399049,959,20,
1,664,Overall,Overall,35,12,41,-1.0,-0.277099,0.34015,986,17,
1,665,Overall,Overall,35,27,41,2.0,1.610314,0.322524,1081,16,
1,666,Overall,Overall,35,21,41,1.0,1.07753,0.297886,1054,15,
1,667,Overall,Overall,35,10,41,-1.0,-0.476882,0.358403,976,18,
1,668,Overall,Overall,35,23,41,1.5,1.392375,0.30303,1070,15,
1,669,Overall,Overall,35,22,41,1.5,1.093847,0.297127,1055,15,
1,670,Overall,Overall,35,22,41,1.0,1.066827,0.296587,1053,15,
1,671,Overall,Overall,35,9,41,-0.5,-1.002739,0.420829,950,21,
1,672,Overall,Overall,35,14,41,0.5,0.044386,0.31417,1002,16,
1,673,Overall,Overall,35,9,41,-1.0,-0.920189,0.411243,954,21,
1,674,Overall,Overall,35,20,41,0.5,0.961577,0.297451,1048,15,
1,675,Overall,Overall,35,7,41,-2.0,-1.544731,0.502665,923,25,
1,676,Overall,Overall,35,25,41,1.5,1.364206,0.309443,1068,15,
1,677,Overall,Overall,35,17,41,0.5,0.544433,0.296304,1027,15,
1,678,Overall,Overall,35,27,41,1.0,1.646335,0.316024,1082,16,
1,679,Overall,Overall,35,24,41,2.0,1.507846,0.307503,1075,15,
1,680,Overall,Overall,35,16,41,0.0,0.078582,0.315269,1004,16,
1,681,Overall,Overall,35,11,41,0.0,-0.025907,0.319472,999,16,
1,682,Overall,Overall,35,8,41,-1.0,-1.046089,0.427878,948,21,
1,683,Overall,Overall,35,30,41,1.5,2.058691,0.336081,1103,17,
1,684,Overall,Overall,35,13,41,-0.5,-0.068854,0.322128,997,16,
1,685,Overall,Overall,35,13,41,0.0,0.162337,0.307847,1008,15,
1,686,Overall,Overall,35,4,41,-1.5,-2.383005,0.667154,881,33,
1,687,Overall,Overall,35,30,41,2.0,2.534427,0.358716,1127,18,
1,688,Overall,Overall,35,8,41,-1.0,-0.730205,0.388215,963,19,
1,689,Overall,Overall,35,20,41,1.0,0.703103,0.294851,1035,15,
1,690,Overall,Overall,35,7,41,-1.0,-1.158403,0.447768,942,22,
1,691,Overall,Overall,35,2,41,-2.0,-3.59587,1.004779,820,50,
1,692,Overall,Overall,35,26,41,1.5,1.496887,0.316137,1075,16,
1,693,Overall,Overall,35,7,41,-1.5,-1.293883,0.463897,935,23,
1,694,Overall,Overall,35,7,41,-2.0,-1.816317,0.551496,909,28,
1,695,Overall,Overall,35,10,41,-0.5,-0.576279,0.368083,971,18,
1,696,Overall,Overall,35,14,41,-0.5,-0.052575,0.326359,997,16,
1,697,Overall,Overall,35,4,41,-1.5,-2.818308,0.766769,859,38,
1,698,Overall,Overall,35,10,41,-1.0,-0.957403,0.414892,952,21,
1,699,Overall,Overall,35,17,41,0.0,0.564872,0.296166,1028,15,
1,700,Overall,Overall,35,18,41,1.0,0.888695,0.303399,1044,15,
1,701,Overall,Overall,35,26,41,1.5,1.50513,0.305847,1075,15,
1,702,Overall,Overall,35,23,41,1.5,1.45259,0.306018,1073,15,
1,703,Overall,Overall,35,4,41,-1.5,-2.185737,0.623311,891,31,
1,704,Overall,Overall,35,25,41,2.0,1.754296,0.321245,1088,16,
1,705,Overall,Overall,35,16,41,0.5,0.300317,0.305206,1015,15,
1,706,Overall,Overall,35,18,41,0.0,0.388494,0.300992,1019,15,
1,707,Overall,Overall,35,12,41,0.0,0.071539,0.314292,1004,16,
1,708,Overall,Overall,35,19,41,1.0,0.825642,0.298967,1041,15,
1,709,Overall,Overall,35,16,41,0.5,0.523887,0.29726,1026,15,
1,710,Overall,Overall,35,10,41,-1.0,-0.526872,0.364101,974,18,
1,711,Overall,Overall,35,21,41,1.0,0.967585,0.296315,1048,15,
1,712,Overall,Overall,35,5,41,-1.0,-2.208053,0.628118,890,31,
1,713,Overall,Overall,35,21,41,1.0,0.960116,0.297485,1048,15,
1,714,Overall,Overall,35,18,41,0.5,0.605183,0.299771,1030,15,
1,715,Overall,Overall,35,27,41,1.5,1.352958,0.31112,1068,16,
1,716,Overall,Overall,35,8,41,-1.0,-1.111014,0.436377,944,22,
1,717,Overall,Overall,35,26,41,2.0,2.356899,0.351314,1118,18,
1,718,Overall,Overall,35,6,41,-1.0,-1.160008,0.448027,942,22,
1,719,Overall,Overall,35,20,41,0.5,0.810004,0.295335,1041,15,
1,720,Overall,Overall,35,5,41,-1.5,-2.066552,0.599952,897,30,
1,721,Overall,Overall,35,19,41,1.0,1.062268,0.297874,1053,15,
1,722,Overall,Overall,35,5,41,-2.0,-2.556075,0.707126,872,35,
1,723,Overall,Overall,35,20,41,1.0,1.076022,0.297706,1054,15,
1,724,Overall,Overall,35,24,41,2.0,1.844519,0.326406,1092,16,
1,725,Overall,Overall,35,8,41,-1.0,-1.377693,0.478826,931,24,
1,726,Overall,Overall,35,8,41,-2.0,-1.248893,0.455887,938,23,
1,727,Overall,Overall,35,25,41,2.0,1.513133,0.307897,1076,15,
1,728,Overall,Overall,35,23,41,2.0,1.969792,0.331514,1098,17,
1,729,Overall,Overall,35,8,41,-1.5,-1.283544,0.462816,936,23,
1,730,Overall,Overall,35,27,41,2.0,2.38638,0.350645,1119,18,
1,731,Overall,Overall,35,16,41,1.0,0.835108,0.311898,1042,16,
1,732,Overall,Overall,35,17,41,-0.5,0.621458,0.299147,1031,15,
1,733,Overall,Overall,35,8,41,-2.0,-1.125591,0.43817,944,22,
1,734,Overall,Overall,35,6,41,-2.0,-1.823062,0.556193,909,28,
1,735,Overall,Overall,35,4,41,-1.5,-2.279343,0.648643,886,32,
1,736,Overall,Overall,35,10,41,-0.5,-0.641687,0.376771,968,19,
1,737,Overall,Overall,35,28,41,1.5,2.425137,0.349563,1121,17,
1,738,Overall,Overall,35,27,41,2.0,1.914332,0.326233,1096,16,
1,739,Overall,Overall,35,21,41,1.0,0.651326,0.301354,1033,15,
1,740,Overall,Overall,35,11,41,0.0,-0.41252,0.351198,979,18,
1,741,Overall,Overall,35,8,41,-1.5,-1.362379,0.473867,932,24,
1,742,Overall,Overall,35,16,41,0.5,0.259455,0.304604,1013,15,
1,743,Overall,Overall,35,18,41,0.5,0.828738,0.299126,1041,15,
1,744,Overall,Overall,35,7,41,-1.0,-1.341195,0.473017,933,24,
1,745,Overall,Overall,35,29,41,2.0,1.945674,0.329236,1097,16,
1,746,Overall,Overall,35,10,41,-0.5,-1.020747,0.424114,949,21,
1,747,Overall,Overall,35,21,41,2.0,1.774253,0.328002,1089,16,
1,748,Overall,Overall,35,10,41,-0.5,-0.315846,0.341977,984,17,
1,749,Overall,Overall,35,12,41,0.0,-0.116944,0.327382,994,16,
1,750,Overall,Overall,35,9,41,-1.0,-1.734805,0.539452,913,27,
1,751,Overall,Overall,35,25,41,2.0,1.635474,0.314062,1082,16,
1,752,Overall,Overall,35,21,41,0.5,0.948621,0.296173,1047,15,
1,753,Overall,Overall,35,11,41,-1.0,-0.65631,0.380192,967,19,
1,754,Overall,Overall,35,10,41,-0.5,-0.870481,0.406304,956,20,
1,755,Overall,Overall,35,4,41,-1.5,-2.506393,0.695079,875,35,
1,756,Overall,Overall,35,13,41,-0.5,0.116217,0.310579,1006,16,
1,757,Overall,Overall,35,21,41,0.5,1.126243,0.297951,1056,15,
1,758,Overall,Overall,35,7,41,-2.0,-1.200109,0.450657,940,23,
1,759,Overall,Overall,35,9,41,-1.5,-1.225939,0.452979,939,23,
1,760,Overall,Overall,35,21,41,1.5,1.063948,0.297336,1053,15,
1,761,Overall,Overall,35,13,41,0.0,-0.220297,0.335212,989,17,
1,762,Overall,Overall,35,23,41,1.0,1.227367,0.299353,1061,15,
1,763,Overall,Overall,35,23,41,1.0,1.272865,0.300406,1064,15,
1,764,Overall,Overall,35,8,41,-1.0,-1.15076,0.442689,942,22,
1,765,Overall,Overall,35,7,41,-1.5,-1.558202,0.505019,922,25,
1,766,Overall,Overall,35,6,41,-1.5,-1.883117,0.562559,906,28,
1,767,Overall,Overall,35,11,41,-0.5,-0.341347,0.346192,983,17,
1,768,Overall,Overall,35,7,41,-1.5,-1.35146,0.473079,932,24,
1,769,Overall,Overall,35,9,41,-1.0,-0.815196,0.398118,959,20,
1,770,Overall,Overall,35,29,41,1.5,1.92378,0.326924,1096,16,
1,771,Overall,Overall,35,19,41,0.5,0.620821,0.29602,1031,15,
1,772,Overall,Overall,35,5,41,-2.0,-2.30206,0.648207,885,32,
1,773,Overall,Overall,35,22,41,1.0,1.03502,0.298848,1052,15,
1,774,Overall,Overall,35,15,41,0.0,0.228066,0.30703,1011,15,
1,775,Overall,Overall,35,8,41,-0.5,-0.927622,0.413502,954,21,
1,776,Overall,Overall,35,14,41,0.0,0.320603,0.310432,1016,16,
1,777,Overall,Overall,35,19,41,1.0,0.801779,0.299399,1040,15,
1,778,Overall,Overall,35,14,41,0.0,0.060554,0.313273,1003,16,
1,779,Overall,Overall,35,14,41,0.5,0.302851,0.311282,1015,16,
1,780,Overall,Overall,35,26,41,2.0,1.550347,0.307134,1078,15,
1,781,Overall,Overall,35,7,41,-1.5,-1.387118,0.480646,931,24,
1,782,Overall,Overall,35,7,41,-1.0,-1.087591,0.432894,946,22,
1,783,Overall,Overall,35,5,41,-2.0,-1.939189,0.573999,903,29,
1,784,Overall,Overall,35,20,41,1.0,1.206263,0.305616,1060,15,
1,785,Overall,Overall,35,5,41,-2.0,-1.976652,0.586374,901,29,
1,786,Overall,Overall,35,10,41,-1.5,-0.71868,0.387031,964,19,
1,787,Overall,Overall,35,25,41,2.0,1.697269,0.342513,1085,17,
1,788,Overall,Overall,35,18,41,0.5,0.600225,0.296343,1030,15,
1,789,Overall,Overall,35,7,41,-0.5,-1.413751,0.482814,929,24,
1,790,Overall,Overall,35,19,41,1.0,0.892074,0.298313,1045,15,
1,791,Overall,Overall,35,18,41,0.5,0.516236,0.29785,1026,15,
1,792,Overall,Overall,35,27,41,2.0,2.047399,0.332388,1102,17,
1,793,Overall,Overall,35,21,41,0.5,0.841773,0.295488,1042,15,
1,794,Overall,Overall,35,11,41,-0.5,-0.301519,0.348512,985,17,
1,795,Overall,Overall,35,7,41,-1.0,-1.329569,0.471356,934,24,
1,796,Overall,Overall,35,4,41,-2.0,-2.92309,0.799519,854,40,
1,797,Overall,Overall,35,7,41,-2.0,-1.844247,0.557502,908,28,
1,798,Overall,Overall,35,3,41,-2.0,-3.002761,0.819507,850,41,
1,799,Overall,Overall,35,17,41,0.0,0.383639,0.302338,1019,15,
1,800,Overall,Overall,35,8,41,-1.0,-1.470676,0.491162,926,25,
1,801,Overall,Overall,35,26,41,1.0,1.48083,0.30679,1074,15,
1,802,Overall,Overall,35,6,41,-1.5,-1.954833,0.579004,902,29,
1,803,Overall,Overall,35,22,41,1.5,1.900108,0.330134,1095,17,
1,804,Overall,Overall,35,26,41,2.0,1.957109,0.326711,1098,16,
1,805,Overall,Overall,35,5,41,-2.0,-1.420368,0.49895,929,25,
1,806,Overall,Overall,35,13,41,0.0,0.242586,0.305532,1012,15,
1,807,Overall,Overall,35,5,41,-2.0,-1.49676,0.500074,925,25,
1,808,Overall,Overall,35,17,41,0.5,0.465978,0.29869,1023,15,
1,809,Overall,Overall,35,17,41,0.5,0.678709,0.298402,1034,15,
1,810,Overall,Overall,35,19,41,0.5,0.57129,0.297018,1029,15,
1,811,Overall,Overall,35,7,41,-1.5,-1.401401,0.480577,930,24,
1,812,Overall,Overall,35,4,41,-1.5,-2.230544,0.637604,888,32,
1,813,Overall,Overall,35,29,41,1.5,1.744825,0.336023,1087,17,
1,814,Overall,Overall,35,7,41,-1.5,-1.858782,0.561089,907,28,
1,815,Overall,Overall,35,9,41,-2.0,-0.951543,0.416243,952,21,
1,816,Overall,Overall,35,24,41,1.0,1.177471,0.302947,1059,15,
1,817,Overall,Overall,35,27,41,2.0,2.28026,0.341245,1114,17,
1,818,Overall,Overall,35,24,41,1.5,1.792043,0.324486,1090,16,
1,819,Overall,Overall,35,8,41,-1.5,-0.756624,0.391993,962,20,
1,820,Overall,Overall,35,21,41,1.0,1.166477,0.301285,1058,15,
1,821,Overall,Overall,35,26,41,2.0,1.564971,0.307496,1078,15,
1,822,Overall,Overall,35,7,41,-1.5,-1.561501,0.505503,922,25,
1,823,Overall,Overall,35,18,41,0.5,0.809131,0.29936,1040,15,
1,824,Overall,Overall,35,13,41,-1.0,-0.27002,0.343387,986,17,
1,825,Overall,Overall,35,8,41,-0.5,-0.626253,0.374349,969,19,
1,826,Overall,Overall,35,12,41,-0.5,-0.401985,0.350647,980,18,
1,827,Overall,Overall,35,18,41,1.0,0.611028,0.295716,1031,15,
1,828,Overall,Overall,35,12,41,-0.5,-0.010265,0.318793,999,16,
1,829,Overall,Overall,35,6,41,-2.0,-2.005396,0.586157,900,29,
1,830,Overall,Overall,35,7,41,-2.0,-1.683621,0.536024,916,27,
1,831,Overall,Overall,35,25,41,2.0,2.088967,0.333689,1104,17,
1,832,Overall,Overall,35,22,41,0.5,0.866598,0.296653,1043,15,
1,833,Overall,Overall,35,16,41,0.0,0.246846,0.309343,1012,15,
1,834,Overall,Overall,35,29,41,2.0,1.886445,0.347345,1094,17,
1,835,Overall,Overall,35,27,41,2.0,2.203055,0.337502,1110,17,
1,836,Overall,Overall,35,8,41,-2.0,-1.479695,0.493551,926,25,
1,837,Overall,Overall,35,26,41,2.0,1.696846,0.313544,1085,16,
1,838,Overall,Overall,35,10,41,-1.0,-0.916395,0.413109,954,21,
1,839,Overall,Overall,35,24,41,2.0,1.929024,0.329008,1096,16,
1,840,Overall,Overall,35,15,41,0.0,0.228042,0.305636,1011,15,
1,841,Overall,Overall,35,8,41,-1.0,-1.025224,0.42374,949,21,
1,842,Overall,Overall,35,12,41,-0.5,-0.285504,0.33953,986,17,
1,843,Overall,Overall,35,10,41,0.0,-0.265457,0.33913,987,17,
1,844,Overall,Overall,35,6,41,-1.5,-1.510016,0.496862,924,25,
1,845,Overall,Overall,35,15,41,0.5,0.367836,0.300284,1018,15,
1,846,Overall,Overall,35,15,41,0.5,0.597363,0.303937,1030,15,
1,847,Overall,Overall,35,13,41,0.0,-0.208611,0.332001,990,17,
1,848,Overall,Overall,35,12,41,-0.5,-0.023105,0.319658,999,16,
1,849,Overall,Overall,35,11,41,-0.5,-0.740838,0.388579,963,19,
1,850,Overall,Overall,35,21,41,1.5,1.057514,0.297917,1053,15,
1,851,Overall,Overall,35,3,41,-2.0,-2.967591,0.80569,852,40,
1,852,Overall,Overall,35,1,41,-2.0,-4.657967,1.461022,767,73,
1,853,Overall,Overall,35,26,41,2.0,2.049146,0.330129,1102,17,
1,854,Overall,Overall,35,22,41,0.5,0.904184,0.295929,1045,15,
1,855,Overall,Overall,35,27,41,2.0,2.25845,0.339598,1113,17,
1,856,Overall,Overall,35,17,41,1.0,0.731966,0.300549,1037,15,
1,857,Overall,Overall,35,15,41,0.0,0.402736,0.301477,1020,15,
1,858,Overall,Overall,35,26,41,2.0,1.681264,0.31371,1084,16,
1,859,Overall,Overall,35,25,41,1.5,1.645177,0.313309,1082,16,
1,860,Overall,Overall,35,28,41,2.0,2.487568,0.348769,1124,17,
1,861,Overall,Overall,35,29,41,2.0,2.013072,0.328799,1101,16,
1,862,Overall,Overall,35,25,41,2.0,2.063112,0.33338,1103,17,
1,863,Overall,Overall,35,30,41,2.0,2.255098,0.340164,1113,17,
1,864,Overall,Overall,35,3,41,-2.0,-2.796448,0.76548,860,38,
1,865,Overall,Overall,35,22,41,1.5,1.04846,0.296633,1052,15,
1,866,Overall,Overall,35,11,41,-0.5,-0.480015,0.359501,976,18,
1,867,Overall,Overall,35,6,41,-1.5,-1.842528,0.555016,908,28,
1,868,Overall,Overall,35,16,41,0.5,0.415491,0.306255,1021,15,
1,869,Overall,Overall,35,7,41,-1.5,-1.427238,0.483723,929,24,
1,870,Overall,Overall,35,26,41,1.5,1.5254,0.305727,1076,15,
1,871,Overall,Overall,35,5,41,-2.0,-2.53821,0.715736,873,36,
1,872,Overall,Overall,35,14,41,0.5,0.249601,0.304766,1012,15,
1,873,Overall,Overall,35,7,41,-1.5,-1.903925,0.571287,905,29,
1,874,Overall,Overall,35,15,41,-0.5,0.071591,0.315719,1004,16,
1,875,Overall,Overall,35,19,41,2.0,1.119454,0.299542,1056,15,
1,876,Overall,Overall,35,19,41,1.0,0.824667,0.296361,1041,15,
1,877,Overall,Overall,35,8,41,-0.5,-0.769169,0.397433,962,20,
1,878,Overall,Overall,35,20,41,0.5,0.912472,0.295726,1046,15,
1,879,Overall,Overall,35,27,41,1.5,1.853993,0.325943,1093,16,
1,880,Overall,Overall,35,23,41,1.5,1.372948,0.304129,1069,15,
1,881,Overall,Overall,35,28,41,1.5,1.840815,0.322139,1092,16,
1,882,Overall,Overall,35,5,41,-1.5,-1.984932,0.582098,901,29,
1,883,Overall,Overall,35,29,41,1.5,2.022011,0.333838,1101,17,
1,884,Overall,Overall,35,22,41,1.0,1.277481,0.302734,1064,15,
1,885,Overall,Overall,35,10,41,0.0,-0.800897,0.394187,960,20,
1,886,Overall,Overall,35,23,41,1.0,1.472292,0.309388,1074,15,
1,887,Overall,Overall,35,17,41,0.0,0.37138,0.302985,1019,15,
1,888,Overall,Overall,35,5,41,-2.0,-1.929523,0.570692,904,29,
1,889,Overall,Overall,35,13,41,0.5,0.116587,0.311784,1006,16,
1,890,Overall,Overall,35,18,41,0.5,0.537491,0.296486,1027,15,
1,891,Overall,Overall,35,21,41,1.0,0.982262,0.297025,1049,15,
1,892,Overall,Overall,35,18,41,0.5,0.546623,0.297454,1027,15,
1,893,Overall,Overall,35,10,41,-0.5,-0.543941,0.364555,973,18,
1,894,Overall,Overall,35,5,41,-2.0,-2.058569,0.596792,897,30,
1,895,Overall,Overall,35,13,41,-0.5,-0.02344,0.318552,999,16,
1,896,Overall,Overall,35,21,41,0.5,0.708347,0.296927,1035,15,
1,897,Overall,Overall,35,6,41,-2.0,-2.060311,0.598488,897,30,
1,898,Overall,Overall,35,8,41,-1.0,-0.912785,0.410087,954,21,
1,899,Overall,Overall,35,12,41,0.0,-0.215374,0.333762,989,17,
1,900,Overall,Overall,35,5,41,-2.0,-1.792257,0.555967,910,28,
2,1,Overall,Overall,35,21,41,1.5,1.156188,0.298085,1058,15,
2,2,Overall,Overall,35,22,41,1.5,1.362084,0.301039,1068,15,
2,3,Overall,Overall,35,28,41,2.0,1.813624,0.321909,1091,16,
2,4,Overall,Overall,35,19,41,1.0,1.131095,0.299829,1057,15,
2,5,Overall,Overall,35,7,41,-2.0,-1.586757,0.509822,921,25,
2,6,Overall,Overall,35,8,41,-1.5,-1.138504,0.440527,943,22,
2,7,Overall,Overall,35,7,41,-1.5,-1.638761,0.521382,918,26,
2,8,Overall,Overall,35,7,41,-1.5,-1.20477,0.451423,940,23,
2,9,Overall,Overall,35,25,41,2.0,1.912236,0.325468,1096,16,
2,10,Overall,Overall,35,26,41,1.5,2.019251,0.328774,1101,16,
2,11,Overall,Overall,35,8,41,-1.5,-1.432178,0.486267,928,24,
2,12,Overall,Overall,35,19,41,0.5,0.332144,0.304561,1017,15,
2,13,Overall,Overall,35,25,41,2.0,2.032562,0.333991,1102,17,
2,14,Overall,Overall,35,22,41,1.0,1.336197,0.301958,1067,15,
2,15,Overall,Overall,35,15,41,0.5,0.314487,0.30201,1016,15,
2,16,Overall,Overall,35,5,41,-2.0,-2.389366,0.667388,881,33,
2,17,Overall,Overall,35,21,41,1.0,1.053603,0.297657,1053,15,
2,18,Overall,Overall,35,6,41,-1.5,-1.874577,0.567899,906,28,
2,19,Overall,Overall,35,19,41,1.0,0.941131,0.297568,1047,15,
2,20,Overall,Overall,35,11,41,-0.5,-0.385169,0.351207,981,18,
2,21,Overall,Overall,35,6,41,-1.5,-1.847465,0.555926,908,28,
2,22,Overall,Overall,35,11,41,0.0,-0.371649,0.349942,981,17,
2,23,Overall,Overall,35,28,41,1.5,1.823354,0.32139,1091,16,
2,24,Overall,Overall,35,6,41,-1.5,-1.468005,0.492571,927,25,
2,25,Overall,Overall,35,7,41,-1.0,-1.274361,0.460585,936,23,
2,26,Overall,Overall,35,6,41,-2.0,-1.758574,0.542148,912,27,
2,27,Overall,Overall,35,28,41,2.0,1.819535,0.32144,1091,16,
2,28,Overall,Overall,35,9,41,-1.0,-0.775061,0.393478,961,20,
2,29,Overall,Overall,35,20,41,1.0,0.895558,0.296056,1045,15,
2,30,Overall,Overall,35,11,41,0.0,-0.437464,0.355613,978,18,
2,31,Overall,Overall,35,15,41,0.0,0.211925,0.305974,1011,15,
2,32,Overall,Overall,35,28,41,2.0,2.088207,0.332757,1104,17,
2,33,Overall,Overall,35,28,41,2.0,2.246489,0.339012,1112,17,
2,34,Overall,Overall,35,9,41,-2.0,-1.602248,0.516072,920,26,
2,35,Overall,Overall,35,7,41,-1.5,-1.48432,0.493983,926,25,
2,36,Overall,Overall,35,4,41,-2.0,-2.833052,0.774767,858,39,
2,37,Overall,Overall,35,10,41,0.0,-0.469145,0.358196,977,18,
2,38,Overall,Overall,35,17,41,0.0,0.378308,0.303381,1019,15,
2,39,Overall,Overall,35,22,41,0.5,1.009649,0.299925,1050,15,
2,40,Overall,Overall,35,30,41,2.0,2.6263,0.36528,1131,18,
2,41,Overall,Overall,35,6,41,-1.5,-1.662756,0.523137,917,26,
2,42,Overall,Overall,35,6,41,-1.5,-1.601203,0.518155,920,26,
2,43,Overall,Overall,35,7,41,-2.0,-1.345828,0.470817,933,24,
2,44,Overall,Overall,35,3,41,-2.0,-2.874043,0.785902,856,39,
2,45,Overall,Overall,35,27,41,2.0,1.814819,0.322277,1091,16,
2,46,Overall,Overall,35,25,41,1.0,1.074117,0.299809,1054,15,
2,47,Overall,Overall,35,20,41,0.5,1.111401,0.297593,1056,15,
2,48,Overall,Overall,35,9,41,-0.5,-0.960599,0.426534,952,21,
2,49,Overall,Overall,35,13,41,0.5,-0.046612,0.320625,998,16,
2,50,Overall,Overall,35,20,41,1.5,1.220688,0.306282,1061,15,
2,51,Overall,Overall,35,13,41,0.0,0.010397,0.316409,1001,16,
2,52,Overall,Overall,35,5,41,-2.0,-2.223606,0.636072,889,32,
2,53,Overall,Overall,35,25,41,2.0,1.876772,0.324706,1094,16,
2,54,Overall,Overall,35,25,41,2.0,2.155013,0.335544,1108,17,
2,55,Overall,Overall,35,8,41,-0.5,-0.809465,0.399521,960,20,
2,56,Overall,Overall,35,11,41,-0.5,-0.594953,0.370743,970,19,
2,57,Overall,Overall,35,19,41,1.0,0.652172,0.295851,1033,15,
2,58,Overall,Overall,35,14,41,0.0,0.039655,0.316893,1002,16,
2,59,Overall,Overall,35,18,41,0.5,0.184463,0.312991,1009,16,
2,60,Overall,Overall,35,19,41,1.0,0.74989,0.294292,1037,15,
2,61,Overall,Overall,35,8,41,-1.0,-1.34738,0.471062,933,24,
2,62,Overall,Overall,35,9,41,-1.5,-0.921015,0.409898,954,20,
2,63,Overall,Overall,35,17,41,1.0,0.618845,0.299371,1031,15,
2,64,Overall,Overall,35,25,41,1.5,1.491448,0.304675,1075,15,
2,65,Overall,Overall,35,13,41,-0.5,0.098172,0.312219,1005,16,
2,66,Overall,Overall,35,15,41,0.5,0.296114,0.302677,1015,15,
2,67,Overall,Overall,35,14,41,0.5,-0.035716,0.320199,998,16,
2,68,Overall,Overall,35,20,41,1.0,1.106274,0.297888,1055,15,
2,69,Overall,Overall,35,26,41,2.0,1.475872,0.307213,1074,15,
2,70,Overall,Overall,35,24,41,1.0,1.090149,0.30015,1055,15,
2,71,Overall,Overall,35,25,41,1.5,1.997312,0.32925,1100,16,
2,72,Overall,Overall,35,7,41,-1.5,-1.399381,0.479016,930,24,
2,73,Overall,Overall,35,9,41,-0.5,-1.037613,0.434894,948,22,
2,74,Overall,Overall,35,6,41,-2.0,-1.915516,0.570895,904,29,
2,75,Overall,Overall,35,19,41,0.5,0.746686,0.294685,1037,15,
2,76,Overall,Overall,35,9,41,-1.5,-1.115143,0.436442,944,22,
2,77,Overall,Overall,35,24,41,1.5,1.204363,0.304358,1060,15,
2,78,Overall,Overall,35,17,41,1.0,0.60233,0.3001,1030,15,
2,79,Overall,Overall,35,7,41,-1.5,-1.428748,0.48381,929,24,
2,80,Overall,Overall,35,6,41,-1.5,-2.028065,0.591544,899,30,
2,81,Overall,Overall,35,20,41,1.0,1.206354,0.305665,1060,15,
2,82,Overall,Overall,35,15,41,0.0,0.26077,0.304226,1013,15,
2,83,Overall,Overall,35,19,41,1.5,0.791089,0.29644,1040,15,
2,84,Overall,Overall,35,8,41,-0.5,-1.172602,0.444742,941,22,
2,85,Overall,Overall,35,29,41,1.5,2.418754,0.348769,1121,17,
2,86,Overall,Overall,35,27,41,2.0,1.78308,0.318518,1089,16,
2,87,Overall,Overall,35,12,41,0.0,-0.069836,0.32307,997,16,
2,88,Overall,Overall,35,6,41,-1.0,-1.667691,0.524018,917,26,
2,89,Overall,Overall,35,12,41,0.0,-0.003416,0.31834,1000,16,
2,90,Overall,Overall,35,23,41,1.5,1.352547,0.302163,1068,15,
2,91,Overall,Overall,35,13,41,-0.5,-0.321352,0.344032,984,17,
2,92,Overall,Overall,35,26,41,2.0,2.051227,0.330419,1103,17,
2,93,Overall,Overall,35,7,41,-1.5,-1.407875,0.484432,930,24,
2,94,Overall,Overall,35,6,41,-2.0,-1.630659,0.518999,918,26,
2,95,Overall,Overall,35,7,41,-1.0,-1.375759,0.476106,931,24,
2,96,Overall,Overall,35,11,41,-1.0,-0.422574,0.353507,979,18,
2,97,Overall,Overall,35,19,41,0.5,0.837072,0.296997,1042,15,
2,98,Overall,Overall,35,22,41,1.5,1.307351,0.302995,1065,15,
2,99,Overall,Overall,35,22,41,1.0,1.117932,0.297571,1056,15,
2,100,Overall,Overall,35,6,41,-2.0,-1.756125,0.539785,912,27,
2,101,Overall,Overall,35,12,41,-0.5,-0.123285,0.326806,994,16,
2,102,Overall,Overall,35,20,41,0.5,0.800176,0.295371,1040,15,
2,103,Overall,Overall,35,22,41,1.5,1.144178,0.297737,1057,15,
2,104,Overall,Overall,35,10,41,-1.0,-0.750688,0.389175,962,19,
2,105,Overall,Overall,35,14,41,-0.5,0.226978,0.306075,1011,15,
2,106,Overall,Overall,35,5,41,-1.5,-2.172142,0.620916,891,31,
2,107,Overall,Overall,35,24,41,1.5,1.294031,0.300475,1065,15,
2,108,Overall,Overall,35,6,41,-1.5,-2.040844,0.593443,898,30,
2,109,Overall,Overall,35,17,41,0.5,0.617389,0.295308,1031,15,
2,110,Overall,Overall,35,8,41,-1.0,-1.255144,0.458871,937,23,
2,111,Overall,Overall,35,10,41,-1.5,-0.852291,0.402722,957,20,
2,112,Overall,Overall,35,31,41,2.0,2.360294,0.348352,1118,17,
2,113,Overall,Overall,35,18,41,0.5,0.615059,0.296181,1031,15,
2,114,Overall,Overall,35,6,41,-1.0,-0.843531,0.411594,958,21,
2,115,Overall,Overall,35,8,41,-2.0,-1.608856,0.517606,920,26,
2,116,Overall,Overall,35,11,41,0.0,-0.314884,0.343306,984,17,
2,117,Overall,Overall,35,18,41,1.0,0.703141,0.298304,1035,15,
2,118,Overall,Overall,35,7,41,-1.5,-1.289549,0.463277,936,23,
2,119,Overall,Overall,35,24,41,1.0,1.286998,0.300504,1064,15,
2,120,Overall,Overall,35,14,41,0.0,0.082616,0.312761,1004,16,
2,121,Overall,Overall,35,6,41,-2.0,-2.027676,0.593057,899,30,
2,122,Overall,Overall,35,8,41,-1.0,-1.272504,0.461356,936,23,
2,123,Overall,Overall,35,20,41,0.5,0.873622,0.296072,1044,15,
2,124,Overall,Overall,35,7,41,-2.0,-1.543734,0.502593,923,25,
2,125,Overall,Overall,35,27,41,1.0,1.378403,0.314925,1069,16,
2,126,Overall,Overall,35,25,41,2.0,1.321652,0.302248,1066,15,
2,127,Overall,Overall,35,14,41,0.0,0.306308,0.311135,1015,16,
2,128,Overall,Overall,35,5,41,-1.5,-2.171351,0.620696,891,31,
2,129,Overall,Overall,35,3,41,-2.0,-2.806874,0.767931,860,38,
2,130,Overall,Overall,35,8,41,0.0,-0.516775,0.365542,974,18,
2,131,Overall,Overall,35,5,41,-2.0,-1.730809,0.535305,913,27,
2,132,Overall,Overall,35,20,41,1.0,0.996396,0.29779,1050,15,
2,133,Overall,Overall,35,11,41,-0.5,-0.48109,0.361478,976,18,
2,134,Overall,Overall,35,4,41,-2.0,-2.25506,0.641841,887,32,
2,135,Overall,Overall,35,11,41,-1.0,-0.395846,0.350111,980,18,
2,136,Overall,Overall,35,10,41,-1.0,-0.633369,0.375733,968,19,
2,137,Overall,Overall,35,16,41,0.5,0.381895,0.300255,1019,15,
2,138,Overall,Overall,35,11,41,0.0,-0.336915,0.346551,983,17,
2,139,Overall,Overall,35,5,41,-2.0,-2.454811,0.679665,877,34,
2,140,Overall,Overall,35,5,41,-1.5,-1.48941,0.503015,926,25,
2,141,Overall,Overall,35,5,41,-2.0,-2.118543,0.609116,894,30,
2,142,Overall,Overall,35,20,41,1.0,0.774786,0.298448,1039,15,
2,143,Overall,Overall,35,12,41,0.5,-0.160651,0.329524,992,16,
2,144,Overall,Overall,35,4,41,-1.5,-2.46101,0.683842,877,34,
2,145,Overall,Overall,35,6,41,-1.5,-1.803223,0.55065,910,28,
2,146,Overall,Overall,35,2,41,-2.0,-3.05038,0.850007,847,43,
2,147,Overall,Overall,35,8,41,-1.5,-0.976919,0.419189,951,21,
2,148,Overall,Overall,35,8,41,-1.5,-1.267749,0.460396,937,23,
2,149,Overall,Overall,35,10,41,-0.5,-0.619465,0.375951,969,19,
2,150,Overall,Overall,35,20,41,0.5,1.090358,0.300025,1055,15,
2,151,Overall,Overall,35,15,41,0.0,0.16708,0.3084,1008,15,
2,152,Overall,Overall,35,24,41,1.5,1.860946,0.324925,1093,16,
2,153,Overall,Overall,35,28,41,2.0,2.405636,0.34872,1120,17,
2,154,Overall,Overall,35,4,41,-1.5,-2.558793,0.703732,872,35,
2,155,Overall,Overall,35,18,41,1.0,0.928583,0.298357,1046,15,
2,156,Overall,Overall,35,26,41,2.0,2.035814,0.329322,1102,16,
2,157,Overall,Overall,35,5,41,-1.5,-1.716213,0.540876,914,27,
2,158,Overall,Overall,35,27,41,1.5,1.664644,0.312373,1083,16,
2,159,Overall,Overall,35,28,41,2.0,1.914881,0.332208,1096,17,
2,160,Overall,Overall,35,7,41,-1.0,-0.558486,0.371612,972,19,
2,161,Overall,Overall,35,25,41,1.5,1.889862,0.325118,1094,16,
2,162,Overall,Overall,35,7,41,-1.0,-1.631349,0.517576,918,26,
2,163,Overall,Overall,35,9,41,-1.0,-1.052966,0.427869,947,21,
2,164,Overall,Overall,35,23,41,1.0,1.108842,0.301038,1055,15,
2,165,Overall,Overall,35,10,41,0.5,-0.265293,0.339515,987,17,
2,166,Overall,Overall,35,9,41,-0.5,-1.087246,0.43275,946,22,
2,167,Overall,Overall,35,22,41,1.0,1.139706,0.29807,1057,15,
2,168,Overall,Overall,35,26,41,1.5,1.945876,0.326266,1097,16,
2,169,Overall,Overall,35,8,41,-1.0,-1.099978,0.434323,945,22,
2,170,Overall,Overall,35,10,41,-0.5,-0.659342,0.377635,967,19,
2,171,Overall,Overall,35,6,41,-1.5,-1.730668,0.54265,913,27,
2,172,Overall,Overall,35,13,41,0.0,0.168861,0.309349,1008,15,
2,173,Overall,Overall,35,10,41,0.0,-0.918589,0.409204,954,20,
2,174,Overall,Overall,35,20,41,0.5,0.541635,0.300564,1027,15,
2,175,Overall,Overall,35,21,41,1.0,1.009435,0.298468,1050,15,
2,176,Overall,Overall,35,19,41,1.0,0.85442,0.296299,1043,15,
2,177,Overall,Overall,35,10,41,-0.5,-0.735665,0.38781,963,19,
2,178,Overall,Overall,35,6,41,-2.0,-1.737718,0.539572,913,27,
2,179,Overall,Overall,35,28,41,1.5,1.826625,0.322184,1091,16,
2,180,Overall,Overall,35,11,41,-1.0,-0.718176,0.385906,964,19,
2,181,Overall,Overall,35,26,41,1.5,1.5353,0.306345,1077,15,
2,182,Overall,Overall,35,27,41,2.0,1.941987,0.330313,1097,17,
2,183,Overall,Overall,35,24,41,1.5,0.998434,0.29831,1050,15,
2,184,Overall,Overall,35,8,41,-0.5,-1.118413,0.436874,944,22,
2,185,Overall,Overall,35,16,41,-0.5,0.240645,0.304621,1012,15,
2,186,Overall,Overall,35,21,41,0.5,0.870378,0.294962,1044,15,
2,187,Overall,Overall,35,18,41,0.5,1.036326,0.297631,1052,15,
2,188,Overall,Overall,35,26,41,1.5,1.545137,0.307341,1077,15,
2,189,Overall,Overall,35,14,41,0.5,0.152879,0.310522,1008,16,
2,190,Overall,Overall,35,7,41,-1.5,-1.424312,0.4883,929,24,
2,191,Overall,Overall,35,22,41,1.0,1.236336,0.298588,1062,15,
2,192,Overall,Overall,35,9,41,-1.0,-0.891294,0.408426,955,20,
2,193,Overall,Overall,35,6,41,-2.0,-1.735868,0.536112,913,27,
2,194,Overall,Overall,35,9,41,0.0,-0.594576,0.371458,970,19,
2,195,Overall,Overall,35,8,41,-1.5,-0.565036,0.372323,972,19,
2,196,Overall,Overall,35,18,41,0.5,0.565741,0.295519,1028,15,
2,197,Overall,Overall,35,16,41,0.5,0.506673,0.29721,1025,15,
2,198,Overall,Overall,35,21,41,1.5,1.20953,0.298268,1060,15,
2,199,Overall,Overall,35,28,41,2.0,2.396739,0.348337,1120,17,
2,200,Overall,Overall,35,14,41,0.0,0.074772,0.315317,1004,16,
2,201,Overall,Overall,35,5,41,-2.0,-2.19824,0.62582,890,31,
2,202,Overall,Overall,35,9,41,-0.5,-0.777089,0.39384,961,20,
2,203,Overall,Overall,35,24,41,1.5,1.460462,0.306236,1073,15,
2,204,Overall,Overall,35,9,41,0.0,-0.694808,0.385107,965,19,
2,205,Overall,Overall,35,5,41,-2.0,-2.254051,0.63702,887,32,
2,206,Overall,Overall,35,24,41,1.0,1.454888,0.30355,1073,15,
2,207,Overall,Overall,35,7,41,-1.0,-1.166165,0.445437,942,22,
2,208,Overall,Overall,35,7,41,-1.0,-1.132765,0.440961,943,22,
2,209,Overall,Overall,35,9,41,-0.5,-0.4526,0.356564,977,18,
2,210,Overall,Overall,35,17,41,1.0,0.846111,0.303214,1042,15,
2,211,Overall,Overall,35,5,41,-1.5,-1.468869,0.501972,927,25,
2,212,Overall,Overall,35,25,41,2.0,2.089332,0.332716,1104,17,
2,213,Overall,Overall,35,13,41,0.0,0.365439,0.311815,1018,16,
2,214,Overall,Overall,35,11,41,-1.0,-0.7423,0.387162,963,19,
2,215,Overall,Overall,35,15,41,0.5,0.187399,0.30929,1009,15,
2,216,Overall,Overall,35,6,41,-2.0,-1.922934,0.571606,904,29,
2,217,Overall,Overall,35,26,41,1.5,2.14776,0.334927,1107,17,
2,218,Overall,Overall,35,10,41,-1.0,-0.930711,0.411906,953,21,
2,219,Overall,Overall,35,7,41,-2.0,-1.804404,0.550223,910,28,
2,220,Overall,Overall,35,6,41,-1.0,-1.352279,0.473502,932,24,
2,221,Overall,Overall,35,12,41,-0.5,-0.365421,0.350677,982,18,
2,222,Overall,Overall,35,10,41,-1.0,-0.786563,0.39806,961,20,
2,223,Overall,Overall,35,25,41,1.5,1.378492,0.303369,1069,15,
2,224,Overall,Overall,35,8,41,-1.0,-1.133933,0.441276,943,22,
2,225,Overall,Overall,35,11,41,0.5,-0.11719,0.325897,994,16,
2,226,Overall,Overall,35,8,41,-0.5,-0.933462,0.411615,953,21,
2,227,Overall,Overall,35,28,41,1.5,2.18658,0.336653,1109,17,
2,228,Overall,Overall,35,12,41,-0.5,-0.219074,0.335799,989,17,
2,229,Overall,Overall,35,8,41,-1.5,-1.392669,0.483606,930,24,
2,230,Overall,Overall,35,26,41,1.5,1.74316,0.317334,1087,16,
2,231,Overall,Overall,35,8,41,-0.5,-0.623994,0.376453,969,19,
2,232,Overall,Overall,35,13,41,0.0,0.216636,0.308187,1011,15,
2,233,Overall,Overall,35,6,41,-1.5,-1.952774,0.57691,902,29,
2,234,Overall,Overall,35,19,41,1.0,0.840512,0.29649,1042,15,
2,235,Overall,Overall,35,11,41,0.0,-0.52238,0.363708,974,18,
2,236,Overall,Overall,35,22,41,1.5,1.778415,0.326864,1089,16,
2,237,Overall,Overall,35,24,41,1.5,2.059882,0.333732,1103,17,
2,238,Overall,Overall,35,10,41,-1.5,-0.604427,0.371234,970,19,
2,239,Overall,Overall,35,19,41,1.0,0.684585,0.294574,1034,15,
2,240,Overall,Overall,35,12,41,-0.5,-0.11889,0.325717,994,16,
2,241,Overall,Overall,35,13,41,-0.5,-0.277988,0.339293,986,17,
2,242,Overall,Overall,35,29,41,1.5,1.6266,0.326774,1081,16,
2,243,Overall,Overall,35,26,41,2.0,2.098484,0.332833,1105,17,
2,244,Overall,Overall,35,10,41,-0.5,-0.747254,0.387745,963,19,
2,245,Overall,Overall,35,19,41,1.0,0.724961,0.29515,1036,15,
2,246,Overall,Overall,35,6,41,-2.0,-2.159252,0.618747,892,31,
2,247,Overall,Overall,35,7,41,-2.0,-1.537064,0.503176,923,25,
2,248,Overall,Overall,35,30,41,2.0,1.997856,0.33205,1100,17,
2,249,Overall,Overall,35,14,41,0.5,0.098673,0.312413,1005,16,
2,250,Overall,Overall,35,24,41,1.0,1.589613,0.313276,1079,16,
2,251,Overall,Overall,35,12,41,0.0,-0.278909,0.339368,986,17,
2,252,Overall,Overall,35,23,41,1.0,1.135112,0.301115,1057,15,
2,253,Overall,Overall,35,8,41,-2.0,-1.266257,0.458824,937,23,
2,254,Overall,Overall,35,26,41,2.0,1.624468,0.309933,1081,15,
2,255,Overall,Overall,35,20,41,0.5,1.079937,0.297868,1054,15,
2,256,Overall,Overall,35,23,41,1.5,1.850152,0.327275,1093,16,
2,257,Overall,Overall,35,22,41,1.0,0.898595,0.297504,1045,15,
2,258,Overall,Overall,35,7,41,-1.5,-1.511344,0.499781,924,25,
2,259,Overall,Overall,35,10,41,-0.5,-0.776072,0.391174,961,20,
2,260,Overall,Overall,35,18,41,0.5,0.545373,0.295805,1027,15,
2,261,Overall,Overall,35,26,41,2.0,2.500373,0.360229,1125,18,
2,262,Overall,Overall,35,11,41,-0.5,-0.406011,0.349828,980,17,
2,263,Overall,Overall,35,9,41,-0.5,-0.946128,0.412893,953,21,
2,264,Overall,Overall,35,22,41,1.0,1.22376,0.300254,1061,15,
2,265,Overall,Overall,35,9,41,-0.5,-0.438089,0.358214,978,18,
2,266,Overall,Overall,35,23,41,1.0,1.350188,0.300502,1068,15,
2,267,Overall,Overall,35,5,41,-1.5,-2.014362,0.587914,899,29,
2,268,Overall,Overall,35,25,41,1.5,1.36608,0.308287,1068,15,
2,269,Overall,Overall,35,5,41,-1.5,-2.379436,0.662491,881,33,
2,270,Overall,Overall,35,16,41,0.5,0.492629,0.297085,1025,15,
2,271,Overall,Overall,35,13,41,0.5,0.075733,0.315239,1004,16,
2,272,Overall,Overall,35,24,41,1.5,1.028155,0.297684,1051,15,
2,273,Overall,Overall,35,6,41,-2.0,-1.894872,0.56477,905,28,
2,274,Overall,Overall,35,31,41,2.0,2.692876,0.375187,1135,19,
2,275,Overall,Overall,35,21,41,1.5,1.261806,0.299159,1063,15,
2,276,Overall,Overall,35,17,41,0.5,0.565642,0.300878,1028,15,
2,277,Overall,Overall,35,9,41,-0.5,-0.670073,0.378889,966,19,
2,278,Overall,Overall,35,11,41,-0.5,-0.440885,0.353971,978,18,
2,279,Overall,Overall,35,8,41,0.0,-0.365609,0.363486,982,18,
2,280,Overall,Overall,35,13,41,0.0,0.299232,0.302783,1015,15,
2,281,Overall,Overall,35,10,41,-0.5,-0.727733,0.388326,964,19,
2,282,Overall,Overall,35,7,41,-1.5,-0.849029,0.402398,958,20,
2,283,Overall,Overall,35,17,41,0.0,0.214324,0.30965,1011,15,
2,284,Overall,Overall,35,23,41,1.0,1.07246,0.297073,1054,15,
2,285,Overall,Overall,35,9,41,-0.5,-0.817311,0.399206,959,20,
2,286,Overall,Overall,35,14,41,-0.5,-0.023992,0.321204,999,16,
2,287,Overall,Overall,35,23,41,1.5,1.571896,0.310883,1079,16,
2,288,Overall,Overall,35,14,41,0.0,-0.166888,0.33141,992,17,
2,289,Overall,Overall,35,28,41,2.0,2.207859,0.337156,1110,17,
2,290,Overall,Overall,35,7,41,-0.5,-0.747426,0.395528,963,20,
2,291,Overall,Overall,35,18,41,1.0,0.65756,0.295828,1033,15,
2,292,Overall,Overall,35,9,41,-1.5,-0.719299,0.386506,964,19,
2,293,Overall,Overall,35,12,41,0.0,-0.179999,0.330483,991,17,
2,294,Overall,Overall,35,7,41,-1.5,-1.451429,0.487289,927,24,
2,295,Overall,Overall,35,26,41,2.0,1.535256,0.306407,1077,15,
2,296,Overall,Overall,35,15,41,0.0,0.341517,0.311521,1017,16,
2,297,Overall,Overall,35,13,41,0.0,-0.174399,0.333097,991,17,
2,298,Overall,Overall,35,5,41,-2.0,-2.29909,0.661028,885,33,
2,299,Overall,Overall,35,11,41,-1.5,-0.810065,0.39741,959,20,
2,300,Overall,Overall,35,16,41,0.5,0.131473,0.313333,1007,16,
2,301,Overall,Overall,35,20,41,1.0,0.717708,0.294838,1036,15,
2,302,Overall,Overall,35,28,41,1.5,1.444961,0.316958,1072,16,
2,303,Overall,Overall,35,9,41,-1.0,-0.961741,0.415902,952,21,
2,304,Overall,Overall,35,19,41,0.5,0.466301,0.298508,1023,15,
2,305,Overall,Overall,35,12,41,-0.5,-0.546447,0.365361,973,18,
2,306,Overall,Overall,35,8,41,-1.5,-0.906162,0.408472,955,20,
2,307,Overall,Overall,35,1,41,-2.0,-4.474082,1.351959,776,68,
2,308,Overall,Overall,35,27,41,2.0,1.86257,0.323179,1093,16,
2,309,Overall,Overall,35,27,41,2.0,2.045078,0.330748,1102,17,
2,310,Overall,Overall,35,8,41,-0.5,-0.784657,0.395162,961,20,
2,311,Overall,Overall,35,27,41,2.0,1.646878,0.311244,1082,16,
2,312,Overall,Overall,35,15,41,0.5,0.372672,0.301268,1019,15,
2,313,Overall,Overall,35,30,41,2.0,2.535926,0.359847,1127,18,
2,314,Overall,Overall,35,18,41,0.5,0.62068,0.295636,1031,15,
2,315,Overall,Overall,35,24,41,1.5,1.338723,0.302077,1067,15,
2,316,Overall,Overall,35,13,41,-0.5,-0.239503,0.335713,988,17,
2,317,Overall,Overall,35,7,41,-1.5,-1.704066,0.530411,915,27,
2,318,Overall,Overall,35,19,41,1.0,0.95404,0.296535,1048,15,
2,319,Overall,Overall,35,11,41,-1.0,-0.85067,0.402529,957,20,
2,320,Overall,Overall,35,2,41,-2.0,-4.128703,1.194923,794,60,
2,321,Overall,Overall,35,29,41,1.5,1.836539,0.336886,1092,17,
2,322,Overall,Overall,35,14,41,0.0,0.019594,0.323103,1001,16,
2,323,Overall,Overall,35,9,41,-0.5,-0.536133,0.364321,973,18,
2,324,Overall,Overall,35,11,41,-1.0,-0.48748,0.358817,976,18,
2,325,Overall,Overall,35,20,41,1.0,1.212988,0.305645,1061,15,
2,326,Overall,Overall,35,9,41,-0.5,-0.401281,0.352773,980,18,
2,327,Overall,Overall,35,25,41,2.0,1.549917,0.315595,1077,16,
2,328,Overall,Overall,35,17,41,0.5,0.731664,0.300409,1037,15,
2,329,Overall,Overall,35,10,41,-1.0,-0.380998,0.348143,981,17,
2,330,Overall,Overall,35,17,41,0.5,0.761746,0.30029,1038,15,
2,331,Overall,Overall,35,7,41,-1.5,-1.351715,0.471627,932,24,
2,332,Overall,Overall,35,18,41,1.0,0.62265,0.300307,1031,15,
2,333,Overall,Overall,35,28,41,1.5,1.785853,0.319136,1089,16,
2,334,Overall,Overall,35,30,41,2.0,2.057928,0.336174,1103,17,
2,335,Overall,Overall,35,12,41,-0.5,-0.273262,0.339591,986,17,
2,336,Overall,Overall,35,11,41,0.0,-0.298824,0.340288,985,17,
2,337,Overall,Overall,35,6,41,-1.5,-1.274473,0.462304,936,23,
2,338,Overall,Overall,35,9,41,-1.0,-1.136767,0.440496,943,22,
2,339,Overall,Overall,35,4,41,-2.0,-2.460069,0.689329,877,34,
2,340,Overall,Overall,35,12,41,0.0,-0.25229,0.337245,987,17,
2,341,Overall,Overall,35,28,41,2.0,2.430521,0.350434,1122,18,
2,342,Overall,Overall,35,3,41,-2.0,-3.557976,0.992472,822,50,
2,343,Overall,Overall,35,13,41,0.0,-0.176587,0.340268,991,17,
2,344,Overall,Overall,35,12,41,-0.5,-0.153484,0.327943,992,16,
2,345,Overall,Overall,35,6,41,-1.5,-1.366951,0.47491,932,24,
2,346,Overall,Overall,35,7,41,-1.5,-1.048024,0.427122,948,21,
2,347,Overall,Overall,35,11,41,-1.0,-0.742802,0.3888,963,19,
2,348,Overall,Overall,35,16,41,1.0,0.949777,0.302785,1047,15,
2,349,Overall,Overall,35,24,41,1.0,1.157128,0.298252,1058,15,
2,350,Overall,Overall,35,2,41,-2.0,-3.972587,1.113898,801,56,
2,351,Overall,Overall,35,19,41,0.5,0.738918,0.294664,1037,15,
2,352,Overall,Overall,35,11,41,-0.5,-0.450543,0.354995,977,18,
2,353,Overall,Overall,35,7,41,-0.5,-0.994613,0.424654,950,21,
2,354,Overall,Overall,35,7,41,-2.0,-1.540553,0.502747,923,25,
2,355,Overall,Overall,35,24,41,2.0,1.860833,0.323817,1093,16,
2,356,Overall,Overall,35,13,41,0.0,-0.150916,0.32985,992,16,
2,357,Overall,Overall,35,23,41,1.5,1.882299,0.328238,1094,16,
2,358,Overall,Overall,35,22,41,1.0,0.982597,0.297009,1049,15,
2,359,Overall,Overall,35,10,41,0.0,-0.57758,0.371393,971,19,
2,360,Overall,Overall,35,17,41,1.0,0.759463,0.299972,1038,15,
2,361,Overall,Overall,35,13,41,0.5,-0.333699,0.347924,983,17,
2,362,Overall,Overall,35,7,41,-1.5,-1.504882,0.500527,925,25,
2,363,Overall,Overall,35,5,41,-2.0,-2.328017,0.654978,884,33,
2,364,Overall,Overall,35,20,41,1.5,1.094134,0.297554,1055,15,
2,365,Overall,Overall,35,29,41,2.0,2.212031,0.337864,1111,17,
2,366,Overall,Overall,35,17,41,0.5,0.574095,0.30122,1029,15,
2,367,Overall,Overall,35,28,41,2.0,2.346179,0.344898,1117,17,
2,368,Overall,Overall,35,10,41,0.0,-0.508606,0.364222,975,18,
2,369,Overall,Overall,35,7,41,-1.0,-1.76025,0.54428,912,27,
2,370,Overall,Overall,35,3,41,-2.0,-2.689571,0.738164,866,37,
2,371,Overall,Overall,35,20,41,0.5,0.479724,0.300712,1024,15,
2,372,Overall,Overall,35,12,41,-1.0,-0.209554,0.33478,990,17,
2,373,Overall,Overall,35,26,41,1.5,1.553258,0.306811,1078,15,
2,374,Overall,Overall,35,21,41,1.0,0.935723,0.295836,1047,15,
2,375,Overall,Overall,35,12,41,0.0,-0.147419,0.329813,993,16,
2,376,Overall,Overall,35,9,41,-1.0,-0.980537,0.418467,951,21,
2,377,Overall,Overall,35,13,41,0.0,0.120086,0.311383,1006,16,
2,378,Overall,Overall,35,22,41,1.0,0.947763,0.296168,1047,15,
2,379,Overall,Overall,35,19,41,1.0,0.800661,0.297112,1040,15,
2,380,Overall,Overall,35,27,41,1.5,1.664951,0.311877,1083,16,
2,381,Overall,Overall,35,7,41,-1.0,-1.327541,0.467952,934,23,
2,382,Overall,Overall,35,26,41,2.0,2.141101,0.335882,1107,17,
2,383,Overall,Overall,35,4,41,-2.0,-3.229943,0.889793,839,44,
2,384,Overall,Overall,35,19,41,1.0,0.946325,0.297619,1047,15,
2,385,Overall,Overall,35,5,41,-2.0,-1.997125,0.590572,900,30,
2,386,Overall,Overall,35,26,41,1.5,1.891511,0.326692,1095,16,
2,387,Overall,Overall,35,23,41,1.5,1.175402,0.301642,1059,15,
2,388,Overall,Overall,35,11,41,0.0,-0.141164,0.327456,993,16,
2,389,Overall,Overall,35,6,41,-2.0,-1.357103,0.475741,932,24,
2,390,Overall,Overall,35,6,41,-1.0,-1.608744,0.51408,920,26,
2,391,Overall,Overall,35,23,41,1.5,1.760674,0.332674,1088,17,
2,392,Overall,Overall,35,26,41,1.5,1.758994,0.317298,1088,16,
2,393,Overall,Overall,35,5,41,-1.5,-1.652944,0.533063,917,27,
2,394,Overall,Overall,35,26,41,1.0,1.45006,0.305266,1073,15,
2,395,Overall,Overall,35,27,41,2.0,2.145524,0.335213,1107,17,
2,396,Overall,Overall,35,23,41,0.5,0.870629,0.29509,1044,15,
2,397,Overall,Overall,35,29,41,1.5,1.672934,0.31337,1084,16,
2,398,Overall,Overall,35,8,41,-0.5,-0.965467,0.415822,952,21,
2,399,Overall,Overall,35,14,41,0.0,-0.030988,0.324521,998,16,
2,400,Overall,Overall,35,27,41,1.5,1.414734,0.314257,1071,16,
2,401,Overall,Overall,35,19,41,1.0,0.812695,0.296811,1041,15,
2,402,Overall,Overall,35,8,41,-1.5,-0.937239,0.4144,953,21,
2,403,Overall,Overall,35,3,41,-1.5,-3.527633,0.982555,824,49,
2,404,Overall,Overall,35,11,41,-1.0,-0.30647,0.342422,985,17,
2,405,Overall,Overall,35,25,41,1.5,1.48359,0.304469,1074,15,
2,406,Overall,Overall,35,28,41,1.0,1.72455,0.315273,1086,16,
2,407,Overall,Overall,35,23,41,1.5,1.572404,0.316191,1079,16,
2,408,Overall,Overall,35,15,41,0.0,0.246006,0.305959,1012,15,
2,409,Overall,Overall,35,20,41,1.0,0.78561,0.29529,1039,15,
2,410,Overall,Overall,35,31,41,2.0,2.013085,0.334368,1101,17,
2,411,Overall,Overall,35,29,41,1.5,1.803331,0.321008,1090,16,
2,412,Overall,Overall,35,6,41,-2.0,-1.62295,0.51863,919,26,
2,413,Overall,Overall,35,25,41,1.5,1.291779,0.307175,1065,15,
2,414,Overall,Overall,35,9,41,-1.5,-0.687823,0.381811,966,19,
2,415,Overall,Overall,35,26,41,1.5,2.01177,0.330117,1101,17,
2,416,Overall,Overall,35,6,41,-1.0,-2.072446,0.600242,896,30,
2,417,Overall,Overall,35,25,41,1.5,1.498489,0.304993,1075,15,
2,418,Overall,Overall,35,10,41,-1.0,-0.473001,0.358451,976,18,
2,419,Overall,Overall,35,17,41,0.5,0.568186,0.295487,1028,15,
2,420,Overall,Overall,35,8,41,-1.0,-1.067391,0.430715,947,22,
2,421,Overall,Overall,35,16,41,0.5,0.671092,0.301856,1034,15,
2,422,Overall,Overall,35,5,41,-2.0,-2.057145,0.596503,897,30,
2,423,Overall,Overall,35,21,41,0.5,0.675484,0.295975,1034,15,
2,424,Overall,Overall,35,26,41,2.0,1.990969,0.328297,1100,16,
2,425,Overall,Overall,35,3,41,-2.0,-2.792746,0.778242,860,39,
2,426,Overall,Overall,35,11,41,-0.5,-0.45121,0.35487,977,18,
2,427,Overall,Overall,35,6,41,-1.5,-1.719154,0.535055,914,27,
2,428,Overall,Overall,35,11,41,-1.0,-0.569835,0.36759,972,18,
2,429,Overall,Overall,35,4,41,-1.5,-2.584744,0.709624,871,35,
2,430,Overall,Overall,35,8,41,-1.0,-1.00257,0.420661,950,21,
2,431,Overall,Overall,35,17,41,1.0,0.814996,0.299489,1041,15,
2,432,Overall,Overall,35,23,41,1.5,1.112573,0.297296,1056,15,
2,433,Overall,Overall,35,4,41,-1.5,-2.162905,0.626537,892,31,
2,434,Overall,Overall,35,25,41,1.5,1.79153,0.323405,1090,16,
2,435,Overall,Overall,35,27,41,1.5,1.696388,0.313789,1085,16,
2,436,Overall,Overall,35,30,41,2.0,2.395551,0.350327,1120,18,
2,437,Overall,Overall,35,16,41,0.5,0.479725,0.297587,1024,15,
2,438,Overall,Overall,35,25,41,2.0,1.960739,0.328087,1098,16,
2,439,Overall,Overall,35,21,41,0.0,0.771325,0.295294,1039,15,
2,440,Overall,Overall,35,23,41,1.5,1.201298,0.300438,1060,15,
2,441,Overall,Overall,35,9,41,-1.0,-0.623173,0.373984,969,19,
2,442,Overall,Overall,35,26,41,2.0,1.743671,0.317987,1087,16,
2,443,Overall,Overall,35,13,41,-0.5,-0.196284,0.332854,990,17,
2,444,Overall,Overall,35,5,41,-1.0,-1.881231,0.567363,906,28,
2,445,Overall,Overall,35,25,41,1.5,2.431758,0.355618,1122,18,
2,446,Overall,Overall,35,19,41,0.0,0.889928,0.296417,1044,15,
2,447,Overall,Overall,35,6,41,-2.0,-1.73867,0.536708,913,27,
2,448,Overall,Overall,35,7,41,-1.5,-1.417696,0.484086,929,24,
2,449,Overall,Overall,35,9,41,-0.5,-1.088004,0.433043,946,22,
2,450,Overall,Overall,35,22,41,1.5,1.308954,0.300029,1065,15,
2,451,Overall,Overall,35,5,41,-1.0,-2.368226,0.659975,882,33,
2,452,Overall,Overall,35,23,41,2.0,1.819702,0.328343,1091,16,
2,453,Overall,Overall,35,6,41,-1.0,-1.645075,0.519996,918,26,
2,454,Overall,Overall,35,20,41,1.0,1.036673,0.297592,1052,15,
2,455,Overall,Overall,35,9,41,-0.5,-0.695688,0.383013,965,19,
2,456,Overall,Overall,35,4,41,-1.5,-2.564865,0.704542,872,35,
2,457,Overall,Overall,35,27,41,1.5,1.649961,0.312193,1082,16,
2,458,Overall,Overall,35,6,41,-2.0,-1.663851,0.523332,917,26,
2,459,Overall,Overall,35,12,41,-1.0,-0.688234,0.384294,966,19,
2,460,Overall,Overall,35,9,41,-0.5,-0.475891,0.358178,976,18,
2,461,Overall,Overall,35,8,41,-1.0,-1.079305,0.431528,946,22,
2,462,Overall,Overall,35,28,41,2.0,1.695828,0.330299,1085,17,
2,463,Overall,Overall,35,5,41,-1.5,-1.956574,0.578866,902,29,
2,464,Overall,Overall,35,9,41,-0.5,-0.686074,0.381597,966,19,
2,465,Overall,Overall,35,7,41,-1.5,-1.208708,0.450157,940,23,
2,466,Overall,Overall,35,29,41,2.0,1.950151,0.329736,1098,16,
2,467,Overall,Overall,35,20,41,0.5,0.792008,0.29512,1040,15,
2,468,Overall,Overall,35,6,41,-1.5,-1.863698,0.566409,907,28,
2,469,Overall,Overall,35,5,41,-1.5,-1.632686,0.52516,918,26,
2,470,Overall,Overall,35,19,41,0.5,0.670711,0.296692,1034,15,
2,471,Overall,Overall,35,26,41,1.5,1.515592,0.306162,1076,15,
2,472,Overall,Overall,35,17,41,1.0,0.414773,0.299388,1021,15,
2,473,Overall,Overall,35,6,41,-2.0,-1.618203,0.518571,919,26,
2,474,Overall,Overall,35,18,41,0.5,0.512271,0.296514,1026,15,
2,475,Overall,Overall,35,9,41,-1.0,-0.535654,0.366338,973,18,
2,476,Overall,Overall,35,16,41,0.5,0.070058,0.314808,1004,16,
2,477,Overall,Overall,35,22,41,0.5,1.392878,0.301656,1070,15,
2,478,Overall,Overall,35,13,41,0.0,0.013645,0.317889,1001,16,
2,479,Overall,Overall,35,14,41,0.0,0.291893,0.303139,1015,15,
2,480,Overall,Overall,35,4,41,-1.0,-2.276646,0.64274,886,32,
2,481,Overall,Overall,35,20,41,0.5,0.73692,0.294806,1037,15,
2,482,Overall,Overall,35,30,41,2.0,2.358077,0.346819,1118,17,
2,483,Overall,Overall,35,23,41,1.0,1.242228,0.299223,1062,15,
2,484,Overall,Overall,35,28,41,2.0,2.217422,0.337663,1111,17,
2,485,Overall,Overall,35,8,41,-1.0,-0.554941,0.367694,972,18,
2,486,Overall,Overall,35,26,41,1.5,1.625439,0.310179,1081,16,
2,487,Overall,Overall,35,6,41,-2.0,-2.292328,0.648881,885,32,
2,488,Overall,Overall,35,19,41,1.0,0.986389,0.302546,1049,15,
2,489,Overall,Overall,35,21,41,0.5,1.050152,0.296336,1053,15,
2,490,Overall,Overall,35,4,41,-2.0,-2.798497,0.765285,860,38,
2,491,Overall,Overall,35,10,41,-0.5,-0.740169,0.389017,963,19,
2,492,Overall,Overall,35,14,41,0.0,-0.010789,0.321943,999,16,
2,493,Overall,Overall,35,28,41,2.0,1.936277,0.330542,1097,17,
2,494,Overall,Overall,35,8,41,-1.5,-0.712835,0.387186,964,19,
2,495,Overall,Overall,35,15,41,0.0,0.164814,0.308708,1008,15,
2,496,Overall,Overall,35,29,41,2.0,2.561771,0.360693,1128,18,
2,497,Overall,Overall,35,10,41,-1.0,-0.628266,0.374064,969,19,
2,498,Overall,Overall,35,13,41,0.5,0.229917,0.305166,1011,15,
2,499,Overall,Overall,35,22,41,1.0,1.097208,0.297352,1055,15,
2,500,Overall,Overall,35,15,41,0.0,0.155581,0.311623,1008,16,
2,501,Overall,Overall,35,9,41,-0.5,-0.971075,0.417375,951,21,
2,502,Overall,Overall,35,12,41,-0.5,-0.013895,0.318638,999,16,
2,503,Overall,Overall,35,12,41,-0.5,-0.361551,0.346507,982,17,
2,504,Overall,Overall,35,7,41,-1.5,-1.332586,0.46874,933,23,
2,505,Overall,Overall,35,22,41,0.5,0.871538,0.296747,1044,15,
2,506,Overall,Overall,35,5,41,-2.0,-2.111497,0.608034,894,30,
2,507,Overall,Overall,35,9,41,-1.5,-0.745551,0.388274,963,19,
2,508,Overall,Overall,35,19,41,1.0,0.617463,0.295314,1031,15,
2,509,Overall,Overall,35,10,41,-1.0,-0.83596,0.399553,958,20,
2,510,Overall,Overall,35,23,41,1.0,1.320774,0.299984,1066,15,
2,511,Overall,Overall,35,17,41,1.0,0.619766,0.300036,1031,15,
2,512,Overall,Overall,35,16,41,0.5,0.282373,0.303085,1014,15,
2,513,Overall,Overall,35,7,41,-2.0,-1.460313,0.491014,927,25,
2,514,Overall,Overall,35,9,41,-1.0,-0.638848,0.376245,968,19,
2,515,Overall,Overall,35,14,41,0.0,0.137485,0.311463,1007,16,
2,516,Overall,Overall,35,21,41,1.0,0.934606,0.296295,1047,15,
2,517,Overall,Overall,35,27,41,2.0,1.633428,0.310569,1082,16,
2,518,Overall,Overall,35,23,41,1.5,1.066113,0.298633,1053,15,
2,519,Overall,Overall,35,24,41,2.0,1.853499,0.324771,1093,16,
2,520,Overall,Overall,35,4,41,-1.5,-1.963591,0.591719,902,30,
2,521,Overall,Overall,35,6,41,-1.5,-1.929899,0.573598,904,29,
2,522,Overall,Overall,35,21,41,1.0,1.067325,0.297681,1053,15,
2,523,Overall,Overall,35,20,41,1.0,0.757318,0.29661,1038,15,
2,524,Overall,Overall,35,10,41,0.0,-0.364288,0.347095,982,17,
2,525,Overall,Overall,35,15,41,1.0,0.212367,0.308076,1011,15,
2,526,Overall,Overall,35,31,41,2.0,2.366335,0.346983,1118,17,
2,527,Overall,Overall,35,6,41,-2.0,-2.079964,0.600314,896,30,
2,528,Overall,Overall,35,26,41,1.5,1.479722,0.312464,1074,16,
2,529,Overall,Overall,35,10,41,0.5,-0.231612,0.337023,988,17,
2,530,Overall,Overall,35,4,41,-1.5,-2.112705,0.622497,894,31,
2,531,Overall,Overall,35,12,41,0.0,-0.285619,0.33954,986,17,
2,532,Overall,Overall,35,9,41,-0.5,-0.58116,0.370348,971,19,
2,533,Overall,Overall,35,10,41,-0.5,-0.318158,0.344135,984,17,
2,534,Overall,Overall,35,18,41,0.0,0.447408,0.29849,1022,15,
2,535,Overall,Overall,35,14,41,0.0,0.195389,0.308363,1010,15,
2,536,Overall,Overall,35,10,41,-0.5,-0.598588,0.371784,970,19,
2,537,Overall,Overall,35,27,41,2.0,2.063071,0.330699,1103,17,
2,538,Overall,Overall,35,28,41,2.0,1.721073,0.315079,1086,16,
2,539,Overall,Overall,35,28,41,1.5,1.853538,0.333824,1093,17,
2,540,Overall,Overall,35,21,41,1.0,1.223352,0.301847,1061,15,
2,541,Overall,Overall,35,28,41,2.0,1.868089,0.32311,1093,16,
2,542,Overall,Overall,35,26,41,1.5,1.593882,0.317635,1080,16,
2,543,Overall,Overall,35,9,41,-1.5,-0.97096,0.416963,951,21,
2,544,Overall,Overall,35,26,41,1.5,1.956272,0.329007,1098,16,
2,545,Overall,Overall,35,29,41,2.0,2.009791,0.332582,1100,17,
2,546,Overall,Overall,35,3,41,-2.0,-3.190705,0.875971,840,44,
2,547,Overall,Overall,35,3,41,-2.0,-2.871797,0.779348,856,39,
2,548,Overall,Overall,35,12,41,0.5,-0.182672,0.329918,991,16,
2,549,Overall,Overall,35,6,41,-1.0,-0.798113,0.402559,960,20,
2,550,Overall,Overall,35,19,41,0.5,0.926682,0.30235,1046,15,
2,551,Overall,Overall,35,15,41,0.5,0.123429,0.311552,1006,16,
2,552,Overall,Overall,35,15,41,-0.5,-0.006728,0.324582,1000,16,
2,553,Overall,Overall,35,14,41,0.5,0.223741,0.305672,1011,15,
2,554,Overall,Overall,35,9,41,-1.0,-0.697865,0.382354,965,19,
2,555,Overall,Overall,35,11,41,-1.0,-0.222469,0.33487,989,17,
2,556,Overall,Overall,35,8,41,-1.5,-1.07735,0.433383,946,22,
2,557,Overall,Overall,35,24,41,1.5,1.794661,0.322336,1090,16,
2,558,Overall,Overall,35,5,41,-2.0,-2.175285,0.621076,891,31,
2,559,Overall,Overall,35,7,41,-1.0,-1.231016,0.453248,938,23,
2,560,Overall,Overall,35,18,41,1.0,0.354819,0.302516,1018,15,
2,561,Overall,Overall,35,18,41,0.5,0.977396,0.298453,1049,15,
2,562,Overall,Overall,35,6,41,-2.0,-1.706328,0.533503,915,27,
2,563,Overall,Overall,35,6,41,-2.0,-1.705927,0.533607,915,27,
2,564,Overall,Overall,35,25,41,1.0,1.545124,0.307632,1077,15,
2,565,Overall,Overall,35,23,41,2.0,1.413035,0.305932,1071,15,
2,566,Overall,Overall,35,16,41,0.0,0.428611,0.298889,1021,15,
2,567,Overall,Overall,35,13,41,0.0,-0.073088,0.321747,996,16,
2,568,Overall,Overall,35,24,41,1.0,1.179307,0.303015,1059,15,
2,569,Overall,Overall,35,12,41,-0.5,-0.230578,0.334972,988,17,
2,570,Overall,Overall,35,9,41,-1.0,-0.660968,0.378524,967,19,
2,571,Overall,Overall,35,5,41,-1.0,-2.165973,0.617378,892,31,
2,572,Overall,Overall,35,24,41,1.5,1.991673,0.328217,1100,16,
2,573,Overall,Overall,35,26,41,2.0,1.585124,0.309064,1079,15,
2,574,Overall,Overall,35,20,41,1.0,0.940218,0.29713,1047,15,
2,575,Overall,Overall,35,8,41,-0.5,-0.982641,0.419637,951,21,
2,576,Overall,Overall,35,8,41,-1.0,-1.280943,0.462675,936,23,
2,577,Overall,Overall,35,12,41,-0.5,-0.251869,0.336123,987,17,
2,578,Overall,Overall,35,7,41,-1.0,-1.490402,0.493986,925,25,
2,579,Overall,Overall,35,26,41,2.0,2.103661,0.334279,1105,17,
2,580,Overall,Overall,35,7,41,-1.5,-1.434151,0.485846,928,24,
2,581,Overall,Overall,35,19,41,0.5,0.772721,0.294399,1039,15,
2,582,Overall,Overall,35,5,41,-2.0,-2.133776,0.616296,893,31,
2,583,Overall,Overall,35,13,41,0.5,0.166018,0.310747,1008,16,
2,584,Overall,Overall,35,12,41,-1.0,-0.606188,0.373085,970,19,
2,585,Overall,Overall,35,16,41,0.0,0.332394,0.301477,1017,15,
2,586,Overall,Overall,35,7,41,-2.0,-1.277962,0.460367,936,23,
2,587,Overall,Overall,35,18,41,0.5,0.367087,0.301002,1018,15,
2,588,Overall,Overall,35,11,41,-0.5,-0.087556,0.324247,996,16,
2,589,Overall,Overall,35,6,41,-1.5,-1.997992,0.586954,900,29,
2,590,Overall,Overall,35,8,41,-1.0,-1.373553,0.476274,931,24,
2,591,Overall,Overall,35,25,41,2.0,1.675929,0.317089,1084,16,
2,592,Overall,Overall,35,31,41,2.0,1.999208,0.332231,1100,17,
2,593,Overall,Overall,35,17,41,0.5,0.436798,0.298713,1022,15,
2,594,Overall,Overall,35,8,41,-1.5,-1.258274,0.457294,937,23,
2,595,Overall,Overall,35,17,41,0.0,0.287986,0.303506,1014,15,
2,596,Overall,Overall,35,6,41,-1.0,-1.721898,0.53582,914,27,
2,597,Overall,Overall,35,5,41,-1.5,-1.887118,0.568666,906,28,
2,598,Overall,Overall,35,22,41,1.0,1.224881,0.300311,1061,15,
2,599,Overall,Overall,35,22,41,1.5,1.770747,0.326819,1089,16,
2,600,Overall,Overall,35,16,41,0.0,0.448222,0.298481,1022,15,
2,601,Overall,Overall,35,13,41,0.5,0.090884,0.312559,1005,16,
2,602,Overall,Overall,35,9,41,-0.5,-0.95303,0.415177,952,21,
2,603,Overall,Overall,35,5,41,-2.0,-1.917353,0.574646,904,29,
2,604,Overall,Overall,35,27,41,1.0,1.638351,0.310807,1082,16,
2,605,Overall,Overall,35,4,41,-2.0,-1.650477,0.530931,917,27,
2,606,Overall,Overall,35,11,41,-0.5,-0.348111,0.346297,983,17,
2,607,Overall,Overall,35,12,41,-0.5,-0.59883,0.371236,970,19,
2,608,Overall,Overall,35,10,41,-1.0,-0.502615,0.361807,975,18,
2,609,Overall,Overall,35,7,41,0.0,-0.984795,0.421158,951,21,
2,610,Overall,Overall,35,11,41,-1.0,-0.469177,0.357172,977,18,
2,611,Overall,Overall,35,25,41,1.5,1.44077,0.303015,1072,15,
2,612,Overall,Overall,35,6,41,-2.0,-1.727489,0.534382,914,27,
2,613,Overall,Overall,35,3,41,-2.0,-2.949526,0.800791,853,40,
2,614,Overall,Overall,35,25,41,1.5,1.516479,0.306442,1076,15,
2,615,Overall,Overall,35,14,41,0.5,0.047691,0.315201,1002,16,
2,616,Overall,Overall,35,22,41,1.5,1.817838,0.3275,1091,16,
2,617,Overall,Overall,35,7,41,-0.5,-0.555556,0.37481,972,19,
2,618,Overall,Overall,35,2,41,-2.0,-3.843058,1.092779,808,55,
2,619,Overall,Overall,35,14,41,0.5,0.308033,0.31056,1015,16,
2,620,Overall,Overall,35,25,41,2.0,1.660572,0.316387,1083,16,
2,621,Overall,Overall,35,7,41,-2.0,-1.240887,0.456589,938,23,
2,622,Overall,Overall,35,14,41,0.0,0.387334,0.299712,1019,15,
2,623,Overall,Overall,35,8,41,-1.5,-1.444886,0.491297,928,25,
2,624,Overall,Overall,35,11,41,0.0,-0.107877,0.325176,995,16,
2,625,Overall,Overall,35,17,41,0.5,0.597701,0.2967,1030,15,
2,626,Overall,Overall,35,2,41,-2.0,-4.267596,1.257424,787,63,
2,627,Overall,Overall,35,31,41,2.0,2.696128,0.371759,1135,19,
2,628,Overall,Overall,35,24,41,2.0,1.43948,0.304238,1072,15,
2,629,Overall,Overall,35,6,41,-1.0,-1.995642,0.585111,900,29,
2,630,Overall,Overall,35,9,41,0.0,-0.658857,0.378599,967,19,
2,631,Overall,Overall,35,7,41,-1.5,-1.14825,0.442149,943,22,
2,632,Overall,Overall,35,26,41,2.0,1.549938,0.307218,1077,15,
2,633,Overall,Overall,35,23,41,0.5,1.069813,0.297043,1053,15,
2,634,Overall,Overall,35,19,41,0.5,0.486378,0.300351,1024,15,
2,635,Overall,Overall,35,9,41,-1.0,-0.828054,0.400219,959,20,
2,636,Overall,Overall,35,20,41,0.5,0.897978,0.295968,1045,15,
2,637,Overall,Overall,35,13,41,-0.5,0.128705,0.310981,1006,16,
2,638,Overall,Overall,35,10,41,0.0,-0.189386,0.331877,991,17,
2,639,Overall,Overall,35,13,41,-0.5,-0.233215,0.33677,988,17,
2,640,Overall,Overall,35,4,41,-2.0,-2.459919,0.680436,877,34,
2,641,Overall,Overall,35,4,41,-2.0,-2.238366,0.633222,888,32,
2,642,Overall,Overall,35,22,41,1.0,1.08784,0.303631,1054,15,
2,643,Overall,Overall,35,12,41,-0.5,-0.191676,0.331471,990,17,
2,644,Overall,Overall,35,13,41,0.0,0.11612,0.312032,1006,16,
2,645,Overall,Overall,35,16,41,0.0,0.4892,0.297914,1024,15,
2,646,Overall,Overall,35,21,41,1.5,1.248403,0.306602,1062,15,
2,647,Overall,Overall,35,25,41,1.5,2.10737,0.335838,1105,17,
2,648,Overall,Overall,35,18,41,0.5,0.738216,0.294845,1037,15,
2,649,Overall,Overall,35,5,41,-2.0,-2.152006,0.616294,892,31,
2,650,Overall,Overall,35,28,41,1.5,1.653997,0.315648,1083,16,
2,651,Overall,Overall,35,15,41,0.5,0.499566,0.31435,1025,16,
2,652,Overall,Overall,35,5,41,-2.0,-2.217605,0.629889,889,31,
2,653,Overall,Overall,35,26,41,1.5,1.385831,0.310649,1069,16,
2,654,Overall,Overall,35,16,41,0.0,0.479517,0.303797,1024,15,
2,655,Overall,Overall,35,5,41,-2.0,-2.373928,0.663982,881,33,
2,656,Overall,Overall,35,10,41,-1.0,-0.314246,0.344268,984,17,
2,657,Overall,Overall,35,6,41,-1.5,-1.199497,0.452062,940,23,
2,658,Overall,Overall,35,8,41,-1.0,-0.754288,0.389267,962,19,
2,659,Overall,Overall,35,6,41,-2.0,-1.798043,0.551197,910,28,
2,660,Overall,Overall,35,8,41,-1.0,-1.204946,0.449373,940,22,
2,661,Overall,Overall,35,6,41,-1.5,-1.580249,0.512549,921,26,
2,662,Overall,Overall,35,24,41,1.5,1.422877,0.302742,1071,15,
2,663,Overall,Overall,35,26,41,2.0,1.819141,0.325691,1091,16,
2,664,Overall,Overall,35,27,41,2.0,2.133079,0.333778,1107,17,
2,665,Overall,Overall,35,12,41,-0.5,-0.615198,0.376198,969,19,
2,666,Overall,Overall,35,16,41,1.0,0.757044,0.3169,1038,16,
2,667,Overall,Overall,35,17,41,0.5,0.602065,0.300384,1030,15,
2,668,Overall,Overall,35,8,41,-1.5,-1.738158,0.553542,913,28,
2,669,Overall,Overall,35,10,41,-0.5,-0.75103,0.390595,962,20,
2,670,Overall,Overall,35,15,41,0.0,0.309717,0.302679,1015,15,
2,671,Overall,Overall,35,21,41,1.0,1.089591,0.297542,1054,15,
2,672,Overall,Overall,35,5,41,-2.0,-2.074684,0.600072,896,30,
2,673,Overall,Overall,35,26,41,1.0,1.26516,0.305148,1063,15,
2,674,Overall,Overall,35,23,41,1.5,1.228088,0.300319,1061,15,
2,675,Overall,Overall,35,19,41,0.0,0.634739,0.294787,1032,15,
2,676,Overall,Overall,35,24,41,2.0,1.790341,0.333466,1090,17,
2,677,Overall,Overall,35,13,41,0.0,-0.012847,0.31844,999,16,
2,678,Overall,Overall,35,21,41,1.0,1.234863,0.302235,1062,15,
2,679,Overall,Overall,35,4,41,-2.0,-2.766905,0.753206,862,38,
2,680,Overall,Overall,35,23,41,1.0,1.010681,0.297356,1051,15,
2,681,Overall,Overall,35,30,41,2.0,2.5447,0.357637,1127,18,
2,682,Overall,Overall,35,24,41,1.5,1.822441,0.323155,1091,16,
2,683,Overall,Overall,35,19,41,1.0,0.61659,0.295266,1031,15,
2,684,Overall,Overall,35,8,41,-1.5,-1.063424,0.42923,947,21,
2,685,Overall,Overall,35,23,41,1.0,1.155655,0.298075,1058,15,
2,686,Overall,Overall,35,29,41,1.5,1.677623,0.326075,1084,16,
2,687,Overall,Overall,35,18,41,0.5,0.636194,0.295501,1032,15,
2,688,Overall,Overall,35,8,41,-1.0,-0.937949,0.413478,953,21,
2,689,Overall,Overall,35,6,41,-0.5,-1.510549,0.497379,924,25,
2,690,Overall,Overall,35,10,41,0.0,-0.521081,0.36429,974,18,
2,691,Overall,Overall,35,14,41,0.0,0.33149,0.301114,1017,15,
2,692,Overall,Overall,35,24,41,1.5,1.210291,0.298972,1061,15,
2,693,Overall,Overall,35,27,41,2.0,2.150535,0.334329,1108,17,
2,694,Overall,Overall,35,6,41,-1.5,-1.700744,0.531722,915,27,
2,695,Overall,Overall,35,24,41,1.0,1.129401,0.300197,1056,15,
2,696,Overall,Overall,35,16,41,0.0,0.326219,0.302606,1016,15,
2,697,Overall,Overall,35,28,41,2.0,1.752978,0.322048,1088,16,
2,698,Overall,Overall,35,7,41,-1.0,-1.190066,0.448495,940,22,
2,699,Overall,Overall,35,22,41,1.0,0.961524,0.297291,1048,15,
2,700,Overall,Overall,35,16,41,0.5,0.196321,0.307071,1010,15,
2,701,Overall,Overall,35,7,41,-2.0,-1.522656,0.500285,924,25,
2,702,Overall,Overall,35,8,41,-1.5,-1.024528,0.424431,949,21,
2,703,Overall,Overall,35,8,41,-1.5,-1.154357,0.442399,942,22,
2,704,Overall,Overall,35,10,41,-1.5,-0.951317,0.414298,952,21,
2,705,Overall,Overall,35,7,41,-2.0,-1.790905,0.547632,910,27,
2,706,Overall,Overall,35,9,41,-1.0,-0.673956,0.381779,966,19,
2,707,Overall,Overall,35,11,41,-1.0,-0.245895,0.336572,988,17,
2,708,Overall,Overall,35,10,41,-0.5,-0.830454,0.397888,958,20,
2,709,Overall,Overall,35,8,41,-1.0,-0.875933,0.406371,956,20,
2,710,Overall,Overall,35,26,41,2.0,1.730594,0.317754,1087,16,
2,711,Overall,Overall,35,16,41,0.5,0.458578,0.304376,1023,15,
2,712,Overall,Overall,35,6,41,-2.0,-1.750577,0.541537,912,27,
2,713,Overall,Overall,35,25,41,1.0,1.066393,0.299579,1053,15,
2,714,Overall,Overall,35,11,41,0.0,-0.148764,0.328934,993,16,
2,715,Overall,Overall,35,25,41,1.5,1.473634,0.304316,1074,15,
2,716,Overall,Overall,35,19,41,0.5,0.597485,0.295455,1030,15,
2,717,Overall,Overall,35,5,41,-1.5,-1.228755,0.459241,939,23,
2,718,Overall,Overall,35,9,41,-1.5,-0.926816,0.410299,954,21,
2,719,Overall,Overall,35,28,41,2.0,2.177398,0.335726,1109,17,
2,720,Overall,Overall,35,5,41,-2.0,-2.680774,0.732083,866,37,
2,721,Overall,Overall,35,9,41,-1.0,-1.00021,0.420495,950,21,
2,722,Overall,Overall,35,22,41,0.5,0.949345,0.295817,1047,15,
2,723,Overall,Overall,35,8,41,-1.0,-1.049992,0.432946,948,22,
2,724,Overall,Overall,35,10,41,-0.5,-0.641048,0.375523,968,19,
2,725,Overall,Overall,35,31,41,2.0,2.552717,0.360973,1128,18,
2,726,Overall,Overall,35,12,41,-1.0,-0.532796,0.365505,973,18,
2,727,Overall,Overall,35,6,41,-2.0,-2.033127,0.591392,898,30,
2,728,Overall,Overall,35,22,41,1.5,0.81422,0.294588,1041,15,
2,729,Overall,Overall,35,10,41,-0.5,-0.711202,0.383526,964,19,
2,730,Overall,Overall,35,20,41,1.0,0.763218,0.294928,1038,15,
2,731,Overall,Overall,35,14,41,0.5,0.193706,0.306611,1010,15,
2,732,Overall,Overall,35,29,41,2.0,2.409213,0.349619,1120,17,
2,733,Overall,Overall,35,15,41,0.0,0.100498,0.31291,1005,16,
2,734,Overall,Overall,35,26,41,2.0,2.179983,0.336071,1109,17,
2,735,Overall,Overall,35,5,41,-1.0,-2.283251,0.643898,886,32,
2,736,Overall,Overall,35,9,41,-0.5,-0.748944,0.394257,963,20,
2,737,Overall,Overall,35,8,41,-1.5,-1.286829,0.463423,936,23,
2,738,Overall,Overall,35,26,41,1.5,1.736679,0.316458,1087,16,
2,739,Overall,Overall,35,9,41,-1.0,-0.992791,0.419864,950,21,
2,740,Overall,Overall,35,5,41,-2.0,-2.142985,0.614521,893,31,
2,741,Overall,Overall,35,12,41,-1.0,-0.364555,0.346779,982,17,
2,742,Overall,Overall,35,11,41,0.0,-0.386374,0.350219,981,18,
2,743,Overall,Overall,35,12,41,-0.5,-0.322707,0.347798,984,17,
2,744,Overall,Overall,35,4,41,-1.5,-2.460512,0.681402,877,34,
2,745,Overall,Overall,35,12,41,0.0,-0.075975,0.323536,996,16,
2,746,Overall,Overall,35,11,41,-1.0,-0.567233,0.371115,972,19,
2,747,Overall,Overall,35,27,41,2.0,1.753362,0.317181,1088,16,
2,748,Overall,Overall,35,11,41,-0.5,-0.504823,0.362903,975,18,
2,749,Overall,Overall,35,28,41,2.0,1.936573,0.327526,1097,16,
2,750,Overall,Overall,35,4,41,-2.0,-2.39125,0.677148,880,34,
2,751,Overall,Overall,35,9,41,-1.0,-0.856711,0.401158,957,20,
2,752,Overall,Overall,35,6,41,-2.0,-2.100644,0.604351,895,30,
2,753,Overall,Overall,35,22,41,1.0,1.35064,0.308594,1068,15,
2,754,Overall,Overall,35,9,41,-1.0,-1.079749,0.433925,946,22,
2,755,Overall,Overall,35,19,41,0.5,0.832043,0.296303,1042,15,
2,756,Overall,Overall,35,27,41,2.0,1.688405,0.315015,1084,16,
2,757,Overall,Overall,35,26,41,2.0,1.906024,0.326099,1095,16,
2,758,Overall,Overall,35,23,41,1.5,1.373619,0.301165,1069,15,
2,759,Overall,Overall,35,21,41,1.0,0.819155,0.297612,1041,15,
2,760,Overall,Overall,35,14,41,0.5,0.255306,0.305012,1013,15,
2,761,Overall,Overall,35,16,41,0.0,0.400809,0.299746,1020,15,
2,762,Overall,Overall,35,17,41,1.0,0.454502,0.298769,1023,15,
2,763,Overall,Overall,35,15,41,0.0,0.198174,0.308064,1010,15,
2,764,Overall,Overall,35,25,41,1.5,1.270345,0.307077,1064,15,
2,765,Overall,Overall,35,24,41,2.0,1.888326,0.32493,1094,16,
2,766,Overall,Overall,35,27,41,2.0,1.869262,0.323467,1093,16,
2,767,Overall,Overall,35,10,41,0.0,-0.238347,0.336283,988,17,
2,768,Overall,Overall,35,16,41,0.5,0.795729,0.305054,1040,15,
2,769,Overall,Overall,35,20,41,1.0,0.777865,0.294714,1039,15,
2,770,Overall,Overall,35,15,41,0.0,0.40149,0.311014,1020,16,
2,771,Overall,Overall,35,15,41,0.5,0.413731,0.29938,1021,15,
2,772,Overall,Overall,35,19,41,1.0,0.714779,0.294892,1036,15,
2,773,Overall,Overall,35,26,41,2.0,1.812599,0.321432,1091,16,
2,774,Overall,Overall,35,28,41,2.0,2.131158,0.333976,1107,17,
2,775,Overall,Overall,35,26,41,2.0,1.907386,0.326249,1095,16,
2,776,Overall,Overall,35,20,41,1.5,1.075401,0.297704,1054,15,
2,777,Overall,Overall,35,10,41,-0.5,-0.712085,0.383627,964,19,
2,778,Overall,Overall,35,8,41,-1.0,-1.083799,0.432293,946,22,
2,779,Overall,Overall,35,28,41,2.0,1.782565,0.318798,1089,16,
2,780,Overall,Overall,35,6,41,-2.0,-1.520491,0.500342,924,25,
2,781,Overall,Overall,35,16,41,0.0,0.562064,0.296212,1028,15,
2,782,Overall,Overall,35,16,41,0.5,0.484931,0.297279,1024,15,
2,783,Overall,Overall,35,21,41,0.5,0.814006,0.295305,1041,15,
2,784,Overall,Overall,35,21,41,1.5,1.052887,0.29973,1053,15,
2,785,Overall,Overall,35,10,41,0.0,-0.608998,0.371684,970,19,
2,786,Overall,Overall,35,11,41,-0.5,-0.235557,0.334697,988,17,
2,787,Overall,Overall,35,9,41,-0.5,-0.599808,0.372611,970,19,
2,788,Overall,Overall,35,18,41,1.0,1.055353,0.302871,1053,15,
2,789,Overall,Overall,35,6,41,-1.5,-1.688961,0.529838,916,26,
2,790,Overall,Overall,35,20,41,1.5,1.167371,0.301653,1058,15,
2,791,Overall,Overall,35,13,41,-0.5,-0.447997,0.358703,978,18,
2,792,Overall,Overall,35,28,41,2.0,2.349577,0.344966,1117,17,
2,793,Overall,Overall,35,3,41,-1.5,-2.853685,0.774695,857,39,
2,794,Overall,Overall,35,26,41,2.0,2.090785,0.33323,1105,17,
2,795,Overall,Overall,35,18,41,0.0,0.423873,0.299042,1021,15,
2,796,Overall,Overall,35,12,41,-0.5,-0.160918,0.328526,992,16,
2,797,Overall,Overall,35,14,41,0.0,-0.165929,0.331487,992,17,
2,798,Overall,Overall,35,21,41,0.5,1.295973,0.302836,1065,15,
2,799,Overall,Overall,35,11,41,-0.5,-0.29903,0.340757,985,17,
2,800,Overall,Overall,35,9,41,0.0,-0.388217,0.348628,981,17,
2,801,Overall,Overall,35,12,41,0.0,-0.304005,0.341568,985,17,
2,802,Overall,Overall,35,15,41,0.0,-0.024542,0.322634,999,16,
2,803,Overall,Overall,35,7,41,-2.0,-1.425443,0.486006,929,24,
2,804,Overall,Overall,35,30,41,2.0,2.094489,0.338653,1105,17,
2,805,Overall,Overall,35,14,41,0.0,0.239364,0.305607,1012,15,
2,806,Overall,Overall,35,23,41,1.5,1.218376,0.298984,1061,15,
2,807,Overall,Overall,35,24,41,1.0,1.317556,0.30612,1066,15,
2,808,Overall,Overall,35,7,41,-2.0,-1.541304,0.50289,923,25,
2,809,Overall,Overall,35,7,41,-1.5,-1.456981,0.494861,927,25,
2,810,Overall,Overall,35,12,41,-0.5,-0.105045,0.325671,995,16,
2,811,Overall,Overall,35,12,41,0.0,-0.134678,0.328074,993,16,
2,812,Overall,Overall,35,6,41,-2.0,-1.952423,0.575763,902,29,
2,813,Overall,Overall,35,7,41,-1.5,-1.336321,0.470633,933,24,
2,814,Overall,Overall,35,6,41,-2.0,-1.920781,0.568927,904,28,
2,815,Overall,Overall,35,19,41,0.5,0.82265,0.294746,1041,15,
2,816,Overall,Overall,35,8,41,-2.0,-1.447643,0.497312,928,25,
2,817,Overall,Overall,35,9,41,-0.5,-0.535007,0.363928,973,18,
2,818,Overall,Overall,35,12,41,0.0,-0.002986,0.319014,1000,16,
2,819,Overall,Overall,35,14,41,0.5,0.096266,0.313194,1005,16,
2,820,Overall,Overall,35,9,41,-1.0,-1.124781,0.438864,944,22,
2,821,Overall,Overall,35,6,41,-2.0,-1.420939,0.482722,929,24,
2,822,Overall,Overall,35,20,41,1.0,0.888405,0.296331,1044,15,
2,823,Overall,Overall,35,16,41,0.5,0.545668,0.305654,1027,15,
2,824,Overall,Overall,35,26,41,1.5,1.682763,0.315007,1084,16,
2,825,Overall,Overall,35,9,41,0.5,-0.471738,0.357077,976,18,
2,826,Overall,Overall,35,12,41,-0.5,-0.093656,0.325346,995,16,
2,827,Overall,Overall,35,7,41,-1.5,-1.244649,0.457744,938,23,
2,828,Overall,Overall,35,11,41,-0.5,-0.272615,0.34251,986,17,
2,829,Overall,Overall,35,24,41,2.0,2.051425,0.334405,1103,17,
2,830,Overall,Overall,35,16,41,0.5,0.664048,0.302418,1033,15,
2,831,Overall,Overall,35,6,41,-2.0,-1.506088,0.498956,925,25,
2,832,Overall,Overall,35,24,41,1.0,1.444092,0.303372,1072,15,
2,833,Overall,Overall,35,8,41,-1.0,-1.319578,0.466745,934,23,
2,834,Overall,Overall,35,17,41,1.0,0.550387,0.296407,1028,15,
2,835,Overall,Overall,35,25,41,2.0,1.511736,0.30728,1076,15,
2,836,Overall,Overall,35,9,41,-1.0,-0.954781,0.414954,952,21,
2,837,Overall,Overall,35,14,41,-0.5,-0.013685,0.317831,999,16,
2,838,Overall,Overall,35,9,41,-0.5,-0.442033,0.356517,978,18,
2,839,Overall,Overall,35,2,41,-2.0,-4.255,1.252173,787,63,
2,840,Overall,Overall,35,12,41,-0.5,-0.076305,0.324474,996,16,
2,841,Overall,Overall,35,31,41,2.0,2.156937,0.344386,1108,17,
2,842,Overall,Overall,35,14,41,0.0,0.248351,0.305968,1012,15,
2,843,Overall,Overall,35,8,41,-1.0,-1.034408,0.425175,948,21,
2,844,Overall,Overall,35,29,41,2.0,2.614545,0.365517,1131,18,
2,845,Overall,Overall,35,8,41,-1.0,-0.962441,0.417945,952,21,
2,846,Overall,Overall,35,10,41,-0.5,-0.884264,0.408838,956,20,
2,847,Overall,Overall,35,22,41,1.5,1.191559,0.300296,1060,15,
2,848,Overall,Overall,35,11,41,-1.0,-0.722579,0.387456,964,19,
2,849,Overall,Overall,35,13,41,0.5,0.031378,0.315434,1002,16,
2,850,Overall,Overall,35,18,41,1.0,0.72567,0.295142,1036,15,
2,851,Overall,Overall,35,9,41,-1.5,-0.913306,0.408882,954,20,
2,852,Overall,Overall,35,6,41,-2.0,-1.310849,0.473965,934,24,
2,853,Overall,Overall,35,13,41,-0.5,-0.238808,0.334562,988,17,
2,854,Overall,Overall,35,8,41,-0.5,-0.680142,0.380879,966,19,
2,855,Overall,Overall,35,9,41,-1.5,-1.450432,0.497757,927,25,
2,856,Overall,Overall,35,4,41,-2.0,-2.80319,0.766482,860,38,
2,857,Overall,Overall,35,6,41,-1.0,-1.383426,0.480026,931,24,
2,858,Overall,Overall,35,12,41,-0.5,-0.192088,0.33218,990,17,
2,859,Overall,Overall,35,8,41,-1.0,-0.887049,0.407011,956,20,
2,860,Overall,Overall,35,19,41,1.0,0.836589,0.29485,1042,15,
2,861,Overall,Overall,35,19,41,0.5,0.812712,0.296529,1041,15,
2,862,Overall,Overall,35,12,41,0.0,-0.132,0.32853,993,16,
2,863,Overall,Overall,35,10,41,0.0,-0.357109,0.347365,982,17,
2,864,Overall,Overall,35,4,41,-2.0,-2.573908,0.717194,871,36,
2,865,Overall,Overall,35,4,41,-2.0,-2.698193,0.744361,865,37,
2,866,Overall,Overall,35,11,41,-1.0,-0.714043,0.386434,964,19,
2,867,Overall,Overall,35,5,41,-1.5,-2.439184,0.67623,878,34,
2,868,Overall,Overall,35,8,41,-2.0,-1.311639,0.467378,934,23,
2,869,Overall,Overall,35,5,41,-1.5,-2.114228,0.60666,894,30,
2,870,Overall,Overall,35,11,41,-1.0,-0.764925,0.390322,962,20,
2,871,Overall,Overall,35,7,41,-2.0,-1.443614,0.486033,928,24,
2,872,Overall,Overall,35,30,41,2.0,1.951618,0.328784,1098,16,
2,873,Overall,Overall,35,6,41,-1.0,-1.749026,0.538695,913,27,
2,874,Overall,Overall,35,28,41,1.0,1.924332,0.326579,1096,16,
2,875,Overall,Overall,35,10,41,-0.5,-1.144536,0.449748,943,22,
2,876,Overall,Overall,35,7,41,-1.5,-1.903973,0.567764,905,28,
2,877,Overall,Overall,35,13,41,0.5,-0.013083,0.318583,999,16,
2,878,Overall,Overall,35,29,41,1.5,1.671185,0.33391,1084,17,
2,879,Overall,Overall,35,5,41,-2.0,-1.587871,0.517458,921,26,
2,880,Overall,Overall,35,8,41,-0.5,-1.018939,0.422967,949,21,
2,881,Overall,Overall,35,13,41,0.0,-0.155138,0.328504,992,16,
2,882,Overall,Overall,35,19,41,0.5,0.711458,0.295162,1036,15,
2,883,Overall,Overall,35,16,41,0.0,0.182926,0.310037,1009,16,
2,884,Overall,Overall,35,7,41,-2.0,-1.48612,0.494068,926,25,
2,885,Overall,Overall,35,26,41,1.0,1.236744,0.308284,1062,15,
2,886,Overall,Overall,35,28,41,2.0,2.211803,0.337852,1111,17,
2,887,Overall,Overall,35,23,41,1.5,1.303695,0.299654,1065,15,
2,888,Overall,Overall,35,15,41,0.5,0.164017,0.308525,1008,15,
2,889,Overall,Overall,35,7,41,-0.5,-1.729944,0.536976,914,27,
2,890,Overall,Overall,35,8,41,-1.0,-1.106592,0.435395,945,22,
2,891,Overall,Overall,35,22,41,1.0,1.327568,0.303304,1066,15,
2,892,Overall,Overall,35,9,41,0.0,-0.616809,0.374434,969,19,
2,893,Overall,Overall,35,11,41,-1.0,-0.705179,0.382995,965,19,
2,894,Overall,Overall,35,27,41,2.0,2.615729,0.369635,1131,18,
2,895,Overall,Overall,35,30,41,1.5,2.560239,0.35986,1128,18,
2,896,Overall,Overall,35,6,41,-1.5,-1.998293,0.589354,900,29,
2,897,Overall,Overall,35,25,41,1.5,1.873944,0.324189,1094,16,
2,898,Overall,Overall,35,27,41,2.0,2.103823,0.33346,1105,17,
2,899,Overall,Overall,35,7,41,-1.5,-1.58827,0.510613,921,26,
2,900,Overall,Overall,35,11,41,0.0,-0.305692,0.341648,985,17,
3,1,Overall,Overall,35,10,41,-0.5,-0.711171,0.383892,964,19,
3,2,Overall,Overall,35,22,41,0.5,1.071981,0.297902,1054,15,
3,3,Overall,Overall,35,5,41,-1.5,-2.150353,0.616527,892,31,
3,4,Overall,Overall,35,11,41,-1.0,-0.404398,0.350405,980,18,
3,5,Overall,Overall,35,26,41,2.0,2.137664,0.333868,1107,17,
3,6,Overall,Overall,35,14,41,0.5,-0.033101,0.322891,998,16,
3,7,Overall,Overall,35,4,41,-2.0,-2.56172,0.711967,872,36,
3,8,Overall,Overall,35,8,41,-1.5,-1.687909,0.532811,916,27,
3,9,Overall,Overall,35,6,41,-1.5,-1.442937,0.487513,928,24,
3,10,Overall,Overall,35,19,41,1.0,0.802814,0.294933,1040,15,
3,11,Overall,Overall,35,21,41,1.0,0.866798,0.297021,1043,15,
3,12,Overall,Overall,35,4,41,-1.5,-2.605145,0.714279,870,36,
3,13,Overall,Overall,35,10,41,-1.5,-0.862536,0.403289,957,20,
3,14,Overall,Overall,35,16,41,0.0,0.15502,0.311226,1008,16,
3,15,Overall,Overall,35,8,41,-1.0,-1.244678,0.455302,938,23,
3,16,Overall,Overall,35,12,41,-0.5,-0.408421,0.353232,980,18,
3,17,Overall,Overall,35,14,41,0.0,0.23215,0.305453,1012,15,
3,18,Overall,Overall,35,12,41,0.0,-0.318032,0.343122,984,17,
3,19,Overall,Overall,35,14,41,0.0,0.343875,0.301547,1017,15,
3,20,Overall,Overall,35,26,41,1.5,1.540785,0.307213,1077,15,
3,21,Overall,Overall,35,7,41,-1.5,-1.320536,0.469644,934,23,
3,22,Overall,Overall,35,7,41,-2.0,-1.948965,0.576457,903,29,
3,23,Overall,Overall,35,21,41,1.0,1.056084,0.29766,1053,15,
3,24,Overall,Overall,35,11,41,0.0,-0.785719,0.393778,961,20,
3,25,Overall,Overall,35,11,41,0.0,-0.355958,0.34525,982,17,
3,26,Overall,Overall,35,13,41,0.5,0.263554,0.313279,1013,16,
3,27,Overall,Overall,35,4,41,-2.0,-2.518759,0.697216,874,35,
3,28,Overall,Overall,35,13,41,0.0,-0.053103,0.321052,997,16,
3,29,Overall,Overall,35,9,41,-0.5,-0.539838,0.365543,973,18,
3,30,Overall,Overall,35,9,41,-0.5,-0.6517,0.378466,967,19,
3,31,Overall,Overall,35,6,41,-2.0,-1.606166,0.514253,920,26,
3,32,Overall,Overall,35,27,41,2.0,1.815865,0.321483,1091,16,
3,33,Overall,Overall,35,23,41,1.5,1.297653,0.300832,1065,15,
3,34,Overall,Overall,35,7,41,-1.0,-1.051459,0.430528,947,22,
3,35,Overall,Overall,35,28,41,1.5,1.742713,0.316061,1087,16,
3,36,Overall,Overall,35,20,41,1.5,1.02329,0.297286,1051,15,
3,37,Overall,Overall,35,18,41,0.5,0.543623,0.295831,1027,15,
3,38,Overall,Overall,35,11,41,-0.5,-0.723645,0.385293,964,19,
3,39,Overall,Overall,35,23,41,1.5,0.935076,0.300432,1047,15,
3,40,Overall,Overall,35,10,41,-0.5,-0.311474,0.342877,984,17,
3,41,Overall,Overall,35,8,41,-1.5,-1.150187,0.443041,942,22,
3,42,Overall,Overall,35,27,41,2.0,2.354093,0.345627,1118,17,
3,43,Overall,Overall,35,24,41,1.5,1.479362,0.303553,1074,15,
3,44,Overall,Overall,35,16,41,0.5,0.441068,0.300115,1022,15,
3,45,Overall,Overall,35,22,41,2.0,1.691343,0.325359,1085,16,
3,46,Overall,Overall,35,16,41,0.5,0.409966,0.299485,1020,15,
3,47,Overall,Overall,35,23,41,1.5,1.39769,0.302241,1070,15,
3,48,Overall,Overall,35,16,41,0.0,0.294295,0.302363,1015,15,
3,49,Overall,Overall,35,24,41,2.0,1.854456,0.326179,1093,16,
3,50,Overall,Overall,35,11,41,-0.5,-0.434158,0.354851,978,18,
3,51,Overall,Overall,35,9,41,-0.5,-0.588038,0.369887,971,18,
3,52,Overall,Overall,35,16,41,0.5,0.306894,0.302398,1015,15,
3,53,Overall,Overall,35,7,41,-0.5,-1.518646,0.500837,924,25,
3,54,Overall,Overall,35,7,41,-1.5,-1.132767,0.438929,943,22,
3,55,Overall,Overall,35,7,41,-1.5,-1.572787,0.507427,921,25,
3,56,Overall,Overall,35,17,41,0.5,0.243104,0.308083,1012,15,
3,57,Overall,Overall,35,5,41,-2.0,-1.841607,0.558318,908,28,
3,58,Overall,Overall,35,11,41,-0.5,-0.437755,0.353665,978,18,
3,59,Overall,Overall,35,20,41,1.0,0.895718,0.296418,1045,15,
3,60,Overall,Overall,35,24,41,1.0,1.39279,0.301786,1070,15,
3,61,Overall,Overall,35,22,41,0.5,0.823363,0.297561,1041,15,
3,62,Overall,Overall,35,21,41,1.0,0.898068,0.295837,1045,15,
3,63,Overall,Overall,35,5,41,-1.5,-1.999916,0.58505,900,29,
3,64,Overall,Overall,35,20,41,0.5,0.633746,0.297203,1032,15,
3,65,Overall,Overall,35,6,41,-1.5,-1.216458,0.452666,939,23,
3,66,Overall,Overall,35,20,41,0.5,1.102723,0.297571,1055,15,
3,67,Overall,Overall,35,27,41,2.0,1.615861,0.310162,1081,16,
3,68,Overall,Overall,35,6,41,-1.5,-1.546473,0.507087,923,25,
3,69,Overall,Overall,35,4,41,-2.0,-2.147669,0.622419,893,31,
3,70,Overall,Overall,35,27,41,2.0,2.371428,0.350536,1119,18,
3,71,Overall,Overall,35,22,41,1.0,1.104354,0.299524,1055,15,
3,72,Overall,Overall,35,10,41,-1.0,-0.585949,0.369364,971,18,
3,73,Overall,Overall,35,17,41,0.5,0.477802,0.29798,1024,15,
3,74,Overall,Overall,35,11,41,-1.5,-0.635024,0.376196,968,19,
3,75,Overall,Overall,35,29,41,1.5,2.184974,0.347111,1109,17,
3,76,Overall,Overall,35,14,41,0.0,-0.075403,0.324873,996,16,
3,77,Overall,Overall,35,11,41,-0.5,-0.643963,0.37716,968,19,
3,78,Overall,Overall,35,14,41,0.5,0.297603,0.311106,1015,16,
3,79,Overall,Overall,35,5,41,-1.5,-2.009977,0.588048,900,29,
3,80,Overall,Overall,35,11,41,-0.5,-0.468409,0.356699,977,18,
3,81,Overall,Overall,35,10,41,-1.0,-0.987965,0.420632,951,21,
3,82,Overall,Overall,35,13,41,0.0,-0.204097,0.33164,990,17,
3,83,Overall,Overall,35,26,41,1.5,1.592406,0.30871,1080,15,
3,84,Overall,Overall,35,21,41,1.0,0.93152,0.297115,1047,15,
3,85,Overall,Overall,35,3,41,-2.0,-2.908215,0.795206,855,40,
3,86,Overall,Overall,35,17,41,1.0,0.336984,0.304477,1017,15,
3,87,Overall,Overall,35,7,41,-1.0,-1.592603,0.512423,920,26,
3,88,Overall,Overall,35,24,41,1.5,1.650523,0.31628,1083,16,
3,89,Overall,Overall,35,27,41,2.0,1.805516,0.321226,1090,16,
3,90,Overall,Overall,35,4,41,-2.0,-2.159067,0.625046,892,31,
3,91,Overall,Overall,35,10,41,-0.5,-0.541377,0.36463,973,18,
3,92,Overall,Overall,35,28,41,2.0,1.825192,0.320976,1091,16,
3,93,Overall,Overall,35,7,41,-1.5,-1.331268,0.468534,933,23,
3,94,Overall,Overall,35,3,41,-2.0,-3.465726,0.957689,827,48,
3,95,Overall,Overall,35,9,41,-0.5,-0.955711,0.4139,952,21,
3,96,Overall,Overall,35,26,41,1.5,1.572449,0.30781,1079,15,
3,97,Overall,Overall,35,11,41,-1.0,-0.61208,0.372551,969,19,
3,98,Overall,Overall,35,21,41,1.0,1.053633,0.296919,1053,15,
3,99,Overall,Overall,35,26,41,1.5,1.655382,0.313587,1083,16,
3,100,Overall,Overall,35,7,41,-2.0,-1.681875,0.527384,916,26,
3,101,Overall,Overall,35,13,41,-1.0,-0.535081,0.367978,973,18,
3,102,Overall,Overall,35,4,41,-2.0,-2.648249,0.728195,868,36,
3,103,Overall,Overall,35,20,41,1.0,0.868517,0.295069,1043,15,
3,104,Overall,Overall,35,25,41,1.5,1.552423,0.307218,1078,15,
3,105,Overall,Overall,35,30,41,2.0,2.363317,0.349018,1118,17,
3,106,Overall,Overall,35,8,41,-1.0,-0.872249,0.404435,956,20,
3,107,Overall,Overall,35,15,41,1.0,0.108011,0.313253,1005,16,
3,108,Overall,Overall,35,23,41,2.0,1.717466,0.321782,1086,16,
3,109,Overall,Overall,35,29,41,2.0,1.915389,0.326003,1096,16,
3,110,Overall,Overall,35,27,41,1.5,1.550508,0.308576,1078,15,
3,111,Overall,Overall,35,6,41,-2.0,-1.773846,0.547287,911,27,
3,112,Overall,Overall,35,26,41,1.5,1.299532,0.30694,1065,15,
3,113,Overall,Overall,35,26,41,2.0,2.099069,0.333705,1105,17,
3,114,Overall,Overall,35,9,41,-0.5,-0.928218,0.410934,954,21,
3,115,Overall,Overall,35,10,41,-1.5,-0.637858,0.387411,968,19,
3,116,Overall,Overall,35,8,41,-1.0,-1.401936,0.480606,930,24,
3,117,Overall,Overall,35,22,41,0.5,1.223035,0.298624,1061,15,
3,118,Overall,Overall,35,5,41,-1.5,-1.978843,0.579911,901,29,
3,119,Overall,Overall,35,10,41,-1.0,-0.632233,0.377371,968,19,
3,120,Overall,Overall,35,17,41,0.5,0.622613,0.299977,1031,15,
3,121,Overall,Overall,35,11,41,-0.5,-0.39313,0.350445,980,18,
3,122,Overall,Overall,35,19,41,0.5,0.587704,0.295885,1029,15,
3,123,Overall,Overall,35,31,41,2.0,2.442931,0.352472,1122,18,
3,124,Overall,Overall,35,9,41,-1.0,-0.766181,0.392914,962,20,
3,125,Overall,Overall,35,17,41,1.0,0.727366,0.297843,1036,15,
3,126,Overall,Overall,35,25,41,2.0,2.048862,0.332692,1102,17,
3,127,Overall,Overall,35,6,41,-2.0,-1.879984,0.563342,906,28,
3,128,Overall,Overall,35,20,41,0.5,0.748309,0.294871,1037,15,
3,129,Overall,Overall,35,23,41,1.0,1.421573,0.302303,1071,15,
3,130,Overall,Overall,35,14,41,0.5,0.258958,0.305475,1013,15,
3,131,Overall,Overall,35,5,41,-2.0,-1.581955,0.515643,921,26,
3,132,Overall,Overall,35,4,41,-2.0,-2.200184,0.626418,890,31,
3,133,Overall,Overall,35,12,41,-0.5,0.135427,0.31094,1007,16,
3,134,Overall,Overall,35,8,41,-1.5,-0.74199,0.387944,963,19,
3,135,Overall,Overall,35,5,41,-1.0,-2.191112,0.628108,890,31,
3,136,Overall,Overall,35,26,41,1.0,1.550627,0.306906,1078,15,
3,137,Overall,Overall,35,18,41,1.0,0.560936,0.295583,1028,15,
3,138,Overall,Overall,35,24,41,1.5,1.473356,0.304307,1074,15,
3,139,Overall,Overall,35,6,41,-2.0,-2.099729,0.604806,895,30,
3,140,Overall,Overall,35,13,41,0.0,-0.180463,0.335187,991,17,
3,141,Overall,Overall,35,20,41,1.0,0.497829,0.30019,1025,15,
3,142,Overall,Overall,35,3,41,-1.5,-3.124272,0.849663,844,42,
3,143,Overall,Overall,35,24,41,1.0,1.169351,0.30222,1058,15,
3,144,Overall,Overall,35,10,41,-0.5,-0.385661,0.351054,981,18,
3,145,Overall,Overall,35,9,41,-1.0,-0.619929,0.374286,969,19,
3,146,Overall,Overall,35,8,41,-0.5,-0.706871,0.385963,965,19,
3,147,Overall,Overall,35,11,41,0.0,-0.573882,0.369106,971,18,
3,148,Overall,Overall,35,18,41,0.5,0.550987,0.296456,1028,15,
3,149,Overall,Overall,35,22,41,1.5,1.366896,0.302459,1068,15,
3,150,Overall,Overall,35,10,41,-0.5,-0.5552,0.367014,972,18,
3,151,Overall,Overall,35,27,41,2.0,2.204413,0.337781,1110,17,
3,152,Overall,Overall,35,30,41,1.5,1.953492,0.328613,1098,16,
3,153,Overall,Overall,35,8,41,-1.0,-1.323127,0.468601,934,23,
3,154,Overall,Overall,35,14,41,0.0,0.0065,0.318239,1000,16,
3,155,Overall,Overall,35,14,41,0.0,0.234166,0.30478,1012,15,
3,156,Overall,Overall,35,20,41,1.0,0.677273,0.29523,1034,15,
3,157,Overall,Overall,35,17,41,1.0,0.423754,0.298348,1021,15,
3,158,Overall,Overall,35,9,41,-1.0,-0.593481,0.371214,970,19,
3,159,Overall,Overall,35,16,41,0.5,0.076098,0.314492,1004,16,
3,160,Overall,Overall,35,11,41,0.0,-0.325159,0.344818,984,17,
3,161,Overall,Overall,35,18,41,0.5,0.501591,0.299984,1025,15,
3,162,Overall,Overall,35,7,41,-1.5,-1.496988,0.494709,925,25,
3,163,Overall,Overall,35,22,41,1.0,1.078404,0.296905,1054,15,
3,164,Overall,Overall,35,19,41,0.0,0.488956,0.300991,1024,15,
3,165,Overall,Overall,35,17,41,0.5,0.375054,0.30079,1019,15,
3,166,Overall,Overall,35,6,41,-2.0,-1.741508,0.539888,913,27,
3,167,Overall,Overall,35,11,41,-0.5,0.017382,0.317224,1001,16,
3,168,Overall,Overall,35,6,41,-2.0,-2.155294,0.615198,892,31,
3,169,Overall,Overall,35,17,41,0.5,0.631741,0.298913,1032,15,
3,170,Overall,Overall,35,17,41,0.5,0.522915,0.297279,1026,15,
3,171,Overall,Overall,35,6,41,-0.5,-0.798794,0.401391,960,20,
3,172,Overall,Overall,35,23,41,1.5,1.187266,0.298505,1059,15,
3,173,Overall,Overall,35,21,41,1.0,0.815631,0.297489,1041,15,
3,174,Overall,Overall,35,27,41,1.5,2.178053,0.34278,1109,17,
3,175,Overall,Overall,35,9,41,-0.5,-0.613273,0.372818,969,19,
3,176,Overall,Overall,35,14,41,0.0,0.160331,0.308927,1008,15,
3,177,Overall,Overall,35,26,41,2.0,2.280613,0.340504,1114,17,
3,178,Overall,Overall,35,14,41,0.0,0.133784,0.309662,1007,15,
3,179,Overall,Overall,35,25,41,2.0,1.873041,0.324297,1094,16,
3,180,Overall,Overall,35,19,41,1.0,0.730717,0.295026,1037,15,
3,181,Overall,Overall,35,11,41,-1.0,-0.352049,0.345325,982,17,
3,182,Overall,Overall,35,5,41,-2.0,-1.545868,0.507198,923,25,
3,183,Overall,Overall,35,3,41,-2.0,-2.831817,0.769384,858,38,
3,184,Overall,Overall,35,18,41,1.0,0.733875,0.29779,1037,15,
3,185,Overall,Overall,35,7,41,-1.5,-1.29644,0.465838,935,23,
3,186,Overall,Overall,35,27,41,2.0,2.079228,0.331126,1104,17,
3,187,Overall,Overall,35,6,41,-2.0,-1.360359,0.473791,932,24,
3,188,Overall,Overall,35,30,41,2.0,2.679894,0.372238,1134,19,
3,189,Overall,Overall,35,25,41,2.0,1.779995,0.323322,1089,16,
3,190,Overall,Overall,35,10,41,0.0,-0.335913,0.346892,983,17,
3,191,Overall,Overall,35,6,41,-2.0,-1.667762,0.525682,917,26,
3,192,Overall,Overall,35,27,41,1.5,1.738326,0.316656,1087,16,
3,193,Overall,Overall,35,11,41,0.0,-0.250988,0.336631,987,17,
3,194,Overall,Overall,35,27,41,2.0,1.750848,0.316826,1088,16,
3,195,Overall,Overall,35,10,41,-0.5,-0.205681,0.333678,990,17,
3,196,Overall,Overall,35,10,41,-1.0,-0.83353,0.399943,958,20,
3,197,Overall,Overall,35,8,41,-1.5,-0.993724,0.419964,950,21,
3,198,Overall,Overall,35,8,41,-1.5,-1.156566,0.44406,942,22,
3,199,Overall,Overall,35,15,41,1.0,0.319148,0.302044,1016,15,
3,200,Overall,Overall,35,8,41,-1.0,-1.254723,0.458811,937,23,
3,201,Overall,Overall,35,13,41,-0.5,-0.265112,0.341556,987,17,
3,202,Overall,Overall,35,8,41,-1.0,-1.259953,0.458481,937,23,
3,203,Overall,Overall,35,12,41,-0.5,-0.150332,0.327569,992,16,
3,204,Overall,Overall,35,18,41,1.0,0.954641,0.298091,1048,15,
3,205,Overall,Overall,35,10,41,-1.5,-0.633311,0.374638,968,19,
3,206,Overall,Overall,35,25,41,1.5,1.584945,0.309758,1079,15,
3,207,Overall,Overall,35,26,41,1.5,1.513784,0.30548,1076,15,
3,208,Overall,Overall,35,31,41,2.0,2.228308,0.351488,1111,18,
3,209,Overall,Overall,35,22,41,1.5,1.25134,0.299012,1063,15,
3,210,Overall,Overall,35,9,41,-1.0,-0.731704,0.388917,963,19,
3,211,Overall,Overall,35,11,41,-0.5,-0.211185,0.33342,989,17,
3,212,Overall,Overall,35,3,41,-1.5,-3.478289,0.95668,826,48,
3,213,Overall,Overall,35,19,41,1.0,1.042528,0.30211,1052,15,
3,214,Overall,Overall,35,7,41,-1.5,-1.248081,0.456706,938,23,
3,215,Overall,Overall,35,25,41,2.0,2.002001,0.328849,1100,16,
3,216,Overall,Overall,35,2,41,-2.0,-4.106026,1.186153,795,59,
3,217,Overall,Overall,35,18,41,1.0,0.793783,0.299689,1040,15,
3,218,Overall,Overall,35,23,41,2.0,1.836518,0.327807,1092,16,
3,219,Overall,Overall,35,27,41,1.0,1.522204,0.310008,1076,16,
3,220,Overall,Overall,35,23,41,1.5,1.030781,0.297645,1052,15,
3,221,Overall,Overall,35,4,41,-2.0,-2.398413,0.669391,880,33,
3,222,Overall,Overall,35,12,41,0.0,-0.484861,0.365718,976,18,
3,223,Overall,Overall,35,12,41,-0.5,-0.6623,0.380005,967,19,
3,224,Overall,Overall,35,27,41,2.0,1.875982,0.329204,1094,16,
3,225,Overall,Overall,35,6,41,-2.0,-1.536243,0.501957,923,25,
3,226,Overall,Overall,35,27,41,2.0,1.798624,0.320856,1090,16,
3,227,Overall,Overall,35,22,41,0.5,0.738185,0.298997,1037,15,
3,228,Overall,Overall,35,21,41,1.0,0.981306,0.296594,1049,15,
3,229,Overall,Overall,35,18,41,1.0,0.742065,0.297629,1037,15,
3,230,Overall,Overall,35,8,41,-1.0,-1.210086,0.452528,939,23,
3,231,Overall,Overall,35,5,41,-2.0,-2.072058,0.602069,896,30,
3,232,Overall,Overall,35,7,41,-2.0,-1.617309,0.520523,919,26,
3,233,Overall,Overall,35,12,41,0.0,-0.137114,0.326687,993,16,
3,234,Overall,Overall,35,8,41,-1.5,-1.290116,0.463471,935,23,
3,235,Overall,Overall,35,23,41,1.5,1.558856,0.315697,1078,16,
3,236,Overall,Overall,35,19,41,0.5,0.625006,0.296126,1031,15,
3,237,Overall,Overall,35,14,41,0.5,0.17509,0.308343,1009,15,
3,238,Overall,Overall,35,21,41,1.0,1.231241,0.298754,1062,15,
3,239,Overall,Overall,35,16,41,0.5,0.444735,0.29844,1022,15,
3,240,Overall,Overall,35,3,41,-2.0,-3.173163,0.870689,841,44,
3,241,Overall,Overall,35,7,41,-2.0,-1.860051,0.559346,907,28,
3,242,Overall,Overall,35,19,41,1.0,0.764745,0.297059,1038,15,
3,243,Overall,Overall,35,10,41,-0.5,-0.471844,0.357183,976,18,
3,244,Overall,Overall,35,27,41,2.0,2.206567,0.338861,1110,17,
3,245,Overall,Overall,35,25,41,1.5,1.691989,0.315918,1085,16,
3,246,Overall,Overall,35,7,41,-2.0,-1.632648,0.521183,918,26,
3,247,Overall,Overall,35,15,41,-0.5,0.124192,0.311787,1006,16,
3,248,Overall,Overall,35,23,41,1.5,1.269739,0.299851,1063,15,
3,249,Overall,Overall,35,11,41,-0.5,-0.500721,0.361078,975,18,
3,250,Overall,Overall,35,14,41,0.0,-0.00623,0.31751,1000,16,
3,251,Overall,Overall,35,8,41,-0.5,-1.38554,0.509187,931,25,
3,252,Overall,Overall,35,25,41,1.5,1.322519,0.301431,1066,15,
3,253,Overall,Overall,35,7,41,-1.5,-1.296857,0.465635,935,23,
3,254,Overall,Overall,35,6,41,-2.0,-1.893905,0.568311,905,28,
3,255,Overall,Overall,35,7,41,-2.0,-1.2445,0.457122,938,23,
3,256,Overall,Overall,35,13,41,-0.5,0.13937,0.309329,1007,15,
3,257,Overall,Overall,35,13,41,0.0,-0.046816,0.321616,998,16,
3,258,Overall,Overall,35,14,41,-0.5,-0.004562,0.318916,1000,16,
3,259,Overall,Overall,35,11,41,-0.5,-0.325343,0.343215,984,17,
3,260,Overall,Overall,35,6,41,-1.5,-1.936941,0.574197,903,29,
3,261,Overall,Overall,35,21,41,1.5,0.892178,0.297619,1045,15,
3,262,Overall,Overall,35,8,41,-1.5,-1.355818,0.472785,932,24,
3,263,Overall,Overall,35,4,41,-1.5,-2.877869,0.785833,856,39,
3,264,Overall,Overall,35,21,41,1.0,1.065375,0.297654,1053,15,
3,265,Overall,Overall,35,17,41,1.0,0.835014,0.300096,1042,15,
3,266,Overall,Overall,35,8,41,-0.5,-0.92281,0.411398,954,21,
3,267,Overall,Overall,35,7,41,-1.5,-1.648594,0.520619,918,26,
3,268,Overall,Overall,35,24,41,1.5,1.137161,0.297615,1057,15,
3,269,Overall,Overall,35,16,41,0.5,0.686108,0.301477,1034,15,
3,270,Overall,Overall,35,28,41,1.5,1.760586,0.318871,1088,16,
3,271,Overall,Overall,35,2,41,-2.0,-3.728251,1.050868,814,53,
3,272,Overall,Overall,35,13,41,0.5,0.172187,0.308689,1009,15,
3,273,Overall,Overall,35,13,41,-0.5,-0.187198,0.331539,991,17,
3,274,Overall,Overall,35,19,41,1.0,0.690362,0.300583,1035,15,
3,275,Overall,Overall,35,29,41,2.0,2.422849,0.350488,1121,18,
3,276,Overall,Overall,35,9,41,-1.5,-0.629564,0.374111,969,19,
3,277,Overall,Overall,35,26,41,1.5,1.504112,0.307009,1075,15,
3,278,Overall,Overall,35,6,41,-1.5,-2.043214,0.595161,898,30,
3,279,Overall,Overall,35,25,41,2.0,2.082206,0.330092,1104,17,
3,280,Overall,Overall,35,13,41,-0.5,-0.08448,0.322805,996,16,
3,281,Overall,Overall,35,11,41,-0.5,-0.156049,0.328735,992,16,
3,282,Overall,Overall,35,18,41,1.5,0.620948,0.299662,1031,15,
3,283,Overall,Overall,35,8,41,-0.5,-0.978317,0.416932,951,21,
3,284,Overall,Overall,35,26,41,1.0,1.263816,0.308722,1063,15,
3,285,Overall,Overall,35,22,41,1.5,1.585737,0.316636,1079,16,
3,286,Overall,Overall,35,25,41,2.0,2.079549,0.333247,1104,17,
3,287,Overall,Overall,35,8,41,-1.5,-1.074147,0.430747,946,22,
3,288,Overall,Overall,35,25,41,1.0,1.29611,0.306834,1065,15,
3,289,Overall,Overall,35,10,41,0.0,-0.889514,0.407196,956,20,
3,290,Overall,Overall,35,9,41,-1.0,-0.780377,0.392829,961,20,
3,291,Overall,Overall,35,5,41,-1.5,-2.160965,0.617884,892,31,
3,292,Overall,Overall,35,24,41,2.0,2.054397,0.334879,1103,17,
3,293,Overall,Overall,35,24,41,1.5,2.016136,0.330892,1101,17,
3,294,Overall,Overall,35,7,41,-1.5,-1.555635,0.504508,922,25,
3,295,Overall,Overall,35,27,41,1.5,1.783869,0.321369,1089,16,
3,296,Overall,Overall,35,10,41,-1.0,-0.707164,0.385419,965,19,
3,297,Overall,Overall,35,26,41,1.5,1.675553,0.313665,1084,16,
3,298,Overall,Overall,35,19,41,1.0,0.860552,0.298798,1043,15,
3,299,Overall,Overall,35,21,41,1.0,0.905261,0.296275,1045,15,
3,300,Overall,Overall,35,5,41,-2.0,-2.324913,0.65071,884,33,
3,301,Overall,Overall,35,18,41,0.0,0.398301,0.302892,1020,15,
3,302,Overall,Overall,35,26,41,2.0,2.041792,0.329626,1102,16,
3,303,Overall,Overall,35,21,41,1.5,1.268751,0.306105,1063,15,
3,304,Overall,Overall,35,28,41,2.0,2.179836,0.33557,1109,17,
3,305,Overall,Overall,35,14,41,0.5,0.213109,0.305713,1011,15,
3,306,Overall,Overall,35,5,41,-2.0,-2.174709,0.621132,891,31,
3,307,Overall,Overall,35,13,41,0.5,0.197474,0.307636,1010,15,
3,308,Overall,Overall,35,6,41,-1.0,-1.774855,0.547367,911,27,
3,309,Overall,Overall,35,24,41,1.5,1.380213,0.308125,1069,15,
3,310,Overall,Overall,35,19,41,1.0,1.052866,0.305948,1053,15,
3,311,Overall,Overall,35,13,41,0.5,0.016713,0.315937,1001,16,
3,312,Overall,Overall,35,5,41,-2.0,-2.116681,0.609079,894,30,
3,313,Overall,Overall,35,3,41,-2.0,-2.698553,0.747743,865,37,
3,314,Overall,Overall,35,18,41,0.0,0.443702,0.301059,1022,15,
3,315,Overall,Overall,35,7,41,-1.5,-1.782231,0.546149,911,27,
3,316,Overall,Overall,35,24,41,1.5,1.03538,0.29903,1052,15,
3,317,Overall,Overall,35,20,41,0.5,0.697935,0.29528,1035,15,
3,318,Overall,Overall,35,10,41,-0.5,-0.743257,0.389695,963,19,
3,319,Overall,Overall,35,17,41,0.0,0.40978,0.300126,1020,15,
3,320,Overall,Overall,35,15,41,0.5,0.169182,0.309683,1008,15,
3,321,Overall,Overall,35,20,41,0.5,0.893796,0.297753,1045,15,
3,322,Overall,Overall,35,6,41,-2.0,-1.076977,0.43438,946,22,
3,323,Overall,Overall,35,22,41,1.5,1.324867,0.303377,1066,15,
3,324,Overall,Overall,35,12,41,0.0,-0.122752,0.328715,994,16,
3,325,Overall,Overall,35,6,41,-1.0,-1.704645,0.533438,915,27,
3,326,Overall,Overall,35,6,41,-1.5,-1.464136,0.494248,927,25,
3,327,Overall,Overall,35,6,41,-2.0,-1.462246,0.489675,927,24,
3,328,Overall,Overall,35,24,41,2.0,1.905498,0.326988,1095,16,
3,329,Overall,Overall,35,6,41,-1.5,-1.733826,0.537679,913,27,
3,330,Overall,Overall,35,25,41,1.5,1.367626,0.309296,1068,15,
3,331,Overall,Overall,35,29,41,2.0,1.717723,0.320341,1086,16,
3,332,Overall,Overall,35,11,41,-1.0,-0.367751,0.346024,982,17,
3,333,Overall,Overall,35,16,41,0.0,0.216229,0.305789,1011,15,
3,334,Overall,Overall,35,9,41,-0.5,-0.738711,0.387157,963,19,
3,335,Overall,Overall,35,26,41,1.5,1.704947,0.318727,1085,16,
3,336,Overall,Overall,35,6,41,-1.5,-1.798218,0.54941,910,27,
3,337,Overall,Overall,35,17,41,0.0,0.331441,0.301127,1017,15,
3,338,Overall,Overall,35,14,41,-0.5,-0.16155,0.329026,992,16,
3,339,Overall,Overall,35,8,41,-1.0,-0.937672,0.414438,953,21,
3,340,Overall,Overall,35,6,41,-1.5,-1.880482,0.5663,906,28,
3,341,Overall,Overall,35,18,41,0.5,0.674336,0.29485,1034,15,
3,342,Overall,Overall,35,12,41,-0.5,-0.287334,0.340066,986,17,
3,343,Overall,Overall,35,24,41,1.5,1.384737,0.308118,1069,15,
3,344,Overall,Overall,35,26,41,2.0,1.774576,0.319463,1089,16,
3,345,Overall,Overall,35,18,41,0.0,0.702315,0.295065,1035,15,
3,346,Overall,Overall,35,8,41,-2.0,-1.835804,0.559292,908,28,
3,347,Overall,Overall,35,20,41,1.0,0.714797,0.296071,1036,15,
3,348,Overall,Overall,35,13,41,0.0,0.156903,0.309472,1008,15,
3,349,Overall,Overall,35,16,41,0.0,0.461266,0.303765,1023,15,
3,350,Overall,Overall,35,2,41,-2.0,-3.545821,0.978958,823,49,
3,351,Overall,Overall,35,24,41,1.0,0.9688,0.299477,1048,15,
3,352,Overall,Overall,35,10,41,-1.0,-0.856205,0.402521,957,20,
3,353,Overall,Overall,35,27,41,2.0,1.697614,0.31358,1085,16,
3,354,Overall,Overall,35,26,41,2.0,1.616853,0.310598,1081,16,
3,355,Overall,Overall,35,7,41,-2.0,-1.554051,0.508199,922,25,
3,356,Overall,Overall,35,25,41,1.0,1.535081,0.307305,1077,15,
3,357,Overall,Overall,35,9,41,-0.5,-0.690595,0.38215,965,19,
3,358,Overall,Overall,35,5,41,-2.0,-1.429547,0.485219,929,24,
3,359,Overall,Overall,35,27,41,1.5,1.766477,0.318014,1088,16,
3,360,Overall,Overall,35,18,41,0.0,0.516819,0.296805,1026,15,
3,361,Overall,Overall,35,8,41,-1.0,-1.372419,0.476103,931,24,
3,362,Overall,Overall,35,15,41,0.0,0.346425,0.300603,1017,15,
3,363,Overall,Overall,35,17,41,0.5,0.442625,0.300075,1022,15,
3,364,Overall,Overall,35,14,41,0.0,-0.062999,0.321905,997,16,
3,365,Overall,Overall,35,8,41,-1.5,-1.300377,0.464387,935,23,
3,366,Overall,Overall,35,20,41,0.5,0.784188,0.294677,1039,15,
3,367,Overall,Overall,35,24,41,2.0,1.862159,0.325322,1093,16,
3,368,Overall,Overall,35,27,41,2.0,2.322231,0.34324,1116,17,
3,369,Overall,Overall,35,5,41,-2.0,-2.289483,0.645249,886,32,
3,370,Overall,Overall,35,10,41,-1.5,-0.913919,0.409628,954,20,
3,371,Overall,Overall,35,6,41,-2.0,-1.727089,0.534626,914,27,
3,372,Overall,Overall,35,6,41,-1.5,-1.588283,0.51231,921,26,
3,373,Overall,Overall,35,17,41,0.5,0.516917,0.29684,1026,15,
3,374,Overall,Overall,35,4,41,-1.0,-2.59239,0.710797,870,36,
3,375,Overall,Overall,35,4,41,-1.5,-1.614736,0.530597,919,27,
3,376,Overall,Overall,35,14,41,0.5,0.173878,0.307298,1009,15,
3,377,Overall,Overall,35,8,41,-0.5,-1.163726,0.443882,942,22,
3,378,Overall,Overall,35,24,41,1.0,1.562872,0.307201,1078,15,
3,379,Overall,Overall,35,25,41,1.5,1.69071,0.315562,1085,16,
3,380,Overall,Overall,35,7,41,-2.0,-1.518366,0.499759,924,25,
3,381,Overall,Overall,35,8,41,-0.5,-0.845497,0.403513,958,20,
3,382,Overall,Overall,35,30,41,2.0,2.361843,0.348726,1118,17,
3,383,Overall,Overall,35,22,41,1.0,1.121067,0.29741,1056,15,
3,384,Overall,Overall,35,3,41,-2.0,-2.816507,0.770699,859,39,
3,385,Overall,Overall,35,19,41,0.5,0.662315,0.294984,1033,15,
3,386,Overall,Overall,35,29,41,2.0,2.317509,0.345099,1116,17,
3,387,Overall,Overall,35,6,41,-2.0,-1.786388,0.548553,911,27,
3,388,Overall,Overall,35,4,41,-2.0,-2.514548,0.693032,874,35,
3,389,Overall,Overall,35,26,41,2.0,1.639706,0.310911,1082,16,
3,390,Overall,Overall,35,27,41,2.0,1.530648,0.309124,1077,15,
3,391,Overall,Overall,35,9,41,-1.0,-0.635152,0.375281,968,19,
3,392,Overall,Overall,35,8,41,-1.0,-1.035514,0.427153,948,21,
3,393,Overall,Overall,35,6,41,-2.0,-1.844995,0.555471,908,28,
3,394,Overall,Overall,35,5,41,-2.0,-2.445297,0.680021,878,34,
3,395,Overall,Overall,35,25,41,1.0,1.199777,0.30404,1060,15,
3,396,Overall,Overall,35,24,41,1.5,1.79111,0.321704,1090,16,
3,397,Overall,Overall,35,10,41,-1.0,-0.287278,0.340808,986,17,
3,398,Overall,Overall,35,13,41,-0.5,0.027444,0.315831,1001,16,
3,399,Overall,Overall,35,6,41,-1.5,-1.237305,0.456005,938,23,
3,400,Overall,Overall,35,6,41,-0.5,-1.276389,0.464537,936,23,
3,401,Overall,Overall,35,25,41,2.0,1.653254,0.316375,1083,16,
3,402,Overall,Overall,35,16,41,0.0,0.333189,0.30114,1017,15,
3,403,Overall,Overall,35,23,41,1.0,0.949409,0.297647,1047,15,
3,404,Overall,Overall,35,3,41,-2.0,-3.18094,0.86624,841,43,
3,405,Overall,Overall,35,9,41,-1.5,-1.116624,0.445077,944,22,
3,406,Overall,Overall,35,18,41,0.5,0.505263,0.297299,1025,15,
3,407,Overall,Overall,35,7,41,-1.0,-1.189365,0.449019,941,22,
3,408,Overall,Overall,35,8,41,-1.0,-0.549248,0.370688,973,19,
3,409,Overall,Overall,35,10,41,0.0,-0.536383,0.364399,973,18,
3,410,Overall,Overall,35,12,41,0.0,-0.029747,0.319462,999,16,
3,411,Overall,Overall,35,6,41,-1.5,-1.636741,0.521879,918,26,
3,412,Overall,Overall,35,2,41,-2.0,-3.818334,1.082768,809,54,
3,413,Overall,Overall,35,27,41,1.5,2.154,0.335504,1108,17,
3,414,Overall,Overall,35,26,41,1.5,1.627935,0.310306,1081,16,
3,415,Overall,Overall,35,6,41,-1.5,-1.622869,0.517611,919,26,
3,416,Overall,Overall,35,15,41,0.0,0.18668,0.307118,1009,15,
3,417,Overall,Overall,35,14,41,0.0,-0.018748,0.321217,999,16,
3,418,Overall,Overall,35,14,41,0.5,-0.161056,0.333821,992,17,
3,419,Overall,Overall,35,17,41,0.5,0.615476,0.295359,1031,15,
3,420,Overall,Overall,35,25,41,1.0,1.241467,0.30543,1062,15,
3,421,Overall,Overall,35,7,41,-1.0,-1.339475,0.469623,933,23,
3,422,Overall,Overall,35,21,41,1.5,0.983024,0.295984,1049,15,
3,423,Overall,Overall,35,29,41,2.0,2.329199,0.345787,1116,17,
3,424,Overall,Overall,35,24,41,1.0,1.099712,0.30061,1055,15,
3,425,Overall,Overall,35,26,41,1.5,1.438522,0.304813,1072,15,
3,426,Overall,Overall,35,7,41,-1.0,-1.237852,0.454284,938,23,
3,427,Overall,Overall,35,9,41,-0.5,-0.458803,0.35886,977,18,
3,428,Overall,Overall,35,7,41,-1.5,-1.690751,0.528311,915,26,
3,429,Overall,Overall,35,8,41,-0.5,-1.110847,0.435787,944,22,
3,430,Overall,Overall,35,14,41,0.5,0.098826,0.311353,1005,16,
3,431,Overall,Overall,35,3,41,-2.0,-3.093711,0.850053,845,43,
3,432,Overall,Overall,35,5,41,-1.5,-2.21478,0.629286,889,31,
3,433,Overall,Overall,35,26,41,1.5,1.36425,0.302889,1068,15,
3,434,Overall,Overall,35,9,41,-0.5,-0.933395,0.411179,953,21,
3,435,Overall,Overall,35,9,41,-0.5,-0.436423,0.356376,978,18,
3,436,Overall,Overall,35,12,41,0.0,0.05337,0.314661,1003,16,
3,437,Overall,Overall,35,7,41,-1.0,-0.946345,0.41836,953,21,
3,438,Overall,Overall,35,26,41,1.5,1.617381,0.319014,1081,16,
3,439,Overall,Overall,35,9,41,-1.5,-1.544497,0.509507,923,25,
3,440,Overall,Overall,35,20,41,0.5,0.858833,0.295448,1043,15,
3,441,Overall,Overall,35,22,41,0.5,0.890513,0.296059,1045,15,
3,442,Overall,Overall,35,6,41,-1.0,-1.42687,0.487676,929,24,
3,443,Overall,Overall,35,10,41,-1.0,-0.958875,0.431568,952,22,
3,444,Overall,Overall,35,25,41,2.0,1.892304,0.326348,1095,16,
3,445,Overall,Overall,35,6,41,-1.5,-1.632689,0.517811,918,26,
3,446,Overall,Overall,35,11,41,0.0,-0.02785,0.32075,999,16,
3,447,Overall,Overall,35,23,41,2.0,1.95035,0.33351,1098,17,
3,448,Overall,Overall,35,8,41,-2.0,-1.861303,0.561264,907,28,
3,449,Overall,Overall,35,12,41,0.0,-0.146134,0.333026,993,17,
3,450,Overall,Overall,35,20,41,1.0,1.099014,0.297625,1055,15,
3,451,Overall,Overall,35,15,41,0.5,0.411759,0.299435,1021,15,
3,452,Overall,Overall,35,26,41,2.0,1.544063,0.318445,1077,16,
3,453,Overall,Overall,35,25,41,2.0,1.716843,0.315702,1086,16,
3,454,Overall,Overall,35,10,41,-0.5,-0.823188,0.397001,959,20,
3,455,Overall,Overall,35,24,41,2.0,1.971233,0.331461,1099,17,
3,456,Overall,Overall,35,9,41,-1.5,-0.869323,0.403534,957,20,
3,457,Overall,Overall,35,11,41,-0.5,-0.482896,0.359043,976,18,
3,458,Overall,Overall,35,9,41,-1.5,-0.751335,0.391297,962,20,
3,459,Overall,Overall,35,6,41,-1.5,-1.691483,0.533088,915,27,
3,460,Overall,Overall,35,26,41,2.0,1.556312,0.308048,1078,15,
3,461,Overall,Overall,35,11,41,-1.0,-0.358991,0.347722,982,17,
3,462,Overall,Overall,35,28,41,2.0,2.203279,0.337855,1110,17,
3,463,Overall,Overall,35,14,41,0.0,0.282156,0.30334,1014,15,
3,464,Overall,Overall,35,27,41,1.5,1.738009,0.316327,1087,16,
3,465,Overall,Overall,35,25,41,1.5,1.445661,0.305885,1072,15,
3,466,Overall,Overall,35,28,41,1.5,1.810326,0.320213,1091,16,
3,467,Overall,Overall,35,22,41,1.0,1.000838,0.296073,1050,15,
3,468,Overall,Overall,35,17,41,0.5,0.154038,0.312059,1008,16,
3,469,Overall,Overall,35,9,41,-1.0,-0.980323,0.418241,951,21,
3,470,Overall,Overall,35,8,41,-1.5,-1.842596,0.558582,908,28,
3,471,Overall,Overall,35,30,41,2.0,2.366922,0.346401,1118,17,
3,472,Overall,Overall,35,20,41,1.0,0.744893,0.297819,1037,15,
3,473,Overall,Overall,35,6,41,-1.5,-1.386375,0.47868,931,24,
3,474,Overall,Overall,35,10,41,0.0,-0.365527,0.350548,982,18,
3,475,Overall,Overall,35,8,41,-1.5,-1.586977,0.511174,921,26,
3,476,Overall,Overall,35,28,41,2.0,2.381852,0.348902,1119,17,
3,477,Overall,Overall,35,4,41,-1.5,-2.318537,0.651783,884,33,
3,478,Overall,Overall,35,10,41,0.0,-0.726744,0.387299,964,19,
3,479,Overall,Overall,35,8,41,-1.0,-1.049778,0.429528,948,21,
3,480,Overall,Overall,35,8,41,-1.0,-0.924378,0.410988,954,21,
3,481,Overall,Overall,35,25,41,1.0,1.402532,0.301913,1070,15,
3,482,Overall,Overall,35,8,41,-1.5,-1.129706,0.43876,944,22,
3,483,Overall,Overall,35,26,41,2.0,2.07732,0.333405,1104,17,
3,484,Overall,Overall,35,12,41,0.0,-0.046889,0.321023,998,16,
3,485,Overall,Overall,35,11,41,-1.0,-0.590641,0.370133,970,19,
3,486,Overall,Overall,35,12,41,0.0,-0.31055,0.344437,984,17,
3,487,Overall,Overall,35,20,41,0.5,0.587712,0.300178,1029,15,
3,488,Overall,Overall,35,23,41,2.0,2.008335,0.335781,1100,17,
3,489,Overall,Overall,35,5,41,-2.0,-2.505157,0.690331,875,35,
3,490,Overall,Overall,35,24,41,1.5,1.486901,0.304517,1074,15,
3,491,Overall,Overall,35,8,41,-0.5,-1.08623,0.432626,946,22,
3,492,Overall,Overall,35,30,41,2.0,2.060354,0.336397,1103,17,
3,493,Overall,Overall,35,8,41,-1.0,-0.876016,0.407209,956,20,
3,494,Overall,Overall,35,17,41,0.5,0.565045,0.296806,1028,15,
3,495,Overall,Overall,35,9,41,-1.0,-0.804481,0.397905,960,20,
3,496,Overall,Overall,35,24,41,1.5,1.36528,0.300963,1068,15,
3,497,Overall,Overall,35,4,41,-2.0,-2.595456,0.711798,870,36,
3,498,Overall,Overall,35,8,41,-1.0,-1.111639,0.436177,944,22,
3,499,Overall,Overall,35,20,41,1.0,0.76736,0.297912,1038,15,
3,500,Overall,Overall,35,6,41,-2.0,-1.601558,0.514007,920,26,
3,501,Overall,Overall,35,22,41,1.5,1.121599,0.297212,1056,15,
3,502,Overall,Overall,35,24,41,1.5,1.972526,0.329506,1099,16,
3,503,Overall,Overall,35,21,41,1.0,0.868546,0.297251,1043,15,
3,504,Overall,Overall,35,6,41,-1.5,-1.945139,0.575466,903,29,
3,505,Overall,Overall,35,8,41,-1.5,-1.157368,0.442714,942,22,
3,506,Overall,Overall,35,6,41,-1.0,-1.537631,0.50789,923,25,
3,507,Overall,Overall,35,7,41,-1.0,-1.129604,0.439176,944,22,
3,508,Overall,Overall,35,17,41,1.0,0.593366,0.296272,1030,15,
3,509,Overall,Overall,35,7,41,-1.0,-1.364054,0.474839,932,24,
3,510,Overall,Overall,35,10,41,0.0,-0.471439,0.360034,976,18,
3,511,Overall,Overall,35,17,41,0.0,0.336878,0.300957,1017,15,
3,512,Overall,Overall,35,8,41,-1.0,-1.239811,0.455353,938,23,
3,513,Overall,Overall,35,12,41,0.0,0.017367,0.317123,1001,16,
3,514,Overall,Overall,35,25,41,1.5,1.686319,0.318299,1084,16,
3,515,Overall,Overall,35,11,41,0.0,-0.096908,0.324358,995,16,
3,516,Overall,Overall,35,27,41,1.5,1.494569,0.315631,1075,16,
3,517,Overall,Overall,35,9,41,0.0,-0.24218,0.336038,988,17,
3,518,Overall,Overall,35,13,41,0.0,-0.120218,0.326598,994,16,
3,519,Overall,Overall,35,6,41,-1.0,-1.162793,0.446447,942,22,
3,520,Overall,Overall,35,12,41,0.0,-0.380182,0.350642,981,18,
3,521,Overall,Overall,35,1,41,-2.0,-4.656266,1.461159,767,73,
3,522,Overall,Overall,35,7,41,-1.5,-1.304604,0.465072,935,23,
3,523,Overall,Overall,35,16,41,1.0,0.73313,0.306351,1037,15,
3,524,Overall,Overall,35,17,41,0.5,0.507916,0.296981,1025,15,
3,525,Overall,Overall,35,24,41,1.0,1.189186,0.303537,1059,15,
3,526,Overall,Overall,35,26,41,2.0,1.769293,0.317732,1088,16,
3,527,Overall,Overall,35,7,41,-1.0,-1.130072,0.438547,943,22,
3,528,Overall,Overall,35,15,41,0.5,0.388201,0.300064,1019,15,
3,529,Overall,Overall,35,23,41,1.0,1.225399,0.30315,1061,15,
3,530,Overall,Overall,35,7,41,-1.0,-1.286761,0.462831,936,23,
3,531,Overall,Overall,35,8,41,-1.0,-1.246495,0.456483,938,23,
3,532,Overall,Overall,35,7,41,-2.0,-1.690477,0.52814,915,26,
3,533,Overall,Overall,35,28,41,2.0,1.60793,0.311234,1080,16,
3,534,Overall,Overall,35,17,41,0.0,0.54196,0.295857,1027,15,
3,535,Overall,Overall,35,2,41,-2.0,-2.873057,0.815021,856,41,
3,536,Overall,Overall,35,25,41,1.5,1.545829,0.306515,1077,15,
3,537,Overall,Overall,35,17,41,-0.5,0.101056,0.314462,1005,16,
3,538,Overall,Overall,35,7,41,-1.5,-1.338814,0.469521,933,23,
3,539,Overall,Overall,35,17,41,1.0,0.697275,0.298297,1035,15,
3,540,Overall,Overall,35,26,41,2.0,1.415019,0.304018,1071,15,
3,541,Overall,Overall,35,14,41,0.0,0.142908,0.309143,1007,15,
3,542,Overall,Overall,35,27,41,2.0,1.776633,0.318631,1089,16,
3,543,Overall,Overall,35,11,41,0.0,-0.182034,0.331385,991,17,
3,544,Overall,Overall,35,26,41,2.0,1.98358,0.328349,1099,16,
3,545,Overall,Overall,35,13,41,0.0,0.050192,0.314468,1003,16,
3,546,Overall,Overall,35,5,41,-2.0,-1.466312,0.49492,927,25,
3,547,Overall,Overall,35,3,41,-2.0,-3.571602,0.996241,821,50,
3,548,Overall,Overall,35,25,41,2.0,1.979401,0.329072,1099,16,
3,549,Overall,Overall,35,20,41,1.0,0.922493,0.295942,1046,15,
3,550,Overall,Overall,35,10,41,0.0,-0.123571,0.328876,994,16,
3,551,Overall,Overall,35,7,41,-1.5,-1.31278,0.46687,934,23,
3,552,Overall,Overall,35,15,41,0.5,0.553558,0.305683,1028,15,
3,553,Overall,Overall,35,25,41,1.5,1.477864,0.307596,1074,15,
3,554,Overall,Overall,35,12,41,0.0,-0.182362,0.331466,991,17,
3,555,Overall,Overall,35,21,41,1.5,1.603354,0.320383,1080,16,
3,556,Overall,Overall,35,14,41,0.0,0.132533,0.309327,1007,15,
3,557,Overall,Overall,35,8,41,-1.0,-0.764573,0.393696,962,20,
3,558,Overall,Overall,35,7,41,-2.0,-1.583122,0.509197,921,25,
3,559,Overall,Overall,35,3,41,-2.0,-2.677505,0.74809,866,37,
3,560,Overall,Overall,35,23,41,1.0,1.244617,0.298952,1062,15,
3,561,Overall,Overall,35,21,41,1.0,0.749314,0.299491,1037,15,
3,562,Overall,Overall,35,12,41,0.0,0.086292,0.312664,1004,16,
3,563,Overall,Overall,35,7,41,-1.5,-0.675469,0.385673,966,19,
3,564,Overall,Overall,35,7,41,-1.0,-1.080487,0.431848,946,22,
3,565,Overall,Overall,35,14,41,0.0,0.264715,0.304451,1013,15,
3,566,Overall,Overall,35,13,41,-0.5,-0.061861,0.32262,997,16,
3,567,Overall,Overall,35,18,41,1.0,0.782027,0.299271,1039,15,
3,568,Overall,Overall,35,14,41,0.5,0.25378,0.313141,1013,16,
3,569,Overall,Overall,35,15,41,0.0,0.068225,0.315725,1003,16,
3,570,Overall,Overall,35,21,41,1.0,0.899037,0.295969,1045,15,
3,571,Overall,Overall,35,24,41,1.5,1.415733,0.302539,1071,15,
3,572,Overall,Overall,35,4,41,-2.0,-2.164902,0.633139,892,32,
3,573,Overall,Overall,35,4,41,-2.0,-2.896907,0.793619,855,40,
3,574,Overall,Overall,35,18,41,1.0,0.745613,0.295475,1037,15,
3,575,Overall,Overall,35,30,41,2.0,2.538751,0.357426,1127,18,
3,576,Overall,Overall,35,26,41,1.5,1.622453,0.310847,1081,16,
3,577,Overall,Overall,35,30,41,2.0,2.553515,0.358532,1128,18,
3,578,Overall,Overall,35,19,41,0.5,0.699734,0.294903,1035,15,
3,579,Overall,Overall,35,14,41,0.0,0.186649,0.308849,1009,15,
3,580,Overall,Overall,35,10,41,-1.0,-0.877925,0.407183,956,20,
3,581,Overall,Overall,35,28,41,2.0,2.219271,0.338363,1111,17,
3,582,Overall,Overall,35,6,41,-2.0,-1.45571,0.487979,927,24,
3,583,Overall,Overall,35,9,41,-1.0,-0.996965,0.419785,950,21,
3,584,Overall,Overall,35,17,41,0.5,0.437739,0.298321,1022,15,
3,585,Overall,Overall,35,27,41,2.0,2.142796,0.333928,1107,17,
3,586,Overall,Overall,35,17,41,0.5,0.470796,0.29754,1024,15,
3,587,Overall,Overall,35,13,41,0.0,-0.139155,0.326525,993,16,
3,588,Overall,Overall,35,9,41,-0.5,-0.657174,0.378713,967,19,
3,589,Overall,Overall,35,7,41,-1.5,-1.44319,0.490214,928,25,
3,590,Overall,Overall,35,6,41,-2.0,-1.637131,0.520371,918,26,
3,591,Overall,Overall,35,14,41,0.0,0.133895,0.31103,1007,16,
3,592,Overall,Overall,35,21,41,1.0,1.092013,0.301738,1055,15,
3,593,Overall,Overall,35,13,41,0.0,-0.04102,0.319822,998,16,
3,594,Overall,Overall,35,23,41,2.0,1.797333,0.329099,1090,16,
3,595,Overall,Overall,35,25,41,1.0,1.415713,0.310898,1071,16,
3,596,Overall,Overall,35,5,41,-2.0,-1.909182,0.572851,905,29,
3,597,Overall,Overall,35,18,41,0.5,0.756972,0.297652,1038,15,
3,598,Overall,Overall,35,5,41,-2.0,-2.214768,0.627306,889,31,
3,599,Overall,Overall,35,9,41,0.5,-0.334128,0.34736,983,17,
3,600,Overall,Overall,35,26,41,2.0,2.180208,0.336181,1109,17,
3,601,Overall,Overall,35,26,41,1.5,1.09987,0.305121,1055,15,
3,602,Overall,Overall,35,6,41,-2.0,-1.843776,0.554798,908,28,
3,603,Overall,Overall,35,12,41,0.0,-0.084737,0.32275,996,16,
3,604,Overall,Overall,35,26,41,2.0,2.102378,0.333402,1105,17,
3,605,Overall,Overall,35,21,41,0.5,0.702439,0.297878,1035,15,
3,606,Overall,Overall,35,17,41,1.0,0.626502,0.295707,1031,15,
3,607,Overall,Overall,35,26,41,1.0,1.493904,0.305348,1075,15,
3,608,Overall,Overall,35,9,41,-1.0,-1.032371,0.425698,948,21,
3,609,Overall,Overall,35,7,41,-2.0,-1.578721,0.508442,921,25,
3,610,Overall,Overall,35,11,41,-0.5,-0.419527,0.354284,979,18,
3,611,Overall,Overall,35,5,41,-1.5,-1.712841,0.533129,914,27,
3,612,Overall,Overall,35,7,41,-1.0,-1.315643,0.46722,934,23,
3,613,Overall,Overall,35,19,41,1.0,0.747952,0.295049,1037,15,
3,614,Overall,Overall,35,24,41,1.0,1.21047,0.298976,1061,15,
3,615,Overall,Overall,35,4,41,-2.0,-2.895056,0.785373,855,39,
3,616,Overall,Overall,35,12,41,0.0,-0.051587,0.322293,997,16,
3,617,Overall,Overall,35,20,41,1.0,0.745995,0.29434,1037,15,
3,618,Overall,Overall,35,9,41,-0.5,-1.088888,0.432785,946,22,
3,619,Overall,Overall,35,29,41,2.0,1.99881,0.331805,1100,17,
3,620,Overall,Overall,35,14,41,0.0,0.323328,0.310295,1016,16,
3,621,Overall,Overall,35,16,41,0.5,0.341402,0.301093,1017,15,
3,622,Overall,Overall,35,27,41,1.5,1.863877,0.323231,1093,16,
3,623,Overall,Overall,35,19,41,1.5,0.891975,0.303253,1045,15,
3,624,Overall,Overall,35,12,41,-1.0,-0.725839,0.388331,964,19,
3,625,Overall,Overall,35,7,41,-1.0,-1.40522,0.481423,930,24,
3,626,Overall,Overall,35,26,41,2.0,2.163127,0.335864,1108,17,
3,627,Overall,Overall,35,9,41,-0.5,-0.7377,0.388955,963,19,
3,628,Overall,Overall,35,14,41,0.5,0.068363,0.312795,1003,16,
3,629,Overall,Overall,35,6,41,-2.0,-2.082694,0.602322,896,30,
3,630,Overall,Overall,35,5,41,-2.0,-2.370405,0.663198,881,33,
3,631,Overall,Overall,35,26,41,2.0,2.106686,0.334838,1105,17,
3,632,Overall,Overall,35,5,41,-2.0,-2.337716,0.653412,883,33,
3,633,Overall,Overall,35,14,41,0.0,-0.01658,0.322109,999,16,
3,634,Overall,Overall,35,7,41,-2.0,-1.493566,0.494146,925,25,
3,635,Overall,Overall,35,25,41,1.5,1.525162,0.306015,1076,15,
3,636,Overall,Overall,35,7,41,-2.0,-1.638599,0.518852,918,26,
3,637,Overall,Overall,35,26,41,2.0,1.538695,0.306235,1077,15,
3,638,Overall,Overall,35,9,41,-1.5,-1.147128,0.44227,943,22,
3,639,Overall,Overall,35,5,41,-1.5,-2.208426,0.626237,890,31,
3,640,Overall,Overall,35,3,41,-1.5,-2.988571,0.812792,851,41,
3,641,Overall,Overall,35,7,41,-1.5,-1.684497,0.529082,916,26,
3,642,Overall,Overall,35,27,41,1.0,1.473764,0.316474,1074,16,
3,643,Overall,Overall,35,26,41,1.5,2.129402,0.33602,1106,17,
3,644,Overall,Overall,35,28,41,1.5,2.407023,0.349206,1120,17,
3,645,Overall,Overall,35,7,41,-1.5,-1.514437,0.504989,924,25,
3,646,Overall,Overall,35,16,41,0.5,0.32275,0.301785,1016,15,
3,647,Overall,Overall,35,26,41,1.5,1.428646,0.311936,1071,16,
3,648,Overall,Overall,35,22,41,1.5,1.195598,0.298334,1060,15,
3,649,Overall,Overall,35,6,41,-1.5,-2.268205,0.643612,887,32,
3,650,Overall,Overall,35,20,41,1.5,0.852126,0.294816,1043,15,
3,651,Overall,Overall,35,10,41,-1.5,-1.100253,0.441793,945,22,
3,652,Overall,Overall,35,21,41,1.0,1.120132,0.297613,1056,15,
3,653,Overall,Overall,35,12,41,-0.5,-0.210521,0.334721,989,17,
3,654,Overall,Overall,35,21,41,1.5,1.247915,0.301635,1062,15,
3,655,Overall,Overall,35,19,41,1.0,1.115681,0.30653,1056,15,
3,656,Overall,Overall,35,14,41,0.5,0.05221,0.31539,1003,16,
3,657,Overall,Overall,35,27,41,1.5,1.745411,0.316645,1087,16,
3,658,Overall,Overall,35,3,41,-2.0,-2.697287,0.757099,865,38,
3,659,Overall,Overall,35,6,41,-1.0,-1.328708,0.46962,934,23,
3,660,Overall,Overall,35,10,41,-0.5,-0.207517,0.333667,990,17,
3,661,Overall,Overall,35,16,41,0.5,0.640277,0.299015,1032,15,
3,662,Overall,Overall,35,11,41,0.0,0.007236,0.329169,1000,16,
3,663,Overall,Overall,35,16,41,0.5,0.501816,0.297445,1025,15,
3,664,Overall,Overall,35,19,41,1.0,0.703398,0.29441,1035,15,
3,665,Overall,Overall,35,29,41,2.0,2.353543,0.345401,1118,17,
3,666,Overall,Overall,35,5,41,-2.0,-2.313239,0.649552,884,32,
3,667,Overall,Overall,35,17,41,1.0,0.790965,0.30065,1040,15,
3,668,Overall,Overall,35,28,41,2.0,1.947028,0.332377,1097,17,
3,669,Overall,Overall,35,11,41,0.0,-0.184495,0.331598,991,17,
3,670,Overall,Overall,35,22,41,1.5,0.993907,0.299129,1050,15,
3,671,Overall,Overall,35,26,41,1.5,1.789351,0.319056,1089,16,
3,672,Overall,Overall,35,17,41,0.5,0.429041,0.298455,1021,15,
3,673,Overall,Overall,35,27,41,2.0,2.219928,0.338039,1111,17,
3,674,Overall,Overall,35,5,41,-2.0,-2.292677,0.643596,885,32,
3,675,Overall,Overall,35,6,41,-2.0,-1.619343,0.515472,919,26,
3,676,Overall,Overall,35,23,41,1.5,1.365145,0.301643,1068,15,
3,677,Overall,Overall,35,23,41,1.5,1.362382,0.300894,1068,15,
3,678,Overall,Overall,35,6,41,-2.0,-1.661836,0.524437,917,26,
3,679,Overall,Overall,35,11,41,-0.5,-0.379584,0.349479,981,17,
3,680,Overall,Overall,35,21,41,1.5,1.653008,0.32113,1083,16,
3,681,Overall,Overall,35,20,41,1.0,0.674213,0.29579,1034,15,
3,682,Overall,Overall,35,7,41,-1.0,-0.955317,0.415888,952,21,
3,683,Overall,Overall,35,5,41,-2.0,-2.320191,0.651958,884,33,
3,684,Overall,Overall,35,18,41,0.5,0.559286,0.29829,1028,15,
3,685,Overall,Overall,35,25,41,2.0,1.863836,0.323708,1093,16,
3,686,Overall,Overall,35,16,41,0.5,0.235767,0.305452,1012,15,
3,687,Overall,Overall,35,22,41,1.5,1.199611,0.298193,1060,15,
3,688,Overall,Overall,35,20,41,0.5,1.004985,0.299835,1050,15,
3,689,Overall,Overall,35,8,41,-1.0,-1.173517,0.452442,941,23,
3,690,Overall,Overall,35,9,41,-0.5,-0.675609,0.382343,966,19,
3,691,Overall,Overall,35,28,41,1.5,1.795766,0.319729,1090,16,
3,692,Overall,Overall,35,17,41,0.0,0.428477,0.298523,1021,15,
3,693,Overall,Overall,35,14,41,0.0,0.075496,0.312397,1004,16,
3,694,Overall,Overall,35,7,41,-0.5,-0.676291,0.384951,966,19,
3,695,Overall,Overall,35,6,41,-2.0,-2.06679,0.599074,897,30,
3,696,Overall,Overall,35,24,41,1.0,1.022531,0.300477,1051,15,
3,697,Overall,Overall,35,13,41,0.0,0.092905,0.312556,1005,16,
3,698,Overall,Overall,35,21,41,0.5,0.733206,0.296147,1037,15,
3,699,Overall,Overall,35,8,41,-1.0,-1.323722,0.473552,934,24,
3,700,Overall,Overall,35,19,41,1.0,0.592058,0.296206,1030,15,
3,701,Overall,Overall,35,20,41,1.5,1.255961,0.302367,1063,15,
3,702,Overall,Overall,35,4,41,-2.0,-2.654625,0.729754,867,36,
3,703,Overall,Overall,35,21,41,0.5,0.92213,0.296537,1046,15,
3,704,Overall,Overall,35,17,41,0.5,0.435608,0.297996,1022,15,
3,705,Overall,Overall,35,13,41,0.0,-0.250224,0.338148,987,17,
3,706,Overall,Overall,35,13,41,0.0,-0.27006,0.338643,986,17,
3,707,Overall,Overall,35,11,41,-0.5,-0.284268,0.342177,986,17,
3,708,Overall,Overall,35,13,41,0.5,0.108907,0.312089,1005,16,
3,709,Overall,Overall,35,20,41,1.0,0.892795,0.296317,1045,15,
3,710,Overall,Overall,35,5,41,-2.0,-2.048219,0.594187,898,30,
3,711,Overall,Overall,35,14,41,-0.5,0.034499,0.3156,1002,16,
3,712,Overall,Overall,35,19,41,0.5,0.615617,0.295279,1031,15,
3,713,Overall,Overall,35,25,41,1.5,1.674892,0.318289,1084,16,
3,714,Overall,Overall,35,5,41,-1.5,-2.094892,0.604211,895,30,
3,715,Overall,Overall,35,21,41,1.0,1.415829,0.311216,1071,16,
3,716,Overall,Overall,35,13,41,0.0,0.104355,0.311644,1005,16,
3,717,Overall,Overall,35,5,41,-1.0,-2.081628,0.601165,896,30,
3,718,Overall,Overall,35,9,41,-1.5,-1.056303,0.429086,947,21,
3,719,Overall,Overall,35,2,41,-2.0,-3.151626,0.880068,842,44,
3,720,Overall,Overall,35,5,41,-1.0,-1.576051,0.517286,921,26,
3,721,Overall,Overall,35,9,41,-1.5,-1.052894,0.428105,947,21,
3,722,Overall,Overall,35,24,41,1.0,1.39349,0.302124,1070,15,
3,723,Overall,Overall,35,11,41,-0.5,-0.140884,0.328465,993,16,
3,724,Overall,Overall,35,11,41,-1.0,-0.512824,0.361575,974,18,
3,725,Overall,Overall,35,13,41,0.0,0.013305,0.316564,1001,16,
3,726,Overall,Overall,35,10,41,-1.5,-0.46169,0.355491,977,18,
3,727,Overall,Overall,35,13,41,-0.5,0.069557,0.313674,1003,16,
3,728,Overall,Overall,35,15,41,0.5,0.223843,0.306071,1011,15,
3,729,Overall,Overall,35,19,41,0.5,0.878844,0.303279,1044,15,
3,730,Overall,Overall,35,20,41,1.0,0.925319,0.297648,1046,15,
3,731,Overall,Overall,35,11,41,-1.5,-0.398364,0.351218,980,18,
3,732,Overall,Overall,35,6,41,-1.5,-1.645075,0.519996,918,26,
3,733,Overall,Overall,35,13,41,-0.5,-0.190968,0.332334,990,17,
3,734,Overall,Overall,35,24,41,2.0,1.246543,0.299403,1062,15,
3,735,Overall,Overall,35,15,41,0.5,0.251903,0.30599,1013,15,
3,736,Overall,Overall,35,5,41,-2.0,-1.866099,0.558843,907,28,
3,737,Overall,Overall,35,21,41,1.0,1.104283,0.29751,1055,15,
3,738,Overall,Overall,35,25,41,2.0,2.077598,0.331308,1104,17,
3,739,Overall,Overall,35,15,41,0.5,0.098869,0.313696,1005,16,
3,740,Overall,Overall,35,25,41,2.0,1.514544,0.306013,1076,15,
3,741,Overall,Overall,35,13,41,0.0,-0.038095,0.320055,998,16,
3,742,Overall,Overall,35,6,41,-2.0,-1.889777,0.56381,906,28,
3,743,Overall,Overall,35,8,41,-1.0,-1.114179,0.436692,944,22,
3,744,Overall,Overall,35,8,41,-1.0,-1.07769,0.431241,946,22,
3,745,Overall,Overall,35,18,41,0.5,0.596389,0.295657,1030,15,
3,746,Overall,Overall,35,19,41,1.0,0.848346,0.298232,1042,15,
3,747,Overall,Overall,35,5,41,-2.0,-2.254226,0.644146,887,32,
3,748,Overall,Overall,35,18,41,1.0,0.615893,0.295328,1031,15,
3,749,Overall,Overall,35,9,41,-1.5,-1.046207,0.426955,948,21,
3,750,Overall,Overall,35,11,41,-0.5,-0.44305,0.355271,978,18,
3,751,Overall,Overall,35,9,41,-1.0,-0.931261,0.411329,953,21,
3,752,Overall,Overall,35,25,41,2.0,1.491263,0.313018,1075,16,
3,753,Overall,Overall,35,4,41,-1.5,-1.728141,0.539003,914,27,
3,754,Overall,Overall,35,4,41,-1.0,-2.461946,0.68406,877,34,
3,755,Overall,Overall,35,18,41,0.5,0.515349,0.297863,1026,15,
3,756,Overall,Overall,35,5,41,-1.5,-2.184849,0.621368,891,31,
3,757,Overall,Overall,35,20,41,0.5,0.702377,0.295986,1035,15,
3,758,Overall,Overall,35,22,41,2.0,1.43125,0.309255,1072,15,
3,759,Overall,Overall,35,27,41,2.0,1.794611,0.319362,1090,16,
3,760,Overall,Overall,35,19,41,1.0,0.869657,0.295966,1043,15,
3,761,Overall,Overall,35,28,41,2.0,2.218741,0.339038,1111,17,
3,762,Overall,Overall,35,13,41,0.0,0.141022,0.309641,1007,15,
3,763,Overall,Overall,35,7,41,-1.5,-1.497812,0.496065,925,25,
3,764,Overall,Overall,35,13,41,-0.5,-0.010041,0.319351,999,16,
3,765,Overall,Overall,35,11,41,-0.5,-0.709194,0.385335,965,19,
3,766,Overall,Overall,35,19,41,0.5,0.575937,0.298592,1029,15,
3,767,Overall,Overall,35,9,41,-1.0,-0.890538,0.407736,955,20,
3,768,Overall,Overall,35,17,41,1.0,0.435203,0.302286,1022,15,
3,769,Overall,Overall,35,24,41,1.0,1.360081,0.301108,1068,15,
3,770,Overall,Overall,35,17,41,0.5,0.53958,0.296465,1027,15,
3,771,Overall,Overall,35,8,41,-1.0,-0.87117,0.406319,956,20,
3,772,Overall,Overall,35,26,41,2.0,1.63667,0.312433,1082,16,
3,773,Overall,Overall,35,6,41,-2.0,-1.47805,0.496404,926,25,
3,774,Overall,Overall,35,23,41,2.0,1.486038,0.306727,1074,15,
3,775,Overall,Overall,35,13,41,0.0,0.089271,0.312265,1004,16,
3,776,Overall,Overall,35,23,41,1.5,1.329508,0.300163,1066,15,
3,777,Overall,Overall,35,15,41,0.5,-0.082819,0.32609,996,16,
3,778,Overall,Overall,35,21,41,1.0,1.137623,0.297989,1057,15,
3,779,Overall,Overall,35,11,41,-0.5,-0.261274,0.338775,987,17,
3,780,Overall,Overall,35,23,41,1.0,1.024941,0.300443,1051,15,
3,781,Overall,Overall,35,28,41,2.0,2.509873,0.361074,1125,18,
3,782,Overall,Overall,35,12,41,-0.5,-0.433803,0.353733,978,18,
3,783,Overall,Overall,35,16,41,0.5,0.494498,0.29726,1025,15,
3,784,Overall,Overall,35,27,41,2.0,2.221644,0.33774,1111,17,
3,785,Overall,Overall,35,14,41,-0.5,0.010767,0.319069,1001,16,
3,786,Overall,Overall,35,19,41,1.0,0.609079,0.298947,1030,15,
3,787,Overall,Overall,35,10,41,-1.5,-0.947725,0.414408,953,21,
3,788,Overall,Overall,35,16,41,0.5,0.323212,0.301896,1016,15,
3,789,Overall,Overall,35,9,41,-0.5,-1.146753,0.441406,943,22,
3,790,Overall,Overall,35,25,41,1.5,1.412783,0.311504,1071,16,
3,791,Overall,Overall,35,26,41,2.0,2.129341,0.334028,1106,17,
3,792,Overall,Overall,35,8,41,-1.0,-1.335832,0.469701,933,23,
3,793,Overall,Overall,35,7,41,-1.0,-1.430309,0.485188,928,24,
3,794,Overall,Overall,35,6,41,-1.0,-1.610486,0.51908,919,26,
3,795,Overall,Overall,35,13,41,0.0,-0.153642,0.328414,992,16,
3,796,Overall,Overall,35,19,41,1.0,0.814691,0.29656,1041,15,
3,797,Overall,Overall,35,5,41,-2.0,-2.265587,0.638158,887,32,
3,798,Overall,Overall,35,18,41,0.5,0.403565,0.302749,1020,15,
3,799,Overall,Overall,35,8,41,-0.5,-0.539133,0.367724,973,18,
3,800,Overall,Overall,35,25,41,2.0,1.825958,0.32293,1091,16,
3,801,Overall,Overall,35,15,41,0.5,0.262267,0.303536,1013,15,
3,802,Overall,Overall,35,14,41,0.0,-0.009611,0.317662,1000,16,
3,803,Overall,Overall,35,9,41,-1.0,-0.811953,0.396059,959,20,
3,804,Overall,Overall,35,12,41,0.5,0.120994,0.321679,1006,16,
3,805,Overall,Overall,35,7,41,-1.0,-1.642373,0.519518,918,26,
3,806,Overall,Overall,35,8,41,-0.5,-1.054911,0.428376,947,21,
3,807,Overall,Overall,35,17,41,1.0,0.771629,0.29964,1039,15,
3,808,Overall,Overall,35,2,41,-2.0,-3.990982,1.147771,800,57,
3,809,Overall,Overall,35,15,41,0.0,0.201329,0.308843,1010,15,
3,810,Overall,Overall,35,20,41,1.5,1.23312,0.302161,1062,15,
3,811,Overall,Overall,35,10,41,-0.5,-0.480551,0.359053,976,18,
3,812,Overall,Overall,35,10,41,-0.5,-0.625264,0.375474,969,19,
3,813,Overall,Overall,35,7,41,-1.0,-0.745435,0.391633,963,20,
3,814,Overall,Overall,35,4,41,-1.5,-3.173511,0.871419,841,44,
3,815,Overall,Overall,35,19,41,0.5,0.717208,0.297248,1036,15,
3,816,Overall,Overall,35,7,41,-2.0,-1.19432,0.455257,940,23,
3,817,Overall,Overall,35,5,41,-2.0,-2.321639,0.653591,884,33,
3,818,Overall,Overall,35,5,41,-1.0,-2.012635,0.58757,899,29,
3,819,Overall,Overall,35,9,41,-1.0,-0.624115,0.373482,969,19,
3,820,Overall,Overall,35,7,41,-1.5,-1.556534,0.505307,922,25,
3,821,Overall,Overall,35,26,41,1.5,1.742591,0.317045,1087,16,
3,822,Overall,Overall,35,5,41,-2.0,-2.043781,0.592541,898,30,
3,823,Overall,Overall,35,11,41,-0.5,-0.383165,0.348481,981,17,
3,824,Overall,Overall,35,7,41,-1.5,-1.496181,0.497511,925,25,
3,825,Overall,Overall,35,29,41,2.0,1.936801,0.32867,1097,16,
3,826,Overall,Overall,35,19,41,0.5,0.921231,0.298798,1046,15,
3,827,Overall,Overall,35,10,41,-1.5,-0.824046,0.398037,959,20,
3,828,Overall,Overall,35,13,41,0.0,0.036615,0.315838,1002,16,
3,829,Overall,Overall,35,10,41,-1.0,-0.842336,0.400541,958,20,
3,830,Overall,Overall,35,13,41,0.5,-0.020071,0.318158,999,16,
3,831,Overall,Overall,35,21,41,1.5,1.125703,0.300782,1056,15,
3,832,Overall,Overall,35,9,41,-0.5,-0.464221,0.35947,977,18,
3,833,Overall,Overall,35,24,41,1.5,1.891993,0.326885,1095,16,
3,834,Overall,Overall,35,13,41,0.0,-0.04744,0.32067,998,16,
3,835,Overall,Overall,35,14,41,0.5,0.302558,0.302165,1015,15,
3,836,Overall,Overall,35,11,41,-0.5,-0.219144,0.335576,989,17,
3,837,Overall,Overall,35,13,41,0.0,0.009311,0.316287,1000,16,
3,838,Overall,Overall,35,6,41,-0.5,-1.879639,0.561908,906,28,
3,839,Overall,Overall,35,8,41,-1.0,-0.717014,0.384584,964,19,
3,840,Overall,Overall,35,8,41,-1.0,-1.360453,0.478807,932,24,
3,841,Overall,Overall,35,7,41,-1.5,-1.458938,0.490653,927,25,
3,842,Overall,Overall,35,7,41,-0.5,-1.23153,0.454145,938,23,
3,843,Overall,Overall,35,8,41,-1.0,-1.503042,0.506812,925,25,
3,844,Overall,Overall,35,8,41,-1.0,-1.157648,0.443458,942,22,
3,845,Overall,Overall,35,25,41,1.5,1.360393,0.308517,1068,15,
3,846,Overall,Overall,35,10,41,-1.0,-0.695127,0.382535,965,19,
3,847,Overall,Overall,35,11,41,0.0,-0.194638,0.332457,990,17,
3,848,Overall,Overall,35,25,41,1.5,1.817146,0.323119,1091,16,
3,849,Overall,Overall,35,5,41,-1.5,-1.746198,0.538251,913,27,
3,850,Overall,Overall,35,22,41,2.0,1.30314,0.306193,1065,15,
3,851,Overall,Overall,35,7,41,-2.0,-1.522754,0.504533,924,25,
3,852,Overall,Overall,35,7,41,-1.0,-1.450955,0.487213,927,24,
3,853,Overall,Overall,35,13,41,0.0,-0.122364,0.32679,994,16,
3,854,Overall,Overall,35,29,41,2.0,1.844085,0.323992,1092,16,
3,855,Overall,Overall,35,25,41,1.5,1.268294,0.306719,1063,15,
3,856,Overall,Overall,35,5,41,-1.5,-2.155652,0.61517,892,31,
3,857,Overall,Overall,35,15,41,-0.5,0.124658,0.313051,1006,16,
3,858,Overall,Overall,35,15,41,0.0,0.002416,0.316979,1000,16,
3,859,Overall,Overall,35,10,41,-0.5,-0.427917,0.355481,979,18,
3,860,Overall,Overall,35,22,41,1.5,1.835941,0.327155,1092,16,
3,861,Overall,Overall,35,14,41,0.0,0.214246,0.305704,1011,15,
3,862,Overall,Overall,35,13,41,-0.5,-0.174922,0.330599,991,17,
3,863,Overall,Overall,35,7,41,-0.5,-1.635641,0.518331,918,26,
3,864,Overall,Overall,35,11,41,-1.0,-0.27386,0.338225,986,17,
3,865,Overall,Overall,35,13,41,-0.5,-0.201614,0.333744,990,17,
3,866,Overall,Overall,35,9,41,-0.5,-0.440583,0.357737,978,18,
3,867,Overall,Overall,35,12,41,0.0,-0.196693,0.333963,990,17,
3,868,Overall,Overall,35,8,41,-1.5,-1.210073,0.45058,939,23,
3,869,Overall,Overall,35,8,41,-1.5,-1.315869,0.467663,934,23,
3,870,Overall,Overall,35,26,41,1.5,1.572443,0.308502,1079,15,
3,871,Overall,Overall,35,13,41,0.5,-0.03228,0.321394,998,16,
3,872,Overall,Overall,35,5,41,-0.5,-1.616286,0.519559,919,26,
3,873,Overall,Overall,35,24,41,1.0,1.156378,0.30145,1058,15,
3,874,Overall,Overall,35,6,41,-1.5,-2.120794,0.609283,894,30,
3,875,Overall,Overall,35,28,41,2.0,2.119251,0.334496,1106,17,
3,876,Overall,Overall,35,14,41,0.0,0.0101,0.317787,1001,16,
3,877,Overall,Overall,35,7,41,-1.5,-1.45857,0.488441,927,24,
3,878,Overall,Overall,35,10,41,-0.5,-0.993174,0.420222,950,21,
3,879,Overall,Overall,35,27,41,2.0,2.175482,0.335976,1109,17,
3,880,Overall,Overall,35,9,41,-1.0,-0.892305,0.421188,955,21,
3,881,Overall,Overall,35,17,41,0.5,0.515982,0.296647,1026,15,
3,882,Overall,Overall,35,17,41,1.0,0.686719,0.298247,1034,15,
3,883,Overall,Overall,35,31,41,2.0,2.417239,0.349867,1121,17,
3,884,Overall,Overall,35,32,41,2.0,2.941665,0.400584,1147,20,
3,885,Overall,Overall,35,11,41,-0.5,-0.709864,0.386074,965,19,
3,886,Overall,Overall,35,10,41,-1.0,-0.835595,0.400064,958,20,
3,887,Overall,Overall,35,7,41,-1.0,-1.422216,0.485024,929,24,
3,888,Overall,Overall,35,18,41,0.5,0.972168,0.300657,1049,15,
3,889,Overall,Overall,35,23,41,1.0,0.983074,0.296155,1049,15,
3,890,Overall,Overall,35,11,41,-0.5,-0.280198,0.339042,986,17,
3,891,Overall,Overall,35,11,41,0.0,-0.300896,0.340861,985,17,
3,892,Overall,Overall,35,7,41,-2.0,-1.898943,0.567186,905,28,
3,893,Overall,Overall,35,7,41,-1.0,-1.440546,0.485541,928,24,
3,894,Overall,Overall,35,8,41,-0.5,-0.548365,0.369335,973,18,
3,895,Overall,Overall,35,14,41,0.5,0.536703,0.317779,1027,16,
3,896,Overall,Overall,35,5,41,-1.5,-1.736754,0.544504,913,27,
3,897,Overall,Overall,35,11,41,-1.0,-0.253978,0.337246,987,17,
3,898,Overall,Overall,35,23,41,1.5,1.170215,0.29789,1059,15,
3,899,Overall,Overall,35,11,41,-0.5,-0.40157,0.352573,980,18,
3,900,Overall,Overall,35,12,41,-1.0,-0.239743,0.337086,988,17,
4,1,Overall,Overall,35,25,41,0.5,1.139639,0.30229,1057,15,
4,2,Overall,Overall,35,16,41,0.5,0.265733,0.306348,1013,15,
4,3,Overall,Overall,35,23,41,1.5,1.488748,0.307824,1074,15,
4,4,Overall,Overall,35,16,41,0.5,0.28012,0.305334,1014,15,
4,5,Overall,Overall,35,9,41,-1.5,-1.486947,0.500862,926,25,
4,6,Overall,Overall,35,14,41,-0.5,-0.236833,0.340081,988,17,
4,7,Overall,Overall,35,12,41,-0.5,-0.325875,0.343473,984,17,
4,8,Overall,Overall,35,25,41,2.0,2.061999,0.33379,1103,17,
4,9,Overall,Overall,35,6,41,-1.0,-0.757506,0.393941,962,20,
4,10,Overall,Overall,35,10,41,-1.0,-0.443618,0.355145,978,18,
4,11,Overall,Overall,35,22,41,0.5,0.898411,0.297812,1045,15,
4,12,Overall,Overall,35,21,41,1.0,0.895814,0.295883,1045,15,
4,13,Overall,Overall,35,18,41,0.5,0.399593,0.299608,1020,15,
4,14,Overall,Overall,35,5,41,-1.5,-2.018209,0.592183,899,30,
4,15,Overall,Overall,35,5,41,-1.5,-2.221925,0.630791,889,32,
4,16,Overall,Overall,35,18,41,0.5,0.875634,0.303432,1044,15,
4,17,Overall,Overall,35,5,41,-2.0,-2.204091,0.626051,890,31,
4,18,Overall,Overall,35,25,41,1.5,1.402448,0.303479,1070,15,
4,19,Overall,Overall,35,8,41,-0.5,-1.035305,0.430567,948,22,
4,20,Overall,Overall,35,20,41,1.0,0.691994,0.294917,1035,15,
4,21,Overall,Overall,35,29,41,1.5,1.927417,0.327163,1096,16,
4,22,Overall,Overall,35,12,41,-0.5,-0.169038,0.330021,992,17,
4,23,Overall,Overall,35,8,41,-1.0,-0.903137,0.408727,955,20,
4,24,Overall,Overall,35,23,41,1.5,1.650316,0.314247,1083,16,
4,25,Overall,Overall,35,9,41,-1.0,-0.728738,0.386893,964,19,
4,26,Overall,Overall,35,7,41,-1.5,-1.280761,0.463534,936,23,
4,27,Overall,Overall,35,26,41,2.0,1.893346,0.325103,1095,16,
4,28,Overall,Overall,35,5,41,-1.5,-2.141367,0.614084,893,31,
4,29,Overall,Overall,35,21,41,1.5,1.035453,0.299121,1052,15,
4,30,Overall,Overall,35,11,41,-1.0,-0.530016,0.365803,973,18,
4,31,Overall,Overall,35,6,41,-1.0,-1.466052,0.496735,927,25,
4,32,Overall,Overall,35,27,41,2.0,2.014972,0.32877,1101,16,
4,33,Overall,Overall,35,7,41,-1.5,-1.658544,0.522372,917,26,
4,34,Overall,Overall,35,12,41,0.0,-0.220432,0.33416,989,17,
4,35,Overall,Overall,35,30,41,2.0,2.374437,0.349286,1119,17,
4,36,Overall,Overall,35,9,41,-1.0,-0.752471,0.389035,962,19,
4,37,Overall,Overall,35,25,41,2.0,2.092235,0.334812,1105,17,
4,38,Overall,Overall,35,29,41,2.0,2.766942,0.379691,1138,19,
4,39,Overall,Overall,35,18,41,0.5,0.548878,0.296487,1027,15,
4,40,Overall,Overall,35,8,41,-1.0,-1.171704,0.445093,941,22,
4,41,Overall,Overall,35,5,41,-1.5,-2.257834,0.646259,887,32,
4,42,Overall,Overall,35,6,41,-1.0,-1.179387,0.45381,941,23,
4,43,Overall,Overall,35,9,41,-0.5,-0.401616,0.352619,980,18,
4,44,Overall,Overall,35,26,41,1.5,1.513933,0.309203,1076,15,
4,45,Overall,Overall,35,24,41,2.0,1.74637,0.32094,1087,16,
4,46,Overall,Overall,35,24,41,1.5,1.760398,0.322692,1088,16,
4,47,Overall,Overall,35,24,41,1.0,1.186843,0.303299,1059,15,
4,48,Overall,Overall,35,17,41,-0.5,0.228672,0.305353,1011,15,
4,49,Overall,Overall,35,6,41,-1.0,-1.518714,0.499255,924,25,
4,50,Overall,Overall,35,25,41,1.5,1.607579,0.309588,1080,15,
4,51,Overall,Overall,35,10,41,-0.5,-0.819491,0.398412,959,20,
4,52,Overall,Overall,35,15,41,0.5,0.312403,0.303088,1016,15,
4,53,Overall,Overall,35,11,41,0.0,-0.126116,0.328155,994,16,
4,54,Overall,Overall,35,17,41,0.0,0.446864,0.298593,1022,15,
4,55,Overall,Overall,35,7,41,-1.5,-1.494531,0.494473,925,25,
4,56,Overall,Overall,35,32,41,2.0,2.812359,0.388313,1141,19,
4,57,Overall,Overall,35,23,41,2.0,1.49747,0.305999,1075,15,
4,58,Overall,Overall,35,29,41,2.0,2.500543,0.356075,1125,18,
4,59,Overall,Overall,35,8,41,-1.5,-1.130955,0.439381,943,22,
4,60,Overall,Overall,35,10,41,-1.0,-0.90575,0.408041,955,20,
4,61,Overall,Overall,35,19,41,0.5,0.871163,0.29927,1044,15,
4,62,Overall,Overall,35,11,41,0.0,-0.379037,0.34797,981,17,
4,63,Overall,Overall,35,14,41,0.0,0.157389,0.309563,1008,15,
4,64,Overall,Overall,35,15,41,0.0,0.445804,0.298413,1022,15,
4,65,Overall,Overall,35,5,41,-2.0,-2.402902,0.676786,880,34,
4,66,Overall,Overall,35,9,41,0.0,-0.3791,0.350278,981,18,
4,67,Overall,Overall,35,22,41,1.0,1.153469,0.29836,1058,15,
4,68,Overall,Overall,35,6,41,-1.5,-1.829476,0.556777,909,28,
4,69,Overall,Overall,35,17,41,1.0,0.904076,0.301631,1045,15,
4,70,Overall,Overall,35,7,41,-2.0,-1.612121,0.514558,919,26,
4,71,Overall,Overall,35,12,41,0.0,-0.11804,0.32495,994,16,
4,72,Overall,Overall,35,5,41,-1.5,-2.07497,0.602347,896,30,
4,73,Overall,Overall,35,16,41,0.0,0.212854,0.307444,1011,15,
4,74,Overall,Overall,35,23,41,1.0,1.15219,0.298013,1058,15,
4,75,Overall,Overall,35,7,41,-1.5,-1.765059,0.548774,912,27,
4,76,Overall,Overall,35,7,41,-1.5,-1.245169,0.457229,938,23,
4,77,Overall,Overall,35,12,41,-0.5,-0.304748,0.340705,985,17,
4,78,Overall,Overall,35,17,41,0.5,0.591761,0.301151,1030,15,
4,79,Overall,Overall,35,27,41,1.5,1.332144,0.308434,1067,15,
4,80,Overall,Overall,35,12,41,-1.0,-0.330516,0.343486,983,17,
4,81,Overall,Overall,35,21,41,1.0,1.159908,0.29813,1058,15,
4,82,Overall,Overall,35,7,41,-2.0,-1.798943,0.549658,910,27,
4,83,Overall,Overall,35,8,41,-1.0,-0.943749,0.41395,953,21,
4,84,Overall,Overall,35,19,41,0.5,0.453757,0.300877,1023,15,
4,85,Overall,Overall,35,6,41,-2.0,-1.784671,0.547014,911,27,
4,86,Overall,Overall,35,6,41,-2.0,-1.713977,0.5363,914,27,
4,87,Overall,Overall,35,27,41,2.0,1.841817,0.32157,1092,16,
4,88,Overall,Overall,35,23,41,2.0,1.853912,0.325117,1093,16,
4,89,Overall,Overall,35,13,41,0.0,0.094173,0.312858,1005,16,
4,90,Overall,Overall,35,7,41,-2.0,-1.508535,0.496616,925,25,
4,91,Overall,Overall,35,25,41,1.5,1.414726,0.302511,1071,15,
4,92,Overall,Overall,35,9,41,-1.0,-0.840413,0.400876,958,20,
4,93,Overall,Overall,35,11,41,-1.0,-0.408764,0.35139,980,18,
4,94,Overall,Overall,35,14,41,0.0,0.188389,0.308285,1009,15,
4,95,Overall,Overall,35,7,41,-1.5,-1.494105,0.496657,925,25,
4,96,Overall,Overall,35,12,41,0.0,0.043572,0.315939,1002,16,
4,97,Overall,Overall,35,8,41,-1.0,-1.158293,0.443105,942,22,
4,98,Overall,Overall,35,11,41,-0.5,-0.395392,0.350855,980,18,
4,99,Overall,Overall,35,26,41,1.5,1.434177,0.305468,1072,15,
4,100,Overall,Overall,35,2,41,-2.0,-4.128703,1.194923,794,60,
4,101,Overall,Overall,35,23,41,1.0,0.962353,0.297388,1048,15,
4,102,Overall,Overall,35,10,41,-1.0,-0.515997,0.361586,974,18,
4,103,Overall,Overall,35,11,41,-0.5,-0.120529,0.325523,994,16,
4,104,Overall,Overall,35,28,41,1.5,1.715983,0.315075,1086,16,
4,105,Overall,Overall,35,18,41,0.5,0.700547,0.297923,1035,15,
4,106,Overall,Overall,35,21,41,1.0,1.181,0.297992,1059,15,
4,107,Overall,Overall,35,9,41,-1.0,-0.661662,0.378983,967,19,
4,108,Overall,Overall,35,8,41,-1.5,-0.918194,0.410014,954,21,
4,109,Overall,Overall,35,8,41,-1.0,-1.683241,0.529535,916,26,
4,110,Overall,Overall,35,9,41,-1.5,-1.096594,0.436186,945,22,
4,111,Overall,Overall,35,27,41,2.0,1.66826,0.312045,1083,16,
4,112,Overall,Overall,35,10,41,-1.0,-0.990252,0.421294,950,21,
4,113,Overall,Overall,35,16,41,0.0,0.058023,0.318768,1003,16,
4,114,Overall,Overall,35,13,41,-0.5,-0.116863,0.326489,994,16,
4,115,Overall,Overall,35,30,41,2.0,2.001257,0.333551,1100,17,
4,116,Overall,Overall,35,11,41,-1.0,-0.734456,0.389271,963,19,
4,117,Overall,Overall,35,15,41,0.0,0.273378,0.305389,1014,15,
4,118,Overall,Overall,35,6,41,-2.0,-2.047613,0.593985,898,30,
4,119,Overall,Overall,35,15,41,0.0,0.206989,0.307689,1010,15,
4,120,Overall,Overall,35,8,41,-1.0,-1.044562,0.426623,948,21,
4,121,Overall,Overall,35,12,41,0.0,-0.28343,0.339353,986,17,
4,122,Overall,Overall,35,7,41,-2.0,-1.357557,0.475635,932,24,
4,123,Overall,Overall,35,25,41,1.5,1.75979,0.317751,1088,16,
4,124,Overall,Overall,35,12,41,0.5,0.07953,0.314359,1004,16,
4,125,Overall,Overall,35,9,41,-1.0,-1.275124,0.460126,936,23,
4,126,Overall,Overall,35,25,41,2.0,1.898736,0.325259,1095,16,
4,127,Overall,Overall,35,8,41,0.0,-0.863435,0.404771,957,20,
4,128,Overall,Overall,35,5,41,-2.0,-2.435617,0.67781,878,34,
4,129,Overall,Overall,35,7,41,-0.5,-1.059011,0.428711,947,21,
4,130,Overall,Overall,35,25,41,2.0,1.94294,0.326329,1097,16,
4,131,Overall,Overall,35,23,41,1.0,1.307334,0.299999,1065,15,
4,132,Overall,Overall,35,25,41,2.0,2.01213,0.331169,1101,17,
4,133,Overall,Overall,35,20,41,0.5,0.875296,0.295367,1044,15,
4,134,Overall,Overall,35,14,41,0.5,0.066503,0.3129,1003,16,
4,135,Overall,Overall,35,4,41,-2.0,-2.697153,0.736141,865,37,
4,136,Overall,Overall,35,14,41,0.5,0.163783,0.308655,1008,15,
4,137,Overall,Overall,35,5,41,-1.5,-1.716856,0.536848,914,27,
4,138,Overall,Overall,35,5,41,-1.0,-1.509865,0.502884,925,25,
4,139,Overall,Overall,35,8,41,-1.5,-1.337828,0.471106,933,24,
4,140,Overall,Overall,35,21,41,0.5,0.82043,0.294536,1041,15,
4,141,Overall,Overall,35,21,41,1.0,1.09879,0.297788,1055,15,
4,142,Overall,Overall,35,7,41,-1.5,-1.316571,0.469001,934,23,
4,143,Overall,Overall,35,18,41,1.0,0.706903,0.294459,1035,15,
4,144,Overall,Overall,35,23,41,2.0,1.900823,0.328182,1095,16,
4,145,Overall,Overall,35,11,41,-0.5,-0.334384,0.343974,983,17,
4,146,Overall,Overall,35,6,41,-2.0,-2.083687,0.602537,896,30,
4,147,Overall,Overall,35,6,41,-2.0,-1.630278,0.517387,918,26,
4,148,Overall,Overall,35,8,41,-1.5,-1.029572,0.434301,949,22,
4,149,Overall,Overall,35,10,41,-0.5,-0.800019,0.395801,960,20,
4,150,Overall,Overall,35,17,41,1.5,0.634145,0.299227,1032,15,
4,151,Overall,Overall,35,15,41,0.0,-0.084443,0.33039,996,17,
4,152,Overall,Overall,35,7,41,-1.5,-1.430373,0.485008,928,24,
4,153,Overall,Overall,35,5,41,-2.0,-2.148928,0.615628,893,31,
4,154,Overall,Overall,35,27,41,2.0,2.217047,0.338631,1111,17,
4,155,Overall,Overall,35,19,41,0.5,0.718208,0.294666,1036,15,
4,156,Overall,Overall,35,9,41,-0.5,-0.718213,0.384795,964,19,
4,157,Overall,Overall,35,16,41,0.0,0.422363,0.298707,1021,15,
4,158,Overall,Overall,35,9,41,-0.5,-1.02053,0.423518,949,21,
4,159,Overall,Overall,35,5,41,-1.0,-2.58189,0.740603,871,37,
4,160,Overall,Overall,35,8,41,-1.0,-0.916361,0.410293,954,21,
4,161,Overall,Overall,35,5,41,-2.0,-2.260931,0.640939,887,32,
4,162,Overall,Overall,35,2,41,-2.0,-3.711779,1.044991,814,52,
4,163,Overall,Overall,35,26,41,1.5,1.643088,0.311038,1082,16,
4,164,Overall,Overall,35,32,41,2.0,2.573314,0.361684,1129,18,
4,165,Overall,Overall,35,19,41,0.5,0.908732,0.297922,1045,15,
4,166,Overall,Overall,35,25,41,1.5,1.877322,0.324254,1094,16,
4,167,Overall,Overall,35,25,41,2.0,2.129515,0.336024,1106,17,
4,168,Overall,Overall,35,5,41,-2.0,-2.105615,0.606432,895,30,
4,169,Overall,Overall,35,19,41,0.5,0.659932,0.295349,1033,15,
4,170,Overall,Overall,35,28,41,2.0,1.770011,0.318007,1089,16,
4,171,Overall,Overall,35,6,41,-2.0,-1.460964,0.493687,927,25,
4,172,Overall,Overall,35,5,41,-2.0,-2.237904,0.634516,888,32,
4,173,Overall,Overall,35,17,41,0.5,0.64593,0.303348,1032,15,
4,174,Overall,Overall,35,28,41,1.5,1.846145,0.323228,1092,16,
4,175,Overall,Overall,35,13,41,0.0,-0.061234,0.322586,997,16,
4,176,Overall,Overall,35,8,41,-2.0,-1.936921,0.574322,903,29,
4,177,Overall,Overall,35,6,41,-2.0,-1.637254,0.518615,918,26,
4,178,Overall,Overall,35,3,41,-2.0,-2.734276,0.744859,863,37,
4,179,Overall,Overall,35,17,41,1.0,0.709909,0.304174,1035,15,
4,180,Overall,Overall,35,16,41,0.0,0.538564,0.296728,1027,15,
4,181,Overall,Overall,35,22,41,1.0,1.106155,0.300898,1055,15,
4,182,Overall,Overall,35,4,41,-1.5,-2.570116,0.71668,871,36,
4,183,Overall,Overall,35,26,41,1.5,1.517769,0.316612,1076,16,
4,184,Overall,Overall,35,9,41,-1.0,-0.754457,0.390737,962,20,
4,185,Overall,Overall,35,4,41,-2.0,-2.331712,0.654497,883,33,
4,186,Overall,Overall,35,23,41,1.5,1.664518,0.314243,1083,16,
4,187,Overall,Overall,35,25,41,1.0,1.222026,0.307094,1061,15,
4,188,Overall,Overall,35,26,41,1.0,2.142316,0.334591,1107,17,
4,189,Overall,Overall,35,24,41,1.5,1.280183,0.300096,1064,15,
4,190,Overall,Overall,35,9,41,-1.0,-0.952369,0.414995,952,21,
4,191,Overall,Overall,35,9,41,-0.5,-1.078062,0.431292,946,22,
4,192,Overall,Overall,35,19,41,1.0,0.736835,0.294668,1037,15,
4,193,Overall,Overall,35,12,41,-0.5,-0.18284,0.331459,991,17,
4,194,Overall,Overall,35,7,41,-1.0,-0.668889,0.384273,967,19,
4,195,Overall,Overall,35,33,41,2.0,2.665607,0.37067,1133,19,
4,196,Overall,Overall,35,9,41,-0.5,-1.084173,0.432344,946,22,
4,197,Overall,Overall,35,6,41,-1.5,-1.509556,0.498029,925,25,
4,198,Overall,Overall,35,29,41,2.0,2.490122,0.354356,1125,18,
4,199,Overall,Overall,35,7,41,-1.5,-1.386154,0.477772,931,24,
4,200,Overall,Overall,35,29,41,2.0,2.22658,0.338063,1111,17,
4,201,Overall,Overall,35,6,41,-2.0,-1.564225,0.511069,922,26,
4,202,Overall,Overall,35,14,41,0.0,0.276233,0.303153,1014,15,
4,203,Overall,Overall,35,32,41,2.0,2.670008,0.370688,1134,19,
4,204,Overall,Overall,35,27,41,2.0,2.225324,0.339442,1111,17,
4,205,Overall,Overall,35,13,41,0.0,-0.190718,0.331812,990,17,
4,206,Overall,Overall,35,18,41,0.5,0.977016,0.298234,1049,15,
4,207,Overall,Overall,35,5,41,-2.0,-1.841171,0.560499,908,28,
4,208,Overall,Overall,35,20,41,0.5,0.816928,0.296837,1041,15,
4,209,Overall,Overall,35,19,41,1.0,0.784637,0.300471,1039,15,
4,210,Overall,Overall,35,5,41,-1.0,-2.083424,0.606259,896,30,
4,211,Overall,Overall,35,27,41,2.0,1.74559,0.316761,1087,16,
4,212,Overall,Overall,35,17,41,0.5,0.522508,0.296171,1026,15,
4,213,Overall,Overall,35,6,41,-1.5,-1.593269,0.510944,920,26,
4,214,Overall,Overall,35,19,41,1.0,0.809722,0.296559,1040,15,
4,215,Overall,Overall,35,5,41,-2.0,-2.127682,0.609806,894,30,
4,216,Overall,Overall,35,7,41,-1.5,-1.205827,0.451377,940,23,
4,217,Overall,Overall,35,8,41,-0.5,-0.758316,0.392219,962,20,
4,218,Overall,Overall,35,9,41,-0.5,-0.866813,0.404034,957,20,
4,219,Overall,Overall,35,25,41,1.5,1.370238,0.302391,1069,15,
4,220,Overall,Overall,35,10,41,-1.0,-0.316126,0.343902,984,17,
4,221,Overall,Overall,35,6,41,-2.0,-1.542458,0.502282,923,25,
4,222,Overall,Overall,35,8,41,-0.5,-1.366691,0.473929,932,24,
4,223,Overall,Overall,35,11,41,0.0,-0.237709,0.335076,988,17,
4,224,Overall,Overall,35,21,41,1.5,1.111401,0.297593,1056,15,
4,225,Overall,Overall,35,13,41,-0.5,0.154024,0.309539,1008,15,
4,226,Overall,Overall,35,13,41,0.0,-0.00754,0.317593,1000,16,
4,227,Overall,Overall,35,13,41,0.0,-0.154249,0.329758,992,16,
4,228,Overall,Overall,35,16,41,0.5,0.344498,0.302865,1017,15,
4,229,Overall,Overall,35,5,41,-2.0,-1.871114,0.570783,906,29,
4,230,Overall,Overall,35,16,41,1.0,0.419365,0.2995,1021,15,
4,231,Overall,Overall,35,6,41,-1.5,-1.544566,0.504038,923,25,
4,232,Overall,Overall,35,6,41,-2.0,-1.785699,0.544687,911,27,
4,233,Overall,Overall,35,18,41,1.0,0.933735,0.298638,1047,15,
4,234,Overall,Overall,35,15,41,0.0,0.303357,0.302566,1015,15,
4,235,Overall,Overall,35,10,41,-0.5,-0.402092,0.350245,980,18,
4,236,Overall,Overall,35,14,41,0.0,-0.237402,0.336029,988,17,
4,237,Overall,Overall,35,11,41,-1.0,-0.780069,0.393448,961,20,
4,238,Overall,Overall,35,19,41,1.5,0.848078,0.296445,1042,15,
4,239,Overall,Overall,35,9,41,0.0,-0.412434,0.3533,979,18,
4,240,Overall,Overall,35,8,41,-1.5,-1.107303,0.437449,945,22,
4,241,Overall,Overall,35,10,41,-0.5,-0.507723,0.3632,975,18,
4,242,Overall,Overall,35,22,41,1.0,1.190955,0.298043,1060,15,
4,243,Overall,Overall,35,13,41,0.0,0.12154,0.311302,1006,16,
4,244,Overall,Overall,35,23,41,1.5,1.755316,0.321587,1088,16,
4,245,Overall,Overall,35,17,41,0.5,0.418711,0.298432,1021,15,
4,246,Overall,Overall,35,25,41,1.0,1.481816,0.311379,1074,16,
4,247,Overall,Overall,35,4,41,-2.0,-2.971227,0.814516,851,41,
4,248,Overall,Overall,35,8,41,-0.5,-0.82818,0.399645,959,20,
4,249,Overall,Overall,35,7,41,-1.5,-1.465265,0.489525,927,24,
4,250,Overall,Overall,35,10,41,-1.0,-1.02042,0.423784,949,21,
4,251,Overall,Overall,35,17,41,1.0,0.60962,0.299918,1030,15,
4,252,Overall,Overall,35,9,41,-0.5,-0.971476,0.416688,951,21,
4,253,Overall,Overall,35,8,41,-0.5,-0.810761,0.399537,959,20,
4,254,Overall,Overall,35,25,41,1.5,1.563808,0.307612,1078,15,
4,255,Overall,Overall,35,31,41,2.0,2.770594,0.379628,1139,19,
4,256,Overall,Overall,35,15,41,-0.5,-0.133695,0.331273,993,17,
4,257,Overall,Overall,35,15,41,0.5,0.447109,0.305811,1022,15,
4,258,Overall,Overall,35,10,41,-0.5,-0.499731,0.359892,975,18,
4,259,Overall,Overall,35,22,41,1.0,0.782476,0.298303,1039,15,
4,260,Overall,Overall,35,21,41,1.0,1.265838,0.30247,1063,15,
4,261,Overall,Overall,35,23,41,1.5,1.382363,0.311441,1069,16,
4,262,Overall,Overall,35,5,41,-2.0,-2.077871,0.599318,896,30,
4,263,Overall,Overall,35,5,41,-2.0,-1.965408,0.578282,902,29,
4,264,Overall,Overall,35,19,41,0.5,0.52649,0.299647,1026,15,
4,265,Overall,Overall,35,8,41,-1.5,-1.260305,0.457645,937,23,
4,266,Overall,Overall,35,16,41,0.5,0.419743,0.29882,1021,15,
4,267,Overall,Overall,35,9,41,-1.0,-0.981484,0.417726,951,21,
4,268,Overall,Overall,35,26,41,1.5,1.652393,0.311473,1083,16,
4,269,Overall,Overall,35,15,41,0.0,0.17126,0.309845,1009,15,
4,270,Overall,Overall,35,5,41,-1.5,-2.414453,0.671115,879,34,
4,271,Overall,Overall,35,9,41,-1.0,-0.774141,0.391295,961,20,
4,272,Overall,Overall,35,7,41,-1.5,-1.154519,0.443102,942,22,
4,273,Overall,Overall,35,20,41,1.5,1.06697,0.297855,1053,15,
4,274,Overall,Overall,35,18,41,1.0,0.923341,0.298853,1046,15,
4,275,Overall,Overall,35,22,41,1.0,1.062312,0.297026,1053,15,
4,276,Overall,Overall,35,10,41,-1.0,-0.898606,0.407131,955,20,
4,277,Overall,Overall,35,21,41,1.0,1.108662,0.297977,1055,15,
4,278,Overall,Overall,35,9,41,-1.5,-0.81838,0.399747,959,20,
4,279,Overall,Overall,35,16,41,-0.5,0.370613,0.300607,1019,15,
4,280,Overall,Overall,35,15,41,-0.5,0.284496,0.303978,1014,15,
4,281,Overall,Overall,35,10,41,-0.5,-0.32096,0.343889,984,17,
4,282,Overall,Overall,35,20,41,1.0,0.828092,0.296333,1041,15,
4,283,Overall,Overall,35,19,41,1.0,0.867917,0.295625,1043,15,
4,284,Overall,Overall,35,17,41,0.0,0.139499,0.312691,1007,16,
4,285,Overall,Overall,35,17,41,0.5,0.477637,0.297387,1024,15,
4,286,Overall,Overall,35,12,41,-0.5,-0.226405,0.335178,989,17,
4,287,Overall,Overall,35,28,41,1.5,1.736499,0.32159,1087,16,
4,288,Overall,Overall,35,13,41,-0.5,-0.071726,0.325533,996,16,
4,289,Overall,Overall,35,24,41,1.0,1.312483,0.305913,1066,15,
4,290,Overall,Overall,35,8,41,-1.0,-0.807483,0.399058,960,20,
4,291,Overall,Overall,35,18,41,0.0,0.419181,0.299228,1021,15,
4,292,Overall,Overall,35,7,41,-2.0,-1.879741,0.564578,906,28,
4,293,Overall,Overall,35,27,41,2.0,2.042778,0.329917,1102,16,
4,294,Overall,Overall,35,9,41,-0.5,-0.585583,0.370091,971,19,
4,295,Overall,Overall,35,14,41,0.5,0.243864,0.304938,1012,15,
4,296,Overall,Overall,35,10,41,-0.5,-0.63266,0.375631,968,19,
4,297,Overall,Overall,35,28,41,2.0,2.141521,0.347363,1107,17,
4,298,Overall,Overall,35,23,41,1.5,1.434265,0.305533,1072,15,
4,299,Overall,Overall,35,5,41,-2.0,-2.039109,0.592862,898,30,
4,300,Overall,Overall,35,11,41,-0.5,-0.487025,0.360898,976,18,
4,301,Overall,Overall,35,15,41,0.0,0.238954,0.305154,1012,15,
4,302,Overall,Overall,35,8,41,-0.5,-1.07574,0.430825,946,22,
4,303,Overall,Overall,35,27,41,1.5,1.724932,0.316178,1086,16,
4,304,Overall,Overall,35,6,41,-1.5,-1.811434,0.5503,909,28,
4,305,Overall,Overall,35,5,41,-2.0,-2.365137,0.662028,882,33,
4,306,Overall,Overall,35,23,41,2.0,1.637229,0.31477,1082,16,
4,307,Overall,Overall,35,21,41,1.0,0.949365,0.296304,1047,15,
4,308,Overall,Overall,35,6,41,-2.0,-1.663304,0.523234,917,26,
4,309,Overall,Overall,35,17,41,0.5,0.345907,0.304499,1017,15,
4,310,Overall,Overall,35,18,41,1.5,0.906666,0.298621,1045,15,
4,311,Overall,Overall,35,9,41,-1.0,-0.705447,0.385786,965,19,
4,312,Overall,Overall,35,3,41,-2.0,-3.150597,0.863945,842,43,
4,313,Overall,Overall,35,16,41,1.0,0.302669,0.302457,1015,15,
4,314,Overall,Overall,35,28,41,1.5,1.853918,0.322624,1093,16,
4,315,Overall,Overall,35,25,41,2.0,1.872512,0.324307,1094,16,
4,316,Overall,Overall,35,7,41,-2.0,-1.666733,0.529445,917,26,
4,317,Overall,Overall,35,7,41,-0.5,-0.948879,0.416018,953,21,
4,318,Overall,Overall,35,30,41,2.0,1.795828,0.340612,1090,17,
4,319,Overall,Overall,35,21,41,1.0,0.997349,0.296364,1050,15,
4,320,Overall,Overall,35,5,41,-2.0,-2.059237,0.598278,897,30,
4,321,Overall,Overall,35,7,41,-1.5,-1.224931,0.45452,939,23,
4,322,Overall,Overall,35,5,41,-2.0,-1.628382,0.524594,919,26,
4,323,Overall,Overall,35,9,41,-0.5,-0.341477,0.345746,983,17,
4,324,Overall,Overall,35,25,41,1.0,1.12082,0.309505,1056,15,
4,325,Overall,Overall,35,15,41,0.5,0.554512,0.308799,1028,15,
4,326,Overall,Overall,35,25,41,1.5,1.325856,0.302386,1066,15,
4,327,Overall,Overall,35,18,41,0.0,0.540002,0.296858,1027,15,
4,328,Overall,Overall,35,23,41,1.0,1.048501,0.298391,1052,15,
4,329,Overall,Overall,35,25,41,2.0,1.974403,0.329162,1099,16,
4,330,Overall,Overall,35,9,41,-0.5,-0.973442,0.416884,951,21,
4,331,Overall,Overall,35,13,41,0.0,0.243805,0.306353,1012,15,
4,332,Overall,Overall,35,7,41,-1.5,-1.396261,0.480286,930,24,
4,333,Overall,Overall,35,19,41,1.0,0.912422,0.297786,1046,15,
4,334,Overall,Overall,35,24,41,1.5,1.11367,0.303396,1056,15,
4,335,Overall,Overall,35,11,41,-1.0,-0.423283,0.352258,979,18,
4,336,Overall,Overall,35,6,41,-1.0,-1.733858,0.53575,913,27,
4,337,Overall,Overall,35,19,41,0.5,0.411463,0.301083,1021,15,
4,338,Overall,Overall,35,11,41,-1.0,-0.456873,0.358107,977,18,
4,339,Overall,Overall,35,24,41,1.5,1.877753,0.325324,1094,16,
4,340,Overall,Overall,35,7,41,-1.0,-1.034043,0.425115,948,21,
4,341,Overall,Overall,35,23,41,2.0,1.81163,0.327109,1091,16,
4,342,Overall,Overall,35,13,41,0.0,-0.192769,0.332005,990,17,
4,343,Overall,Overall,35,19,41,1.0,0.845322,0.297404,1042,15,
4,344,Overall,Overall,35,16,41,0.5,0.231469,0.307538,1012,15,
4,345,Overall,Overall,35,5,41,-1.0,-1.94812,0.574931,903,29,
4,346,Overall,Overall,35,29,41,2.0,1.704468,0.315312,1085,16,
4,347,Overall,Overall,35,26,41,2.0,1.875122,0.326693,1094,16,
4,348,Overall,Overall,35,9,41,-0.5,-0.560099,0.366306,972,18,
4,349,Overall,Overall,35,21,41,0.0,0.860392,0.295925,1043,15,
4,350,Overall,Overall,35,11,41,-0.5,-0.247173,0.336948,988,17,
4,351,Overall,Overall,35,14,41,0.0,0.172165,0.308629,1009,15,
4,352,Overall,Overall,35,19,41,0.5,0.796102,0.299518,1040,15,
4,353,Overall,Overall,35,14,41,0.0,-0.035906,0.319254,998,16,
4,354,Overall,Overall,35,24,41,1.0,1.159055,0.297998,1058,15,
4,355,Overall,Overall,35,27,41,1.5,1.807889,0.324947,1090,16,
4,356,Overall,Overall,35,9,41,-0.5,-0.468131,0.358943,977,18,
4,357,Overall,Overall,35,25,41,1.5,1.714738,0.317341,1086,16,
4,358,Overall,Overall,35,11,41,-0.5,-0.349774,0.345561,983,17,
4,359,Overall,Overall,35,23,41,1.5,1.151425,0.301907,1058,15,
4,360,Overall,Overall,35,12,41,0.0,-0.191863,0.332698,990,17,
4,361,Overall,Overall,35,15,41,-0.5,-0.027361,0.321452,999,16,
4,362,Overall,Overall,35,13,41,-0.5,-0.101123,0.326259,995,16,
4,363,Overall,Overall,35,4,41,-1.0,-2.162667,0.622627,892,31,
4,364,Overall,Overall,35,25,41,1.5,1.699945,0.315428,1085,16,
4,365,Overall,Overall,35,5,41,-1.5,-1.781806,0.551523,911,28,
4,366,Overall,Overall,35,9,41,-0.5,-0.274301,0.341764,986,17,
4,367,Overall,Overall,35,29,41,2.0,2.27601,0.341575,1114,17,
4,368,Overall,Overall,35,16,41,0.5,0.301901,0.307428,1015,15,
4,369,Overall,Overall,35,18,41,1.0,1.112346,0.307342,1056,15,
4,370,Overall,Overall,35,9,41,-0.5,-0.670221,0.379947,966,19,
4,371,Overall,Overall,35,6,41,-1.5,-1.712585,0.531998,914,27,
4,372,Overall,Overall,35,25,41,2.0,1.389481,0.30303,1069,15,
4,373,Overall,Overall,35,7,41,-1.5,-1.284484,0.462294,936,23,
4,374,Overall,Overall,35,9,41,-0.5,-0.480285,0.358062,976,18,
4,375,Overall,Overall,35,20,41,1.0,1.141164,0.299846,1057,15,
4,376,Overall,Overall,35,25,41,1.5,1.484676,0.305758,1074,15,
4,377,Overall,Overall,35,3,41,-2.0,-2.829033,0.773979,859,39,
4,378,Overall,Overall,35,10,41,-1.0,-0.683972,0.395273,966,20,
4,379,Overall,Overall,35,25,41,2.0,1.487565,0.305368,1074,15,
4,380,Overall,Overall,35,16,41,1.0,0.48831,0.297395,1024,15,
4,381,Overall,Overall,35,8,41,-1.5,-1.019454,0.423375,949,21,
4,382,Overall,Overall,35,25,41,2.0,2.1268,0.339867,1106,17,
4,383,Overall,Overall,35,10,41,0.0,-0.386562,0.353052,981,18,
4,384,Overall,Overall,35,6,41,-2.0,-1.654165,0.521794,917,26,
4,385,Overall,Overall,35,13,41,0.0,-0.257624,0.338707,987,17,
4,386,Overall,Overall,35,10,41,-1.0,-0.769965,0.39321,962,20,
4,387,Overall,Overall,35,20,41,1.5,1.134072,0.297974,1057,15,
4,388,Overall,Overall,35,5,41,-2.0,-2.169291,0.620055,892,31,
4,389,Overall,Overall,35,8,41,-1.5,-1.249141,0.469764,938,23,
4,390,Overall,Overall,35,12,41,-0.5,-0.317627,0.342632,984,17,
4,391,Overall,Overall,35,27,41,2.0,1.785606,0.318604,1089,16,
4,392,Overall,Overall,35,10,41,-0.5,-0.401956,0.353131,980,18,
4,393,Overall,Overall,35,7,41,-1.0,-0.885197,0.40669,956,20,
4,394,Overall,Overall,35,17,41,0.0,0.325541,0.303485,1016,15,
4,395,Overall,Overall,35,6,41,-1.0,-1.838451,0.559521,908,28,
4,396,Overall,Overall,35,24,41,2.0,1.485789,0.304478,1074,15,
4,397,Overall,Overall,35,9,41,-1.5,-0.811476,0.397568,959,20,
4,398,Overall,Overall,35,10,41,0.0,-0.418297,0.352344,979,18,
4,399,Overall,Overall,35,17,41,0.5,0.305161,0.304021,1015,15,
4,400,Overall,Overall,35,7,41,-2.0,-1.715842,0.537322,914,27,
4,401,Overall,Overall,35,9,41,0.0,-0.652059,0.376953,967,19,
4,402,Overall,Overall,35,23,41,1.5,1.430227,0.304217,1072,15,
4,403,Overall,Overall,35,24,41,1.5,1.91029,0.32734,1096,16,
4,404,Overall,Overall,35,8,41,-1.5,-0.972764,0.416183,951,21,
4,405,Overall,Overall,35,27,41,2.0,1.503654,0.306383,1075,15,
4,406,Overall,Overall,35,20,41,1.0,0.782117,0.296856,1039,15,
4,407,Overall,Overall,35,6,41,-2.0,-1.843145,0.55513,908,28,
4,408,Overall,Overall,35,20,41,1.0,0.956298,0.296491,1048,15,
4,409,Overall,Overall,35,11,41,0.0,-0.522723,0.365656,974,18,
4,410,Overall,Overall,35,21,41,1.0,1.383284,0.304747,1069,15,
4,411,Overall,Overall,35,10,41,-0.5,-0.312364,0.343573,984,17,
4,412,Overall,Overall,35,25,41,1.5,1.45743,0.303377,1073,15,
4,413,Overall,Overall,35,24,41,1.5,1.465833,0.305,1073,15,
4,414,Overall,Overall,35,20,41,0.5,0.999704,0.297393,1050,15,
4,415,Overall,Overall,35,11,41,-0.5,-0.739964,0.3888,963,19,
4,416,Overall,Overall,35,24,41,2.0,1.893394,0.328179,1095,16,
4,417,Overall,Overall,35,5,41,-1.5,-1.869988,0.568377,907,28,
4,418,Overall,Overall,35,23,41,1.0,1.599372,0.312681,1080,16,
4,419,Overall,Overall,35,11,41,0.0,-0.140544,0.327073,993,16,
4,420,Overall,Overall,35,5,41,-1.0,-1.606243,0.515531,920,26,
4,421,Overall,Overall,35,2,41,-2.0,-4.267596,1.257424,787,63,
4,422,Overall,Overall,35,9,41,-1.5,-1.281064,0.461001,936,23,
4,423,Overall,Overall,35,21,41,1.0,0.981437,0.297646,1049,15,
4,424,Overall,Overall,35,27,41,2.0,2.254327,0.339376,1113,17,
4,425,Overall,Overall,35,10,41,0.0,-0.158667,0.342845,992,17,
4,426,Overall,Overall,35,4,41,-2.0,-2.09752,0.611657,895,31,
4,427,Overall,Overall,35,5,41,-2.0,-2.391222,0.667849,880,33,
4,428,Overall,Overall,35,7,41,-1.5,-1.199032,0.45357,940,23,
4,429,Overall,Overall,35,19,41,1.0,0.950222,0.298722,1048,15,
4,430,Overall,Overall,35,4,41,-1.5,-2.371905,0.67689,881,34,
4,431,Overall,Overall,35,21,41,0.5,0.755396,0.294959,1038,15,
4,432,Overall,Overall,35,23,41,1.0,1.261576,0.306221,1063,15,
4,433,Overall,Overall,35,3,41,-1.5,-2.679955,0.732508,866,37,
4,434,Overall,Overall,35,7,41,-0.5,-0.810915,0.397783,959,20,
4,435,Overall,Overall,35,20,41,0.0,0.644268,0.295517,1032,15,
4,436,Overall,Overall,35,17,41,1.0,0.664806,0.298684,1033,15,
4,437,Overall,Overall,35,7,41,-2.0,-1.407137,0.480316,930,24,
4,438,Overall,Overall,35,27,41,1.5,1.448151,0.314004,1072,16,
4,439,Overall,Overall,35,15,41,0.5,0.390827,0.30069,1020,15,
4,440,Overall,Overall,35,7,41,-1.5,-1.156828,0.444496,942,22,
4,441,Overall,Overall,35,2,41,-1.5,-3.843058,1.092779,808,55,
4,442,Overall,Overall,35,29,41,2.0,1.95564,0.329499,1098,16,
4,443,Overall,Overall,35,15,41,0.5,0.327432,0.30928,1016,15,
4,444,Overall,Overall,35,28,41,2.0,2.20156,0.337239,1110,17,
4,445,Overall,Overall,35,13,41,0.5,0.115941,0.312217,1006,16,
4,446,Overall,Overall,35,6,41,-2.0,-1.797511,0.551829,910,28,
4,447,Overall,Overall,35,25,41,1.5,1.677343,0.31463,1084,16,
4,448,Overall,Overall,35,23,41,1.5,1.427049,0.309655,1071,15,
4,449,Overall,Overall,35,14,41,0.0,0.107997,0.310891,1005,16,
4,450,Overall,Overall,35,14,41,0.5,0.191442,0.307681,1010,15,
4,451,Overall,Overall,35,21,41,1.0,1.151554,0.298077,1058,15,
4,452,Overall,Overall,35,26,41,2.0,2.209029,0.337731,1110,17,
4,453,Overall,Overall,35,9,41,-1.0,-0.97685,0.419189,951,21,
4,454,Overall,Overall,35,7,41,-1.0,-1.015323,0.424421,949,21,
4,455,Overall,Overall,35,17,41,0.0,0.353206,0.300864,1018,15,
4,456,Overall,Overall,35,5,41,-2.0,-2.346404,0.66257,883,33,
4,457,Overall,Overall,35,8,41,-1.0,-0.933852,0.412913,953,21,
4,458,Overall,Overall,35,10,41,-1.0,-0.995471,0.42052,950,21,
4,459,Overall,Overall,35,9,41,-1.5,-1.139998,0.440215,943,22,
4,460,Overall,Overall,35,18,41,1.0,0.909876,0.29858,1045,15,
4,461,Overall,Overall,35,27,41,1.5,1.641055,0.311693,1082,16,
4,462,Overall,Overall,35,17,41,0.0,0.284127,0.3052,1014,15,
4,463,Overall,Overall,35,31,41,2.0,2.202903,0.354335,1110,18,
4,464,Overall,Overall,35,18,41,0.5,0.808661,0.295803,1040,15,
4,465,Overall,Overall,35,6,41,-1.5,-1.740781,0.538929,913,27,
4,466,Overall,Overall,35,29,41,1.0,1.73702,0.31577,1087,16,
4,467,Overall,Overall,35,11,41,-0.5,-0.091772,0.323794,995,16,
4,468,Overall,Overall,35,3,41,-2.0,-2.922268,0.807343,854,40,
4,469,Overall,Overall,35,19,41,0.5,0.711227,0.295768,1036,15,
4,470,Overall,Overall,35,18,41,0.5,0.409128,0.301724,1020,15,
4,471,Overall,Overall,35,26,41,1.0,1.335227,0.309074,1067,15,
4,472,Overall,Overall,35,27,41,2.0,1.844664,0.322912,1092,16,
4,473,Overall,Overall,35,9,41,0.0,-0.496423,0.361767,975,18,
4,474,Overall,Overall,35,12,41,0.0,-0.195673,0.331614,990,17,
4,475,Overall,Overall,35,23,41,1.5,1.114296,0.296908,1056,15,
4,476,Overall,Overall,35,5,41,-2.0,-2.226273,0.632073,889,32,
4,477,Overall,Overall,35,14,41,1.0,0.491452,0.308391,1025,15,
4,478,Overall,Overall,35,7,41,-1.5,-1.539937,0.50502,923,25,
4,479,Overall,Overall,35,11,41,-0.5,-0.180629,0.330194,991,17,
4,480,Overall,Overall,35,22,41,1.5,1.340076,0.303353,1067,15,
4,481,Overall,Overall,35,13,41,0.0,0.152288,0.309647,1008,15,
4,482,Overall,Overall,35,19,41,0.5,0.754001,0.298324,1038,15,
4,483,Overall,Overall,35,22,41,0.5,0.888535,0.296995,1044,15,
4,484,Overall,Overall,35,30,41,2.0,2.454703,0.353047,1123,18,
4,485,Overall,Overall,35,19,41,1.0,0.992657,0.298183,1050,15,
4,486,Overall,Overall,35,5,41,-2.0,-1.947084,0.580404,903,29,
4,487,Overall,Overall,35,7,41,-1.0,-1.209304,0.451529,940,23,
4,488,Overall,Overall,35,15,41,0.0,0.14737,0.308916,1007,15,
4,489,Overall,Overall,35,10,41,-0.5,-0.647553,0.376378,968,19,
4,490,Overall,Overall,35,4,41,-1.5,-1.705379,0.539708,915,27,
4,491,Overall,Overall,35,7,41,-2.0,-1.884116,0.5641,906,28,
4,492,Overall,Overall,35,27,41,1.5,1.828698,0.325353,1091,16,
4,493,Overall,Overall,35,21,41,1.0,1.08285,0.297006,1054,15,
4,494,Overall,Overall,35,21,41,0.5,0.66245,0.29878,1033,15,
4,495,Overall,Overall,35,9,41,-1.5,-0.699798,0.38359,965,19,
4,496,Overall,Overall,35,10,41,-0.5,-0.650808,0.376646,967,19,
4,497,Overall,Overall,35,28,41,1.5,1.731479,0.315934,1087,16,
4,498,Overall,Overall,35,23,41,1.0,1.278808,0.303165,1064,15,
4,499,Overall,Overall,35,18,41,0.5,0.938638,0.298248,1047,15,
4,500,Overall,Overall,35,13,41,0.0,-0.134888,0.32944,993,16,
4,501,Overall,Overall,35,17,41,0.0,0.354535,0.30312,1018,15,
4,502,Overall,Overall,35,7,41,-1.0,-1.155351,0.444612,942,22,
4,503,Overall,Overall,35,10,41,-0.5,-0.7867,0.394297,961,20,
4,504,Overall,Overall,35,16,41,0.5,0.480288,0.297207,1024,15,
4,505,Overall,Overall,35,25,41,2.0,1.8878,0.324912,1094,16,
4,506,Overall,Overall,35,15,41,0.5,0.505742,0.302904,1025,15,
4,507,Overall,Overall,35,8,41,-1.0,-0.973131,0.416575,951,21,
4,508,Overall,Overall,35,17,41,0.5,0.614061,0.295344,1031,15,
4,509,Overall,Overall,35,4,41,-1.5,-2.205294,0.627521,890,31,
4,510,Overall,Overall,35,5,41,-1.5,-2.118759,0.613514,894,31,
4,511,Overall,Overall,35,6,41,-2.0,-1.718009,0.534851,914,27,
4,512,Overall,Overall,35,18,41,1.5,0.810995,0.296699,1041,15,
4,513,Overall,Overall,35,14,41,0.5,-0.024608,0.318746,999,16,
4,514,Overall,Overall,35,20,41,1.0,1.003846,0.297307,1050,15,
4,515,Overall,Overall,35,4,41,-2.0,-2.589831,0.71067,871,36,
4,516,Overall,Overall,35,10,41,-0.5,-0.534692,0.367081,973,18,
4,517,Overall,Overall,35,9,41,0.0,-0.704608,0.382995,965,19,
4,518,Overall,Overall,35,8,41,-0.5,-0.94376,0.413677,953,21,
4,519,Overall,Overall,35,17,41,0.0,0.44939,0.298414,1022,15,
4,520,Overall,Overall,35,25,41,2.0,1.989283,0.330632,1099,17,
4,521,Overall,Overall,35,9,41,-1.5,-1.085101,0.433435,946,22,
4,522,Overall,Overall,35,24,41,1.5,1.477618,0.30445,1074,15,
4,523,Overall,Overall,35,18,41,0.5,0.569091,0.296076,1028,15,
4,524,Overall,Overall,35,20,41,1.5,1.049137,0.296897,1052,15,
4,525,Overall,Overall,35,6,41,-1.5,-2.028224,0.590372,899,30,
4,526,Overall,Overall,35,9,41,-1.0,-0.997461,0.422878,950,21,
4,527,Overall,Overall,35,20,41,0.5,0.965354,0.29602,1048,15,
4,528,Overall,Overall,35,26,41,2.0,2.085243,0.335288,1104,17,
4,529,Overall,Overall,35,14,41,0.5,0.060672,0.315291,1003,16,
4,530,Overall,Overall,35,5,41,-1.5,-2.290971,0.643258,885,32,
4,531,Overall,Overall,35,20,41,1.0,0.85931,0.296243,1043,15,
4,532,Overall,Overall,35,9,41,-1.0,-0.836345,0.399562,958,20,
4,533,Overall,Overall,35,20,41,1.0,1.1467,0.305528,1057,15,
4,534,Overall,Overall,35,7,41,-1.5,-1.435133,0.484676,928,24,
4,535,Overall,Overall,35,8,41,-1.5,-1.427838,0.48989,929,24,
4,536,Overall,Overall,35,6,41,-2.0,-1.471493,0.493069,926,25,
4,537,Overall,Overall,35,10,41,-0.5,-0.549133,0.365115,973,18,
4,538,Overall,Overall,35,13,41,0.0,-0.12125,0.327496,994,16,
4,539,Overall,Overall,35,10,41,0.0,-0.378938,0.348042,981,17,
4,540,Overall,Overall,35,14,41,0.5,-0.0742,0.324337,996,16,
4,541,Overall,Overall,35,5,41,-1.5,-1.934956,0.572396,903,29,
4,542,Overall,Overall,35,17,41,0.5,0.32628,0.303352,1016,15,
4,543,Overall,Overall,35,25,41,1.0,1.347936,0.302623,1067,15,
4,544,Overall,Overall,35,9,41,0.0,-0.647918,0.377144,968,19,
4,545,Overall,Overall,35,11,41,-0.5,-0.393539,0.349477,980,17,
4,546,Overall,Overall,35,11,41,-0.5,-0.474527,0.359848,976,18,
4,547,Overall,Overall,35,4,41,-2.0,-2.338915,0.654025,883,33,
4,548,Overall,Overall,35,24,41,2.0,1.608386,0.310054,1080,16,
4,549,Overall,Overall,35,7,41,-1.5,-1.69929,0.529605,915,26,
4,550,Overall,Overall,35,9,41,-1.0,-1.015721,0.422601,949,21,
4,551,Overall,Overall,35,20,41,1.0,1.149606,0.301802,1057,15,
4,552,Overall,Overall,35,29,41,2.0,2.616052,0.358698,1131,18,
4,553,Overall,Overall,35,10,41,-0.5,-0.356688,0.347691,982,17,
4,554,Overall,Overall,35,7,41,-2.0,-1.449016,0.492247,928,25,
4,555,Overall,Overall,35,15,41,0.5,0.451769,0.298544,1023,15,
4,556,Overall,Overall,35,25,41,1.5,1.549685,0.306868,1077,15,
4,557,Overall,Overall,35,17,41,0.0,0.506231,0.297219,1025,15,
4,558,Overall,Overall,35,8,41,-1.0,-1.298489,0.469166,935,23,
4,559,Overall,Overall,35,19,41,1.0,0.800144,0.296587,1040,15,
4,560,Overall,Overall,35,9,41,-0.5,-0.961031,0.41461,952,21,
4,561,Overall,Overall,35,15,41,1.0,0.738478,0.308078,1037,15,
4,562,Overall,Overall,35,6,41,-1.0,-1.174088,0.4461,941,22,
4,563,Overall,Overall,35,7,41,-2.0,-1.644936,0.52024,918,26,
4,564,Overall,Overall,35,25,41,1.5,1.489754,0.304442,1074,15,
4,565,Overall,Overall,35,8,41,-1.0,-1.00381,0.420835,950,21,
4,566,Overall,Overall,35,7,41,-2.0,-1.867789,0.580535,907,29,
4,567,Overall,Overall,35,24,41,0.5,0.874601,0.302123,1044,15,
4,568,Overall,Overall,35,23,41,1.5,1.357325,0.300662,1068,15,
4,569,Overall,Overall,35,15,41,0.0,0.226519,0.305749,1011,15,
4,570,Overall,Overall,35,7,41,-2.0,-1.445268,0.486299,928,24,
4,571,Overall,Overall,35,25,41,1.5,1.582181,0.3085,1079,15,
4,572,Overall,Overall,35,7,41,-1.5,-1.191889,0.450967,940,23,
4,573,Overall,Overall,35,2,41,-2.0,-3.761761,1.062929,812,53,
4,574,Overall,Overall,35,15,41,0.5,0.392975,0.300684,1020,15,
4,575,Overall,Overall,35,13,41,0.0,0.108819,0.311393,1005,16,
4,576,Overall,Overall,35,17,41,0.5,0.505347,0.297235,1025,15,
4,577,Overall,Overall,35,9,41,-2.0,-1.094755,0.433778,945,22,
4,578,Overall,Overall,35,17,41,1.0,0.616009,0.299795,1031,15,
4,579,Overall,Overall,35,27,41,2.0,2.123509,0.333698,1106,17,
4,580,Overall,Overall,35,5,41,-2.0,-1.759277,0.548879,912,27,
4,581,Overall,Overall,35,28,41,1.0,1.677623,0.313006,1084,16,
4,582,Overall,Overall,35,9,41,-1.0,-0.537074,0.366561,973,18,
4,583,Overall,Overall,35,3,41,-1.5,-2.924305,0.799468,854,40,
4,584,Overall,Overall,35,11,41,0.0,-0.376485,0.348196,981,17,
4,585,Overall,Overall,35,10,41,-1.5,-0.839185,0.398961,958,20,
4,586,Overall,Overall,35,17,41,0.5,0.354495,0.302432,1018,15,
4,587,Overall,Overall,35,14,41,0.0,-0.035553,0.319666,998,16,
4,588,Overall,Overall,35,19,41,1.0,0.724533,0.295078,1036,15,
4,589,Overall,Overall,35,15,41,0.5,0.481673,0.297562,1024,15,
4,590,Overall,Overall,35,8,41,-1.5,-1.461903,0.491271,927,25,
4,591,Overall,Overall,35,5,41,-1.5,-1.918828,0.580559,904,29,
4,592,Overall,Overall,35,22,41,1.5,1.230944,0.299044,1062,15,
4,593,Overall,Overall,35,26,41,1.5,1.549213,0.309286,1077,15,
4,594,Overall,Overall,35,13,41,0.0,0.076715,0.313568,1004,16,
4,595,Overall,Overall,35,28,41,2.0,1.907921,0.325719,1095,16,
4,596,Overall,Overall,35,18,41,1.0,0.615743,0.295826,1031,15,
4,597,Overall,Overall,35,6,41,-1.5,-1.706806,0.532922,915,27,
4,598,Overall,Overall,35,6,41,-2.0,-1.958666,0.581533,902,29,
4,599,Overall,Overall,35,7,41,-1.0,-1.458808,0.48848,927,24,
4,600,Overall,Overall,35,23,41,1.0,1.218202,0.302671,1061,15,
4,601,Overall,Overall,35,30,41,2.0,2.079268,0.33752,1104,17,
4,602,Overall,Overall,35,13,41,0.5,-0.175093,0.331664,991,17,
4,603,Overall,Overall,35,9,41,-0.5,-0.526191,0.363137,974,18,
4,604,Overall,Overall,35,5,41,-1.0,-1.775103,0.545871,911,27,
4,605,Overall,Overall,35,13,41,0.0,0.030592,0.315702,1002,16,
4,606,Overall,Overall,35,8,41,-1.0,-0.999391,0.421415,950,21,
4,607,Overall,Overall,35,15,41,-0.5,-0.20929,0.336,990,17,
4,608,Overall,Overall,35,10,41,-1.0,-0.827058,0.40212,959,20,
4,609,Overall,Overall,35,9,41,-0.5,-0.909751,0.408553,955,20,
4,610,Overall,Overall,35,4,41,-2.0,-2.48888,0.687017,876,34,
4,611,Overall,Overall,35,16,41,0.5,0.511544,0.304935,1026,15,
4,612,Overall,Overall,35,30,41,2.0,2.213175,0.34003,1111,17,
4,613,Overall,Overall,35,10,41,-1.0,-0.747377,0.393157,963,20,
4,614,Overall,Overall,35,27,41,1.5,1.644251,0.312111,1082,16,
4,615,Overall,Overall,35,20,41,1.5,1.066158,0.297541,1053,15,
4,616,Overall,Overall,35,11,41,-0.5,-0.11196,0.325814,994,16,
4,617,Overall,Overall,35,8,41,-1.0,-1.005575,0.421215,950,21,
4,618,Overall,Overall,35,16,41,0.5,0.524553,0.296972,1026,15,
4,619,Overall,Overall,35,6,41,-1.5,-2.046598,0.59509,898,30,
4,620,Overall,Overall,35,23,41,1.5,1.307535,0.300341,1065,15,
4,621,Overall,Overall,35,12,41,0.0,-0.131598,0.325956,993,16,
4,622,Overall,Overall,35,10,41,0.0,-0.258684,0.338491,987,17,
4,623,Overall,Overall,35,12,41,-0.5,0.033871,0.316561,1002,16,
4,624,Overall,Overall,35,9,41,-1.0,-0.888526,0.405937,956,20,
4,625,Overall,Overall,35,19,41,1.0,0.87705,0.298603,1044,15,
4,626,Overall,Overall,35,6,41,-2.0,-1.736731,0.536268,913,27,
4,627,Overall,Overall,35,10,41,-0.5,-0.598748,0.370898,970,19,
4,628,Overall,Overall,35,10,41,0.5,-0.142997,0.329806,993,16,
4,629,Overall,Overall,35,12,41,0.0,0.043168,0.317054,1002,16,
4,630,Overall,Overall,35,10,41,-0.5,-0.821067,0.396675,959,20,
4,631,Overall,Overall,35,25,41,1.0,1.27183,0.305406,1064,15,
4,632,Overall,Overall,35,25,41,2.0,2.006176,0.329248,1100,16,
4,633,Overall,Overall,35,10,41,-0.5,-0.51683,0.361948,974,18,
4,634,Overall,Overall,35,8,41,-1.5,-0.967416,0.41579,952,21,
4,635,Overall,Overall,35,7,41,-1.0,-1.243557,0.457015,938,23,
4,636,Overall,Overall,35,21,41,0.5,0.674598,0.297414,1034,15,
4,637,Overall,Overall,35,22,41,1.5,1.209214,0.29851,1060,15,
4,638,Overall,Overall,35,25,41,1.5,1.482836,0.312266,1074,16,
4,639,Overall,Overall,35,6,41,-2.0,-1.850442,0.559183,907,28,
4,640,Overall,Overall,35,22,41,1.0,1.316006,0.29989,1066,15,
4,641,Overall,Overall,35,9,41,-1.5,-1.231691,0.453845,938,23,
4,642,Overall,Overall,35,9,41,-1.5,-0.597644,0.370996,970,19,
4,643,Overall,Overall,35,26,41,2.0,1.507303,0.313419,1075,16,
4,644,Overall,Overall,35,17,41,1.0,0.931265,0.312857,1047,16,
4,645,Overall,Overall,35,19,41,1.0,0.757528,0.29501,1038,15,
4,646,Overall,Overall,35,7,41,-2.0,-1.530648,0.500299,923,25,
4,647,Overall,Overall,35,24,41,2.0,1.977478,0.329341,1099,16,
4,648,Overall,Overall,35,26,41,2.0,1.953467,0.327223,1098,16,
4,649,Overall,Overall,35,6,41,-2.0,-1.639138,0.518947,918,26,
4,650,Overall,Overall,35,31,41,2.0,1.842406,0.348907,1092,17,
4,651,Overall,Overall,35,23,41,2.0,1.724868,0.32096,1086,16,
4,652,Overall,Overall,35,6,41,-1.5,-1.855428,0.558865,907,28,
4,653,Overall,Overall,35,18,41,0.0,0.635439,0.295153,1032,15,
4,654,Overall,Overall,35,17,41,1.0,0.759802,0.300153,1038,15,
4,655,Overall,Overall,35,5,41,-1.5,-2.361634,0.661251,882,33,
4,656,Overall,Overall,35,6,41,-2.0,-1.968024,0.580044,902,29,
4,657,Overall,Overall,35,23,41,2.0,1.171904,0.298556,1059,15,
4,658,Overall,Overall,35,24,41,2.0,1.910858,0.326163,1096,16,
4,659,Overall,Overall,35,6,41,-1.5,-1.520742,0.500384,924,25,
4,660,Overall,Overall,35,18,41,0.5,0.645514,0.294767,1032,15,
4,661,Overall,Overall,35,20,41,1.0,0.91457,0.297846,1046,15,
4,662,Overall,Overall,35,5,41,-2.0,-2.520512,0.698132,874,35,
4,663,Overall,Overall,35,26,41,2.0,1.817737,0.321275,1091,16,
4,664,Overall,Overall,35,20,41,0.5,0.732837,0.295814,1037,15,
4,665,Overall,Overall,35,18,41,0.5,0.373955,0.303136,1019,15,
4,666,Overall,Overall,35,25,41,2.0,1.945253,0.32847,1097,16,
4,667,Overall,Overall,35,18,41,0.5,0.589991,0.300567,1029,15,
4,668,Overall,Overall,35,28,41,2.0,2.055293,0.336322,1103,17,
4,669,Overall,Overall,35,25,41,1.5,1.541784,0.3339,1077,17,
4,670,Overall,Overall,35,9,41,-2.0,-1.0614,0.431486,947,22,
4,671,Overall,Overall,35,22,41,1.0,1.271029,0.299297,1064,15,
4,672,Overall,Overall,35,9,41,-1.5,-1.11076,0.441162,944,22,
4,673,Overall,Overall,35,30,41,2.0,2.955853,0.405397,1148,20,
4,674,Overall,Overall,35,17,41,1.0,0.59872,0.295161,1030,15,
4,675,Overall,Overall,35,25,41,1.5,1.886428,0.324873,1094,16,
4,676,Overall,Overall,35,16,41,0.0,0.257813,0.306606,1013,15,
4,677,Overall,Overall,35,9,41,-0.5,-0.634684,0.375352,968,19,
4,678,Overall,Overall,35,24,41,1.5,1.418908,0.304884,1071,15,
4,679,Overall,Overall,35,8,41,-1.0,-1.212436,0.45048,939,23,
4,680,Overall,Overall,35,24,41,1.5,1.298547,0.30059,1065,15,
4,681,Overall,Overall,35,7,41,-1.5,-1.4044,0.48188,930,24,
4,682,Overall,Overall,35,6,41,-1.0,-1.702231,0.533865,915,27,
4,683,Overall,Overall,35,26,41,1.5,1.72448,0.316593,1086,16,
4,684,Overall,Overall,35,31,41,2.0,2.570588,0.360583,1129,18,
4,685,Overall,Overall,35,18,41,1.0,0.781719,0.297224,1039,15,
4,686,Overall,Overall,35,6,41,-1.5,-1.414634,0.485705,929,24,
4,687,Overall,Overall,35,22,41,1.0,1.35609,0.307388,1068,15,
4,688,Overall,Overall,35,6,41,-1.5,-1.631726,0.519397,918,26,
4,689,Overall,Overall,35,28,41,1.5,1.686141,0.333427,1084,17,
4,690,Overall,Overall,35,27,41,2.0,1.785157,0.319073,1089,16,
4,691,Overall,Overall,35,17,41,0.5,0.510428,0.296774,1026,15,
4,692,Overall,Overall,35,29,41,2.0,1.885295,0.325623,1094,16,
4,693,Overall,Overall,35,11,41,-0.5,-0.478105,0.357678,976,18,
4,694,Overall,Overall,35,24,41,1.0,1.318141,0.300207,1066,15,
4,695,Overall,Overall,35,10,41,-1.0,-0.445596,0.35691,978,18,
4,696,Overall,Overall,35,22,41,1.0,1.392008,0.303021,1070,15,
4,697,Overall,Overall,35,22,41,1.5,1.333739,0.300247,1067,15,
4,698,Overall,Overall,35,11,41,-0.5,-0.613673,0.37467,969,19,
4,699,Overall,Overall,35,22,41,1.5,0.938315,0.29651,1047,15,
4,700,Overall,Overall,35,28,41,2.0,2.329404,0.344368,1116,17,
4,701,Overall,Overall,35,21,41,1.5,1.187124,0.298341,1059,15,
4,702,Overall,Overall,35,22,41,1.5,1.384986,0.309174,1069,15,
4,703,Overall,Overall,35,17,41,1.0,0.959705,0.298045,1048,15,
4,704,Overall,Overall,35,25,41,1.5,1.535574,0.30708,1077,15,
4,705,Overall,Overall,35,5,41,-1.5,-2.111142,0.607578,894,30,
4,706,Overall,Overall,35,14,41,-0.5,-0.214629,0.337084,989,17,
4,707,Overall,Overall,35,11,41,0.0,-0.226514,0.334128,989,17,
4,708,Overall,Overall,35,20,41,0.5,0.832358,0.29637,1042,15,
4,709,Overall,Overall,35,21,41,1.5,1.166664,0.298177,1058,15,
4,710,Overall,Overall,35,6,41,-1.5,-1.59461,0.514233,920,26,
4,711,Overall,Overall,35,26,41,1.0,1.679276,0.324449,1084,16,
4,712,Overall,Overall,35,7,41,-1.0,-1.340358,0.469761,933,23,
4,713,Overall,Overall,35,14,41,0.0,0.134773,0.311887,1007,16,
4,714,Overall,Overall,35,15,41,0.5,0.383038,0.308577,1019,15,
4,715,Overall,Overall,35,27,41,2.0,1.769262,0.318331,1088,16,
4,716,Overall,Overall,35,11,41,0.0,-0.045515,0.322145,998,16,
4,717,Overall,Overall,35,24,41,2.0,1.56529,0.309674,1078,15,
4,718,Overall,Overall,35,7,41,-1.0,-1.113241,0.436358,944,22,
4,719,Overall,Overall,35,18,41,1.0,0.786703,0.299271,1039,15,
4,720,Overall,Overall,35,9,41,0.0,-0.333686,0.347186,983,17,
4,721,Overall,Overall,35,20,41,1.0,0.855003,0.2953,1043,15,
4,722,Overall,Overall,35,23,41,1.5,1.187495,0.29827,1059,15,
4,723,Overall,Overall,35,4,41,-2.0,-2.57085,0.706103,871,35,
4,724,Overall,Overall,35,10,41,-1.0,-0.805302,0.39646,960,20,
4,725,Overall,Overall,35,7,41,-1.5,-2.015323,0.595049,899,30,
4,726,Overall,Overall,35,4,41,-2.0,-2.335245,0.655389,883,33,
4,727,Overall,Overall,35,14,41,-0.5,-0.0209,0.322804,999,16,
4,728,Overall,Overall,35,15,41,0.0,0.342971,0.301199,1017,15,
4,729,Overall,Overall,35,10,41,-0.5,-0.253417,0.3381,987,17,
4,730,Overall,Overall,35,20,41,1.0,0.836156,0.295199,1042,15,
4,731,Overall,Overall,35,4,41,-2.0,-2.386331,0.672116,881,34,
4,732,Overall,Overall,35,19,41,0.5,0.554692,0.299439,1028,15,
4,733,Overall,Overall,35,24,41,1.0,1.399775,0.301706,1070,15,
4,734,Overall,Overall,35,8,41,-2.0,-1.43176,0.487197,928,24,
4,735,Overall,Overall,35,16,41,0.0,0.12554,0.313009,1006,16,
4,736,Overall,Overall,35,13,41,0.0,-0.148527,0.333588,993,17,
4,737,Overall,Overall,35,10,41,-0.5,-0.578684,0.371511,971,19,
4,738,Overall,Overall,35,28,41,2.0,1.727255,0.315498,1086,16,
4,739,Overall,Overall,35,25,41,2.0,1.92552,0.33316,1096,17,
4,740,Overall,Overall,35,15,41,0.5,0.441319,0.305198,1022,15,
4,741,Overall,Overall,35,8,41,-1.0,-0.894332,0.40743,955,20,
4,742,Overall,Overall,35,8,41,-1.0,-0.621302,0.374923,969,19,
4,743,Overall,Overall,35,5,41,-2.0,-2.554526,0.70213,872,35,
4,744,Overall,Overall,35,8,41,-1.0,-1.105816,0.435322,945,22,
4,745,Overall,Overall,35,23,41,1.0,1.028937,0.298911,1051,15,
4,746,Overall,Overall,35,13,41,0.0,0.070084,0.314291,1004,16,
4,747,Overall,Overall,35,12,41,0.0,-0.085941,0.32338,996,16,
4,748,Overall,Overall,35,17,41,0.5,0.575106,0.295758,1029,15,
4,749,Overall,Overall,35,13,41,0.5,0.23646,0.305305,1012,15,
4,750,Overall,Overall,35,7,41,-1.0,-1.452012,0.48768,927,24,
4,751,Overall,Overall,35,27,41,1.5,1.686068,0.31324,1084,16,
4,752,Overall,Overall,35,26,41,2.0,2.338932,0.350724,1117,18,
4,753,Overall,Overall,35,7,41,-2.0,-1.492896,0.497487,925,25,
4,754,Overall,Overall,35,6,41,-1.5,-1.93423,0.576259,903,29,
4,755,Overall,Overall,35,12,41,0.0,-0.222428,0.335311,989,17,
4,756,Overall,Overall,35,24,41,2.0,1.652693,0.318459,1083,16,
4,757,Overall,Overall,35,12,41,-0.5,-0.264536,0.345981,987,17,
4,758,Overall,Overall,35,7,41,-2.0,-1.933709,0.572627,903,29,
4,759,Overall,Overall,35,23,41,1.5,1.706552,0.322354,1085,16,
4,760,Overall,Overall,35,17,41,1.0,0.800956,0.298941,1040,15,
4,761,Overall,Overall,35,18,41,0.5,0.487148,0.297364,1024,15,
4,762,Overall,Overall,35,19,41,0.5,0.635529,0.295911,1032,15,
4,763,Overall,Overall,35,6,41,-1.5,-1.64419,0.523522,918,26,
4,764,Overall,Overall,35,5,41,-2.0,-2.308877,0.650841,885,33,
4,765,Overall,Overall,35,21,41,1.0,1.015806,0.296191,1051,15,
4,766,Overall,Overall,35,13,41,0.0,0.080588,0.31261,1004,16,
4,767,Overall,Overall,35,6,41,-1.5,-2.001969,0.592635,900,30,
4,768,Overall,Overall,35,4,41,-2.0,-2.698947,0.7407,865,37,
4,769,Overall,Overall,35,10,41,-1.0,-0.772558,0.392593,961,20,
4,770,Overall,Overall,35,11,41,-0.5,-0.369034,0.347129,982,17,
4,771,Overall,Overall,35,18,41,0.5,0.542282,0.296387,1027,15,
4,772,Overall,Overall,35,26,41,2.0,2.393674,0.351534,1120,18,
4,773,Overall,Overall,35,24,41,1.5,1.208577,0.304212,1060,15,
4,774,Overall,Overall,35,4,41,-1.5,-2.597512,0.712449,870,36,
4,775,Overall,Overall,35,22,41,1.5,1.254446,0.299342,1063,15,
4,776,Overall,Overall,35,25,41,1.0,1.471687,0.304086,1074,15,
4,777,Overall,Overall,35,16,41,0.5,0.519912,0.296966,1026,15,
4,778,Overall,Overall,35,24,41,2.0,1.874684,0.32525,1094,16,
4,779,Overall,Overall,35,14,41,0.0,0.085336,0.311857,1004,16,
4,780,Overall,Overall,35,25,41,2.0,1.933775,0.328946,1097,16,
4,781,Overall,Overall,35,16,41,0.0,0.583725,0.296919,1029,15,
4,782,Overall,Overall,35,29,41,1.5,2.075115,0.33909,1104,17,
4,783,Overall,Overall,35,24,41,1.0,1.424681,0.302392,1071,15,
4,784,Overall,Overall,35,7,41,-1.0,-1.498586,0.496002,925,25,
4,785,Overall,Overall,35,7,41,-2.0,-1.302843,0.464886,935,23,
4,786,Overall,Overall,35,28,41,2.0,2.225882,0.339606,1111,17,
4,787,Overall,Overall,35,6,41,-1.5,-1.149788,0.442743,943,22,
4,788,Overall,Overall,35,8,41,-2.0,-1.255104,0.457752,937,23,
4,789,Overall,Overall,35,10,41,0.0,-0.626267,0.377452,969,19,
4,790,Overall,Overall,35,7,41,-1.5,-1.382213,0.477908,931,24,
4,791,Overall,Overall,35,22,41,1.0,1.278232,0.299206,1064,15,
4,792,Overall,Overall,35,27,41,1.5,1.834361,0.321038,1092,16,
4,793,Overall,Overall,35,20,41,1.5,1.051673,0.305686,1053,15,
4,794,Overall,Overall,35,17,41,0.5,0.549096,0.29611,1027,15,
4,795,Overall,Overall,35,21,41,1.0,0.880347,0.296877,1044,15,
4,796,Overall,Overall,35,8,41,-1.0,-1.053751,0.434501,947,22,
4,797,Overall,Overall,35,29,41,2.0,2.225186,0.338574,1111,17,
4,798,Overall,Overall,35,4,41,-2.0,-3.14121,0.862049,843,43,
4,799,Overall,Overall,35,14,41,0.0,-0.03019,0.321578,998,16,
4,800,Overall,Overall,35,9,41,-1.0,-1.090592,0.433338,945,22,
4,801,Overall,Overall,35,7,41,-1.0,-1.402571,0.479844,930,24,
4,802,Overall,Overall,35,5,41,-2.0,-2.10102,0.607176,895,30,
4,803,Overall,Overall,35,7,41,-1.0,-1.2376,0.454564,938,23,
4,804,Overall,Overall,35,6,41,-1.5,-1.632689,0.517811,918,26,
4,805,Overall,Overall,35,5,41,-2.0,-1.770123,0.55194,911,28,
4,806,Overall,Overall,35,6,41,-1.5,-1.738614,0.53867,913,27,
4,807,Overall,Overall,35,17,41,0.5,0.542781,0.30152,1027,15,
4,808,Overall,Overall,35,7,41,-2.0,-1.651089,0.521359,917,26,
4,809,Overall,Overall,35,6,41,-2.0,-1.900006,0.565413,905,28,
4,810,Overall,Overall,35,12,41,-0.5,-0.041615,0.320259,998,16,
4,811,Overall,Overall,35,5,41,-1.0,-1.49139,0.497313,925,25,
4,812,Overall,Overall,35,4,41,-1.5,-2.293398,0.65552,885,33,
4,813,Overall,Overall,35,12,41,-0.5,-0.539721,0.368092,973,18,
4,814,Overall,Overall,35,11,41,0.0,-0.52832,0.36318,974,18,
4,815,Overall,Overall,35,9,41,-0.5,-0.605666,0.374623,970,19,
4,816,Overall,Overall,35,11,41,0.0,-0.335915,0.345311,983,17,
4,817,Overall,Overall,35,18,41,0.5,0.752605,0.297266,1038,15,
4,818,Overall,Overall,35,12,41,-0.5,-0.226172,0.334385,989,17,
4,819,Overall,Overall,35,9,41,-1.0,-1.025254,0.424189,949,21,
4,820,Overall,Overall,35,7,41,-1.0,-1.250467,0.458134,937,23,
4,821,Overall,Overall,35,25,41,1.5,1.721327,0.322601,1086,16,
4,822,Overall,Overall,35,23,41,1.5,1.74919,0.325,1087,16,
4,823,Overall,Overall,35,8,41,-1.5,-0.891293,0.409255,955,20,
4,824,Overall,Overall,35,7,41,-2.0,-1.43169,0.484441,928,24,
4,825,Overall,Overall,35,5,41,-1.5,-1.733904,0.543851,913,27,
4,826,Overall,Overall,35,15,41,0.0,0.148558,0.30991,1007,15,
4,827,Overall,Overall,35,25,41,1.5,1.529421,0.305879,1076,15,
4,828,Overall,Overall,35,26,41,1.5,1.680951,0.317307,1084,16,
4,829,Overall,Overall,35,22,41,1.5,1.338154,0.30348,1067,15,
4,830,Overall,Overall,35,29,41,2.0,2.345644,0.344554,1117,17,
4,831,Overall,Overall,35,23,41,2.0,1.879063,0.327942,1094,16,
4,832,Overall,Overall,35,11,41,0.5,-0.031921,0.334608,998,17,
4,833,Overall,Overall,35,9,41,-0.5,-0.452254,0.354878,977,18,
4,834,Overall,Overall,35,23,41,0.5,0.903722,0.297907,1045,15,
4,835,Overall,Overall,35,7,41,-1.0,-1.209722,0.452187,940,23,
4,836,Overall,Overall,35,12,41,0.0,-0.413682,0.351452,979,18,
4,837,Overall,Overall,35,7,41,-1.0,-1.194482,0.447832,940,22,
4,838,Overall,Overall,35,11,41,-0.5,-0.131267,0.32946,993,16,
4,839,Overall,Overall,35,19,41,0.5,0.487013,0.298444,1024,15,
4,840,Overall,Overall,35,9,41,-1.0,-0.991649,0.419636,950,21,
4,841,Overall,Overall,35,12,41,-0.5,-0.277935,0.344009,986,17,
4,842,Overall,Overall,35,26,41,1.5,1.779453,0.319457,1089,16,
4,843,Overall,Overall,35,7,41,-1.0,-1.262165,0.458896,937,23,
4,844,Overall,Overall,35,8,41,-1.5,-1.279904,0.46093,936,23,
4,845,Overall,Overall,35,28,41,2.0,2.606967,0.362589,1130,18,
4,846,Overall,Overall,35,5,41,-2.0,-1.871731,0.55987,906,28,
4,847,Overall,Overall,35,5,41,-1.5,-2.159708,0.616772,892,31,
4,848,Overall,Overall,35,23,41,1.5,1.309269,0.299943,1065,15,
4,849,Overall,Overall,35,15,41,0.5,0.391912,0.300655,1020,15,
4,850,Overall,Overall,35,10,41,-0.5,-0.672589,0.381952,966,19,
4,851,Overall,Overall,35,3,41,-2.0,-3.284381,0.903788,836,45,
4,852,Overall,Overall,35,11,41,-0.5,-0.211022,0.336241,989,17,
4,853,Overall,Overall,35,7,41,-2.0,-1.561001,0.508663,922,25,
4,854,Overall,Overall,35,21,41,2.0,1.76882,0.328474,1088,16,
4,855,Overall,Overall,35,29,41,1.5,1.728382,0.316462,1086,16,
4,856,Overall,Overall,35,24,41,1.5,1.366283,0.302176,1068,15,
4,857,Overall,Overall,35,13,41,0.5,0.02001,0.316141,1001,16,
4,858,Overall,Overall,35,10,41,-1.0,-0.961573,0.416532,952,21,
4,859,Overall,Overall,35,13,41,0.0,-0.289185,0.340221,986,17,
4,860,Overall,Overall,35,27,41,2.0,2.116571,0.332917,1106,17,
4,861,Overall,Overall,35,26,41,1.5,1.168937,0.30324,1058,15,
4,862,Overall,Overall,35,22,41,1.5,1.389104,0.307756,1069,15,
4,863,Overall,Overall,35,12,41,-0.5,-0.289304,0.358806,986,18,
4,864,Overall,Overall,35,9,41,-0.5,-0.976288,0.419548,951,21,
4,865,Overall,Overall,35,22,41,0.5,1.155773,0.297916,1058,15,
4,866,Overall,Overall,35,13,41,0.0,-0.127177,0.325733,994,16,
4,867,Overall,Overall,35,7,41,-1.5,-1.147849,0.441954,943,22,
4,868,Overall,Overall,35,10,41,-0.5,-0.424061,0.353999,979,18,
4,869,Overall,Overall,35,17,41,1.0,0.538393,0.296273,1027,15,
4,870,Overall,Overall,35,5,41,-2.0,-1.752079,0.548049,912,27,
4,871,Overall,Overall,35,12,41,-0.5,-0.619624,0.373432,969,19,
4,872,Overall,Overall,35,19,41,0.5,0.618536,0.296006,1031,15,
4,873,Overall,Overall,35,9,41,-0.5,-0.784279,0.39256,961,20,
4,874,Overall,Overall,35,14,41,0.0,0.214137,0.305666,1011,15,
4,875,Overall,Overall,35,26,41,2.0,1.758478,0.317689,1088,16,
4,876,Overall,Overall,35,8,41,-1.0,-0.892736,0.407426,955,20,
4,877,Overall,Overall,35,26,41,2.0,1.589106,0.30831,1079,15,
4,878,Overall,Overall,35,28,41,2.0,2.226009,0.338461,1111,17,
4,879,Overall,Overall,35,19,41,1.0,0.800621,0.29693,1040,15,
4,880,Overall,Overall,35,5,41,-2.0,-2.239317,0.634797,888,32,
4,881,Overall,Overall,35,7,41,-1.0,-0.881277,0.407652,956,20,
4,882,Overall,Overall,35,17,41,0.5,0.300329,0.305235,1015,15,
4,883,Overall,Overall,35,12,41,0.5,0.133686,0.311961,1007,16,
4,884,Overall,Overall,35,7,41,-1.5,-1.421806,0.48298,929,24,
4,885,Overall,Overall,35,28,41,2.0,1.987901,0.331543,1099,17,
4,886,Overall,Overall,35,12,41,0.0,-0.264565,0.337809,987,17,
4,887,Overall,Overall,35,26,41,2.0,1.495779,0.305665,1075,15,
4,888,Overall,Overall,35,13,41,0.5,0.501579,0.31521,1025,16,
4,889,Overall,Overall,35,14,41,0.0,-0.06099,0.327836,997,16,
4,890,Overall,Overall,35,20,41,0.5,0.843162,0.29496,1042,15,
4,891,Overall,Overall,35,29,41,1.5,1.974045,0.33017,1099,17,
4,892,Overall,Overall,35,9,41,-1.0,-0.972925,0.419106,951,21,
4,893,Overall,Overall,35,9,41,-1.0,-0.909974,0.409316,955,20,
4,894,Overall,Overall,35,24,41,2.0,1.627599,0.314243,1081,16,
4,895,Overall,Overall,35,6,41,-1.5,-1.299157,0.464155,935,23,
4,896,Overall,Overall,35,3,41,-2.0,-3.755217,1.059934,812,53,
4,897,Overall,Overall,35,10,41,-1.0,-0.681211,0.382235,966,19,
4,898,Overall,Overall,35,5,41,-2.0,-1.978151,0.581963,901,29,
4,899,Overall,Overall,35,19,41,1.0,0.879992,0.298568,1044,15,
4,900,Overall,Overall,35,10,41,-0.5,-0.479451,0.358515,976,18,
