thread,student,domain_name,domain_value,item_count,raw_score,max_points,true_theta,theta,se,scale_score,scale_score_se,performance_level
1,1,Overall,Overall,36,30,48,2.5,2.404437,0.34948,1120,17,
1,2,Overall,Overall,36,19,48,0.5,0.522924,0.305,1026,15,
1,3,Overall,Overall,36,2,48,-2.5,-3.044701,0.849149,848,42,
1,4,Overall,Overall,36,27,48,1.5,1.90629,0.317519,1095,16,
1,5,Overall,Overall,36,21,48,1.5,0.996558,0.297736,1050,15,
1,6,Overall,Overall,36,22,48,1.0,0.800564,0.302374,1040,15,
1,7,Overall,Overall,36,8,48,-1.5,-1.074533,0.427855,946,21,
1,8,Overall,Overall,36,4,48,-2.5,-2.744416,0.76562,863,38,
1,9,Overall,Overall,36,17,48,0.0,0.161936,0.314301,1008,16,
1,10,Overall,Overall,36,12,48,-0.5,-0.654053,0.385087,967,19,
1,11,Overall,Overall,36,35,48,2.0,2.683182,0.368481,1134,18,
1,12,Overall,Overall,36,20,48,0.0,0.447179,0.305874,1022,15,
1,13,Overall,Overall,36,5,48,-1.5,-2.200467,0.637094,890,32,
1,14,Overall,Overall,36,30,48,1.0,1.517899,0.301623,1076,15,
1,15,Overall,Overall,36,30,48,1.5,1.685691,0.304257,1084,15,
1,16,Overall,Overall,36,15,48,0.0,0.173385,0.313945,1009,16,
1,17,Overall,Overall,36,22,48,1.5,1.236174,0.303275,1062,15,
1,18,Overall,Overall,36,10,48,-0.5,-0.609457,0.383637,970,19,
1,19,Overall,Overall,36,29,48,2.0,2.210566,0.336719,1111,17,
1,20,Overall,Overall,36,19,48,0.0,0.44984,0.305898,1022,15,
1,21,Overall,Overall,36,8,48,-3.0,-1.553826,0.508088,922,25,
1,22,Overall,Overall,36,6,48,-2.5,-2.557668,0.717325,872,36,
1,23,Overall,Overall,36,31,48,2.0,2.50633,0.355852,1125,18,
1,24,Overall,Overall,36,37,48,2.5,3.242413,0.437941,1162,22,
1,25,Overall,Overall,36,6,48,-0.5,-1.733924,0.539187,913,27,
1,26,Overall,Overall,36,38,48,3.0,3.083242,0.416711,1154,21,
1,27,Overall,Overall,36,25,48,1.0,1.106379,0.296944,1055,15,
1,28,Overall,Overall,36,23,48,1.0,1.068568,0.296866,1053,15,
1,29,Overall,Overall,36,31,48,1.0,1.737105,0.307825,1087,15,
1,30,Overall,Overall,36,4,48,-2.0,-2.799831,0.78259,860,39,
1,31,Overall,Overall,36,34,48,2.5,2.444882,0.354016,1122,18,
1,32,Overall,Overall,36,36,48,3.0,3.196903,0.434812,1160,22,
1,33,Overall,Overall,36,15,48,0.0,0.009943,0.321188,1000,16,
1,34,Overall,Overall,36,5,48,-0.5,-1.615187,0.514312,919,26,
1,35,Overall,Overall,36,6,48,-1.0,-1.541885,0.501828,923,25,
1,36,Overall,Overall,36,20,48,0.5,0.591118,0.305706,1030,15,
1,37,Overall,Overall,36,6,48,-1.5,-1.901798,0.570909,905,29,
1,38,Overall,Overall,36,23,48,0.5,0.94625,0.298045,1047,15,
1,39,Overall,Overall,36,12,48,-1.0,-0.488193,0.358031,976,18,
1,40,Overall,Overall,36,10,48,-1.0,-0.646597,0.3739,968,19,
1,41,Overall,Overall,36,8,48,-2.5,-1.130253,0.434349,943,22,
1,42,Overall,Overall,36,11,48,-1.0,-0.843779,0.396128,958,20,
1,43,Overall,Overall,36,9,48,-1.0,-1.313191,0.462787,934,23,
1,44,Overall,Overall,36,5,48,-2.0,-2.50815,0.705908,875,35,
1,45,Overall,Overall,36,40,48,3.0,3.767074,0.517029,1188,26,
1,46,Overall,Overall,36,39,48,2.5,3.295278,0.44665,1165,22,
1,47,Overall,Overall,36,12,48,-0.5,-0.349949,0.347195,983,17,
1,48,Overall,Overall,36,19,48,0.5,0.518543,0.304373,1026,15,
1,49,Overall,Overall,36,13,48,0.0,-0.283333,0.339792,986,17,
1,50,Overall,Overall,36,4,48,-2.5,-3.22305,0.918949,839,46,
1,51,Overall,Overall,36,31,48,2.0,1.899611,0.316056,1095,16,
1,52,Overall,Overall,36,7,48,-2.0,-1.620871,0.516857,919,26,
1,53,Overall,Overall,36,29,48,2.5,2.4207,0.36818,1121,18,
1,54,Overall,Overall,36,18,48,0.0,0.166087,0.314393,1008,16,
1,55,Overall,Overall,36,36,48,2.5,2.692917,0.379744,1135,19,
1,56,Overall,Overall,36,40,48,3.0,3.720836,0.512385,1186,26,
1,57,Overall,Overall,36,4,48,-2.5,-2.625199,0.734718,869,37,
1,58,Overall,Overall,36,35,48,2.5,2.819809,0.386657,1141,19,
1,59,Overall,Overall,36,11,48,-1.0,-0.873282,0.400374,956,20,
1,60,Overall,Overall,36,28,48,2.0,1.477039,0.299695,1074,15,
1,61,Overall,Overall,36,32,48,2.5,2.488576,0.353961,1124,18,
1,62,Overall,Overall,36,24,48,1.5,1.317739,0.2988,1066,15,
1,63,Overall,Overall,36,20,48,1.0,0.643741,0.30355,1032,15,
1,64,Overall,Overall,36,12,48,-0.5,-0.758366,0.385734,962,19,
1,65,Overall,Overall,36,27,48,2.0,1.989408,0.326774,1099,16,
1,66,Overall,Overall,36,35,48,2.0,2.3018,0.343195,1115,17,
1,67,Overall,Overall,36,34,48,1.5,2.139929,0.330784,1107,17,
1,68,Overall,Overall,36,4,48,-2.5,-2.396787,0.684689,880,34,
1,69,Overall,Overall,36,38,48,3.0,3.280328,0.442944,1164,22,
1,70,Overall,Overall,36,30,48,1.5,1.940451,0.315742,1097,16,
1,71,Overall,Overall,36,3,48,-3.0,-2.804125,0.783783,860,39,
1,72,Overall,Overall,36,13,48,0.0,-0.507064,0.359777,975,18,
1,73,Overall,Overall,36,9,48,-0.5,-1.13422,0.434931,943,22,
1,74,Overall,Overall,36,4,48,-2.5,-3.11446,0.870869,844,44,
1,75,Overall,Overall,36,41,48,3.0,3.583258,0.489491,1179,24,
1,76,Overall,Overall,36,35,48,3.0,2.967683,0.405239,1148,20,
1,77,Overall,Overall,36,3,48,-3.0,-3.423839,0.968188,829,48,
1,78,Overall,Overall,36,33,48,2.0,2.337198,0.346055,1117,17,
1,79,Overall,Overall,36,25,48,1.0,1.169239,0.296972,1058,15,
1,80,Overall,Overall,36,4,48,-2.0,-1.966497,0.583912,902,29,
1,81,Overall,Overall,36,11,48,-0.5,-0.668404,0.376069,967,19,
1,82,Overall,Overall,36,34,48,2.5,2.482959,0.358923,1124,18,
1,83,Overall,Overall,36,37,48,3.0,3.316084,0.455871,1166,23,
1,84,Overall,Overall,36,28,48,2.5,2.528413,0.375695,1126,19,
1,85,Overall,Overall,36,8,48,-1.5,-1.411037,0.482937,929,24,
1,86,Overall,Overall,36,35,48,2.5,2.600778,0.363504,1130,18,
1,87,Overall,Overall,36,17,48,0.0,0.245544,0.318531,1012,16,
1,88,Overall,Overall,36,22,48,1.0,1.02588,0.29803,1051,15,
1,89,Overall,Overall,36,3,48,-3.0,-3.117699,0.871622,844,44,
1,90,Overall,Overall,36,15,48,0.0,0.062904,0.320894,1003,16,
1,91,Overall,Overall,36,20,48,1.0,0.639451,0.302838,1032,15,
1,92,Overall,Overall,36,35,48,2.0,2.216741,0.334429,1111,17,
1,93,Overall,Overall,36,36,48,3.0,2.834567,0.391373,1142,20,
1,94,Overall,Overall,36,36,48,2.0,2.724107,0.376996,1136,19,
1,95,Overall,Overall,36,8,48,-0.5,-0.781472,0.388648,961,19,
1,96,Overall,Overall,36,37,48,3.0,3.658771,0.494473,1183,25,
1,97,Overall,Overall,36,29,48,2.0,1.659087,0.304798,1083,15,
1,98,Overall,Overall,36,5,48,-1.5,-2.378741,0.676804,881,34,
1,99,Overall,Overall,36,3,48,-3.0,-4.006935,1.210197,800,61,
1,100,Overall,Overall,36,14,48,-0.5,-0.250396,0.338745,987,17,
1,101,Overall,Overall,36,8,48,-2.5,-1.150405,0.437296,942,22,
1,102,Overall,Overall,36,3,48,-3.0,-3.281507,0.914107,836,46,
1,103,Overall,Overall,36,14,48,-0.5,-0.226192,0.337047,989,17,
1,104,Overall,Overall,36,23,48,1.0,1.144499,0.298909,1057,15,
1,105,Overall,Overall,36,35,48,3.0,2.666649,0.369769,1133,18,
1,106,Overall,Overall,36,13,48,-0.5,-0.434584,0.353527,978,18,
1,107,Overall,Overall,36,33,48,2.5,1.785874,0.313471,1089,16,
1,108,Overall,Overall,36,3,48,-3.0,-4.383776,1.368276,781,68,
1,109,Overall,Overall,36,6,48,-2.5,-1.930638,0.578668,903,29,
1,110,Overall,Overall,36,5,48,-2.5,-2.281056,0.653718,886,33,
1,111,Overall,Overall,36,10,48,-1.0,-0.793203,0.399559,960,20,
1,112,Overall,Overall,36,23,48,1.0,1.051307,0.298074,1053,15,
1,113,Overall,Overall,36,12,48,-0.5,-0.621494,0.373571,969,19,
1,114,Overall,Overall,36,28,48,2.0,2.251034,0.336863,1113,17,
1,115,Overall,Overall,36,4,48,-3.0,-2.782526,0.774852,861,39,
1,116,Overall,Overall,36,16,48,0.5,0.137953,0.315313,1007,16,
1,117,Overall,Overall,36,30,48,2.0,2.410961,0.348923,1121,17,
1,118,Overall,Overall,36,20,48,0.5,1.040169,0.299982,1052,15,
1,119,Overall,Overall,36,11,48,-1.0,-0.570924,0.366189,971,18,
1,120,Overall,Overall,36,9,48,-1.5,-1.067993,0.425405,947,21,
1,121,Overall,Overall,36,36,48,3.0,3.260929,0.447892,1163,22,
1,122,Overall,Overall,36,31,48,2.5,2.480877,0.35028,1124,18,
1,123,Overall,Overall,36,6,48,-2.0,-1.980462,0.586039,901,29,
1,124,Overall,Overall,36,16,48,-0.5,-0.068808,0.327491,997,16,
1,125,Overall,Overall,36,18,48,0.0,0.235041,0.312045,1012,16,
1,126,Overall,Overall,36,28,48,1.5,1.659572,0.304891,1083,15,
1,127,Overall,Overall,36,23,48,0.5,0.823915,0.300783,1041,15,
1,128,Overall,Overall,36,20,48,0.0,0.359781,0.311246,1018,16,
1,129,Overall,Overall,36,31,48,2.0,1.676725,0.307242,1084,15,
1,130,Overall,Overall,36,3,48,-3.0,-3.092783,0.861841,845,43,
1,131,Overall,Overall,36,3,48,-2.0,-2.818962,0.785416,859,39,
1,132,Overall,Overall,36,26,48,2.0,1.522569,0.301905,1076,15,
1,133,Overall,Overall,36,17,48,0.5,0.205239,0.312771,1010,16,
1,134,Overall,Overall,36,9,48,-1.0,-1.168552,0.44077,942,22,
1,135,Overall,Overall,36,4,48,-2.0,-2.959457,0.823163,852,41,
1,136,Overall,Overall,36,16,48,0.5,0.273026,0.311434,1014,16,
1,137,Overall,Overall,36,2,48,-1.5,-3.32384,0.935662,834,47,
1,138,Overall,Overall,36,36,48,3.0,2.674974,0.368601,1134,18,
1,139,Overall,Overall,36,13,48,-0.5,-0.462775,0.356005,977,18,
1,140,Overall,Overall,36,9,48,-0.5,-0.611478,0.370292,969,19,
1,141,Overall,Overall,36,28,48,1.5,1.604849,0.305105,1080,15,
1,142,Overall,Overall,36,34,48,2.0,2.377953,0.349354,1119,17,
1,143,Overall,Overall,36,11,48,0.0,-0.073826,0.3455,996,17,
1,144,Overall,Overall,36,32,48,2.5,2.118763,0.329664,1106,16,
1,145,Overall,Overall,36,3,48,-3.0,-4.169521,1.276422,792,64,
1,146,Overall,Overall,36,8,48,-1.0,-1.670931,0.531043,916,27,
1,147,Overall,Overall,36,3,48,-3.0,-3.618906,1.056371,819,53,
1,148,Overall,Overall,36,10,48,-0.5,-1.022914,0.42041,949,21,
1,149,Overall,Overall,36,21,48,0.5,0.711134,0.301563,1036,15,
1,150,Overall,Overall,36,32,48,2.5,2.010478,0.321378,1101,16,
1,151,Overall,Overall,36,19,48,1.0,0.635566,0.303435,1032,15,
1,152,Overall,Overall,36,28,48,2.0,1.551184,0.301687,1078,15,
1,153,Overall,Overall,36,3,48,-3.0,-3.32261,0.935411,834,47,
1,154,Overall,Overall,36,30,48,2.0,1.666802,0.306782,1083,15,
1,155,Overall,Overall,36,6,48,-1.5,-1.719543,0.533571,914,27,
1,156,Overall,Overall,36,4,48,-2.5,-2.574747,0.722196,871,36,
1,157,Overall,Overall,36,41,48,2.5,3.547929,0.479501,1177,24,
1,158,Overall,Overall,36,15,48,0.5,0.262555,0.310973,1013,16,
1,159,Overall,Overall,36,9,48,-1.0,-0.920415,0.407167,954,20,
1,160,Overall,Overall,36,17,48,0.5,0.399285,0.310796,1020,16,
1,161,Overall,Overall,36,33,48,3.0,2.37326,0.347409,1119,17,
1,162,Overall,Overall,36,36,48,3.0,3.635595,0.499534,1182,25,
1,163,Overall,Overall,36,16,48,0.5,0.183351,0.314728,1009,16,
1,164,Overall,Overall,36,3,48,-3.0,-2.844646,0.794765,858,40,
1,165,Overall,Overall,36,3,48,-2.5,-3.307443,0.946904,835,47,
1,166,Overall,Overall,36,24,48,1.5,1.435106,0.300988,1072,15,
1,167,Overall,Overall,36,8,48,-1.0,-1.25905,0.454185,937,23,
1,168,Overall,Overall,36,13,48,0.0,-0.393338,0.349959,980,17,
1,169,Overall,Overall,36,22,48,1.5,1.045241,0.297798,1052,15,
1,170,Overall,Overall,36,32,48,1.5,1.88957,0.314216,1094,16,
1,171,Overall,Overall,36,4,48,-2.5,-2.336722,0.669728,883,33,
1,172,Overall,Overall,36,6,48,-1.5,-1.705093,0.530864,915,27,
1,173,Overall,Overall,36,35,48,3.0,2.937444,0.402095,1147,20,
1,174,Overall,Overall,36,9,48,-2.0,-1.321866,0.463947,934,23,
1,175,Overall,Overall,36,17,48,-0.5,0.262049,0.31059,1013,16,
1,176,Overall,Overall,36,5,48,-2.0,-2.400966,0.679931,880,34,
1,177,Overall,Overall,36,24,48,1.5,1.009324,0.297566,1050,15,
1,178,Overall,Overall,36,27,48,1.5,1.450743,0.302663,1073,15,
1,179,Overall,Overall,36,36,48,2.5,3.092446,0.424438,1155,21,
1,180,Overall,Overall,36,14,48,0.5,-0.096106,0.327839,995,16,
1,181,Overall,Overall,36,7,48,-1.5,-1.441545,0.483456,928,24,
1,182,Overall,Overall,36,31,48,3.0,3.082559,0.430333,1154,22,
1,183,Overall,Overall,36,5,48,-2.5,-2.436608,0.68816,878,34,
1,184,Overall,Overall,36,26,48,0.5,1.052958,0.29746,1053,15,
1,185,Overall,Overall,36,11,48,-0.5,-0.479949,0.358661,976,18,
1,186,Overall,Overall,36,11,48,-0.5,-0.785619,0.39126,961,20,
1,187,Overall,Overall,36,36,48,2.5,2.558037,0.361408,1128,18,
1,188,Overall,Overall,36,33,48,2.0,1.748553,0.310549,1087,16,
1,189,Overall,Overall,36,33,48,3.0,2.424695,0.349978,1121,17,
1,190,Overall,Overall,36,14,48,-1.0,-0.706605,0.381337,965,19,
1,191,Overall,Overall,36,28,48,1.5,1.289855,0.297062,1064,15,
1,192,Overall,Overall,36,10,48,-1.0,-0.818963,0.395026,959,20,
1,193,Overall,Overall,36,2,48,-2.5,-3.430641,0.979062,828,49,
1,194,Overall,Overall,36,33,48,2.5,2.390374,0.345012,1120,17,
1,195,Overall,Overall,36,38,48,2.5,3.034531,0.410299,1152,21,
1,196,Overall,Overall,36,19,48,0.0,0.462482,0.307075,1023,15,
1,197,Overall,Overall,36,37,48,3.0,3.381697,0.45738,1169,23,
1,198,Overall,Overall,36,36,48,2.5,2.272923,0.340666,1114,17,
1,199,Overall,Overall,36,7,48,-2.0,-1.419657,0.480438,929,24,
1,200,Overall,Overall,36,34,48,2.0,3.062219,0.428316,1153,21,
1,201,Overall,Overall,36,30,48,1.5,1.66799,0.305701,1083,15,
1,202,Overall,Overall,36,29,48,2.0,1.781284,0.311582,1089,16,
1,203,Overall,Overall,36,6,48,-2.5,-1.502425,0.494532,925,25,
1,204,Overall,Overall,36,24,48,0.5,0.958788,0.297924,1048,15,
1,205,Overall,Overall,36,5,48,-2.5,-2.481959,0.699058,876,35,
1,206,Overall,Overall,36,20,48,0.0,0.313215,0.310908,1016,16,
1,207,Overall,Overall,36,24,48,1.0,1.164,0.303586,1058,15,
1,208,Overall,Overall,36,15,48,0.0,0.221252,0.323066,1011,16,
1,209,Overall,Overall,36,41,48,3.0,3.530385,0.487725,1177,24,
1,210,Overall,Overall,36,17,48,0.5,0.398017,0.307108,1020,15,
1,211,Overall,Overall,36,36,48,3.0,2.620943,0.368978,1131,18,
1,212,Overall,Overall,36,33,48,2.0,2.098928,0.327667,1105,16,
1,213,Overall,Overall,36,5,48,-1.0,-2.127758,0.61789,894,31,
1,214,Overall,Overall,36,35,48,2.5,2.655478,0.372339,1133,19,
1,215,Overall,Overall,36,24,48,1.5,1.3043,0.297275,1065,15,
1,216,Overall,Overall,36,7,48,-2.0,-1.396275,0.480877,930,24,
1,217,Overall,Overall,36,5,48,-2.0,-2.209721,0.638495,890,32,
1,218,Overall,Overall,36,37,48,3.0,3.211659,0.434512,1161,22,
1,219,Overall,Overall,36,3,48,-3.0,-3.097673,0.865848,845,43,
1,220,Overall,Overall,36,27,48,1.0,0.99412,0.302241,1050,15,
1,221,Overall,Overall,36,35,48,2.5,3.020812,0.411206,1151,21,
1,222,Overall,Overall,36,35,48,2.0,2.552388,0.356449,1128,18,
1,223,Overall,Overall,36,6,48,-1.5,-1.573989,0.507751,921,25,
1,224,Overall,Overall,36,9,48,-1.5,-1.626358,0.528748,919,26,
1,225,Overall,Overall,36,3,48,-3.0,-3.770368,1.114464,811,56,
1,226,Overall,Overall,36,17,48,0.5,0.420457,0.306615,1021,15,
1,227,Overall,Overall,36,9,48,-0.5,-1.078781,0.436842,946,22,
1,228,Overall,Overall,36,5,48,-3.0,-2.736663,0.765749,863,38,
1,229,Overall,Overall,36,7,48,-2.0,-1.525178,0.500646,924,25,
1,230,Overall,Overall,36,4,48,-2.0,-2.366652,0.677138,882,34,
1,231,Overall,Overall,36,7,48,-1.0,-1.319032,0.466327,934,23,
1,232,Overall,Overall,36,6,48,-1.5,-1.916147,0.576106,904,29,
1,233,Overall,Overall,36,23,48,1.0,0.872899,0.299094,1044,15,
1,234,Overall,Overall,36,21,48,0.0,0.605514,0.30196,1030,15,
1,235,Overall,Overall,36,13,48,0.0,-0.167919,0.333179,992,17,
1,236,Overall,Overall,36,8,48,-1.5,-1.370602,0.471881,931,24,
1,237,Overall,Overall,36,17,48,0.5,0.398322,0.311768,1020,16,
1,238,Overall,Overall,36,16,48,0.0,0.189216,0.314252,1009,16,
1,239,Overall,Overall,36,5,48,-2.0,-1.920415,0.573785,904,29,
1,240,Overall,Overall,36,39,48,3.0,3.245626,0.438553,1162,22,
1,241,Overall,Overall,36,37,48,2.5,3.120494,0.429484,1156,21,
1,242,Overall,Overall,36,25,48,2.0,1.600581,0.307179,1080,15,
1,243,Overall,Overall,36,17,48,0.5,0.457597,0.305731,1023,15,
1,244,Overall,Overall,36,28,48,1.5,1.742619,0.310635,1087,16,
1,245,Overall,Overall,36,31,48,2.0,2.452399,0.34855,1123,17,
1,246,Overall,Overall,36,13,48,0.5,-0.151095,0.331158,992,17,
1,247,Overall,Overall,36,23,48,1.5,1.369268,0.309225,1068,15,
1,248,Overall,Overall,36,4,48,-2.0,-3.021939,0.842649,849,42,
1,249,Overall,Overall,36,18,48,0.5,0.388143,0.30697,1019,15,
1,250,Overall,Overall,36,21,48,0.5,0.739781,0.300851,1037,15,
1,251,Overall,Overall,36,33,48,2.0,2.309135,0.343624,1115,17,
1,252,Overall,Overall,36,37,48,2.5,2.423128,0.360149,1121,18,
1,253,Overall,Overall,36,6,48,-2.5,-1.923753,0.574613,904,29,
1,254,Overall,Overall,36,3,48,-2.5,-2.932024,0.810615,853,41,
1,255,Overall,Overall,36,26,48,2.0,1.350413,0.298711,1068,15,
1,256,Overall,Overall,36,5,48,-2.5,-2.688763,0.7508,866,38,
1,257,Overall,Overall,36,6,48,-3.0,-2.180474,0.628659,891,31,
1,258,Overall,Overall,36,36,48,2.5,3.097867,0.418231,1155,21,
1,259,Overall,Overall,36,11,48,-1.0,-0.709759,0.380532,965,19,
1,260,Overall,Overall,36,24,48,2.0,1.824056,0.317163,1091,16,
1,261,Overall,Overall,36,5,48,-2.0,-2.13449,0.61995,893,31,
1,262,Overall,Overall,36,20,48,1.0,0.842315,0.301538,1042,15,
1,263,Overall,Overall,36,31,48,2.5,2.267241,0.337705,1113,17,
1,264,Overall,Overall,36,21,48,1.0,0.779233,0.304712,1039,15,
1,265,Overall,Overall,36,37,48,2.5,3.007427,0.406376,1150,20,
1,266,Overall,Overall,36,4,48,-2.0,-2.554705,0.7134,872,36,
1,267,Overall,Overall,36,13,48,-1.0,-0.672935,0.37655,966,19,
1,268,Overall,Overall,36,8,48,-0.5,-0.984012,0.414967,951,21,
1,269,Overall,Overall,36,5,48,-1.5,-2.159077,0.628241,892,31,
1,270,Overall,Overall,36,26,48,1.5,1.45642,0.302092,1073,15,
1,271,Overall,Overall,36,10,48,-0.5,-0.86389,0.398963,957,20,
1,272,Overall,Overall,36,7,48,-1.0,-1.660202,0.526513,917,26,
1,273,Overall,Overall,36,21,48,1.0,0.904166,0.298669,1045,15,
1,274,Overall,Overall,36,26,48,1.0,1.217468,0.297034,1061,15,
1,275,Overall,Overall,36,7,48,-2.0,-2.22707,0.6405,889,32,
1,276,Overall,Overall,36,15,48,-0.5,-0.061527,0.32704,997,16,
1,277,Overall,Overall,36,23,48,1.0,1.126988,0.296886,1056,15,
1,278,Overall,Overall,36,7,48,-1.0,-1.33933,0.46671,933,23,
1,279,Overall,Overall,36,21,48,0.5,0.766276,0.301304,1038,15,
1,280,Overall,Overall,36,4,48,-2.5,-3.463985,1.000729,827,50,
1,281,Overall,Overall,36,31,48,2.0,1.820871,0.315244,1091,16,
1,282,Overall,Overall,36,6,48,-1.5,-1.832221,0.561534,908,28,
1,283,Overall,Overall,36,9,48,0.0,-1.088788,0.429199,946,21,
1,284,Overall,Overall,36,28,48,2.0,1.762412,0.308895,1088,15,
1,285,Overall,Overall,36,27,48,1.5,1.607527,0.301975,1080,15,
1,286,Overall,Overall,36,12,48,0.0,-0.471338,0.355961,976,18,
1,287,Overall,Overall,36,34,48,3.0,3.07787,0.425979,1154,21,
1,288,Overall,Overall,36,5,48,-3.0,-2.17413,0.63099,891,32,
1,289,Overall,Overall,36,41,48,3.0,4.271677,0.607491,1214,30,
1,290,Overall,Overall,36,12,48,-0.5,-0.501814,0.359557,975,18,
1,291,Overall,Overall,36,35,48,3.0,2.996147,0.406065,1150,20,
1,292,Overall,Overall,36,2,48,-2.5,-3.178933,0.900869,841,45,
1,293,Overall,Overall,36,5,48,-2.5,-2.387742,0.676321,881,34,
1,294,Overall,Overall,36,23,48,1.0,0.874596,0.300881,1044,15,
1,295,Overall,Overall,36,4,48,-2.5,-2.345388,0.666247,883,33,
1,296,Overall,Overall,36,6,48,-2.5,-2.034379,0.597467,898,30,
1,297,Overall,Overall,36,6,48,-2.0,-2.013874,0.595191,899,30,
1,298,Overall,Overall,36,35,48,2.5,3.120864,0.423103,1156,21,
1,299,Overall,Overall,36,24,48,0.5,0.817301,0.299354,1041,15,
1,300,Overall,Overall,36,6,48,-1.5,-1.786309,0.547096,911,27,
1,301,Overall,Overall,36,25,48,0.5,0.941224,0.301332,1047,15,
1,302,Overall,Overall,36,31,48,2.0,2.14821,0.34112,1107,17,
1,303,Overall,Overall,36,11,48,-1.0,-1.034123,0.421784,948,21,
1,304,Overall,Overall,36,38,48,2.5,3.281791,0.440162,1164,22,
1,305,Overall,Overall,36,16,48,1.0,0.623901,0.312076,1031,16,
1,306,Overall,Overall,36,22,48,0.5,1.09295,0.298994,1055,15,
1,307,Overall,Overall,36,22,48,0.5,0.892353,0.300236,1045,15,
1,308,Overall,Overall,36,16,48,0.0,0.149848,0.316248,1007,16,
1,309,Overall,Overall,36,34,48,2.0,2.199131,0.334171,1110,17,
1,310,Overall,Overall,36,29,48,2.0,2.048972,0.325101,1102,16,
1,311,Overall,Overall,36,5,48,-2.5,-2.486413,0.709021,876,35,
1,312,Overall,Overall,36,2,48,-3.0,-3.89559,1.146396,805,57,
1,313,Overall,Overall,36,7,48,-1.0,-1.561068,0.507844,922,25,
1,314,Overall,Overall,36,2,48,-3.0,-4.170122,1.275185,791,64,
1,315,Overall,Overall,36,5,48,-2.0,-2.397214,0.675494,880,34,
1,316,Overall,Overall,36,21,48,1.0,0.643084,0.304504,1032,15,
1,317,Overall,Overall,36,24,48,1.5,0.766511,0.303308,1038,15,
1,318,Overall,Overall,36,3,48,-3.0,-3.00342,0.835543,850,42,
1,319,Overall,Overall,36,20,48,0.5,0.831815,0.301584,1042,15,
1,320,Overall,Overall,36,11,48,-1.0,-0.922943,0.40591,954,20,
1,321,Overall,Overall,36,10,48,-1.0,-0.654499,0.377221,967,19,
1,322,Overall,Overall,36,6,48,-2.5,-1.635301,0.517674,918,26,
1,323,Overall,Overall,36,37,48,2.5,2.568492,0.369755,1128,18,
1,324,Overall,Overall,36,17,48,0.5,0.182723,0.313463,1009,16,
1,325,Overall,Overall,36,11,48,0.0,-0.925991,0.408071,954,20,
1,326,Overall,Overall,36,29,48,2.0,2.329338,0.340958,1116,17,
1,327,Overall,Overall,36,5,48,-2.5,-2.099402,0.614516,895,31,
1,328,Overall,Overall,36,10,48,-0.5,-0.821807,0.39448,959,20,
1,329,Overall,Overall,36,37,48,3.0,3.183149,0.43233,1159,22,
1,330,Overall,Overall,36,21,48,1.0,0.755346,0.300802,1038,15,
1,331,Overall,Overall,36,8,48,-1.0,-1.302876,0.461161,935,23,
1,332,Overall,Overall,36,8,48,-3.0,-1.920907,0.57836,904,29,
1,333,Overall,Overall,36,13,48,-0.5,-0.288769,0.342413,986,17,
1,334,Overall,Overall,36,6,48,-2.5,-1.95107,0.583412,902,29,
1,335,Overall,Overall,36,35,48,2.5,2.535164,0.357618,1127,18,
1,336,Overall,Overall,36,8,48,-1.0,-0.997887,0.416474,950,21,
1,337,Overall,Overall,36,33,48,2.0,2.433519,0.349589,1122,17,
1,338,Overall,Overall,36,12,48,-0.5,-0.532963,0.362492,973,18,
1,339,Overall,Overall,36,8,48,-1.0,-1.469614,0.488285,927,24,
1,340,Overall,Overall,36,5,48,-3.0,-2.085646,0.609252,896,30,
1,341,Overall,Overall,36,8,48,-1.5,-1.811373,0.556504,909,28,
1,342,Overall,Overall,36,26,48,1.0,1.444341,0.300101,1072,15,
1,343,Overall,Overall,36,14,48,-0.5,-0.141221,0.331112,993,17,
1,344,Overall,Overall,36,10,48,-1.0,-0.937719,0.408676,953,20,
1,345,Overall,Overall,36,23,48,1.5,0.832181,0.303367,1042,15,
1,346,Overall,Overall,36,17,48,0.0,0.065683,0.320769,1003,16,
1,347,Overall,Overall,36,30,48,2.0,1.497377,0.301892,1075,15,
1,348,Overall,Overall,36,11,48,-2.0,-1.42928,0.486093,929,24,
1,349,Overall,Overall,36,15,48,0.0,0.082073,0.319063,1004,16,
1,350,Overall,Overall,36,6,48,-1.5,-1.448141,0.485249,928,24,
1,351,Overall,Overall,36,3,48,-1.5,-2.675595,0.752619,866,38,
1,352,Overall,Overall,36,3,48,-3.0,-3.1026,0.866964,845,43,
1,353,Overall,Overall,36,3,48,-3.0,-2.782814,0.775934,861,39,
1,354,Overall,Overall,36,39,48,3.0,3.175926,0.429593,1159,21,
1,355,Overall,Overall,36,22,48,1.0,0.876291,0.299145,1044,15,
1,356,Overall,Overall,36,8,48,-1.0,-1.012522,0.418942,949,21,
1,357,Overall,Overall,36,7,48,-2.0,-1.536265,0.499942,923,25,
1,358,Overall,Overall,36,12,48,0.0,-0.235928,0.33773,988,17,
1,359,Overall,Overall,36,14,48,0.0,-0.097578,0.328921,995,16,
1,360,Overall,Overall,36,7,48,-2.0,-1.398525,0.476266,930,24,
1,361,Overall,Overall,36,17,48,-0.5,0.016746,0.322146,1001,16,
1,362,Overall,Overall,36,5,48,-2.5,-2.391387,0.677645,880,34,
1,363,Overall,Overall,36,7,48,-2.5,-1.905204,0.571806,905,29,
1,364,Overall,Overall,36,32,48,2.5,2.545983,0.357178,1127,18,
1,365,Overall,Overall,36,37,48,3.0,3.757904,0.515654,1188,26,
1,366,Overall,Overall,36,11,48,-1.0,-0.605641,0.369228,970,18,
1,367,Overall,Overall,36,23,48,1.0,0.895032,0.304277,1045,15,
1,368,Overall,Overall,36,11,48,0.0,-0.324977,0.344119,984,17,
1,369,Overall,Overall,36,13,48,-0.5,-0.404606,0.350652,980,18,
1,370,Overall,Overall,36,15,48,-0.5,0.266813,0.316879,1013,16,
1,371,Overall,Overall,36,37,48,3.0,2.933482,0.398016,1147,20,
1,372,Overall,Overall,36,28,48,1.0,1.162343,0.298097,1058,15,
1,373,Overall,Overall,36,31,48,1.5,1.975991,0.316723,1099,16,
1,374,Overall,Overall,36,32,48,2.0,2.087797,0.326432,1104,16,
1,375,Overall,Overall,36,6,48,-3.0,-2.167479,0.627447,892,31,
1,376,Overall,Overall,36,30,48,2.0,2.014849,0.320968,1101,16,
1,377,Overall,Overall,36,16,48,0.0,-0.032874,0.325614,998,16,
1,378,Overall,Overall,36,29,48,1.5,1.4534,0.299973,1073,15,
1,379,Overall,Overall,36,8,48,-1.0,-1.380433,0.473525,931,24,
1,380,Overall,Overall,36,31,48,2.0,1.970874,0.318698,1099,16,
1,381,Overall,Overall,36,9,48,0.0,-0.488023,0.357338,976,18,
1,382,Overall,Overall,36,38,48,2.5,3.351192,0.455768,1168,23,
1,383,Overall,Overall,36,5,48,-3.0,-2.559609,0.717712,872,36,
1,384,Overall,Overall,36,32,48,2.5,1.812094,0.311386,1091,16,
1,385,Overall,Overall,36,33,48,2.5,2.533412,0.358302,1127,18,
1,386,Overall,Overall,36,25,48,0.5,1.290646,0.297316,1065,15,
1,387,Overall,Overall,36,34,48,2.5,2.565573,0.361201,1128,18,
1,388,Overall,Overall,36,4,48,-2.5,-2.270624,0.653672,886,33,
1,389,Overall,Overall,36,17,48,0.0,0.090663,0.317414,1005,16,
1,390,Overall,Overall,36,12,48,-0.5,-0.581621,0.367065,971,18,
1,391,Overall,Overall,36,7,48,-1.5,-1.810029,0.551487,909,28,
1,392,Overall,Overall,36,33,48,2.0,2.077388,0.325603,1104,16,
1,393,Overall,Overall,36,23,48,1.0,1.010735,0.302401,1051,15,
1,394,Overall,Overall,36,31,48,1.5,2.203034,0.335561,1110,17,
1,395,Overall,Overall,36,33,48,2.5,2.564281,0.359907,1128,18,
1,396,Overall,Overall,36,29,48,1.5,1.484318,0.299851,1074,15,
1,397,Overall,Overall,36,20,48,1.0,0.914597,0.298503,1046,15,
1,398,Overall,Overall,36,12,48,-0.5,-0.028165,0.327632,999,16,
1,399,Overall,Overall,36,19,48,0.5,0.433131,0.306448,1022,15,
1,400,Overall,Overall,36,13,48,0.0,-0.242269,0.338381,988,17,
1,401,Overall,Overall,36,22,48,1.5,0.840898,0.300884,1042,15,
1,402,Overall,Overall,36,30,48,2.0,1.652885,0.307345,1083,15,
1,403,Overall,Overall,36,2,48,-2.5,-4.305878,1.287981,785,64,
1,404,Overall,Overall,36,14,48,0.0,-0.241065,0.33872,988,17,
1,405,Overall,Overall,36,2,48,-2.0,-3.958675,1.170904,802,59,
1,406,Overall,Overall,36,5,48,-2.5,-2.280325,0.651108,886,33,
1,407,Overall,Overall,36,33,48,2.0,2.391386,0.346686,1120,17,
1,408,Overall,Overall,36,16,48,0.5,0.175891,0.314512,1009,16,
1,409,Overall,Overall,36,4,48,-2.0,-3.252398,0.928953,837,46,
1,410,Overall,Overall,36,36,48,2.5,2.146181,0.332997,1107,17,
1,411,Overall,Overall,36,19,48,0.5,0.456322,0.304695,1023,15,
1,412,Overall,Overall,36,9,48,-1.5,-1.254276,0.458833,937,23,
1,413,Overall,Overall,36,1,48,-2.0,-5.0,1.598881,750,80,
1,414,Overall,Overall,36,22,48,0.5,0.782864,0.303362,1039,15,
1,415,Overall,Overall,36,4,48,-3.0,-2.423412,0.687964,879,34,
1,416,Overall,Overall,36,7,48,-2.0,-1.207668,0.446239,940,22,
1,417,Overall,Overall,36,26,48,0.5,1.21318,0.304662,1061,15,
1,418,Overall,Overall,36,10,48,-1.0,-1.040269,0.421856,948,21,
1,419,Overall,Overall,36,6,48,-2.0,-2.115777,0.616023,894,31,
1,420,Overall,Overall,36,19,48,0.5,0.378205,0.307781,1019,15,
1,421,Overall,Overall,36,31,48,2.5,2.021134,0.321614,1101,16,
1,422,Overall,Overall,36,5,48,-2.0,-2.075352,0.607648,896,30,
1,423,Overall,Overall,36,32,48,2.5,2.545501,0.356766,1127,18,
1,424,Overall,Overall,36,5,48,-2.0,-2.165832,0.626919,892,31,
1,425,Overall,Overall,36,9,48,-1.5,-1.683069,0.529407,916,26,
1,426,Overall,Overall,36,6,48,-2.0,-2.008253,0.592129,900,30,
1,427,Overall,Overall,36,8,48,-3.0,-1.880107,0.569236,906,28,
1,428,Overall,Overall,36,37,48,3.0,2.857415,0.394925,1143,20,
1,429,Overall,Overall,36,34,48,3.0,2.891659,0.401027,1145,20,
1,430,Overall,Overall,36,4,48,-2.0,-2.05845,0.605555,897,30,
1,431,Overall,Overall,36,38,48,3.0,3.030626,0.409995,1152,20,
1,432,Overall,Overall,36,8,48,-0.5,-1.230513,0.449423,938,22,
1,433,Overall,Overall,36,21,48,1.5,1.102052,0.301758,1055,15,
1,434,Overall,Overall,36,24,48,1.5,1.392485,0.303231,1070,15,
1,435,Overall,Overall,36,4,48,-2.0,-2.97662,0.841439,851,42,
1,436,Overall,Overall,36,8,48,-1.5,-1.353799,0.469191,932,23,
1,437,Overall,Overall,36,7,48,-2.5,-1.630622,0.517695,918,26,
1,438,Overall,Overall,36,33,48,2.5,2.643735,0.367698,1132,18,
1,439,Overall,Overall,36,17,48,0.5,0.289215,0.309701,1014,15,
1,440,Overall,Overall,36,2,48,-2.5,-4.66097,1.496203,767,75,
1,441,Overall,Overall,36,4,48,-2.5,-2.795583,0.78103,860,39,
1,442,Overall,Overall,36,11,48,0.0,-0.196026,0.334718,990,17,
1,443,Overall,Overall,36,12,48,-0.5,-0.523197,0.36281,974,18,
1,444,Overall,Overall,36,11,48,-1.0,-0.890415,0.401841,955,20,
1,445,Overall,Overall,36,12,48,-1.0,-0.647096,0.384407,968,19,
1,446,Overall,Overall,36,5,48,-2.0,-2.203075,0.634953,890,32,
1,447,Overall,Overall,36,8,48,-1.0,-1.165898,0.446237,942,22,
1,448,Overall,Overall,36,4,48,-3.0,-3.099758,0.879108,845,44,
1,449,Overall,Overall,36,3,48,-3.0,-3.167167,0.893817,842,45,
1,450,Overall,Overall,36,12,48,-1.0,-0.705709,0.380088,965,19,
1,451,Overall,Overall,36,13,48,-1.0,-0.432568,0.354594,978,18,
1,452,Overall,Overall,36,6,48,-2.0,-2.154349,0.624623,892,31,
1,453,Overall,Overall,36,25,48,1.0,1.485157,0.305686,1074,15,
1,454,Overall,Overall,36,23,48,1.0,0.896774,0.298342,1045,15,
1,455,Overall,Overall,36,10,48,-1.0,-0.658997,0.378161,967,19,
1,456,Overall,Overall,36,15,48,0.0,0.077485,0.318084,1004,16,
1,457,Overall,Overall,36,25,48,1.0,0.900693,0.303884,1045,15,
1,458,Overall,Overall,36,27,48,1.5,1.228562,0.297261,1061,15,
1,459,Overall,Overall,36,8,48,-1.5,-1.107973,0.432962,945,22,
1,460,Overall,Overall,36,3,48,-2.5,-3.272863,0.919415,836,46,
1,461,Overall,Overall,36,15,48,0.5,0.130091,0.315656,1007,16,
1,462,Overall,Overall,36,5,48,-3.0,-2.201596,0.637227,890,32,
1,463,Overall,Overall,36,19,48,0.5,0.672613,0.302399,1034,15,
1,464,Overall,Overall,36,11,48,-0.5,-0.20525,0.334846,990,17,
1,465,Overall,Overall,36,6,48,-2.0,-1.834465,0.560736,908,28,
1,466,Overall,Overall,36,28,48,1.5,1.761132,0.310528,1088,16,
1,467,Overall,Overall,36,7,48,-2.0,-1.726507,0.536313,914,27,
1,468,Overall,Overall,36,6,48,-3.0,-1.856872,0.561429,907,28,
1,469,Overall,Overall,36,20,48,0.5,0.917602,0.299237,1046,15,
1,470,Overall,Overall,36,5,48,-2.5,-2.146981,0.622194,893,31,
1,471,Overall,Overall,36,36,48,3.0,2.648119,0.367443,1132,18,
1,472,Overall,Overall,36,30,48,2.5,2.263235,0.337738,1113,17,
1,473,Overall,Overall,36,31,48,1.5,1.535998,0.301343,1077,15,
1,474,Overall,Overall,36,37,48,3.0,3.392714,0.460625,1170,23,
1,475,Overall,Overall,36,5,48,-2.5,-2.364519,0.673322,882,34,
1,476,Overall,Overall,36,14,48,-1.0,-0.243597,0.338264,988,17,
1,477,Overall,Overall,36,7,48,-1.5,-1.269612,0.455509,937,23,
1,478,Overall,Overall,36,7,48,-1.0,-1.505358,0.499049,925,25,
1,479,Overall,Overall,36,8,48,-1.5,-1.197349,0.44471,940,22,
1,480,Overall,Overall,36,3,48,-3.0,-3.721061,1.080648,814,54,
1,481,Overall,Overall,36,5,48,-2.0,-1.984448,0.587355,901,29,
1,482,Overall,Overall,36,14,48,1.0,0.245685,0.31418,1012,16,
1,483,Overall,Overall,36,35,48,2.5,2.19005,0.333503,1110,17,
1,484,Overall,Overall,36,16,48,0.0,-0.163563,0.331264,992,17,
1,485,Overall,Overall,36,26,48,2.0,1.752084,0.31093,1088,16,
1,486,Overall,Overall,36,22,48,1.0,0.951313,0.298834,1048,15,
1,487,Overall,Overall,36,24,48,1.0,1.106746,0.297264,1055,15,
1,488,Overall,Overall,36,32,48,1.5,1.703677,0.306668,1085,15,
1,489,Overall,Overall,36,29,48,2.0,2.133298,0.328537,1107,16,
1,490,Overall,Overall,36,4,48,-3.0,-2.870795,0.802552,856,40,
1,491,Overall,Overall,36,15,48,0.0,0.109907,0.316869,1005,16,
1,492,Overall,Overall,36,10,48,-0.5,-0.742667,0.383946,963,19,
1,493,Overall,Overall,36,9,48,-1.0,-1.250005,0.453795,937,23,
1,494,Overall,Overall,36,11,48,-0.5,-0.910237,0.404329,954,20,
1,495,Overall,Overall,36,14,48,-0.5,-0.164656,0.33315,992,17,
1,496,Overall,Overall,36,11,48,-1.0,-0.880756,0.400641,956,20,
1,497,Overall,Overall,36,3,48,-3.0,-3.296724,0.927072,835,46,
1,498,Overall,Overall,36,3,48,-3.0,-4.178942,1.280234,791,64,
1,499,Overall,Overall,36,13,48,-0.5,-0.208816,0.334383,990,17,
1,500,Overall,Overall,36,20,48,1.0,0.807348,0.300529,1040,15,
1,501,Overall,Overall,36,23,48,1.0,1.004946,0.297931,1050,15,
1,502,Overall,Overall,36,2,48,-2.0,-3.978178,1.163558,801,58,
1,503,Overall,Overall,36,28,48,2.0,2.167484,0.338292,1108,17,
1,504,Overall,Overall,36,6,48,-1.5,-1.886466,0.568162,906,28,
1,505,Overall,Overall,36,24,48,1.5,1.127916,0.29665,1056,15,
1,506,Overall,Overall,36,33,48,1.5,2.495389,0.35424,1125,18,
1,507,Overall,Overall,36,34,48,2.5,2.20338,0.340436,1110,17,
1,508,Overall,Overall,36,11,48,0.0,-0.382037,0.35009,981,18,
1,509,Overall,Overall,36,4,48,-2.5,-2.889843,0.805222,856,40,
1,510,Overall,Overall,36,4,48,-3.0,-2.742184,0.764481,863,38,
1,511,Overall,Overall,36,7,48,-2.0,-1.663318,0.526338,917,26,
1,512,Overall,Overall,36,30,48,2.0,1.856469,0.312609,1093,16,
1,513,Overall,Overall,36,5,48,-2.5,-2.607476,0.729218,870,36,
1,514,Overall,Overall,36,32,48,2.0,2.025182,0.323731,1101,16,
1,515,Overall,Overall,36,33,48,2.0,2.416638,0.348183,1121,17,
1,516,Overall,Overall,36,16,48,0.5,0.296559,0.309499,1015,15,
1,517,Overall,Overall,36,16,48,0.0,0.317105,0.308767,1016,15,
1,518,Overall,Overall,36,9,48,-1.5,-0.97948,0.413358,951,21,
1,519,Overall,Overall,36,9,48,-1.0,-1.673754,0.531535,916,27,
1,520,Overall,Overall,36,10,48,-1.0,-0.768532,0.387148,962,19,
1,521,Overall,Overall,36,8,48,-1.5,-1.792675,0.548807,910,27,
1,522,Overall,Overall,36,3,48,-3.0,-3.829577,1.105583,809,55,
1,523,Overall,Overall,36,24,48,1.0,1.088138,0.306033,1054,15,
1,524,Overall,Overall,36,9,48,-1.5,-1.176549,0.44246,941,22,
1,525,Overall,Overall,36,4,48,-2.5,-2.64718,0.746195,868,37,
1,526,Overall,Overall,36,16,48,0.0,0.053394,0.319086,1003,16,
1,527,Overall,Overall,36,24,48,1.0,1.208706,0.296744,1060,15,
1,528,Overall,Overall,36,17,48,0.5,0.399722,0.306785,1020,15,
1,529,Overall,Overall,36,29,48,1.5,1.599076,0.304149,1080,15,
1,530,Overall,Overall,36,40,48,3.0,3.436198,0.460427,1172,23,
1,531,Overall,Overall,36,38,48,3.0,3.119293,0.421505,1156,21,
1,532,Overall,Overall,36,19,48,0.5,0.35688,0.308563,1018,15,
1,533,Overall,Overall,36,32,48,3.0,2.376304,0.345325,1119,17,
1,534,Overall,Overall,36,32,48,1.5,1.97956,0.318054,1099,16,
1,535,Overall,Overall,36,6,48,-3.0,-1.96272,0.584372,902,29,
1,536,Overall,Overall,36,11,48,-0.5,-0.521418,0.362533,974,18,
1,537,Overall,Overall,36,7,48,-2.0,-1.611388,0.513259,919,26,
1,538,Overall,Overall,36,27,48,1.0,1.138187,0.297921,1057,15,
1,539,Overall,Overall,36,9,48,-0.5,-0.921139,0.405487,954,20,
1,540,Overall,Overall,36,26,48,1.0,1.274184,0.297094,1064,15,
1,541,Overall,Overall,36,17,48,0.5,0.14116,0.317624,1007,16,
1,542,Overall,Overall,36,33,48,2.5,2.655355,0.368804,1133,18,
1,543,Overall,Overall,36,30,48,2.5,1.731225,0.308338,1087,15,
1,544,Overall,Overall,36,37,48,3.0,3.187999,0.429809,1159,21,
1,545,Overall,Overall,36,13,48,0.0,-0.129055,0.334638,994,17,
1,546,Overall,Overall,36,7,48,-1.5,-1.30642,0.466826,935,23,
1,547,Overall,Overall,36,35,48,2.5,2.370995,0.350471,1119,18,
1,548,Overall,Overall,36,27,48,1.0,1.594229,0.302676,1080,15,
1,549,Overall,Overall,36,35,48,2.5,2.199711,0.341828,1110,17,
1,550,Overall,Overall,36,34,48,3.0,3.26092,0.44947,1163,22,
1,551,Overall,Overall,36,4,48,-2.0,-2.772831,0.771736,861,39,
1,552,Overall,Overall,36,3,48,-3.0,-4.200351,1.28769,790,64,
1,553,Overall,Overall,36,32,48,2.5,2.529603,0.357669,1126,18,
1,554,Overall,Overall,36,12,48,-1.0,-0.616138,0.370655,969,19,
1,555,Overall,Overall,36,25,48,1.5,1.247662,0.304875,1062,15,
1,556,Overall,Overall,36,35,48,2.5,2.627415,0.363966,1131,18,
1,557,Overall,Overall,36,3,48,-2.5,-3.756572,1.084826,812,54,
1,558,Overall,Overall,36,7,48,-1.5,-1.540348,0.505784,923,25,
1,559,Overall,Overall,36,28,48,1.5,1.529391,0.301593,1076,15,
1,560,Overall,Overall,36,2,48,-2.5,-3.498923,1.003545,825,50,
1,561,Overall,Overall,36,22,48,1.0,0.985908,0.297556,1049,15,
1,562,Overall,Overall,36,6,48,-1.5,-1.986658,0.587338,901,29,
1,563,Overall,Overall,36,25,48,0.5,0.776816,0.303786,1039,15,
1,564,Overall,Overall,36,21,48,0.5,0.920153,0.302099,1046,15,
1,565,Overall,Overall,36,22,48,1.0,1.072595,0.308061,1054,15,
1,566,Overall,Overall,36,7,48,-2.0,-1.678456,0.531814,916,27,
1,567,Overall,Overall,36,37,48,3.0,3.003312,0.403234,1150,20,
1,568,Overall,Overall,36,37,48,3.0,3.334588,0.457044,1167,23,
1,569,Overall,Overall,36,11,48,-0.5,-0.528776,0.362169,974,18,
1,570,Overall,Overall,36,28,48,3.0,2.150904,0.330216,1108,17,
1,571,Overall,Overall,36,38,48,3.0,3.144669,0.421023,1157,21,
1,572,Overall,Overall,36,5,48,-1.5,-1.817781,0.556009,909,28,
1,573,Overall,Overall,36,22,48,0.0,0.500645,0.303712,1025,15,
1,574,Overall,Overall,36,4,48,-3.0,-3.329122,0.93435,834,47,
1,575,Overall,Overall,36,14,48,0.0,-0.093619,0.327483,995,16,
1,576,Overall,Overall,36,14,48,0.0,-0.124447,0.329464,994,16,
1,577,Overall,Overall,36,34,48,2.0,2.116404,0.328321,1106,16,
1,578,Overall,Overall,36,6,48,-3.0,-2.405312,0.680696,880,34,
1,579,Overall,Overall,36,13,48,-1.0,-0.429552,0.354317,979,18,
1,580,Overall,Overall,36,19,48,0.0,0.611667,0.304104,1031,15,
1,581,Overall,Overall,36,4,48,-2.5,-2.881468,0.812295,856,41,
1,582,Overall,Overall,36,5,48,-1.5,-1.670694,0.525566,916,26,
1,583,Overall,Overall,36,6,48,-1.0,-1.655245,0.522325,917,26,
1,584,Overall,Overall,36,16,48,0.5,0.377774,0.315461,1019,16,
1,585,Overall,Overall,36,31,48,1.5,1.720685,0.307193,1086,15,
1,586,Overall,Overall,36,11,48,-1.5,-0.632671,0.372449,968,19,
1,587,Overall,Overall,36,3,48,-2.5,-2.987562,0.832607,851,42,
1,588,Overall,Overall,36,33,48,2.0,1.899636,0.318024,1095,16,
1,589,Overall,Overall,36,37,48,2.5,2.834293,0.389332,1142,19,
1,590,Overall,Overall,36,11,48,-0.5,-0.714447,0.381007,964,19,
1,591,Overall,Overall,36,29,48,1.5,1.746905,0.311313,1087,16,
1,592,Overall,Overall,36,10,48,-0.5,-0.727918,0.38257,964,19,
1,593,Overall,Overall,36,6,48,-1.5,-2.025181,0.595599,899,30,
1,594,Overall,Overall,36,10,48,-0.5,-0.552575,0.364062,972,18,
1,595,Overall,Overall,36,13,48,-0.5,-0.766364,0.38708,962,19,
1,596,Overall,Overall,36,6,48,-2.0,-1.468813,0.488713,927,24,
1,597,Overall,Overall,36,38,48,3.0,2.942844,0.414532,1147,21,
1,598,Overall,Overall,36,11,48,0.0,-0.833455,0.39489,958,20,
1,599,Overall,Overall,36,33,48,3.0,2.866024,0.411712,1143,21,
1,600,Overall,Overall,36,23,48,1.0,0.808265,0.300759,1040,15,
1,601,Overall,Overall,36,38,48,3.0,3.257962,0.439339,1163,22,
1,602,Overall,Overall,36,20,48,1.0,0.798046,0.30217,1040,15,
1,603,Overall,Overall,36,3,48,-3.0,-3.273086,0.919438,836,46,
1,604,Overall,Overall,36,26,48,1.0,1.175861,0.296997,1059,15,
1,605,Overall,Overall,36,30,48,2.0,2.27652,0.344314,1114,17,
1,606,Overall,Overall,36,33,48,3.0,2.923331,0.412491,1146,21,
1,607,Overall,Overall,36,1,48,-3.0,-4.103984,1.229138,795,61,
1,608,Overall,Overall,36,4,48,-3.0,-2.672824,0.753739,866,38,
1,609,Overall,Overall,36,5,48,-2.0,-1.932824,0.576708,903,29,
1,610,Overall,Overall,36,30,48,3.0,2.318567,0.34175,1116,17,
1,611,Overall,Overall,36,2,48,-2.5,-3.098986,0.878862,845,44,
1,612,Overall,Overall,36,15,48,0.0,0.122967,0.318318,1006,16,
1,613,Overall,Overall,36,5,48,-1.5,-1.804509,0.555358,910,28,
1,614,Overall,Overall,36,6,48,-2.0,-2.034433,0.597506,898,30,
1,615,Overall,Overall,36,32,48,2.0,1.748983,0.306981,1087,15,
1,616,Overall,Overall,36,32,48,3.0,2.774124,0.397953,1139,20,
1,617,Overall,Overall,36,4,48,-2.5,-2.732653,0.759431,863,38,
1,618,Overall,Overall,36,22,48,0.0,0.844011,0.299756,1042,15,
1,619,Overall,Overall,36,9,48,-1.0,-0.978813,0.414575,951,21,
1,620,Overall,Overall,36,11,48,-1.5,-1.00272,0.417075,950,21,
1,621,Overall,Overall,36,37,48,2.5,2.807437,0.389038,1140,19,
1,622,Overall,Overall,36,32,48,3.0,2.424221,0.351544,1121,18,
1,623,Overall,Overall,36,36,48,2.5,2.681432,0.379221,1134,19,
1,624,Overall,Overall,36,23,48,1.5,1.309763,0.301184,1065,15,
1,625,Overall,Overall,36,30,48,1.5,1.52233,0.301321,1076,15,
1,626,Overall,Overall,36,16,48,0.5,0.203892,0.312646,1010,16,
1,627,Overall,Overall,36,18,48,0.0,0.275619,0.31044,1014,16,
1,628,Overall,Overall,36,11,48,-0.5,-0.479575,0.357516,976,18,
1,629,Overall,Overall,36,22,48,0.5,0.799651,0.300013,1040,15,
1,630,Overall,Overall,36,33,48,3.0,2.905874,0.396005,1145,20,
1,631,Overall,Overall,36,26,48,1.0,1.281257,0.302315,1064,15,
1,632,Overall,Overall,36,11,48,-0.5,-0.683695,0.377439,966,19,
1,633,Overall,Overall,36,26,48,1.0,0.941885,0.299197,1047,15,
1,634,Overall,Overall,36,14,48,0.0,-0.126067,0.330592,994,17,
1,635,Overall,Overall,36,10,48,-1.5,-0.558205,0.366353,972,18,
1,636,Overall,Overall,36,5,48,-2.5,-2.558876,0.718636,872,36,
1,637,Overall,Overall,36,13,48,0.0,-0.199951,0.335007,990,17,
1,638,Overall,Overall,36,38,48,3.0,3.872465,0.533648,1194,27,
1,639,Overall,Overall,36,2,48,-3.0,-3.904756,1.133417,805,57,
1,640,Overall,Overall,36,8,48,-1.0,-1.256989,0.453864,937,23,
1,641,Overall,Overall,36,15,48,0.5,0.325576,0.308982,1016,15,
1,642,Overall,Overall,36,13,48,-0.5,-0.218553,0.336563,989,17,
1,643,Overall,Overall,36,12,48,-0.5,0.014818,0.323202,1001,16,
1,644,Overall,Overall,36,12,48,-1.0,-0.762218,0.398937,962,20,
1,645,Overall,Overall,36,40,48,3.0,3.350581,0.452509,1168,23,
1,646,Overall,Overall,36,5,48,-1.5,-2.730181,0.771231,863,39,
1,647,Overall,Overall,36,30,48,2.5,2.217425,0.336924,1111,17,
1,648,Overall,Overall,36,31,48,1.5,1.709306,0.308639,1085,15,
1,649,Overall,Overall,36,5,48,-2.0,-2.448452,0.690631,878,35,
1,650,Overall,Overall,36,31,48,2.0,2.279582,0.339336,1114,17,
1,651,Overall,Overall,36,19,48,0.5,0.435811,0.306544,1022,15,
1,652,Overall,Overall,36,10,48,-0.5,-0.804285,0.39133,960,20,
1,653,Overall,Overall,36,7,48,-2.0,-1.290199,0.460403,935,23,
1,654,Overall,Overall,36,9,48,-2.5,-1.290311,0.460226,935,23,
1,655,Overall,Overall,36,34,48,1.5,1.957571,0.319678,1098,16,
1,656,Overall,Overall,36,6,48,-2.0,-1.710797,0.535012,914,27,
1,657,Overall,Overall,36,6,48,-1.0,-1.241526,0.451222,938,23,
1,658,Overall,Overall,36,6,48,-1.5,-1.578886,0.51262,921,26,
1,659,Overall,Overall,36,15,48,0.5,-0.052449,0.326547,997,16,
1,660,Overall,Overall,36,6,48,-3.0,-2.678022,0.748014,866,37,
1,661,Overall,Overall,36,12,48,-0.5,-0.725498,0.392312,964,20,
1,662,Overall,Overall,36,25,48,1.0,1.198959,0.296453,1060,15,
1,663,Overall,Overall,36,9,48,0.0,-0.775473,0.389047,961,19,
1,664,Overall,Overall,36,33,48,2.5,2.204441,0.33392,1110,17,
1,665,Overall,Overall,36,15,48,0.0,-0.191662,0.336083,990,17,
1,666,Overall,Overall,36,4,48,-2.5,-2.51861,0.708732,874,35,
1,667,Overall,Overall,36,35,48,2.5,2.626334,0.365884,1131,18,
1,668,Overall,Overall,36,33,48,2.0,2.21124,0.334453,1111,17,
1,669,Overall,Overall,36,20,48,1.5,0.76315,0.301745,1038,15,
1,670,Overall,Overall,36,37,48,3.0,3.21789,0.443445,1161,22,
1,671,Overall,Overall,36,9,48,-2.0,-1.244245,0.451816,938,23,
1,672,Overall,Overall,36,28,48,2.0,2.023087,0.323332,1101,16,
1,673,Overall,Overall,36,23,48,1.0,1.118584,0.297188,1056,15,
1,674,Overall,Overall,36,38,48,3.0,3.551555,0.477211,1178,24,
1,675,Overall,Overall,36,23,48,1.0,1.156383,0.299014,1058,15,
1,676,Overall,Overall,36,5,48,-3.0,-2.752064,0.767417,862,38,
1,677,Overall,Overall,36,35,48,3.0,2.330622,0.345479,1117,17,
1,678,Overall,Overall,36,20,48,0.5,0.931966,0.299239,1047,15,
1,679,Overall,Overall,36,7,48,-1.0,-1.428529,0.481207,929,24,
1,680,Overall,Overall,36,22,48,0.5,0.745007,0.300539,1037,15,
1,681,Overall,Overall,36,24,48,1.5,1.241989,0.296766,1062,15,
1,682,Overall,Overall,36,35,48,2.5,2.495396,0.352227,1125,18,
1,683,Overall,Overall,36,20,48,1.5,0.964884,0.297988,1048,15,
1,684,Overall,Overall,36,4,48,-2.5,-2.245741,0.648995,888,32,
1,685,Overall,Overall,36,20,48,1.0,0.718534,0.302972,1036,15,
1,686,Overall,Overall,36,22,48,0.5,0.93081,0.298475,1047,15,
1,687,Overall,Overall,36,3,48,-3.0,-3.177431,0.899845,841,45,
1,688,Overall,Overall,36,4,48,-1.5,-1.780939,0.554948,911,28,
1,689,Overall,Overall,36,8,48,-1.5,-1.023893,0.420192,949,21,
1,690,Overall,Overall,36,15,48,0.0,-0.153533,0.333106,992,17,
1,691,Overall,Overall,36,5,48,-3.0,-2.9061,0.819577,855,41,
1,692,Overall,Overall,36,7,48,-2.0,-1.110935,0.435107,944,22,
1,693,Overall,Overall,36,15,48,-0.5,-0.410925,0.351443,979,18,
1,694,Overall,Overall,36,7,48,-1.0,-1.466089,0.487562,927,24,
1,695,Overall,Overall,36,31,48,2.0,1.693909,0.306274,1085,15,
1,696,Overall,Overall,36,22,48,1.0,0.816869,0.299318,1041,15,
1,697,Overall,Overall,36,6,48,-2.0,-1.718816,0.536022,914,27,
1,698,Overall,Overall,36,12,48,-0.5,-0.489077,0.369863,976,18,
1,699,Overall,Overall,36,27,48,1.5,1.745878,0.308803,1087,15,
1,700,Overall,Overall,36,8,48,-1.0,-1.341728,0.467103,933,23,
1,701,Overall,Overall,36,7,48,-1.0,-1.408287,0.478233,930,24,
1,702,Overall,Overall,36,2,48,-3.0,-3.658194,1.057792,817,53,
1,703,Overall,Overall,36,11,48,-0.5,-0.49616,0.361222,975,18,
1,704,Overall,Overall,36,26,48,2.5,1.790036,0.310231,1090,16,
1,705,Overall,Overall,36,21,48,0.5,0.743532,0.301248,1037,15,
1,706,Overall,Overall,36,33,48,2.5,2.592075,0.367443,1130,18,
1,707,Overall,Overall,36,4,48,-1.5,-2.281927,0.651929,886,33,
1,708,Overall,Overall,36,29,48,2.5,1.75598,0.308353,1088,15,
1,709,Overall,Overall,36,3,48,-3.0,-3.643669,1.06552,818,53,
1,710,Overall,Overall,36,29,48,2.0,2.212928,0.33523,1111,17,
1,711,Overall,Overall,36,10,48,-1.0,-0.862744,0.398215,957,20,
1,712,Overall,Overall,36,22,48,0.0,0.536616,0.304395,1027,15,
1,713,Overall,Overall,36,24,48,1.0,1.251508,0.297001,1063,15,
1,714,Overall,Overall,36,16,48,0.5,0.416453,0.310995,1021,16,
1,715,Overall,Overall,36,13,48,0.5,-0.275725,0.339216,986,17,
1,716,Overall,Overall,36,28,48,1.5,1.59279,0.30399,1080,15,
1,717,Overall,Overall,36,6,48,-1.0,-1.72258,0.537292,914,27,
1,718,Overall,Overall,36,33,48,2.5,2.574057,0.361191,1129,18,
1,719,Overall,Overall,36,13,48,0.0,-0.024957,0.323511,999,16,
1,720,Overall,Overall,36,17,48,0.5,0.601271,0.308393,1030,15,
1,721,Overall,Overall,36,10,48,-1.5,-0.982228,0.413515,951,21,
1,722,Overall,Overall,36,34,48,2.5,2.421722,0.356772,1121,18,
1,723,Overall,Overall,36,6,48,-1.5,-2.109749,0.614055,895,31,
1,724,Overall,Overall,36,7,48,-2.0,-1.75675,0.543642,912,27,
1,725,Overall,Overall,36,36,48,3.0,3.547975,0.487551,1177,24,
1,726,Overall,Overall,36,12,48,0.0,-0.164238,0.331952,992,17,
1,727,Overall,Overall,36,34,48,2.0,2.193276,0.334096,1110,17,
1,728,Overall,Overall,36,11,48,-0.5,-0.606261,0.369751,970,18,
1,729,Overall,Overall,36,2,48,-1.5,-3.694392,1.0614,815,53,
1,730,Overall,Overall,36,20,48,0.5,0.392143,0.309729,1020,15,
1,731,Overall,Overall,36,15,48,0.0,0.103186,0.316868,1005,16,
1,732,Overall,Overall,36,35,48,3.0,2.995106,0.406558,1150,20,
1,733,Overall,Overall,36,7,48,-2.5,-1.888691,0.568175,906,28,
1,734,Overall,Overall,36,29,48,2.0,1.99747,0.318967,1100,16,
1,735,Overall,Overall,36,15,48,0.0,-0.057524,0.325968,997,16,
1,736,Overall,Overall,36,33,48,1.5,1.780006,0.314266,1089,16,
1,737,Overall,Overall,36,6,48,-2.5,-2.09905,0.611046,895,31,
1,738,Overall,Overall,36,5,48,-1.5,-2.455054,0.700308,877,35,
1,739,Overall,Overall,36,29,48,2.0,1.605746,0.30445,1080,15,
1,740,Overall,Overall,36,2,48,-3.0,-3.16828,0.901471,842,45,
1,741,Overall,Overall,36,11,48,-0.5,-0.513767,0.361677,974,18,
1,742,Overall,Overall,36,22,48,0.5,0.633929,0.301621,1032,15,
1,743,Overall,Overall,36,10,48,-0.5,-1.119968,0.439889,944,22,
1,744,Overall,Overall,36,5,48,-2.5,-2.486674,0.699447,876,35,
1,745,Overall,Overall,36,29,48,2.0,2.038222,0.330178,1102,17,
1,746,Overall,Overall,36,40,48,3.0,3.478415,0.471848,1174,24,
1,747,Overall,Overall,36,28,48,2.0,1.801514,0.314394,1090,16,
1,748,Overall,Overall,36,4,48,-3.0,-2.820124,0.794727,859,40,
1,749,Overall,Overall,36,12,48,-0.5,-0.74396,0.384106,963,19,
1,750,Overall,Overall,36,26,48,1.5,1.425085,0.299844,1071,15,
1,751,Overall,Overall,36,31,48,2.0,2.24967,0.333869,1112,17,
1,752,Overall,Overall,36,7,48,-1.5,-1.800461,0.549764,910,27,
1,753,Overall,Overall,36,35,48,3.0,2.967375,0.406317,1148,20,
1,754,Overall,Overall,36,10,48,-0.5,-1.195174,0.451436,940,23,
1,755,Overall,Overall,36,5,48,-3.0,-2.665488,0.744291,867,37,
1,756,Overall,Overall,36,13,48,0.0,-0.267152,0.338598,987,17,
1,757,Overall,Overall,36,3,48,-2.5,-3.894044,1.132156,805,57,
1,758,Overall,Overall,36,9,48,-0.5,-1.14754,0.436869,943,22,
1,759,Overall,Overall,36,7,48,-2.0,-1.236002,0.450329,938,23,
1,760,Overall,Overall,36,12,48,-0.5,-0.369561,0.34814,982,17,
1,761,Overall,Overall,36,8,48,-1.0,-0.95517,0.410101,952,21,
1,762,Overall,Overall,36,9,48,-1.5,-0.971677,0.412284,951,21,
1,763,Overall,Overall,36,22,48,1.0,1.106216,0.297267,1055,15,
1,764,Overall,Overall,36,13,48,-1.0,-0.631347,0.382882,968,19,
1,765,Overall,Overall,36,19,48,1.0,0.810581,0.303193,1041,15,
1,766,Overall,Overall,36,24,48,1.0,1.175703,0.296972,1059,15,
1,767,Overall,Overall,36,21,48,1.0,1.020043,0.303748,1051,15,
1,768,Overall,Overall,36,27,48,1.5,1.372166,0.298602,1069,15,
1,769,Overall,Overall,36,8,48,-2.0,-1.620117,0.514904,919,26,
1,770,Overall,Overall,36,26,48,1.5,1.356656,0.29865,1068,15,
1,771,Overall,Overall,36,8,48,-2.5,-1.615798,0.514697,919,26,
1,772,Overall,Overall,36,14,48,0.0,-0.348127,0.345779,983,17,
1,773,Overall,Overall,36,13,48,-0.5,-0.36113,0.347316,982,17,
1,774,Overall,Overall,36,4,48,-2.5,-3.09909,0.879006,845,44,
1,775,Overall,Overall,36,35,48,3.0,3.33132,0.457834,1167,23,
1,776,Overall,Overall,36,34,48,3.0,2.776595,0.377997,1139,19,
1,777,Overall,Overall,36,31,48,2.5,2.556326,0.360282,1128,18,
1,778,Overall,Overall,36,34,48,3.0,3.609495,0.495208,1180,25,
1,779,Overall,Overall,36,4,48,-2.5,-2.08009,0.608018,896,30,
1,780,Overall,Overall,36,9,48,-1.5,-1.361258,0.475042,932,24,
1,781,Overall,Overall,36,31,48,2.5,1.950208,0.318361,1098,16,
1,782,Overall,Overall,36,31,48,2.5,2.422369,0.348106,1121,17,
1,783,Overall,Overall,36,15,48,0.5,0.209179,0.313499,1010,16,
1,784,Overall,Overall,36,9,48,-1.0,-0.987195,0.414179,951,21,
1,785,Overall,Overall,36,31,48,2.0,2.007067,0.32113,1100,16,
1,786,Overall,Overall,36,4,48,-2.0,-2.288244,0.655386,886,33,
1,787,Overall,Overall,36,12,48,0.0,-0.478745,0.35743,976,18,
1,788,Overall,Overall,36,9,48,-1.0,-0.890045,0.401723,955,20,
1,789,Overall,Overall,36,36,48,2.5,2.553187,0.374501,1128,19,
1,790,Overall,Overall,36,32,48,2.5,2.387306,0.343434,1119,17,
1,791,Overall,Overall,36,3,48,-2.0,-3.430827,0.995512,828,50,
1,792,Overall,Overall,36,20,48,1.0,0.533872,0.303071,1027,15,
1,793,Overall,Overall,36,8,48,-1.0,-0.922448,0.406595,954,20,
1,794,Overall,Overall,36,3,48,-3.0,-3.810968,1.129598,809,56,
1,795,Overall,Overall,36,20,48,0.5,0.54606,0.304028,1027,15,
1,796,Overall,Overall,36,33,48,2.5,2.533651,0.357736,1127,18,
1,797,Overall,Overall,36,18,48,0.5,0.632771,0.302978,1032,15,
1,798,Overall,Overall,36,9,48,-1.0,-1.046209,0.422466,948,21,
1,799,Overall,Overall,36,10,48,-1.0,-1.348164,0.480362,933,24,
1,800,Overall,Overall,36,6,48,-2.0,-1.980772,0.588967,901,29,
1,801,Overall,Overall,36,20,48,1.0,0.58434,0.30225,1029,15,
1,802,Overall,Overall,36,9,48,-1.0,-1.423249,0.484893,929,24,
1,803,Overall,Overall,36,32,48,2.5,2.652139,0.369078,1133,18,
1,804,Overall,Overall,36,4,48,-2.5,-3.38499,0.955407,831,48,
1,805,Overall,Overall,36,4,48,-2.0,-2.693344,0.751649,865,38,
1,806,Overall,Overall,36,11,48,-0.5,-0.354294,0.347581,982,17,
1,807,Overall,Overall,36,14,48,0.0,-0.19105,0.333658,990,17,
1,808,Overall,Overall,36,10,48,-0.5,-0.520873,0.360525,974,18,
1,809,Overall,Overall,36,5,48,-2.0,-1.829824,0.555501,909,28,
1,810,Overall,Overall,36,7,48,-3.0,-2.164894,0.625709,892,31,
1,811,Overall,Overall,36,20,48,0.5,0.70372,0.303763,1035,15,
1,812,Overall,Overall,36,12,48,-0.5,-0.419412,0.352425,979,18,
1,813,Overall,Overall,36,3,48,-2.5,-2.969508,0.839082,852,42,
1,814,Overall,Overall,36,38,48,3.0,3.041992,0.411706,1152,21,
1,815,Overall,Overall,36,36,48,2.5,2.800659,0.386983,1140,19,
1,816,Overall,Overall,36,3,48,-2.0,-3.365093,0.966454,832,48,
1,817,Overall,Overall,36,31,48,3.0,2.615747,0.393463,1131,20,
1,818,Overall,Overall,36,9,48,-2.0,-1.827974,0.555138,909,28,
1,819,Overall,Overall,36,35,48,2.5,2.641279,0.36884,1132,18,
1,820,Overall,Overall,36,26,48,1.5,1.26183,0.297039,1063,15,
1,821,Overall,Overall,36,3,48,-2.5,-3.315776,0.94976,834,47,
1,822,Overall,Overall,36,29,48,2.5,2.114475,0.330453,1106,17,
1,823,Overall,Overall,36,36,48,3.0,3.247319,0.440137,1162,22,
1,824,Overall,Overall,36,21,48,1.0,0.843588,0.299104,1042,15,
1,825,Overall,Overall,36,9,48,-0.5,-0.562126,0.368258,972,18,
1,826,Overall,Overall,36,11,48,0.0,-0.758843,0.386209,962,19,
1,827,Overall,Overall,36,33,48,2.5,2.037653,0.324314,1102,16,
1,828,Overall,Overall,36,6,48,-3.0,-2.118436,0.616579,894,31,
1,829,Overall,Overall,36,19,48,1.5,0.882732,0.299513,1044,15,
1,830,Overall,Overall,36,9,48,-0.5,-1.248805,0.452253,938,23,
1,831,Overall,Overall,36,2,48,-3.0,-4.377776,1.36483,781,68,
1,832,Overall,Overall,36,35,48,3.0,2.596853,0.365079,1130,18,
1,833,Overall,Overall,36,34,48,2.5,2.764745,0.383262,1138,19,
1,834,Overall,Overall,36,7,48,-1.5,-1.331291,0.467309,933,23,
1,835,Overall,Overall,36,7,48,-1.5,-1.835268,0.558563,908,28,
1,836,Overall,Overall,36,25,48,1.0,1.370165,0.30528,1069,15,
1,837,Overall,Overall,36,35,48,2.0,2.034019,0.324137,1102,16,
1,838,Overall,Overall,36,22,48,1.0,0.721403,0.30093,1036,15,
1,839,Overall,Overall,36,5,48,-1.5,-3.243089,0.927689,838,46,
1,840,Overall,Overall,36,18,48,0.5,0.388063,0.311263,1019,16,
1,841,Overall,Overall,36,10,48,-1.0,-0.782644,0.388764,961,19,
1,842,Overall,Overall,36,18,48,1.0,0.366402,0.308198,1018,15,
1,843,Overall,Overall,36,32,48,2.5,2.274946,0.340758,1114,17,
1,844,Overall,Overall,36,28,48,1.5,1.498744,0.302099,1075,15,
1,845,Overall,Overall,36,14,48,0.0,-0.142293,0.329989,993,16,
1,846,Overall,Overall,36,7,48,-2.5,-1.698511,0.534075,915,27,
1,847,Overall,Overall,36,13,48,-0.5,-0.448827,0.366437,978,18,
1,848,Overall,Overall,36,6,48,-1.5,-1.868417,0.563212,907,28,
1,849,Overall,Overall,36,5,48,-1.5,-2.37963,0.677058,881,34,
1,850,Overall,Overall,36,35,48,2.5,2.877222,0.397124,1144,20,
1,851,Overall,Overall,36,7,48,-2.0,-1.45194,0.489592,927,24,
1,852,Overall,Overall,36,8,48,-1.0,-1.096853,0.431152,945,22,
1,853,Overall,Overall,36,9,48,-2.0,-1.283222,0.459018,936,23,
1,854,Overall,Overall,36,6,48,-1.5,-1.319993,0.469927,934,23,
1,855,Overall,Overall,36,4,48,-2.5,-2.748148,0.771622,863,39,
1,856,Overall,Overall,36,7,48,-2.0,-1.482718,0.494583,926,25,
1,857,Overall,Overall,36,21,48,0.5,0.556649,0.304543,1028,15,
1,858,Overall,Overall,36,29,48,3.0,2.217959,0.334844,1111,17,
1,859,Overall,Overall,36,9,48,-2.0,-1.160221,0.445728,942,22,
1,860,Overall,Overall,36,32,48,1.5,1.757631,0.311003,1088,16,
1,861,Overall,Overall,36,24,48,1.0,0.967213,0.297773,1048,15,
1,862,Overall,Overall,36,27,48,1.5,1.635109,0.306337,1082,15,
1,863,Overall,Overall,36,20,48,0.5,0.640286,0.301637,1032,15,
1,864,Overall,Overall,36,3,48,-2.0,-3.388805,0.953431,831,48,
1,865,Overall,Overall,36,31,48,1.5,1.822223,0.314654,1091,16,
1,866,Overall,Overall,36,7,48,-0.5,-1.291296,0.459343,935,23,
1,867,Overall,Overall,36,36,48,3.0,3.238244,0.436598,1162,22,
1,868,Overall,Overall,36,4,48,-2.5,-2.887172,0.803989,856,40,
1,869,Overall,Overall,36,4,48,-2.0,-2.513259,0.706166,874,35,
1,870,Overall,Overall,36,30,48,2.5,1.783472,0.311244,1089,16,
1,871,Overall,Overall,36,21,48,1.0,0.924441,0.299373,1046,15,
1,872,Overall,Overall,36,12,48,-0.5,-0.615654,0.384118,969,19,
1,873,Overall,Overall,36,24,48,1.0,1.127941,0.296839,1056,15,
1,874,Overall,Overall,36,7,48,-2.5,-1.727868,0.537955,914,27,
1,875,Overall,Overall,36,22,48,0.5,0.571519,0.308085,1029,15,
1,876,Overall,Overall,36,38,48,3.0,2.936239,0.401314,1147,20,
1,877,Overall,Overall,36,4,48,-2.5,-2.870604,0.806154,856,40,
1,878,Overall,Overall,36,6,48,-1.5,-1.877233,0.566158,906,28,
1,879,Overall,Overall,36,38,48,3.0,2.707128,0.371078,1135,19,
1,880,Overall,Overall,36,10,48,-1.0,-0.742357,0.384162,963,19,
1,881,Overall,Overall,36,26,48,1.5,1.838268,0.314672,1092,16,
1,882,Overall,Overall,36,18,48,0.0,0.351566,0.308117,1018,15,
1,883,Overall,Overall,36,8,48,-2.0,-1.630492,0.52001,918,26,
1,884,Overall,Overall,36,7,48,-2.0,-1.718246,0.542635,914,27,
1,885,Overall,Overall,36,4,48,-3.0,-2.760986,0.769665,862,38,
1,886,Overall,Overall,36,38,48,2.5,2.625089,0.374321,1131,19,
1,887,Overall,Overall,36,10,48,-0.5,-0.814972,0.392842,959,20,
1,888,Overall,Overall,36,19,48,0.5,0.519298,0.308638,1026,15,
1,889,Overall,Overall,36,6,48,-2.5,-1.929846,0.578704,904,29,
1,890,Overall,Overall,36,25,48,1.5,1.752791,0.313104,1088,16,
1,891,Overall,Overall,36,10,48,-1.5,-0.575273,0.366414,971,18,
1,892,Overall,Overall,36,23,48,1.0,0.957806,0.298803,1048,15,
1,893,Overall,Overall,36,8,48,-1.0,-1.381388,0.473467,931,24,
1,894,Overall,Overall,36,2,48,-1.5,-3.707484,1.078648,815,54,
1,895,Overall,Overall,36,24,48,1.0,1.126483,0.303137,1056,15,
1,896,Overall,Overall,36,34,48,2.0,2.178522,0.33455,1109,17,
1,897,Overall,Overall,36,9,48,0.0,-0.639854,0.374867,968,19,
1,898,Overall,Overall,36,9,48,-1.5,-1.284781,0.46354,936,23,
1,899,Overall,Overall,36,30,48,1.5,1.520793,0.302691,1076,15,
1,900,Overall,Overall,36,26,48,1.5,1.627748,0.304075,1081,15,
1,901,Overall,Overall,36,9,48,-2.0,-1.263411,0.454905,937,23,
1,902,Overall,Overall,36,7,48,-1.0,-1.377554,0.472782,931,24,
1,903,Overall,Overall,36,5,48,-2.0,-1.877426,0.565093,906,28,
1,904,Overall,Overall,36,13,48,-0.5,-0.36125,0.347325,982,17,
1,905,Overall,Overall,36,14,48,0.0,-0.063998,0.329623,997,16,
1,906,Overall,Overall,36,3,48,-3.0,-3.154259,0.896671,842,45,
1,907,Overall,Overall,36,5,48,-1.5,-2.165359,0.626284,892,31,
1,908,Overall,Overall,36,17,48,0.5,0.163616,0.314484,1008,16,
1,909,Overall,Overall,36,7,48,-1.5,-1.481425,0.496637,926,25,
1,910,Overall,Overall,36,3,48,-3.0,-3.385716,0.963799,831,48,
1,911,Overall,Overall,36,6,48,-1.5,-1.790499,0.551751,910,28,
1,912,Overall,Overall,36,5,48,-3.0,-2.138516,0.619977,893,31,
1,913,Overall,Overall,36,8,48,-2.0,-1.621443,0.515147,919,26,
1,914,Overall,Overall,36,8,48,-1.5,-1.1051,0.431847,945,22,
1,915,Overall,Overall,36,32,48,3.0,2.625038,0.369415,1131,18,
1,916,Overall,Overall,36,11,48,0.0,-0.548165,0.363721,973,18,
1,917,Overall,Overall,36,30,48,2.0,1.893611,0.319232,1095,16,
1,918,Overall,Overall,36,2,48,-2.5,-3.702493,1.07385,815,54,
1,919,Overall,Overall,36,13,48,0.0,-0.21199,0.334568,989,17,
1,920,Overall,Overall,36,5,48,-2.5,-2.127052,0.617843,894,31,
1,921,Overall,Overall,36,8,48,-1.5,-1.256022,0.454828,937,23,
1,922,Overall,Overall,36,7,48,-1.5,-1.302303,0.461057,935,23,
1,923,Overall,Overall,36,3,48,-2.0,-3.079629,0.866842,846,43,
1,924,Overall,Overall,36,23,48,1.5,1.344902,0.299388,1067,15,
1,925,Overall,Overall,36,8,48,-1.5,-1.6359,0.520943,918,26,
1,926,Overall,Overall,36,13,48,-1.0,-0.351466,0.345192,982,17,
1,927,Overall,Overall,36,25,48,1.5,1.542926,0.302254,1077,15,
1,928,Overall,Overall,36,29,48,1.5,1.306243,0.310519,1065,16,
1,929,Overall,Overall,36,26,48,1.0,1.310428,0.29724,1066,15,
1,930,Overall,Overall,36,5,48,-2.5,-1.861507,0.563199,907,28,
1,931,Overall,Overall,36,35,48,3.0,2.640944,0.370488,1132,19,
1,932,Overall,Overall,36,10,48,-1.5,-1.129331,0.434171,944,22,
1,933,Overall,Overall,36,28,48,1.5,1.577819,0.305765,1079,15,
1,934,Overall,Overall,36,11,48,-1.0,-0.352497,0.345397,982,17,
1,935,Overall,Overall,36,9,48,-1.5,-1.100905,0.437326,945,22,
1,936,Overall,Overall,36,7,48,-2.0,-1.20172,0.447283,940,22,
1,937,Overall,Overall,36,25,48,1.5,1.213842,0.297276,1061,15,
1,938,Overall,Overall,36,8,48,-1.5,-1.152404,0.4385,942,22,
1,939,Overall,Overall,36,18,48,0.5,0.354288,0.312721,1018,16,
1,940,Overall,Overall,36,30,48,2.0,1.944584,0.317277,1097,16,
1,941,Overall,Overall,36,25,48,2.0,1.365918,0.297858,1068,15,
1,942,Overall,Overall,36,32,48,2.5,2.193957,0.331863,1110,17,
1,943,Overall,Overall,36,39,48,3.0,3.581687,0.490075,1179,25,
1,944,Overall,Overall,36,33,48,2.5,2.050101,0.323371,1103,16,
1,945,Overall,Overall,36,11,48,-1.0,-0.870532,0.399909,956,20,
1,946,Overall,Overall,36,42,48,3.0,3.696324,0.506807,1185,25,
1,947,Overall,Overall,36,15,48,0.0,-0.118531,0.328386,994,16,
1,948,Overall,Overall,36,29,48,2.0,1.771222,0.308939,1089,15,
1,949,Overall,Overall,36,4,48,-2.5,-2.242259,0.64608,888,32,
1,950,Overall,Overall,36,31,48,2.5,2.252956,0.334088,1113,17,
1,951,Overall,Overall,36,33,48,2.0,1.681739,0.307514,1084,15,
1,952,Overall,Overall,36,4,48,-2.0,-2.738215,0.76301,863,38,
1,953,Overall,Overall,36,3,48,-2.5,-3.378303,0.961349,831,48,
1,954,Overall,Overall,36,8,48,-0.5,-1.516722,0.504735,924,25,
1,955,Overall,Overall,36,10,48,-1.5,-0.507663,0.359231,975,18,
1,956,Overall,Overall,36,9,48,-1.0,-1.027282,0.419749,949,21,
1,957,Overall,Overall,36,38,48,3.0,3.282803,0.440718,1164,22,
1,958,Overall,Overall,36,32,48,2.0,2.100051,0.326833,1105,16,
1,959,Overall,Overall,36,19,48,0.5,0.455473,0.308856,1023,15,
1,960,Overall,Overall,36,17,48,0.5,0.177302,0.315282,1009,16,
1,961,Overall,Overall,36,24,48,2.0,1.548378,0.313579,1077,16,
1,962,Overall,Overall,36,30,48,2.0,2.064061,0.326627,1103,16,
1,963,Overall,Overall,36,27,48,1.5,1.53134,0.300894,1077,15,
1,964,Overall,Overall,36,24,48,1.5,1.322248,0.297416,1066,15,
1,965,Overall,Overall,36,16,48,0.5,0.306231,0.314937,1015,16,
1,966,Overall,Overall,36,9,48,-1.0,-1.239021,0.450735,938,23,
1,967,Overall,Overall,36,5,48,-3.0,-2.189139,0.634398,891,32,
1,968,Overall,Overall,36,20,48,1.5,0.929563,0.310229,1046,16,
1,969,Overall,Overall,36,6,48,-2.5,-2.196106,0.633103,890,32,
1,970,Overall,Overall,36,23,48,1.0,0.882169,0.29849,1044,15,
1,971,Overall,Overall,36,33,48,2.0,2.068874,0.326443,1103,16,
1,972,Overall,Overall,36,3,48,-3.0,-3.017259,0.853249,849,43,
1,973,Overall,Overall,36,6,48,-2.0,-2.493964,0.705978,875,35,
1,974,Overall,Overall,36,10,48,-1.5,-1.351947,0.481624,932,24,
1,975,Overall,Overall,36,7,48,-2.0,-1.435365,0.484938,928,24,
1,976,Overall,Overall,36,11,48,-1.0,-0.291426,0.341446,985,17,
1,977,Overall,Overall,36,26,48,0.5,1.212002,0.296927,1061,15,
1,978,Overall,Overall,36,32,48,2.0,2.397595,0.35683,1120,18,
1,979,Overall,Overall,36,8,48,-1.5,-1.430649,0.482065,928,24,
1,980,Overall,Overall,36,39,48,3.0,3.312831,0.449357,1166,22,
1,981,Overall,Overall,36,2,48,-2.5,-5.0,1.664277,750,83,
1,982,Overall,Overall,36,32,48,2.5,2.427279,0.349684,1121,17,
1,983,Overall,Overall,36,6,48,-1.5,-1.315124,0.46567,934,23,
1,984,Overall,Overall,36,15,48,-0.5,0.008499,0.321261,1000,16,
1,985,Overall,Overall,36,11,48,-1.5,-1.084003,0.427671,946,21,
1,986,Overall,Overall,36,32,48,2.0,2.26817,0.336451,1113,17,
1,987,Overall,Overall,36,33,48,2.0,2.374741,0.34604,1119,17,
1,988,Overall,Overall,36,5,48,-2.0,-2.739734,0.76438,863,38,
1,989,Overall,Overall,36,18,48,1.0,0.767925,0.30845,1038,15,
1,990,Overall,Overall,36,27,48,2.5,1.945942,0.319167,1097,16,
1,991,Overall,Overall,36,31,48,2.5,2.877879,0.40686,1144,20,
1,992,Overall,Overall,36,14,48,0.0,-0.10161,0.328678,995,16,
1,993,Overall,Overall,36,27,48,1.5,1.458891,0.3001,1073,15,
1,994,Overall,Overall,36,14,48,0.5,0.127274,0.320574,1006,16,
1,995,Overall,Overall,36,29,48,1.0,1.404243,0.299636,1070,15,
1,996,Overall,Overall,36,31,48,1.5,1.772806,0.309125,1089,15,
1,997,Overall,Overall,36,5,48,-3.0,-2.380503,0.674954,881,34,
1,998,Overall,Overall,36,10,48,0.0,-0.499948,0.361614,975,18,
1,999,Overall,Overall,36,12,48,-0.5,-0.240281,0.338034,988,17,
1,1000,Overall,Overall,36,6,48,-1.5,-1.465065,0.49001,927,25,
1,1001,Overall,Overall,36,6,48,-2.0,-1.731697,0.537426,913,27,
1,1002,Overall,Overall,36,2,48,-2.5,-3.806702,1.102456,810,55,
1,1003,Overall,Overall,36,25,48,1.5,1.901044,0.320768,1095,16,
1,1004,Overall,Overall,36,27,48,1.0,1.312135,0.297426,1066,15,
1,1005,Overall,Overall,36,24,48,2.0,1.289702,0.297128,1064,15,
1,1006,Overall,Overall,36,6,48,-3.0,-2.263127,0.649574,887,32,
1,1007,Overall,Overall,36,11,48,-1.0,-0.927496,0.406524,954,20,
1,1008,Overall,Overall,36,28,48,1.5,1.46406,0.299393,1073,15,
1,1009,Overall,Overall,36,15,48,-0.5,0.091424,0.318563,1005,16,
1,1010,Overall,Overall,36,10,48,-0.5,-0.703889,0.382215,965,19,
1,1011,Overall,Overall,36,4,48,-2.5,-3.840801,1.116904,808,56,
1,1012,Overall,Overall,36,3,48,-2.5,-3.062245,0.86149,847,43,
1,1013,Overall,Overall,36,3,48,-3.0,-3.304935,0.929648,835,46,
1,1014,Overall,Overall,36,14,48,0.0,0.081781,0.319404,1004,16,
1,1015,Overall,Overall,36,6,48,-1.5,-1.871374,0.565154,906,28,
1,1016,Overall,Overall,36,16,48,0.0,0.181151,0.313525,1009,16,
1,1017,Overall,Overall,36,5,48,-2.5,-3.201342,0.89698,840,45,
1,1018,Overall,Overall,36,10,48,-1.5,-1.019404,0.418925,949,21,
1,1019,Overall,Overall,36,26,48,1.5,0.965396,0.301567,1048,15,
1,1020,Overall,Overall,36,28,48,2.0,1.580962,0.302293,1079,15,
1,1021,Overall,Overall,36,25,48,1.0,1.10322,0.297152,1055,15,
1,1022,Overall,Overall,36,3,48,-3.0,-3.555079,1.008572,822,50,
1,1023,Overall,Overall,36,4,48,-1.5,-2.754836,0.775864,862,39,
1,1024,Overall,Overall,36,33,48,2.5,2.346916,0.340207,1117,17,
1,1025,Overall,Overall,36,4,48,-2.0,-2.896728,0.816799,855,41,
1,1026,Overall,Overall,36,17,48,-0.5,0.385234,0.310264,1019,16,
1,1027,Overall,Overall,36,3,48,-3.0,-3.739846,1.104781,813,55,
1,1028,Overall,Overall,36,10,48,-1.0,-0.584208,0.369544,971,18,
1,1029,Overall,Overall,36,2,48,-2.5,-3.678139,1.078372,816,54,
1,1030,Overall,Overall,36,5,48,-3.0,-2.482145,0.700634,876,35,
1,1031,Overall,Overall,36,31,48,2.5,2.365536,0.345353,1118,17,
1,1032,Overall,Overall,36,2,48,-3.0,-4.843289,1.581692,758,79,
1,1033,Overall,Overall,36,13,48,0.0,-0.187748,0.334213,991,17,
1,1034,Overall,Overall,36,13,48,0.5,-0.087758,0.326526,996,16,
1,1035,Overall,Overall,36,10,48,-1.0,-0.7444,0.387348,963,19,
1,1036,Overall,Overall,36,6,48,-1.5,-1.94594,0.579822,903,29,
1,1037,Overall,Overall,36,13,48,0.0,-0.35619,0.346919,982,17,
1,1038,Overall,Overall,36,7,48,-2.0,-1.710493,0.533737,914,27,
1,1039,Overall,Overall,36,23,48,1.0,0.978766,0.297827,1049,15,
1,1040,Overall,Overall,36,28,48,1.5,1.48917,0.300614,1074,15,
1,1041,Overall,Overall,36,35,48,3.0,3.146686,0.437288,1157,22,
1,1042,Overall,Overall,36,29,48,2.0,1.926459,0.318562,1096,16,
1,1043,Overall,Overall,36,31,48,2.0,2.16176,0.332017,1108,17,
1,1044,Overall,Overall,36,17,48,0.5,0.579726,0.307544,1029,15,
1,1045,Overall,Overall,36,5,48,-2.5,-2.103182,0.615619,895,31,
1,1046,Overall,Overall,36,8,48,-0.5,-1.430846,0.481597,928,24,
1,1047,Overall,Overall,36,30,48,2.0,1.789857,0.308411,1089,15,
1,1048,Overall,Overall,36,29,48,1.5,1.452554,0.311455,1073,16,
1,1049,Overall,Overall,36,8,48,-1.0,-1.391463,0.475381,930,24,
1,1050,Overall,Overall,36,19,48,1.0,0.42962,0.305359,1021,15,
1,1051,Overall,Overall,36,31,48,2.5,1.679303,0.305701,1084,15,
1,1052,Overall,Overall,36,11,48,-1.0,-0.993872,0.415421,950,21,
1,1053,Overall,Overall,36,17,48,0.5,0.230784,0.311661,1012,16,
1,1054,Overall,Overall,36,32,48,3.0,2.561701,0.360092,1128,18,
1,1055,Overall,Overall,36,33,48,2.0,1.870025,0.31282,1094,16,
1,1056,Overall,Overall,36,6,48,-2.5,-1.842518,0.559679,908,28,
1,1057,Overall,Overall,36,15,48,0.5,0.219695,0.32066,1011,16,
1,1058,Overall,Overall,36,34,48,2.5,2.298102,0.339528,1115,17,
1,1059,Overall,Overall,36,31,48,2.5,2.513625,0.35463,1126,18,
1,1060,Overall,Overall,36,7,48,-2.0,-1.720457,0.538339,914,27,
1,1061,Overall,Overall,36,2,48,-3.0,-3.176014,0.903681,841,45,
1,1062,Overall,Overall,36,40,48,3.0,3.582847,0.487088,1179,24,
1,1063,Overall,Overall,36,20,48,1.0,0.789881,0.300361,1039,15,
1,1064,Overall,Overall,36,4,48,-2.0,-2.509198,0.709069,875,35,
1,1065,Overall,Overall,36,12,48,0.0,-0.21194,0.349583,989,17,
1,1066,Overall,Overall,36,19,48,0.5,0.47762,0.305658,1024,15,
1,1067,Overall,Overall,36,6,48,-3.0,-1.957267,0.583224,902,29,
1,1068,Overall,Overall,36,17,48,0.0,0.522371,0.303962,1026,15,
1,1069,Overall,Overall,36,20,48,0.5,0.720028,0.301582,1036,15,
1,1070,Overall,Overall,36,20,48,1.0,0.897695,0.300111,1045,15,
1,1071,Overall,Overall,36,35,48,2.5,2.432684,0.349194,1122,17,
1,1072,Overall,Overall,36,38,48,3.0,3.017171,0.405802,1151,20,
1,1073,Overall,Overall,36,22,48,0.5,0.709113,0.301388,1035,15,
1,1074,Overall,Overall,36,14,48,0.5,0.126901,0.315796,1006,16,
1,1075,Overall,Overall,36,38,48,3.0,3.03395,0.407261,1152,20,
1,1076,Overall,Overall,36,39,48,3.0,3.386826,0.454586,1169,23,
1,1077,Overall,Overall,36,3,48,-1.5,-2.2059,0.635603,890,32,
1,1078,Overall,Overall,36,11,48,-0.5,-0.60845,0.369975,970,18,
1,1079,Overall,Overall,36,34,48,1.5,1.628191,0.310423,1081,16,
1,1080,Overall,Overall,36,31,48,2.5,2.334549,0.343237,1117,17,
1,1081,Overall,Overall,36,35,48,1.5,2.298267,0.341912,1115,17,
1,1082,Overall,Overall,36,36,48,3.0,3.422459,0.462578,1171,23,
1,1083,Overall,Overall,36,10,48,-1.0,-0.69985,0.379548,965,19,
1,1084,Overall,Overall,36,20,48,0.0,0.53784,0.306227,1027,15,
1,1085,Overall,Overall,36,7,48,-1.0,-1.814702,0.552291,909,28,
1,1086,Overall,Overall,36,14,48,0.0,-0.235294,0.337896,988,17,
1,1087,Overall,Overall,36,17,48,1.0,0.74167,0.306932,1037,15,
1,1088,Overall,Overall,36,3,48,-3.0,-2.751975,0.77318,862,39,
1,1089,Overall,Overall,36,18,48,0.5,0.536286,0.309843,1027,15,
1,1090,Overall,Overall,36,6,48,-2.0,-1.813856,0.555163,909,28,
1,1091,Overall,Overall,36,3,48,-3.0,-3.051136,0.855442,847,43,
1,1092,Overall,Overall,36,10,48,-1.0,-0.793072,0.390704,960,20,
1,1093,Overall,Overall,36,5,48,-2.5,-1.903991,0.572273,905,29,
1,1094,Overall,Overall,36,14,48,-0.5,-0.474738,0.357668,976,18,
1,1095,Overall,Overall,36,29,48,1.5,1.601471,0.303642,1080,15,
1,1096,Overall,Overall,36,5,48,-1.5,-1.485039,0.495574,926,25,
1,1097,Overall,Overall,36,13,48,-1.5,-0.828693,0.394937,959,20,
1,1098,Overall,Overall,36,26,48,1.5,1.405643,0.297302,1070,15,
1,1099,Overall,Overall,36,4,48,-3.0,-2.745424,0.770097,863,39,
1,1100,Overall,Overall,36,11,48,-0.5,-0.847838,0.396503,958,20,
1,1101,Overall,Overall,36,20,48,1.0,0.297882,0.311894,1015,16,
1,1102,Overall,Overall,36,20,48,0.5,0.293912,0.310345,1015,16,
1,1103,Overall,Overall,36,5,48,-2.5,-1.917822,0.573378,904,29,
1,1104,Overall,Overall,36,3,48,-3.0,-3.144538,0.879802,843,44,
1,1105,Overall,Overall,36,12,48,-0.5,-0.408491,0.350049,980,18,
1,1106,Overall,Overall,36,25,48,1.5,1.837296,0.316992,1092,16,
1,1107,Overall,Overall,36,38,48,3.0,2.875435,0.391918,1144,20,
1,1108,Overall,Overall,36,8,48,-1.5,-1.601679,0.511541,920,26,
1,1109,Overall,Overall,36,31,48,1.5,1.95644,0.318248,1098,16,
1,1110,Overall,Overall,36,31,48,2.0,1.941687,0.317685,1097,16,
1,1111,Overall,Overall,36,21,48,0.5,0.642024,0.301535,1032,15,
1,1112,Overall,Overall,36,40,48,3.0,3.666241,0.500212,1183,25,
1,1113,Overall,Overall,36,4,48,-3.0,-2.179841,0.633266,891,32,
1,1114,Overall,Overall,36,6,48,-2.0,-2.177427,0.630679,891,32,
1,1115,Overall,Overall,36,29,48,2.0,2.257993,0.337501,1113,17,
1,1116,Overall,Overall,36,11,48,0.0,-0.228867,0.337186,989,17,
1,1117,Overall,Overall,36,6,48,-2.0,-2.479751,0.702781,876,35,
1,1118,Overall,Overall,36,31,48,2.5,2.317448,0.340946,1116,17,
1,1119,Overall,Overall,36,29,48,2.0,1.868575,0.318653,1093,16,
1,1120,Overall,Overall,36,3,48,-2.5,-2.486911,0.707811,876,35,
1,1121,Overall,Overall,36,7,48,-1.0,-1.582667,0.511899,921,26,
1,1122,Overall,Overall,36,6,48,-1.5,-1.785023,0.551257,911,28,
1,1123,Overall,Overall,36,6,48,-1.5,-1.871472,0.563741,906,28,
1,1124,Overall,Overall,36,20,48,1.0,0.94457,0.301593,1047,15,
1,1125,Overall,Overall,36,32,48,2.5,2.650845,0.379487,1133,19,
1,1126,Overall,Overall,36,34,48,2.0,2.061798,0.325172,1103,16,
1,1127,Overall,Overall,36,0,48,-3.0,-5.0,1.709378,750,85,
1,1128,Overall,Overall,36,33,48,2.0,2.020609,0.32524,1101,16,
1,1129,Overall,Overall,36,28,48,1.5,1.470829,0.301175,1074,15,
1,1130,Overall,Overall,36,12,48,-1.0,-0.888498,0.410504,956,21,
1,1131,Overall,Overall,36,7,48,-1.0,-1.242865,0.453797,938,23,
1,1132,Overall,Overall,36,35,48,3.0,2.975642,0.403872,1149,20,
1,1133,Overall,Overall,36,5,48,-2.5,-1.802197,0.551381,910,28,
1,1134,Overall,Overall,36,25,48,1.0,1.234253,0.29687,1062,15,
1,1135,Overall,Overall,36,11,48,-0.5,-0.528882,0.361286,974,18,
1,1136,Overall,Overall,36,37,48,3.0,3.124038,0.423108,1156,21,
1,1137,Overall,Overall,36,7,48,-2.0,-1.281322,0.457469,936,23,
1,1138,Overall,Overall,36,31,48,1.5,1.658529,0.30645,1083,15,
1,1139,Overall,Overall,36,6,48,-1.5,-1.803391,0.551868,910,28,
1,1140,Overall,Overall,36,9,48,-1.0,-1.156568,0.45094,942,23,
1,1141,Overall,Overall,36,3,48,-3.0,-3.602726,1.050677,820,53,
1,1142,Overall,Overall,36,18,48,0.0,0.338703,0.308503,1017,15,
1,1143,Overall,Overall,36,24,48,1.5,1.298356,0.297187,1065,15,
1,1144,Overall,Overall,36,23,48,1.5,1.258027,0.296958,1063,15,
1,1145,Overall,Overall,36,24,48,0.5,1.146835,0.296631,1057,15,
1,1146,Overall,Overall,36,3,48,-3.0,-3.615429,1.033377,819,52,
1,1147,Overall,Overall,36,29,48,2.0,2.110364,0.329628,1106,16,
1,1148,Overall,Overall,36,39,48,3.0,3.63937,0.496461,1182,25,
1,1149,Overall,Overall,36,30,48,2.0,1.449551,0.300643,1072,15,
1,1150,Overall,Overall,36,25,48,0.5,1.157862,0.299189,1058,15,
1,1151,Overall,Overall,36,24,48,1.5,0.925948,0.302067,1046,15,
1,1152,Overall,Overall,36,36,48,2.5,2.679735,0.374,1134,19,
1,1153,Overall,Overall,36,14,48,0.0,-0.337924,0.3452,983,17,
1,1154,Overall,Overall,36,4,48,-1.5,-3.749392,1.081592,813,54,
1,1155,Overall,Overall,36,17,48,0.0,0.223143,0.312462,1011,16,
1,1156,Overall,Overall,36,30,48,2.0,1.787761,0.310813,1089,16,
1,1157,Overall,Overall,36,7,48,-3.0,-2.12197,0.61846,894,31,
1,1158,Overall,Overall,36,21,48,1.0,0.561109,0.302605,1028,15,
1,1159,Overall,Overall,36,5,48,-2.5,-2.281399,0.653273,886,33,
1,1160,Overall,Overall,36,5,48,-2.5,-2.488816,0.70069,876,35,
1,1161,Overall,Overall,36,26,48,2.0,1.70298,0.311574,1085,16,
1,1162,Overall,Overall,36,35,48,3.0,2.425171,0.355216,1121,18,
1,1163,Overall,Overall,36,11,48,-1.0,-0.954099,0.409794,952,20,
1,1164,Overall,Overall,36,25,48,1.0,1.172542,0.296859,1059,15,
1,1165,Overall,Overall,36,6,48,-1.5,-1.573989,0.507751,921,25,
1,1166,Overall,Overall,36,6,48,-2.5,-1.964244,0.584987,902,29,
1,1167,Overall,Overall,36,6,48,-2.5,-2.398124,0.675571,880,34,
1,1168,Overall,Overall,36,24,48,1.0,0.792436,0.300753,1040,15,
1,1169,Overall,Overall,36,13,48,-0.5,-0.325238,0.343151,984,17,
1,1170,Overall,Overall,36,35,48,3.0,2.657889,0.37364,1133,19,
1,1171,Overall,Overall,36,38,48,3.0,2.975614,0.403394,1149,20,
1,1172,Overall,Overall,36,18,48,0.5,0.176717,0.315283,1009,16,
1,1173,Overall,Overall,36,13,48,-1.0,-0.571551,0.37728,971,19,
1,1174,Overall,Overall,36,18,48,0.5,0.239633,0.311516,1012,16,
1,1175,Overall,Overall,36,24,48,0.5,1.153494,0.296407,1058,15,
1,1176,Overall,Overall,36,13,48,-0.5,0.107222,0.318316,1005,16,
1,1177,Overall,Overall,36,35,48,2.0,2.430867,0.349017,1122,17,
1,1178,Overall,Overall,36,3,48,-3.0,-2.734102,0.759447,863,38,
1,1179,Overall,Overall,36,6,48,-2.5,-2.202164,0.635251,890,32,
1,1180,Overall,Overall,36,20,48,0.5,0.887649,0.298945,1044,15,
1,1181,Overall,Overall,36,11,48,-0.5,-1.054211,0.424438,947,21,
1,1182,Overall,Overall,36,12,48,-0.5,-0.839214,0.395457,958,20,
1,1183,Overall,Overall,36,19,48,0.5,0.549296,0.310611,1027,16,
1,1184,Overall,Overall,36,6,48,-1.5,-2.383825,0.67849,881,34,
1,1185,Overall,Overall,36,10,48,-0.5,-0.540609,0.363313,973,18,
1,1186,Overall,Overall,36,3,48,-3.0,-3.988706,1.201102,801,60,
1,1187,Overall,Overall,36,7,48,-1.0,-1.415241,0.483614,929,24,
1,1188,Overall,Overall,36,36,48,2.5,2.097533,0.328336,1105,16,
1,1189,Overall,Overall,36,9,48,-1.0,-0.974723,0.412515,951,21,
1,1190,Overall,Overall,36,8,48,-2.0,-1.278207,0.457225,936,23,
1,1191,Overall,Overall,36,15,48,0.5,0.164285,0.315046,1008,16,
1,1192,Overall,Overall,36,32,48,2.5,2.176182,0.33239,1109,17,
1,1193,Overall,Overall,36,15,48,0.0,0.27951,0.311421,1014,16,
1,1194,Overall,Overall,36,16,48,0.0,0.17501,0.316384,1009,16,
1,1195,Overall,Overall,36,16,48,0.0,0.324265,0.309752,1016,15,
1,1196,Overall,Overall,36,5,48,-1.0,-1.656536,0.52556,917,26,
1,1197,Overall,Overall,36,11,48,-1.5,-0.770521,0.387758,961,19,
1,1198,Overall,Overall,36,34,48,3.0,2.579194,0.362044,1129,18,
1,1199,Overall,Overall,36,22,48,1.0,1.132246,0.304675,1057,15,
1,1200,Overall,Overall,36,27,48,1.5,1.539701,0.303083,1077,15,
1,1201,Overall,Overall,36,5,48,-2.5,-1.994836,0.58954,900,29,
1,1202,Overall,Overall,36,4,48,-3.0,-2.904833,0.809426,855,40,
1,1203,Overall,Overall,36,30,48,1.5,1.47592,0.299852,1074,15,
1,1204,Overall,Overall,36,7,48,-2.0,-1.439502,0.483869,928,24,
1,1205,Overall,Overall,36,5,48,-3.0,-2.792672,0.786574,860,39,
1,1206,Overall,Overall,36,16,48,0.0,0.296013,0.309843,1015,15,
1,1207,Overall,Overall,36,13,48,-1.0,-0.166671,0.33275,992,17,
1,1208,Overall,Overall,36,30,48,2.0,2.124816,0.331144,1106,17,
1,1209,Overall,Overall,36,32,48,2.0,1.92013,0.31579,1096,16,
1,1210,Overall,Overall,36,11,48,-0.5,-0.401723,0.350759,980,18,
1,1211,Overall,Overall,36,9,48,-1.5,-1.392099,0.481228,930,24,
1,1212,Overall,Overall,36,20,48,0.5,0.297445,0.311426,1015,16,
1,1213,Overall,Overall,36,32,48,3.0,2.656972,0.367394,1133,18,
1,1214,Overall,Overall,36,33,48,2.5,2.295195,0.341066,1115,17,
1,1215,Overall,Overall,36,2,48,-3.0,-3.784705,1.084608,811,54,
1,1216,Overall,Overall,36,3,48,-2.0,-2.73932,0.776716,863,39,
1,1217,Overall,Overall,36,17,48,0.0,0.348742,0.307707,1017,15,
1,1218,Overall,Overall,36,4,48,-2.5,-2.541527,0.714765,873,36,
1,1219,Overall,Overall,36,11,48,0.0,-0.533294,0.362554,973,18,
1,1220,Overall,Overall,36,3,48,-3.0,-3.298654,0.924683,835,46,
1,1221,Overall,Overall,36,28,48,1.5,1.559201,0.301626,1078,15,
1,1222,Overall,Overall,36,11,48,0.0,-0.226481,0.337003,989,17,
1,1223,Overall,Overall,36,25,48,1.5,1.381626,0.302188,1069,15,
1,1224,Overall,Overall,36,7,48,-1.5,-1.891399,0.569307,905,28,
1,1225,Overall,Overall,36,12,48,-1.0,-0.555439,0.363916,972,18,
1,1226,Overall,Overall,36,38,48,3.0,2.752147,0.386808,1138,19,
1,1227,Overall,Overall,36,35,48,2.0,2.803631,0.387324,1140,19,
1,1228,Overall,Overall,36,33,48,2.0,2.276338,0.337493,1114,17,
1,1229,Overall,Overall,36,12,48,-0.5,-0.647035,0.373825,968,19,
1,1230,Overall,Overall,36,26,48,1.0,1.098531,0.296959,1055,15,
1,1231,Overall,Overall,36,23,48,1.0,0.992047,0.297714,1050,15,
1,1232,Overall,Overall,36,28,48,1.5,1.216622,0.306309,1061,15,
1,1233,Overall,Overall,36,12,48,-1.5,-0.71628,0.382187,964,19,
1,1234,Overall,Overall,36,16,48,0.0,-0.14976,0.332311,993,17,
1,1235,Overall,Overall,36,7,48,-2.0,-1.655039,0.522579,917,26,
1,1236,Overall,Overall,36,9,48,-1.0,-1.112614,0.438919,944,22,
1,1237,Overall,Overall,36,13,48,-0.5,-0.429038,0.353,979,18,
1,1238,Overall,Overall,36,15,48,0.0,-0.011176,0.322726,999,16,
1,1239,Overall,Overall,36,1,48,-3.0,-4.995539,1.660581,750,83,
1,1240,Overall,Overall,36,6,48,-1.5,-1.712161,0.532154,914,27,
1,1241,Overall,Overall,36,23,48,1.5,1.489764,0.308078,1074,15,
1,1242,Overall,Overall,36,20,48,0.5,0.674903,0.301231,1034,15,
1,1243,Overall,Overall,36,12,48,-1.0,-0.730005,0.382775,963,19,
1,1244,Overall,Overall,36,2,48,-3.0,-4.198665,1.257694,790,63,
1,1245,Overall,Overall,36,15,48,0.0,-0.093313,0.327661,995,16,
1,1246,Overall,Overall,36,25,48,1.0,1.268562,0.297113,1063,15,
1,1247,Overall,Overall,36,23,48,1.0,0.773429,0.305129,1039,15,
1,1248,Overall,Overall,36,19,48,1.0,0.887069,0.300096,1044,15,
1,1249,Overall,Overall,36,4,48,-3.0,-3.869282,1.152095,807,58,
1,1250,Overall,Overall,36,4,48,-1.5,-3.954418,1.165686,802,58,
1,1251,Overall,Overall,36,24,48,1.0,1.030422,0.297445,1052,15,
1,1252,Overall,Overall,36,4,48,-2.0,-2.425738,0.685207,879,34,
1,1253,Overall,Overall,36,23,48,1.0,1.041968,0.297187,1052,15,
1,1254,Overall,Overall,36,24,48,1.5,1.563603,0.306253,1078,15,
1,1255,Overall,Overall,36,11,48,-0.5,-0.682462,0.386793,966,19,
1,1256,Overall,Overall,36,2,48,-3.0,-3.302074,0.945102,835,47,
1,1257,Overall,Overall,36,4,48,-3.0,-2.616801,0.732341,869,37,
1,1258,Overall,Overall,36,5,48,-2.0,-1.735071,0.539206,913,27,
1,1259,Overall,Overall,36,31,48,2.0,2.156402,0.330907,1108,17,
1,1260,Overall,Overall,36,16,48,0.0,-0.075141,0.327306,996,16,
1,1261,Overall,Overall,36,5,48,-2.5,-2.326849,0.662166,884,33,
1,1262,Overall,Overall,36,5,48,-2.0,-1.974204,0.587122,901,29,
1,1263,Overall,Overall,36,23,48,0.5,0.761264,0.301957,1038,15,
1,1264,Overall,Overall,36,5,48,-2.0,-2.327493,0.663141,884,33,
1,1265,Overall,Overall,36,12,48,-0.5,-0.335507,0.343989,983,17,
1,1266,Overall,Overall,36,23,48,1.0,1.169854,0.305038,1058,15,
1,1267,Overall,Overall,36,4,48,-3.0,-2.810282,0.785497,859,39,
1,1268,Overall,Overall,36,9,48,-2.0,-1.14861,0.437128,943,22,
1,1269,Overall,Overall,36,16,48,0.0,0.332034,0.31426,1017,16,
1,1270,Overall,Overall,36,4,48,-2.5,-3.559892,1.014078,822,51,
1,1271,Overall,Overall,36,3,48,-3.0,-3.743646,1.079231,813,54,
1,1272,Overall,Overall,36,7,48,-1.5,-1.842341,0.563896,908,28,
1,1273,Overall,Overall,36,3,48,-3.0,-3.384228,0.985226,831,49,
1,1274,Overall,Overall,36,23,48,1.0,0.904577,0.301048,1045,15,
1,1275,Overall,Overall,36,7,48,-1.0,-1.573431,0.508568,921,25,
1,1276,Overall,Overall,36,30,48,2.5,2.298888,0.339251,1115,17,
1,1277,Overall,Overall,36,31,48,1.5,1.825715,0.311511,1091,16,
1,1278,Overall,Overall,36,14,48,-0.5,-0.249973,0.337831,988,17,
1,1279,Overall,Overall,36,4,48,-3.0,-3.243464,0.92564,838,46,
1,1280,Overall,Overall,36,23,48,1.0,0.838864,0.299782,1042,15,
1,1281,Overall,Overall,36,25,48,1.5,1.470584,0.303011,1074,15,
1,1282,Overall,Overall,36,32,48,2.0,2.071987,0.325238,1104,16,
1,1283,Overall,Overall,36,3,48,-3.0,-3.456606,0.975786,827,49,
1,1284,Overall,Overall,36,4,48,-2.5,-2.587695,0.724694,871,36,
1,1285,Overall,Overall,36,13,48,0.0,-0.280197,0.340728,986,17,
1,1286,Overall,Overall,36,16,48,0.0,0.19054,0.313308,1010,16,
1,1287,Overall,Overall,36,4,48,-2.5,-2.662195,0.742995,867,37,
1,1288,Overall,Overall,36,11,48,-0.5,-0.677156,0.376883,966,19,
1,1289,Overall,Overall,36,37,48,3.0,2.868313,0.390793,1143,20,
1,1290,Overall,Overall,36,15,48,1.0,0.350755,0.311357,1018,16,
1,1291,Overall,Overall,36,39,48,3.0,3.168695,0.428142,1158,21,
1,1292,Overall,Overall,36,4,48,-2.0,-2.710258,0.758133,864,38,
1,1293,Overall,Overall,36,11,48,-1.0,-0.511667,0.359622,974,18,
1,1294,Overall,Overall,36,1,48,-2.5,-4.981871,1.624909,751,81,
1,1295,Overall,Overall,36,34,48,2.5,2.735298,0.376839,1137,19,
1,1296,Overall,Overall,36,12,48,-0.5,-0.407559,0.350901,980,18,
1,1297,Overall,Overall,36,33,48,3.0,2.529494,0.358031,1126,18,
1,1298,Overall,Overall,36,5,48,-2.0,-2.043217,0.601631,898,30,
1,1299,Overall,Overall,36,33,48,3.0,2.487984,0.352154,1124,18,
1,1300,Overall,Overall,36,11,48,-1.0,-1.003679,0.416539,950,21,
2,1,Overall,Overall,36,32,48,2.0,2.406909,0.347571,1120,17,
2,2,Overall,Overall,36,4,48,-1.0,-2.228965,0.64377,889,32,
2,3,Overall,Overall,36,15,48,0.0,-0.021529,0.324815,999,16,
2,4,Overall,Overall,36,3,48,-2.5,-3.24809,0.92751,838,46,
2,5,Overall,Overall,36,30,48,2.5,2.671684,0.381343,1134,19,
2,6,Overall,Overall,36,5,48,-3.0,-2.763289,0.778244,862,39,
2,7,Overall,Overall,36,12,48,-1.0,-0.498906,0.359292,975,18,
2,8,Overall,Overall,36,17,48,0.0,-0.080289,0.328254,996,16,
2,9,Overall,Overall,36,31,48,2.0,1.789357,0.311338,1089,16,
2,10,Overall,Overall,36,38,48,3.0,3.431909,0.46619,1172,23,
2,11,Overall,Overall,36,8,48,-1.0,-1.037281,0.428979,948,21,
2,12,Overall,Overall,36,25,48,1.0,0.991788,0.297644,1050,15,
2,13,Overall,Overall,36,3,48,-3.0,-3.035861,0.85954,848,43,
2,14,Overall,Overall,36,7,48,-2.0,-1.91176,0.573753,904,29,
2,15,Overall,Overall,36,24,48,1.0,1.291296,0.29767,1065,15,
2,16,Overall,Overall,36,25,48,1.0,1.098411,0.303552,1055,15,
2,17,Overall,Overall,36,15,48,-0.5,-0.115684,0.343071,994,17,
2,18,Overall,Overall,36,4,48,-2.5,-2.508085,0.703512,875,35,
2,19,Overall,Overall,36,4,48,-3.0,-2.28584,0.661921,886,33,
2,20,Overall,Overall,36,18,48,0.0,0.553168,0.303362,1028,15,
2,21,Overall,Overall,36,2,48,-2.0,-3.373399,0.969445,831,48,
2,22,Overall,Overall,36,2,48,-3.0,-5.0,1.661309,750,83,
2,23,Overall,Overall,36,9,48,-1.0,-1.052197,0.423088,947,21,
2,24,Overall,Overall,36,30,48,2.5,2.163821,0.332967,1108,17,
2,25,Overall,Overall,36,16,48,1.0,0.156191,0.314762,1008,16,
2,26,Overall,Overall,36,3,48,-2.5,-3.176775,0.891401,841,45,
2,27,Overall,Overall,36,36,48,2.5,2.862698,0.393318,1143,20,
2,28,Overall,Overall,36,21,48,2.0,0.835567,0.302262,1042,15,
2,29,Overall,Overall,36,29,48,2.0,1.646728,0.304339,1082,15,
2,30,Overall,Overall,36,29,48,2.0,1.945515,0.319716,1097,16,
2,31,Overall,Overall,36,21,48,0.0,0.646768,0.301773,1032,15,
2,32,Overall,Overall,36,14,48,-0.5,-0.157452,0.332693,992,17,
2,33,Overall,Overall,36,30,48,2.5,2.384662,0.345563,1119,17,
2,34,Overall,Overall,36,23,48,1.0,1.133864,0.298985,1057,15,
2,35,Overall,Overall,36,40,48,3.0,3.666418,0.499489,1183,25,
2,36,Overall,Overall,36,6,48,-1.5,-1.763769,0.55308,912,28,
2,37,Overall,Overall,36,8,48,-1.5,-0.99237,0.419716,950,21,
2,38,Overall,Overall,36,12,48,-0.5,-0.744502,0.384357,963,19,
2,39,Overall,Overall,36,14,48,-0.5,0.051357,0.319181,1003,16,
2,40,Overall,Overall,36,11,48,-0.5,-0.749342,0.385803,963,19,
2,41,Overall,Overall,36,4,48,-2.5,-3.518078,1.019943,824,51,
2,42,Overall,Overall,36,15,48,-0.5,-0.0546,0.32759,997,16,
2,43,Overall,Overall,36,2,48,-2.5,-3.791819,1.121728,810,56,
2,44,Overall,Overall,36,27,48,1.5,1.530072,0.300862,1077,15,
2,45,Overall,Overall,36,28,48,1.5,1.656926,0.305343,1083,15,
2,46,Overall,Overall,36,33,48,2.0,2.490958,0.354156,1125,18,
2,47,Overall,Overall,36,24,48,1.5,0.965146,0.29918,1048,15,
2,48,Overall,Overall,36,26,48,1.5,1.572407,0.302916,1079,15,
2,49,Overall,Overall,36,28,48,2.0,1.818336,0.311356,1091,16,
2,50,Overall,Overall,36,20,48,1.5,0.914935,0.298753,1046,15,
2,51,Overall,Overall,36,18,48,1.0,0.770587,0.302909,1039,15,
2,52,Overall,Overall,36,6,48,-1.5,-2.327442,0.664573,884,33,
2,53,Overall,Overall,36,4,48,-2.5,-2.561978,0.719422,872,36,
2,54,Overall,Overall,36,24,48,2.0,1.438351,0.30661,1072,15,
2,55,Overall,Overall,36,18,48,0.5,0.486967,0.304293,1024,15,
2,56,Overall,Overall,36,2,48,-2.5,-4.881256,1.600292,756,80,
2,57,Overall,Overall,36,23,48,1.0,0.921367,0.2984,1046,15,
2,58,Overall,Overall,36,27,48,2.0,1.571015,0.306351,1079,15,
2,59,Overall,Overall,36,7,48,-2.0,-2.056038,0.606969,897,30,
2,60,Overall,Overall,36,33,48,3.0,3.23319,0.448685,1162,22,
2,61,Overall,Overall,36,39,48,2.5,3.349594,0.455169,1167,23,
2,62,Overall,Overall,36,30,48,1.5,1.748923,0.30912,1087,15,
2,63,Overall,Overall,36,9,48,-0.5,-0.844582,0.3964,958,20,
2,64,Overall,Overall,36,11,48,-0.5,-1.370419,0.481047,931,24,
2,65,Overall,Overall,36,7,48,-1.5,-1.892277,0.571715,905,29,
2,66,Overall,Overall,36,30,48,1.5,2.247812,0.339908,1112,17,
2,67,Overall,Overall,36,8,48,-1.5,-1.520815,0.497257,924,25,
2,68,Overall,Overall,36,20,48,0.0,0.499036,0.306105,1025,15,
2,69,Overall,Overall,36,4,48,-1.5,-2.092988,0.613309,895,31,
2,70,Overall,Overall,36,4,48,-2.5,-2.149472,0.623644,893,31,
2,71,Overall,Overall,36,27,48,1.0,1.228819,0.297401,1061,15,
2,72,Overall,Overall,36,36,48,2.5,2.612783,0.369482,1131,18,
2,73,Overall,Overall,36,13,48,-0.5,-0.346037,0.345869,983,17,
2,74,Overall,Overall,36,35,48,2.5,2.66531,0.369766,1133,18,
2,75,Overall,Overall,36,36,48,3.0,2.767112,0.384109,1138,19,
2,76,Overall,Overall,36,5,48,-3.0,-1.916099,0.575778,904,29,
2,77,Overall,Overall,36,6,48,-2.5,-2.147716,0.62361,893,31,
2,78,Overall,Overall,36,38,48,2.5,3.046191,0.409451,1152,20,
2,79,Overall,Overall,36,2,48,-3.0,-5.0,1.659497,750,83,
2,80,Overall,Overall,36,14,48,0.0,0.044523,0.321685,1002,16,
2,81,Overall,Overall,36,14,48,0.0,-0.101017,0.327466,995,16,
2,82,Overall,Overall,36,17,48,0.5,0.556035,0.313869,1028,16,
2,83,Overall,Overall,36,6,48,-2.5,-1.885919,0.570628,906,29,
2,84,Overall,Overall,36,18,48,1.0,0.716479,0.304782,1036,15,
2,85,Overall,Overall,36,13,48,-1.5,-0.28876,0.341498,986,17,
2,86,Overall,Overall,36,5,48,-2.5,-2.360823,0.673924,882,34,
2,87,Overall,Overall,36,37,48,2.5,3.246166,0.434405,1162,22,
2,88,Overall,Overall,36,0,48,-3.0,-5.0,1.714847,750,86,
2,89,Overall,Overall,36,25,48,1.0,1.078218,0.299201,1054,15,
2,90,Overall,Overall,36,3,48,-3.0,-3.089082,0.875838,846,44,
2,91,Overall,Overall,36,35,48,2.5,3.511943,0.489718,1176,24,
2,92,Overall,Overall,36,34,48,3.0,3.112481,0.429916,1156,21,
2,93,Overall,Overall,36,12,48,0.0,-0.059173,0.339107,997,17,
2,94,Overall,Overall,36,35,48,3.0,3.654515,0.497158,1183,25,
2,95,Overall,Overall,36,5,48,-2.5,-1.79751,0.549629,910,27,
2,96,Overall,Overall,36,9,48,-0.5,-1.030711,0.420793,948,21,
2,97,Overall,Overall,36,3,48,-3.0,-3.253369,0.905392,837,45,
2,98,Overall,Overall,36,11,48,-0.5,-0.305463,0.342588,985,17,
2,99,Overall,Overall,36,33,48,1.5,2.210103,0.335204,1111,17,
2,100,Overall,Overall,36,37,48,3.0,2.912299,0.398418,1146,20,
2,101,Overall,Overall,36,21,48,1.0,0.990607,0.298311,1050,15,
2,102,Overall,Overall,36,6,48,-1.0,-1.619756,0.515259,919,26,
2,103,Overall,Overall,36,8,48,-2.5,-1.929283,0.579086,904,29,
2,104,Overall,Overall,36,24,48,1.0,1.204656,0.296728,1060,15,
2,105,Overall,Overall,36,7,48,-2.0,-1.838467,0.560283,908,28,
2,106,Overall,Overall,36,8,48,-1.5,-1.33498,0.465998,933,23,
2,107,Overall,Overall,36,5,48,-2.5,-1.722583,0.536645,914,27,
2,108,Overall,Overall,36,4,48,-1.5,-2.436729,0.691319,878,35,
2,109,Overall,Overall,36,5,48,-2.5,-2.312974,0.66081,884,33,
2,110,Overall,Overall,36,14,48,0.0,-0.132696,0.329271,993,16,
2,111,Overall,Overall,36,29,48,2.0,1.806585,0.31107,1090,16,
2,112,Overall,Overall,36,5,48,-2.5,-2.3941,0.678634,880,34,
2,113,Overall,Overall,36,33,48,3.0,2.833971,0.386973,1142,19,
2,114,Overall,Overall,36,18,48,0.5,0.32635,0.309968,1016,15,
2,115,Overall,Overall,36,5,48,-1.5,-1.880448,0.566609,906,28,
2,116,Overall,Overall,36,3,48,-3.0,-4.169521,1.276422,792,64,
2,117,Overall,Overall,36,3,48,-3.0,-2.761663,0.769304,862,38,
2,118,Overall,Overall,36,9,48,-1.5,-1.111879,0.431673,944,22,
2,119,Overall,Overall,36,16,48,0.5,-0.01262,0.324708,999,16,
2,120,Overall,Overall,36,6,48,-2.5,-1.988815,0.592702,901,30,
2,121,Overall,Overall,36,17,48,0.0,0.199099,0.312827,1010,16,
2,122,Overall,Overall,36,9,48,-1.0,-0.885124,0.401221,956,20,
2,123,Overall,Overall,36,30,48,2.0,1.944802,0.318964,1097,16,
2,124,Overall,Overall,36,12,48,-0.5,-0.456407,0.355421,977,18,
2,125,Overall,Overall,36,6,48,-2.0,-2.039142,0.603549,898,30,
2,126,Overall,Overall,36,40,48,3.0,3.487619,0.468739,1174,23,
2,127,Overall,Overall,36,12,48,-0.5,-0.565256,0.365447,972,18,
2,128,Overall,Overall,36,6,48,-3.0,-1.730117,0.53561,913,27,
2,129,Overall,Overall,36,11,48,-1.5,-0.745311,0.384496,963,19,
2,130,Overall,Overall,36,18,48,0.5,0.481965,0.307622,1024,15,
2,131,Overall,Overall,36,4,48,-3.0,-2.070688,0.612839,896,31,
2,132,Overall,Overall,36,14,48,-0.5,0.097735,0.319913,1005,16,
2,133,Overall,Overall,36,19,48,0.5,0.311096,0.309067,1016,15,
2,134,Overall,Overall,36,31,48,2.5,2.111864,0.328266,1106,16,
2,135,Overall,Overall,36,6,48,-2.0,-1.60666,0.512446,920,26,
2,136,Overall,Overall,36,3,48,-2.5,-4.029942,1.218014,799,61,
2,137,Overall,Overall,36,25,48,1.5,1.074393,0.302682,1054,15,
2,138,Overall,Overall,36,32,48,2.5,2.21042,0.335292,1111,17,
2,139,Overall,Overall,36,7,48,-1.0,-1.62444,0.518381,919,26,
2,140,Overall,Overall,36,26,48,1.0,1.244297,0.297379,1062,15,
2,141,Overall,Overall,36,22,48,1.0,0.541292,0.305713,1027,15,
2,142,Overall,Overall,36,5,48,-3.0,-1.933519,0.576304,903,29,
2,143,Overall,Overall,36,12,48,-0.5,-0.755753,0.395502,962,20,
2,144,Overall,Overall,36,5,48,-2.0,-2.728117,0.761083,864,38,
2,145,Overall,Overall,36,7,48,-2.5,-1.834673,0.556327,908,28,
2,146,Overall,Overall,36,31,48,2.0,1.979158,0.319396,1099,16,
2,147,Overall,Overall,36,4,48,-2.0,-2.855972,0.804825,857,40,
2,148,Overall,Overall,36,20,48,0.5,0.887318,0.303541,1044,15,
2,149,Overall,Overall,36,10,48,-1.0,-0.674034,0.376404,966,19,
2,150,Overall,Overall,36,7,48,-1.5,-1.937944,0.57837,903,29,
2,151,Overall,Overall,36,9,48,-1.5,-1.554154,0.514708,922,26,
2,152,Overall,Overall,36,34,48,2.5,2.087726,0.32751,1104,16,
2,153,Overall,Overall,36,31,48,2.5,2.081325,0.325542,1104,16,
2,154,Overall,Overall,36,22,48,1.5,1.107453,0.297259,1055,15,
2,155,Overall,Overall,36,20,48,1.0,1.049351,0.305105,1052,15,
2,156,Overall,Overall,36,7,48,-2.0,-1.4837,0.491344,926,25,
2,157,Overall,Overall,36,15,48,0.0,0.010883,0.321353,1001,16,
2,158,Overall,Overall,36,22,48,1.0,1.24147,0.304555,1062,15,
2,159,Overall,Overall,36,19,48,1.0,0.219306,0.312222,1011,16,
2,160,Overall,Overall,36,29,48,1.5,1.60497,0.304309,1080,15,
2,161,Overall,Overall,36,3,48,-3.0,-4.124358,1.255735,794,63,
2,162,Overall,Overall,36,5,48,-2.0,-2.813292,0.782546,859,39,
2,163,Overall,Overall,36,7,48,-1.5,-1.540375,0.504879,923,25,
2,164,Overall,Overall,36,32,48,2.0,2.447955,0.353877,1122,18,
2,165,Overall,Overall,36,38,48,3.0,2.770962,0.380467,1139,19,
2,166,Overall,Overall,36,6,48,-2.0,-1.83542,0.558073,908,28,
2,167,Overall,Overall,36,3,48,-2.5,-4.308239,1.357211,785,68,
2,168,Overall,Overall,36,34,48,2.0,2.176197,0.332206,1109,17,
2,169,Overall,Overall,36,18,48,0.5,0.655973,0.303707,1033,15,
2,170,Overall,Overall,36,38,48,2.5,2.534799,0.36315,1127,18,
2,171,Overall,Overall,36,29,48,1.5,1.346301,0.299854,1067,15,
2,172,Overall,Overall,36,38,48,3.0,2.778998,0.389593,1139,19,
2,173,Overall,Overall,36,29,48,1.0,1.508678,0.300472,1075,15,
2,174,Overall,Overall,36,8,48,-1.5,-1.491058,0.495967,925,25,
2,175,Overall,Overall,36,36,48,3.0,3.780352,0.520492,1189,26,
2,176,Overall,Overall,36,15,48,0.0,0.080327,0.318169,1004,16,
2,177,Overall,Overall,36,3,48,-2.5,-3.125865,0.887796,844,44,
2,178,Overall,Overall,36,10,48,-2.0,-1.140384,0.436351,943,22,
2,179,Overall,Overall,36,3,48,-3.0,-3.805927,1.130801,810,57,
2,180,Overall,Overall,36,17,48,0.5,0.404553,0.307178,1020,15,
2,181,Overall,Overall,36,6,48,-2.0,-2.097024,0.613162,895,31,
2,182,Overall,Overall,36,34,48,3.0,2.78408,0.382722,1139,19,
2,183,Overall,Overall,36,5,48,-3.0,-2.157734,0.623678,892,31,
2,184,Overall,Overall,36,5,48,-1.5,-2.087132,0.609583,896,30,
2,185,Overall,Overall,36,12,48,-0.5,-0.34019,0.34539,983,17,
2,186,Overall,Overall,36,2,48,-3.0,-4.59157,1.465879,770,73,
2,187,Overall,Overall,36,20,48,1.0,0.506594,0.306766,1025,15,
2,188,Overall,Overall,36,9,48,-0.5,-0.525902,0.364339,974,18,
2,189,Overall,Overall,36,7,48,-2.0,-2.058792,0.605375,897,30,
2,190,Overall,Overall,36,16,48,0.5,0.472921,0.307451,1024,15,
2,191,Overall,Overall,36,21,48,0.0,0.602231,0.304194,1030,15,
2,192,Overall,Overall,36,7,48,-1.5,-1.973859,0.584986,901,29,
2,193,Overall,Overall,36,8,48,-1.5,-1.76806,0.545377,912,27,
2,194,Overall,Overall,36,4,48,-3.0,-3.827399,1.12399,809,56,
2,195,Overall,Overall,36,32,48,2.5,2.681618,0.387594,1134,19,
2,196,Overall,Overall,36,8,48,-1.5,-1.121334,0.440291,944,22,
2,197,Overall,Overall,36,5,48,-2.0,-2.659053,0.743929,867,37,
2,198,Overall,Overall,36,30,48,2.0,1.903598,0.315668,1095,16,
2,199,Overall,Overall,36,2,48,-2.5,-5.0,1.668427,750,83,
2,200,Overall,Overall,36,34,48,3.0,2.589321,0.360423,1129,18,
2,201,Overall,Overall,36,29,48,2.0,1.973624,0.322438,1099,16,
2,202,Overall,Overall,36,29,48,2.0,1.500112,0.30197,1075,15,
2,203,Overall,Overall,36,3,48,-3.0,-3.581648,1.021598,821,51,
2,204,Overall,Overall,36,9,48,-1.0,-1.242572,0.451453,938,23,
2,205,Overall,Overall,36,38,48,3.0,3.190129,0.43014,1160,22,
2,206,Overall,Overall,36,11,48,-0.5,-0.290331,0.341307,985,17,
2,207,Overall,Overall,36,5,48,-2.5,-2.442476,0.692772,878,35,
2,208,Overall,Overall,36,22,48,1.0,0.882648,0.306519,1044,15,
2,209,Overall,Overall,36,21,48,0.5,0.801636,0.300688,1040,15,
2,210,Overall,Overall,36,3,48,-2.5,-3.593467,1.047045,820,52,
2,211,Overall,Overall,36,7,48,-1.5,-1.448979,0.489329,928,24,
2,212,Overall,Overall,36,15,48,0.0,-0.090421,0.326844,995,16,
2,213,Overall,Overall,36,6,48,-1.0,-2.091395,0.612007,895,31,
2,214,Overall,Overall,36,15,48,0.0,0.157488,0.314485,1008,16,
2,215,Overall,Overall,36,7,48,-1.5,-1.795075,0.548744,910,27,
2,216,Overall,Overall,36,7,48,-2.5,-1.994786,0.593947,900,30,
2,217,Overall,Overall,36,40,48,3.0,3.56502,0.484238,1178,24,
2,218,Overall,Overall,36,37,48,2.5,2.909066,0.398307,1145,20,
2,219,Overall,Overall,36,2,48,-3.0,-4.013141,1.210124,799,61,
2,220,Overall,Overall,36,8,48,-1.0,-1.322343,0.469347,934,23,
2,221,Overall,Overall,36,8,48,-2.0,-1.313846,0.470902,934,24,
2,222,Overall,Overall,36,31,48,2.5,2.162009,0.331023,1108,17,
2,223,Overall,Overall,36,27,48,1.0,1.532128,0.307003,1077,15,
2,224,Overall,Overall,36,35,48,2.5,2.737268,0.376904,1137,19,
2,225,Overall,Overall,36,32,48,2.0,2.408409,0.347562,1120,17,
2,226,Overall,Overall,36,21,48,1.0,0.754379,0.300657,1038,15,
2,227,Overall,Overall,36,2,48,-2.5,-3.435519,0.979305,828,49,
2,228,Overall,Overall,36,1,48,-3.0,-4.879564,1.534361,756,77,
2,229,Overall,Overall,36,6,48,-1.5,-1.796403,0.550527,910,28,
2,230,Overall,Overall,36,9,48,-1.0,-1.374421,0.472177,931,24,
2,231,Overall,Overall,36,6,48,-2.5,-2.695202,0.759629,865,38,
2,232,Overall,Overall,36,15,48,-0.5,-0.028932,0.323517,999,16,
2,233,Overall,Overall,36,6,48,-2.5,-1.988147,0.587941,901,29,
2,234,Overall,Overall,36,5,48,-2.5,-2.289349,0.654212,886,33,
2,235,Overall,Overall,36,15,48,0.0,-0.186295,0.335826,991,17,
2,236,Overall,Overall,36,28,48,1.5,1.719717,0.307406,1086,15,
2,237,Overall,Overall,36,13,48,-0.5,-0.488093,0.358289,976,18,
2,238,Overall,Overall,36,2,48,-3.0,-4.219714,1.296398,789,65,
2,239,Overall,Overall,36,12,48,-1.0,-0.600643,0.382807,970,19,
2,240,Overall,Overall,36,9,48,-1.0,-0.694702,0.378836,965,19,
2,241,Overall,Overall,36,6,48,-2.0,-1.911139,0.573353,904,29,
2,242,Overall,Overall,36,35,48,2.5,3.21969,0.441522,1161,22,
2,243,Overall,Overall,36,5,48,-2.0,-1.80312,0.550889,910,28,
2,244,Overall,Overall,36,24,48,0.5,0.781595,0.299876,1039,15,
2,245,Overall,Overall,36,10,48,-1.0,-0.833495,0.394543,958,20,
2,246,Overall,Overall,36,31,48,2.0,2.248844,0.335989,1112,17,
2,247,Overall,Overall,36,20,48,1.0,0.635099,0.301696,1032,15,
2,248,Overall,Overall,36,37,48,2.5,2.888703,0.390369,1144,20,
2,249,Overall,Overall,36,24,48,1.0,0.95994,0.301511,1048,15,
2,250,Overall,Overall,36,13,48,-0.5,-0.588593,0.367903,971,18,
2,251,Overall,Overall,36,13,48,-1.5,-0.754764,0.385326,962,19,
2,252,Overall,Overall,36,8,48,-1.0,-1.214443,0.446962,939,22,
2,253,Overall,Overall,36,10,48,-1.0,-0.859637,0.410994,957,21,
2,254,Overall,Overall,36,35,48,2.0,2.287102,0.340915,1114,17,
2,255,Overall,Overall,36,31,48,2.5,2.673533,0.387146,1134,19,
2,256,Overall,Overall,36,6,48,-2.5,-2.33098,0.66541,883,33,
2,257,Overall,Overall,36,35,48,2.5,2.959879,0.413728,1148,21,
2,258,Overall,Overall,36,10,48,-1.0,-0.710801,0.381241,964,19,
2,259,Overall,Overall,36,30,48,2.0,1.797106,0.310283,1090,16,
2,260,Overall,Overall,36,2,48,-3.0,-4.331314,1.297976,783,65,
2,261,Overall,Overall,36,17,48,0.5,0.383092,0.30677,1019,15,
2,262,Overall,Overall,36,35,48,3.0,3.703625,0.518089,1185,26,
2,263,Overall,Overall,36,5,48,-2.5,-2.003309,0.591774,900,30,
2,264,Overall,Overall,36,20,48,1.0,0.896159,0.299912,1045,15,
2,265,Overall,Overall,36,12,48,-0.5,-0.494093,0.360449,975,18,
2,266,Overall,Overall,36,6,48,-2.5,-1.991711,0.588882,900,29,
2,267,Overall,Overall,36,35,48,3.0,3.152297,0.426978,1158,21,
2,268,Overall,Overall,36,8,48,-1.5,-1.049455,0.423948,948,21,
2,269,Overall,Overall,36,8,48,-1.0,-1.148858,0.438241,943,22,
2,270,Overall,Overall,36,36,48,3.0,2.640508,0.371467,1132,19,
2,271,Overall,Overall,36,41,48,3.0,4.19112,0.590608,1210,30,
2,272,Overall,Overall,36,31,48,3.0,2.207875,0.33358,1110,17,
2,273,Overall,Overall,36,6,48,-2.0,-2.039082,0.598467,898,30,
2,274,Overall,Overall,36,11,48,-1.0,-0.382421,0.347945,981,17,
2,275,Overall,Overall,36,6,48,-2.0,-2.70888,0.763547,865,38,
2,276,Overall,Overall,36,22,48,1.5,1.280675,0.303902,1064,15,
2,277,Overall,Overall,36,24,48,1.5,1.376125,0.297983,1069,15,
2,278,Overall,Overall,36,32,48,2.0,2.479784,0.351747,1124,18,
2,279,Overall,Overall,36,28,48,1.5,1.860256,0.318354,1093,16,
2,280,Overall,Overall,36,36,48,2.5,2.465773,0.356337,1123,18,
2,281,Overall,Overall,36,3,48,-3.0,-3.610072,1.05357,819,53,
2,282,Overall,Overall,36,14,48,0.0,-0.105813,0.329397,995,16,
2,283,Overall,Overall,36,15,48,0.5,0.249328,0.31264,1012,16,
2,284,Overall,Overall,36,20,48,1.0,0.726133,0.300932,1036,15,
2,285,Overall,Overall,36,9,48,-1.5,-0.796591,0.391524,960,20,
2,286,Overall,Overall,36,5,48,-2.0,-1.512079,0.500592,924,25,
2,287,Overall,Overall,36,23,48,1.0,0.840029,0.299232,1042,15,
2,288,Overall,Overall,36,21,48,1.0,0.809556,0.301324,1040,15,
2,289,Overall,Overall,36,15,48,0.5,0.00292,0.321543,1000,16,
2,290,Overall,Overall,36,36,48,3.0,2.446855,0.356221,1122,18,
2,291,Overall,Overall,36,11,48,-0.5,-0.944276,0.408685,953,20,
2,292,Overall,Overall,36,26,48,2.0,1.630673,0.302997,1082,15,
2,293,Overall,Overall,36,27,48,2.0,1.34387,0.298551,1067,15,
2,294,Overall,Overall,36,25,48,0.5,0.989233,0.297964,1049,15,
2,295,Overall,Overall,36,20,48,1.0,0.880088,0.300007,1044,15,
2,296,Overall,Overall,36,5,48,-2.5,-2.086486,0.609639,896,30,
2,297,Overall,Overall,36,16,48,0.5,0.524054,0.309177,1026,15,
2,298,Overall,Overall,36,18,48,0.5,0.412751,0.307504,1021,15,
2,299,Overall,Overall,36,11,48,-0.5,-0.484057,0.357876,976,18,
2,300,Overall,Overall,36,27,48,2.0,1.510767,0.305396,1076,15,
2,301,Overall,Overall,36,19,48,0.5,0.307377,0.311734,1015,16,
2,302,Overall,Overall,36,6,48,-2.0,-1.893937,0.570663,905,29,
2,303,Overall,Overall,36,19,48,0.5,0.654565,0.302464,1033,15,
2,304,Overall,Overall,36,8,48,-1.0,-1.370766,0.476533,931,24,
2,305,Overall,Overall,36,10,48,-1.5,-1.192363,0.443964,940,22,
2,306,Overall,Overall,36,39,48,3.0,4.084402,0.572761,1204,29,
2,307,Overall,Overall,36,6,48,-2.0,-1.621673,0.517009,919,26,
2,308,Overall,Overall,36,3,48,-3.0,-3.100003,0.865918,845,43,
2,309,Overall,Overall,36,14,48,0.5,-0.027798,0.324626,999,16,
2,310,Overall,Overall,36,17,48,0.0,0.267026,0.310911,1013,16,
2,311,Overall,Overall,36,33,48,2.0,2.332198,0.345211,1117,17,
2,312,Overall,Overall,36,6,48,-2.0,-2.22218,0.637921,889,32,
2,313,Overall,Overall,36,32,48,3.0,3.190821,0.441404,1160,22,
2,314,Overall,Overall,36,11,48,-0.5,-0.523446,0.361362,974,18,
2,315,Overall,Overall,36,8,48,-1.5,-1.493478,0.496778,925,25,
2,316,Overall,Overall,36,3,48,-3.0,-4.222866,1.299026,789,65,
2,317,Overall,Overall,36,21,48,1.0,0.628414,0.302186,1031,15,
2,318,Overall,Overall,36,25,48,0.5,0.946579,0.301842,1047,15,
2,319,Overall,Overall,36,12,48,0.0,-0.587086,0.367804,971,18,
2,320,Overall,Overall,36,31,48,2.0,1.966527,0.320765,1098,16,
2,321,Overall,Overall,36,10,48,-0.5,-0.707813,0.380328,965,19,
2,322,Overall,Overall,36,10,48,-1.0,-0.750008,0.385244,962,19,
2,323,Overall,Overall,36,19,48,1.0,1.193527,0.309759,1060,15,
2,324,Overall,Overall,36,30,48,2.0,1.884249,0.318218,1094,16,
2,325,Overall,Overall,36,34,48,2.5,2.64093,0.367398,1132,18,
2,326,Overall,Overall,36,22,48,0.0,0.559636,0.304529,1028,15,
2,327,Overall,Overall,36,30,48,2.0,1.800349,0.311781,1090,16,
2,328,Overall,Overall,36,17,48,0.0,-0.067549,0.327239,997,16,
2,329,Overall,Overall,36,10,48,-1.5,-0.975932,0.412851,951,21,
2,330,Overall,Overall,36,38,48,2.5,3.033991,0.410418,1152,21,
2,331,Overall,Overall,36,7,48,-2.0,-1.912921,0.573079,904,29,
2,332,Overall,Overall,36,6,48,-1.0,-1.168475,0.440016,942,22,
2,333,Overall,Overall,36,8,48,-1.0,-0.974192,0.412649,951,21,
2,334,Overall,Overall,36,24,48,1.5,1.337488,0.297523,1067,15,
2,335,Overall,Overall,36,36,48,2.0,2.23797,0.34311,1112,17,
2,336,Overall,Overall,36,16,48,0.0,0.485621,0.313017,1024,16,
2,337,Overall,Overall,36,35,48,3.0,2.893766,0.391659,1145,20,
2,338,Overall,Overall,36,23,48,1.0,1.000455,0.297774,1050,15,
2,339,Overall,Overall,36,39,48,3.0,3.369959,0.45566,1168,23,
2,340,Overall,Overall,36,34,48,2.5,2.710328,0.374536,1136,19,
2,341,Overall,Overall,36,38,48,3.0,2.963517,0.401645,1148,20,
2,342,Overall,Overall,36,4,48,-2.0,-2.564252,0.718861,872,36,
2,343,Overall,Overall,36,35,48,2.0,2.260426,0.336977,1113,17,
2,344,Overall,Overall,36,12,48,0.0,-0.207381,0.335,990,17,
2,345,Overall,Overall,36,25,48,1.0,1.286889,0.297789,1064,15,
2,346,Overall,Overall,36,9,48,-1.0,-0.592801,0.371618,970,19,
2,347,Overall,Overall,36,7,48,-1.5,-1.780522,0.549678,911,27,
2,348,Overall,Overall,36,36,48,2.5,2.41816,0.350864,1121,18,
2,349,Overall,Overall,36,7,48,-1.0,-1.055878,0.423824,947,21,
2,350,Overall,Overall,36,7,48,-1.5,-1.743954,0.54119,913,27,
2,351,Overall,Overall,36,37,48,3.0,2.599914,0.368748,1130,18,
2,352,Overall,Overall,36,18,48,0.5,0.476628,0.304695,1024,15,
2,353,Overall,Overall,36,6,48,-1.5,-1.625149,0.519105,919,26,
2,354,Overall,Overall,36,6,48,-2.0,-1.498692,0.497388,925,25,
2,355,Overall,Overall,36,5,48,-3.0,-2.319414,0.66047,884,33,
2,356,Overall,Overall,36,27,48,1.5,1.788121,0.311883,1089,16,
2,357,Overall,Overall,36,2,48,-2.0,-3.540212,1.005546,823,50,
2,358,Overall,Overall,36,26,48,1.0,1.136268,0.296926,1057,15,
2,359,Overall,Overall,36,31,48,2.5,2.313401,0.341073,1116,17,
2,360,Overall,Overall,36,35,48,3.0,2.777228,0.384881,1139,19,
2,361,Overall,Overall,36,5,48,-2.5,-2.996903,0.84624,850,42,
2,362,Overall,Overall,36,4,48,-2.0,-2.840286,0.80265,858,40,
2,363,Overall,Overall,36,28,48,1.5,1.770936,0.308928,1089,15,
2,364,Overall,Overall,36,39,48,3.0,3.410213,0.455876,1171,23,
2,365,Overall,Overall,36,14,48,0.0,-0.098283,0.327875,995,16,
2,366,Overall,Overall,36,3,48,-2.5,-2.933233,0.827674,853,41,
2,367,Overall,Overall,36,14,48,-0.5,-0.083344,0.326845,996,16,
2,368,Overall,Overall,36,9,48,-2.0,-1.147289,0.443642,943,22,
2,369,Overall,Overall,36,6,48,-1.5,-1.828908,0.556828,909,28,
2,370,Overall,Overall,36,8,48,-1.0,-1.291935,0.459574,935,23,
2,371,Overall,Overall,36,9,48,-1.0,-1.137629,0.435432,943,22,
2,372,Overall,Overall,36,24,48,1.5,1.191878,0.298282,1060,15,
2,373,Overall,Overall,36,5,48,-1.0,-1.645243,0.520722,918,26,
2,374,Overall,Overall,36,15,48,0.0,0.286301,0.311469,1014,16,
2,375,Overall,Overall,36,11,48,0.0,-0.755759,0.385883,962,19,
2,376,Overall,Overall,36,4,48,-1.5,-2.499561,0.703756,875,35,
2,377,Overall,Overall,36,28,48,2.5,1.889984,0.315282,1094,16,
2,378,Overall,Overall,36,11,48,-1.0,-0.832734,0.394579,958,20,
2,379,Overall,Overall,36,27,48,2.0,1.634928,0.304487,1082,15,
2,380,Overall,Overall,36,35,48,2.5,2.893957,0.394373,1145,20,
2,381,Overall,Overall,36,3,48,-2.0,-2.731686,0.763909,863,38,
2,382,Overall,Overall,36,3,48,-3.0,-4.5101,1.425254,774,71,
2,383,Overall,Overall,36,28,48,1.5,1.751704,0.308192,1088,15,
2,384,Overall,Overall,36,29,48,1.5,1.570232,0.302025,1079,15,
2,385,Overall,Overall,36,31,48,2.0,1.811039,0.311274,1091,16,
2,386,Overall,Overall,36,14,48,-0.5,-0.380436,0.348723,981,17,
2,387,Overall,Overall,36,18,48,0.0,0.39173,0.306395,1020,15,
2,388,Overall,Overall,36,17,48,0.0,0.322187,0.309057,1016,15,
2,389,Overall,Overall,36,30,48,2.0,2.081349,0.325925,1104,16,
2,390,Overall,Overall,36,36,48,2.5,3.019941,0.405904,1151,20,
2,391,Overall,Overall,36,10,48,-0.5,-0.835309,0.394986,958,20,
2,392,Overall,Overall,36,2,48,-2.0,-4.587478,1.460344,771,73,
2,393,Overall,Overall,36,26,48,2.0,1.514181,0.299948,1076,15,
2,394,Overall,Overall,36,10,48,-1.0,-0.635019,0.373136,968,19,
2,395,Overall,Overall,36,10,48,-0.5,-0.77973,0.389137,961,19,
2,396,Overall,Overall,36,6,48,-2.5,-2.20585,0.635241,890,32,
2,397,Overall,Overall,36,12,48,-1.0,-0.822907,0.394234,959,20,
2,398,Overall,Overall,36,35,48,3.0,2.798438,0.388494,1140,19,
2,399,Overall,Overall,36,12,48,-1.0,-0.494418,0.35795,975,18,
2,400,Overall,Overall,36,35,48,3.0,3.027301,0.409591,1151,20,
2,401,Overall,Overall,36,14,48,0.0,-0.341915,0.345784,983,17,
2,402,Overall,Overall,36,38,48,2.5,3.050942,0.412361,1153,21,
2,403,Overall,Overall,36,9,48,-0.5,-0.913688,0.404672,954,20,
2,404,Overall,Overall,36,26,48,1.0,1.135682,0.304371,1057,15,
2,405,Overall,Overall,36,26,48,1.5,1.196029,0.305519,1060,15,
2,406,Overall,Overall,36,7,48,-1.0,-1.66484,0.529604,917,26,
2,407,Overall,Overall,36,22,48,0.5,0.641377,0.30279,1032,15,
2,408,Overall,Overall,36,17,48,0.0,0.486803,0.304741,1024,15,
2,409,Overall,Overall,36,31,48,3.0,3.141492,0.444516,1157,22,
2,410,Overall,Overall,36,21,48,1.0,0.598257,0.306557,1030,15,
2,411,Overall,Overall,36,26,48,1.5,1.789845,0.317932,1089,16,
2,412,Overall,Overall,36,37,48,3.0,3.678732,0.505505,1184,25,
2,413,Overall,Overall,36,8,48,0.0,-0.978382,0.413155,951,21,
2,414,Overall,Overall,36,25,48,1.5,1.182819,0.296944,1059,15,
2,415,Overall,Overall,36,8,48,-1.0,-1.02354,0.420143,949,21,
2,416,Overall,Overall,36,27,48,1.5,1.115609,0.307064,1056,15,
2,417,Overall,Overall,36,11,48,-0.5,-0.732197,0.382791,963,19,
2,418,Overall,Overall,36,39,48,2.5,3.62451,0.493202,1181,25,
2,419,Overall,Overall,36,7,48,-1.5,-1.149673,0.439146,943,22,
2,420,Overall,Overall,36,19,48,0.5,0.648569,0.301468,1032,15,
2,421,Overall,Overall,36,5,48,-3.0,-2.765025,0.779049,862,39,
2,422,Overall,Overall,36,38,48,2.5,3.198244,0.430342,1160,22,
2,423,Overall,Overall,36,24,48,1.0,1.355361,0.300959,1068,15,
2,424,Overall,Overall,36,9,48,-1.0,-0.718552,0.381563,964,19,
2,425,Overall,Overall,36,3,48,-2.0,-3.038364,0.847491,848,42,
2,426,Overall,Overall,36,35,48,2.5,2.287335,0.341382,1114,17,
2,427,Overall,Overall,36,13,48,-0.5,-0.263032,0.339268,987,17,
2,428,Overall,Overall,36,6,48,-2.0,-1.90321,0.5713,905,29,
2,429,Overall,Overall,36,27,48,1.0,1.158912,0.306367,1058,15,
2,430,Overall,Overall,36,20,48,0.5,0.615275,0.304359,1031,15,
2,431,Overall,Overall,36,25,48,1.5,1.26303,0.297518,1063,15,
2,432,Overall,Overall,36,27,48,1.5,1.386785,0.298121,1069,15,
2,433,Overall,Overall,36,22,48,1.0,1.114875,0.297211,1056,15,
2,434,Overall,Overall,36,6,48,-2.0,-2.196371,0.63217,890,32,
2,435,Overall,Overall,36,38,48,2.5,3.198864,0.433189,1160,22,
2,436,Overall,Overall,36,11,48,-0.5,-0.625834,0.374359,969,19,
2,437,Overall,Overall,36,12,48,-0.5,-0.381735,0.348996,981,17,
2,438,Overall,Overall,36,6,48,-2.5,-1.936357,0.57725,903,29,
2,439,Overall,Overall,36,27,48,1.5,1.413571,0.298508,1071,15,
2,440,Overall,Overall,36,11,48,0.0,-0.389537,0.349616,981,17,
2,441,Overall,Overall,36,23,48,1.0,0.964399,0.297806,1048,15,
2,442,Overall,Overall,36,34,48,2.0,2.294522,0.345856,1115,17,
2,443,Overall,Overall,36,9,48,-2.0,-1.213795,0.448477,939,22,
2,444,Overall,Overall,36,33,48,2.5,2.634791,0.366844,1132,18,
2,445,Overall,Overall,36,28,48,1.0,1.455427,0.299966,1073,15,
2,446,Overall,Overall,36,5,48,-3.0,-2.490479,0.70509,875,35,
2,447,Overall,Overall,36,19,48,0.5,0.425582,0.306544,1021,15,
2,448,Overall,Overall,36,15,48,-0.5,0.015572,0.321252,1001,16,
2,449,Overall,Overall,36,29,48,2.5,2.075992,0.325961,1104,16,
2,450,Overall,Overall,36,5,48,-2.0,-2.186292,0.631824,891,32,
2,451,Overall,Overall,36,23,48,1.0,1.102303,0.296714,1055,15,
2,452,Overall,Overall,36,1,48,-3.0,-5.0,1.714847,750,86,
2,453,Overall,Overall,36,5,48,-1.5,-2.194103,0.63267,890,32,
2,454,Overall,Overall,36,28,48,2.0,2.031766,0.325496,1102,16,
2,455,Overall,Overall,36,19,48,0.5,0.284694,0.311312,1014,16,
2,456,Overall,Overall,36,28,48,2.0,1.969097,0.320104,1098,16,
2,457,Overall,Overall,36,20,48,0.5,0.949946,0.298931,1047,15,
2,458,Overall,Overall,36,8,48,-2.5,-1.452669,0.491306,927,25,
2,459,Overall,Overall,36,3,48,-2.5,-3.962385,1.192024,802,60,
2,460,Overall,Overall,36,4,48,-2.0,-2.385249,0.679277,881,34,
2,461,Overall,Overall,36,7,48,-1.0,-1.24637,0.454362,938,23,
2,462,Overall,Overall,36,39,48,3.0,3.542184,0.478125,1177,24,
2,463,Overall,Overall,36,21,48,1.0,0.683961,0.301979,1034,15,
2,464,Overall,Overall,36,18,48,0.5,0.006206,0.323444,1000,16,
2,465,Overall,Overall,36,6,48,-1.5,-2.56761,0.719361,872,36,
2,466,Overall,Overall,36,30,48,1.5,1.625749,0.305312,1081,15,
2,467,Overall,Overall,36,7,48,-2.0,-1.344741,0.46797,933,23,
2,468,Overall,Overall,36,18,48,1.0,0.54688,0.315148,1027,16,
2,469,Overall,Overall,36,29,48,2.0,2.136411,0.330888,1107,17,
2,470,Overall,Overall,36,4,48,-2.0,-2.876247,0.802463,856,40,
2,471,Overall,Overall,36,2,48,-3.0,-3.266407,0.925432,837,46,
2,472,Overall,Overall,36,24,48,0.5,0.913943,0.298186,1046,15,
2,473,Overall,Overall,36,36,48,2.5,3.354517,0.459474,1168,23,
2,474,Overall,Overall,36,3,48,-3.0,-3.21758,0.926581,839,46,
2,475,Overall,Overall,36,28,48,2.0,1.988509,0.321992,1099,16,
2,476,Overall,Overall,36,13,48,0.0,-0.345033,0.345902,983,17,
2,477,Overall,Overall,36,14,48,-1.0,-0.254188,0.35018,987,18,
2,478,Overall,Overall,36,14,48,0.5,-0.191838,0.335151,990,17,
2,479,Overall,Overall,36,7,48,-1.0,-1.578865,0.507525,921,25,
2,480,Overall,Overall,36,6,48,-1.0,-1.858908,0.563033,907,28,
2,481,Overall,Overall,36,5,48,-3.0,-2.273358,0.655703,886,33,
2,482,Overall,Overall,36,2,48,-2.0,-4.823397,1.572011,759,79,
2,483,Overall,Overall,36,30,48,2.5,2.452118,0.368788,1123,18,
2,484,Overall,Overall,36,7,48,-3.0,-1.937541,0.58061,903,29,
2,485,Overall,Overall,36,17,48,0.0,0.460869,0.304587,1023,15,
2,486,Overall,Overall,36,3,48,-1.5,-2.624947,0.735593,869,37,
2,487,Overall,Overall,36,30,48,1.5,1.493053,0.300896,1075,15,
2,488,Overall,Overall,36,14,48,0.5,-0.366229,0.347822,982,17,
2,489,Overall,Overall,36,8,48,-1.5,-1.581062,0.511402,921,26,
2,490,Overall,Overall,36,25,48,0.5,0.864009,0.300917,1043,15,
2,491,Overall,Overall,36,26,48,2.0,1.603573,0.303924,1080,15,
2,492,Overall,Overall,36,4,48,-3.0,-2.471192,0.696961,876,35,
2,493,Overall,Overall,36,8,48,-1.0,-1.400565,0.476944,930,24,
2,494,Overall,Overall,36,25,48,1.5,1.280926,0.297222,1064,15,
2,495,Overall,Overall,36,29,48,1.5,1.849809,0.316709,1092,16,
2,496,Overall,Overall,36,11,48,-0.5,-0.677722,0.376798,966,19,
2,497,Overall,Overall,36,33,48,2.5,2.772619,0.380653,1139,19,
2,498,Overall,Overall,36,35,48,2.5,2.672234,0.373121,1134,19,
2,499,Overall,Overall,36,18,48,0.0,0.370674,0.307357,1019,15,
2,500,Overall,Overall,36,29,48,1.5,1.28326,0.299102,1064,15,
2,501,Overall,Overall,36,32,48,2.5,2.425687,0.351007,1121,18,
2,502,Overall,Overall,36,20,48,0.0,0.706171,0.302775,1035,15,
2,503,Overall,Overall,36,5,48,-1.5,-2.245366,0.645125,888,32,
2,504,Overall,Overall,36,20,48,1.0,0.857324,0.299882,1043,15,
2,505,Overall,Overall,36,1,48,-3.0,-4.981871,1.624909,751,81,
2,506,Overall,Overall,36,3,48,-2.0,-2.841794,0.800701,858,40,
2,507,Overall,Overall,36,26,48,2.0,1.358873,0.304285,1068,15,
2,508,Overall,Overall,36,19,48,0.0,0.174283,0.314093,1009,16,
2,509,Overall,Overall,36,32,48,2.0,1.942924,0.320724,1097,16,
2,510,Overall,Overall,36,39,48,3.0,3.475499,0.471445,1174,24,
2,511,Overall,Overall,36,13,48,-0.5,-0.621532,0.371117,969,19,
2,512,Overall,Overall,36,23,48,1.5,1.676931,0.316416,1084,16,
2,513,Overall,Overall,36,3,48,-2.5,-3.977001,1.195432,801,60,
2,514,Overall,Overall,36,14,48,0.0,0.048214,0.319539,1002,16,
2,515,Overall,Overall,36,18,48,0.0,0.257159,0.317372,1013,16,
2,516,Overall,Overall,36,2,48,-3.0,-3.684288,1.057775,816,53,
2,517,Overall,Overall,36,4,48,-2.5,-3.266766,0.925423,837,46,
2,518,Overall,Overall,36,38,48,3.0,3.304142,0.450569,1165,23,
2,519,Overall,Overall,36,27,48,2.0,1.782978,0.318567,1089,16,
2,520,Overall,Overall,36,1,48,-2.0,-5.0,1.659497,750,83,
2,521,Overall,Overall,36,35,48,3.0,2.615697,0.362011,1131,18,
2,522,Overall,Overall,36,8,48,-2.0,-2.107967,0.615415,895,31,
2,523,Overall,Overall,36,3,48,-2.5,-2.901496,0.811835,855,41,
2,524,Overall,Overall,36,23,48,1.0,0.914468,0.299278,1046,15,
2,525,Overall,Overall,36,11,48,-0.5,-1.000022,0.416382,950,21,
2,526,Overall,Overall,36,22,48,1.0,0.790649,0.30073,1040,15,
2,527,Overall,Overall,36,5,48,-3.0,-2.666807,0.751516,867,38,
2,528,Overall,Overall,36,11,48,-0.5,-0.509106,0.371833,975,19,
2,529,Overall,Overall,36,13,48,0.5,-0.046991,0.324546,998,16,
2,530,Overall,Overall,36,32,48,2.5,2.098475,0.327527,1105,16,
2,531,Overall,Overall,36,20,48,0.5,0.517782,0.303371,1026,15,
2,532,Overall,Overall,36,5,48,-2.5,-2.256226,0.647473,887,32,
2,533,Overall,Overall,36,28,48,2.0,2.018333,0.324839,1101,16,
2,534,Overall,Overall,36,3,48,-2.5,-3.418392,0.98486,829,49,
2,535,Overall,Overall,36,1,48,-3.0,-4.308851,1.352424,785,68,
2,536,Overall,Overall,36,5,48,-2.5,-2.247278,0.643892,888,32,
2,537,Overall,Overall,36,32,48,2.5,2.062536,0.321971,1103,16,
2,538,Overall,Overall,36,7,48,-0.5,-1.014412,0.427186,949,21,
2,539,Overall,Overall,36,39,48,2.5,3.129863,0.422577,1156,21,
2,540,Overall,Overall,36,31,48,2.0,1.697542,0.306253,1085,15,
2,541,Overall,Overall,36,28,48,2.5,1.754024,0.308576,1088,15,
2,542,Overall,Overall,36,27,48,2.0,2.055057,0.325977,1103,16,
2,543,Overall,Overall,36,16,48,0.0,0.434641,0.309195,1022,15,
2,544,Overall,Overall,36,5,48,-1.0,-2.143811,0.624047,893,31,
2,545,Overall,Overall,36,7,48,-0.5,-1.516652,0.497213,924,25,
2,546,Overall,Overall,36,9,48,-1.5,-0.822045,0.399578,959,20,
2,547,Overall,Overall,36,17,48,0.5,0.312366,0.30933,1016,15,
2,548,Overall,Overall,36,28,48,2.0,2.022187,0.323668,1101,16,
2,549,Overall,Overall,36,4,48,-2.0,-2.081001,0.613822,896,31,
2,550,Overall,Overall,36,12,48,-0.5,-0.459875,0.355483,977,18,
2,551,Overall,Overall,36,9,48,-1.0,-1.24525,0.457512,938,23,
2,552,Overall,Overall,36,34,48,2.5,2.646931,0.368364,1132,18,
2,553,Overall,Overall,36,3,48,-3.0,-3.492327,1.000148,825,50,
2,554,Overall,Overall,36,24,48,1.5,1.289548,0.296646,1064,15,
2,555,Overall,Overall,36,21,48,0.5,0.39454,0.310371,1020,16,
2,556,Overall,Overall,36,6,48,-1.0,-1.705942,0.532846,915,27,
2,557,Overall,Overall,36,21,48,1.0,0.911671,0.30081,1046,15,
2,558,Overall,Overall,36,15,48,0.0,-0.143913,0.331953,993,17,
2,559,Overall,Overall,36,21,48,1.0,1.065445,0.29706,1053,15,
2,560,Overall,Overall,36,37,48,2.5,2.973656,0.400712,1149,20,
2,561,Overall,Overall,36,3,48,-2.0,-3.521202,1.021063,824,51,
2,562,Overall,Overall,36,4,48,-2.0,-2.228706,0.639385,889,32,
2,563,Overall,Overall,36,11,48,-1.5,-1.158775,0.439018,942,22,
2,564,Overall,Overall,36,36,48,3.0,2.966181,0.401537,1148,20,
2,565,Overall,Overall,36,15,48,-0.5,-0.451449,0.354892,977,18,
2,566,Overall,Overall,36,20,48,0.5,0.530857,0.306417,1027,15,
2,567,Overall,Overall,36,7,48,-2.0,-2.075352,0.607648,896,30,
2,568,Overall,Overall,36,8,48,-1.0,-1.541381,0.501736,923,25,
2,569,Overall,Overall,36,7,48,-2.0,-1.445602,0.484926,928,24,
2,570,Overall,Overall,36,4,48,-3.0,-2.756452,0.763144,862,38,
2,571,Overall,Overall,36,35,48,3.0,3.434641,0.477899,1172,24,
2,572,Overall,Overall,36,27,48,1.5,1.222731,0.297222,1061,15,
2,573,Overall,Overall,36,8,48,-1.5,-1.110863,0.4326,944,22,
2,574,Overall,Overall,36,28,48,1.5,1.433663,0.300271,1072,15,
2,575,Overall,Overall,36,14,48,0.0,-0.175858,0.333247,991,17,
2,576,Overall,Overall,36,6,48,-1.5,-2.049728,0.602415,898,30,
2,577,Overall,Overall,36,9,48,-1.0,-0.689084,0.381031,966,19,
2,578,Overall,Overall,36,18,48,0.5,0.538689,0.307489,1027,15,
2,579,Overall,Overall,36,8,48,-1.5,-1.232823,0.449918,938,22,
2,580,Overall,Overall,36,6,48,-1.5,-1.467084,0.489072,927,24,
2,581,Overall,Overall,36,24,48,1.5,1.241011,0.296897,1062,15,
2,582,Overall,Overall,36,5,48,-3.0,-2.584936,0.725272,871,36,
2,583,Overall,Overall,36,32,48,3.0,2.936732,0.411367,1147,21,
2,584,Overall,Overall,36,25,48,1.5,1.318049,0.301617,1066,15,
2,585,Overall,Overall,36,11,48,-0.5,-0.329426,0.344583,984,17,
2,586,Overall,Overall,36,8,48,-2.0,-1.756633,0.543614,912,27,
2,587,Overall,Overall,36,20,48,0.5,0.649468,0.304396,1032,15,
2,588,Overall,Overall,36,18,48,0.0,0.003787,0.323908,1000,16,
2,589,Overall,Overall,36,5,48,-2.0,-2.260645,0.64837,887,32,
2,590,Overall,Overall,36,4,48,-2.0,-2.325984,0.663509,884,33,
2,591,Overall,Overall,36,37,48,3.0,2.774364,0.384483,1139,19,
2,592,Overall,Overall,36,12,48,-1.0,-0.433279,0.353369,978,18,
2,593,Overall,Overall,36,9,48,-1.0,-0.578206,0.371378,971,19,
2,594,Overall,Overall,36,9,48,-1.0,-0.990833,0.414852,950,21,
2,595,Overall,Overall,36,39,48,3.0,3.314534,0.447721,1166,22,
2,596,Overall,Overall,36,11,48,0.0,-0.528484,0.361611,974,18,
2,597,Overall,Overall,36,8,48,-2.0,-1.898476,0.569648,905,28,
2,598,Overall,Overall,36,19,48,0.5,0.284731,0.3134,1014,16,
2,599,Overall,Overall,36,10,48,-1.5,-1.168665,0.446994,942,22,
2,600,Overall,Overall,36,25,48,1.0,1.107161,0.29794,1055,15,
2,601,Overall,Overall,36,19,48,0.0,0.547788,0.308297,1027,15,
2,602,Overall,Overall,36,3,48,-2.5,-4.193348,1.284807,790,64,
2,603,Overall,Overall,36,27,48,1.5,1.341209,0.298088,1067,15,
2,604,Overall,Overall,36,12,48,-0.5,-0.442666,0.354192,978,18,
2,605,Overall,Overall,36,4,48,-3.0,-3.135285,0.876786,843,44,
2,606,Overall,Overall,36,30,48,2.0,1.771739,0.311536,1089,16,
2,607,Overall,Overall,36,15,48,0.5,0.152969,0.314763,1008,16,
2,608,Overall,Overall,36,15,48,0.0,0.044331,0.319738,1002,16,
2,609,Overall,Overall,36,17,48,0.0,0.444463,0.310827,1022,16,
2,610,Overall,Overall,36,22,48,0.5,0.772533,0.302096,1039,15,
2,611,Overall,Overall,36,9,48,-0.5,-0.973524,0.41373,951,21,
2,612,Overall,Overall,36,6,48,-2.5,-2.039223,0.603816,898,30,
2,613,Overall,Overall,36,5,48,-2.5,-2.367608,0.672163,882,34,
2,614,Overall,Overall,36,3,48,-2.5,-3.933841,1.151364,803,58,
2,615,Overall,Overall,36,23,48,1.5,1.263241,0.297044,1063,15,
2,616,Overall,Overall,36,2,48,-2.5,-3.384312,0.962363,831,48,
2,617,Overall,Overall,36,6,48,-2.5,-2.013318,0.598641,899,30,
2,618,Overall,Overall,36,6,48,-2.0,-2.513073,0.706499,874,35,
2,619,Overall,Overall,36,13,48,-0.5,-0.556271,0.364618,972,18,
2,620,Overall,Overall,36,8,48,0.0,-1.016019,0.418529,949,21,
2,621,Overall,Overall,36,26,48,1.5,1.60379,0.307237,1080,15,
2,622,Overall,Overall,36,27,48,1.5,1.709977,0.307004,1085,15,
2,623,Overall,Overall,36,21,48,0.5,0.973938,0.302453,1049,15,
2,624,Overall,Overall,36,23,48,0.5,0.677039,0.301641,1034,15,
2,625,Overall,Overall,36,8,48,-1.5,-1.247216,0.452187,938,23,
2,626,Overall,Overall,36,4,48,-2.5,-1.898497,0.576852,905,29,
2,627,Overall,Overall,36,5,48,-3.0,-2.230168,0.640523,888,32,
2,628,Overall,Overall,36,26,48,1.5,0.96767,0.301591,1048,15,
2,629,Overall,Overall,36,21,48,1.0,0.961714,0.297841,1048,15,
2,630,Overall,Overall,36,12,48,-1.0,-0.685029,0.377844,966,19,
2,631,Overall,Overall,36,20,48,0.5,0.482383,0.304323,1024,15,
2,632,Overall,Overall,36,14,48,0.0,0.291608,0.320909,1015,16,
2,633,Overall,Overall,36,1,48,-1.5,-5.0,1.659497,750,83,
2,634,Overall,Overall,36,20,48,1.0,0.60679,0.301944,1030,15,
2,635,Overall,Overall,36,35,48,2.5,2.800803,0.380618,1140,19,
2,636,Overall,Overall,36,3,48,-1.5,-2.622255,0.739893,869,37,
2,637,Overall,Overall,36,7,48,-1.5,-2.0064,0.592784,900,30,
2,638,Overall,Overall,36,4,48,-2.5,-2.513874,0.714862,874,36,
2,639,Overall,Overall,36,35,48,2.5,2.639528,0.373954,1132,19,
2,640,Overall,Overall,36,9,48,-0.5,-1.072281,0.433481,946,22,
2,641,Overall,Overall,36,11,48,-1.0,-0.869851,0.408237,957,20,
2,642,Overall,Overall,36,19,48,0.5,0.501297,0.304062,1025,15,
2,643,Overall,Overall,36,33,48,2.5,2.514728,0.356658,1126,18,
2,644,Overall,Overall,36,13,48,-1.0,-0.168332,0.332859,992,17,
2,645,Overall,Overall,36,26,48,2.0,1.43237,0.297682,1072,15,
2,646,Overall,Overall,36,8,48,-2.0,-0.974742,0.413691,951,21,
2,647,Overall,Overall,36,10,48,-2.0,-0.964169,0.412246,952,21,
2,648,Overall,Overall,36,31,48,2.0,2.468833,0.353301,1123,18,
2,649,Overall,Overall,36,30,48,1.5,1.993694,0.323271,1100,16,
2,650,Overall,Overall,36,27,48,1.5,1.467018,0.299451,1073,15,
2,651,Overall,Overall,36,15,48,0.5,-0.035153,0.323546,998,16,
2,652,Overall,Overall,36,22,48,1.0,0.730338,0.300806,1037,15,
2,653,Overall,Overall,36,8,48,-1.5,-1.313425,0.46266,934,23,
2,654,Overall,Overall,36,29,48,1.0,1.681677,0.308394,1084,15,
2,655,Overall,Overall,36,4,48,-3.0,-3.253321,0.939144,837,47,
2,656,Overall,Overall,36,30,48,3.0,2.408997,0.349126,1120,17,
2,657,Overall,Overall,36,19,48,0.0,0.540255,0.305662,1027,15,
2,658,Overall,Overall,36,6,48,-1.5,-1.396357,0.476462,930,24,
2,659,Overall,Overall,36,39,48,3.0,3.466287,0.464889,1173,23,
2,660,Overall,Overall,36,28,48,1.5,2.073597,0.326868,1104,16,
2,661,Overall,Overall,36,34,48,2.0,2.127556,0.3305,1106,17,
2,662,Overall,Overall,36,2,48,-3.0,-3.383906,0.952021,831,48,
2,663,Overall,Overall,36,6,48,-1.5,-1.696761,0.530203,915,27,
2,664,Overall,Overall,36,7,48,-2.0,-1.362655,0.470351,932,24,
2,665,Overall,Overall,36,5,48,-3.0,-2.024663,0.595863,899,30,
2,666,Overall,Overall,36,35,48,2.0,2.340208,0.355359,1117,18,
2,667,Overall,Overall,36,8,48,-2.0,-1.266583,0.455179,937,23,
2,668,Overall,Overall,36,19,48,0.5,0.728261,0.302882,1036,15,
2,669,Overall,Overall,36,22,48,1.0,1.111739,0.300255,1056,15,
2,670,Overall,Overall,36,35,48,2.5,2.371702,0.346929,1119,17,
2,671,Overall,Overall,36,9,48,-1.0,-0.976596,0.412764,951,21,
2,672,Overall,Overall,36,13,48,0.0,0.102091,0.326263,1005,16,
2,673,Overall,Overall,36,12,48,-1.0,-0.533002,0.375048,973,19,
2,674,Overall,Overall,36,12,48,0.5,-0.177394,0.333946,991,17,
2,675,Overall,Overall,36,15,48,0.0,0.206935,0.312739,1010,16,
2,676,Overall,Overall,36,24,48,0.5,0.91056,0.301088,1046,15,
2,677,Overall,Overall,36,0,48,-3.0,-5.0,1.714847,750,86,
2,678,Overall,Overall,36,4,48,-2.5,-2.581397,0.728642,871,36,
2,679,Overall,Overall,36,13,48,-0.5,-0.441077,0.353791,978,18,
2,680,Overall,Overall,36,4,48,-2.5,-2.733426,0.762184,863,38,
2,681,Overall,Overall,36,28,48,1.5,1.82239,0.315004,1091,16,
2,682,Overall,Overall,36,25,48,1.0,1.090583,0.303403,1055,15,
2,683,Overall,Overall,36,39,48,3.0,2.930545,0.407763,1147,20,
2,684,Overall,Overall,36,36,48,3.0,3.595869,0.491236,1180,25,
2,685,Overall,Overall,36,17,48,1.0,0.240217,0.313123,1012,16,
2,686,Overall,Overall,36,6,48,-1.5,-2.027702,0.597882,899,30,
2,687,Overall,Overall,36,3,48,-3.0,-2.760272,0.787294,862,39,
2,688,Overall,Overall,36,22,48,0.5,0.794555,0.301991,1040,15,
2,689,Overall,Overall,36,34,48,3.0,2.681327,0.377393,1134,19,
2,690,Overall,Overall,36,35,48,2.5,2.537696,0.364304,1127,18,
2,691,Overall,Overall,36,19,48,0.5,0.628803,0.304405,1031,15,
2,692,Overall,Overall,36,6,48,-3.0,-1.925124,0.575471,904,29,
2,693,Overall,Overall,36,11,48,-1.0,-0.688642,0.379172,966,19,
2,694,Overall,Overall,36,31,48,2.0,1.580323,0.302275,1079,15,
2,695,Overall,Overall,36,1,48,-3.0,-4.308851,1.352424,785,68,
2,696,Overall,Overall,36,4,48,-3.0,-2.6971,0.754608,865,38,
2,697,Overall,Overall,36,11,48,-1.0,-0.716576,0.3815,964,19,
2,698,Overall,Overall,36,6,48,-1.5,-1.830287,0.559809,908,28,
2,699,Overall,Overall,36,18,48,0.0,0.390897,0.30655,1020,15,
2,700,Overall,Overall,36,12,48,-2.0,-0.99312,0.4235,950,21,
2,701,Overall,Overall,36,24,48,0.5,1.233604,0.296954,1062,15,
2,702,Overall,Overall,36,33,48,2.5,2.14668,0.330529,1107,17,
2,703,Overall,Overall,36,2,48,-2.5,-3.857457,1.147448,807,57,
2,704,Overall,Overall,36,18,48,0.5,0.497968,0.304128,1025,15,
2,705,Overall,Overall,36,8,48,-1.5,-1.066003,0.425126,947,21,
2,706,Overall,Overall,36,20,48,1.0,0.762842,0.302282,1038,15,
2,707,Overall,Overall,36,36,48,2.5,2.638105,0.364115,1132,18,
2,708,Overall,Overall,36,10,48,-1.5,-1.582233,0.513269,921,26,
2,709,Overall,Overall,36,24,48,2.0,1.388594,0.299691,1069,15,
2,710,Overall,Overall,36,27,48,1.5,1.81525,0.316302,1091,16,
2,711,Overall,Overall,36,27,48,2.0,1.357071,0.298764,1068,15,
2,712,Overall,Overall,36,11,48,-1.5,-1.035646,0.421711,948,21,
2,713,Overall,Overall,36,13,48,0.0,0.119026,0.32648,1006,16,
2,714,Overall,Overall,36,11,48,-0.5,-0.961236,0.410895,952,21,
2,715,Overall,Overall,36,33,48,3.0,2.708428,0.371658,1135,19,
2,716,Overall,Overall,36,35,48,2.5,3.142118,0.425715,1157,21,
2,717,Overall,Overall,36,38,48,2.5,3.082369,0.419965,1154,21,
2,718,Overall,Overall,36,26,48,2.0,1.506142,0.301126,1075,15,
2,719,Overall,Overall,36,6,48,-2.5,-2.194506,0.634414,890,32,
2,720,Overall,Overall,36,4,48,-3.0,-2.611484,0.732103,869,37,
2,721,Overall,Overall,36,28,48,2.0,2.029343,0.322566,1101,16,
2,722,Overall,Overall,36,16,48,-0.5,-0.122848,0.328654,994,16,
2,723,Overall,Overall,36,7,48,-1.0,-1.464758,0.488001,927,24,
2,724,Overall,Overall,36,4,48,-2.5,-2.462231,0.697269,877,35,
2,725,Overall,Overall,36,33,48,2.0,2.616655,0.362882,1131,18,
2,726,Overall,Overall,36,5,48,-3.0,-2.759484,0.778049,862,39,
2,727,Overall,Overall,36,22,48,0.0,0.585345,0.302236,1029,15,
2,728,Overall,Overall,36,6,48,-1.5,-1.760377,0.544172,912,27,
2,729,Overall,Overall,36,9,48,-0.5,-0.945384,0.408815,953,20,
2,730,Overall,Overall,36,36,48,2.5,2.611514,0.370137,1131,19,
2,731,Overall,Overall,36,37,48,3.0,3.215833,0.429829,1161,21,
2,732,Overall,Overall,36,19,48,0.5,0.335476,0.310387,1017,16,
2,733,Overall,Overall,36,26,48,2.0,1.645829,0.310005,1082,16,
2,734,Overall,Overall,36,12,48,-0.5,-0.584486,0.367569,971,18,
2,735,Overall,Overall,36,6,48,-2.0,-1.416084,0.479564,929,24,
2,736,Overall,Overall,36,36,48,2.5,2.490341,0.352341,1125,18,
2,737,Overall,Overall,36,13,48,-1.0,-0.443639,0.354054,978,18,
2,738,Overall,Overall,36,20,48,1.0,0.882632,0.302949,1044,15,
2,739,Overall,Overall,36,9,48,-2.0,-1.576153,0.511239,921,26,
2,740,Overall,Overall,36,32,48,3.0,2.37312,0.3439,1119,17,
2,741,Overall,Overall,36,4,48,-2.0,-2.845303,0.804816,858,40,
2,742,Overall,Overall,36,33,48,2.0,1.643651,0.310034,1082,16,
2,743,Overall,Overall,36,31,48,2.0,2.378439,0.34345,1119,17,
2,744,Overall,Overall,36,34,48,2.5,2.726082,0.375749,1136,19,
2,745,Overall,Overall,36,31,48,2.5,2.208627,0.334642,1110,17,
2,746,Overall,Overall,36,4,48,-3.0,-2.665009,0.746087,867,37,
2,747,Overall,Overall,36,9,48,-1.5,-0.954626,0.410546,952,21,
2,748,Overall,Overall,36,4,48,-2.5,-2.952658,0.821035,852,41,
2,749,Overall,Overall,36,8,48,-2.5,-1.265113,0.454925,937,23,
2,750,Overall,Overall,36,24,48,1.0,0.838392,0.300819,1042,15,
2,751,Overall,Overall,36,2,48,-2.5,-3.786448,1.0928,811,55,
2,752,Overall,Overall,36,9,48,-1.5,-0.99227,0.415006,950,21,
2,753,Overall,Overall,36,12,48,-0.5,-0.282587,0.341045,986,17,
2,754,Overall,Overall,36,5,48,-2.0,-2.248878,0.64734,888,32,
2,755,Overall,Overall,36,15,48,1.0,0.432948,0.312914,1022,16,
2,756,Overall,Overall,36,19,48,1.0,0.55433,0.302716,1028,15,
2,757,Overall,Overall,36,2,48,-3.0,-4.576851,1.455429,771,73,
2,758,Overall,Overall,36,31,48,2.5,2.355762,0.343864,1118,17,
2,759,Overall,Overall,36,21,48,1.0,0.743391,0.302754,1037,15,
2,760,Overall,Overall,36,31,48,2.0,1.880186,0.315711,1094,16,
2,761,Overall,Overall,36,7,48,-2.0,-1.671799,0.525778,916,26,
2,762,Overall,Overall,36,32,48,2.5,1.936654,0.317324,1097,16,
2,763,Overall,Overall,36,10,48,-0.5,-1.095047,0.429177,945,21,
2,764,Overall,Overall,36,36,48,2.5,2.421308,0.3602,1121,18,
2,765,Overall,Overall,36,24,48,1.5,1.407989,0.303497,1070,15,
2,766,Overall,Overall,36,8,48,-2.0,-1.226064,0.448797,939,22,
2,767,Overall,Overall,36,25,48,0.5,0.917722,0.30114,1046,15,
2,768,Overall,Overall,36,20,48,0.5,0.382974,0.308833,1019,15,
2,769,Overall,Overall,36,24,48,1.0,0.740427,0.30523,1037,15,
2,770,Overall,Overall,36,6,48,-2.0,-1.582804,0.511589,921,26,
2,771,Overall,Overall,36,21,48,0.5,0.857119,0.2995,1043,15,
2,772,Overall,Overall,36,37,48,3.0,2.921601,0.398111,1146,20,
2,773,Overall,Overall,36,14,48,0.5,0.33078,0.318594,1017,16,
2,774,Overall,Overall,36,3,48,-2.5,-3.605639,1.051946,820,53,
2,775,Overall,Overall,36,12,48,-1.0,-0.818451,0.402513,959,20,
2,776,Overall,Overall,36,22,48,0.5,0.831888,0.300746,1042,15,
2,777,Overall,Overall,36,6,48,-3.0,-1.991654,0.590854,900,30,
2,778,Overall,Overall,36,38,48,3.0,3.274258,0.44211,1164,22,
2,779,Overall,Overall,36,19,48,0.5,0.573311,0.30465,1029,15,
2,780,Overall,Overall,36,14,48,0.0,0.16242,0.31649,1008,16,
2,781,Overall,Overall,36,19,48,0.5,0.425922,0.309238,1021,15,
2,782,Overall,Overall,36,7,48,-1.5,-1.938097,0.578029,903,29,
2,783,Overall,Overall,36,10,48,-0.5,-0.597027,0.369444,970,18,
2,784,Overall,Overall,36,19,48,0.0,0.246457,0.312963,1012,16,
2,785,Overall,Overall,36,6,48,-2.0,-1.996952,0.589594,900,29,
2,786,Overall,Overall,36,28,48,2.0,1.854594,0.313966,1093,16,
2,787,Overall,Overall,36,28,48,2.0,1.733468,0.309443,1087,15,
2,788,Overall,Overall,36,5,48,-2.5,-2.388996,0.677117,881,34,
2,789,Overall,Overall,36,4,48,-2.5,-1.757513,0.552533,912,28,
2,790,Overall,Overall,36,8,48,-2.0,-1.842141,0.565289,908,28,
2,791,Overall,Overall,36,32,48,3.0,2.601144,0.368863,1130,18,
2,792,Overall,Overall,36,17,48,0.5,0.425516,0.305466,1021,15,
2,793,Overall,Overall,36,34,48,2.0,2.098047,0.32827,1105,16,
2,794,Overall,Overall,36,37,48,2.5,2.960294,0.404274,1148,20,
2,795,Overall,Overall,36,29,48,1.5,1.460062,0.300127,1073,15,
2,796,Overall,Overall,36,4,48,-1.5,-2.491829,0.705386,875,35,
2,797,Overall,Overall,36,22,48,1.0,0.747021,0.300826,1037,15,
2,798,Overall,Overall,36,12,48,-0.5,-0.381857,0.349006,981,17,
2,799,Overall,Overall,36,13,48,-0.5,-0.543258,0.363527,973,18,
2,800,Overall,Overall,36,12,48,0.0,-0.140673,0.330791,993,17,
2,801,Overall,Overall,36,15,48,0.0,0.107815,0.318758,1005,16,
2,802,Overall,Overall,36,14,48,0.0,-0.048289,0.324879,998,16,
2,803,Overall,Overall,36,19,48,0.0,0.315063,0.309801,1016,15,
2,804,Overall,Overall,36,8,48,-2.5,-1.514185,0.495946,924,25,
2,805,Overall,Overall,36,19,48,1.5,0.792763,0.302867,1040,15,
2,806,Overall,Overall,36,39,48,3.0,3.431545,0.466524,1172,23,
2,807,Overall,Overall,36,30,48,2.0,2.050507,0.324348,1103,16,
2,808,Overall,Overall,36,13,48,0.0,-0.460597,0.354982,977,18,
2,809,Overall,Overall,36,5,48,-2.5,-2.080501,0.60712,896,30,
2,810,Overall,Overall,36,30,48,2.5,1.971207,0.321913,1099,16,
2,811,Overall,Overall,36,21,48,1.5,1.347996,0.31538,1067,16,
2,812,Overall,Overall,36,16,48,0.5,0.249138,0.311354,1012,16,
2,813,Overall,Overall,36,28,48,1.0,1.165523,0.305001,1058,15,
2,814,Overall,Overall,36,6,48,-2.5,-1.828159,0.556739,909,28,
2,815,Overall,Overall,36,8,48,-0.5,-0.975442,0.413444,951,21,
2,816,Overall,Overall,36,35,48,3.0,2.831748,0.38426,1142,19,
2,817,Overall,Overall,36,23,48,1.0,1.304613,0.30434,1065,15,
2,818,Overall,Overall,36,4,48,-3.0,-2.495816,0.706415,875,35,
2,819,Overall,Overall,36,35,48,3.0,2.788553,0.382254,1139,19,
2,820,Overall,Overall,36,11,48,-1.0,-0.986541,0.424973,951,21,
2,821,Overall,Overall,36,8,48,-2.5,-1.416314,0.479603,929,24,
2,822,Overall,Overall,36,30,48,2.5,2.409271,0.347398,1120,17,
2,823,Overall,Overall,36,6,48,-3.0,-2.281816,0.653893,886,33,
2,824,Overall,Overall,36,28,48,1.5,1.673411,0.307941,1084,15,
2,825,Overall,Overall,36,8,48,-0.5,-1.265899,0.460544,937,23,
2,826,Overall,Overall,36,14,48,0.5,0.127625,0.316038,1006,16,
2,827,Overall,Overall,36,11,48,-1.5,-0.595339,0.368712,970,18,
2,828,Overall,Overall,36,33,48,2.5,2.781186,0.38506,1139,19,
2,829,Overall,Overall,36,21,48,1.0,0.556629,0.305667,1028,15,
2,830,Overall,Overall,36,30,48,1.5,1.750605,0.30847,1088,15,
2,831,Overall,Overall,36,13,48,0.0,-0.117305,0.328835,994,16,
2,832,Overall,Overall,36,26,48,1.5,1.803341,0.316467,1090,16,
2,833,Overall,Overall,36,22,48,1.0,0.791365,0.301846,1040,15,
2,834,Overall,Overall,36,26,48,2.0,1.557122,0.300787,1078,15,
2,835,Overall,Overall,36,20,48,0.5,0.371004,0.308687,1019,15,
2,836,Overall,Overall,36,14,48,0.0,-0.211979,0.336418,989,17,
2,837,Overall,Overall,36,1,48,-3.0,-5.0,1.714847,750,86,
2,838,Overall,Overall,36,25,48,1.0,1.288025,0.297117,1064,15,
2,839,Overall,Overall,36,10,48,-0.5,-0.742403,0.384307,963,19,
2,840,Overall,Overall,36,24,48,1.0,1.270036,0.297074,1064,15,
2,841,Overall,Overall,36,15,48,-0.5,0.049617,0.319552,1002,16,
2,842,Overall,Overall,36,12,48,-1.0,-0.38268,0.347812,981,17,
2,843,Overall,Overall,36,8,48,-1.0,-0.959168,0.412049,952,21,
2,844,Overall,Overall,36,11,48,-0.5,-0.767466,0.387328,962,19,
2,845,Overall,Overall,36,29,48,1.5,1.546238,0.30196,1077,15,
2,846,Overall,Overall,36,31,48,2.0,1.848805,0.3137,1092,16,
2,847,Overall,Overall,36,2,48,-3.0,-3.783038,1.118325,811,56,
2,848,Overall,Overall,36,4,48,-3.0,-2.551497,0.72317,872,36,
2,849,Overall,Overall,36,38,48,3.0,3.206956,0.434042,1160,22,
2,850,Overall,Overall,36,11,48,-1.0,-0.564436,0.364911,972,18,
2,851,Overall,Overall,36,27,48,1.5,1.196686,0.297559,1060,15,
2,852,Overall,Overall,36,36,48,3.0,2.897206,0.397014,1145,20,
2,853,Overall,Overall,36,6,48,-1.0,-1.68294,0.533223,916,27,
2,854,Overall,Overall,36,30,48,1.5,1.467833,0.299674,1073,15,
2,855,Overall,Overall,36,30,48,1.5,1.922311,0.317643,1096,16,
2,856,Overall,Overall,36,4,48,-3.0,-3.274879,0.936121,836,47,
2,857,Overall,Overall,36,12,48,-0.5,-0.472877,0.356587,976,18,
2,858,Overall,Overall,36,12,48,-1.0,-0.397928,0.351649,980,18,
2,859,Overall,Overall,36,7,48,-2.0,-1.407192,0.478062,930,24,
2,860,Overall,Overall,36,32,48,1.5,2.274741,0.338638,1114,17,
2,861,Overall,Overall,36,13,48,0.0,-0.283911,0.341185,986,17,
2,862,Overall,Overall,36,33,48,2.5,2.8304,0.405476,1142,20,
2,863,Overall,Overall,36,42,48,3.0,3.703211,0.506252,1185,25,
2,864,Overall,Overall,36,8,48,-1.0,-1.132519,0.434681,943,22,
2,865,Overall,Overall,36,10,48,-1.0,-0.474707,0.357605,976,18,
2,866,Overall,Overall,36,3,48,-2.5,-3.499787,1.02675,825,51,
2,867,Overall,Overall,36,11,48,-0.5,-0.696564,0.378831,965,19,
2,868,Overall,Overall,36,38,48,3.0,3.543019,0.488092,1177,24,
2,869,Overall,Overall,36,23,48,1.0,1.281669,0.297078,1064,15,
2,870,Overall,Overall,36,36,48,2.5,3.068235,0.414601,1153,21,
2,871,Overall,Overall,36,2,48,-2.5,-5.0,1.664234,750,83,
2,872,Overall,Overall,36,21,48,0.5,0.627181,0.303666,1031,15,
2,873,Overall,Overall,36,28,48,1.5,1.788074,0.314011,1089,16,
2,874,Overall,Overall,36,21,48,0.5,0.652476,0.30143,1033,15,
2,875,Overall,Overall,36,29,48,1.5,1.49683,0.301877,1075,15,
2,876,Overall,Overall,36,31,48,2.0,2.377896,0.345709,1119,17,
2,877,Overall,Overall,36,20,48,1.0,0.708591,0.301245,1035,15,
2,878,Overall,Overall,36,18,48,0.5,0.452836,0.306853,1023,15,
2,879,Overall,Overall,36,4,48,-2.0,-2.969698,0.827632,852,41,
2,880,Overall,Overall,36,33,48,2.5,2.456458,0.349789,1123,17,
2,881,Overall,Overall,36,12,48,0.0,-0.052797,0.337003,997,17,
2,882,Overall,Overall,36,32,48,3.0,2.384669,0.346543,1119,17,
2,883,Overall,Overall,36,13,48,0.0,-0.057487,0.325432,997,16,
2,884,Overall,Overall,36,27,48,1.5,1.49541,0.300046,1075,15,
2,885,Overall,Overall,36,31,48,1.5,1.881705,0.314142,1094,16,
2,886,Overall,Overall,36,8,48,-2.0,-1.809904,0.555316,910,28,
2,887,Overall,Overall,36,10,48,-1.0,-0.843441,0.395969,958,20,
2,888,Overall,Overall,36,20,48,0.5,0.323166,0.312056,1016,16,
2,889,Overall,Overall,36,41,48,3.0,3.396966,0.461532,1170,23,
2,890,Overall,Overall,36,18,48,1.0,0.59562,0.30664,1030,15,
2,891,Overall,Overall,36,8,48,-1.0,-1.228507,0.449707,939,22,
2,892,Overall,Overall,36,22,48,0.5,0.808989,0.299879,1040,15,
2,893,Overall,Overall,36,7,48,-1.5,-1.868641,0.567569,907,28,
2,894,Overall,Overall,36,11,48,-0.5,-0.07501,0.332348,996,17,
2,895,Overall,Overall,36,3,48,-3.0,-3.955297,1.189221,802,59,
2,896,Overall,Overall,36,7,48,-1.5,-1.545895,0.502334,923,25,
2,897,Overall,Overall,36,4,48,-2.5,-2.820237,0.785485,859,39,
2,898,Overall,Overall,36,2,48,-2.5,-4.329711,1.343841,784,67,
2,899,Overall,Overall,36,11,48,-1.5,-0.890353,0.403473,955,20,
2,900,Overall,Overall,36,16,48,0.0,0.174461,0.313791,1009,16,
2,901,Overall,Overall,36,26,48,2.0,1.740219,0.315103,1087,16,
2,902,Overall,Overall,36,13,48,0.0,-0.292681,0.3458,985,17,
2,903,Overall,Overall,36,25,48,0.5,0.916673,0.301256,1046,15,
2,904,Overall,Overall,36,12,48,-0.5,-0.372399,0.348403,981,17,
2,905,Overall,Overall,36,5,48,-2.5,-2.464518,0.696479,877,35,
2,906,Overall,Overall,36,31,48,2.0,2.094794,0.324983,1105,16,
2,907,Overall,Overall,36,31,48,2.0,1.83887,0.312361,1092,16,
2,908,Overall,Overall,36,6,48,-2.0,-1.646376,0.520938,918,26,
2,909,Overall,Overall,36,11,48,-1.0,-0.776601,0.388533,961,19,
2,910,Overall,Overall,36,42,48,3.0,3.761829,0.541252,1188,27,
2,911,Overall,Overall,36,27,48,2.0,1.523107,0.30069,1076,15,
2,912,Overall,Overall,36,35,48,3.0,2.799991,0.383504,1140,19,
2,913,Overall,Overall,36,13,48,-0.5,-0.218604,0.335036,989,17,
2,914,Overall,Overall,36,31,48,2.0,2.351052,0.345823,1118,17,
2,915,Overall,Overall,36,11,48,-1.0,-0.676161,0.376631,966,19,
2,916,Overall,Overall,36,34,48,2.5,2.31184,0.343215,1116,17,
2,917,Overall,Overall,36,25,48,1.0,1.114521,0.297213,1056,15,
2,918,Overall,Overall,36,3,48,-3.0,-2.924627,0.818043,854,41,
2,919,Overall,Overall,36,11,48,-1.0,-0.635182,0.376413,968,19,
2,920,Overall,Overall,36,19,48,0.5,0.627724,0.301783,1031,15,
2,921,Overall,Overall,36,9,48,-1.5,-1.116889,0.433892,944,22,
2,922,Overall,Overall,36,3,48,-3.0,-3.061534,0.85437,847,43,
2,923,Overall,Overall,36,3,48,-3.0,-3.031983,0.839041,848,42,
2,924,Overall,Overall,36,3,48,-3.0,-3.992264,1.177017,800,59,
2,925,Overall,Overall,36,10,48,-1.0,-0.873708,0.399771,956,20,
2,926,Overall,Overall,36,6,48,-2.0,-1.931395,0.577246,903,29,
2,927,Overall,Overall,36,23,48,0.5,0.708623,0.303923,1035,15,
2,928,Overall,Overall,36,36,48,3.0,2.787845,0.382115,1139,19,
2,929,Overall,Overall,36,22,48,1.0,0.606752,0.304741,1030,15,
2,930,Overall,Overall,36,13,48,-1.0,-0.70635,0.3799,965,19,
2,931,Overall,Overall,36,12,48,-1.0,-1.029583,0.431473,949,22,
2,932,Overall,Overall,36,29,48,1.5,1.780311,0.309958,1089,15,
2,933,Overall,Overall,36,32,48,3.0,2.36883,0.349193,1118,17,
2,934,Overall,Overall,36,20,48,0.0,0.169641,0.315562,1008,16,
2,935,Overall,Overall,36,35,48,2.5,2.616673,0.362207,1131,18,
2,936,Overall,Overall,36,3,48,-3.0,-3.253771,0.913338,837,46,
2,937,Overall,Overall,36,4,48,-1.5,-2.164427,0.629713,892,31,
2,938,Overall,Overall,36,17,48,0.5,0.197112,0.313288,1010,16,
2,939,Overall,Overall,36,14,48,0.0,-0.156157,0.332401,992,17,
2,940,Overall,Overall,36,8,48,-1.0,-1.109071,0.432338,945,22,
2,941,Overall,Overall,36,10,48,-1.5,-1.240809,0.451339,938,23,
2,942,Overall,Overall,36,36,48,3.0,3.523466,0.485351,1176,24,
2,943,Overall,Overall,36,5,48,-2.5,-2.26841,0.64898,887,32,
2,944,Overall,Overall,36,34,48,2.5,2.455759,0.357093,1123,18,
2,945,Overall,Overall,36,22,48,0.0,0.534853,0.304807,1027,15,
2,946,Overall,Overall,36,24,48,1.5,1.34668,0.297645,1067,15,
2,947,Overall,Overall,36,5,48,-2.5,-1.632417,0.52161,918,26,
2,948,Overall,Overall,36,38,48,3.0,3.06494,0.414347,1153,21,
2,949,Overall,Overall,36,8,48,-1.5,-1.44298,0.483652,928,24,
2,950,Overall,Overall,36,5,48,-3.0,-2.404769,0.680419,880,34,
2,951,Overall,Overall,36,33,48,3.0,2.959003,0.413447,1148,21,
2,952,Overall,Overall,36,19,48,0.5,0.531605,0.303774,1027,15,
2,953,Overall,Overall,36,5,48,-2.5,-2.068721,0.605259,897,30,
2,954,Overall,Overall,36,15,48,0.5,-0.117555,0.330085,994,17,
2,955,Overall,Overall,36,25,48,1.0,1.160931,0.303689,1058,15,
2,956,Overall,Overall,36,14,48,-1.0,-0.48014,0.357957,976,18,
2,957,Overall,Overall,36,31,48,2.0,1.599235,0.305216,1080,15,
2,958,Overall,Overall,36,3,48,-2.5,-3.293035,0.942136,835,47,
2,959,Overall,Overall,36,9,48,-1.0,-1.314782,0.462673,934,23,
2,960,Overall,Overall,36,8,48,-1.5,-0.896505,0.402339,955,20,
2,961,Overall,Overall,36,7,48,-1.5,-1.931186,0.578962,903,29,
2,962,Overall,Overall,36,7,48,-1.0,-1.663733,0.526827,917,26,
2,963,Overall,Overall,36,24,48,1.5,1.091212,0.296976,1055,15,
2,964,Overall,Overall,36,5,48,-2.5,-2.007096,0.596849,900,30,
2,965,Overall,Overall,36,10,48,-0.5,-0.733164,0.384099,963,19,
2,966,Overall,Overall,36,9,48,-1.0,-0.906473,0.404545,955,20,
2,967,Overall,Overall,36,37,48,2.5,3.078745,0.41607,1154,21,
2,968,Overall,Overall,36,5,48,-2.5,-2.38009,0.677139,881,34,
2,969,Overall,Overall,36,36,48,3.0,2.783746,0.381827,1139,19,
2,970,Overall,Overall,36,22,48,0.5,0.648023,0.301474,1032,15,
2,971,Overall,Overall,36,6,48,-1.5,-1.511685,0.500024,924,25,
2,972,Overall,Overall,36,14,48,0.0,-0.004855,0.322191,1000,16,
2,973,Overall,Overall,36,37,48,3.0,3.165131,0.429984,1158,21,
2,974,Overall,Overall,36,34,48,2.5,1.97139,0.31965,1099,16,
2,975,Overall,Overall,36,21,48,1.5,1.087474,0.297407,1054,15,
2,976,Overall,Overall,36,34,48,2.5,2.538757,0.356986,1127,18,
2,977,Overall,Overall,36,19,48,0.5,0.12514,0.315933,1006,16,
2,978,Overall,Overall,36,26,48,1.5,1.686871,0.313914,1084,16,
2,979,Overall,Overall,36,13,48,0.0,-0.03614,0.326075,998,16,
2,980,Overall,Overall,36,5,48,-2.0,-2.158123,0.623763,892,31,
2,981,Overall,Overall,36,19,48,0.5,0.322415,0.311775,1016,16,
2,982,Overall,Overall,36,6,48,-1.0,-1.341198,0.468561,933,23,
2,983,Overall,Overall,36,11,48,-1.0,-0.815286,0.393024,959,20,
2,984,Overall,Overall,36,2,48,-3.0,-4.632,1.481657,768,74,
2,985,Overall,Overall,36,32,48,2.5,2.498809,0.355484,1125,18,
2,986,Overall,Overall,36,32,48,2.0,2.080889,0.325841,1104,16,
2,987,Overall,Overall,36,3,48,-2.5,-3.244925,0.907938,838,45,
2,988,Overall,Overall,36,32,48,3.0,2.555761,0.360065,1128,18,
2,989,Overall,Overall,36,30,48,2.5,2.083826,0.327163,1104,16,
2,990,Overall,Overall,36,7,48,-2.5,-1.947701,0.582156,903,29,
2,991,Overall,Overall,36,21,48,1.0,0.820057,0.301474,1041,15,
2,992,Overall,Overall,36,3,48,-3.0,-3.746342,1.113065,813,56,
2,993,Overall,Overall,36,38,48,3.0,4.191682,0.579591,1210,29,
2,994,Overall,Overall,36,30,48,1.5,1.694448,0.306131,1085,15,
2,995,Overall,Overall,36,26,48,1.0,1.142436,0.296633,1057,15,
2,996,Overall,Overall,36,20,48,-0.5,0.28015,0.310006,1014,16,
2,997,Overall,Overall,36,36,48,3.0,3.02289,0.417975,1151,21,
2,998,Overall,Overall,36,37,48,3.0,2.971576,0.401075,1149,20,
2,999,Overall,Overall,36,38,48,3.0,2.94841,0.399942,1147,20,
2,1000,Overall,Overall,36,32,48,3.0,2.900836,0.407779,1145,20,
2,1001,Overall,Overall,36,10,48,-0.5,-1.273243,0.462222,936,23,
2,1002,Overall,Overall,36,3,48,-3.0,-2.902354,0.812674,855,41,
2,1003,Overall,Overall,36,41,48,3.0,4.392492,0.611382,1220,31,
2,1004,Overall,Overall,36,7,48,-1.5,-1.76892,0.548843,912,27,
2,1005,Overall,Overall,36,30,48,2.0,2.307644,0.337554,1115,17,
2,1006,Overall,Overall,36,8,48,-1.5,-0.937396,0.407619,953,20,
2,1007,Overall,Overall,36,22,48,1.0,0.828867,0.299145,1041,15,
2,1008,Overall,Overall,36,31,48,1.5,1.615026,0.304788,1081,15,
2,1009,Overall,Overall,36,26,48,1.5,1.084849,0.296925,1054,15,
2,1010,Overall,Overall,36,17,48,0.0,0.173001,0.31414,1009,16,
2,1011,Overall,Overall,36,7,48,-1.5,-1.34785,0.46811,933,23,
2,1012,Overall,Overall,36,30,48,1.5,1.605561,0.304443,1080,15,
2,1013,Overall,Overall,36,37,48,3.0,3.146307,0.425132,1157,21,
2,1014,Overall,Overall,36,26,48,2.0,1.78523,0.315908,1089,16,
2,1015,Overall,Overall,36,32,48,1.5,1.651271,0.305471,1083,15,
2,1016,Overall,Overall,36,22,48,1.0,0.797701,0.308445,1040,15,
2,1017,Overall,Overall,36,3,48,-2.0,-3.278794,0.915186,836,46,
2,1018,Overall,Overall,36,5,48,-2.0,-2.091016,0.610127,895,31,
2,1019,Overall,Overall,36,4,48,-2.5,-2.351416,0.673406,882,34,
2,1020,Overall,Overall,36,2,48,-2.5,-4.447966,1.399996,778,70,
2,1021,Overall,Overall,36,21,48,1.0,0.695817,0.301472,1035,15,
2,1022,Overall,Overall,36,6,48,-1.0,-1.855251,0.56099,907,28,
2,1023,Overall,Overall,36,4,48,-3.0,-2.622244,0.734891,869,37,
2,1024,Overall,Overall,36,19,48,0.0,0.354308,0.30941,1018,15,
2,1025,Overall,Overall,36,36,48,3.0,3.003321,0.406813,1150,20,
2,1026,Overall,Overall,36,13,48,-0.5,-0.816902,0.406188,959,20,
2,1027,Overall,Overall,36,18,48,0.5,0.352688,0.308827,1018,15,
2,1028,Overall,Overall,36,25,48,1.5,1.211562,0.296927,1061,15,
2,1029,Overall,Overall,36,28,48,1.5,1.71993,0.307162,1086,15,
2,1030,Overall,Overall,36,6,48,-2.0,-2.150362,0.622074,892,31,
2,1031,Overall,Overall,36,25,48,2.0,1.176643,0.298728,1059,15,
2,1032,Overall,Overall,36,8,48,-1.5,-1.20279,0.451489,940,23,
2,1033,Overall,Overall,36,35,48,2.0,3.041443,0.407909,1152,20,
2,1034,Overall,Overall,36,28,48,1.0,1.308545,0.29805,1065,15,
2,1035,Overall,Overall,36,34,48,2.5,2.605634,0.368084,1130,18,
2,1036,Overall,Overall,36,8,48,-1.0,-1.789068,0.55222,911,28,
2,1037,Overall,Overall,36,8,48,-2.0,-1.846562,0.560262,908,28,
2,1038,Overall,Overall,36,9,48,-1.0,-0.982167,0.413534,951,21,
2,1039,Overall,Overall,36,33,48,1.5,2.008624,0.322069,1100,16,
2,1040,Overall,Overall,36,4,48,-2.5,-2.663288,0.750457,867,38,
2,1041,Overall,Overall,36,14,48,-0.5,-0.382898,0.350352,981,18,
2,1042,Overall,Overall,36,14,48,0.0,-0.228834,0.337434,989,17,
2,1043,Overall,Overall,36,23,48,1.0,1.086533,0.307779,1054,15,
2,1044,Overall,Overall,36,35,48,2.5,2.793744,0.384049,1140,19,
2,1045,Overall,Overall,36,15,48,-0.5,-0.261929,0.33977,987,17,
2,1046,Overall,Overall,36,34,48,2.0,2.332818,0.344938,1117,17,
2,1047,Overall,Overall,36,8,48,-1.5,-1.291612,0.45923,935,23,
2,1048,Overall,Overall,36,19,48,0.5,0.721066,0.302043,1036,15,
2,1049,Overall,Overall,36,2,48,-3.0,-3.601576,1.02452,820,51,
2,1050,Overall,Overall,36,2,48,-2.0,-3.959424,1.14832,802,57,
2,1051,Overall,Overall,36,10,48,0.0,-0.688386,0.391287,966,20,
2,1052,Overall,Overall,36,11,48,0.0,-0.59427,0.368529,970,18,
2,1053,Overall,Overall,36,9,48,-1.5,-1.636344,0.518429,918,26,
2,1054,Overall,Overall,36,24,48,1.5,1.15846,0.298326,1058,15,
2,1055,Overall,Overall,36,7,48,-3.0,-1.747283,0.546794,913,27,
2,1056,Overall,Overall,36,11,48,-1.5,-0.820171,0.393082,959,20,
2,1057,Overall,Overall,36,23,48,1.5,1.243799,0.298835,1062,15,
2,1058,Overall,Overall,36,17,48,0.5,0.279998,0.309999,1014,15,
2,1059,Overall,Overall,36,3,48,-2.5,-3.02336,0.843067,849,42,
2,1060,Overall,Overall,36,5,48,-2.0,-2.965157,0.837507,852,42,
2,1061,Overall,Overall,36,21,48,0.5,0.427571,0.30602,1021,15,
2,1062,Overall,Overall,36,2,48,-2.5,-3.246844,0.919112,838,46,
2,1063,Overall,Overall,36,30,48,1.5,1.774109,0.309918,1089,15,
2,1064,Overall,Overall,36,30,48,2.0,2.03096,0.32505,1102,16,
2,1065,Overall,Overall,36,8,48,-1.5,-1.573141,0.511067,921,26,
2,1066,Overall,Overall,36,31,48,1.5,1.808148,0.311797,1090,16,
2,1067,Overall,Overall,36,10,48,-0.5,-0.642949,0.375213,968,19,
2,1068,Overall,Overall,36,24,48,1.5,1.194428,0.297209,1060,15,
2,1069,Overall,Overall,36,3,48,-3.0,-3.416359,0.965715,829,48,
2,1070,Overall,Overall,36,17,48,0.0,0.308295,0.316162,1015,16,
2,1071,Overall,Overall,36,8,48,-2.5,-1.856071,0.563285,907,28,
2,1072,Overall,Overall,36,9,48,-2.0,-1.40886,0.482846,930,24,
2,1073,Overall,Overall,36,3,48,-3.0,-3.040902,0.846426,848,42,
2,1074,Overall,Overall,36,17,48,0.0,0.247801,0.311375,1012,16,
2,1075,Overall,Overall,36,34,48,3.0,3.405555,0.470408,1170,24,
2,1076,Overall,Overall,36,10,48,-0.5,-0.997943,0.416105,950,21,
2,1077,Overall,Overall,36,10,48,-0.5,-0.699796,0.379443,965,19,
2,1078,Overall,Overall,36,9,48,-1.0,-1.187181,0.442839,941,22,
2,1079,Overall,Overall,36,2,48,-2.5,-5.0,1.659497,750,83,
2,1080,Overall,Overall,36,7,48,-2.5,-1.491027,0.491836,925,25,
2,1081,Overall,Overall,36,25,48,0.5,0.777423,0.301254,1039,15,
2,1082,Overall,Overall,36,18,48,0.0,0.366038,0.307162,1018,15,
2,1083,Overall,Overall,36,8,48,-1.0,-1.432775,0.482401,928,24,
2,1084,Overall,Overall,36,34,48,2.5,3.34526,0.460799,1167,23,
2,1085,Overall,Overall,36,8,48,-1.5,-1.902388,0.573319,905,29,
2,1086,Overall,Overall,36,11,48,-0.5,-0.640501,0.373096,968,19,
2,1087,Overall,Overall,36,5,48,-3.0,-2.613564,0.735153,869,37,
2,1088,Overall,Overall,36,23,48,1.5,1.103145,0.296341,1055,15,
2,1089,Overall,Overall,36,6,48,-1.5,-1.890629,0.5695,905,28,
2,1090,Overall,Overall,36,21,48,0.5,1.0486,0.297346,1052,15,
2,1091,Overall,Overall,36,24,48,1.5,1.182413,0.298086,1059,15,
2,1092,Overall,Overall,36,7,48,-1.0,-1.318673,0.468706,934,23,
2,1093,Overall,Overall,36,3,48,-3.0,-3.632819,1.064786,818,53,
2,1094,Overall,Overall,36,31,48,2.0,1.856529,0.318085,1093,16,
2,1095,Overall,Overall,36,7,48,-0.5,-1.466278,0.488061,927,24,
2,1096,Overall,Overall,36,29,48,1.5,1.990533,0.323425,1100,16,
2,1097,Overall,Overall,36,9,48,-2.0,-0.955518,0.419846,952,21,
2,1098,Overall,Overall,36,22,48,1.0,0.860323,0.298737,1043,15,
2,1099,Overall,Overall,36,36,48,2.5,3.239557,0.442046,1162,22,
2,1100,Overall,Overall,36,16,48,-0.5,-0.092559,0.326968,995,16,
2,1101,Overall,Overall,36,2,48,-3.0,-3.653829,1.048473,817,52,
2,1102,Overall,Overall,36,6,48,-1.5,-2.001475,0.591617,900,30,
2,1103,Overall,Overall,36,33,48,3.0,2.703902,0.373545,1135,19,
2,1104,Overall,Overall,36,4,48,-1.5,-2.233237,0.641935,888,32,
2,1105,Overall,Overall,36,31,48,2.5,2.472349,0.365561,1124,18,
2,1106,Overall,Overall,36,32,48,2.0,2.669669,0.371473,1133,19,
2,1107,Overall,Overall,36,11,48,0.0,-0.441161,0.35406,978,18,
2,1108,Overall,Overall,36,2,48,-3.0,-4.101945,1.220732,795,61,
2,1109,Overall,Overall,36,32,48,2.5,1.781423,0.30965,1089,15,
2,1110,Overall,Overall,36,9,48,-0.5,-0.755831,0.385919,962,19,
2,1111,Overall,Overall,36,27,48,1.5,1.537118,0.299763,1077,15,
2,1112,Overall,Overall,36,5,48,-1.5,-2.051323,0.605381,897,30,
2,1113,Overall,Overall,36,27,48,2.0,1.687873,0.305991,1084,15,
2,1114,Overall,Overall,36,4,48,-3.0,-3.857385,1.147413,807,57,
2,1115,Overall,Overall,36,24,48,1.0,1.021172,0.298234,1051,15,
2,1116,Overall,Overall,36,3,48,-3.0,-4.540868,1.439193,773,72,
2,1117,Overall,Overall,36,19,48,0.5,0.429001,0.309579,1021,15,
2,1118,Overall,Overall,36,30,48,1.0,1.284753,0.311896,1064,16,
2,1119,Overall,Overall,36,5,48,-1.5,-2.443215,0.689376,878,34,
2,1120,Overall,Overall,36,14,48,-1.0,-0.462236,0.35513,977,18,
2,1121,Overall,Overall,36,9,48,-2.0,-0.827491,0.394514,959,20,
2,1122,Overall,Overall,36,15,48,0.0,-0.054735,0.325266,997,16,
2,1123,Overall,Overall,36,11,48,-0.5,-0.414198,0.351314,979,18,
2,1124,Overall,Overall,36,4,48,-2.0,-2.139784,0.621435,893,31,
2,1125,Overall,Overall,36,34,48,2.0,2.809288,0.384373,1140,19,
2,1126,Overall,Overall,36,34,48,3.0,2.662578,0.369501,1133,18,
2,1127,Overall,Overall,36,27,48,2.0,1.959935,0.32271,1098,16,
2,1128,Overall,Overall,36,31,48,2.5,2.345587,0.343999,1117,17,
2,1129,Overall,Overall,36,31,48,2.5,2.217109,0.332068,1111,17,
2,1130,Overall,Overall,36,4,48,-2.0,-2.841738,0.790244,858,40,
2,1131,Overall,Overall,36,34,48,2.5,2.152587,0.33097,1108,17,
2,1132,Overall,Overall,36,22,48,1.0,0.641927,0.303488,1032,15,
2,1133,Overall,Overall,36,7,48,-1.5,-1.671735,0.53188,916,27,
2,1134,Overall,Overall,36,2,48,-3.0,-4.664387,1.449915,767,72,
2,1135,Overall,Overall,36,14,48,0.0,-0.241238,0.338309,988,17,
2,1136,Overall,Overall,36,20,48,0.0,0.404855,0.306823,1020,15,
2,1137,Overall,Overall,36,19,48,0.0,0.612426,0.303544,1031,15,
2,1138,Overall,Overall,36,3,48,-2.0,-2.511991,0.716383,874,36,
2,1139,Overall,Overall,36,25,48,1.0,1.279974,0.297713,1064,15,
2,1140,Overall,Overall,36,31,48,2.0,1.904514,0.314975,1095,16,
2,1141,Overall,Overall,36,7,48,-2.0,-1.765469,0.547893,912,27,
2,1142,Overall,Overall,36,6,48,-3.0,-2.069809,0.605121,897,30,
2,1143,Overall,Overall,36,12,48,-1.0,-0.602077,0.368842,970,18,
2,1144,Overall,Overall,36,21,48,1.5,0.972532,0.297709,1049,15,
2,1145,Overall,Overall,36,32,48,2.5,2.572836,0.365076,1129,18,
2,1146,Overall,Overall,36,4,48,-2.5,-2.414529,0.686169,879,34,
2,1147,Overall,Overall,36,32,48,2.5,2.358631,0.34657,1118,17,
2,1148,Overall,Overall,36,19,48,0.0,0.333847,0.309347,1017,15,
2,1149,Overall,Overall,36,20,48,0.5,0.490748,0.304552,1025,15,
2,1150,Overall,Overall,36,35,48,2.0,2.749369,0.378465,1137,19,
2,1151,Overall,Overall,36,6,48,-2.5,-1.644573,0.52136,918,26,
2,1152,Overall,Overall,36,12,48,-0.5,-0.418201,0.351919,979,18,
2,1153,Overall,Overall,36,1,48,-2.0,-5.0,1.751127,750,88,
2,1154,Overall,Overall,36,19,48,0.0,0.660444,0.305169,1033,15,
2,1155,Overall,Overall,36,12,48,-1.5,-0.888878,0.401768,956,20,
2,1156,Overall,Overall,36,17,48,0.0,-0.056184,0.326749,997,16,
2,1157,Overall,Overall,36,7,48,-2.5,-1.416544,0.479642,929,24,
2,1158,Overall,Overall,36,2,48,-3.0,-3.476679,0.98593,826,49,
2,1159,Overall,Overall,36,38,48,3.0,2.840642,0.396271,1142,20,
2,1160,Overall,Overall,36,23,48,0.5,0.799964,0.300724,1040,15,
2,1161,Overall,Overall,36,27,48,1.5,1.534138,0.304184,1077,15,
2,1162,Overall,Overall,36,8,48,-2.5,-2.067613,0.607379,897,30,
2,1163,Overall,Overall,36,36,48,3.0,3.135254,0.422014,1157,21,
2,1164,Overall,Overall,36,30,48,2.0,2.015334,0.323028,1101,16,
2,1165,Overall,Overall,36,14,48,0.0,-0.166042,0.333324,992,17,
2,1166,Overall,Overall,36,27,48,1.0,1.272388,0.297259,1064,15,
2,1167,Overall,Overall,36,15,48,0.0,0.177001,0.315663,1009,16,
2,1168,Overall,Overall,36,12,48,-0.5,-0.427558,0.362141,979,18,
2,1169,Overall,Overall,36,37,48,3.0,2.597006,0.361316,1130,18,
2,1170,Overall,Overall,36,28,48,2.0,1.757961,0.310105,1088,16,
2,1171,Overall,Overall,36,24,48,0.5,0.941268,0.30412,1047,15,
2,1172,Overall,Overall,36,4,48,-2.0,-2.425658,0.68548,879,34,
2,1173,Overall,Overall,36,24,48,1.0,1.082051,0.30449,1054,15,
2,1174,Overall,Overall,36,12,48,-0.5,-0.971177,0.421015,951,21,
2,1175,Overall,Overall,36,17,48,-0.5,0.0512,0.319368,1003,16,
2,1176,Overall,Overall,36,15,48,-0.5,0.008805,0.322275,1000,16,
2,1177,Overall,Overall,36,6,48,-1.5,-1.570093,0.507142,921,25,
2,1178,Overall,Overall,36,27,48,2.5,1.933376,0.320911,1097,16,
2,1179,Overall,Overall,36,25,48,1.5,1.24237,0.297153,1062,15,
2,1180,Overall,Overall,36,40,48,3.0,4.19812,0.591332,1210,30,
2,1181,Overall,Overall,36,4,48,-2.5,-2.451626,0.695092,877,35,
2,1182,Overall,Overall,36,1,48,-3.0,-4.981871,1.624909,751,81,
2,1183,Overall,Overall,36,35,48,2.5,2.725161,0.373611,1136,19,
2,1184,Overall,Overall,36,16,48,0.0,0.306092,0.309195,1015,15,
2,1185,Overall,Overall,36,34,48,3.0,2.800742,0.389105,1140,19,
2,1186,Overall,Overall,36,19,48,1.0,0.841167,0.302174,1042,15,
2,1187,Overall,Overall,36,36,48,3.0,3.302813,0.455844,1165,23,
2,1188,Overall,Overall,36,4,48,-2.5,-2.654877,0.741708,867,37,
2,1189,Overall,Overall,36,6,48,-2.0,-1.84538,0.561087,908,28,
2,1190,Overall,Overall,36,12,48,-0.5,-0.321444,0.344189,984,17,
2,1191,Overall,Overall,36,3,48,-2.5,-2.924355,0.813951,854,41,
2,1192,Overall,Overall,36,37,48,3.0,3.433013,0.464636,1172,23,
2,1193,Overall,Overall,36,14,48,0.0,-0.15439,0.331737,992,17,
2,1194,Overall,Overall,36,8,48,-0.5,-1.17106,0.44934,941,22,
2,1195,Overall,Overall,36,10,48,-1.0,-0.731779,0.38319,963,19,
2,1196,Overall,Overall,36,4,48,-3.0,-2.566086,0.724618,872,36,
2,1197,Overall,Overall,36,24,48,1.0,1.105299,0.298433,1055,15,
2,1198,Overall,Overall,36,6,48,-2.0,-1.507625,0.4989,925,25,
2,1199,Overall,Overall,36,42,48,3.0,3.791333,0.522231,1190,26,
2,1200,Overall,Overall,36,3,48,-2.5,-2.651641,0.747401,867,37,
2,1201,Overall,Overall,36,5,48,-3.0,-2.103537,0.612515,895,31,
2,1202,Overall,Overall,36,40,48,3.0,3.329764,0.451378,1166,23,
2,1203,Overall,Overall,36,4,48,-1.5,-2.475645,0.701324,876,35,
2,1204,Overall,Overall,36,17,48,0.5,0.422546,0.306918,1021,15,
2,1205,Overall,Overall,36,14,48,0.0,-0.146434,0.330251,993,17,
2,1206,Overall,Overall,36,28,48,1.5,1.693535,0.306627,1085,15,
2,1207,Overall,Overall,36,5,48,-2.0,-2.196499,0.633661,890,32,
2,1208,Overall,Overall,36,21,48,0.5,0.381858,0.309036,1019,15,
2,1209,Overall,Overall,36,14,48,0.0,-0.157035,0.330928,992,17,
2,1210,Overall,Overall,36,18,48,0.5,0.652916,0.308974,1033,15,
2,1211,Overall,Overall,36,8,48,-1.0,-1.176842,0.447735,941,22,
2,1212,Overall,Overall,36,25,48,1.0,1.748736,0.31491,1087,16,
2,1213,Overall,Overall,36,3,48,-1.5,-3.064457,0.855242,847,43,
2,1214,Overall,Overall,36,9,48,-0.5,-1.236195,0.456489,938,23,
2,1215,Overall,Overall,36,4,48,-3.0,-2.317785,0.661969,884,33,
2,1216,Overall,Overall,36,31,48,2.0,1.783995,0.309588,1089,15,
2,1217,Overall,Overall,36,19,48,1.0,0.53207,0.307611,1027,15,
2,1218,Overall,Overall,36,21,48,0.5,0.648981,0.3026,1032,15,
2,1219,Overall,Overall,36,33,48,2.5,2.473168,0.352412,1124,18,
2,1220,Overall,Overall,36,3,48,-3.0,-3.173733,0.886223,841,44,
2,1221,Overall,Overall,36,2,48,-3.0,-4.991789,1.657179,750,83,
2,1222,Overall,Overall,36,16,48,-0.5,-0.261827,0.344905,987,17,
2,1223,Overall,Overall,36,5,48,-2.0,-1.916479,0.574209,904,29,
2,1224,Overall,Overall,36,8,48,-1.0,-1.628604,0.517199,919,26,
2,1225,Overall,Overall,36,17,48,0.0,0.070674,0.319685,1004,16,
2,1226,Overall,Overall,36,19,48,1.0,0.728192,0.304449,1036,15,
2,1227,Overall,Overall,36,33,48,2.5,2.202833,0.33579,1110,17,
2,1228,Overall,Overall,36,0,48,-3.0,-5.0,1.704916,750,85,
2,1229,Overall,Overall,36,6,48,-2.0,-1.739077,0.542859,913,27,
2,1230,Overall,Overall,36,37,48,3.0,3.34466,0.448126,1167,22,
2,1231,Overall,Overall,36,19,48,0.5,0.672489,0.304292,1034,15,
2,1232,Overall,Overall,36,32,48,3.0,2.601725,0.360721,1130,18,
2,1233,Overall,Overall,36,6,48,-1.5,-1.746387,0.539163,913,27,
2,1234,Overall,Overall,36,11,48,-0.5,-0.397912,0.350235,980,18,
2,1235,Overall,Overall,36,19,48,0.5,0.27108,0.31097,1014,16,
2,1236,Overall,Overall,36,3,48,-3.0,-3.015439,0.840497,849,42,
2,1237,Overall,Overall,36,26,48,1.5,1.816779,0.316888,1091,16,
2,1238,Overall,Overall,36,6,48,-1.0,-1.577484,0.509961,921,25,
2,1239,Overall,Overall,36,11,48,-1.0,-0.446876,0.355613,978,18,
2,1240,Overall,Overall,36,22,48,1.0,0.729404,0.308644,1036,15,
2,1241,Overall,Overall,36,9,48,-0.5,-0.968281,0.411832,952,21,
2,1242,Overall,Overall,36,29,48,1.5,1.577758,0.304412,1079,15,
2,1243,Overall,Overall,36,18,48,1.0,0.687103,0.303229,1034,15,
2,1244,Overall,Overall,36,31,48,2.0,1.402898,0.304171,1070,15,
2,1245,Overall,Overall,36,3,48,-2.5,-4.010215,1.208925,799,60,
2,1246,Overall,Overall,36,36,48,2.5,2.578015,0.365417,1129,18,
2,1247,Overall,Overall,36,4,48,-2.5,-2.497183,0.70603,875,35,
2,1248,Overall,Overall,36,33,48,2.0,1.889306,0.315181,1094,16,
2,1249,Overall,Overall,36,11,48,-0.5,-0.318946,0.343621,984,17,
2,1250,Overall,Overall,36,33,48,2.0,2.447544,0.349107,1122,17,
2,1251,Overall,Overall,36,24,48,1.5,1.391435,0.302003,1070,15,
2,1252,Overall,Overall,36,6,48,-1.5,-1.794825,0.550287,910,28,
2,1253,Overall,Overall,36,17,48,0.0,0.049831,0.320647,1002,16,
2,1254,Overall,Overall,36,4,48,-3.0,-2.082058,0.621786,896,31,
2,1255,Overall,Overall,36,10,48,-0.5,-0.933729,0.407298,953,20,
2,1256,Overall,Overall,36,8,48,-1.0,-1.302843,0.46079,935,23,
2,1257,Overall,Overall,36,6,48,-1.5,-1.7285,0.535546,914,27,
2,1258,Overall,Overall,36,29,48,1.5,1.612237,0.303628,1081,15,
2,1259,Overall,Overall,36,22,48,1.5,1.10375,0.297148,1055,15,
2,1260,Overall,Overall,36,36,48,2.5,2.716913,0.372425,1136,19,
2,1261,Overall,Overall,36,6,48,-2.0,-1.964261,0.58451,902,29,
2,1262,Overall,Overall,36,13,48,-0.5,-0.303677,0.342902,985,17,
2,1263,Overall,Overall,36,6,48,-2.0,-2.103683,0.614021,895,31,
2,1264,Overall,Overall,36,41,48,3.0,3.810548,0.51988,1191,26,
2,1265,Overall,Overall,36,5,48,-2.0,-1.982502,0.588907,901,29,
2,1266,Overall,Overall,36,32,48,2.5,2.410337,0.34537,1121,17,
2,1267,Overall,Overall,36,27,48,2.0,1.808752,0.319322,1090,16,
2,1268,Overall,Overall,36,16,48,-0.5,-0.058191,0.326237,997,16,
2,1269,Overall,Overall,36,3,48,-3.0,-2.881696,0.809076,856,40,
2,1270,Overall,Overall,36,13,48,-1.0,-0.742597,0.394329,963,20,
2,1271,Overall,Overall,36,5,48,-3.0,-2.404527,0.67703,880,34,
2,1272,Overall,Overall,36,19,48,0.5,0.310397,0.312362,1016,16,
2,1273,Overall,Overall,36,31,48,2.0,1.832244,0.312201,1092,16,
2,1274,Overall,Overall,36,23,48,1.0,1.060256,0.302721,1053,15,
2,1275,Overall,Overall,36,6,48,-2.0,-1.961149,0.582896,902,29,
2,1276,Overall,Overall,36,7,48,-1.5,-1.581846,0.511538,921,26,
2,1277,Overall,Overall,36,36,48,3.0,2.913263,0.395875,1146,20,
2,1278,Overall,Overall,36,16,48,0.0,0.115038,0.325656,1006,16,
2,1279,Overall,Overall,36,13,48,-0.5,-0.416734,0.350972,979,18,
2,1280,Overall,Overall,36,3,48,-1.5,-4.040796,1.240663,798,62,
2,1281,Overall,Overall,36,29,48,2.0,1.906692,0.319141,1095,16,
2,1282,Overall,Overall,36,5,48,-2.0,-2.122424,0.616702,894,31,
2,1283,Overall,Overall,36,29,48,1.5,1.912723,0.316537,1096,16,
2,1284,Overall,Overall,36,36,48,3.0,3.723884,0.51771,1186,26,
2,1285,Overall,Overall,36,10,48,-1.0,-0.933234,0.408959,953,20,
2,1286,Overall,Overall,36,29,48,2.5,2.162502,0.333608,1108,17,
2,1287,Overall,Overall,36,30,48,3.0,2.278061,0.336996,1114,17,
2,1288,Overall,Overall,36,34,48,2.0,2.627456,0.364196,1131,18,
2,1289,Overall,Overall,36,21,48,1.5,1.056222,0.297692,1053,15,
2,1290,Overall,Overall,36,17,48,0.5,0.077785,0.31935,1004,16,
2,1291,Overall,Overall,36,9,48,-0.5,-1.32158,0.463815,934,23,
2,1292,Overall,Overall,36,8,48,-1.0,-1.217042,0.447359,939,22,
2,1293,Overall,Overall,36,7,48,-2.0,-2.180954,0.629836,891,31,
2,1294,Overall,Overall,36,5,48,-2.5,-2.098294,0.611359,895,31,
2,1295,Overall,Overall,36,15,48,0.0,0.085208,0.317946,1004,16,
2,1296,Overall,Overall,36,11,48,-1.0,-0.520557,0.362473,974,18,
2,1297,Overall,Overall,36,27,48,1.5,1.411216,0.300655,1071,15,
2,1298,Overall,Overall,36,4,48,-1.5,-2.762674,0.780222,862,39,
2,1299,Overall,Overall,36,27,48,1.0,1.152433,0.304989,1058,15,
2,1300,Overall,Overall,36,31,48,3.0,2.095588,0.326938,1105,16,
3,1,Overall,Overall,36,13,48,-0.5,-0.549214,0.364091,973,18,
3,2,Overall,Overall,36,3,48,-2.5,-3.81399,1.100593,809,55,
3,3,Overall,Overall,36,31,48,2.0,1.814338,0.309584,1091,15,
3,4,Overall,Overall,36,22,48,0.5,0.9183,0.301622,1046,15,
3,5,Overall,Overall,36,26,48,1.0,1.167423,0.304935,1058,15,
3,6,Overall,Overall,36,30,48,2.5,2.418784,0.347681,1121,17,
3,7,Overall,Overall,36,7,48,-1.5,-1.322225,0.46392,934,23,
3,8,Overall,Overall,36,37,48,2.5,3.345102,0.450992,1167,23,
3,9,Overall,Overall,36,3,48,-2.5,-3.41091,0.982197,829,49,
3,10,Overall,Overall,36,34,48,2.0,2.171815,0.333318,1109,17,
3,11,Overall,Overall,36,5,48,-2.0,-1.938999,0.579997,903,29,
3,12,Overall,Overall,36,35,48,2.5,2.707512,0.376839,1135,19,
3,13,Overall,Overall,36,38,48,2.5,2.764456,0.388483,1138,19,
3,14,Overall,Overall,36,38,48,3.0,3.552421,0.487376,1178,24,
3,15,Overall,Overall,36,8,48,-1.0,-1.106513,0.440593,945,22,
3,16,Overall,Overall,36,34,48,3.0,2.887754,0.393676,1144,20,
3,17,Overall,Overall,36,5,48,-1.5,-1.745286,0.541272,913,27,
3,18,Overall,Overall,36,17,48,0.5,0.410218,0.309063,1021,15,
3,19,Overall,Overall,36,36,48,3.0,3.344305,0.453965,1167,23,
3,20,Overall,Overall,36,3,48,-3.0,-4.307083,1.357619,785,68,
3,21,Overall,Overall,36,15,48,0.0,0.236927,0.311821,1012,16,
3,22,Overall,Overall,36,4,48,-2.0,-2.818387,0.78498,859,39,
3,23,Overall,Overall,36,17,48,0.0,0.066909,0.318466,1003,16,
3,24,Overall,Overall,36,19,48,1.5,1.007759,0.309557,1050,15,
3,25,Overall,Overall,36,30,48,2.0,2.333749,0.342338,1117,17,
3,26,Overall,Overall,36,16,48,0.0,0.074273,0.319535,1004,16,
3,27,Overall,Overall,36,6,48,-1.0,-1.815363,0.552637,909,28,
3,28,Overall,Overall,36,33,48,2.5,2.462052,0.351822,1123,18,
3,29,Overall,Overall,36,2,48,-2.5,-5.0,1.659497,750,83,
3,30,Overall,Overall,36,19,48,0.5,0.537365,0.305036,1027,15,
3,31,Overall,Overall,36,7,48,-0.5,-1.458878,0.486611,927,24,
3,32,Overall,Overall,36,13,48,0.0,-0.357997,0.347889,982,17,
3,33,Overall,Overall,36,17,48,0.5,0.292474,0.315629,1015,16,
3,34,Overall,Overall,36,9,48,-0.5,-0.941878,0.408357,953,20,
3,35,Overall,Overall,36,4,48,-2.5,-2.480572,0.702572,876,35,
3,36,Overall,Overall,36,3,48,-3.0,-3.603114,1.0293,820,51,
3,37,Overall,Overall,36,10,48,-1.0,-0.557111,0.373887,972,19,
3,38,Overall,Overall,36,24,48,1.5,1.192791,0.296094,1060,15,
3,39,Overall,Overall,36,9,48,-0.5,-0.82093,0.393792,959,20,
3,40,Overall,Overall,36,29,48,2.5,2.208356,0.337521,1110,17,
3,41,Overall,Overall,36,9,48,-0.5,-0.892431,0.404381,955,20,
3,42,Overall,Overall,36,13,48,0.0,-0.276759,0.340493,986,17,
3,43,Overall,Overall,36,27,48,1.5,1.334031,0.297821,1067,15,
3,44,Overall,Overall,36,33,48,3.0,2.434382,0.346605,1122,17,
3,45,Overall,Overall,36,32,48,3.0,2.444134,0.34736,1122,17,
3,46,Overall,Overall,36,5,48,-2.0,-2.528522,0.710238,874,36,
3,47,Overall,Overall,36,5,48,-3.0,-2.683963,0.758621,866,38,
3,48,Overall,Overall,36,4,48,-2.5,-2.672264,0.748004,866,37,
3,49,Overall,Overall,36,14,48,0.5,0.300717,0.313305,1015,16,
3,50,Overall,Overall,36,7,48,-1.0,-1.319215,0.463432,934,23,
3,51,Overall,Overall,36,1,48,-3.0,-5.0,1.714847,750,86,
3,52,Overall,Overall,36,34,48,3.0,3.001024,0.407769,1150,20,
3,53,Overall,Overall,36,25,48,1.5,1.302417,0.297972,1065,15,
3,54,Overall,Overall,36,9,48,-1.0,-0.957058,0.411046,952,21,
3,55,Overall,Overall,36,10,48,-1.5,-1.023522,0.427309,949,21,
3,56,Overall,Overall,36,32,48,2.5,2.548322,0.358617,1127,18,
3,57,Overall,Overall,36,12,48,-1.0,-0.917254,0.405031,954,20,
3,58,Overall,Overall,36,4,48,-2.5,-2.420219,0.691218,879,35,
3,59,Overall,Overall,36,19,48,0.5,0.586916,0.304837,1029,15,
3,60,Overall,Overall,36,8,48,-1.5,-1.378895,0.473002,931,24,
3,61,Overall,Overall,36,22,48,1.0,1.063841,0.297616,1053,15,
3,62,Overall,Overall,36,4,48,-3.0,-1.994655,0.59151,900,30,
3,63,Overall,Overall,36,11,48,-0.5,-0.767554,0.387474,962,19,
3,64,Overall,Overall,36,11,48,-1.0,-0.588353,0.36779,971,18,
3,65,Overall,Overall,36,8,48,-2.0,-1.807901,0.551065,910,28,
3,66,Overall,Overall,36,14,48,0.0,-0.2068,0.335767,990,17,
3,67,Overall,Overall,36,41,48,3.0,3.804309,0.525317,1190,26,
3,68,Overall,Overall,36,11,48,-0.5,-0.514515,0.3599,974,18,
3,69,Overall,Overall,36,29,48,1.5,1.489085,0.299955,1074,15,
3,70,Overall,Overall,36,40,48,3.0,3.462824,0.465767,1173,23,
3,71,Overall,Overall,36,4,48,-2.5,-2.289988,0.658332,886,33,
3,72,Overall,Overall,36,11,48,0.0,-0.277496,0.343751,986,17,
3,73,Overall,Overall,36,25,48,1.0,1.308957,0.297268,1065,15,
3,74,Overall,Overall,36,36,48,2.5,2.699641,0.370743,1135,19,
3,75,Overall,Overall,36,33,48,2.5,2.656345,0.369418,1133,18,
3,76,Overall,Overall,36,7,48,-1.5,-1.057426,0.425359,947,21,
3,77,Overall,Overall,36,15,48,0.5,0.247658,0.331481,1012,17,
3,78,Overall,Overall,36,3,48,-2.5,-3.176348,0.889353,841,44,
3,79,Overall,Overall,36,10,48,-1.0,-1.046787,0.42244,948,21,
3,80,Overall,Overall,36,7,48,-2.0,-1.396415,0.480594,930,24,
3,81,Overall,Overall,36,15,48,-1.0,0.166773,0.314103,1008,16,
3,82,Overall,Overall,36,6,48,-1.5,-1.641747,0.518873,918,26,
3,83,Overall,Overall,36,32,48,2.5,2.50107,0.352925,1125,18,
3,84,Overall,Overall,36,31,48,2.0,2.11929,0.326233,1106,16,
3,85,Overall,Overall,36,36,48,3.0,3.148536,0.422616,1157,21,
3,86,Overall,Overall,36,31,48,2.0,2.389817,0.346307,1119,17,
3,87,Overall,Overall,36,23,48,1.0,0.807651,0.300723,1040,15,
3,88,Overall,Overall,36,24,48,1.5,1.04709,0.297157,1052,15,
3,89,Overall,Overall,36,28,48,2.5,2.480671,0.368604,1124,18,
3,90,Overall,Overall,36,24,48,1.5,1.199419,0.29709,1060,15,
3,91,Overall,Overall,36,25,48,1.5,1.668192,0.311537,1083,16,
3,92,Overall,Overall,36,11,48,-1.0,-0.740699,0.383992,963,19,
3,93,Overall,Overall,36,8,48,-2.0,-1.712993,0.542853,914,27,
3,94,Overall,Overall,36,6,48,-1.0,-1.356651,0.47114,932,24,
3,95,Overall,Overall,36,7,48,-1.5,-1.536007,0.50022,923,25,
3,96,Overall,Overall,36,14,48,0.0,-0.252175,0.339084,987,17,
3,97,Overall,Overall,36,12,48,-0.5,-0.904793,0.405295,955,20,
3,98,Overall,Overall,36,4,48,-3.0,-3.098605,0.865602,845,43,
3,99,Overall,Overall,36,5,48,-2.0,-1.870872,0.568103,906,28,
3,100,Overall,Overall,36,17,48,0.5,0.530452,0.309331,1027,15,
3,101,Overall,Overall,36,8,48,-1.0,-0.827375,0.39645,959,20,
3,102,Overall,Overall,36,3,48,-2.5,-3.418912,0.966625,829,48,
3,103,Overall,Overall,36,33,48,2.0,2.09997,0.327158,1105,16,
3,104,Overall,Overall,36,6,48,-2.5,-1.546767,0.506033,923,25,
3,105,Overall,Overall,36,35,48,3.0,2.506646,0.359998,1125,18,
3,106,Overall,Overall,36,10,48,-0.5,-0.66409,0.375966,967,19,
3,107,Overall,Overall,36,14,48,0.5,-0.269792,0.340335,987,17,
3,108,Overall,Overall,36,29,48,2.0,1.995745,0.322609,1100,16,
3,109,Overall,Overall,36,40,48,3.0,3.31827,0.455343,1166,23,
3,110,Overall,Overall,36,9,48,-1.0,-0.857172,0.397429,957,20,
3,111,Overall,Overall,36,35,48,3.0,2.517486,0.356633,1126,18,
3,112,Overall,Overall,36,17,48,1.0,0.777792,0.31208,1039,16,
3,113,Overall,Overall,36,5,48,-3.0,-2.28493,0.652675,886,33,
3,114,Overall,Overall,36,25,48,1.5,1.171505,0.297829,1059,15,
3,115,Overall,Overall,36,12,48,0.0,-0.557771,0.364943,972,18,
3,116,Overall,Overall,36,20,48,1.0,1.062931,0.304858,1053,15,
3,117,Overall,Overall,36,9,48,-1.5,-1.03771,0.422794,948,21,
3,118,Overall,Overall,36,29,48,2.0,2.01648,0.320755,1101,16,
3,119,Overall,Overall,36,37,48,2.5,3.333489,0.446006,1167,22,
3,120,Overall,Overall,36,5,48,-2.5,-2.104837,0.613526,895,31,
3,121,Overall,Overall,36,3,48,-2.5,-3.335142,0.94734,833,47,
3,122,Overall,Overall,36,28,48,1.5,1.275008,0.297169,1064,15,
3,123,Overall,Overall,36,29,48,1.0,1.736102,0.307965,1087,15,
3,124,Overall,Overall,36,21,48,0.5,0.601523,0.305371,1030,15,
3,125,Overall,Overall,36,19,48,0.0,0.277845,0.310772,1014,16,
3,126,Overall,Overall,36,35,48,2.0,2.224311,0.336585,1111,17,
3,127,Overall,Overall,36,22,48,0.5,1.314932,0.301953,1066,15,
3,128,Overall,Overall,36,19,48,1.0,0.965723,0.30941,1048,15,
3,129,Overall,Overall,36,9,48,-1.0,-1.186518,0.44281,941,22,
3,130,Overall,Overall,36,36,48,3.0,2.746093,0.377855,1137,19,
3,131,Overall,Overall,36,5,48,-2.0,-1.560954,0.507099,922,25,
3,132,Overall,Overall,36,28,48,2.0,1.965339,0.319881,1098,16,
3,133,Overall,Overall,36,25,48,1.5,0.885915,0.300937,1044,15,
3,134,Overall,Overall,36,14,48,0.0,-0.030581,0.324285,998,16,
3,135,Overall,Overall,36,10,48,-1.5,-1.123533,0.433934,944,22,
3,136,Overall,Overall,36,19,48,0.5,0.727264,0.306051,1036,15,
3,137,Overall,Overall,36,6,48,-2.0,-1.912358,0.572383,904,29,
3,138,Overall,Overall,36,36,48,3.0,2.98294,0.404671,1149,20,
3,139,Overall,Overall,36,19,48,0.5,0.535892,0.303034,1027,15,
3,140,Overall,Overall,36,9,48,-1.0,-0.964955,0.411383,952,21,
3,141,Overall,Overall,36,2,48,-3.0,-5.0,1.659497,750,83,
3,142,Overall,Overall,36,13,48,-0.5,-0.337917,0.345231,983,17,
3,143,Overall,Overall,36,22,48,0.5,0.669069,0.302914,1033,15,
3,144,Overall,Overall,36,2,48,-2.0,-4.782984,1.55837,761,78,
3,145,Overall,Overall,36,7,48,-2.0,-1.772725,0.54545,911,27,
3,146,Overall,Overall,36,10,48,-1.5,-0.974801,0.412681,951,21,
3,147,Overall,Overall,36,5,48,-1.0,-2.493278,0.702225,875,35,
3,148,Overall,Overall,36,9,48,0.0,-0.969022,0.411918,952,21,
3,149,Overall,Overall,36,34,48,3.0,2.560644,0.359855,1128,18,
3,150,Overall,Overall,36,7,48,-1.5,-1.302502,0.466228,935,23,
3,151,Overall,Overall,36,23,48,1.0,1.106704,0.296748,1055,15,
3,152,Overall,Overall,36,15,48,0.0,-0.008942,0.322511,1000,16,
3,153,Overall,Overall,36,6,48,-2.0,-2.291884,0.660795,885,33,
3,154,Overall,Overall,36,23,48,1.0,0.994893,0.301907,1050,15,
3,155,Overall,Overall,36,7,48,-2.0,-1.82859,0.555259,909,28,
3,156,Overall,Overall,36,39,48,2.5,2.965075,0.406404,1148,20,
3,157,Overall,Overall,36,19,48,0.5,0.526625,0.304143,1026,15,
3,158,Overall,Overall,36,17,48,0.0,-0.164598,0.333233,992,17,
3,159,Overall,Overall,36,16,48,0.0,0.284286,0.310181,1014,16,
3,160,Overall,Overall,36,5,48,-2.5,-2.688268,0.750329,866,38,
3,161,Overall,Overall,36,7,48,-1.5,-1.240424,0.452386,938,23,
3,162,Overall,Overall,36,3,48,-1.5,-3.176275,0.90643,841,45,
3,163,Overall,Overall,36,3,48,-3.0,-4.085159,1.239957,796,62,
3,164,Overall,Overall,36,14,48,0.5,0.011232,0.321796,1001,16,
3,165,Overall,Overall,36,37,48,2.0,2.676202,0.380867,1134,19,
3,166,Overall,Overall,36,5,48,-2.5,-2.863115,0.806911,857,40,
3,167,Overall,Overall,36,18,48,0.0,0.04097,0.320093,1002,16,
3,168,Overall,Overall,36,5,48,-2.5,-2.552928,0.716062,872,36,
3,169,Overall,Overall,36,3,48,-2.0,-2.562415,0.723657,872,36,
3,170,Overall,Overall,36,28,48,2.0,1.942101,0.320686,1097,16,
3,171,Overall,Overall,36,17,48,0.5,0.330634,0.308683,1017,15,
3,172,Overall,Overall,36,20,48,0.5,0.753927,0.300666,1038,15,
3,173,Overall,Overall,36,31,48,2.0,2.088698,0.328122,1104,16,
3,174,Overall,Overall,36,6,48,-1.5,-2.174014,0.629419,891,31,
3,175,Overall,Overall,36,33,48,2.0,2.441793,0.356455,1122,18,
3,176,Overall,Overall,36,20,48,0.0,0.30964,0.312682,1015,16,
3,177,Overall,Overall,36,22,48,1.0,1.072714,0.297998,1054,15,
3,178,Overall,Overall,36,14,48,0.0,0.034296,0.320258,1002,16,
3,179,Overall,Overall,36,4,48,-2.5,-2.733465,0.761372,863,38,
3,180,Overall,Overall,36,1,48,-3.0,-5.0,1.714847,750,86,
3,181,Overall,Overall,36,19,48,0.5,0.359004,0.307632,1018,15,
3,182,Overall,Overall,36,4,48,-3.0,-3.285128,0.920569,836,46,
3,183,Overall,Overall,36,8,48,-2.0,-1.383173,0.473676,931,24,
3,184,Overall,Overall,36,33,48,2.5,2.343848,0.343033,1117,17,
3,185,Overall,Overall,36,28,48,1.5,1.605326,0.303007,1080,15,
3,186,Overall,Overall,36,39,48,3.0,3.461105,0.468692,1173,23,
3,187,Overall,Overall,36,16,48,0.0,0.263532,0.310741,1013,16,
3,188,Overall,Overall,36,18,48,-0.5,-0.008474,0.324404,1000,16,
3,189,Overall,Overall,36,41,48,3.0,3.448641,0.478661,1172,24,
3,190,Overall,Overall,36,12,48,-0.5,-0.778811,0.388728,961,19,
3,191,Overall,Overall,36,35,48,2.0,2.713828,0.374535,1136,19,
3,192,Overall,Overall,36,5,48,-2.0,-1.998066,0.592609,900,30,
3,193,Overall,Overall,36,10,48,-0.5,-0.465123,0.358394,977,18,
3,194,Overall,Overall,36,6,48,-1.0,-1.71556,0.532881,914,27,
3,195,Overall,Overall,36,30,48,1.5,1.634796,0.30394,1082,15,
3,196,Overall,Overall,36,2,48,-2.5,-3.730059,1.061388,813,53,
3,197,Overall,Overall,36,11,48,-1.0,-0.857332,0.405862,957,20,
3,198,Overall,Overall,36,4,48,-2.5,-2.471989,0.70024,876,35,
3,199,Overall,Overall,36,19,48,0.5,0.376812,0.307318,1019,15,
3,200,Overall,Overall,36,15,48,0.0,0.059349,0.318966,1003,16,
3,201,Overall,Overall,36,7,48,-1.0,-1.224859,0.450916,939,23,
3,202,Overall,Overall,36,16,48,0.0,0.093533,0.317318,1005,16,
3,203,Overall,Overall,36,4,48,-3.0,-2.708333,0.750669,865,38,
3,204,Overall,Overall,36,22,48,1.5,1.553833,0.308706,1078,15,
3,205,Overall,Overall,36,16,48,0.0,-0.04974,0.324347,998,16,
3,206,Overall,Overall,36,2,48,-3.0,-3.733859,1.099436,813,55,
3,207,Overall,Overall,36,22,48,0.5,0.471092,0.30684,1024,15,
3,208,Overall,Overall,36,24,48,1.5,1.361618,0.309835,1068,15,
3,209,Overall,Overall,36,10,48,-1.5,-1.278358,0.462867,936,23,
3,210,Overall,Overall,36,16,48,0.5,0.199372,0.320384,1010,16,
3,211,Overall,Overall,36,7,48,-1.5,-1.719246,0.53919,914,27,
3,212,Overall,Overall,36,25,48,1.5,1.171798,0.298052,1059,15,
3,213,Overall,Overall,36,38,48,3.0,2.926907,0.394936,1146,20,
3,214,Overall,Overall,36,29,48,1.5,1.549103,0.30222,1077,15,
3,215,Overall,Overall,36,4,48,-1.5,-2.852737,0.803882,857,40,
3,216,Overall,Overall,36,29,48,2.0,2.193175,0.333422,1110,17,
3,217,Overall,Overall,36,36,48,2.5,2.85682,0.38693,1143,19,
3,218,Overall,Overall,36,5,48,-2.5,-2.438107,0.688575,878,34,
3,219,Overall,Overall,36,7,48,-2.0,-1.868464,0.564947,907,28,
3,220,Overall,Overall,36,18,48,0.5,0.639974,0.303402,1032,15,
3,221,Overall,Overall,36,8,48,-1.0,-1.216685,0.453474,939,23,
3,222,Overall,Overall,36,28,48,2.5,1.928685,0.322092,1096,16,
3,223,Overall,Overall,36,5,48,-2.5,-2.605498,0.735022,870,37,
3,224,Overall,Overall,36,34,48,3.0,2.294172,0.339727,1115,17,
3,225,Overall,Overall,36,20,48,1.0,0.712315,0.302262,1036,15,
3,226,Overall,Overall,36,0,48,-2.5,-5.0,1.714847,750,86,
3,227,Overall,Overall,36,6,48,-2.0,-2.175599,0.629772,891,31,
3,228,Overall,Overall,36,18,48,0.5,0.381299,0.3067,1019,15,
3,229,Overall,Overall,36,2,48,-3.0,-3.824696,1.103797,809,55,
3,230,Overall,Overall,36,28,48,2.0,1.997879,0.32458,1100,16,
3,231,Overall,Overall,36,39,48,3.0,3.859915,0.528071,1193,26,
3,232,Overall,Overall,36,15,48,-0.5,0.098924,0.318168,1005,16,
3,233,Overall,Overall,36,38,48,2.5,2.984396,0.405919,1149,20,
3,234,Overall,Overall,36,5,48,-2.5,-2.542657,0.718507,873,36,
3,235,Overall,Overall,36,5,48,-2.0,-2.865866,0.799739,857,40,
3,236,Overall,Overall,36,39,48,2.5,2.746349,0.389336,1137,19,
3,237,Overall,Overall,36,7,48,-1.0,-2.134199,0.620363,893,31,
3,238,Overall,Overall,36,35,48,1.5,2.101654,0.326945,1105,16,
3,239,Overall,Overall,36,31,48,2.0,2.132309,0.330162,1107,17,
3,240,Overall,Overall,36,8,48,-2.5,-1.540579,0.504321,923,25,
3,241,Overall,Overall,36,31,48,1.5,1.930379,0.31711,1097,16,
3,242,Overall,Overall,36,31,48,2.0,1.452353,0.300711,1073,15,
3,243,Overall,Overall,36,35,48,3.0,2.896876,0.392062,1145,20,
3,244,Overall,Overall,36,13,48,0.0,-0.156331,0.330789,992,17,
3,245,Overall,Overall,36,11,48,0.0,-0.647874,0.373912,968,19,
3,246,Overall,Overall,36,4,48,-2.0,-3.046792,0.870301,848,44,
3,247,Overall,Overall,36,2,48,-3.0,-3.837402,1.113927,808,56,
3,248,Overall,Overall,36,3,48,-3.0,-4.169521,1.276422,792,64,
3,249,Overall,Overall,36,27,48,1.0,1.202297,0.298231,1060,15,
3,250,Overall,Overall,36,26,48,1.5,1.560148,0.305676,1078,15,
3,251,Overall,Overall,36,5,48,-3.0,-2.440958,0.689047,878,34,
3,252,Overall,Overall,36,38,48,3.0,4.024919,0.557243,1201,28,
3,253,Overall,Overall,36,33,48,3.0,3.078746,0.426437,1154,21,
3,254,Overall,Overall,36,7,48,-2.0,-1.978992,0.585823,901,29,
3,255,Overall,Overall,36,19,48,0.5,0.418513,0.305651,1021,15,
3,256,Overall,Overall,36,6,48,-2.0,-1.703593,0.533375,915,27,
3,257,Overall,Overall,36,31,48,2.0,2.145069,0.333383,1107,17,
3,258,Overall,Overall,36,31,48,2.5,2.380457,0.345702,1119,17,
3,259,Overall,Overall,36,25,48,2.0,1.448405,0.304897,1072,15,
3,260,Overall,Overall,36,27,48,1.0,1.161275,0.296807,1058,15,
3,261,Overall,Overall,36,3,48,-3.0,-2.921846,0.813755,854,41,
3,262,Overall,Overall,36,3,48,-1.5,-3.280714,0.921859,836,46,
3,263,Overall,Overall,36,35,48,2.5,2.852911,0.391319,1143,20,
3,264,Overall,Overall,36,22,48,1.0,0.86043,0.301405,1043,15,
3,265,Overall,Overall,36,37,48,3.0,2.885217,0.400177,1144,20,
3,266,Overall,Overall,36,16,48,0.5,0.372275,0.312919,1019,16,
3,267,Overall,Overall,36,15,48,0.0,-0.186614,0.334574,991,17,
3,268,Overall,Overall,36,6,48,-1.0,-1.52871,0.500088,924,25,
3,269,Overall,Overall,36,29,48,1.5,1.424935,0.299356,1071,15,
3,270,Overall,Overall,36,6,48,-3.0,-1.815592,0.55658,909,28,
3,271,Overall,Overall,36,6,48,-1.5,-1.458448,0.495804,927,25,
3,272,Overall,Overall,36,28,48,2.5,1.697022,0.306545,1085,15,
3,273,Overall,Overall,36,10,48,-0.5,-0.59346,0.370138,970,19,
3,274,Overall,Overall,36,28,48,2.0,2.033808,0.332335,1102,17,
3,275,Overall,Overall,36,34,48,1.5,1.841515,0.315149,1092,16,
3,276,Overall,Overall,36,12,48,-1.0,-0.336183,0.345334,983,17,
3,277,Overall,Overall,36,29,48,2.0,2.197291,0.333655,1110,17,
3,278,Overall,Overall,36,7,48,-1.0,-1.183587,0.444148,941,22,
3,279,Overall,Overall,36,3,48,-2.5,-3.160787,0.894149,842,45,
3,280,Overall,Overall,36,34,48,3.0,2.999837,0.405737,1150,20,
3,281,Overall,Overall,36,5,48,-3.0,-2.428262,0.689439,879,34,
3,282,Overall,Overall,36,11,48,-0.5,-0.715539,0.381514,964,19,
3,283,Overall,Overall,36,7,48,-2.5,-1.902519,0.579273,905,29,
3,284,Overall,Overall,36,8,48,-0.5,-0.736584,0.384267,963,19,
3,285,Overall,Overall,36,8,48,-1.5,-1.24832,0.452118,938,23,
3,286,Overall,Overall,36,37,48,3.0,2.963445,0.406795,1148,20,
3,287,Overall,Overall,36,40,48,2.5,3.202789,0.432547,1160,22,
3,288,Overall,Overall,36,40,48,2.5,3.163263,0.435439,1158,22,
3,289,Overall,Overall,36,41,48,3.0,3.386928,0.45975,1169,23,
3,290,Overall,Overall,36,6,48,-2.0,-1.577661,0.509518,921,25,
3,291,Overall,Overall,36,13,48,0.0,-0.38759,0.349036,981,17,
3,292,Overall,Overall,36,21,48,0.5,0.811803,0.301015,1041,15,
3,293,Overall,Overall,36,1,48,-3.0,-4.847018,1.527879,758,76,
3,294,Overall,Overall,36,36,48,3.0,2.94075,0.396158,1147,20,
3,295,Overall,Overall,36,10,48,0.0,-0.790104,0.389657,960,19,
3,296,Overall,Overall,36,5,48,-2.5,-2.4755,0.697749,876,35,
3,297,Overall,Overall,36,12,48,0.0,-0.408083,0.350848,980,18,
3,298,Overall,Overall,36,5,48,-2.0,-2.484386,0.703468,876,35,
3,299,Overall,Overall,36,21,48,0.5,1.1125,0.30747,1056,15,
3,300,Overall,Overall,36,26,48,1.5,1.54477,0.301206,1077,15,
3,301,Overall,Overall,36,19,48,1.0,1.260136,0.315287,1063,16,
3,302,Overall,Overall,36,5,48,-3.0,-2.495831,0.705724,875,35,
3,303,Overall,Overall,36,8,48,-1.0,-1.218367,0.449885,939,22,
3,304,Overall,Overall,36,9,48,-1.5,-1.120573,0.443693,944,22,
3,305,Overall,Overall,36,18,48,0.0,-0.075229,0.327975,996,16,
3,306,Overall,Overall,36,6,48,-3.0,-2.02488,0.597647,899,30,
3,307,Overall,Overall,36,5,48,-2.0,-2.282091,0.652579,886,33,
3,308,Overall,Overall,36,12,48,-0.5,-0.587424,0.367645,971,18,
3,309,Overall,Overall,36,22,48,1.5,1.253757,0.303444,1063,15,
3,310,Overall,Overall,36,24,48,1.0,1.245756,0.297434,1062,15,
3,311,Overall,Overall,36,4,48,-3.0,-2.96282,0.825456,852,41,
3,312,Overall,Overall,36,9,48,-1.5,-1.135643,0.442184,943,22,
3,313,Overall,Overall,36,23,48,0.5,0.87858,0.3009,1044,15,
3,314,Overall,Overall,36,38,48,3.0,3.84456,0.534447,1192,27,
3,315,Overall,Overall,36,8,48,-3.0,-1.727199,0.536789,914,27,
3,316,Overall,Overall,36,32,48,3.0,2.599091,0.360996,1130,18,
3,317,Overall,Overall,36,31,48,2.5,2.534075,0.357692,1127,18,
3,318,Overall,Overall,36,4,48,-2.5,-3.104644,0.874464,845,44,
3,319,Overall,Overall,36,25,48,1.0,0.962122,0.301533,1048,15,
3,320,Overall,Overall,36,35,48,3.0,3.313708,0.451956,1166,23,
3,321,Overall,Overall,36,27,48,1.0,1.302251,0.297748,1065,15,
3,322,Overall,Overall,36,29,48,2.0,1.922099,0.316135,1096,16,
3,323,Overall,Overall,36,8,48,-0.5,-1.070386,0.425652,946,21,
3,324,Overall,Overall,36,8,48,-1.5,-0.992112,0.419829,950,21,
3,325,Overall,Overall,36,20,48,0.5,0.364042,0.311159,1018,16,
3,326,Overall,Overall,36,6,48,-1.5,-1.552614,0.503018,922,25,
3,327,Overall,Overall,36,10,48,-1.5,-0.987455,0.414362,951,21,
3,328,Overall,Overall,36,6,48,-2.0,-2.189707,0.631721,891,32,
3,329,Overall,Overall,36,28,48,1.5,1.468474,0.299488,1073,15,
3,330,Overall,Overall,36,2,48,-3.0,-3.434592,0.972348,828,49,
3,331,Overall,Overall,36,6,48,-2.5,-2.314218,0.658944,884,33,
3,332,Overall,Overall,36,6,48,-1.5,-1.520393,0.497735,924,25,
3,333,Overall,Overall,36,14,48,0.0,-0.025481,0.323541,999,16,
3,334,Overall,Overall,36,8,48,-2.0,-1.330143,0.465577,933,23,
3,335,Overall,Overall,36,4,48,-2.5,-2.278233,0.656039,886,33,
3,336,Overall,Overall,36,12,48,-1.0,-0.586788,0.367454,971,18,
3,337,Overall,Overall,36,5,48,-3.0,-2.032551,0.597618,898,30,
3,338,Overall,Overall,36,21,48,0.5,0.405924,0.307855,1020,15,
3,339,Overall,Overall,36,7,48,-1.5,-1.296311,0.459951,935,23,
3,340,Overall,Overall,36,0,48,-3.0,-5.0,1.709378,750,85,
3,341,Overall,Overall,36,21,48,1.0,0.703557,0.301028,1035,15,
3,342,Overall,Overall,36,13,48,-1.0,-0.257943,0.339271,987,17,
3,343,Overall,Overall,36,13,48,-0.5,-0.306977,0.342836,985,17,
3,344,Overall,Overall,36,5,48,-3.0,-2.519475,0.707865,874,35,
3,345,Overall,Overall,36,18,48,0.5,0.469661,0.304854,1023,15,
3,346,Overall,Overall,36,32,48,2.5,2.563891,0.375077,1128,19,
3,347,Overall,Overall,36,33,48,2.0,2.367956,0.346961,1118,17,
3,348,Overall,Overall,36,11,48,-1.0,-1.009367,0.418498,950,21,
3,349,Overall,Overall,36,30,48,2.0,2.373619,0.342328,1119,17,
3,350,Overall,Overall,36,7,48,-1.0,-2.051424,0.603431,897,30,
3,351,Overall,Overall,36,34,48,2.5,2.765623,0.381429,1138,19,
3,352,Overall,Overall,36,36,48,2.0,2.360529,0.351561,1118,18,
3,353,Overall,Overall,36,3,48,-3.0,-3.022341,0.843768,849,42,
3,354,Overall,Overall,36,29,48,1.5,1.4261,0.29938,1071,15,
3,355,Overall,Overall,36,30,48,1.5,1.99979,0.323376,1100,16,
3,356,Overall,Overall,36,7,48,-1.0,-1.424584,0.480591,929,24,
3,357,Overall,Overall,36,10,48,-1.5,-0.833126,0.394723,958,20,
3,358,Overall,Overall,36,26,48,1.5,1.324813,0.297438,1066,15,
3,359,Overall,Overall,36,2,48,-3.0,-4.703753,1.545269,765,77,
3,360,Overall,Overall,36,35,48,2.5,2.615728,0.362411,1131,18,
3,361,Overall,Overall,36,35,48,2.5,3.062372,0.420012,1153,21,
3,362,Overall,Overall,36,4,48,-3.0,-3.072525,0.857653,846,43,
3,363,Overall,Overall,36,17,48,0.0,0.178067,0.313757,1009,16,
3,364,Overall,Overall,36,26,48,2.0,1.382875,0.298069,1069,15,
3,365,Overall,Overall,36,10,48,-0.5,-0.588683,0.367431,971,18,
3,366,Overall,Overall,36,12,48,-1.0,-0.678291,0.37745,966,19,
3,367,Overall,Overall,36,7,48,-1.0,-1.548534,0.507663,923,25,
3,368,Overall,Overall,36,16,48,0.0,0.218435,0.313073,1011,16,
3,369,Overall,Overall,36,12,48,0.0,-0.47282,0.356831,976,18,
3,370,Overall,Overall,36,8,48,-0.5,-1.107603,0.432062,945,22,
3,371,Overall,Overall,36,17,48,-1.0,0.153827,0.314638,1008,16,
3,372,Overall,Overall,36,6,48,-2.5,-1.742508,0.538012,913,27,
3,373,Overall,Overall,36,36,48,2.5,2.800873,0.387348,1140,19,
3,374,Overall,Overall,36,30,48,2.5,2.253177,0.337314,1113,17,
3,375,Overall,Overall,36,23,48,1.5,1.279444,0.296983,1064,15,
3,376,Overall,Overall,36,29,48,2.0,1.411435,0.313008,1071,16,
3,377,Overall,Overall,36,17,48,0.5,0.363867,0.307229,1018,15,
3,378,Overall,Overall,36,5,48,-2.5,-2.166015,0.626532,892,31,
3,379,Overall,Overall,36,25,48,1.0,1.322924,0.297386,1066,15,
3,380,Overall,Overall,36,31,48,2.0,1.971439,0.319772,1099,16,
3,381,Overall,Overall,36,4,48,-2.5,-2.734674,0.776927,863,39,
3,382,Overall,Overall,36,34,48,1.5,1.956413,0.318733,1098,16,
3,383,Overall,Overall,36,2,48,-3.0,-4.338767,1.347837,783,67,
3,384,Overall,Overall,36,8,48,-1.5,-2.039962,0.600436,898,30,
3,385,Overall,Overall,36,30,48,1.5,1.892375,0.316269,1095,16,
3,386,Overall,Overall,36,8,48,-1.5,-1.485474,0.490879,926,25,
3,387,Overall,Overall,36,4,48,-2.0,-2.731686,0.763909,863,38,
3,388,Overall,Overall,36,37,48,3.0,3.020815,0.413084,1151,21,
3,389,Overall,Overall,36,16,48,0.0,-0.165442,0.335051,992,17,
3,390,Overall,Overall,36,27,48,1.0,1.038739,0.297624,1052,15,
3,391,Overall,Overall,36,22,48,1.0,0.834996,0.301791,1042,15,
3,392,Overall,Overall,36,31,48,3.0,2.401563,0.346382,1120,17,
3,393,Overall,Overall,36,33,48,2.5,2.974482,0.411464,1149,21,
3,394,Overall,Overall,36,7,48,-1.5,-1.541578,0.501621,923,25,
3,395,Overall,Overall,36,9,48,-0.5,-0.797369,0.390478,960,20,
3,396,Overall,Overall,36,7,48,-2.5,-2.050536,0.600943,897,30,
3,397,Overall,Overall,36,7,48,-3.0,-1.606212,0.513412,920,26,
3,398,Overall,Overall,36,20,48,0.5,0.745008,0.301714,1037,15,
3,399,Overall,Overall,36,6,48,-2.5,-2.228533,0.641664,889,32,
3,400,Overall,Overall,36,38,48,3.0,2.844333,0.389843,1142,19,
3,401,Overall,Overall,36,20,48,0.5,0.434429,0.3095,1022,15,
3,402,Overall,Overall,36,4,48,-3.0,-2.596875,0.727146,870,36,
3,403,Overall,Overall,36,36,48,2.5,3.028819,0.41022,1151,21,
3,404,Overall,Overall,36,30,48,2.0,1.543621,0.302303,1077,15,
3,405,Overall,Overall,36,23,48,1.0,1.021439,0.298232,1051,15,
3,406,Overall,Overall,36,7,48,-1.0,-1.147138,0.439487,943,22,
3,407,Overall,Overall,36,3,48,-3.0,-3.635491,1.049833,818,52,
3,408,Overall,Overall,36,7,48,-2.0,-1.613083,0.516874,919,26,
3,409,Overall,Overall,36,22,48,0.5,0.90201,0.301493,1045,15,
3,410,Overall,Overall,36,42,48,3.0,3.896561,0.537138,1195,27,
3,411,Overall,Overall,36,29,48,2.0,1.597213,0.302837,1080,15,
3,412,Overall,Overall,36,29,48,1.5,1.48965,0.29992,1074,15,
3,413,Overall,Overall,36,11,48,0.0,-0.281962,0.344903,986,17,
3,414,Overall,Overall,36,13,48,0.0,-0.075339,0.326528,996,16,
3,415,Overall,Overall,36,23,48,1.5,1.152623,0.296909,1058,15,
3,416,Overall,Overall,36,29,48,2.0,2.011844,0.322394,1101,16,
3,417,Overall,Overall,36,12,48,-0.5,-0.321637,0.344163,984,17,
3,418,Overall,Overall,36,32,48,2.0,1.985215,0.320556,1099,16,
3,419,Overall,Overall,36,4,48,-1.5,-2.919655,0.812276,854,41,
3,420,Overall,Overall,36,36,48,2.5,2.482861,0.356472,1124,18,
3,421,Overall,Overall,36,3,48,-2.5,-4.471126,1.407863,776,70,
3,422,Overall,Overall,36,14,48,-0.5,-0.193004,0.334563,990,17,
3,423,Overall,Overall,36,2,48,-3.0,-3.408075,0.961287,830,48,
3,424,Overall,Overall,36,9,48,-1.0,-0.840128,0.401845,958,20,
3,425,Overall,Overall,36,5,48,-2.5,-2.078243,0.607608,896,30,
3,426,Overall,Overall,36,11,48,-1.0,-0.864294,0.399188,957,20,
3,427,Overall,Overall,36,33,48,2.5,2.470762,0.358065,1124,18,
3,428,Overall,Overall,36,27,48,1.0,1.246823,0.307166,1062,15,
3,429,Overall,Overall,36,28,48,2.0,1.666217,0.305661,1083,15,
3,430,Overall,Overall,36,26,48,1.5,1.545343,0.299864,1077,15,
3,431,Overall,Overall,36,4,48,-2.0,-2.721996,0.761868,864,38,
3,432,Overall,Overall,36,33,48,3.0,2.572655,0.366764,1129,18,
3,433,Overall,Overall,36,34,48,2.5,2.212638,0.335296,1111,17,
3,434,Overall,Overall,36,33,48,2.0,2.029183,0.323333,1101,16,
3,435,Overall,Overall,36,9,48,-1.0,-1.029809,0.419975,949,21,
3,436,Overall,Overall,36,17,48,-0.5,-0.006931,0.324428,1000,16,
3,437,Overall,Overall,36,36,48,3.0,2.71934,0.372167,1136,19,
3,438,Overall,Overall,36,8,48,-1.5,-1.180843,0.441962,941,22,
3,439,Overall,Overall,36,37,48,2.0,2.452893,0.356063,1123,18,
3,440,Overall,Overall,36,21,48,0.5,0.600307,0.303731,1030,15,
3,441,Overall,Overall,36,20,48,1.0,0.578696,0.302744,1029,15,
3,442,Overall,Overall,36,11,48,-0.5,-0.722445,0.381678,964,19,
3,443,Overall,Overall,36,31,48,2.0,1.685116,0.306221,1084,15,
3,444,Overall,Overall,36,1,48,-3.0,-4.871453,1.564755,756,78,
3,445,Overall,Overall,36,13,48,0.0,-0.344608,0.345736,983,17,
3,446,Overall,Overall,36,14,48,0.5,0.348718,0.311433,1017,16,
3,447,Overall,Overall,36,2,48,-3.0,-5.0,1.659497,750,83,
3,448,Overall,Overall,36,18,48,0.5,0.717885,0.308881,1036,15,
3,449,Overall,Overall,36,10,48,-1.5,-0.9319,0.407822,953,20,
3,450,Overall,Overall,36,25,48,1.0,1.368627,0.298815,1068,15,
3,451,Overall,Overall,36,4,48,-1.5,-2.415107,0.679449,879,34,
3,452,Overall,Overall,36,31,48,2.5,2.626781,0.366145,1131,18,
3,453,Overall,Overall,36,24,48,1.0,1.221701,0.296935,1061,15,
3,454,Overall,Overall,36,8,48,-1.0,-1.288682,0.458879,936,23,
3,455,Overall,Overall,36,14,48,-0.5,0.18341,0.324807,1009,16,
3,456,Overall,Overall,36,33,48,2.5,2.276131,0.340135,1114,17,
3,457,Overall,Overall,36,4,48,-2.5,-3.19092,0.9012,840,45,
3,458,Overall,Overall,36,37,48,3.0,2.754428,0.38856,1138,19,
3,459,Overall,Overall,36,20,48,1.0,0.739228,0.302566,1037,15,
3,460,Overall,Overall,36,28,48,1.0,1.371965,0.300312,1069,15,
3,461,Overall,Overall,36,10,48,0.0,-0.513254,0.360962,974,18,
3,462,Overall,Overall,36,18,48,-0.5,0.214793,0.313663,1011,16,
3,463,Overall,Overall,36,23,48,1.0,1.078626,0.304976,1054,15,
3,464,Overall,Overall,36,24,48,1.5,1.115859,0.296674,1056,15,
3,465,Overall,Overall,36,27,48,1.0,1.188292,0.297964,1059,15,
3,466,Overall,Overall,36,17,48,0.5,0.219176,0.314971,1011,16,
3,467,Overall,Overall,36,38,48,3.0,3.229592,0.436402,1161,22,
3,468,Overall,Overall,36,5,48,-2.0,-2.306024,0.663084,885,33,
3,469,Overall,Overall,36,9,48,-1.5,-1.043512,0.422155,948,21,
3,470,Overall,Overall,36,35,48,3.0,2.748688,0.38622,1137,19,
3,471,Overall,Overall,36,4,48,-1.0,-1.92342,0.575619,904,29,
3,472,Overall,Overall,36,14,48,-0.5,-0.154458,0.332427,992,17,
3,473,Overall,Overall,36,5,48,-1.0,-1.788284,0.548571,911,27,
3,474,Overall,Overall,36,35,48,2.0,2.291528,0.344268,1115,17,
3,475,Overall,Overall,36,26,48,2.0,1.361445,0.29779,1068,15,
3,476,Overall,Overall,36,9,48,-0.5,-0.711497,0.380724,964,19,
3,477,Overall,Overall,36,25,48,1.5,1.126601,0.297702,1056,15,
3,478,Overall,Overall,36,33,48,2.5,2.58612,0.363619,1129,18,
3,479,Overall,Overall,36,4,48,-3.0,-3.077683,0.859198,846,43,
3,480,Overall,Overall,36,24,48,1.0,0.917904,0.301141,1046,15,
3,481,Overall,Overall,36,32,48,2.0,2.295183,0.340349,1115,17,
3,482,Overall,Overall,36,4,48,-3.0,-2.788347,0.785343,861,39,
3,483,Overall,Overall,36,6,48,-1.5,-1.920943,0.574816,904,29,
3,484,Overall,Overall,36,8,48,-1.0,-1.264139,0.455148,937,23,
3,485,Overall,Overall,36,12,48,-0.5,-0.328162,0.344713,984,17,
3,486,Overall,Overall,36,4,48,-3.0,-2.860595,0.795391,857,40,
3,487,Overall,Overall,36,10,48,-2.0,-1.341403,0.467331,933,23,
3,488,Overall,Overall,36,20,48,1.5,0.860628,0.300406,1043,15,
3,489,Overall,Overall,36,20,48,1.5,1.137916,0.303731,1057,15,
3,490,Overall,Overall,36,4,48,-2.5,-2.269345,0.655192,887,33,
3,491,Overall,Overall,36,6,48,-2.5,-2.404986,0.677135,880,34,
3,492,Overall,Overall,36,8,48,-0.5,-0.867514,0.39936,957,20,
3,493,Overall,Overall,36,32,48,2.0,1.939756,0.317024,1097,16,
3,494,Overall,Overall,36,11,48,-1.5,-0.637138,0.372481,968,19,
3,495,Overall,Overall,36,5,48,-1.5,-2.306401,0.659624,885,33,
3,496,Overall,Overall,36,36,48,3.0,2.910825,0.395603,1146,20,
3,497,Overall,Overall,36,27,48,1.5,1.416616,0.299394,1071,15,
3,498,Overall,Overall,36,23,48,1.0,0.978218,0.297769,1049,15,
3,499,Overall,Overall,36,32,48,2.0,1.712989,0.308756,1086,15,
3,500,Overall,Overall,36,33,48,2.5,2.118445,0.330293,1106,17,
3,501,Overall,Overall,36,19,48,0.5,0.652764,0.302713,1033,15,
3,502,Overall,Overall,36,12,48,-0.5,-0.32021,0.346494,984,17,
3,503,Overall,Overall,36,6,48,-2.0,-1.973952,0.584677,901,29,
3,504,Overall,Overall,36,29,48,1.5,1.780423,0.309866,1089,15,
3,505,Overall,Overall,36,33,48,2.5,2.272657,0.341229,1114,17,
3,506,Overall,Overall,36,9,48,-1.5,-1.340173,0.473301,933,24,
3,507,Overall,Overall,36,10,48,-0.5,-0.549111,0.363952,973,18,
3,508,Overall,Overall,36,30,48,1.5,1.648962,0.306073,1082,15,
3,509,Overall,Overall,36,12,48,-1.0,-0.456085,0.355894,977,18,
3,510,Overall,Overall,36,12,48,-0.5,-0.41242,0.351762,979,18,
3,511,Overall,Overall,36,3,48,-2.5,-2.932136,0.840769,853,42,
3,512,Overall,Overall,36,30,48,2.0,2.112963,0.329195,1106,16,
3,513,Overall,Overall,36,22,48,1.0,0.910841,0.302291,1046,15,
3,514,Overall,Overall,36,11,48,-0.5,-0.691977,0.378898,965,19,
3,515,Overall,Overall,36,10,48,-0.5,-0.75441,0.385354,962,19,
3,516,Overall,Overall,36,25,48,2.5,1.78047,0.314797,1089,16,
3,517,Overall,Overall,36,33,48,2.0,2.027197,0.326112,1101,16,
3,518,Overall,Overall,36,14,48,-0.5,-0.214249,0.338377,989,17,
3,519,Overall,Overall,36,1,48,-3.0,-5.0,1.659497,750,83,
3,520,Overall,Overall,36,34,48,2.5,3.34151,0.459174,1167,23,
3,521,Overall,Overall,36,11,48,-1.0,-0.816633,0.393181,959,20,
3,522,Overall,Overall,36,5,48,-2.5,-2.310852,0.658285,884,33,
3,523,Overall,Overall,36,19,48,0.5,0.24049,0.311876,1012,16,
3,524,Overall,Overall,36,38,48,3.0,2.850106,0.393581,1143,20,
3,525,Overall,Overall,36,3,48,-3.0,-3.616113,1.034801,819,52,
3,526,Overall,Overall,36,25,48,1.5,1.252384,0.296935,1063,15,
3,527,Overall,Overall,36,26,48,0.5,1.424375,0.298893,1071,15,
3,528,Overall,Overall,36,32,48,2.0,1.820541,0.311813,1091,16,
3,529,Overall,Overall,36,6,48,-2.5,-2.4042,0.680521,880,34,
3,530,Overall,Overall,36,18,48,0.0,0.198164,0.314708,1010,16,
3,531,Overall,Overall,36,23,48,1.0,1.434565,0.303533,1072,15,
3,532,Overall,Overall,36,21,48,1.0,0.89067,0.302541,1045,15,
3,533,Overall,Overall,36,15,48,-0.5,0.060036,0.318942,1003,16,
3,534,Overall,Overall,36,33,48,3.0,2.399687,0.347605,1120,17,
3,535,Overall,Overall,36,14,48,0.0,-0.218819,0.33654,989,17,
3,536,Overall,Overall,36,26,48,1.0,1.26486,0.297409,1063,15,
3,537,Overall,Overall,36,13,48,-0.5,-0.325713,0.344519,984,17,
3,538,Overall,Overall,36,29,48,2.0,1.892876,0.314896,1095,16,
3,539,Overall,Overall,36,5,48,-2.5,-2.591903,0.725747,870,36,
3,540,Overall,Overall,36,16,48,0.5,0.623598,0.313213,1031,16,
3,541,Overall,Overall,36,36,48,3.0,3.292433,0.44797,1165,22,
3,542,Overall,Overall,36,5,48,-3.0,-1.720209,0.533858,914,27,
3,543,Overall,Overall,36,21,48,1.0,0.955148,0.297925,1048,15,
3,544,Overall,Overall,36,7,48,-1.5,-1.524065,0.497584,924,25,
3,545,Overall,Overall,36,16,48,0.5,0.516475,0.311826,1026,16,
3,546,Overall,Overall,36,5,48,-2.5,-1.513965,0.496757,924,25,
3,547,Overall,Overall,36,6,48,-1.5,-2.37273,0.672741,881,34,
3,548,Overall,Overall,36,32,48,1.5,2.04055,0.322844,1102,16,
3,549,Overall,Overall,36,4,48,-1.5,-2.389505,0.681892,881,34,
3,550,Overall,Overall,36,34,48,2.0,2.541996,0.358952,1127,18,
3,551,Overall,Overall,36,30,48,2.0,1.697276,0.309311,1085,15,
3,552,Overall,Overall,36,11,48,-1.0,-0.962516,0.419406,952,21,
3,553,Overall,Overall,36,23,48,1.0,1.137986,0.296964,1057,15,
3,554,Overall,Overall,36,5,48,-2.5,-1.921735,0.578104,904,29,
3,555,Overall,Overall,36,1,48,-3.0,-5.0,1.714847,750,86,
3,556,Overall,Overall,36,21,48,0.5,0.587263,0.302208,1029,15,
3,557,Overall,Overall,36,15,48,0.0,0.199076,0.313618,1010,16,
3,558,Overall,Overall,36,7,48,-2.0,-1.694795,0.529841,915,26,
3,559,Overall,Overall,36,5,48,-2.0,-2.558888,0.717059,872,36,
3,560,Overall,Overall,36,8,48,-2.0,-1.644287,0.527406,918,26,
3,561,Overall,Overall,36,6,48,-3.0,-1.847734,0.558986,908,28,
3,562,Overall,Overall,36,32,48,2.5,2.468235,0.350122,1123,18,
3,563,Overall,Overall,36,7,48,-2.5,-1.399116,0.47696,930,24,
3,564,Overall,Overall,36,36,48,3.0,3.52302,0.485234,1176,24,
3,565,Overall,Overall,36,17,48,0.0,-0.076427,0.327379,996,16,
3,566,Overall,Overall,36,31,48,2.0,2.520934,0.35576,1126,18,
3,567,Overall,Overall,36,3,48,-2.5,-3.206679,0.916587,840,46,
3,568,Overall,Overall,36,31,48,2.0,2.105669,0.328462,1105,16,
3,569,Overall,Overall,36,34,48,2.0,2.391505,0.346215,1120,17,
3,570,Overall,Overall,36,14,48,-0.5,-0.448948,0.355034,978,18,
3,571,Overall,Overall,36,10,48,-1.0,-0.480856,0.358206,976,18,
3,572,Overall,Overall,36,3,48,-2.5,-3.146924,0.89423,843,45,
3,573,Overall,Overall,36,35,48,3.0,3.19854,0.433942,1160,22,
3,574,Overall,Overall,36,24,48,1.0,1.022073,0.297522,1051,15,
3,575,Overall,Overall,36,34,48,2.0,2.092585,0.326314,1105,16,
3,576,Overall,Overall,36,11,48,-1.5,-0.651514,0.376919,967,19,
3,577,Overall,Overall,36,7,48,-2.0,-1.843948,0.56151,908,28,
3,578,Overall,Overall,36,14,48,0.0,-0.24646,0.338463,988,17,
3,579,Overall,Overall,36,9,48,-0.5,-0.880239,0.400291,956,20,
3,580,Overall,Overall,36,17,48,0.0,-0.004057,0.32419,1000,16,
3,581,Overall,Overall,36,5,48,-2.0,-2.836993,0.790074,858,40,
3,582,Overall,Overall,36,33,48,3.0,2.586956,0.36674,1129,18,
3,583,Overall,Overall,36,14,48,-0.5,-0.255751,0.339285,987,17,
3,584,Overall,Overall,36,6,48,-1.0,-1.70737,0.532589,915,27,
3,585,Overall,Overall,36,18,48,0.5,0.397644,0.307181,1020,15,
3,586,Overall,Overall,36,32,48,2.5,2.446014,0.350238,1122,18,
3,587,Overall,Overall,36,5,48,-1.0,-1.930294,0.57818,903,29,
3,588,Overall,Overall,36,12,48,0.0,-0.519466,0.36096,974,18,
3,589,Overall,Overall,36,4,48,-3.0,-2.421521,0.687489,879,34,
3,590,Overall,Overall,36,5,48,-2.0,-1.522585,0.49751,924,25,
3,591,Overall,Overall,36,9,48,-1.0,-1.206994,0.452647,940,23,
3,592,Overall,Overall,36,16,48,1.0,0.497882,0.310602,1025,16,
3,593,Overall,Overall,36,5,48,-2.0,-2.637923,0.737373,868,37,
3,594,Overall,Overall,36,36,48,3.0,2.855555,0.389582,1143,19,
3,595,Overall,Overall,36,22,48,1.0,0.894288,0.298672,1045,15,
3,596,Overall,Overall,36,4,48,-3.0,-3.313605,0.949195,834,47,
3,597,Overall,Overall,36,23,48,1.5,1.225605,0.296784,1061,15,
3,598,Overall,Overall,36,15,48,0.5,0.342112,0.310137,1017,16,
3,599,Overall,Overall,36,10,48,-1.5,-1.045392,0.430099,948,22,
3,600,Overall,Overall,36,32,48,2.5,2.82109,0.39101,1141,20,
3,601,Overall,Overall,36,9,48,-1.5,-1.648971,0.525859,918,26,
3,602,Overall,Overall,36,14,48,0.0,-0.112171,0.328882,994,16,
3,603,Overall,Overall,36,36,48,3.0,3.026515,0.408574,1151,20,
3,604,Overall,Overall,36,34,48,3.0,2.708175,0.381749,1135,19,
3,605,Overall,Overall,36,6,48,-2.0,-1.740404,0.541111,913,27,
3,606,Overall,Overall,36,23,48,1.0,0.900656,0.298757,1045,15,
3,607,Overall,Overall,36,11,48,-0.5,-0.103856,0.328339,995,16,
3,608,Overall,Overall,36,15,48,0.0,-0.061019,0.32498,997,16,
3,609,Overall,Overall,36,38,48,2.5,3.156531,0.426896,1158,21,
3,610,Overall,Overall,36,7,48,-1.5,-1.00639,0.423544,950,21,
3,611,Overall,Overall,36,7,48,-1.5,-1.278442,0.457073,936,23,
3,612,Overall,Overall,36,25,48,2.0,1.650123,0.313756,1083,16,
3,613,Overall,Overall,36,38,48,3.0,4.258283,0.593304,1213,30,
3,614,Overall,Overall,36,25,48,1.5,1.447137,0.308674,1072,15,
3,615,Overall,Overall,36,31,48,2.5,2.436683,0.346991,1122,17,
3,616,Overall,Overall,36,8,48,-1.0,-1.28987,0.467219,936,23,
3,617,Overall,Overall,36,34,48,2.5,2.653452,0.368622,1133,18,
3,618,Overall,Overall,36,36,48,3.0,2.996228,0.404948,1150,20,
3,619,Overall,Overall,36,4,48,-3.0,-2.596025,0.728117,870,36,
3,620,Overall,Overall,36,5,48,-2.0,-2.301645,0.659154,885,33,
3,621,Overall,Overall,36,4,48,-2.5,-3.265768,0.933324,837,47,
3,622,Overall,Overall,36,8,48,-1.5,-1.130932,0.436905,943,22,
3,623,Overall,Overall,36,5,48,-2.5,-2.691168,0.758522,865,38,
3,624,Overall,Overall,36,14,48,0.0,-0.116483,0.32826,994,16,
3,625,Overall,Overall,36,3,48,-3.0,-3.45673,0.987558,827,49,
3,626,Overall,Overall,36,19,48,1.0,0.61546,0.303893,1031,15,
3,627,Overall,Overall,36,7,48,-1.5,-1.024152,0.420586,949,21,
3,628,Overall,Overall,36,9,48,-1.5,-0.805684,0.391953,960,20,
3,629,Overall,Overall,36,4,48,-3.0,-3.405107,0.983423,830,49,
3,630,Overall,Overall,36,8,48,-2.5,-1.751934,0.545153,912,27,
3,631,Overall,Overall,36,3,48,-2.5,-2.86672,0.804784,857,40,
3,632,Overall,Overall,36,37,48,3.0,2.907346,0.395107,1145,20,
3,633,Overall,Overall,36,26,48,1.0,0.88603,0.305697,1044,15,
3,634,Overall,Overall,36,33,48,2.5,2.736139,0.37442,1137,19,
3,635,Overall,Overall,36,8,48,-1.5,-1.439624,0.483305,928,24,
3,636,Overall,Overall,36,33,48,3.0,2.856695,0.394934,1143,20,
3,637,Overall,Overall,36,27,48,2.0,1.665034,0.303846,1083,15,
3,638,Overall,Overall,36,36,48,3.0,3.263752,0.442483,1163,22,
3,639,Overall,Overall,36,8,48,-1.0,-1.516627,0.496428,924,25,
3,640,Overall,Overall,36,4,48,-2.0,-3.065136,0.854067,847,43,
3,641,Overall,Overall,36,14,48,-0.5,-0.466313,0.368146,977,18,
3,642,Overall,Overall,36,1,48,-3.0,-4.103984,1.229138,795,61,
3,643,Overall,Overall,36,26,48,1.5,1.342078,0.297652,1067,15,
3,644,Overall,Overall,36,2,48,-2.5,-4.66097,1.496203,767,75,
3,645,Overall,Overall,36,33,48,3.0,2.456119,0.351352,1123,18,
3,646,Overall,Overall,36,25,48,1.0,1.218226,0.297194,1061,15,
3,647,Overall,Overall,36,24,48,1.5,1.765076,0.315834,1088,16,
3,648,Overall,Overall,36,17,48,-1.0,-0.02654,0.32518,999,16,
3,649,Overall,Overall,36,33,48,2.0,2.9568,0.413412,1148,21,
3,650,Overall,Overall,36,32,48,2.0,2.196622,0.33402,1110,17,
3,651,Overall,Overall,36,30,48,3.0,2.930859,0.413843,1147,21,
3,652,Overall,Overall,36,31,48,1.5,1.529565,0.3011,1076,15,
3,653,Overall,Overall,36,7,48,-2.0,-1.739749,0.537784,913,27,
3,654,Overall,Overall,36,15,48,-0.5,-0.213461,0.33621,989,17,
3,655,Overall,Overall,36,26,48,1.5,1.464964,0.300581,1073,15,
3,656,Overall,Overall,36,38,48,2.0,2.557055,0.365974,1128,18,
3,657,Overall,Overall,36,8,48,-2.0,-1.366002,0.470975,932,24,
3,658,Overall,Overall,36,28,48,1.5,1.686366,0.30427,1084,15,
3,659,Overall,Overall,36,11,48,-1.0,-0.768348,0.387313,962,19,
3,660,Overall,Overall,36,17,48,1.0,0.631216,0.305504,1032,15,
3,661,Overall,Overall,36,4,48,-2.0,-2.968927,0.825656,852,41,
3,662,Overall,Overall,36,15,48,0.0,-0.172472,0.332951,991,17,
3,663,Overall,Overall,36,18,48,0.5,0.372466,0.307423,1019,15,
3,664,Overall,Overall,36,20,48,1.0,1.1585,0.308951,1058,15,
3,665,Overall,Overall,36,35,48,2.5,2.779271,0.38212,1139,19,
3,666,Overall,Overall,36,26,48,1.5,1.248851,0.306107,1062,15,
3,667,Overall,Overall,36,23,48,1.0,1.401972,0.301435,1070,15,
3,668,Overall,Overall,36,10,48,0.0,-0.493215,0.359424,975,18,
3,669,Overall,Overall,36,32,48,3.0,2.634123,0.366661,1132,18,
3,670,Overall,Overall,36,25,48,1.0,1.041013,0.297476,1052,15,
3,671,Overall,Overall,36,12,48,-0.5,-0.325746,0.344322,984,17,
3,672,Overall,Overall,36,6,48,-2.0,-1.809994,0.554593,910,28,
3,673,Overall,Overall,36,17,48,-0.5,0.160986,0.314443,1008,16,
3,674,Overall,Overall,36,20,48,0.5,0.899179,0.298976,1045,15,
3,675,Overall,Overall,36,3,48,-3.0,-3.529658,1.039153,824,52,
3,676,Overall,Overall,36,5,48,-1.5,-1.937125,0.582034,903,29,
3,677,Overall,Overall,36,2,48,-3.0,-4.214331,1.296724,789,65,
3,678,Overall,Overall,36,8,48,-1.5,-1.040113,0.423487,948,21,
3,679,Overall,Overall,36,39,48,3.0,3.103474,0.418935,1155,21,
3,680,Overall,Overall,36,11,48,-0.5,-0.64209,0.385113,968,19,
3,681,Overall,Overall,36,18,48,0.5,0.627027,0.309107,1031,15,
3,682,Overall,Overall,36,22,48,1.0,0.941129,0.298948,1047,15,
3,683,Overall,Overall,36,14,48,0.0,-0.229905,0.33732,989,17,
3,684,Overall,Overall,36,19,48,1.0,0.536811,0.303018,1027,15,
3,685,Overall,Overall,36,28,48,1.5,1.423678,0.299396,1071,15,
3,686,Overall,Overall,36,10,48,-0.5,-0.642962,0.372889,968,19,
3,687,Overall,Overall,36,15,48,0.0,-0.181476,0.334495,991,17,
3,688,Overall,Overall,36,17,48,0.0,-0.002092,0.323079,1000,16,
3,689,Overall,Overall,36,17,48,-0.5,0.295599,0.309528,1015,15,
3,690,Overall,Overall,36,6,48,-0.5,-1.731741,0.538021,913,27,
3,691,Overall,Overall,36,34,48,2.5,2.311735,0.343847,1116,17,
3,692,Overall,Overall,36,31,48,2.0,1.448014,0.300606,1072,15,
3,693,Overall,Overall,36,10,48,-1.5,-0.611923,0.3699,969,18,
3,694,Overall,Overall,36,37,48,2.5,3.082423,0.414112,1154,21,
3,695,Overall,Overall,36,6,48,-2.5,-1.873126,0.565861,906,28,
3,696,Overall,Overall,36,5,48,-2.5,-1.562711,0.508202,922,25,
3,697,Overall,Overall,36,31,48,2.5,2.360653,0.344165,1118,17,
3,698,Overall,Overall,36,6,48,-3.0,-2.292292,0.655345,885,33,
3,699,Overall,Overall,36,7,48,0.0,-1.053992,0.424862,947,21,
3,700,Overall,Overall,36,4,48,-2.5,-2.351151,0.673289,882,34,
3,701,Overall,Overall,36,17,48,0.5,0.345579,0.309233,1017,15,
3,702,Overall,Overall,36,36,48,2.0,2.738783,0.381791,1137,19,
3,703,Overall,Overall,36,33,48,2.0,2.432339,0.351014,1122,18,
3,704,Overall,Overall,36,3,48,-2.5,-3.388505,0.964722,831,48,
3,705,Overall,Overall,36,39,48,3.0,3.724032,0.512506,1186,26,
3,706,Overall,Overall,36,25,48,1.5,1.087681,0.296654,1054,15,
3,707,Overall,Overall,36,5,48,-1.0,-2.01207,0.592706,899,30,
3,708,Overall,Overall,36,8,48,-2.0,-1.659028,0.523311,917,26,
3,709,Overall,Overall,36,18,48,0.5,0.458178,0.304651,1023,15,
3,710,Overall,Overall,36,6,48,-2.0,-1.507564,0.495605,925,25,
3,711,Overall,Overall,36,7,48,-2.5,-1.863514,0.563528,907,28,
3,712,Overall,Overall,36,10,48,-0.5,-0.718514,0.381594,964,19,
3,713,Overall,Overall,36,40,48,3.0,4.134485,0.585667,1207,29,
3,714,Overall,Overall,36,13,48,-0.5,-0.432405,0.353293,978,18,
3,715,Overall,Overall,36,5,48,-1.5,-2.697871,0.752828,865,38,
3,716,Overall,Overall,36,2,48,-3.0,-3.791819,1.121728,810,56,
3,717,Overall,Overall,36,2,48,-3.0,-3.698905,1.063022,815,53,
3,718,Overall,Overall,36,34,48,2.5,2.611241,0.364862,1131,18,
3,719,Overall,Overall,36,13,48,0.0,-0.19569,0.334693,990,17,
3,720,Overall,Overall,36,4,48,-2.5,-2.733794,0.765358,863,38,
3,721,Overall,Overall,36,22,48,0.5,0.699692,0.301433,1035,15,
3,722,Overall,Overall,36,40,48,2.5,3.401039,0.459215,1170,23,
3,723,Overall,Overall,36,28,48,1.5,1.515313,0.30276,1076,15,
3,724,Overall,Overall,36,6,48,-1.5,-2.113948,0.61755,894,31,
3,725,Overall,Overall,36,20,48,0.5,0.449544,0.305427,1022,15,
3,726,Overall,Overall,36,21,48,0.5,0.526654,0.304038,1026,15,
3,727,Overall,Overall,36,36,48,2.5,2.831978,0.394528,1142,20,
3,728,Overall,Overall,36,9,48,-1.0,-0.599644,0.370971,970,19,
3,729,Overall,Overall,36,30,48,2.0,1.905442,0.314121,1095,16,
3,730,Overall,Overall,36,31,48,1.5,1.554846,0.303654,1078,15,
3,731,Overall,Overall,36,14,48,0.0,-0.291821,0.341608,985,17,
3,732,Overall,Overall,36,24,48,1.5,1.409962,0.308706,1070,15,
3,733,Overall,Overall,36,6,48,-2.5,-2.274544,0.652095,886,33,
3,734,Overall,Overall,36,15,48,0.0,-0.141341,0.331686,993,17,
3,735,Overall,Overall,36,5,48,-3.0,-2.07609,0.6078,896,30,
3,736,Overall,Overall,36,3,48,-3.0,-4.520673,1.42965,774,71,
3,737,Overall,Overall,36,34,48,2.5,2.283061,0.341153,1114,17,
3,738,Overall,Overall,36,21,48,0.5,0.451781,0.306295,1023,15,
3,739,Overall,Overall,36,36,48,2.5,2.724277,0.379334,1136,19,
3,740,Overall,Overall,36,35,48,2.0,2.219208,0.336964,1111,17,
3,741,Overall,Overall,36,37,48,3.0,3.066844,0.415252,1153,21,
3,742,Overall,Overall,36,14,48,0.0,-0.059504,0.325084,997,16,
3,743,Overall,Overall,36,7,48,-1.0,-1.207336,0.44877,940,22,
3,744,Overall,Overall,36,13,48,0.0,-0.205831,0.334601,990,17,
3,745,Overall,Overall,36,6,48,-2.0,-1.595326,0.51352,920,26,
3,746,Overall,Overall,36,2,48,-3.0,-4.351503,1.379477,782,69,
3,747,Overall,Overall,36,11,48,-1.5,-1.088714,0.428792,946,21,
3,748,Overall,Overall,36,16,48,0.0,0.191907,0.313468,1010,16,
3,749,Overall,Overall,36,8,48,-2.0,-1.354459,0.469299,932,23,
3,750,Overall,Overall,36,28,48,1.0,1.193117,0.298382,1060,15,
3,751,Overall,Overall,36,33,48,2.0,2.242384,0.338492,1112,17,
3,752,Overall,Overall,36,34,48,2.0,1.901507,0.315552,1095,16,
3,753,Overall,Overall,36,4,48,-2.0,-2.772462,0.775335,861,39,
3,754,Overall,Overall,36,7,48,-2.0,-1.861268,0.568736,907,28,
3,755,Overall,Overall,36,6,48,-3.0,-2.446999,0.690879,878,35,
3,756,Overall,Overall,36,36,48,2.5,2.787249,0.382202,1139,19,
3,757,Overall,Overall,36,20,48,0.5,0.508203,0.305157,1025,15,
3,758,Overall,Overall,36,6,48,-2.5,-2.093373,0.613171,895,31,
3,759,Overall,Overall,36,2,48,-2.5,-3.791819,1.121728,810,56,
3,760,Overall,Overall,36,37,48,2.5,2.700722,0.380968,1135,19,
3,761,Overall,Overall,36,36,48,3.0,3.19576,0.439901,1160,22,
3,762,Overall,Overall,36,35,48,3.0,3.747707,0.516342,1187,26,
3,763,Overall,Overall,36,6,48,-2.0,-2.384151,0.67585,881,34,
3,764,Overall,Overall,36,33,48,2.0,1.962047,0.321777,1098,16,
3,765,Overall,Overall,36,17,48,0.0,0.266808,0.31081,1013,16,
3,766,Overall,Overall,36,22,48,1.5,1.387157,0.304357,1069,15,
3,767,Overall,Overall,36,17,48,0.0,0.279443,0.316131,1014,16,
3,768,Overall,Overall,36,28,48,2.0,1.84938,0.312672,1092,16,
3,769,Overall,Overall,36,24,48,0.5,1.163969,0.298791,1058,15,
3,770,Overall,Overall,36,26,48,1.5,1.437811,0.300366,1072,15,
3,771,Overall,Overall,36,32,48,2.5,2.330852,0.341919,1117,17,
3,772,Overall,Overall,36,11,48,-2.0,-1.070111,0.426636,946,21,
3,773,Overall,Overall,36,33,48,3.0,2.57045,0.360948,1129,18,
3,774,Overall,Overall,36,13,48,-0.5,-0.39093,0.349834,980,17,
3,775,Overall,Overall,36,23,48,1.0,1.250987,0.300872,1063,15,
3,776,Overall,Overall,36,34,48,2.0,2.073944,0.326258,1104,16,
3,777,Overall,Overall,36,19,48,1.0,0.501945,0.304049,1025,15,
3,778,Overall,Overall,36,29,48,1.5,1.817794,0.312669,1091,16,
3,779,Overall,Overall,36,18,48,0.0,0.301501,0.309355,1015,15,
3,780,Overall,Overall,36,4,48,-2.0,-2.472614,0.69997,876,35,
3,781,Overall,Overall,36,13,48,-1.0,-0.286728,0.340096,986,17,
3,782,Overall,Overall,36,10,48,-1.0,-0.874524,0.400436,956,20,
3,783,Overall,Overall,36,20,48,0.5,0.627824,0.302111,1031,15,
3,784,Overall,Overall,36,13,48,-0.5,-0.177837,0.333395,991,17,
3,785,Overall,Overall,36,33,48,2.5,2.248359,0.338231,1112,17,
3,786,Overall,Overall,36,10,48,-0.5,-0.565646,0.365723,972,18,
3,787,Overall,Overall,36,4,48,-2.0,-3.262994,0.944128,837,47,
3,788,Overall,Overall,36,37,48,3.0,3.657953,0.502342,1183,25,
3,789,Overall,Overall,36,3,48,-3.0,-3.174773,0.898491,841,45,
3,790,Overall,Overall,36,3,48,-3.0,-2.861532,0.797104,857,40,
3,791,Overall,Overall,36,33,48,3.0,2.549657,0.359413,1127,18,
3,792,Overall,Overall,36,36,48,2.0,2.830773,0.386941,1142,19,
3,793,Overall,Overall,36,10,48,-1.0,-0.93218,0.415701,953,21,
3,794,Overall,Overall,36,33,48,2.5,2.668303,0.370303,1133,19,
3,795,Overall,Overall,36,8,48,-1.0,-1.427535,0.486663,929,24,
3,796,Overall,Overall,36,5,48,-2.5,-2.442023,0.689718,878,34,
3,797,Overall,Overall,36,29,48,2.5,2.39581,0.344571,1120,17,
3,798,Overall,Overall,36,3,48,-2.5,-2.820798,0.794632,859,40,
3,799,Overall,Overall,36,28,48,1.5,1.121289,0.304442,1056,15,
3,800,Overall,Overall,36,15,48,0.5,-0.186252,0.334426,991,17,
3,801,Overall,Overall,36,20,48,0.5,0.38019,0.310714,1019,16,
3,802,Overall,Overall,36,33,48,2.0,2.608728,0.364863,1130,18,
3,803,Overall,Overall,36,6,48,-2.5,-2.081688,0.610023,896,31,
3,804,Overall,Overall,36,12,48,-1.0,-0.496545,0.358781,975,18,
3,805,Overall,Overall,36,15,48,-0.5,0.030832,0.321657,1002,16,
3,806,Overall,Overall,36,13,48,0.0,-0.307613,0.342903,985,17,
3,807,Overall,Overall,36,28,48,2.5,1.737973,0.309745,1087,15,
3,808,Overall,Overall,36,6,48,-2.5,-1.90416,0.574364,905,29,
3,809,Overall,Overall,36,8,48,-0.5,-1.271165,0.457484,936,23,
3,810,Overall,Overall,36,35,48,3.0,3.578863,0.497956,1179,25,
3,811,Overall,Overall,36,19,48,0.0,0.350747,0.309771,1018,15,
3,812,Overall,Overall,36,7,48,-1.0,-1.733491,0.537031,913,27,
3,813,Overall,Overall,36,23,48,1.0,0.97118,0.300339,1049,15,
3,814,Overall,Overall,36,20,48,1.0,0.766416,0.302232,1038,15,
3,815,Overall,Overall,36,31,48,2.0,2.097435,0.325116,1105,16,
3,816,Overall,Overall,36,14,48,0.5,0.326739,0.312792,1016,16,
3,817,Overall,Overall,36,10,48,-0.5,-0.838739,0.39732,958,20,
3,818,Overall,Overall,36,24,48,1.0,1.36242,0.297801,1068,15,
3,819,Overall,Overall,36,7,48,-2.0,-1.58051,0.511225,921,26,
3,820,Overall,Overall,36,29,48,2.5,1.939331,0.317899,1097,16,
3,821,Overall,Overall,36,24,48,1.0,1.0103,0.298485,1051,15,
3,822,Overall,Overall,36,36,48,3.0,3.062841,0.416657,1153,21,
3,823,Overall,Overall,36,27,48,1.5,1.2613,0.297036,1063,15,
3,824,Overall,Overall,36,21,48,0.5,0.501572,0.305656,1025,15,
3,825,Overall,Overall,36,9,48,-1.5,-1.159541,0.438734,942,22,
3,826,Overall,Overall,36,40,48,3.0,3.40375,0.463507,1170,23,
3,827,Overall,Overall,36,29,48,1.5,1.657265,0.307726,1083,15,
3,828,Overall,Overall,36,18,48,1.0,0.826243,0.302091,1041,15,
3,829,Overall,Overall,36,11,48,-0.5,-0.349756,0.346201,983,17,
3,830,Overall,Overall,36,27,48,1.0,1.44121,0.299126,1072,15,
3,831,Overall,Overall,36,37,48,3.0,2.750463,0.382636,1138,19,
3,832,Overall,Overall,36,8,48,-0.5,-1.195965,0.444506,940,22,
3,833,Overall,Overall,36,6,48,-1.0,-1.614553,0.51384,919,26,
3,834,Overall,Overall,36,11,48,-0.5,-0.74311,0.383996,963,19,
3,835,Overall,Overall,36,36,48,3.0,3.459067,0.476507,1173,24,
3,836,Overall,Overall,36,8,48,-2.0,-1.457723,0.486342,927,24,
3,837,Overall,Overall,36,16,48,0.5,0.451601,0.312102,1023,16,
3,838,Overall,Overall,36,24,48,1.0,0.837624,0.299084,1042,15,
3,839,Overall,Overall,36,36,48,3.0,2.981195,0.403831,1149,20,
3,840,Overall,Overall,36,10,48,-1.5,-1.151646,0.447439,942,22,
3,841,Overall,Overall,36,41,48,3.0,4.639653,0.657825,1232,33,
3,842,Overall,Overall,36,8,48,-1.0,-1.216642,0.447298,939,22,
3,843,Overall,Overall,36,41,48,2.5,3.52755,0.487935,1176,24,
3,844,Overall,Overall,36,8,48,-1.5,-1.606804,0.515141,920,26,
3,845,Overall,Overall,36,9,48,-0.5,-0.70002,0.379439,965,19,
3,846,Overall,Overall,36,27,48,1.5,2.039402,0.325819,1102,16,
3,847,Overall,Overall,36,6,48,-1.0,-1.746658,0.541111,913,27,
3,848,Overall,Overall,36,3,48,-3.0,-2.891192,0.810932,855,41,
3,849,Overall,Overall,36,3,48,-3.0,-3.281512,0.92934,836,46,
3,850,Overall,Overall,36,36,48,3.0,2.930964,0.402771,1147,20,
3,851,Overall,Overall,36,13,48,-0.5,-0.208198,0.335938,990,17,
3,852,Overall,Overall,36,5,48,-2.0,-2.662377,0.744795,867,37,
3,853,Overall,Overall,36,17,48,1.0,0.664244,0.304596,1033,15,
3,854,Overall,Overall,36,6,48,-1.5,-1.43985,0.484045,928,24,
3,855,Overall,Overall,36,24,48,1.0,0.923045,0.301544,1046,15,
3,856,Overall,Overall,36,24,48,1.0,1.135707,0.296186,1057,15,
3,857,Overall,Overall,36,34,48,2.5,2.894554,0.393805,1145,20,
3,858,Overall,Overall,36,9,48,-1.5,-1.146211,0.437273,943,22,
3,859,Overall,Overall,36,33,48,3.0,2.074533,0.327007,1104,16,
3,860,Overall,Overall,36,22,48,0.0,0.711979,0.303236,1036,15,
3,861,Overall,Overall,36,1,48,-3.0,-5.0,1.714847,750,86,
3,862,Overall,Overall,36,12,48,-0.5,-0.414263,0.351727,979,18,
3,863,Overall,Overall,36,19,48,0.0,0.425008,0.307907,1021,15,
3,864,Overall,Overall,36,13,48,-0.5,-0.206665,0.33499,990,17,
3,865,Overall,Overall,36,10,48,-1.5,-1.099037,0.430163,945,22,
3,866,Overall,Overall,36,12,48,-1.0,-0.359115,0.346909,982,17,
3,867,Overall,Overall,36,33,48,1.5,2.118457,0.332931,1106,17,
3,868,Overall,Overall,36,31,48,1.5,2.358361,0.346643,1118,17,
3,869,Overall,Overall,36,20,48,0.5,0.405272,0.306662,1020,15,
3,870,Overall,Overall,36,4,48,-2.5,-2.829487,0.788289,859,39,
3,871,Overall,Overall,36,22,48,0.5,0.793603,0.301421,1040,15,
3,872,Overall,Overall,36,5,48,-2.0,-2.696264,0.751718,865,38,
3,873,Overall,Overall,36,22,48,0.5,0.442338,0.30725,1022,15,
3,874,Overall,Overall,36,7,48,-1.5,-1.781064,0.548077,911,27,
3,875,Overall,Overall,36,32,48,2.5,2.676962,0.374786,1134,19,
3,876,Overall,Overall,36,30,48,2.0,2.41184,0.348196,1121,17,
3,877,Overall,Overall,36,26,48,1.5,1.483243,0.301953,1074,15,
3,878,Overall,Overall,36,19,48,1.0,0.583047,0.304365,1029,15,
3,879,Overall,Overall,36,10,48,0.0,-0.729068,0.382783,964,19,
3,880,Overall,Overall,36,38,48,3.0,3.049677,0.409833,1152,20,
3,881,Overall,Overall,36,28,48,2.0,1.798513,0.311781,1090,16,
3,882,Overall,Overall,36,38,48,3.0,3.344043,0.451556,1167,23,
3,883,Overall,Overall,36,28,48,1.5,1.582884,0.3037,1079,15,
3,884,Overall,Overall,36,2,48,-3.0,-3.714816,1.058673,814,53,
3,885,Overall,Overall,36,3,48,-1.5,-3.015881,0.834392,849,42,
3,886,Overall,Overall,36,34,48,2.5,3.276284,0.452728,1164,23,
3,887,Overall,Overall,36,28,48,1.5,1.436064,0.299758,1072,15,
3,888,Overall,Overall,36,35,48,3.0,3.229183,0.437913,1161,22,
3,889,Overall,Overall,36,38,48,3.0,3.088286,0.417367,1154,21,
3,890,Overall,Overall,36,38,48,3.0,2.904192,0.394971,1145,20,
3,891,Overall,Overall,36,6,48,-2.5,-1.542861,0.502356,923,25,
3,892,Overall,Overall,36,6,48,-2.0,-1.948214,0.580265,903,29,
3,893,Overall,Overall,36,4,48,-3.0,-2.739848,0.763862,863,38,
3,894,Overall,Overall,36,22,48,0.5,1.124236,0.297155,1056,15,
3,895,Overall,Overall,36,7,48,-1.0,-1.652291,0.521352,917,26,
3,896,Overall,Overall,36,9,48,-1.0,-0.846436,0.396866,958,20,
3,897,Overall,Overall,36,7,48,-1.5,-1.196874,0.4465,940,22,
3,898,Overall,Overall,36,33,48,3.0,2.99401,0.413384,1150,21,
3,899,Overall,Overall,36,3,48,-2.5,-2.837711,0.793696,858,40,
3,900,Overall,Overall,36,29,48,2.5,2.289495,0.339701,1114,17,
3,901,Overall,Overall,36,6,48,-2.0,-1.956963,0.58114,902,29,
3,902,Overall,Overall,36,18,48,0.5,0.238119,0.313157,1012,16,
3,903,Overall,Overall,36,32,48,1.5,1.531866,0.318425,1077,16,
3,904,Overall,Overall,36,3,48,-2.5,-3.568362,1.013104,822,51,
3,905,Overall,Overall,36,24,48,1.0,1.049733,0.297524,1052,15,
3,906,Overall,Overall,36,0,48,-2.5,-5.0,1.709378,750,85,
3,907,Overall,Overall,36,30,48,2.0,1.71665,0.306903,1086,15,
3,908,Overall,Overall,36,36,48,3.0,3.48686,0.480148,1174,24,
3,909,Overall,Overall,36,31,48,2.0,2.478826,0.353168,1124,18,
3,910,Overall,Overall,36,9,48,-0.5,-1.226389,0.449087,939,22,
3,911,Overall,Overall,36,25,48,1.5,1.726769,0.312703,1086,16,
3,912,Overall,Overall,36,23,48,1.5,1.108201,0.296695,1055,15,
3,913,Overall,Overall,36,3,48,-3.0,-2.769064,0.777678,862,39,
3,914,Overall,Overall,36,15,48,0.5,0.015303,0.32092,1001,16,
3,915,Overall,Overall,36,2,48,-3.0,-2.763289,0.778244,862,39,
3,916,Overall,Overall,36,33,48,1.5,1.691102,0.307865,1085,15,
3,917,Overall,Overall,36,22,48,1.5,1.407206,0.30348,1070,15,
3,918,Overall,Overall,36,18,48,0.0,0.092099,0.31991,1005,16,
3,919,Overall,Overall,36,17,48,0.0,0.043624,0.320032,1002,16,
3,920,Overall,Overall,36,20,48,1.0,0.575725,0.305252,1029,15,
3,921,Overall,Overall,36,0,48,-2.5,-5.0,1.711721,750,86,
3,922,Overall,Overall,36,37,48,3.0,3.635973,0.501547,1182,25,
3,923,Overall,Overall,36,34,48,3.0,2.77475,0.386845,1139,19,
3,924,Overall,Overall,36,6,48,-2.0,-1.782946,0.54927,911,27,
3,925,Overall,Overall,36,34,48,2.0,2.11285,0.328067,1106,16,
3,926,Overall,Overall,36,9,48,-1.5,-1.129409,0.441848,944,22,
3,927,Overall,Overall,36,32,48,2.0,1.965804,0.318978,1098,16,
3,928,Overall,Overall,36,6,48,-2.5,-2.126949,0.617012,894,31,
3,929,Overall,Overall,36,12,48,-0.5,-0.545752,0.363723,973,18,
3,930,Overall,Overall,36,33,48,2.0,2.195868,0.333501,1110,17,
3,931,Overall,Overall,36,21,48,0.5,0.53488,0.303437,1027,15,
3,932,Overall,Overall,36,31,48,2.0,2.240959,0.33404,1112,17,
3,933,Overall,Overall,36,35,48,2.0,2.216914,0.335641,1111,17,
3,934,Overall,Overall,36,8,48,-1.0,-1.225732,0.448757,939,22,
3,935,Overall,Overall,36,27,48,2.0,1.848091,0.317153,1092,16,
3,936,Overall,Overall,36,8,48,-1.0,-1.025836,0.421788,949,21,
3,937,Overall,Overall,36,19,48,0.5,0.99209,0.313573,1050,16,
3,938,Overall,Overall,36,8,48,-1.5,-1.574447,0.507644,921,25,
3,939,Overall,Overall,36,16,48,0.0,0.103149,0.319149,1005,16,
3,940,Overall,Overall,36,2,48,-3.0,-3.700307,1.059165,815,53,
3,941,Overall,Overall,36,33,48,2.0,2.296015,0.339357,1115,17,
3,942,Overall,Overall,36,29,48,1.5,1.546852,0.302274,1077,15,
3,943,Overall,Overall,36,27,48,2.5,2.058609,0.328885,1103,16,
3,944,Overall,Overall,36,30,48,2.5,2.050222,0.325365,1103,16,
3,945,Overall,Overall,36,15,48,0.0,-0.233566,0.341972,988,17,
3,946,Overall,Overall,36,30,48,1.5,1.503962,0.299921,1075,15,
3,947,Overall,Overall,36,4,48,-2.0,-2.762078,0.777903,862,39,
3,948,Overall,Overall,36,14,48,0.0,-0.160492,0.331062,992,17,
3,949,Overall,Overall,36,6,48,-1.0,-1.584534,0.509418,921,25,
3,950,Overall,Overall,36,7,48,-2.0,-1.955583,0.584783,902,29,
3,951,Overall,Overall,36,39,48,3.0,3.079988,0.41831,1154,21,
3,952,Overall,Overall,36,35,48,2.5,2.764241,0.377182,1138,19,
3,953,Overall,Overall,36,5,48,-2.0,-2.422473,0.684711,879,34,
3,954,Overall,Overall,36,12,48,-0.5,-0.608435,0.372975,970,19,
3,955,Overall,Overall,36,7,48,-1.5,-1.433596,0.486588,928,24,
3,956,Overall,Overall,36,19,48,0.5,0.486241,0.304015,1024,15,
3,957,Overall,Overall,36,14,48,0.0,-0.111787,0.329745,994,16,
3,958,Overall,Overall,36,15,48,-0.5,-0.162327,0.332292,992,17,
3,959,Overall,Overall,36,6,48,-1.0,-2.050009,0.603838,897,30,
3,960,Overall,Overall,36,7,48,-1.5,-1.684191,0.529611,916,26,
3,961,Overall,Overall,36,5,48,-3.0,-2.044385,0.600104,898,30,
3,962,Overall,Overall,36,20,48,1.0,1.046808,0.303066,1052,15,
3,963,Overall,Overall,36,6,48,-1.0,-1.706777,0.534358,915,27,
3,964,Overall,Overall,36,30,48,2.5,2.493468,0.354362,1125,18,
3,965,Overall,Overall,36,2,48,-3.0,-3.488308,0.990118,826,50,
3,966,Overall,Overall,36,25,48,1.0,1.290695,0.297185,1065,15,
3,967,Overall,Overall,36,21,48,1.0,0.896969,0.299896,1045,15,
3,968,Overall,Overall,36,37,48,2.5,2.723618,0.375686,1136,19,
3,969,Overall,Overall,36,38,48,2.5,3.045085,0.408503,1152,20,
3,970,Overall,Overall,36,6,48,-2.5,-2.320243,0.661105,884,33,
3,971,Overall,Overall,36,12,48,-0.5,-0.289739,0.341619,986,17,
3,972,Overall,Overall,36,11,48,-1.0,-0.831159,0.402658,958,20,
3,973,Overall,Overall,36,28,48,1.0,1.41792,0.299753,1071,15,
3,974,Overall,Overall,36,14,48,-0.5,-0.119053,0.329103,994,16,
3,975,Overall,Overall,36,12,48,0.0,-0.201397,0.334614,990,17,
3,976,Overall,Overall,36,27,48,2.0,1.500714,0.30427,1075,15,
3,977,Overall,Overall,36,31,48,2.0,1.959356,0.321607,1098,16,
3,978,Overall,Overall,36,8,48,-2.0,-1.265834,0.455535,937,23,
3,979,Overall,Overall,36,15,48,0.0,-0.396153,0.350385,980,18,
3,980,Overall,Overall,36,3,48,-3.0,-2.808674,0.788584,860,39,
3,981,Overall,Overall,36,13,48,-1.0,-0.352181,0.345251,982,17,
3,982,Overall,Overall,36,5,48,-1.5,-2.299062,0.654169,885,33,
3,983,Overall,Overall,36,22,48,1.5,0.856842,0.298779,1043,15,
3,984,Overall,Overall,36,7,48,-1.5,-1.642936,0.524019,918,26,
3,985,Overall,Overall,36,13,48,-0.5,-0.601951,0.380091,970,19,
3,986,Overall,Overall,36,8,48,-2.0,-1.658293,0.528848,917,26,
3,987,Overall,Overall,36,22,48,1.0,1.017563,0.298633,1051,15,
3,988,Overall,Overall,36,4,48,-2.5,-2.830938,0.797557,858,40,
3,989,Overall,Overall,36,13,48,-0.5,-0.483026,0.361871,976,18,
3,990,Overall,Overall,36,32,48,1.5,1.622217,0.306096,1081,15,
3,991,Overall,Overall,36,4,48,-3.0,-2.400415,0.682212,880,34,
3,992,Overall,Overall,36,2,48,-3.0,-4.231439,1.281226,788,64,
3,993,Overall,Overall,36,5,48,-2.5,-2.017275,0.594428,899,30,
3,994,Overall,Overall,36,28,48,1.5,1.529989,0.306283,1076,15,
3,995,Overall,Overall,36,8,48,-1.5,-1.428571,0.489251,929,24,
3,996,Overall,Overall,36,13,48,-1.0,-0.635493,0.372362,968,19,
3,997,Overall,Overall,36,24,48,1.0,1.046261,0.297008,1052,15,
3,998,Overall,Overall,36,12,48,-1.0,-0.795668,0.404859,960,20,
3,999,Overall,Overall,36,14,48,-0.5,-0.477639,0.358349,976,18,
3,1000,Overall,Overall,36,4,48,-3.0,-2.539472,0.718327,873,36,
3,1001,Overall,Overall,36,23,48,1.0,1.009696,0.301834,1050,15,
3,1002,Overall,Overall,36,28,48,2.0,1.737687,0.309723,1087,15,
3,1003,Overall,Overall,36,8,48,-0.5,-0.97658,0.414287,951,21,
3,1004,Overall,Overall,36,2,48,-3.0,-4.400209,1.384707,780,69,
3,1005,Overall,Overall,36,20,48,0.5,0.518248,0.306375,1026,15,
3,1006,Overall,Overall,36,32,48,2.5,2.528155,0.357266,1126,18,
3,1007,Overall,Overall,36,33,48,2.5,2.653119,0.369173,1133,18,
3,1008,Overall,Overall,36,16,48,0.5,0.164109,0.314333,1008,16,
3,1009,Overall,Overall,36,10,48,-1.5,-1.121545,0.433533,944,22,
3,1010,Overall,Overall,36,20,48,1.0,0.427244,0.306196,1021,15,
3,1011,Overall,Overall,36,20,48,1.0,1.337225,0.311114,1067,16,
3,1012,Overall,Overall,36,36,48,2.0,2.636094,0.385045,1132,19,
3,1013,Overall,Overall,36,11,48,0.0,-0.845959,0.396966,958,20,
3,1014,Overall,Overall,36,25,48,1.0,1.272277,0.302531,1064,15,
3,1015,Overall,Overall,36,34,48,1.5,2.163081,0.331424,1108,17,
3,1016,Overall,Overall,36,29,48,2.5,2.511765,0.378653,1126,19,
3,1017,Overall,Overall,36,20,48,0.0,0.333287,0.309451,1017,15,
3,1018,Overall,Overall,36,22,48,0.5,0.629905,0.303082,1031,15,
3,1019,Overall,Overall,36,27,48,2.0,1.658551,0.307603,1083,15,
3,1020,Overall,Overall,36,4,48,-2.5,-2.858375,0.795972,857,40,
3,1021,Overall,Overall,36,39,48,3.0,3.297046,0.445853,1165,22,
3,1022,Overall,Overall,36,23,48,1.5,0.943588,0.298286,1047,15,
3,1023,Overall,Overall,36,16,48,-0.5,-0.046886,0.32454,998,16,
3,1024,Overall,Overall,36,9,48,-1.0,-0.718397,0.382507,964,19,
3,1025,Overall,Overall,36,27,48,1.5,1.658698,0.305395,1083,15,
3,1026,Overall,Overall,36,35,48,2.5,2.355824,0.342934,1118,17,
3,1027,Overall,Overall,36,8,48,-1.0,-1.547369,0.50934,923,25,
3,1028,Overall,Overall,36,35,48,2.5,2.732974,0.373493,1137,19,
3,1029,Overall,Overall,36,40,48,3.0,3.532419,0.484916,1177,24,
3,1030,Overall,Overall,36,5,48,-2.0,-2.547048,0.718598,873,36,
3,1031,Overall,Overall,36,19,48,0.0,0.352613,0.307975,1018,15,
3,1032,Overall,Overall,36,8,48,-0.5,-0.614246,0.372879,969,19,
3,1033,Overall,Overall,36,10,48,-1.0,-1.27734,0.457032,936,23,
3,1034,Overall,Overall,36,17,48,0.5,0.173681,0.313933,1009,16,
3,1035,Overall,Overall,36,33,48,2.5,2.648957,0.368047,1132,18,
3,1036,Overall,Overall,36,27,48,1.5,1.310588,0.298076,1066,15,
3,1037,Overall,Overall,36,11,48,-2.0,-1.384248,0.481146,931,24,
3,1038,Overall,Overall,36,28,48,1.5,1.578769,0.302232,1079,15,
3,1039,Overall,Overall,36,11,48,-1.0,-0.913999,0.405651,954,20,
3,1040,Overall,Overall,36,12,48,-0.5,-0.878189,0.400324,956,20,
3,1041,Overall,Overall,36,4,48,-1.5,-2.505866,0.70456,875,35,
3,1042,Overall,Overall,36,4,48,-1.5,-2.415836,0.683445,879,34,
3,1043,Overall,Overall,36,20,48,0.5,0.406158,0.308102,1020,15,
3,1044,Overall,Overall,36,20,48,1.0,0.698714,0.302607,1035,15,
3,1045,Overall,Overall,36,32,48,1.5,2.220244,0.338915,1111,17,
3,1046,Overall,Overall,36,15,48,-0.5,-0.535147,0.374016,973,19,
3,1047,Overall,Overall,36,3,48,-2.5,-3.582476,1.05581,821,53,
3,1048,Overall,Overall,36,4,48,-2.5,-2.591297,0.73164,870,37,
3,1049,Overall,Overall,36,13,48,0.0,-0.339753,0.344498,983,17,
3,1050,Overall,Overall,36,37,48,2.5,2.529609,0.364379,1126,18,
3,1051,Overall,Overall,36,17,48,0.5,0.439309,0.305112,1022,15,
3,1052,Overall,Overall,36,6,48,-1.5,-1.365046,0.470955,932,24,
3,1053,Overall,Overall,36,7,48,-1.0,-1.121533,0.434979,944,22,
3,1054,Overall,Overall,36,22,48,1.5,0.841024,0.300765,1042,15,
3,1055,Overall,Overall,36,3,48,-2.5,-3.526738,1.002833,824,50,
3,1056,Overall,Overall,36,3,48,-2.5,-3.409599,0.96354,830,48,
3,1057,Overall,Overall,36,16,48,1.0,0.802194,0.31349,1040,16,
3,1058,Overall,Overall,36,35,48,2.5,2.192405,0.338457,1110,17,
3,1059,Overall,Overall,36,16,48,0.0,0.04143,0.321811,1002,16,
3,1060,Overall,Overall,36,2,48,-3.0,-3.54393,1.01931,823,51,
3,1061,Overall,Overall,36,26,48,1.0,1.260738,0.297235,1063,15,
3,1062,Overall,Overall,36,17,48,0.5,0.005539,0.322951,1000,16,
3,1063,Overall,Overall,36,36,48,2.5,2.9749,0.406141,1149,20,
3,1064,Overall,Overall,36,18,48,0.0,0.238289,0.312389,1012,16,
3,1065,Overall,Overall,36,19,48,1.0,0.654747,0.301409,1033,15,
3,1066,Overall,Overall,36,9,48,-1.0,-1.146109,0.443479,943,22,
3,1067,Overall,Overall,36,11,48,-0.5,-0.911196,0.419005,954,21,
3,1068,Overall,Overall,36,32,48,3.0,2.407986,0.344603,1120,17,
3,1069,Overall,Overall,36,2,48,-2.5,-4.329257,1.297129,784,65,
3,1070,Overall,Overall,36,7,48,-2.5,-2.029186,0.598262,899,30,
3,1071,Overall,Overall,36,4,48,-3.0,-2.496958,0.702378,875,35,
3,1072,Overall,Overall,36,27,48,2.0,1.799276,0.316453,1090,16,
3,1073,Overall,Overall,36,27,48,1.5,1.392158,0.30042,1070,15,
3,1074,Overall,Overall,36,13,48,-0.5,-0.378692,0.347472,981,17,
3,1075,Overall,Overall,36,40,48,2.5,3.171948,0.433678,1159,22,
3,1076,Overall,Overall,36,12,48,-1.0,-1.071497,0.434029,946,22,
3,1077,Overall,Overall,36,25,48,1.5,1.374582,0.305214,1069,15,
3,1078,Overall,Overall,36,22,48,0.5,0.637949,0.30394,1032,15,
3,1079,Overall,Overall,36,28,48,2.0,1.832577,0.313073,1092,16,
3,1080,Overall,Overall,36,7,48,-1.0,-1.211504,0.446557,939,22,
3,1081,Overall,Overall,36,11,48,-1.0,-1.179684,0.448932,941,22,
3,1082,Overall,Overall,36,7,48,-1.5,-1.450054,0.487481,927,24,
3,1083,Overall,Overall,36,21,48,1.0,0.915475,0.298444,1046,15,
3,1084,Overall,Overall,36,13,48,-0.5,-0.572555,0.366333,971,18,
3,1085,Overall,Overall,36,10,48,-1.5,-1.128666,0.435217,944,22,
3,1086,Overall,Overall,36,3,48,-3.0,-2.694583,0.751761,865,38,
3,1087,Overall,Overall,36,6,48,-1.5,-1.582629,0.509779,921,25,
3,1088,Overall,Overall,36,10,48,0.0,-0.446444,0.355975,978,18,
3,1089,Overall,Overall,36,11,48,-1.0,-0.764534,0.396442,962,20,
3,1090,Overall,Overall,36,5,48,-1.5,-1.925585,0.580657,904,29,
3,1091,Overall,Overall,36,2,48,-3.0,-4.692278,1.510809,765,76,
3,1092,Overall,Overall,36,35,48,3.0,3.512437,0.485779,1176,24,
3,1093,Overall,Overall,36,33,48,2.5,2.563753,0.357712,1128,18,
3,1094,Overall,Overall,36,4,48,-3.0,-2.609342,0.731549,870,37,
3,1095,Overall,Overall,36,5,48,-2.0,-1.811349,0.55324,909,28,
3,1096,Overall,Overall,36,21,48,1.0,1.003832,0.298313,1050,15,
3,1097,Overall,Overall,36,7,48,-1.5,-1.694606,0.531503,915,27,
3,1098,Overall,Overall,36,0,48,-3.0,-5.0,1.714847,750,86,
3,1099,Overall,Overall,36,17,48,0.5,0.236818,0.311612,1012,16,
3,1100,Overall,Overall,36,14,48,0.0,-0.141137,0.330559,993,17,
3,1101,Overall,Overall,36,32,48,2.5,2.403833,0.344293,1120,17,
3,1102,Overall,Overall,36,30,48,2.0,2.115002,0.327592,1106,16,
3,1103,Overall,Overall,36,3,48,-2.5,-3.517451,1.025437,824,51,
3,1104,Overall,Overall,36,25,48,1.5,1.89588,0.320317,1095,16,
3,1105,Overall,Overall,36,39,48,3.0,3.089332,0.417503,1154,21,
3,1106,Overall,Overall,36,18,48,0.5,0.552972,0.305321,1028,15,
3,1107,Overall,Overall,36,28,48,2.0,1.624941,0.303615,1081,15,
3,1108,Overall,Overall,36,8,48,-2.0,-1.463451,0.491609,927,25,
3,1109,Overall,Overall,36,10,48,-1.0,-1.080521,0.42806,946,21,
3,1110,Overall,Overall,36,24,48,1.5,1.391446,0.299814,1070,15,
3,1111,Overall,Overall,36,30,48,1.0,1.63906,0.304484,1082,15,
3,1112,Overall,Overall,36,10,48,-1.0,-0.821701,0.396984,959,20,
3,1113,Overall,Overall,36,5,48,-2.5,-1.949984,0.581545,903,29,
3,1114,Overall,Overall,36,10,48,0.0,-0.571665,0.369937,971,18,
3,1115,Overall,Overall,36,24,48,1.0,0.91065,0.301089,1046,15,
3,1116,Overall,Overall,36,14,48,0.0,-0.213782,0.334694,989,17,
3,1117,Overall,Overall,36,7,48,-2.0,-1.976882,0.586252,901,29,
3,1118,Overall,Overall,36,3,48,-3.0,-2.845268,0.788487,858,39,
3,1119,Overall,Overall,36,5,48,-2.5,-2.176527,0.627791,891,31,
3,1120,Overall,Overall,36,20,48,0.5,0.752864,0.302206,1038,15,
3,1121,Overall,Overall,36,5,48,-3.0,-2.673359,0.751436,866,38,
3,1122,Overall,Overall,36,7,48,-2.0,-1.223173,0.45496,939,23,
3,1123,Overall,Overall,36,7,48,-1.5,-1.493689,0.493382,925,25,
3,1124,Overall,Overall,36,30,48,1.5,1.474152,0.299773,1074,15,
3,1125,Overall,Overall,36,30,48,1.0,1.851479,0.313577,1093,16,
3,1126,Overall,Overall,36,21,48,0.5,0.846172,0.301248,1042,15,
3,1127,Overall,Overall,36,26,48,1.0,1.296126,0.308701,1065,15,
3,1128,Overall,Overall,36,3,48,-2.5,-3.696866,1.085412,815,54,
3,1129,Overall,Overall,36,7,48,-2.5,-1.840923,0.559179,908,28,
3,1130,Overall,Overall,36,37,48,3.0,3.111599,0.418176,1156,21,
3,1131,Overall,Overall,36,23,48,1.0,0.94068,0.301327,1047,15,
3,1132,Overall,Overall,36,11,48,-0.5,-0.203995,0.335307,990,17,
3,1133,Overall,Overall,36,9,48,0.0,-0.672492,0.378561,966,19,
3,1134,Overall,Overall,36,14,48,-0.5,-0.695512,0.379222,965,19,
3,1135,Overall,Overall,36,5,48,-2.0,-2.348495,0.66713,883,33,
3,1136,Overall,Overall,36,7,48,-1.5,-1.765053,0.545804,912,27,
3,1137,Overall,Overall,36,7,48,-2.0,-1.791731,0.549858,910,27,
3,1138,Overall,Overall,36,14,48,0.0,-0.330896,0.344684,983,17,
3,1139,Overall,Overall,36,5,48,-1.5,-2.236495,0.641138,888,32,
3,1140,Overall,Overall,36,32,48,3.0,2.409256,0.348252,1120,17,
3,1141,Overall,Overall,36,4,48,-3.0,-2.688831,0.750475,866,38,
3,1142,Overall,Overall,36,26,48,1.0,1.503733,0.301202,1075,15,
3,1143,Overall,Overall,36,7,48,-2.0,-1.765179,0.549232,912,27,
3,1144,Overall,Overall,36,5,48,-2.0,-1.533841,0.503336,923,25,
3,1145,Overall,Overall,36,29,48,1.5,1.813096,0.312382,1091,16,
3,1146,Overall,Overall,36,14,48,0.5,0.022993,0.320854,1001,16,
3,1147,Overall,Overall,36,8,48,-2.0,-1.369627,0.479843,932,24,
3,1148,Overall,Overall,36,8,48,-1.5,-1.197349,0.44471,940,22,
3,1149,Overall,Overall,36,18,48,0.5,0.46429,0.305491,1023,15,
3,1150,Overall,Overall,36,33,48,3.0,2.534129,0.358649,1127,18,
3,1151,Overall,Overall,36,11,48,-1.0,-0.851412,0.398753,957,20,
3,1152,Overall,Overall,36,7,48,-1.5,-1.832242,0.560437,908,28,
3,1153,Overall,Overall,36,30,48,2.0,2.189143,0.336881,1109,17,
3,1154,Overall,Overall,36,15,48,0.0,-0.007967,0.324235,1000,16,
3,1155,Overall,Overall,36,6,48,-2.0,-2.104351,0.616521,895,31,
3,1156,Overall,Overall,36,41,48,3.0,4.167156,0.591403,1208,30,
3,1157,Overall,Overall,36,22,48,0.5,0.738144,0.301575,1037,15,
3,1158,Overall,Overall,36,33,48,2.0,2.114572,0.329494,1106,16,
3,1159,Overall,Overall,36,30,48,2.0,1.905617,0.316206,1095,16,
3,1160,Overall,Overall,36,10,48,0.0,-1.136088,0.435637,943,22,
3,1161,Overall,Overall,36,4,48,-3.0,-3.238212,0.908579,838,45,
3,1162,Overall,Overall,36,16,48,0.0,0.02205,0.322326,1001,16,
3,1163,Overall,Overall,36,20,48,0.0,0.38386,0.307616,1019,15,
3,1164,Overall,Overall,36,34,48,2.5,2.490651,0.360576,1125,18,
3,1165,Overall,Overall,36,19,48,1.0,0.922598,0.29951,1046,15,
3,1166,Overall,Overall,36,5,48,-2.5,-2.270989,0.651289,886,33,
3,1167,Overall,Overall,36,5,48,-3.0,-2.500815,0.707708,875,35,
3,1168,Overall,Overall,36,25,48,1.0,1.207209,0.296738,1060,15,
3,1169,Overall,Overall,36,13,48,0.0,-0.238179,0.336453,988,17,
3,1170,Overall,Overall,36,2,48,-1.5,-4.653141,1.444227,767,72,
3,1171,Overall,Overall,36,32,48,2.0,2.481746,0.356481,1124,18,
3,1172,Overall,Overall,36,11,48,-0.5,-0.519054,0.360346,974,18,
3,1173,Overall,Overall,36,8,48,-2.0,-1.505427,0.496469,925,25,
3,1174,Overall,Overall,36,26,48,0.5,1.257701,0.297144,1063,15,
3,1175,Overall,Overall,36,4,48,-3.0,-2.722471,0.772903,864,39,
3,1176,Overall,Overall,36,36,48,2.5,3.138262,0.42644,1157,21,
3,1177,Overall,Overall,36,5,48,-2.5,-1.978926,0.586517,901,29,
3,1178,Overall,Overall,36,9,48,-1.0,-0.927671,0.416694,954,21,
3,1179,Overall,Overall,36,4,48,-2.0,-2.585054,0.726159,871,36,
3,1180,Overall,Overall,36,11,48,-0.5,-0.523901,0.361592,974,18,
3,1181,Overall,Overall,36,6,48,-3.0,-2.407167,0.681128,880,34,
3,1182,Overall,Overall,36,33,48,2.5,2.637806,0.367642,1132,18,
3,1183,Overall,Overall,36,10,48,-1.5,-1.200194,0.445468,940,22,
3,1184,Overall,Overall,36,39,48,3.0,4.103529,0.568197,1205,28,
3,1185,Overall,Overall,36,26,48,1.5,1.005507,0.301919,1050,15,
3,1186,Overall,Overall,36,7,48,-1.0,-1.000242,0.420996,950,21,
3,1187,Overall,Overall,36,5,48,-2.0,-2.064753,0.608234,897,30,
3,1188,Overall,Overall,36,28,48,1.0,1.32795,0.298933,1066,15,
3,1189,Overall,Overall,36,14,48,0.0,-0.11338,0.328669,994,16,
3,1190,Overall,Overall,36,8,48,-2.0,-1.337588,0.466425,933,23,
3,1191,Overall,Overall,36,3,48,-2.0,-2.752754,0.770183,862,39,
3,1192,Overall,Overall,36,8,48,-2.0,-1.643619,0.51976,918,26,
3,1193,Overall,Overall,36,2,48,-2.5,-4.246095,1.278858,788,64,
3,1194,Overall,Overall,36,29,48,2.0,1.487416,0.300799,1074,15,
3,1195,Overall,Overall,36,28,48,1.5,2.045892,0.324752,1102,16,
3,1196,Overall,Overall,36,16,48,0.5,0.146605,0.317415,1007,16,
3,1197,Overall,Overall,36,8,48,-2.0,-1.352726,0.473817,932,24,
3,1198,Overall,Overall,36,7,48,-2.0,-2.209478,0.637813,890,32,
3,1199,Overall,Overall,36,10,48,-1.5,-0.836001,0.397595,958,20,
3,1200,Overall,Overall,36,13,48,-1.0,-0.346635,0.345916,983,17,
3,1201,Overall,Overall,36,30,48,2.5,2.170583,0.356988,1109,18,
3,1202,Overall,Overall,36,20,48,0.5,0.504283,0.306364,1025,15,
3,1203,Overall,Overall,36,11,48,-1.0,-0.729916,0.38367,964,19,
3,1204,Overall,Overall,36,18,48,0.0,0.474678,0.30427,1024,15,
3,1205,Overall,Overall,36,25,48,1.5,1.597273,0.304362,1080,15,
3,1206,Overall,Overall,36,19,48,0.0,0.125683,0.318215,1006,16,
3,1207,Overall,Overall,36,4,48,-1.5,-3.128653,0.888342,844,44,
3,1208,Overall,Overall,36,8,48,-1.0,-1.181718,0.442016,941,22,
3,1209,Overall,Overall,36,8,48,-1.0,-1.459417,0.490748,927,25,
3,1210,Overall,Overall,36,5,48,-1.5,-1.931953,0.578479,903,29,
3,1211,Overall,Overall,36,4,48,-3.0,-3.5963,1.049817,820,52,
3,1212,Overall,Overall,36,11,48,-0.5,-0.843541,0.395837,958,20,
3,1213,Overall,Overall,36,31,48,2.5,2.304052,0.350275,1115,18,
3,1214,Overall,Overall,36,7,48,-2.5,-1.536249,0.499729,923,25,
3,1215,Overall,Overall,36,15,48,0.5,-0.050162,0.326626,997,16,
3,1216,Overall,Overall,36,15,48,0.0,0.233385,0.315492,1012,16,
3,1217,Overall,Overall,36,14,48,0.0,-0.128856,0.332453,994,17,
3,1218,Overall,Overall,36,19,48,0.5,0.471064,0.305035,1024,15,
3,1219,Overall,Overall,36,21,48,0.5,0.399666,0.307969,1020,15,
3,1220,Overall,Overall,36,16,48,0.5,0.093483,0.317292,1005,16,
3,1221,Overall,Overall,36,12,48,-1.0,-0.875161,0.399743,956,20,
3,1222,Overall,Overall,36,19,48,0.0,0.514387,0.307529,1026,15,
3,1223,Overall,Overall,36,12,48,-1.0,-0.475016,0.356298,976,18,
3,1224,Overall,Overall,36,9,48,-0.5,-1.261816,0.454658,937,23,
3,1225,Overall,Overall,36,3,48,-2.5,-3.276471,0.920512,836,46,
3,1226,Overall,Overall,36,36,48,2.0,2.66197,0.367229,1133,18,
3,1227,Overall,Overall,36,19,48,1.0,0.601231,0.303962,1030,15,
3,1228,Overall,Overall,36,4,48,-1.5,-2.823123,0.785198,859,39,
3,1229,Overall,Overall,36,35,48,2.5,2.799585,0.384295,1140,19,
3,1230,Overall,Overall,36,33,48,1.5,1.885931,0.314996,1094,16,
3,1231,Overall,Overall,36,22,48,1.0,0.909381,0.30108,1045,15,
3,1232,Overall,Overall,36,4,48,-2.0,-2.802482,0.784566,860,39,
3,1233,Overall,Overall,36,21,48,1.0,1.152546,0.305516,1058,15,
3,1234,Overall,Overall,36,17,48,-0.5,0.07779,0.318293,1004,16,
3,1235,Overall,Overall,36,12,48,-1.5,-0.901745,0.403064,955,20,
3,1236,Overall,Overall,36,20,48,1.0,0.467419,0.306889,1023,15,
3,1237,Overall,Overall,36,32,48,2.5,2.262762,0.345206,1113,17,
3,1238,Overall,Overall,36,28,48,2.0,2.283468,0.340397,1114,17,
3,1239,Overall,Overall,36,37,48,2.5,2.690865,0.375822,1135,19,
3,1240,Overall,Overall,36,10,48,-0.5,-0.57438,0.367778,971,18,
3,1241,Overall,Overall,36,2,48,-3.0,-3.404989,0.970422,830,49,
3,1242,Overall,Overall,36,35,48,2.5,2.54275,0.355466,1127,18,
3,1243,Overall,Overall,36,8,48,-2.5,-1.195244,0.444065,940,22,
3,1244,Overall,Overall,36,22,48,1.0,0.866474,0.299546,1043,15,
3,1245,Overall,Overall,36,18,48,1.0,0.556058,0.30421,1028,15,
3,1246,Overall,Overall,36,33,48,3.0,2.496222,0.355578,1125,18,
3,1247,Overall,Overall,36,30,48,2.5,2.198024,0.334204,1110,17,
3,1248,Overall,Overall,36,8,48,-1.5,-1.462672,0.494839,927,25,
3,1249,Overall,Overall,36,10,48,-2.5,-1.441531,0.484162,928,24,
3,1250,Overall,Overall,36,26,48,2.0,1.682522,0.308173,1084,15,
3,1251,Overall,Overall,36,6,48,-2.5,-1.777093,0.544792,911,27,
3,1252,Overall,Overall,36,36,48,3.0,2.847681,0.388701,1142,19,
3,1253,Overall,Overall,36,12,48,-0.5,-0.643566,0.373419,968,19,
3,1254,Overall,Overall,36,31,48,1.5,1.724093,0.309182,1086,15,
3,1255,Overall,Overall,36,18,48,0.5,0.652723,0.303475,1033,15,
3,1256,Overall,Overall,36,3,48,-3.0,-2.701662,0.755828,865,38,
3,1257,Overall,Overall,36,9,48,-2.0,-1.669678,0.52699,917,26,
3,1258,Overall,Overall,36,13,48,-0.5,-0.287609,0.340118,986,17,
3,1259,Overall,Overall,36,4,48,-2.0,-2.230624,0.644161,888,32,
3,1260,Overall,Overall,36,13,48,-0.5,-0.261421,0.339149,987,17,
3,1261,Overall,Overall,36,28,48,1.5,1.262417,0.305937,1063,15,
3,1262,Overall,Overall,36,4,48,-2.0,-2.297336,0.655467,885,33,
3,1263,Overall,Overall,36,9,48,-0.5,-0.890415,0.401841,955,20,
3,1264,Overall,Overall,36,9,48,-1.0,-1.217958,0.448085,939,22,
3,1265,Overall,Overall,36,5,48,-2.5,-2.936805,0.830193,853,42,
3,1266,Overall,Overall,36,3,48,-2.5,-3.252549,0.90514,837,45,
3,1267,Overall,Overall,36,7,48,-1.5,-1.362933,0.470815,932,24,
3,1268,Overall,Overall,36,5,48,-2.0,-2.380547,0.677284,881,34,
3,1269,Overall,Overall,36,4,48,-2.5,-2.46967,0.696302,877,35,
3,1270,Overall,Overall,36,20,48,1.5,0.84243,0.299627,1042,15,
3,1271,Overall,Overall,36,7,48,-1.5,-1.59203,0.509794,920,25,
3,1272,Overall,Overall,36,10,48,-2.0,-1.13588,0.43623,943,22,
3,1273,Overall,Overall,36,9,48,-2.0,-1.59357,0.517188,920,26,
3,1274,Overall,Overall,36,5,48,-3.0,-2.243431,0.643967,888,32,
3,1275,Overall,Overall,36,10,48,-1.0,-1.144118,0.443855,943,22,
3,1276,Overall,Overall,36,26,48,0.5,1.209939,0.296749,1060,15,
3,1277,Overall,Overall,36,25,48,1.5,1.575765,0.305922,1079,15,
3,1278,Overall,Overall,36,4,48,-3.0,-2.654273,0.742054,867,37,
3,1279,Overall,Overall,36,4,48,-3.0,-3.594563,1.047445,820,52,
3,1280,Overall,Overall,36,36,48,3.0,2.839552,0.385331,1142,19,
3,1281,Overall,Overall,36,40,48,3.0,3.221364,0.434904,1161,22,
3,1282,Overall,Overall,36,3,48,-3.0,-3.202763,0.940555,840,47,
3,1283,Overall,Overall,36,4,48,-3.0,-2.748205,0.767979,863,38,
3,1284,Overall,Overall,36,33,48,2.5,2.509923,0.353047,1125,18,
3,1285,Overall,Overall,36,32,48,1.5,1.846899,0.312937,1092,16,
3,1286,Overall,Overall,36,10,48,-2.0,-0.897153,0.402421,955,20,
3,1287,Overall,Overall,36,14,48,0.0,-0.026212,0.323365,999,16,
3,1288,Overall,Overall,36,15,48,-0.5,-0.047586,0.324429,998,16,
3,1289,Overall,Overall,36,27,48,2.0,1.751537,0.3111,1088,16,
3,1290,Overall,Overall,36,7,48,-1.5,-1.132264,0.435721,943,22,
3,1291,Overall,Overall,36,7,48,-2.0,-1.271311,0.455875,936,23,
3,1292,Overall,Overall,36,3,48,-2.0,-3.435852,0.991175,828,50,
3,1293,Overall,Overall,36,20,48,0.5,0.35893,0.308025,1018,15,
3,1294,Overall,Overall,36,15,48,-0.5,0.0165,0.321202,1001,16,
3,1295,Overall,Overall,36,17,48,0.5,0.431299,0.30667,1022,15,
3,1296,Overall,Overall,36,4,48,-2.5,-3.309187,0.964813,835,48,
3,1297,Overall,Overall,36,7,48,-2.0,-1.570833,0.511725,921,26,
3,1298,Overall,Overall,36,7,48,-1.5,-1.183868,0.442344,941,22,
3,1299,Overall,Overall,36,11,48,-1.0,-0.459832,0.354933,977,18,
3,1300,Overall,Overall,36,15,48,-0.5,-0.189366,0.334816,991,17,
4,1,Overall,Overall,36,12,48,-0.5,-0.387525,0.348227,981,17,
4,2,Overall,Overall,36,4,48,-3.0,-2.732283,0.761861,863,38,
4,3,Overall,Overall,36,11,48,-0.5,-0.637025,0.372731,968,19,
4,4,Overall,Overall,36,36,48,3.0,2.815988,0.385367,1141,19,
4,5,Overall,Overall,36,2,48,-3.0,-3.71034,1.057074,814,53,
4,6,Overall,Overall,36,5,48,-1.5,-2.648576,0.741205,868,37,
4,7,Overall,Overall,36,15,48,0.5,-0.289113,0.340233,986,17,
4,8,Overall,Overall,36,21,48,0.5,0.848409,0.299816,1042,15,
4,9,Overall,Overall,36,42,48,3.0,4.172804,0.579308,1209,29,
4,10,Overall,Overall,36,9,48,-2.0,-1.217098,0.44742,939,22,
4,11,Overall,Overall,36,7,48,-0.5,-1.509025,0.500972,925,25,
4,12,Overall,Overall,36,8,48,-1.5,-1.358208,0.469914,932,23,
4,13,Overall,Overall,36,5,48,-1.5,-2.071254,0.607071,896,30,
4,14,Overall,Overall,36,28,48,2.0,2.06977,0.329823,1103,16,
4,15,Overall,Overall,36,36,48,3.0,2.91676,0.393888,1146,20,
4,16,Overall,Overall,36,33,48,2.5,2.02471,0.321809,1101,16,
4,17,Overall,Overall,36,32,48,2.0,2.317571,0.346179,1116,17,
4,18,Overall,Overall,36,10,48,-1.5,-0.945892,0.408722,953,20,
4,19,Overall,Overall,36,32,48,2.0,2.150767,0.337985,1108,17,
4,20,Overall,Overall,36,29,48,2.0,1.941944,0.320542,1097,16,
4,21,Overall,Overall,36,17,48,0.5,-0.037311,0.325023,998,16,
4,22,Overall,Overall,36,31,48,1.5,1.45574,0.300027,1073,15,
4,23,Overall,Overall,36,8,48,-2.0,-1.057173,0.423887,947,21,
4,24,Overall,Overall,36,40,48,2.5,3.576427,0.482677,1179,24,
4,25,Overall,Overall,36,6,48,-2.0,-1.563673,0.505576,922,25,
4,26,Overall,Overall,36,8,48,-2.0,-1.715554,0.540782,914,27,
4,27,Overall,Overall,36,6,48,-1.5,-1.99638,0.589712,900,29,
4,28,Overall,Overall,36,7,48,-1.5,-1.56627,0.506416,922,25,
4,29,Overall,Overall,36,6,48,-2.0,-2.477799,0.698939,876,35,
4,30,Overall,Overall,36,27,48,1.0,1.500847,0.304199,1075,15,
4,31,Overall,Overall,36,21,48,0.5,0.609432,0.302732,1030,15,
4,32,Overall,Overall,36,15,48,0.0,-0.23569,0.336274,988,17,
4,33,Overall,Overall,36,5,48,-2.0,-1.765438,0.545797,912,27,
4,34,Overall,Overall,36,31,48,2.0,1.562967,0.303927,1078,15,
4,35,Overall,Overall,36,31,48,2.0,2.154459,0.330022,1108,17,
4,36,Overall,Overall,36,18,48,1.0,0.369251,0.308121,1018,15,
4,37,Overall,Overall,36,28,48,2.0,1.802697,0.310566,1090,16,
4,38,Overall,Overall,36,4,48,-2.5,-2.889408,0.814636,856,41,
4,39,Overall,Overall,36,11,48,-0.5,-0.872072,0.39948,956,20,
4,40,Overall,Overall,36,22,48,1.0,0.81409,0.300932,1041,15,
4,41,Overall,Overall,36,4,48,-3.0,-3.135285,0.876786,843,44,
4,42,Overall,Overall,36,11,48,-1.5,-0.482717,0.361164,976,18,
4,43,Overall,Overall,36,18,48,0.0,0.328841,0.308939,1016,15,
4,44,Overall,Overall,36,9,48,-1.0,-1.024706,0.420874,949,21,
4,45,Overall,Overall,36,35,48,3.0,2.963678,0.406861,1148,20,
4,46,Overall,Overall,36,34,48,3.0,2.320492,0.345317,1116,17,
4,47,Overall,Overall,36,12,48,0.0,-0.300254,0.341092,985,17,
4,48,Overall,Overall,36,10,48,-1.5,-1.181861,0.442051,941,22,
4,49,Overall,Overall,36,19,48,0.5,0.743554,0.303982,1037,15,
4,50,Overall,Overall,36,2,48,-3.0,-5.0,1.659497,750,83,
4,51,Overall,Overall,36,33,48,3.0,2.586829,0.36651,1129,18,
4,52,Overall,Overall,36,23,48,1.0,0.87238,0.30223,1044,15,
4,53,Overall,Overall,36,9,48,-1.0,-1.072281,0.433481,946,22,
4,54,Overall,Overall,36,8,48,-2.0,-1.526884,0.502128,924,25,
4,55,Overall,Overall,36,6,48,-2.5,-1.995261,0.592016,900,30,
4,56,Overall,Overall,36,4,48,-2.0,-2.494195,0.705277,875,35,
4,57,Overall,Overall,36,8,48,-1.0,-1.233224,0.455881,938,23,
4,58,Overall,Overall,36,21,48,0.5,0.619724,0.305294,1031,15,
4,59,Overall,Overall,36,16,48,0.5,0.247676,0.317863,1012,16,
4,60,Overall,Overall,36,12,48,-0.5,-0.361619,0.346034,982,17,
4,61,Overall,Overall,36,15,48,0.5,0.510643,0.313349,1026,16,
4,62,Overall,Overall,36,2,48,-2.5,-3.941378,1.18082,803,59,
4,63,Overall,Overall,36,17,48,1.5,0.590816,0.31239,1030,16,
4,64,Overall,Overall,36,24,48,1.0,1.109502,0.297515,1055,15,
4,65,Overall,Overall,36,8,48,-1.5,-1.4886,0.495559,926,25,
4,66,Overall,Overall,36,24,48,1.5,1.475606,0.301789,1074,15,
4,67,Overall,Overall,36,34,48,3.0,2.21831,0.334953,1111,17,
4,68,Overall,Overall,36,4,48,-2.0,-2.517004,0.708147,874,35,
4,69,Overall,Overall,36,31,48,2.0,1.747862,0.310708,1087,16,
4,70,Overall,Overall,36,35,48,2.5,2.594277,0.363236,1130,18,
4,71,Overall,Overall,36,6,48,-1.5,-1.565307,0.505163,922,25,
4,72,Overall,Overall,36,3,48,-3.0,-3.123898,0.873593,844,44,
4,73,Overall,Overall,36,2,48,-3.0,-4.885826,1.609808,756,80,
4,74,Overall,Overall,36,1,48,-2.5,-5.0,1.659497,750,83,
4,75,Overall,Overall,36,29,48,1.5,1.878207,0.317287,1094,16,
4,76,Overall,Overall,36,32,48,2.0,2.002336,0.321883,1100,16,
4,77,Overall,Overall,36,36,48,2.0,2.989658,0.414109,1149,21,
4,78,Overall,Overall,36,4,48,-2.0,-3.270408,0.918887,836,46,
4,79,Overall,Overall,36,30,48,2.0,1.898468,0.314665,1095,16,
4,80,Overall,Overall,36,24,48,1.0,1.051148,0.297206,1053,15,
4,81,Overall,Overall,36,38,48,2.5,3.283614,0.440234,1164,22,
4,82,Overall,Overall,36,4,48,-2.5,-2.410736,0.683329,879,34,
4,83,Overall,Overall,36,27,48,1.5,1.355872,0.29813,1068,15,
4,84,Overall,Overall,36,7,48,-2.0,-1.663271,0.53044,917,27,
4,85,Overall,Overall,36,4,48,-3.0,-3.361762,0.955905,832,48,
4,86,Overall,Overall,36,16,48,0.0,0.112819,0.317771,1006,16,
4,87,Overall,Overall,36,9,48,-0.5,-1.123033,0.433415,944,22,
4,88,Overall,Overall,36,9,48,-0.5,-0.910514,0.404815,954,20,
4,89,Overall,Overall,36,33,48,2.5,2.217646,0.33514,1111,17,
4,90,Overall,Overall,36,9,48,0.0,-0.795577,0.390714,960,20,
4,91,Overall,Overall,36,34,48,2.5,2.696316,0.374476,1135,19,
4,92,Overall,Overall,36,1,48,-3.0,-5.0,1.707666,750,85,
4,93,Overall,Overall,36,14,48,-0.5,-0.10977,0.329955,995,16,
4,94,Overall,Overall,36,9,48,-1.5,-1.009908,0.425418,950,21,
4,95,Overall,Overall,36,16,48,-0.5,0.097221,0.319736,1005,16,
4,96,Overall,Overall,36,6,48,-2.5,-1.926133,0.578875,904,29,
4,97,Overall,Overall,36,34,48,2.0,2.430694,0.353968,1122,18,
4,98,Overall,Overall,36,29,48,1.5,1.833046,0.313675,1092,16,
4,99,Overall,Overall,36,2,48,-3.0,-4.198665,1.257694,790,63,
4,100,Overall,Overall,36,17,48,0.0,0.096209,0.319405,1005,16,
4,101,Overall,Overall,36,26,48,1.0,1.35258,0.297687,1068,15,
4,102,Overall,Overall,36,10,48,-1.0,-0.883929,0.400753,956,20,
4,103,Overall,Overall,36,18,48,0.0,0.233677,0.312088,1012,16,
4,104,Overall,Overall,36,12,48,-0.5,-0.621488,0.371007,969,19,
4,105,Overall,Overall,36,3,48,-1.5,-3.251535,0.928664,837,46,
4,106,Overall,Overall,36,3,48,-2.0,-2.388989,0.678413,881,34,
4,107,Overall,Overall,36,16,48,0.5,0.280628,0.31009,1014,16,
4,108,Overall,Overall,36,12,48,0.0,-0.388323,0.349541,981,17,
4,109,Overall,Overall,36,4,48,-3.0,-2.618593,0.73665,869,37,
4,110,Overall,Overall,36,33,48,2.5,1.964844,0.321954,1098,16,
4,111,Overall,Overall,36,36,48,2.5,3.287261,0.444593,1164,22,
4,112,Overall,Overall,36,23,48,1.0,0.83544,0.301141,1042,15,
4,113,Overall,Overall,36,33,48,2.0,2.418371,0.347216,1121,17,
4,114,Overall,Overall,36,30,48,2.0,1.934584,0.321226,1097,16,
4,115,Overall,Overall,36,34,48,2.5,3.243106,0.445338,1162,22,
4,116,Overall,Overall,36,26,48,1.5,1.411878,0.298482,1071,15,
4,117,Overall,Overall,36,33,48,2.0,2.145566,0.333205,1107,17,
4,118,Overall,Overall,36,20,48,0.5,0.511705,0.303489,1026,15,
4,119,Overall,Overall,36,4,48,-1.5,-2.808562,0.782304,860,39,
4,120,Overall,Overall,36,34,48,2.5,2.443412,0.348392,1122,17,
4,121,Overall,Overall,36,17,48,0.5,0.264855,0.310776,1013,16,
4,122,Overall,Overall,36,7,48,-2.5,-1.931222,0.57801,903,29,
4,123,Overall,Overall,36,5,48,-2.5,-2.336969,0.664481,883,33,
4,124,Overall,Overall,36,10,48,-0.5,-0.715227,0.381231,964,19,
4,125,Overall,Overall,36,11,48,-0.5,-0.470012,0.356653,976,18,
4,126,Overall,Overall,36,9,48,-2.0,-1.153834,0.437829,942,22,
4,127,Overall,Overall,36,4,48,-2.5,-2.79004,0.77774,860,39,
4,128,Overall,Overall,36,4,48,-3.0,-2.886094,0.813658,856,41,
4,129,Overall,Overall,36,4,48,-2.0,-2.760175,0.777925,862,39,
4,130,Overall,Overall,36,32,48,2.0,2.252124,0.335416,1113,17,
4,131,Overall,Overall,36,5,48,-2.0,-2.428386,0.689238,879,34,
4,132,Overall,Overall,36,14,48,-0.5,-0.261514,0.339524,987,17,
4,133,Overall,Overall,36,18,48,1.5,0.951342,0.304221,1048,15,
4,134,Overall,Overall,36,27,48,2.0,1.721115,0.309238,1086,15,
4,135,Overall,Overall,36,32,48,2.0,2.102835,0.327591,1105,16,
4,136,Overall,Overall,36,22,48,0.5,0.924786,0.298762,1046,15,
4,137,Overall,Overall,36,34,48,2.0,2.676098,0.368282,1134,18,
4,138,Overall,Overall,36,5,48,-2.0,-2.694871,0.747219,865,37,
4,139,Overall,Overall,36,36,48,3.0,3.20211,0.444062,1160,22,
4,140,Overall,Overall,36,30,48,2.5,2.361941,0.342478,1118,17,
4,141,Overall,Overall,36,38,48,3.0,3.143715,0.430823,1157,22,
4,142,Overall,Overall,36,30,48,1.5,1.689492,0.307794,1084,15,
4,143,Overall,Overall,36,12,48,-1.0,-0.636211,0.375004,968,19,
4,144,Overall,Overall,36,11,48,0.0,-0.624002,0.385867,969,19,
4,145,Overall,Overall,36,35,48,2.5,2.659414,0.37026,1133,19,
4,146,Overall,Overall,36,21,48,1.0,0.708881,0.301276,1035,15,
4,147,Overall,Overall,36,35,48,2.5,2.560744,0.365849,1128,18,
4,148,Overall,Overall,36,22,48,1.5,1.48517,0.309449,1074,15,
4,149,Overall,Overall,36,24,48,1.5,1.365889,0.298115,1068,15,
4,150,Overall,Overall,36,12,48,-0.5,-0.611198,0.370156,969,19,
4,151,Overall,Overall,36,32,48,2.0,1.769469,0.309127,1088,15,
4,152,Overall,Overall,36,35,48,2.5,2.578075,0.364204,1129,18,
4,153,Overall,Overall,36,37,48,3.0,2.97802,0.403522,1149,20,
4,154,Overall,Overall,36,36,48,3.0,2.93454,0.399127,1147,20,
4,155,Overall,Overall,36,7,48,-2.0,-1.297475,0.459931,935,23,
4,156,Overall,Overall,36,4,48,-2.0,-2.674908,0.742136,866,37,
4,157,Overall,Overall,36,4,48,-2.5,-2.375968,0.676154,881,34,
4,158,Overall,Overall,36,8,48,-1.5,-1.775653,0.549912,911,27,
4,159,Overall,Overall,36,1,48,-3.0,-5.0,1.659497,750,83,
4,160,Overall,Overall,36,8,48,-1.5,-1.506636,0.498571,925,25,
4,161,Overall,Overall,36,14,48,0.5,0.106985,0.317981,1005,16,
4,162,Overall,Overall,36,7,48,-1.5,-1.368856,0.471985,932,24,
4,163,Overall,Overall,36,35,48,2.5,2.642704,0.368607,1132,18,
4,164,Overall,Overall,36,31,48,2.0,2.018055,0.321993,1101,16,
4,165,Overall,Overall,36,27,48,1.5,1.51018,0.300247,1076,15,
4,166,Overall,Overall,36,5,48,-3.0,-2.868354,0.805156,857,40,
4,167,Overall,Overall,36,10,48,-1.0,-0.672465,0.380249,966,19,
4,168,Overall,Overall,36,34,48,2.0,2.729367,0.37992,1136,19,
4,169,Overall,Overall,36,35,48,3.0,2.709103,0.374015,1135,19,
4,170,Overall,Overall,36,29,48,1.5,1.356372,0.310809,1068,16,
4,171,Overall,Overall,36,29,48,1.5,1.781129,0.309472,1089,15,
4,172,Overall,Overall,36,5,48,-1.5,-2.059098,0.603452,897,30,
4,173,Overall,Overall,36,10,48,-1.0,-0.762985,0.386264,962,19,
4,174,Overall,Overall,36,20,48,0.5,0.401791,0.308965,1020,15,
4,175,Overall,Overall,36,21,48,1.5,1.25569,0.303542,1063,15,
4,176,Overall,Overall,36,38,48,3.0,3.091186,0.419915,1155,21,
4,177,Overall,Overall,36,13,48,-0.5,-0.532361,0.361733,973,18,
4,178,Overall,Overall,36,25,48,1.5,1.471847,0.300519,1074,15,
4,179,Overall,Overall,36,22,48,0.0,0.467263,0.31005,1023,16,
4,180,Overall,Overall,36,28,48,1.5,2.019809,0.325617,1101,16,
4,181,Overall,Overall,36,17,48,0.5,0.438329,0.312677,1022,16,
4,182,Overall,Overall,36,4,48,-3.0,-2.995294,0.842489,850,42,
4,183,Overall,Overall,36,12,48,0.0,-0.54946,0.364082,973,18,
4,184,Overall,Overall,36,4,48,-2.0,-2.371859,0.675141,881,34,
4,185,Overall,Overall,36,24,48,2.0,1.858519,0.327438,1093,16,
4,186,Overall,Overall,36,23,48,1.5,1.486696,0.304789,1074,15,
4,187,Overall,Overall,36,22,48,0.5,1.036079,0.297743,1052,15,
4,188,Overall,Overall,36,10,48,-0.5,-0.688403,0.377946,966,19,
4,189,Overall,Overall,36,7,48,-2.0,-1.670073,0.52957,916,26,
4,190,Overall,Overall,36,23,48,1.0,0.942135,0.299761,1047,15,
4,191,Overall,Overall,36,37,48,3.0,3.459223,0.473069,1173,24,
4,192,Overall,Overall,36,4,48,-3.0,-3.560205,1.037385,822,52,
4,193,Overall,Overall,36,18,48,0.5,0.511696,0.307227,1026,15,
4,194,Overall,Overall,36,4,48,-1.5,-2.480446,0.698763,876,35,
4,195,Overall,Overall,36,9,48,-1.0,-1.003752,0.416411,950,21,
4,196,Overall,Overall,36,31,48,3.0,2.49044,0.353349,1125,18,
4,197,Overall,Overall,36,35,48,2.5,3.042338,0.415747,1152,21,
4,198,Overall,Overall,36,31,48,2.0,1.860283,0.312789,1093,16,
4,199,Overall,Overall,36,34,48,2.5,2.731359,0.374148,1137,19,
4,200,Overall,Overall,36,1,48,-3.0,-4.663713,1.451392,767,73,
4,201,Overall,Overall,36,26,48,2.0,1.721071,0.318379,1086,16,
4,202,Overall,Overall,36,36,48,3.0,2.999041,0.406398,1150,20,
4,203,Overall,Overall,36,7,48,-2.0,-2.288768,0.653537,886,33,
4,204,Overall,Overall,36,16,48,-0.5,0.277324,0.310414,1014,16,
4,205,Overall,Overall,36,16,48,0.0,0.078553,0.317944,1004,16,
4,206,Overall,Overall,36,37,48,2.5,3.365622,0.461125,1168,23,
4,207,Overall,Overall,36,34,48,3.0,2.541156,0.358481,1127,18,
4,208,Overall,Overall,36,17,48,0.0,0.213591,0.315043,1011,16,
4,209,Overall,Overall,36,18,48,0.5,0.203401,0.313432,1010,16,
4,210,Overall,Overall,36,34,48,2.5,2.591746,0.362787,1130,18,
4,211,Overall,Overall,36,38,48,3.0,3.099506,0.418711,1155,21,
4,212,Overall,Overall,36,8,48,-1.0,-0.562593,0.371626,972,19,
4,213,Overall,Overall,36,9,48,-2.0,-1.063901,0.42592,947,21,
4,214,Overall,Overall,36,10,48,-1.0,-0.906227,0.412534,955,21,
4,215,Overall,Overall,36,25,48,0.5,0.883937,0.301024,1044,15,
4,216,Overall,Overall,36,34,48,2.5,2.95148,0.40076,1148,20,
4,217,Overall,Overall,36,4,48,-2.5,-2.754028,0.774548,862,39,
4,218,Overall,Overall,36,37,48,2.5,3.624913,0.497527,1181,25,
4,219,Overall,Overall,36,8,48,0.0,-0.994677,0.423314,950,21,
4,220,Overall,Overall,36,4,48,-3.0,-2.933303,0.819316,853,41,
4,221,Overall,Overall,36,8,48,-2.0,-1.277309,0.456723,936,23,
4,222,Overall,Overall,36,6,48,-2.5,-2.581044,0.730894,871,37,
4,223,Overall,Overall,36,6,48,-2.5,-1.858766,0.565275,907,28,
4,224,Overall,Overall,36,38,48,3.0,3.228096,0.43545,1161,22,
4,225,Overall,Overall,36,22,48,1.0,0.859232,0.298883,1043,15,
4,226,Overall,Overall,36,15,48,0.5,-0.033226,0.323759,998,16,
4,227,Overall,Overall,36,5,48,-1.0,-1.736671,0.539005,913,27,
4,228,Overall,Overall,36,37,48,3.0,2.622289,0.37431,1131,19,
4,229,Overall,Overall,36,31,48,2.5,2.345943,0.343041,1117,17,
4,230,Overall,Overall,36,5,48,-3.0,-2.194899,0.635355,890,32,
4,231,Overall,Overall,36,40,48,3.0,2.628911,0.377875,1131,19,
4,232,Overall,Overall,36,31,48,2.5,2.286745,0.339595,1114,17,
4,233,Overall,Overall,36,5,48,-3.0,-2.211568,0.63691,889,32,
4,234,Overall,Overall,36,11,48,-0.5,-0.664232,0.375443,967,19,
4,235,Overall,Overall,36,7,48,-1.5,-1.409875,0.479161,930,24,
4,236,Overall,Overall,36,14,48,-1.0,-0.535345,0.362783,973,18,
4,237,Overall,Overall,36,20,48,0.0,0.342149,0.311471,1017,16,
4,238,Overall,Overall,36,41,48,3.0,3.398403,0.458998,1170,23,
4,239,Overall,Overall,36,11,48,0.0,-0.340618,0.345523,983,17,
4,240,Overall,Overall,36,35,48,3.0,2.769573,0.380229,1138,19,
4,241,Overall,Overall,36,6,48,-2.0,-1.709921,0.533152,915,27,
4,242,Overall,Overall,36,10,48,0.0,-0.853264,0.398047,957,20,
4,243,Overall,Overall,36,2,48,-3.0,-4.426628,1.387094,779,69,
4,244,Overall,Overall,36,23,48,1.5,1.17882,0.306442,1059,15,
4,245,Overall,Overall,36,23,48,1.5,1.277457,0.307508,1064,15,
4,246,Overall,Overall,36,28,48,2.5,2.198943,0.336444,1110,17,
4,247,Overall,Overall,36,30,48,1.5,1.840079,0.313111,1092,16,
4,248,Overall,Overall,36,32,48,1.5,1.890301,0.314549,1095,16,
4,249,Overall,Overall,36,3,48,-2.5,-3.616131,1.033232,819,52,
4,250,Overall,Overall,36,28,48,2.5,2.183028,0.335215,1109,17,
4,251,Overall,Overall,36,33,48,3.0,2.399333,0.34396,1120,17,
4,252,Overall,Overall,36,30,48,2.0,1.911146,0.315564,1096,16,
4,253,Overall,Overall,36,20,48,0.5,0.717619,0.30098,1036,15,
4,254,Overall,Overall,36,6,48,-2.0,-1.970871,0.584561,901,29,
4,255,Overall,Overall,36,9,48,-1.0,-1.619121,0.516435,919,26,
4,256,Overall,Overall,36,37,48,3.0,3.094582,0.414545,1155,21,
4,257,Overall,Overall,36,10,48,-1.0,-0.936777,0.407716,953,20,
4,258,Overall,Overall,36,11,48,-1.0,-0.925313,0.406062,954,20,
4,259,Overall,Overall,36,4,48,-3.0,-2.45568,0.692843,877,35,
4,260,Overall,Overall,36,3,48,-2.5,-3.349174,0.961136,833,48,
4,261,Overall,Overall,36,4,48,-2.0,-2.381809,0.674899,881,34,
4,262,Overall,Overall,36,27,48,1.0,1.310992,0.297535,1066,15,
4,263,Overall,Overall,36,11,48,-0.5,-0.501292,0.360499,975,18,
4,264,Overall,Overall,36,13,48,-0.5,-0.504673,0.360969,975,18,
4,265,Overall,Overall,36,19,48,1.0,0.662997,0.302125,1033,15,
4,266,Overall,Overall,36,6,48,-2.5,-2.363547,0.671243,882,34,
4,267,Overall,Overall,36,22,48,1.0,0.854965,0.299541,1043,15,
4,268,Overall,Overall,36,13,48,-0.5,-0.276562,0.340862,986,17,
4,269,Overall,Overall,36,2,48,-2.5,-4.825558,1.576039,759,79,
4,270,Overall,Overall,36,38,48,3.0,2.793155,0.381532,1140,19,
4,271,Overall,Overall,36,18,48,0.5,0.21455,0.312702,1011,16,
4,272,Overall,Overall,36,29,48,1.5,1.885086,0.315589,1094,16,
4,273,Overall,Overall,36,24,48,1.0,0.970858,0.297803,1049,15,
4,274,Overall,Overall,36,20,48,1.0,0.621074,0.301864,1031,15,
4,275,Overall,Overall,36,17,48,-0.5,0.130589,0.315634,1007,16,
4,276,Overall,Overall,36,38,48,3.0,3.375835,0.461124,1169,23,
4,277,Overall,Overall,36,36,48,3.0,2.888061,0.390784,1144,20,
4,278,Overall,Overall,36,5,48,-1.0,-1.805603,0.553842,910,28,
4,279,Overall,Overall,36,8,48,-1.0,-1.510868,0.499282,924,25,
4,280,Overall,Overall,36,25,48,1.5,1.279777,0.297212,1064,15,
4,281,Overall,Overall,36,32,48,2.0,2.504932,0.355572,1125,18,
4,282,Overall,Overall,36,10,48,-1.0,-0.767869,0.387508,962,19,
4,283,Overall,Overall,36,35,48,3.0,2.867081,0.390987,1143,20,
4,284,Overall,Overall,36,12,48,0.0,-0.195274,0.336624,990,17,
4,285,Overall,Overall,36,14,48,0.0,-0.170156,0.331701,991,17,
4,286,Overall,Overall,36,11,48,-1.0,-0.819625,0.3941,959,20,
4,287,Overall,Overall,36,15,48,0.5,0.223599,0.313245,1011,16,
4,288,Overall,Overall,36,0,48,-3.0,-5.0,1.714847,750,86,
4,289,Overall,Overall,36,5,48,-1.5,-2.399301,0.679299,880,34,
4,290,Overall,Overall,36,5,48,-2.5,-2.104259,0.614069,895,31,
4,291,Overall,Overall,36,4,48,-2.5,-2.65429,0.746378,867,37,
4,292,Overall,Overall,36,2,48,-3.0,-4.55467,1.472867,772,74,
4,293,Overall,Overall,36,25,48,1.0,1.19786,0.307305,1060,15,
4,294,Overall,Overall,36,26,48,1.0,1.054481,0.303093,1053,15,
4,295,Overall,Overall,36,19,48,0.5,0.521371,0.303302,1026,15,
4,296,Overall,Overall,36,24,48,1.5,0.927453,0.298076,1046,15,
4,297,Overall,Overall,36,9,48,-1.5,-1.30051,0.460424,935,23,
4,298,Overall,Overall,36,9,48,-0.5,-0.488625,0.364054,976,18,
4,299,Overall,Overall,36,10,48,-1.5,-1.214593,0.447036,939,22,
4,300,Overall,Overall,36,3,48,-2.5,-3.24809,0.92751,838,46,
4,301,Overall,Overall,36,9,48,-1.0,-1.224667,0.448525,939,22,
4,302,Overall,Overall,36,7,48,-2.0,-1.742845,0.539367,913,27,
4,303,Overall,Overall,36,29,48,2.0,1.933163,0.320366,1097,16,
4,304,Overall,Overall,36,6,48,-1.0,-1.764037,0.544375,912,27,
4,305,Overall,Overall,36,7,48,-1.0,-1.227124,0.450211,939,23,
4,306,Overall,Overall,36,6,48,-2.0,-2.499075,0.70292,875,35,
4,307,Overall,Overall,36,27,48,1.5,1.893469,0.314701,1095,16,
4,308,Overall,Overall,36,3,48,-2.0,-3.086782,0.875111,846,44,
4,309,Overall,Overall,36,20,48,0.5,0.753923,0.300811,1038,15,
4,310,Overall,Overall,36,2,48,-3.0,-3.946966,1.183071,803,59,
4,311,Overall,Overall,36,18,48,0.5,0.4744,0.304276,1024,15,
4,312,Overall,Overall,36,7,48,-2.0,-2.104453,0.612649,895,31,
4,313,Overall,Overall,36,20,48,1.0,0.812828,0.301025,1041,15,
4,314,Overall,Overall,36,5,48,-2.5,-2.244869,0.644112,888,32,
4,315,Overall,Overall,36,26,48,1.0,1.116387,0.296673,1056,15,
4,316,Overall,Overall,36,28,48,1.5,1.408822,0.299036,1070,15,
4,317,Overall,Overall,36,5,48,-1.5,-2.433501,0.690743,878,35,
4,318,Overall,Overall,36,29,48,1.0,1.190268,0.298353,1060,15,
4,319,Overall,Overall,36,2,48,-2.5,-3.533199,1.01381,823,51,
4,320,Overall,Overall,36,10,48,-0.5,-1.066365,0.425176,947,21,
4,321,Overall,Overall,36,36,48,2.5,2.490351,0.361766,1125,18,
4,322,Overall,Overall,36,28,48,1.5,1.524068,0.299368,1076,15,
4,323,Overall,Overall,36,8,48,-1.0,-1.027606,0.420888,949,21,
4,324,Overall,Overall,36,14,48,-0.5,-0.388571,0.34937,981,17,
4,325,Overall,Overall,36,22,48,1.0,1.147179,0.298892,1057,15,
4,326,Overall,Overall,36,20,48,1.0,0.758537,0.300796,1038,15,
4,327,Overall,Overall,36,9,48,-1.0,-1.215971,0.447205,939,22,
4,328,Overall,Overall,36,40,48,3.0,3.292242,0.447662,1165,22,
4,329,Overall,Overall,36,30,48,2.0,1.997679,0.321299,1100,16,
4,330,Overall,Overall,36,38,48,3.0,3.313975,0.453649,1166,23,
4,331,Overall,Overall,36,5,48,-2.0,-1.945796,0.580198,903,29,
4,332,Overall,Overall,36,19,48,0.0,0.192713,0.316162,1010,16,
4,333,Overall,Overall,36,7,48,-1.0,-1.295969,0.46535,935,23,
4,334,Overall,Overall,36,4,48,-3.0,-2.266362,0.651022,887,33,
4,335,Overall,Overall,36,2,48,-2.5,-4.606685,1.473063,770,74,
4,336,Overall,Overall,36,4,48,-2.5,-3.328586,0.937139,834,47,
4,337,Overall,Overall,36,5,48,-2.5,-2.599653,0.732085,870,37,
4,338,Overall,Overall,36,10,48,-1.5,-1.046765,0.422785,948,21,
4,339,Overall,Overall,36,32,48,1.5,2.039318,0.322445,1102,16,
4,340,Overall,Overall,36,14,48,0.0,-0.09342,0.327825,995,16,
4,341,Overall,Overall,36,32,48,2.0,1.818746,0.312935,1091,16,
4,342,Overall,Overall,36,1,48,-3.0,-5.0,1.703217,750,85,
4,343,Overall,Overall,36,29,48,2.0,2.058452,0.323218,1103,16,
4,344,Overall,Overall,36,11,48,-0.5,-0.568449,0.366403,972,18,
4,345,Overall,Overall,36,25,48,1.0,1.203274,0.296926,1060,15,
4,346,Overall,Overall,36,30,48,1.5,1.890539,0.31525,1095,16,
4,347,Overall,Overall,36,1,48,-2.0,-5.0,1.659497,750,83,
4,348,Overall,Overall,36,11,48,-1.0,-1.097629,0.436928,945,22,
4,349,Overall,Overall,36,6,48,-2.5,-2.21366,0.636016,889,32,
4,350,Overall,Overall,36,34,48,2.0,2.183853,0.330855,1109,17,
4,351,Overall,Overall,36,15,48,0.0,-0.13676,0.331519,993,17,
4,352,Overall,Overall,36,13,48,0.0,-0.20176,0.33437,990,17,
4,353,Overall,Overall,36,20,48,0.5,0.502213,0.30368,1025,15,
4,354,Overall,Overall,36,2,48,-2.5,-4.302559,1.286378,785,64,
4,355,Overall,Overall,36,3,48,-2.5,-4.018692,1.212173,799,61,
4,356,Overall,Overall,36,34,48,3.0,2.507148,0.358601,1125,18,
4,357,Overall,Overall,36,12,48,-0.5,-0.31635,0.343408,984,17,
4,358,Overall,Overall,36,33,48,3.0,3.04072,0.420112,1152,21,
4,359,Overall,Overall,36,33,48,2.0,2.321286,0.342753,1116,17,
4,360,Overall,Overall,36,4,48,-2.0,-2.957187,0.823225,852,41,
4,361,Overall,Overall,36,36,48,2.5,2.57856,0.364239,1129,18,
4,362,Overall,Overall,36,10,48,0.0,-0.769712,0.38704,962,19,
4,363,Overall,Overall,36,2,48,-2.5,-4.426628,1.387094,779,69,
4,364,Overall,Overall,36,11,48,0.0,-0.556706,0.364838,972,18,
4,365,Overall,Overall,36,15,48,0.0,0.050968,0.320529,1003,16,
4,366,Overall,Overall,36,7,48,-2.0,-1.878181,0.569366,906,28,
4,367,Overall,Overall,36,7,48,-2.0,-1.424506,0.481377,929,24,
4,368,Overall,Overall,36,6,48,-2.0,-2.114063,0.614247,894,31,
4,369,Overall,Overall,36,3,48,-3.0,-3.118909,0.869545,844,43,
4,370,Overall,Overall,36,6,48,-2.0,-2.19282,0.636361,890,32,
4,371,Overall,Overall,36,7,48,-1.5,-1.808407,0.556342,910,28,
4,372,Overall,Overall,36,5,48,-3.0,-2.559023,0.723164,872,36,
4,373,Overall,Overall,36,7,48,-1.5,-1.332671,0.465792,933,23,
4,374,Overall,Overall,36,9,48,-1.0,-1.177701,0.441825,941,22,
4,375,Overall,Overall,36,17,48,0.0,0.050061,0.321601,1003,16,
4,376,Overall,Overall,36,32,48,2.5,2.248012,0.336481,1112,17,
4,377,Overall,Overall,36,1,48,-3.0,-5.0,1.714847,750,86,
4,378,Overall,Overall,36,2,48,-3.0,-4.693308,1.509974,765,75,
4,379,Overall,Overall,36,33,48,2.5,2.316764,0.340247,1116,17,
4,380,Overall,Overall,36,12,48,0.0,0.142903,0.328888,1007,16,
4,381,Overall,Overall,36,29,48,1.5,1.300094,0.299374,1065,15,
4,382,Overall,Overall,36,7,48,-1.5,-1.645167,0.522608,918,26,
4,383,Overall,Overall,36,5,48,-2.5,-2.283978,0.653157,886,33,
4,384,Overall,Overall,36,17,48,-0.5,-0.056606,0.326841,997,16,
4,385,Overall,Overall,36,19,48,1.0,0.727182,0.301194,1036,15,
4,386,Overall,Overall,36,35,48,3.0,2.988843,0.419534,1149,21,
4,387,Overall,Overall,36,19,48,1.5,0.60916,0.301914,1030,15,
4,388,Overall,Overall,36,31,48,2.0,1.791608,0.310039,1090,16,
4,389,Overall,Overall,36,21,48,1.0,0.834436,0.299777,1042,15,
4,390,Overall,Overall,36,19,48,0.0,0.335305,0.308384,1017,15,
4,391,Overall,Overall,36,3,48,-2.0,-2.381525,0.677929,881,34,
4,392,Overall,Overall,36,30,48,1.5,1.480976,0.299313,1074,15,
4,393,Overall,Overall,36,12,48,-1.0,-0.357892,0.348129,982,17,
4,394,Overall,Overall,36,9,48,-1.0,-0.955437,0.411573,952,21,
4,395,Overall,Overall,36,11,48,-1.0,-1.208348,0.44636,940,22,
4,396,Overall,Overall,36,8,48,-1.0,-1.043757,0.42202,948,21,
4,397,Overall,Overall,36,3,48,-3.0,-3.4148,0.97347,829,49,
4,398,Overall,Overall,36,36,48,3.0,3.171528,0.426195,1159,21,
4,399,Overall,Overall,36,32,48,2.5,2.520122,0.356798,1126,18,
4,400,Overall,Overall,36,3,48,-3.0,-2.852684,0.794398,857,40,
4,401,Overall,Overall,36,3,48,-3.0,-3.708696,1.08988,815,54,
4,402,Overall,Overall,36,7,48,-2.0,-1.927884,0.575148,904,29,
4,403,Overall,Overall,36,20,48,1.0,1.086881,0.314115,1054,16,
4,404,Overall,Overall,36,28,48,1.5,1.677437,0.305595,1084,15,
4,405,Overall,Overall,36,24,48,1.0,1.041056,0.297046,1052,15,
4,406,Overall,Overall,36,4,48,-3.0,-2.721805,0.765117,864,38,
4,407,Overall,Overall,36,13,48,-1.0,-0.891149,0.40946,955,20,
4,408,Overall,Overall,36,6,48,-3.0,-2.451923,0.691881,877,35,
4,409,Overall,Overall,36,31,48,2.0,1.681947,0.305808,1084,15,
4,410,Overall,Overall,36,7,48,-0.5,-1.952448,0.583504,902,29,
4,411,Overall,Overall,36,13,48,-0.5,-0.136334,0.330238,993,17,
4,412,Overall,Overall,36,31,48,1.5,1.740549,0.309415,1087,15,
4,413,Overall,Overall,36,30,48,1.5,1.486635,0.301746,1074,15,
4,414,Overall,Overall,36,30,48,2.5,1.725699,0.307271,1086,15,
4,415,Overall,Overall,36,32,48,2.5,2.348298,0.343205,1117,17,
4,416,Overall,Overall,36,2,48,-2.0,-4.135023,1.262087,793,63,
4,417,Overall,Overall,36,35,48,3.0,2.764003,0.380455,1138,19,
4,418,Overall,Overall,36,20,48,0.5,0.597469,0.30249,1030,15,
4,419,Overall,Overall,36,5,48,-2.5,-1.996595,0.593336,900,30,
4,420,Overall,Overall,36,27,48,1.5,1.41784,0.297572,1071,15,
4,421,Overall,Overall,36,10,48,-1.0,-1.151479,0.437549,942,22,
4,422,Overall,Overall,36,10,48,-1.0,-0.957801,0.410445,952,21,
4,423,Overall,Overall,36,38,48,3.0,3.273783,0.442264,1164,22,
4,424,Overall,Overall,36,35,48,2.5,2.087877,0.331406,1104,17,
4,425,Overall,Overall,36,12,48,-1.0,-0.321368,0.343906,984,17,
4,426,Overall,Overall,36,16,48,0.0,-0.211427,0.336074,989,17,
4,427,Overall,Overall,36,38,48,2.5,2.714302,0.384828,1136,19,
4,428,Overall,Overall,36,11,48,-1.5,-1.23494,0.456675,938,23,
4,429,Overall,Overall,36,19,48,0.5,0.731496,0.301143,1037,15,
4,430,Overall,Overall,36,34,48,2.5,2.709791,0.389362,1135,19,
4,431,Overall,Overall,36,22,48,0.5,0.590356,0.303909,1030,15,
4,432,Overall,Overall,36,18,48,0.5,0.378499,0.310609,1019,16,
4,433,Overall,Overall,36,4,48,-3.0,-2.852725,0.803084,857,40,
4,434,Overall,Overall,36,6,48,-1.5,-1.533767,0.499497,923,25,
4,435,Overall,Overall,36,6,48,-2.5,-1.647964,0.520041,918,26,
4,436,Overall,Overall,36,29,48,1.0,1.483269,0.301504,1074,15,
4,437,Overall,Overall,36,37,48,3.0,2.85632,0.387511,1143,19,
4,438,Overall,Overall,36,32,48,1.5,2.369873,0.344864,1118,17,
4,439,Overall,Overall,36,37,48,3.0,3.023975,0.409043,1151,20,
4,440,Overall,Overall,36,17,48,0.5,0.258815,0.311563,1013,16,
4,441,Overall,Overall,36,8,48,-1.5,-1.570882,0.507689,921,25,
4,442,Overall,Overall,36,6,48,-3.0,-2.22782,0.64182,889,32,
4,443,Overall,Overall,36,8,48,-1.5,-1.010112,0.417409,949,21,
4,444,Overall,Overall,36,29,48,1.5,1.442162,0.30049,1072,15,
4,445,Overall,Overall,36,34,48,3.0,3.135315,0.442714,1157,22,
4,446,Overall,Overall,36,38,48,3.0,2.962098,0.411262,1148,21,
4,447,Overall,Overall,36,4,48,-2.5,-2.209393,0.636627,890,32,
4,448,Overall,Overall,36,8,48,-2.0,-1.522101,0.502972,924,25,
4,449,Overall,Overall,36,11,48,-1.0,-0.673419,0.376673,966,19,
4,450,Overall,Overall,36,5,48,-1.5,-2.530246,0.711421,873,36,
4,451,Overall,Overall,36,6,48,-2.5,-2.467263,0.695628,877,35,
4,452,Overall,Overall,36,34,48,2.0,2.635871,0.366826,1132,18,
4,453,Overall,Overall,36,36,48,3.0,3.275835,0.443092,1164,22,
4,454,Overall,Overall,36,4,48,-3.0,-2.817407,0.790986,859,40,
4,455,Overall,Overall,36,2,48,-3.0,-3.373399,0.969445,831,48,
4,456,Overall,Overall,36,11,48,-0.5,-0.38104,0.348913,981,17,
4,457,Overall,Overall,36,5,48,-2.0,-2.516905,0.710991,874,36,
4,458,Overall,Overall,36,3,48,-2.5,-3.156185,0.882085,842,44,
4,459,Overall,Overall,36,3,48,-2.5,-3.414136,0.965018,829,48,
4,460,Overall,Overall,36,30,48,2.0,1.904597,0.318308,1095,16,
4,461,Overall,Overall,36,9,48,-1.5,-1.039311,0.421405,948,21,
4,462,Overall,Overall,36,31,48,1.5,1.961536,0.320252,1098,16,
4,463,Overall,Overall,36,18,48,0.5,0.55082,0.303213,1028,15,
4,464,Overall,Overall,36,21,48,1.0,0.956136,0.298984,1048,15,
4,465,Overall,Overall,36,4,48,-2.5,-3.062399,0.867305,847,43,
4,466,Overall,Overall,36,32,48,2.0,2.313763,0.342375,1116,17,
4,467,Overall,Overall,36,6,48,-2.5,-2.044295,0.601313,898,30,
4,468,Overall,Overall,36,22,48,1.0,0.769603,0.300091,1038,15,
4,469,Overall,Overall,36,4,48,-1.0,-2.251189,0.648068,887,32,
4,470,Overall,Overall,36,31,48,2.0,2.01998,0.322775,1101,16,
4,471,Overall,Overall,36,36,48,3.0,2.997161,0.405732,1150,20,
4,472,Overall,Overall,36,34,48,2.0,2.445294,0.355709,1122,18,
4,473,Overall,Overall,36,38,48,3.0,3.059546,0.413958,1153,21,
4,474,Overall,Overall,36,13,48,-1.0,-0.720031,0.381635,964,19,
4,475,Overall,Overall,36,4,48,-3.0,-2.511239,0.706871,874,35,
4,476,Overall,Overall,36,18,48,0.0,0.400735,0.306139,1020,15,
4,477,Overall,Overall,36,15,48,0.0,-0.039973,0.323808,998,16,
4,478,Overall,Overall,36,11,48,-0.5,-0.436326,0.353375,978,18,
4,479,Overall,Overall,36,12,48,0.0,-0.36278,0.348415,982,17,
4,480,Overall,Overall,36,19,48,1.0,0.616939,0.303423,1031,15,
4,481,Overall,Overall,36,2,48,-3.0,-3.213886,0.90104,839,45,
4,482,Overall,Overall,36,22,48,0.5,1.081759,0.299467,1054,15,
4,483,Overall,Overall,36,32,48,2.0,1.980295,0.320206,1099,16,
4,484,Overall,Overall,36,12,48,-1.0,-0.358986,0.345815,982,17,
4,485,Overall,Overall,36,9,48,-1.0,-0.766266,0.387184,962,19,
4,486,Overall,Overall,36,4,48,-3.0,-2.618188,0.731901,869,37,
4,487,Overall,Overall,36,4,48,-2.5,-3.262267,0.915988,837,46,
4,488,Overall,Overall,36,23,48,1.0,0.667439,0.303357,1033,15,
4,489,Overall,Overall,36,5,48,-2.5,-2.598679,0.728799,870,36,
4,490,Overall,Overall,36,6,48,-2.0,-1.907238,0.574461,905,29,
4,491,Overall,Overall,36,36,48,3.0,2.753569,0.376432,1138,19,
4,492,Overall,Overall,36,4,48,-2.0,-2.428154,0.689157,879,34,
4,493,Overall,Overall,36,31,48,1.5,2.001873,0.322306,1100,16,
4,494,Overall,Overall,36,9,48,-1.0,-0.614807,0.37036,969,19,
4,495,Overall,Overall,36,2,48,-3.0,-3.819112,1.104154,809,55,
4,496,Overall,Overall,36,13,48,-1.0,-0.396502,0.349792,980,17,
4,497,Overall,Overall,36,4,48,-2.0,-2.312838,0.660465,884,33,
4,498,Overall,Overall,36,4,48,-1.5,-2.488936,0.696617,876,35,
4,499,Overall,Overall,36,14,48,0.5,-0.121853,0.33063,994,17,
4,500,Overall,Overall,36,2,48,-3.0,-3.373399,0.969445,831,48,
4,501,Overall,Overall,36,32,48,2.0,2.237904,0.336126,1112,17,
4,502,Overall,Overall,36,22,48,0.0,0.409757,0.308029,1020,15,
4,503,Overall,Overall,36,17,48,-0.5,0.165786,0.314143,1008,16,
4,504,Overall,Overall,36,12,48,-0.5,-0.410811,0.350848,979,18,
4,505,Overall,Overall,36,37,48,3.0,3.34764,0.456421,1167,23,
4,506,Overall,Overall,36,35,48,2.5,2.662441,0.369488,1133,18,
4,507,Overall,Overall,36,27,48,2.0,1.632662,0.304941,1082,15,
4,508,Overall,Overall,36,5,48,-2.5,-2.568911,0.720016,872,36,
4,509,Overall,Overall,36,7,48,-1.5,-1.300867,0.460515,935,23,
4,510,Overall,Overall,36,32,48,2.0,2.212867,0.335264,1111,17,
4,511,Overall,Overall,36,5,48,-1.0,-2.117085,0.614894,894,31,
4,512,Overall,Overall,36,9,48,-2.5,-1.559137,0.50942,922,25,
4,513,Overall,Overall,36,19,48,0.5,0.304052,0.310041,1015,16,
4,514,Overall,Overall,36,2,48,-3.0,-3.96687,1.163177,802,58,
4,515,Overall,Overall,36,25,48,1.0,1.469567,0.30467,1073,15,
4,516,Overall,Overall,36,7,48,-0.5,-1.5044,0.498196,925,25,
4,517,Overall,Overall,36,11,48,-1.0,-0.656942,0.374776,967,19,
4,518,Overall,Overall,36,3,48,-2.0,-2.387067,0.684109,881,34,
4,519,Overall,Overall,36,31,48,2.0,1.866222,0.314135,1093,16,
4,520,Overall,Overall,36,9,48,-1.0,-1.026807,0.433699,949,22,
4,521,Overall,Overall,36,17,48,0.5,0.258808,0.31088,1013,16,
4,522,Overall,Overall,36,21,48,1.0,0.775668,0.307594,1039,15,
4,523,Overall,Overall,36,16,48,-0.5,-0.055596,0.324868,997,16,
4,524,Overall,Overall,36,27,48,1.5,1.148663,0.297992,1057,15,
4,525,Overall,Overall,36,38,48,3.0,3.16899,0.42735,1158,21,
4,526,Overall,Overall,36,34,48,2.5,2.623603,0.370125,1131,19,
4,527,Overall,Overall,36,17,48,0.5,0.128556,0.315836,1006,16,
4,528,Overall,Overall,36,37,48,2.5,2.672798,0.375805,1134,19,
4,529,Overall,Overall,36,6,48,-1.0,-1.727538,0.535203,914,27,
4,530,Overall,Overall,36,4,48,-3.0,-3.338142,0.957431,833,48,
4,531,Overall,Overall,36,21,48,1.0,0.962352,0.304065,1048,15,
4,532,Overall,Overall,36,34,48,2.5,2.696771,0.374107,1135,19,
4,533,Overall,Overall,36,14,48,0.0,-0.224713,0.33591,989,17,
4,534,Overall,Overall,36,23,48,1.5,1.153434,0.29663,1058,15,
4,535,Overall,Overall,36,35,48,2.5,3.111317,0.420517,1156,21,
4,536,Overall,Overall,36,13,48,-0.5,-0.299465,0.343268,985,17,
4,537,Overall,Overall,36,7,48,-0.5,-1.468185,0.488394,927,24,
4,538,Overall,Overall,36,5,48,-3.0,-2.607421,0.730611,870,37,
4,539,Overall,Overall,36,10,48,-1.5,-0.717236,0.389893,964,19,
4,540,Overall,Overall,36,37,48,3.0,3.040434,0.411038,1152,21,
4,541,Overall,Overall,36,34,48,2.0,2.622118,0.365589,1131,18,
4,542,Overall,Overall,36,2,48,-3.0,-3.759782,1.098155,812,55,
4,543,Overall,Overall,36,33,48,2.0,1.995812,0.320064,1100,16,
4,544,Overall,Overall,36,19,48,0.0,0.521829,0.304434,1026,15,
4,545,Overall,Overall,36,1,48,-3.0,-3.848612,1.118142,808,56,
4,546,Overall,Overall,36,10,48,0.0,-0.699912,0.379939,965,19,
4,547,Overall,Overall,36,3,48,-3.0,-3.645966,1.035601,818,52,
4,548,Overall,Overall,36,13,48,-0.5,-0.419268,0.352212,979,18,
4,549,Overall,Overall,36,36,48,2.5,2.413501,0.354055,1121,18,
4,550,Overall,Overall,36,9,48,-1.0,-0.581757,0.36786,971,18,
4,551,Overall,Overall,36,15,48,0.0,-0.162905,0.33122,992,17,
4,552,Overall,Overall,36,26,48,1.5,1.486687,0.305104,1074,15,
4,553,Overall,Overall,36,17,48,0.0,0.113182,0.316806,1006,16,
4,554,Overall,Overall,36,33,48,2.0,2.455206,0.35558,1123,18,
4,555,Overall,Overall,36,4,48,-1.0,-1.762651,0.550551,912,28,
4,556,Overall,Overall,36,10,48,-1.0,-1.066907,0.425253,947,21,
4,557,Overall,Overall,36,11,48,-1.0,-0.462344,0.356409,977,18,
4,558,Overall,Overall,36,39,48,3.0,3.091205,0.420221,1155,21,
4,559,Overall,Overall,36,17,48,0.0,0.335728,0.308206,1017,15,
4,560,Overall,Overall,36,33,48,3.0,2.560645,0.360095,1128,18,
4,561,Overall,Overall,36,9,48,-1.5,-0.97714,0.41402,951,21,
4,562,Overall,Overall,36,20,48,1.0,0.750369,0.301389,1038,15,
4,563,Overall,Overall,36,15,48,0.5,0.172322,0.3148,1009,16,
4,564,Overall,Overall,36,10,48,-0.5,-1.201928,0.451674,940,23,
4,565,Overall,Overall,36,19,48,0.0,0.607002,0.302383,1030,15,
4,566,Overall,Overall,36,5,48,-3.0,-2.565803,0.719245,872,36,
4,567,Overall,Overall,36,12,48,0.0,-0.194036,0.333317,990,17,
4,568,Overall,Overall,36,10,48,-1.0,-1.604475,0.513567,920,26,
4,569,Overall,Overall,36,18,48,0.5,0.348147,0.307954,1017,15,
4,570,Overall,Overall,36,7,48,-1.5,-1.401025,0.483581,930,24,
4,571,Overall,Overall,36,33,48,2.0,2.610657,0.364522,1131,18,
4,572,Overall,Overall,36,9,48,-1.5,-1.021854,0.42026,949,21,
4,573,Overall,Overall,36,30,48,2.5,1.827388,0.312723,1091,16,
4,574,Overall,Overall,36,28,48,1.5,1.558823,0.303854,1078,15,
4,575,Overall,Overall,36,12,48,0.0,-0.300988,0.343572,985,17,
4,576,Overall,Overall,36,33,48,2.0,2.389454,0.346817,1119,17,
4,577,Overall,Overall,36,39,48,3.0,3.66855,0.49798,1183,25,
4,578,Overall,Overall,36,11,48,-0.5,-0.711264,0.38044,964,19,
4,579,Overall,Overall,36,38,48,3.0,3.105809,0.42763,1155,21,
4,580,Overall,Overall,36,23,48,1.5,1.108425,0.297253,1055,15,
4,581,Overall,Overall,36,9,48,-0.5,-0.851614,0.406126,957,20,
4,582,Overall,Overall,36,34,48,3.0,3.0897,0.418406,1154,21,
4,583,Overall,Overall,36,13,48,0.0,-0.218341,0.336091,989,17,
4,584,Overall,Overall,36,7,48,-1.5,-1.729196,0.53786,914,27,
4,585,Overall,Overall,36,16,48,0.0,0.224854,0.312481,1011,16,
4,586,Overall,Overall,36,13,48,-1.0,-0.663889,0.375851,967,19,
4,587,Overall,Overall,36,3,48,-3.0,-3.8522,1.145369,807,57,
4,588,Overall,Overall,36,30,48,2.5,2.139087,0.330063,1107,17,
4,589,Overall,Overall,36,6,48,-1.5,-1.851103,0.561405,907,28,
4,590,Overall,Overall,36,29,48,2.5,2.069599,0.325378,1103,16,
4,591,Overall,Overall,36,14,48,0.0,0.031507,0.320961,1002,16,
4,592,Overall,Overall,36,19,48,1.5,0.770601,0.302047,1039,15,
4,593,Overall,Overall,36,6,48,-1.0,-1.773617,0.545628,911,27,
4,594,Overall,Overall,36,21,48,1.0,0.748403,0.300831,1037,15,
4,595,Overall,Overall,36,5,48,-2.5,-2.209506,0.638629,890,32,
4,596,Overall,Overall,36,32,48,2.5,2.129273,0.329188,1106,16,
4,597,Overall,Overall,36,5,48,-2.0,-1.852326,0.56191,907,28,
4,598,Overall,Overall,36,38,48,2.5,2.548018,0.366172,1127,18,
4,599,Overall,Overall,36,22,48,0.0,0.290657,0.312859,1015,16,
4,600,Overall,Overall,36,16,48,0.0,0.056201,0.319517,1003,16,
4,601,Overall,Overall,36,39,48,3.0,3.269156,0.442175,1163,22,
4,602,Overall,Overall,36,11,48,-0.5,-1.02044,0.419114,949,21,
4,603,Overall,Overall,36,11,48,-1.0,-0.642514,0.374358,968,19,
4,604,Overall,Overall,36,31,48,2.0,1.655406,0.307358,1083,15,
4,605,Overall,Overall,36,26,48,1.0,1.313922,0.304089,1066,15,
4,606,Overall,Overall,36,19,48,0.5,0.307188,0.309999,1015,15,
4,607,Overall,Overall,36,30,48,2.0,1.577206,0.303406,1079,15,
4,608,Overall,Overall,36,33,48,2.5,2.520421,0.360577,1126,18,
4,609,Overall,Overall,36,21,48,1.0,0.757195,0.301421,1038,15,
4,610,Overall,Overall,36,21,48,1.0,0.767114,0.300413,1038,15,
4,611,Overall,Overall,36,32,48,1.5,1.614937,0.307358,1081,15,
4,612,Overall,Overall,36,4,48,-3.0,-2.616544,0.731482,869,37,
4,613,Overall,Overall,36,7,48,-3.0,-1.863843,0.566693,907,28,
4,614,Overall,Overall,36,10,48,-0.5,-0.595085,0.368612,970,18,
4,615,Overall,Overall,36,5,48,-2.5,-2.369158,0.672347,882,34,
4,616,Overall,Overall,36,18,48,1.0,0.720068,0.306281,1036,15,
4,617,Overall,Overall,36,26,48,1.0,1.123356,0.303511,1056,15,
4,618,Overall,Overall,36,5,48,-2.0,-2.710879,0.767977,864,38,
4,619,Overall,Overall,36,28,48,2.0,2.170347,0.331719,1109,17,
4,620,Overall,Overall,36,3,48,-2.5,-3.008511,0.838712,850,42,
4,621,Overall,Overall,36,13,48,-0.5,-0.250757,0.338976,987,17,
4,622,Overall,Overall,36,22,48,1.0,0.595203,0.304038,1030,15,
4,623,Overall,Overall,36,27,48,1.5,1.744072,0.31289,1087,16,
4,624,Overall,Overall,36,11,48,-1.0,-0.687962,0.378458,966,19,
4,625,Overall,Overall,36,14,48,0.0,-0.345744,0.346087,983,17,
4,626,Overall,Overall,36,12,48,0.0,-0.186188,0.333998,991,17,
4,627,Overall,Overall,36,19,48,0.5,0.475003,0.305701,1024,15,
4,628,Overall,Overall,36,17,48,1.0,0.565052,0.310187,1028,16,
4,629,Overall,Overall,36,4,48,-2.0,-2.282698,0.652874,886,33,
4,630,Overall,Overall,36,23,48,0.5,0.590499,0.308138,1030,15,
4,631,Overall,Overall,36,34,48,2.5,2.887471,0.396643,1144,20,
4,632,Overall,Overall,36,37,48,3.0,3.489497,0.475399,1174,24,
4,633,Overall,Overall,36,25,48,1.0,1.110476,0.297518,1056,15,
4,634,Overall,Overall,36,34,48,1.5,2.008649,0.322343,1100,16,
4,635,Overall,Overall,36,30,48,2.0,1.905533,0.316242,1095,16,
4,636,Overall,Overall,36,6,48,-2.0,-1.568641,0.511321,922,26,
4,637,Overall,Overall,36,25,48,2.0,1.583887,0.303194,1079,15,
4,638,Overall,Overall,36,3,48,-2.0,-3.247224,0.914382,838,46,
4,639,Overall,Overall,36,15,48,0.0,0.022054,0.321096,1001,16,
4,640,Overall,Overall,36,2,48,-2.0,-3.783038,1.118325,811,56,
4,641,Overall,Overall,36,20,48,0.5,0.916675,0.299737,1046,15,
4,642,Overall,Overall,36,40,48,3.0,3.399504,0.459408,1170,23,
4,643,Overall,Overall,36,28,48,1.5,1.286757,0.297278,1064,15,
4,644,Overall,Overall,36,18,48,1.0,0.430358,0.309548,1022,15,
4,645,Overall,Overall,36,3,48,-1.0,-2.722707,0.766886,864,38,
4,646,Overall,Overall,36,35,48,2.5,2.591218,0.363867,1130,18,
4,647,Overall,Overall,36,32,48,2.5,2.453159,0.35277,1123,18,
4,648,Overall,Overall,36,14,48,0.0,0.036757,0.32013,1002,16,
4,649,Overall,Overall,36,4,48,-3.0,-2.9841,0.831602,851,42,
4,650,Overall,Overall,36,10,48,-0.5,-0.752128,0.385021,962,19,
4,651,Overall,Overall,36,11,48,-0.5,-0.693782,0.389318,965,19,
4,652,Overall,Overall,36,2,48,-3.0,-3.841743,1.141244,808,57,
4,653,Overall,Overall,36,18,48,0.5,0.52896,0.305917,1026,15,
4,654,Overall,Overall,36,5,48,-1.5,-2.290391,0.654579,885,33,
4,655,Overall,Overall,36,17,48,0.0,0.046811,0.321563,1002,16,
4,656,Overall,Overall,36,7,48,-2.0,-1.870675,0.56799,906,28,
4,657,Overall,Overall,36,31,48,2.5,2.265796,0.339271,1113,17,
4,658,Overall,Overall,36,40,48,2.5,4.299693,0.62286,1215,31,
4,659,Overall,Overall,36,27,48,1.5,1.262634,0.297771,1063,15,
4,660,Overall,Overall,36,36,48,2.5,2.305222,0.34315,1115,17,
4,661,Overall,Overall,36,20,48,1.0,0.718348,0.302355,1036,15,
4,662,Overall,Overall,36,6,48,-2.0,-1.879937,0.567203,906,28,
4,663,Overall,Overall,36,13,48,-0.5,-0.123291,0.329796,994,16,
4,664,Overall,Overall,36,0,48,-2.5,-5.0,1.714847,750,86,
4,665,Overall,Overall,36,35,48,3.0,3.404837,0.466856,1170,23,
4,666,Overall,Overall,36,5,48,-2.5,-2.228938,0.640253,889,32,
4,667,Overall,Overall,36,22,48,0.5,0.807058,0.300571,1040,15,
4,668,Overall,Overall,36,26,48,1.5,1.873768,0.318221,1094,16,
4,669,Overall,Overall,36,11,48,-0.5,-0.57855,0.366677,971,18,
4,670,Overall,Overall,36,23,48,2.0,1.617058,0.308995,1081,15,
4,671,Overall,Overall,36,19,48,0.5,0.451788,0.305602,1023,15,
4,672,Overall,Overall,36,34,48,1.5,1.747597,0.3103,1087,16,
4,673,Overall,Overall,36,14,48,-0.5,-0.121392,0.330472,994,17,
4,674,Overall,Overall,36,18,48,0.0,0.048794,0.32099,1002,16,
4,675,Overall,Overall,36,6,48,-2.0,-2.01807,0.597039,899,30,
4,676,Overall,Overall,36,36,48,3.0,3.033098,0.41186,1152,21,
4,677,Overall,Overall,36,7,48,-2.0,-1.653372,0.524068,917,26,
4,678,Overall,Overall,36,3,48,-3.0,-3.085152,0.874475,846,44,
4,679,Overall,Overall,36,33,48,2.5,2.579363,0.361768,1129,18,
4,680,Overall,Overall,36,15,48,1.0,0.275625,0.31028,1014,16,
4,681,Overall,Overall,36,19,48,0.5,0.485395,0.306057,1024,15,
4,682,Overall,Overall,36,32,48,2.0,1.828072,0.313244,1091,16,
4,683,Overall,Overall,36,28,48,1.0,1.671959,0.30594,1084,15,
4,684,Overall,Overall,36,3,48,-2.5,-3.428375,0.960888,829,48,
4,685,Overall,Overall,36,20,48,1.0,0.759352,0.300793,1038,15,
4,686,Overall,Overall,36,8,48,-1.5,-1.43231,0.482322,928,24,
4,687,Overall,Overall,36,7,48,-0.5,-1.002623,0.421195,950,21,
4,688,Overall,Overall,36,21,48,1.0,0.799873,0.300724,1040,15,
4,689,Overall,Overall,36,31,48,2.0,1.73652,0.308289,1087,15,
4,690,Overall,Overall,36,14,48,0.0,-0.095765,0.327617,995,16,
4,691,Overall,Overall,36,24,48,1.0,1.259526,0.296964,1063,15,
4,692,Overall,Overall,36,9,48,-1.0,-0.96297,0.412529,952,21,
4,693,Overall,Overall,36,7,48,-1.5,-1.74787,0.539345,913,27,
4,694,Overall,Overall,36,24,48,0.5,0.926352,0.298325,1046,15,
4,695,Overall,Overall,36,38,48,3.0,3.094381,0.421696,1155,21,
4,696,Overall,Overall,36,29,48,2.0,1.58896,0.306987,1079,15,
4,697,Overall,Overall,36,21,48,1.5,0.583737,0.304154,1029,15,
4,698,Overall,Overall,36,38,48,3.0,2.968202,0.402202,1148,20,
4,699,Overall,Overall,36,7,48,-2.5,-2.137837,0.619403,893,31,
4,700,Overall,Overall,36,38,48,3.0,3.420893,0.464699,1171,23,
4,701,Overall,Overall,36,38,48,2.5,2.906472,0.418819,1145,21,
4,702,Overall,Overall,36,2,48,-2.5,-4.329204,1.297558,784,65,
4,703,Overall,Overall,36,30,48,1.5,1.577072,0.302836,1079,15,
4,704,Overall,Overall,36,2,48,-2.5,-3.142388,0.88418,843,44,
4,705,Overall,Overall,36,32,48,2.5,2.492003,0.353959,1125,18,
4,706,Overall,Overall,36,37,48,2.5,2.932616,0.399665,1147,20,
4,707,Overall,Overall,36,5,48,-1.5,-1.865955,0.564079,907,28,
4,708,Overall,Overall,36,30,48,1.5,1.784686,0.310053,1089,16,
4,709,Overall,Overall,36,34,48,2.5,2.717835,0.374471,1136,19,
4,710,Overall,Overall,36,25,48,1.5,1.455662,0.300448,1073,15,
4,711,Overall,Overall,36,5,48,-3.0,-2.42916,0.686589,879,34,
4,712,Overall,Overall,36,35,48,2.5,2.535309,0.36407,1127,18,
4,713,Overall,Overall,36,19,48,0.5,0.690605,0.30188,1035,15,
4,714,Overall,Overall,36,21,48,1.0,1.335571,0.30555,1067,15,
4,715,Overall,Overall,36,10,48,-0.5,-0.696383,0.379081,965,19,
4,716,Overall,Overall,36,10,48,-1.5,-0.643524,0.373578,968,19,
4,717,Overall,Overall,36,31,48,2.0,2.155816,0.331352,1108,17,
4,718,Overall,Overall,36,5,48,-3.0,-1.865979,0.562728,907,28,
4,719,Overall,Overall,36,5,48,-1.5,-1.910001,0.578169,904,29,
4,720,Overall,Overall,36,20,48,0.5,0.86455,0.300019,1043,15,
4,721,Overall,Overall,36,6,48,-1.5,-1.929661,0.582635,904,29,
4,722,Overall,Overall,36,12,48,-1.0,-0.771544,0.387775,961,19,
4,723,Overall,Overall,36,12,48,-0.5,-0.603405,0.369374,970,18,
4,724,Overall,Overall,36,20,48,0.5,0.297796,0.309677,1015,15,
4,725,Overall,Overall,36,14,48,0.0,0.00254,0.321962,1000,16,
4,726,Overall,Overall,36,12,48,0.0,-0.373701,0.348234,981,17,
4,727,Overall,Overall,36,17,48,0.5,0.155894,0.314773,1008,16,
4,728,Overall,Overall,36,7,48,-0.5,-1.365268,0.470992,932,24,
4,729,Overall,Overall,36,38,48,3.0,3.463051,0.471527,1173,24,
4,730,Overall,Overall,36,6,48,-1.5,-1.467469,0.487913,927,24,
4,731,Overall,Overall,36,30,48,1.5,1.87882,0.313992,1094,16,
4,732,Overall,Overall,36,26,48,1.5,1.076411,0.296824,1054,15,
4,733,Overall,Overall,36,16,48,0.0,0.055383,0.321173,1003,16,
4,734,Overall,Overall,36,12,48,-1.0,-1.018222,0.418687,949,21,
4,735,Overall,Overall,36,10,48,-1.0,-0.950465,0.410388,952,21,
4,736,Overall,Overall,36,7,48,-1.5,-1.401883,0.476738,930,24,
4,737,Overall,Overall,36,11,48,0.0,-0.480772,0.35735,976,18,
4,738,Overall,Overall,36,14,48,-0.5,-0.180193,0.33353,991,17,
4,739,Overall,Overall,36,20,48,0.5,0.324036,0.309471,1016,15,
4,740,Overall,Overall,36,4,48,-3.0,-3.031681,0.852581,848,43,
4,741,Overall,Overall,36,5,48,-2.0,-1.917815,0.57516,904,29,
4,742,Overall,Overall,36,14,48,0.0,-0.091632,0.328743,995,16,
4,743,Overall,Overall,36,25,48,2.0,1.436711,0.299088,1072,15,
4,744,Overall,Overall,36,11,48,-0.5,-0.187527,0.334096,991,17,
4,745,Overall,Overall,36,3,48,-2.5,-2.888533,0.80632,856,40,
4,746,Overall,Overall,36,6,48,-2.0,-1.691296,0.529487,915,26,
4,747,Overall,Overall,36,24,48,1.5,1.457976,0.305381,1073,15,
4,748,Overall,Overall,36,6,48,-2.0,-1.741498,0.538777,913,27,
4,749,Overall,Overall,36,5,48,-2.0,-2.085671,0.608211,896,30,
4,750,Overall,Overall,36,9,48,-0.5,-1.012347,0.418917,949,21,
4,751,Overall,Overall,36,27,48,2.0,1.781887,0.310924,1089,16,
4,752,Overall,Overall,36,34,48,2.0,2.40351,0.351719,1120,18,
4,753,Overall,Overall,36,18,48,0.5,0.332243,0.310387,1017,16,
4,754,Overall,Overall,36,31,48,2.0,2.429498,0.347874,1121,17,
4,755,Overall,Overall,36,34,48,2.5,2.108369,0.331618,1105,17,
4,756,Overall,Overall,36,6,48,-2.0,-1.919467,0.57372,904,29,
4,757,Overall,Overall,36,20,48,0.5,0.525185,0.304658,1026,15,
4,758,Overall,Overall,36,30,48,2.0,1.961005,0.322519,1098,16,
4,759,Overall,Overall,36,36,48,2.5,2.260036,0.338909,1113,17,
4,760,Overall,Overall,36,14,48,0.5,0.0422,0.323444,1002,16,
4,761,Overall,Overall,36,17,48,0.0,0.172196,0.313883,1009,16,
4,762,Overall,Overall,36,9,48,-2.5,-1.390914,0.479759,930,24,
4,763,Overall,Overall,36,7,48,-2.5,-1.747984,0.539757,913,27,
4,764,Overall,Overall,36,7,48,-2.5,-2.601414,0.728133,870,36,
4,765,Overall,Overall,36,35,48,2.5,2.4911,0.354655,1125,18,
4,766,Overall,Overall,36,8,48,-0.5,-1.135133,0.441964,943,22,
4,767,Overall,Overall,36,27,48,1.5,1.746328,0.312627,1087,16,
4,768,Overall,Overall,36,3,48,-2.0,-2.787797,0.775716,861,39,
4,769,Overall,Overall,36,17,48,0.0,0.166353,0.316128,1008,16,
4,770,Overall,Overall,36,36,48,3.0,2.757396,0.381435,1138,19,
4,771,Overall,Overall,36,24,48,1.0,1.089359,0.296981,1054,15,
4,772,Overall,Overall,36,15,48,0.0,-0.243851,0.337868,988,17,
4,773,Overall,Overall,36,9,48,-1.5,-1.222809,0.448282,939,22,
4,774,Overall,Overall,36,22,48,1.0,0.952508,0.301818,1048,15,
4,775,Overall,Overall,36,15,48,-0.5,-0.197675,0.335359,990,17,
4,776,Overall,Overall,36,31,48,2.5,2.214225,0.335216,1111,17,
4,777,Overall,Overall,36,29,48,2.0,1.546185,0.314141,1077,16,
4,778,Overall,Overall,36,8,48,-2.0,-1.439306,0.48352,928,24,
4,779,Overall,Overall,36,11,48,-1.5,-0.969213,0.420235,952,21,
4,780,Overall,Overall,36,30,48,2.0,2.286026,0.338739,1114,17,
4,781,Overall,Overall,36,4,48,-3.0,-2.937236,0.81668,853,41,
4,782,Overall,Overall,36,37,48,2.5,2.706355,0.374717,1135,19,
4,783,Overall,Overall,36,35,48,2.5,2.792606,0.39087,1140,20,
4,784,Overall,Overall,36,30,48,1.5,2.078212,0.326325,1104,16,
4,785,Overall,Overall,36,6,48,-2.0,-2.031854,0.601585,898,30,
4,786,Overall,Overall,36,24,48,1.5,1.0459,0.302147,1052,15,
4,787,Overall,Overall,36,11,48,-1.0,-0.708449,0.381299,965,19,
4,788,Overall,Overall,36,17,48,0.5,0.282786,0.310211,1014,16,
4,789,Overall,Overall,36,17,48,0.0,0.135144,0.316885,1007,16,
4,790,Overall,Overall,36,34,48,3.0,2.60846,0.364781,1130,18,
4,791,Overall,Overall,36,6,48,-2.5,-2.099423,0.611126,895,31,
4,792,Overall,Overall,36,15,48,-0.5,-0.151379,0.331078,992,17,
4,793,Overall,Overall,36,17,48,-0.5,-0.053556,0.325788,997,16,
4,794,Overall,Overall,36,3,48,-2.0,-3.546306,1.006127,823,50,
4,795,Overall,Overall,36,22,48,1.0,0.677553,0.30378,1034,15,
4,796,Overall,Overall,36,37,48,3.0,2.537021,0.365371,1127,18,
4,797,Overall,Overall,36,3,48,-3.0,-3.956441,1.18934,802,59,
4,798,Overall,Overall,36,3,48,-2.0,-2.882908,0.801528,856,40,
4,799,Overall,Overall,36,8,48,-1.5,-1.053896,0.42429,947,21,
4,800,Overall,Overall,36,20,48,1.0,0.582421,0.302278,1029,15,
4,801,Overall,Overall,36,36,48,3.0,2.907456,0.395558,1145,20,
4,802,Overall,Overall,36,15,48,0.5,0.112542,0.316485,1006,16,
4,803,Overall,Overall,36,23,48,1.0,1.041977,0.303367,1052,15,
4,804,Overall,Overall,36,19,48,1.0,0.574282,0.307697,1029,15,
4,805,Overall,Overall,36,10,48,0.0,-0.564766,0.365581,972,18,
4,806,Overall,Overall,36,4,48,-1.5,-2.692416,0.753972,865,38,
4,807,Overall,Overall,36,7,48,-1.0,-1.693307,0.528605,915,26,
4,808,Overall,Overall,36,4,48,-3.0,-3.281678,0.938286,836,47,
4,809,Overall,Overall,36,6,48,-1.0,-1.651957,0.531099,917,27,
4,810,Overall,Overall,36,10,48,-1.5,-0.829214,0.40243,959,20,
4,811,Overall,Overall,36,22,48,1.0,0.879908,0.299334,1044,15,
4,812,Overall,Overall,36,26,48,1.0,1.227076,0.29615,1061,15,
4,813,Overall,Overall,36,13,48,0.5,-0.282568,0.339775,986,17,
4,814,Overall,Overall,36,29,48,1.5,1.563304,0.301826,1078,15,
4,815,Overall,Overall,36,8,48,-1.5,-1.155368,0.438058,942,22,
4,816,Overall,Overall,36,27,48,1.5,1.272915,0.299227,1064,15,
4,817,Overall,Overall,36,31,48,2.5,1.984679,0.319799,1099,16,
4,818,Overall,Overall,36,32,48,2.0,2.111058,0.328131,1106,16,
4,819,Overall,Overall,36,13,48,0.0,0.153533,0.326148,1008,16,
4,820,Overall,Overall,36,27,48,2.0,1.779436,0.311941,1089,16,
4,821,Overall,Overall,36,9,48,-2.5,-1.157755,0.445098,942,22,
4,822,Overall,Overall,36,36,48,2.5,2.969575,0.4161,1148,21,
4,823,Overall,Overall,36,10,48,0.0,-0.584521,0.366951,971,18,
4,824,Overall,Overall,36,19,48,0.5,0.462724,0.304544,1023,15,
4,825,Overall,Overall,36,4,48,-3.0,-3.274879,0.936121,836,47,
4,826,Overall,Overall,36,4,48,-3.0,-3.102835,0.867374,845,43,
4,827,Overall,Overall,36,21,48,1.0,1.001062,0.298374,1050,15,
4,828,Overall,Overall,36,36,48,2.5,3.025056,0.405809,1151,20,
4,829,Overall,Overall,36,34,48,2.5,2.172542,0.329667,1109,16,
4,830,Overall,Overall,36,30,48,1.5,1.926509,0.319999,1096,16,
4,831,Overall,Overall,36,37,48,2.5,2.889459,0.393522,1144,20,
4,832,Overall,Overall,36,10,48,-1.0,-0.999521,0.415979,950,21,
4,833,Overall,Overall,36,28,48,2.0,1.708644,0.309049,1085,15,
4,834,Overall,Overall,36,38,48,3.0,3.340756,0.452753,1167,23,
4,835,Overall,Overall,36,19,48,1.0,0.257427,0.31401,1013,16,
4,836,Overall,Overall,36,26,48,1.5,1.307363,0.297254,1065,15,
4,837,Overall,Overall,36,7,48,-1.0,-1.488818,0.491637,926,25,
4,838,Overall,Overall,36,5,48,-2.0,-2.512618,0.702625,874,35,
4,839,Overall,Overall,36,14,48,-0.5,-0.253991,0.339707,987,17,
4,840,Overall,Overall,36,38,48,3.0,3.457276,0.476761,1173,24,
4,841,Overall,Overall,36,7,48,-1.5,-2.201833,0.635281,890,32,
4,842,Overall,Overall,36,30,48,2.0,1.803035,0.314346,1090,16,
4,843,Overall,Overall,36,24,48,0.5,0.999785,0.298567,1050,15,
4,844,Overall,Overall,36,8,48,-1.5,-1.243701,0.45146,938,23,
4,845,Overall,Overall,36,6,48,-2.0,-1.491155,0.499844,925,25,
4,846,Overall,Overall,36,3,48,-2.5,-3.709924,1.072942,815,54,
4,847,Overall,Overall,36,18,48,0.5,0.190141,0.313937,1010,16,
4,848,Overall,Overall,36,32,48,2.0,1.966377,0.316183,1098,16,
4,849,Overall,Overall,36,2,48,-2.5,-4.099196,1.219965,795,61,
4,850,Overall,Overall,36,5,48,-2.5,-2.134201,0.618574,893,31,
4,851,Overall,Overall,36,17,48,1.0,0.855787,0.315833,1043,16,
4,852,Overall,Overall,36,28,48,1.5,1.666057,0.311491,1083,16,
4,853,Overall,Overall,36,6,48,-1.5,-1.418092,0.480192,929,24,
4,854,Overall,Overall,36,6,48,-2.0,-2.090195,0.610706,895,31,
4,855,Overall,Overall,36,5,48,-2.5,-2.234441,0.640675,888,32,
4,856,Overall,Overall,36,33,48,2.0,2.023721,0.321776,1101,16,
4,857,Overall,Overall,36,29,48,2.0,1.763416,0.309039,1088,15,
4,858,Overall,Overall,36,5,48,-2.5,-1.557358,0.506433,922,25,
4,859,Overall,Overall,36,24,48,1.5,1.50922,0.312799,1075,16,
4,860,Overall,Overall,36,4,48,-2.0,-2.664814,0.744262,867,37,
4,861,Overall,Overall,36,9,48,-2.0,-1.362549,0.479097,932,24,
4,862,Overall,Overall,36,3,48,-2.0,-3.35806,0.938246,832,47,
4,863,Overall,Overall,36,4,48,-3.0,-2.773985,0.778726,861,39,
4,864,Overall,Overall,36,40,48,3.0,3.152829,0.427342,1158,21,
4,865,Overall,Overall,36,7,48,-1.5,-1.269071,0.455576,937,23,
4,866,Overall,Overall,36,19,48,0.0,0.353351,0.309431,1018,15,
4,867,Overall,Overall,36,16,48,0.5,0.233697,0.311558,1012,16,
4,868,Overall,Overall,36,18,48,0.5,0.519177,0.305575,1026,15,
4,869,Overall,Overall,36,37,48,3.0,3.588629,0.488994,1179,24,
4,870,Overall,Overall,36,3,48,-2.5,-2.669975,0.750536,867,38,
4,871,Overall,Overall,36,7,48,-1.5,-1.309488,0.462092,935,23,
4,872,Overall,Overall,36,4,48,-2.0,-2.39902,0.681865,880,34,
4,873,Overall,Overall,36,16,48,0.0,0.118893,0.318482,1006,16,
4,874,Overall,Overall,36,5,48,-2.0,-2.277287,0.653276,886,33,
4,875,Overall,Overall,36,18,48,1.0,0.627241,0.303151,1031,15,
4,876,Overall,Overall,36,6,48,-2.5,-1.927783,0.577761,904,29,
4,877,Overall,Overall,36,23,48,1.5,1.077638,0.296666,1054,15,
4,878,Overall,Overall,36,24,48,1.5,1.524257,0.306888,1076,15,
4,879,Overall,Overall,36,32,48,2.5,2.258505,0.339071,1113,17,
4,880,Overall,Overall,36,3,48,-2.5,-2.977275,0.841439,851,42,
4,881,Overall,Overall,36,17,48,0.5,0.001464,0.323768,1000,16,
4,882,Overall,Overall,36,6,48,-1.5,-1.852126,0.561358,907,28,
4,883,Overall,Overall,36,24,48,1.0,1.214572,0.296843,1061,15,
4,884,Overall,Overall,36,11,48,-0.5,-0.614251,0.37015,969,19,
4,885,Overall,Overall,36,15,48,-0.5,-0.03786,0.324261,998,16,
4,886,Overall,Overall,36,10,48,-0.5,-0.592831,0.368147,970,18,
4,887,Overall,Overall,36,6,48,-2.0,-2.002288,0.593457,900,30,
4,888,Overall,Overall,36,23,48,1.0,0.87626,0.299151,1044,15,
4,889,Overall,Overall,36,32,48,2.5,2.212589,0.332985,1111,17,
4,890,Overall,Overall,36,7,48,-2.0,-1.435728,0.486936,928,24,
4,891,Overall,Overall,36,7,48,-1.5,-2.019075,0.600576,899,30,
4,892,Overall,Overall,36,6,48,-1.0,-1.920399,0.578567,904,29,
4,893,Overall,Overall,36,25,48,0.5,0.80499,0.304121,1040,15,
4,894,Overall,Overall,36,7,48,-1.0,-1.385607,0.476249,931,24,
4,895,Overall,Overall,36,6,48,-1.0,-1.346918,0.469513,933,23,
4,896,Overall,Overall,36,3,48,-2.5,-3.352493,0.94484,832,47,
4,897,Overall,Overall,36,4,48,-2.0,-2.319874,0.660262,884,33,
4,898,Overall,Overall,36,33,48,2.5,2.158848,0.330402,1108,17,
4,899,Overall,Overall,36,30,48,2.0,1.787441,0.31011,1089,16,
4,900,Overall,Overall,36,15,48,0.5,-0.159835,0.331018,992,17,
4,901,Overall,Overall,36,4,48,-2.5,-3.793078,1.122216,810,56,
4,902,Overall,Overall,36,2,48,-3.0,-4.66788,1.443888,767,72,
4,903,Overall,Overall,36,33,48,3.0,3.413679,0.469698,1171,23,
4,904,Overall,Overall,36,5,48,-2.5,-2.867842,0.797993,857,40,
4,905,Overall,Overall,36,24,48,1.0,1.653817,0.312794,1083,16,
4,906,Overall,Overall,36,15,48,0.0,-0.225788,0.33596,989,17,
4,907,Overall,Overall,36,24,48,1.5,1.283052,0.303113,1064,15,
4,908,Overall,Overall,36,20,48,0.5,0.568069,0.302936,1028,15,
4,909,Overall,Overall,36,9,48,-1.5,-1.340428,0.471931,933,24,
4,910,Overall,Overall,36,16,48,0.5,0.324413,0.312534,1016,16,
4,911,Overall,Overall,36,34,48,3.0,2.674311,0.37236,1134,19,
4,912,Overall,Overall,36,7,48,-2.5,-2.19905,0.634027,890,32,
4,913,Overall,Overall,36,4,48,-2.0,-3.132694,0.873777,843,44,
4,914,Overall,Overall,36,23,48,1.0,1.558571,0.311345,1078,16,
4,915,Overall,Overall,36,12,48,-0.5,-0.825677,0.393963,959,20,
4,916,Overall,Overall,36,33,48,1.5,1.871658,0.316468,1094,16,
4,917,Overall,Overall,36,26,48,1.0,1.205245,0.29712,1060,15,
4,918,Overall,Overall,36,4,48,-1.5,-2.964183,0.825849,852,41,
4,919,Overall,Overall,36,23,48,1.0,0.749783,0.301511,1037,15,
4,920,Overall,Overall,36,16,48,0.0,0.054617,0.319324,1003,16,
4,921,Overall,Overall,36,4,48,-2.5,-3.096584,0.878768,845,44,
4,922,Overall,Overall,36,5,48,-1.5,-2.240263,0.643567,888,32,
4,923,Overall,Overall,36,29,48,2.0,1.447734,0.299845,1072,15,
4,924,Overall,Overall,36,22,48,1.0,0.875103,0.29966,1044,15,
4,925,Overall,Overall,36,34,48,2.5,2.472398,0.354449,1124,18,
4,926,Overall,Overall,36,6,48,-2.5,-2.313847,0.66102,884,33,
4,927,Overall,Overall,36,4,48,-2.5,-2.468206,0.695674,877,35,
4,928,Overall,Overall,36,23,48,1.0,1.001275,0.301988,1050,15,
4,929,Overall,Overall,36,30,48,2.0,2.145951,0.330479,1107,17,
4,930,Overall,Overall,36,0,48,-3.0,-5.0,1.714847,750,86,
4,931,Overall,Overall,36,2,48,-3.0,-4.123986,1.255588,794,63,
4,932,Overall,Overall,36,7,48,-1.5,-1.536262,0.503584,923,25,
4,933,Overall,Overall,36,25,48,1.5,1.516687,0.303216,1076,15,
4,934,Overall,Overall,36,29,48,2.0,1.586747,0.302414,1079,15,
4,935,Overall,Overall,36,11,48,-0.5,-0.98631,0.414895,951,21,
4,936,Overall,Overall,36,10,48,0.0,-0.593956,0.367987,970,18,
4,937,Overall,Overall,36,26,48,1.0,1.087638,0.303348,1054,15,
4,938,Overall,Overall,36,35,48,2.5,2.097493,0.332184,1105,17,
4,939,Overall,Overall,36,7,48,-1.0,-1.202774,0.449035,940,22,
4,940,Overall,Overall,36,14,48,0.0,-0.220243,0.336528,989,17,
4,941,Overall,Overall,36,14,48,-0.5,-0.255703,0.339326,987,17,
4,942,Overall,Overall,36,13,48,-1.0,-0.252463,0.338892,987,17,
4,943,Overall,Overall,36,16,48,-0.5,0.075924,0.318061,1004,16,
4,944,Overall,Overall,36,6,48,-1.5,-1.459993,0.48751,927,24,
4,945,Overall,Overall,36,7,48,-1.5,-1.200182,0.444819,940,22,
4,946,Overall,Overall,36,15,48,0.5,-0.09224,0.326792,995,16,
4,947,Overall,Overall,36,4,48,-3.0,-3.076798,0.874872,846,44,
4,948,Overall,Overall,36,8,48,-2.5,-1.829014,0.555265,909,28,
4,949,Overall,Overall,36,29,48,2.0,1.946421,0.321686,1097,16,
4,950,Overall,Overall,36,17,48,0.0,0.018966,0.323189,1001,16,
4,951,Overall,Overall,36,11,48,-1.5,-1.084289,0.434894,946,22,
4,952,Overall,Overall,36,8,48,-0.5,-1.164332,0.439512,942,22,
4,953,Overall,Overall,36,12,48,0.0,-0.46563,0.356239,977,18,
4,954,Overall,Overall,36,31,48,1.0,1.711847,0.307995,1086,15,
4,955,Overall,Overall,36,13,48,-1.0,-0.668824,0.376253,967,19,
4,956,Overall,Overall,36,33,48,2.0,2.175475,0.333695,1109,17,
4,957,Overall,Overall,36,10,48,-1.0,-1.209262,0.446476,940,22,
4,958,Overall,Overall,36,10,48,-1.5,-1.107052,0.431594,945,22,
4,959,Overall,Overall,36,32,48,2.5,2.465357,0.35178,1123,18,
4,960,Overall,Overall,36,8,48,-1.0,-1.853218,0.562731,907,28,
4,961,Overall,Overall,36,22,48,1.0,0.893677,0.305233,1045,15,
4,962,Overall,Overall,36,5,48,-1.5,-2.835728,0.790509,858,40,
4,963,Overall,Overall,36,14,48,0.0,-0.037163,0.324097,998,16,
4,964,Overall,Overall,36,10,48,-1.0,-0.828425,0.394629,959,20,
4,965,Overall,Overall,36,29,48,1.5,1.694559,0.306169,1085,15,
4,966,Overall,Overall,36,24,48,1.5,1.356282,0.298081,1068,15,
4,967,Overall,Overall,36,9,48,-0.5,-1.011507,0.417914,949,21,
4,968,Overall,Overall,36,40,48,3.0,3.426735,0.465136,1171,23,
4,969,Overall,Overall,36,39,48,3.0,3.187708,0.430452,1159,22,
4,970,Overall,Overall,36,9,48,-1.5,-1.52384,0.498494,924,25,
4,971,Overall,Overall,36,31,48,2.5,2.486971,0.354059,1124,18,
4,972,Overall,Overall,36,14,48,0.0,-0.372183,0.346921,981,17,
4,973,Overall,Overall,36,5,48,-3.0,-2.767049,0.78625,862,39,
4,974,Overall,Overall,36,8,48,-2.0,-1.039419,0.421581,948,21,
4,975,Overall,Overall,36,33,48,2.5,2.525711,0.356968,1126,18,
4,976,Overall,Overall,36,4,48,-2.5,-3.338508,0.95742,833,48,
4,977,Overall,Overall,36,40,48,3.0,3.248418,0.441171,1162,22,
4,978,Overall,Overall,36,11,48,-1.0,-0.584038,0.36841,971,18,
4,979,Overall,Overall,36,14,48,-0.5,-0.590167,0.367788,970,18,
4,980,Overall,Overall,36,13,48,-1.0,-0.672964,0.387762,966,19,
4,981,Overall,Overall,36,20,48,1.0,0.825557,0.300969,1041,15,
4,982,Overall,Overall,36,22,48,1.5,1.103573,0.297149,1055,15,
4,983,Overall,Overall,36,5,48,-3.0,-2.65429,0.746378,867,37,
4,984,Overall,Overall,36,4,48,-2.5,-2.825801,0.787006,859,39,
4,985,Overall,Overall,36,14,48,-0.5,-0.072356,0.326342,996,16,
4,986,Overall,Overall,36,28,48,2.0,1.770423,0.310714,1089,16,
4,987,Overall,Overall,36,15,48,0.0,0.057492,0.31907,1003,16,
4,988,Overall,Overall,36,2,48,-3.0,-3.739992,1.110919,813,56,
4,989,Overall,Overall,36,26,48,2.0,1.967678,0.321095,1098,16,
4,990,Overall,Overall,36,12,48,0.0,-0.367404,0.347715,982,17,
4,991,Overall,Overall,36,24,48,1.5,1.183282,0.296627,1059,15,
4,992,Overall,Overall,36,4,48,-3.0,-2.408572,0.680963,880,34,
4,993,Overall,Overall,36,5,48,-1.0,-1.717278,0.533765,914,27,
4,994,Overall,Overall,36,2,48,-3.0,-3.789515,1.121149,811,56,
4,995,Overall,Overall,36,33,48,3.0,2.633311,0.366705,1132,18,
4,996,Overall,Overall,36,6,48,-1.0,-1.555907,0.503616,922,25,
4,997,Overall,Overall,36,24,48,1.0,1.218927,0.312818,1061,16,
4,998,Overall,Overall,36,6,48,-3.0,-1.785278,0.547966,911,27,
4,999,Overall,Overall,36,29,48,1.5,1.59376,0.304714,1080,15,
4,1000,Overall,Overall,36,2,48,-2.0,-3.145325,0.893713,843,45,
4,1001,Overall,Overall,36,5,48,-2.0,-2.107864,0.613659,895,31,
4,1002,Overall,Overall,36,28,48,2.0,2.478647,0.372118,1124,19,
4,1003,Overall,Overall,36,9,48,-1.5,-1.511976,0.500428,924,25,
4,1004,Overall,Overall,36,15,48,0.0,0.053795,0.319511,1003,16,
4,1005,Overall,Overall,36,9,48,-0.5,-0.604847,0.373053,970,19,
4,1006,Overall,Overall,36,17,48,0.5,0.501394,0.310235,1025,16,
4,1007,Overall,Overall,36,6,48,-1.5,-2.365056,0.670959,882,34,
4,1008,Overall,Overall,36,5,48,-1.5,-2.371823,0.672514,881,34,
4,1009,Overall,Overall,36,27,48,1.0,1.160182,0.296961,1058,15,
4,1010,Overall,Overall,36,32,48,2.0,1.906939,0.316769,1095,16,
4,1011,Overall,Overall,36,9,48,-2.0,-1.260843,0.454046,937,23,
4,1012,Overall,Overall,36,18,48,1.0,0.588681,0.304783,1029,15,
4,1013,Overall,Overall,36,13,48,0.0,-0.228831,0.336784,989,17,
4,1014,Overall,Overall,36,7,48,-2.0,-1.667594,0.524178,917,26,
4,1015,Overall,Overall,36,35,48,2.0,2.084395,0.32608,1104,16,
4,1016,Overall,Overall,36,36,48,2.5,2.761292,0.384654,1138,19,
4,1017,Overall,Overall,36,22,48,0.5,1.066896,0.297434,1053,15,
4,1018,Overall,Overall,36,5,48,-2.0,-2.270972,0.650677,886,33,
4,1019,Overall,Overall,36,14,48,0.5,0.196102,0.31412,1010,16,
4,1020,Overall,Overall,36,30,48,2.5,2.427655,0.34939,1121,17,
4,1021,Overall,Overall,36,9,48,-0.5,-0.767317,0.386763,962,19,
4,1022,Overall,Overall,36,27,48,1.5,1.262052,0.298746,1063,15,
4,1023,Overall,Overall,36,12,48,-0.5,-0.409594,0.350146,980,18,
4,1024,Overall,Overall,36,22,48,1.0,0.761071,0.300788,1038,15,
4,1025,Overall,Overall,36,30,48,2.0,2.357413,0.344548,1118,17,
4,1026,Overall,Overall,36,2,48,-3.0,-4.040883,1.221461,798,61,
4,1027,Overall,Overall,36,8,48,-1.5,-1.521591,0.49715,924,25,
4,1028,Overall,Overall,36,21,48,1.0,0.860199,0.302204,1043,15,
4,1029,Overall,Overall,36,8,48,-1.0,-1.361819,0.478643,932,24,
4,1030,Overall,Overall,36,13,48,-1.0,-0.423023,0.353345,979,18,
4,1031,Overall,Overall,36,9,48,-1.5,-1.006876,0.416835,950,21,
4,1032,Overall,Overall,36,13,48,-1.0,-0.799651,0.390904,960,20,
4,1033,Overall,Overall,36,0,48,-3.0,-5.0,1.714847,750,86,
4,1034,Overall,Overall,36,7,48,-1.0,-1.435761,0.483222,928,24,
4,1035,Overall,Overall,36,32,48,3.0,2.933828,0.402767,1147,20,
4,1036,Overall,Overall,36,33,48,2.0,2.866754,0.388662,1143,19,
4,1037,Overall,Overall,36,18,48,0.5,0.472393,0.305084,1024,15,
4,1038,Overall,Overall,36,5,48,-2.5,-2.216305,0.637903,889,32,
4,1039,Overall,Overall,36,12,48,-1.0,-0.659497,0.375401,967,19,
4,1040,Overall,Overall,36,10,48,-0.5,-0.521924,0.363917,974,18,
4,1041,Overall,Overall,36,35,48,2.5,2.698085,0.372898,1135,19,
4,1042,Overall,Overall,36,31,48,3.0,2.437798,0.350415,1122,18,
4,1043,Overall,Overall,36,7,48,-1.5,-1.701867,0.540174,915,27,
4,1044,Overall,Overall,36,16,48,0.0,0.509827,0.310127,1025,16,
4,1045,Overall,Overall,36,33,48,2.5,2.662591,0.369518,1133,18,
4,1046,Overall,Overall,36,3,48,-2.5,-3.296091,0.926942,835,46,
4,1047,Overall,Overall,36,23,48,1.0,1.064778,0.296888,1053,15,
4,1048,Overall,Overall,36,4,48,-3.0,-3.023034,0.86042,849,43,
4,1049,Overall,Overall,36,13,48,0.0,-0.043594,0.326562,998,16,
4,1050,Overall,Overall,36,9,48,-1.0,-1.109169,0.438423,945,22,
4,1051,Overall,Overall,36,20,48,0.5,0.640276,0.302817,1032,15,
4,1052,Overall,Overall,36,18,48,0.0,0.157065,0.316442,1008,16,
4,1053,Overall,Overall,36,22,48,1.5,1.050181,0.29714,1053,15,
4,1054,Overall,Overall,36,15,48,0.5,0.090612,0.317456,1005,16,
4,1055,Overall,Overall,36,8,48,-1.0,-0.719006,0.384009,964,19,
4,1056,Overall,Overall,36,8,48,-2.5,-1.552218,0.503483,922,25,
4,1057,Overall,Overall,36,31,48,2.5,2.455901,0.35023,1123,18,
4,1058,Overall,Overall,36,7,48,-2.0,-1.185212,0.444674,941,22,
4,1059,Overall,Overall,36,17,48,0.5,0.393361,0.311984,1020,16,
4,1060,Overall,Overall,36,8,48,-2.0,-1.220068,0.462235,939,23,
4,1061,Overall,Overall,36,33,48,2.5,2.421381,0.351313,1121,18,
4,1062,Overall,Overall,36,16,48,0.5,0.41974,0.310858,1021,16,
4,1063,Overall,Overall,36,6,48,-1.0,-1.245758,0.453415,938,23,
4,1064,Overall,Overall,36,28,48,2.0,1.928616,0.320604,1096,16,
4,1065,Overall,Overall,36,20,48,1.0,0.826662,0.300688,1041,15,
4,1066,Overall,Overall,36,32,48,2.5,2.543885,0.358532,1127,18,
4,1067,Overall,Overall,36,16,48,-0.5,0.004716,0.321842,1000,16,
4,1068,Overall,Overall,36,20,48,1.0,1.103592,0.29766,1055,15,
4,1069,Overall,Overall,36,22,48,1.0,0.809169,0.301576,1040,15,
4,1070,Overall,Overall,36,18,48,1.0,0.618247,0.306261,1031,15,
4,1071,Overall,Overall,36,17,48,-0.5,0.140958,0.317033,1007,16,
4,1072,Overall,Overall,36,6,48,-2.0,-1.993446,0.589247,900,29,
4,1073,Overall,Overall,36,30,48,2.0,1.613842,0.303369,1081,15,
4,1074,Overall,Overall,36,14,48,0.0,0.045286,0.319596,1002,16,
4,1075,Overall,Overall,36,35,48,2.5,2.297499,0.341283,1115,17,
4,1076,Overall,Overall,36,15,48,-0.5,-0.226661,0.335632,989,17,
4,1077,Overall,Overall,36,35,48,1.5,1.910287,0.320601,1096,16,
4,1078,Overall,Overall,36,5,48,-2.0,-1.799832,0.551258,910,28,
4,1079,Overall,Overall,36,13,48,0.0,0.074632,0.319466,1004,16,
4,1080,Overall,Overall,36,3,48,-2.5,-3.757511,1.084737,812,54,
4,1081,Overall,Overall,36,35,48,2.5,2.400599,0.34818,1120,17,
4,1082,Overall,Overall,36,28,48,1.0,1.51344,0.300458,1076,15,
4,1083,Overall,Overall,36,10,48,0.0,-0.983668,0.414919,951,21,
4,1084,Overall,Overall,36,19,48,1.0,0.807299,0.302201,1040,15,
4,1085,Overall,Overall,36,5,48,-1.5,-1.953398,0.580661,902,29,
4,1086,Overall,Overall,36,3,48,-3.0,-3.345164,0.950452,833,48,
4,1087,Overall,Overall,36,6,48,-1.0,-1.365268,0.470992,932,24,
4,1088,Overall,Overall,36,26,48,1.5,1.477802,0.300777,1074,15,
4,1089,Overall,Overall,36,4,48,-2.5,-3.258765,0.915206,837,46,
4,1090,Overall,Overall,36,33,48,2.0,1.91013,0.315517,1096,16,
4,1091,Overall,Overall,36,32,48,3.0,2.375205,0.345324,1119,17,
4,1092,Overall,Overall,36,40,48,3.0,3.253156,0.436363,1163,22,
4,1093,Overall,Overall,36,7,48,-1.5,-1.727197,0.541113,914,27,
4,1094,Overall,Overall,36,7,48,-1.5,-1.675897,0.526767,916,26,
4,1095,Overall,Overall,36,11,48,-0.5,-0.621469,0.371041,969,19,
4,1096,Overall,Overall,36,16,48,-0.5,-0.152964,0.332509,992,17,
4,1097,Overall,Overall,36,5,48,-3.0,-2.60766,0.735598,870,37,
4,1098,Overall,Overall,36,4,48,-2.5,-2.840877,0.791791,858,40,
4,1099,Overall,Overall,36,16,48,0.0,-0.073959,0.327726,996,16,
4,1100,Overall,Overall,36,5,48,-1.0,-1.748845,0.540824,913,27,
4,1101,Overall,Overall,36,23,48,1.0,1.205976,0.300116,1060,15,
4,1102,Overall,Overall,36,15,48,-0.5,-0.128471,0.331455,994,17,
4,1103,Overall,Overall,36,7,48,-2.0,-1.414121,0.489723,929,24,
4,1104,Overall,Overall,36,26,48,1.5,1.45174,0.30506,1073,15,
4,1105,Overall,Overall,36,7,48,-1.0,-1.20772,0.445975,940,22,
4,1106,Overall,Overall,36,5,48,-2.5,-2.664915,0.749192,867,37,
4,1107,Overall,Overall,36,2,48,-3.0,-5.0,1.665016,750,83,
4,1108,Overall,Overall,36,39,48,3.0,3.365974,0.45521,1168,23,
4,1109,Overall,Overall,36,40,48,3.0,3.343679,0.447816,1167,22,
4,1110,Overall,Overall,36,3,48,-3.0,-3.864669,1.156133,807,58,
4,1111,Overall,Overall,36,7,48,-1.0,-1.381779,0.473751,931,24,
4,1112,Overall,Overall,36,7,48,-1.5,-1.858262,0.561953,907,28,
4,1113,Overall,Overall,36,7,48,-1.0,-1.417235,0.47976,929,24,
4,1114,Overall,Overall,36,6,48,-3.0,-2.094197,0.613192,895,31,
4,1115,Overall,Overall,36,3,48,-2.0,-3.032633,0.858011,848,43,
4,1116,Overall,Overall,36,33,48,3.0,2.766937,0.379945,1138,19,
4,1117,Overall,Overall,36,27,48,1.5,1.514193,0.305548,1076,15,
4,1118,Overall,Overall,36,37,48,2.5,3.005828,0.407507,1150,20,
4,1119,Overall,Overall,36,23,48,1.0,1.252409,0.300103,1063,15,
4,1120,Overall,Overall,36,22,48,1.0,0.767922,0.300775,1038,15,
4,1121,Overall,Overall,36,17,48,0.5,0.408739,0.310409,1020,16,
4,1122,Overall,Overall,36,26,48,1.5,1.553143,0.305573,1078,15,
4,1123,Overall,Overall,36,16,48,0.5,0.170225,0.313962,1009,16,
4,1124,Overall,Overall,36,17,48,0.5,0.422622,0.305542,1021,15,
4,1125,Overall,Overall,36,12,48,-0.5,-0.486425,0.358135,976,18,
4,1126,Overall,Overall,36,8,48,-0.5,-1.154427,0.437897,942,22,
4,1127,Overall,Overall,36,28,48,1.5,1.689851,0.306345,1084,15,
4,1128,Overall,Overall,36,12,48,-1.0,-0.613973,0.370338,969,19,
4,1129,Overall,Overall,36,26,48,2.0,1.693737,0.313593,1085,16,
4,1130,Overall,Overall,36,35,48,3.0,2.732581,0.380038,1137,19,
4,1131,Overall,Overall,36,25,48,2.0,1.246145,0.306876,1062,15,
4,1132,Overall,Overall,36,9,48,-1.5,-1.01069,0.425454,949,21,
4,1133,Overall,Overall,36,3,48,-3.0,-2.884109,0.813073,856,41,
4,1134,Overall,Overall,36,5,48,-2.0,-2.181871,0.630095,891,32,
4,1135,Overall,Overall,36,16,48,0.5,0.111541,0.318425,1006,16,
4,1136,Overall,Overall,36,33,48,2.5,2.367279,0.347458,1118,17,
4,1137,Overall,Overall,36,3,48,-3.0,-3.224993,0.904327,839,45,
4,1138,Overall,Overall,36,36,48,2.5,3.123155,0.428119,1156,21,
4,1139,Overall,Overall,36,9,48,-1.0,-1.458045,0.487789,927,24,
4,1140,Overall,Overall,36,38,48,3.0,3.280911,0.442604,1164,22,
4,1141,Overall,Overall,36,24,48,1.0,1.074934,0.297992,1054,15,
4,1142,Overall,Overall,36,11,48,-0.5,-0.291672,0.344611,985,17,
4,1143,Overall,Overall,36,39,48,3.0,3.45136,0.469436,1173,23,
4,1144,Overall,Overall,36,10,48,-1.0,-1.150979,0.444574,942,22,
4,1145,Overall,Overall,36,3,48,-2.5,-2.372064,0.674295,881,34,
4,1146,Overall,Overall,36,4,48,-3.0,-2.072638,0.606435,896,30,
4,1147,Overall,Overall,36,15,48,-0.5,-0.0362,0.323603,998,16,
4,1148,Overall,Overall,36,10,48,-2.0,-1.173552,0.450966,941,23,
4,1149,Overall,Overall,36,30,48,1.5,1.649044,0.304418,1082,15,
4,1150,Overall,Overall,36,17,48,0.0,0.362253,0.30738,1018,15,
4,1151,Overall,Overall,36,5,48,-2.5,-1.767704,0.546021,912,27,
4,1152,Overall,Overall,36,30,48,3.0,2.38704,0.346179,1119,17,
4,1153,Overall,Overall,36,36,48,3.0,3.049834,0.413104,1152,21,
4,1154,Overall,Overall,36,30,48,2.5,2.46706,0.365941,1123,18,
4,1155,Overall,Overall,36,21,48,0.0,0.637295,0.301585,1032,15,
4,1156,Overall,Overall,36,11,48,-1.5,-0.723652,0.39212,964,20,
4,1157,Overall,Overall,36,31,48,2.5,2.164361,0.331495,1108,17,
4,1158,Overall,Overall,36,26,48,1.5,2.054506,0.326473,1103,16,
4,1159,Overall,Overall,36,40,48,3.0,3.199487,0.431009,1160,22,
4,1160,Overall,Overall,36,19,48,0.5,0.365878,0.308085,1018,15,
4,1161,Overall,Overall,36,20,48,0.0,0.385237,0.308243,1019,15,
4,1162,Overall,Overall,36,12,48,0.0,-0.217188,0.336296,989,17,
4,1163,Overall,Overall,36,32,48,1.5,2.082513,0.325452,1104,16,
4,1164,Overall,Overall,36,7,48,-2.0,-1.525934,0.50236,924,25,
4,1165,Overall,Overall,36,19,48,1.0,0.577149,0.305137,1029,15,
4,1166,Overall,Overall,36,5,48,-2.0,-2.402739,0.682626,880,34,
4,1167,Overall,Overall,36,28,48,2.5,1.987169,0.322803,1099,16,
4,1168,Overall,Overall,36,33,48,2.5,2.762757,0.379523,1138,19,
4,1169,Overall,Overall,36,5,48,-2.5,-2.335656,0.663957,883,33,
4,1170,Overall,Overall,36,24,48,2.0,1.545582,0.305467,1077,15,
4,1171,Overall,Overall,36,19,48,0.5,0.520727,0.303315,1026,15,
4,1172,Overall,Overall,36,13,48,-0.5,-0.388181,0.349442,981,17,
4,1173,Overall,Overall,36,4,48,-2.5,-2.734606,0.762475,863,38,
4,1174,Overall,Overall,36,17,48,0.5,0.495759,0.307138,1025,15,
4,1175,Overall,Overall,36,8,48,-0.5,-1.251537,0.452796,937,23,
4,1176,Overall,Overall,36,2,48,-2.5,-3.748054,1.082942,813,54,
4,1177,Overall,Overall,36,16,48,0.5,0.280094,0.309996,1014,15,
4,1178,Overall,Overall,36,5,48,-2.0,-2.034869,0.599383,898,30,
4,1179,Overall,Overall,36,35,48,2.5,1.928341,0.344683,1096,17,
4,1180,Overall,Overall,36,19,48,0.5,0.645066,0.302331,1032,15,
4,1181,Overall,Overall,36,36,48,2.5,3.049036,0.411991,1152,21,
4,1182,Overall,Overall,36,10,48,-0.5,-1.006703,0.416812,950,21,
4,1183,Overall,Overall,36,29,48,2.0,2.238941,0.335783,1112,17,
4,1184,Overall,Overall,36,8,48,-1.0,-1.143727,0.436918,943,22,
4,1185,Overall,Overall,36,35,48,3.0,2.75543,0.375798,1138,19,
4,1186,Overall,Overall,36,34,48,3.0,2.752852,0.375493,1138,19,
4,1187,Overall,Overall,36,6,48,-1.5,-1.391651,0.4777,930,24,
4,1188,Overall,Overall,36,6,48,-2.5,-1.880832,0.567424,906,28,
4,1189,Overall,Overall,36,5,48,-2.5,-2.169888,0.627464,892,31,
4,1190,Overall,Overall,36,12,48,-1.0,-0.45464,0.354991,977,18,
4,1191,Overall,Overall,36,26,48,1.5,1.388098,0.300374,1069,15,
4,1192,Overall,Overall,36,6,48,-2.0,-2.102789,0.611841,895,31,
4,1193,Overall,Overall,36,29,48,1.5,1.549609,0.305382,1077,15,
4,1194,Overall,Overall,36,6,48,-1.5,-1.540771,0.500747,923,25,
4,1195,Overall,Overall,36,5,48,-3.0,-2.951199,0.833293,852,42,
4,1196,Overall,Overall,36,38,48,2.5,3.200463,0.435108,1160,22,
4,1197,Overall,Overall,36,3,48,-2.5,-2.929129,0.826444,854,41,
4,1198,Overall,Overall,36,22,48,1.5,1.191091,0.310939,1060,16,
4,1199,Overall,Overall,36,21,48,1.0,0.643577,0.302735,1032,15,
4,1200,Overall,Overall,36,29,48,2.0,1.88909,0.314501,1094,16,
4,1201,Overall,Overall,36,3,48,-3.0,-4.042049,1.192454,798,60,
4,1202,Overall,Overall,36,4,48,-2.0,-2.658538,0.743455,867,37,
4,1203,Overall,Overall,36,27,48,2.0,1.223658,0.307899,1061,15,
4,1204,Overall,Overall,36,15,48,0.5,-0.021908,0.32306,999,16,
4,1205,Overall,Overall,36,29,48,1.5,1.49102,0.300519,1075,15,
4,1206,Overall,Overall,36,5,48,-2.5,-1.953017,0.58125,902,29,
4,1207,Overall,Overall,36,27,48,2.5,1.762568,0.315542,1088,16,
4,1208,Overall,Overall,36,5,48,-1.5,-2.197447,0.634893,890,32,
4,1209,Overall,Overall,36,17,48,0.5,0.393795,0.306336,1020,15,
4,1210,Overall,Overall,36,23,48,1.5,1.114885,0.3037,1056,15,
4,1211,Overall,Overall,36,16,48,0.5,0.217823,0.319453,1011,16,
4,1212,Overall,Overall,36,6,48,-1.5,-1.754414,0.541934,912,27,
4,1213,Overall,Overall,36,20,48,0.5,0.774865,0.303601,1039,15,
4,1214,Overall,Overall,36,32,48,1.5,2.190733,0.333625,1110,17,
4,1215,Overall,Overall,36,10,48,0.0,-0.346332,0.365207,983,18,
4,1216,Overall,Overall,36,8,48,-1.0,-1.306046,0.464151,935,23,
4,1217,Overall,Overall,36,22,48,1.0,1.239063,0.299526,1062,15,
4,1218,Overall,Overall,36,12,48,-0.5,-0.359476,0.346938,982,17,
4,1219,Overall,Overall,36,12,48,-0.5,-0.620568,0.371018,969,19,
4,1220,Overall,Overall,36,5,48,-1.5,-1.844205,0.558312,908,28,
4,1221,Overall,Overall,36,38,48,3.0,3.141406,0.42349,1157,21,
4,1222,Overall,Overall,36,35,48,3.0,2.676683,0.376027,1134,19,
4,1223,Overall,Overall,36,37,48,2.0,2.965777,0.401914,1148,20,
4,1224,Overall,Overall,36,14,48,0.5,-0.190057,0.334672,990,17,
4,1225,Overall,Overall,36,13,48,-0.5,-0.246798,0.337076,988,17,
4,1226,Overall,Overall,36,19,48,0.5,0.763246,0.301543,1038,15,
4,1227,Overall,Overall,36,37,48,3.0,3.091136,0.417321,1155,21,
4,1228,Overall,Overall,36,3,48,-3.0,-2.981336,0.830802,851,42,
4,1229,Overall,Overall,36,15,48,-0.5,-0.035804,0.325547,998,16,
4,1230,Overall,Overall,36,18,48,0.5,0.570728,0.307483,1029,15,
4,1231,Overall,Overall,36,28,48,1.5,1.707398,0.308522,1085,15,
4,1232,Overall,Overall,36,13,48,-0.5,-0.241472,0.337099,988,17,
4,1233,Overall,Overall,36,10,48,-1.0,-0.82256,0.396722,959,20,
4,1234,Overall,Overall,36,5,48,-2.5,-1.673665,0.526606,916,26,
4,1235,Overall,Overall,36,5,48,-2.5,-2.303363,0.656828,885,33,
4,1236,Overall,Overall,36,11,48,-0.5,-0.480219,0.357518,976,18,
4,1237,Overall,Overall,36,6,48,-2.5,-1.774892,0.547103,911,27,
4,1238,Overall,Overall,36,7,48,-1.5,-1.371112,0.471801,931,24,
4,1239,Overall,Overall,36,34,48,2.5,2.982763,0.405858,1149,20,
4,1240,Overall,Overall,36,16,48,0.0,-0.001112,0.322322,1000,16,
4,1241,Overall,Overall,36,32,48,3.0,2.272891,0.342634,1114,17,
4,1242,Overall,Overall,36,27,48,1.5,1.328106,0.298316,1066,15,
4,1243,Overall,Overall,36,3,48,-3.0,-2.86657,0.800175,857,40,
4,1244,Overall,Overall,36,8,48,-1.5,-1.340855,0.46696,933,23,
4,1245,Overall,Overall,36,18,48,1.0,0.661598,0.30363,1033,15,
4,1246,Overall,Overall,36,31,48,1.0,1.529575,0.301935,1076,15,
4,1247,Overall,Overall,36,31,48,2.5,2.257001,0.340223,1113,17,
4,1248,Overall,Overall,36,34,48,2.0,1.860222,0.317601,1093,16,
4,1249,Overall,Overall,36,2,48,-2.5,-4.163631,1.27243,792,64,
4,1250,Overall,Overall,36,37,48,3.0,3.816604,0.527703,1191,26,
4,1251,Overall,Overall,36,12,48,-0.5,-0.754937,0.385814,962,19,
4,1252,Overall,Overall,36,14,48,-0.5,-0.034182,0.324046,998,16,
4,1253,Overall,Overall,36,13,48,-0.5,-0.34168,0.345261,983,17,
4,1254,Overall,Overall,36,34,48,2.0,2.825954,0.386943,1141,19,
4,1255,Overall,Overall,36,7,48,-1.5,-1.208681,0.446117,940,22,
4,1256,Overall,Overall,36,3,48,-2.5,-3.07409,0.858246,846,43,
4,1257,Overall,Overall,36,20,48,0.0,0.648639,0.304979,1032,15,
4,1258,Overall,Overall,36,8,48,-2.0,-1.331293,0.465396,933,23,
4,1259,Overall,Overall,36,8,48,-1.5,-1.143727,0.436918,943,22,
4,1260,Overall,Overall,36,6,48,-2.0,-2.380768,0.675155,881,34,
4,1261,Overall,Overall,36,4,48,-2.5,-2.705739,0.755899,865,38,
4,1262,Overall,Overall,36,4,48,-3.0,-2.476901,0.701498,876,35,
4,1263,Overall,Overall,36,6,48,-1.5,-1.730337,0.537522,913,27,
4,1264,Overall,Overall,36,16,48,0.5,0.329001,0.312385,1016,16,
4,1265,Overall,Overall,36,3,48,-3.0,-3.984361,1.199319,801,60,
4,1266,Overall,Overall,36,7,48,-1.5,-1.725932,0.536201,914,27,
4,1267,Overall,Overall,36,16,48,0.0,0.063763,0.318609,1003,16,
4,1268,Overall,Overall,36,4,48,-2.5,-3.765592,1.116133,812,56,
4,1269,Overall,Overall,36,10,48,-1.0,-0.841141,0.395469,958,20,
4,1270,Overall,Overall,36,32,48,1.5,1.769744,0.309152,1088,15,
4,1271,Overall,Overall,36,3,48,-3.0,-2.806924,0.790942,860,40,
4,1272,Overall,Overall,36,31,48,2.0,2.267916,0.33803,1113,17,
4,1273,Overall,Overall,36,5,48,-3.0,-2.696128,0.757522,865,38,
4,1274,Overall,Overall,36,6,48,-2.5,-1.851063,0.56302,907,28,
4,1275,Overall,Overall,36,39,48,3.0,3.356094,0.453825,1168,23,
4,1276,Overall,Overall,36,13,48,-1.0,-0.827058,0.403472,959,20,
4,1277,Overall,Overall,36,23,48,0.5,0.836049,0.300754,1042,15,
4,1278,Overall,Overall,36,14,48,0.0,-0.007949,0.322545,1000,16,
4,1279,Overall,Overall,36,7,48,-3.0,-1.48059,0.490333,926,25,
4,1280,Overall,Overall,36,20,48,0.0,0.566693,0.302516,1028,15,
4,1281,Overall,Overall,36,5,48,-2.0,-2.099157,0.61379,895,31,
4,1282,Overall,Overall,36,10,48,-1.5,-0.720507,0.381718,964,19,
4,1283,Overall,Overall,36,20,48,0.5,0.368941,0.309108,1018,15,
4,1284,Overall,Overall,36,35,48,3.0,2.751705,0.383436,1138,19,
4,1285,Overall,Overall,36,18,48,0.0,0.65459,0.303726,1033,15,
4,1286,Overall,Overall,36,5,48,-1.5,-2.163917,0.629051,892,31,
4,1287,Overall,Overall,36,34,48,3.0,3.210429,0.444204,1161,22,
4,1288,Overall,Overall,36,7,48,-1.5,-1.692822,0.528882,915,26,
4,1289,Overall,Overall,36,7,48,-3.0,-1.87364,0.568021,906,28,
4,1290,Overall,Overall,36,2,48,-3.0,-4.201875,1.248349,790,62,
4,1291,Overall,Overall,36,19,48,0.0,0.393963,0.307263,1020,15,
4,1292,Overall,Overall,36,7,48,-2.5,-2.337642,0.66541,883,33,
4,1293,Overall,Overall,36,13,48,-0.5,-0.026919,0.338799,999,17,
4,1294,Overall,Overall,36,33,48,3.0,2.203684,0.334917,1110,17,
4,1295,Overall,Overall,36,19,48,0.5,0.363361,0.308585,1018,15,
4,1296,Overall,Overall,36,9,48,-1.5,-1.092256,0.428849,945,21,
4,1297,Overall,Overall,36,5,48,-3.0,-2.261869,0.64824,887,32,
4,1298,Overall,Overall,36,24,48,1.0,1.316676,0.29737,1066,15,
4,1299,Overall,Overall,36,2,48,-3.0,-4.222859,1.275478,789,64,
4,1300,Overall,Overall,36,18,48,0.5,0.794682,0.302534,1040,15,
5,1,Overall,Overall,36,21,48,1.0,0.917738,0.302253,1046,15,
5,2,Overall,Overall,36,38,48,3.0,2.863986,0.396675,1143,20,
5,3,Overall,Overall,36,37,48,3.0,3.767671,0.512575,1188,26,
5,4,Overall,Overall,36,32,48,2.0,2.034824,0.322802,1102,16,
5,5,Overall,Overall,36,14,48,0.0,-0.306908,0.34285,985,17,
5,6,Overall,Overall,36,29,48,1.5,1.755252,0.313749,1088,16,
5,7,Overall,Overall,36,9,48,-1.0,-1.089301,0.429025,946,21,
5,8,Overall,Overall,36,2,48,-3.0,-3.378483,0.974284,831,49,
5,9,Overall,Overall,36,25,48,1.5,1.388345,0.298392,1069,15,
5,10,Overall,Overall,36,10,48,-1.5,-0.772584,0.387616,961,19,
5,11,Overall,Overall,36,4,48,-2.0,-2.012162,0.600215,899,30,
5,12,Overall,Overall,36,5,48,-1.5,-2.299,0.658114,885,33,
5,13,Overall,Overall,36,15,48,0.0,0.227382,0.313431,1011,16,
5,14,Overall,Overall,36,9,48,-1.0,-0.904234,0.403648,955,20,
5,15,Overall,Overall,36,2,48,-3.0,-4.843289,1.581692,758,79,
5,16,Overall,Overall,36,12,48,-0.5,-0.518563,0.361124,974,18,
5,17,Overall,Overall,36,32,48,2.5,2.004628,0.318381,1100,16,
5,18,Overall,Overall,36,16,48,-0.5,0.330432,0.308311,1017,15,
5,19,Overall,Overall,36,22,48,1.0,1.177756,0.306242,1059,15,
5,20,Overall,Overall,36,23,48,1.0,0.819056,0.301783,1041,15,
5,21,Overall,Overall,36,32,48,3.0,2.540571,0.356437,1127,18,
5,22,Overall,Overall,36,11,48,-1.0,-1.047472,0.424766,948,21,
5,23,Overall,Overall,36,9,48,-1.0,-1.118602,0.432648,944,22,
5,24,Overall,Overall,36,13,48,-0.5,-0.553859,0.364533,972,18,
5,25,Overall,Overall,36,17,48,0.0,0.02871,0.32726,1001,16,
5,26,Overall,Overall,36,31,48,2.5,2.275575,0.343349,1114,17,
5,27,Overall,Overall,36,2,48,-3.0,-5.0,1.668427,750,83,
5,28,Overall,Overall,36,34,48,2.0,1.842709,0.315644,1092,16,
5,29,Overall,Overall,36,7,48,-2.0,-1.672169,0.52746,916,26,
5,30,Overall,Overall,36,11,48,-1.0,-0.739999,0.384852,963,19,
5,31,Overall,Overall,36,36,48,2.0,2.273825,0.346041,1114,17,
5,32,Overall,Overall,36,39,48,2.5,3.299818,0.445204,1165,22,
5,33,Overall,Overall,36,21,48,1.0,0.891324,0.302068,1045,15,
5,34,Overall,Overall,36,1,48,-2.5,-5.0,1.707666,750,85,
5,35,Overall,Overall,36,3,48,-3.0,-3.958206,1.187611,802,59,
5,36,Overall,Overall,36,5,48,-3.0,-3.290374,0.941244,835,47,
5,37,Overall,Overall,36,6,48,-2.5,-1.558352,0.504854,922,25,
5,38,Overall,Overall,36,35,48,3.0,2.174495,0.332634,1109,17,
5,39,Overall,Overall,36,2,48,-2.5,-3.159004,0.898446,842,45,
5,40,Overall,Overall,36,30,48,1.5,1.506831,0.301444,1075,15,
5,41,Overall,Overall,36,4,48,-2.0,-2.781825,0.775605,861,39,
5,42,Overall,Overall,36,10,48,0.0,-0.665836,0.375532,967,19,
5,43,Overall,Overall,36,33,48,2.5,2.21203,0.335757,1111,17,
5,44,Overall,Overall,36,6,48,-2.0,-2.391864,0.67721,880,34,
5,45,Overall,Overall,36,4,48,-2.5,-2.842622,0.791622,858,40,
5,46,Overall,Overall,36,31,48,2.0,2.059543,0.324562,1103,16,
5,47,Overall,Overall,36,8,48,-2.0,-1.544349,0.502118,923,25,
5,48,Overall,Overall,36,5,48,-2.5,-1.847151,0.559686,908,28,
5,49,Overall,Overall,36,35,48,2.0,2.949136,0.40062,1147,20,
5,50,Overall,Overall,36,19,48,0.5,0.413976,0.307713,1021,15,
5,51,Overall,Overall,36,11,48,-1.0,-0.825499,0.394869,959,20,
5,52,Overall,Overall,36,19,48,1.0,0.751044,0.302569,1038,15,
5,53,Overall,Overall,36,31,48,2.0,2.002403,0.320851,1100,16,
5,54,Overall,Overall,36,27,48,1.5,1.393045,0.298974,1070,15,
5,55,Overall,Overall,36,14,48,0.0,-0.098448,0.329125,995,16,
5,56,Overall,Overall,36,24,48,1.0,0.982098,0.301694,1049,15,
5,57,Overall,Overall,36,1,48,-3.0,-5.0,1.662327,750,83,
5,58,Overall,Overall,36,27,48,2.0,1.41691,0.298675,1071,15,
5,59,Overall,Overall,36,6,48,-1.5,-1.925577,0.575739,904,29,
5,60,Overall,Overall,36,15,48,0.0,0.075109,0.318588,1004,16,
5,61,Overall,Overall,36,8,48,-1.5,-1.475656,0.496065,926,25,
5,62,Overall,Overall,36,38,48,3.0,3.046725,0.414174,1152,21,
5,63,Overall,Overall,36,35,48,2.0,2.869919,0.388542,1143,19,
5,64,Overall,Overall,36,34,48,2.5,2.237415,0.335972,1112,17,
5,65,Overall,Overall,36,7,48,-1.5,-1.588668,0.511001,921,26,
5,66,Overall,Overall,36,3,48,-2.5,-3.652291,1.056788,817,53,
5,67,Overall,Overall,36,14,48,0.0,-0.045441,0.324709,998,16,
5,68,Overall,Overall,36,5,48,-2.5,-1.840116,0.559133,908,28,
5,69,Overall,Overall,36,36,48,3.0,3.740458,0.507779,1187,25,
5,70,Overall,Overall,36,37,48,3.0,3.161854,0.428622,1158,21,
5,71,Overall,Overall,36,20,48,0.5,0.647296,0.301481,1032,15,
5,72,Overall,Overall,36,7,48,-2.5,-2.190904,0.633582,890,32,
5,73,Overall,Overall,36,0,48,-3.0,-5.0,1.714847,750,86,
5,74,Overall,Overall,36,40,48,2.5,3.142381,0.424956,1157,21,
5,75,Overall,Overall,36,6,48,-1.5,-1.486127,0.49151,926,25,
5,76,Overall,Overall,36,10,48,-0.5,-1.287262,0.460034,936,23,
5,77,Overall,Overall,36,5,48,-3.0,-2.247133,0.64388,888,32,
5,78,Overall,Overall,36,19,48,1.0,0.725094,0.30386,1036,15,
5,79,Overall,Overall,36,15,48,0.5,0.215226,0.314511,1011,16,
5,80,Overall,Overall,36,11,48,-0.5,-0.754875,0.385546,962,19,
5,81,Overall,Overall,36,3,48,-2.5,-3.152566,0.879717,842,44,
5,82,Overall,Overall,36,34,48,2.5,2.820559,0.382897,1141,19,
5,83,Overall,Overall,36,6,48,-2.0,-1.458106,0.486834,927,24,
5,84,Overall,Overall,36,6,48,-1.5,-2.084295,0.610555,896,31,
5,85,Overall,Overall,36,21,48,0.5,0.568907,0.304436,1028,15,
5,86,Overall,Overall,36,3,48,-2.0,-2.927819,0.81545,854,41,
5,87,Overall,Overall,36,20,48,1.0,0.754194,0.30081,1038,15,
5,88,Overall,Overall,36,25,48,1.5,1.671741,0.313136,1084,16,
5,89,Overall,Overall,36,15,48,0.0,-0.085863,0.327054,996,16,
5,90,Overall,Overall,36,24,48,1.0,1.203742,0.301266,1060,15,
5,91,Overall,Overall,36,40,48,2.5,3.583196,0.488922,1179,24,
5,92,Overall,Overall,36,15,48,0.0,0.154392,0.316131,1008,16,
5,93,Overall,Overall,36,8,48,-1.0,-0.709116,0.380477,965,19,
5,94,Overall,Overall,36,35,48,2.5,2.153218,0.330681,1108,17,
5,95,Overall,Overall,36,6,48,-1.5,-1.587007,0.513402,921,26,
5,96,Overall,Overall,36,24,48,1.5,1.38516,0.305362,1069,15,
5,97,Overall,Overall,36,13,48,-0.5,-0.628159,0.371609,969,19,
5,98,Overall,Overall,36,11,48,-0.5,-0.643406,0.373448,968,19,
5,99,Overall,Overall,36,16,48,0.0,0.224094,0.315175,1011,16,
5,100,Overall,Overall,36,10,48,-1.0,-0.922545,0.405892,954,20,
5,101,Overall,Overall,36,31,48,2.0,1.868334,0.315088,1093,16,
5,102,Overall,Overall,36,10,48,-0.5,-0.746357,0.384364,963,19,
5,103,Overall,Overall,36,4,48,-2.5,-2.348359,0.669382,883,33,
5,104,Overall,Overall,36,28,48,1.5,1.860752,0.316667,1093,16,
5,105,Overall,Overall,36,13,48,-1.0,-0.433172,0.365141,978,18,
5,106,Overall,Overall,36,27,48,1.5,1.230418,0.297274,1062,15,
5,107,Overall,Overall,36,8,48,-0.5,-1.333529,0.470742,933,24,
5,108,Overall,Overall,36,8,48,-1.0,-1.436248,0.491041,928,25,
5,109,Overall,Overall,36,17,48,-0.5,-0.05241,0.326048,997,16,
5,110,Overall,Overall,36,6,48,-1.5,-2.035574,0.600451,898,30,
5,111,Overall,Overall,36,22,48,0.5,0.667417,0.302922,1033,15,
5,112,Overall,Overall,36,7,48,-3.0,-1.47441,0.489083,926,24,
5,113,Overall,Overall,36,7,48,-1.0,-1.312081,0.463762,934,23,
5,114,Overall,Overall,36,29,48,1.5,1.422132,0.300013,1071,15,
5,115,Overall,Overall,36,3,48,-2.5,-3.158154,0.883676,842,44,
5,116,Overall,Overall,36,21,48,0.5,0.574381,0.303411,1029,15,
5,117,Overall,Overall,36,5,48,-1.5,-1.72603,0.539497,914,27,
5,118,Overall,Overall,36,5,48,-1.0,-2.296022,0.655382,885,33,
5,119,Overall,Overall,36,14,48,0.0,-0.120118,0.329016,994,16,
5,120,Overall,Overall,36,3,48,-3.0,-2.96812,0.830783,852,42,
5,121,Overall,Overall,36,10,48,-1.0,-0.853207,0.397954,957,20,
5,122,Overall,Overall,36,9,48,-1.0,-1.116624,0.439519,944,22,
5,123,Overall,Overall,36,22,48,0.0,0.73492,0.301806,1037,15,
5,124,Overall,Overall,36,5,48,-2.0,-2.112404,0.616639,894,31,
5,125,Overall,Overall,36,18,48,0.5,0.607307,0.302043,1030,15,
5,126,Overall,Overall,36,31,48,3.0,2.295454,0.340887,1115,17,
5,127,Overall,Overall,36,32,48,2.0,2.304362,0.340569,1115,17,
5,128,Overall,Overall,36,4,48,-2.5,-2.956542,0.817492,852,41,
5,129,Overall,Overall,36,32,48,2.5,2.55125,0.363511,1128,18,
5,130,Overall,Overall,36,9,48,-0.5,-0.962626,0.410919,952,21,
5,131,Overall,Overall,36,9,48,-0.5,-0.833749,0.394798,958,20,
5,132,Overall,Overall,36,6,48,-2.0,-2.277282,0.650961,886,33,
5,133,Overall,Overall,36,14,48,-0.5,-0.405235,0.350254,980,18,
5,134,Overall,Overall,36,7,48,-2.5,-1.401288,0.484924,930,24,
5,135,Overall,Overall,36,30,48,2.0,2.232063,0.337535,1112,17,
5,136,Overall,Overall,36,15,48,0.0,-0.109714,0.329012,995,16,
5,137,Overall,Overall,36,13,48,-0.5,-0.262227,0.338226,987,17,
5,138,Overall,Overall,36,9,48,-2.0,-1.351704,0.468967,932,23,
5,139,Overall,Overall,36,20,48,0.5,0.365907,0.308637,1018,15,
5,140,Overall,Overall,36,5,48,-1.5,-2.86668,0.815607,857,41,
5,141,Overall,Overall,36,20,48,1.0,0.89158,0.298878,1045,15,
5,142,Overall,Overall,36,17,48,1.0,0.477929,0.307316,1024,15,
5,143,Overall,Overall,36,17,48,0.5,0.305805,0.309205,1015,15,
5,144,Overall,Overall,36,14,48,0.0,-0.254301,0.339024,987,17,
5,145,Overall,Overall,36,5,48,-2.5,-2.068387,0.607774,897,30,
5,146,Overall,Overall,36,22,48,1.0,0.816712,0.300122,1041,15,
5,147,Overall,Overall,36,34,48,3.0,2.754429,0.384562,1138,19,
5,148,Overall,Overall,36,6,48,-2.0,-2.092883,0.615927,895,31,
5,149,Overall,Overall,36,5,48,-3.0,-2.471499,0.699581,876,35,
5,150,Overall,Overall,36,8,48,-1.5,-1.344861,0.467587,933,23,
5,151,Overall,Overall,36,34,48,2.5,2.663038,0.372328,1133,19,
5,152,Overall,Overall,36,22,48,0.5,0.572164,0.306531,1029,15,
5,153,Overall,Overall,36,38,48,3.0,3.223363,0.445033,1161,22,
5,154,Overall,Overall,36,31,48,2.5,2.317647,0.34198,1116,17,
5,155,Overall,Overall,36,3,48,-2.0,-3.442746,0.993601,828,50,
5,156,Overall,Overall,36,12,48,-1.0,-0.426078,0.35619,979,18,
5,157,Overall,Overall,36,5,48,-2.5,-2.233902,0.642553,888,32,
5,158,Overall,Overall,36,25,48,2.0,1.461529,0.305522,1073,15,
5,159,Overall,Overall,36,17,48,1.0,0.277136,0.3103,1014,16,
5,160,Overall,Overall,36,16,48,0.5,0.300389,0.30936,1015,15,
5,161,Overall,Overall,36,31,48,1.5,1.918635,0.315711,1096,16,
5,162,Overall,Overall,36,32,48,3.0,3.322422,0.455775,1166,23,
5,163,Overall,Overall,36,9,48,-0.5,-0.769075,0.387435,962,19,
5,164,Overall,Overall,36,2,48,-3.0,-4.906694,1.620403,755,81,
5,165,Overall,Overall,36,21,48,0.5,0.374167,0.307382,1019,15,
5,166,Overall,Overall,36,12,48,0.0,-0.328649,0.344461,984,17,
5,167,Overall,Overall,36,31,48,2.0,2.339028,0.3427,1117,17,
5,168,Overall,Overall,36,21,48,1.0,0.469962,0.304588,1023,15,
5,169,Overall,Overall,36,15,48,-0.5,0.020212,0.321002,1001,16,
5,170,Overall,Overall,36,12,48,-1.0,-0.714689,0.381075,964,19,
5,171,Overall,Overall,36,9,48,-1.0,-1.366884,0.484811,932,24,
5,172,Overall,Overall,36,22,48,1.0,1.149839,0.305555,1057,15,
5,173,Overall,Overall,36,9,48,-1.5,-1.365432,0.477495,932,24,
5,174,Overall,Overall,36,18,48,0.5,0.348345,0.307806,1017,15,
5,175,Overall,Overall,36,36,48,2.0,2.137658,0.333794,1107,17,
5,176,Overall,Overall,36,12,48,-1.0,-0.745311,0.384496,963,19,
5,177,Overall,Overall,36,40,48,3.0,3.669612,0.496885,1183,25,
5,178,Overall,Overall,36,21,48,0.5,0.892708,0.300975,1045,15,
5,179,Overall,Overall,36,27,48,1.5,1.295971,0.297171,1065,15,
5,180,Overall,Overall,36,5,48,-3.0,-2.226663,0.638927,889,32,
5,181,Overall,Overall,36,34,48,3.0,2.605437,0.364287,1130,18,
5,182,Overall,Overall,36,41,48,3.0,3.637587,0.496373,1182,25,
5,183,Overall,Overall,36,35,48,3.0,3.115098,0.420402,1156,21,
5,184,Overall,Overall,36,7,48,-1.5,-1.895982,0.572647,905,29,
5,185,Overall,Overall,36,5,48,-2.0,-1.80552,0.55463,910,28,
5,186,Overall,Overall,36,34,48,1.5,1.810155,0.311289,1091,16,
5,187,Overall,Overall,36,2,48,-3.0,-4.039313,1.178887,798,59,
5,188,Overall,Overall,36,5,48,-2.5,-1.812536,0.554917,909,28,
5,189,Overall,Overall,36,19,48,1.0,0.697488,0.302186,1035,15,
5,190,Overall,Overall,36,22,48,0.5,0.626349,0.303768,1031,15,
5,191,Overall,Overall,36,2,48,-2.5,-3.958675,1.170904,802,59,
5,192,Overall,Overall,36,4,48,-2.0,-2.6522,0.747552,867,37,
5,193,Overall,Overall,36,19,48,0.5,0.369178,0.310245,1018,16,
5,194,Overall,Overall,36,27,48,1.0,1.449781,0.304708,1072,15,
5,195,Overall,Overall,36,5,48,-2.5,-1.812606,0.553854,909,28,
5,196,Overall,Overall,36,10,48,-1.0,-0.681702,0.377224,966,19,
5,197,Overall,Overall,36,35,48,3.0,2.658885,0.371285,1133,19,
5,198,Overall,Overall,36,30,48,1.5,1.78344,0.313711,1089,16,
5,199,Overall,Overall,36,4,48,-2.0,-2.27145,0.649075,886,32,
5,200,Overall,Overall,36,4,48,-3.0,-3.022181,0.843129,849,42,
5,201,Overall,Overall,36,4,48,-3.0,-2.319159,0.665613,884,33,
5,202,Overall,Overall,36,6,48,-2.0,-1.951903,0.585035,902,29,
5,203,Overall,Overall,36,5,48,-3.0,-2.414517,0.68593,879,34,
5,204,Overall,Overall,36,29,48,2.0,1.630733,0.303807,1082,15,
5,205,Overall,Overall,36,9,48,-0.5,-0.892323,0.410666,955,21,
5,206,Overall,Overall,36,15,48,0.0,0.050304,0.321489,1003,16,
5,207,Overall,Overall,36,6,48,-3.0,-1.845831,0.564571,908,28,
5,208,Overall,Overall,36,34,48,2.5,2.688209,0.371958,1134,19,
5,209,Overall,Overall,36,4,48,-2.5,-2.441997,0.692651,878,35,
5,210,Overall,Overall,36,27,48,2.5,2.096638,0.328404,1105,16,
5,211,Overall,Overall,36,12,48,-0.5,-0.13259,0.330241,993,17,
5,212,Overall,Overall,36,21,48,1.0,1.13227,0.297113,1057,15,
5,213,Overall,Overall,36,14,48,-0.5,-0.440812,0.354078,978,18,
5,214,Overall,Overall,36,22,48,1.5,1.098704,0.297321,1055,15,
5,215,Overall,Overall,36,4,48,-3.0,-2.829036,0.79754,859,40,
5,216,Overall,Overall,36,28,48,1.5,1.693644,0.308466,1085,15,
5,217,Overall,Overall,36,36,48,3.0,3.047002,0.414286,1152,21,
5,218,Overall,Overall,36,5,48,-2.0,-2.094096,0.612295,895,31,
5,219,Overall,Overall,36,4,48,-3.0,-2.835463,0.79093,858,40,
5,220,Overall,Overall,36,34,48,3.0,2.702294,0.372069,1135,19,
5,221,Overall,Overall,36,6,48,-1.0,-1.422392,0.482891,929,24,
5,222,Overall,Overall,36,11,48,-0.5,-0.581809,0.367692,971,18,
5,223,Overall,Overall,36,32,48,2.5,2.438028,0.353539,1122,18,
5,224,Overall,Overall,36,3,48,-2.5,-3.357641,0.963906,832,48,
5,225,Overall,Overall,36,19,48,0.0,0.218314,0.312538,1011,16,
5,226,Overall,Overall,36,32,48,2.5,2.310683,0.34091,1116,17,
5,227,Overall,Overall,36,2,48,-2.5,-3.628052,1.033706,819,52,
5,228,Overall,Overall,36,4,48,-3.0,-2.301234,0.657993,885,33,
5,229,Overall,Overall,36,7,48,-2.5,-1.542278,0.501148,923,25,
5,230,Overall,Overall,36,33,48,1.5,2.14742,0.328646,1107,16,
5,231,Overall,Overall,36,39,48,3.0,3.874009,0.529539,1194,26,
5,232,Overall,Overall,36,8,48,-1.5,-1.08362,0.428966,946,21,
5,233,Overall,Overall,36,33,48,1.5,2.111337,0.328014,1106,16,
5,234,Overall,Overall,36,30,48,1.5,1.846722,0.313747,1092,16,
5,235,Overall,Overall,36,4,48,-2.5,-2.709889,0.755239,865,38,
5,236,Overall,Overall,36,1,48,-2.5,-4.719015,1.462557,764,73,
5,237,Overall,Overall,36,5,48,-2.0,-2.318132,0.659856,884,33,
5,238,Overall,Overall,36,6,48,-2.5,-1.508301,0.495738,925,25,
5,239,Overall,Overall,36,20,48,0.5,0.461353,0.309181,1023,15,
5,240,Overall,Overall,36,34,48,2.0,2.307674,0.344579,1115,17,
5,241,Overall,Overall,36,36,48,3.0,2.637612,0.366956,1132,18,
5,242,Overall,Overall,36,15,48,0.0,0.130227,0.315713,1007,16,
5,243,Overall,Overall,36,31,48,2.5,2.625188,0.375661,1131,19,
5,244,Overall,Overall,36,6,48,-2.0,-1.770351,0.548688,911,27,
5,245,Overall,Overall,36,24,48,1.0,1.335946,0.297618,1067,15,
5,246,Overall,Overall,36,1,48,-3.0,-5.0,1.659497,750,83,
5,247,Overall,Overall,36,4,48,-2.5,-3.238333,0.923954,838,46,
5,248,Overall,Overall,36,26,48,1.0,1.035609,0.297225,1052,15,
5,249,Overall,Overall,36,5,48,-2.0,-2.360562,0.669917,882,33,
5,250,Overall,Overall,36,30,48,3.0,2.369383,0.364899,1118,18,
5,251,Overall,Overall,36,15,48,0.0,-0.063426,0.327191,997,16,
5,252,Overall,Overall,36,36,48,3.0,2.990961,0.402246,1150,20,
5,253,Overall,Overall,36,19,48,0.5,0.158262,0.316983,1008,16,
5,254,Overall,Overall,36,7,48,-1.5,-1.264203,0.460294,937,23,
5,255,Overall,Overall,36,5,48,-3.0,-2.295108,0.657195,885,33,
5,256,Overall,Overall,36,26,48,1.5,1.218295,0.296211,1061,15,
5,257,Overall,Overall,36,18,48,1.0,0.83962,0.313543,1042,16,
5,258,Overall,Overall,36,27,48,1.5,1.339228,0.296946,1067,15,
5,259,Overall,Overall,36,3,48,-3.0,-3.492327,1.000148,825,50,
5,260,Overall,Overall,36,23,48,1.5,0.983049,0.30464,1049,15,
5,261,Overall,Overall,36,14,48,-0.5,-0.360008,0.359072,982,18,
5,262,Overall,Overall,36,15,48,0.0,-0.242297,0.337966,988,17,
5,263,Overall,Overall,36,34,48,3.0,2.38964,0.346168,1119,17,
5,264,Overall,Overall,36,8,48,-1.0,-1.726132,0.537638,914,27,
5,265,Overall,Overall,36,7,48,-1.5,-1.885205,0.566491,906,28,
5,266,Overall,Overall,36,27,48,0.5,1.27767,0.297689,1064,15,
5,267,Overall,Overall,36,39,48,3.0,3.120083,0.420969,1156,21,
5,268,Overall,Overall,36,36,48,3.0,3.061272,0.41421,1153,21,
5,269,Overall,Overall,36,17,48,0.0,0.141701,0.315317,1007,16,
5,270,Overall,Overall,36,25,48,1.0,1.245977,0.296943,1062,15,
5,271,Overall,Overall,36,3,48,-3.0,-2.927244,0.821872,854,41,
5,272,Overall,Overall,36,32,48,3.0,2.371704,0.345806,1119,17,
5,273,Overall,Overall,36,7,48,-1.0,-2.308268,0.658869,885,33,
5,274,Overall,Overall,36,31,48,1.5,1.638254,0.305539,1082,15,
5,275,Overall,Overall,36,3,48,-3.0,-4.322889,1.340585,784,67,
5,276,Overall,Overall,36,1,48,-3.0,-5.0,1.659497,750,83,
5,277,Overall,Overall,36,37,48,3.0,3.306389,0.448202,1165,22,
5,278,Overall,Overall,36,35,48,3.0,2.836355,0.391482,1142,20,
5,279,Overall,Overall,36,8,48,-1.5,-1.389313,0.483354,931,24,
5,280,Overall,Overall,36,16,48,0.5,0.443955,0.312869,1022,16,
5,281,Overall,Overall,36,22,48,1.0,0.904073,0.299419,1045,15,
5,282,Overall,Overall,36,33,48,3.0,2.16451,0.331532,1108,17,
5,283,Overall,Overall,36,24,48,0.5,0.674757,0.302889,1034,15,
5,284,Overall,Overall,36,4,48,-3.0,-2.279368,0.651597,886,33,
5,285,Overall,Overall,36,19,48,1.0,0.701948,0.302792,1035,15,
5,286,Overall,Overall,36,13,48,0.0,-0.167187,0.331504,992,17,
5,287,Overall,Overall,36,35,48,3.0,3.069638,0.412927,1153,21,
5,288,Overall,Overall,36,12,48,-1.0,-1.15589,0.450795,942,23,
5,289,Overall,Overall,36,10,48,-0.5,-0.80352,0.39166,960,20,
5,290,Overall,Overall,36,25,48,1.5,1.317788,0.298172,1066,15,
5,291,Overall,Overall,36,8,48,-1.5,-1.144108,0.436358,943,22,
5,292,Overall,Overall,36,16,48,0.0,0.096485,0.317494,1005,16,
5,293,Overall,Overall,36,10,48,-0.5,-0.80547,0.39143,960,20,
5,294,Overall,Overall,36,27,48,2.0,2.202086,0.334103,1110,17,
5,295,Overall,Overall,36,17,48,-0.5,-0.016391,0.324193,999,16,
5,296,Overall,Overall,36,4,48,-2.0,-1.712159,0.532767,914,27,
5,297,Overall,Overall,36,27,48,1.5,2.018769,0.32529,1101,16,
5,298,Overall,Overall,36,8,48,-2.0,-1.774018,0.552626,911,28,
5,299,Overall,Overall,36,12,48,0.0,-0.098021,0.327613,995,16,
5,300,Overall,Overall,36,21,48,0.5,0.76821,0.301831,1038,15,
5,301,Overall,Overall,36,6,48,-1.0,-1.877201,0.565123,906,28,
5,302,Overall,Overall,36,12,48,0.0,-0.102857,0.330616,995,17,
5,303,Overall,Overall,36,11,48,-1.0,-0.57079,0.366176,971,18,
5,304,Overall,Overall,36,6,48,-2.5,-2.086756,0.608823,896,30,
5,305,Overall,Overall,36,33,48,2.5,2.591624,0.360822,1130,18,
5,306,Overall,Overall,36,27,48,1.5,1.593909,0.3038,1080,15,
5,307,Overall,Overall,36,8,48,-0.5,-0.73641,0.383641,963,19,
5,308,Overall,Overall,36,9,48,0.0,-0.728885,0.382788,964,19,
5,309,Overall,Overall,36,12,48,-1.0,-0.815696,0.392552,959,20,
5,310,Overall,Overall,36,4,48,-2.5,-2.08586,0.611699,896,31,
5,311,Overall,Overall,36,17,48,0.0,0.199001,0.312831,1010,16,
5,312,Overall,Overall,36,30,48,2.0,1.749704,0.308748,1087,15,
5,313,Overall,Overall,36,25,48,0.5,0.794708,0.307321,1040,15,
5,314,Overall,Overall,36,19,48,0.5,0.443384,0.305569,1022,15,
5,315,Overall,Overall,36,38,48,3.0,3.357784,0.450495,1168,23,
5,316,Overall,Overall,36,5,48,-2.5,-2.389291,0.679448,881,34,
5,317,Overall,Overall,36,19,48,0.5,0.485134,0.305656,1024,15,
5,318,Overall,Overall,36,32,48,2.5,2.410901,0.351873,1121,18,
5,319,Overall,Overall,36,16,48,0.5,0.070132,0.320704,1004,16,
5,320,Overall,Overall,36,35,48,2.5,2.719548,0.373001,1136,19,
5,321,Overall,Overall,36,5,48,-2.0,-2.417423,0.683278,879,34,
5,322,Overall,Overall,36,31,48,2.5,2.319809,0.343525,1116,17,
5,323,Overall,Overall,36,30,48,2.0,1.660463,0.306489,1083,15,
5,324,Overall,Overall,36,28,48,1.5,1.731781,0.309834,1087,15,
5,325,Overall,Overall,36,19,48,0.0,0.537567,0.306227,1027,15,
5,326,Overall,Overall,36,8,48,-1.5,-1.13573,0.435778,943,22,
5,327,Overall,Overall,36,5,48,-1.0,-2.363679,0.67313,882,34,
5,328,Overall,Overall,36,19,48,0.5,0.62577,0.30319,1031,15,
5,329,Overall,Overall,36,41,48,3.0,3.532937,0.481407,1177,24,
5,330,Overall,Overall,36,7,48,-1.0,-1.450263,0.489316,927,24,
5,331,Overall,Overall,36,36,48,2.5,2.293248,0.342089,1115,17,
5,332,Overall,Overall,36,17,48,0.0,0.167168,0.314087,1008,16,
5,333,Overall,Overall,36,12,48,-1.0,-1.019963,0.418621,949,21,
5,334,Overall,Overall,36,15,48,-0.5,0.063289,0.31878,1003,16,
5,335,Overall,Overall,36,27,48,1.5,1.609421,0.310008,1080,16,
5,336,Overall,Overall,36,6,48,-2.5,-1.929539,0.575487,904,29,
5,337,Overall,Overall,36,20,48,0.5,0.527906,0.303448,1026,15,
5,338,Overall,Overall,36,13,48,-0.5,-0.351067,0.346267,982,17,
5,339,Overall,Overall,36,5,48,-3.0,-2.10993,0.613928,895,31,
5,340,Overall,Overall,36,7,48,-1.5,-1.42177,0.480785,929,24,
5,341,Overall,Overall,36,3,48,-2.0,-2.786523,0.782854,861,39,
5,342,Overall,Overall,36,25,48,1.5,1.462639,0.300372,1073,15,
5,343,Overall,Overall,36,17,48,0.0,0.046914,0.321558,1002,16,
5,344,Overall,Overall,36,5,48,-2.5,-2.747032,0.773674,863,39,
5,345,Overall,Overall,36,21,48,0.0,0.804503,0.299724,1040,15,
5,346,Overall,Overall,36,28,48,1.5,1.349745,0.297655,1067,15,
5,347,Overall,Overall,36,8,48,-1.5,-1.237892,0.450715,938,23,
5,348,Overall,Overall,36,11,48,-0.5,-0.965554,0.411854,952,21,
5,349,Overall,Overall,36,11,48,-0.5,-0.572487,0.367579,971,18,
5,350,Overall,Overall,36,19,48,0.5,0.250458,0.310978,1013,16,
5,351,Overall,Overall,36,2,48,-3.0,-4.688754,1.507813,766,75,
5,352,Overall,Overall,36,9,48,-1.0,-0.946543,0.409727,953,20,
5,353,Overall,Overall,36,20,48,0.5,0.520104,0.307016,1026,15,
5,354,Overall,Overall,36,31,48,2.5,1.538957,0.302239,1077,15,
5,355,Overall,Overall,36,16,48,0.5,0.384298,0.312382,1019,16,
5,356,Overall,Overall,36,9,48,-2.0,-1.447666,0.484441,928,24,
5,357,Overall,Overall,36,25,48,1.0,0.879225,0.300996,1044,15,
5,358,Overall,Overall,36,14,48,0.0,0.056083,0.321257,1003,16,
5,359,Overall,Overall,36,8,48,-0.5,-1.072524,0.426044,946,21,
5,360,Overall,Overall,36,37,48,2.5,3.101801,0.422069,1155,21,
5,361,Overall,Overall,36,14,48,0.0,-0.057404,0.325278,997,16,
5,362,Overall,Overall,36,7,48,-1.5,-1.598393,0.516008,920,26,
5,363,Overall,Overall,36,15,48,0.5,0.16326,0.314353,1008,16,
5,364,Overall,Overall,36,6,48,-1.5,-1.692066,0.531041,915,27,
5,365,Overall,Overall,36,5,48,-3.0,-2.157083,0.62447,892,31,
5,366,Overall,Overall,36,10,48,-0.5,-0.854195,0.39758,957,20,
5,367,Overall,Overall,36,10,48,-1.0,-1.054377,0.423789,947,21,
5,368,Overall,Overall,36,30,48,1.5,1.56916,0.304139,1078,15,
5,369,Overall,Overall,36,4,48,-2.5,-2.761102,0.769106,862,38,
5,370,Overall,Overall,36,9,48,-2.0,-1.52743,0.500651,924,25,
5,371,Overall,Overall,36,20,48,0.0,0.712401,0.301166,1036,15,
5,372,Overall,Overall,36,25,48,1.0,1.298919,0.300816,1065,15,
5,373,Overall,Overall,36,22,48,0.5,0.552795,0.307057,1028,15,
5,374,Overall,Overall,36,6,48,-1.5,-1.59622,0.513001,920,26,
5,375,Overall,Overall,36,11,48,-1.0,-0.385514,0.349308,981,17,
5,376,Overall,Overall,36,35,48,3.0,2.952623,0.404056,1148,20,
5,377,Overall,Overall,36,7,48,-2.5,-1.941179,0.577879,903,29,
5,378,Overall,Overall,36,6,48,-1.5,-1.786165,0.548743,911,27,
5,379,Overall,Overall,36,15,48,0.0,-0.195144,0.334515,990,17,
5,380,Overall,Overall,36,35,48,2.5,2.614176,0.364916,1131,18,
5,381,Overall,Overall,36,6,48,-3.0,-1.934632,0.578804,903,29,
5,382,Overall,Overall,36,39,48,3.0,3.991651,0.546791,1200,27,
5,383,Overall,Overall,36,7,48,-1.0,-1.665467,0.524553,917,26,
5,384,Overall,Overall,36,23,48,1.0,0.863362,0.30123,1043,15,
5,385,Overall,Overall,36,21,48,0.0,0.561545,0.302898,1028,15,
5,386,Overall,Overall,36,9,48,-0.5,-1.177426,0.441364,941,22,
5,387,Overall,Overall,36,26,48,1.5,1.283986,0.29832,1064,15,
5,388,Overall,Overall,36,7,48,-2.0,-1.771465,0.545778,911,27,
5,389,Overall,Overall,36,3,48,-3.0,-3.144971,0.886897,843,44,
5,390,Overall,Overall,36,7,48,-1.5,-1.429902,0.482238,929,24,
5,391,Overall,Overall,36,26,48,2.0,1.531469,0.300999,1077,15,
5,392,Overall,Overall,36,34,48,2.0,2.048828,0.325062,1102,16,
5,393,Overall,Overall,36,35,48,2.0,2.129241,0.333771,1106,17,
5,394,Overall,Overall,36,4,48,-2.5,-2.853286,0.794756,857,40,
5,395,Overall,Overall,36,4,48,-3.0,-3.533708,1.025894,823,51,
5,396,Overall,Overall,36,13,48,-0.5,-0.55102,0.36406,972,18,
5,397,Overall,Overall,36,8,48,-1.0,-1.331943,0.465502,933,23,
5,398,Overall,Overall,36,23,48,1.0,1.061693,0.296906,1053,15,
5,399,Overall,Overall,36,5,48,-1.5,-1.85494,0.560461,907,28,
5,400,Overall,Overall,36,8,48,-1.0,-1.290882,0.466137,935,23,
5,401,Overall,Overall,36,2,48,-3.0,-4.426628,1.387094,779,69,
5,402,Overall,Overall,36,26,48,2.0,1.383784,0.301603,1069,15,
5,403,Overall,Overall,36,13,48,-0.5,-0.322884,0.34296,984,17,
5,404,Overall,Overall,36,17,48,0.5,0.150684,0.317142,1008,16,
5,405,Overall,Overall,36,9,48,-1.5,-1.084935,0.429201,946,21,
5,406,Overall,Overall,36,33,48,2.0,2.385502,0.351355,1119,18,
5,407,Overall,Overall,36,17,48,0.5,0.356854,0.313724,1018,16,
5,408,Overall,Overall,36,30,48,1.5,1.562568,0.301718,1078,15,
5,409,Overall,Overall,36,25,48,1.0,1.015346,0.297617,1051,15,
5,410,Overall,Overall,36,7,48,-2.0,-2.002654,0.590988,900,30,
5,411,Overall,Overall,36,12,48,-0.5,-0.377968,0.347411,981,17,
5,412,Overall,Overall,36,8,48,-1.0,-1.31671,0.462978,934,23,
5,413,Overall,Overall,36,37,48,3.0,2.957172,0.401433,1148,20,
5,414,Overall,Overall,36,14,48,-0.5,-0.083358,0.326708,996,16,
5,415,Overall,Overall,36,22,48,1.0,0.902896,0.298797,1045,15,
5,416,Overall,Overall,36,8,48,-1.0,-1.157857,0.439655,942,22,
5,417,Overall,Overall,36,14,48,0.5,-0.073084,0.32567,996,16,
5,418,Overall,Overall,36,14,48,-0.5,-0.30798,0.343161,985,17,
5,419,Overall,Overall,36,23,48,1.5,1.359403,0.298044,1068,15,
5,420,Overall,Overall,36,12,48,-0.5,-0.198829,0.334924,990,17,
5,421,Overall,Overall,36,37,48,3.0,3.042499,0.412661,1152,21,
5,422,Overall,Overall,36,6,48,-2.0,-1.823956,0.555813,909,28,
5,423,Overall,Overall,36,10,48,-1.0,-1.035994,0.42881,948,21,
5,424,Overall,Overall,36,10,48,-0.5,-1.022708,0.426635,949,21,
5,425,Overall,Overall,36,8,48,-1.5,-0.907783,0.404716,955,20,
5,426,Overall,Overall,36,8,48,-1.0,-1.532947,0.503153,923,25,
5,427,Overall,Overall,36,14,48,0.0,-0.162476,0.333123,992,17,
5,428,Overall,Overall,36,35,48,3.0,3.062444,0.414111,1153,21,
5,429,Overall,Overall,36,2,48,-3.0,-3.784289,1.11881,811,56,
5,430,Overall,Overall,36,11,48,-0.5,-0.590912,0.368681,970,18,
5,431,Overall,Overall,36,10,48,-1.0,-0.818465,0.392739,959,20,
5,432,Overall,Overall,36,27,48,0.5,1.209483,0.297143,1060,15,
5,433,Overall,Overall,36,29,48,2.0,1.622913,0.303548,1081,15,
5,434,Overall,Overall,36,4,48,-2.5,-2.617652,0.731766,869,37,
5,435,Overall,Overall,36,28,48,2.0,2.018545,0.324949,1101,16,
5,436,Overall,Overall,36,35,48,2.5,2.562625,0.361167,1128,18,
5,437,Overall,Overall,36,31,48,1.0,1.443723,0.30338,1072,15,
5,438,Overall,Overall,36,35,48,2.5,2.227023,0.333903,1111,17,
5,439,Overall,Overall,36,32,48,2.0,2.321628,0.343993,1116,17,
5,440,Overall,Overall,36,8,48,-1.0,-1.082357,0.427437,946,21,
5,441,Overall,Overall,36,21,48,0.5,0.238836,0.314241,1012,16,
5,442,Overall,Overall,36,8,48,-1.0,-1.662185,0.527291,917,26,
5,443,Overall,Overall,36,28,48,1.5,1.608302,0.304112,1080,15,
5,444,Overall,Overall,36,34,48,2.5,2.663871,0.373646,1133,19,
5,445,Overall,Overall,36,8,48,-0.5,-1.068892,0.432887,947,22,
5,446,Overall,Overall,36,8,48,-1.0,-1.337806,0.46646,933,23,
5,447,Overall,Overall,36,16,48,0.5,0.070457,0.318305,1004,16,
5,448,Overall,Overall,36,22,48,1.0,1.127425,0.298732,1056,15,
5,449,Overall,Overall,36,6,48,-2.0,-1.780729,0.547535,911,27,
5,450,Overall,Overall,36,5,48,-2.5,-2.113376,0.614864,894,31,
5,451,Overall,Overall,36,31,48,2.0,1.629145,0.30388,1081,15,
5,452,Overall,Overall,36,6,48,-2.0,-2.416475,0.683298,879,34,
5,453,Overall,Overall,36,31,48,2.0,2.341797,0.340808,1117,17,
5,454,Overall,Overall,36,11,48,-1.5,-1.054543,0.431166,947,22,
5,455,Overall,Overall,36,16,48,0.0,0.112065,0.318684,1006,16,
5,456,Overall,Overall,36,7,48,-1.0,-1.527492,0.504595,924,25,
5,457,Overall,Overall,36,22,48,0.5,0.483829,0.309746,1024,15,
5,458,Overall,Overall,36,18,48,1.0,0.947993,0.306552,1047,15,
5,459,Overall,Overall,36,10,48,-1.5,-0.670746,0.376831,966,19,
5,460,Overall,Overall,36,31,48,2.0,1.913954,0.315464,1096,16,
5,461,Overall,Overall,36,21,48,1.0,0.886709,0.300104,1044,15,
5,462,Overall,Overall,36,23,48,1.5,0.741819,0.301255,1037,15,
5,463,Overall,Overall,36,13,48,0.0,-0.205378,0.33563,990,17,
5,464,Overall,Overall,36,35,48,3.0,2.83105,0.391544,1142,20,
5,465,Overall,Overall,36,3,48,-3.0,-2.432911,0.690356,878,35,
5,466,Overall,Overall,36,38,48,2.5,3.083792,0.413177,1154,21,
5,467,Overall,Overall,36,37,48,3.0,3.009274,0.407624,1150,20,
5,468,Overall,Overall,36,25,48,1.0,0.961008,0.30452,1048,15,
5,469,Overall,Overall,36,4,48,-2.0,-2.041323,0.601753,898,30,
5,470,Overall,Overall,36,9,48,-1.5,-1.140866,0.436509,943,22,
5,471,Overall,Overall,36,4,48,-3.0,-3.236641,0.925463,838,46,
5,472,Overall,Overall,36,29,48,1.5,1.59771,0.304863,1080,15,
5,473,Overall,Overall,36,6,48,-2.0,-2.158512,0.623848,892,31,
5,474,Overall,Overall,36,3,48,-2.5,-3.04372,0.861461,848,43,
5,475,Overall,Overall,36,2,48,-3.0,-3.829577,1.105583,809,55,
5,476,Overall,Overall,36,4,48,-2.0,-2.709889,0.755239,865,38,
5,477,Overall,Overall,36,8,48,-1.5,-0.572874,0.369447,971,18,
5,478,Overall,Overall,36,19,48,0.5,0.518154,0.306378,1026,15,
5,479,Overall,Overall,36,36,48,2.5,3.08698,0.419585,1154,21,
5,480,Overall,Overall,36,3,48,-2.5,-3.194109,0.900147,840,45,
5,481,Overall,Overall,36,16,48,-0.5,0.274373,0.310328,1014,16,
5,482,Overall,Overall,36,11,48,-0.5,-0.477963,0.359136,976,18,
5,483,Overall,Overall,36,18,48,1.0,0.933151,0.301533,1047,15,
5,484,Overall,Overall,36,8,48,-2.5,-1.246638,0.452378,938,23,
5,485,Overall,Overall,36,22,48,1.0,0.946758,0.298884,1047,15,
5,486,Overall,Overall,36,11,48,-1.0,-0.838119,0.395325,958,20,
5,487,Overall,Overall,36,38,48,3.0,3.385371,0.455502,1169,23,
5,488,Overall,Overall,36,8,48,-1.5,-1.446727,0.484283,928,24,
5,489,Overall,Overall,36,5,48,-3.0,-2.757706,0.774242,862,39,
5,490,Overall,Overall,36,21,48,0.5,0.728194,0.300898,1036,15,
5,491,Overall,Overall,36,34,48,2.5,2.657249,0.369456,1133,18,
5,492,Overall,Overall,36,1,48,-3.0,-5.0,1.681825,750,84,
5,493,Overall,Overall,36,33,48,2.0,1.921726,0.315874,1096,16,
5,494,Overall,Overall,36,13,48,0.0,-0.223284,0.335393,989,17,
5,495,Overall,Overall,36,4,48,-1.5,-2.758051,0.768701,862,38,
5,496,Overall,Overall,36,37,48,2.5,2.898118,0.394438,1145,20,
5,497,Overall,Overall,36,15,48,0.0,-0.600358,0.371879,970,19,
5,498,Overall,Overall,36,37,48,3.0,2.475274,0.358667,1124,18,
5,499,Overall,Overall,36,8,48,-1.0,-1.129593,0.436413,944,22,
5,500,Overall,Overall,36,5,48,-2.0,-1.810743,0.551495,909,28,
5,501,Overall,Overall,36,37,48,3.0,2.767648,0.380666,1138,19,
5,502,Overall,Overall,36,29,48,2.0,2.079257,0.331063,1104,17,
5,503,Overall,Overall,36,12,48,-0.5,-0.241839,0.339174,988,17,
5,504,Overall,Overall,36,19,48,0.5,0.485294,0.307253,1024,15,
5,505,Overall,Overall,36,15,48,0.0,-0.136854,0.329648,993,16,
5,506,Overall,Overall,36,11,48,-0.5,-0.637184,0.372763,968,19,
5,507,Overall,Overall,36,17,48,0.5,0.423437,0.313337,1021,16,
5,508,Overall,Overall,36,6,48,-1.0,-1.245407,0.454314,938,23,
5,509,Overall,Overall,36,15,48,-0.5,0.004781,0.321449,1000,16,
5,510,Overall,Overall,36,12,48,0.0,-0.102555,0.332307,995,17,
5,511,Overall,Overall,36,12,48,-0.5,-0.295356,0.344568,985,17,
5,512,Overall,Overall,36,7,48,-1.0,-1.30537,0.468181,935,23,
5,513,Overall,Overall,36,7,48,-2.0,-1.717716,0.534084,914,27,
5,514,Overall,Overall,36,37,48,3.0,3.485031,0.471885,1174,24,
5,515,Overall,Overall,36,23,48,0.5,0.823228,0.299225,1041,15,
5,516,Overall,Overall,36,21,48,1.0,1.05309,0.297565,1053,15,
5,517,Overall,Overall,36,24,48,1.0,1.478384,0.302649,1074,15,
5,518,Overall,Overall,36,28,48,1.5,1.758177,0.310941,1088,16,
5,519,Overall,Overall,36,11,48,-1.0,-0.476643,0.357186,976,18,
5,520,Overall,Overall,36,11,48,-1.5,-1.236638,0.450616,938,23,
5,521,Overall,Overall,36,34,48,2.0,2.15327,0.335183,1108,17,
5,522,Overall,Overall,36,28,48,2.5,1.879993,0.315725,1094,16,
5,523,Overall,Overall,36,14,48,-0.5,-0.163547,0.333079,992,17,
5,524,Overall,Overall,36,7,48,-1.5,-1.728812,0.536857,914,27,
5,525,Overall,Overall,36,37,48,3.0,3.14317,0.426534,1157,21,
5,526,Overall,Overall,36,6,48,-2.5,-2.493158,0.701492,875,35,
5,527,Overall,Overall,36,8,48,-2.0,-1.501437,0.494506,925,25,
5,528,Overall,Overall,36,6,48,-1.5,-2.50899,0.705319,875,35,
5,529,Overall,Overall,36,34,48,2.5,2.544399,0.355759,1127,18,
5,530,Overall,Overall,36,19,48,0.5,0.650324,0.302767,1033,15,
5,531,Overall,Overall,36,5,48,-2.5,-2.352508,0.667928,882,33,
5,532,Overall,Overall,36,11,48,-0.5,-0.514933,0.369891,974,18,
5,533,Overall,Overall,36,34,48,2.5,1.731432,0.309716,1087,15,
5,534,Overall,Overall,36,22,48,1.0,0.973241,0.2977,1049,15,
5,535,Overall,Overall,36,32,48,2.0,2.372446,0.344918,1119,17,
5,536,Overall,Overall,36,39,48,3.0,4.084858,0.570819,1204,29,
5,537,Overall,Overall,36,23,48,1.0,0.908163,0.298733,1045,15,
5,538,Overall,Overall,36,4,48,-2.5,-4.078949,1.236905,796,62,
5,539,Overall,Overall,36,24,48,1.5,1.468419,0.307936,1073,15,
5,540,Overall,Overall,36,34,48,2.0,2.505588,0.355903,1125,18,
5,541,Overall,Overall,36,6,48,-2.5,-2.140106,0.622917,893,31,
5,542,Overall,Overall,36,23,48,1.0,1.05132,0.297173,1053,15,
5,543,Overall,Overall,36,25,48,1.0,1.307462,0.296429,1065,15,
5,544,Overall,Overall,36,4,48,-2.5,-2.692643,0.751803,865,38,
5,545,Overall,Overall,36,16,48,0.5,0.094237,0.318673,1005,16,
5,546,Overall,Overall,36,18,48,0.5,-0.038653,0.323946,998,16,
5,547,Overall,Overall,36,8,48,-1.5,-1.196427,0.444246,940,22,
5,548,Overall,Overall,36,19,48,0.5,0.525294,0.303682,1026,15,
5,549,Overall,Overall,36,11,48,-1.0,-0.741894,0.386421,963,19,
5,550,Overall,Overall,36,34,48,1.5,1.740847,0.310171,1087,16,
5,551,Overall,Overall,36,8,48,-1.0,-1.357623,0.469927,932,23,
5,552,Overall,Overall,36,29,48,2.0,2.124293,0.331424,1106,17,
5,553,Overall,Overall,36,12,48,-0.5,-0.407951,0.352503,980,18,
5,554,Overall,Overall,36,12,48,-1.0,-0.72249,0.392241,964,20,
5,555,Overall,Overall,36,4,48,-3.0,-3.214273,0.900987,839,45,
5,556,Overall,Overall,36,3,48,-2.5,-2.741613,0.769836,863,38,
5,557,Overall,Overall,36,35,48,2.5,2.740675,0.382319,1137,19,
5,558,Overall,Overall,36,9,48,-1.5,-0.76671,0.392478,962,20,
5,559,Overall,Overall,36,18,48,0.5,0.288613,0.310053,1014,16,
5,560,Overall,Overall,36,32,48,2.0,1.730512,0.30956,1087,15,
5,561,Overall,Overall,36,31,48,2.5,2.067572,0.325142,1103,16,
5,562,Overall,Overall,36,7,48,-1.0,-1.271024,0.456263,936,23,
5,563,Overall,Overall,36,3,48,-3.0,-4.230107,1.300512,788,65,
5,564,Overall,Overall,36,20,48,0.5,0.358682,0.308789,1018,15,
5,565,Overall,Overall,36,8,48,-1.5,-1.313159,0.473028,934,24,
5,566,Overall,Overall,36,5,48,-2.0,-1.853425,0.564574,907,28,
5,567,Overall,Overall,36,35,48,2.0,2.413821,0.353887,1121,18,
5,568,Overall,Overall,36,34,48,2.5,2.59001,0.366149,1130,18,
5,569,Overall,Overall,36,5,48,-2.5,-2.726525,0.759561,864,38,
5,570,Overall,Overall,36,34,48,2.5,2.605214,0.36749,1130,18,
5,571,Overall,Overall,36,31,48,2.0,2.059881,0.323042,1103,16,
5,572,Overall,Overall,36,34,48,3.0,2.506558,0.353372,1125,18,
5,573,Overall,Overall,36,8,48,-2.0,-1.732066,0.536469,913,27,
5,574,Overall,Overall,36,8,48,-1.0,-1.246709,0.463729,938,23,
5,575,Overall,Overall,36,4,48,-2.5,-2.543014,0.7434,873,37,
5,576,Overall,Overall,36,35,48,2.5,2.276595,0.33919,1114,17,
5,577,Overall,Overall,36,5,48,-3.0,-2.061019,0.606128,897,30,
5,578,Overall,Overall,36,34,48,2.0,2.035571,0.327281,1102,16,
5,579,Overall,Overall,36,24,48,1.5,1.160298,0.296633,1058,15,
5,580,Overall,Overall,36,5,48,-2.0,-1.770664,0.545188,911,27,
5,581,Overall,Overall,36,23,48,1.0,1.116613,0.298138,1056,15,
5,582,Overall,Overall,36,35,48,3.0,2.969236,0.402786,1148,20,
5,583,Overall,Overall,36,21,48,1.5,1.200762,0.302543,1060,15,
5,584,Overall,Overall,36,3,48,-2.5,-4.155991,1.289835,792,64,
5,585,Overall,Overall,36,13,48,-1.0,-0.388484,0.349632,981,17,
5,586,Overall,Overall,36,25,48,1.0,1.207682,0.296926,1060,15,
5,587,Overall,Overall,36,37,48,3.0,2.929281,0.40323,1146,20,
5,588,Overall,Overall,36,27,48,1.5,1.870759,0.314906,1094,16,
5,589,Overall,Overall,36,16,48,-0.5,-0.025139,0.324264,999,16,
5,590,Overall,Overall,36,14,48,-0.5,-0.353366,0.346552,982,17,
5,591,Overall,Overall,36,16,48,0.0,0.103534,0.317201,1005,16,
5,592,Overall,Overall,36,23,48,1.5,1.396463,0.308105,1070,15,
5,593,Overall,Overall,36,6,48,-1.5,-1.82992,0.558536,909,28,
5,594,Overall,Overall,36,21,48,1.5,1.44862,0.310738,1072,16,
5,595,Overall,Overall,36,33,48,2.5,2.262044,0.337784,1113,17,
5,596,Overall,Overall,36,9,48,-1.0,-0.604823,0.36914,970,18,
5,597,Overall,Overall,36,2,48,-2.5,-3.370702,0.957573,831,48,
5,598,Overall,Overall,36,2,48,-3.0,-3.368869,0.956959,832,48,
5,599,Overall,Overall,36,3,48,-2.5,-2.785209,0.778542,861,39,
5,600,Overall,Overall,36,5,48,-2.0,-2.671743,0.753215,866,38,
5,601,Overall,Overall,36,20,48,0.5,0.49255,0.304472,1025,15,
5,602,Overall,Overall,36,28,48,1.5,1.289864,0.299427,1064,15,
5,603,Overall,Overall,36,7,48,-1.5,-1.490492,0.492422,925,25,
5,604,Overall,Overall,36,21,48,1.0,0.874062,0.299075,1044,15,
5,605,Overall,Overall,36,36,48,3.0,2.549586,0.362884,1127,18,
5,606,Overall,Overall,36,24,48,1.0,0.734138,0.300733,1037,15,
5,607,Overall,Overall,36,30,48,2.5,2.005464,0.3225,1100,16,
5,608,Overall,Overall,36,37,48,3.0,2.3882,0.356572,1119,18,
5,609,Overall,Overall,36,12,48,-0.5,-0.386302,0.350747,981,18,
5,610,Overall,Overall,36,31,48,2.0,1.658795,0.30493,1083,15,
5,611,Overall,Overall,36,3,48,-3.0,-3.345914,0.942979,833,47,
5,612,Overall,Overall,36,34,48,2.0,2.321274,0.344068,1116,17,
5,613,Overall,Overall,36,33,48,2.0,1.960242,0.319319,1098,16,
5,614,Overall,Overall,36,26,48,0.5,0.836835,0.305395,1042,15,
5,615,Overall,Overall,36,19,48,0.5,0.309759,0.309106,1015,15,
5,616,Overall,Overall,36,32,48,2.0,2.335262,0.342038,1117,17,
5,617,Overall,Overall,36,13,48,-0.5,-0.001638,0.322018,1000,16,
5,618,Overall,Overall,36,33,48,2.5,2.246485,0.336389,1112,17,
5,619,Overall,Overall,36,32,48,2.0,2.334156,0.345793,1117,17,
5,620,Overall,Overall,36,16,48,0.0,0.041467,0.319885,1002,16,
5,621,Overall,Overall,36,29,48,2.0,1.773017,0.309308,1089,15,
5,622,Overall,Overall,36,32,48,1.5,1.541496,0.318941,1077,16,
5,623,Overall,Overall,36,25,48,2.0,1.652436,0.315902,1083,16,
5,624,Overall,Overall,36,5,48,-1.5,-1.423926,0.480908,929,24,
5,625,Overall,Overall,36,12,48,0.0,-0.620264,0.371073,969,19,
5,626,Overall,Overall,36,6,48,-2.0,-2.133264,0.62255,893,31,
5,627,Overall,Overall,36,11,48,-1.0,-0.726017,0.382461,964,19,
5,628,Overall,Overall,36,29,48,1.5,1.308817,0.313054,1065,16,
5,629,Overall,Overall,36,4,48,-2.5,-2.667549,0.757952,867,38,
5,630,Overall,Overall,36,4,48,-2.5,-2.928591,0.814249,854,41,
5,631,Overall,Overall,36,11,48,-1.0,-0.929906,0.408089,954,20,
5,632,Overall,Overall,36,19,48,0.5,0.494831,0.303833,1025,15,
5,633,Overall,Overall,36,4,48,-2.5,-4.235707,1.304181,788,65,
5,634,Overall,Overall,36,6,48,-1.5,-1.976346,0.588292,901,29,
5,635,Overall,Overall,36,7,48,-2.0,-1.808994,0.551438,910,28,
5,636,Overall,Overall,36,15,48,0.0,0.020967,0.320908,1001,16,
5,637,Overall,Overall,36,12,48,-0.5,-0.421823,0.352376,979,18,
5,638,Overall,Overall,36,4,48,-2.0,-2.476386,0.697368,876,35,
5,639,Overall,Overall,36,39,48,3.0,3.845711,0.530145,1192,27,
5,640,Overall,Overall,36,6,48,-1.5,-1.537323,0.504398,923,25,
5,641,Overall,Overall,36,5,48,-2.5,-1.762802,0.545491,912,27,
5,642,Overall,Overall,36,7,48,-2.5,-1.375998,0.477356,931,24,
5,643,Overall,Overall,36,19,48,0.5,0.610279,0.302733,1031,15,
5,644,Overall,Overall,36,27,48,1.5,1.561069,0.304212,1078,15,
5,645,Overall,Overall,36,18,48,0.5,0.565881,0.304871,1028,15,
5,646,Overall,Overall,36,7,48,-2.5,-1.68727,0.53021,916,27,
5,647,Overall,Overall,36,31,48,1.5,2.061804,0.326121,1103,16,
5,648,Overall,Overall,36,6,48,-1.5,-1.552991,0.50527,922,25,
5,649,Overall,Overall,36,25,48,1.5,1.076851,0.296822,1054,15,
5,650,Overall,Overall,36,19,48,0.5,0.240584,0.311317,1012,16,
5,651,Overall,Overall,36,5,48,-2.0,-2.111293,0.615848,894,31,
5,652,Overall,Overall,36,29,48,2.0,1.856503,0.313463,1093,16,
5,653,Overall,Overall,36,11,48,0.0,-0.507122,0.360058,975,18,
5,654,Overall,Overall,36,11,48,-2.5,-1.493963,0.503182,925,25,
5,655,Overall,Overall,36,10,48,-0.5,-0.758884,0.395836,962,20,
5,656,Overall,Overall,36,5,48,-1.5,-2.029287,0.596866,899,30,
5,657,Overall,Overall,36,37,48,2.5,3.152576,0.42176,1158,21,
5,658,Overall,Overall,36,41,48,3.0,3.273805,0.4497,1164,22,
5,659,Overall,Overall,36,5,48,-2.5,-2.290998,0.654224,885,33,
5,660,Overall,Overall,36,6,48,-2.0,-2.130652,0.619142,893,31,
5,661,Overall,Overall,36,27,48,1.5,1.722257,0.309415,1086,15,
5,662,Overall,Overall,36,5,48,-2.5,-2.149234,0.623959,893,31,
5,663,Overall,Overall,36,6,48,-3.0,-2.155003,0.62429,892,31,
5,664,Overall,Overall,36,22,48,1.0,0.667907,0.302145,1033,15,
5,665,Overall,Overall,36,32,48,3.0,2.733846,0.383979,1137,19,
5,666,Overall,Overall,36,28,48,1.5,1.493958,0.300919,1075,15,
5,667,Overall,Overall,36,10,48,-1.5,-0.945734,0.409049,953,20,
5,668,Overall,Overall,36,16,48,0.0,-0.129315,0.330822,994,17,
5,669,Overall,Overall,36,6,48,-1.5,-1.696294,0.531863,915,27,
5,670,Overall,Overall,36,7,48,-2.0,-1.33461,0.465828,933,23,
5,671,Overall,Overall,36,13,48,-0.5,-0.602789,0.369042,970,18,
5,672,Overall,Overall,36,4,48,-2.0,-1.980374,0.591997,901,30,
5,673,Overall,Overall,36,37,48,3.0,3.888463,0.534375,1194,27,
5,674,Overall,Overall,36,32,48,3.0,2.800887,0.388132,1140,19,
5,675,Overall,Overall,36,33,48,2.5,3.292261,0.45226,1165,23,
5,676,Overall,Overall,36,33,48,2.0,1.912294,0.316881,1096,16,
5,677,Overall,Overall,36,34,48,2.5,2.457361,0.354448,1123,18,
5,678,Overall,Overall,36,6,48,-1.5,-1.730626,0.537578,913,27,
5,679,Overall,Overall,36,12,48,-0.5,-0.5743,0.366503,971,18,
5,680,Overall,Overall,36,3,48,-3.0,-3.810968,1.129598,809,56,
5,681,Overall,Overall,36,5,48,-3.0,-2.858375,0.795972,857,40,
5,682,Overall,Overall,36,11,48,0.0,-0.417107,0.354586,979,18,
5,683,Overall,Overall,36,32,48,2.0,2.164407,0.333588,1108,17,
5,684,Overall,Overall,36,3,48,-2.5,-3.1711,0.887974,841,44,
5,685,Overall,Overall,36,3,48,-2.5,-2.693507,0.751254,865,38,
5,686,Overall,Overall,36,6,48,-1.5,-1.55561,0.503166,922,25,
5,687,Overall,Overall,36,8,48,-1.0,-1.24885,0.454762,938,23,
5,688,Overall,Overall,36,31,48,2.0,2.266951,0.338019,1113,17,
5,689,Overall,Overall,36,31,48,2.0,2.206073,0.333648,1110,17,
5,690,Overall,Overall,36,18,48,0.5,0.492615,0.303879,1025,15,
5,691,Overall,Overall,36,35,48,2.5,2.792471,0.383229,1140,19,
5,692,Overall,Overall,36,8,48,-1.0,-1.325059,0.477878,934,24,
5,693,Overall,Overall,36,40,48,3.0,3.972834,0.537873,1199,27,
5,694,Overall,Overall,36,3,48,-1.5,-3.358669,0.945052,832,47,
5,695,Overall,Overall,36,29,48,1.5,1.622706,0.306749,1081,15,
5,696,Overall,Overall,36,13,48,0.0,-0.061745,0.325536,997,16,
5,697,Overall,Overall,36,11,48,-1.0,-0.844128,0.396655,958,20,
5,698,Overall,Overall,36,27,48,2.0,1.956161,0.321367,1098,16,
5,699,Overall,Overall,36,2,48,-3.0,-4.040883,1.221461,798,61,
5,700,Overall,Overall,36,37,48,3.0,2.896027,0.399623,1145,20,
5,701,Overall,Overall,36,31,48,2.0,1.942336,0.31749,1097,16,
5,702,Overall,Overall,36,21,48,0.5,0.709265,0.300994,1035,15,
5,703,Overall,Overall,36,1,48,-3.0,-5.0,1.659497,750,83,
5,704,Overall,Overall,36,5,48,-3.0,-2.332067,0.660739,883,33,
5,705,Overall,Overall,36,21,48,1.0,0.828451,0.300741,1041,15,
5,706,Overall,Overall,36,17,48,1.0,0.415703,0.306436,1021,15,
5,707,Overall,Overall,36,16,48,-0.5,0.109305,0.316587,1005,16,
5,708,Overall,Overall,36,4,48,-3.0,-3.012738,0.839949,849,42,
5,709,Overall,Overall,36,17,48,0.5,0.212151,0.315688,1011,16,
5,710,Overall,Overall,36,40,48,3.0,3.813575,0.525838,1191,26,
5,711,Overall,Overall,36,11,48,-1.0,-0.786629,0.389998,961,19,
5,712,Overall,Overall,36,22,48,1.0,0.83231,0.300048,1042,15,
5,713,Overall,Overall,36,11,48,-1.5,-0.609079,0.37299,970,19,
5,714,Overall,Overall,36,22,48,1.0,1.15414,0.299228,1058,15,
5,715,Overall,Overall,36,20,48,1.0,0.649476,0.304954,1032,15,
5,716,Overall,Overall,36,6,48,-1.5,-1.96991,0.585889,902,29,
5,717,Overall,Overall,36,26,48,1.5,1.240775,0.296909,1062,15,
5,718,Overall,Overall,36,25,48,1.5,1.407711,0.302457,1070,15,
5,719,Overall,Overall,36,8,48,-2.5,-1.247647,0.452183,938,23,
5,720,Overall,Overall,36,32,48,2.0,1.777879,0.31022,1089,16,
5,721,Overall,Overall,36,9,48,-0.5,-0.594869,0.370635,970,19,
5,722,Overall,Overall,36,20,48,1.0,0.748065,0.302718,1037,15,
5,723,Overall,Overall,36,1,48,-3.0,-5.0,1.714847,750,86,
5,724,Overall,Overall,36,21,48,0.5,0.760437,0.300249,1038,15,
5,725,Overall,Overall,36,29,48,1.5,1.873453,0.313527,1094,16,
5,726,Overall,Overall,36,14,48,0.0,-0.135318,0.330426,993,17,
5,727,Overall,Overall,36,10,48,-1.0,-0.723802,0.38217,964,19,
5,728,Overall,Overall,36,10,48,-0.5,-0.588953,0.36746,971,18,
5,729,Overall,Overall,36,33,48,2.5,2.451594,0.349221,1123,17,
5,730,Overall,Overall,36,21,48,1.0,0.862187,0.300495,1043,15,
5,731,Overall,Overall,36,7,48,-2.0,-1.257974,0.455457,937,23,
5,732,Overall,Overall,36,9,48,-2.5,-1.484326,0.492993,926,25,
5,733,Overall,Overall,36,14,48,-1.0,-0.198106,0.333649,990,17,
5,734,Overall,Overall,36,34,48,2.0,2.389922,0.346494,1119,17,
5,735,Overall,Overall,36,10,48,0.0,-0.292795,0.342291,985,17,
5,736,Overall,Overall,36,35,48,3.0,3.313622,0.455717,1166,23,
5,737,Overall,Overall,36,34,48,2.5,2.352636,0.342898,1118,17,
5,738,Overall,Overall,36,16,48,0.0,-0.020049,0.323022,999,16,
5,739,Overall,Overall,36,9,48,-0.5,-0.862901,0.411206,957,21,
5,740,Overall,Overall,36,20,48,0.5,0.665464,0.301311,1033,15,
5,741,Overall,Overall,36,9,48,-1.5,-1.399686,0.481142,930,24,
5,742,Overall,Overall,36,3,48,-3.0,-3.69465,1.084964,815,54,
5,743,Overall,Overall,36,5,48,-3.0,-2.349193,0.668445,883,33,
5,744,Overall,Overall,36,1,48,-2.0,-3.847811,1.128122,808,56,
5,745,Overall,Overall,36,19,48,0.0,0.382151,0.306797,1019,15,
5,746,Overall,Overall,36,6,48,-1.5,-1.560664,0.509845,922,25,
5,747,Overall,Overall,36,10,48,0.0,-0.574179,0.366308,971,18,
5,748,Overall,Overall,36,28,48,1.5,1.215121,0.306268,1061,15,
5,749,Overall,Overall,36,4,48,-2.0,-2.134003,0.62012,893,31,
5,750,Overall,Overall,36,15,48,0.0,-0.134813,0.332305,993,17,
5,751,Overall,Overall,36,4,48,-3.0,-2.932245,0.815761,853,41,
5,752,Overall,Overall,36,4,48,-2.0,-2.91856,0.81305,854,41,
5,753,Overall,Overall,36,6,48,-1.0,-2.284024,0.653887,886,33,
5,754,Overall,Overall,36,25,48,0.5,1.134654,0.297101,1057,15,
5,755,Overall,Overall,36,22,48,0.5,0.753849,0.305743,1038,15,
5,756,Overall,Overall,36,29,48,2.0,1.636472,0.304661,1082,15,
5,757,Overall,Overall,36,11,48,-0.5,-0.561355,0.364595,972,18,
5,758,Overall,Overall,36,6,48,-2.5,-1.888198,0.567166,906,28,
5,759,Overall,Overall,36,4,48,-3.0,-2.734046,0.768705,863,38,
5,760,Overall,Overall,36,6,48,-3.0,-2.286925,0.655269,886,33,
5,761,Overall,Overall,36,16,48,0.5,0.764507,0.306203,1038,15,
5,762,Overall,Overall,36,18,48,0.5,0.360299,0.309566,1018,15,
5,763,Overall,Overall,36,18,48,0.0,0.361308,0.307408,1018,15,
5,764,Overall,Overall,36,12,48,-0.5,-0.556729,0.364885,972,18,
5,765,Overall,Overall,36,13,48,0.0,0.193244,0.324846,1010,16,
5,766,Overall,Overall,36,25,48,1.0,0.922098,0.301695,1046,15,
5,767,Overall,Overall,36,8,48,-1.5,-1.414341,0.483469,929,24,
5,768,Overall,Overall,36,34,48,2.5,2.548421,0.359011,1127,18,
5,769,Overall,Overall,36,38,48,3.0,3.062116,0.418438,1153,21,
5,770,Overall,Overall,36,1,48,-3.0,-5.0,1.714847,750,86,
5,771,Overall,Overall,36,27,48,1.5,1.697677,0.306747,1085,15,
5,772,Overall,Overall,36,9,48,-1.5,-0.969469,0.41199,952,21,
5,773,Overall,Overall,36,22,48,1.0,1.185727,0.305088,1059,15,
5,774,Overall,Overall,36,8,48,-1.5,-1.410826,0.478292,929,24,
5,775,Overall,Overall,36,35,48,3.0,2.71599,0.377748,1136,19,
5,776,Overall,Overall,36,6,48,-2.0,-1.740814,0.54002,913,27,
5,777,Overall,Overall,36,21,48,1.0,0.810509,0.300459,1041,15,
5,778,Overall,Overall,36,13,48,-1.0,-0.555404,0.364006,972,18,
5,779,Overall,Overall,36,35,48,2.5,3.096702,0.41872,1155,21,
5,780,Overall,Overall,36,27,48,1.0,1.134193,0.297896,1057,15,
5,781,Overall,Overall,36,7,48,-1.5,-1.848271,0.561183,908,28,
5,782,Overall,Overall,36,7,48,-2.5,-1.798028,0.557009,910,28,
5,783,Overall,Overall,36,7,48,-2.0,-1.592066,0.510006,920,26,
5,784,Overall,Overall,36,15,48,0.0,0.194766,0.3148,1010,16,
5,785,Overall,Overall,36,8,48,-1.0,-1.09049,0.428785,945,21,
5,786,Overall,Overall,36,7,48,-2.5,-1.930955,0.579746,903,29,
5,787,Overall,Overall,36,8,48,-2.0,-1.842191,0.559449,908,28,
5,788,Overall,Overall,36,19,48,0.0,0.277052,0.313113,1014,16,
5,789,Overall,Overall,36,32,48,2.0,1.871517,0.316768,1094,16,
5,790,Overall,Overall,36,7,48,-2.5,-1.772827,0.546267,911,27,
5,791,Overall,Overall,36,33,48,2.0,2.071775,0.325224,1104,16,
5,792,Overall,Overall,36,19,48,1.0,0.417195,0.307658,1021,15,
5,793,Overall,Overall,36,19,48,0.5,0.364399,0.308356,1018,15,
5,794,Overall,Overall,36,30,48,2.5,2.119892,0.330069,1106,17,
5,795,Overall,Overall,36,28,48,2.0,1.744703,0.308229,1087,15,
5,796,Overall,Overall,36,6,48,-2.0,-1.707365,0.532653,915,27,
5,797,Overall,Overall,36,22,48,1.0,1.186326,0.298096,1059,15,
5,798,Overall,Overall,36,11,48,-1.0,-1.065386,0.425992,947,21,
5,799,Overall,Overall,36,34,48,2.5,2.490918,0.351279,1125,18,
5,800,Overall,Overall,36,10,48,-0.5,-0.68849,0.378577,966,19,
5,801,Overall,Overall,36,27,48,1.0,1.020078,0.302242,1051,15,
5,802,Overall,Overall,36,4,48,-2.5,-2.916232,0.822827,854,41,
5,803,Overall,Overall,36,39,48,3.0,3.259157,0.439466,1163,22,
5,804,Overall,Overall,36,36,48,2.5,3.090686,0.420911,1155,21,
5,805,Overall,Overall,36,13,48,0.0,-0.303887,0.342394,985,17,
5,806,Overall,Overall,36,25,48,1.5,1.041285,0.302869,1052,15,
5,807,Overall,Overall,36,3,48,-2.5,-2.96734,0.830265,852,42,
5,808,Overall,Overall,36,26,48,2.0,1.583522,0.302905,1079,15,
5,809,Overall,Overall,36,20,48,1.0,0.829924,0.304221,1041,15,
5,810,Overall,Overall,36,30,48,1.5,1.730099,0.307552,1087,15,
5,811,Overall,Overall,36,7,48,-1.5,-1.634576,0.519105,918,26,
5,812,Overall,Overall,36,13,48,0.5,-0.034938,0.328629,998,16,
5,813,Overall,Overall,36,9,48,-1.0,-1.0876,0.440549,946,22,
5,814,Overall,Overall,36,9,48,-0.5,-1.208465,0.446358,940,22,
5,815,Overall,Overall,36,25,48,1.5,1.355447,0.299068,1068,15,
5,816,Overall,Overall,36,19,48,0.5,0.572332,0.302718,1029,15,
5,817,Overall,Overall,36,6,48,-2.5,-1.99948,0.590039,900,30,
5,818,Overall,Overall,36,20,48,0.5,0.570536,0.302456,1029,15,
5,819,Overall,Overall,36,34,48,3.0,2.546187,0.369361,1127,18,
5,820,Overall,Overall,36,22,48,1.0,1.056222,0.297692,1053,15,
5,821,Overall,Overall,36,32,48,2.5,2.327685,0.342518,1116,17,
5,822,Overall,Overall,36,12,48,-0.5,-0.385033,0.348821,981,17,
5,823,Overall,Overall,36,8,48,-1.0,-1.154858,0.438319,942,22,
5,824,Overall,Overall,36,8,48,-1.5,-1.404986,0.481965,930,24,
5,825,Overall,Overall,36,15,48,0.0,0.329156,0.31868,1016,16,
5,826,Overall,Overall,36,16,48,0.0,0.286935,0.311551,1014,16,
5,827,Overall,Overall,36,5,48,-2.0,-2.330801,0.663069,883,33,
5,828,Overall,Overall,36,35,48,2.5,2.861841,0.390115,1143,20,
5,829,Overall,Overall,36,17,48,1.0,0.434832,0.305703,1022,15,
5,830,Overall,Overall,36,21,48,1.0,0.945195,0.299218,1047,15,
5,831,Overall,Overall,36,9,48,-1.0,-1.168658,0.448636,942,22,
5,832,Overall,Overall,36,38,48,3.0,2.887997,0.396978,1144,20,
5,833,Overall,Overall,36,15,48,0.0,-0.121262,0.330305,994,17,
5,834,Overall,Overall,36,38,48,3.0,3.069035,0.417607,1153,21,
5,835,Overall,Overall,36,25,48,1.5,1.234342,0.29872,1062,15,
5,836,Overall,Overall,36,27,48,1.5,1.431677,0.298802,1072,15,
5,837,Overall,Overall,36,12,48,-1.0,-0.475416,0.356861,976,18,
5,838,Overall,Overall,36,3,48,-3.0,-4.038684,1.242006,798,62,
5,839,Overall,Overall,36,4,48,-2.0,-2.885568,0.809148,856,40,
5,840,Overall,Overall,36,4,48,-2.0,-2.158706,0.624808,892,31,
5,841,Overall,Overall,36,31,48,1.0,1.542895,0.317335,1077,16,
5,842,Overall,Overall,36,35,48,3.0,3.071475,0.43163,1154,22,
5,843,Overall,Overall,36,9,48,-0.5,-0.614332,0.372053,969,19,
5,844,Overall,Overall,36,4,48,-2.5,-2.554705,0.7134,872,36,
5,845,Overall,Overall,36,15,48,0.5,0.093872,0.321917,1005,16,
5,846,Overall,Overall,36,29,48,1.5,1.455606,0.298784,1073,15,
5,847,Overall,Overall,36,29,48,2.0,2.198591,0.33419,1110,17,
5,848,Overall,Overall,36,5,48,-2.0,-2.388156,0.682015,881,34,
5,849,Overall,Overall,36,34,48,3.0,3.173619,0.439375,1159,22,
5,850,Overall,Overall,36,28,48,2.5,1.815168,0.314922,1091,16,
5,851,Overall,Overall,36,3,48,-3.0,-4.789165,1.555452,761,78,
5,852,Overall,Overall,36,19,48,0.0,0.574469,0.302396,1029,15,
5,853,Overall,Overall,36,34,48,2.5,2.895201,0.393086,1145,20,
5,854,Overall,Overall,36,31,48,2.0,2.157435,0.331656,1108,17,
5,855,Overall,Overall,36,15,48,0.0,-0.212214,0.334584,989,17,
5,856,Overall,Overall,36,15,48,0.0,0.023121,0.320533,1001,16,
5,857,Overall,Overall,36,7,48,-1.0,-1.284628,0.457883,936,23,
5,858,Overall,Overall,36,26,48,1.0,1.098884,0.296958,1055,15,
5,859,Overall,Overall,36,36,48,2.5,2.354278,0.345819,1118,17,
5,860,Overall,Overall,36,3,48,-3.0,-3.009795,0.845655,850,42,
5,861,Overall,Overall,36,8,48,-1.5,-1.728266,0.53916,914,27,
5,862,Overall,Overall,36,7,48,-1.0,-1.568025,0.506374,922,25,
5,863,Overall,Overall,36,4,48,-2.5,-2.405252,0.686827,880,34,
5,864,Overall,Overall,36,30,48,2.5,2.298731,0.350656,1115,18,
5,865,Overall,Overall,36,15,48,0.0,-0.241804,0.336714,988,17,
5,866,Overall,Overall,36,7,48,-1.5,-1.943642,0.579523,903,29,
5,867,Overall,Overall,36,6,48,-1.0,-2.222239,0.640161,889,32,
5,868,Overall,Overall,36,6,48,-2.0,-2.213913,0.637781,889,32,
5,869,Overall,Overall,36,39,48,3.0,3.028926,0.408386,1151,20,
5,870,Overall,Overall,36,11,48,-2.0,-0.665927,0.37655,967,19,
5,871,Overall,Overall,36,21,48,1.0,0.823121,0.302444,1041,15,
5,872,Overall,Overall,36,5,48,-2.5,-2.052197,0.601938,897,30,
5,873,Overall,Overall,36,28,48,1.5,1.252936,0.30684,1063,15,
5,874,Overall,Overall,36,21,48,1.5,0.729755,0.300913,1036,15,
5,875,Overall,Overall,36,3,48,-2.0,-2.948581,0.815455,853,41,
5,876,Overall,Overall,36,20,48,1.0,0.773256,0.301049,1039,15,
5,877,Overall,Overall,36,12,48,-0.5,-0.642708,0.373376,968,19,
5,878,Overall,Overall,36,34,48,2.5,2.78107,0.380123,1139,19,
5,879,Overall,Overall,36,16,48,-0.5,-0.098335,0.333977,995,17,
5,880,Overall,Overall,36,26,48,2.0,1.871177,0.318841,1094,16,
5,881,Overall,Overall,36,30,48,1.5,1.698725,0.306225,1085,15,
5,882,Overall,Overall,36,39,48,2.5,3.266698,0.443305,1163,22,
5,883,Overall,Overall,36,8,48,-2.5,-1.738359,0.543291,913,27,
5,884,Overall,Overall,36,23,48,1.5,1.203673,0.298631,1060,15,
5,885,Overall,Overall,36,14,48,0.5,-0.286414,0.341549,986,17,
5,886,Overall,Overall,36,6,48,-2.0,-1.78024,0.545624,911,27,
5,887,Overall,Overall,36,8,48,-1.0,-0.996427,0.415465,950,21,
5,888,Overall,Overall,36,32,48,2.0,2.213136,0.335834,1111,17,
5,889,Overall,Overall,36,7,48,-1.5,-1.284137,0.463443,936,23,
5,890,Overall,Overall,36,31,48,2.5,2.18363,0.331796,1109,17,
5,891,Overall,Overall,36,33,48,1.5,1.853926,0.313969,1093,16,
5,892,Overall,Overall,36,2,48,-3.0,-3.667173,1.061029,817,53,
5,893,Overall,Overall,36,33,48,2.0,2.266208,0.340204,1113,17,
5,894,Overall,Overall,36,4,48,-2.0,-2.485411,0.703135,876,35,
5,895,Overall,Overall,36,4,48,-2.0,-1.752924,0.543174,912,27,
5,896,Overall,Overall,36,3,48,-2.0,-2.572401,0.726275,871,36,
5,897,Overall,Overall,36,6,48,-2.5,-1.980462,0.586039,901,29,
5,898,Overall,Overall,36,4,48,-2.0,-2.409755,0.684542,880,34,
5,899,Overall,Overall,36,10,48,-1.0,-0.736194,0.383216,963,19,
5,900,Overall,Overall,36,3,48,-3.0,-3.359759,0.944096,832,47,
5,901,Overall,Overall,36,2,48,-3.0,-3.589917,1.047239,821,52,
5,902,Overall,Overall,36,7,48,-2.0,-1.694785,0.529052,915,26,
5,903,Overall,Overall,36,27,48,2.0,2.281778,0.338906,1114,17,
5,904,Overall,Overall,36,32,48,2.5,2.26754,0.340804,1113,17,
5,905,Overall,Overall,36,14,48,-0.5,0.052329,0.320624,1003,16,
5,906,Overall,Overall,36,15,48,0.0,0.300464,0.316648,1015,16,
5,907,Overall,Overall,36,5,48,-3.0,-2.273507,0.647355,886,32,
5,908,Overall,Overall,36,6,48,-2.0,-1.824104,0.561722,909,28,
5,909,Overall,Overall,36,14,48,0.0,-0.090447,0.328514,995,16,
5,910,Overall,Overall,36,17,48,0.5,0.142822,0.316587,1007,16,
5,911,Overall,Overall,36,25,48,1.0,0.968882,0.297789,1048,15,
5,912,Overall,Overall,36,28,48,1.0,1.25739,0.297491,1063,15,
5,913,Overall,Overall,36,32,48,2.5,2.759817,0.394552,1138,20,
5,914,Overall,Overall,36,29,48,1.5,1.810106,0.311141,1091,16,
5,915,Overall,Overall,36,2,48,-2.5,-4.767735,1.49387,762,75,
5,916,Overall,Overall,36,37,48,3.0,2.699714,0.373111,1135,19,
5,917,Overall,Overall,36,29,48,1.5,1.412758,0.299648,1071,15,
5,918,Overall,Overall,36,32,48,2.0,2.193063,0.333978,1110,17,
5,919,Overall,Overall,36,32,48,2.0,2.052832,0.323762,1103,16,
5,920,Overall,Overall,36,8,48,-3.0,-1.685366,0.530264,916,27,
5,921,Overall,Overall,36,6,48,-2.5,-2.028417,0.598032,899,30,
5,922,Overall,Overall,36,31,48,2.5,2.163865,0.33165,1108,17,
5,923,Overall,Overall,36,31,48,2.0,1.867655,0.316252,1093,16,
5,924,Overall,Overall,36,20,48,1.0,0.689648,0.301575,1034,15,
5,925,Overall,Overall,36,18,48,1.0,0.478047,0.308542,1024,15,
5,926,Overall,Overall,36,6,48,-2.0,-1.943519,0.578361,903,29,
5,927,Overall,Overall,36,5,48,-3.0,-2.065976,0.608559,897,30,
5,928,Overall,Overall,36,3,48,-2.0,-2.49363,0.70227,875,35,
5,929,Overall,Overall,36,24,48,1.0,0.980317,0.297672,1049,15,
5,930,Overall,Overall,36,10,48,-1.0,-1.180672,0.441868,941,22,
5,931,Overall,Overall,36,8,48,-1.5,-1.933199,0.57935,903,29,
5,932,Overall,Overall,36,5,48,-3.0,-2.190725,0.636347,890,32,
5,933,Overall,Overall,36,4,48,-2.5,-2.588622,0.726217,871,36,
5,934,Overall,Overall,36,4,48,-2.5,-2.26868,0.654552,887,33,
5,935,Overall,Overall,36,11,48,-0.5,-0.913346,0.404722,954,20,
5,936,Overall,Overall,36,20,48,0.5,0.580345,0.302721,1029,15,
5,937,Overall,Overall,36,31,48,2.0,2.097869,0.33003,1105,17,
5,938,Overall,Overall,36,38,48,2.5,3.263949,0.44306,1163,22,
5,939,Overall,Overall,36,6,48,-1.5,-1.944136,0.581348,903,29,
5,940,Overall,Overall,36,35,48,3.0,2.711273,0.375164,1136,19,
5,941,Overall,Overall,36,4,48,-2.5,-2.659988,0.742434,867,37,
5,942,Overall,Overall,36,16,48,0.5,0.349952,0.308169,1017,15,
5,943,Overall,Overall,36,21,48,1.0,0.896939,0.299566,1045,15,
5,944,Overall,Overall,36,24,48,1.5,1.372474,0.308796,1069,15,
5,945,Overall,Overall,36,22,48,1.0,1.101355,0.297301,1055,15,
5,946,Overall,Overall,36,17,48,0.0,0.316755,0.309083,1016,15,
5,947,Overall,Overall,36,25,48,1.0,1.158575,0.305129,1058,15,
5,948,Overall,Overall,36,25,48,0.5,1.179217,0.296657,1059,15,
5,949,Overall,Overall,36,9,48,-2.0,-2.060432,0.608557,897,30,
5,950,Overall,Overall,36,14,48,0.5,0.102172,0.328691,1005,16,
5,951,Overall,Overall,36,16,48,-0.5,-0.159546,0.332741,992,17,
5,952,Overall,Overall,36,5,48,-2.0,-2.382721,0.675071,881,34,
5,953,Overall,Overall,36,13,48,-0.5,-0.364966,0.349058,982,17,
5,954,Overall,Overall,36,7,48,-1.5,-1.238955,0.452121,938,23,
5,955,Overall,Overall,36,14,48,0.0,-0.222047,0.335306,989,17,
5,956,Overall,Overall,36,7,48,-2.0,-1.646708,0.522212,918,26,
5,957,Overall,Overall,36,7,48,-2.0,-1.31864,0.463284,934,23,
5,958,Overall,Overall,36,8,48,-1.5,-1.476565,0.489455,926,24,
5,959,Overall,Overall,36,29,48,1.5,1.634687,0.304281,1082,15,
5,960,Overall,Overall,36,26,48,1.5,1.658396,0.311328,1083,16,
5,961,Overall,Overall,36,33,48,2.5,2.302576,0.344772,1115,17,
5,962,Overall,Overall,36,7,48,-0.5,-1.196293,0.445471,940,22,
5,963,Overall,Overall,36,15,48,0.0,0.036418,0.320426,1002,16,
5,964,Overall,Overall,36,37,48,3.0,2.987655,0.40469,1149,20,
5,965,Overall,Overall,36,12,48,0.0,-0.491673,0.367751,975,18,
5,966,Overall,Overall,36,25,48,1.5,1.684106,0.313388,1084,16,
5,967,Overall,Overall,36,33,48,2.5,2.723419,0.375568,1136,19,
5,968,Overall,Overall,36,3,48,-3.0,-2.879697,0.800888,856,40,
5,969,Overall,Overall,36,24,48,1.0,0.890545,0.298488,1045,15,
5,970,Overall,Overall,36,25,48,2.0,1.474079,0.302604,1074,15,
5,971,Overall,Overall,36,13,48,-1.5,-0.855486,0.399486,957,20,
5,972,Overall,Overall,36,9,48,-1.0,-1.258704,0.459483,937,23,
5,973,Overall,Overall,36,33,48,2.5,2.133172,0.329962,1107,16,
5,974,Overall,Overall,36,21,48,1.0,0.774628,0.301268,1039,15,
5,975,Overall,Overall,36,9,48,-1.5,-1.151574,0.438042,942,22,
5,976,Overall,Overall,36,32,48,3.0,2.593778,0.36328,1130,18,
5,977,Overall,Overall,36,30,48,2.5,2.335098,0.342459,1117,17,
5,978,Overall,Overall,36,35,48,3.0,2.653497,0.371383,1133,19,
5,979,Overall,Overall,36,29,48,2.0,1.70883,0.306667,1085,15,
5,980,Overall,Overall,36,5,48,-2.5,-2.313847,0.66102,884,33,
5,981,Overall,Overall,36,10,48,-1.5,-1.358124,0.474649,932,24,
5,982,Overall,Overall,36,24,48,1.5,1.483212,0.305907,1074,15,
5,983,Overall,Overall,36,11,48,-1.0,-0.411925,0.350351,979,18,
5,984,Overall,Overall,36,15,48,0.0,0.172473,0.314671,1009,16,
5,985,Overall,Overall,36,15,48,0.0,-0.101801,0.329164,995,16,
5,986,Overall,Overall,36,5,48,-2.0,-1.78664,0.552633,911,28,
5,987,Overall,Overall,36,12,48,-0.5,-0.544051,0.363602,973,18,
5,988,Overall,Overall,36,39,48,3.0,2.934152,0.40856,1147,20,
5,989,Overall,Overall,36,34,48,3.0,2.761134,0.383822,1138,19,
5,990,Overall,Overall,36,21,48,0.5,0.357751,0.311123,1018,16,
5,991,Overall,Overall,36,5,48,-1.5,-2.533848,0.711132,873,36,
5,992,Overall,Overall,36,30,48,1.5,1.923718,0.316196,1096,16,
5,993,Overall,Overall,36,17,48,0.0,0.256101,0.310968,1013,16,
5,994,Overall,Overall,36,7,48,-2.0,-1.377969,0.473112,931,24,
5,995,Overall,Overall,36,7,48,-1.0,-1.339524,0.471666,933,24,
5,996,Overall,Overall,36,8,48,-1.0,-1.156712,0.438258,942,22,
5,997,Overall,Overall,36,16,48,0.5,0.171823,0.314295,1009,16,
5,998,Overall,Overall,36,33,48,2.5,2.272421,0.342593,1114,17,
5,999,Overall,Overall,36,34,48,2.5,2.474618,0.355761,1124,18,
5,1000,Overall,Overall,36,5,48,-1.5,-2.017728,0.595801,899,30,
5,1001,Overall,Overall,36,32,48,2.0,2.234498,0.337158,1112,17,
5,1002,Overall,Overall,36,28,48,1.5,1.443348,0.299769,1072,15,
5,1003,Overall,Overall,36,8,48,-0.5,-0.67022,0.380596,966,19,
5,1004,Overall,Overall,36,12,48,0.5,-0.515298,0.360083,974,18,
5,1005,Overall,Overall,36,4,48,-1.5,-2.232825,0.641839,888,32,
5,1006,Overall,Overall,36,3,48,-2.0,-2.402142,0.68715,880,34,
5,1007,Overall,Overall,36,4,48,-1.5,-2.676859,0.754609,866,38,
5,1008,Overall,Overall,36,34,48,3.0,2.631011,0.365386,1132,18,
5,1009,Overall,Overall,36,21,48,0.5,0.727288,0.300902,1036,15,
5,1010,Overall,Overall,36,33,48,2.5,2.142535,0.330578,1107,17,
5,1011,Overall,Overall,36,25,48,1.0,1.187393,0.298733,1059,15,
5,1012,Overall,Overall,36,32,48,2.5,2.647192,0.365668,1132,18,
5,1013,Overall,Overall,36,20,48,0.5,0.235477,0.314345,1012,16,
5,1014,Overall,Overall,36,37,48,3.0,3.640885,0.498277,1182,25,
5,1015,Overall,Overall,36,4,48,-3.0,-2.930639,0.829298,853,41,
5,1016,Overall,Overall,36,12,48,-0.5,-0.403642,0.350838,980,18,
5,1017,Overall,Overall,36,4,48,-2.0,-2.844015,0.792633,858,40,
5,1018,Overall,Overall,36,21,48,1.0,0.912178,0.298685,1046,15,
5,1019,Overall,Overall,36,37,48,3.0,2.918277,0.393471,1146,20,
5,1020,Overall,Overall,36,27,48,1.5,1.450588,0.297948,1073,15,
5,1021,Overall,Overall,36,5,48,-2.0,-2.345388,0.666247,883,33,
5,1022,Overall,Overall,36,26,48,1.0,1.206862,0.298452,1060,15,
5,1023,Overall,Overall,36,9,48,-1.5,-1.066349,0.425701,947,21,
5,1024,Overall,Overall,36,3,48,-3.0,-2.806584,0.784468,860,39,
5,1025,Overall,Overall,36,6,48,-1.5,-2.286634,0.653058,886,33,
5,1026,Overall,Overall,36,11,48,0.0,-0.489305,0.358061,976,18,
5,1027,Overall,Overall,36,12,48,-0.5,-0.364175,0.347316,982,17,
5,1028,Overall,Overall,36,9,48,-1.0,-0.822326,0.3932,959,20,
5,1029,Overall,Overall,36,15,48,-0.5,0.009867,0.321446,1000,16,
5,1030,Overall,Overall,36,12,48,-1.0,-0.693614,0.381246,965,19,
5,1031,Overall,Overall,36,33,48,2.0,1.906872,0.318005,1095,16,
5,1032,Overall,Overall,36,25,48,1.0,1.213968,0.296691,1061,15,
5,1033,Overall,Overall,36,21,48,0.5,0.740104,0.300619,1037,15,
5,1034,Overall,Overall,36,9,48,-1.5,-0.876327,0.400647,956,20,
5,1035,Overall,Overall,36,26,48,1.0,1.331104,0.297783,1067,15,
5,1036,Overall,Overall,36,25,48,2.0,1.006436,0.297437,1050,15,
5,1037,Overall,Overall,36,27,48,2.0,1.6313,0.306088,1082,15,
5,1038,Overall,Overall,36,27,48,1.5,1.72983,0.309336,1086,15,
5,1039,Overall,Overall,36,37,48,2.5,3.704605,0.510723,1185,26,
5,1040,Overall,Overall,36,38,48,3.0,3.309352,0.445325,1165,22,
5,1041,Overall,Overall,36,9,48,-1.0,-0.921098,0.418135,954,21,
5,1042,Overall,Overall,36,6,48,-2.0,-1.850596,0.562547,907,28,
5,1043,Overall,Overall,36,29,48,2.0,2.388193,0.344556,1119,17,
5,1044,Overall,Overall,36,35,48,3.0,2.846909,0.38896,1142,19,
5,1045,Overall,Overall,36,18,48,-0.5,0.11268,0.316827,1006,16,
5,1046,Overall,Overall,36,6,48,-2.0,-2.146719,0.623478,893,31,
5,1047,Overall,Overall,36,7,48,-1.5,-1.561295,0.50792,922,25,
5,1048,Overall,Overall,36,21,48,0.5,0.657949,0.302382,1033,15,
5,1049,Overall,Overall,36,2,48,-3.0,-4.400209,1.384707,780,69,
5,1050,Overall,Overall,36,15,48,0.0,-0.099726,0.327239,995,16,
5,1051,Overall,Overall,36,16,48,-0.5,-0.034944,0.325834,998,16,
5,1052,Overall,Overall,36,30,48,2.0,1.686791,0.306195,1084,15,
5,1053,Overall,Overall,36,16,48,0.0,0.210671,0.319844,1011,16,
5,1054,Overall,Overall,36,9,48,-1.0,-0.98037,0.413445,951,21,
5,1055,Overall,Overall,36,20,48,1.0,0.96731,0.301934,1048,15,
5,1056,Overall,Overall,36,2,48,-3.0,-3.909903,1.135345,805,57,
5,1057,Overall,Overall,36,29,48,2.5,2.296543,0.340155,1115,17,
5,1058,Overall,Overall,36,3,48,-2.5,-3.126599,0.87408,844,44,
5,1059,Overall,Overall,36,12,48,-0.5,-0.280147,0.340542,986,17,
5,1060,Overall,Overall,36,21,48,1.0,0.696594,0.301406,1035,15,
5,1061,Overall,Overall,36,23,48,1.0,0.837628,0.301851,1042,15,
5,1062,Overall,Overall,36,35,48,3.0,3.434004,0.474179,1172,24,
5,1063,Overall,Overall,36,3,48,-3.0,-2.676196,0.760872,866,38,
5,1064,Overall,Overall,36,16,48,-0.5,0.052018,0.319712,1003,16,
5,1065,Overall,Overall,36,33,48,2.5,2.280344,0.338858,1114,17,
5,1066,Overall,Overall,36,7,48,-2.5,-1.607083,0.513125,920,26,
5,1067,Overall,Overall,36,23,48,2.0,1.162407,0.296881,1058,15,
5,1068,Overall,Overall,36,8,48,-1.5,-1.240943,0.451196,938,23,
5,1069,Overall,Overall,36,27,48,2.0,1.533241,0.300941,1077,15,
5,1070,Overall,Overall,36,11,48,-0.5,-0.466566,0.355312,977,18,
5,1071,Overall,Overall,36,13,48,-0.5,-0.568472,0.366371,972,18,
5,1072,Overall,Overall,36,7,48,-1.5,-1.430858,0.487866,928,24,
5,1073,Overall,Overall,36,4,48,-2.5,-2.829666,0.79719,859,40,
5,1074,Overall,Overall,36,33,48,2.5,2.202084,0.332269,1110,17,
5,1075,Overall,Overall,36,9,48,-1.0,-1.281487,0.458916,936,23,
5,1076,Overall,Overall,36,3,48,-2.5,-3.464342,0.981659,827,49,
5,1077,Overall,Overall,36,30,48,1.5,1.648515,0.306805,1082,15,
5,1078,Overall,Overall,36,7,48,-2.0,-1.533012,0.502045,923,25,
5,1079,Overall,Overall,36,11,48,-1.5,-1.02167,0.41928,949,21,
5,1080,Overall,Overall,36,4,48,-3.0,-2.795987,0.784829,860,39,
5,1081,Overall,Overall,36,3,48,-3.0,-4.891532,1.605354,755,80,
5,1082,Overall,Overall,36,3,48,-1.0,-3.101935,0.866958,845,43,
5,1083,Overall,Overall,36,7,48,-2.0,-1.891404,0.568892,905,28,
5,1084,Overall,Overall,36,15,48,-0.5,-0.126137,0.330134,994,17,
5,1085,Overall,Overall,36,37,48,2.0,2.403905,0.357686,1120,18,
5,1086,Overall,Overall,36,16,48,0.5,0.088808,0.319021,1004,16,
5,1087,Overall,Overall,36,14,48,0.0,-0.074608,0.328641,996,16,
5,1088,Overall,Overall,36,29,48,2.0,2.037406,0.324114,1102,16,
5,1089,Overall,Overall,36,2,48,-3.0,-3.857457,1.147448,807,57,
5,1090,Overall,Overall,36,3,48,-2.5,-3.489611,0.988093,826,49,
5,1091,Overall,Overall,36,20,48,0.5,0.731023,0.300907,1037,15,
5,1092,Overall,Overall,36,4,48,-2.5,-2.649856,0.753029,868,38,
5,1093,Overall,Overall,36,29,48,1.5,1.339709,0.297898,1067,15,
5,1094,Overall,Overall,36,6,48,-2.0,-2.147129,0.624596,893,31,
5,1095,Overall,Overall,36,26,48,1.5,1.81114,0.312957,1091,16,
5,1096,Overall,Overall,36,22,48,0.5,0.859662,0.30082,1043,15,
5,1097,Overall,Overall,36,6,48,-2.0,-2.043996,0.600856,898,30,
5,1098,Overall,Overall,36,3,48,-2.0,-2.438176,0.690543,878,35,
5,1099,Overall,Overall,36,28,48,2.0,1.743529,0.308875,1087,15,
5,1100,Overall,Overall,36,38,48,3.0,3.128974,0.422483,1156,21,
5,1101,Overall,Overall,36,29,48,2.5,2.245336,0.336476,1112,17,
5,1102,Overall,Overall,36,31,48,2.5,2.162493,0.332915,1108,17,
5,1103,Overall,Overall,36,13,48,0.0,-0.713382,0.380931,964,19,
5,1104,Overall,Overall,36,3,48,-3.0,-4.085159,1.239957,796,62,
5,1105,Overall,Overall,36,4,48,-2.5,-2.221191,0.638161,889,32,
5,1106,Overall,Overall,36,33,48,2.5,2.399453,0.348302,1120,17,
5,1107,Overall,Overall,36,10,48,-0.5,-0.68383,0.377611,966,19,
5,1108,Overall,Overall,36,25,48,1.5,1.061967,0.298032,1053,15,
5,1109,Overall,Overall,36,7,48,-1.5,-1.354076,0.48371,932,24,
5,1110,Overall,Overall,36,19,48,0.5,0.60396,0.304377,1030,15,
5,1111,Overall,Overall,36,28,48,2.0,2.154395,0.330969,1108,17,
5,1112,Overall,Overall,36,4,48,-1.5,-2.138936,0.620447,893,31,
5,1113,Overall,Overall,36,8,48,-2.0,-1.459546,0.487355,927,24,
5,1114,Overall,Overall,36,20,48,0.5,0.705263,0.303409,1035,15,
5,1115,Overall,Overall,36,15,48,0.0,-0.15594,0.330858,992,17,
5,1116,Overall,Overall,36,6,48,-2.5,-2.722449,0.759267,864,38,
5,1117,Overall,Overall,36,6,48,-1.5,-2.299962,0.655635,885,33,
5,1118,Overall,Overall,36,31,48,2.0,2.162283,0.332172,1108,17,
5,1119,Overall,Overall,36,5,48,-2.5,-2.371326,0.672906,881,34,
5,1120,Overall,Overall,36,11,48,-1.0,-0.537062,0.362134,973,18,
5,1121,Overall,Overall,36,12,48,-0.5,-0.249224,0.337257,988,17,
5,1122,Overall,Overall,36,4,48,-2.0,-3.048804,0.84874,848,42,
5,1123,Overall,Overall,36,4,48,-1.5,-2.690159,0.757898,865,38,
5,1124,Overall,Overall,36,16,48,-0.5,0.160671,0.317024,1008,16,
5,1125,Overall,Overall,36,34,48,2.5,1.879775,0.31768,1094,16,
5,1126,Overall,Overall,36,36,48,3.0,2.569021,0.362771,1128,18,
5,1127,Overall,Overall,36,24,48,2.0,1.975947,0.323255,1099,16,
5,1128,Overall,Overall,36,26,48,2.0,1.522878,0.30157,1076,15,
5,1129,Overall,Overall,36,5,48,-2.0,-1.950342,0.582198,902,29,
5,1130,Overall,Overall,36,16,48,0.5,0.160252,0.314609,1008,16,
5,1131,Overall,Overall,36,4,48,-3.0,-2.81241,0.789611,859,39,
5,1132,Overall,Overall,36,30,48,2.5,1.965302,0.324139,1098,16,
5,1133,Overall,Overall,36,11,48,-1.5,-0.78667,0.390244,961,20,
5,1134,Overall,Overall,36,36,48,2.5,2.757983,0.379038,1138,19,
5,1135,Overall,Overall,36,18,48,1.0,0.636614,0.305429,1032,15,
5,1136,Overall,Overall,36,2,48,-3.0,-3.99679,1.203309,800,60,
5,1137,Overall,Overall,36,18,48,0.5,0.516277,0.306441,1026,15,
5,1138,Overall,Overall,36,13,48,-1.0,-0.383929,0.349177,981,17,
5,1139,Overall,Overall,36,9,48,-1.5,-0.915845,0.40514,954,20,
5,1140,Overall,Overall,36,9,48,-1.5,-1.492381,0.498688,925,25,
5,1141,Overall,Overall,36,20,48,1.0,0.882184,0.299843,1044,15,
5,1142,Overall,Overall,36,6,48,-2.5,-2.264797,0.64782,887,32,
5,1143,Overall,Overall,36,24,48,1.5,1.337966,0.29753,1067,15,
5,1144,Overall,Overall,36,17,48,0.5,0.58296,0.30432,1029,15,
5,1145,Overall,Overall,36,8,48,-1.0,-1.046251,0.423744,948,21,
5,1146,Overall,Overall,36,5,48,-2.0,-2.05083,0.601565,897,30,
5,1147,Overall,Overall,36,41,48,3.0,3.645195,0.495372,1182,25,
5,1148,Overall,Overall,36,9,48,-1.5,-1.358124,0.474649,932,24,
5,1149,Overall,Overall,36,27,48,1.5,1.168257,0.297798,1058,15,
5,1150,Overall,Overall,36,37,48,3.0,3.207708,0.434389,1160,22,
5,1151,Overall,Overall,36,32,48,2.5,1.983734,0.320103,1099,16,
5,1152,Overall,Overall,36,11,48,-1.0,-0.300656,0.344956,985,17,
5,1153,Overall,Overall,36,33,48,2.0,2.093931,0.325342,1105,16,
5,1154,Overall,Overall,36,7,48,-2.5,-1.647853,0.527472,918,26,
5,1155,Overall,Overall,36,4,48,-2.5,-1.963769,0.58469,902,29,
5,1156,Overall,Overall,36,36,48,3.0,2.937424,0.398574,1147,20,
5,1157,Overall,Overall,36,31,48,2.0,2.766673,0.39181,1138,20,
5,1158,Overall,Overall,36,15,48,0.0,-0.249685,0.338371,988,17,
5,1159,Overall,Overall,36,11,48,-1.0,-0.402544,0.350732,980,18,
5,1160,Overall,Overall,36,32,48,2.5,1.728206,0.309374,1086,15,
5,1161,Overall,Overall,36,18,48,1.0,0.624055,0.305541,1031,15,
5,1162,Overall,Overall,36,8,48,-3.0,-1.70779,0.53485,915,27,
5,1163,Overall,Overall,36,0,48,-3.0,-5.0,1.711721,750,86,
5,1164,Overall,Overall,36,32,48,2.5,2.078986,0.329396,1104,16,
5,1165,Overall,Overall,36,26,48,1.5,1.111232,0.304816,1056,15,
5,1166,Overall,Overall,36,5,48,-2.5,-2.078994,0.607124,896,30,
5,1167,Overall,Overall,36,2,48,-3.0,-3.753525,1.080078,812,54,
5,1168,Overall,Overall,36,22,48,1.0,0.661507,0.302711,1033,15,
5,1169,Overall,Overall,36,22,48,0.5,0.552803,0.304514,1028,15,
5,1170,Overall,Overall,36,4,48,-3.0,-2.337193,0.666881,883,33,
5,1171,Overall,Overall,36,32,48,1.5,1.974086,0.322546,1099,16,
5,1172,Overall,Overall,36,13,48,0.0,-0.214136,0.336066,989,17,
5,1173,Overall,Overall,36,9,48,-0.5,-0.561172,0.36839,972,18,
5,1174,Overall,Overall,36,10,48,-0.5,-0.53632,0.362846,973,18,
5,1175,Overall,Overall,36,3,48,-3.0,-3.643669,1.06552,818,53,
5,1176,Overall,Overall,36,30,48,2.5,1.947762,0.320943,1097,16,
5,1177,Overall,Overall,36,38,48,3.0,2.834136,0.387197,1142,19,
5,1178,Overall,Overall,36,34,48,2.5,2.076705,0.32671,1104,16,
5,1179,Overall,Overall,36,7,48,-1.5,-1.298956,0.460169,935,23,
5,1180,Overall,Overall,36,18,48,0.0,0.433978,0.305543,1022,15,
5,1181,Overall,Overall,36,23,48,1.5,0.976117,0.302026,1049,15,
5,1182,Overall,Overall,36,4,48,-3.0,-2.509462,0.7123,875,36,
5,1183,Overall,Overall,36,32,48,2.0,2.395711,0.3443,1120,17,
5,1184,Overall,Overall,36,39,48,3.0,3.356291,0.454285,1168,23,
5,1185,Overall,Overall,36,3,48,-3.0,-2.716252,0.765095,864,38,
5,1186,Overall,Overall,36,26,48,1.5,1.603733,0.305097,1080,15,
5,1187,Overall,Overall,36,28,48,1.5,1.62679,0.304333,1081,15,
5,1188,Overall,Overall,36,33,48,2.0,2.083954,0.3266,1104,16,
5,1189,Overall,Overall,36,25,48,1.5,1.151761,0.296809,1058,15,
5,1190,Overall,Overall,36,35,48,2.5,2.159898,0.331183,1108,17,
5,1191,Overall,Overall,36,21,48,1.5,1.024122,0.305365,1051,15,
5,1192,Overall,Overall,36,28,48,2.0,1.873965,0.315957,1094,16,
5,1193,Overall,Overall,36,6,48,-2.0,-2.062426,0.603587,897,30,
5,1194,Overall,Overall,36,18,48,0.0,0.228898,0.313366,1011,16,
5,1195,Overall,Overall,36,18,48,0.5,0.567103,0.305221,1028,15,
5,1196,Overall,Overall,36,22,48,1.0,0.811733,0.301078,1041,15,
5,1197,Overall,Overall,36,3,48,-2.0,-3.972379,1.193357,801,60,
5,1198,Overall,Overall,36,32,48,2.5,2.379343,0.34606,1119,17,
5,1199,Overall,Overall,36,4,48,-2.5,-3.226629,0.904836,839,45,
5,1200,Overall,Overall,36,30,48,1.5,1.591283,0.304247,1080,15,
5,1201,Overall,Overall,36,17,48,0.0,0.036394,0.321278,1002,16,
5,1202,Overall,Overall,36,36,48,2.5,2.91333,0.399019,1146,20,
5,1203,Overall,Overall,36,36,48,3.0,3.320868,0.464264,1166,23,
5,1204,Overall,Overall,36,4,48,-2.0,-2.665566,0.746234,867,37,
5,1205,Overall,Overall,36,5,48,-3.0,-2.39995,0.682096,880,34,
5,1206,Overall,Overall,36,11,48,0.0,-0.623839,0.371626,969,19,
5,1207,Overall,Overall,36,4,48,-3.0,-2.647186,0.73979,868,37,
5,1208,Overall,Overall,36,32,48,2.0,2.400712,0.34737,1120,17,
5,1209,Overall,Overall,36,3,48,-3.0,-3.695589,1.095052,815,55,
5,1210,Overall,Overall,36,16,48,0.0,0.022941,0.320725,1001,16,
5,1211,Overall,Overall,36,4,48,-2.0,-2.744521,0.762145,863,38,
5,1212,Overall,Overall,36,24,48,1.5,1.285131,0.297152,1064,15,
5,1213,Overall,Overall,36,11,48,-1.0,-0.567596,0.365853,972,18,
5,1214,Overall,Overall,36,9,48,-1.0,-1.138305,0.443702,943,22,
5,1215,Overall,Overall,36,19,48,0.5,0.233701,0.314463,1012,16,
5,1216,Overall,Overall,36,10,48,-0.5,-1.158249,0.438487,942,22,
5,1217,Overall,Overall,36,6,48,-3.0,-2.23748,0.643427,888,32,
5,1218,Overall,Overall,36,10,48,-0.5,-0.467172,0.35827,977,18,
5,1219,Overall,Overall,36,9,48,-1.0,-1.058434,0.431648,947,22,
5,1220,Overall,Overall,36,16,48,-0.5,-0.169878,0.333485,992,17,
5,1221,Overall,Overall,36,37,48,2.0,2.525912,0.356407,1126,18,
5,1222,Overall,Overall,36,14,48,0.0,-0.003028,0.322515,1000,16,
5,1223,Overall,Overall,36,16,48,0.0,0.617369,0.306124,1031,15,
5,1224,Overall,Overall,36,11,48,-0.5,-0.368632,0.347966,982,17,
5,1225,Overall,Overall,36,9,48,-1.0,-1.11209,0.431646,944,22,
5,1226,Overall,Overall,36,18,48,0.0,0.274464,0.310871,1014,16,
5,1227,Overall,Overall,36,4,48,-1.5,-2.608045,0.729338,870,36,
5,1228,Overall,Overall,36,12,48,0.0,-0.545884,0.363735,973,18,
5,1229,Overall,Overall,36,32,48,3.0,2.693323,0.372669,1135,19,
5,1230,Overall,Overall,36,33,48,1.5,1.735848,0.309928,1087,15,
5,1231,Overall,Overall,36,23,48,1.5,1.460962,0.30359,1073,15,
5,1232,Overall,Overall,36,20,48,1.0,0.928339,0.298678,1046,15,
5,1233,Overall,Overall,36,2,48,-3.0,-4.3776,1.329513,781,66,
5,1234,Overall,Overall,36,21,48,1.0,0.759693,0.300635,1038,15,
5,1235,Overall,Overall,36,16,48,0.0,0.098318,0.318406,1005,16,
5,1236,Overall,Overall,36,8,48,-1.0,-1.204073,0.446704,940,22,
5,1237,Overall,Overall,36,31,48,2.0,2.041332,0.322825,1102,16,
5,1238,Overall,Overall,36,18,48,1.0,0.709723,0.323886,1035,16,
5,1239,Overall,Overall,36,6,48,-3.0,-2.051181,0.60271,897,30,
5,1240,Overall,Overall,36,26,48,1.0,1.331671,0.298886,1067,15,
5,1241,Overall,Overall,36,33,48,3.0,2.384823,0.346195,1119,17,
5,1242,Overall,Overall,36,6,48,-1.0,-1.518685,0.504584,924,25,
5,1243,Overall,Overall,36,4,48,-2.5,-2.575017,0.721762,871,36,
5,1244,Overall,Overall,36,11,48,-1.0,-0.565301,0.365633,972,18,
5,1245,Overall,Overall,36,6,48,-2.5,-2.572319,0.72039,871,36,
5,1246,Overall,Overall,36,8,48,-2.0,-1.752207,0.542811,912,27,
5,1247,Overall,Overall,36,3,48,-3.0,-3.83147,1.138188,808,57,
5,1248,Overall,Overall,36,5,48,-1.5,-2.517411,0.711118,874,36,
5,1249,Overall,Overall,36,30,48,2.0,2.201052,0.336059,1110,17,
5,1250,Overall,Overall,36,14,48,-0.5,0.093936,0.317299,1005,16,
5,1251,Overall,Overall,36,14,48,0.5,0.243017,0.322627,1012,16,
5,1252,Overall,Overall,36,5,48,-3.0,-2.022295,0.594882,899,30,
5,1253,Overall,Overall,36,38,48,2.5,3.104745,0.419524,1155,21,
5,1254,Overall,Overall,36,8,48,-3.0,-1.805413,0.552939,910,28,
5,1255,Overall,Overall,36,5,48,-2.5,-1.888814,0.569291,906,28,
5,1256,Overall,Overall,36,13,48,0.0,-0.208834,0.335668,990,17,
5,1257,Overall,Overall,36,5,48,-2.5,-3.213782,0.900997,839,45,
5,1258,Overall,Overall,36,29,48,2.0,1.927119,0.31637,1096,16,
5,1259,Overall,Overall,36,9,48,-1.5,-1.163853,0.439312,942,22,
5,1260,Overall,Overall,36,35,48,2.5,2.444211,0.351652,1122,18,
5,1261,Overall,Overall,36,8,48,-2.0,-1.649794,0.523946,918,26,
5,1262,Overall,Overall,36,1,48,-3.0,-5.0,1.714847,750,86,
5,1263,Overall,Overall,36,18,48,0.5,0.231865,0.311842,1012,16,
5,1264,Overall,Overall,36,18,48,0.0,0.424661,0.310274,1021,16,
5,1265,Overall,Overall,36,23,48,1.0,0.745606,0.300831,1037,15,
5,1266,Overall,Overall,36,34,48,3.0,2.59286,0.368393,1130,18,
5,1267,Overall,Overall,36,33,48,2.5,2.052315,0.324572,1103,16,
5,1268,Overall,Overall,36,38,48,3.0,3.336794,0.447568,1167,22,
5,1269,Overall,Overall,36,43,48,3.0,4.168338,0.596648,1208,30,
5,1270,Overall,Overall,36,29,48,1.5,2.030095,0.324555,1102,16,
5,1271,Overall,Overall,36,36,48,3.0,3.754234,0.51805,1188,26,
5,1272,Overall,Overall,36,40,48,3.0,3.800218,0.517463,1190,26,
5,1273,Overall,Overall,36,16,48,0.5,0.025591,0.322606,1001,16,
5,1274,Overall,Overall,36,38,48,3.0,3.205947,0.434087,1160,22,
5,1275,Overall,Overall,36,12,48,-0.5,-0.891534,0.41086,955,21,
5,1276,Overall,Overall,36,8,48,-2.0,-1.203298,0.44527,940,22,
5,1277,Overall,Overall,36,31,48,3.0,2.509111,0.35539,1125,18,
5,1278,Overall,Overall,36,32,48,1.5,1.471957,0.315588,1074,16,
5,1279,Overall,Overall,36,30,48,1.0,1.386487,0.299287,1069,15,
5,1280,Overall,Overall,36,20,48,0.5,0.36537,0.307286,1018,15,
5,1281,Overall,Overall,36,36,48,2.5,2.738796,0.376781,1137,19,
5,1282,Overall,Overall,36,36,48,2.5,2.698382,0.380284,1135,19,
5,1283,Overall,Overall,36,8,48,-1.5,-1.265563,0.460657,937,23,
5,1284,Overall,Overall,36,16,48,0.0,0.017505,0.321072,1001,16,
5,1285,Overall,Overall,36,11,48,-1.5,-0.74388,0.384477,963,19,
5,1286,Overall,Overall,36,37,48,3.0,2.97692,0.404765,1149,20,
5,1287,Overall,Overall,36,28,48,1.5,1.683583,0.30631,1084,15,
5,1288,Overall,Overall,36,5,48,-2.0,-1.899763,0.570831,905,29,
5,1289,Overall,Overall,36,21,48,1.0,0.61368,0.303272,1031,15,
5,1290,Overall,Overall,36,36,48,3.0,2.685167,0.371659,1134,19,
5,1291,Overall,Overall,36,17,48,0.0,0.041869,0.319627,1002,16,
5,1292,Overall,Overall,36,12,48,-0.5,-0.458988,0.356336,977,18,
5,1293,Overall,Overall,36,28,48,2.5,2.001263,0.32342,1100,16,
5,1294,Overall,Overall,36,31,48,2.5,2.33772,0.342208,1117,17,
5,1295,Overall,Overall,36,6,48,-2.5,-2.325855,0.662524,884,33,
5,1296,Overall,Overall,36,7,48,-1.5,-1.578325,0.507242,921,25,
5,1297,Overall,Overall,36,13,48,-0.5,-0.287128,0.341378,986,17,
5,1298,Overall,Overall,36,27,48,2.0,1.949005,0.320089,1097,16,
5,1299,Overall,Overall,36,4,48,-3.0,-2.293678,0.657781,885,33,
5,1300,Overall,Overall,36,27,48,2.0,1.777881,0.310862,1089,16,
