thread,student,domain_name,domain_value,item_count,raw_score,max_points,true_theta,theta,se,scale_score,scale_score_se,performance_level
1,1,Overall,Overall,30,23,30,2.0,2.489618,0.454047,1124,23,
1,2,Overall,Overall,30,17,30,1.0,0.416295,0.376176,1021,19,
1,3,Overall,Overall,30,16,30,1.0,0.652267,0.379321,1033,19,
1,4,Overall,Overall,30,13,30,-1.5,-1.292692,0.386167,935,19,
1,5,Overall,Overall,30,14,30,1.0,0.631724,0.377263,1032,19,
1,6,Overall,Overall,30,10,30,-2.0,-1.73307,0.40608,913,20,
1,7,Overall,Overall,30,18,30,0.5,0.596048,0.379819,1030,19,
1,8,Overall,Overall,30,15,30,0.5,0.588131,0.378642,1029,19,
1,9,Overall,Overall,30,16,30,-0.5,-0.546584,0.381307,973,19,
1,10,Overall,Overall,30,11,30,-1.0,-0.967264,0.389162,952,19,
1,11,Overall,Overall,30,18,30,0.5,1.045097,0.387366,1052,19,
1,12,Overall,Overall,30,14,30,0.5,0.432961,0.37885,1022,19,
1,13,Overall,Overall,30,12,30,-1.0,-0.929549,0.385797,954,19,
1,14,Overall,Overall,30,11,30,-2.0,-1.58151,0.399316,921,20,
1,15,Overall,Overall,30,19,30,0.0,0.520148,0.391717,1026,20,
1,16,Overall,Overall,30,9,30,-2.0,-1.823132,0.415628,909,21,
1,17,Overall,Overall,30,13,30,-0.5,-0.216773,0.380732,989,19,
1,18,Overall,Overall,30,12,30,-1.0,-1.021659,0.387656,949,19,
1,19,Overall,Overall,30,16,30,1.5,1.074044,0.389156,1054,19,
1,20,Overall,Overall,30,15,30,-1.0,-1.007248,0.38824,950,19,
1,21,Overall,Overall,30,11,30,-1.5,-1.676579,0.399884,916,20,
1,22,Overall,Overall,30,12,30,-1.5,-1.273122,0.398335,936,20,
1,23,Overall,Overall,30,19,30,0.5,0.413037,0.391591,1021,20,
1,24,Overall,Overall,30,18,30,0.0,-0.219063,0.385678,989,19,
1,25,Overall,Overall,30,18,30,0.5,0.895512,0.381435,1045,19,
1,26,Overall,Overall,30,14,30,-1.0,-0.968385,0.382519,952,19,
1,27,Overall,Overall,30,14,30,0.0,-0.108405,0.37194,995,19,
1,28,Overall,Overall,30,22,30,2.0,1.821776,0.431496,1091,22,
1,29,Overall,Overall,30,15,30,1.0,0.262905,0.373726,1013,19,
1,30,Overall,Overall,30,26,30,2.0,3.037104,0.568747,1152,28,
1,31,Overall,Overall,30,12,30,-1.0,-1.246583,0.385501,938,19,
1,32,Overall,Overall,30,12,30,-2.0,-1.546537,0.392197,923,20,
1,33,Overall,Overall,30,19,30,1.5,0.754733,0.386348,1038,19,
1,34,Overall,Overall,30,7,30,-1.5,-2.190297,0.449107,890,22,
1,35,Overall,Overall,30,10,30,-1.5,-1.591144,0.40171,920,20,
1,36,Overall,Overall,30,15,30,-0.5,-0.513701,0.375943,974,19,
1,37,Overall,Overall,30,16,30,-1.0,-0.487053,0.379059,976,19,
1,38,Overall,Overall,30,13,30,-1.5,-1.174062,0.386415,941,19,
1,39,Overall,Overall,30,13,30,-1.0,-1.058581,0.389651,947,19,
1,40,Overall,Overall,30,9,30,-0.5,-1.166794,0.410846,942,21,
1,41,Overall,Overall,30,11,30,-1.5,-1.100364,0.399498,945,20,
1,42,Overall,Overall,30,21,30,1.5,1.81695,0.413718,1091,21,
1,43,Overall,Overall,30,22,30,1.0,1.798155,0.429538,1090,21,
1,44,Overall,Overall,30,16,30,0.5,0.306827,0.372785,1015,19,
1,45,Overall,Overall,30,23,30,2.0,2.272378,0.456359,1114,23,
1,46,Overall,Overall,30,20,30,1.0,0.957245,0.40247,1048,20,
1,47,Overall,Overall,30,9,30,-2.0,-1.989687,0.420239,901,21,
1,48,Overall,Overall,30,13,30,-0.5,-0.578867,0.385808,971,19,
1,49,Overall,Overall,30,13,30,-0.5,-0.899162,0.383488,955,19,
1,50,Overall,Overall,30,16,30,1.5,1.266744,0.390981,1063,20,
1,51,Overall,Overall,30,13,30,0.5,-0.069696,0.373768,997,19,
1,52,Overall,Overall,30,23,30,1.5,2.081659,0.449876,1104,22,
1,53,Overall,Overall,30,14,30,-1.0,-0.967522,0.376169,952,19,
1,54,Overall,Overall,30,9,30,-0.5,-1.184102,0.409337,941,20,
1,55,Overall,Overall,30,13,30,-0.5,-0.342405,0.378827,983,19,
1,56,Overall,Overall,30,17,30,1.0,1.307477,0.3955,1065,20,
1,57,Overall,Overall,30,13,30,-1.0,-1.012138,0.379831,949,19,
1,58,Overall,Overall,30,19,30,0.5,1.194846,0.39151,1060,20,
1,59,Overall,Overall,30,19,30,1.5,1.614884,0.398737,1081,20,
1,60,Overall,Overall,30,25,30,2.0,2.434766,0.509781,1122,25,
1,61,Overall,Overall,30,17,30,0.0,-0.272696,0.381285,986,19,
1,62,Overall,Overall,30,15,30,0.0,-0.303791,0.374554,985,19,
1,63,Overall,Overall,30,14,30,0.0,0.103528,0.371946,1005,19,
1,64,Overall,Overall,30,12,30,-1.0,-1.106402,0.388431,945,19,
1,65,Overall,Overall,30,10,30,-1.5,-1.2144,0.406238,939,20,
1,66,Overall,Overall,30,5,30,-2.0,-2.634724,0.512152,868,26,
1,67,Overall,Overall,30,11,30,-0.5,-0.338855,0.388613,983,19,
1,68,Overall,Overall,30,10,30,-1.5,-1.630369,0.410459,918,21,
1,69,Overall,Overall,30,18,30,0.5,0.66306,0.378188,1033,19,
1,70,Overall,Overall,30,17,30,1.0,1.346641,0.391139,1067,20,
1,71,Overall,Overall,30,15,30,0.0,-0.220537,0.373151,989,19,
1,72,Overall,Overall,30,10,30,-2.0,-1.597775,0.401566,920,20,
1,73,Overall,Overall,30,10,30,-0.5,-0.598022,0.396722,970,20,
1,74,Overall,Overall,30,14,30,-0.5,-0.601608,0.375211,970,19,
1,75,Overall,Overall,30,14,30,-0.5,-0.563083,0.379238,972,19,
1,76,Overall,Overall,30,12,30,-1.0,-1.289657,0.385332,936,19,
1,77,Overall,Overall,30,14,30,0.0,-0.296084,0.375714,985,19,
1,78,Overall,Overall,30,23,30,2.0,2.382935,0.464141,1119,23,
1,79,Overall,Overall,30,13,30,-2.0,-1.474732,0.389154,926,19,
1,80,Overall,Overall,30,6,30,-2.0,-2.53769,0.479416,873,24,
1,81,Overall,Overall,30,12,30,-1.0,-1.317009,0.386025,934,19,
1,82,Overall,Overall,30,13,30,-1.0,-1.076155,0.38554,946,19,
1,83,Overall,Overall,30,11,30,-1.5,-1.569066,0.396269,922,20,
1,84,Overall,Overall,30,13,30,0.0,-0.285834,0.377414,986,19,
1,85,Overall,Overall,30,19,30,0.5,1.187543,0.389603,1059,19,
1,86,Overall,Overall,30,22,30,2.0,2.078632,0.436287,1104,22,
1,87,Overall,Overall,30,13,30,-1.5,-1.268111,0.385931,937,19,
1,88,Overall,Overall,30,11,30,-0.5,-0.469313,0.387471,977,19,
1,89,Overall,Overall,30,15,30,-0.5,-0.841464,0.383226,958,19,
1,90,Overall,Overall,30,11,30,-1.5,-1.733098,0.39837,913,20,
1,91,Overall,Overall,30,21,30,2.0,1.514046,0.411797,1076,21,
1,92,Overall,Overall,30,18,30,1.0,0.688283,0.378096,1034,19,
1,93,Overall,Overall,30,15,30,0.5,0.353111,0.372835,1018,19,
1,94,Overall,Overall,30,17,30,1.0,0.70639,0.374478,1035,19,
1,95,Overall,Overall,30,7,30,-1.5,-2.015549,0.451163,899,23,
1,96,Overall,Overall,30,9,30,-2.0,-2.162055,0.42377,892,21,
1,97,Overall,Overall,30,20,30,2.0,1.874536,0.412798,1094,21,
1,98,Overall,Overall,30,12,30,-1.5,-1.474029,0.392758,926,20,
1,99,Overall,Overall,30,16,30,0.5,0.847416,0.387293,1042,19,
1,100,Overall,Overall,30,10,30,-1.5,-1.727224,0.405065,914,20,
1,101,Overall,Overall,30,9,30,-2.0,-2.064577,0.422054,897,21,
1,102,Overall,Overall,30,10,30,-2.0,-1.712554,0.407702,914,20,
1,103,Overall,Overall,30,9,30,-2.0,-1.80299,0.415785,910,21,
1,104,Overall,Overall,30,24,30,2.0,2.572186,0.490574,1129,25,
1,105,Overall,Overall,30,12,30,-0.5,-1.073781,0.390428,946,20,
1,106,Overall,Overall,30,13,30,-0.5,-0.956229,0.379126,952,19,
1,107,Overall,Overall,30,17,30,0.5,0.21559,0.37489,1011,19,
1,108,Overall,Overall,30,23,30,2.0,2.382341,0.446932,1119,22,
1,109,Overall,Overall,30,17,30,1.0,0.920781,0.38281,1046,19,
1,110,Overall,Overall,30,10,30,-1.0,-1.073983,0.401851,946,20,
1,111,Overall,Overall,30,12,30,-2.0,-1.668183,0.394304,917,20,
1,112,Overall,Overall,30,17,30,1.0,0.76762,0.381095,1038,19,
1,113,Overall,Overall,30,18,30,1.0,0.590153,0.381443,1030,19,
1,114,Overall,Overall,30,3,30,-2.0,-3.4215,0.629614,829,31,
1,115,Overall,Overall,30,19,30,1.5,0.99579,0.388526,1050,19,
1,116,Overall,Overall,30,16,30,-1.0,0.110414,0.372212,1006,19,
1,117,Overall,Overall,30,11,30,-1.0,-1.25094,0.390042,937,20,
1,118,Overall,Overall,30,14,30,0.0,0.218457,0.373003,1011,19,
1,119,Overall,Overall,30,16,30,0.5,0.183,0.376813,1009,19,
1,120,Overall,Overall,30,10,30,-1.0,-0.801159,0.404723,960,20,
1,121,Overall,Overall,30,18,30,0.0,0.516283,0.381239,1026,19,
1,122,Overall,Overall,30,19,30,2.0,1.7519,0.40304,1088,20,
1,123,Overall,Overall,30,22,30,2.0,2.052807,0.445109,1103,22,
1,124,Overall,Overall,30,19,30,-0.5,0.42531,0.388594,1021,19,
1,125,Overall,Overall,30,16,30,0.0,-0.045044,0.373642,998,19,
1,126,Overall,Overall,30,9,30,-1.5,-1.868855,0.418386,907,21,
1,127,Overall,Overall,30,21,30,2.0,1.904063,0.415069,1095,21,
1,128,Overall,Overall,30,16,30,0.5,0.531601,0.372077,1027,19,
1,129,Overall,Overall,30,19,30,1.0,1.025341,0.386844,1051,19,
1,130,Overall,Overall,30,16,30,0.0,0.022551,0.374893,1001,19,
1,131,Overall,Overall,30,17,30,0.5,-0.051978,0.385702,997,19,
1,132,Overall,Overall,30,16,30,0.5,0.444398,0.372722,1022,19,
1,133,Overall,Overall,30,22,30,2.0,2.224617,0.438241,1111,22,
1,134,Overall,Overall,30,14,30,-1.0,-0.931631,0.377471,953,19,
1,135,Overall,Overall,30,15,30,1.0,0.875235,0.381384,1044,19,
1,136,Overall,Overall,30,16,30,0.5,0.984423,0.383198,1049,19,
1,137,Overall,Overall,30,18,30,2.0,0.875425,0.381006,1044,19,
1,138,Overall,Overall,30,16,30,1.0,0.630139,0.37522,1032,19,
1,139,Overall,Overall,30,20,30,2.0,1.676035,0.415013,1084,21,
1,140,Overall,Overall,30,15,30,-0.5,0.057327,0.37149,1003,19,
1,141,Overall,Overall,30,14,30,-1.5,-0.964308,0.375708,952,19,
1,142,Overall,Overall,30,17,30,0.0,-0.44233,0.384899,978,19,
1,143,Overall,Overall,30,16,30,1.0,1.272968,0.390021,1064,20,
1,144,Overall,Overall,30,16,30,0.0,0.507585,0.380705,1025,19,
1,145,Overall,Overall,30,17,30,0.0,0.537461,0.379531,1027,19,
1,146,Overall,Overall,30,5,30,-2.0,-2.675739,0.512139,866,26,
1,147,Overall,Overall,30,9,30,-1.5,-1.724382,0.409039,914,20,
1,148,Overall,Overall,30,17,30,0.5,0.319671,0.380731,1016,19,
1,149,Overall,Overall,30,17,30,0.5,0.390155,0.375185,1020,19,
1,150,Overall,Overall,30,21,30,1.5,1.796203,0.421456,1090,21,
1,151,Overall,Overall,30,15,30,-1.0,-0.862193,0.378769,957,19,
1,152,Overall,Overall,30,20,30,1.0,1.273426,0.39803,1064,20,
1,153,Overall,Overall,30,16,30,0.5,0.574932,0.378269,1029,19,
1,154,Overall,Overall,30,15,30,-0.5,-0.628253,0.375682,969,19,
1,155,Overall,Overall,30,22,30,2.0,2.17774,0.434213,1109,22,
1,156,Overall,Overall,30,17,30,1.0,1.201601,0.39157,1060,20,
1,157,Overall,Overall,30,23,30,1.5,2.088051,0.455827,1104,23,
1,158,Overall,Overall,30,16,30,0.5,0.456231,0.375367,1023,19,
1,159,Overall,Overall,30,17,30,1.5,1.068582,0.388983,1053,19,
1,160,Overall,Overall,30,22,30,2.0,2.112915,0.44121,1106,22,
1,161,Overall,Overall,30,20,30,1.5,1.651786,0.405936,1083,20,
1,162,Overall,Overall,30,17,30,0.5,1.141286,0.393481,1057,20,
1,163,Overall,Overall,30,17,30,1.0,0.848847,0.377009,1042,19,
1,164,Overall,Overall,30,13,30,-0.5,-0.174362,0.374932,991,19,
1,165,Overall,Overall,30,8,30,-2.0,-2.093507,0.431287,895,22,
1,166,Overall,Overall,30,13,30,0.0,0.291923,0.380136,1015,19,
1,167,Overall,Overall,30,14,30,-1.0,-0.870112,0.378259,956,19,
1,168,Overall,Overall,30,14,30,0.0,0.110175,0.370536,1006,19,
1,169,Overall,Overall,30,12,30,-1.0,-1.563052,0.392898,922,20,
1,170,Overall,Overall,30,8,30,-2.0,-2.15942,0.429813,892,21,
1,171,Overall,Overall,30,14,30,0.0,-0.210283,0.372078,989,19,
1,172,Overall,Overall,30,11,30,-1.5,-1.268782,0.4041,937,20,
1,173,Overall,Overall,30,17,30,0.5,0.490622,0.374156,1025,19,
1,174,Overall,Overall,30,17,30,0.5,1.083733,0.392285,1054,20,
1,175,Overall,Overall,30,22,30,2.0,2.133607,0.435499,1107,22,
1,176,Overall,Overall,30,25,30,2.0,2.882138,0.518702,1144,26,
1,177,Overall,Overall,30,21,30,1.5,1.821188,0.416325,1091,21,
1,178,Overall,Overall,30,15,30,0.5,0.23736,0.369504,1012,18,
1,179,Overall,Overall,30,8,30,-2.0,-2.180188,0.434494,891,22,
1,180,Overall,Overall,30,16,30,1.0,0.555115,0.377268,1028,19,
1,181,Overall,Overall,30,16,30,1.5,1.085159,0.390234,1054,20,
1,182,Overall,Overall,30,15,30,0.0,0.346931,0.371477,1017,19,
1,183,Overall,Overall,30,20,30,1.5,1.999804,0.412248,1100,21,
1,184,Overall,Overall,30,18,30,-0.5,-0.204608,0.388781,990,19,
1,185,Overall,Overall,30,7,30,-2.0,-2.177714,0.450726,891,23,
1,186,Overall,Overall,30,18,30,1.0,1.541831,0.399819,1077,20,
1,187,Overall,Overall,30,13,30,-1.5,-1.028443,0.386522,949,19,
1,188,Overall,Overall,30,10,30,-2.0,-1.849647,0.407479,908,20,
1,189,Overall,Overall,30,16,30,-0.5,-0.003516,0.374099,1000,19,
1,190,Overall,Overall,30,4,30,-2.0,-3.005314,0.561849,850,28,
1,191,Overall,Overall,30,25,30,2.0,2.802544,0.516362,1140,26,
1,192,Overall,Overall,30,20,30,1.5,1.349493,0.404415,1067,20,
1,193,Overall,Overall,30,20,30,1.5,1.790437,0.410268,1090,21,
1,194,Overall,Overall,30,14,30,0.5,0.513091,0.387004,1026,19,
1,195,Overall,Overall,30,15,30,1.0,0.8759,0.378849,1044,19,
1,196,Overall,Overall,30,22,30,2.0,2.036714,0.43554,1102,22,
1,197,Overall,Overall,30,18,30,1.0,1.354291,0.392564,1068,20,
1,198,Overall,Overall,30,15,30,-1.0,-1.175409,0.385629,941,19,
1,199,Overall,Overall,30,17,30,1.0,0.802096,0.382828,1040,19,
1,200,Overall,Overall,30,12,30,-1.5,-1.616891,0.392711,919,20,
1,201,Overall,Overall,30,13,30,-1.5,-1.118702,0.383978,944,19,
1,202,Overall,Overall,30,17,30,-0.5,-0.27838,0.384906,986,19,
1,203,Overall,Overall,30,19,30,1.0,1.417122,0.396182,1071,20,
1,204,Overall,Overall,30,21,30,1.0,1.108186,0.417606,1055,21,
1,205,Overall,Overall,30,12,30,-1.0,-1.114893,0.382733,944,19,
1,206,Overall,Overall,30,5,30,-2.0,-2.747205,0.509742,863,25,
1,207,Overall,Overall,30,17,30,-0.5,-0.370919,0.379776,981,19,
1,208,Overall,Overall,30,14,30,-1.0,-0.399292,0.376871,980,19,
1,209,Overall,Overall,30,21,30,1.0,1.679477,0.416935,1084,21,
1,210,Overall,Overall,30,22,30,1.0,0.835009,0.41935,1042,21,
1,211,Overall,Overall,30,19,30,1.5,1.065555,0.391008,1053,20,
1,212,Overall,Overall,30,15,30,0.5,0.303873,0.376068,1015,19,
1,213,Overall,Overall,30,18,30,1.0,1.15675,0.39142,1058,20,
1,214,Overall,Overall,30,13,30,-0.5,-0.721884,0.385641,964,19,
1,215,Overall,Overall,30,7,30,-2.0,-2.300756,0.449895,885,22,
1,216,Overall,Overall,30,20,30,0.5,1.406917,0.417613,1070,21,
1,217,Overall,Overall,30,12,30,-1.0,-0.285297,0.379438,986,19,
1,218,Overall,Overall,30,7,30,-1.5,-2.140997,0.461282,893,23,
1,219,Overall,Overall,30,21,30,1.5,1.875237,0.414115,1094,21,
1,220,Overall,Overall,30,17,30,1.5,1.327694,0.389645,1066,19,
1,221,Overall,Overall,30,15,30,-0.5,0.500553,0.38179,1025,19,
1,222,Overall,Overall,30,23,30,2.0,2.263311,0.455533,1113,23,
1,223,Overall,Overall,30,8,30,-2.0,-2.262495,0.434918,887,22,
1,224,Overall,Overall,30,11,30,-1.5,-1.639907,0.398828,918,20,
1,225,Overall,Overall,30,5,30,-2.0,-2.698199,0.508455,865,25,
1,226,Overall,Overall,30,21,30,2.0,1.849032,0.427859,1092,21,
1,227,Overall,Overall,30,19,30,0.5,1.321268,0.388457,1066,19,
1,228,Overall,Overall,30,13,30,-0.5,-1.065467,0.397614,947,20,
1,229,Overall,Overall,30,16,30,0.5,0.6607,0.37438,1033,19,
1,230,Overall,Overall,30,14,30,-1.5,-0.924091,0.380142,954,19,
1,231,Overall,Overall,30,19,30,2.0,1.739429,0.402836,1087,20,
1,232,Overall,Overall,30,22,30,1.5,1.894126,0.431352,1095,22,
1,233,Overall,Overall,30,18,30,0.5,0.942875,0.383893,1047,19,
1,234,Overall,Overall,30,16,30,0.0,-0.282432,0.384674,986,19,
1,235,Overall,Overall,30,12,30,-1.0,-0.718696,0.381435,964,19,
1,236,Overall,Overall,30,20,30,2.0,1.885892,0.421752,1094,21,
1,237,Overall,Overall,30,12,30,-2.0,-1.427608,0.391206,929,20,
1,238,Overall,Overall,30,12,30,-0.5,-0.611105,0.381666,969,19,
1,239,Overall,Overall,30,16,30,-0.5,-0.097256,0.38117,995,19,
1,240,Overall,Overall,30,11,30,-0.5,-0.163045,0.399282,992,20,
1,241,Overall,Overall,30,9,30,-1.5,-1.336067,0.408376,933,20,
1,242,Overall,Overall,30,20,30,2.0,1.597708,0.408046,1080,20,
1,243,Overall,Overall,30,11,30,-0.5,-0.47793,0.388699,976,19,
1,244,Overall,Overall,30,8,30,-1.5,-1.992965,0.433953,900,22,
1,245,Overall,Overall,30,19,30,0.5,1.561867,0.409679,1078,20,
1,246,Overall,Overall,30,21,30,1.5,1.711701,0.42698,1086,21,
1,247,Overall,Overall,30,15,30,0.0,-0.011351,0.370744,999,19,
1,248,Overall,Overall,30,19,30,1.0,0.824826,0.388498,1041,19,
1,249,Overall,Overall,30,20,30,1.0,1.661952,0.409755,1083,20,
1,250,Overall,Overall,30,8,30,-2.0,-2.172026,0.430514,891,22,
1,251,Overall,Overall,30,23,30,1.5,2.212552,0.457063,1111,23,
1,252,Overall,Overall,30,20,30,2.0,1.928395,0.411163,1096,21,
1,253,Overall,Overall,30,12,30,-1.0,-1.180693,0.394454,941,20,
1,254,Overall,Overall,30,11,30,-1.0,-1.350854,0.396724,932,20,
1,255,Overall,Overall,30,20,30,2.0,1.268644,0.4098,1063,20,
1,256,Overall,Overall,30,15,30,0.5,0.262318,0.37709,1013,19,
1,257,Overall,Overall,30,16,30,1.0,0.716257,0.377215,1036,19,
1,258,Overall,Overall,30,6,30,-2.0,-2.479706,0.47888,876,24,
1,259,Overall,Overall,30,15,30,-0.5,-0.625025,0.383229,969,19,
1,260,Overall,Overall,30,16,30,-0.5,-0.05471,0.377782,997,19,
1,261,Overall,Overall,30,18,30,0.0,0.918338,0.389551,1046,19,
1,262,Overall,Overall,30,15,30,-1.0,-0.742615,0.374574,963,19,
1,263,Overall,Overall,30,15,30,-0.5,-0.831703,0.385083,958,19,
1,264,Overall,Overall,30,18,30,1.0,0.979089,0.383633,1049,19,
1,265,Overall,Overall,30,18,30,1.5,1.402905,0.40127,1070,20,
1,266,Overall,Overall,30,12,30,-1.0,-0.833536,0.381903,958,19,
1,267,Overall,Overall,30,12,30,-2.0,-1.427608,0.391206,929,20,
1,268,Overall,Overall,30,17,30,0.0,1.110892,0.391934,1056,20,
1,269,Overall,Overall,30,16,30,0.0,0.134606,0.372085,1007,19,
1,270,Overall,Overall,30,9,30,-1.5,-1.277292,0.422892,936,21,
1,271,Overall,Overall,30,10,30,-1.5,-1.694674,0.409328,915,20,
1,272,Overall,Overall,30,22,30,2.0,2.275224,0.436478,1114,22,
1,273,Overall,Overall,30,10,30,-1.5,-1.986241,0.406745,901,20,
1,274,Overall,Overall,30,9,30,-1.0,-1.461212,0.410588,927,21,
1,275,Overall,Overall,30,13,30,-1.5,-1.199695,0.386647,940,19,
1,276,Overall,Overall,30,14,30,0.0,-0.657866,0.377184,967,19,
1,277,Overall,Overall,30,5,30,-2.0,-2.860462,0.506717,857,25,
1,278,Overall,Overall,30,8,30,-2.0,-2.009293,0.432055,900,22,
1,279,Overall,Overall,30,16,30,0.5,0.839975,0.37719,1042,19,
1,280,Overall,Overall,30,17,30,1.0,0.950047,0.392389,1048,20,
1,281,Overall,Overall,30,14,30,-0.5,-0.559857,0.375874,972,19,
1,282,Overall,Overall,30,11,30,-1.5,-0.799518,0.38772,960,19,
1,283,Overall,Overall,30,17,30,1.0,0.981926,0.382241,1049,19,
1,284,Overall,Overall,30,13,30,-1.0,-1.201131,0.402265,940,20,
1,285,Overall,Overall,30,15,30,-0.5,-0.686226,0.379588,966,19,
1,286,Overall,Overall,30,14,30,0.0,0.194089,0.37911,1010,19,
1,287,Overall,Overall,30,11,30,-1.0,-1.300699,0.393547,935,20,
1,288,Overall,Overall,30,22,30,2.0,2.12871,0.441157,1106,22,
1,289,Overall,Overall,30,13,30,0.0,-0.115319,0.374103,994,19,
1,290,Overall,Overall,30,13,30,0.0,0.348143,0.392483,1017,20,
1,291,Overall,Overall,30,22,30,2.0,2.037641,0.439673,1102,22,
1,292,Overall,Overall,30,10,30,-1.0,-1.648987,0.406557,918,20,
1,293,Overall,Overall,30,19,30,0.0,0.693337,0.387634,1035,19,
1,294,Overall,Overall,30,15,30,-0.5,0.145997,0.373732,1007,19,
1,295,Overall,Overall,30,15,30,-1.0,-0.503306,0.375821,975,19,
1,296,Overall,Overall,30,14,30,-1.0,-0.943676,0.383312,953,19,
1,297,Overall,Overall,30,16,30,1.5,1.205843,0.383171,1060,19,
1,298,Overall,Overall,30,23,30,2.0,2.331221,0.459606,1117,23,
1,299,Overall,Overall,30,10,30,-2.0,-1.976218,0.40717,901,20,
1,300,Overall,Overall,30,19,30,1.5,1.247199,0.395251,1062,20,
1,301,Overall,Overall,30,18,30,-0.5,-0.23859,0.391784,988,20,
1,302,Overall,Overall,30,19,30,0.0,0.364836,0.386557,1018,19,
1,303,Overall,Overall,30,8,30,-1.5,-2.046889,0.432385,898,22,
1,304,Overall,Overall,30,24,30,2.0,2.601474,0.484643,1130,24,
1,305,Overall,Overall,30,14,30,-0.5,0.155287,0.370243,1008,19,
1,306,Overall,Overall,30,22,30,1.5,1.885684,0.432977,1094,22,
1,307,Overall,Overall,30,25,30,2.0,2.693389,0.523333,1135,26,
1,308,Overall,Overall,30,12,30,-0.5,-0.404891,0.386573,980,19,
1,309,Overall,Overall,30,5,30,-2.0,-2.839424,0.507493,858,25,
1,310,Overall,Overall,30,11,30,-1.5,-1.311561,0.397587,934,20,
1,311,Overall,Overall,30,15,30,0.0,0.269822,0.377128,1013,19,
1,312,Overall,Overall,30,15,30,-0.5,0.178855,0.369298,1009,18,
1,313,Overall,Overall,30,21,30,1.5,1.704541,0.43022,1085,22,
1,314,Overall,Overall,30,12,30,-1.0,-0.756816,0.385147,962,19,
1,315,Overall,Overall,30,20,30,2.0,1.495473,0.40504,1075,20,
1,316,Overall,Overall,30,16,30,1.0,0.770364,0.383905,1039,19,
1,317,Overall,Overall,30,15,30,-1.0,-0.829644,0.378808,959,19,
1,318,Overall,Overall,30,14,30,0.0,0.309914,0.37588,1015,19,
1,319,Overall,Overall,30,15,30,0.0,0.342643,0.373495,1017,19,
1,320,Overall,Overall,30,25,30,2.0,2.502985,0.505539,1125,25,
1,321,Overall,Overall,30,15,30,-1.0,-0.833983,0.379147,958,19,
1,322,Overall,Overall,30,6,30,-2.0,-2.643518,0.478606,868,24,
1,323,Overall,Overall,30,11,30,-1.0,-1.122456,0.391431,944,20,
1,324,Overall,Overall,30,18,30,1.5,1.611545,0.401444,1081,20,
1,325,Overall,Overall,30,20,30,1.5,1.89371,0.416159,1095,21,
1,326,Overall,Overall,30,12,30,-1.5,-1.009068,0.380826,950,19,
1,327,Overall,Overall,30,15,30,-0.5,-0.555166,0.378893,972,19,
1,328,Overall,Overall,30,19,30,1.5,1.708547,0.404329,1085,20,
1,329,Overall,Overall,30,14,30,-1.5,-1.365498,0.386135,932,19,
1,330,Overall,Overall,30,24,30,1.0,1.487257,0.468723,1074,23,
1,331,Overall,Overall,30,13,30,-0.5,-0.357138,0.375771,982,19,
1,332,Overall,Overall,30,23,30,2.0,2.307533,0.462091,1115,23,
1,333,Overall,Overall,30,21,30,2.0,1.689826,0.417599,1084,21,
1,334,Overall,Overall,30,10,30,-1.0,-0.672199,0.398924,966,20,
1,335,Overall,Overall,30,14,30,-0.5,-0.492644,0.375258,975,19,
1,336,Overall,Overall,30,11,30,-1.0,-0.80323,0.387312,960,19,
1,337,Overall,Overall,30,23,30,2.0,1.82057,0.445234,1091,22,
1,338,Overall,Overall,30,22,30,1.5,1.837971,0.426304,1092,21,
1,339,Overall,Overall,30,14,30,-1.0,-0.877022,0.380172,956,19,
1,340,Overall,Overall,30,10,30,-0.5,-0.863765,0.401224,957,20,
1,341,Overall,Overall,30,16,30,-0.5,-0.696239,0.382581,965,19,
1,342,Overall,Overall,30,19,30,1.5,1.659565,0.401206,1083,20,
1,343,Overall,Overall,30,17,30,1.0,0.666952,0.378712,1033,19,
1,344,Overall,Overall,30,19,30,1.5,1.219764,0.390863,1061,20,
1,345,Overall,Overall,30,17,30,-0.5,-0.17596,0.383828,991,19,
1,346,Overall,Overall,30,7,30,-1.5,-1.613957,0.449375,919,22,
1,347,Overall,Overall,30,13,30,-0.5,-0.02142,0.375283,999,19,
1,348,Overall,Overall,30,10,30,-2.0,-1.71426,0.405136,914,20,
1,349,Overall,Overall,30,19,30,1.0,1.682385,0.405176,1084,20,
1,350,Overall,Overall,30,14,30,-0.5,-0.441912,0.381061,978,19,
1,351,Overall,Overall,30,18,30,0.5,1.126034,0.383966,1056,19,
1,352,Overall,Overall,30,13,30,-0.5,-0.67691,0.383468,966,19,
1,353,Overall,Overall,30,17,30,-1.5,-0.48274,0.384368,976,19,
1,354,Overall,Overall,30,18,30,0.5,0.154553,0.389706,1008,19,
1,355,Overall,Overall,30,14,30,-0.5,-0.621922,0.39291,969,20,
1,356,Overall,Overall,30,7,30,-2.0,-2.256692,0.454495,887,23,
1,357,Overall,Overall,30,8,30,-0.5,-1.07635,0.422057,946,21,
1,358,Overall,Overall,30,15,30,-0.5,-0.547274,0.377507,973,19,
1,359,Overall,Overall,30,11,30,-1.5,-1.39735,0.39782,930,20,
1,360,Overall,Overall,30,11,30,-1.5,-1.377956,0.395832,931,20,
1,361,Overall,Overall,30,17,30,1.5,1.40457,0.385254,1070,19,
1,362,Overall,Overall,30,5,30,-2.0,-2.736067,0.507613,863,25,
1,363,Overall,Overall,30,16,30,0.0,-0.58557,0.382211,971,19,
1,364,Overall,Overall,30,10,30,-2.0,-1.637325,0.404731,918,20,
1,365,Overall,Overall,30,14,30,-0.5,-0.584297,0.37573,971,19,
1,366,Overall,Overall,30,13,30,-1.0,-1.025211,0.396184,949,20,
1,367,Overall,Overall,30,7,30,-1.5,-2.175488,0.452608,891,23,
1,368,Overall,Overall,30,15,30,0.0,0.005168,0.371112,1000,19,
1,369,Overall,Overall,30,23,30,2.0,1.499396,0.448508,1075,22,
1,370,Overall,Overall,30,16,30,-0.5,0.320147,0.374151,1016,19,
1,371,Overall,Overall,30,20,30,1.5,1.815579,0.404903,1091,20,
1,372,Overall,Overall,30,18,30,1.0,1.226463,0.392459,1061,20,
1,373,Overall,Overall,30,16,30,0.5,0.715683,0.377459,1036,19,
1,374,Overall,Overall,30,12,30,-1.0,-1.330394,0.391105,933,20,
1,375,Overall,Overall,30,11,30,-1.0,-1.452674,0.390174,927,20,
1,376,Overall,Overall,30,18,30,1.0,0.940788,0.392509,1047,20,
1,377,Overall,Overall,30,15,30,-0.5,-0.177689,0.375863,991,19,
1,378,Overall,Overall,30,17,30,0.5,0.249414,0.375306,1012,19,
1,379,Overall,Overall,30,11,30,-1.5,-1.281009,0.394837,936,20,
1,380,Overall,Overall,30,18,30,2.0,1.014387,0.390551,1051,20,
1,381,Overall,Overall,30,16,30,-1.0,-0.715224,0.382601,964,19,
1,382,Overall,Overall,30,23,30,2.0,2.10722,0.455822,1105,23,
1,383,Overall,Overall,30,13,30,-1.5,-1.451632,0.389585,927,19,
1,384,Overall,Overall,30,7,30,-1.5,-2.144263,0.44898,893,22,
1,385,Overall,Overall,30,19,30,2.0,1.501658,0.398205,1075,20,
1,386,Overall,Overall,30,8,30,-2.0,-1.820454,0.434591,909,22,
1,387,Overall,Overall,30,14,30,-0.5,-0.300485,0.376793,985,19,
1,388,Overall,Overall,30,23,30,2.0,2.3931,0.457323,1120,23,
1,389,Overall,Overall,30,7,30,-1.5,-2.143929,0.453059,893,23,
1,390,Overall,Overall,30,17,30,0.5,0.839792,0.380473,1042,19,
1,391,Overall,Overall,30,17,30,1.0,0.900801,0.380308,1045,19,
1,392,Overall,Overall,30,16,30,0.0,0.19303,0.37756,1010,19,
1,393,Overall,Overall,30,10,30,-1.0,-1.470658,0.396275,926,20,
1,394,Overall,Overall,30,23,30,2.0,2.221754,0.454386,1111,23,
1,395,Overall,Overall,30,18,30,1.0,1.394796,0.387977,1070,19,
1,396,Overall,Overall,30,16,30,0.5,0.547398,0.375779,1027,19,
1,397,Overall,Overall,30,14,30,-1.0,-0.700906,0.384716,965,19,
1,398,Overall,Overall,30,16,30,0.0,-0.214074,0.376049,989,19,
1,399,Overall,Overall,30,19,30,0.5,0.289966,0.392807,1014,20,
1,400,Overall,Overall,30,17,30,0.0,-0.023938,0.378697,999,19,
1,401,Overall,Overall,30,13,30,-0.5,-0.812408,0.383161,959,19,
1,402,Overall,Overall,30,11,30,-0.5,-0.632021,0.388653,968,19,
1,403,Overall,Overall,30,19,30,1.5,1.451168,0.401998,1073,20,
1,404,Overall,Overall,30,7,30,-1.5,-2.280701,0.454497,886,23,
1,405,Overall,Overall,30,14,30,-0.5,-0.128482,0.372533,994,19,
1,406,Overall,Overall,30,12,30,0.0,-0.840852,0.382174,958,19,
1,407,Overall,Overall,30,14,30,0.0,-0.510133,0.373826,974,19,
1,408,Overall,Overall,30,7,30,-2.0,-2.314422,0.457542,884,23,
1,409,Overall,Overall,30,19,30,1.0,0.97609,0.389505,1049,19,
1,410,Overall,Overall,30,14,30,0.0,-0.181859,0.373152,991,19,
1,411,Overall,Overall,30,15,30,0.0,-0.254093,0.374518,987,19,
1,412,Overall,Overall,30,16,30,0.0,-0.355837,0.377873,982,19,
1,413,Overall,Overall,30,20,30,1.0,1.07336,0.402496,1054,20,
1,414,Overall,Overall,30,18,30,2.0,1.519998,0.398945,1076,20,
1,415,Overall,Overall,30,11,30,-1.5,-1.621339,0.401028,919,20,
1,416,Overall,Overall,30,15,30,0.5,0.283523,0.370169,1014,19,
1,417,Overall,Overall,30,18,30,1.5,1.056857,0.393253,1053,20,
1,418,Overall,Overall,30,18,30,0.5,0.276769,0.387279,1014,19,
1,419,Overall,Overall,30,16,30,1.0,0.773397,0.379494,1039,19,
1,420,Overall,Overall,30,21,30,1.5,1.330476,0.413008,1067,21,
1,421,Overall,Overall,30,14,30,0.5,0.286409,0.375699,1014,19,
1,422,Overall,Overall,30,15,30,0.5,-0.171956,0.378786,991,19,
1,423,Overall,Overall,30,19,30,2.0,1.63243,0.397504,1082,20,
1,424,Overall,Overall,30,11,30,-1.0,-1.148411,0.392305,943,20,
1,425,Overall,Overall,30,13,30,-0.5,-0.367835,0.381946,982,19,
1,426,Overall,Overall,30,17,30,0.5,1.181199,0.386031,1059,19,
1,427,Overall,Overall,30,16,30,1.0,0.373781,0.374297,1019,19,
1,428,Overall,Overall,30,23,30,1.5,2.051363,0.454165,1103,23,
1,429,Overall,Overall,30,24,30,2.0,2.524988,0.48575,1126,24,
1,430,Overall,Overall,30,8,30,-2.0,-2.18824,0.432674,891,22,
1,431,Overall,Overall,30,17,30,1.0,0.705784,0.379242,1035,19,
1,432,Overall,Overall,30,9,30,-2.0,-1.79592,0.415611,910,21,
1,433,Overall,Overall,30,13,30,-1.5,-1.124485,0.383497,944,19,
1,434,Overall,Overall,30,10,30,-1.5,-1.709486,0.406527,915,20,
1,435,Overall,Overall,30,14,30,-0.5,-0.410054,0.374221,979,19,
1,436,Overall,Overall,30,16,30,0.5,0.464341,0.375727,1023,19,
1,437,Overall,Overall,30,24,30,2.0,2.626934,0.477482,1131,24,
1,438,Overall,Overall,30,23,30,2.0,2.414469,0.453921,1121,23,
1,439,Overall,Overall,30,22,30,0.5,0.670718,0.42839,1034,21,
1,440,Overall,Overall,30,19,30,0.5,0.114387,0.390311,1006,20,
1,441,Overall,Overall,30,20,30,2.0,1.930369,0.406085,1097,20,
1,442,Overall,Overall,30,21,30,1.5,1.622297,0.415375,1081,21,
1,443,Overall,Overall,30,15,30,-0.5,-0.051139,0.372887,997,19,
1,444,Overall,Overall,30,12,30,-1.0,-1.076091,0.381927,946,19,
1,445,Overall,Overall,30,12,30,-0.5,-0.631351,0.38279,968,19,
1,446,Overall,Overall,30,6,30,-2.0,-2.539737,0.486043,873,24,
1,447,Overall,Overall,30,22,30,2.0,1.580528,0.442861,1079,22,
1,448,Overall,Overall,30,20,30,1.0,0.825775,0.398595,1041,20,
1,449,Overall,Overall,30,21,30,1.5,1.281764,0.433929,1064,22,
1,450,Overall,Overall,30,14,30,0.0,-0.155975,0.370978,992,19,
1,451,Overall,Overall,30,21,30,1.5,1.086079,0.419691,1054,21,
1,452,Overall,Overall,30,18,30,1.5,0.98397,0.38383,1049,19,
1,453,Overall,Overall,30,17,30,1.0,0.930303,0.385647,1047,19,
1,454,Overall,Overall,30,16,30,0.5,0.468372,0.387085,1023,19,
1,455,Overall,Overall,30,17,30,0.5,0.583216,0.376483,1029,19,
1,456,Overall,Overall,30,22,30,2.0,1.910606,0.438021,1096,22,
1,457,Overall,Overall,30,17,30,1.0,1.060817,0.392663,1053,20,
1,458,Overall,Overall,30,14,30,-0.5,-0.802784,0.375789,960,19,
1,459,Overall,Overall,30,11,30,-0.5,-0.366874,0.38659,982,19,
1,460,Overall,Overall,30,20,30,1.5,1.668559,0.402935,1083,20,
1,461,Overall,Overall,30,18,30,1.5,1.406655,0.396857,1070,20,
1,462,Overall,Overall,30,17,30,-0.5,-0.076672,0.381426,996,19,
1,463,Overall,Overall,30,9,30,-2.0,-1.753421,0.414953,912,21,
1,464,Overall,Overall,30,19,30,2.0,1.704861,0.401052,1085,20,
1,465,Overall,Overall,30,11,30,-2.0,-1.397629,0.409861,930,20,
1,466,Overall,Overall,30,12,30,-2.0,-1.243272,0.384783,938,19,
1,467,Overall,Overall,30,13,30,-0.5,-0.392933,0.383297,980,19,
1,468,Overall,Overall,30,11,30,-1.5,-1.471814,0.3979,926,20,
1,469,Overall,Overall,30,11,30,0.0,-1.009993,0.388198,950,19,
1,470,Overall,Overall,30,11,30,0.0,-0.460696,0.384242,977,19,
1,471,Overall,Overall,30,20,30,1.0,1.586229,0.424907,1079,21,
1,472,Overall,Overall,30,12,30,0.0,-0.456351,0.388934,977,19,
1,473,Overall,Overall,30,16,30,0.5,0.529621,0.370694,1026,19,
1,474,Overall,Overall,30,15,30,0.0,-0.578988,0.380863,971,19,
1,475,Overall,Overall,30,14,30,-1.0,-0.796337,0.380119,960,19,
1,476,Overall,Overall,30,27,30,2.0,3.341611,0.644297,1167,32,
1,477,Overall,Overall,30,10,30,-2.0,-1.424188,0.417323,929,21,
1,478,Overall,Overall,30,20,30,1.5,1.630034,0.414651,1082,21,
1,479,Overall,Overall,30,4,30,-2.0,-2.840574,0.548467,858,27,
1,480,Overall,Overall,30,9,30,-1.5,-1.850995,0.415928,907,21,
1,481,Overall,Overall,30,16,30,-1.5,-1.020271,0.387708,949,19,
1,482,Overall,Overall,30,17,30,0.5,0.443668,0.376125,1022,19,
1,483,Overall,Overall,30,20,30,1.5,1.76997,0.414227,1088,21,
1,484,Overall,Overall,30,17,30,1.5,0.891838,0.381479,1045,19,
1,485,Overall,Overall,30,16,30,1.0,0.541662,0.374182,1027,19,
1,486,Overall,Overall,30,20,30,1.0,1.366273,0.403275,1068,20,
1,487,Overall,Overall,30,18,30,0.5,0.56204,0.381021,1028,19,
1,488,Overall,Overall,30,13,30,-1.0,-0.648555,0.38547,968,19,
1,489,Overall,Overall,30,9,30,-1.5,-0.967827,0.413454,952,21,
1,490,Overall,Overall,30,14,30,0.0,-0.56894,0.376111,972,19,
1,491,Overall,Overall,30,8,30,-2.0,-1.940412,0.431316,903,22,
1,492,Overall,Overall,30,15,30,-1.5,-0.824781,0.379057,959,19,
1,493,Overall,Overall,30,15,30,-1.0,-0.480326,0.377809,976,19,
1,494,Overall,Overall,30,13,30,0.0,0.314676,0.390795,1016,20,
1,495,Overall,Overall,30,19,30,1.0,0.982325,0.395444,1049,20,
1,496,Overall,Overall,30,27,30,2.0,3.655771,0.628048,1183,31,
1,497,Overall,Overall,30,16,30,1.0,1.031945,0.386679,1052,19,
1,498,Overall,Overall,30,17,30,1.0,0.805311,0.380429,1040,19,
1,499,Overall,Overall,30,19,30,1.0,1.365052,0.398619,1068,20,
1,500,Overall,Overall,30,17,30,0.5,1.097422,0.389928,1055,19,
1,501,Overall,Overall,30,13,30,-1.0,-0.8203,0.382241,959,19,
1,502,Overall,Overall,30,17,30,0.0,0.720759,0.381033,1036,19,
1,503,Overall,Overall,30,15,30,-0.5,-0.112201,0.370976,994,19,
1,504,Overall,Overall,30,16,30,0.0,0.189105,0.373109,1009,19,
1,505,Overall,Overall,30,18,30,2.0,1.286576,0.390416,1064,20,
1,506,Overall,Overall,30,14,30,-0.5,-0.849862,0.375808,958,19,
1,507,Overall,Overall,30,12,30,-1.5,-1.243146,0.386365,938,19,
1,508,Overall,Overall,30,23,30,1.5,2.201343,0.454308,1110,23,
1,509,Overall,Overall,30,6,30,-2.0,-2.493227,0.476535,875,24,
1,510,Overall,Overall,30,20,30,0.0,0.038794,0.400801,1002,20,
1,511,Overall,Overall,30,17,30,1.0,0.195633,0.377411,1010,19,
1,512,Overall,Overall,30,21,30,1.5,1.765125,0.424927,1088,21,
1,513,Overall,Overall,30,21,30,1.0,1.83561,0.42274,1092,21,
1,514,Overall,Overall,30,15,30,0.5,0.486981,0.377727,1024,19,
1,515,Overall,Overall,30,12,30,-0.5,-0.553312,0.396372,972,20,
1,516,Overall,Overall,30,8,30,-2.0,-2.117691,0.429654,894,21,
1,517,Overall,Overall,30,14,30,0.0,0.206761,0.374773,1010,19,
1,518,Overall,Overall,30,18,30,1.5,1.480389,0.390983,1074,20,
1,519,Overall,Overall,30,23,30,1.5,2.30954,0.468512,1115,23,
1,520,Overall,Overall,30,11,30,-1.0,-1.390063,0.403636,930,20,
1,521,Overall,Overall,30,5,30,-1.0,-2.262576,0.51921,887,26,
1,522,Overall,Overall,30,13,30,-0.5,-1.088888,0.387258,946,19,
1,523,Overall,Overall,30,5,30,-2.0,-2.60703,0.50721,870,25,
1,524,Overall,Overall,30,19,30,1.0,1.027977,0.390507,1051,20,
1,525,Overall,Overall,30,17,30,0.5,0.759409,0.382044,1038,19,
1,526,Overall,Overall,30,13,30,-1.0,-0.649275,0.377777,968,19,
1,527,Overall,Overall,30,14,30,-1.0,-1.107121,0.384647,945,19,
1,528,Overall,Overall,30,12,30,-1.0,-1.232746,0.398368,938,20,
1,529,Overall,Overall,30,17,30,0.0,0.959922,0.382365,1048,19,
1,530,Overall,Overall,30,11,30,-2.0,-1.458398,0.40242,927,20,
1,531,Overall,Overall,30,14,30,-1.5,-0.857968,0.38218,957,19,
1,532,Overall,Overall,30,17,30,1.0,0.822192,0.391233,1041,20,
1,533,Overall,Overall,30,16,30,0.5,0.202454,0.371198,1010,19,
1,534,Overall,Overall,30,24,30,2.0,2.569508,0.48246,1128,24,
1,535,Overall,Overall,30,11,30,-1.0,-1.599152,0.396387,920,20,
1,536,Overall,Overall,30,17,30,1.0,0.821483,0.376175,1041,19,
1,537,Overall,Overall,30,12,30,-1.0,-0.875849,0.382328,956,19,
1,538,Overall,Overall,30,18,30,0.5,0.349432,0.379516,1017,19,
1,539,Overall,Overall,30,15,30,0.5,-0.171176,0.380289,991,19,
1,540,Overall,Overall,30,13,30,-1.5,-1.127395,0.38399,944,19,
1,541,Overall,Overall,30,21,30,1.5,1.937495,0.419355,1097,21,
1,542,Overall,Overall,30,12,30,0.0,-0.29099,0.381565,985,19,
1,543,Overall,Overall,30,19,30,0.5,0.720714,0.383534,1036,19,
1,544,Overall,Overall,30,17,30,1.0,0.954667,0.385316,1048,19,
1,545,Overall,Overall,30,16,30,1.0,0.852595,0.387817,1043,19,
1,546,Overall,Overall,30,10,30,-1.5,-1.84856,0.410423,908,21,
1,547,Overall,Overall,30,17,30,0.5,1.112763,0.387693,1056,19,
1,548,Overall,Overall,30,19,30,0.0,-0.073443,0.391172,996,20,
1,549,Overall,Overall,30,20,30,1.5,1.572709,0.412591,1079,21,
1,550,Overall,Overall,30,21,30,2.0,1.971896,0.42643,1099,21,
1,551,Overall,Overall,30,12,30,-1.5,-1.484785,0.39187,926,20,
1,552,Overall,Overall,30,16,30,-0.5,-0.485322,0.378458,976,19,
1,553,Overall,Overall,30,22,30,2.0,2.276081,0.430194,1114,22,
1,554,Overall,Overall,30,9,30,-2.0,-1.791812,0.42304,910,21,
1,555,Overall,Overall,30,20,30,1.0,1.208656,0.402813,1060,20,
1,556,Overall,Overall,30,13,30,-1.0,-0.987572,0.389574,951,19,
1,557,Overall,Overall,30,14,30,-0.5,-0.076172,0.37197,996,19,
1,558,Overall,Overall,30,9,30,-1.5,-1.544891,0.409905,923,20,
1,559,Overall,Overall,30,6,30,-2.0,-2.518598,0.480961,874,24,
1,560,Overall,Overall,30,20,30,0.0,0.335896,0.401163,1017,20,
1,561,Overall,Overall,30,12,30,-1.0,-1.256234,0.383254,937,19,
1,562,Overall,Overall,30,22,30,1.0,1.212391,0.43149,1061,22,
1,563,Overall,Overall,30,7,30,-2.0,-2.201078,0.451072,890,23,
1,564,Overall,Overall,30,14,30,-1.5,-1.190873,0.392679,940,20,
1,565,Overall,Overall,30,15,30,0.5,0.375459,0.37759,1019,19,
1,566,Overall,Overall,30,12,30,-0.5,-0.363181,0.378825,982,19,
1,567,Overall,Overall,30,24,30,2.0,2.537535,0.483852,1127,24,
1,568,Overall,Overall,30,12,30,-1.5,-1.242741,0.386245,938,19,
1,569,Overall,Overall,30,19,30,1.5,1.13292,0.398014,1057,20,
1,570,Overall,Overall,30,13,30,-1.0,-0.710802,0.3861,964,19,
1,571,Overall,Overall,30,12,30,0.5,-0.293034,0.379673,985,19,
1,572,Overall,Overall,30,22,30,1.5,1.34244,0.427411,1067,21,
1,573,Overall,Overall,30,24,30,2.0,2.672087,0.483537,1134,24,
1,574,Overall,Overall,30,22,30,1.5,1.992084,0.438344,1100,22,
1,575,Overall,Overall,30,19,30,1.5,1.430008,0.398356,1072,20,
1,576,Overall,Overall,30,20,30,1.5,1.307426,0.399252,1065,20,
1,577,Overall,Overall,30,9,30,-2.0,-2.070612,0.418325,896,21,
1,578,Overall,Overall,30,11,30,-1.5,-1.426448,0.403567,929,20,
1,579,Overall,Overall,30,18,30,1.5,1.396803,0.405403,1070,20,
1,580,Overall,Overall,30,21,30,2.0,1.818844,0.428818,1091,21,
1,581,Overall,Overall,30,22,30,1.5,1.509924,0.423644,1075,21,
1,582,Overall,Overall,30,18,30,1.0,1.295273,0.393239,1065,20,
1,583,Overall,Overall,30,20,30,1.0,1.252975,0.398464,1063,20,
1,584,Overall,Overall,30,16,30,1.0,1.179134,0.384199,1059,19,
1,585,Overall,Overall,30,9,30,-2.0,-1.849145,0.417503,908,21,
1,586,Overall,Overall,30,17,30,0.5,-0.037515,0.388737,998,19,
1,587,Overall,Overall,30,13,30,-0.5,-0.463985,0.382195,977,19,
1,588,Overall,Overall,30,14,30,1.0,-0.128568,0.373023,994,19,
1,589,Overall,Overall,30,19,30,1.0,1.298062,0.395523,1065,20,
1,590,Overall,Overall,30,12,30,-0.5,-0.390215,0.382771,980,19,
1,591,Overall,Overall,30,8,30,-2.0,-2.187144,0.433361,891,22,
1,592,Overall,Overall,30,14,30,-1.0,-0.62078,0.381153,969,19,
1,593,Overall,Overall,30,13,30,-1.0,-1.329882,0.388805,934,19,
1,594,Overall,Overall,30,19,30,0.5,0.696783,0.385248,1035,19,
1,595,Overall,Overall,30,18,30,1.5,0.80186,0.379074,1040,19,
1,596,Overall,Overall,30,11,30,-1.5,-1.71335,0.40014,914,20,
1,597,Overall,Overall,30,18,30,1.5,1.026529,0.387756,1051,19,
1,598,Overall,Overall,30,18,30,0.5,0.780646,0.379904,1039,19,
1,599,Overall,Overall,30,19,30,1.5,1.26368,0.392106,1063,20,
1,600,Overall,Overall,30,4,30,-2.0,-2.898905,0.561025,855,28,
1,601,Overall,Overall,30,19,30,1.5,1.771102,0.402099,1089,20,
1,602,Overall,Overall,30,13,30,-1.0,-0.984607,0.378048,951,19,
1,603,Overall,Overall,30,6,30,-2.0,-2.467818,0.47397,877,24,
1,604,Overall,Overall,30,16,30,-0.5,-0.399073,0.375281,980,19,
1,605,Overall,Overall,30,19,30,1.5,1.421977,0.408591,1071,20,
1,606,Overall,Overall,30,12,30,-1.0,-0.329366,0.377894,984,19,
1,607,Overall,Overall,30,17,30,1.0,0.963217,0.386704,1048,19,
1,608,Overall,Overall,30,19,30,2.0,1.494977,0.398721,1075,20,
1,609,Overall,Overall,30,13,30,-0.5,-0.217499,0.376632,989,19,
1,610,Overall,Overall,30,19,30,1.5,1.603105,0.401407,1080,20,
1,611,Overall,Overall,30,14,30,-1.0,-0.871494,0.398849,956,20,
1,612,Overall,Overall,30,22,30,2.0,1.951791,0.430963,1098,22,
1,613,Overall,Overall,30,18,30,1.0,1.120468,0.384615,1056,19,
1,614,Overall,Overall,30,19,30,0.5,0.24415,0.388354,1012,19,
1,615,Overall,Overall,30,17,30,0.5,0.542223,0.373826,1027,19,
1,616,Overall,Overall,30,23,30,1.5,2.053312,0.446308,1103,22,
1,617,Overall,Overall,30,13,30,-1.0,-0.553504,0.377797,972,19,
1,618,Overall,Overall,30,14,30,-0.5,-0.905583,0.394786,955,20,
1,619,Overall,Overall,30,23,30,1.5,2.122107,0.455243,1106,23,
1,620,Overall,Overall,30,22,30,2.0,1.855009,0.433486,1093,22,
1,621,Overall,Overall,30,10,30,-1.5,-1.591144,0.40171,920,20,
1,622,Overall,Overall,30,13,30,-1.5,-1.092462,0.385305,945,19,
1,623,Overall,Overall,30,16,30,0.5,1.151547,0.390807,1058,20,
1,624,Overall,Overall,30,15,30,0.0,-0.420332,0.383444,979,19,
1,625,Overall,Overall,30,22,30,2.0,1.714211,0.424667,1086,21,
1,626,Overall,Overall,30,8,30,-2.0,-2.05774,0.435463,897,22,
1,627,Overall,Overall,30,16,30,0.0,0.191874,0.378866,1010,19,
1,628,Overall,Overall,30,15,30,-0.5,-0.494843,0.380741,975,19,
1,629,Overall,Overall,30,15,30,0.0,0.007407,0.369857,1000,18,
1,630,Overall,Overall,30,10,30,-1.5,-1.352304,0.399841,932,20,
1,631,Overall,Overall,30,22,30,2.0,2.175886,0.440611,1109,22,
1,632,Overall,Overall,30,7,30,-2.0,-1.540739,0.445349,923,22,
1,633,Overall,Overall,30,14,30,0.0,-0.025763,0.376241,999,19,
1,634,Overall,Overall,30,12,30,-1.0,-1.443626,0.390179,928,20,
1,635,Overall,Overall,30,16,30,0.5,0.611137,0.376183,1031,19,
1,636,Overall,Overall,30,13,30,0.0,-0.232479,0.372873,988,19,
1,637,Overall,Overall,30,24,30,2.0,2.411227,0.47872,1121,24,
1,638,Overall,Overall,30,22,30,1.0,0.878148,0.42667,1044,21,
1,639,Overall,Overall,30,19,30,2.0,1.715635,0.403646,1086,20,
1,640,Overall,Overall,30,12,30,-2.0,-1.264885,0.387965,937,19,
1,641,Overall,Overall,30,14,30,0.5,0.278122,0.373701,1014,19,
1,642,Overall,Overall,30,17,30,0.0,0.221217,0.374524,1011,19,
1,643,Overall,Overall,30,16,30,0.5,0.481293,0.374844,1024,19,
1,644,Overall,Overall,30,23,30,1.5,2.248569,0.46372,1112,23,
1,645,Overall,Overall,30,15,30,0.0,0.292255,0.373541,1015,19,
1,646,Overall,Overall,30,18,30,1.0,1.102086,0.391903,1055,20,
1,647,Overall,Overall,30,25,30,2.0,2.732762,0.522271,1137,26,
1,648,Overall,Overall,30,19,30,0.5,0.583197,0.387759,1029,19,
1,649,Overall,Overall,30,14,30,0.0,-0.689195,0.375294,966,19,
1,650,Overall,Overall,30,16,30,0.0,-0.148396,0.381993,993,19,
1,651,Overall,Overall,30,14,30,-0.5,-0.157693,0.371821,992,19,
1,652,Overall,Overall,30,23,30,2.0,1.868679,0.442956,1093,22,
1,653,Overall,Overall,30,10,30,-2.0,-1.876637,0.40841,906,20,
1,654,Overall,Overall,30,15,30,0.0,0.395857,0.371297,1020,19,
1,655,Overall,Overall,30,12,30,-1.5,-1.47794,0.400177,926,20,
1,656,Overall,Overall,30,12,30,-0.5,-0.349008,0.384294,983,19,
1,657,Overall,Overall,30,14,30,-0.5,0.624363,0.378562,1031,19,
1,658,Overall,Overall,30,20,30,2.0,1.537698,0.415563,1077,21,
1,659,Overall,Overall,30,19,30,1.5,1.478502,0.400126,1074,20,
1,660,Overall,Overall,30,15,30,0.5,0.438272,0.373975,1022,19,
1,661,Overall,Overall,30,10,30,-1.5,-1.712356,0.409591,914,20,
1,662,Overall,Overall,30,12,30,0.0,-0.309362,0.377409,985,19,
1,663,Overall,Overall,30,16,30,0.0,0.077072,0.377355,1004,19,
1,664,Overall,Overall,30,14,30,0.5,0.809408,0.390084,1040,20,
1,665,Overall,Overall,30,13,30,-1.0,-1.035301,0.380487,948,19,
1,666,Overall,Overall,30,14,30,0.0,-0.107068,0.377617,995,19,
1,667,Overall,Overall,30,12,30,-1.5,-1.267964,0.394883,937,20,
1,668,Overall,Overall,30,8,30,-1.5,-2.045448,0.437979,898,22,
1,669,Overall,Overall,30,9,30,-1.5,-1.828976,0.417427,909,21,
1,670,Overall,Overall,30,13,30,-0.5,-0.936048,0.395509,953,20,
1,671,Overall,Overall,30,12,30,0.0,-0.094015,0.384452,995,19,
1,672,Overall,Overall,30,13,30,0.0,-0.474632,0.377401,976,19,
1,673,Overall,Overall,30,14,30,-0.5,-0.01161,0.370232,999,19,
1,674,Overall,Overall,30,5,30,-2.0,-2.831961,0.508709,858,25,
1,675,Overall,Overall,30,16,30,1.0,0.625561,0.383377,1031,19,
1,676,Overall,Overall,30,9,30,-1.0,-1.768467,0.412057,912,21,
1,677,Overall,Overall,30,19,30,2.0,1.456358,0.398958,1073,20,
1,678,Overall,Overall,30,18,30,0.5,0.814477,0.382983,1041,19,
1,679,Overall,Overall,30,20,30,2.0,1.80544,0.403994,1090,20,
1,680,Overall,Overall,30,23,30,2.0,2.303078,0.454575,1115,23,
1,681,Overall,Overall,30,10,30,-1.5,-1.470658,0.396275,926,20,
1,682,Overall,Overall,30,14,30,-1.0,-1.032453,0.382244,948,19,
1,683,Overall,Overall,30,17,30,0.0,0.329119,0.377441,1016,19,
1,684,Overall,Overall,30,11,30,-1.0,-1.060628,0.392205,947,20,
1,685,Overall,Overall,30,10,30,-1.0,-1.150273,0.397423,942,20,
1,686,Overall,Overall,30,8,30,-1.5,-2.052201,0.43437,897,22,
1,687,Overall,Overall,30,17,30,0.0,0.413028,0.380475,1021,19,
1,688,Overall,Overall,30,10,30,-1.5,-1.498848,0.401321,925,20,
1,689,Overall,Overall,30,18,30,1.0,1.223616,0.383096,1061,19,
1,690,Overall,Overall,30,13,30,-1.0,-1.081125,0.384055,946,19,
1,691,Overall,Overall,30,9,30,-2.0,-1.916902,0.415046,904,21,
1,692,Overall,Overall,30,18,30,1.0,0.100146,0.385783,1005,19,
1,693,Overall,Overall,30,12,30,-1.0,-0.948922,0.382689,953,19,
1,694,Overall,Overall,30,11,30,-1.5,-1.091339,0.393967,945,20,
1,695,Overall,Overall,30,19,30,0.5,0.489547,0.388107,1024,19,
1,696,Overall,Overall,30,9,30,-1.5,-1.827214,0.416289,909,21,
1,697,Overall,Overall,30,17,30,1.0,0.467915,0.37296,1023,19,
1,698,Overall,Overall,30,19,30,1.0,1.121661,0.390165,1056,20,
1,699,Overall,Overall,30,16,30,0.5,0.586276,0.38046,1029,19,
1,700,Overall,Overall,30,16,30,0.0,0.052431,0.376219,1003,19,
1,701,Overall,Overall,30,15,30,-0.5,-0.114006,0.377706,994,19,
1,702,Overall,Overall,30,19,30,1.5,1.674884,0.397055,1084,20,
1,703,Overall,Overall,30,20,30,1.5,1.415771,0.404588,1071,20,
1,704,Overall,Overall,30,12,30,-0.5,-0.501654,0.38386,975,19,
1,705,Overall,Overall,30,12,30,-1.5,-1.493882,0.399328,925,20,
1,706,Overall,Overall,30,13,30,0.0,0.338855,0.385632,1017,19,
1,707,Overall,Overall,30,12,30,-1.5,-1.087412,0.39713,946,20,
1,708,Overall,Overall,30,15,30,-0.5,0.069826,0.370119,1003,19,
1,709,Overall,Overall,30,15,30,0.5,0.271877,0.372642,1014,19,
1,710,Overall,Overall,30,8,30,-1.0,-1.993699,0.427896,900,21,
1,711,Overall,Overall,30,15,30,-0.5,-0.490711,0.376929,975,19,
1,712,Overall,Overall,30,17,30,1.0,1.143401,0.382822,1057,19,
1,713,Overall,Overall,30,8,30,-2.0,-2.040743,0.436286,898,22,
1,714,Overall,Overall,30,21,30,1.0,1.239017,0.408422,1062,20,
1,715,Overall,Overall,30,22,30,2.0,2.215514,0.438482,1111,22,
1,716,Overall,Overall,30,15,30,0.0,0.371643,0.374677,1019,19,
1,717,Overall,Overall,30,15,30,0.5,-0.093913,0.37088,995,19,
1,718,Overall,Overall,30,22,30,2.0,1.840984,0.434224,1092,22,
1,719,Overall,Overall,30,14,30,-1.0,-0.135422,0.371194,993,19,
1,720,Overall,Overall,30,17,30,1.0,0.798943,0.382342,1040,19,
1,721,Overall,Overall,30,14,30,0.0,0.068988,0.371212,1003,19,
1,722,Overall,Overall,30,18,30,1.0,0.409536,0.38357,1020,19,
1,723,Overall,Overall,30,8,30,-2.0,-1.802437,0.432192,910,22,
1,724,Overall,Overall,30,15,30,1.5,0.831632,0.385342,1042,19,
1,725,Overall,Overall,30,20,30,1.0,0.606298,0.393436,1030,20,
1,726,Overall,Overall,30,24,30,2.0,2.413341,0.4901,1121,25,
1,727,Overall,Overall,30,13,30,-2.0,-1.293853,0.389028,935,19,
1,728,Overall,Overall,30,15,30,-1.0,-0.851834,0.383183,957,19,
1,729,Overall,Overall,30,12,30,-2.0,-1.376207,0.39111,931,20,
1,730,Overall,Overall,30,19,30,1.5,1.664127,0.403051,1083,20,
1,731,Overall,Overall,30,18,30,0.5,0.813727,0.384593,1041,19,
1,732,Overall,Overall,30,20,30,1.5,1.780915,0.408717,1089,20,
1,733,Overall,Overall,30,6,30,-2.0,-2.644052,0.472879,868,24,
1,734,Overall,Overall,30,13,30,-1.5,-0.904931,0.37826,955,19,
1,735,Overall,Overall,30,23,30,2.0,2.107824,0.448943,1105,22,
1,736,Overall,Overall,30,21,30,2.0,1.922596,0.427154,1096,21,
1,737,Overall,Overall,30,19,30,1.0,1.141532,0.391626,1057,20,
1,738,Overall,Overall,30,12,30,-2.0,-1.139273,0.383377,943,19,
1,739,Overall,Overall,30,13,30,-1.0,-1.033986,0.37814,948,19,
1,740,Overall,Overall,30,19,30,0.0,0.194426,0.38757,1010,19,
1,741,Overall,Overall,30,12,30,0.0,0.057958,0.38029,1003,19,
1,742,Overall,Overall,30,12,30,-2.0,-1.623184,0.393269,919,20,
1,743,Overall,Overall,30,8,30,-2.0,-1.993134,0.428763,900,21,
1,744,Overall,Overall,30,15,30,1.0,0.652493,0.380566,1033,19,
1,745,Overall,Overall,30,16,30,0.0,0.036909,0.37253,1002,19,
1,746,Overall,Overall,30,4,30,-2.0,-3.016889,0.557623,849,28,
1,747,Overall,Overall,30,10,30,-1.5,-1.436315,0.396659,928,20,
1,748,Overall,Overall,30,15,30,-1.0,-0.761377,0.384667,962,19,
1,749,Overall,Overall,30,11,30,-0.5,-0.941389,0.39186,953,20,
1,750,Overall,Overall,30,15,30,0.5,0.651015,0.379199,1033,19,
1,751,Overall,Overall,30,9,30,-2.0,-1.962967,0.419082,902,21,
1,752,Overall,Overall,30,20,30,1.5,1.691551,0.411679,1085,21,
1,753,Overall,Overall,30,18,30,1.5,1.004322,0.39713,1050,20,
1,754,Overall,Overall,30,17,30,0.5,0.777115,0.376006,1039,19,
1,755,Overall,Overall,30,16,30,0.0,0.460195,0.375653,1023,19,
1,756,Overall,Overall,30,12,30,-1.0,-1.054239,0.38215,947,19,
1,757,Overall,Overall,30,14,30,0.0,-0.272158,0.37203,986,19,
1,758,Overall,Overall,30,18,30,1.0,1.21028,0.39253,1061,20,
1,759,Overall,Overall,30,25,30,2.0,2.591318,0.50417,1130,25,
1,760,Overall,Overall,30,6,30,-2.0,-2.626168,0.482191,869,24,
1,761,Overall,Overall,30,20,30,2.0,1.559053,0.404408,1078,20,
1,762,Overall,Overall,30,14,30,-0.5,-0.031925,0.373811,998,19,
1,763,Overall,Overall,30,13,30,-0.5,-0.917484,0.39181,954,20,
1,764,Overall,Overall,30,12,30,0.5,0.034439,0.385462,1002,19,
1,765,Overall,Overall,30,19,30,1.0,0.706138,0.388037,1035,19,
1,766,Overall,Overall,30,10,30,-1.5,-1.648405,0.405456,918,20,
1,767,Overall,Overall,30,10,30,-2.0,-1.83383,0.417372,908,21,
1,768,Overall,Overall,30,16,30,1.0,1.122958,0.393762,1056,20,
1,769,Overall,Overall,30,8,30,-2.0,-2.029235,0.43181,899,22,
1,770,Overall,Overall,30,16,30,1.5,0.763187,0.376468,1038,19,
1,771,Overall,Overall,30,17,30,0.0,0.428039,0.378193,1021,19,
1,772,Overall,Overall,30,12,30,-0.5,-0.731137,0.390477,963,20,
1,773,Overall,Overall,30,20,30,1.5,1.457015,0.407072,1073,20,
1,774,Overall,Overall,30,7,30,-2.0,-2.069817,0.458182,897,23,
1,775,Overall,Overall,30,8,30,-2.0,-1.941433,0.430903,903,22,
1,776,Overall,Overall,30,17,30,1.0,0.544631,0.380148,1027,19,
1,777,Overall,Overall,30,15,30,0.5,0.280599,0.372101,1014,19,
1,778,Overall,Overall,30,19,30,1.0,1.10706,0.392142,1055,20,
1,779,Overall,Overall,30,9,30,-2.0,-1.988695,0.418013,901,21,
1,780,Overall,Overall,30,10,30,-2.0,-1.607852,0.40701,920,20,
1,781,Overall,Overall,30,5,30,-2.0,-2.715167,0.508485,864,25,
1,782,Overall,Overall,30,15,30,0.0,-0.414051,0.382285,979,19,
1,783,Overall,Overall,30,10,30,-1.0,-1.668065,0.405559,917,20,
1,784,Overall,Overall,30,16,30,1.5,1.181591,0.390246,1059,20,
1,785,Overall,Overall,30,23,30,1.5,2.023911,0.44534,1101,22,
1,786,Overall,Overall,30,16,30,0.0,-0.326191,0.375425,984,19,
1,787,Overall,Overall,30,13,30,-1.5,-1.514471,0.390108,924,20,
1,788,Overall,Overall,30,11,30,-1.5,-1.388376,0.39077,931,20,
1,789,Overall,Overall,30,15,30,1.5,0.634619,0.375871,1032,19,
1,790,Overall,Overall,30,16,30,0.5,0.62613,0.378648,1031,19,
1,791,Overall,Overall,30,20,30,2.0,1.601726,0.405174,1080,20,
1,792,Overall,Overall,30,17,30,2.0,1.304376,0.383337,1065,19,
1,793,Overall,Overall,30,17,30,0.5,0.329126,0.375553,1016,19,
1,794,Overall,Overall,30,10,30,-1.0,-1.227304,0.404073,939,20,
1,795,Overall,Overall,30,18,30,0.5,1.123761,0.396663,1056,20,
1,796,Overall,Overall,30,9,30,-1.5,-1.962778,0.424684,902,21,
1,797,Overall,Overall,30,9,30,-1.5,-1.816395,0.4129,909,21,
1,798,Overall,Overall,30,12,30,-1.0,-1.329924,0.388817,934,19,
1,799,Overall,Overall,30,15,30,0.0,-0.7329,0.378157,963,19,
1,800,Overall,Overall,30,12,30,-2.0,-1.199891,0.387764,940,19,
1,801,Overall,Overall,30,14,30,-1.0,-0.904465,0.383082,955,19,
1,802,Overall,Overall,30,6,30,-2.0,-2.389771,0.473692,881,24,
1,803,Overall,Overall,30,21,30,2.0,2.062793,0.420206,1103,21,
1,804,Overall,Overall,30,17,30,1.0,0.410653,0.377729,1021,19,
1,805,Overall,Overall,30,6,30,-2.0,-2.41764,0.471897,879,24,
1,806,Overall,Overall,30,19,30,1.5,1.048142,0.392118,1052,20,
1,807,Overall,Overall,30,18,30,1.0,0.861194,0.391701,1043,20,
1,808,Overall,Overall,30,12,30,-0.5,-0.519415,0.383226,974,19,
1,809,Overall,Overall,30,17,30,1.0,0.679997,0.373581,1034,19,
1,810,Overall,Overall,30,15,30,0.0,-0.539126,0.375664,973,19,
1,811,Overall,Overall,30,18,30,0.0,-0.083668,0.388251,996,19,
1,812,Overall,Overall,30,14,30,-1.5,-1.211078,0.385607,939,19,
1,813,Overall,Overall,30,22,30,1.5,1.935964,0.433257,1097,22,
1,814,Overall,Overall,30,22,30,1.5,1.393418,0.433989,1070,22,
1,815,Overall,Overall,30,8,30,-2.0,-1.928153,0.429844,904,21,
1,816,Overall,Overall,30,4,30,-2.0,-3.144372,0.55971,843,28,
1,817,Overall,Overall,30,15,30,-0.5,-0.342795,0.373956,983,19,
1,818,Overall,Overall,30,21,30,2.0,1.565756,0.422438,1078,21,
1,819,Overall,Overall,30,18,30,1.0,1.042835,0.386569,1052,19,
1,820,Overall,Overall,30,13,30,-1.0,-0.893147,0.381784,955,19,
1,821,Overall,Overall,30,15,30,0.5,0.336371,0.370097,1017,19,
1,822,Overall,Overall,30,18,30,1.0,1.275111,0.397671,1064,20,
1,823,Overall,Overall,30,17,30,1.5,1.317267,0.394678,1066,20,
1,824,Overall,Overall,30,15,30,-1.0,-0.855753,0.380709,957,19,
1,825,Overall,Overall,30,11,30,-1.5,-1.567695,0.39778,922,20,
1,826,Overall,Overall,30,5,30,-2.0,-2.769586,0.511824,862,26,
1,827,Overall,Overall,30,20,30,2.0,1.999804,0.412248,1100,21,
1,828,Overall,Overall,30,14,30,0.0,0.240721,0.373986,1012,19,
1,829,Overall,Overall,30,14,30,-0.5,-0.609338,0.380663,970,19,
1,830,Overall,Overall,30,15,30,0.0,0.291061,0.373157,1015,19,
1,831,Overall,Overall,30,13,30,-1.0,-1.419258,0.389423,929,19,
1,832,Overall,Overall,30,12,30,-1.0,-1.326582,0.398077,934,20,
1,833,Overall,Overall,30,10,30,-2.0,-1.644721,0.410905,918,21,
1,834,Overall,Overall,30,12,30,0.5,-0.195777,0.37881,990,19,
1,835,Overall,Overall,30,9,30,-2.0,-2.018168,0.418916,899,21,
1,836,Overall,Overall,30,9,30,-1.5,-1.379008,0.409691,931,20,
1,837,Overall,Overall,30,19,30,1.5,1.454221,0.419659,1073,21,
1,838,Overall,Overall,30,22,30,2.0,2.073554,0.44525,1104,22,
1,839,Overall,Overall,30,21,30,2.0,2.001565,0.424923,1100,21,
1,840,Overall,Overall,30,12,30,0.0,-0.059642,0.380151,997,19,
1,841,Overall,Overall,30,8,30,-1.5,-2.034347,0.427378,898,21,
1,842,Overall,Overall,30,20,30,1.5,1.260232,0.405904,1063,20,
1,843,Overall,Overall,30,25,30,2.0,2.626672,0.527162,1131,26,
1,844,Overall,Overall,30,11,30,-2.0,-1.730339,0.398467,913,20,
1,845,Overall,Overall,30,13,30,-0.5,-0.858689,0.376268,957,19,
1,846,Overall,Overall,30,13,30,-1.5,-0.608678,0.379122,970,19,
1,847,Overall,Overall,30,22,30,2.0,2.228848,0.43404,1111,22,
1,848,Overall,Overall,30,21,30,1.5,1.783495,0.427195,1089,21,
1,849,Overall,Overall,30,19,30,1.5,1.768992,0.397731,1088,20,
1,850,Overall,Overall,30,15,30,0.0,-0.511788,0.379004,974,19,
1,851,Overall,Overall,30,12,30,-1.5,-1.172863,0.384602,941,19,
1,852,Overall,Overall,30,14,30,0.0,-0.140862,0.375467,993,19,
1,853,Overall,Overall,30,19,30,0.5,0.690808,0.390889,1035,20,
1,854,Overall,Overall,30,17,30,0.5,1.102585,0.382287,1055,19,
1,855,Overall,Overall,30,19,30,0.5,0.90985,0.389804,1045,19,
1,856,Overall,Overall,30,19,30,2.0,1.680726,0.405231,1084,20,
1,857,Overall,Overall,30,23,30,1.5,2.174214,0.454884,1109,23,
1,858,Overall,Overall,30,7,30,-1.5,-1.751041,0.45597,912,23,
1,859,Overall,Overall,30,10,30,-1.5,-1.612319,0.411407,919,21,
1,860,Overall,Overall,30,16,30,-0.5,-0.560714,0.378396,972,19,
1,861,Overall,Overall,30,8,30,-2.0,-2.293567,0.432267,885,22,
1,862,Overall,Overall,30,21,30,2.0,1.650508,0.424561,1083,21,
1,863,Overall,Overall,30,12,30,-1.5,-1.397656,0.396437,930,20,
1,864,Overall,Overall,30,8,30,-2.0,-1.994521,0.429118,900,21,
1,865,Overall,Overall,30,14,30,-1.5,-1.152744,0.385777,942,19,
1,866,Overall,Overall,30,14,30,0.0,-0.267836,0.373029,987,19,
1,867,Overall,Overall,30,18,30,1.5,0.985334,0.388949,1049,19,
1,868,Overall,Overall,30,23,30,2.0,1.873688,0.453977,1094,23,
1,869,Overall,Overall,30,21,30,1.5,1.617702,0.413692,1081,21,
1,870,Overall,Overall,30,20,30,1.5,1.528065,0.407623,1076,20,
1,871,Overall,Overall,30,15,30,0.0,-0.192529,0.374057,990,19,
1,872,Overall,Overall,30,20,30,2.0,1.74754,0.411393,1087,21,
1,873,Overall,Overall,30,19,30,1.5,1.366247,0.399768,1068,20,
1,874,Overall,Overall,30,16,30,-1.0,-0.244566,0.379014,988,19,
1,875,Overall,Overall,30,23,30,2.0,2.212552,0.457063,1111,23,
1,876,Overall,Overall,30,21,30,1.5,2.134145,0.4204,1107,21,
1,877,Overall,Overall,30,18,30,0.5,0.833418,0.382825,1042,19,
1,878,Overall,Overall,30,8,30,-1.5,-2.282618,0.433078,886,22,
1,879,Overall,Overall,30,19,30,1.5,1.540887,0.398815,1077,20,
1,880,Overall,Overall,30,11,30,-1.5,-1.085039,0.399293,946,20,
1,881,Overall,Overall,30,14,30,0.5,0.400225,0.379093,1020,19,
1,882,Overall,Overall,30,18,30,1.5,1.535407,0.397311,1077,20,
1,883,Overall,Overall,30,16,30,1.0,0.457409,0.375925,1023,19,
1,884,Overall,Overall,30,24,30,2.0,2.64508,0.480245,1132,24,
1,885,Overall,Overall,30,9,30,-1.0,-1.828205,0.416188,909,21,
1,886,Overall,Overall,30,16,30,0.0,0.168915,0.385124,1008,19,
1,887,Overall,Overall,30,19,30,1.5,0.947688,0.389668,1047,19,
1,888,Overall,Overall,30,13,30,-1.5,-1.091229,0.37921,945,19,
1,889,Overall,Overall,30,10,30,-1.0,-1.321909,0.400663,934,20,
1,890,Overall,Overall,30,14,30,0.5,0.378352,0.389984,1019,19,
1,891,Overall,Overall,30,13,30,0.5,0.1206,0.38345,1006,19,
1,892,Overall,Overall,30,11,30,-1.5,-1.568446,0.398843,922,20,
1,893,Overall,Overall,30,14,30,-0.5,-0.909188,0.387333,955,19,
1,894,Overall,Overall,30,12,30,-1.0,-0.731448,0.383457,963,19,
1,895,Overall,Overall,30,9,30,-2.0,-1.759951,0.413811,912,21,
1,896,Overall,Overall,30,11,30,-1.0,-1.148111,0.392941,943,20,
1,897,Overall,Overall,30,11,30,-1.0,-1.171982,0.397461,941,20,
1,898,Overall,Overall,30,9,30,-2.0,-2.112959,0.418264,894,21,
1,899,Overall,Overall,30,14,30,0.0,0.257272,0.380242,1013,19,
1,900,Overall,Overall,30,6,30,-2.0,-2.35859,0.480892,882,24,
2,1,Overall,Overall,30,12,30,-1.5,-1.373272,0.38806,931,19,
2,2,Overall,Overall,30,16,30,0.0,0.666677,0.375549,1033,19,
2,3,Overall,Overall,30,12,30,-0.5,-0.929418,0.381276,954,19,
2,4,Overall,Overall,30,21,30,2.0,1.981849,0.426659,1099,21,
2,5,Overall,Overall,30,18,30,0.5,0.499023,0.387969,1025,19,
2,6,Overall,Overall,30,23,30,2.0,2.175611,0.465708,1109,23,
2,7,Overall,Overall,30,11,30,-1.0,-1.287085,0.392726,936,20,
2,8,Overall,Overall,30,14,30,0.5,0.270741,0.37272,1014,19,
2,9,Overall,Overall,30,19,30,1.5,1.384489,0.403554,1069,20,
2,10,Overall,Overall,30,17,30,0.5,0.196995,0.376736,1010,19,
2,11,Overall,Overall,30,11,30,-0.5,-0.798901,0.396968,960,20,
2,12,Overall,Overall,30,19,30,2.0,1.768992,0.397731,1088,20,
2,13,Overall,Overall,30,21,30,1.5,1.898803,0.421214,1095,21,
2,14,Overall,Overall,30,16,30,0.5,0.341288,0.375991,1017,19,
2,15,Overall,Overall,30,13,30,0.5,0.348989,0.389686,1017,19,
2,16,Overall,Overall,30,21,30,1.5,1.357334,0.429944,1068,21,
2,17,Overall,Overall,30,16,30,0.5,0.308363,0.370386,1015,19,
2,18,Overall,Overall,30,19,30,1.5,1.2932,0.402931,1065,20,
2,19,Overall,Overall,30,21,30,2.0,1.97654,0.422697,1099,21,
2,20,Overall,Overall,30,14,30,-0.5,-0.369033,0.381193,982,19,
2,21,Overall,Overall,30,15,30,0.5,0.435488,0.374434,1022,19,
2,22,Overall,Overall,30,12,30,-0.5,-0.382111,0.378291,981,19,
2,23,Overall,Overall,30,25,30,2.0,2.685348,0.516716,1134,26,
2,24,Overall,Overall,30,13,30,0.5,0.604416,0.384345,1030,19,
2,25,Overall,Overall,30,12,30,-1.5,-1.112973,0.38629,944,19,
2,26,Overall,Overall,30,15,30,1.0,0.796531,0.386388,1040,19,
2,27,Overall,Overall,30,22,30,2.0,2.14046,0.440501,1107,22,
2,28,Overall,Overall,30,12,30,-0.5,-0.937476,0.381804,953,19,
2,29,Overall,Overall,30,12,30,0.0,-0.552676,0.382423,972,19,
2,30,Overall,Overall,30,13,30,0.0,0.248083,0.378972,1012,19,
2,31,Overall,Overall,30,13,30,0.0,0.3086,0.384504,1015,19,
2,32,Overall,Overall,30,16,30,0.0,0.52093,0.374053,1026,19,
2,33,Overall,Overall,30,11,30,-1.5,-1.109672,0.391003,945,20,
2,34,Overall,Overall,30,10,30,-1.5,-1.671858,0.405037,916,20,
2,35,Overall,Overall,30,12,30,-0.5,-0.745784,0.391497,963,20,
2,36,Overall,Overall,30,15,30,-0.5,-0.677447,0.377685,966,19,
2,37,Overall,Overall,30,14,30,-0.5,-0.928699,0.385892,954,19,
2,38,Overall,Overall,30,20,30,2.0,1.069496,0.417502,1053,21,
2,39,Overall,Overall,30,13,30,1.0,0.684808,0.391942,1034,20,
2,40,Overall,Overall,30,19,30,0.5,0.336497,0.386724,1017,19,
2,41,Overall,Overall,30,24,30,1.5,2.607722,0.481854,1130,24,
2,42,Overall,Overall,30,23,30,2.0,2.109003,0.449411,1105,22,
2,43,Overall,Overall,30,11,30,-0.5,-1.005401,0.39452,950,20,
2,44,Overall,Overall,30,6,30,-2.0,-1.870443,0.473196,906,24,
2,45,Overall,Overall,30,14,30,0.0,0.088863,0.368693,1004,18,
2,46,Overall,Overall,30,14,30,0.0,-0.141204,0.379142,993,19,
2,47,Overall,Overall,30,9,30,-2.0,-1.992983,0.41953,900,21,
2,48,Overall,Overall,30,7,30,-2.0,-2.172898,0.452104,891,23,
2,49,Overall,Overall,30,16,30,0.0,0.022918,0.375042,1001,19,
2,50,Overall,Overall,30,16,30,1.0,0.255284,0.374912,1013,19,
2,51,Overall,Overall,30,17,30,0.0,-0.171142,0.38312,991,19,
2,52,Overall,Overall,30,18,30,1.0,1.004503,0.389027,1050,19,
2,53,Overall,Overall,30,7,30,-2.0,-2.390749,0.454278,880,23,
2,54,Overall,Overall,30,12,30,0.5,0.28867,0.392417,1014,20,
2,55,Overall,Overall,30,14,30,-0.5,-0.329876,0.37509,984,19,
2,56,Overall,Overall,30,14,30,-1.0,-1.295555,0.392118,935,20,
2,57,Overall,Overall,30,10,30,-1.0,-1.504401,0.404045,925,20,
2,58,Overall,Overall,30,16,30,0.0,0.543398,0.371425,1027,19,
2,59,Overall,Overall,30,10,30,-0.5,-0.997567,0.416994,950,21,
2,60,Overall,Overall,30,14,30,0.0,-0.371313,0.380958,981,19,
2,61,Overall,Overall,30,13,30,0.0,-0.188776,0.375498,991,19,
2,62,Overall,Overall,30,19,30,0.5,0.028352,0.39392,1001,20,
2,63,Overall,Overall,30,17,30,1.0,1.31509,0.387249,1066,19,
2,64,Overall,Overall,30,17,30,0.5,0.666482,0.377579,1033,19,
2,65,Overall,Overall,30,13,30,-0.5,-0.660226,0.380024,967,19,
2,66,Overall,Overall,30,19,30,1.5,1.931617,0.407376,1097,20,
2,67,Overall,Overall,30,19,30,0.5,1.333928,0.398313,1067,20,
2,68,Overall,Overall,30,15,30,0.0,0.131354,0.371293,1007,19,
2,69,Overall,Overall,30,14,30,0.0,0.143679,0.37118,1007,19,
2,70,Overall,Overall,30,11,30,-1.5,-1.525271,0.399874,924,20,
2,71,Overall,Overall,30,20,30,2.0,1.962143,0.409526,1098,20,
2,72,Overall,Overall,30,15,30,0.5,0.4434,0.3743,1022,19,
2,73,Overall,Overall,30,22,30,2.0,1.921587,0.438844,1096,22,
2,74,Overall,Overall,30,12,30,-1.0,-0.564789,0.381419,972,19,
2,75,Overall,Overall,30,8,30,-2.0,-2.183419,0.432775,891,22,
2,76,Overall,Overall,30,18,30,0.5,1.022098,0.385908,1051,19,
2,77,Overall,Overall,30,13,30,-1.0,-1.191711,0.391035,940,20,
2,78,Overall,Overall,30,18,30,0.5,0.555723,0.383676,1028,19,
2,79,Overall,Overall,30,9,30,-1.0,-1.682725,0.413338,916,21,
2,80,Overall,Overall,30,21,30,1.5,1.349167,0.415302,1067,21,
2,81,Overall,Overall,30,13,30,-1.0,-1.135438,0.381423,943,19,
2,82,Overall,Overall,30,16,30,-1.0,-0.625088,0.377564,969,19,
2,83,Overall,Overall,30,13,30,-0.5,-0.044027,0.39149,998,20,
2,84,Overall,Overall,30,15,30,0.5,1.14931,0.381549,1057,19,
2,85,Overall,Overall,30,19,30,-0.5,-0.183547,0.396007,991,20,
2,86,Overall,Overall,30,19,30,1.0,1.102028,0.391727,1055,20,
2,87,Overall,Overall,30,22,30,2.0,1.883324,0.431716,1094,22,
2,88,Overall,Overall,30,21,30,0.5,0.177123,0.41309,1009,21,
2,89,Overall,Overall,30,17,30,1.0,1.153552,0.388444,1058,19,
2,90,Overall,Overall,30,26,30,2.0,2.885822,0.566435,1144,28,
2,91,Overall,Overall,30,9,30,-1.5,-1.825371,0.416301,909,21,
2,92,Overall,Overall,30,19,30,1.0,0.974028,0.390183,1049,20,
2,93,Overall,Overall,30,10,30,-1.5,-1.704376,0.407755,915,20,
2,94,Overall,Overall,30,15,30,-0.5,-0.223881,0.373086,989,19,
2,95,Overall,Overall,30,15,30,0.5,0.568937,0.378342,1028,19,
2,96,Overall,Overall,30,17,30,0.5,0.867854,0.382417,1043,19,
2,97,Overall,Overall,30,10,30,-1.5,-1.144785,0.395974,943,20,
2,98,Overall,Overall,30,11,30,-1.5,-1.433084,0.393452,928,20,
2,99,Overall,Overall,30,19,30,1.5,1.741503,0.404822,1087,20,
2,100,Overall,Overall,30,21,30,1.5,1.698464,0.417921,1085,21,
2,101,Overall,Overall,30,7,30,-2.0,-2.529565,0.44965,874,22,
2,102,Overall,Overall,30,13,30,-1.5,-1.162181,0.384336,942,19,
2,103,Overall,Overall,30,14,30,0.5,0.825837,0.397082,1041,20,
2,104,Overall,Overall,30,21,30,1.5,1.307436,0.414525,1065,21,
2,105,Overall,Overall,30,11,30,-1.5,-1.567771,0.395668,922,20,
2,106,Overall,Overall,30,8,30,-1.5,-1.717879,0.427813,914,21,
2,107,Overall,Overall,30,18,30,0.5,1.333442,0.394043,1067,20,
2,108,Overall,Overall,30,11,30,-1.0,-0.313562,0.385447,984,19,
2,109,Overall,Overall,30,11,30,-1.0,-1.031762,0.393608,948,20,
2,110,Overall,Overall,30,13,30,-1.5,-0.787742,0.388428,961,19,
2,111,Overall,Overall,30,17,30,-0.5,-0.390667,0.379016,980,19,
2,112,Overall,Overall,30,14,30,0.0,-0.338409,0.377718,983,19,
2,113,Overall,Overall,30,20,30,2.0,1.875167,0.409045,1094,20,
2,114,Overall,Overall,30,7,30,-2.0,-2.161691,0.455612,892,23,
2,115,Overall,Overall,30,17,30,0.0,0.383935,0.374962,1019,19,
2,116,Overall,Overall,30,10,30,-1.5,-1.11828,0.406403,944,20,
2,117,Overall,Overall,30,19,30,2.0,1.826195,0.409134,1091,20,
2,118,Overall,Overall,30,8,30,-2.0,-1.86606,0.441008,907,22,
2,119,Overall,Overall,30,15,30,0.0,-0.469348,0.378399,977,19,
2,120,Overall,Overall,30,20,30,1.5,1.747464,0.409635,1087,20,
2,121,Overall,Overall,30,13,30,-0.5,-0.033023,0.377379,998,19,
2,122,Overall,Overall,30,11,30,-1.0,-1.565553,0.398642,922,20,
2,123,Overall,Overall,30,14,30,-1.5,-1.272509,0.38548,936,19,
2,124,Overall,Overall,30,8,30,-1.5,-1.917609,0.425239,904,21,
2,125,Overall,Overall,30,12,30,0.0,-0.0813,0.377991,996,19,
2,126,Overall,Overall,30,6,30,-2.0,-2.176379,0.476608,891,24,
2,127,Overall,Overall,30,12,30,-1.5,-1.071112,0.389169,946,19,
2,128,Overall,Overall,30,5,30,-2.0,-2.941605,0.507061,853,25,
2,129,Overall,Overall,30,15,30,-1.0,-0.435018,0.37472,978,19,
2,130,Overall,Overall,30,19,30,2.0,1.573803,0.393646,1079,20,
2,131,Overall,Overall,30,23,30,1.5,2.306681,0.462776,1115,23,
2,132,Overall,Overall,30,14,30,-0.5,-0.554186,0.379182,972,19,
2,133,Overall,Overall,30,15,30,0.5,0.490957,0.372793,1025,19,
2,134,Overall,Overall,30,16,30,-0.5,-0.804283,0.384528,960,19,
2,135,Overall,Overall,30,18,30,0.0,0.676565,0.377197,1034,19,
2,136,Overall,Overall,30,18,30,1.5,1.38157,0.39903,1069,20,
2,137,Overall,Overall,30,21,30,2.0,1.490588,0.413457,1075,21,
2,138,Overall,Overall,30,17,30,0.0,0.557947,0.375396,1028,19,
2,139,Overall,Overall,30,9,30,-0.5,-0.517824,0.409449,974,20,
2,140,Overall,Overall,30,10,30,-2.0,-1.57388,0.416326,921,21,
2,141,Overall,Overall,30,12,30,0.0,-0.660599,0.383573,967,19,
2,142,Overall,Overall,30,10,30,-1.5,-1.622435,0.406918,919,20,
2,143,Overall,Overall,30,11,30,-1.0,-0.488201,0.389061,976,19,
2,144,Overall,Overall,30,20,30,1.5,1.523733,0.406419,1076,20,
2,145,Overall,Overall,30,17,30,0.5,0.757864,0.37697,1038,19,
2,146,Overall,Overall,30,19,30,0.5,0.569801,0.38639,1028,19,
2,147,Overall,Overall,30,12,30,-1.0,-0.959486,0.381672,952,19,
2,148,Overall,Overall,30,14,30,-1.0,-0.51125,0.376212,974,19,
2,149,Overall,Overall,30,7,30,-2.0,-2.143051,0.448276,893,22,
2,150,Overall,Overall,30,21,30,1.5,1.203731,0.415529,1060,21,
2,151,Overall,Overall,30,14,30,-0.5,-0.11645,0.373415,994,19,
2,152,Overall,Overall,30,15,30,-1.0,-0.714015,0.377044,964,19,
2,153,Overall,Overall,30,7,30,-2.0,-2.431189,0.450432,878,23,
2,154,Overall,Overall,30,17,30,0.5,1.229851,0.390507,1061,20,
2,155,Overall,Overall,30,21,30,2.0,2.041391,0.423872,1102,21,
2,156,Overall,Overall,30,19,30,2.0,1.444,0.407502,1072,20,
2,157,Overall,Overall,30,24,30,1.0,1.58937,0.480182,1079,24,
2,158,Overall,Overall,30,18,30,0.5,1.031296,0.383876,1052,19,
2,159,Overall,Overall,30,15,30,-0.5,-0.495769,0.377256,975,19,
2,160,Overall,Overall,30,22,30,2.0,1.889778,0.431272,1094,22,
2,161,Overall,Overall,30,16,30,0.0,-0.533218,0.376377,973,19,
2,162,Overall,Overall,30,18,30,1.0,1.291669,0.402382,1065,20,
2,163,Overall,Overall,30,16,30,-0.5,-0.323585,0.377293,984,19,
2,164,Overall,Overall,30,22,30,1.0,1.961488,0.436449,1098,22,
2,165,Overall,Overall,30,21,30,1.5,1.929774,0.430298,1096,22,
2,166,Overall,Overall,30,18,30,1.0,0.507729,0.37733,1025,19,
2,167,Overall,Overall,30,23,30,2.0,2.130579,0.457681,1107,23,
2,168,Overall,Overall,30,14,30,1.0,0.437576,0.374678,1022,19,
2,169,Overall,Overall,30,13,30,-0.5,-0.263429,0.37395,987,19,
2,170,Overall,Overall,30,24,30,2.0,2.507344,0.484782,1125,24,
2,171,Overall,Overall,30,19,30,1.5,1.546642,0.4042,1077,20,
2,172,Overall,Overall,30,18,30,1.0,1.160885,0.391844,1058,20,
2,173,Overall,Overall,30,16,30,1.0,0.875277,0.378362,1044,19,
2,174,Overall,Overall,30,12,30,-1.0,-1.537235,0.395673,923,20,
2,175,Overall,Overall,30,9,30,-1.5,-1.541099,0.412047,923,21,
2,176,Overall,Overall,30,14,30,-0.5,-0.839227,0.380989,958,19,
2,177,Overall,Overall,30,15,30,-1.0,-0.781316,0.387811,961,19,
2,178,Overall,Overall,30,8,30,-1.5,-2.170739,0.432067,891,22,
2,179,Overall,Overall,30,13,30,0.0,-0.865456,0.377733,957,19,
2,180,Overall,Overall,30,13,30,-1.0,-0.887834,0.378439,956,19,
2,181,Overall,Overall,30,7,30,-2.0,-2.062653,0.458118,897,23,
2,182,Overall,Overall,30,15,30,-0.5,-0.86454,0.381094,957,19,
2,183,Overall,Overall,30,6,30,-2.0,-2.534463,0.48166,873,24,
2,184,Overall,Overall,30,8,30,-1.5,-1.984317,0.430381,901,22,
2,185,Overall,Overall,30,23,30,1.5,1.465764,0.444091,1073,22,
2,186,Overall,Overall,30,15,30,0.0,-0.473959,0.378136,976,19,
2,187,Overall,Overall,30,16,30,-1.0,-0.53324,0.380408,973,19,
2,188,Overall,Overall,30,13,30,-1.0,-0.655898,0.385679,967,19,
2,189,Overall,Overall,30,11,30,-0.5,-0.493267,0.388409,975,19,
2,190,Overall,Overall,30,14,30,-0.5,-0.95147,0.379258,952,19,
2,191,Overall,Overall,30,8,30,-1.5,-2.069976,0.436357,897,22,
2,192,Overall,Overall,30,19,30,0.5,0.941728,0.386814,1047,19,
2,193,Overall,Overall,30,11,30,-2.0,-1.656624,0.398587,917,20,
2,194,Overall,Overall,30,20,30,1.0,1.133148,0.402993,1057,20,
2,195,Overall,Overall,30,14,30,-1.0,-1.100465,0.383453,945,19,
2,196,Overall,Overall,30,13,30,-0.5,-0.666725,0.379027,967,19,
2,197,Overall,Overall,30,18,30,1.0,1.142145,0.402077,1057,20,
2,198,Overall,Overall,30,20,30,1.5,1.491842,0.40722,1075,20,
2,199,Overall,Overall,30,12,30,-0.5,0.107383,0.38251,1005,19,
2,200,Overall,Overall,30,25,30,1.5,2.761137,0.517222,1138,26,
2,201,Overall,Overall,30,14,30,-0.5,-0.644739,0.376592,968,19,
2,202,Overall,Overall,30,6,30,-1.0,-1.776343,0.479766,911,24,
2,203,Overall,Overall,30,11,30,-2.0,-1.728715,0.399244,914,20,
2,204,Overall,Overall,30,14,30,0.0,0.13055,0.384886,1007,19,
2,205,Overall,Overall,30,17,30,1.5,1.368132,0.393533,1068,20,
2,206,Overall,Overall,30,11,30,-1.5,-1.153325,0.392365,942,20,
2,207,Overall,Overall,30,12,30,-1.5,-1.243195,0.38611,938,19,
2,208,Overall,Overall,30,21,30,1.5,2.075617,0.434145,1104,22,
2,209,Overall,Overall,30,7,30,-2.0,-2.339755,0.456624,883,23,
2,210,Overall,Overall,30,13,30,-1.0,-0.496553,0.378764,975,19,
2,211,Overall,Overall,30,17,30,0.5,1.30028,0.383688,1065,19,
2,212,Overall,Overall,30,13,30,-0.5,-0.138131,0.374199,993,19,
2,213,Overall,Overall,30,16,30,0.0,-0.067208,0.375563,997,19,
2,214,Overall,Overall,30,10,30,-2.0,-1.847058,0.406581,908,20,
2,215,Overall,Overall,30,10,30,-1.5,-1.171463,0.398129,941,20,
2,216,Overall,Overall,30,11,30,-1.5,-1.369882,0.390142,932,20,
2,217,Overall,Overall,30,19,30,2.0,1.833413,0.403951,1092,20,
2,218,Overall,Overall,30,11,30,-1.0,-0.692509,0.386713,965,19,
2,219,Overall,Overall,30,15,30,1.0,0.103657,0.372968,1005,19,
2,220,Overall,Overall,30,9,30,-1.5,-0.965601,0.40674,952,20,
2,221,Overall,Overall,30,16,30,1.0,0.633812,0.374119,1032,19,
2,222,Overall,Overall,30,18,30,1.5,1.159776,0.400913,1058,20,
2,223,Overall,Overall,30,7,30,-1.5,-2.304199,0.449692,885,22,
2,224,Overall,Overall,30,25,30,1.0,1.90871,0.509885,1095,25,
2,225,Overall,Overall,30,16,30,0.5,0.124952,0.372543,1006,19,
2,226,Overall,Overall,30,23,30,2.0,2.541538,0.455156,1127,23,
2,227,Overall,Overall,30,15,30,0.5,0.776175,0.386436,1039,19,
2,228,Overall,Overall,30,13,30,-1.0,-0.367898,0.375845,982,19,
2,229,Overall,Overall,30,21,30,2.0,1.828821,0.416712,1091,21,
2,230,Overall,Overall,30,11,30,-1.5,-1.672457,0.399196,916,20,
2,231,Overall,Overall,30,14,30,-0.5,-0.338687,0.375261,983,19,
2,232,Overall,Overall,30,8,30,-1.5,-1.573655,0.434996,921,22,
2,233,Overall,Overall,30,14,30,1.0,0.725917,0.388918,1036,19,
2,234,Overall,Overall,30,22,30,2.0,2.087219,0.448463,1104,22,
2,235,Overall,Overall,30,10,30,-1.5,-1.611156,0.401197,919,20,
2,236,Overall,Overall,30,15,30,-1.0,-0.66615,0.3761,967,19,
2,237,Overall,Overall,30,15,30,0.5,0.806131,0.392507,1040,20,
2,238,Overall,Overall,30,12,30,-1.5,-0.994938,0.382738,950,19,
2,239,Overall,Overall,30,16,30,0.5,0.312403,0.371303,1016,19,
2,240,Overall,Overall,30,12,30,-0.5,-0.387003,0.381991,981,19,
2,241,Overall,Overall,30,16,30,1.0,0.411859,0.369244,1021,18,
2,242,Overall,Overall,30,20,30,1.5,1.861105,0.403919,1093,20,
2,243,Overall,Overall,30,9,30,-1.5,-1.85818,0.421574,907,21,
2,244,Overall,Overall,30,12,30,-1.5,-0.93877,0.387571,953,19,
2,245,Overall,Overall,30,18,30,0.5,0.675927,0.38632,1034,19,
2,246,Overall,Overall,30,16,30,-0.5,-0.681885,0.384469,966,19,
2,247,Overall,Overall,30,16,30,1.0,0.806729,0.377415,1040,19,
2,248,Overall,Overall,30,16,30,1.0,0.730435,0.382289,1037,19,
2,249,Overall,Overall,30,24,30,1.5,2.221173,0.474923,1111,24,
2,250,Overall,Overall,30,10,30,-0.5,-0.667927,0.408803,967,20,
2,251,Overall,Overall,30,25,30,2.0,2.717757,0.522184,1136,26,
2,252,Overall,Overall,30,12,30,-1.0,-0.485365,0.383378,976,19,
2,253,Overall,Overall,30,20,30,1.5,1.649093,0.414287,1082,21,
2,254,Overall,Overall,30,15,30,-1.0,-0.583435,0.377007,971,19,
2,255,Overall,Overall,30,6,30,-2.0,-2.318454,0.474243,884,24,
2,256,Overall,Overall,30,13,30,-0.5,-0.846417,0.384188,958,19,
2,257,Overall,Overall,30,17,30,1.0,1.335729,0.391731,1067,20,
2,258,Overall,Overall,30,18,30,1.0,1.209154,0.393046,1060,20,
2,259,Overall,Overall,30,9,30,-1.5,-1.947185,0.41711,903,21,
2,260,Overall,Overall,30,17,30,-0.5,-0.404105,0.383244,980,19,
2,261,Overall,Overall,30,10,30,-1.5,-1.588583,0.407619,921,20,
2,262,Overall,Overall,30,19,30,1.0,1.332168,0.398369,1067,20,
2,263,Overall,Overall,30,13,30,-1.5,-1.188483,0.387453,941,19,
2,264,Overall,Overall,30,10,30,-2.0,-1.793369,0.407112,910,20,
2,265,Overall,Overall,30,9,30,-1.5,-1.894299,0.414127,905,21,
2,266,Overall,Overall,30,14,30,-1.0,-0.879249,0.379251,956,19,
2,267,Overall,Overall,30,16,30,0.5,0.359993,0.371264,1018,19,
2,268,Overall,Overall,30,10,30,-1.0,-0.639807,0.401191,968,20,
2,269,Overall,Overall,30,15,30,-0.5,-0.165266,0.374971,992,19,
2,270,Overall,Overall,30,13,30,-1.0,-0.788958,0.38448,961,19,
2,271,Overall,Overall,30,18,30,1.5,1.266119,0.396324,1063,20,
2,272,Overall,Overall,30,17,30,1.0,1.437889,0.388315,1072,19,
2,273,Overall,Overall,30,18,30,1.5,0.816154,0.385039,1041,19,
2,274,Overall,Overall,30,14,30,0.0,0.56007,0.38301,1028,19,
2,275,Overall,Overall,30,22,30,2.0,2.194836,0.429757,1110,21,
2,276,Overall,Overall,30,8,30,-1.5,-2.295832,0.430326,885,22,
2,277,Overall,Overall,30,14,30,-0.5,-0.496776,0.378275,975,19,
2,278,Overall,Overall,30,10,30,-1.0,-1.313635,0.410791,934,21,
2,279,Overall,Overall,30,7,30,-2.0,-2.100143,0.451706,895,23,
2,280,Overall,Overall,30,18,30,0.5,1.242632,0.39184,1062,20,
2,281,Overall,Overall,30,22,30,2.0,1.935964,0.433257,1097,22,
2,282,Overall,Overall,30,15,30,-1.0,-0.59237,0.376859,970,19,
2,283,Overall,Overall,30,21,30,2.0,1.787653,0.423965,1089,21,
2,284,Overall,Overall,30,11,30,-1.5,-1.337035,0.388444,933,19,
2,285,Overall,Overall,30,9,30,-2.0,-1.714527,0.423655,914,21,
2,286,Overall,Overall,30,9,30,-1.0,-1.574039,0.417875,921,21,
2,287,Overall,Overall,30,13,30,-1.0,-1.191669,0.387347,940,19,
2,288,Overall,Overall,30,6,30,-1.5,-2.302836,0.469836,885,23,
2,289,Overall,Overall,30,16,30,1.0,1.216803,0.383551,1061,19,
2,290,Overall,Overall,30,20,30,1.0,0.880298,0.398408,1044,20,
2,291,Overall,Overall,30,20,30,1.5,1.733026,0.410909,1087,21,
2,292,Overall,Overall,30,21,30,1.5,1.773712,0.422407,1089,21,
2,293,Overall,Overall,30,23,30,2.0,2.281003,0.469461,1114,23,
2,294,Overall,Overall,30,9,30,-2.0,-2.010186,0.418133,899,21,
2,295,Overall,Overall,30,19,30,1.5,1.523536,0.401377,1076,20,
2,296,Overall,Overall,30,15,30,-0.5,-0.616339,0.376789,969,19,
2,297,Overall,Overall,30,8,30,-1.0,-2.159404,0.433792,892,22,
2,298,Overall,Overall,30,6,30,-2.0,-2.414504,0.472002,879,24,
2,299,Overall,Overall,30,18,30,0.5,0.451103,0.377849,1023,19,
2,300,Overall,Overall,30,22,30,1.5,1.972524,0.430859,1099,22,
2,301,Overall,Overall,30,9,30,-1.0,-1.52854,0.421147,924,21,
2,302,Overall,Overall,30,15,30,0.0,-0.043041,0.372281,998,19,
2,303,Overall,Overall,30,11,30,-1.0,-1.198337,0.390578,940,20,
2,304,Overall,Overall,30,10,30,-1.5,-1.699306,0.405851,915,20,
2,305,Overall,Overall,30,12,30,-1.5,-1.009304,0.385585,950,19,
2,306,Overall,Overall,30,7,30,-2.0,-1.97083,0.451402,901,23,
2,307,Overall,Overall,30,21,30,2.0,2.1128,0.425011,1106,21,
2,308,Overall,Overall,30,21,30,1.5,1.543382,0.410363,1077,21,
2,309,Overall,Overall,30,20,30,2.0,1.647594,0.411277,1082,21,
2,310,Overall,Overall,30,10,30,-1.5,-1.67827,0.408968,916,20,
2,311,Overall,Overall,30,10,30,-1.0,-1.266031,0.403934,937,20,
2,312,Overall,Overall,30,13,30,0.5,-0.015757,0.377888,999,19,
2,313,Overall,Overall,30,19,30,0.5,0.94128,0.389593,1047,19,
2,314,Overall,Overall,30,21,30,1.5,1.826807,0.417574,1091,21,
2,315,Overall,Overall,30,17,30,0.5,0.716026,0.379772,1036,19,
2,316,Overall,Overall,30,18,30,0.5,1.149187,0.391699,1057,20,
2,317,Overall,Overall,30,15,30,1.0,0.288086,0.373085,1014,19,
2,318,Overall,Overall,30,24,30,2.0,2.159463,0.47649,1108,24,
2,319,Overall,Overall,30,17,30,0.0,0.532531,0.376774,1027,19,
2,320,Overall,Overall,30,21,30,2.0,1.949358,0.418968,1097,21,
2,321,Overall,Overall,30,8,30,-2.0,-2.151172,0.43351,892,22,
2,322,Overall,Overall,30,22,30,1.5,1.797299,0.427624,1090,21,
2,323,Overall,Overall,30,14,30,-1.5,-1.365498,0.386135,932,19,
2,324,Overall,Overall,30,13,30,-1.0,-0.985234,0.383505,951,19,
2,325,Overall,Overall,30,12,30,-2.0,-1.569743,0.391941,922,20,
2,326,Overall,Overall,30,15,30,1.5,0.74583,0.375301,1037,19,
2,327,Overall,Overall,30,17,30,0.5,0.341722,0.373262,1017,19,
2,328,Overall,Overall,30,11,30,-1.5,-1.423367,0.391229,929,20,
2,329,Overall,Overall,30,17,30,0.5,0.393505,0.375583,1020,19,
2,330,Overall,Overall,30,15,30,1.0,0.574637,0.377382,1029,19,
2,331,Overall,Overall,30,19,30,0.5,0.933367,0.386298,1047,19,
2,332,Overall,Overall,30,25,30,2.0,2.724834,0.508774,1136,25,
2,333,Overall,Overall,30,11,30,-1.5,-1.603331,0.398921,920,20,
2,334,Overall,Overall,30,11,30,-1.5,-1.495586,0.39749,925,20,
2,335,Overall,Overall,30,19,30,1.0,0.927709,0.400145,1046,20,
2,336,Overall,Overall,30,15,30,-0.5,-0.106757,0.373868,995,19,
2,337,Overall,Overall,30,14,30,0.0,0.534235,0.381683,1027,19,
2,338,Overall,Overall,30,19,30,1.0,1.200983,0.395766,1060,20,
2,339,Overall,Overall,30,19,30,1.5,1.732642,0.399903,1087,20,
2,340,Overall,Overall,30,14,30,-0.5,-0.971706,0.381238,951,19,
2,341,Overall,Overall,30,17,30,1.5,0.929072,0.384462,1046,19,
2,342,Overall,Overall,30,18,30,0.5,1.083669,0.386253,1054,19,
2,343,Overall,Overall,30,16,30,1.0,0.79309,0.382865,1040,19,
2,344,Overall,Overall,30,18,30,-1.0,-0.343882,0.388063,983,19,
2,345,Overall,Overall,30,11,30,-0.5,-0.79748,0.389469,960,19,
2,346,Overall,Overall,30,17,30,1.5,1.326579,0.39278,1066,20,
2,347,Overall,Overall,30,15,30,0.5,0.1332,0.377939,1007,19,
2,348,Overall,Overall,30,19,30,2.0,1.611527,0.402982,1081,20,
2,349,Overall,Overall,30,15,30,-1.0,-1.028848,0.387311,949,19,
2,350,Overall,Overall,30,5,30,-2.0,-2.679342,0.509078,866,25,
2,351,Overall,Overall,30,9,30,-2.0,-1.530734,0.410889,923,21,
2,352,Overall,Overall,30,11,30,-2.0,-1.525684,0.396703,924,20,
2,353,Overall,Overall,30,20,30,1.0,1.428003,0.40724,1071,20,
2,354,Overall,Overall,30,19,30,0.5,0.865177,0.391968,1043,20,
2,355,Overall,Overall,30,15,30,0.0,0.534357,0.373349,1027,19,
2,356,Overall,Overall,30,11,30,-2.0,-1.734597,0.400016,913,20,
2,357,Overall,Overall,30,12,30,-2.0,-1.070943,0.386638,946,19,
2,358,Overall,Overall,30,10,30,-2.0,-1.706578,0.405475,915,20,
2,359,Overall,Overall,30,16,30,0.5,0.250707,0.37193,1013,19,
2,360,Overall,Overall,30,7,30,-1.5,-2.392565,0.45731,880,23,
2,361,Overall,Overall,30,13,30,-0.5,-0.9026,0.383348,955,19,
2,362,Overall,Overall,30,13,30,-1.0,-0.490826,0.377292,975,19,
2,363,Overall,Overall,30,16,30,-0.5,-0.778766,0.382392,961,19,
2,364,Overall,Overall,30,15,30,0.0,0.026198,0.369418,1001,18,
2,365,Overall,Overall,30,18,30,1.5,1.28642,0.40045,1064,20,
2,366,Overall,Overall,30,21,30,1.5,1.834434,0.411397,1092,21,
2,367,Overall,Overall,30,14,30,0.0,-0.365646,0.375613,982,19,
2,368,Overall,Overall,30,18,30,1.5,1.57052,0.398164,1079,20,
2,369,Overall,Overall,30,7,30,-2.0,-2.206611,0.447907,890,22,
2,370,Overall,Overall,30,20,30,1.5,1.938777,0.416013,1097,21,
2,371,Overall,Overall,30,10,30,-1.5,-1.722893,0.403845,914,20,
2,372,Overall,Overall,30,18,30,2.0,1.500003,0.402116,1075,20,
2,373,Overall,Overall,30,12,30,-1.0,-0.842905,0.385743,958,19,
2,374,Overall,Overall,30,20,30,1.5,1.544671,0.406677,1077,20,
2,375,Overall,Overall,30,16,30,0.0,-0.172781,0.37712,991,19,
2,376,Overall,Overall,30,21,30,2.0,1.775656,0.416989,1089,21,
2,377,Overall,Overall,30,11,30,-1.5,-1.745442,0.397574,913,20,
2,378,Overall,Overall,30,11,30,-1.5,-1.416622,0.39262,929,20,
2,379,Overall,Overall,30,14,30,0.5,0.004294,0.372697,1000,19,
2,380,Overall,Overall,30,11,30,-0.5,-0.113417,0.387815,994,19,
2,381,Overall,Overall,30,12,30,-0.5,-0.348417,0.384193,983,19,
2,382,Overall,Overall,30,14,30,-0.5,-0.131061,0.373182,993,19,
2,383,Overall,Overall,30,15,30,0.0,-0.184986,0.372768,991,19,
2,384,Overall,Overall,30,17,30,0.0,-0.385111,0.379773,981,19,
2,385,Overall,Overall,30,12,30,-1.5,-1.367003,0.390966,932,20,
2,386,Overall,Overall,30,19,30,1.0,1.635257,0.402222,1082,20,
2,387,Overall,Overall,30,19,30,1.5,1.635018,0.40049,1082,20,
2,388,Overall,Overall,30,16,30,1.0,0.899891,0.37773,1045,19,
2,389,Overall,Overall,30,22,30,2.0,1.870166,0.442075,1094,22,
2,390,Overall,Overall,30,18,30,0.5,1.442767,0.391492,1072,20,
2,391,Overall,Overall,30,7,30,-2.0,-2.202785,0.460068,890,23,
2,392,Overall,Overall,30,12,30,0.0,-0.555852,0.382167,972,19,
2,393,Overall,Overall,30,20,30,2.0,1.796452,0.409268,1090,20,
2,394,Overall,Overall,30,10,30,-2.0,-1.759419,0.407915,912,20,
2,395,Overall,Overall,30,10,30,-2.0,-1.608367,0.403349,920,20,
2,396,Overall,Overall,30,16,30,-1.0,-0.414357,0.379384,979,19,
2,397,Overall,Overall,30,6,30,-2.0,-2.629933,0.480632,869,24,
2,398,Overall,Overall,30,23,30,2.0,2.337434,0.453197,1117,23,
2,399,Overall,Overall,30,3,30,-1.5,-3.357222,0.631721,832,32,
2,400,Overall,Overall,30,11,30,-2.0,-1.522997,0.39974,924,20,
2,401,Overall,Overall,30,17,30,1.5,1.176992,0.388845,1059,19,
2,402,Overall,Overall,30,21,30,1.5,1.843335,0.413037,1092,21,
2,403,Overall,Overall,30,18,30,1.5,0.865538,0.382741,1043,19,
2,404,Overall,Overall,30,3,30,-2.0,-3.469437,0.630411,827,32,
2,405,Overall,Overall,30,20,30,2.0,1.80952,0.41236,1090,21,
2,406,Overall,Overall,30,17,30,-0.5,-0.266911,0.386232,987,19,
2,407,Overall,Overall,30,23,30,2.0,2.506711,0.45992,1125,23,
2,408,Overall,Overall,30,18,30,2.0,1.027094,0.385485,1051,19,
2,409,Overall,Overall,30,7,30,-2.0,-2.119469,0.444284,894,22,
2,410,Overall,Overall,30,9,30,-1.5,-1.823356,0.416648,909,21,
2,411,Overall,Overall,30,14,30,0.0,-0.16612,0.379823,992,19,
2,412,Overall,Overall,30,17,30,-1.0,0.140514,0.375292,1007,19,
2,413,Overall,Overall,30,14,30,1.0,0.978731,0.389917,1049,19,
2,414,Overall,Overall,30,17,30,0.0,0.397063,0.374618,1020,19,
2,415,Overall,Overall,30,14,30,0.0,3.38E-4,0.374041,1000,19,
2,416,Overall,Overall,30,20,30,1.0,1.625049,0.401053,1081,20,
2,417,Overall,Overall,30,17,30,-1.0,-0.488678,0.381441,976,19,
2,418,Overall,Overall,30,9,30,-2.0,-1.860154,0.41558,907,21,
2,419,Overall,Overall,30,14,30,1.0,0.949975,0.38716,1047,19,
2,420,Overall,Overall,30,7,30,-2.0,-2.375115,0.451536,881,23,
2,421,Overall,Overall,30,7,30,-2.0,-2.250282,0.451707,887,23,
2,422,Overall,Overall,30,9,30,-2.0,-1.820393,0.418438,909,21,
2,423,Overall,Overall,30,8,30,-2.0,-2.127036,0.435541,894,22,
2,424,Overall,Overall,30,13,30,-0.5,-0.772731,0.378954,961,19,
2,425,Overall,Overall,30,14,30,-1.0,-1.030395,0.382407,948,19,
2,426,Overall,Overall,30,21,30,2.0,1.992169,0.419466,1100,21,
2,427,Overall,Overall,30,10,30,-1.5,-1.293611,0.40264,935,20,
2,428,Overall,Overall,30,8,30,-1.5,-1.731919,0.432712,913,22,
2,429,Overall,Overall,30,21,30,1.5,1.824371,0.429252,1091,21,
2,430,Overall,Overall,30,14,30,-0.5,-0.729067,0.375723,964,19,
2,431,Overall,Overall,30,21,30,2.0,2.006406,0.419452,1100,21,
2,432,Overall,Overall,30,8,30,-2.0,-2.255772,0.436066,887,22,
2,433,Overall,Overall,30,23,30,1.5,2.066679,0.450427,1103,23,
2,434,Overall,Overall,30,21,30,1.5,1.622396,0.411521,1081,21,
2,435,Overall,Overall,30,18,30,0.5,0.038,0.395094,1002,20,
2,436,Overall,Overall,30,13,30,-0.5,-0.8073,0.386312,960,19,
2,437,Overall,Overall,30,13,30,-1.0,-0.16625,0.37432,992,19,
2,438,Overall,Overall,30,9,30,-2.0,-1.686695,0.41422,916,21,
2,439,Overall,Overall,30,24,30,2.0,2.602479,0.486481,1130,24,
2,440,Overall,Overall,30,13,30,-0.5,-0.528712,0.380099,974,19,
2,441,Overall,Overall,30,15,30,1.0,0.56186,0.379387,1028,19,
2,442,Overall,Overall,30,12,30,-1.0,-1.290726,0.396829,935,20,
2,443,Overall,Overall,30,15,30,0.0,0.013439,0.372766,1001,19,
2,444,Overall,Overall,30,6,30,-2.0,-2.406072,0.472704,880,24,
2,445,Overall,Overall,30,10,30,-1.5,-1.621593,0.405224,919,20,
2,446,Overall,Overall,30,23,30,2.0,2.319496,0.449823,1116,22,
2,447,Overall,Overall,30,21,30,1.5,1.730274,0.420557,1087,21,
2,448,Overall,Overall,30,14,30,0.0,0.029935,0.37244,1001,19,
2,449,Overall,Overall,30,14,30,1.0,0.55101,0.38132,1028,19,
2,450,Overall,Overall,30,19,30,1.0,0.947734,0.385129,1047,19,
2,451,Overall,Overall,30,10,30,-1.5,-1.4735,0.413799,926,21,
2,452,Overall,Overall,30,15,30,0.5,0.062327,0.377653,1003,19,
2,453,Overall,Overall,30,14,30,0.5,0.549883,0.387052,1027,19,
2,454,Overall,Overall,30,18,30,1.0,0.994546,0.386309,1050,19,
2,455,Overall,Overall,30,15,30,0.0,0.08279,0.370911,1004,19,
2,456,Overall,Overall,30,21,30,2.0,2.171417,0.422219,1109,21,
2,457,Overall,Overall,30,16,30,0.0,0.296279,0.377209,1015,19,
2,458,Overall,Overall,30,10,30,-1.5,-1.3483,0.399345,933,20,
2,459,Overall,Overall,30,12,30,0.0,-0.79096,0.382908,960,19,
2,460,Overall,Overall,30,18,30,0.5,1.167452,0.389275,1058,19,
2,461,Overall,Overall,30,19,30,0.5,0.889812,0.391017,1044,20,
2,462,Overall,Overall,30,7,30,-2.0,-2.177303,0.457446,891,23,
2,463,Overall,Overall,30,27,30,2.0,3.513387,0.63048,1176,32,
2,464,Overall,Overall,30,15,30,0.0,-0.640597,0.391492,968,20,
2,465,Overall,Overall,30,13,30,-0.5,-0.20103,0.376158,990,19,
2,466,Overall,Overall,30,7,30,-2.0,-2.149344,0.451072,893,23,
2,467,Overall,Overall,30,13,30,0.0,-0.053817,0.380088,997,19,
2,468,Overall,Overall,30,19,30,1.5,1.478947,0.399182,1074,20,
2,469,Overall,Overall,30,11,30,0.0,-0.090139,0.386762,995,19,
2,470,Overall,Overall,30,15,30,-1.0,-0.645771,0.379551,968,19,
2,471,Overall,Overall,30,11,30,0.0,-0.379782,0.390453,981,20,
2,472,Overall,Overall,30,16,30,-0.5,-0.18172,0.379384,991,19,
2,473,Overall,Overall,30,12,30,-1.0,-0.714807,0.384039,964,19,
2,474,Overall,Overall,30,12,30,-1.0,-0.756125,0.390313,962,20,
2,475,Overall,Overall,30,17,30,-0.5,0.134816,0.376901,1007,19,
2,476,Overall,Overall,30,15,30,-0.5,-0.154748,0.375231,992,19,
2,477,Overall,Overall,30,22,30,2.0,2.144722,0.430912,1107,22,
2,478,Overall,Overall,30,15,30,-0.5,-0.909662,0.377945,955,19,
2,479,Overall,Overall,30,22,30,1.5,2.006798,0.431502,1100,22,
2,480,Overall,Overall,30,8,30,-2.0,-1.979505,0.428596,901,21,
2,481,Overall,Overall,30,14,30,0.0,0.212668,0.374519,1011,19,
2,482,Overall,Overall,30,20,30,1.5,1.764578,0.409679,1088,20,
2,483,Overall,Overall,30,17,30,1.0,1.044301,0.387557,1052,19,
2,484,Overall,Overall,30,14,30,-1.0,-1.247209,0.387679,938,19,
2,485,Overall,Overall,30,11,30,-1.0,-0.446358,0.385467,978,19,
2,486,Overall,Overall,30,23,30,2.0,2.251775,0.463607,1113,23,
2,487,Overall,Overall,30,15,30,0.0,0.112351,0.374845,1006,19,
2,488,Overall,Overall,30,21,30,1.0,1.516616,0.415678,1076,21,
2,489,Overall,Overall,30,6,30,-2.0,-2.582236,0.482931,871,24,
2,490,Overall,Overall,30,10,30,-2.0,-1.325546,0.404768,934,20,
2,491,Overall,Overall,30,10,30,-1.0,-1.686974,0.406014,916,20,
2,492,Overall,Overall,30,19,30,1.5,1.575977,0.402888,1079,20,
2,493,Overall,Overall,30,10,30,-1.5,-1.816669,0.4127,909,21,
2,494,Overall,Overall,30,13,30,0.0,-0.885222,0.389217,956,19,
2,495,Overall,Overall,30,13,30,-1.0,-1.113042,0.38478,944,19,
2,496,Overall,Overall,30,13,30,0.0,-0.045635,0.378308,998,19,
2,497,Overall,Overall,30,20,30,2.0,1.999804,0.412248,1100,21,
2,498,Overall,Overall,30,24,30,2.0,2.38995,0.479899,1119,24,
2,499,Overall,Overall,30,14,30,1.0,0.250396,0.374503,1013,19,
2,500,Overall,Overall,30,13,30,-1.0,-0.633754,0.382929,968,19,
2,501,Overall,Overall,30,15,30,1.0,0.359583,0.374602,1018,19,
2,502,Overall,Overall,30,21,30,1.5,1.627334,0.420644,1081,21,
2,503,Overall,Overall,30,17,30,1.0,1.183287,0.396545,1059,20,
2,504,Overall,Overall,30,13,30,-0.5,-1.005226,0.381589,950,19,
2,505,Overall,Overall,30,10,30,-2.0,-1.799029,0.410379,910,21,
2,506,Overall,Overall,30,18,30,0.0,0.390889,0.379866,1020,19,
2,507,Overall,Overall,30,12,30,-1.5,-1.667861,0.39263,917,20,
2,508,Overall,Overall,30,16,30,1.0,0.531733,0.374114,1027,19,
2,509,Overall,Overall,30,22,30,2.0,1.799564,0.434885,1090,22,
2,510,Overall,Overall,30,21,30,1.5,1.676822,0.423302,1084,21,
2,511,Overall,Overall,30,18,30,2.0,1.605584,0.401696,1080,20,
2,512,Overall,Overall,30,17,30,1.0,0.540471,0.380281,1027,19,
2,513,Overall,Overall,30,21,30,0.5,0.672602,0.415693,1034,21,
2,514,Overall,Overall,30,16,30,1.5,1.222519,0.384044,1061,19,
2,515,Overall,Overall,30,6,30,-2.0,-2.370684,0.478914,881,24,
2,516,Overall,Overall,30,14,30,-1.5,-1.198908,0.385269,940,19,
2,517,Overall,Overall,30,17,30,0.0,-0.011587,0.382373,999,19,
2,518,Overall,Overall,30,9,30,-1.5,-1.943494,0.417423,903,21,
2,519,Overall,Overall,30,14,30,-0.5,-0.776645,0.375647,961,19,
2,520,Overall,Overall,30,14,30,0.0,0.05061,0.377618,1003,19,
2,521,Overall,Overall,30,20,30,1.5,1.914525,0.410023,1096,21,
2,522,Overall,Overall,30,14,30,-1.0,-0.599332,0.375618,970,19,
2,523,Overall,Overall,30,12,30,0.0,-0.037036,0.377392,998,19,
2,524,Overall,Overall,30,24,30,2.0,2.776157,0.479765,1139,24,
2,525,Overall,Overall,30,9,30,-1.0,-1.707963,0.418022,915,21,
2,526,Overall,Overall,30,15,30,-1.5,-0.871874,0.376556,956,19,
2,527,Overall,Overall,30,15,30,-1.0,-1.126371,0.384283,944,19,
2,528,Overall,Overall,30,18,30,1.0,1.516821,0.398729,1076,20,
2,529,Overall,Overall,30,9,30,-1.5,-1.836873,0.420849,908,21,
2,530,Overall,Overall,30,16,30,-0.5,-0.462184,0.39254,977,20,
2,531,Overall,Overall,30,18,30,1.5,1.526515,0.392423,1076,20,
2,532,Overall,Overall,30,10,30,-1.5,-1.667393,0.408884,917,20,
2,533,Overall,Overall,30,8,30,-1.5,-2.042189,0.432766,898,22,
2,534,Overall,Overall,30,10,30,-2.0,-1.517723,0.404471,924,20,
2,535,Overall,Overall,30,16,30,1.0,0.232857,0.373014,1012,19,
2,536,Overall,Overall,30,23,30,2.0,2.375563,0.448153,1119,22,
2,537,Overall,Overall,30,8,30,-2.0,-2.091764,0.433133,895,22,
2,538,Overall,Overall,30,17,30,0.5,0.706942,0.390649,1035,20,
2,539,Overall,Overall,30,10,30,-2.0,-1.718545,0.405754,914,20,
2,540,Overall,Overall,30,24,30,1.5,1.798053,0.480236,1090,24,
2,541,Overall,Overall,30,18,30,1.0,1.54755,0.389402,1077,19,
2,542,Overall,Overall,30,11,30,0.0,-0.084742,0.39582,996,20,
2,543,Overall,Overall,30,10,30,-1.0,-1.881555,0.408649,906,20,
2,544,Overall,Overall,30,20,30,1.5,1.851221,0.413867,1093,21,
2,545,Overall,Overall,30,21,30,1.0,1.7981,0.41685,1090,21,
2,546,Overall,Overall,30,17,30,0.5,0.520797,0.377324,1026,19,
2,547,Overall,Overall,30,13,30,-0.5,-0.461702,0.38097,977,19,
2,548,Overall,Overall,30,15,30,0.0,-0.586143,0.375302,971,19,
2,549,Overall,Overall,30,13,30,-1.0,-0.594797,0.377978,970,19,
2,550,Overall,Overall,30,16,30,1.0,1.165853,0.390995,1058,20,
2,551,Overall,Overall,30,15,30,-0.5,-0.61906,0.380149,969,19,
2,552,Overall,Overall,30,12,30,-1.5,-1.316141,0.391537,934,20,
2,553,Overall,Overall,30,17,30,1.0,1.421134,0.393867,1071,20,
2,554,Overall,Overall,30,19,30,2.0,1.292329,0.394115,1065,20,
2,555,Overall,Overall,30,16,30,-1.0,-0.41191,0.381698,979,19,
2,556,Overall,Overall,30,11,30,-2.0,-1.458639,0.409243,927,20,
2,557,Overall,Overall,30,13,30,0.0,-0.333547,0.387947,983,19,
2,558,Overall,Overall,30,17,30,1.0,0.418943,0.373639,1021,19,
2,559,Overall,Overall,30,7,30,-2.0,-2.412859,0.458452,879,23,
2,560,Overall,Overall,30,18,30,1.0,1.464216,0.39358,1073,20,
2,561,Overall,Overall,30,7,30,-2.0,-2.347277,0.450709,883,23,
2,562,Overall,Overall,30,16,30,1.0,1.1846,0.388962,1059,19,
2,563,Overall,Overall,30,27,30,2.0,3.382152,0.625314,1169,31,
2,564,Overall,Overall,30,21,30,2.0,1.535479,0.414778,1077,21,
2,565,Overall,Overall,30,5,30,-2.0,-2.64635,0.504824,868,25,
2,566,Overall,Overall,30,15,30,0.0,0.304559,0.377666,1015,19,
2,567,Overall,Overall,30,19,30,1.0,1.363715,0.403505,1068,20,
2,568,Overall,Overall,30,19,30,2.0,1.689308,0.39633,1084,20,
2,569,Overall,Overall,30,19,30,2.0,1.655116,0.41146,1083,21,
2,570,Overall,Overall,30,6,30,-2.0,-2.486013,0.47327,876,24,
2,571,Overall,Overall,30,21,30,1.5,1.71163,0.419318,1086,21,
2,572,Overall,Overall,30,17,30,0.5,0.543008,0.379033,1027,19,
2,573,Overall,Overall,30,18,30,0.5,0.234036,0.379142,1012,19,
2,574,Overall,Overall,30,14,30,0.0,0.621874,0.38514,1031,19,
2,575,Overall,Overall,30,15,30,0.0,-0.246797,0.37465,988,19,
2,576,Overall,Overall,30,17,30,1.0,0.757409,0.384898,1038,19,
2,577,Overall,Overall,30,15,30,0.5,0.251416,0.371559,1013,19,
2,578,Overall,Overall,30,21,30,2.0,2.039028,0.42393,1102,21,
2,579,Overall,Overall,30,22,30,2.0,1.487439,0.424968,1074,21,
2,580,Overall,Overall,30,16,30,1.0,0.858752,0.385078,1043,19,
2,581,Overall,Overall,30,14,30,1.0,-0.036939,0.371885,998,19,
2,582,Overall,Overall,30,6,30,-2.0,-2.360833,0.480661,882,24,
2,583,Overall,Overall,30,15,30,-0.5,-0.535032,0.374563,973,19,
2,584,Overall,Overall,30,19,30,1.5,1.376644,0.405304,1069,20,
2,585,Overall,Overall,30,20,30,1.5,1.846985,0.40327,1092,20,
2,586,Overall,Overall,30,11,30,0.0,-0.072051,0.388458,996,19,
2,587,Overall,Overall,30,13,30,-1.5,-1.343638,0.388564,933,19,
2,588,Overall,Overall,30,15,30,0.5,0.343389,0.372719,1017,19,
2,589,Overall,Overall,30,22,30,2.0,1.918888,0.43935,1096,22,
2,590,Overall,Overall,30,11,30,-1.5,-1.165636,0.395361,942,20,
2,591,Overall,Overall,30,9,30,-2.0,-1.899013,0.419228,905,21,
2,592,Overall,Overall,30,12,30,-0.5,-0.4616,0.382856,977,19,
2,593,Overall,Overall,30,18,30,2.0,1.225799,0.397009,1061,20,
2,594,Overall,Overall,30,17,30,1.5,1.068582,0.388983,1053,19,
2,595,Overall,Overall,30,9,30,-2.0,-1.924922,0.417984,904,21,
2,596,Overall,Overall,30,8,30,-2.0,-2.014039,0.431858,899,22,
2,597,Overall,Overall,30,14,30,0.0,0.189694,0.373194,1009,19,
2,598,Overall,Overall,30,5,30,-2.0,-2.585146,0.513126,871,26,
2,599,Overall,Overall,30,18,30,0.5,0.459112,0.388058,1023,19,
2,600,Overall,Overall,30,13,30,-1.5,-1.334538,0.394625,933,20,
2,601,Overall,Overall,30,9,30,-2.0,-1.939637,0.41914,903,21,
2,602,Overall,Overall,30,10,30,-1.5,-1.453927,0.396587,927,20,
2,603,Overall,Overall,30,14,30,0.0,0.837406,0.389599,1042,19,
2,604,Overall,Overall,30,19,30,1.5,1.18638,0.405729,1059,20,
2,605,Overall,Overall,30,15,30,0.5,-0.214294,0.377243,989,19,
2,606,Overall,Overall,30,20,30,1.0,1.327348,0.403791,1066,20,
2,607,Overall,Overall,30,15,30,-0.5,-0.261128,0.373426,987,19,
2,608,Overall,Overall,30,16,30,0.5,0.395089,0.374444,1020,19,
2,609,Overall,Overall,30,15,30,-0.5,-0.574729,0.379375,971,19,
2,610,Overall,Overall,30,15,30,0.0,-0.162111,0.373052,992,19,
2,611,Overall,Overall,30,8,30,-1.0,-1.52328,0.431566,924,22,
2,612,Overall,Overall,30,12,30,-1.5,-1.49717,0.391008,925,20,
2,613,Overall,Overall,30,18,30,1.0,0.799538,0.380129,1040,19,
2,614,Overall,Overall,30,19,30,1.0,0.824527,0.38468,1041,19,
2,615,Overall,Overall,30,12,30,0.5,-0.415521,0.384594,979,19,
2,616,Overall,Overall,30,8,30,-2.0,-2.119573,0.431456,894,22,
2,617,Overall,Overall,30,23,30,1.5,2.195751,0.459921,1110,23,
2,618,Overall,Overall,30,13,30,-1.5,-1.296013,0.393504,935,20,
2,619,Overall,Overall,30,19,30,1.0,1.4338,0.410917,1072,21,
2,620,Overall,Overall,30,7,30,-2.0,-2.307485,0.449791,885,22,
2,621,Overall,Overall,30,18,30,2.0,1.479455,0.390341,1074,20,
2,622,Overall,Overall,30,15,30,0.5,0.340216,0.372786,1017,19,
2,623,Overall,Overall,30,18,30,1.0,1.035308,0.399163,1052,20,
2,624,Overall,Overall,30,18,30,1.5,1.243344,0.399046,1062,20,
2,625,Overall,Overall,30,14,30,0.0,-1.108577,0.381399,945,19,
2,626,Overall,Overall,30,15,30,-0.5,-0.334312,0.37465,983,19,
2,627,Overall,Overall,30,23,30,1.5,1.916807,0.446427,1096,22,
2,628,Overall,Overall,30,22,30,1.5,1.633051,0.42527,1082,21,
2,629,Overall,Overall,30,13,30,1.0,0.577401,0.393959,1029,20,
2,630,Overall,Overall,30,11,30,-0.5,-0.565861,0.38676,972,19,
2,631,Overall,Overall,30,15,30,-0.5,-0.64376,0.378941,968,19,
2,632,Overall,Overall,30,13,30,0.0,-0.728165,0.379791,964,19,
2,633,Overall,Overall,30,16,30,0.5,0.92066,0.38051,1046,19,
2,634,Overall,Overall,30,24,30,2.0,2.495917,0.481449,1125,24,
2,635,Overall,Overall,30,20,30,1.0,1.780773,0.409755,1089,20,
2,636,Overall,Overall,30,24,30,2.0,2.356906,0.472734,1118,24,
2,637,Overall,Overall,30,16,30,0.0,-0.259298,0.377583,987,19,
2,638,Overall,Overall,30,21,30,0.5,0.552431,0.41151,1028,21,
2,639,Overall,Overall,30,17,30,0.5,-0.163349,0.379743,992,19,
2,640,Overall,Overall,30,13,30,0.5,0.503845,0.386208,1025,19,
2,641,Overall,Overall,30,19,30,1.5,1.442973,0.396273,1072,20,
2,642,Overall,Overall,30,14,30,-1.0,-1.02757,0.383188,949,19,
2,643,Overall,Overall,30,21,30,1.0,1.769251,0.433215,1088,22,
2,644,Overall,Overall,30,14,30,0.0,0.017829,0.378307,1001,19,
2,645,Overall,Overall,30,20,30,2.0,1.657068,0.406863,1083,20,
2,646,Overall,Overall,30,18,30,2.0,1.535407,0.397311,1077,20,
2,647,Overall,Overall,30,20,30,1.5,1.574016,0.408228,1079,20,
2,648,Overall,Overall,30,17,30,0.5,0.206699,0.374225,1010,19,
2,649,Overall,Overall,30,22,30,2.0,1.915602,0.438347,1096,22,
2,650,Overall,Overall,30,21,30,1.5,1.935217,0.420042,1097,21,
2,651,Overall,Overall,30,20,30,1.5,1.69041,0.411566,1085,21,
2,652,Overall,Overall,30,21,30,0.0,1.029408,0.406702,1051,20,
2,653,Overall,Overall,30,15,30,0.5,0.665225,0.381364,1033,19,
2,654,Overall,Overall,30,17,30,0.0,0.11892,0.380162,1006,19,
2,655,Overall,Overall,30,6,30,-2.0,-2.445129,0.476538,878,24,
2,656,Overall,Overall,30,13,30,-1.5,-0.907062,0.382542,955,19,
2,657,Overall,Overall,30,8,30,-2.0,-2.006235,0.4325,900,22,
2,658,Overall,Overall,30,16,30,-1.0,-1.008531,0.386848,950,19,
2,659,Overall,Overall,30,19,30,1.5,1.185644,0.392809,1059,20,
2,660,Overall,Overall,30,10,30,0.0,-0.45118,0.399763,977,20,
2,661,Overall,Overall,30,9,30,-2.0,-1.755359,0.408275,912,20,
2,662,Overall,Overall,30,18,30,1.5,1.401289,0.387037,1070,19,
2,663,Overall,Overall,30,12,30,-1.5,-1.052445,0.383008,947,19,
2,664,Overall,Overall,30,16,30,0.0,-0.057852,0.377252,997,19,
2,665,Overall,Overall,30,12,30,-1.0,-1.454035,0.392974,927,20,
2,666,Overall,Overall,30,8,30,-2.0,-1.570173,0.441705,921,22,
2,667,Overall,Overall,30,6,30,-1.5,-2.442857,0.476893,878,24,
2,668,Overall,Overall,30,12,30,-0.5,-0.122311,0.384121,994,19,
2,669,Overall,Overall,30,10,30,-1.5,-1.472005,0.419239,926,21,
2,670,Overall,Overall,30,14,30,-1.0,-0.663105,0.375892,967,19,
2,671,Overall,Overall,30,7,30,-2.0,-2.273024,0.449859,886,22,
2,672,Overall,Overall,30,16,30,0.5,-0.242876,0.381573,988,19,
2,673,Overall,Overall,30,17,30,0.0,0.096073,0.379799,1005,19,
2,674,Overall,Overall,30,23,30,2.0,2.346954,0.451235,1117,23,
2,675,Overall,Overall,30,21,30,2.0,2.061009,0.427218,1103,21,
2,676,Overall,Overall,30,19,30,0.5,0.822589,0.387722,1041,19,
2,677,Overall,Overall,30,18,30,1.5,1.409727,0.394494,1070,20,
2,678,Overall,Overall,30,12,30,-1.0,-0.528387,0.380117,974,19,
2,679,Overall,Overall,30,14,30,-1.0,-0.972972,0.379789,951,19,
2,680,Overall,Overall,30,11,30,-0.5,-0.881791,0.39152,956,20,
2,681,Overall,Overall,30,11,30,-1.0,-1.809699,0.399603,910,20,
2,682,Overall,Overall,30,8,30,-2.0,-2.033882,0.430653,898,22,
2,683,Overall,Overall,30,14,30,-1.0,-0.859137,0.392374,957,20,
2,684,Overall,Overall,30,13,30,-1.0,-0.470372,0.378395,976,19,
2,685,Overall,Overall,30,10,30,-1.5,-1.637342,0.405931,918,20,
2,686,Overall,Overall,30,12,30,-0.5,-0.63891,0.382798,968,19,
2,687,Overall,Overall,30,14,30,-1.0,-0.811363,0.379896,959,19,
2,688,Overall,Overall,30,13,30,-1.5,-1.101436,0.382531,945,19,
2,689,Overall,Overall,30,17,30,0.5,0.090281,0.377722,1005,19,
2,690,Overall,Overall,30,7,30,-2.0,-2.168875,0.457823,892,23,
2,691,Overall,Overall,30,19,30,1.0,1.349827,0.390655,1067,20,
2,692,Overall,Overall,30,11,30,0.0,-0.509287,0.390682,975,20,
2,693,Overall,Overall,30,12,30,-1.0,-1.229586,0.398935,939,20,
2,694,Overall,Overall,30,17,30,0.5,0.349397,0.375555,1017,19,
2,695,Overall,Overall,30,15,30,0.5,1.149892,0.391219,1057,20,
2,696,Overall,Overall,30,22,30,1.0,2.136201,0.440468,1107,22,
2,697,Overall,Overall,30,21,30,2.0,1.686034,0.418593,1084,21,
2,698,Overall,Overall,30,16,30,0.0,-0.032912,0.375037,998,19,
2,699,Overall,Overall,30,14,30,0.5,0.10554,0.372838,1005,19,
2,700,Overall,Overall,30,14,30,-0.5,-0.797167,0.3779,960,19,
2,701,Overall,Overall,30,24,30,2.0,2.680043,0.479881,1134,24,
2,702,Overall,Overall,30,10,30,-2.0,-1.815508,0.406816,909,20,
2,703,Overall,Overall,30,19,30,1.0,1.553462,0.410218,1078,21,
2,704,Overall,Overall,30,20,30,1.5,1.560527,0.412723,1078,21,
2,705,Overall,Overall,30,20,30,2.0,1.497796,0.40053,1075,20,
2,706,Overall,Overall,30,11,30,-1.0,-1.375444,0.401395,931,20,
2,707,Overall,Overall,30,16,30,1.5,1.226712,0.383361,1061,19,
2,708,Overall,Overall,30,15,30,-1.0,-0.806656,0.377068,960,19,
2,709,Overall,Overall,30,12,30,-0.5,-0.332429,0.384317,983,19,
2,710,Overall,Overall,30,13,30,-0.5,-0.680077,0.382762,966,19,
2,711,Overall,Overall,30,16,30,1.0,0.454672,0.375002,1023,19,
2,712,Overall,Overall,30,7,30,-1.5,-2.321404,0.448652,884,22,
2,713,Overall,Overall,30,22,30,2.0,2.046244,0.434878,1102,22,
2,714,Overall,Overall,30,17,30,1.0,0.771948,0.379807,1039,19,
2,715,Overall,Overall,30,23,30,2.0,2.277213,0.463445,1114,23,
2,716,Overall,Overall,30,14,30,0.0,0.358089,0.376807,1018,19,
2,717,Overall,Overall,30,9,30,-0.5,-0.90844,0.416771,955,21,
2,718,Overall,Overall,30,24,30,1.5,2.607031,0.477972,1130,24,
2,719,Overall,Overall,30,12,30,-1.0,-0.521349,0.384755,974,19,
2,720,Overall,Overall,30,17,30,0.5,0.550296,0.378031,1028,19,
2,721,Overall,Overall,30,15,30,0.0,0.346783,0.375203,1017,19,
2,722,Overall,Overall,30,15,30,-1.0,0.114387,0.370821,1006,19,
2,723,Overall,Overall,30,16,30,-0.5,-0.4251,0.376003,979,19,
2,724,Overall,Overall,30,21,30,1.0,1.427217,0.408916,1071,20,
2,725,Overall,Overall,30,12,30,0.0,-0.20774,0.383043,990,19,
2,726,Overall,Overall,30,23,30,2.0,2.029932,0.448762,1101,22,
2,727,Overall,Overall,30,14,30,-1.0,0.009505,0.373769,1000,19,
2,728,Overall,Overall,30,4,30,-2.0,-3.066685,0.558236,847,28,
2,729,Overall,Overall,30,17,30,0.0,0.292739,0.377799,1015,19,
2,730,Overall,Overall,30,14,30,0.0,-0.203997,0.374259,990,19,
2,731,Overall,Overall,30,16,30,-0.5,-0.299675,0.376681,985,19,
2,732,Overall,Overall,30,9,30,-1.5,-2.175072,0.422638,891,21,
2,733,Overall,Overall,30,16,30,1.0,0.393679,0.370853,1020,19,
2,734,Overall,Overall,30,21,30,2.0,1.37211,0.413142,1069,21,
2,735,Overall,Overall,30,7,30,-2.0,-2.273679,0.449372,886,22,
2,736,Overall,Overall,30,19,30,0.0,0.910018,0.395561,1046,20,
2,737,Overall,Overall,30,13,30,0.0,-0.647767,0.38378,968,19,
2,738,Overall,Overall,30,11,30,-1.5,-1.640719,0.398224,918,20,
2,739,Overall,Overall,30,15,30,-1.0,-0.773557,0.380704,961,19,
2,740,Overall,Overall,30,15,30,-0.5,-0.61307,0.375735,969,19,
2,741,Overall,Overall,30,11,30,-0.5,-0.571634,0.38486,971,19,
2,742,Overall,Overall,30,22,30,2.0,2.190613,0.438878,1110,22,
2,743,Overall,Overall,30,16,30,1.0,0.702052,0.375319,1035,19,
2,744,Overall,Overall,30,15,30,0.0,0.59619,0.380085,1030,19,
2,745,Overall,Overall,30,5,30,-2.0,-2.892866,0.51194,855,26,
2,746,Overall,Overall,30,9,30,-2.0,-1.953349,0.420547,902,21,
2,747,Overall,Overall,30,10,30,-1.0,-1.183297,0.404133,941,20,
2,748,Overall,Overall,30,9,30,-1.5,-1.927617,0.416599,904,21,
2,749,Overall,Overall,30,18,30,0.5,1.001729,0.387461,1050,19,
2,750,Overall,Overall,30,19,30,1.0,1.588189,0.400924,1079,20,
2,751,Overall,Overall,30,12,30,-1.0,-1.263911,0.39571,937,20,
2,752,Overall,Overall,30,24,30,2.0,2.451899,0.47544,1123,24,
2,753,Overall,Overall,30,12,30,-1.5,-1.441089,0.398385,928,20,
2,754,Overall,Overall,30,17,30,-0.5,-0.311957,0.378115,984,19,
2,755,Overall,Overall,30,18,30,1.5,1.172136,0.395239,1059,20,
2,756,Overall,Overall,30,16,30,1.0,0.890501,0.386253,1045,19,
2,757,Overall,Overall,30,17,30,1.0,1.081807,0.394699,1054,20,
2,758,Overall,Overall,30,19,30,1.0,1.087496,0.390848,1054,20,
2,759,Overall,Overall,30,23,30,2.0,2.386927,0.464804,1119,23,
2,760,Overall,Overall,30,17,30,-0.5,-0.196267,0.383565,990,19,
2,761,Overall,Overall,30,13,30,-0.5,-0.420131,0.376643,979,19,
2,762,Overall,Overall,30,14,30,0.5,0.846979,0.382942,1042,19,
2,763,Overall,Overall,30,13,30,-1.0,-0.994981,0.386181,950,19,
2,764,Overall,Overall,30,21,30,1.5,1.754033,0.414986,1088,21,
2,765,Overall,Overall,30,15,30,-1.0,-1.03442,0.391425,948,20,
2,766,Overall,Overall,30,14,30,-0.5,-0.130106,0.374364,993,19,
2,767,Overall,Overall,30,19,30,1.5,1.553238,0.392904,1078,20,
2,768,Overall,Overall,30,17,30,1.5,1.221892,0.39134,1061,20,
2,769,Overall,Overall,30,12,30,0.0,0.066474,0.388548,1003,19,
2,770,Overall,Overall,30,15,30,-0.5,-0.703807,0.375368,965,19,
2,771,Overall,Overall,30,9,30,-1.5,-1.871801,0.425024,906,21,
2,772,Overall,Overall,30,15,30,-0.5,-0.336076,0.375392,983,19,
2,773,Overall,Overall,30,12,30,-0.5,-0.636227,0.381841,968,19,
2,774,Overall,Overall,30,19,30,1.5,1.762869,0.402917,1088,20,
2,775,Overall,Overall,30,15,30,0.5,0.980896,0.387243,1049,19,
2,776,Overall,Overall,30,20,30,0.5,1.491832,0.408627,1075,20,
2,777,Overall,Overall,30,7,30,-2.0,-2.02829,0.443691,899,22,
2,778,Overall,Overall,30,13,30,-1.0,-1.061194,0.382922,947,19,
2,779,Overall,Overall,30,22,30,0.5,1.218553,0.427365,1061,21,
2,780,Overall,Overall,30,13,30,-1.0,-0.941444,0.386357,953,19,
2,781,Overall,Overall,30,17,30,0.0,0.076832,0.377426,1004,19,
2,782,Overall,Overall,30,7,30,-1.5,-2.119145,0.456719,894,23,
2,783,Overall,Overall,30,10,30,-1.5,-1.663202,0.408189,917,20,
2,784,Overall,Overall,30,18,30,1.0,1.357843,0.394908,1068,20,
2,785,Overall,Overall,30,24,30,1.5,2.629162,0.481221,1131,24,
2,786,Overall,Overall,30,15,30,-1.5,-0.815507,0.378665,959,19,
2,787,Overall,Overall,30,18,30,1.0,1.124928,0.387283,1056,19,
2,788,Overall,Overall,30,25,30,2.0,2.635796,0.511038,1132,26,
2,789,Overall,Overall,30,21,30,2.0,2.034217,0.429756,1102,21,
2,790,Overall,Overall,30,12,30,0.0,-0.145162,0.379317,993,19,
2,791,Overall,Overall,30,15,30,-1.0,-0.69418,0.380229,965,19,
2,792,Overall,Overall,30,17,30,1.5,1.032906,0.379981,1052,19,
2,793,Overall,Overall,30,20,30,1.5,1.540201,0.406912,1077,20,
2,794,Overall,Overall,30,12,30,-2.0,-1.571126,0.392755,921,20,
2,795,Overall,Overall,30,16,30,1.0,0.889649,0.380412,1044,19,
2,796,Overall,Overall,30,11,30,-1.0,-0.833976,0.391714,958,20,
2,797,Overall,Overall,30,23,30,2.0,2.282071,0.452414,1114,23,
2,798,Overall,Overall,30,18,30,0.5,0.047484,0.386565,1002,19,
2,799,Overall,Overall,30,12,30,0.0,-0.008367,0.381354,1000,19,
2,800,Overall,Overall,30,11,30,-0.5,-1.487281,0.398079,926,20,
2,801,Overall,Overall,30,10,30,-2.0,-1.670991,0.410505,916,21,
2,802,Overall,Overall,30,7,30,-2.0,-2.494174,0.451098,875,23,
2,803,Overall,Overall,30,14,30,-0.5,-8.91E-4,0.370815,1000,19,
2,804,Overall,Overall,30,17,30,-0.5,-0.274692,0.386169,986,19,
2,805,Overall,Overall,30,15,30,1.0,0.356873,0.371776,1018,19,
2,806,Overall,Overall,30,19,30,1.5,1.078819,0.389289,1054,19,
2,807,Overall,Overall,30,17,30,0.0,0.463151,0.373399,1023,19,
2,808,Overall,Overall,30,10,30,-1.5,-1.388381,0.398911,931,20,
2,809,Overall,Overall,30,15,30,-1.0,-0.900012,0.379241,955,19,
2,810,Overall,Overall,30,21,30,2.0,2.116173,0.426806,1106,21,
2,811,Overall,Overall,30,25,30,2.0,2.843367,0.527902,1142,26,
2,812,Overall,Overall,30,10,30,-1.5,-1.64995,0.40331,918,20,
2,813,Overall,Overall,30,17,30,0.5,0.611503,0.38002,1031,19,
2,814,Overall,Overall,30,19,30,1.0,0.88779,0.398954,1044,20,
2,815,Overall,Overall,30,11,30,-0.5,-0.476203,0.389724,976,19,
2,816,Overall,Overall,30,15,30,-1.0,-0.742615,0.374574,963,19,
2,817,Overall,Overall,30,13,30,0.5,0.043074,0.375113,1002,19,
2,818,Overall,Overall,30,13,30,-1.0,-0.673768,0.389177,966,19,
2,819,Overall,Overall,30,16,30,-0.5,-0.414396,0.376594,979,19,
2,820,Overall,Overall,30,14,30,1.0,0.94079,0.387707,1047,19,
2,821,Overall,Overall,30,17,30,0.0,0.705556,0.384535,1035,19,
2,822,Overall,Overall,30,10,30,-2.0,-1.840072,0.407217,908,20,
2,823,Overall,Overall,30,16,30,0.0,0.014849,0.37372,1001,19,
2,824,Overall,Overall,30,11,30,-1.5,-1.255995,0.391722,937,20,
2,825,Overall,Overall,30,6,30,-2.0,-2.429348,0.474398,879,24,
2,826,Overall,Overall,30,22,30,1.5,2.135789,0.434933,1107,22,
2,827,Overall,Overall,30,9,30,-2.0,-1.625424,0.428534,919,21,
2,828,Overall,Overall,30,23,30,2.0,2.066565,0.449535,1103,22,
2,829,Overall,Overall,30,13,30,0.5,0.35231,0.381125,1018,19,
2,830,Overall,Overall,30,12,30,-1.0,-0.976231,0.389912,951,19,
2,831,Overall,Overall,30,12,30,-2.0,-1.383089,0.39129,931,20,
2,832,Overall,Overall,30,18,30,1.0,0.693892,0.376949,1035,19,
2,833,Overall,Overall,30,25,30,2.0,2.772757,0.527232,1139,26,
2,834,Overall,Overall,30,15,30,0.5,0.768228,0.3821,1038,19,
2,835,Overall,Overall,30,12,30,-1.0,-1.280869,0.387438,936,19,
2,836,Overall,Overall,30,10,30,-1.0,-1.467019,0.398152,927,20,
2,837,Overall,Overall,30,13,30,-1.5,-0.763476,0.379412,962,19,
2,838,Overall,Overall,30,11,30,0.0,-0.431134,0.389019,978,19,
2,839,Overall,Overall,30,21,30,2.0,1.736285,0.413025,1087,21,
2,840,Overall,Overall,30,24,30,2.0,2.497884,0.489803,1125,24,
2,841,Overall,Overall,30,15,30,0.0,-0.109488,0.375438,995,19,
2,842,Overall,Overall,30,18,30,1.5,1.390257,0.401161,1070,20,
2,843,Overall,Overall,30,13,30,-1.0,-0.677328,0.383781,966,19,
2,844,Overall,Overall,30,8,30,-2.0,-2.061839,0.430693,897,22,
2,845,Overall,Overall,30,16,30,0.5,0.476537,0.370205,1024,19,
2,846,Overall,Overall,30,10,30,-2.0,-1.3335,0.401167,933,20,
2,847,Overall,Overall,30,13,30,-1.5,-1.453895,0.389941,927,19,
2,848,Overall,Overall,30,20,30,1.5,1.579875,0.413929,1079,21,
2,849,Overall,Overall,30,15,30,0.5,0.149776,0.371607,1007,19,
2,850,Overall,Overall,30,17,30,0.5,0.659579,0.378325,1033,19,
2,851,Overall,Overall,30,15,30,1.0,0.445746,0.372866,1022,19,
2,852,Overall,Overall,30,11,30,-1.5,-1.731387,0.39695,913,20,
2,853,Overall,Overall,30,15,30,0.5,0.296721,0.372418,1015,19,
2,854,Overall,Overall,30,20,30,1.5,1.6522,0.415176,1083,21,
2,855,Overall,Overall,30,16,30,0.0,0.091475,0.375266,1005,19,
2,856,Overall,Overall,30,17,30,0.5,0.752011,0.380801,1038,19,
2,857,Overall,Overall,30,21,30,1.0,1.018918,0.411534,1051,21,
2,858,Overall,Overall,30,14,30,-0.5,-0.455548,0.374386,977,19,
2,859,Overall,Overall,30,17,30,1.0,1.31845,0.387607,1066,19,
2,860,Overall,Overall,30,17,30,0.5,0.305347,0.379758,1015,19,
2,861,Overall,Overall,30,7,30,-2.0,-2.171078,0.448447,891,22,
2,862,Overall,Overall,30,21,30,2.0,1.969945,0.418366,1098,21,
2,863,Overall,Overall,30,19,30,0.5,0.706666,0.39084,1035,20,
2,864,Overall,Overall,30,21,30,1.5,1.910397,0.420548,1096,21,
2,865,Overall,Overall,30,17,30,0.5,0.163224,0.377779,1008,19,
2,866,Overall,Overall,30,14,30,-1.0,-0.715258,0.375515,964,19,
2,867,Overall,Overall,30,14,30,0.5,0.726321,0.386254,1036,19,
2,868,Overall,Overall,30,20,30,1.0,1.456498,0.413209,1073,21,
2,869,Overall,Overall,30,19,30,1.0,0.299822,0.397078,1015,20,
2,870,Overall,Overall,30,10,30,-1.5,-1.815404,0.407498,909,20,
2,871,Overall,Overall,30,21,30,2.0,1.809272,0.414457,1090,21,
2,872,Overall,Overall,30,14,30,-0.5,-0.507588,0.375326,975,19,
2,873,Overall,Overall,30,20,30,1.5,1.055275,0.392291,1053,20,
2,874,Overall,Overall,30,22,30,2.0,2.237911,0.428156,1112,21,
2,875,Overall,Overall,30,22,30,2.0,1.793407,0.427312,1090,21,
2,876,Overall,Overall,30,21,30,1.0,1.469262,0.412089,1073,21,
2,877,Overall,Overall,30,15,30,0.0,-0.031573,0.373977,998,19,
2,878,Overall,Overall,30,5,30,-2.0,-2.642589,0.50885,868,25,
2,879,Overall,Overall,30,15,30,-0.5,0.008534,0.374322,1000,19,
2,880,Overall,Overall,30,18,30,1.5,1.392994,0.396691,1070,20,
2,881,Overall,Overall,30,21,30,2.0,1.91233,0.419565,1096,21,
2,882,Overall,Overall,30,7,30,-2.0,-2.387655,0.450521,881,23,
2,883,Overall,Overall,30,21,30,2.0,1.616387,0.415304,1081,21,
2,884,Overall,Overall,30,8,30,-2.0,-2.227055,0.434717,889,22,
2,885,Overall,Overall,30,24,30,1.5,2.451928,0.492634,1123,25,
2,886,Overall,Overall,30,18,30,1.0,0.901663,0.387178,1045,19,
2,887,Overall,Overall,30,15,30,0.0,0.318468,0.374457,1016,19,
2,888,Overall,Overall,30,24,30,1.5,2.388864,0.474814,1119,24,
2,889,Overall,Overall,30,10,30,-1.5,-1.595708,0.400326,920,20,
2,890,Overall,Overall,30,11,30,-0.5,-0.987777,0.392031,951,20,
2,891,Overall,Overall,30,10,30,-1.5,-1.691164,0.407425,915,20,
2,892,Overall,Overall,30,17,30,0.0,0.116196,0.374728,1006,19,
2,893,Overall,Overall,30,13,30,-0.5,-0.464785,0.38048,977,19,
2,894,Overall,Overall,30,11,30,-1.5,-1.345747,0.396355,933,20,
2,895,Overall,Overall,30,15,30,0.0,0.192905,0.369769,1010,18,
2,896,Overall,Overall,30,17,30,0.5,0.384121,0.383273,1019,19,
2,897,Overall,Overall,30,9,30,-0.5,-0.60619,0.408539,970,20,
2,898,Overall,Overall,30,18,30,1.0,0.38687,0.379121,1019,19,
2,899,Overall,Overall,30,6,30,-2.0,-2.494177,0.475702,875,24,
2,900,Overall,Overall,30,13,30,-1.0,-1.044536,0.380067,948,19,
3,1,Overall,Overall,30,13,30,0.0,-0.022321,0.372569,999,19,
3,2,Overall,Overall,30,13,30,-1.5,-0.816023,0.379424,959,19,
3,3,Overall,Overall,30,21,30,1.0,1.601386,0.430087,1080,22,
3,4,Overall,Overall,30,14,30,-1.0,-0.972655,0.37945,951,19,
3,5,Overall,Overall,30,12,30,-0.5,-0.117843,0.380943,994,19,
3,6,Overall,Overall,30,20,30,2.0,1.584743,0.414855,1079,21,
3,7,Overall,Overall,30,10,30,-1.5,-1.848739,0.408679,908,20,
3,8,Overall,Overall,30,17,30,0.0,0.003775,0.377696,1000,19,
3,9,Overall,Overall,30,14,30,-1.5,-1.042657,0.384965,948,19,
3,10,Overall,Overall,30,13,30,-1.0,-0.916044,0.383348,954,19,
3,11,Overall,Overall,30,20,30,1.5,1.995046,0.417343,1100,21,
3,12,Overall,Overall,30,17,30,-0.5,-0.759946,0.385558,962,19,
3,13,Overall,Overall,30,12,30,-1.5,-1.256012,0.388772,937,19,
3,14,Overall,Overall,30,10,30,-1.0,-1.756087,0.409761,912,20,
3,15,Overall,Overall,30,17,30,0.0,-0.177168,0.381745,991,19,
3,16,Overall,Overall,30,20,30,2.0,1.824533,0.414024,1091,21,
3,17,Overall,Overall,30,7,30,-1.5,-1.984487,0.455969,901,23,
3,18,Overall,Overall,30,15,30,0.0,0.254734,0.373917,1013,19,
3,19,Overall,Overall,30,21,30,1.0,1.887139,0.422678,1094,21,
3,20,Overall,Overall,30,14,30,0.5,0.357242,0.373501,1018,19,
3,21,Overall,Overall,30,7,30,-2.0,-2.241965,0.450069,888,23,
3,22,Overall,Overall,30,15,30,-0.5,-0.840609,0.382628,958,19,
3,23,Overall,Overall,30,18,30,0.5,0.525783,0.377754,1026,19,
3,24,Overall,Overall,30,20,30,2.0,1.841186,0.410379,1092,21,
3,25,Overall,Overall,30,10,30,-1.0,-1.353967,0.399019,932,20,
3,26,Overall,Overall,30,13,30,0.5,-0.46235,0.378614,977,19,
3,27,Overall,Overall,30,21,30,1.5,2.006745,0.424337,1100,21,
3,28,Overall,Overall,30,24,30,2.0,2.181698,0.485547,1109,24,
3,29,Overall,Overall,30,22,30,1.5,1.913386,0.430213,1096,22,
3,30,Overall,Overall,30,10,30,0.5,-0.437538,0.407755,978,20,
3,31,Overall,Overall,30,19,30,0.5,0.203324,0.393229,1010,20,
3,32,Overall,Overall,30,9,30,-2.0,-1.947263,0.419816,903,21,
3,33,Overall,Overall,30,20,30,1.5,1.781525,0.405709,1089,20,
3,34,Overall,Overall,30,11,30,-1.5,-1.43136,0.397127,928,20,
3,35,Overall,Overall,30,11,30,-0.5,-1.100974,0.392816,945,20,
3,36,Overall,Overall,30,15,30,0.5,1.125702,0.384061,1056,19,
3,37,Overall,Overall,30,15,30,-0.5,-0.727491,0.375186,964,19,
3,38,Overall,Overall,30,20,30,1.5,1.226302,0.408,1061,20,
3,39,Overall,Overall,30,19,30,1.5,1.797941,0.401296,1090,20,
3,40,Overall,Overall,30,22,30,1.5,1.844664,0.43521,1092,22,
3,41,Overall,Overall,30,11,30,-1.0,-1.275161,0.390774,936,20,
3,42,Overall,Overall,30,16,30,1.0,0.799589,0.378053,1040,19,
3,43,Overall,Overall,30,20,30,1.5,1.453343,0.404622,1073,20,
3,44,Overall,Overall,30,18,30,1.0,1.356562,0.398891,1068,20,
3,45,Overall,Overall,30,10,30,-1.0,-1.289622,0.401439,936,20,
3,46,Overall,Overall,30,22,30,0.5,0.757783,0.422761,1038,21,
3,47,Overall,Overall,30,6,30,-2.0,-2.526218,0.473502,874,24,
3,48,Overall,Overall,30,10,30,-1.0,-1.452558,0.40439,927,20,
3,49,Overall,Overall,30,17,30,1.5,1.040836,0.395581,1052,20,
3,50,Overall,Overall,30,14,30,0.5,0.240082,0.371566,1012,19,
3,51,Overall,Overall,30,18,30,0.0,0.224337,0.383242,1011,19,
3,52,Overall,Overall,30,18,30,1.0,0.918495,0.387583,1046,19,
3,53,Overall,Overall,30,19,30,1.5,1.556352,0.402364,1078,20,
3,54,Overall,Overall,30,17,30,0.0,0.101436,0.375631,1005,19,
3,55,Overall,Overall,30,14,30,-1.0,-0.2275,0.373794,989,19,
3,56,Overall,Overall,30,9,30,-2.0,-2.058909,0.417979,897,21,
3,57,Overall,Overall,30,6,30,-2.0,-2.380861,0.470927,881,24,
3,58,Overall,Overall,30,12,30,-1.0,-0.487618,0.386256,976,19,
3,59,Overall,Overall,30,13,30,-1.5,-0.987679,0.379786,951,19,
3,60,Overall,Overall,30,12,30,-2.0,-1.4367,0.39592,928,20,
3,61,Overall,Overall,30,14,30,0.0,-0.358395,0.37472,982,19,
3,62,Overall,Overall,30,13,30,-1.0,-0.855624,0.380748,957,19,
3,63,Overall,Overall,30,12,30,-1.5,-1.080439,0.38553,946,19,
3,64,Overall,Overall,30,7,30,-1.5,-2.436652,0.456903,878,23,
3,65,Overall,Overall,30,12,30,0.0,-0.046513,0.385217,998,19,
3,66,Overall,Overall,30,20,30,1.5,1.274326,0.405583,1064,20,
3,67,Overall,Overall,30,14,30,0.5,0.006802,0.370815,1000,19,
3,68,Overall,Overall,30,8,30,-1.5,-2.009293,0.432055,900,22,
3,69,Overall,Overall,30,18,30,2.0,1.705531,0.395887,1085,20,
3,70,Overall,Overall,30,8,30,-2.0,-1.947052,0.42608,903,21,
3,71,Overall,Overall,30,10,30,-1.0,-0.490226,0.397535,975,20,
3,72,Overall,Overall,30,25,30,2.0,2.619224,0.528565,1131,26,
3,73,Overall,Overall,30,11,30,-0.5,-0.366813,0.391611,982,20,
3,74,Overall,Overall,30,9,30,-1.5,-1.835812,0.411168,908,21,
3,75,Overall,Overall,30,23,30,1.0,2.304074,0.459907,1115,23,
3,76,Overall,Overall,30,18,30,-1.0,-0.204749,0.385282,990,19,
3,77,Overall,Overall,30,10,30,-0.5,-0.954045,0.400395,952,20,
3,78,Overall,Overall,30,16,30,1.0,0.646416,0.373648,1032,19,
3,79,Overall,Overall,30,16,30,0.0,-0.240114,0.377664,988,19,
3,80,Overall,Overall,30,13,30,0.0,-0.158031,0.373412,992,19,
3,81,Overall,Overall,30,13,30,0.0,-0.184894,0.373685,991,19,
3,82,Overall,Overall,30,16,30,1.5,0.99004,0.388426,1050,19,
3,83,Overall,Overall,30,17,30,-0.5,-0.386061,0.382457,981,19,
3,84,Overall,Overall,30,19,30,1.0,1.299373,0.395182,1065,20,
3,85,Overall,Overall,30,17,30,1.0,1.142989,0.392231,1057,20,
3,86,Overall,Overall,30,9,30,-1.5,-2.15894,0.421519,892,21,
3,87,Overall,Overall,30,18,30,1.0,1.311271,0.398879,1066,20,
3,88,Overall,Overall,30,20,30,1.0,1.52911,0.40773,1076,20,
3,89,Overall,Overall,30,22,30,1.0,0.808402,0.42377,1040,21,
3,90,Overall,Overall,30,13,30,-1.0,-0.955531,0.382922,952,19,
3,91,Overall,Overall,30,10,30,-2.0,-1.892287,0.406763,905,20,
3,92,Overall,Overall,30,12,30,0.5,0.357922,0.385612,1018,19,
3,93,Overall,Overall,30,16,30,1.5,0.889665,0.383025,1044,19,
3,94,Overall,Overall,30,13,30,-2.0,-1.087116,0.383041,946,19,
3,95,Overall,Overall,30,10,30,-2.0,-1.729332,0.40478,914,20,
3,96,Overall,Overall,30,13,30,-1.0,-0.903998,0.383616,955,19,
3,97,Overall,Overall,30,13,30,0.5,0.11923,0.375052,1006,19,
3,98,Overall,Overall,30,9,30,-1.5,-1.321029,0.409901,934,20,
3,99,Overall,Overall,30,15,30,0.0,0.016141,0.372015,1001,19,
3,100,Overall,Overall,30,17,30,1.5,1.40457,0.385254,1070,19,
3,101,Overall,Overall,30,15,30,-0.5,-0.094063,0.37894,995,19,
3,102,Overall,Overall,30,17,30,0.5,0.779607,0.377762,1039,19,
3,103,Overall,Overall,30,22,30,2.0,2.166138,0.439839,1108,22,
3,104,Overall,Overall,30,7,30,-2.0,-2.178455,0.457248,891,23,
3,105,Overall,Overall,30,19,30,2.0,1.220994,0.390699,1061,20,
3,106,Overall,Overall,30,17,30,0.0,-0.015906,0.382158,999,19,
3,107,Overall,Overall,30,22,30,0.5,0.854261,0.419581,1043,21,
3,108,Overall,Overall,30,18,30,1.0,1.259065,0.386931,1063,19,
3,109,Overall,Overall,30,15,30,-1.0,-0.942951,0.385328,953,19,
3,110,Overall,Overall,30,12,30,-1.5,-1.444674,0.390016,928,20,
3,111,Overall,Overall,30,12,30,0.0,0.200892,0.400535,1010,20,
3,112,Overall,Overall,30,17,30,1.5,1.156067,0.38698,1058,19,
3,113,Overall,Overall,30,15,30,0.0,0.491872,0.373815,1025,19,
3,114,Overall,Overall,30,13,30,-1.0,-1.281786,0.387412,936,19,
3,115,Overall,Overall,30,11,30,-2.0,-1.366322,0.3893,932,19,
3,116,Overall,Overall,30,15,30,0.0,0.194711,0.374649,1010,19,
3,117,Overall,Overall,30,11,30,-1.0,-1.387453,0.393231,931,20,
3,118,Overall,Overall,30,17,30,-0.5,-0.043412,0.374207,998,19,
3,119,Overall,Overall,30,17,30,0.5,0.444434,0.374179,1022,19,
3,120,Overall,Overall,30,11,30,-2.0,-1.463219,0.393254,927,20,
3,121,Overall,Overall,30,14,30,0.0,0.126546,0.37753,1006,19,
3,122,Overall,Overall,30,14,30,-1.0,-0.800716,0.377888,960,19,
3,123,Overall,Overall,30,22,30,0.5,1.353884,0.425239,1068,21,
3,124,Overall,Overall,30,13,30,0.0,-0.295956,0.378339,985,19,
3,125,Overall,Overall,30,8,30,-2.0,-2.015547,0.428847,899,21,
3,126,Overall,Overall,30,12,30,-1.0,-1.435383,0.39746,928,20,
3,127,Overall,Overall,30,22,30,1.5,1.383662,0.418642,1069,21,
3,128,Overall,Overall,30,20,30,0.0,0.761689,0.404146,1038,20,
3,129,Overall,Overall,30,23,30,1.5,2.502163,0.455866,1125,23,
3,130,Overall,Overall,30,18,30,2.0,1.338512,0.392714,1067,20,
3,131,Overall,Overall,30,20,30,1.5,1.550645,0.408874,1078,20,
3,132,Overall,Overall,30,8,30,-2.0,-2.169265,0.43807,892,22,
3,133,Overall,Overall,30,18,30,1.5,1.424287,0.397303,1071,20,
3,134,Overall,Overall,30,13,30,-1.0,-0.347124,0.387869,983,19,
3,135,Overall,Overall,30,7,30,-2.0,-2.517183,0.455131,874,23,
3,136,Overall,Overall,30,12,30,-1.5,-1.096928,0.384494,945,19,
3,137,Overall,Overall,30,22,30,1.5,1.505777,0.432261,1075,22,
3,138,Overall,Overall,30,8,30,-2.0,-2.19309,0.432072,890,22,
3,139,Overall,Overall,30,22,30,1.5,2.003364,0.440483,1100,22,
3,140,Overall,Overall,30,21,30,2.0,1.669874,0.424574,1083,21,
3,141,Overall,Overall,30,13,30,-1.5,-1.283665,0.387598,936,19,
3,142,Overall,Overall,30,26,30,1.5,2.91825,0.555663,1146,28,
3,143,Overall,Overall,30,16,30,1.5,1.03704,0.380697,1052,19,
3,144,Overall,Overall,30,13,30,0.0,-0.327362,0.374146,984,19,
3,145,Overall,Overall,30,20,30,0.5,1.149782,0.397927,1057,20,
3,146,Overall,Overall,30,14,30,-0.5,-0.450881,0.373514,977,19,
3,147,Overall,Overall,30,24,30,1.5,2.381908,0.49061,1119,25,
3,148,Overall,Overall,30,13,30,-1.5,-1.371859,0.388251,931,19,
3,149,Overall,Overall,30,23,30,2.0,2.294788,0.452554,1115,23,
3,150,Overall,Overall,30,19,30,1.5,1.656726,0.405638,1083,20,
3,151,Overall,Overall,30,16,30,1.0,1.109018,0.399108,1055,20,
3,152,Overall,Overall,30,24,30,1.5,2.256321,0.483837,1113,24,
3,153,Overall,Overall,30,17,30,0.0,0.158756,0.383173,1008,19,
3,154,Overall,Overall,30,17,30,0.0,-0.089331,0.379157,996,19,
3,155,Overall,Overall,30,9,30,-1.5,-2.063233,0.417447,897,21,
3,156,Overall,Overall,30,12,30,-1.5,-1.233885,0.382618,938,19,
3,157,Overall,Overall,30,8,30,-2.0,-2.030835,0.436412,898,22,
3,158,Overall,Overall,30,13,30,0.5,0.306063,0.384157,1015,19,
3,159,Overall,Overall,30,13,30,-0.5,-0.755548,0.38664,962,19,
3,160,Overall,Overall,30,17,30,0.0,-0.022337,0.376281,999,19,
3,161,Overall,Overall,30,9,30,-2.0,-1.972504,0.420826,901,21,
3,162,Overall,Overall,30,12,30,-0.5,-0.799034,0.37978,960,19,
3,163,Overall,Overall,30,12,30,-1.5,-1.552716,0.394462,922,20,
3,164,Overall,Overall,30,8,30,-1.0,-1.199532,0.435966,940,22,
3,165,Overall,Overall,30,7,30,-1.5,-2.216704,0.447114,889,22,
3,166,Overall,Overall,30,14,30,0.5,0.300572,0.383151,1015,19,
3,167,Overall,Overall,30,12,30,-1.0,-1.561085,0.394722,922,20,
3,168,Overall,Overall,30,21,30,1.5,1.286136,0.41008,1064,21,
3,169,Overall,Overall,30,18,30,0.5,1.314062,0.397874,1066,20,
3,170,Overall,Overall,30,24,30,2.0,2.723357,0.477664,1136,24,
3,171,Overall,Overall,30,17,30,0.0,-0.215907,0.380466,989,19,
3,172,Overall,Overall,30,13,30,0.0,-0.606653,0.378808,970,19,
3,173,Overall,Overall,30,18,30,1.5,1.423847,0.396507,1071,20,
3,174,Overall,Overall,30,12,30,-0.5,0.013438,0.380253,1001,19,
3,175,Overall,Overall,30,13,30,-0.5,-0.140131,0.373772,993,19,
3,176,Overall,Overall,30,14,30,-1.5,-0.943368,0.377328,953,19,
3,177,Overall,Overall,30,13,30,-0.5,-0.858256,0.37985,957,19,
3,178,Overall,Overall,30,7,30,-2.0,-2.305347,0.452996,885,23,
3,179,Overall,Overall,30,8,30,-1.5,-2.055623,0.432424,897,22,
3,180,Overall,Overall,30,23,30,2.0,2.373074,0.451872,1119,23,
3,181,Overall,Overall,30,17,30,0.5,0.772886,0.384836,1039,19,
3,182,Overall,Overall,30,10,30,-1.5,-1.475139,0.401864,926,20,
3,183,Overall,Overall,30,9,30,-2.0,-2.052847,0.419548,897,21,
3,184,Overall,Overall,30,11,30,-1.5,-1.615922,0.400954,919,20,
3,185,Overall,Overall,30,15,30,0.0,0.580785,0.37863,1029,19,
3,186,Overall,Overall,30,17,30,1.0,1.066478,0.384508,1053,19,
3,187,Overall,Overall,30,22,30,1.5,2.011094,0.430132,1101,22,
3,188,Overall,Overall,30,18,30,1.5,1.519764,0.390978,1076,20,
3,189,Overall,Overall,30,17,30,0.0,-0.339432,0.381724,983,19,
3,190,Overall,Overall,30,21,30,1.5,1.618079,0.419874,1081,21,
3,191,Overall,Overall,30,8,30,-2.0,-1.952934,0.437443,902,22,
3,192,Overall,Overall,30,17,30,1.0,0.826427,0.381064,1041,19,
3,193,Overall,Overall,30,16,30,1.0,0.931134,0.38237,1047,19,
3,194,Overall,Overall,30,9,30,-1.5,-1.8841,0.41629,906,21,
3,195,Overall,Overall,30,15,30,1.0,0.541164,0.381395,1027,19,
3,196,Overall,Overall,30,8,30,-1.5,-1.746418,0.425309,913,21,
3,197,Overall,Overall,30,13,30,-0.5,-0.122764,0.3777,994,19,
3,198,Overall,Overall,30,13,30,-1.0,-0.783945,0.383004,961,19,
3,199,Overall,Overall,30,11,30,-1.5,-1.454494,0.394616,927,20,
3,200,Overall,Overall,30,14,30,-0.5,-0.641457,0.377496,968,19,
3,201,Overall,Overall,30,23,30,2.0,2.315473,0.459623,1116,23,
3,202,Overall,Overall,30,16,30,-0.5,-0.525277,0.379501,974,19,
3,203,Overall,Overall,30,17,30,0.0,-0.299913,0.378722,985,19,
3,204,Overall,Overall,30,16,30,0.5,0.671094,0.378972,1034,19,
3,205,Overall,Overall,30,16,30,0.5,0.575723,0.375684,1029,19,
3,206,Overall,Overall,30,20,30,2.0,1.875167,0.409045,1094,20,
3,207,Overall,Overall,30,23,30,2.0,2.461728,0.45926,1123,23,
3,208,Overall,Overall,30,19,30,0.5,0.657549,0.390027,1033,20,
3,209,Overall,Overall,30,23,30,2.0,2.288182,0.452655,1114,23,
3,210,Overall,Overall,30,18,30,1.0,1.385057,0.404579,1069,20,
3,211,Overall,Overall,30,16,30,1.0,0.616618,0.374103,1031,19,
3,212,Overall,Overall,30,9,30,-2.0,-1.939206,0.4159,903,21,
3,213,Overall,Overall,30,7,30,-2.0,-2.248996,0.4586,888,23,
3,214,Overall,Overall,30,15,30,1.0,0.570668,0.37552,1029,19,
3,215,Overall,Overall,30,15,30,1.0,0.764534,0.380569,1038,19,
3,216,Overall,Overall,30,13,30,0.0,-0.318898,0.376178,984,19,
3,217,Overall,Overall,30,14,30,-0.5,-0.765952,0.37969,962,19,
3,218,Overall,Overall,30,19,30,1.5,1.289022,0.390994,1064,20,
3,219,Overall,Overall,30,10,30,-1.5,-1.57307,0.413545,921,21,
3,220,Overall,Overall,30,10,30,-1.5,-1.445255,0.404237,928,20,
3,221,Overall,Overall,30,12,30,-1.0,-1.312997,0.387552,934,19,
3,222,Overall,Overall,30,9,30,-0.5,-0.987126,0.412593,951,21,
3,223,Overall,Overall,30,13,30,-1.0,-1.438565,0.389933,928,19,
3,224,Overall,Overall,30,10,30,-1.5,-1.367422,0.399338,932,20,
3,225,Overall,Overall,30,23,30,1.5,1.991927,0.455593,1100,23,
3,226,Overall,Overall,30,13,30,0.0,0.026654,0.385282,1001,19,
3,227,Overall,Overall,30,15,30,0.5,0.431931,0.374639,1022,19,
3,228,Overall,Overall,30,17,30,1.0,1.444289,0.388333,1072,19,
3,229,Overall,Overall,30,15,30,-0.5,-0.603539,0.377458,970,19,
3,230,Overall,Overall,30,22,30,2.0,2.03791,0.441901,1102,22,
3,231,Overall,Overall,30,17,30,1.5,1.000464,0.38444,1050,19,
3,232,Overall,Overall,30,22,30,2.0,1.928998,0.436895,1096,22,
3,233,Overall,Overall,30,10,30,-1.0,-1.512244,0.399416,924,20,
3,234,Overall,Overall,30,3,30,-2.0,-3.360678,0.631392,832,32,
3,235,Overall,Overall,30,13,30,0.0,-0.501291,0.379473,975,19,
3,236,Overall,Overall,30,11,30,-1.0,-1.166079,0.389003,942,19,
3,237,Overall,Overall,30,13,30,0.0,0.121095,0.38,1006,19,
3,238,Overall,Overall,30,22,30,2.0,2.085946,0.432042,1104,22,
3,239,Overall,Overall,30,8,30,-2.0,-1.717423,0.42478,914,21,
3,240,Overall,Overall,30,16,30,0.5,0.711386,0.377885,1036,19,
3,241,Overall,Overall,30,14,30,-0.5,0.382696,0.376281,1019,19,
3,242,Overall,Overall,30,19,30,1.5,1.044772,0.387597,1052,19,
3,243,Overall,Overall,30,7,30,-2.0,-1.862969,0.443856,907,22,
3,244,Overall,Overall,30,16,30,0.0,0.411244,0.3748,1021,19,
3,245,Overall,Overall,30,16,30,1.5,0.908448,0.379492,1045,19,
3,246,Overall,Overall,30,17,30,1.0,1.060378,0.39084,1053,20,
3,247,Overall,Overall,30,19,30,0.0,0.647353,0.393091,1032,20,
3,248,Overall,Overall,30,21,30,2.0,1.900493,0.4218,1095,21,
3,249,Overall,Overall,30,19,30,0.5,0.703746,0.389225,1035,19,
3,250,Overall,Overall,30,11,30,-1.5,-1.615785,0.398681,919,20,
3,251,Overall,Overall,30,8,30,-2.0,-1.846112,0.430201,908,22,
3,252,Overall,Overall,30,17,30,-0.5,-0.273046,0.383913,986,19,
3,253,Overall,Overall,30,21,30,2.0,1.79805,0.413906,1090,21,
3,254,Overall,Overall,30,17,30,2.0,1.078505,0.389468,1054,19,
3,255,Overall,Overall,30,12,30,-2.0,-1.561085,0.394722,922,20,
3,256,Overall,Overall,30,8,30,-2.0,-1.922029,0.437946,904,22,
3,257,Overall,Overall,30,12,30,0.0,-0.037323,0.379997,998,19,
3,258,Overall,Overall,30,9,30,-0.5,-0.92296,0.412119,954,21,
3,259,Overall,Overall,30,19,30,0.5,0.838774,0.388533,1042,19,
3,260,Overall,Overall,30,8,30,-2.0,-2.2994,0.436495,885,22,
3,261,Overall,Overall,30,7,30,-2.0,-1.864106,0.453567,907,23,
3,262,Overall,Overall,30,7,30,-2.0,-2.334357,0.451713,883,23,
3,263,Overall,Overall,30,12,30,0.0,-0.075987,0.382757,996,19,
3,264,Overall,Overall,30,14,30,-1.0,-0.596431,0.375188,970,19,
3,265,Overall,Overall,30,13,30,0.0,-0.232033,0.375751,988,19,
3,266,Overall,Overall,30,10,30,-2.0,-1.476482,0.405123,926,20,
3,267,Overall,Overall,30,12,30,-1.5,-1.35573,0.393082,932,20,
3,268,Overall,Overall,30,17,30,1.0,1.152082,0.391031,1058,20,
3,269,Overall,Overall,30,13,30,-1.0,-0.94932,0.377442,953,19,
3,270,Overall,Overall,30,19,30,1.5,1.797177,0.40644,1090,20,
3,271,Overall,Overall,30,11,30,-1.5,-1.231547,0.398092,938,20,
3,272,Overall,Overall,30,13,30,-1.0,-1.273392,0.386287,936,19,
3,273,Overall,Overall,30,18,30,-0.5,-0.22458,0.382773,989,19,
3,274,Overall,Overall,30,10,30,-0.5,-0.320384,0.40057,984,20,
3,275,Overall,Overall,30,16,30,0.5,0.300582,0.378535,1015,19,
3,276,Overall,Overall,30,20,30,1.5,1.428589,0.409011,1071,20,
3,277,Overall,Overall,30,20,30,1.5,1.687863,0.410812,1084,21,
3,278,Overall,Overall,30,10,30,-1.5,-1.278858,0.397645,936,20,
3,279,Overall,Overall,30,18,30,1.5,1.297666,0.397701,1065,20,
3,280,Overall,Overall,30,18,30,1.0,0.879778,0.38366,1044,19,
3,281,Overall,Overall,30,23,30,1.5,2.328682,0.459838,1116,23,
3,282,Overall,Overall,30,11,30,-1.5,-1.210524,0.389872,939,19,
3,283,Overall,Overall,30,12,30,-0.5,-0.281328,0.379124,986,19,
3,284,Overall,Overall,30,16,30,0.0,0.339078,0.375872,1017,19,
3,285,Overall,Overall,30,17,30,0.5,0.852837,0.378867,1043,19,
3,286,Overall,Overall,30,7,30,-2.0,-2.160297,0.459548,892,23,
3,287,Overall,Overall,30,20,30,0.5,0.302568,0.402142,1015,20,
3,288,Overall,Overall,30,23,30,2.0,2.331221,0.459606,1117,23,
3,289,Overall,Overall,30,8,30,-1.5,-2.077795,0.431984,896,22,
3,290,Overall,Overall,30,15,30,0.5,0.768929,0.375694,1038,19,
3,291,Overall,Overall,30,19,30,1.0,0.843205,0.384777,1042,19,
3,292,Overall,Overall,30,23,30,2.0,2.288148,0.454693,1114,23,
3,293,Overall,Overall,30,23,30,2.0,2.314728,0.455655,1116,23,
3,294,Overall,Overall,30,22,30,1.0,0.974884,0.431048,1049,22,
3,295,Overall,Overall,30,19,30,0.5,1.395429,0.399783,1070,20,
3,296,Overall,Overall,30,5,30,-2.0,-2.434846,0.505587,878,25,
3,297,Overall,Overall,30,9,30,-2.0,-1.866621,0.420456,907,21,
3,298,Overall,Overall,30,11,30,-1.0,-1.202216,0.389774,940,19,
3,299,Overall,Overall,30,8,30,-1.5,-1.999904,0.434188,900,22,
3,300,Overall,Overall,30,13,30,-1.0,-0.828362,0.385495,959,19,
3,301,Overall,Overall,30,11,30,-1.0,-1.479731,0.394465,926,20,
3,302,Overall,Overall,30,20,30,1.5,1.70025,0.417761,1085,21,
3,303,Overall,Overall,30,19,30,1.0,0.251092,0.391584,1013,20,
3,304,Overall,Overall,30,15,30,0.5,0.486209,0.374144,1024,19,
3,305,Overall,Overall,30,14,30,0.5,0.548513,0.381373,1027,19,
3,306,Overall,Overall,30,22,30,1.0,1.191595,0.43123,1060,22,
3,307,Overall,Overall,30,20,30,2.0,1.972331,0.409465,1099,20,
3,308,Overall,Overall,30,24,30,2.0,2.77026,0.47835,1139,24,
3,309,Overall,Overall,30,19,30,1.0,1.193361,0.395435,1060,20,
3,310,Overall,Overall,30,14,30,-0.5,-0.473497,0.377728,976,19,
3,311,Overall,Overall,30,23,30,1.5,2.080522,0.449385,1104,22,
3,312,Overall,Overall,30,15,30,-0.5,-0.705156,0.376211,965,19,
3,313,Overall,Overall,30,16,30,0.0,-0.193041,0.378272,990,19,
3,314,Overall,Overall,30,12,30,-1.0,-1.358557,0.395957,932,20,
3,315,Overall,Overall,30,13,30,0.0,-0.094435,0.378353,995,19,
3,316,Overall,Overall,30,12,30,-0.5,-1.230438,0.384959,938,19,
3,317,Overall,Overall,30,13,30,1.0,0.586469,0.392672,1029,20,
3,318,Overall,Overall,30,18,30,1.0,1.094696,0.385014,1055,19,
3,319,Overall,Overall,30,10,30,-1.5,-1.836827,0.407705,908,20,
3,320,Overall,Overall,30,5,30,-2.0,-2.765827,0.517402,862,26,
3,321,Overall,Overall,30,19,30,1.0,1.029997,0.388518,1051,19,
3,322,Overall,Overall,30,18,30,0.5,0.440493,0.380169,1022,19,
3,323,Overall,Overall,30,20,30,2.0,1.962143,0.409526,1098,20,
3,324,Overall,Overall,30,13,30,0.0,-0.186448,0.379106,991,19,
3,325,Overall,Overall,30,21,30,2.0,1.679477,0.416935,1084,21,
3,326,Overall,Overall,30,12,30,0.0,-0.59752,0.386243,970,19,
3,327,Overall,Overall,30,15,30,0.5,0.781922,0.376671,1039,19,
3,328,Overall,Overall,30,20,30,1.0,0.919133,0.399857,1046,20,
3,329,Overall,Overall,30,14,30,0.5,0.115829,0.373855,1006,19,
3,330,Overall,Overall,30,13,30,0.5,-0.006525,0.383142,1000,19,
3,331,Overall,Overall,30,9,30,-1.0,-1.301735,0.418403,935,21,
3,332,Overall,Overall,30,13,30,0.0,-0.643047,0.37508,968,19,
3,333,Overall,Overall,30,13,30,-1.5,-0.958737,0.380234,952,19,
3,334,Overall,Overall,30,13,30,-2.0,-1.316322,0.391118,934,20,
3,335,Overall,Overall,30,23,30,2.0,2.188684,0.453046,1109,23,
3,336,Overall,Overall,30,16,30,1.5,1.208614,0.387967,1060,19,
3,337,Overall,Overall,30,22,30,2.0,1.894126,0.431352,1095,22,
3,338,Overall,Overall,30,13,30,0.0,-0.071848,0.373773,996,19,
3,339,Overall,Overall,30,16,30,1.0,0.688624,0.382351,1034,19,
3,340,Overall,Overall,30,8,30,-2.0,-2.057184,0.433046,897,22,
3,341,Overall,Overall,30,21,30,2.0,2.038703,0.426464,1102,21,
3,342,Overall,Overall,30,14,30,-0.5,-0.29183,0.376195,985,19,
3,343,Overall,Overall,30,17,30,0.5,0.808185,0.388294,1040,19,
3,344,Overall,Overall,30,19,30,-0.5,0.309427,0.39252,1015,20,
3,345,Overall,Overall,30,22,30,2.0,1.862208,0.431644,1093,22,
3,346,Overall,Overall,30,15,30,1.5,1.139901,0.38475,1057,19,
3,347,Overall,Overall,30,9,30,-1.5,-2.033483,0.421138,898,21,
3,348,Overall,Overall,30,17,30,1.0,1.047206,0.391634,1052,20,
3,349,Overall,Overall,30,10,30,-1.5,-1.759266,0.40557,912,20,
3,350,Overall,Overall,30,15,30,-1.0,-0.963289,0.381973,952,19,
3,351,Overall,Overall,30,10,30,-1.5,-1.390863,0.408265,930,20,
3,352,Overall,Overall,30,13,30,0.0,-0.105553,0.380077,995,19,
3,353,Overall,Overall,30,17,30,0.5,0.757715,0.380403,1038,19,
3,354,Overall,Overall,30,15,30,0.0,-0.138509,0.37581,993,19,
3,355,Overall,Overall,30,13,30,-1.0,-1.174062,0.386415,941,19,
3,356,Overall,Overall,30,25,30,2.0,2.807768,0.519403,1140,26,
3,357,Overall,Overall,30,22,30,1.5,2.069822,0.450352,1103,23,
3,358,Overall,Overall,30,17,30,0.5,0.436926,0.371993,1022,19,
3,359,Overall,Overall,30,10,30,-2.0,-1.801402,0.412105,910,21,
3,360,Overall,Overall,30,10,30,-1.0,-1.134648,0.401505,943,20,
3,361,Overall,Overall,30,12,30,-1.0,-0.710799,0.382401,964,19,
3,362,Overall,Overall,30,10,30,-1.5,-1.632061,0.406199,918,20,
3,363,Overall,Overall,30,15,30,0.0,-0.229872,0.373323,989,19,
3,364,Overall,Overall,30,13,30,-1.0,-0.61074,0.378241,969,19,
3,365,Overall,Overall,30,15,30,-1.0,-0.887574,0.381642,956,19,
3,366,Overall,Overall,30,14,30,0.0,-0.415759,0.374835,979,19,
3,367,Overall,Overall,30,20,30,1.0,0.938514,0.396378,1047,20,
3,368,Overall,Overall,30,11,30,-2.0,-1.454786,0.392933,927,20,
3,369,Overall,Overall,30,11,30,-1.5,-1.643378,0.407931,918,20,
3,370,Overall,Overall,30,17,30,0.0,0.03166,0.390204,1002,20,
3,371,Overall,Overall,30,16,30,1.0,0.880948,0.378033,1044,19,
3,372,Overall,Overall,30,18,30,1.0,0.97434,0.382728,1049,19,
3,373,Overall,Overall,30,17,30,0.5,0.551607,0.374447,1028,19,
3,374,Overall,Overall,30,10,30,-2.0,-1.847347,0.40815,908,20,
3,375,Overall,Overall,30,16,30,0.5,0.345372,0.383122,1017,19,
3,376,Overall,Overall,30,9,30,-0.5,-1.523065,0.408064,924,20,
3,377,Overall,Overall,30,18,30,0.5,0.684655,0.378595,1034,19,
3,378,Overall,Overall,30,11,30,-2.0,-1.710391,0.399067,914,20,
3,379,Overall,Overall,30,14,30,0.5,0.938877,0.387516,1047,19,
3,380,Overall,Overall,30,16,30,0.5,0.12078,0.373371,1006,19,
3,381,Overall,Overall,30,25,30,2.0,2.646887,0.511156,1132,26,
3,382,Overall,Overall,30,18,30,1.0,1.188367,0.386887,1059,19,
3,383,Overall,Overall,30,23,30,2.0,2.366722,0.45688,1118,23,
3,384,Overall,Overall,30,11,30,0.0,-0.126761,0.389223,994,19,
3,385,Overall,Overall,30,8,30,-2.0,-2.305868,0.438545,885,22,
3,386,Overall,Overall,30,22,30,1.5,1.898764,0.435653,1095,22,
3,387,Overall,Overall,30,21,30,2.0,1.887989,0.420025,1094,21,
3,388,Overall,Overall,30,14,30,0.5,-0.147252,0.372051,993,19,
3,389,Overall,Overall,30,19,30,0.5,0.221631,0.388819,1011,19,
3,390,Overall,Overall,30,8,30,-2.0,-1.93704,0.428407,903,21,
3,391,Overall,Overall,30,16,30,0.0,-0.191634,0.374609,990,19,
3,392,Overall,Overall,30,16,30,-0.5,6.76E-4,0.37288,1000,19,
3,393,Overall,Overall,30,20,30,1.5,1.388018,0.399745,1069,20,
3,394,Overall,Overall,30,18,30,0.5,0.582671,0.377322,1029,19,
3,395,Overall,Overall,30,14,30,-1.0,-1.365498,0.386135,932,19,
3,396,Overall,Overall,30,10,30,-1.5,-1.65233,0.40306,917,20,
3,397,Overall,Overall,30,14,30,-1.0,-1.046113,0.384852,948,19,
3,398,Overall,Overall,30,25,30,2.0,2.561075,0.507331,1128,25,
3,399,Overall,Overall,30,18,30,1.0,0.211486,0.382783,1011,19,
3,400,Overall,Overall,30,23,30,2.0,2.566432,0.459537,1128,23,
3,401,Overall,Overall,30,19,30,0.0,-0.092924,0.390538,995,20,
3,402,Overall,Overall,30,17,30,0.5,0.316685,0.373443,1016,19,
3,403,Overall,Overall,30,15,30,0.0,0.083001,0.375723,1004,19,
3,404,Overall,Overall,30,12,30,-1.0,-1.317717,0.397589,934,20,
3,405,Overall,Overall,30,12,30,-1.5,-1.170515,0.399579,941,20,
3,406,Overall,Overall,30,21,30,2.0,2.072405,0.422824,1104,21,
3,407,Overall,Overall,30,19,30,0.0,-0.210105,0.393665,989,20,
3,408,Overall,Overall,30,8,30,-2.0,-2.004581,0.432882,900,22,
3,409,Overall,Overall,30,12,30,-1.0,-1.430128,0.391686,928,20,
3,410,Overall,Overall,30,6,30,-2.0,-2.456845,0.475649,877,24,
3,411,Overall,Overall,30,13,30,-0.5,-0.562286,0.378194,972,19,
3,412,Overall,Overall,30,10,30,-1.0,-1.91812,0.408889,904,20,
3,413,Overall,Overall,30,12,30,-2.0,-1.211583,0.38943,939,19,
3,414,Overall,Overall,30,18,30,1.0,0.888333,0.385777,1044,19,
3,415,Overall,Overall,30,15,30,-1.0,-0.475945,0.372801,976,19,
3,416,Overall,Overall,30,16,30,0.0,0.168269,0.37544,1008,19,
3,417,Overall,Overall,30,19,30,2.0,1.677162,0.396011,1084,20,
3,418,Overall,Overall,30,18,30,1.0,0.756733,0.3851,1038,19,
3,419,Overall,Overall,30,15,30,0.5,0.508191,0.376216,1025,19,
3,420,Overall,Overall,30,15,30,-0.5,-1.14188,0.383873,943,19,
3,421,Overall,Overall,30,19,30,1.0,0.941957,0.396121,1047,20,
3,422,Overall,Overall,30,19,30,1.5,1.790512,0.401701,1090,20,
3,423,Overall,Overall,30,18,30,0.0,-0.165245,0.402012,992,20,
3,424,Overall,Overall,30,24,30,2.0,2.276143,0.477856,1114,24,
3,425,Overall,Overall,30,17,30,-0.5,-0.420939,0.383792,979,19,
3,426,Overall,Overall,30,13,30,-0.5,-0.625433,0.374665,969,19,
3,427,Overall,Overall,30,15,30,-1.0,-0.471712,0.374003,976,19,
3,428,Overall,Overall,30,21,30,0.5,0.594783,0.418562,1030,21,
3,429,Overall,Overall,30,25,30,2.0,2.873654,0.514592,1144,26,
3,430,Overall,Overall,30,14,30,-1.5,-1.340608,0.390504,933,20,
3,431,Overall,Overall,30,18,30,0.5,-0.309719,0.39373,985,20,
3,432,Overall,Overall,30,18,30,2.0,1.409498,0.393122,1070,20,
3,433,Overall,Overall,30,13,30,-1.0,-0.085568,0.376742,996,19,
3,434,Overall,Overall,30,8,30,-2.0,-2.063695,0.43276,897,22,
3,435,Overall,Overall,30,13,30,-0.5,-0.73764,0.380382,963,19,
3,436,Overall,Overall,30,14,30,0.0,0.271065,0.373773,1014,19,
3,437,Overall,Overall,30,18,30,2.0,1.236021,0.402789,1062,20,
3,438,Overall,Overall,30,8,30,-2.0,-1.846811,0.43099,908,22,
3,439,Overall,Overall,30,14,30,-0.5,-0.314441,0.376292,984,19,
3,440,Overall,Overall,30,9,30,-1.0,-1.797219,0.418645,910,21,
3,441,Overall,Overall,30,8,30,-2.0,-2.170455,0.435499,891,22,
3,442,Overall,Overall,30,12,30,-2.0,-1.604972,0.393877,920,20,
3,443,Overall,Overall,30,4,30,-2.0,-3.015504,0.555517,849,28,
3,444,Overall,Overall,30,14,30,0.5,0.021744,0.370959,1001,19,
3,445,Overall,Overall,30,11,30,-1.5,-1.656624,0.398587,917,20,
3,446,Overall,Overall,30,7,30,-2.0,-2.10708,0.445251,895,22,
3,447,Overall,Overall,30,13,30,-1.0,-0.992621,0.381656,950,19,
3,448,Overall,Overall,30,16,30,0.5,0.854909,0.381159,1043,19,
3,449,Overall,Overall,30,18,30,0.0,0.259545,0.381411,1013,19,
3,450,Overall,Overall,30,12,30,-1.0,-1.050951,0.391924,947,20,
3,451,Overall,Overall,30,17,30,0.0,0.68689,0.377274,1034,19,
3,452,Overall,Overall,30,14,30,-1.5,-1.276972,0.384101,936,19,
3,453,Overall,Overall,30,9,30,-2.0,-1.616938,0.408068,919,20,
3,454,Overall,Overall,30,9,30,-1.5,-1.815109,0.410679,909,21,
3,455,Overall,Overall,30,13,30,0.5,-0.397684,0.378231,980,19,
3,456,Overall,Overall,30,22,30,1.0,0.951698,0.429547,1048,21,
3,457,Overall,Overall,30,8,30,-2.0,-2.121865,0.435158,894,22,
3,458,Overall,Overall,30,18,30,1.0,0.990848,0.384142,1050,19,
3,459,Overall,Overall,30,14,30,-1.0,-1.096946,0.38683,945,19,
3,460,Overall,Overall,30,15,30,2.0,0.983176,0.388052,1049,19,
3,461,Overall,Overall,30,21,30,2.0,1.833709,0.422526,1092,21,
3,462,Overall,Overall,30,15,30,-0.5,-0.924076,0.384326,954,19,
3,463,Overall,Overall,30,19,30,1.5,1.276762,0.401209,1064,20,
3,464,Overall,Overall,30,17,30,0.5,0.419911,0.376921,1021,19,
3,465,Overall,Overall,30,13,30,-1.0,-1.22332,0.386467,939,19,
3,466,Overall,Overall,30,19,30,2.0,1.499797,0.404386,1075,20,
3,467,Overall,Overall,30,10,30,-1.0,-1.831941,0.40804,908,20,
3,468,Overall,Overall,30,9,30,-1.0,-0.887005,0.425536,956,21,
3,469,Overall,Overall,30,13,30,-1.0,-1.093714,0.381835,945,19,
3,470,Overall,Overall,30,6,30,-2.0,-2.532523,0.47769,873,24,
3,471,Overall,Overall,30,20,30,2.0,1.702334,0.417028,1085,21,
3,472,Overall,Overall,30,14,30,0.0,0.602291,0.378902,1030,19,
3,473,Overall,Overall,30,12,30,-0.5,-1.009022,0.383796,950,19,
3,474,Overall,Overall,30,9,30,-2.0,-1.849145,0.417503,908,21,
3,475,Overall,Overall,30,12,30,-1.5,-1.316141,0.391537,934,20,
3,476,Overall,Overall,30,12,30,-0.5,-0.710311,0.380018,964,19,
3,477,Overall,Overall,30,16,30,0.5,-0.035374,0.380461,998,19,
3,478,Overall,Overall,30,17,30,1.0,1.166176,0.392831,1058,20,
3,479,Overall,Overall,30,20,30,2.0,1.657068,0.406863,1083,20,
3,480,Overall,Overall,30,17,30,0.5,1.191448,0.387466,1060,19,
3,481,Overall,Overall,30,13,30,0.0,-0.751148,0.384204,962,19,
3,482,Overall,Overall,30,23,30,2.0,2.424547,0.456778,1121,23,
3,483,Overall,Overall,30,12,30,-1.0,-1.275098,0.387495,936,19,
3,484,Overall,Overall,30,9,30,-0.5,-0.544788,0.405162,973,20,
3,485,Overall,Overall,30,14,30,0.5,0.192166,0.372269,1010,19,
3,486,Overall,Overall,30,13,30,-1.0,-1.214761,0.38744,939,19,
3,487,Overall,Overall,30,16,30,-0.5,-0.429168,0.382216,979,19,
3,488,Overall,Overall,30,20,30,1.0,0.885674,0.394042,1044,20,
3,489,Overall,Overall,30,10,30,-2.0,-1.722369,0.411961,914,21,
3,490,Overall,Overall,30,15,30,1.0,0.596293,0.378424,1030,19,
3,491,Overall,Overall,30,17,30,0.0,-0.498097,0.38376,975,19,
3,492,Overall,Overall,30,15,30,1.0,0.746467,0.391129,1037,20,
3,493,Overall,Overall,30,15,30,0.5,0.944778,0.389524,1047,19,
3,494,Overall,Overall,30,10,30,-2.0,-1.730078,0.404994,913,20,
3,495,Overall,Overall,30,10,30,-1.5,-1.357939,0.401394,932,20,
3,496,Overall,Overall,30,15,30,0.0,0.112387,0.37358,1006,19,
3,497,Overall,Overall,30,17,30,1.5,0.945457,0.38401,1047,19,
3,498,Overall,Overall,30,23,30,2.0,1.806647,0.443163,1090,22,
3,499,Overall,Overall,30,8,30,-2.0,-2.006463,0.431403,900,22,
3,500,Overall,Overall,30,15,30,0.5,0.656875,0.376871,1033,19,
3,501,Overall,Overall,30,17,30,1.0,0.962078,0.387489,1048,19,
3,502,Overall,Overall,30,13,30,0.0,0.279267,0.378352,1014,19,
3,503,Overall,Overall,30,13,30,0.0,-0.239546,0.378148,988,19,
3,504,Overall,Overall,30,19,30,1.5,1.356409,0.396721,1068,20,
3,505,Overall,Overall,30,19,30,1.0,1.535897,0.402356,1077,20,
3,506,Overall,Overall,30,22,30,2.0,1.813295,0.431063,1091,22,
3,507,Overall,Overall,30,19,30,1.0,0.927155,0.388346,1046,19,
3,508,Overall,Overall,30,15,30,-1.0,-0.852892,0.378128,957,19,
3,509,Overall,Overall,30,11,30,-1.0,-1.532767,0.399578,923,20,
3,510,Overall,Overall,30,18,30,1.0,1.254599,0.387156,1063,19,
3,511,Overall,Overall,30,17,30,1.0,0.635106,0.387307,1032,19,
3,512,Overall,Overall,30,22,30,2.0,1.903225,0.432047,1095,22,
3,513,Overall,Overall,30,17,30,1.5,0.913002,0.382377,1046,19,
3,514,Overall,Overall,30,11,30,-0.5,-1.363096,0.399161,932,20,
3,515,Overall,Overall,30,9,30,-0.5,-1.159493,0.420119,942,21,
3,516,Overall,Overall,30,12,30,0.5,-0.278644,0.382733,986,19,
3,517,Overall,Overall,30,6,30,-2.0,-2.509278,0.476238,875,24,
3,518,Overall,Overall,30,9,30,-1.0,-1.523918,0.409696,924,20,
3,519,Overall,Overall,30,11,30,-0.5,-1.152145,0.39215,942,20,
3,520,Overall,Overall,30,13,30,1.0,0.101091,0.378183,1005,19,
3,521,Overall,Overall,30,15,30,0.0,-0.208257,0.374995,990,19,
3,522,Overall,Overall,30,20,30,0.0,0.227808,0.406026,1011,20,
3,523,Overall,Overall,30,21,30,2.0,1.519081,0.412465,1076,21,
3,524,Overall,Overall,30,23,30,2.0,2.25,0.455258,1113,23,
3,525,Overall,Overall,30,17,30,-0.5,-0.519396,0.389953,974,19,
3,526,Overall,Overall,30,23,30,2.0,2.158706,0.456757,1108,23,
3,527,Overall,Overall,30,9,30,-2.0,-2.005527,0.418506,900,21,
3,528,Overall,Overall,30,15,30,-1.0,-0.77416,0.380642,961,19,
3,529,Overall,Overall,30,15,30,1.5,0.633881,0.379819,1032,19,
3,530,Overall,Overall,30,15,30,0.0,0.064529,0.370202,1003,19,
3,531,Overall,Overall,30,22,30,2.0,2.057599,0.42688,1103,21,
3,532,Overall,Overall,30,17,30,0.0,0.014937,0.377207,1001,19,
3,533,Overall,Overall,30,10,30,-1.5,-1.538758,0.405063,923,20,
3,534,Overall,Overall,30,16,30,-0.5,-0.396212,0.382136,980,19,
3,535,Overall,Overall,30,18,30,0.0,0.284346,0.382971,1014,19,
3,536,Overall,Overall,30,12,30,-1.0,-1.208741,0.387606,940,19,
3,537,Overall,Overall,30,8,30,-1.5,-2.018359,0.429476,899,21,
3,538,Overall,Overall,30,7,30,-1.5,-1.298253,0.445966,935,22,
3,539,Overall,Overall,30,18,30,0.5,0.54785,0.378379,1027,19,
3,540,Overall,Overall,30,20,30,2.0,1.677123,0.405227,1084,20,
3,541,Overall,Overall,30,18,30,-0.5,0.325053,0.388146,1016,19,
3,542,Overall,Overall,30,12,30,-1.0,-0.811168,0.383694,959,19,
3,543,Overall,Overall,30,8,30,-1.5,-1.57515,0.429156,921,21,
3,544,Overall,Overall,30,9,30,-2.0,-1.974383,0.424043,901,21,
3,545,Overall,Overall,30,18,30,1.0,1.152133,0.392611,1058,20,
3,546,Overall,Overall,30,15,30,-0.5,-0.383951,0.381417,981,19,
3,547,Overall,Overall,30,15,30,0.5,0.618693,0.377035,1031,19,
3,548,Overall,Overall,30,13,30,0.0,0.016858,0.376391,1001,19,
3,549,Overall,Overall,30,20,30,2.0,1.66321,0.406043,1083,20,
3,550,Overall,Overall,30,14,30,0.0,0.228102,0.371131,1011,19,
3,551,Overall,Overall,30,15,30,0.5,0.294939,0.371336,1015,19,
3,552,Overall,Overall,30,14,30,-0.5,-0.038372,0.375419,998,19,
3,553,Overall,Overall,30,16,30,1.0,0.785159,0.378746,1039,19,
3,554,Overall,Overall,30,11,30,-0.5,-0.803536,0.389006,960,19,
3,555,Overall,Overall,30,6,30,-2.0,-2.443505,0.480103,878,24,
3,556,Overall,Overall,30,19,30,1.5,1.620444,0.397369,1081,20,
3,557,Overall,Overall,30,16,30,-0.5,-0.322287,0.377398,984,19,
3,558,Overall,Overall,30,8,30,-2.0,-2.107035,0.431128,895,22,
3,559,Overall,Overall,30,22,30,1.5,2.011094,0.430132,1101,22,
3,560,Overall,Overall,30,21,30,1.5,1.626043,0.417619,1081,21,
3,561,Overall,Overall,30,14,30,-1.5,-0.967178,0.377893,952,19,
3,562,Overall,Overall,30,20,30,1.5,1.775267,0.408554,1089,20,
3,563,Overall,Overall,30,18,30,0.0,0.331529,0.37929,1017,19,
3,564,Overall,Overall,30,26,30,2.0,2.75275,0.554344,1138,28,
3,565,Overall,Overall,30,17,30,0.0,-0.253181,0.381362,987,19,
3,566,Overall,Overall,30,15,30,-0.5,-0.27814,0.376332,986,19,
3,567,Overall,Overall,30,17,30,1.0,0.231747,0.376181,1012,19,
3,568,Overall,Overall,30,16,30,-1.0,-0.602652,0.383943,970,19,
3,569,Overall,Overall,30,17,30,1.5,1.494494,0.391104,1075,20,
3,570,Overall,Overall,30,13,30,-1.5,-1.441282,0.387198,928,19,
3,571,Overall,Overall,30,9,30,-1.5,-1.802052,0.418204,910,21,
3,572,Overall,Overall,30,14,30,-0.5,-0.540735,0.383086,973,19,
3,573,Overall,Overall,30,11,30,-1.0,-1.327009,0.391457,934,20,
3,574,Overall,Overall,30,10,30,-1.0,-0.333214,0.397243,983,20,
3,575,Overall,Overall,30,9,30,-2.0,-1.74777,0.41414,913,21,
3,576,Overall,Overall,30,7,30,-2.0,-2.275364,0.452686,886,23,
3,577,Overall,Overall,30,15,30,-0.5,-0.94475,0.384362,953,19,
3,578,Overall,Overall,30,24,30,2.0,2.424104,0.485116,1121,24,
3,579,Overall,Overall,30,11,30,0.0,0.018397,0.389831,1001,19,
3,580,Overall,Overall,30,15,30,0.5,0.526073,0.374662,1026,19,
3,581,Overall,Overall,30,9,30,-2.0,-1.661433,0.411409,917,21,
3,582,Overall,Overall,30,17,30,0.5,0.675705,0.374622,1034,19,
3,583,Overall,Overall,30,16,30,0.5,0.502321,0.374426,1025,19,
3,584,Overall,Overall,30,14,30,-0.5,-0.547346,0.382969,973,19,
3,585,Overall,Overall,30,19,30,1.5,1.552744,0.412013,1078,21,
3,586,Overall,Overall,30,20,30,0.0,0.038794,0.400801,1002,20,
3,587,Overall,Overall,30,15,30,-0.5,0.302868,0.373373,1015,19,
3,588,Overall,Overall,30,6,30,-2.0,-2.573458,0.483662,871,24,
3,589,Overall,Overall,30,6,30,-1.5,-2.487925,0.478888,876,24,
3,590,Overall,Overall,30,12,30,-1.5,-1.081843,0.384241,946,19,
3,591,Overall,Overall,30,12,30,-0.5,-0.892614,0.382441,955,19,
3,592,Overall,Overall,30,15,30,-0.5,-0.433913,0.374634,978,19,
3,593,Overall,Overall,30,16,30,1.0,0.642753,0.373129,1032,19,
3,594,Overall,Overall,30,13,30,-0.5,-0.422,0.376793,979,19,
3,595,Overall,Overall,30,12,30,-2.0,-1.674254,0.397876,916,20,
3,596,Overall,Overall,30,14,30,-0.5,-0.808154,0.381385,960,19,
3,597,Overall,Overall,30,16,30,-1.0,-0.556421,0.378209,972,19,
3,598,Overall,Overall,30,18,30,1.0,1.307615,0.396756,1065,20,
3,599,Overall,Overall,30,12,30,-1.0,-1.348886,0.389127,933,19,
3,600,Overall,Overall,30,21,30,2.0,1.819939,0.41878,1091,21,
3,601,Overall,Overall,30,22,30,2.0,2.112915,0.44121,1106,22,
3,602,Overall,Overall,30,14,30,0.0,-0.232074,0.377963,988,19,
3,603,Overall,Overall,30,19,30,1.0,1.269669,0.397557,1063,20,
3,604,Overall,Overall,30,11,30,-1.5,-1.392078,0.391902,930,20,
3,605,Overall,Overall,30,16,30,1.5,1.173643,0.385342,1059,19,
3,606,Overall,Overall,30,21,30,1.0,1.552359,0.420637,1078,21,
3,607,Overall,Overall,30,17,30,1.0,0.629722,0.377109,1031,19,
3,608,Overall,Overall,30,12,30,0.0,-1.402814,0.391494,930,20,
3,609,Overall,Overall,30,18,30,0.5,0.664822,0.387566,1033,19,
3,610,Overall,Overall,30,18,30,1.0,0.791459,0.381683,1040,19,
3,611,Overall,Overall,30,15,30,0.5,0.444409,0.377117,1022,19,
3,612,Overall,Overall,30,14,30,-1.5,-0.930974,0.376473,953,19,
3,613,Overall,Overall,30,24,30,2.0,2.630244,0.486607,1132,24,
3,614,Overall,Overall,30,17,30,0.5,0.632573,0.375643,1032,19,
3,615,Overall,Overall,30,11,30,-0.5,-0.307577,0.386183,985,19,
3,616,Overall,Overall,30,20,30,1.0,0.578599,0.40806,1029,20,
3,617,Overall,Overall,30,14,30,-1.5,-1.214051,0.386425,939,19,
3,618,Overall,Overall,30,18,30,0.5,0.567858,0.387393,1028,19,
3,619,Overall,Overall,30,20,30,1.5,1.044572,0.394172,1052,20,
3,620,Overall,Overall,30,20,30,2.0,1.741146,0.410656,1087,21,
3,621,Overall,Overall,30,17,30,1.0,0.835189,0.379796,1042,19,
3,622,Overall,Overall,30,11,30,-1.0,-0.958235,0.394304,952,20,
3,623,Overall,Overall,30,15,30,-0.5,-0.911512,0.38649,954,19,
3,624,Overall,Overall,30,17,30,1.5,1.319608,0.393503,1066,20,
3,625,Overall,Overall,30,9,30,-2.0,-1.871574,0.424809,906,21,
3,626,Overall,Overall,30,13,30,-1.0,-0.96518,0.380147,952,19,
3,627,Overall,Overall,30,14,30,-1.0,-1.059322,0.380916,947,19,
3,628,Overall,Overall,30,21,30,2.0,2.061706,0.427599,1103,21,
3,629,Overall,Overall,30,14,30,-0.5,-0.262051,0.373589,987,19,
3,630,Overall,Overall,30,13,30,-1.0,-0.497426,0.387641,975,19,
3,631,Overall,Overall,30,19,30,1.0,0.721504,0.386743,1036,19,
3,632,Overall,Overall,30,9,30,-1.5,-1.182052,0.421345,941,21,
3,633,Overall,Overall,30,22,30,2.0,1.815329,0.436988,1091,22,
3,634,Overall,Overall,30,10,30,-2.0,-1.744686,0.404324,913,20,
3,635,Overall,Overall,30,8,30,-2.0,-2.182356,0.437156,891,22,
3,636,Overall,Overall,30,14,30,-1.0,-0.841264,0.37969,958,19,
3,637,Overall,Overall,30,17,30,1.5,1.287818,0.389806,1064,19,
3,638,Overall,Overall,30,17,30,0.5,0.89454,0.380759,1045,19,
3,639,Overall,Overall,30,12,30,-1.5,-1.495624,0.395118,925,20,
3,640,Overall,Overall,30,19,30,1.5,1.695584,0.403458,1085,20,
3,641,Overall,Overall,30,15,30,-0.5,-0.460264,0.378116,977,19,
3,642,Overall,Overall,30,10,30,-1.5,-1.745933,0.415994,913,21,
3,643,Overall,Overall,30,17,30,0.5,0.162494,0.374581,1008,19,
3,644,Overall,Overall,30,23,30,2.0,2.225826,0.451352,1111,23,
3,645,Overall,Overall,30,11,30,-2.0,-1.805223,0.402135,910,20,
3,646,Overall,Overall,30,8,30,-1.5,-2.058795,0.431062,897,22,
3,647,Overall,Overall,30,14,30,0.0,0.260014,0.37027,1013,19,
3,648,Overall,Overall,30,20,30,1.0,1.34396,0.404907,1067,20,
3,649,Overall,Overall,30,22,30,2.0,2.302922,0.437612,1115,22,
3,650,Overall,Overall,30,16,30,1.0,0.836176,0.384927,1042,19,
3,651,Overall,Overall,30,16,30,0.5,0.524859,0.376144,1026,19,
3,652,Overall,Overall,30,13,30,-1.5,-1.094771,0.399228,945,20,
3,653,Overall,Overall,30,18,30,0.5,0.881235,0.383175,1044,19,
3,654,Overall,Overall,30,10,30,-1.5,-1.713497,0.40699,914,20,
3,655,Overall,Overall,30,19,30,1.5,1.223292,0.390803,1061,20,
3,656,Overall,Overall,30,23,30,2.0,2.154105,0.464996,1108,23,
3,657,Overall,Overall,30,11,30,-2.0,-1.777381,0.399085,911,20,
3,658,Overall,Overall,30,18,30,0.0,-0.299043,0.388746,985,19,
3,659,Overall,Overall,30,14,30,-0.5,-0.508263,0.373777,975,19,
3,660,Overall,Overall,30,12,30,-2.0,-1.507846,0.393304,925,20,
3,661,Overall,Overall,30,9,30,-2.0,-1.925929,0.417493,904,21,
3,662,Overall,Overall,30,15,30,0.5,0.889783,0.379839,1044,19,
3,663,Overall,Overall,30,12,30,-1.0,-0.964543,0.387569,952,19,
3,664,Overall,Overall,30,12,30,-1.0,-1.07724,0.386776,946,19,
3,665,Overall,Overall,30,13,30,-0.5,-0.384883,0.385033,981,19,
3,666,Overall,Overall,30,22,30,1.5,1.551479,0.427105,1078,21,
3,667,Overall,Overall,30,21,30,2.0,1.951604,0.417306,1098,21,
3,668,Overall,Overall,30,15,30,1.0,1.003319,0.392205,1050,20,
3,669,Overall,Overall,30,12,30,-0.5,-0.31669,0.381199,984,19,
3,670,Overall,Overall,30,6,30,-2.0,-2.193179,0.471671,890,24,
3,671,Overall,Overall,30,13,30,-0.5,-1.047696,0.380644,948,19,
3,672,Overall,Overall,30,12,30,-1.5,-1.222081,0.390376,939,20,
3,673,Overall,Overall,30,10,30,-1.0,-1.527446,0.405366,924,20,
3,674,Overall,Overall,30,13,30,-0.5,-0.367945,0.374863,982,19,
3,675,Overall,Overall,30,20,30,2.0,1.837171,0.404391,1092,20,
3,676,Overall,Overall,30,18,30,1.5,0.689498,0.385298,1034,19,
3,677,Overall,Overall,30,18,30,1.0,1.1765,0.385785,1059,19,
3,678,Overall,Overall,30,15,30,0.5,0.382605,0.37624,1019,19,
3,679,Overall,Overall,30,9,30,-2.0,-1.947588,0.424423,903,21,
3,680,Overall,Overall,30,20,30,1.5,1.917555,0.411354,1096,21,
3,681,Overall,Overall,30,14,30,0.5,0.10067,0.374811,1005,19,
3,682,Overall,Overall,30,17,30,1.0,0.763069,0.377309,1038,19,
3,683,Overall,Overall,30,15,30,1.0,0.373431,0.377233,1019,19,
3,684,Overall,Overall,30,12,30,-1.5,-1.289808,0.384717,936,19,
3,685,Overall,Overall,30,20,30,1.0,1.642268,0.414243,1082,21,
3,686,Overall,Overall,30,11,30,-1.0,-0.798667,0.389053,960,19,
3,687,Overall,Overall,30,14,30,0.0,-0.275855,0.374469,986,19,
3,688,Overall,Overall,30,18,30,1.0,1.405537,0.396354,1070,20,
3,689,Overall,Overall,30,17,30,0.5,0.818172,0.384942,1041,19,
3,690,Overall,Overall,30,18,30,1.0,1.499893,0.401369,1075,20,
3,691,Overall,Overall,30,19,30,1.5,1.468667,0.417714,1073,21,
3,692,Overall,Overall,30,8,30,-1.5,-2.011605,0.435908,899,22,
3,693,Overall,Overall,30,14,30,-1.0,-1.092352,0.38698,945,19,
3,694,Overall,Overall,30,8,30,-2.0,-1.868794,0.431766,907,22,
3,695,Overall,Overall,30,15,30,-1.0,-0.709525,0.381406,965,19,
3,696,Overall,Overall,30,14,30,-1.5,-0.903793,0.37832,955,19,
3,697,Overall,Overall,30,15,30,0.5,-8.44E-4,0.372296,1000,19,
3,698,Overall,Overall,30,16,30,1.0,1.079953,0.386612,1054,19,
3,699,Overall,Overall,30,21,30,1.5,1.930284,0.419756,1097,21,
3,700,Overall,Overall,30,22,30,2.0,2.235396,0.437977,1112,22,
3,701,Overall,Overall,30,13,30,-1.5,-0.975599,0.379915,951,19,
3,702,Overall,Overall,30,15,30,0.5,0.038459,0.369836,1002,18,
3,703,Overall,Overall,30,16,30,0.5,0.622885,0.376036,1031,19,
3,704,Overall,Overall,30,22,30,2.0,2.358918,0.437275,1118,22,
3,705,Overall,Overall,30,17,30,1.0,0.79218,0.379517,1040,19,
3,706,Overall,Overall,30,11,30,-1.0,-1.300762,0.395849,935,20,
3,707,Overall,Overall,30,12,30,-1.0,-1.243867,0.391973,938,20,
3,708,Overall,Overall,30,11,30,-1.5,-0.974001,0.397261,951,20,
3,709,Overall,Overall,30,23,30,1.5,2.304748,0.461267,1115,23,
3,710,Overall,Overall,30,11,30,0.0,-0.107952,0.389343,995,19,
3,711,Overall,Overall,30,14,30,-0.5,-0.640116,0.375252,968,19,
3,712,Overall,Overall,30,10,30,-0.5,-0.559317,0.399512,972,20,
3,713,Overall,Overall,30,17,30,0.0,0.640404,0.377263,1032,19,
3,714,Overall,Overall,30,18,30,0.5,0.45927,0.378036,1023,19,
3,715,Overall,Overall,30,14,30,-1.0,-0.403007,0.375744,980,19,
3,716,Overall,Overall,30,18,30,0.5,0.557601,0.385641,1028,19,
3,717,Overall,Overall,30,12,30,0.0,-0.087489,0.385756,996,19,
3,718,Overall,Overall,30,13,30,-1.5,-1.037773,0.379801,948,19,
3,719,Overall,Overall,30,18,30,2.0,1.380804,0.39667,1069,20,
3,720,Overall,Overall,30,10,30,-2.0,-1.526445,0.405554,924,20,
3,721,Overall,Overall,30,13,30,-0.5,-0.730502,0.380767,963,19,
3,722,Overall,Overall,30,12,30,-0.5,-0.576156,0.382721,971,19,
3,723,Overall,Overall,30,16,30,0.5,0.993824,0.386103,1050,19,
3,724,Overall,Overall,30,21,30,1.0,1.931936,0.431167,1097,22,
3,725,Overall,Overall,30,16,30,1.5,0.994128,0.383844,1050,19,
3,726,Overall,Overall,30,12,30,-1.0,-0.158693,0.380383,992,19,
3,727,Overall,Overall,30,12,30,-1.0,-0.942472,0.385772,953,19,
3,728,Overall,Overall,30,24,30,1.5,2.580236,0.48245,1129,24,
3,729,Overall,Overall,30,19,30,1.5,1.30314,0.399266,1065,20,
3,730,Overall,Overall,30,11,30,-2.0,-1.70263,0.398301,915,20,
3,731,Overall,Overall,30,5,30,-2.0,-2.637182,0.503674,868,25,
3,732,Overall,Overall,30,18,30,1.5,1.576912,0.397754,1079,20,
3,733,Overall,Overall,30,17,30,1.0,0.672974,0.38582,1034,19,
3,734,Overall,Overall,30,22,30,2.0,2.041714,0.426067,1102,21,
3,735,Overall,Overall,30,17,30,0.5,0.413811,0.372984,1021,19,
3,736,Overall,Overall,30,19,30,1.0,0.958575,0.387234,1048,19,
3,737,Overall,Overall,30,13,30,-0.5,-0.220054,0.376188,989,19,
3,738,Overall,Overall,30,23,30,2.0,2.304074,0.459907,1115,23,
3,739,Overall,Overall,30,10,30,-1.5,-1.798463,0.411221,910,21,
3,740,Overall,Overall,30,16,30,0.0,0.472797,0.372198,1024,19,
3,741,Overall,Overall,30,14,30,0.0,0.24685,0.376332,1012,19,
3,742,Overall,Overall,30,12,30,0.0,0.320465,0.384593,1016,19,
3,743,Overall,Overall,30,21,30,2.0,1.413722,0.410385,1071,21,
3,744,Overall,Overall,30,13,30,0.5,-0.204726,0.376716,990,19,
3,745,Overall,Overall,30,16,30,0.0,0.288753,0.370456,1014,19,
3,746,Overall,Overall,30,22,30,2.0,2.101102,0.432362,1105,22,
3,747,Overall,Overall,30,14,30,-0.5,-0.755451,0.378553,962,19,
3,748,Overall,Overall,30,13,30,-0.5,-0.322756,0.376991,984,19,
3,749,Overall,Overall,30,14,30,-1.5,-0.894517,0.37746,955,19,
3,750,Overall,Overall,30,12,30,-1.0,-1.448259,0.393571,928,20,
3,751,Overall,Overall,30,14,30,-1.0,-1.032187,0.383821,948,19,
3,752,Overall,Overall,30,20,30,1.5,1.376676,0.41068,1069,21,
3,753,Overall,Overall,30,8,30,-2.0,-1.726159,0.435691,914,22,
3,754,Overall,Overall,30,15,30,0.0,0.113417,0.370036,1006,19,
3,755,Overall,Overall,30,12,30,-0.5,-0.44652,0.378928,978,19,
3,756,Overall,Overall,30,19,30,1.0,1.282475,0.40766,1064,20,
3,757,Overall,Overall,30,21,30,1.5,1.928952,0.426976,1096,21,
3,758,Overall,Overall,30,16,30,0.5,0.799898,0.38977,1040,19,
3,759,Overall,Overall,30,8,30,-2.0,-1.915311,0.430419,904,22,
3,760,Overall,Overall,30,11,30,-1.5,-1.784782,0.399538,911,20,
3,761,Overall,Overall,30,18,30,1.5,1.293021,0.39276,1065,20,
3,762,Overall,Overall,30,12,30,-1.5,-1.578661,0.394217,921,20,
3,763,Overall,Overall,30,17,30,1.0,0.84469,0.37873,1042,19,
3,764,Overall,Overall,30,8,30,-1.5,-2.087165,0.428689,896,21,
3,765,Overall,Overall,30,13,30,0.0,-0.367861,0.374714,982,19,
3,766,Overall,Overall,30,16,30,1.0,0.435034,0.376673,1022,19,
3,767,Overall,Overall,30,19,30,1.5,1.328002,0.398649,1066,20,
3,768,Overall,Overall,30,8,30,-2.0,-2.18824,0.432674,891,22,
3,769,Overall,Overall,30,25,30,2.0,2.919151,0.518566,1146,26,
3,770,Overall,Overall,30,10,30,-2.0,-1.558598,0.402012,922,20,
3,771,Overall,Overall,30,16,30,1.5,0.658756,0.378133,1033,19,
3,772,Overall,Overall,30,15,30,0.0,0.313692,0.37197,1016,19,
3,773,Overall,Overall,30,17,30,-1.0,-0.187698,0.378007,991,19,
3,774,Overall,Overall,30,17,30,0.5,0.164661,0.376783,1008,19,
3,775,Overall,Overall,30,13,30,-1.0,-1.214162,0.382647,939,19,
3,776,Overall,Overall,30,24,30,2.0,2.512686,0.494217,1126,25,
3,777,Overall,Overall,30,12,30,-0.5,-0.014381,0.381666,999,19,
3,778,Overall,Overall,30,16,30,1.5,1.306011,0.385011,1065,19,
3,779,Overall,Overall,30,14,30,0.5,0.602,0.383106,1030,19,
3,780,Overall,Overall,30,15,30,-1.0,-0.393037,0.380643,980,19,
3,781,Overall,Overall,30,20,30,1.0,1.151374,0.398091,1058,20,
3,782,Overall,Overall,30,17,30,0.0,-0.041507,0.379478,998,19,
3,783,Overall,Overall,30,18,30,1.5,1.385631,0.39941,1069,20,
3,784,Overall,Overall,30,5,30,-2.0,-2.911481,0.514753,854,26,
3,785,Overall,Overall,30,21,30,1.5,1.768822,0.415863,1088,21,
3,786,Overall,Overall,30,11,30,-1.0,-0.839624,0.389372,958,19,
3,787,Overall,Overall,30,15,30,-0.5,-0.641405,0.376704,968,19,
3,788,Overall,Overall,30,20,30,1.5,1.637656,0.413642,1082,21,
3,789,Overall,Overall,30,14,30,-0.5,-0.284534,0.375721,986,19,
3,790,Overall,Overall,30,21,30,2.0,2.108763,0.421358,1105,21,
3,791,Overall,Overall,30,10,30,-2.0,-1.659586,0.405492,917,20,
3,792,Overall,Overall,30,12,30,-1.5,-0.953441,0.385319,952,19,
3,793,Overall,Overall,30,22,30,1.0,1.937948,0.438821,1097,22,
3,794,Overall,Overall,30,16,30,0.5,0.339898,0.375163,1017,19,
3,795,Overall,Overall,30,16,30,-0.5,-0.260274,0.378095,987,19,
3,796,Overall,Overall,30,9,30,-2.0,-1.845389,0.416093,908,21,
3,797,Overall,Overall,30,17,30,-0.5,0.09535,0.37602,1005,19,
3,798,Overall,Overall,30,19,30,1.5,1.616169,0.406921,1081,20,
3,799,Overall,Overall,30,16,30,0.5,0.396494,0.372724,1020,19,
3,800,Overall,Overall,30,13,30,-0.5,-0.405582,0.378345,980,19,
3,801,Overall,Overall,30,18,30,1.0,0.786868,0.38258,1039,19,
3,802,Overall,Overall,30,22,30,2.0,1.656708,0.427511,1083,21,
3,803,Overall,Overall,30,9,30,-0.5,-0.879051,0.409831,956,20,
3,804,Overall,Overall,30,19,30,1.5,1.09323,0.401736,1055,20,
3,805,Overall,Overall,30,17,30,0.5,0.640404,0.377263,1032,19,
3,806,Overall,Overall,30,11,30,-1.5,-0.608014,0.389443,970,19,
3,807,Overall,Overall,30,6,30,-1.5,-2.343219,0.481631,883,24,
3,808,Overall,Overall,30,12,30,-1.0,-0.803616,0.381398,960,19,
3,809,Overall,Overall,30,8,30,-2.0,-2.064178,0.436272,897,22,
3,810,Overall,Overall,30,11,30,-1.5,-1.517973,0.398004,924,20,
3,811,Overall,Overall,30,23,30,2.0,2.467745,0.455911,1123,23,
3,812,Overall,Overall,30,23,30,2.0,2.331221,0.459606,1117,23,
3,813,Overall,Overall,30,21,30,1.5,2.091102,0.422284,1105,21,
3,814,Overall,Overall,30,21,30,1.0,1.623651,0.417112,1081,21,
3,815,Overall,Overall,30,22,30,2.0,2.021318,0.435331,1101,22,
3,816,Overall,Overall,30,14,30,-1.5,-1.267486,0.386198,937,19,
3,817,Overall,Overall,30,15,30,-1.0,-0.156445,0.375931,992,19,
3,818,Overall,Overall,30,17,30,-0.5,0.65828,0.386228,1033,19,
3,819,Overall,Overall,30,14,30,-1.0,-0.433248,0.376646,978,19,
3,820,Overall,Overall,30,16,30,-0.5,-0.715339,0.382136,964,19,
3,821,Overall,Overall,30,15,30,0.0,0.193926,0.371123,1010,19,
3,822,Overall,Overall,30,19,30,1.5,1.796929,0.402019,1090,20,
3,823,Overall,Overall,30,18,30,2.0,1.49044,0.403042,1075,20,
3,824,Overall,Overall,30,17,30,0.5,0.391852,0.378047,1020,19,
3,825,Overall,Overall,30,8,30,-2.0,-2.177112,0.432615,891,22,
3,826,Overall,Overall,30,10,30,-2.0,-1.927986,0.409068,904,20,
3,827,Overall,Overall,30,15,30,-0.5,-0.330489,0.380091,983,19,
3,828,Overall,Overall,30,15,30,-1.0,-0.738553,0.374927,963,19,
3,829,Overall,Overall,30,22,30,1.5,2.199782,0.44473,1110,22,
3,830,Overall,Overall,30,18,30,0.5,0.488439,0.383636,1024,19,
3,831,Overall,Overall,30,25,30,2.0,2.517069,0.506659,1126,25,
3,832,Overall,Overall,30,11,30,-1.5,-1.71922,0.400922,914,20,
3,833,Overall,Overall,30,15,30,0.0,-0.054593,0.375912,997,19,
3,834,Overall,Overall,30,21,30,2.0,1.859601,0.42011,1093,21,
3,835,Overall,Overall,30,15,30,-1.5,-0.735257,0.374805,963,19,
3,836,Overall,Overall,30,20,30,1.0,1.566031,0.406223,1078,20,
3,837,Overall,Overall,30,22,30,2.0,1.739883,0.434697,1087,22,
3,838,Overall,Overall,30,10,30,-1.5,-1.627402,0.400641,919,20,
3,839,Overall,Overall,30,8,30,-2.0,-1.95345,0.427283,902,21,
3,840,Overall,Overall,30,20,30,1.5,1.928395,0.411163,1096,21,
3,841,Overall,Overall,30,17,30,1.0,0.874062,0.394569,1044,20,
3,842,Overall,Overall,30,24,30,2.0,2.518836,0.493854,1126,25,
3,843,Overall,Overall,30,22,30,2.0,2.358918,0.437275,1118,22,
3,844,Overall,Overall,30,13,30,-1.0,-0.860227,0.384353,957,19,
3,845,Overall,Overall,30,18,30,1.0,1.344008,0.389659,1067,19,
3,846,Overall,Overall,30,20,30,1.5,1.623548,0.406106,1081,20,
3,847,Overall,Overall,30,12,30,-1.5,-1.496198,0.392906,925,20,
3,848,Overall,Overall,30,24,30,2.0,2.626234,0.481772,1131,24,
3,849,Overall,Overall,30,20,30,2.0,1.494485,0.409555,1075,20,
3,850,Overall,Overall,30,13,30,0.0,-0.200364,0.373373,990,19,
3,851,Overall,Overall,30,6,30,-2.0,-2.457565,0.474523,877,24,
3,852,Overall,Overall,30,16,30,1.0,0.4159,0.375163,1021,19,
3,853,Overall,Overall,30,14,30,-1.5,-1.104795,0.386239,945,19,
3,854,Overall,Overall,30,12,30,-1.0,-0.658389,0.3814,967,19,
3,855,Overall,Overall,30,20,30,2.0,1.999804,0.412248,1100,21,
3,856,Overall,Overall,30,7,30,-2.0,-2.092514,0.446064,895,22,
3,857,Overall,Overall,30,22,30,1.5,2.110024,0.426021,1106,21,
3,858,Overall,Overall,30,13,30,-0.5,0.060789,0.378081,1003,19,
3,859,Overall,Overall,30,16,30,-0.5,-0.462387,0.382499,977,19,
3,860,Overall,Overall,30,25,30,2.0,2.885983,0.513665,1144,26,
3,861,Overall,Overall,30,10,30,-2.0,-1.585215,0.4034,921,20,
3,862,Overall,Overall,30,21,30,1.5,1.902228,0.429328,1095,21,
3,863,Overall,Overall,30,12,30,-1.5,-1.557547,0.394281,922,20,
3,864,Overall,Overall,30,15,30,0.5,0.962695,0.380161,1048,19,
3,865,Overall,Overall,30,16,30,-0.5,-0.331368,0.388889,983,19,
3,866,Overall,Overall,30,14,30,-0.5,-0.164102,0.381425,992,19,
3,867,Overall,Overall,30,22,30,2.0,1.953238,0.43595,1098,22,
3,868,Overall,Overall,30,12,30,-1.5,-0.93169,0.390464,953,20,
3,869,Overall,Overall,30,16,30,0.5,0.678527,0.377561,1034,19,
3,870,Overall,Overall,30,19,30,1.5,1.452049,0.398982,1073,20,
3,871,Overall,Overall,30,14,30,-1.0,-0.926946,0.380892,954,19,
3,872,Overall,Overall,30,19,30,1.0,1.262488,0.397204,1063,20,
3,873,Overall,Overall,30,20,30,1.5,1.674928,0.422336,1084,21,
3,874,Overall,Overall,30,18,30,1.0,0.735108,0.378487,1037,19,
3,875,Overall,Overall,30,22,30,1.5,2.005494,0.437309,1100,22,
3,876,Overall,Overall,30,18,30,1.5,1.226463,0.392459,1061,20,
3,877,Overall,Overall,30,13,30,0.0,0.349443,0.382845,1017,19,
3,878,Overall,Overall,30,13,30,0.0,0.096944,0.380025,1005,19,
3,879,Overall,Overall,30,15,30,1.0,0.806093,0.386762,1040,19,
3,880,Overall,Overall,30,16,30,0.0,0.266779,0.378153,1013,19,
3,881,Overall,Overall,30,18,30,1.0,1.106437,0.390648,1055,20,
3,882,Overall,Overall,30,15,30,-0.5,-0.784633,0.377501,961,19,
3,883,Overall,Overall,30,13,30,-1.5,-1.456786,0.389478,927,19,
3,884,Overall,Overall,30,11,30,-1.5,-1.476265,0.401739,926,20,
3,885,Overall,Overall,30,16,30,-0.5,-0.33726,0.377929,983,19,
3,886,Overall,Overall,30,17,30,1.0,0.565998,0.375267,1028,19,
3,887,Overall,Overall,30,16,30,-0.5,-0.551927,0.379264,972,19,
3,888,Overall,Overall,30,16,30,0.5,0.313876,0.373398,1016,19,
3,889,Overall,Overall,30,18,30,1.0,0.986947,0.384184,1049,19,
3,890,Overall,Overall,30,21,30,1.5,1.845423,0.415717,1092,21,
3,891,Overall,Overall,30,14,30,0.0,0.14845,0.371396,1007,19,
3,892,Overall,Overall,30,14,30,-1.0,-1.314674,0.385868,934,19,
3,893,Overall,Overall,30,10,30,-1.5,-1.19421,0.407607,940,20,
3,894,Overall,Overall,30,19,30,1.5,1.589708,0.404059,1079,20,
3,895,Overall,Overall,30,16,30,0.0,0.188917,0.370856,1009,19,
3,896,Overall,Overall,30,5,30,-2.0,-2.67725,0.511269,866,26,
3,897,Overall,Overall,30,11,30,-1.5,-1.200278,0.405863,940,20,
3,898,Overall,Overall,30,19,30,2.0,1.797941,0.401296,1090,20,
3,899,Overall,Overall,30,12,30,-1.5,-1.031389,0.385817,948,19,
3,900,Overall,Overall,30,14,30,-0.5,-0.944681,0.379917,953,19,
4,1,Overall,Overall,30,18,30,1.5,1.220701,0.398766,1061,20,
4,2,Overall,Overall,30,24,30,1.0,2.249589,0.471049,1112,24,
4,3,Overall,Overall,30,7,30,-2.0,-2.42597,0.452444,879,23,
4,4,Overall,Overall,30,6,30,-2.0,-2.660262,0.48704,867,24,
4,5,Overall,Overall,30,23,30,2.0,2.122457,0.456104,1106,23,
4,6,Overall,Overall,30,17,30,0.5,0.492212,0.376308,1025,19,
4,7,Overall,Overall,30,17,30,-0.5,-0.251966,0.386954,987,19,
4,8,Overall,Overall,30,16,30,0.0,-0.17264,0.372306,991,19,
4,9,Overall,Overall,30,14,30,0.0,0.032855,0.372317,1002,19,
4,10,Overall,Overall,30,14,30,0.0,0.173992,0.379004,1009,19,
4,11,Overall,Overall,30,17,30,-0.5,0.44234,0.37587,1022,19,
4,12,Overall,Overall,30,16,30,1.0,0.903894,0.381071,1045,19,
4,13,Overall,Overall,30,14,30,-1.0,-1.26382,0.390228,937,20,
4,14,Overall,Overall,30,19,30,0.0,-0.11971,0.393628,994,20,
4,15,Overall,Overall,30,17,30,1.5,1.359091,0.397382,1068,20,
4,16,Overall,Overall,30,11,30,-1.0,-1.12262,0.391621,944,20,
4,17,Overall,Overall,30,16,30,1.5,0.899116,0.378123,1045,19,
4,18,Overall,Overall,30,24,30,1.5,2.264328,0.473066,1113,24,
4,19,Overall,Overall,30,19,30,0.0,0.161464,0.38734,1008,19,
4,20,Overall,Overall,30,17,30,-0.5,-0.440779,0.380287,978,19,
4,21,Overall,Overall,30,18,30,1.5,0.857208,0.39338,1043,20,
4,22,Overall,Overall,30,23,30,1.5,2.295144,0.454099,1115,23,
4,23,Overall,Overall,30,11,30,-1.5,-1.279816,0.393104,936,20,
4,24,Overall,Overall,30,16,30,0.0,0.0622,0.371742,1003,19,
4,25,Overall,Overall,30,19,30,2.0,1.61643,0.401409,1081,20,
4,26,Overall,Overall,30,6,30,-1.5,-2.633619,0.48227,868,24,
4,27,Overall,Overall,30,12,30,-2.0,-1.567,0.392176,922,20,
4,28,Overall,Overall,30,8,30,-1.5,-1.570196,0.437406,921,22,
4,29,Overall,Overall,30,10,30,-1.5,-1.837112,0.407288,908,20,
4,30,Overall,Overall,30,18,30,1.5,1.034555,0.386896,1052,19,
4,31,Overall,Overall,30,15,30,-0.5,-0.334174,0.377494,983,19,
4,32,Overall,Overall,30,14,30,-1.0,-1.227812,0.386073,939,19,
4,33,Overall,Overall,30,12,30,-1.5,-1.384642,0.392504,931,20,
4,34,Overall,Overall,30,13,30,0.0,-0.6038,0.381382,970,19,
4,35,Overall,Overall,30,19,30,2.0,1.669636,0.397362,1083,20,
4,36,Overall,Overall,30,17,30,1.0,1.054869,0.384702,1053,19,
4,37,Overall,Overall,30,10,30,-2.0,-1.765543,0.406968,912,20,
4,38,Overall,Overall,30,16,30,-1.0,-0.773135,0.386807,961,19,
4,39,Overall,Overall,30,12,30,-1.5,-1.559923,0.397294,922,20,
4,40,Overall,Overall,30,24,30,2.0,2.360032,0.472686,1118,24,
4,41,Overall,Overall,30,22,30,2.0,2.158476,0.439217,1108,22,
4,42,Overall,Overall,30,13,30,-1.0,-1.173405,0.384963,941,19,
4,43,Overall,Overall,30,16,30,1.0,0.671955,0.377565,1034,19,
4,44,Overall,Overall,30,10,30,-1.0,-0.364613,0.392489,982,20,
4,45,Overall,Overall,30,24,30,2.0,2.265618,0.474365,1113,24,
4,46,Overall,Overall,30,15,30,-0.5,0.200891,0.370495,1010,19,
4,47,Overall,Overall,30,15,30,-0.5,-0.016149,0.375802,999,19,
4,48,Overall,Overall,30,10,30,-1.5,-1.567434,0.412192,922,21,
4,49,Overall,Overall,30,16,30,0.0,-0.621956,0.381547,969,19,
4,50,Overall,Overall,30,22,30,1.5,2.262757,0.437234,1113,22,
4,51,Overall,Overall,30,11,30,-1.5,-1.738601,0.399805,913,20,
4,52,Overall,Overall,30,19,30,0.5,1.252273,0.395696,1063,20,
4,53,Overall,Overall,30,21,30,1.5,1.199886,0.414785,1060,21,
4,54,Overall,Overall,30,17,30,0.5,0.787027,0.381009,1039,19,
4,55,Overall,Overall,30,21,30,2.0,2.033273,0.421877,1102,21,
4,56,Overall,Overall,30,14,30,1.0,0.189575,0.382551,1009,19,
4,57,Overall,Overall,30,12,30,-1.5,-1.065255,0.388425,947,19,
4,58,Overall,Overall,30,7,30,-2.0,-1.758198,0.446435,912,22,
4,59,Overall,Overall,30,19,30,2.0,1.708547,0.404329,1085,20,
4,60,Overall,Overall,30,12,30,-0.5,-0.419625,0.379419,979,19,
4,61,Overall,Overall,30,15,30,0.0,0.059721,0.374869,1003,19,
4,62,Overall,Overall,30,14,30,-1.0,-1.13867,0.392434,943,20,
4,63,Overall,Overall,30,11,30,0.5,0.376234,0.399011,1019,20,
4,64,Overall,Overall,30,10,30,-1.5,-1.442187,0.397698,928,20,
4,65,Overall,Overall,30,22,30,2.0,1.939426,0.437817,1097,22,
4,66,Overall,Overall,30,16,30,-0.5,-0.048624,0.375462,998,19,
4,67,Overall,Overall,30,12,30,-1.0,-1.631725,0.391421,918,20,
4,68,Overall,Overall,30,15,30,-1.0,-0.7314,0.376625,963,19,
4,69,Overall,Overall,30,12,30,-0.5,-0.940388,0.385093,953,19,
4,70,Overall,Overall,30,17,30,0.5,0.592166,0.379593,1030,19,
4,71,Overall,Overall,30,17,30,0.0,0.85699,0.381754,1043,19,
4,72,Overall,Overall,30,17,30,1.5,1.230825,0.392288,1062,20,
4,73,Overall,Overall,30,16,30,0.0,-0.133076,0.373561,993,19,
4,74,Overall,Overall,30,15,30,1.0,0.409963,0.376779,1020,19,
4,75,Overall,Overall,30,14,30,-1.0,-0.544897,0.37764,973,19,
4,76,Overall,Overall,30,6,30,-2.0,-2.655989,0.480741,867,24,
4,77,Overall,Overall,30,18,30,1.5,1.004205,0.397415,1050,20,
4,78,Overall,Overall,30,12,30,-1.0,-0.491467,0.383661,975,19,
4,79,Overall,Overall,30,20,30,2.0,1.359546,0.400701,1068,20,
4,80,Overall,Overall,30,18,30,1.5,1.559437,0.396917,1078,20,
4,81,Overall,Overall,30,23,30,2.0,1.954148,0.444111,1098,22,
4,82,Overall,Overall,30,20,30,0.5,0.419317,0.400002,1021,20,
4,83,Overall,Overall,30,17,30,1.5,0.4745,0.382184,1024,19,
4,84,Overall,Overall,30,14,30,0.0,-0.266077,0.374891,987,19,
4,85,Overall,Overall,30,13,30,0.5,0.674385,0.391856,1034,20,
4,86,Overall,Overall,30,16,30,-0.5,-0.462387,0.382499,977,19,
4,87,Overall,Overall,30,14,30,-1.0,-0.759968,0.375043,962,19,
4,88,Overall,Overall,30,15,30,1.0,0.677368,0.382287,1034,19,
4,89,Overall,Overall,30,23,30,2.0,2.274238,0.450554,1114,23,
4,90,Overall,Overall,30,15,30,-0.5,-0.737519,0.375986,963,19,
4,91,Overall,Overall,30,18,30,-0.5,-0.366086,0.389624,982,19,
4,92,Overall,Overall,30,19,30,1.5,1.46378,0.404921,1073,20,
4,93,Overall,Overall,30,18,30,1.5,1.298645,0.40501,1065,20,
4,94,Overall,Overall,30,11,30,-1.5,-1.163291,0.388641,942,19,
4,95,Overall,Overall,30,15,30,0.0,0.348712,0.369508,1017,18,
4,96,Overall,Overall,30,9,30,-1.0,-1.825568,0.418169,909,21,
4,97,Overall,Overall,30,7,30,-2.0,-2.057316,0.440608,897,22,
4,98,Overall,Overall,30,8,30,-1.5,-2.077795,0.431984,896,22,
4,99,Overall,Overall,30,18,30,-0.5,-0.109817,0.388412,995,19,
4,100,Overall,Overall,30,17,30,0.0,-0.12564,0.389037,994,19,
4,101,Overall,Overall,30,11,30,-1.5,-1.569432,0.396998,922,20,
4,102,Overall,Overall,30,17,30,1.0,1.0899,0.380871,1054,19,
4,103,Overall,Overall,30,15,30,0.5,0.248541,0.376804,1012,19,
4,104,Overall,Overall,30,16,30,1.0,0.902861,0.389747,1045,19,
4,105,Overall,Overall,30,22,30,1.5,1.971665,0.439544,1099,22,
4,106,Overall,Overall,30,19,30,0.5,1.082749,0.391479,1054,20,
4,107,Overall,Overall,30,13,30,0.0,-0.302416,0.380761,985,19,
4,108,Overall,Overall,30,14,30,-1.0,-0.981913,0.379139,951,19,
4,109,Overall,Overall,30,15,30,-0.5,-0.192056,0.376064,990,19,
4,110,Overall,Overall,30,17,30,0.0,0.107058,0.375917,1005,19,
4,111,Overall,Overall,30,25,30,2.0,2.516804,0.506797,1126,25,
4,112,Overall,Overall,30,16,30,0.5,0.207635,0.373748,1010,19,
4,113,Overall,Overall,30,18,30,0.5,0.295741,0.39127,1015,20,
4,114,Overall,Overall,30,17,30,0.5,0.242241,0.375093,1012,19,
4,115,Overall,Overall,30,19,30,1.5,1.275777,0.390295,1064,20,
4,116,Overall,Overall,30,10,30,-2.0,-1.629174,0.410405,919,21,
4,117,Overall,Overall,30,14,30,-1.5,-0.968623,0.37974,952,19,
4,118,Overall,Overall,30,12,30,-1.0,-0.87705,0.381828,956,19,
4,119,Overall,Overall,30,2,30,-2.0,-3.786799,0.746112,811,37,
4,120,Overall,Overall,30,13,30,-0.5,-1.183133,0.387766,941,19,
4,121,Overall,Overall,30,12,30,-1.0,-1.20959,0.390649,940,20,
4,122,Overall,Overall,30,17,30,1.5,1.3133,0.387353,1066,19,
4,123,Overall,Overall,30,6,30,-2.0,-2.742214,0.473673,863,24,
4,124,Overall,Overall,30,25,30,2.0,2.93604,0.511971,1147,26,
4,125,Overall,Overall,30,14,30,0.5,0.289475,0.376097,1014,19,
4,126,Overall,Overall,30,20,30,1.5,1.728835,0.407442,1086,20,
4,127,Overall,Overall,30,8,30,-1.5,-2.080116,0.431296,896,22,
4,128,Overall,Overall,30,9,30,-1.5,-1.363632,0.40965,932,20,
4,129,Overall,Overall,30,13,30,-1.0,-1.080814,0.384719,946,19,
4,130,Overall,Overall,30,19,30,1.0,0.893807,0.392795,1045,20,
4,131,Overall,Overall,30,21,30,2.0,1.972885,0.425759,1099,21,
4,132,Overall,Overall,30,14,30,0.0,0.215278,0.37297,1011,19,
4,133,Overall,Overall,30,15,30,0.5,-0.017138,0.376946,999,19,
4,134,Overall,Overall,30,15,30,-0.5,-1.077529,0.396049,946,20,
4,135,Overall,Overall,30,25,30,2.0,2.676845,0.525893,1134,26,
4,136,Overall,Overall,30,18,30,1.0,1.136827,0.391941,1057,20,
4,137,Overall,Overall,30,16,30,-0.5,-0.69799,0.377554,965,19,
4,138,Overall,Overall,30,20,30,1.5,1.443409,0.406254,1072,20,
4,139,Overall,Overall,30,11,30,-2.0,-1.368741,0.392286,932,20,
4,140,Overall,Overall,30,16,30,0.0,-0.333338,0.378775,983,19,
4,141,Overall,Overall,30,24,30,1.5,2.442627,0.493165,1122,25,
4,142,Overall,Overall,30,22,30,2.0,2.24833,0.433478,1112,22,
4,143,Overall,Overall,30,7,30,-2.0,-1.972553,0.454006,901,23,
4,144,Overall,Overall,30,13,30,-1.5,-1.250371,0.391044,937,20,
4,145,Overall,Overall,30,16,30,1.0,0.667529,0.384937,1033,19,
4,146,Overall,Overall,30,7,30,-2.0,-2.518485,0.450672,874,23,
4,147,Overall,Overall,30,14,30,-1.0,-0.846334,0.375071,958,19,
4,148,Overall,Overall,30,19,30,2.0,1.637443,0.399876,1082,20,
4,149,Overall,Overall,30,18,30,0.5,0.503149,0.381083,1025,19,
4,150,Overall,Overall,30,18,30,1.0,1.464375,0.40058,1073,20,
4,151,Overall,Overall,30,9,30,-2.0,-1.454585,0.413444,927,21,
4,152,Overall,Overall,30,20,30,1.0,1.576936,0.413175,1079,21,
4,153,Overall,Overall,30,14,30,-0.5,-0.375815,0.377797,981,19,
4,154,Overall,Overall,30,18,30,1.0,1.326328,0.38998,1066,19,
4,155,Overall,Overall,30,9,30,-2.0,-1.756718,0.412566,912,21,
4,156,Overall,Overall,30,24,30,2.0,2.64508,0.480245,1132,24,
4,157,Overall,Overall,30,18,30,1.0,0.930562,0.386757,1047,19,
4,158,Overall,Overall,30,19,30,1.0,1.091303,0.390377,1055,20,
4,159,Overall,Overall,30,19,30,1.5,1.465876,0.394282,1073,20,
4,160,Overall,Overall,30,20,30,1.5,1.549296,0.413818,1077,21,
4,161,Overall,Overall,30,7,30,-2.0,-2.393857,0.45013,880,23,
4,162,Overall,Overall,30,18,30,1.0,1.072883,0.384478,1054,19,
4,163,Overall,Overall,30,15,30,-0.5,0.31165,0.369608,1016,18,
4,164,Overall,Overall,30,13,30,0.0,0.009796,0.375294,1000,19,
4,165,Overall,Overall,30,9,30,-1.0,-1.072219,0.409869,946,20,
4,166,Overall,Overall,30,18,30,0.0,0.053224,0.383857,1003,19,
4,167,Overall,Overall,30,17,30,0.5,1.151727,0.403356,1058,20,
4,168,Overall,Overall,30,11,30,-1.5,-0.892644,0.388547,955,19,
4,169,Overall,Overall,30,17,30,0.5,0.039117,0.378636,1002,19,
4,170,Overall,Overall,30,15,30,-0.5,0.375786,0.375803,1019,19,
4,171,Overall,Overall,30,11,30,-1.5,-1.036459,0.396953,948,20,
4,172,Overall,Overall,30,17,30,1.5,0.979138,0.383104,1049,19,
4,173,Overall,Overall,30,11,30,-1.0,-1.382072,0.393999,931,20,
4,174,Overall,Overall,30,15,30,0.0,0.408317,0.375722,1020,19,
4,175,Overall,Overall,30,24,30,2.0,2.5862,0.481127,1129,24,
4,176,Overall,Overall,30,23,30,1.5,1.465678,0.446253,1073,22,
4,177,Overall,Overall,30,18,30,1.0,0.226501,0.391817,1011,20,
4,178,Overall,Overall,30,18,30,1.0,1.053508,0.385083,1053,19,
4,179,Overall,Overall,30,12,30,-1.0,-1.396018,0.393456,930,20,
4,180,Overall,Overall,30,12,30,-0.5,-0.514296,0.382099,974,19,
4,181,Overall,Overall,30,12,30,-1.0,-1.172981,0.383493,941,19,
4,182,Overall,Overall,30,21,30,2.0,1.927996,0.41718,1096,21,
4,183,Overall,Overall,30,10,30,-2.0,-1.476572,0.41284,926,21,
4,184,Overall,Overall,30,14,30,0.0,0.018505,0.373383,1001,19,
4,185,Overall,Overall,30,8,30,-1.5,-1.886866,0.422023,906,21,
4,186,Overall,Overall,30,14,30,-1.0,-0.900699,0.377795,955,19,
4,187,Overall,Overall,30,11,30,-0.5,-0.654702,0.393649,967,20,
4,188,Overall,Overall,30,20,30,2.0,1.735984,0.41913,1087,21,
4,189,Overall,Overall,30,18,30,1.5,1.416514,0.392909,1071,20,
4,190,Overall,Overall,30,20,30,1.5,1.544015,0.406569,1077,20,
4,191,Overall,Overall,30,13,30,-1.5,-1.28351,0.387443,936,19,
4,192,Overall,Overall,30,14,30,0.5,0.58257,0.378389,1029,19,
4,193,Overall,Overall,30,16,30,0.0,0.045519,0.373646,1002,19,
4,194,Overall,Overall,30,20,30,1.5,1.476606,0.417752,1074,21,
4,195,Overall,Overall,30,13,30,-1.0,-0.866733,0.376502,957,19,
4,196,Overall,Overall,30,22,30,1.0,1.023687,0.422493,1051,21,
4,197,Overall,Overall,30,21,30,0.5,0.948912,0.40864,1047,20,
4,198,Overall,Overall,30,12,30,-1.0,-0.774399,0.383763,961,19,
4,199,Overall,Overall,30,21,30,1.0,1.587006,0.422768,1079,21,
4,200,Overall,Overall,30,17,30,0.0,0.367648,0.375722,1018,19,
4,201,Overall,Overall,30,23,30,2.0,2.092611,0.45551,1105,23,
4,202,Overall,Overall,30,17,30,0.5,0.455918,0.377679,1023,19,
4,203,Overall,Overall,30,21,30,1.5,1.772184,0.417207,1089,21,
4,204,Overall,Overall,30,25,30,2.0,2.685905,0.523992,1134,26,
4,205,Overall,Overall,30,14,30,-1.0,-0.69701,0.37518,965,19,
4,206,Overall,Overall,30,11,30,-1.5,-1.433215,0.393477,928,20,
4,207,Overall,Overall,30,10,30,-1.5,-1.770349,0.407946,911,20,
4,208,Overall,Overall,30,20,30,1.0,1.365908,0.404784,1068,20,
4,209,Overall,Overall,30,23,30,2.0,2.203955,0.456578,1110,23,
4,210,Overall,Overall,30,14,30,-1.5,-1.302344,0.387966,935,19,
4,211,Overall,Overall,30,25,30,2.0,2.585276,0.518412,1129,26,
4,212,Overall,Overall,30,13,30,-0.5,-0.312848,0.378399,984,19,
4,213,Overall,Overall,30,19,30,1.0,0.601855,0.384445,1030,19,
4,214,Overall,Overall,30,10,30,-1.0,-0.958662,0.408868,952,20,
4,215,Overall,Overall,30,22,30,0.5,1.767675,0.432103,1088,22,
4,216,Overall,Overall,30,12,30,-1.5,-1.307686,0.385961,935,19,
4,217,Overall,Overall,30,10,30,-1.5,-1.691869,0.404853,915,20,
4,218,Overall,Overall,30,17,30,0.5,0.738774,0.380684,1037,19,
4,219,Overall,Overall,30,9,30,-2.0,-1.821913,0.41679,909,21,
4,220,Overall,Overall,30,12,30,-1.0,-1.137262,0.385959,943,19,
4,221,Overall,Overall,30,17,30,0.0,0.535719,0.376828,1027,19,
4,222,Overall,Overall,30,17,30,1.0,0.861226,0.381723,1043,19,
4,223,Overall,Overall,30,10,30,-0.5,-0.715179,0.393205,964,20,
4,224,Overall,Overall,30,19,30,1.0,1.482989,0.395102,1074,20,
4,225,Overall,Overall,30,11,30,-1.5,-1.438819,0.389071,928,19,
4,226,Overall,Overall,30,10,30,-1.0,-1.386157,0.399042,931,20,
4,227,Overall,Overall,30,20,30,1.0,1.169332,0.395434,1058,20,
4,228,Overall,Overall,30,20,30,2.0,1.60056,0.420439,1080,21,
4,229,Overall,Overall,30,15,30,-0.5,-0.815487,0.380471,959,19,
4,230,Overall,Overall,30,10,30,-0.5,-0.289465,0.394266,986,20,
4,231,Overall,Overall,30,18,30,1.5,1.403009,0.402295,1070,20,
4,232,Overall,Overall,30,11,30,-1.5,-1.31123,0.391347,934,20,
4,233,Overall,Overall,30,10,30,-1.5,-1.659602,0.405491,917,20,
4,234,Overall,Overall,30,14,30,0.5,0.149819,0.373959,1007,19,
4,235,Overall,Overall,30,10,30,-1.5,-1.793911,0.403676,910,20,
4,236,Overall,Overall,30,16,30,0.5,0.443215,0.374513,1022,19,
4,237,Overall,Overall,30,11,30,-1.5,-1.599009,0.396628,920,20,
4,238,Overall,Overall,30,12,30,0.5,-0.292874,0.377165,985,19,
4,239,Overall,Overall,30,17,30,1.5,0.970839,0.39072,1049,20,
4,240,Overall,Overall,30,21,30,1.5,1.942757,0.419012,1097,21,
4,241,Overall,Overall,30,16,30,0.0,0.834986,0.383019,1042,19,
4,242,Overall,Overall,30,7,30,-2.0,-2.121152,0.444558,894,22,
4,243,Overall,Overall,30,20,30,1.0,1.853822,0.420053,1093,21,
4,244,Overall,Overall,30,11,30,-2.0,-1.71177,0.401002,914,20,
4,245,Overall,Overall,30,24,30,2.0,2.411227,0.47872,1121,24,
4,246,Overall,Overall,30,14,30,1.0,0.076461,0.376135,1004,19,
4,247,Overall,Overall,30,8,30,-2.0,-2.094025,0.437644,895,22,
4,248,Overall,Overall,30,8,30,-1.5,-2.076495,0.42942,896,21,
4,249,Overall,Overall,30,13,30,0.0,-0.209528,0.376374,990,19,
4,250,Overall,Overall,30,16,30,0.5,0.787378,0.385255,1039,19,
4,251,Overall,Overall,30,20,30,1.5,1.53152,0.411056,1077,21,
4,252,Overall,Overall,30,16,30,-0.5,-0.358802,0.387202,982,19,
4,253,Overall,Overall,30,17,30,1.0,1.082108,0.387779,1054,19,
4,254,Overall,Overall,30,17,30,1.5,0.39538,0.380287,1020,19,
4,255,Overall,Overall,30,20,30,1.5,1.111797,0.398281,1056,20,
4,256,Overall,Overall,30,11,30,-1.5,-1.374123,0.388961,931,19,
4,257,Overall,Overall,30,16,30,0.5,1.196716,0.38107,1060,19,
4,258,Overall,Overall,30,14,30,-0.5,-0.212427,0.371858,989,19,
4,259,Overall,Overall,30,22,30,1.5,1.423875,0.425629,1071,21,
4,260,Overall,Overall,30,20,30,1.5,1.602881,0.406665,1080,20,
4,261,Overall,Overall,30,24,30,1.0,1.976679,0.481469,1099,24,
4,262,Overall,Overall,30,16,30,0.5,0.86328,0.375733,1043,19,
4,263,Overall,Overall,30,20,30,1.0,1.871316,0.414326,1094,21,
4,264,Overall,Overall,30,22,30,2.0,1.979809,0.433237,1099,22,
4,265,Overall,Overall,30,15,30,0.0,0.316173,0.372695,1016,19,
4,266,Overall,Overall,30,8,30,-1.0,-1.877954,0.433588,906,22,
4,267,Overall,Overall,30,21,30,2.0,2.046777,0.419925,1102,21,
4,268,Overall,Overall,30,14,30,-0.5,-0.483622,0.383247,976,19,
4,269,Overall,Overall,30,21,30,1.5,1.719447,0.418313,1086,21,
4,270,Overall,Overall,30,11,30,-1.0,-0.635124,0.390242,968,20,
4,271,Overall,Overall,30,12,30,-0.5,-0.977244,0.383873,951,19,
4,272,Overall,Overall,30,5,30,-2.0,-2.897776,0.506018,855,25,
4,273,Overall,Overall,30,11,30,-1.5,-1.297727,0.396105,935,20,
4,274,Overall,Overall,30,15,30,-0.5,-0.374263,0.377721,981,19,
4,275,Overall,Overall,30,19,30,1.5,1.497501,0.402638,1075,20,
4,276,Overall,Overall,30,19,30,0.5,0.462515,0.395356,1023,20,
4,277,Overall,Overall,30,8,30,-2.0,-2.014376,0.429735,899,21,
4,278,Overall,Overall,30,17,30,-0.5,0.175383,0.378449,1009,19,
4,279,Overall,Overall,30,12,30,-0.5,-0.204395,0.379884,990,19,
4,280,Overall,Overall,30,15,30,0.0,-0.121829,0.379842,994,19,
4,281,Overall,Overall,30,15,30,0.0,0.308798,0.372963,1015,19,
4,282,Overall,Overall,30,9,30,-2.0,-1.802987,0.422805,910,21,
4,283,Overall,Overall,30,16,30,1.5,1.020088,0.387673,1051,19,
4,284,Overall,Overall,30,19,30,1.0,0.997893,0.388403,1050,19,
4,285,Overall,Overall,30,13,30,-1.0,-1.23487,0.392518,938,20,
4,286,Overall,Overall,30,2,30,-2.0,-3.778036,0.747043,811,37,
4,287,Overall,Overall,30,12,30,-2.0,-1.366928,0.390484,932,20,
4,288,Overall,Overall,30,16,30,1.0,0.619442,0.372927,1031,19,
4,289,Overall,Overall,30,9,30,-1.5,-1.705488,0.412695,915,21,
4,290,Overall,Overall,30,13,30,-1.0,-0.886017,0.384409,956,19,
4,291,Overall,Overall,30,16,30,1.0,1.007348,0.393076,1050,20,
4,292,Overall,Overall,30,8,30,-2.0,-1.723412,0.425222,914,21,
4,293,Overall,Overall,30,4,30,-2.0,-3.141562,0.558248,843,28,
4,294,Overall,Overall,30,15,30,-1.0,-1.085645,0.386805,946,19,
4,295,Overall,Overall,30,15,30,-0.5,-0.776689,0.375451,961,19,
4,296,Overall,Overall,30,10,30,-2.0,-1.683178,0.409522,916,20,
4,297,Overall,Overall,30,16,30,1.0,1.211407,0.385022,1061,19,
4,298,Overall,Overall,30,14,30,-0.5,-0.692642,0.377209,965,19,
4,299,Overall,Overall,30,25,30,2.0,2.756556,0.515007,1138,26,
4,300,Overall,Overall,30,19,30,1.0,1.061349,0.396112,1053,20,
4,301,Overall,Overall,30,12,30,-1.0,-1.238313,0.387599,938,19,
4,302,Overall,Overall,30,24,30,2.0,2.430267,0.477587,1122,24,
4,303,Overall,Overall,30,14,30,-1.0,-0.710223,0.395218,964,20,
4,304,Overall,Overall,30,20,30,0.5,0.765937,0.392273,1038,20,
4,305,Overall,Overall,30,12,30,-1.0,-1.336909,0.38935,933,19,
4,306,Overall,Overall,30,15,30,-1.0,-1.047353,0.385916,948,19,
4,307,Overall,Overall,30,14,30,-0.5,-0.822677,0.377889,959,19,
4,308,Overall,Overall,30,12,30,-2.0,-1.391219,0.39277,930,20,
4,309,Overall,Overall,30,19,30,0.5,0.599649,0.387335,1030,19,
4,310,Overall,Overall,30,16,30,-1.0,-0.544394,0.383305,973,19,
4,311,Overall,Overall,30,23,30,2.0,2.04387,0.445045,1102,22,
4,312,Overall,Overall,30,14,30,-1.0,-0.582188,0.386987,971,19,
4,313,Overall,Overall,30,10,30,-1.5,-1.73307,0.40608,913,20,
4,314,Overall,Overall,30,18,30,0.5,1.030176,0.390724,1052,20,
4,315,Overall,Overall,30,14,30,0.0,0.007385,0.376188,1000,19,
4,316,Overall,Overall,30,14,30,-1.0,-1.145789,0.382761,943,19,
4,317,Overall,Overall,30,14,30,1.0,0.441799,0.380035,1022,19,
4,318,Overall,Overall,30,16,30,-1.0,-0.587765,0.377751,971,19,
4,319,Overall,Overall,30,22,30,2.0,1.705903,0.430129,1085,22,
4,320,Overall,Overall,30,11,30,-1.5,-0.708441,0.386322,965,19,
4,321,Overall,Overall,30,19,30,1.0,1.102866,0.390284,1055,20,
4,322,Overall,Overall,30,17,30,2.0,1.484927,0.391184,1074,20,
4,323,Overall,Overall,30,17,30,0.0,-0.312405,0.380542,984,19,
4,324,Overall,Overall,30,11,30,-1.5,-1.588551,0.397112,921,20,
4,325,Overall,Overall,30,19,30,0.5,-0.02157,0.394687,999,20,
4,326,Overall,Overall,30,15,30,-0.5,-0.361542,0.376321,982,19,
4,327,Overall,Overall,30,15,30,0.5,0.561663,0.37513,1028,19,
4,328,Overall,Overall,30,18,30,0.5,0.738272,0.37885,1037,19,
4,329,Overall,Overall,30,10,30,-0.5,-1.458625,0.404235,927,20,
4,330,Overall,Overall,30,12,30,-2.0,-1.607769,0.394718,920,20,
4,331,Overall,Overall,30,16,30,0.0,-0.300701,0.374774,985,19,
4,332,Overall,Overall,30,24,30,2.0,2.684228,0.481273,1134,24,
4,333,Overall,Overall,30,10,30,-2.0,-1.678368,0.404582,916,20,
4,334,Overall,Overall,30,12,30,-1.0,-1.414259,0.39117,929,20,
4,335,Overall,Overall,30,9,30,-2.0,-0.931156,0.41148,953,21,
4,336,Overall,Overall,30,20,30,1.0,1.509342,0.409708,1075,20,
4,337,Overall,Overall,30,11,30,-0.5,-0.986888,0.401736,951,20,
4,338,Overall,Overall,30,16,30,-1.5,-0.552638,0.381183,972,19,
4,339,Overall,Overall,30,15,30,0.5,0.990109,0.389779,1050,19,
4,340,Overall,Overall,30,12,30,0.0,-0.221943,0.381582,989,19,
4,341,Overall,Overall,30,10,30,-2.0,-1.837112,0.407288,908,20,
4,342,Overall,Overall,30,16,30,-0.5,-0.773729,0.379743,961,19,
4,343,Overall,Overall,30,26,30,2.0,2.95377,0.572142,1148,29,
4,344,Overall,Overall,30,22,30,1.0,1.622386,0.42739,1081,21,
4,345,Overall,Overall,30,16,30,0.0,0.328618,0.372247,1016,19,
4,346,Overall,Overall,30,13,30,-1.0,-1.081125,0.384055,946,19,
4,347,Overall,Overall,30,15,30,0.0,-0.035315,0.372199,998,19,
4,348,Overall,Overall,30,17,30,0.5,0.775277,0.379284,1039,19,
4,349,Overall,Overall,30,17,30,0.0,0.294103,0.374737,1015,19,
4,350,Overall,Overall,30,9,30,-2.0,-1.534371,0.411972,923,21,
4,351,Overall,Overall,30,20,30,1.5,1.800723,0.404981,1090,20,
4,352,Overall,Overall,30,5,30,-2.0,-2.71872,0.515703,864,26,
4,353,Overall,Overall,30,14,30,-1.5,-1.016475,0.393778,949,20,
4,354,Overall,Overall,30,9,30,-0.5,-1.199428,0.409662,940,20,
4,355,Overall,Overall,30,20,30,1.5,1.405923,0.412217,1070,21,
4,356,Overall,Overall,30,20,30,1.5,1.690971,0.410561,1085,21,
4,357,Overall,Overall,30,20,30,1.0,1.464376,0.407549,1073,20,
4,358,Overall,Overall,30,14,30,-0.5,-0.508393,0.387139,975,19,
4,359,Overall,Overall,30,14,30,-1.0,-0.656991,0.37398,967,19,
4,360,Overall,Overall,30,15,30,0.0,0.35824,0.3694,1018,18,
4,361,Overall,Overall,30,16,30,0.0,0.089754,0.37107,1004,19,
4,362,Overall,Overall,30,15,30,0.5,0.380528,0.370659,1019,19,
4,363,Overall,Overall,30,15,30,1.0,0.951805,0.384932,1048,19,
4,364,Overall,Overall,30,19,30,2.0,1.609114,0.402113,1080,20,
4,365,Overall,Overall,30,24,30,2.0,2.720256,0.481264,1136,24,
4,366,Overall,Overall,30,24,30,1.5,2.706477,0.478359,1135,24,
4,367,Overall,Overall,30,18,30,-0.5,-0.432886,0.38832,978,19,
4,368,Overall,Overall,30,9,30,-1.5,-1.974275,0.419874,901,21,
4,369,Overall,Overall,30,9,30,-1.5,-1.667915,0.407212,917,20,
4,370,Overall,Overall,30,8,30,-1.5,-2.064178,0.436272,897,22,
4,371,Overall,Overall,30,14,30,-1.5,-1.01381,0.37995,949,19,
4,372,Overall,Overall,30,14,30,-0.5,-0.404505,0.375519,980,19,
4,373,Overall,Overall,30,18,30,1.5,1.416514,0.392909,1071,20,
4,374,Overall,Overall,30,18,30,1.5,1.237326,0.389295,1062,19,
4,375,Overall,Overall,30,20,30,1.5,1.891966,0.415564,1095,21,
4,376,Overall,Overall,30,13,30,-0.5,-0.955676,0.37967,952,19,
4,377,Overall,Overall,30,17,30,0.5,0.280538,0.395873,1014,20,
4,378,Overall,Overall,30,11,30,-1.0,-1.394381,0.405225,930,20,
4,379,Overall,Overall,30,19,30,1.5,1.604012,0.405535,1080,20,
4,380,Overall,Overall,30,13,30,-0.5,0.039798,0.379856,1002,19,
4,381,Overall,Overall,30,17,30,0.5,0.622958,0.377961,1031,19,
4,382,Overall,Overall,30,20,30,1.0,1.289685,0.406024,1064,20,
4,383,Overall,Overall,30,13,30,-0.5,-0.51714,0.379551,974,19,
4,384,Overall,Overall,30,17,30,1.0,1.122042,0.387019,1056,19,
4,385,Overall,Overall,30,15,30,-1.0,-0.551497,0.398321,972,20,
4,386,Overall,Overall,30,17,30,1.0,1.248751,0.400834,1062,20,
4,387,Overall,Overall,30,11,30,-2.0,-1.693628,0.404037,915,20,
4,388,Overall,Overall,30,12,30,-1.5,-1.488941,0.395033,926,20,
4,389,Overall,Overall,30,21,30,1.5,2.136728,0.426018,1107,21,
4,390,Overall,Overall,30,6,30,-1.5,-2.39894,0.476746,880,24,
4,391,Overall,Overall,30,14,30,0.0,0.426148,0.376552,1021,19,
4,392,Overall,Overall,30,15,30,-0.5,-0.640566,0.375599,968,19,
4,393,Overall,Overall,30,9,30,-1.0,-0.682618,0.422375,966,21,
4,394,Overall,Overall,30,18,30,0.5,0.74408,0.384808,1037,19,
4,395,Overall,Overall,30,13,30,-0.5,-0.468125,0.37815,977,19,
4,396,Overall,Overall,30,10,30,-1.0,-1.336023,0.405999,933,20,
4,397,Overall,Overall,30,11,30,-1.0,-1.396707,0.404271,930,20,
4,398,Overall,Overall,30,15,30,-0.5,-0.477258,0.375783,976,19,
4,399,Overall,Overall,30,14,30,0.0,0.170632,0.374812,1009,19,
4,400,Overall,Overall,30,17,30,0.0,0.106021,0.378305,1005,19,
4,401,Overall,Overall,30,14,30,0.0,-0.548411,0.375961,973,19,
4,402,Overall,Overall,30,21,30,2.0,1.766473,0.418156,1088,21,
4,403,Overall,Overall,30,20,30,0.5,1.64112,0.412273,1082,21,
4,404,Overall,Overall,30,8,30,-2.0,-2.128403,0.437657,894,22,
4,405,Overall,Overall,30,11,30,-2.0,-1.661074,0.401625,917,20,
4,406,Overall,Overall,30,12,30,0.0,-0.276101,0.377549,986,19,
4,407,Overall,Overall,30,11,30,-1.0,-1.291024,0.400695,935,20,
4,408,Overall,Overall,30,17,30,0.0,0.248682,0.37551,1012,19,
4,409,Overall,Overall,30,21,30,2.0,1.594799,0.41354,1080,21,
4,410,Overall,Overall,30,20,30,1.5,1.516158,0.420589,1076,21,
4,411,Overall,Overall,30,11,30,-1.0,-1.216526,0.399459,939,20,
4,412,Overall,Overall,30,8,30,-2.0,-1.965174,0.437287,902,22,
4,413,Overall,Overall,30,11,30,-1.0,-1.209806,0.390052,940,20,
4,414,Overall,Overall,30,9,30,-2.0,-1.785184,0.412992,911,21,
4,415,Overall,Overall,30,15,30,-0.5,-0.738302,0.380797,963,19,
4,416,Overall,Overall,30,17,30,1.0,0.787348,0.380494,1039,19,
4,417,Overall,Overall,30,12,30,-1.5,-1.169935,0.38352,942,19,
4,418,Overall,Overall,30,16,30,0.0,-0.015232,0.376838,999,19,
4,419,Overall,Overall,30,17,30,0.5,0.372953,0.378194,1019,19,
4,420,Overall,Overall,30,19,30,0.5,0.609785,0.387102,1030,19,
4,421,Overall,Overall,30,13,30,-0.5,-1.055188,0.381557,947,19,
4,422,Overall,Overall,30,9,30,-1.5,-2.061517,0.418255,897,21,
4,423,Overall,Overall,30,17,30,1.0,1.313736,0.390455,1066,20,
4,424,Overall,Overall,30,6,30,-2.0,-1.989863,0.468874,901,23,
4,425,Overall,Overall,30,13,30,-1.0,-0.741392,0.38363,963,19,
4,426,Overall,Overall,30,15,30,-0.5,-0.521642,0.377163,974,19,
4,427,Overall,Overall,30,16,30,0.5,0.225026,0.370882,1011,19,
4,428,Overall,Overall,30,17,30,0.5,0.640208,0.372968,1032,19,
4,429,Overall,Overall,30,27,30,2.0,3.528977,0.629972,1176,31,
4,430,Overall,Overall,30,13,30,-1.5,-1.283636,0.389859,936,19,
4,431,Overall,Overall,30,8,30,-2.0,-2.00132,0.444718,900,22,
4,432,Overall,Overall,30,25,30,2.0,2.924601,0.513852,1146,26,
4,433,Overall,Overall,30,12,30,-1.5,-1.400958,0.39227,930,20,
4,434,Overall,Overall,30,21,30,2.0,2.000333,0.424999,1100,21,
4,435,Overall,Overall,30,18,30,0.5,1.101721,0.388762,1055,19,
4,436,Overall,Overall,30,17,30,0.0,-0.09264,0.382818,995,19,
4,437,Overall,Overall,30,23,30,2.0,2.23076,0.45891,1112,23,
4,438,Overall,Overall,30,11,30,-2.0,-1.642231,0.407225,918,20,
4,439,Overall,Overall,30,23,30,2.0,2.12201,0.454628,1106,23,
4,440,Overall,Overall,30,13,30,-1.0,-0.918017,0.38829,954,19,
4,441,Overall,Overall,30,16,30,-0.5,-0.627294,0.378247,969,19,
4,442,Overall,Overall,30,15,30,-0.5,-0.280776,0.375732,986,19,
4,443,Overall,Overall,30,18,30,0.0,-0.307105,0.388055,985,19,
4,444,Overall,Overall,30,25,30,2.0,2.868365,0.506269,1143,25,
4,445,Overall,Overall,30,22,30,2.0,1.917517,0.433488,1096,22,
4,446,Overall,Overall,30,11,30,-1.0,-1.261311,0.390692,937,20,
4,447,Overall,Overall,30,19,30,1.0,1.227189,0.395089,1061,20,
4,448,Overall,Overall,30,7,30,-2.0,-2.17001,0.455224,891,23,
4,449,Overall,Overall,30,11,30,-2.0,-1.523825,0.397899,924,20,
4,450,Overall,Overall,30,9,30,-1.5,-1.721789,0.423817,914,21,
4,451,Overall,Overall,30,16,30,1.0,1.191422,0.384327,1060,19,
4,452,Overall,Overall,30,22,30,2.0,1.796538,0.427346,1090,21,
4,453,Overall,Overall,30,15,30,-1.0,-0.235641,0.377894,988,19,
4,454,Overall,Overall,30,15,30,0.5,-0.060536,0.373595,997,19,
4,455,Overall,Overall,30,21,30,2.0,2.07849,0.422308,1104,21,
4,456,Overall,Overall,30,19,30,1.5,1.450813,0.403937,1073,20,
4,457,Overall,Overall,30,18,30,1.0,1.241791,0.387607,1062,19,
4,458,Overall,Overall,30,20,30,1.5,1.741772,0.410145,1087,21,
4,459,Overall,Overall,30,11,30,-2.0,-1.366804,0.388977,932,19,
4,460,Overall,Overall,30,14,30,-0.5,-0.418869,0.37308,979,19,
4,461,Overall,Overall,30,8,30,-2.0,-2.043904,0.432928,898,22,
4,462,Overall,Overall,30,13,30,-2.0,-1.064398,0.381154,947,19,
4,463,Overall,Overall,30,21,30,0.5,1.02605,0.418921,1051,21,
4,464,Overall,Overall,30,13,30,0.0,-0.414354,0.376858,979,19,
4,465,Overall,Overall,30,16,30,-1.0,-0.421258,0.376587,979,19,
4,466,Overall,Overall,30,11,30,-1.0,-1.30897,0.39342,935,20,
4,467,Overall,Overall,30,8,30,-2.0,-1.580709,0.42753,921,21,
4,468,Overall,Overall,30,6,30,-1.5,-2.455705,0.478662,877,24,
4,469,Overall,Overall,30,19,30,2.0,1.211123,0.400005,1061,20,
4,470,Overall,Overall,30,15,30,0.0,0.279002,0.375293,1014,19,
4,471,Overall,Overall,30,15,30,-0.5,-0.75479,0.381674,962,19,
4,472,Overall,Overall,30,24,30,1.5,2.372381,0.48842,1119,24,
4,473,Overall,Overall,30,5,30,-2.0,-2.608801,0.513771,870,26,
4,474,Overall,Overall,30,10,30,-0.5,-1.139001,0.405314,943,20,
4,475,Overall,Overall,30,9,30,-2.0,-1.826758,0.417002,909,21,
4,476,Overall,Overall,30,23,30,2.0,2.328505,0.449716,1116,22,
4,477,Overall,Overall,30,19,30,1.5,1.509624,0.394775,1075,20,
4,478,Overall,Overall,30,22,30,2.0,2.24154,0.437399,1112,22,
4,479,Overall,Overall,30,22,30,2.0,1.869097,0.437352,1093,22,
4,480,Overall,Overall,30,13,30,-0.5,-0.699647,0.379779,965,19,
4,481,Overall,Overall,30,15,30,-1.0,-1.080593,0.384005,946,19,
4,482,Overall,Overall,30,19,30,1.0,0.719895,0.384794,1036,19,
4,483,Overall,Overall,30,10,30,-2.0,-1.989372,0.408571,901,20,
4,484,Overall,Overall,30,10,30,-2.0,-1.482545,0.401125,926,20,
4,485,Overall,Overall,30,14,30,1.0,0.687971,0.380034,1034,19,
4,486,Overall,Overall,30,22,30,2.0,1.627885,0.440559,1081,22,
4,487,Overall,Overall,30,18,30,0.5,0.098959,0.38211,1005,19,
4,488,Overall,Overall,30,21,30,1.5,1.887639,0.424672,1094,21,
4,489,Overall,Overall,30,16,30,0.5,0.645835,0.376962,1032,19,
4,490,Overall,Overall,30,12,30,-2.0,-1.377007,0.394139,931,20,
4,491,Overall,Overall,30,13,30,-1.0,-1.19199,0.384261,940,19,
4,492,Overall,Overall,30,19,30,2.0,1.451979,0.393311,1073,20,
4,493,Overall,Overall,30,16,30,1.0,0.593815,0.375544,1030,19,
4,494,Overall,Overall,30,11,30,-1.0,-0.727962,0.388025,964,19,
4,495,Overall,Overall,30,10,30,-1.0,-1.159904,0.40274,942,20,
4,496,Overall,Overall,30,16,30,1.5,0.428065,0.375405,1021,19,
4,497,Overall,Overall,30,14,30,0.0,0.688915,0.377695,1034,19,
4,498,Overall,Overall,30,16,30,0.0,0.278603,0.376913,1014,19,
4,499,Overall,Overall,30,18,30,1.0,1.157145,0.394955,1058,20,
4,500,Overall,Overall,30,10,30,-1.5,-1.732835,0.405891,913,20,
4,501,Overall,Overall,30,13,30,0.0,-0.70406,0.379801,965,19,
4,502,Overall,Overall,30,8,30,-1.5,-2.033658,0.432906,898,22,
4,503,Overall,Overall,30,16,30,0.0,0.068585,0.373602,1003,19,
4,504,Overall,Overall,30,21,30,1.5,1.657365,0.416865,1083,21,
4,505,Overall,Overall,30,22,30,2.0,2.186272,0.439259,1109,22,
4,506,Overall,Overall,30,12,30,-1.0,-1.481023,0.388806,926,19,
4,507,Overall,Overall,30,20,30,2.0,1.48691,0.39951,1074,20,
4,508,Overall,Overall,30,15,30,-1.5,-1.187146,0.388552,941,19,
4,509,Overall,Overall,30,14,30,0.0,0.44774,0.382825,1022,19,
4,510,Overall,Overall,30,14,30,0.0,0.304442,0.376511,1015,19,
4,511,Overall,Overall,30,15,30,0.0,0.291166,0.373235,1015,19,
4,512,Overall,Overall,30,16,30,2.0,1.174784,0.384263,1059,19,
4,513,Overall,Overall,30,18,30,0.5,1.325115,0.398881,1066,20,
4,514,Overall,Overall,30,15,30,0.0,0.368458,0.377336,1018,19,
4,515,Overall,Overall,30,17,30,0.0,0.573235,0.37713,1029,19,
4,516,Overall,Overall,30,13,30,-1.5,-1.314947,0.384945,934,19,
4,517,Overall,Overall,30,9,30,-1.5,-1.802926,0.41811,910,21,
4,518,Overall,Overall,30,11,30,-1.0,-1.309229,0.392727,935,20,
4,519,Overall,Overall,30,16,30,1.0,0.874033,0.390128,1044,20,
4,520,Overall,Overall,30,15,30,-0.5,-0.587593,0.375739,971,19,
4,521,Overall,Overall,30,22,30,1.5,1.802511,0.438672,1090,22,
4,522,Overall,Overall,30,14,30,0.5,0.044027,0.37429,1002,19,
4,523,Overall,Overall,30,16,30,0.5,-0.073218,0.381506,996,19,
4,524,Overall,Overall,30,25,30,2.0,2.638838,0.524684,1132,26,
4,525,Overall,Overall,30,5,30,-2.0,-2.901319,0.50579,855,25,
4,526,Overall,Overall,30,8,30,-1.0,-1.59104,0.426814,920,21,
4,527,Overall,Overall,30,15,30,0.0,-0.652973,0.382828,967,19,
4,528,Overall,Overall,30,16,30,1.5,1.11539,0.382304,1056,19,
4,529,Overall,Overall,30,24,30,2.0,2.391645,0.478741,1120,24,
4,530,Overall,Overall,30,16,30,-0.5,-0.56954,0.379181,972,19,
4,531,Overall,Overall,30,9,30,-1.5,-0.979283,0.408665,951,20,
4,532,Overall,Overall,30,24,30,2.0,2.349505,0.496333,1117,25,
4,533,Overall,Overall,30,19,30,1.5,1.254858,0.400385,1063,20,
4,534,Overall,Overall,30,8,30,-2.0,-2.01607,0.431447,899,22,
4,535,Overall,Overall,30,8,30,-2.0,-1.99787,0.439911,900,22,
4,536,Overall,Overall,30,15,30,0.0,-0.520893,0.378105,974,19,
4,537,Overall,Overall,30,17,30,0.5,0.484599,0.372559,1024,19,
4,538,Overall,Overall,30,13,30,0.0,-0.110675,0.379354,994,19,
4,539,Overall,Overall,30,22,30,2.0,2.235396,0.437977,1112,22,
4,540,Overall,Overall,30,19,30,0.0,-0.02832,0.395535,999,20,
4,541,Overall,Overall,30,20,30,2.0,1.77203,0.417513,1089,21,
4,542,Overall,Overall,30,6,30,-2.0,-2.605364,0.47525,870,24,
4,543,Overall,Overall,30,8,30,-2.0,-2.086019,0.429167,896,21,
4,544,Overall,Overall,30,13,30,-1.5,-1.293872,0.389026,935,19,
4,545,Overall,Overall,30,9,30,-2.0,-1.524801,0.409176,924,20,
4,546,Overall,Overall,30,8,30,-2.0,-2.100893,0.440587,895,22,
4,547,Overall,Overall,30,10,30,-2.0,-1.802611,0.410151,910,21,
4,548,Overall,Overall,30,14,30,1.0,0.31214,0.378148,1016,19,
4,549,Overall,Overall,30,14,30,-1.0,-0.344092,0.380033,983,19,
4,550,Overall,Overall,30,18,30,-0.5,-0.292942,0.387711,985,19,
4,551,Overall,Overall,30,18,30,0.5,0.815432,0.380578,1041,19,
4,552,Overall,Overall,30,5,30,-2.0,-2.72293,0.503176,864,25,
4,553,Overall,Overall,30,7,30,-1.5,-2.090105,0.449993,895,22,
4,554,Overall,Overall,30,7,30,-2.0,-2.39728,0.451768,880,23,
4,555,Overall,Overall,30,17,30,1.0,0.67332,0.376455,1034,19,
4,556,Overall,Overall,30,15,30,0.5,-0.395018,0.375296,980,19,
4,557,Overall,Overall,30,10,30,-2.0,-1.684158,0.407965,916,20,
4,558,Overall,Overall,30,17,30,0.0,0.498047,0.376503,1025,19,
4,559,Overall,Overall,30,14,30,0.0,-0.490482,0.375004,975,19,
4,560,Overall,Overall,30,9,30,-2.0,-1.933598,0.418614,903,21,
4,561,Overall,Overall,30,18,30,0.5,0.737306,0.383239,1037,19,
4,562,Overall,Overall,30,16,30,1.5,1.031006,0.390336,1052,20,
4,563,Overall,Overall,30,17,30,0.5,0.863111,0.380381,1043,19,
4,564,Overall,Overall,30,22,30,1.0,1.504519,0.431231,1075,22,
4,565,Overall,Overall,30,19,30,0.0,0.268673,0.390267,1013,20,
4,566,Overall,Overall,30,23,30,1.5,1.650022,0.447279,1083,22,
4,567,Overall,Overall,30,12,30,0.5,0.026546,0.378446,1001,19,
4,568,Overall,Overall,30,17,30,0.5,0.586828,0.375866,1029,19,
4,569,Overall,Overall,30,11,30,-1.5,-1.541535,0.402638,923,20,
4,570,Overall,Overall,30,16,30,0.5,0.482855,0.374151,1024,19,
4,571,Overall,Overall,30,18,30,1.0,1.185969,0.39492,1059,20,
4,572,Overall,Overall,30,6,30,-1.5,-2.329614,0.478984,884,24,
4,573,Overall,Overall,30,13,30,0.0,-0.083555,0.38831,996,19,
4,574,Overall,Overall,30,12,30,-0.5,-0.759646,0.389189,962,19,
4,575,Overall,Overall,30,17,30,-0.5,-0.659797,0.38552,967,19,
4,576,Overall,Overall,30,7,30,-2.0,-2.081416,0.444758,896,22,
4,577,Overall,Overall,30,17,30,0.0,0.515931,0.379574,1026,19,
4,578,Overall,Overall,30,11,30,-1.5,-1.546676,0.404139,923,20,
4,579,Overall,Overall,30,12,30,0.0,-0.127361,0.388267,994,19,
4,580,Overall,Overall,30,5,30,-1.5,-2.578421,0.501289,871,25,
4,581,Overall,Overall,30,12,30,-1.0,-0.752548,0.391148,962,20,
4,582,Overall,Overall,30,13,30,-0.5,-0.37328,0.378649,981,19,
4,583,Overall,Overall,30,12,30,-0.5,-0.209423,0.377709,990,19,
4,584,Overall,Overall,30,11,30,-2.0,-1.699715,0.400206,915,20,
4,585,Overall,Overall,30,16,30,1.5,1.009135,0.383089,1050,19,
4,586,Overall,Overall,30,17,30,1.0,1.008169,0.383038,1050,19,
4,587,Overall,Overall,30,20,30,1.5,1.735487,0.407201,1087,20,
4,588,Overall,Overall,30,10,30,-2.0,-1.864432,0.406569,907,20,
4,589,Overall,Overall,30,9,30,-1.5,-1.868855,0.418386,907,21,
4,590,Overall,Overall,30,17,30,0.0,0.376474,0.375496,1019,19,
4,591,Overall,Overall,30,20,30,1.0,1.249643,0.399952,1062,20,
4,592,Overall,Overall,30,14,30,0.0,-0.190337,0.374918,990,19,
4,593,Overall,Overall,30,20,30,1.0,1.969746,0.414313,1098,21,
4,594,Overall,Overall,30,17,30,0.5,0.716546,0.377246,1036,19,
4,595,Overall,Overall,30,24,30,1.5,2.476955,0.479443,1124,24,
4,596,Overall,Overall,30,18,30,0.5,1.023798,0.387367,1051,19,
4,597,Overall,Overall,30,20,30,2.0,1.652282,0.415171,1083,21,
4,598,Overall,Overall,30,20,30,2.0,1.771838,0.408292,1089,20,
4,599,Overall,Overall,30,8,30,-2.0,-2.101983,0.432858,895,22,
4,600,Overall,Overall,30,20,30,1.5,1.028654,0.394314,1051,20,
4,601,Overall,Overall,30,8,30,-2.0,-1.991,0.42934,900,21,
4,602,Overall,Overall,30,12,30,-1.0,-1.406994,0.39231,930,20,
4,603,Overall,Overall,30,5,30,-2.0,-2.654692,0.522067,867,26,
4,604,Overall,Overall,30,7,30,-2.0,-2.248719,0.452983,888,23,
4,605,Overall,Overall,30,9,30,-2.0,-1.900264,0.417455,905,21,
4,606,Overall,Overall,30,19,30,0.5,0.764952,0.383332,1038,19,
4,607,Overall,Overall,30,15,30,-0.5,-0.082781,0.371885,996,19,
4,608,Overall,Overall,30,9,30,-2.0,-1.956565,0.421291,902,21,
4,609,Overall,Overall,30,17,30,1.0,0.664902,0.378025,1033,19,
4,610,Overall,Overall,30,20,30,1.5,1.447591,0.399464,1072,20,
4,611,Overall,Overall,30,21,30,2.0,2.05001,0.423726,1103,21,
4,612,Overall,Overall,30,18,30,1.5,1.306269,0.389321,1065,19,
4,613,Overall,Overall,30,19,30,0.5,0.711151,0.383634,1036,19,
4,614,Overall,Overall,30,21,30,2.0,1.825504,0.425341,1091,21,
4,615,Overall,Overall,30,21,30,2.0,1.715339,0.422527,1086,21,
4,616,Overall,Overall,30,9,30,-2.0,-2.118182,0.41869,894,21,
4,617,Overall,Overall,30,21,30,2.0,1.793444,0.420157,1090,21,
4,618,Overall,Overall,30,21,30,1.5,1.635166,0.420501,1082,21,
4,619,Overall,Overall,30,21,30,0.0,0.768863,0.414098,1038,21,
4,620,Overall,Overall,30,22,30,1.5,2.048631,0.436909,1102,22,
4,621,Overall,Overall,30,20,30,2.0,1.562796,0.415042,1078,21,
4,622,Overall,Overall,30,13,30,-0.5,-0.455111,0.385088,977,19,
4,623,Overall,Overall,30,20,30,1.5,1.519405,0.402668,1076,20,
4,624,Overall,Overall,30,17,30,-0.5,-0.270866,0.380116,986,19,
4,625,Overall,Overall,30,12,30,-1.5,-1.307686,0.385961,935,19,
4,626,Overall,Overall,30,19,30,1.0,1.028264,0.387702,1051,19,
4,627,Overall,Overall,30,18,30,1.0,1.296167,0.39628,1065,20,
4,628,Overall,Overall,30,21,30,1.5,1.095271,0.413839,1055,21,
4,629,Overall,Overall,30,19,30,2.0,1.162688,0.391535,1058,20,
4,630,Overall,Overall,30,16,30,0.5,0.008874,0.373787,1000,19,
4,631,Overall,Overall,30,14,30,-1.0,-0.486094,0.372178,976,19,
4,632,Overall,Overall,30,11,30,-1.5,-1.600057,0.398376,920,20,
4,633,Overall,Overall,30,9,30,-1.5,-2.06209,0.422848,897,21,
4,634,Overall,Overall,30,15,30,0.0,0.365365,0.373365,1018,19,
4,635,Overall,Overall,30,14,30,-0.5,0.265036,0.378741,1013,19,
4,636,Overall,Overall,30,8,30,-2.0,-2.034726,0.431632,898,22,
4,637,Overall,Overall,30,13,30,0.5,0.163498,0.377082,1008,19,
4,638,Overall,Overall,30,17,30,0.5,0.123229,0.378605,1006,19,
4,639,Overall,Overall,30,10,30,-1.5,-1.406193,0.398383,930,20,
4,640,Overall,Overall,30,19,30,1.5,1.275308,0.393794,1064,20,
4,641,Overall,Overall,30,15,30,1.0,0.285458,0.375844,1014,19,
4,642,Overall,Overall,30,15,30,1.0,0.859643,0.385945,1043,19,
4,643,Overall,Overall,30,14,30,-0.5,-0.661021,0.375122,967,19,
4,644,Overall,Overall,30,17,30,0.5,0.312755,0.377996,1016,19,
4,645,Overall,Overall,30,15,30,-1.0,-0.496759,0.378793,975,19,
4,646,Overall,Overall,30,20,30,1.5,1.661462,0.412818,1083,21,
4,647,Overall,Overall,30,14,30,-1.0,-0.802667,0.379689,960,19,
4,648,Overall,Overall,30,14,30,0.5,0.082364,0.371744,1004,19,
4,649,Overall,Overall,30,14,30,-1.0,-1.013888,0.377402,949,19,
4,650,Overall,Overall,30,16,30,-0.5,-0.419444,0.379344,979,19,
4,651,Overall,Overall,30,17,30,0.5,0.333474,0.37536,1017,19,
4,652,Overall,Overall,30,15,30,0.0,0.101648,0.370418,1005,19,
4,653,Overall,Overall,30,9,30,-2.0,-2.069956,0.417098,897,21,
4,654,Overall,Overall,30,10,30,-1.5,-1.421214,0.398759,929,20,
4,655,Overall,Overall,30,16,30,1.0,0.981635,0.387015,1049,19,
4,656,Overall,Overall,30,21,30,2.0,1.942757,0.419012,1097,21,
4,657,Overall,Overall,30,21,30,2.0,1.704035,0.423127,1085,21,
4,658,Overall,Overall,30,8,30,-1.0,-1.165869,0.4292,942,21,
4,659,Overall,Overall,30,19,30,1.5,1.262021,0.408066,1063,20,
4,660,Overall,Overall,30,11,30,-1.0,-1.170611,0.39077,941,20,
4,661,Overall,Overall,30,21,30,2.0,1.723651,0.42208,1086,21,
4,662,Overall,Overall,30,21,30,1.0,1.473256,0.423573,1074,21,
4,663,Overall,Overall,30,7,30,-1.5,-2.064584,0.441901,897,22,
4,664,Overall,Overall,30,14,30,-0.5,-0.586414,0.387395,971,19,
4,665,Overall,Overall,30,17,30,1.0,0.844323,0.379873,1042,19,
4,666,Overall,Overall,30,15,30,1.5,0.91059,0.385782,1046,19,
4,667,Overall,Overall,30,10,30,-1.5,-1.638565,0.409436,918,20,
4,668,Overall,Overall,30,17,30,0.5,0.54944,0.375086,1027,19,
4,669,Overall,Overall,30,15,30,-1.0,-0.233782,0.377192,988,19,
4,670,Overall,Overall,30,10,30,-2.0,-1.73058,0.406853,913,20,
4,671,Overall,Overall,30,10,30,-1.5,-1.694256,0.407795,915,20,
4,672,Overall,Overall,30,11,30,-1.0,-1.160691,0.401514,942,20,
4,673,Overall,Overall,30,16,30,1.0,0.790359,0.373626,1040,19,
4,674,Overall,Overall,30,12,30,-1.0,-0.919513,0.388701,954,19,
4,675,Overall,Overall,30,13,30,-1.5,-1.186641,0.396955,941,20,
4,676,Overall,Overall,30,16,30,0.0,-0.489344,0.379933,976,19,
4,677,Overall,Overall,30,23,30,1.5,2.461134,0.455129,1123,23,
4,678,Overall,Overall,30,11,30,-2.0,-1.738601,0.399805,913,20,
4,679,Overall,Overall,30,8,30,-1.5,-1.566281,0.423416,922,21,
4,680,Overall,Overall,30,12,30,-1.5,-1.299035,0.390927,935,20,
4,681,Overall,Overall,30,19,30,1.5,0.785079,0.385923,1039,19,
4,682,Overall,Overall,30,12,30,-1.0,-1.079869,0.386316,946,19,
4,683,Overall,Overall,30,15,30,-0.5,-0.047641,0.381828,998,19,
4,684,Overall,Overall,30,10,30,-1.5,-1.70963,0.406639,915,20,
4,685,Overall,Overall,30,14,30,-0.5,-1.163055,0.382319,942,19,
4,686,Overall,Overall,30,16,30,0.5,0.689336,0.377289,1034,19,
4,687,Overall,Overall,30,21,30,1.5,1.611582,0.414029,1081,21,
4,688,Overall,Overall,30,12,30,-1.5,-1.469513,0.393191,927,20,
4,689,Overall,Overall,30,14,30,0.0,-0.372843,0.379992,981,19,
4,690,Overall,Overall,30,19,30,1.5,1.517445,0.391664,1076,20,
4,691,Overall,Overall,30,7,30,-2.0,-2.244108,0.450546,888,23,
4,692,Overall,Overall,30,9,30,-1.5,-1.619579,0.419369,919,21,
4,693,Overall,Overall,30,13,30,-1.5,-1.474732,0.389154,926,19,
4,694,Overall,Overall,30,18,30,1.0,1.113374,0.393651,1056,20,
4,695,Overall,Overall,30,7,30,-2.0,-2.331042,0.453208,883,23,
4,696,Overall,Overall,30,12,30,-0.5,-0.735912,0.384667,963,19,
4,697,Overall,Overall,30,17,30,0.5,0.386407,0.381185,1019,19,
4,698,Overall,Overall,30,17,30,0.5,0.625692,0.372204,1031,19,
4,699,Overall,Overall,30,14,30,0.0,-0.157131,0.376876,992,19,
4,700,Overall,Overall,30,20,30,1.5,1.736001,0.406744,1087,20,
4,701,Overall,Overall,30,18,30,0.5,0.846644,0.386102,1042,19,
4,702,Overall,Overall,30,7,30,-2.0,-2.171335,0.460411,891,23,
4,703,Overall,Overall,30,16,30,1.0,0.579038,0.376894,1029,19,
4,704,Overall,Overall,30,13,30,-2.0,-1.090322,0.378452,945,19,
4,705,Overall,Overall,30,15,30,-0.5,-0.658618,0.375966,967,19,
4,706,Overall,Overall,30,12,30,-0.5,-0.898495,0.383538,955,19,
4,707,Overall,Overall,30,10,30,-1.5,-1.904307,0.406154,905,20,
4,708,Overall,Overall,30,19,30,1.5,1.538617,0.394886,1077,20,
4,709,Overall,Overall,30,12,30,-1.5,-1.625493,0.395458,919,20,
4,710,Overall,Overall,30,15,30,1.0,0.54292,0.376713,1027,19,
4,711,Overall,Overall,30,18,30,0.5,0.739778,0.385076,1037,19,
4,712,Overall,Overall,30,12,30,-1.5,-1.240959,0.385911,938,19,
4,713,Overall,Overall,30,10,30,-1.5,-1.864432,0.406569,907,20,
4,714,Overall,Overall,30,18,30,2.0,1.230987,0.395254,1062,20,
4,715,Overall,Overall,30,20,30,1.5,1.43293,0.412067,1072,21,
4,716,Overall,Overall,30,14,30,0.0,0.536483,0.383582,1027,19,
4,717,Overall,Overall,30,23,30,2.0,2.46875,0.448444,1123,22,
4,718,Overall,Overall,30,12,30,-1.0,-0.409185,0.386297,980,19,
4,719,Overall,Overall,30,19,30,1.5,1.087327,0.39461,1054,20,
4,720,Overall,Overall,30,16,30,0.5,-0.419159,0.380098,979,19,
4,721,Overall,Overall,30,16,30,-1.0,-0.927448,0.387197,954,19,
4,722,Overall,Overall,30,10,30,-1.0,-1.85911,0.406787,907,20,
4,723,Overall,Overall,30,21,30,2.0,1.809105,0.414156,1090,21,
4,724,Overall,Overall,30,15,30,0.0,-0.15023,0.373295,992,19,
4,725,Overall,Overall,30,10,30,-1.5,-1.774312,0.404568,911,20,
4,726,Overall,Overall,30,9,30,-2.0,-1.594704,0.409281,920,20,
4,727,Overall,Overall,30,14,30,-1.5,-1.146924,0.382811,943,19,
4,728,Overall,Overall,30,12,30,-0.5,-0.163553,0.383673,992,19,
4,729,Overall,Overall,30,15,30,-1.0,-0.712784,0.379876,964,19,
4,730,Overall,Overall,30,21,30,2.0,1.914369,0.421207,1096,21,
4,731,Overall,Overall,30,10,30,-2.0,-1.578623,0.410626,921,21,
4,732,Overall,Overall,30,14,30,0.0,-0.65451,0.379426,967,19,
4,733,Overall,Overall,30,11,30,-1.5,-1.491996,0.397946,925,20,
4,734,Overall,Overall,30,8,30,-2.0,-1.8659,0.431568,907,22,
4,735,Overall,Overall,30,17,30,1.0,1.004345,0.38138,1050,19,
4,736,Overall,Overall,30,20,30,1.0,1.346806,0.400375,1067,20,
4,737,Overall,Overall,30,16,30,1.5,1.311618,0.385046,1066,19,
4,738,Overall,Overall,30,18,30,0.5,1.03522,0.38345,1052,19,
4,739,Overall,Overall,30,20,30,1.5,1.506886,0.408311,1075,20,
4,740,Overall,Overall,30,24,30,2.0,2.559568,0.483219,1128,24,
4,741,Overall,Overall,30,13,30,0.0,0.076076,0.376345,1004,19,
4,742,Overall,Overall,30,17,30,0.5,1.43188,0.384887,1072,19,
4,743,Overall,Overall,30,19,30,1.0,1.268079,0.4033,1063,20,
4,744,Overall,Overall,30,16,30,1.5,1.165853,0.390995,1058,20,
4,745,Overall,Overall,30,21,30,1.0,0.851926,0.40772,1043,20,
4,746,Overall,Overall,30,14,30,0.0,0.006019,0.372425,1000,19,
4,747,Overall,Overall,30,9,30,-2.0,-1.9899,0.420434,901,21,
4,748,Overall,Overall,30,19,30,1.0,0.947664,0.387573,1047,19,
4,749,Overall,Overall,30,19,30,2.0,1.553964,0.403193,1078,20,
4,750,Overall,Overall,30,16,30,0.5,0.504788,0.374405,1025,19,
4,751,Overall,Overall,30,20,30,1.0,1.539218,0.40811,1077,20,
4,752,Overall,Overall,30,22,30,2.0,2.091778,0.434449,1105,22,
4,753,Overall,Overall,30,13,30,-0.5,-0.779397,0.381954,961,19,
4,754,Overall,Overall,30,17,30,0.5,-0.310927,0.383682,984,19,
4,755,Overall,Overall,30,17,30,1.0,1.461844,0.387283,1073,19,
4,756,Overall,Overall,30,20,30,2.0,1.252173,0.400108,1063,20,
4,757,Overall,Overall,30,10,30,-2.0,-1.576732,0.405163,921,20,
4,758,Overall,Overall,30,15,30,-0.5,-0.937322,0.38417,953,19,
4,759,Overall,Overall,30,24,30,1.5,2.441282,0.469111,1122,23,
4,760,Overall,Overall,30,20,30,1.0,0.877536,0.39274,1044,20,
4,761,Overall,Overall,30,24,30,1.5,2.337878,0.47975,1117,24,
4,762,Overall,Overall,30,17,30,1.0,1.042883,0.38615,1052,19,
4,763,Overall,Overall,30,12,30,0.0,-0.575623,0.382142,971,19,
4,764,Overall,Overall,30,14,30,-1.5,-1.273101,0.38704,936,19,
4,765,Overall,Overall,30,17,30,1.0,0.368831,0.374069,1018,19,
4,766,Overall,Overall,30,14,30,0.0,0.107715,0.374906,1005,19,
4,767,Overall,Overall,30,16,30,0.0,-0.363877,0.37465,982,19,
4,768,Overall,Overall,30,13,30,-1.0,-0.613766,0.377005,969,19,
4,769,Overall,Overall,30,12,30,-1.0,-1.191123,0.392683,940,20,
4,770,Overall,Overall,30,11,30,-1.5,-1.687135,0.39915,916,20,
4,771,Overall,Overall,30,14,30,0.0,-0.95316,0.380646,952,19,
4,772,Overall,Overall,30,7,30,-2.0,-2.436648,0.450546,878,23,
4,773,Overall,Overall,30,22,30,2.0,2.213827,0.441171,1111,22,
4,774,Overall,Overall,30,18,30,1.0,0.55521,0.383772,1028,19,
4,775,Overall,Overall,30,14,30,-1.5,-0.983777,0.383473,951,19,
4,776,Overall,Overall,30,11,30,-1.5,-1.208121,0.39357,940,20,
4,777,Overall,Overall,30,12,30,-1.0,-1.447841,0.393165,928,20,
4,778,Overall,Overall,30,15,30,0.0,0.470938,0.383736,1024,19,
4,779,Overall,Overall,30,16,30,0.0,0.03707,0.375262,1002,19,
4,780,Overall,Overall,30,7,30,-2.0,-2.34978,0.452367,883,23,
4,781,Overall,Overall,30,12,30,-1.0,-1.378727,0.393436,931,20,
4,782,Overall,Overall,30,16,30,0.5,0.589335,0.371798,1029,19,
4,783,Overall,Overall,30,21,30,2.0,1.648937,0.420457,1082,21,
4,784,Overall,Overall,30,16,30,-1.0,-0.535669,0.376951,973,19,
4,785,Overall,Overall,30,7,30,-2.0,-2.335157,0.458217,883,23,
4,786,Overall,Overall,30,17,30,1.0,0.869468,0.381454,1043,19,
4,787,Overall,Overall,30,18,30,0.5,0.992592,0.386129,1050,19,
4,788,Overall,Overall,30,16,30,0.5,0.593041,0.381465,1030,19,
4,789,Overall,Overall,30,14,30,0.5,0.188771,0.37275,1009,19,
4,790,Overall,Overall,30,17,30,0.0,-0.413631,0.38342,979,19,
4,791,Overall,Overall,30,12,30,-1.0,-1.253098,0.38934,937,19,
4,792,Overall,Overall,30,17,30,1.0,0.531879,0.374094,1027,19,
4,793,Overall,Overall,30,12,30,0.0,-0.090886,0.381267,995,19,
4,794,Overall,Overall,30,26,30,2.0,2.917839,0.574506,1146,29,
4,795,Overall,Overall,30,8,30,-2.0,-2.169192,0.432254,892,22,
4,796,Overall,Overall,30,21,30,2.0,1.661046,0.419475,1083,21,
4,797,Overall,Overall,30,13,30,-1.0,-1.24738,0.389155,938,19,
4,798,Overall,Overall,30,9,30,-2.0,-1.927617,0.416599,904,21,
4,799,Overall,Overall,30,17,30,0.5,0.511874,0.375427,1026,19,
4,800,Overall,Overall,30,13,30,0.5,-0.056451,0.376926,997,19,
4,801,Overall,Overall,30,13,30,0.0,0.109974,0.377967,1005,19,
4,802,Overall,Overall,30,12,30,0.0,-0.26206,0.382043,987,19,
4,803,Overall,Overall,30,15,30,0.0,0.379518,0.377739,1019,19,
4,804,Overall,Overall,30,21,30,2.0,2.012881,0.424593,1101,21,
4,805,Overall,Overall,30,20,30,1.0,1.387493,0.401564,1069,20,
4,806,Overall,Overall,30,10,30,-2.0,-1.986241,0.406745,901,20,
4,807,Overall,Overall,30,14,30,-1.0,-0.782063,0.375745,961,19,
4,808,Overall,Overall,30,8,30,-2.0,-1.543789,0.424494,923,21,
4,809,Overall,Overall,30,18,30,-0.5,-0.281359,0.388035,986,19,
4,810,Overall,Overall,30,19,30,0.5,0.809008,0.38424,1040,19,
4,811,Overall,Overall,30,18,30,0.5,1.136251,0.386329,1057,19,
4,812,Overall,Overall,30,18,30,1.5,1.356262,0.388779,1068,19,
4,813,Overall,Overall,30,22,30,2.0,1.935716,0.434469,1097,22,
4,814,Overall,Overall,30,21,30,2.0,1.685395,0.417544,1084,21,
4,815,Overall,Overall,30,23,30,2.0,1.698024,0.441825,1085,22,
4,816,Overall,Overall,30,13,30,-1.5,-1.51542,0.388533,924,19,
4,817,Overall,Overall,30,15,30,-0.5,-0.787663,0.384651,961,19,
4,818,Overall,Overall,30,14,30,-0.5,-0.892428,0.389245,955,19,
4,819,Overall,Overall,30,20,30,1.5,1.546769,0.40567,1077,20,
4,820,Overall,Overall,30,14,30,-1.0,-1.039495,0.383027,948,19,
4,821,Overall,Overall,30,11,30,-0.5,-0.89812,0.393843,955,20,
4,822,Overall,Overall,30,20,30,1.5,1.90416,0.403173,1095,20,
4,823,Overall,Overall,30,18,30,0.5,0.874385,0.384591,1044,19,
4,824,Overall,Overall,30,13,30,-1.0,-1.111114,0.378147,944,19,
4,825,Overall,Overall,30,22,30,2.0,2.117206,0.441347,1106,22,
4,826,Overall,Overall,30,22,30,2.0,1.914657,0.430822,1096,22,
4,827,Overall,Overall,30,17,30,0.0,-0.14589,0.37649,993,19,
4,828,Overall,Overall,30,14,30,-0.5,-0.685155,0.381267,966,19,
4,829,Overall,Overall,30,12,30,-1.0,-0.46203,0.391954,977,20,
4,830,Overall,Overall,30,24,30,2.0,2.601748,0.476428,1130,24,
4,831,Overall,Overall,30,14,30,0.5,0.32657,0.375852,1016,19,
4,832,Overall,Overall,30,13,30,-0.5,-0.595814,0.376185,970,19,
4,833,Overall,Overall,30,14,30,0.5,0.94534,0.38288,1047,19,
4,834,Overall,Overall,30,18,30,1.0,0.631031,0.381063,1032,19,
4,835,Overall,Overall,30,23,30,2.0,2.29487,0.450306,1115,23,
4,836,Overall,Overall,30,16,30,-1.0,-0.357286,0.376932,982,19,
4,837,Overall,Overall,30,21,30,1.5,1.679477,0.416935,1084,21,
4,838,Overall,Overall,30,8,30,-1.5,-2.071321,0.427928,896,21,
4,839,Overall,Overall,30,20,30,2.0,1.341059,0.39865,1067,20,
4,840,Overall,Overall,30,18,30,1.5,1.545538,0.390283,1077,20,
4,841,Overall,Overall,30,14,30,-0.5,-0.189555,0.375513,991,19,
4,842,Overall,Overall,30,7,30,-1.5,-2.347787,0.450722,883,23,
4,843,Overall,Overall,30,13,30,-0.5,-0.796705,0.378112,960,19,
4,844,Overall,Overall,30,21,30,2.0,1.805436,0.420099,1090,21,
4,845,Overall,Overall,30,13,30,0.0,0.208199,0.375982,1010,19,
4,846,Overall,Overall,30,18,30,0.5,0.716547,0.380656,1036,19,
4,847,Overall,Overall,30,12,30,-1.5,-1.424674,0.393059,929,20,
4,848,Overall,Overall,30,15,30,-0.5,-0.454617,0.37554,977,19,
4,849,Overall,Overall,30,23,30,1.5,1.832328,0.455665,1092,23,
4,850,Overall,Overall,30,18,30,1.5,1.313827,0.389138,1066,19,
4,851,Overall,Overall,30,18,30,1.0,1.211679,0.393652,1061,20,
4,852,Overall,Overall,30,17,30,1.0,0.152024,0.378332,1008,19,
4,853,Overall,Overall,30,15,30,0.5,0.111948,0.372151,1006,19,
4,854,Overall,Overall,30,10,30,-0.5,-0.877788,0.410605,956,21,
4,855,Overall,Overall,30,16,30,-0.5,-0.857193,0.387293,957,19,
4,856,Overall,Overall,30,16,30,1.0,0.582664,0.377323,1029,19,
4,857,Overall,Overall,30,16,30,0.0,0.181303,0.383801,1009,19,
4,858,Overall,Overall,30,15,30,-0.5,-0.689787,0.380076,966,19,
4,859,Overall,Overall,30,11,30,-1.5,-1.809699,0.399603,910,20,
4,860,Overall,Overall,30,9,30,-0.5,-0.572901,0.408075,971,20,
4,861,Overall,Overall,30,16,30,0.5,1.087439,0.382551,1054,19,
4,862,Overall,Overall,30,16,30,-0.5,0.093562,0.375314,1005,19,
4,863,Overall,Overall,30,15,30,0.5,0.372158,0.370632,1019,19,
4,864,Overall,Overall,30,16,30,0.0,-0.202994,0.377824,990,19,
4,865,Overall,Overall,30,7,30,-2.0,-2.273679,0.449372,886,22,
4,866,Overall,Overall,30,12,30,-1.5,-1.35545,0.388432,932,19,
4,867,Overall,Overall,30,18,30,0.0,0.587977,0.38167,1029,19,
4,868,Overall,Overall,30,14,30,0.5,0.16235,0.373271,1008,19,
4,869,Overall,Overall,30,21,30,1.5,1.817649,0.419941,1091,21,
4,870,Overall,Overall,30,18,30,0.0,0.586015,0.380695,1029,19,
4,871,Overall,Overall,30,12,30,-1.5,-1.345733,0.388638,933,19,
4,872,Overall,Overall,30,12,30,-1.0,-1.327711,0.388537,934,19,
4,873,Overall,Overall,30,17,30,1.0,0.621493,0.383328,1031,19,
4,874,Overall,Overall,30,8,30,-1.0,-1.513587,0.433763,924,22,
4,875,Overall,Overall,30,16,30,1.0,0.884361,0.389815,1044,19,
4,876,Overall,Overall,30,11,30,-2.0,-1.417606,0.39302,929,20,
4,877,Overall,Overall,30,13,30,1.0,0.155538,0.378034,1008,19,
4,878,Overall,Overall,30,12,30,-0.5,-0.463485,0.382,977,19,
4,879,Overall,Overall,30,12,30,-0.5,-0.68236,0.380216,966,19,
4,880,Overall,Overall,30,13,30,0.5,0.404385,0.386376,1020,19,
4,881,Overall,Overall,30,16,30,1.0,1.0203,0.393106,1051,20,
4,882,Overall,Overall,30,18,30,1.5,1.121422,0.389476,1056,19,
4,883,Overall,Overall,30,12,30,-1.5,-1.178467,0.382371,941,19,
4,884,Overall,Overall,30,17,30,-0.5,-0.886841,0.393325,956,20,
4,885,Overall,Overall,30,12,30,-1.0,-1.475283,0.397752,926,20,
4,886,Overall,Overall,30,6,30,-1.5,-2.285498,0.476175,886,24,
4,887,Overall,Overall,30,12,30,-1.0,-1.053882,0.385397,947,19,
4,888,Overall,Overall,30,21,30,2.0,2.006516,0.414655,1100,21,
4,889,Overall,Overall,30,15,30,-0.5,-0.901926,0.3837,955,19,
4,890,Overall,Overall,30,22,30,2.0,1.784619,0.430968,1089,22,
4,891,Overall,Overall,30,11,30,-0.5,-0.405769,0.385342,980,19,
4,892,Overall,Overall,30,18,30,1.5,1.132643,0.39331,1057,20,
4,893,Overall,Overall,30,18,30,1.0,1.01449,0.387721,1051,19,
4,894,Overall,Overall,30,15,30,1.0,0.964485,0.387648,1048,19,
4,895,Overall,Overall,30,20,30,1.5,1.001742,0.392118,1050,20,
4,896,Overall,Overall,30,22,30,2.0,2.189759,0.43887,1109,22,
4,897,Overall,Overall,30,17,30,0.0,0.321314,0.383063,1016,19,
4,898,Overall,Overall,30,15,30,-1.0,-1.003596,0.38514,950,19,
4,899,Overall,Overall,30,9,30,-2.0,-1.623983,0.407662,919,20,
4,900,Overall,Overall,30,14,30,1.0,0.412074,0.379363,1021,19,
